episode_id,timestep,occlusion_flag,occlusion_strength,history_size,cog_alpha_mean,cog_alpha_std,per_alpha_mean,per_alpha_std
0,0,False,0.0,0,0.7310469150543213,0.16750849783420563,0.5025975108146667,0.003603322198614478
0,1,False,0.0,1,0.8091419339179993,0.2473396211862564,0.5071070194244385,0.014767462387681007
0,2,False,0.0,1,0.8084949254989624,0.2479911595582962,0.5071524381637573,0.014690314419567585
0,3,False,0.0,1,0.8105976581573486,0.24630391597747803,0.5074126720428467,0.014512604102492332
0,4,False,0.0,1,0.8133001327514648,0.24487844109535217,0.5076018571853638,0.014497354626655579
0,5,False,0.0,1,0.8138481378555298,0.24488641321659088,0.5079228281974792,0.014568192884325981
0,6,False,0.0,1,0.8127799034118652,0.2454538494348526,0.5084997415542603,0.014736132696270943
0,7,False,0.0,1,0.8117659687995911,0.24619445204734802,0.5085494518280029,0.014864384196698666
0,8,False,0.0,1,0.8117203712463379,0.24646307528018951,0.509017288684845,0.014506891369819641
0,9,False,0.0,1,0.8105956315994263,0.24763569235801697,0.5084771513938904,0.014249240048229694
0,10,False,0.0,1,0.809134840965271,0.24840565025806427,0.5082316398620605,0.013980157673358917
0,11,False,0.0,1,0.8073927164077759,0.2493704855442047,0.508414626121521,0.013820953667163849
0,12,False,0.0,1,0.8057181239128113,0.2505216598510742,0.5088638067245483,0.01368747092783451
0,13,False,0.0,1,0.8028842210769653,0.25202882289886475,0.5095715522766113,0.01355111226439476
0,14,False,0.0,1,0.8005707263946533,0.2538214325904846,0.5102716684341431,0.013508000411093235
0,15,False,0.0,1,0.7974289059638977,0.2559811472892761,0.5101901292800903,0.013461961410939693
0,16,False,0.0,1,0.7953370809555054,0.2581948935985565,0.5093531608581543,0.013678312301635742
0,17,False,0.0,1,0.7931103706359863,0.26050975918769836,0.5094482898712158,0.013802038505673409
0,18,False,0.0,1,0.790696382522583,0.2624788284301758,0.5092616081237793,0.013900863006711006
0,19,False,0.0,1,0.7893235087394714,0.26463571190834045,0.5093684792518616,0.013921834528446198
0,20,False,0.0,1,0.7880947589874268,0.26712045073509216,0.5096806883811951,0.013893650844693184
0,21,False,0.0,1,0.7869419455528259,0.268743634223938,0.5094249844551086,0.0140579454600811
0,22,False,0.0,1,0.785462498664856,0.2703961431980133,0.5097713470458984,0.014085603877902031
0,23,False,0.0,1,0.7841115593910217,0.27253642678260803,0.5102216005325317,0.014130844734609127
0,24,False,0.0,1,0.7825668454170227,0.27307483553886414,0.5097187757492065,0.014306225813925266
0,25,False,0.0,1,0.7812603116035461,0.27322936058044434,0.5098060965538025,0.014335899613797665
0,26,False,0.0,1,0.7799627780914307,0.27359336614608765,0.5099731683731079,0.014401421882212162
0,27,False,0.0,1,0.7788978815078735,0.2737182676792145,0.5095783472061157,0.014476204290986061
0,28,False,0.0,1,0.7781676054000854,0.27365052700042725,0.509240448474884,0.014526368118822575
0,29,False,0.0,1,0.7777466773986816,0.2731793522834778,0.5088727474212646,0.014536227099597454
0,30,False,0.0,1,0.776817798614502,0.2726413607597351,0.508586049079895,0.014500662684440613
0,31,False,0.0,1,0.7756332159042358,0.2730354070663452,0.508146345615387,0.01444990187883377
0,32,False,0.0,1,0.7751938104629517,0.2733367681503296,0.5076642036437988,0.014724547043442726
0,33,False,0.0,1,0.7748826742172241,0.2725718021392822,0.5077627897262573,0.014854189939796925
0,34,False,0.0,1,0.7751860618591309,0.2722296118736267,0.5076472759246826,0.01488109864294529
0,35,False,0.0,1,0.7755186557769775,0.2719426155090332,0.5073918104171753,0.014845168218016624
0,36,False,0.0,1,0.775801420211792,0.27259597182273865,0.5071450471878052,0.014790278859436512
0,37,False,0.0,1,0.7760310769081116,0.27309954166412354,0.5068751573562622,0.014661187306046486
0,38,False,0.0,1,0.7762788534164429,0.2741900086402893,0.5067873001098633,0.01457834430038929
0,39,False,0.0,1,0.7770675420761108,0.27433282136917114,0.5068672895431519,0.014502040110528469
0,40,False,0.0,1,0.7784193754196167,0.27429938316345215,0.5058601498603821,0.014938075095415115
0,41,False,0.0,1,0.7797086238861084,0.2737584114074707,0.5058246850967407,0.014956572093069553
0,42,False,0.0,1,0.7809184789657593,0.2723718285560608,0.5059123039245605,0.014916772954165936
0,43,False,0.0,1,0.7823653221130371,0.27099478244781494,0.5058994889259338,0.014911718666553497
0,44,False,0.0,1,0.7830773591995239,0.2703116238117218,0.5058441162109375,0.014812653884291649
0,45,False,0.0,1,0.7836816906929016,0.269244909286499,0.505940318107605,0.014783822000026703
0,46,False,0.0,1,0.7841607928276062,0.26812487840652466,0.5059772729873657,0.014833260327577591
0,47,False,0.0,1,0.785134494304657,0.2671028673648834,0.5059632062911987,0.014896987937390804
0,48,False,0.0,1,0.7853909134864807,0.26652586460113525,0.5042899250984192,0.015729453414678574
0,49,False,0.0,1,0.7858065366744995,0.2662203013896942,0.5042608976364136,0.01582309603691101
0,50,False,0.0,1,0.7861374616622925,0.26556506752967834,0.5045018196105957,0.015811167657375336
0,51,False,0.0,1,0.7875981330871582,0.2641429305076599,0.5049492716789246,0.015792954713106155
0,52,False,0.0,1,0.7884806394577026,0.2624410390853882,0.5053359866142273,0.015695221722126007
0,53,False,0.0,1,0.7899231314659119,0.2612763047218323,0.5060681104660034,0.01558055728673935
0,54,False,0.0,1,0.7910125851631165,0.2600803077220917,0.5069857239723206,0.015447024255990982
0,55,False,0.0,1,0.7914415597915649,0.25918054580688477,0.5075139403343201,0.015363485552370548
0,56,False,0.0,1,0.791671872138977,0.25837716460227966,0.5068871974945068,0.016067393124103546
0,57,False,0.0,1,0.7921490669250488,0.2576899528503418,0.5067110061645508,0.016108065843582153
0,58,False,0.0,1,0.7925724983215332,0.2576634883880615,0.5063542723655701,0.016164423897862434
0,59,False,0.0,1,0.7923597097396851,0.258288711309433,0.5064303874969482,0.016170024871826172
0,60,False,0.0,1,0.7914799451828003,0.2594703435897827,0.5065093040466309,0.016150202602148056
0,61,False,0.0,1,0.7901890277862549,0.2609713077545166,0.5064419507980347,0.01623551920056343
0,62,False,0.0,1,0.7853286862373352,0.2641522288322449,0.5065714716911316,0.016400165855884552
0,63,False,0.0,1,0.7800450325012207,0.2671752870082855,0.5066502094268799,0.016553759574890137
0,64,False,0.0,1,0.7749656438827515,0.270575612783432,0.5060979723930359,0.017335200682282448
0,65,False,0.0,1,0.7714356184005737,0.27401959896087646,0.5062147378921509,0.017409158870577812
0,66,False,0.0,1,0.7710846662521362,0.27510952949523926,0.5064941644668579,0.017278963699936867
0,67,False,0.0,1,0.7709499597549438,0.27605608105659485,0.5064840912818909,0.01730896346271038
0,68,False,0.0,1,0.7708519697189331,0.27656543254852295,0.5059475898742676,0.017090527340769768
0,69,False,0.0,1,0.7702770829200745,0.27706918120384216,0.5063439607620239,0.016944993287324905
0,70,False,0.0,1,0.7702648043632507,0.2759018540382385,0.5066249370574951,0.016815615817904472
0,71,False,0.0,1,0.7717970609664917,0.2712562382221222,0.5058505535125732,0.016757873818278313
0,72,False,0.0,1,0.7752389907836914,0.26724177598953247,0.5049149990081787,0.017339549958705902
0,73,False,0.0,1,0.775227963924408,0.26739153265953064,0.5049374103546143,0.017315862700343132
0,74,False,0.0,1,0.7753455638885498,0.26689407229423523,0.5048613548278809,0.01728273555636406
0,75,False,0.0,1,0.7736637592315674,0.26643794775009155,0.5048911571502686,0.017267681658267975
0,76,False,0.0,1,0.7718536257743835,0.265958309173584,0.5049001574516296,0.01727111265063286
0,77,False,0.0,1,0.7708828449249268,0.2656673491001129,0.5048856139183044,0.01726875640451908
0,78,False,0.0,1,0.770121157169342,0.2654224634170532,0.5048909783363342,0.017273856326937675
0,79,False,0.0,1,0.7694090604782104,0.2648186683654785,0.5049555897712708,0.017281511798501015
0,80,False,0.0,1,0.7551152110099792,0.25579968094825745,0.5051941275596619,0.017571279779076576
0,81,False,0.0,1,0.756832480430603,0.2552156150341034,0.5056926012039185,0.017491038888692856
0,82,False,0.0,1,0.7703591585159302,0.2601097524166107,0.5060248970985413,0.017392748966813087
0,83,False,0.0,1,0.7784313559532166,0.2619246542453766,0.5063865184783936,0.017311882227659225
0,84,False,0.0,1,0.7826835513114929,0.26392480731010437,0.5064488649368286,0.017293816432356834
0,85,False,0.0,1,0.7851598262786865,0.26444464921951294,0.5064569711685181,0.01724966987967491
0,86,False,0.0,1,0.7863142490386963,0.26407793164253235,0.5067042112350464,0.017366677522659302
0,87,False,0.0,1,0.7863872051239014,0.26380664110183716,0.5067909955978394,0.01745782233774662
0,88,False,0.0,1,0.7854970097541809,0.26411986351013184,0.507387101650238,0.017728859558701515
0,89,False,0.0,1,0.7853430509567261,0.2645263373851776,0.507577657699585,0.017778055742383003
0,90,False,0.0,1,0.784494936466217,0.26460233330726624,0.5076919198036194,0.01780623011291027
0,91,False,0.0,1,0.784296989440918,0.26474931836128235,0.5077941417694092,0.017822671681642532
1,0,False,0.0,0,0.7502374649047852,0.18098559975624084,0.5019828081130981,0.004422098398208618
1,1,False,0.0,1,0.8112648725509644,0.24865014851093292,0.5074302554130554,0.01799764484167099
1,2,False,0.0,1,0.8112568855285645,0.24863484501838684,0.507440984249115,0.018005184829235077
1,3,False,0.0,1,0.8113852739334106,0.2487088441848755,0.5074485540390015,0.017995407804846764
1,4,False,0.0,1,0.8115235567092896,0.2481648474931717,0.5078468322753906,0.018111534416675568
1,5,False,0.0,1,0.8117033243179321,0.24814121425151825,0.5081071853637695,0.018037408590316772
1,6,False,0.0,1,0.8107230067253113,0.24915213882923126,0.5082955956459045,0.018079906702041626
1,7,False,0.0,1,0.8097811937332153,0.25022321939468384,0.5085119009017944,0.01811671257019043
1,8,False,0.0,1,0.8087086081504822,0.25136539340019226,0.5085787773132324,0.01816435158252716
1,9,False,0.0,1,0.8074820041656494,0.2523738741874695,0.5086848735809326,0.01818346418440342
1,10,False,0.0,1,0.8067688345909119,0.2528359591960907,0.5088882446289062,0.018105745315551758
1,11,False,0.0,1,0.8063077330589294,0.25325626134872437,0.508791446685791,0.018031591549515724
1,12,False,0.0,1,0.8061625361442566,0.253434956073761,0.5097164511680603,0.017984790727496147
1,13,False,0.0,1,0.8061180114746094,0.25439170002937317,0.50965815782547,0.018030622974038124
1,14,False,0.0,1,0.8053961992263794,0.25545206665992737,0.5095689296722412,0.01797553151845932
1,15,False,0.0,1,0.8049782514572144,0.25657686591148376,0.5092369318008423,0.01779184676706791
1,16,False,0.0,1,0.8047354817390442,0.258149653673172,0.5090097188949585,0.017694493755698204
1,17,False,0.0,1,0.8041762113571167,0.25927284359931946,0.5088871717453003,0.017770538106560707
1,18,False,0.0,1,0.8030268549919128,0.26032555103302,0.5087447166442871,0.017910314723849297
1,19,False,0.0,1,0.8008731007575989,0.26179906725883484,0.5084835886955261,0.018031153827905655
1,20,False,0.0,1,0.7991653084754944,0.26380231976509094,0.5094517469406128,0.01800488866865635
1,21,False,0.0,1,0.7972005605697632,0.26516222953796387,0.5098630785942078,0.017911633476614952
1,22,False,0.0,1,0.7953909635543823,0.2670303285121918,0.509428858757019,0.017988545820116997
1,23,False,0.0,1,0.7944239377975464,0.2675088346004486,0.5090612173080444,0.018060117959976196
1,24,False,0.0,1,0.7934216260910034,0.26799947023391724,0.5089079141616821,0.018221698701381683
1,25,False,0.0,1,0.7920255661010742,0.26864945888519287,0.509400486946106,0.018193881958723068
1,26,False,0.0,1,0.7901148796081543,0.2706255614757538,0.5093269348144531,0.018270425498485565
1,27,False,0.0,1,0.7881816029548645,0.2720891237258911,0.5093603134155273,0.01828927733004093
1,28,False,0.0,1,0.7868474721908569,0.27311521768569946,0.5105692148208618,0.018126774579286575
1,29,False,0.0,1,0.7862443923950195,0.273710161447525,0.5109601020812988,0.017986347898840904
1,30,False,0.0,1,0.7858164310455322,0.2741405665874481,0.5107578039169312,0.017940161749720573
1,31,False,0.0,1,0.7850404977798462,0.274836927652359,0.5106039047241211,0.017874078825116158
1,32,True,0.009433962404727936,1,0.7848714590072632,0.2741764485836029,0.5106130838394165,0.018052684143185616
1,33,True,0.056603774428367615,1,0.7945117354393005,0.2624828815460205,0.5110352039337158,0.018176279962062836
1,34,True,0.1037735864520073,1,0.7929263114929199,0.26194554567337036,0.5114809274673462,0.01798298954963684
1,35,True,0.15094339847564697,1,0.7860417366027832,0.2530781328678131,0.5118955373764038,0.017823826521635056
1,36,True,0.19811320304870605,1,0.742035984992981,0.21096378564834595,0.5132145881652832,0.017596585676074028
1,37,True,0.24528302252292633,1,0.6975769996643066,0.1680767685174942,0.5134531259536743,0.01775619015097618
1,38,True,0.2924528419971466,1,0.7932980060577393,0.2581532299518585,0.5132737755775452,0.017581745982170105
1,39,True,0.3396226465702057,1,0.7895908355712891,0.2509346306324005,0.513852596282959,0.017581749707460403
1,40,True,0.38679245114326477,1,0.7466055154800415,0.20008938014507294,0.5145810842514038,0.017597202211618423
1,41,True,0.43396225571632385,1,0.6996941566467285,0.15628640353679657,0.5145929455757141,0.017712196335196495
1,42,True,0.4811320900917053,1,0.454453706741333,0.14387249946594238,0.514258861541748,0.01771148107945919
1,43,True,0.5283018946647644,1,0.46709227561950684,0.13784894347190857,0.5138767957687378,0.017642706632614136
1,44,True,0.5754716992378235,1,0.7923958897590637,0.24555771052837372,0.5153166055679321,0.017793111503124237
1,45,True,0.6226415038108826,1,0.7929763793945312,0.24724391102790833,0.5156168937683105,0.017806975170969963
1,46,True,0.6698113083839417,1,0.7930523753166199,0.24312077462673187,0.5159139633178711,0.017826253548264503
1,47,True,0.7169811129570007,1,0.7942920923233032,0.24632875621318817,0.5163456201553345,0.01771838217973709
1,48,True,0.7641509175300598,1,0.7946064472198486,0.25204312801361084,0.5156798362731934,0.017625026404857635
1,49,True,0.8113207817077637,1,0.7929667234420776,0.24678246676921844,0.5163974761962891,0.017587080597877502
1,50,True,0.8584905862808228,1,0.7961792945861816,0.24035398662090302,0.5163688659667969,0.017327697947621346
1,51,True,0.9056603908538818,1,0.7956979870796204,0.22187665104866028,0.5172874927520752,0.01738864928483963
1,52,True,0.9528301954269409,1,0.7993073463439941,0.23156246542930603,0.5181554555892944,0.017255889251828194
1,53,True,1.0,1,0.736159086227417,0.15527358651161194,0.5191574096679688,0.01715649478137493
1,54,True,1.0,1,0.565126895904541,0.10306236147880554,0.5186550617218018,0.017061816528439522
1,55,True,1.0,1,0.4862208366394043,0.1443318873643875,0.5183804035186768,0.017016323283314705
1,56,True,1.0,1,0.45854127407073975,0.1614585518836975,0.5182247161865234,0.016989899799227715
1,57,True,1.0,1,0.44792330265045166,0.16808737814426422,0.5181570649147034,0.016974015161395073
1,58,True,1.0,1,0.44138288497924805,0.17214661836624146,0.5181456804275513,0.016972146928310394
1,59,True,1.0,1,0.4395928382873535,0.1732609122991562,0.5181330442428589,0.01697136089205742
1,60,True,1.0,1,0.8009580373764038,0.2434753179550171,0.5190111994743347,0.016931336373090744
1,61,True,1.0,1,0.8001537322998047,0.24445360898971558,0.5190068483352661,0.01692178100347519
1,62,True,1.0,1,0.7997575998306274,0.2449851781129837,0.5190128087997437,0.01691456139087677
1,63,True,1.0,1,0.7995297908782959,0.2452593296766281,0.5190140008926392,0.016910016536712646
1,64,True,1.0,1,0.7994663715362549,0.24539150297641754,0.5190163850784302,0.016909673810005188
1,65,True,1.0,1,0.7994308471679688,0.2454501837491989,0.5190097093582153,0.01690940000116825
1,66,True,1.0,1,0.7994052171707153,0.24544864892959595,0.5190095901489258,0.016909250989556313
1,67,True,1.0,1,0.7993909120559692,0.24545538425445557,0.5190141201019287,0.01690957508981228
1,68,True,1.0,1,0.7982983589172363,0.25440800189971924,0.5194300413131714,0.016910359263420105
1,69,True,1.0,1,0.797879695892334,0.25465860962867737,0.5194289088249207,0.01690411940217018
1,70,True,1.0,1,0.7976832389831543,0.2548021078109741,0.5194156169891357,0.016903366893529892
1,71,True,1.0,1,0.7975822687149048,0.2548842132091522,0.5194027423858643,0.01689848303794861
1,72,True,1.0,1,0.7975274324417114,0.2549149990081787,0.5194026231765747,0.01689988188445568
1,73,True,1.0,1,0.7974965572357178,0.2549511194229126,0.5194170475006104,0.016901588067412376
1,74,True,1.0,1,0.797481894493103,0.2549610435962677,0.5194182395935059,0.01689913496375084
1,75,True,1.0,1,0.7974820137023926,0.25495681166648865,0.5194152593612671,0.016899656504392624
1,76,True,1.0,1,0.7968050241470337,0.25728240609169006,0.5195614695549011,0.016873810440301895
1,77,True,1.0,1,0.7965372204780579,0.25745001435279846,0.5195102691650391,0.01687079295516014
1,78,True,1.0,1,0.7963927984237671,0.2575143277645111,0.5194889307022095,0.01686759665608406
1,79,True,1.0,1,0.7963403463363647,0.25755828619003296,0.5194801092147827,0.01686600223183632
1,80,False,0.0,1,0.7846003770828247,0.2704237699508667,0.5172054171562195,0.01670125313103199
1,81,False,0.0,1,0.7839395999908447,0.26988574862480164,0.5174999237060547,0.016947755590081215
1,82,False,0.0,1,0.7811396718025208,0.2700323462486267,0.5171987414360046,0.017068613320589066
1,83,False,0.0,1,0.7773077487945557,0.2706016004085541,0.5171881914138794,0.01716034673154354
1,84,False,0.0,1,0.775788426399231,0.27167874574661255,0.5176372528076172,0.0170812476426363
1,85,False,0.0,1,0.774546205997467,0.2723793089389801,0.5177074074745178,0.017149364575743675
1,86,False,0.0,1,0.7745994329452515,0.2723599374294281,0.5175033807754517,0.017163315787911415
1,87,False,0.0,1,0.7753537893295288,0.2721525728702545,0.5173341035842896,0.017191898077726364
1,88,False,0.0,1,0.7756016254425049,0.27177882194519043,0.5174845457077026,0.017163796350359917
1,89,False,0.0,1,0.7753176689147949,0.27155017852783203,0.5174325704574585,0.017095638439059258
1,90,False,0.0,1,0.7763552665710449,0.27081888914108276,0.5174416303634644,0.017095932736992836
1,91,False,0.0,1,0.7779757976531982,0.27033016085624695,0.5172406435012817,0.017130473628640175
1,92,False,0.0,1,0.7794896960258484,0.26980486512184143,0.5171307325363159,0.01703963428735733
1,93,False,0.0,1,0.7801332473754883,0.27037498354911804,0.5172886252403259,0.017039204016327858
1,94,False,0.0,1,0.7809432744979858,0.270725280046463,0.5172098278999329,0.016931207850575447
1,95,False,0.0,1,0.7824242115020752,0.2697017788887024,0.5173854827880859,0.016894642263650894
1,96,False,0.0,1,0.7836081981658936,0.2689984142780304,0.517517626285553,0.016867095604538918
1,97,False,0.0,1,0.7845721244812012,0.2686110734939575,0.5174721479415894,0.016829222440719604
1,98,False,0.0,1,0.7859300374984741,0.2673276662826538,0.5174671411514282,0.016896547749638557
1,99,False,0.0,1,0.7866025567054749,0.2668478488922119,0.5176538825035095,0.01691013015806675
1,100,False,0.0,1,0.7875912189483643,0.26658615469932556,0.517768919467926,0.016880623996257782
1,101,False,0.0,1,0.788154125213623,0.26652154326438904,0.5177071690559387,0.016774090006947517
1,102,False,0.0,1,0.7881220579147339,0.26610538363456726,0.5174121856689453,0.016703477129340172
1,103,False,0.0,1,0.7881574630737305,0.26561814546585083,0.517240047454834,0.01665809005498886
1,104,False,0.0,1,0.7884533405303955,0.2652321457862854,0.5171760320663452,0.01662423461675644
1,105,False,0.0,1,0.7890515327453613,0.2650272846221924,0.5173776149749756,0.016630936414003372
1,106,False,0.0,1,0.7894593477249146,0.2645021378993988,0.5173128843307495,0.01661613956093788
2,0,False,0.0,0,0.7371368408203125,0.16697600483894348,0.504655122756958,0.0053484453819692135
2,1,False,0.0,1,0.8246383666992188,0.23008745908737183,0.5177196860313416,0.01766391098499298
2,2,False,0.0,1,0.8259140849113464,0.23048196732997894,0.5181049108505249,0.01765408180654049
2,3,False,0.0,1,0.8252674341201782,0.23339633643627167,0.518207311630249,0.017543001100420952
2,4,False,0.0,1,0.8234446048736572,0.23669187724590302,0.5184566974639893,0.017532536759972572
2,5,False,0.0,1,0.821375846862793,0.2400503009557724,0.5182808637619019,0.017441917210817337
2,6,False,0.0,1,0.8196916580200195,0.2423892766237259,0.5180572271347046,0.017349347472190857
2,7,False,0.0,1,0.8184183835983276,0.24378366768360138,0.5179572105407715,0.017229804769158363
2,8,False,0.0,1,0.8173011541366577,0.24479925632476807,0.5178489089012146,0.017259178683161736
2,9,False,0.0,1,0.8168784379959106,0.24619732797145844,0.5175487995147705,0.01736641488969326
2,10,False,0.0,1,0.8164517283439636,0.24704045057296753,0.5176960229873657,0.017363617196679115
2,11,False,0.0,1,0.8162344694137573,0.24765059351921082,0.5175114274024963,0.01731187291443348
2,12,False,0.0,1,0.8163848519325256,0.24807682633399963,0.5173727869987488,0.017284339293837547
2,13,False,0.0,1,0.8162311315536499,0.2485528588294983,0.5169863104820251,0.017288021743297577
2,14,False,0.0,1,0.8157382011413574,0.24940276145935059,0.5172707438468933,0.01734173484146595
2,15,False,0.0,1,0.8151295781135559,0.25098225474357605,0.5170032978057861,0.017348751425743103
2,16,False,0.0,1,0.8133977651596069,0.25266534090042114,0.5169367790222168,0.017341772094368935
2,17,False,0.0,1,0.8107998967170715,0.2544556260108948,0.51691734790802,0.017452212050557137
2,18,False,0.0,1,0.8085451126098633,0.255889892578125,0.5169045925140381,0.017410097643733025
2,19,False,0.0,1,0.8064563870429993,0.25703904032707214,0.5169919729232788,0.01740800403058529
2,20,False,0.0,1,0.8046501874923706,0.25811055302619934,0.5167225003242493,0.017352405935525894
2,21,False,0.0,1,0.8011196851730347,0.25961950421333313,0.5169745683670044,0.017357157543301582
2,22,False,0.0,1,0.7994375228881836,0.2605324685573578,0.5166468620300293,0.01742800697684288
2,23,False,0.0,1,0.798513650894165,0.26129618287086487,0.5161718130111694,0.017461178824305534
2,24,False,0.0,1,0.7981262803077698,0.2622736692428589,0.5163036584854126,0.01743178255856037
2,25,False,0.0,1,0.7986862063407898,0.2628340721130371,0.5161712169647217,0.01758195087313652
2,26,False,0.0,1,0.7993162870407104,0.26316624879837036,0.5157421827316284,0.017551863566040993
2,27,False,0.0,1,0.7985318899154663,0.26402124762535095,0.5158243179321289,0.017560116946697235
2,28,False,0.0,1,0.7979399561882019,0.26434874534606934,0.5159306526184082,0.017551854252815247
2,29,False,0.0,1,0.7969304919242859,0.26555249094963074,0.5158607363700867,0.017471740022301674
2,30,False,0.0,1,0.795674741268158,0.26727208495140076,0.5162277221679688,0.017589498311281204
2,31,False,0.0,1,0.7950266599655151,0.26879116892814636,0.5161656141281128,0.017629897221922874
2,32,False,0.0,1,0.7935181260108948,0.27070361375808716,0.5165073871612549,0.01769993267953396
2,33,True,0.04205607622861862,1,0.7917149066925049,0.27116650342941284,0.5170984268188477,0.017679842188954353
2,34,True,0.08878504484891891,1,0.7898226976394653,0.2700730860233307,0.5170220136642456,0.017661994323134422
2,35,True,0.1355140209197998,1,0.7915611267089844,0.2614521384239197,0.5167474746704102,0.017716525122523308
2,36,True,0.1822429895401001,1,0.793516993522644,0.2600259482860565,0.516662061214447,0.017873099073767662
2,37,True,0.2289719581604004,1,0.7879921197891235,0.2646431028842926,0.5171605944633484,0.017946789041161537
2,38,True,0.2757009267807007,1,0.7873467803001404,0.26530542969703674,0.5177798867225647,0.01799646206200123
2,39,True,0.322429895401001,1,0.7915618419647217,0.2611837387084961,0.5177924036979675,0.017910420894622803
2,40,True,0.36915886402130127,1,0.7940880060195923,0.25902706384658813,0.5177544355392456,0.01804816722869873
2,41,True,0.41588786244392395,1,0.7956335544586182,0.25824302434921265,0.5182424783706665,0.01816306822001934
2,42,True,0.46261683106422424,1,0.7959096431732178,0.258306086063385,0.5183297395706177,0.018256913870573044
2,43,True,0.5093457698822021,1,0.7967343330383301,0.25672706961631775,0.5187058448791504,0.018032697960734367
2,44,True,0.5560747385025024,1,0.797223687171936,0.2566600739955902,0.5185532569885254,0.017895933240652084
2,45,True,0.6028037667274475,1,0.8003864288330078,0.25596749782562256,0.5178632140159607,0.017941858619451523
2,46,True,0.6495327353477478,1,0.8010586500167847,0.2555252015590668,0.5179014205932617,0.017831876873970032
2,47,True,0.6962617039680481,1,0.8018914461135864,0.25480636954307556,0.5177941918373108,0.01781078428030014
2,48,True,0.7429906725883484,1,0.8017666339874268,0.25429224967956543,0.5182161331176758,0.017811423167586327
2,49,True,0.7897196412086487,1,0.8048654794692993,0.2520528733730316,0.5189458131790161,0.017677009105682373
2,50,True,0.836448609828949,1,0.804702877998352,0.2518741488456726,0.5190369486808777,0.017485545948147774
2,51,True,0.8831775784492493,1,0.803159236907959,0.2519136071205139,0.5188297033309937,0.017533153295516968
2,52,True,0.9299065470695496,1,0.8038781881332397,0.2519949972629547,0.5188133716583252,0.01752849668264389
2,53,True,0.9766355156898499,1,0.8016104698181152,0.25394004583358765,0.5195789337158203,0.01786268875002861
2,54,True,1.0,1,0.7980077266693115,0.25465866923332214,0.5194247961044312,0.017891202121973038
2,55,True,1.0,1,0.7980037927627563,0.2547350525856018,0.5195074081420898,0.017837615683674812
2,56,True,1.0,1,0.7978601455688477,0.25484201312065125,0.5195378065109253,0.017806222662329674
2,57,True,1.0,1,0.797398567199707,0.2550707161426544,0.5201312899589539,0.017616000026464462
2,58,True,1.0,1,0.797329306602478,0.25513914227485657,0.519973874092102,0.017571311444044113
2,59,True,1.0,1,0.7972888946533203,0.25515878200531006,0.5198863744735718,0.017549654468894005
2,60,True,1.0,1,0.7972626686096191,0.25517505407333374,0.519835889339447,0.01754104532301426
2,61,True,1.0,1,0.7972676753997803,0.25520098209381104,0.5198131799697876,0.01753528043627739
2,62,True,1.0,1,0.7972588539123535,0.2552056908607483,0.5198154449462891,0.01753399334847927
2,63,True,1.0,1,0.797252893447876,0.25519445538520813,0.5198121070861816,0.017534995451569557
2,64,True,1.0,1,0.7972553968429565,0.2552056908607483,0.5198146104812622,0.01753373071551323
2,65,True,1.0,1,0.7967036962509155,0.2554360628128052,0.5203858613967896,0.017388761043548584
2,66,True,1.0,1,0.7966800928115845,0.25545209646224976,0.5201729536056519,0.017341546714305878
2,67,True,1.0,1,0.7966533899307251,0.2554536461830139,0.5200701951980591,0.017320891842246056
2,68,True,1.0,1,0.7966525554656982,0.25546175241470337,0.5200299024581909,0.017315717414021492
2,69,True,1.0,1,0.7966289520263672,0.2554500102996826,0.5200091600418091,0.01731180027127266
2,70,True,1.0,1,0.7966400384902954,0.25546249747276306,0.520004153251648,0.017308637499809265
2,71,True,1.0,1,0.7966344356536865,0.2554572522640228,0.5200110673904419,0.017307450994849205
2,72,True,1.0,1,0.7966339588165283,0.2554551362991333,0.520011305809021,0.017307216301560402
2,73,True,1.0,1,0.7962746620178223,0.25562578439712524,0.520665168762207,0.01722688414156437
2,74,True,1.0,1,0.7962570190429688,0.2556418478488922,0.5204629898071289,0.01717516966164112
2,75,True,1.0,1,0.7962602376937866,0.25564926862716675,0.5203784704208374,0.017149124294519424
2,76,True,1.0,1,0.796261191368103,0.2556590139865875,0.5203238129615784,0.017141610383987427
2,77,True,1.0,1,0.7962561845779419,0.2556581199169159,0.5202981233596802,0.01713874749839306
2,78,True,1.0,1,0.7962576150894165,0.25565090775489807,0.5202933549880981,0.0171364638954401
2,79,True,1.0,1,0.7962573766708374,0.25565147399902344,0.5202909708023071,0.01713489182293415
2,80,True,1.0,1,0.7962554693222046,0.25564637780189514,0.5202904939651489,0.017134543508291245
2,81,False,0.0,1,0.7925757765769958,0.2704184651374817,0.5179855227470398,0.016568996012210846
2,82,False,0.0,1,0.790897786617279,0.2708110809326172,0.5177758932113647,0.0164629053324461
2,83,False,0.0,1,0.7883765697479248,0.271581768989563,0.5177060961723328,0.016391821205615997
2,84,False,0.0,1,0.786679744720459,0.2722301185131073,0.5176814794540405,0.01637106016278267
2,85,False,0.0,1,0.7855662703514099,0.27313554286956787,0.518126904964447,0.01650152914226055
2,86,False,0.0,1,0.7839111089706421,0.2733861207962036,0.5186028480529785,0.016613751649856567
2,87,False,0.0,1,0.7830975651741028,0.2738059163093567,0.5190144777297974,0.01675562374293804
2,88,False,0.0,1,0.7820746898651123,0.27354586124420166,0.5190330743789673,0.016767991706728935
2,89,False,0.0,1,0.7812643051147461,0.27419930696487427,0.5195026397705078,0.01665293239057064
2,90,False,0.0,1,0.7807500958442688,0.27515754103660583,0.519532322883606,0.016742872074246407
2,91,False,0.0,1,0.780241847038269,0.27599263191223145,0.5194624662399292,0.016667425632476807
2,92,False,0.0,1,0.779970109462738,0.2760966420173645,0.5197818279266357,0.016712618991732597
2,93,False,0.0,1,0.7800325751304626,0.2757001221179962,0.520072340965271,0.016732430085539818
2,94,False,0.0,1,0.7806752920150757,0.2748149335384369,0.5202995538711548,0.016706623136997223
2,95,False,0.0,1,0.7818814516067505,0.2738685607910156,0.5204145908355713,0.01660364307463169
2,96,False,0.0,1,0.7827551960945129,0.27319779992103577,0.5203254222869873,0.01661432906985283
2,97,False,0.0,1,0.7836558818817139,0.2726544737815857,0.5207395553588867,0.016568362712860107
2,98,False,0.0,1,0.7840189337730408,0.27276939153671265,0.5204126834869385,0.016469083726406097
2,99,False,0.0,1,0.7849562168121338,0.27198052406311035,0.5201014280319214,0.016509028151631355
2,100,False,0.0,1,0.7860687971115112,0.2703598141670227,0.5199849009513855,0.016509827226400375
2,101,False,0.0,1,0.7866420745849609,0.268684983253479,0.5199083089828491,0.016500720754265785
2,102,False,0.0,1,0.7867917418479919,0.2675352990627289,0.5198875665664673,0.01647980324923992
2,103,False,0.0,1,0.7876285314559937,0.2669396996498108,0.5197895169258118,0.01645241118967533
2,104,False,0.0,1,0.7877808809280396,0.2662418484687805,0.5197993516921997,0.016446104273200035
2,105,False,0.0,1,0.78760826587677,0.2655113935470581,0.5198776721954346,0.016411399468779564
2,106,False,0.0,1,0.7868666648864746,0.2654397189617157,0.5198054313659668,0.01636834815144539
2,107,False,0.0,1,0.7863040566444397,0.2653341293334961,0.5199941396713257,0.016403745859861374
3,0,False,0.0,0,0.735095739364624,0.17638298869132996,0.5069388151168823,0.005882287863641977
3,1,False,0.0,1,0.8133264780044556,0.2518618702888489,0.5199328660964966,0.01701347343623638
3,2,False,0.0,1,0.8140038251876831,0.2506517469882965,0.5199152231216431,0.017039762809872627
3,3,False,0.0,1,0.8134195804595947,0.25001224875450134,0.5195856690406799,0.016890283674001694
3,4,False,0.0,1,0.8141824007034302,0.24987198412418365,0.520087718963623,0.016872862353920937
3,5,False,0.0,1,0.8149265050888062,0.2495870292186737,0.5206471681594849,0.01683483086526394
3,6,False,0.0,1,0.8161932229995728,0.24885369837284088,0.5203425288200378,0.016735795885324478
3,7,False,0.0,1,0.8162212371826172,0.24855820834636688,0.5203050374984741,0.016654588282108307
3,8,False,0.0,1,0.8162463903427124,0.2484796643257141,0.5200986862182617,0.016566136851906776
3,9,False,0.0,1,0.8161046504974365,0.2482811063528061,0.5200878381729126,0.01660800725221634
3,10,False,0.0,1,0.8160947561264038,0.24840284883975983,0.5202295780181885,0.016674857586622238
3,11,False,0.0,1,0.816372275352478,0.24856700003147125,0.5199719071388245,0.016651153564453125
3,12,False,0.0,1,0.8162262439727783,0.24909859895706177,0.5197555422782898,0.016649657860398293
3,13,False,0.0,1,0.8155773282051086,0.24964623153209686,0.5200499296188354,0.01660100743174553
3,14,False,0.0,1,0.8151594400405884,0.25015145540237427,0.5197948813438416,0.01661800593137741
3,15,False,0.0,1,0.8135389089584351,0.25087010860443115,0.5196107029914856,0.016617970541119576
3,16,False,0.0,1,0.8118687868118286,0.25214552879333496,0.519231379032135,0.016597427427768707
3,17,False,0.0,1,0.8105394244194031,0.25350189208984375,0.5191003084182739,0.016604287549853325
3,18,False,0.0,1,0.80744868516922,0.25551512837409973,0.5190588235855103,0.016505908221006393
3,19,False,0.0,1,0.8042875528335571,0.2574915289878845,0.5186811685562134,0.016477782279253006
3,20,False,0.0,1,0.8030093312263489,0.2587202787399292,0.518829345703125,0.016454152762889862
3,21,False,0.0,1,0.8012871742248535,0.260003924369812,0.518783688545227,0.01630774512887001
3,22,False,0.0,1,0.7987627387046814,0.26246076822280884,0.5184862613677979,0.016275590285658836
3,23,False,0.0,1,0.7965666055679321,0.2651049494743347,0.5183010101318359,0.016228225082159042
3,24,False,0.0,1,0.794349193572998,0.26725226640701294,0.5182639360427856,0.01628929190337658
3,25,False,0.0,1,0.7924513220787048,0.2696877419948578,0.518204927444458,0.0162690170109272
3,26,False,0.0,1,0.7895935773849487,0.271895170211792,0.5179930925369263,0.01624864712357521
3,27,False,0.0,1,0.7870786190032959,0.2737639844417572,0.5178025960922241,0.016215981915593147
3,28,False,0.0,1,0.785883367061615,0.27445271611213684,0.5177550315856934,0.016240302473306656
3,29,False,0.0,1,0.784103274345398,0.27605876326560974,0.5175431966781616,0.01605750434100628
3,30,False,0.0,1,0.7824795246124268,0.27758803963661194,0.5175224542617798,0.01611013524234295
3,31,False,0.0,1,0.7818386554718018,0.27802249789237976,0.5176461338996887,0.016156470403075218
3,32,False,0.0,1,0.7814556360244751,0.27881449460983276,0.5175021886825562,0.016163144260644913
3,33,False,0.0,1,0.7817044258117676,0.27833664417266846,0.5176607370376587,0.01616690121591091
3,34,False,0.0,1,0.7817293405532837,0.2779777944087982,0.5173701643943787,0.016170326620340347
3,35,False,0.0,1,0.7815389037132263,0.2777130901813507,0.5171716213226318,0.01611407846212387
3,36,False,0.0,1,0.7807576656341553,0.2769467532634735,0.5172873735427856,0.016070296987891197
3,37,False,0.0,1,0.7798910140991211,0.2762157917022705,0.517085075378418,0.015862608328461647
3,38,False,0.0,1,0.7791967391967773,0.27522730827331543,0.5169910192489624,0.01583845540881157
3,39,False,0.0,1,0.7795529961585999,0.27395299077033997,0.5169255137443542,0.015812382102012634
3,40,False,0.0,1,0.7794725894927979,0.2735973000526428,0.5168560743331909,0.015753692016005516
3,41,False,0.0,1,0.7796432971954346,0.27390795946121216,0.5167495012283325,0.015724631026387215
3,42,False,0.0,1,0.7800626158714294,0.27354732155799866,0.5167827606201172,0.015678197145462036
3,43,False,0.0,1,0.7799053192138672,0.27254289388656616,0.5172911882400513,0.01563376374542713
3,44,False,0.0,1,0.7796800136566162,0.2729504406452179,0.5173652172088623,0.015576044097542763
3,45,False,0.0,1,0.7796807289123535,0.27301353216171265,0.5172867178916931,0.015405277721583843
3,46,False,0.0,1,0.7803683280944824,0.2727697193622589,0.5169914960861206,0.01537974551320076
3,47,False,0.0,1,0.7806281447410583,0.27207815647125244,0.5166910886764526,0.015356548130512238
3,48,False,0.0,1,0.7813009023666382,0.2718029320240021,0.5163623094558716,0.015335775911808014
3,49,False,0.0,1,0.781795859336853,0.27138182520866394,0.5164794921875,0.015371478162705898
3,50,False,0.0,1,0.7823506593704224,0.2712676525115967,0.5163179039955139,0.01536218635737896
3,51,False,0.0,1,0.7827903032302856,0.2712319791316986,0.5163190364837646,0.015381788834929466
3,52,False,0.0,1,0.7836123704910278,0.27056342363357544,0.516279935836792,0.015430346131324768
3,53,False,0.0,1,0.7841313481330872,0.2706741690635681,0.516221821308136,0.015323312021791935
3,54,False,0.0,1,0.7859785556793213,0.2703206241130829,0.5162895321846008,0.015335875563323498
3,55,False,0.0,1,0.787945032119751,0.26875463128089905,0.5162392854690552,0.015336512587964535
3,56,False,0.0,1,0.7905223369598389,0.26757895946502686,0.5163534879684448,0.015283237211406231
3,57,False,0.0,1,0.7920528650283813,0.2657553553581238,0.5165243148803711,0.015330334194004536
3,58,False,0.0,1,0.7926341891288757,0.2644686698913574,0.516486644744873,0.015402468852698803
3,59,False,0.0,1,0.7936803698539734,0.2631997764110565,0.5165611505508423,0.015480384230613708
3,60,False,0.0,1,0.7945603132247925,0.2622981667518616,0.5163986682891846,0.015477846376597881
3,61,False,0.0,1,0.7952551245689392,0.26240265369415283,0.5166178345680237,0.015524500980973244
3,62,False,0.0,1,0.7951561212539673,0.26283812522888184,0.5165185928344727,0.015509936027228832
3,63,False,0.0,1,0.7947814464569092,0.26360252499580383,0.5165699124336243,0.015527790412306786
3,64,False,0.0,1,0.7938902378082275,0.26479822397232056,0.5165205001831055,0.015541110187768936
3,65,False,0.0,1,0.7928897142410278,0.2653290927410126,0.5164650678634644,0.015508153475821018
3,66,False,0.0,1,0.7912428379058838,0.2668003737926483,0.5164842009544373,0.01552831195294857
3,67,False,0.0,1,0.7894281148910522,0.26780965924263,0.5164411664009094,0.015629488974809647
3,68,False,0.0,1,0.7883114814758301,0.2686702311038971,0.5164236426353455,0.01557127758860588
3,69,False,0.0,1,0.7871271371841431,0.2697169780731201,0.5167245864868164,0.015598262660205364
3,70,False,0.0,1,0.7860627174377441,0.2707427740097046,0.516677737236023,0.015584253706037998
3,71,False,0.0,1,0.7849188446998596,0.2715584635734558,0.5169597864151001,0.015625860542058945
3,72,False,0.0,1,0.7845850586891174,0.2716086804866791,0.5169507265090942,0.01563013531267643
3,73,False,0.0,1,0.7843408584594727,0.27090713381767273,0.5172615051269531,0.01563962548971176
3,74,False,0.0,1,0.7834038734436035,0.27135711908340454,0.5174349546432495,0.0156879723072052
3,75,False,0.0,1,0.7818569540977478,0.27258118987083435,0.5173572301864624,0.015617769211530685
3,76,False,0.0,1,0.7815463542938232,0.2734189033508301,0.5172851085662842,0.015630995854735374
3,77,False,0.0,1,0.7825261950492859,0.2726045548915863,0.5174006223678589,0.015734020620584488
3,78,False,0.0,1,0.7826899886131287,0.2719106674194336,0.5173711180686951,0.01572190225124359
3,79,False,0.0,1,0.7823052406311035,0.27136749029159546,0.5171839594841003,0.0156596340239048
3,80,False,0.0,1,0.7833064794540405,0.27093449234962463,0.5167402625083923,0.015581854619085789
3,81,False,0.0,1,0.7846742868423462,0.27127495408058167,0.516491174697876,0.015539716929197311
3,82,False,0.0,1,0.7848811745643616,0.27075114846229553,0.5164623260498047,0.015545225702226162
3,83,False,0.0,1,0.7843883037567139,0.27027249336242676,0.5165199041366577,0.015553765930235386
3,84,False,0.0,1,0.783804178237915,0.2693474590778351,0.5165778398513794,0.015584972687065601
3,85,False,0.0,1,0.7835889458656311,0.2676995098590851,0.5170546770095825,0.01572646200656891
3,86,False,0.0,1,0.7833108305931091,0.26693981885910034,0.5169292688369751,0.015738237649202347
3,87,False,0.0,1,0.7843731641769409,0.2665384113788605,0.5169405937194824,0.015744509175419807
3,88,False,0.0,1,0.7857660055160522,0.26571211218833923,0.5168973207473755,0.015730861574411392
3,89,False,0.0,1,0.7866965532302856,0.2652432322502136,0.517066240310669,0.015707561746239662
3,90,False,0.0,1,0.7867494821548462,0.264443963766098,0.5172054767608643,0.01569816842675209
3,91,False,0.0,1,0.7867577075958252,0.26432129740715027,0.5170756578445435,0.015646252781152725
4,0,False,0.0,0,0.7459549903869629,0.17951209843158722,0.5070934891700745,0.005777908489108086
4,1,False,0.0,1,0.8128516674041748,0.2540138363838196,0.51903235912323,0.015896452590823174
4,2,False,0.0,1,0.8129046559333801,0.25388583540916443,0.5188777446746826,0.01589425466954708
4,3,False,0.0,1,0.8129881620407104,0.253866583108902,0.5188886523246765,0.015884945169091225
4,4,False,0.0,1,0.813433825969696,0.25364795327186584,0.5187746286392212,0.015895409509539604
4,5,False,0.0,1,0.8139214515686035,0.2534152865409851,0.5189104080200195,0.01593354344367981
4,6,False,0.0,1,0.8135964870452881,0.2536684572696686,0.5185956954956055,0.015925079584121704
4,7,False,0.0,1,0.8124457001686096,0.2544936537742615,0.5185983180999756,0.015859905630350113
4,8,False,0.0,1,0.8107800483703613,0.25553613901138306,0.5186948776245117,0.015874572098255157
4,9,False,0.0,1,0.8097609281539917,0.2561595141887665,0.519525408744812,0.016073476523160934
4,10,False,0.0,1,0.8087846040725708,0.2563875913619995,0.5194902420043945,0.01595434546470642
4,11,False,0.0,1,0.8097771406173706,0.25658804178237915,0.5195789337158203,0.015943055972456932
4,12,False,0.0,1,0.8094965815544128,0.25673338770866394,0.5194177627563477,0.015980785712599754
4,13,False,0.0,1,0.8089343905448914,0.25752654671669006,0.5191045999526978,0.015983186662197113
4,14,False,0.0,1,0.808089017868042,0.2592107653617859,0.5191268920898438,0.016078049317002296
4,15,False,0.0,1,0.8066897392272949,0.2602609395980835,0.5191331505775452,0.01617015339434147
4,16,False,0.0,1,0.8047037124633789,0.261149525642395,0.5187749862670898,0.016184942796826363
4,17,False,0.0,1,0.8028285503387451,0.26217156648635864,0.5198013782501221,0.01650531031191349
4,18,False,0.0,1,0.8008749485015869,0.2629554867744446,0.5199294090270996,0.016505064442753792
4,19,False,0.0,1,0.8002305030822754,0.26396703720092773,0.5202032327651978,0.016580777242779732
4,20,False,0.0,1,0.7990317344665527,0.2655293047428131,0.5203790068626404,0.016535544767975807
4,21,False,0.0,1,0.7978885173797607,0.2665878236293793,0.5204944610595703,0.016507422551512718
4,22,False,0.0,1,0.7975016832351685,0.26718345284461975,0.5204265117645264,0.016597410663962364
4,23,False,0.0,1,0.7965160608291626,0.2681845426559448,0.5202667117118835,0.01658734492957592
4,24,False,0.0,1,0.7965329885482788,0.2688601315021515,0.5202909708023071,0.016669997945427895
4,25,False,0.0,1,0.7957286238670349,0.27044036984443665,0.5211172103881836,0.01691458187997341
4,26,False,0.0,1,0.7948980331420898,0.2712347209453583,0.5211407542228699,0.016870368272066116
4,27,False,0.0,1,0.7932559251785278,0.27176541090011597,0.5213104486465454,0.016889385879039764
4,28,False,0.0,1,0.7912368774414062,0.272800475358963,0.5212557315826416,0.01687454804778099
4,29,False,0.0,1,0.7898181676864624,0.2731502950191498,0.5214356184005737,0.016856661066412926
4,30,False,0.0,1,0.7884891033172607,0.27404510974884033,0.5212903022766113,0.016842611134052277
4,31,False,0.0,1,0.7880463004112244,0.2743019461631775,0.5211687088012695,0.016713516786694527
4,32,False,0.0,1,0.7878786325454712,0.2742050290107727,0.5213169455528259,0.01669067144393921
4,33,False,0.0,1,0.787871241569519,0.27418991923332214,0.5221017599105835,0.016780506819486618
4,34,False,0.0,1,0.7875462174415588,0.2741076946258545,0.5218945741653442,0.016787342727184296
4,35,False,0.0,1,0.7868978977203369,0.27500346302986145,0.5215620994567871,0.0167143102735281
4,36,False,0.0,1,0.7866217494010925,0.2753438949584961,0.5216019153594971,0.016792019829154015
4,37,False,0.0,1,0.7865860462188721,0.2755666971206665,0.5215564966201782,0.01679062657058239
4,38,False,0.0,1,0.7850173711776733,0.2765633761882782,0.521553635597229,0.016811423003673553
4,39,False,0.0,1,0.7837651968002319,0.2770039141178131,0.5216706991195679,0.01683034561574459
4,40,False,0.0,1,0.7834446430206299,0.2770318388938904,0.5216305255889893,0.01677500642836094
4,41,False,0.0,1,0.7841254472732544,0.2765566408634186,0.5220482349395752,0.016588306054472923
4,42,False,0.0,1,0.7844796180725098,0.2761186957359314,0.5219429731369019,0.016507992520928383
4,43,False,0.0,1,0.7845534086227417,0.276116281747818,0.5217061638832092,0.016455717384815216
4,44,False,0.0,1,0.785161018371582,0.2756694257259369,0.5216037034988403,0.016479332000017166
4,45,False,0.0,1,0.7854064702987671,0.27571284770965576,0.5215170383453369,0.01646900177001953
4,46,False,0.0,1,0.7858341336250305,0.27551594376564026,0.5214523077011108,0.016468068584799767
4,47,False,0.0,1,0.786821722984314,0.27474093437194824,0.521500825881958,0.016511695459485054
4,48,False,0.0,1,0.7874137163162231,0.27449023723602295,0.5214909315109253,0.016493696719408035
4,49,False,0.0,1,0.7882465720176697,0.2741125226020813,0.5217975378036499,0.016377586871385574
4,50,False,0.0,1,0.7889257073402405,0.27354171872138977,0.5216115713119507,0.016338953748345375
4,51,False,0.0,1,0.7896963357925415,0.27294081449508667,0.5215935707092285,0.016301078721880913
4,52,False,0.0,1,0.7905799746513367,0.2719365358352661,0.5216246843338013,0.016248052939772606
4,53,False,0.0,1,0.7916948199272156,0.2704627215862274,0.5217357873916626,0.016220882534980774
4,54,False,0.0,1,0.7926180362701416,0.2700055241584778,0.5218777656555176,0.016248466446995735
4,55,False,0.0,1,0.7935202121734619,0.2681061625480652,0.5219135880470276,0.016226336359977722
4,56,False,0.0,1,0.7950575351715088,0.2666431963443756,0.5221037864685059,0.01632085070014
4,57,False,0.0,1,0.7965584993362427,0.26536402106285095,0.5218120217323303,0.015918675810098648
4,58,False,0.0,1,0.7978147268295288,0.26354557275772095,0.5217489004135132,0.015864185988903046
4,59,False,0.0,1,0.7979398369789124,0.2628858983516693,0.5216383934020996,0.015821214765310287
4,60,False,0.0,1,0.7985252141952515,0.26181963086128235,0.521568238735199,0.01582559198141098
4,61,False,0.0,1,0.7988874912261963,0.2613128423690796,0.521410346031189,0.01585969515144825
4,62,False,0.0,1,0.7993689775466919,0.2612173557281494,0.5212587118148804,0.015780439600348473
4,63,False,0.0,1,0.7999351024627686,0.2607599198818207,0.521346926689148,0.01577426679432392
4,64,False,0.0,1,0.7997826933860779,0.26057198643684387,0.5213465094566345,0.015760844573378563
4,65,False,0.0,1,0.7994101047515869,0.26085570454597473,0.5210566520690918,0.01545463316142559
4,66,False,0.0,1,0.7983572483062744,0.26117661595344543,0.5207487940788269,0.015397432260215282
4,67,False,0.0,1,0.7979573011398315,0.26187437772750854,0.5205622911453247,0.01531698927283287
4,68,False,0.0,1,0.7981770038604736,0.2620585560798645,0.520423412322998,0.015294872224330902
4,69,False,0.0,1,0.7978203892707825,0.2629072368144989,0.5203409194946289,0.015345695428550243
4,70,False,0.0,1,0.7970016002655029,0.2632818818092346,0.5201306939125061,0.015419010072946548
4,71,False,0.0,1,0.7964202165603638,0.2633990943431854,0.5200132727622986,0.015493057668209076
4,72,False,0.0,1,0.7955687046051025,0.2636391818523407,0.5198397040367126,0.015510769560933113
4,73,False,0.0,1,0.7943316698074341,0.2645740509033203,0.519770622253418,0.015272296965122223
4,74,False,0.0,1,0.7930755019187927,0.2654019594192505,0.5195584893226624,0.015253095887601376
4,75,False,0.0,1,0.7920163869857788,0.2659049332141876,0.5196151733398438,0.015252009965479374
4,76,False,0.0,1,0.7902080416679382,0.2672159969806671,0.5197392702102661,0.015270723029971123
4,77,False,0.0,1,0.7877592444419861,0.26889777183532715,0.5196634531021118,0.015190721489489079
4,78,False,0.0,1,0.7858691215515137,0.27012115716934204,0.5197926759719849,0.015166969038546085
4,79,False,0.0,1,0.7855069637298584,0.2701372504234314,0.5199650526046753,0.015160653740167618
4,80,False,0.0,1,0.7834104299545288,0.2710898220539093,0.5199841260910034,0.015105760656297207
4,81,False,0.0,1,0.7821078300476074,0.27171385288238525,0.519551157951355,0.01495958399027586
4,82,False,0.0,1,0.7825402021408081,0.2717357575893402,0.5195227861404419,0.014975319616496563
4,83,False,0.0,1,0.7838032841682434,0.27173954248428345,0.5196624994277954,0.014986144378781319
4,84,False,0.0,1,0.7840976715087891,0.2715781033039093,0.5196864604949951,0.014952968806028366
4,85,False,0.0,1,0.7841763496398926,0.27106770873069763,0.5198330879211426,0.014939410611987114
4,86,False,0.0,1,0.7839711904525757,0.27082890272140503,0.5199822187423706,0.014967300929129124
4,87,False,0.0,1,0.784176230430603,0.2708980441093445,0.5199394226074219,0.014944746159017086
4,88,False,0.0,1,0.7843616604804993,0.27073216438293457,0.5198671817779541,0.014965075068175793
4,89,False,0.0,1,0.7851681709289551,0.2705553472042084,0.5192190408706665,0.015115045011043549
4,90,False,0.0,1,0.7861089110374451,0.2702530026435852,0.5189511179924011,0.015066091902554035
4,91,False,0.0,1,0.7866130471229553,0.2701888680458069,0.5187783241271973,0.0149873411282897
4,92,False,0.0,1,0.7862213253974915,0.2702794671058655,0.5186541080474854,0.014948105439543724
4,93,False,0.0,1,0.7870651483535767,0.2701091170310974,0.5185664296150208,0.014998873695731163
4,94,False,0.0,1,0.7876129150390625,0.2695126533508301,0.5185481905937195,0.015005983412265778
4,95,False,0.0,1,0.7878334522247314,0.26910310983657837,0.5185861587524414,0.01500796526670456
4,96,False,0.0,1,0.787956714630127,0.26876300573349,0.5185683965682983,0.014987354166805744
4,97,False,0.0,1,0.7879989147186279,0.26854902505874634,0.5184054374694824,0.015499104745686054
4,98,False,0.0,1,0.7879217863082886,0.268359512090683,0.5184680819511414,0.015470638871192932
4,99,False,0.0,1,0.7880654335021973,0.2680871784687042,0.5185155868530273,0.01545462105423212
4,100,False,0.0,1,0.789080798625946,0.2673090696334839,0.5185669660568237,0.015458451583981514
4,101,False,0.0,1,0.7897007465362549,0.265375554561615,0.5185838341712952,0.015425258316099644
4,102,False,0.0,1,0.7896543741226196,0.2645724415779114,0.5186349749565125,0.015466435812413692
4,103,False,0.0,1,0.7900848388671875,0.26451051235198975,0.5186522006988525,0.015517708845436573
4,104,False,0.0,1,0.7900418043136597,0.2642734944820404,0.5187225937843323,0.015532954595983028
4,105,False,0.0,1,0.7906608581542969,0.2641083300113678,0.5189834237098694,0.016371894627809525
5,0,False,0.0,0,0.7302601337432861,0.17975664138793945,0.5079014897346497,0.006565683986991644
5,1,False,0.0,1,0.8114452362060547,0.25478556752204895,0.520291805267334,0.01625513844192028
5,2,False,0.0,1,0.8115123510360718,0.254820853471756,0.520293653011322,0.016262920573353767
5,3,False,0.0,1,0.8113847970962524,0.25490739941596985,0.5202906727790833,0.016246460378170013
5,4,False,0.0,1,0.8113538026809692,0.254912793636322,0.5201905965805054,0.016249947249889374
5,5,False,0.0,1,0.8122662305831909,0.2546241581439972,0.5203125476837158,0.016348468139767647
5,6,False,0.0,1,0.8124785423278809,0.2549045979976654,0.5205917358398438,0.016447298228740692
5,7,False,0.0,1,0.8123407363891602,0.25527864694595337,0.520883321762085,0.017224181443452835
5,8,False,0.0,1,0.8120033740997314,0.2557899057865143,0.520648717880249,0.01731747016310692
5,9,False,0.0,1,0.8099656701087952,0.25708845257759094,0.5204512476921082,0.017316365614533424
5,10,False,0.0,1,0.8082797527313232,0.25837987661361694,0.5202457904815674,0.017332183197140694
5,11,False,0.0,1,0.8065159320831299,0.25937145948410034,0.5202347040176392,0.017355892807245255
5,12,False,0.0,1,0.804867148399353,0.2602398991584778,0.5202199220657349,0.01737227849662304
5,13,False,0.0,1,0.8026106357574463,0.26175007224082947,0.5200281143188477,0.01731302961707115
5,14,False,0.0,1,0.8011056184768677,0.2634465992450714,0.5199141502380371,0.017290983349084854
5,15,False,0.0,1,0.7999448776245117,0.2644929885864258,0.5204063653945923,0.01806754060089588
5,16,False,0.0,1,0.7983843088150024,0.26616916060447693,0.5204880237579346,0.01807527057826519
5,17,False,0.0,1,0.796500027179718,0.26787069439888,0.5203285217285156,0.018145421519875526
5,18,False,0.0,1,0.7946847081184387,0.27012792229652405,0.5204054117202759,0.01819676347076893
5,19,False,0.0,1,0.7929957509040833,0.2716781497001648,0.5205762982368469,0.018295813351869583
5,20,False,0.0,1,0.7908232808113098,0.27223214507102966,0.5207327008247375,0.018374374136328697
5,21,False,0.0,1,0.7891847491264343,0.2733600437641144,0.5205787420272827,0.018341200426220894
5,22,False,0.0,1,0.787318229675293,0.27430880069732666,0.5203326940536499,0.018268119543790817
5,23,False,0.0,1,0.7866536378860474,0.2744394838809967,0.5211067199707031,0.018790660426020622
5,24,False,0.0,1,0.7866197228431702,0.27484098076820374,0.5216830968856812,0.0188168752938509
5,25,False,0.0,1,0.7862651944160461,0.27493178844451904,0.5220602750778198,0.018889235332608223
5,26,False,0.0,1,0.7862890958786011,0.27473941445350647,0.5220729112625122,0.018877774477005005
5,27,False,0.0,1,0.7864723205566406,0.27441954612731934,0.5220150947570801,0.01882079243659973
5,28,False,0.0,1,0.7866223454475403,0.27411413192749023,0.5220817923545837,0.018752792850136757
5,29,False,0.0,1,0.786505937576294,0.2734459936618805,0.5219485759735107,0.01873103901743889
5,30,False,0.0,1,0.784817099571228,0.2731640934944153,0.5217562317848206,0.01863480918109417
5,31,False,0.0,1,0.7846375703811646,0.27384015917778015,0.5218322277069092,0.018611019477248192
5,32,False,0.0,1,0.785480797290802,0.2733970284461975,0.5217351317405701,0.018636051565408707
5,33,False,0.0,1,0.7861876487731934,0.2729390561580658,0.5217496752738953,0.01867831125855446
5,34,False,0.0,1,0.7868436574935913,0.2724829614162445,0.5217766761779785,0.018718715757131577
5,35,False,0.0,1,0.7872973680496216,0.27215397357940674,0.5218012928962708,0.018692824989557266
5,36,False,0.0,1,0.7885358929634094,0.27155008912086487,0.5220473408699036,0.018720200285315514
5,37,False,0.0,1,0.7894274592399597,0.2708679735660553,0.5220696926116943,0.018604358658194542
5,38,False,0.0,1,0.7886232733726501,0.27062323689460754,0.5219757556915283,0.018498415127396584
5,39,False,0.0,1,0.7876380085945129,0.2701665461063385,0.5217403173446655,0.018518656492233276
5,40,False,0.0,1,0.7882565259933472,0.26875442266464233,0.5214738249778748,0.01850195974111557
5,41,False,0.0,1,0.7903863191604614,0.26715555787086487,0.5212596654891968,0.01848858967423439
5,42,False,0.0,1,0.7914058566093445,0.2664280831813812,0.5210636258125305,0.018514662981033325
5,43,False,0.0,1,0.7924382090568542,0.26595330238342285,0.5211731195449829,0.018618006259202957
5,44,False,0.0,1,0.7930299639701843,0.26526927947998047,0.5212832689285278,0.018713807687163353
5,45,False,0.0,1,0.7935909032821655,0.26454266905784607,0.521214485168457,0.01868811435997486
5,46,False,0.0,1,0.7936819791793823,0.26404181122779846,0.5211925506591797,0.01877143792808056
5,47,False,0.0,1,0.7943501472473145,0.26414623856544495,0.5209288597106934,0.018717456609010696
5,48,False,0.0,1,0.7947831153869629,0.2643257975578308,0.5208752155303955,0.018762707710266113
5,49,False,0.0,1,0.7951458096504211,0.2643507122993469,0.520809531211853,0.01879282481968403
5,50,False,0.0,1,0.7949421405792236,0.2645699977874756,0.5208354592323303,0.018871108070015907
5,51,False,0.0,1,0.7953317761421204,0.26476147770881653,0.5207692980766296,0.018841564655303955
5,52,False,0.0,1,0.7949805855751038,0.2657111585140228,0.520841121673584,0.01888119988143444
5,53,False,0.0,1,0.7958329916000366,0.2659842073917389,0.5208278894424438,0.0188953448086977
5,54,False,0.0,1,0.79667729139328,0.2659521996974945,0.5209189653396606,0.018872689455747604
5,55,False,0.0,1,0.797810435295105,0.2654256522655487,0.5205035209655762,0.018647007644176483
5,56,False,0.0,1,0.800073504447937,0.2641473412513733,0.5206555724143982,0.018717342987656593
5,57,False,0.0,1,0.8017618656158447,0.26307883858680725,0.5208532810211182,0.01873154751956463
5,58,False,0.0,1,0.8038012981414795,0.26149892807006836,0.5210052728652954,0.0186628345400095
5,59,False,0.0,1,0.8055094480514526,0.25999051332473755,0.5211769342422485,0.018630171194672585
5,60,False,0.0,1,0.8060228824615479,0.259052574634552,0.521514892578125,0.01867980882525444
5,61,False,0.0,1,0.8067493438720703,0.25832849740982056,0.5217626690864563,0.018690811470150948
5,62,False,0.0,1,0.8073956966400146,0.258045494556427,0.5218623876571655,0.018696961924433708
5,63,False,0.0,1,0.8076873421669006,0.2577872574329376,0.521295428276062,0.01845114678144455
5,64,False,0.0,1,0.8078222274780273,0.257436066865921,0.5213679075241089,0.018435779958963394
5,65,False,0.0,1,0.8078482747077942,0.25685521960258484,0.5213730335235596,0.018386339768767357
5,66,False,0.0,1,0.8078004121780396,0.2562670409679413,0.5214321613311768,0.018330886960029602
5,67,False,0.0,1,0.8072347044944763,0.25582194328308105,0.521368145942688,0.018294911831617355
5,68,False,0.0,1,0.8070698976516724,0.2553290128707886,0.5214135646820068,0.01826303079724312
5,69,False,0.0,1,0.8050159215927124,0.2557174265384674,0.5213513970375061,0.018217114731669426
5,70,False,0.0,1,0.8023262619972229,0.2564873993396759,0.5212280750274658,0.018126465380191803
5,71,False,0.0,1,0.80054771900177,0.2567325234413147,0.520470380783081,0.0179436132311821
5,72,False,0.0,1,0.7981530427932739,0.25829482078552246,0.5202910900115967,0.01796019822359085
5,73,False,0.0,1,0.7946673035621643,0.2582608163356781,0.5203849077224731,0.017941270023584366
5,74,False,0.0,1,0.7920629978179932,0.2602752149105072,0.520595908164978,0.017954308539628983
5,75,False,0.0,1,0.7927123308181763,0.2590223252773285,0.5201019048690796,0.017765220254659653
5,76,False,0.0,1,0.7924379110336304,0.2605643570423126,0.5203508138656616,0.01772700622677803
5,77,False,0.0,1,0.7896432876586914,0.2627415955066681,0.5204845666885376,0.017877817153930664
5,78,False,0.0,1,0.7878668308258057,0.2650499641895294,0.520268440246582,0.017942378297448158
5,79,False,0.0,1,0.7859716415405273,0.267009437084198,0.5198384523391724,0.017853468656539917
5,80,False,0.0,1,0.7849258184432983,0.2675763666629791,0.5196601748466492,0.017902927473187447
5,81,False,0.0,1,0.7824684381484985,0.2695866823196411,0.519416332244873,0.017840996384620667
5,82,False,0.0,1,0.780113697052002,0.2718558609485626,0.5193173885345459,0.01780899241566658
5,83,False,0.0,1,0.7789612412452698,0.27289044857025146,0.5193578004837036,0.017837945371866226
5,84,False,0.0,1,0.7798092365264893,0.27192407846450806,0.519477903842926,0.017857590690255165
5,85,False,0.0,1,0.7821046113967896,0.27150392532348633,0.5193021297454834,0.017778487876057625
5,86,False,0.0,1,0.7839362025260925,0.27087709307670593,0.5193251371383667,0.017770739272236824
5,87,False,0.0,1,0.7850480675697327,0.27000367641448975,0.5186331272125244,0.01741856150329113
5,88,False,0.0,1,0.7855721712112427,0.2693935036659241,0.5182835459709167,0.01723463088274002
5,89,False,0.0,1,0.7861585021018982,0.26802900433540344,0.5181328654289246,0.017198311164975166
5,90,False,0.0,1,0.7854778170585632,0.268144816160202,0.5180943012237549,0.017233895137906075
5,91,False,0.0,1,0.7844889163970947,0.2680995762348175,0.5180941820144653,0.017318828031420708
5,92,False,0.0,1,0.7850961685180664,0.2667820453643799,0.5179913640022278,0.017329245805740356
5,93,False,0.0,1,0.7851793169975281,0.2660764753818512,0.5177492499351501,0.01729745604097843
5,94,False,0.0,1,0.7847386598587036,0.26600193977355957,0.5175948739051819,0.017245164141058922
5,95,False,0.0,1,0.7839722633361816,0.26658540964126587,0.5171138048171997,0.0170428529381752
5,96,False,0.0,1,0.783364474773407,0.26730749011039734,0.5169199705123901,0.017005857080221176
5,97,False,0.0,1,0.7825243473052979,0.26760438084602356,0.5168033838272095,0.016940850764513016
5,98,False,0.0,1,0.7811614274978638,0.2691555321216583,0.516688346862793,0.016891637817025185
5,99,False,0.0,1,0.7803853750228882,0.2712377905845642,0.5167202353477478,0.016932586207985878
5,100,False,0.0,1,0.7805315256118774,0.27389535307884216,0.5166276693344116,0.016935115680098534
5,101,False,0.0,1,0.7828074097633362,0.27418196201324463,0.5164434909820557,0.01694716513156891
5,102,False,0.0,1,0.7848528623580933,0.27337950468063354,0.5164151191711426,0.016972791403532028
5,103,False,0.0,1,0.78575599193573,0.27347084879875183,0.5168272852897644,0.016914095729589462
5,104,False,0.0,1,0.7843093872070312,0.2736436128616333,0.5167968273162842,0.016888706013560295
5,105,False,0.0,1,0.7835266590118408,0.2743275463581085,0.5168116688728333,0.01691281981766224
5,106,False,0.0,1,0.7837820053100586,0.27240943908691406,0.5170090198516846,0.016944287344813347
5,107,False,0.0,1,0.7846835851669312,0.2719646096229553,0.5169128179550171,0.01691635511815548
5,108,False,0.0,1,0.7851492166519165,0.27175813913345337,0.5167603492736816,0.016904352232813835
5,109,False,0.0,1,0.7855691313743591,0.27182817459106445,0.5165089964866638,0.016880368813872337
5,110,False,0.0,1,0.785601019859314,0.2717945873737335,0.5163288116455078,0.016858814284205437
5,111,False,0.0,1,0.7856833934783936,0.2712295949459076,0.5174413919448853,0.017025547102093697
5,112,False,0.0,1,0.7850680351257324,0.27029329538345337,0.5171786546707153,0.016980119049549103
5,113,False,0.0,1,0.7829536199569702,0.26882240176200867,0.5170810222625732,0.01693873107433319
5,114,False,0.0,1,0.7789324522018433,0.2670184373855591,0.5171273946762085,0.017002984881401062
5,115,False,0.0,1,0.7755313515663147,0.265510618686676,0.5170985460281372,0.017015494406223297
5,116,False,0.0,1,0.7769896984100342,0.26620689034461975,0.5169931650161743,0.01704275794327259
5,117,False,0.0,1,0.7820546627044678,0.2672882080078125,0.5167688131332397,0.01702910289168358
5,118,False,0.0,1,0.7827591896057129,0.26783403754234314,0.5166628360748291,0.017028018832206726
5,119,False,0.0,1,0.7843143343925476,0.26779183745384216,0.5176928043365479,0.017394591122865677
6,0,False,0.0,0,0.7364990711212158,0.17414365708827972,0.5089225769042969,0.008838390931487083
6,1,False,0.0,1,0.8177103996276855,0.25220295786857605,0.5185916423797607,0.01777682639658451
6,2,False,0.0,1,0.8181312084197998,0.2515643537044525,0.5187201499938965,0.017752261832356453
6,3,False,0.0,1,0.8189943432807922,0.2504047155380249,0.5187250375747681,0.017773395404219627
6,4,False,0.0,1,0.8188856840133667,0.2500896155834198,0.5187510251998901,0.01768772304058075
6,5,False,0.0,1,0.8189529180526733,0.24993324279785156,0.5187941789627075,0.017543749883770943
6,6,False,0.0,1,0.819772481918335,0.24969175457954407,0.5188719034194946,0.017460867762565613
6,7,False,0.0,1,0.8206774592399597,0.2488989681005478,0.5201820135116577,0.01796143688261509
6,8,False,0.0,1,0.8214361667633057,0.24866488575935364,0.5201940536499023,0.017969105392694473
6,9,False,0.0,1,0.8217248916625977,0.2486753910779953,0.5203602313995361,0.01807503215968609
6,10,False,0.0,1,0.8215193748474121,0.2489023357629776,0.5204285383224487,0.018104178830981255
6,11,False,0.0,1,0.8213293552398682,0.24899479746818542,0.5203659534454346,0.018141236156225204
6,12,False,0.0,1,0.8211297988891602,0.24928079545497894,0.5202083587646484,0.018161330372095108
6,13,False,0.0,1,0.8210790157318115,0.24963803589344025,0.5202102065086365,0.018196089193224907
6,14,False,0.0,1,0.8207206726074219,0.24991436302661896,0.5202730894088745,0.018275786191225052
6,15,False,0.0,1,0.8185778856277466,0.2506087124347687,0.5214521288871765,0.018757158890366554
6,16,False,0.0,1,0.8163495659828186,0.25203633308410645,0.5213543772697449,0.018821239471435547
6,17,False,0.0,1,0.8149678111076355,0.25326743721961975,0.5211925506591797,0.018842551857233047
6,18,False,0.0,1,0.8120643496513367,0.2555672228336334,0.5211043357849121,0.01886378787457943
6,19,False,0.0,1,0.8099406361579895,0.2570234537124634,0.5210363864898682,0.018823571503162384
6,20,False,0.0,1,0.8088926076889038,0.25796473026275635,0.5207545757293701,0.018660780042409897
6,21,False,0.0,1,0.8075432777404785,0.25875329971313477,0.5205290913581848,0.018552977591753006
6,22,False,0.0,1,0.8048153519630432,0.26049408316612244,0.520285964012146,0.018519748002290726
6,23,False,0.0,1,0.8026264905929565,0.2626519501209259,0.5213857889175415,0.01885342411696911
6,24,False,0.0,1,0.8008601665496826,0.26524817943573,0.5215071439743042,0.018861934542655945
6,25,False,0.0,1,0.7990052700042725,0.26726001501083374,0.5215845704078674,0.018843835219740868
6,26,False,0.0,1,0.7965750694274902,0.26998162269592285,0.521743893623352,0.01896725594997406
6,27,False,0.0,1,0.7947344183921814,0.2722098231315613,0.5218793153762817,0.018990270793437958
6,28,True,0.03846153989434242,1,0.7951952815055847,0.2685602009296417,0.5213463306427002,0.018819445744156837
6,29,True,0.09340659528970718,1,0.7964662313461304,0.26383939385414124,0.5218222141265869,0.019010797142982483
6,30,True,0.14835165441036224,1,0.8030993938446045,0.2593855857849121,0.5214033722877502,0.018799355253577232
6,31,True,0.2032967060804367,1,0.8071494102478027,0.25713053345680237,0.5221405029296875,0.018914466723799706
6,32,True,0.25824177265167236,1,0.8062804937362671,0.2572573721408844,0.5224207639694214,0.01918165758252144
6,33,True,0.3131868243217468,1,0.8051669597625732,0.25802749395370483,0.522222101688385,0.019322767853736877
6,34,True,0.3681318759918213,1,0.8045781850814819,0.2579821050167084,0.5223249197006226,0.019357023760676384
6,35,True,0.42307692766189575,1,0.8054137229919434,0.2574874758720398,0.5224044322967529,0.0192776657640934
6,36,True,0.4780219793319702,1,0.8035881519317627,0.2574118971824646,0.5225206613540649,0.019347691908478737
6,37,True,0.5329670310020447,1,0.8030989170074463,0.2572803795337677,0.5224718451499939,0.019308140501379967
6,38,True,0.5879120826721191,1,0.8023337125778198,0.2568782567977905,0.5218091011047363,0.019186632707715034
6,39,True,0.6428571343421936,1,0.8022028803825378,0.25708797574043274,0.5221012234687805,0.019117267802357674
6,40,True,0.6978021860122681,1,0.8036342263221741,0.2568013370037079,0.5222321152687073,0.01926964893937111
6,41,True,0.7527472376823425,1,0.8043283820152283,0.25693103671073914,0.5224096775054932,0.01943354494869709
6,42,True,0.807692289352417,1,0.8046401143074036,0.25707903504371643,0.522316575050354,0.019312165677547455
6,43,True,0.8626373410224915,1,0.8054780960083008,0.2571929693222046,0.5219491720199585,0.01901249587535858
6,44,True,0.9175823926925659,1,0.8053196668624878,0.25565534830093384,0.5220158696174622,0.018812160938978195
6,45,True,0.9725274443626404,1,0.8067091107368469,0.25552281737327576,0.5224518775939941,0.01895270124077797
6,46,True,1.0,1,0.8045831918716431,0.25508826971054077,0.5215680599212646,0.018574267625808716
6,47,True,1.0,1,0.8049429655075073,0.2547653317451477,0.5220353007316589,0.018588505685329437
6,48,True,1.0,1,0.805101752281189,0.2546256482601166,0.5220445394515991,0.018598010763525963
6,49,True,1.0,1,0.8051631450653076,0.25451886653900146,0.522040843963623,0.018594514578580856
6,50,True,1.0,1,0.8052181005477905,0.2544924020767212,0.5220353603363037,0.01859339326620102
6,51,True,1.0,1,0.8052246570587158,0.2544679045677185,0.5220329761505127,0.01859302818775177
6,52,True,1.0,1,0.8052383661270142,0.2544524073600769,0.5220451354980469,0.01859084889292717
6,53,True,1.0,1,0.8052425384521484,0.2544519305229187,0.5220352411270142,0.018586736172437668
6,54,True,1.0,1,0.805243968963623,0.25445422530174255,0.5220363140106201,0.018587177619338036
6,55,True,1.0,1,0.8051716685295105,0.2545229196548462,0.5222159624099731,0.018667904660105705
6,56,True,1.0,1,0.805148184299469,0.25454288721084595,0.5222692489624023,0.018646081909537315
6,57,True,1.0,1,0.8051438331604004,0.25456783175468445,0.5222944617271423,0.018637152388691902
6,58,True,1.0,1,0.8051400184631348,0.2545745372772217,0.5223222374916077,0.01863507367670536
6,59,True,1.0,1,0.8051331043243408,0.2545715868473053,0.5223168134689331,0.01862643100321293
6,60,True,1.0,1,0.80513596534729,0.25457441806793213,0.5223135352134705,0.01862313598394394
6,61,True,1.0,1,0.8051354885101318,0.25457319617271423,0.522315502166748,0.0186249278485775
6,62,True,1.0,1,0.8051326274871826,0.25457268953323364,0.5223180055618286,0.01862654834985733
6,63,True,1.0,1,0.8051141500473022,0.25455787777900696,0.5223765969276428,0.018542896956205368
6,64,True,1.0,1,0.8050967454910278,0.2545623481273651,0.5224366188049316,0.01850803568959236
6,65,True,1.0,1,0.8050786256790161,0.25456950068473816,0.5224688053131104,0.018492398783564568
6,66,True,1.0,1,0.8050786256790161,0.254582941532135,0.5224788188934326,0.01848720759153366
6,67,True,1.0,1,0.805068850517273,0.2545768916606903,0.5224892497062683,0.018483877182006836
6,68,True,1.0,1,0.8050733804702759,0.25458353757858276,0.5225015878677368,0.018482299521565437
6,69,False,0.0,1,0.7953397631645203,0.26777178049087524,0.5239112973213196,0.01924780011177063
6,70,False,0.0,1,0.7936850786209106,0.26850563287734985,0.5236616730690002,0.019101031124591827
6,71,False,0.0,1,0.7916146516799927,0.26875534653663635,0.5237587094306946,0.018815778195858
6,72,False,0.0,1,0.7911598682403564,0.26909542083740234,0.5238280296325684,0.018745342269539833
6,73,False,0.0,1,0.7907564043998718,0.2689458727836609,0.5241822004318237,0.0187649205327034
6,74,False,0.0,1,0.7897794246673584,0.2697475552558899,0.5240848064422607,0.018699023872613907
6,75,False,0.0,1,0.7881426215171814,0.27205315232276917,0.524078905582428,0.018742412328720093
6,76,False,0.0,1,0.7868558168411255,0.27288225293159485,0.5240349769592285,0.01877721957862377
6,77,False,0.0,1,0.787345290184021,0.2729174792766571,0.5239221453666687,0.018837613984942436
6,78,False,0.0,1,0.7872457504272461,0.27244165539741516,0.5239214897155762,0.01892869919538498
6,79,False,0.0,1,0.7876046895980835,0.27056071162223816,0.5238571166992188,0.018694361671805382
6,80,False,0.0,1,0.7889631390571594,0.26956284046173096,0.5236502885818481,0.018644604831933975
6,81,False,0.0,1,0.7898474931716919,0.2705993354320526,0.5235751867294312,0.01871574856340885
6,82,False,0.0,1,0.789454996585846,0.2703710198402405,0.5235345363616943,0.018705526366829872
6,83,False,0.0,1,0.7881085276603699,0.2698972225189209,0.5235097408294678,0.018723681569099426
6,84,False,0.0,1,0.7866522073745728,0.2688312232494354,0.5234335064888,0.018728535622358322
6,85,False,0.0,1,0.7849907875061035,0.26690444350242615,0.5234017968177795,0.01875254511833191
6,86,False,0.0,1,0.7845001220703125,0.2654757499694824,0.5234191417694092,0.01876111328601837
6,87,False,0.0,1,0.7879844903945923,0.2656949460506439,0.5235310792922974,0.018571550026535988
6,88,False,0.0,1,0.7913951873779297,0.2653956115245819,0.523612380027771,0.018540790304541588
6,89,False,0.0,1,0.7929000854492188,0.265025794506073,0.5237156748771667,0.018545452505350113
6,90,False,0.0,1,0.79302978515625,0.2643311619758606,0.5238082408905029,0.01855541206896305
6,91,False,0.0,1,0.7929647564888,0.26387742161750793,0.5237420797348022,0.018465768545866013
7,0,False,0.0,0,0.7220816612243652,0.18632128834724426,0.5118370652198792,0.009492823854088783
7,1,False,0.0,1,0.8090053796768188,0.26062798500061035,0.5256892442703247,0.018705694004893303
7,2,False,0.0,1,0.8087085485458374,0.25980380177497864,0.5258946418762207,0.018747467547655106
7,3,False,0.0,1,0.8093887567520142,0.25962692499160767,0.525952935218811,0.01865401491522789
7,4,False,0.0,1,0.8094818592071533,0.2592785656452179,0.5261576175689697,0.01876874454319477
7,5,False,0.0,1,0.8092997074127197,0.2592548429965973,0.5262495279312134,0.01879224181175232
7,6,False,0.0,1,0.8090609312057495,0.2596113979816437,0.5262925624847412,0.01888852007687092
7,7,False,0.0,1,0.8088538646697998,0.2598588168621063,0.5264232754707336,0.01896280236542225
7,8,False,0.0,1,0.8087989091873169,0.26060548424720764,0.5263853073120117,0.018977465108036995
7,9,False,0.0,1,0.8085317611694336,0.2607949674129486,0.5263158082962036,0.01900637336075306
7,10,False,0.0,1,0.8087680339813232,0.26052922010421753,0.5264830589294434,0.019187679514288902
7,11,False,0.0,1,0.8096082806587219,0.26000306010246277,0.5263408422470093,0.019122153520584106
7,12,False,0.0,1,0.8101474046707153,0.2599547803401947,0.5262378454208374,0.019029714167118073
7,13,False,0.0,1,0.8099279999732971,0.259855717420578,0.5261929035186768,0.019032064825296402
7,14,False,0.0,1,0.8099173307418823,0.26041850447654724,0.526107907295227,0.019001776352524757
7,15,False,0.0,1,0.8097724914550781,0.26009780168533325,0.5259957313537598,0.018992798402905464
7,16,False,0.0,1,0.810038685798645,0.26026877760887146,0.5258597731590271,0.018949253484606743
7,17,False,0.0,1,0.8098239898681641,0.26021119952201843,0.5257638692855835,0.018956758081912994
7,18,False,0.0,1,0.8098645210266113,0.2601209878921509,0.5257958173751831,0.01898571290075779
7,19,False,0.0,1,0.8094395399093628,0.26016557216644287,0.5260427594184875,0.019127558916807175
7,20,False,0.0,1,0.8090111017227173,0.2602044343948364,0.526287317276001,0.019085226580500603
7,21,False,0.0,1,0.8084347248077393,0.2612283527851105,0.5263675451278687,0.01904819719493389
7,22,False,0.0,1,0.8080300092697144,0.261550635099411,0.5265214443206787,0.01903957687318325
7,23,False,0.0,1,0.8076337575912476,0.26177358627319336,0.5265664458274841,0.019067080691456795
7,24,False,0.0,1,0.8065483570098877,0.26222583651542664,0.5265660285949707,0.019043762236833572
7,25,False,0.0,1,0.8064740896224976,0.26282551884651184,0.5265216827392578,0.019022103399038315
7,26,False,0.0,1,0.8054021596908569,0.2626532316207886,0.5265657901763916,0.018986476585268974
7,27,False,0.0,1,0.8050005435943604,0.2625751495361328,0.5266104936599731,0.019104672595858574
7,28,False,0.0,1,0.8044310808181763,0.26286715269088745,0.5266282558441162,0.019047249108552933
7,29,False,0.0,1,0.8033183813095093,0.26343950629234314,0.5266313552856445,0.018961282446980476
7,30,False,0.0,1,0.8025882244110107,0.2631523311138153,0.5263990163803101,0.018836956471204758
7,31,False,0.0,1,0.8019200563430786,0.26430103182792664,0.5265929698944092,0.018917294219136238
7,32,False,0.0,1,0.8017948865890503,0.26497748494148254,0.526465654373169,0.018915824592113495
7,33,False,0.0,1,0.8016214370727539,0.2653219401836395,0.5263386964797974,0.018942076712846756
7,34,False,0.0,1,0.800987184047699,0.2651381492614746,0.5262154340744019,0.018901731818914413
7,35,False,0.0,1,0.8008410930633545,0.2655103802680969,0.526617169380188,0.019468190148472786
7,36,False,0.0,1,0.8005331754684448,0.2666293978691101,0.5263733863830566,0.01952265575528145
7,37,False,0.0,1,0.7999916076660156,0.2673228085041046,0.5263764262199402,0.019496668130159378
7,38,False,0.0,1,0.7993265986442566,0.2685605585575104,0.5265932083129883,0.019510071724653244
7,39,False,0.0,1,0.798033595085144,0.26932093501091003,0.5266633033752441,0.01948677934706211
7,40,False,0.0,1,0.7962238788604736,0.27022165060043335,0.5266530513763428,0.019508428871631622
7,41,False,0.0,1,0.7955378293991089,0.27091825008392334,0.5265704989433289,0.01951618120074272
7,42,False,0.0,1,0.7948360443115234,0.27110978960990906,0.5266667604446411,0.01949811726808548
7,43,False,0.0,1,0.793486475944519,0.2722850739955902,0.5272011160850525,0.020130310207605362
7,44,False,0.0,1,0.791610062122345,0.2729550898075104,0.5271885395050049,0.0200535636395216
7,45,False,0.0,1,0.7904568910598755,0.27454984188079834,0.5272790789604187,0.02005624957382679
7,46,False,0.0,1,0.7901266813278198,0.27525466680526733,0.5274994373321533,0.0201850775629282
7,47,False,0.0,1,0.7902084589004517,0.27528616786003113,0.527414083480835,0.020135050639510155
7,48,False,0.0,1,0.7902845740318298,0.2755957841873169,0.5273969173431396,0.020146863535046577
7,49,False,0.0,1,0.7906477451324463,0.27446553111076355,0.5272287130355835,0.0200678538531065
7,50,False,0.0,1,0.7915722131729126,0.27399003505706787,0.5270893573760986,0.020044421777129173
7,51,False,0.0,1,0.7921277284622192,0.2733936607837677,0.5276851654052734,0.02059963531792164
7,52,False,0.0,1,0.7932469844818115,0.2726336717605591,0.5277965068817139,0.02071325108408928
7,53,False,0.0,1,0.7931398153305054,0.2724093198776245,0.5277115106582642,0.020656488835811615
7,54,False,0.0,1,0.7931085824966431,0.27235299348831177,0.5276828408241272,0.02061990462243557
7,55,False,0.0,1,0.7942665815353394,0.2713068723678589,0.5276747345924377,0.02061273157596588
7,56,False,0.0,1,0.7964118719100952,0.26908114552497864,0.5276824235916138,0.020576991140842438
7,57,False,0.0,1,0.797061562538147,0.26857876777648926,0.5276228785514832,0.020559851080179214
7,58,False,0.0,1,0.797588586807251,0.2681215703487396,0.5276196002960205,0.020521337166428566
7,59,False,0.0,1,0.7981307506561279,0.26757708191871643,0.528207004070282,0.020815616473555565
7,60,False,0.0,1,0.7998011112213135,0.2659758925437927,0.5281308889389038,0.020697135478258133
7,61,False,0.0,1,0.7997575998306274,0.2649925649166107,0.528180718421936,0.020753605291247368
7,62,False,0.0,1,0.8001769185066223,0.26404595375061035,0.5282236337661743,0.02079339139163494
7,63,False,0.0,1,0.8005969524383545,0.2633022964000702,0.528264582157135,0.020820844918489456
7,64,False,0.0,1,0.8004962801933289,0.2627047002315521,0.5282472372055054,0.02085353061556816
7,65,False,0.0,1,0.8021403551101685,0.26107850670814514,0.5284596085548401,0.020956674590706825
7,66,False,0.0,1,0.8038263320922852,0.2593563497066498,0.5284477472305298,0.020965635776519775
7,67,False,0.0,1,0.8046643733978271,0.258507639169693,0.5292121171951294,0.021321842446923256
7,68,False,0.0,1,0.8066633939743042,0.2564530670642853,0.5293592214584351,0.021346857771277428
7,69,False,0.0,1,0.8064814805984497,0.2551195025444031,0.5294462442398071,0.021340398117899895
7,70,False,0.0,1,0.8075148463249207,0.2535398304462433,0.5296276807785034,0.02146909572184086
7,71,False,0.0,1,0.8080837726593018,0.25305718183517456,0.5298181176185608,0.021600710228085518
7,72,False,0.0,1,0.8096252083778381,0.2530498504638672,0.5298044085502625,0.021556615829467773
7,73,False,0.0,1,0.8091704845428467,0.25420087575912476,0.5298654437065125,0.021544529125094414
7,74,False,0.0,1,0.8094668388366699,0.25476232171058655,0.5299177765846252,0.021502310410141945
7,75,False,0.0,1,0.8097795248031616,0.2550504803657532,0.5303884744644165,0.021710233762860298
7,76,False,0.0,1,0.8103283047676086,0.2547145485877991,0.530421257019043,0.021734783425927162
7,77,False,0.0,1,0.8100235462188721,0.25449618697166443,0.5304378271102905,0.021724611520767212
7,78,False,0.0,1,0.8095321655273438,0.2543744146823883,0.5305037498474121,0.02171928621828556
7,79,False,0.0,1,0.809346079826355,0.2546336352825165,0.5306240320205688,0.021760916337370872
7,80,False,0.0,1,0.8097161054611206,0.2547658383846283,0.5306688547134399,0.021761378273367882
7,81,False,0.0,1,0.8093985319137573,0.25482672452926636,0.530821681022644,0.021786032244563103
7,82,False,0.0,1,0.807564914226532,0.25479039549827576,0.530800461769104,0.021762626245617867
7,83,False,0.0,1,0.8057675361633301,0.2560045123100281,0.5312285423278809,0.02177981659770012
7,84,False,0.0,1,0.8041710257530212,0.25756150484085083,0.5311939716339111,0.02182651124894619
7,85,False,0.0,1,0.8033024072647095,0.25879696011543274,0.5310859084129333,0.021855812519788742
7,86,False,0.0,1,0.8013089895248413,0.2595132887363434,0.530928909778595,0.021810736507177353
7,87,False,0.0,1,0.8000340461730957,0.2610786259174347,0.5307580232620239,0.02171364426612854
7,88,False,0.0,1,0.7983566522598267,0.262370228767395,0.5304887890815735,0.02163015492260456
7,89,False,0.0,1,0.7961537837982178,0.2641807794570923,0.5304979085922241,0.02173827588558197
7,90,False,0.0,1,0.7948083281517029,0.2661033272743225,0.5304757356643677,0.021668680012226105
7,91,False,0.0,1,0.7930893898010254,0.26707130670547485,0.5308688282966614,0.021716341376304626
7,92,False,0.0,1,0.7915716171264648,0.2683960497379303,0.5307366847991943,0.021681055426597595
7,93,False,0.0,1,0.7899211049079895,0.2702825367450714,0.5306206345558167,0.021581057459115982
7,94,False,0.0,1,0.788070797920227,0.271280974149704,0.530585765838623,0.021580781787633896
7,95,False,0.0,1,0.7867684364318848,0.2717999219894409,0.5304286479949951,0.02143397182226181
7,96,False,0.0,1,0.7860780358314514,0.27267131209373474,0.5304864645004272,0.021342754364013672
7,97,False,0.0,1,0.7858346700668335,0.274715781211853,0.5305001139640808,0.02131340652704239
7,98,False,0.0,1,0.7859730124473572,0.2757190465927124,0.5308201313018799,0.021464712917804718
7,99,False,0.0,1,0.7863622307777405,0.2761926054954529,0.5310379266738892,0.02169371396303177
7,100,False,0.0,1,0.786893367767334,0.27563413977622986,0.5310297012329102,0.02169729582965374
7,101,False,0.0,1,0.7876215577125549,0.274820476770401,0.5310848951339722,0.021735144779086113
7,102,False,0.0,1,0.7885803580284119,0.27418753504753113,0.5310215950012207,0.021740352734923363
7,103,False,0.0,1,0.789115309715271,0.2737624943256378,0.5309605598449707,0.02177673950791359
7,104,False,0.0,1,0.789557695388794,0.2732378840446472,0.530976414680481,0.021796513348817825
7,105,False,0.0,1,0.7901627421379089,0.2721248269081116,0.5309531688690186,0.021802140399813652
7,106,False,0.0,1,0.7909754514694214,0.2710321247577667,0.5307955741882324,0.021681183949112892
7,107,False,0.0,1,0.7914427518844604,0.2696745693683624,0.5304108262062073,0.021614929661154747
7,108,False,0.0,1,0.7918167114257812,0.2693294882774353,0.5303879976272583,0.021617207676172256
7,109,False,0.0,1,0.7915775179862976,0.26869890093803406,0.5302785634994507,0.02157123200595379
7,110,False,0.0,1,0.7923980951309204,0.26781967282295227,0.5300820469856262,0.021465839818120003
7,111,False,0.0,1,0.792460560798645,0.2673560082912445,0.5298562049865723,0.0213996060192585
7,112,False,0.0,1,0.7927973866462708,0.26679882407188416,0.5298235416412354,0.021431615576148033
7,113,False,0.0,1,0.7931932210922241,0.2665300667285919,0.5297081470489502,0.021413177251815796
7,114,False,0.0,1,0.7939839959144592,0.2665163576602936,0.5295100212097168,0.02133697085082531
7,115,False,0.0,1,0.7941975593566895,0.2664153277873993,0.529507577419281,0.021392900496721268
7,116,False,0.0,1,0.7948973178863525,0.2661707401275635,0.5294455885887146,0.021274225786328316
7,117,False,0.0,1,0.7965799570083618,0.26571476459503174,0.5293896794319153,0.021160701289772987
7,118,False,0.0,1,0.7978607416152954,0.2655285894870758,0.5295222997665405,0.021237090229988098
7,119,False,0.0,1,0.7990577220916748,0.26591822504997253,0.5297645330429077,0.021283399313688278
7,120,False,0.0,1,0.8001072406768799,0.2660762071609497,0.5297645330429077,0.021325385197997093
7,121,False,0.0,1,0.8006216287612915,0.2658679783344269,0.5296831130981445,0.021291550248861313
7,122,False,0.0,1,0.80064857006073,0.2659471035003662,0.5295677185058594,0.021262671798467636
7,123,False,0.0,1,0.8007038831710815,0.2663806080818176,0.5295265913009644,0.021082153543829918
7,124,False,0.0,1,0.8006128072738647,0.26688361167907715,0.5295652151107788,0.021084925159811974
7,125,False,0.0,1,0.8005355000495911,0.2674085795879364,0.5295159220695496,0.021033916622400284
7,126,False,0.0,1,0.8003565669059753,0.26762357354164124,0.5295007824897766,0.02105272002518177
7,127,False,0.0,1,0.8002039194107056,0.2677590847015381,0.5294650793075562,0.021083137020468712
7,128,False,0.0,1,0.8001611232757568,0.26789426803588867,0.5294013023376465,0.021055685356259346
8,0,False,0.0,0,0.7360856533050537,0.18395186960697174,0.5126413106918335,0.01050108578056097
8,1,False,0.0,1,0.8170948028564453,0.2557235658168793,0.5310046672821045,0.021087050437927246
8,2,False,0.0,1,0.8175750374794006,0.25545740127563477,0.5312919616699219,0.020875871181488037
8,3,False,0.0,1,0.8171536922454834,0.2549511790275574,0.5314831733703613,0.020914800465106964
8,4,False,0.0,1,0.8168342113494873,0.2544980049133301,0.5316992998123169,0.020956451073288918
8,5,False,0.0,1,0.8164663910865784,0.25457698106765747,0.5316293239593506,0.020980417728424072
8,6,False,0.0,1,0.8151511549949646,0.25527670979499817,0.5315324068069458,0.020964426919817924
8,7,False,0.0,1,0.8139781951904297,0.25619077682495117,0.5313397645950317,0.02089286968111992
8,8,False,0.0,1,0.8126317858695984,0.25732260942459106,0.5312241911888123,0.020912084728479385
8,9,False,0.0,1,0.8097590208053589,0.25912919640541077,0.5311532616615295,0.020871758460998535
8,10,False,0.0,1,0.8072030544281006,0.2607744634151459,0.531351625919342,0.020369263365864754
8,11,False,0.0,1,0.8050283789634705,0.26202526688575745,0.5312137603759766,0.020340653136372566
8,12,False,0.0,1,0.8029465675354004,0.2631649971008301,0.530988335609436,0.02026280015707016
8,13,False,0.0,1,0.8019688129425049,0.26473259925842285,0.5308551788330078,0.020242314785718918
8,14,False,0.0,1,0.8004456162452698,0.26679253578186035,0.5308789014816284,0.020265625789761543
8,15,False,0.0,1,0.7993288040161133,0.26859724521636963,0.5308905243873596,0.02026626467704773
8,16,False,0.0,1,0.7977007627487183,0.2707398235797882,0.5310479998588562,0.020358260720968246
8,17,False,0.0,1,0.7956176996231079,0.27258434891700745,0.5309095978736877,0.020334143191576004
8,18,False,0.0,1,0.7935353517532349,0.27426186203956604,0.5310553908348083,0.01993476040661335
8,19,False,0.0,1,0.7919844388961792,0.27559664845466614,0.5312765836715698,0.01994411088526249
8,20,False,0.0,1,0.7900981903076172,0.2776504158973694,0.5310841202735901,0.01992693729698658
8,21,False,0.0,1,0.7887375354766846,0.27856338024139404,0.5309441089630127,0.019926447421312332
8,22,False,0.0,1,0.7880589962005615,0.2787493169307709,0.5310399532318115,0.01988990604877472
8,23,False,0.0,1,0.78737473487854,0.2791845202445984,0.5308287143707275,0.019751815125346184
8,24,False,0.0,1,0.787469208240509,0.2788678705692291,0.5307174324989319,0.01975376531481743
8,25,False,0.0,1,0.7882026433944702,0.2781406044960022,0.5306484699249268,0.019742989912629128
8,26,False,0.0,1,0.7886576652526855,0.2785036563873291,0.5309250354766846,0.01955011859536171
8,27,False,0.0,1,0.788794755935669,0.2781129479408264,0.5310252904891968,0.019632915034890175
8,28,False,0.0,1,0.7900291681289673,0.2773258090019226,0.531001627445221,0.019616052508354187
8,29,False,0.0,1,0.7913268804550171,0.2764909565448761,0.5308687090873718,0.019643105566501617
8,30,False,0.0,1,0.7917863130569458,0.2769244313240051,0.5309034585952759,0.019672822207212448
8,31,False,0.0,1,0.7916553616523743,0.2772039473056793,0.5308769345283508,0.019685324281454086
8,32,False,0.0,1,0.791678249835968,0.27714064717292786,0.5309594869613647,0.019711164757609367
8,33,False,0.0,1,0.7915205359458923,0.2768847644329071,0.5309749841690063,0.019714972004294395
8,34,False,0.0,1,0.7914178967475891,0.276213675737381,0.5315405130386353,0.019661029800772667
8,35,False,0.0,1,0.7910568714141846,0.27551254630088806,0.5315704941749573,0.019632475450634956
8,36,False,0.0,1,0.791094183921814,0.27491524815559387,0.5315744876861572,0.01965363137423992
8,37,False,0.0,1,0.7913889288902283,0.27416250109672546,0.5314455032348633,0.019537270069122314
8,38,False,0.0,1,0.792464554309845,0.27319350838661194,0.5314809083938599,0.01958623342216015
8,39,False,0.0,1,0.7944050431251526,0.27170607447624207,0.5314555168151855,0.01955188624560833
8,40,False,0.0,1,0.7968930006027222,0.2694312036037445,0.5313880443572998,0.01959139294922352
8,41,False,0.0,1,0.7977820634841919,0.26809340715408325,0.5313382744789124,0.019663814455270767
8,42,False,0.0,1,0.7979308366775513,0.26708999276161194,0.5315531492233276,0.019483765587210655
8,43,False,0.0,1,0.7982779741287231,0.2665140628814697,0.531491756439209,0.019484298303723335
8,44,False,0.0,1,0.7981065511703491,0.2663293480873108,0.531514048576355,0.0195589829236269
8,45,False,0.0,1,0.797837495803833,0.2668024003505707,0.5314417481422424,0.019599178805947304
8,46,False,0.0,1,0.798525333404541,0.26691409945487976,0.5315870046615601,0.0197063647210598
8,47,False,0.0,1,0.7996425628662109,0.2668042480945587,0.53162682056427,0.019794262945652008
8,48,False,0.0,1,0.80079185962677,0.26677802205085754,0.5318633913993835,0.01987900771200657
8,49,False,0.0,1,0.800745964050293,0.26599523425102234,0.5320761203765869,0.019969912245869637
8,50,False,0.0,1,0.8025768995285034,0.26492607593536377,0.5325531959533691,0.01985885016620159
8,51,False,0.0,1,0.8033227324485779,0.26437973976135254,0.532548189163208,0.01986599899828434
8,52,False,0.0,1,0.8041917085647583,0.2628192603588104,0.5325376987457275,0.019801735877990723
8,53,False,0.0,1,0.804885983467102,0.26234692335128784,0.5324296951293945,0.019696135073900223
8,54,False,0.0,1,0.8054153919219971,0.2616208791732788,0.5324978828430176,0.01960788480937481
8,55,False,0.0,1,0.8059887290000916,0.2612469494342804,0.5324748158454895,0.01952413283288479
8,56,False,0.0,1,0.8060734868049622,0.26093360781669617,0.5325191020965576,0.01957932487130165
8,57,False,0.0,1,0.8065102100372314,0.26084327697753906,0.5325918197631836,0.019584575667977333
8,58,False,0.0,1,0.8067312836647034,0.2604663372039795,0.5328339338302612,0.019497478380799294
8,59,False,0.0,1,0.8066543936729431,0.25997957587242126,0.53302001953125,0.019593968987464905
8,60,False,0.0,1,0.8063393831253052,0.2591346502304077,0.5331136584281921,0.019634343683719635
8,61,False,0.0,1,0.8062744140625,0.2579803764820099,0.5331209301948547,0.019601332023739815
8,62,False,0.0,1,0.804241418838501,0.2569952607154846,0.5331548452377319,0.019642744213342667
8,63,False,0.0,1,0.8011152744293213,0.25627976655960083,0.5331935882568359,0.019664129242300987
8,64,False,0.0,1,0.7966456413269043,0.25669243931770325,0.5331224799156189,0.019635530188679695
8,65,False,0.0,1,0.7933173179626465,0.25768786668777466,0.5328531861305237,0.019516561180353165
8,66,False,0.0,1,0.7917444705963135,0.25983381271362305,0.5329456329345703,0.01956154778599739
8,67,False,0.0,1,0.790302038192749,0.2620585858821869,0.5330452919006348,0.019694311544299126
8,68,False,0.0,1,0.7892361283302307,0.2633976638317108,0.5328413248062134,0.01959526538848877
8,69,False,0.0,1,0.7885971069335938,0.26446110010147095,0.5327141284942627,0.019444474950432777
8,70,False,0.0,1,0.7895677089691162,0.2656436264514923,0.5326568484306335,0.019355090335011482
8,71,False,0.0,1,0.7882369756698608,0.2671445906162262,0.5327266454696655,0.019392548128962517
8,72,False,0.0,1,0.7881068587303162,0.26953426003456116,0.5325199961662292,0.019342537969350815
8,73,False,0.0,1,0.7884933352470398,0.27081558108329773,0.5324807167053223,0.019265249371528625
8,74,False,0.0,1,0.7870458960533142,0.27213433384895325,0.5326390266418457,0.0191507488489151
8,75,False,0.0,1,0.7853151559829712,0.27407538890838623,0.5327568054199219,0.019250407814979553
8,76,False,0.0,1,0.7837508916854858,0.27694419026374817,0.5326836705207825,0.01920659840106964
8,77,False,0.0,1,0.7835812568664551,0.2773468792438507,0.5329121351242065,0.019283948466181755
8,78,False,0.0,1,0.7839099764823914,0.2770775556564331,0.5328709483146667,0.019251203164458275
8,79,False,0.0,1,0.7845548391342163,0.27723026275634766,0.5326718091964722,0.019164618104696274
8,80,False,0.0,1,0.7851780652999878,0.2774336338043213,0.5327003002166748,0.01914314553141594
8,81,False,0.0,1,0.7854228019714355,0.27791881561279297,0.532700777053833,0.01909167505800724
8,82,False,0.0,1,0.7859212160110474,0.2777278423309326,0.5325474143028259,0.018884485587477684
8,83,False,0.0,1,0.7859534025192261,0.277044415473938,0.5323653817176819,0.01883566565811634
8,84,False,0.0,1,0.7860668897628784,0.2763063609600067,0.5324413180351257,0.018886961042881012
8,85,False,0.0,1,0.7861977815628052,0.27475911378860474,0.53236323595047,0.018887918442487717
8,86,False,0.0,1,0.7869843244552612,0.2727147340774536,0.5322401523590088,0.018883710727095604
8,87,False,0.0,1,0.787811279296875,0.2710075378417969,0.5321362018585205,0.01883683167397976
8,88,False,0.0,1,0.7889347076416016,0.2695835828781128,0.5321254730224609,0.01882249303162098
8,89,False,0.0,1,0.789595365524292,0.2690618634223938,0.532082200050354,0.018831638619303703
8,90,False,0.0,1,0.7904030680656433,0.2688801884651184,0.5319119691848755,0.018797071650624275
8,91,False,0.0,1,0.7902510166168213,0.2699020206928253,0.5318058133125305,0.01883189007639885
8,92,False,0.0,1,0.7895825505256653,0.270843505859375,0.5317515134811401,0.018887903541326523
8,93,False,0.0,1,0.7883414030075073,0.2710665464401245,0.5316285490989685,0.01883763074874878
8,94,False,0.0,1,0.7862798571586609,0.2719525694847107,0.5316472053527832,0.01884227991104126
8,95,False,0.0,1,0.7859840393066406,0.27131906151771545,0.5314487218856812,0.018694711849093437
8,96,False,0.0,1,0.7879476547241211,0.2701369822025299,0.531375527381897,0.01871238276362419
8,97,False,0.0,1,0.7885164022445679,0.2698763906955719,0.5315247774124146,0.01876647397875786
8,98,False,0.0,1,0.7876940965652466,0.26955336332321167,0.5309325456619263,0.018869826570153236
8,99,False,0.0,1,0.787175178527832,0.269267201423645,0.5309208631515503,0.01897011324763298
8,100,False,0.0,1,0.7882234454154968,0.2688269317150116,0.530756413936615,0.018913397565484047
9,0,False,0.0,0,0.7062909603118896,0.17295412719249725,0.5147818922996521,0.01004679687321186
9,1,False,0.0,1,0.8168874979019165,0.24514129757881165,0.5310543775558472,0.019277801737189293
9,2,False,0.0,1,0.8170890808105469,0.24511456489562988,0.5310776233673096,0.019286783412098885
9,3,False,0.0,1,0.8173747062683105,0.244678795337677,0.5311264991760254,0.01925201714038849
9,4,False,0.0,1,0.8202357292175293,0.24522782862186432,0.5312007665634155,0.01934107206761837
9,5,False,0.0,1,0.8206040859222412,0.24570000171661377,0.5305616855621338,0.01940225437283516
9,6,False,0.0,1,0.8209133148193359,0.24534094333648682,0.5306230783462524,0.01957489736378193
9,7,False,0.0,1,0.8208013772964478,0.24575164914131165,0.5307310819625854,0.019706914201378822
9,8,False,0.0,1,0.8209531307220459,0.24623732268810272,0.5308998823165894,0.01981418952345848
9,9,False,0.0,1,0.8208221197128296,0.24671384692192078,0.5311281085014343,0.019951729103922844
9,10,False,0.0,1,0.8213520050048828,0.24601781368255615,0.530900239944458,0.01998944580554962
9,11,False,0.0,1,0.8219135999679565,0.2456876039505005,0.5304695963859558,0.019875353202223778
9,12,False,0.0,1,0.8221782445907593,0.24582551419734955,0.5303563475608826,0.019782504066824913
9,13,False,0.0,1,0.8229299783706665,0.24592526257038116,0.5299085378646851,0.01975918933749199
9,14,False,0.0,1,0.8224114179611206,0.24685725569725037,0.5299875736236572,0.019747987389564514
9,15,False,0.0,1,0.8217560052871704,0.2478153258562088,0.5299665927886963,0.01968567445874214
9,16,False,0.0,1,0.8217481970787048,0.2480476200580597,0.5298992991447449,0.019650038331747055
9,17,False,0.0,1,0.8208237886428833,0.24880562722682953,0.5298296213150024,0.019659260287880898
9,18,False,0.0,1,0.8198449611663818,0.25003767013549805,0.5300148725509644,0.019693752750754356
9,19,False,0.0,1,0.8191556930541992,0.25090134143829346,0.5298579931259155,0.019570108503103256
9,20,False,0.0,1,0.817702054977417,0.2519444525241852,0.5301328897476196,0.01969209313392639
9,21,False,0.0,1,0.8153719305992126,0.25422993302345276,0.5298551917076111,0.019659243524074554
9,22,False,0.0,1,0.8148950338363647,0.25510910153388977,0.5297927856445312,0.01965610310435295
9,23,False,0.0,1,0.8137243390083313,0.25608113408088684,0.5298333168029785,0.019658926874399185
9,24,False,0.0,1,0.8125799894332886,0.25746950507164,0.5300228595733643,0.019708646461367607
9,25,False,0.0,1,0.809928297996521,0.25968030095100403,0.5301119089126587,0.019774865359067917
9,26,False,0.0,1,0.8089547157287598,0.2600962519645691,0.5301487445831299,0.01983577571809292
9,27,False,0.0,1,0.8060256838798523,0.261152982711792,0.5300495624542236,0.01980692148208618
9,28,False,0.0,1,0.8045799732208252,0.2624795138835907,0.5298406481742859,0.01977761648595333
9,29,False,0.0,1,0.8034070730209351,0.26371651887893677,0.5299422144889832,0.019905008375644684
9,30,False,0.0,1,0.8008270859718323,0.26558718085289,0.5302603244781494,0.020009063184261322
9,31,False,0.0,1,0.7977576851844788,0.2688634991645813,0.5305514335632324,0.020130986347794533
9,32,False,0.0,1,0.7962885499000549,0.2701082229614258,0.5307365655899048,0.020190313458442688
9,33,False,0.0,1,0.7945458889007568,0.27252495288848877,0.5304666757583618,0.0200447216629982
9,34,False,0.0,1,0.7935149669647217,0.27299559116363525,0.5304464101791382,0.01996704377233982
9,35,False,0.0,1,0.7928527593612671,0.2729189395904541,0.5305121541023254,0.01997748203575611
9,36,False,0.0,1,0.7925128936767578,0.2733573913574219,0.5304609537124634,0.019900957122445107
9,37,False,0.0,1,0.7923164367675781,0.2732223868370056,0.5304506421089172,0.020025331526994705
9,38,False,0.0,1,0.7909539937973022,0.2725233733654022,0.5306007862091064,0.0200614333152771
9,39,False,0.0,1,0.7907682061195374,0.27214550971984863,0.5305726528167725,0.020055003464221954
9,40,False,0.0,1,0.7915761470794678,0.2703480124473572,0.5303601026535034,0.019903508946299553
9,41,False,0.0,1,0.7921956181526184,0.2686915099620819,0.5303679704666138,0.019933123141527176
9,42,True,0.021739130839705467,1,0.7933313846588135,0.26714280247688293,0.5299792885780334,0.019767997786402702
9,43,True,0.05797101557254791,1,0.7933071255683899,0.2662124037742615,0.5301392078399658,0.01983843930065632
9,44,True,0.09420289844274521,1,0.7937547564506531,0.2657838761806488,0.5300883054733276,0.019751515239477158
9,45,True,0.1304347813129425,1,0.7939630150794983,0.2661609649658203,0.5301748514175415,0.0198845062404871
9,46,True,0.1666666716337204,1,0.7940402030944824,0.26643121242523193,0.5302194356918335,0.019845478236675262
9,47,True,0.2028985470533371,1,0.7946939468383789,0.26647835969924927,0.5304080247879028,0.019965173676609993
9,48,True,0.239130437374115,1,0.7951232194900513,0.26663973927497864,0.5304161310195923,0.02004363015294075
9,49,True,0.2753623127937317,1,0.7952122688293457,0.26630231738090515,0.5299404859542847,0.019792720675468445
9,50,True,0.3115941882133484,1,0.7955065965652466,0.2675692141056061,0.529727578163147,0.019675470888614655
9,51,True,0.3478260934352875,1,0.7952520847320557,0.26804491877555847,0.5296906232833862,0.01961757428944111
9,52,True,0.3840579688549042,1,0.7940526008605957,0.2693328261375427,0.5296972990036011,0.01968689076602459
9,53,True,0.4202898442745209,1,0.7951900959014893,0.2674427926540375,0.5299739241600037,0.019790688529610634
9,54,True,0.45652174949645996,1,0.7952009439468384,0.2665514647960663,0.5300322771072388,0.019735515117645264
9,55,True,0.49275362491607666,1,0.7965177297592163,0.26500511169433594,0.5297147035598755,0.019600575789809227
9,56,True,0.5289855003356934,1,0.7996441125869751,0.2638159394264221,0.5294472575187683,0.0194395724684
9,57,True,0.5652173757553101,1,0.7989273071289062,0.26331886649131775,0.529562771320343,0.019578175619244576
9,58,True,0.6014492511749268,1,0.7995134592056274,0.26197054982185364,0.528914749622345,0.019255898892879486
9,59,True,0.6376811861991882,1,0.7994912266731262,0.26104065775871277,0.5283985733985901,0.01905827596783638
9,60,True,0.6739130616188049,1,0.7997711300849915,0.25980302691459656,0.5287111401557922,0.01916230097413063
9,61,True,0.7101449370384216,1,0.7996731996536255,0.25975626707077026,0.5296526551246643,0.01961163803935051
9,62,True,0.7463768124580383,1,0.8009383678436279,0.25936347246170044,0.5298852920532227,0.0197436586022377
9,63,True,0.782608687877655,1,0.8003742694854736,0.25800821185112,0.5301384925842285,0.019824858754873276
9,64,True,0.8188405632972717,1,0.8014932870864868,0.2569887340068817,0.530302107334137,0.019772563129663467
9,65,True,0.8550724387168884,1,0.8028804063796997,0.2532643675804138,0.5303595066070557,0.01974400505423546
9,66,True,0.8913043737411499,1,0.8043937087059021,0.2515784502029419,0.5301172733306885,0.019642993807792664
9,67,True,0.9275362491607666,1,0.8043550252914429,0.2525906562805176,0.530169665813446,0.01965625025331974
9,68,True,0.9637681245803833,1,0.8043579459190369,0.25258585810661316,0.530238687992096,0.019441820681095123
9,69,True,1.0,1,0.8001581430435181,0.25347837805747986,0.5282334089279175,0.01859952136874199
9,70,True,1.0,1,0.8003917336463928,0.2495465725660324,0.5281330347061157,0.01870344579219818
9,71,True,1.0,1,0.8000084161758423,0.24721750617027283,0.5279982089996338,0.01874428801238537
9,72,True,1.0,1,0.7995979189872742,0.24631991982460022,0.5279006958007812,0.018755320459604263
9,73,True,1.0,1,0.7993946075439453,0.2460026741027832,0.5278594493865967,0.018762042745947838
9,74,True,1.0,1,0.7992507219314575,0.2458581030368805,0.527846097946167,0.018762364983558655
9,75,True,1.0,1,0.7991982698440552,0.24583230912685394,0.5278205871582031,0.018761582672595978
9,76,True,1.0,1,0.7991719245910645,0.24579830467700958,0.5278139114379883,0.018763208761811256
9,77,True,1.0,1,0.7989776134490967,0.24419336020946503,0.5283415913581848,0.01872299797832966
9,78,True,1.0,1,0.7989532947540283,0.24415676295757294,0.5283196568489075,0.018689287826418877
9,79,True,1.0,1,0.7989498376846313,0.24413453042507172,0.5282976627349854,0.01867089979350567
9,80,True,1.0,1,0.7989472150802612,0.2441442757844925,0.5282984972000122,0.018670691177248955
9,81,True,1.0,1,0.7989457845687866,0.24413424730300903,0.5282928943634033,0.018664617091417313
9,82,True,1.0,1,0.7989507913589478,0.24413499236106873,0.5282906293869019,0.0186650138348341
9,83,True,1.0,1,0.7989488840103149,0.24413608014583588,0.5282929539680481,0.01866394840180874
9,84,True,1.0,1,0.7989503145217896,0.24413587152957916,0.5282908082008362,0.018662957474589348
9,85,True,1.0,1,0.7982956171035767,0.2403567135334015,0.5286813378334045,0.0185855645686388
9,86,True,1.0,1,0.7982324361801147,0.24033181369304657,0.5286115407943726,0.01855701580643654
9,87,True,1.0,1,0.7982001304626465,0.24032583832740784,0.528557300567627,0.018542056903243065
9,88,True,1.0,1,0.7982014417648315,0.24035601317882538,0.5285515785217285,0.01853526569902897
9,89,True,1.0,1,0.7981880903244019,0.2403448522090912,0.5285621881484985,0.01853250525891781
9,90,True,1.0,1,0.7981911897659302,0.24034449458122253,0.5285496115684509,0.018532644957304
9,91,True,1.0,1,0.7981859445571899,0.24034453928470612,0.5285477638244629,0.0185328908264637
9,92,True,1.0,1,0.7981868982315063,0.24034389853477478,0.5285512208938599,0.018533069640398026
9,93,True,1.0,1,0.7977725267410278,0.2373371720314026,0.5288287401199341,0.018342258408665657
9,94,True,1.0,1,0.7977249622344971,0.2373259961605072,0.5287410616874695,0.018311144784092903
9,95,True,1.0,1,0.7977198362350464,0.2373013198375702,0.528683066368103,0.018300633877515793
9,96,True,1.0,1,0.7977408170700073,0.2373272031545639,0.528677225112915,0.01829596608877182
9,97,True,1.0,1,0.7977064847946167,0.23730146884918213,0.5286698937416077,0.01829669252038002
9,98,True,1.0,1,0.7977120876312256,0.23730485141277313,0.5286763906478882,0.018296655267477036
9,99,True,1.0,1,0.7977099418640137,0.2373073548078537,0.5286738276481628,0.018295295536518097
9,100,True,1.0,1,0.7977087497711182,0.23732177913188934,0.528671383857727,0.018294960260391235
9,101,True,1.0,1,0.7965019941329956,0.23272757232189178,0.5287879705429077,0.018061436712741852
9,102,True,1.0,1,0.7963880300521851,0.23280560970306396,0.5286750793457031,0.01803611032664776
9,103,True,1.0,1,0.7963616847991943,0.2328856736421585,0.5285801887512207,0.018018612638115883
9,104,False,0.0,1,0.7958261370658875,0.27054500579833984,0.5339405536651611,0.0204479843378067
9,105,False,0.0,1,0.7961587905883789,0.26911696791648865,0.5338456630706787,0.020158855244517326
9,106,False,0.0,1,0.7952460050582886,0.27014482021331787,0.5335606336593628,0.019856750965118408
9,107,False,0.0,1,0.7941821217536926,0.271257221698761,0.5334603190422058,0.01974578946828842
9,108,False,0.0,1,0.793877124786377,0.27091750502586365,0.5334311723709106,0.01970835030078888
9,109,False,0.0,1,0.7937626838684082,0.27103886008262634,0.5338737964630127,0.01968689262866974
9,110,False,0.0,1,0.7931877374649048,0.2709522247314453,0.5340414047241211,0.019741320982575417
9,111,False,0.0,1,0.7918537855148315,0.27170664072036743,0.5339843034744263,0.019776476547122
9,112,False,0.0,1,0.7910521626472473,0.272203266620636,0.5338773131370544,0.019747203215956688
9,113,False,0.0,1,0.7903608083724976,0.2723870575428009,0.5338403582572937,0.019726773723959923
9,114,False,0.0,1,0.789857804775238,0.27224209904670715,0.533939778804779,0.01975429058074951
9,115,False,0.0,1,0.7895976901054382,0.27216440439224243,0.5339716672897339,0.01974385976791382
9,116,False,0.0,1,0.7903215885162354,0.270851194858551,0.5339047908782959,0.019676262512803078
9,117,False,0.0,1,0.7909185886383057,0.26996809244155884,0.5341789722442627,0.019679803401231766
9,118,False,0.0,1,0.7917022705078125,0.2694663405418396,0.5339342355728149,0.019647294655442238
9,119,False,0.0,1,0.7921805381774902,0.2693811357021332,0.5338906645774841,0.019693035632371902
9,120,False,0.0,1,0.7925267219543457,0.26966890692710876,0.5337704420089722,0.019639352336525917
9,121,False,0.0,1,0.792461633682251,0.27026206254959106,0.533746600151062,0.01963467337191105
9,122,False,0.0,1,0.7929410934448242,0.2703198194503784,0.533877432346344,0.01972452737390995
9,123,False,0.0,1,0.7934783697128296,0.2700476050376892,0.5337100028991699,0.019660841673612595
9,124,False,0.0,1,0.7935818433761597,0.2697855234146118,0.5337367057800293,0.01967659778892994
9,125,False,0.0,1,0.7932790517807007,0.2694920599460602,0.5339948534965515,0.019715847447514534
9,126,False,0.0,1,0.7936112880706787,0.2687685489654541,0.5338742136955261,0.019685223698616028
9,127,False,0.0,1,0.7946746349334717,0.2682882249355316,0.5338701009750366,0.019705884158611298
9,128,False,0.0,1,0.7949886322021484,0.26813632249832153,0.5337722301483154,0.01967349648475647
9,129,False,0.0,1,0.7937209010124207,0.2678726315498352,0.533594012260437,0.01966743916273117
9,130,False,0.0,1,0.7950273752212524,0.26630380749702454,0.5332813262939453,0.01955197937786579
9,131,False,0.0,1,0.7975032329559326,0.26604726910591125,0.5330817699432373,0.019453156739473343
9,132,False,0.0,1,0.8001534938812256,0.26567384600639343,0.5331237316131592,0.01948271133005619
9,133,False,0.0,1,0.8009990453720093,0.2659667432308197,0.5334271192550659,0.01969146728515625
9,134,False,0.0,1,0.8016446828842163,0.265934020280838,0.5332341194152832,0.019677836447954178
9,135,False,0.0,1,0.8019247055053711,0.265882670879364,0.5331218242645264,0.0196693018078804
9,136,False,0.0,1,0.8025876879692078,0.26560482382774353,0.5329563617706299,0.019685428589582443
9,137,False,0.0,1,0.8023149967193604,0.26534393429756165,0.53282630443573,0.01971997320652008
9,138,False,0.0,1,0.8019636869430542,0.26530957221984863,0.5327898263931274,0.019749971106648445
10,0,False,0.0,0,0.7518470287322998,0.18172644078731537,0.518172025680542,0.011986215598881245
10,1,False,0.0,1,0.8189958333969116,0.25614866614341736,0.5349715948104858,0.020390881225466728
10,2,False,0.0,1,0.8189120292663574,0.2561391294002533,0.5352796316146851,0.02057044208049774
10,3,False,0.0,1,0.8189114928245544,0.2561385929584503,0.535053551197052,0.020536288619041443
10,4,False,0.0,1,0.8189376592636108,0.25599727034568787,0.5349605083465576,0.020570281893014908
10,5,False,0.0,1,0.8191155791282654,0.25591981410980225,0.534841775894165,0.02054581046104431
10,6,False,0.0,1,0.8189123868942261,0.25623923540115356,0.5348583459854126,0.020578639581799507
10,7,False,0.0,1,0.818419873714447,0.25692683458328247,0.534920334815979,0.020603837445378304
10,8,False,0.0,1,0.8178338408470154,0.2573569715023041,0.5348560214042664,0.020543238148093224
10,9,False,0.0,1,0.8170543909072876,0.2582765817642212,0.5347517132759094,0.020513854920864105
10,10,False,0.0,1,0.8166204690933228,0.25903961062431335,0.5347139835357666,0.020803524181246758
10,11,False,0.0,1,0.816535472869873,0.2592593729496002,0.534488320350647,0.020788324996829033
10,12,False,0.0,1,0.8157190084457397,0.2596818208694458,0.5345871448516846,0.020823530852794647
10,13,False,0.0,1,0.8149943947792053,0.26032495498657227,0.5345092415809631,0.0207676962018013
10,14,False,0.0,1,0.8136770725250244,0.26148971915245056,0.5344810485839844,0.020788047462701797
10,15,False,0.0,1,0.8126586079597473,0.26236453652381897,0.5344876050949097,0.0208026971668005
10,16,False,0.0,1,0.8113235235214233,0.2631082236766815,0.5346200466156006,0.02084616757929325
10,17,False,0.0,1,0.8090927600860596,0.26480773091316223,0.5343719720840454,0.02078818343579769
10,18,False,0.0,1,0.8081832528114319,0.26570457220077515,0.5340151786804199,0.020939206704497337
10,19,False,0.0,1,0.8083354234695435,0.26592108607292175,0.5337945222854614,0.02092062495648861
10,20,False,0.0,1,0.8083521127700806,0.266099750995636,0.5336752533912659,0.020909689366817474
10,21,False,0.0,1,0.8080435395240784,0.26637622714042664,0.533523440361023,0.02092474140226841
10,22,False,0.0,1,0.807371973991394,0.2671639025211334,0.5336116552352905,0.020942170172929764
10,23,False,0.0,1,0.8068649172782898,0.2677038609981537,0.5337539911270142,0.020985353738069534
10,24,False,0.0,1,0.8055732250213623,0.2685297429561615,0.5336255431175232,0.02089487761259079
10,25,False,0.0,1,0.8046044707298279,0.26901793479919434,0.5336611866950989,0.02090187557041645
10,26,False,0.0,1,0.8042482733726501,0.26944082975387573,0.5335427522659302,0.021014772355556488
10,27,False,0.0,1,0.8036751747131348,0.26990169286727905,0.5335522890090942,0.020970627665519714
10,28,False,0.0,1,0.8026473522186279,0.2706272006034851,0.5335648059844971,0.02097676880657673
10,29,False,0.0,1,0.8015183210372925,0.2711939215660095,0.5336490869522095,0.020998019725084305
10,30,False,0.0,1,0.8005242943763733,0.2720707952976227,0.5334882736206055,0.020961126312613487
10,31,False,0.0,1,0.8000270128250122,0.27223795652389526,0.5333400964736938,0.02087920904159546
10,32,False,0.0,1,0.798687219619751,0.2727067172527313,0.5331962704658508,0.02081715501844883
10,33,True,0.04205607622861862,1,0.8074285984039307,0.2625841200351715,0.5327327847480774,0.02062493935227394
10,34,True,0.08878504484891891,1,0.807263195514679,0.26111355423927307,0.5328617095947266,0.020509393885731697
10,35,True,0.1355140209197998,1,0.8033918142318726,0.26201120018959045,0.5329288244247437,0.020558634772896767
10,36,True,0.1822429895401001,1,0.8041248321533203,0.2619802951812744,0.5322446823120117,0.020318616181612015
10,37,True,0.2289719581604004,1,0.8036708831787109,0.2624509930610657,0.5324548482894897,0.020569203421473503
10,38,True,0.2757009267807007,1,0.8024214506149292,0.26369333267211914,0.5323206186294556,0.02053624764084816
10,39,True,0.322429895401001,1,0.801805317401886,0.26475468277931213,0.5321089029312134,0.020441042259335518
10,40,True,0.36915886402130127,1,0.8016082644462585,0.2652610242366791,0.5320930480957031,0.020435409620404243
10,41,True,0.41588786244392395,1,0.8017794489860535,0.2653127908706665,0.5317668914794922,0.02028382383286953
10,42,True,0.46261683106422424,1,0.8026453256607056,0.26486736536026,0.5323488712310791,0.020575039088726044
10,43,True,0.5093457698822021,1,0.802578330039978,0.2640800178050995,0.5325136184692383,0.020792506635189056
10,44,True,0.5560747385025024,1,0.8032710552215576,0.2628282606601715,0.5326834917068481,0.020896784961223602
10,45,True,0.6028037667274475,1,0.8053780198097229,0.26203057169914246,0.5328040719032288,0.02092408947646618
10,46,True,0.6495327353477478,1,0.8052608966827393,0.262045681476593,0.532650887966156,0.02073642611503601
10,47,True,0.6962617039680481,1,0.8051376938819885,0.261791855096817,0.5325586795806885,0.020633315667510033
10,48,True,0.7429906725883484,1,0.8050631284713745,0.2615663707256317,0.532384991645813,0.020472267642617226
10,49,True,0.7897196412086487,1,0.804129421710968,0.26153579354286194,0.5324512124061584,0.02046782337129116
10,50,True,0.836448609828949,1,0.8046038150787354,0.2607708275318146,0.5327263474464417,0.02060902863740921
10,51,True,0.8831775784492493,1,0.8052029609680176,0.2606278359889984,0.5327455997467041,0.020396500825881958
10,52,True,0.9299065470695496,1,0.8058085441589355,0.26049965620040894,0.5325016975402832,0.020109055563807487
10,53,True,0.9766355156898499,1,0.8059916496276855,0.26069948077201843,0.5327131748199463,0.01992313750088215
10,54,True,1.0,1,0.8034405708312988,0.2612385153770447,0.5293018221855164,0.01818382926285267
10,55,True,1.0,1,0.8031566143035889,0.26127490401268005,0.5294265151023865,0.01842460036277771
10,56,True,1.0,1,0.8029478788375854,0.261321485042572,0.5294322967529297,0.018552007153630257
10,57,True,1.0,1,0.8028667569160461,0.261338472366333,0.5294020771980286,0.018603263422846794
10,58,True,1.0,1,0.8028520941734314,0.2612397372722626,0.5296569466590881,0.018828442320227623
10,59,True,1.0,1,0.8028421401977539,0.26123979687690735,0.5298119783401489,0.018873831257224083
10,60,True,1.0,1,0.8028355836868286,0.26123595237731934,0.529881477355957,0.018894370645284653
10,61,True,1.0,1,0.8028326034545898,0.2612374424934387,0.5299332737922668,0.018909193575382233
10,62,True,1.0,1,0.8028261661529541,0.26123952865600586,0.5299367308616638,0.018913041800260544
10,63,True,1.0,1,0.8028280735015869,0.26123711466789246,0.5299416184425354,0.0189143568277359
10,64,True,1.0,1,0.8028279542922974,0.26123517751693726,0.5299484729766846,0.018914587795734406
10,65,True,1.0,1,0.802825927734375,0.26123806834220886,0.5299490690231323,0.01891428604722023
10,66,True,1.0,1,0.8030942678451538,0.26119035482406616,0.5303084850311279,0.01912091113626957
10,67,True,1.0,1,0.8031038045883179,0.26121941208839417,0.5304979681968689,0.01915721409022808
10,68,True,1.0,1,0.8030929565429688,0.26121172308921814,0.5305856466293335,0.01917564496397972
10,69,True,1.0,1,0.8030979633331299,0.2612033784389496,0.5306400060653687,0.019194990396499634
10,70,True,1.0,1,0.8030803203582764,0.2611975073814392,0.530665397644043,0.01919851079583168
10,71,True,1.0,1,0.803085446357727,0.26121124625205994,0.5306751132011414,0.019199658185243607
10,72,True,1.0,1,0.8030890226364136,0.2612142264842987,0.5306689739227295,0.019199488684535027
10,73,True,1.0,1,0.8030918836593628,0.26121392846107483,0.5306666493415833,0.019197897985577583
10,74,True,1.0,1,0.8035410642623901,0.26110532879829407,0.5310244560241699,0.01943705789744854
10,75,True,1.0,1,0.8035074472427368,0.26111873984336853,0.5312166213989258,0.01947825960814953
10,76,True,1.0,1,0.8034881353378296,0.2611137330532074,0.5313217639923096,0.019494231790304184
10,77,True,1.0,1,0.803484320640564,0.26111456751823425,0.5313640832901001,0.019504301249980927
10,78,True,1.0,1,0.8034870624542236,0.26112163066864014,0.5313842296600342,0.019508007913827896
10,79,True,1.0,1,0.8034877777099609,0.2611244022846222,0.531396746635437,0.019508639350533485
10,80,True,1.0,1,0.8034939765930176,0.2611290216445923,0.5313986539840698,0.019504733383655548
10,81,False,0.0,1,0.7975481152534485,0.272795706987381,0.5370842814445496,0.02335473522543907
10,82,False,0.0,1,0.7958678007125854,0.2735738158226013,0.5381114482879639,0.023378126323223114
10,83,False,0.0,1,0.7943947315216064,0.2744053304195404,0.5385444164276123,0.023498715832829475
10,84,False,0.0,1,0.7940168380737305,0.27480798959732056,0.53826904296875,0.023190774023532867
10,85,False,0.0,1,0.7936968803405762,0.2743605971336365,0.5381451845169067,0.02307005599141121
10,86,False,0.0,1,0.7941930294036865,0.2738857567310333,0.538162887096405,0.02312677726149559
10,87,False,0.0,1,0.7947852611541748,0.2738352417945862,0.538287878036499,0.023174457252025604
10,88,False,0.0,1,0.7948251366615295,0.27365773916244507,0.53812575340271,0.023094164207577705
10,89,False,0.0,1,0.7951123714447021,0.273793488740921,0.5382940769195557,0.02322261780500412
10,90,False,0.0,1,0.7952065467834473,0.2742345333099365,0.5387840867042542,0.02323649264872074
10,91,False,0.0,1,0.7953106760978699,0.2740582525730133,0.5388556718826294,0.0231886375695467
10,92,False,0.0,1,0.7953323721885681,0.2736448049545288,0.5387061834335327,0.023105137050151825
10,93,False,0.0,1,0.7958369851112366,0.2726612091064453,0.5386005640029907,0.023049602285027504
10,94,False,0.0,1,0.7965371608734131,0.27191102504730225,0.5385885238647461,0.023038582876324654
10,95,False,0.0,1,0.7971001863479614,0.2713218331336975,0.5386525392532349,0.02305956371128559
10,96,False,0.0,1,0.7980383038520813,0.2708436846733093,0.5387195348739624,0.023103848099708557
10,97,False,0.0,1,0.7981613874435425,0.2700210213661194,0.5385903120040894,0.022991560399532318
10,98,False,0.0,1,0.8011611700057983,0.2680426239967346,0.5391303896903992,0.022964535281062126
10,99,False,0.0,1,0.8017004728317261,0.26773151755332947,0.5394240617752075,0.023042162880301476
10,100,False,0.0,1,0.8020232915878296,0.2676151692867279,0.5396466255187988,0.02309110388159752
10,101,False,0.0,1,0.8025998473167419,0.26761025190353394,0.5398066639900208,0.023149976506829262
10,102,False,0.0,1,0.8025069236755371,0.2675987184047699,0.5397722721099854,0.02313409559428692
10,103,False,0.0,1,0.8022562265396118,0.2675580382347107,0.5399119257926941,0.023217162117362022
10,104,False,0.0,1,0.8021820783615112,0.2675344944000244,0.5400536060333252,0.02331801876425743
10,105,False,0.0,1,0.8023618459701538,0.26752015948295593,0.5400896072387695,0.023341236636042595
10,106,False,0.0,1,0.8026292324066162,0.267727255821228,0.5409706830978394,0.023455064743757248
10,107,False,0.0,1,0.8022927045822144,0.26757681369781494,0.5411818623542786,0.023481203243136406
11,0,False,0.0,0,0.7400383949279785,0.18217745423316956,0.5201576948165894,0.013378464616835117
11,1,False,0.0,1,0.8222631216049194,0.2533055245876312,0.5414465665817261,0.023455198854207993
11,2,False,0.0,1,0.8221030235290527,0.25349122285842896,0.5413429737091064,0.023394878953695297
11,3,False,0.0,1,0.8221606612205505,0.2535649538040161,0.5413849353790283,0.02337697148323059
11,4,False,0.0,1,0.8218767642974854,0.25312113761901855,0.541462242603302,0.02338509075343609
11,5,False,0.0,1,0.823219895362854,0.2522229552268982,0.5417312383651733,0.023504119366407394
11,6,False,0.0,1,0.8222570419311523,0.25186651945114136,0.5424859523773193,0.023533295840024948
11,7,False,0.0,1,0.8223973512649536,0.2511364817619324,0.542695164680481,0.023529551923274994
11,8,False,0.0,1,0.8226796984672546,0.25074994564056396,0.5425832271575928,0.02339285984635353
11,9,False,0.0,1,0.8225734233856201,0.25114643573760986,0.5424074530601501,0.023281961679458618
11,10,False,0.0,1,0.8226354122161865,0.25142085552215576,0.5425339937210083,0.02332904189825058
11,11,False,0.0,1,0.8227612972259521,0.25159385800361633,0.5428603291511536,0.023477885872125626
11,12,False,0.0,1,0.8217197060585022,0.25211119651794434,0.5428786277770996,0.023451540619134903
11,13,False,0.0,1,0.8214991688728333,0.2522595226764679,0.5427523255348206,0.023392347618937492
11,14,False,0.0,1,0.821112871170044,0.2529691457748413,0.5435769557952881,0.023548541590571404
11,15,False,0.0,1,0.8206512928009033,0.25352907180786133,0.5436699390411377,0.023635786026716232
11,16,False,0.0,1,0.8203730583190918,0.25383007526397705,0.5437825918197632,0.02375967428088188
11,17,False,0.0,1,0.8196178078651428,0.2538631558418274,0.5437556505203247,0.02371918596327305
11,18,False,0.0,1,0.8189312219619751,0.25421687960624695,0.5436428785324097,0.023700011894106865
11,19,False,0.0,1,0.8184665441513062,0.2545143663883209,0.5437616109848022,0.023796098306775093
11,20,False,0.0,1,0.8183811902999878,0.25479868054389954,0.5435564517974854,0.02374727837741375
11,21,False,0.0,1,0.8177611827850342,0.2550634443759918,0.5434557199478149,0.023764289915561676
11,22,False,0.0,1,0.8171000480651855,0.2554317116737366,0.5438082218170166,0.02360200323164463
11,23,False,0.0,1,0.8162699937820435,0.2561616897583008,0.5437686443328857,0.02361975610256195
11,24,False,0.0,1,0.8161792755126953,0.2566390931606293,0.543421745300293,0.023510806262493134
11,25,False,0.0,1,0.8154885768890381,0.2572742700576782,0.5435413718223572,0.023597339168190956
11,26,False,0.0,1,0.8151466846466064,0.2577503025531769,0.543438196182251,0.02357414737343788
11,27,False,0.0,1,0.8142040967941284,0.2584691047668457,0.5433895587921143,0.02353532798588276
11,28,False,0.0,1,0.8137749433517456,0.25894734263420105,0.5433971881866455,0.023513710126280785
11,29,False,0.0,1,0.8129318356513977,0.2596237361431122,0.5433500409126282,0.023447873070836067
11,30,False,0.0,1,0.8109250068664551,0.2604581415653229,0.5434318780899048,0.023349178954958916
11,31,False,0.0,1,0.8087295293807983,0.261137992143631,0.5435879230499268,0.0234064981341362
11,32,False,0.0,1,0.8062416315078735,0.26227566599845886,0.5437706708908081,0.023564890027046204
11,33,False,0.0,1,0.8042441606521606,0.2629161775112152,0.5439388751983643,0.02358183078467846
11,34,False,0.0,1,0.8025649785995483,0.2652667164802551,0.5441175699234009,0.023625725880265236
11,35,False,0.0,1,0.8013004660606384,0.2675640285015106,0.5435421466827393,0.023313095793128014
11,36,False,0.0,1,0.7998496890068054,0.2689208388328552,0.543512225151062,0.023334356024861336
11,37,False,0.0,1,0.7989540696144104,0.2700064182281494,0.5433448553085327,0.023359514772892
11,38,False,0.0,1,0.7983220219612122,0.27041780948638916,0.5431796312332153,0.023352088406682014
11,39,False,0.0,1,0.7972403764724731,0.2719682455062866,0.5428506135940552,0.023216115310788155
11,40,False,0.0,1,0.7964478731155396,0.2726666331291199,0.5429657697677612,0.02321646176278591
11,41,False,0.0,1,0.7953507304191589,0.2737019956111908,0.5429596304893494,0.02311808429658413
11,42,False,0.0,1,0.7941364645957947,0.27470436692237854,0.5433286428451538,0.02327236533164978
11,43,False,0.0,1,0.7938156127929688,0.27534759044647217,0.5434969663619995,0.023390255868434906
11,44,False,0.0,1,0.7942062616348267,0.2754043936729431,0.5438143014907837,0.023545313626527786
11,45,False,0.0,1,0.7943516373634338,0.27534219622612,0.5437271595001221,0.02349795587360859
11,46,False,0.0,1,0.7948315143585205,0.27413225173950195,0.5434440970420837,0.023333819583058357
11,47,False,0.0,1,0.7949587106704712,0.27245497703552246,0.543321967124939,0.023252975195646286
11,48,False,0.0,1,0.7954647541046143,0.2709343135356903,0.5433071255683899,0.02325696311891079
11,49,False,0.0,1,0.7951641082763672,0.27143019437789917,0.5428756475448608,0.02303958497941494
11,50,False,0.0,1,0.7950981259346008,0.27226588129997253,0.542542040348053,0.022816097363829613
11,51,False,0.0,1,0.7949151396751404,0.2722853720188141,0.5426061153411865,0.02287142351269722
11,52,False,0.0,1,0.7941479682922363,0.272642582654953,0.5426610112190247,0.022904537618160248
11,53,False,0.0,1,0.7955352663993835,0.2716573178768158,0.5429103374481201,0.023092417046427727
11,54,False,0.0,1,0.7961079478263855,0.27096566557884216,0.542454719543457,0.022997422143816948
11,55,False,0.0,1,0.7967584133148193,0.26951706409454346,0.5425511598587036,0.02310500480234623
11,56,False,0.0,1,0.7969492077827454,0.26855871081352234,0.5424485206604004,0.023083027452230453
11,57,False,0.0,1,0.7971241474151611,0.2678631842136383,0.5425379872322083,0.02314143069088459
11,58,False,0.0,1,0.7966656684875488,0.26754534244537354,0.5425620079040527,0.02316414937376976
11,59,False,0.0,1,0.7979170680046082,0.26630762219429016,0.5426903367042542,0.023201340809464455
11,60,False,0.0,1,0.7988568544387817,0.26430538296699524,0.5425828695297241,0.023153197020292282
11,61,False,0.0,1,0.7999477386474609,0.2632819712162018,0.5424855947494507,0.023117894306778908
11,62,False,0.0,1,0.8018782138824463,0.26244446635246277,0.5415997505187988,0.022942621260881424
11,63,False,0.0,1,0.8030606508255005,0.2627464532852173,0.5417094230651855,0.023032300174236298
11,64,False,0.0,1,0.8042622804641724,0.2632358968257904,0.5418094396591187,0.023123709484934807
11,65,False,0.0,1,0.8047465085983276,0.26325246691703796,0.5416665077209473,0.02307281456887722
11,66,False,0.0,1,0.8047580718994141,0.2629636526107788,0.5417071580886841,0.023062076419591904
11,67,False,0.0,1,0.8050265908241272,0.2631835341453552,0.5416026711463928,0.022913387045264244
11,68,False,0.0,1,0.8056095242500305,0.26356714963912964,0.5417212247848511,0.022931599989533424
11,69,False,0.0,1,0.8060363531112671,0.26324406266212463,0.5417681932449341,0.02289458177983761
11,70,False,0.0,1,0.806718111038208,0.26287969946861267,0.5412079095840454,0.02274785004556179
11,71,False,0.0,1,0.8066803216934204,0.2628059983253479,0.5409423112869263,0.022587239742279053
11,72,False,0.0,1,0.8060315251350403,0.2627899646759033,0.5409375429153442,0.022594278678297997
11,73,False,0.0,1,0.805001437664032,0.2629687786102295,0.5408194065093994,0.022559475153684616
11,74,False,0.0,1,0.804797887802124,0.2631816267967224,0.5408366918563843,0.022606762126088142
11,75,False,0.0,1,0.8040482997894287,0.2644297778606415,0.5407552719116211,0.022606488317251205
11,76,False,0.0,1,0.8025426864624023,0.2654155492782593,0.5406316518783569,0.02250659465789795
11,77,False,0.0,1,0.8018587827682495,0.26649942994117737,0.5405151844024658,0.02242724411189556
11,78,False,0.0,1,0.8007217645645142,0.26763173937797546,0.5403241515159607,0.022576192393898964
11,79,False,0.0,1,0.7988173961639404,0.2693193256855011,0.5403451323509216,0.022599754855036736
11,80,False,0.0,1,0.7972084283828735,0.26948294043540955,0.5406440496444702,0.02282787300646305
11,81,False,0.0,1,0.7976424098014832,0.2691113352775574,0.5407152771949768,0.02284431830048561
11,82,False,0.0,1,0.7964871525764465,0.269432008266449,0.5408844351768494,0.022874772548675537
11,83,False,0.0,1,0.7962691783905029,0.2703215479850769,0.5407789945602417,0.022704143077135086
11,84,False,0.0,1,0.7964882850646973,0.2720472812652588,0.5409785509109497,0.022775819525122643
11,85,False,0.0,1,0.7952852249145508,0.273515909910202,0.5409468412399292,0.02270473539829254
11,86,False,0.0,1,0.7943675518035889,0.27547863125801086,0.5408189296722412,0.022795049473643303
11,87,False,0.0,1,0.7931620478630066,0.2769639492034912,0.540416419506073,0.02273336797952652
11,88,False,0.0,1,0.7929235696792603,0.2775592505931854,0.5404016375541687,0.02279823087155819
11,89,False,0.0,1,0.7933173775672913,0.2774687707424164,0.5405633449554443,0.022926805540919304
11,90,False,0.0,1,0.7937418818473816,0.276866614818573,0.5404154062271118,0.0229057427495718
11,91,False,0.0,1,0.7938634157180786,0.2764212489128113,0.5403938293457031,0.02295958809554577
11,92,False,0.0,1,0.7947728633880615,0.27562716603279114,0.540251612663269,0.02290399558842182
11,93,False,0.0,1,0.7950522899627686,0.275244802236557,0.5400934815406799,0.022863687947392464
11,94,False,0.0,1,0.7954034805297852,0.27505332231521606,0.5398913621902466,0.02266683056950569
11,95,False,0.0,1,0.7954785227775574,0.2747247815132141,0.5396511554718018,0.022589119151234627
11,96,False,0.0,1,0.7957793474197388,0.27451539039611816,0.5394477844238281,0.02249603159725666
11,97,False,0.0,1,0.7961537837982178,0.27416515350341797,0.5393668413162231,0.02250281721353531
11,98,False,0.0,1,0.7964212894439697,0.2733725905418396,0.5393205881118774,0.022516807541251183
11,99,False,0.0,1,0.7970163822174072,0.27252769470214844,0.5392367839813232,0.022504732012748718
11,100,False,0.0,1,0.7975800633430481,0.2718683183193207,0.5392400026321411,0.02251402847468853
11,101,False,0.0,1,0.7980400919914246,0.27110064029693604,0.5391997694969177,0.02247719280421734
11,102,False,0.0,1,0.7980091571807861,0.2707298994064331,0.5391421318054199,0.022258132696151733
11,103,False,0.0,1,0.7977131009101868,0.27068156003952026,0.5389704704284668,0.022205175831913948
11,104,False,0.0,1,0.7975730895996094,0.2704186737537384,0.5389275550842285,0.022209716960787773
11,105,False,0.0,1,0.7974569797515869,0.27002009749412537,0.538860559463501,0.022190265357494354
11,106,False,0.0,1,0.7976899147033691,0.2700991630554199,0.5386837720870972,0.0221262127161026
11,107,False,0.0,1,0.7980000376701355,0.2700154185295105,0.538713276386261,0.02213679626584053
11,108,False,0.0,1,0.7979199290275574,0.26987695693969727,0.5387073755264282,0.022074207663536072
11,109,False,0.0,1,0.7980170249938965,0.2697833180427551,0.5386931896209717,0.02201436087489128
11,110,False,0.0,1,0.7981595993041992,0.26997220516204834,0.5386266708374023,0.021689869463443756
11,111,False,0.0,1,0.7983210682868958,0.2701743245124817,0.5386019945144653,0.021778441965579987
11,112,False,0.0,1,0.7980902194976807,0.269819974899292,0.538649320602417,0.02194199338555336
11,113,False,0.0,1,0.7985634803771973,0.2687404751777649,0.5385068655014038,0.021943192929029465
11,114,False,0.0,1,0.7989084720611572,0.2678232491016388,0.538483202457428,0.0219339057803154
11,115,False,0.0,1,0.798397421836853,0.26726409792900085,0.5383625626564026,0.021891241893172264
12,0,False,0.0,0,0.7437400817871094,0.18190056085586548,0.5199919939041138,0.012582384049892426
12,1,False,0.0,1,0.8189693689346313,0.2572588324546814,0.5399453639984131,0.022210294380784035
12,2,False,0.0,1,0.8191331028938293,0.2572663724422455,0.5394690036773682,0.021813254803419113
12,3,False,0.0,1,0.8188948631286621,0.25718945264816284,0.5393743515014648,0.021800726652145386
12,4,False,0.0,1,0.8191991448402405,0.25675249099731445,0.5394076108932495,0.0218244306743145
12,5,False,0.0,1,0.820280909538269,0.2558942139148712,0.5394421815872192,0.021854301914572716
12,6,False,0.0,1,0.8214224576950073,0.25545015931129456,0.5395331978797913,0.021915633231401443
12,7,False,0.0,1,0.8209539651870728,0.25539398193359375,0.5394899845123291,0.021913371980190277
12,8,False,0.0,1,0.8200799226760864,0.25569775700569153,0.5393366813659668,0.021868543699383736
12,9,False,0.0,1,0.8195273876190186,0.25594964623451233,0.5389452576637268,0.021728182211518288
12,10,False,0.0,1,0.8187302350997925,0.2564462721347809,0.5387836694717407,0.021610310301184654
12,11,False,0.0,1,0.8185632824897766,0.2568342685699463,0.5386931896209717,0.02164432220160961
12,12,False,0.0,1,0.8176250457763672,0.2574922442436218,0.5383508801460266,0.02147120051085949
12,13,False,0.0,1,0.8162769079208374,0.25921568274497986,0.5382494926452637,0.021462231874465942
12,14,False,0.0,1,0.8142856955528259,0.260530948638916,0.5380966663360596,0.0213635116815567
12,15,False,0.0,1,0.813288152217865,0.26141461730003357,0.5380880236625671,0.021356290206313133
12,16,False,0.0,1,0.8117913603782654,0.2621552348136902,0.5382300615310669,0.021449526771903038
12,17,False,0.0,1,0.8108587265014648,0.26311439275741577,0.5382006168365479,0.021527491509914398
12,18,False,0.0,1,0.8099173307418823,0.26405391097068787,0.5380420088768005,0.02142946980893612
12,19,False,0.0,1,0.8088963031768799,0.2653858959674835,0.5380598306655884,0.0214812271296978
12,20,False,0.0,1,0.8079395890235901,0.2670428454875946,0.5381021499633789,0.02150147594511509
12,21,False,0.0,1,0.8073855638504028,0.26804646849632263,0.5380427837371826,0.021523581817746162
12,22,False,0.0,1,0.8065910935401917,0.26883813738822937,0.5379399061203003,0.021522467955946922
12,23,False,0.0,1,0.8057178258895874,0.26914602518081665,0.5382401943206787,0.02164303883910179
12,24,False,0.0,1,0.80551677942276,0.26919183135032654,0.5380324125289917,0.021558023989200592
12,25,False,0.0,1,0.8048769235610962,0.2692680358886719,0.5381172895431519,0.021566489711403847
12,26,False,0.0,1,0.8035160303115845,0.2688498795032501,0.5380609035491943,0.02150002494454384
12,27,False,0.0,1,0.8017333745956421,0.2693326771259308,0.537909746170044,0.021393712610006332
12,28,False,0.0,1,0.8003177642822266,0.2702818810939789,0.5378990769386292,0.02138824202120304
12,29,False,0.0,1,0.7986342906951904,0.2715732455253601,0.5376644730567932,0.02125672809779644
12,30,False,0.0,1,0.7964662313461304,0.2735934555530548,0.5376579165458679,0.021229542791843414
12,31,False,0.0,1,0.796467661857605,0.2737385630607605,0.5377058982849121,0.021121911704540253
12,32,False,0.0,1,0.794313907623291,0.27475711703300476,0.5375438928604126,0.02102845348417759
12,33,True,0.02777777798473835,1,0.7977343797683716,0.2714823782444,0.5379239320755005,0.021326469257473946
12,34,True,0.07407407462596893,1,0.8012637495994568,0.2658675014972687,0.5379686951637268,0.02127847447991371
12,35,True,0.12037037312984467,1,0.8025203943252563,0.26419326663017273,0.5366764068603516,0.02054295316338539
12,36,True,0.1666666716337204,1,0.8025349378585815,0.2647531032562256,0.5374313592910767,0.02090950682759285
12,37,True,0.21296297013759613,1,0.8031771779060364,0.26457908749580383,0.5377067923545837,0.021041054278612137
12,38,True,0.25925925374031067,1,0.803318202495575,0.2650788724422455,0.5377916097640991,0.021156057715415955
12,39,True,0.3055555522441864,1,0.80315762758255,0.26565244793891907,0.5376371741294861,0.021039048209786415
12,40,True,0.35185185074806213,1,0.8025141954421997,0.26616987586021423,0.5372835993766785,0.020834585651755333
12,41,True,0.39814814925193787,1,0.8025372624397278,0.26586875319480896,0.5371748208999634,0.020813370123505592
12,42,True,0.4444444477558136,1,0.8027889728546143,0.265508234500885,0.5377260446548462,0.02119881473481655
12,43,True,0.49074074625968933,1,0.8028563857078552,0.2650156319141388,0.53799968957901,0.021350663155317307
12,44,True,0.5370370149612427,1,0.8032661080360413,0.26424503326416016,0.5379675626754761,0.021332997828722
12,45,True,0.5833333134651184,1,0.8041080832481384,0.26294034719467163,0.538159966468811,0.021426986902952194
12,46,True,0.6296296119689941,1,0.8051002025604248,0.2627374231815338,0.5381032228469849,0.021336425095796585
12,47,True,0.6759259104728699,1,0.805534839630127,0.26280826330184937,0.5381608009338379,0.02135867439210415
12,48,True,0.7222222089767456,1,0.8059144020080566,0.2620745301246643,0.5379642844200134,0.02121153473854065
12,49,True,0.7685185074806213,1,0.807275116443634,0.26129215955734253,0.5374296307563782,0.020745793357491493
12,50,True,0.8148148059844971,1,0.8059960603713989,0.26156485080718994,0.5382463335990906,0.02132340706884861
12,51,True,0.8611111044883728,1,0.8058130145072937,0.26083919405937195,0.5382547378540039,0.02125060185790062
12,52,True,0.9074074029922485,1,0.8067818880081177,0.2606632113456726,0.5379483699798584,0.02070305496454239
12,53,True,0.9537037014961243,1,0.8073555827140808,0.2606738805770874,0.5377583503723145,0.020321793854236603
12,54,True,1.0,1,0.807471513748169,0.26027965545654297,0.5341681838035583,0.01738099567592144
12,55,True,1.0,1,0.8073960542678833,0.26017090678215027,0.5342355966567993,0.01754259318113327
12,56,True,1.0,1,0.8073335886001587,0.26011472940444946,0.5341172218322754,0.017581963911652565
12,57,True,1.0,1,0.807275652885437,0.2600786089897156,0.5340120792388916,0.017587793990969658
12,58,True,1.0,1,0.8073392510414124,0.259930282831192,0.5344277620315552,0.01777682825922966
12,59,True,1.0,1,0.8073346614837646,0.25992199778556824,0.5344853401184082,0.017789797857403755
12,60,True,1.0,1,0.8073533177375793,0.2599247992038727,0.5345277786254883,0.01779773086309433
12,61,True,1.0,1,0.8073458075523376,0.25991225242614746,0.5345373153686523,0.01780448481440544
12,62,True,1.0,1,0.807344913482666,0.2599030137062073,0.5345394611358643,0.017804354429244995
12,63,True,1.0,1,0.8073428869247437,0.2598996162414551,0.5345349311828613,0.017805498093366623
12,64,True,1.0,1,0.8073446750640869,0.2598995566368103,0.5345396995544434,0.01780625432729721
12,65,True,1.0,1,0.8073463439941406,0.2598973512649536,0.5345381498336792,0.017804725095629692
12,66,True,1.0,1,0.8075475692749023,0.259921669960022,0.534854531288147,0.017857037484645844
12,67,True,1.0,1,0.8075547218322754,0.2599150538444519,0.5349609851837158,0.017865406349301338
12,68,True,1.0,1,0.80755615234375,0.25991690158843994,0.5349990129470825,0.01786743849515915
12,69,True,1.0,1,0.8075625896453857,0.25990724563598633,0.5350393056869507,0.017871646210551262
12,70,True,1.0,1,0.807561993598938,0.2599089741706848,0.5350403785705566,0.017872409895062447
12,71,True,1.0,1,0.8075599670410156,0.25990670919418335,0.5350569486618042,0.017873868346214294
12,72,True,1.0,1,0.8075598478317261,0.2599048614501953,0.5350567102432251,0.0178738571703434
12,73,True,1.0,1,0.8075584173202515,0.25991007685661316,0.5350587368011475,0.017873646691441536
12,74,True,1.0,1,0.807697057723999,0.25988900661468506,0.5353110432624817,0.017814118415117264
12,75,True,1.0,1,0.8076993227005005,0.25987789034843445,0.5353758335113525,0.017817599698901176
12,76,True,1.0,1,0.8077075481414795,0.2598682641983032,0.5354224443435669,0.017823783680796623
12,77,True,1.0,1,0.8077062368392944,0.25987327098846436,0.5354234576225281,0.0178202074021101
12,78,True,1.0,1,0.8077058792114258,0.2598687410354614,0.5354346036911011,0.017820876091718674
12,79,True,1.0,1,0.8077067136764526,0.2598709464073181,0.5354357957839966,0.01782228797674179
12,80,True,1.0,1,0.8077025413513184,0.25986844301223755,0.5354350805282593,0.017821237444877625
12,81,False,0.0,1,0.8009008765220642,0.27054423093795776,0.5404229164123535,0.023496786132454872
12,82,False,0.0,1,0.7992713451385498,0.2722916305065155,0.5414725542068481,0.02347487583756447
12,83,False,0.0,1,0.7956227660179138,0.2753528952598572,0.5418344736099243,0.023585304617881775
12,84,False,0.0,1,0.7926647663116455,0.27689671516418457,0.5418920516967773,0.023571398109197617
12,85,False,0.0,1,0.7924555540084839,0.2767985165119171,0.5417726039886475,0.023575851693749428
12,86,False,0.0,1,0.7928445339202881,0.27600744366645813,0.5415887832641602,0.023381397128105164
12,87,False,0.0,1,0.7935456037521362,0.27480968832969666,0.541552722454071,0.023351622745394707
12,88,False,0.0,1,0.7948300838470459,0.2733554244041443,0.5417424440383911,0.023493967950344086
12,89,False,0.0,1,0.7960031032562256,0.27241697907447815,0.5415860414505005,0.02328885905444622
12,90,False,0.0,1,0.7974330186843872,0.2716590166091919,0.5416947603225708,0.02313820831477642
12,91,False,0.0,1,0.7977659106254578,0.2717685103416443,0.5419951677322388,0.02333594299852848
12,92,False,0.0,1,0.7985643148422241,0.2715698480606079,0.5420315265655518,0.023380544036626816
12,93,False,0.0,1,0.8004123568534851,0.2707118093967438,0.5415220260620117,0.023135807365179062
12,94,False,0.0,1,0.8028696775436401,0.2692258954048157,0.5415332317352295,0.02326781116425991
12,95,False,0.0,1,0.8037762641906738,0.268488347530365,0.5415240526199341,0.023321231827139854
12,96,False,0.0,1,0.8040560483932495,0.2680504024028778,0.5415995121002197,0.023411931470036507
12,97,False,0.0,1,0.8039454221725464,0.26803430914878845,0.5416181087493896,0.023434506729245186
12,98,False,0.0,1,0.8041033148765564,0.2678740322589874,0.5415692925453186,0.02327181026339531
12,99,False,0.0,1,0.8041236996650696,0.2682574987411499,0.5414983034133911,0.023144373670220375
12,100,False,0.0,1,0.8036845922470093,0.2684980034828186,0.5415422916412354,0.02306879684329033
12,101,False,0.0,1,0.8043191432952881,0.268449068069458,0.5415222644805908,0.023033784702420235
12,102,False,0.0,1,0.8043854832649231,0.26822108030319214,0.5415137410163879,0.02302216738462448
12,103,False,0.0,1,0.8043980598449707,0.2680983543395996,0.5415215492248535,0.023079534992575645
12,104,False,0.0,1,0.8047121167182922,0.2679043710231781,0.5417104959487915,0.023150207474827766
12,105,False,0.0,1,0.804858386516571,0.2678825259208679,0.5417413711547852,0.023153498768806458
12,106,False,0.0,1,0.8050082325935364,0.26796072721481323,0.5416311025619507,0.022982465103268623
12,107,False,0.0,1,0.805000364780426,0.26793503761291504,0.5416847467422485,0.023008758202195168
12,108,False,0.0,1,0.8049596548080444,0.26790255308151245,0.5417110919952393,0.02305043861269951
13,0,False,0.0,0,0.7281520366668701,0.19853395223617554,0.5205460786819458,0.01312223356217146
13,1,False,0.0,1,0.8112488389015198,0.26334038376808167,0.541838526725769,0.02301957830786705
13,2,False,0.0,1,0.8110725283622742,0.2633074223995209,0.5418969392776489,0.02304430864751339
13,3,False,0.0,1,0.8111863732337952,0.26353660225868225,0.5418251156806946,0.023013509809970856
13,4,False,0.0,1,0.812274158000946,0.2632788419723511,0.541735827922821,0.02302555926144123
13,5,False,0.0,1,0.812608003616333,0.26352494955062866,0.5418291091918945,0.022917507216334343
13,6,False,0.0,1,0.8122237920761108,0.2635643482208252,0.5416654944419861,0.022849559783935547
13,7,False,0.0,1,0.8124814629554749,0.263271689414978,0.5417909026145935,0.022859374061226845
13,8,False,0.0,1,0.8127723932266235,0.26418980956077576,0.5417445302009583,0.022809701040387154
13,9,False,0.0,1,0.8127552270889282,0.2645902931690216,0.5418941974639893,0.022822823375463486
13,10,False,0.0,1,0.8120702505111694,0.2647417187690735,0.541861891746521,0.0227676909416914
13,11,False,0.0,1,0.8122062683105469,0.2649149000644684,0.542047917842865,0.0229288749396801
13,12,False,0.0,1,0.8124728202819824,0.26456505060195923,0.5418893098831177,0.02285117842257023
13,13,False,0.0,1,0.812047004699707,0.2643434405326843,0.5418380498886108,0.022636638954281807
13,14,False,0.0,1,0.8113858103752136,0.26468074321746826,0.5422458052635193,0.02275940403342247
13,15,False,0.0,1,0.8107439279556274,0.2651153802871704,0.542604923248291,0.022914700210094452
13,16,False,0.0,1,0.8103805780410767,0.26575180888175964,0.5428113341331482,0.022948788478970528
13,17,False,0.0,1,0.809628963470459,0.2664959132671356,0.5428928732872009,0.022942306473851204
13,18,False,0.0,1,0.8086839914321899,0.26758304238319397,0.5429242849349976,0.02302955649793148
13,19,False,0.0,1,0.8078581094741821,0.267843097448349,0.5430384874343872,0.023058760911226273
13,20,False,0.0,1,0.8068796396255493,0.2685793340206146,0.5432586073875427,0.023127632215619087
13,21,False,0.0,1,0.8061025738716125,0.26920878887176514,0.5431839227676392,0.022758204489946365
13,22,False,0.0,1,0.8046286106109619,0.2699245810508728,0.5432572960853577,0.022903665900230408
13,23,False,0.0,1,0.8037169575691223,0.27022361755371094,0.5432413816452026,0.022989220917224884
13,24,False,0.0,1,0.8019570112228394,0.27101394534111023,0.5430333614349365,0.02291957661509514
13,25,False,0.0,1,0.8009624481201172,0.27172398567199707,0.54282546043396,0.022848734632134438
13,26,False,0.0,1,0.8001599311828613,0.27201443910598755,0.5428236722946167,0.022830719128251076
13,27,False,0.0,1,0.7999715805053711,0.27155056595802307,0.5427135229110718,0.022771891206502914
13,28,False,0.0,1,0.7991264462471008,0.27132803201675415,0.5424684286117554,0.022671815007925034
13,29,False,0.0,1,0.8007411956787109,0.2697627544403076,0.5422624349594116,0.02209877222776413
13,30,False,0.0,1,0.8005902767181396,0.26878127455711365,0.542313814163208,0.022144075483083725
13,31,False,0.0,1,0.800528347492218,0.2685101628303528,0.5419753789901733,0.021955497562885284
13,32,False,0.0,1,0.8012841939926147,0.26822587847709656,0.54193115234375,0.021998804062604904
13,33,False,0.0,1,0.8017498254776001,0.26799827814102173,0.5418893098831177,0.021955380216240883
13,34,False,0.0,1,0.8019428253173828,0.26811879873275757,0.5418855547904968,0.021995704621076584
13,35,False,0.0,1,0.8015308380126953,0.26807671785354614,0.5419712066650391,0.022026557475328445
13,36,False,0.0,1,0.8011800050735474,0.2683120667934418,0.5420956611633301,0.022061264142394066
13,37,False,0.0,1,0.802228569984436,0.2674398720264435,0.5421481132507324,0.021468672901391983
13,38,False,0.0,1,0.8025557994842529,0.26741063594818115,0.542005181312561,0.021380534395575523
13,39,False,0.0,1,0.801857054233551,0.2690528631210327,0.5418939590454102,0.021314969286322594
13,40,False,0.0,1,0.8020215630531311,0.2695425748825073,0.5417314767837524,0.02124878577888012
13,41,True,0.007352941203862429,1,0.8023138046264648,0.2700154781341553,0.5417936444282532,0.02130504697561264
13,42,True,0.04411764815449715,1,0.8034766912460327,0.26875269412994385,0.5416817665100098,0.02127821184694767
13,43,True,0.08088235557079315,1,0.806929349899292,0.26407209038734436,0.5418993830680847,0.021320704370737076
13,44,True,0.11764705926179886,1,0.8071575164794922,0.2630545198917389,0.5421462059020996,0.021466003730893135
13,45,True,0.15441176295280457,1,0.8083367943763733,0.26259925961494446,0.5423601269721985,0.021187791600823402
13,46,True,0.19117647409439087,1,0.808261513710022,0.26234495639801025,0.5422232151031494,0.0210084430873394
13,47,True,0.22794117033481598,1,0.808143675327301,0.26185959577560425,0.541770875453949,0.020713940262794495
13,48,True,0.2647058963775635,1,0.8082096576690674,0.26254722476005554,0.5419623851776123,0.020828034728765488
13,49,True,0.3014705777168274,1,0.8082278966903687,0.2617458403110504,0.5418834686279297,0.02081058919429779
13,50,True,0.3382352888584137,1,0.8097506761550903,0.2624744772911072,0.541300892829895,0.020504994317889214
13,51,True,0.375,1,0.8098803758621216,0.26182740926742554,0.5409896373748779,0.020396262407302856
13,52,True,0.4117647111415863,1,0.8100240230560303,0.2611371874809265,0.5409438610076904,0.02029351331293583
13,53,True,0.4485294222831726,1,0.8117687106132507,0.26081791520118713,0.5411698818206787,0.020078152418136597
13,54,True,0.4852941036224365,1,0.8134112358093262,0.25991183519363403,0.5410194993019104,0.020021144300699234
13,55,True,0.5220588445663452,1,0.8125876188278198,0.2597988247871399,0.5405299663543701,0.019762054085731506
13,56,True,0.5588235259056091,1,0.8123054504394531,0.26013973355293274,0.540461540222168,0.01968487538397312
13,57,True,0.595588207244873,1,0.8110723495483398,0.26005786657333374,0.5403698682785034,0.019712913781404495
13,58,True,0.6323529481887817,1,0.8106145858764648,0.2606315314769745,0.5406317710876465,0.019803741946816444
13,59,True,0.6691176295280457,1,0.8107302784919739,0.26067161560058594,0.5404844880104065,0.019738422706723213
13,60,True,0.7058823704719543,1,0.8108067512512207,0.26103097200393677,0.5406121015548706,0.019746383652091026
13,61,True,0.7426470518112183,1,0.8109036684036255,0.2614421546459198,0.5407480597496033,0.01965291239321232
13,62,True,0.779411792755127,1,0.8104178309440613,0.26157933473587036,0.5406534671783447,0.019577905535697937
13,63,True,0.8161764740943909,1,0.8101418614387512,0.26126784086227417,0.540316641330719,0.019371716305613518
13,64,True,0.8529411554336548,1,0.8101639747619629,0.26072949171066284,0.5402757525444031,0.01927807554602623
13,65,True,0.8897058963775635,1,0.8097141981124878,0.2600584328174591,0.5401960611343384,0.019150260835886
13,66,True,0.9264705777168274,1,0.8091467618942261,0.2593933343887329,0.5395747423171997,0.018717899918556213
13,67,True,0.9632353186607361,1,0.8090351819992065,0.2590622007846832,0.5395126342773438,0.018548868596553802
13,68,True,1.0,1,0.8093185424804688,0.2583564519882202,0.5355137586593628,0.016614532098174095
13,69,True,1.0,1,0.8095388412475586,0.25801345705986023,0.5352493524551392,0.016583360731601715
13,70,True,1.0,1,0.8095608949661255,0.25790178775787354,0.5349870920181274,0.01657714508473873
13,71,True,1.0,1,0.809563159942627,0.2578721344470978,0.5348570942878723,0.016569454222917557
13,72,True,1.0,1,0.809540867805481,0.25782614946365356,0.5347605347633362,0.01656448282301426
13,73,True,1.0,1,0.8095415830612183,0.25783178210258484,0.5347135066986084,0.016566019505262375
13,74,True,1.0,1,0.8095411062240601,0.2578214108943939,0.5346842408180237,0.01656212843954563
13,75,True,1.0,1,0.8095455169677734,0.25783032178878784,0.5346800684928894,0.016563570126891136
13,76,True,1.0,1,0.8095479011535645,0.25782859325408936,0.5346744060516357,0.01656312495470047
13,77,True,1.0,1,0.8098134994506836,0.25776514410972595,0.5346258878707886,0.016585875302553177
13,78,True,1.0,1,0.809798002243042,0.2577633261680603,0.5347044467926025,0.016587886959314346
13,79,True,1.0,1,0.8097938299179077,0.2577509582042694,0.5347296595573425,0.016590135172009468
13,80,True,1.0,1,0.8097982406616211,0.2577630579471588,0.534727156162262,0.016589106991887093
13,81,True,1.0,1,0.809795618057251,0.2577633559703827,0.5347386598587036,0.01658913865685463
13,82,True,1.0,1,0.8097901344299316,0.257761150598526,0.5347425937652588,0.016589419916272163
13,83,True,1.0,1,0.8097918033599854,0.25776129961013794,0.5347442626953125,0.016589650884270668
13,84,True,1.0,1,0.809790849685669,0.2577632963657379,0.5347481966018677,0.01658906787633896
13,85,True,1.0,1,0.8099358081817627,0.25761494040489197,0.5347027778625488,0.01667284406721592
13,86,True,1.0,1,0.8099353313446045,0.2576020658016205,0.5347849130630493,0.016671285033226013
13,87,True,1.0,1,0.8099379539489746,0.25760114192962646,0.5348165035247803,0.016676535829901695
13,88,True,1.0,1,0.8099430799484253,0.2575964331626892,0.5348349809646606,0.016675064340233803
13,89,True,1.0,1,0.809937596321106,0.2575879693031311,0.5348463654518127,0.016677789390087128
13,90,True,1.0,1,0.8099368810653687,0.25758838653564453,0.5348441004753113,0.016676194965839386
13,91,True,1.0,1,0.809939980506897,0.25758737325668335,0.5348454713821411,0.016675200313329697
13,92,True,1.0,1,0.8099371194839478,0.2575906813144684,0.5348488092422485,0.016675591468811035
13,93,True,1.0,1,0.8101140260696411,0.25748881697654724,0.5349366664886475,0.01673656888306141
13,94,True,1.0,1,0.8101145029067993,0.25747016072273254,0.5350131988525391,0.01674836128950119
13,95,True,1.0,1,0.8101171255111694,0.2574475109577179,0.5350366830825806,0.016749443486332893
13,96,True,1.0,1,0.8101202249526978,0.25744596123695374,0.5350605249404907,0.016751646995544434
13,97,True,1.0,1,0.8101192712783813,0.2574411928653717,0.5350696444511414,0.01675182767212391
13,98,True,1.0,1,0.8101233243942261,0.2574387192726135,0.5350810289382935,0.01675334759056568
13,99,True,1.0,1,0.8101259469985962,0.2574370801448822,0.5350818634033203,0.016752418130636215
13,100,True,1.0,1,0.8101242780685425,0.25743818283081055,0.5350791215896606,0.016751941293478012
13,101,True,1.0,1,0.8101887702941895,0.25728699564933777,0.5352036952972412,0.01676281914114952
13,102,False,0.0,1,0.8083348274230957,0.2644752562046051,0.541379451751709,0.02126086875796318
13,103,False,0.0,1,0.8062963485717773,0.26591774821281433,0.5415667295455933,0.021171554923057556
13,104,False,0.0,1,0.8036830425262451,0.2678421437740326,0.5414334535598755,0.02117299661040306
13,105,False,0.0,1,0.802345335483551,0.26890242099761963,0.541267991065979,0.021149398759007454
13,106,False,0.0,1,0.8011913299560547,0.2701818346977234,0.5408631563186646,0.020955337211489677
13,107,False,0.0,1,0.7994201183319092,0.2713818848133087,0.5408647060394287,0.02094094455242157
13,108,False,0.0,1,0.7972316145896912,0.2734224498271942,0.5407905578613281,0.02094019390642643
13,109,False,0.0,1,0.7962086200714111,0.2749858498573303,0.5410416126251221,0.021231481805443764
13,110,False,0.0,1,0.795649528503418,0.27591052651405334,0.5411427021026611,0.021299824118614197
13,111,False,0.0,1,0.7951871156692505,0.2767862379550934,0.5411524772644043,0.02125234156847
13,112,False,0.0,1,0.7949203252792358,0.2774742841720581,0.5411592125892639,0.021191973239183426
13,113,False,0.0,1,0.7950589656829834,0.27761557698249817,0.5411666035652161,0.02117798663675785
13,114,False,0.0,1,0.7954878807067871,0.27747613191604614,0.5413453578948975,0.021214811131358147
13,115,False,0.0,1,0.7957761287689209,0.2770167887210846,0.5413814783096313,0.021237526088953018
13,116,False,0.0,1,0.7963656783103943,0.27662649750709534,0.5414681434631348,0.02123647928237915
13,117,False,0.0,1,0.7968262434005737,0.2757626175880432,0.5418562889099121,0.0213874913752079
13,118,False,0.0,1,0.7973796129226685,0.27522191405296326,0.5419235825538635,0.021362092345952988
13,119,False,0.0,1,0.7976629734039307,0.27510470151901245,0.5418215394020081,0.021304909139871597
13,120,False,0.0,1,0.7979615330696106,0.27501487731933594,0.5419282913208008,0.02136564999818802
13,121,False,0.0,1,0.7989121675491333,0.2742210328578949,0.5415698289871216,0.021232035011053085
13,122,False,0.0,1,0.7988399863243103,0.27413856983184814,0.5417456030845642,0.021306071430444717
13,123,False,0.0,1,0.7995352149009705,0.27331864833831787,0.5417208671569824,0.02130482718348503
13,124,False,0.0,1,0.8006104826927185,0.2719719409942627,0.5416343808174133,0.021256981417536736
13,125,False,0.0,1,0.8016748428344727,0.2709994614124298,0.5421013236045837,0.02133321203291416
13,126,False,0.0,1,0.8019486665725708,0.27054646611213684,0.5421306490898132,0.021328682079911232
13,127,False,0.0,1,0.8020552396774292,0.27021148800849915,0.5422507524490356,0.021370679140090942
13,128,False,0.0,1,0.8021659851074219,0.27014151215553284,0.5422552824020386,0.021383274346590042
13,129,False,0.0,1,0.8020396828651428,0.2700093686580658,0.5422430038452148,0.021386099979281425
13,130,False,0.0,1,0.8020222187042236,0.26980850100517273,0.5421802997589111,0.02134104259312153
13,131,False,0.0,1,0.8020308017730713,0.2694510221481323,0.5422444343566895,0.02138017863035202
13,132,False,0.0,1,0.8022133111953735,0.26845771074295044,0.5424455404281616,0.021437428891658783
13,133,False,0.0,1,0.8025550842285156,0.26705315709114075,0.5431880950927734,0.02154824510216713
13,134,False,0.0,1,0.8020739555358887,0.26719605922698975,0.5433434247970581,0.02152176760137081
13,135,False,0.0,1,0.8013766407966614,0.2675110399723053,0.5434283018112183,0.02148718200623989
13,136,False,0.0,1,0.8011224865913391,0.26756930351257324,0.5433796644210815,0.02144015207886696
14,0,False,0.0,0,0.7455785274505615,0.17798729240894318,0.5220749378204346,0.012398621998727322
14,1,False,0.0,1,0.8228186964988708,0.2549435794353485,0.5446232557296753,0.021707836538553238
14,2,False,0.0,1,0.8228313326835632,0.25489965081214905,0.5446838140487671,0.021729877218604088
14,3,False,0.0,1,0.8229790329933167,0.2550012469291687,0.5446841716766357,0.021740306168794632
14,4,False,0.0,1,0.8229000568389893,0.2552168369293213,0.5451821088790894,0.021871093660593033
14,5,False,0.0,1,0.8224397897720337,0.2558107376098633,0.5452831983566284,0.021897263824939728
14,6,False,0.0,1,0.8220247030258179,0.2560381293296814,0.5454901456832886,0.02197871543467045
14,7,False,0.0,1,0.8214907646179199,0.2562008500099182,0.5455158948898315,0.02203492261469364
14,8,False,0.0,1,0.8224316835403442,0.25551384687423706,0.5454822778701782,0.02201974205672741
14,9,False,0.0,1,0.8222591876983643,0.25557366013526917,0.5453967452049255,0.02202526107430458
14,10,False,0.0,1,0.8212469816207886,0.256060928106308,0.545349657535553,0.022028611972928047
14,11,False,0.0,1,0.8209203481674194,0.2565334439277649,0.5451217889785767,0.021935610100626945
14,12,False,0.0,1,0.8203738927841187,0.2576886713504791,0.5459847450256348,0.022428883239626884
14,13,False,0.0,1,0.8193286061286926,0.25849056243896484,0.5461540818214417,0.022475041449069977
14,14,False,0.0,1,0.8184770345687866,0.25938528776168823,0.5459625720977783,0.02243116684257984
14,15,False,0.0,1,0.817396879196167,0.25993096828460693,0.5459042191505432,0.022362086921930313
14,16,False,0.0,1,0.8158038258552551,0.26100441813468933,0.5460590720176697,0.02241351641714573
14,17,False,0.0,1,0.8136306405067444,0.2623126804828644,0.5458645224571228,0.022399630397558212
14,18,False,0.0,1,0.8128620386123657,0.26325124502182007,0.5458202362060547,0.022437790408730507
14,19,False,0.0,1,0.812164306640625,0.26408347487449646,0.5456400513648987,0.022365717217326164
14,20,False,0.0,1,0.811303436756134,0.2649940550327301,0.5459535121917725,0.022724803537130356
14,21,False,0.0,1,0.8106924295425415,0.2653452157974243,0.5460349321365356,0.022730547934770584
14,22,False,0.0,1,0.8100708723068237,0.2661293148994446,0.5460482835769653,0.022762291133403778
14,23,False,0.0,1,0.8084405660629272,0.2672561705112457,0.5460387468338013,0.022670092061161995
14,24,False,0.0,1,0.8074141144752502,0.2681899666786194,0.5461500883102417,0.022712882608175278
14,25,False,0.0,1,0.80613774061203,0.2686941623687744,0.5460951924324036,0.02260529436171055
14,26,False,0.0,1,0.8052935600280762,0.26907992362976074,0.5461352467536926,0.02250141091644764
14,27,False,0.0,1,0.8037971258163452,0.27024272084236145,0.5460852384567261,0.022447315976023674
14,28,False,0.0,1,0.8028240203857422,0.2705576419830322,0.5462247729301453,0.022625934332609177
14,29,False,0.0,1,0.8016571998596191,0.2716706097126007,0.546420693397522,0.022688085213303566
14,30,False,0.0,1,0.8003396391868591,0.27336445450782776,0.5462862253189087,0.022613827139139175
14,31,False,0.0,1,0.7999477982521057,0.27403101325035095,0.5462402105331421,0.022559234872460365
14,32,False,0.0,1,0.7997972965240479,0.2744120657444,0.5461996793746948,0.022515585646033287
14,33,False,0.0,1,0.7992746233940125,0.2751237750053406,0.5463483333587646,0.022587105631828308
14,34,False,0.0,1,0.7984228134155273,0.2758471369743347,0.5463801622390747,0.022607890889048576
14,35,False,0.0,1,0.7984989285469055,0.2760513722896576,0.5463290214538574,0.022572772577404976
14,36,False,0.0,1,0.7984943389892578,0.2757825553417206,0.545970618724823,0.02225622721016407
14,37,True,0.028925620019435883,1,0.7996746897697449,0.27315661311149597,0.54618239402771,0.022457139566540718
14,38,True,0.07024793326854706,1,0.8040029406547546,0.2655913233757019,0.5453704595565796,0.021890360862016678
14,39,True,0.11157024651765823,1,0.8053175806999207,0.26391246914863586,0.5446262955665588,0.021461529657244682
14,40,True,0.1528925597667694,1,0.8046681880950928,0.2638179361820221,0.5448622703552246,0.02153446525335312
14,41,True,0.19421488046646118,1,0.8062582612037659,0.2641628682613373,0.5446752309799194,0.02151087298989296
14,42,True,0.23553718626499176,1,0.806516706943512,0.2641979455947876,0.544913649559021,0.02167332172393799
14,43,True,0.27685949206352234,1,0.8061789870262146,0.2653622031211853,0.5447760820388794,0.021653728559613228
14,44,True,0.3181818127632141,1,0.8063071966171265,0.26529744267463684,0.5440510511398315,0.0211767740547657
14,45,True,0.3595041334629059,1,0.8060797452926636,0.2658096253871918,0.5438863635063171,0.02112799882888794
14,46,True,0.40082645416259766,1,0.8059808611869812,0.26544761657714844,0.5438224077224731,0.021152909845113754
14,47,True,0.44214877486228943,1,0.8056367635726929,0.26483312249183655,0.5439518690109253,0.021285636350512505
14,48,True,0.4834710657596588,1,0.8057361841201782,0.2644004225730896,0.5439358949661255,0.02131704054772854
14,49,True,0.5247933864593506,1,0.806121289730072,0.2633041739463806,0.5438446998596191,0.021281136199831963
14,50,True,0.56611567735672,1,0.8065090179443359,0.26299113035202026,0.543960452079773,0.02127056196331978
14,51,True,0.6074380278587341,1,0.8064747452735901,0.2632235586643219,0.544135570526123,0.021356483921408653
14,52,True,0.6487603187561035,1,0.807115912437439,0.2626645863056183,0.543563723564148,0.020955130457878113
14,53,True,0.6900826692581177,1,0.8077477812767029,0.26183807849884033,0.5432273149490356,0.020775550976395607
14,54,True,0.7314049601554871,1,0.8084725141525269,0.26132163405418396,0.5431126356124878,0.020653055980801582
14,55,True,0.7727272510528564,1,0.8083690404891968,0.2608097195625305,0.5430676937103271,0.020593000575900078
14,56,True,0.8140496015548706,1,0.8088659048080444,0.26009923219680786,0.5432953834533691,0.020770493894815445
14,57,True,0.85537189245224,1,0.8085834980010986,0.2594633102416992,0.5433133840560913,0.020652038976550102
14,58,True,0.8966942429542542,1,0.8095066547393799,0.2597927749156952,0.5430899858474731,0.02046118676662445
14,59,True,0.9380165338516235,1,0.8102617263793945,0.2596105635166168,0.5421763062477112,0.019884232431650162
14,60,True,0.9793388247489929,1,0.8097308874130249,0.25976067781448364,0.5416327118873596,0.019237153232097626
14,61,True,1.0,1,0.8094561696052551,0.2589598596096039,0.5375980138778687,0.017082251608371735
14,62,True,1.0,1,0.80953449010849,0.2586251199245453,0.5376537442207336,0.01722770743072033
14,63,True,1.0,1,0.8095533847808838,0.2584554851055145,0.5375518798828125,0.017264800146222115
14,64,True,1.0,1,0.8095687627792358,0.2583774924278259,0.537469744682312,0.01726350374519825
14,65,True,1.0,1,0.8095539808273315,0.2583293914794922,0.5374101996421814,0.01725594885647297
14,66,True,1.0,1,0.8095669746398926,0.2583218514919281,0.5373753309249878,0.017256416380405426
14,67,True,1.0,1,0.8095784187316895,0.25832077860832214,0.5373512506484985,0.01725541241466999
14,68,True,1.0,1,0.8096416592597961,0.2582935690879822,0.5371063947677612,0.017247797921299934
14,69,True,1.0,1,0.8096426129341125,0.2583034634590149,0.5370687246322632,0.01722058653831482
14,70,True,1.0,1,0.8096490502357483,0.25830891728401184,0.5370439291000366,0.017210479825735092
14,71,True,1.0,1,0.8096438050270081,0.25830426812171936,0.5370371341705322,0.017206471413373947
14,72,True,1.0,1,0.8096433281898499,0.2583049237728119,0.5370234251022339,0.017200347036123276
14,73,True,1.0,1,0.8096430897712708,0.2583044171333313,0.5370196104049683,0.017199963331222534
14,74,True,1.0,1,0.8096445202827454,0.2583044469356537,0.5370242595672607,0.017198758199810982
14,75,True,1.0,1,0.8096447587013245,0.2583039104938507,0.5370245575904846,0.017198927700519562
14,76,True,1.0,1,0.8096691370010376,0.258267879486084,0.536882221698761,0.01720265857875347
14,77,True,1.0,1,0.80967116355896,0.2582624554634094,0.5368400812149048,0.0171807911247015
14,78,True,1.0,1,0.8096868991851807,0.2582656741142273,0.5368129014968872,0.017168063670396805
14,79,True,1.0,1,0.809680700302124,0.258262038230896,0.5368114709854126,0.017165280878543854
14,80,True,1.0,1,0.809680700302124,0.2582610845565796,0.5367965698242188,0.0171603262424469
14,81,True,1.0,1,0.8096835613250732,0.258256733417511,0.5367904901504517,0.017158346250653267
14,82,True,1.0,1,0.809685468673706,0.25826016068458557,0.5367879867553711,0.01715775765478611
14,83,True,1.0,1,0.8096840381622314,0.2582607567310333,0.536786675453186,0.017159001901745796
14,84,True,1.0,1,0.8098341822624207,0.2583189904689789,0.5366564393043518,0.017230821773409843
14,85,True,1.0,1,0.8098070621490479,0.2583233118057251,0.5366126298904419,0.017215056344866753
14,86,True,1.0,1,0.8097870945930481,0.2583308815956116,0.53661048412323,0.01720641925930977
14,87,True,1.0,1,0.8097866177558899,0.2583262324333191,0.5365898609161377,0.017204735428094864
14,88,True,1.0,1,0.8097818493843079,0.25833332538604736,0.5365896224975586,0.017199421301484108
14,89,True,1.0,1,0.809782087802887,0.2583334743976593,0.536587655544281,0.01719776540994644
14,90,True,1.0,1,0.8097816109657288,0.25833138823509216,0.536581814289093,0.017195966094732285
14,91,False,0.0,1,0.801875114440918,0.2725042998790741,0.5443013906478882,0.021700050681829453
14,92,False,0.0,1,0.8003511428833008,0.27375009655952454,0.5447138547897339,0.021549321711063385
14,93,False,0.0,1,0.7982650995254517,0.2752532958984375,0.5444926023483276,0.021415669471025467
14,94,False,0.0,1,0.7975859045982361,0.2753990888595581,0.5444210171699524,0.021370651200413704
14,95,False,0.0,1,0.7985039949417114,0.2740916907787323,0.5444839596748352,0.021406348794698715
14,96,False,0.0,1,0.8007194399833679,0.2724064588546753,0.544106125831604,0.021262671798467636
14,97,False,0.0,1,0.801077127456665,0.2718295156955719,0.5439161062240601,0.021229730919003487
14,98,False,0.0,1,0.8007245063781738,0.2715320885181427,0.5438051223754883,0.021182319149374962
14,99,False,0.0,1,0.8007967472076416,0.2713759243488312,0.5437314510345459,0.021159766241908073
14,100,False,0.0,1,0.8009111881256104,0.2714512050151825,0.5443922877311707,0.02147047594189644
14,101,False,0.0,1,0.8022449016571045,0.2711733877658844,0.544327974319458,0.02142183668911457
14,102,False,0.0,1,0.8038892149925232,0.2709391117095947,0.5443762540817261,0.02145390398800373
14,103,False,0.0,1,0.8054765462875366,0.2700882852077484,0.5442372560501099,0.021392151713371277
14,104,False,0.0,1,0.8062015175819397,0.269721120595932,0.5442359447479248,0.021394120529294014
14,105,False,0.0,1,0.8065208792686462,0.2691970467567444,0.5442195534706116,0.021384021267294884
14,106,False,0.0,1,0.8070099353790283,0.2689453065395355,0.5442842245101929,0.021430911496281624
14,107,False,0.0,1,0.8073570728302002,0.2685529589653015,0.5442452430725098,0.021424980834126472
14,108,False,0.0,1,0.8074085712432861,0.26867395639419556,0.5451056361198425,0.02176491916179657
14,109,False,0.0,1,0.8072867393493652,0.26841628551483154,0.5449851751327515,0.021746020764112473
14,110,False,0.0,1,0.8072686195373535,0.26845791935920715,0.5449339151382446,0.021728530526161194
14,111,False,0.0,1,0.807020902633667,0.2680269777774811,0.5449930429458618,0.02176169864833355
14,112,False,0.0,1,0.8070986866950989,0.2676106095314026,0.544985294342041,0.021714698523283005
14,113,False,0.0,1,0.8070694208145142,0.2674897611141205,0.5451030731201172,0.021731937304139137
14,114,False,0.0,1,0.8070013523101807,0.2674342691898346,0.545076310634613,0.021719885990023613
14,115,False,0.0,1,0.8063057065010071,0.26756051182746887,0.5451226234436035,0.021730653941631317
14,116,False,0.0,1,0.8054871559143066,0.26783210039138794,0.5460985898971558,0.02217256650328636
14,117,False,0.0,1,0.8047436475753784,0.2681153118610382,0.5461628437042236,0.02222941815853119
14,118,False,0.0,1,0.8038037419319153,0.268265962600708,0.5462021827697754,0.02227473258972168
14,119,False,0.0,1,0.8026936054229736,0.26824936270713806,0.546125054359436,0.022227808833122253
14,120,False,0.0,1,0.8015475273132324,0.2679402232170105,0.5463048219680786,0.022282367572188377
14,121,False,0.0,1,0.8010990619659424,0.26780492067337036,0.5463860034942627,0.02230341173708439
15,0,False,0.0,0,0.738400936126709,0.1809740513563156,0.5253185033798218,0.013828963041305542
15,1,False,0.0,1,0.8245689868927002,0.25354671478271484,0.5485076904296875,0.022967148572206497
15,2,False,0.0,1,0.8249203562736511,0.2532235383987427,0.5490165948867798,0.023216502740979195
15,3,False,0.0,1,0.8248910903930664,0.2531296908855438,0.5490568280220032,0.02326425164937973
15,4,False,0.0,1,0.8242955803871155,0.2526034712791443,0.5489928722381592,0.023300427943468094
15,5,False,0.0,1,0.8239173889160156,0.2521265149116516,0.5489576458930969,0.023306475952267647
15,6,False,0.0,1,0.8236920237541199,0.25171273946762085,0.5490422248840332,0.02334674447774887
15,7,False,0.0,1,0.8231709003448486,0.251982718706131,0.5488739013671875,0.023240884765982628
15,8,False,0.0,1,0.8227241635322571,0.25225168466567993,0.5488600730895996,0.023222504183650017
15,9,False,0.0,1,0.8226094245910645,0.2523757219314575,0.5486768484115601,0.02314152754843235
15,10,False,0.0,1,0.8221536874771118,0.2527841329574585,0.5486041307449341,0.023173797875642776
15,11,False,0.0,1,0.8221986889839172,0.2529780864715576,0.5484597682952881,0.023163577541708946
15,12,False,0.0,1,0.8225789070129395,0.2528040409088135,0.5485159158706665,0.023246079683303833
15,13,False,0.0,1,0.8232871294021606,0.25296714901924133,0.5483934879302979,0.023277048021554947
15,14,False,0.0,1,0.8234126567840576,0.2535625100135803,0.5484697818756104,0.023290392011404037
15,15,False,0.0,1,0.8225000500679016,0.25427067279815674,0.5484167337417603,0.023230908438563347
15,16,False,0.0,1,0.8224775791168213,0.2547646164894104,0.5482897758483887,0.023143913596868515
15,17,False,0.0,1,0.822167158126831,0.255048930644989,0.5482825040817261,0.02315160445868969
15,18,False,0.0,1,0.8219423294067383,0.2554122507572174,0.5484817028045654,0.023377053439617157
15,19,False,0.0,1,0.8219462633132935,0.2556813955307007,0.5485731363296509,0.023487655445933342
15,20,False,0.0,1,0.8215261697769165,0.2562119662761688,0.5487337112426758,0.023609226569533348
15,21,False,0.0,1,0.8215599060058594,0.25634750723838806,0.5486749410629272,0.023565808311104774
15,22,False,0.0,1,0.8213440179824829,0.2563982307910919,0.5488102436065674,0.02364915795624256
15,23,False,0.0,1,0.8207917213439941,0.2569601535797119,0.5489901304244995,0.023684686049818993
15,24,False,0.0,1,0.8197014331817627,0.2574464976787567,0.5490897297859192,0.023715225979685783
15,25,False,0.0,1,0.819990873336792,0.2573103606700897,0.5492398738861084,0.023817695677280426
15,26,False,0.0,1,0.8201211094856262,0.25757142901420593,0.5495809316635132,0.02399834804236889
15,27,False,0.0,1,0.8200938701629639,0.25732308626174927,0.5497382879257202,0.024006512016057968
15,28,False,0.0,1,0.8193265199661255,0.25733482837677,0.5496761202812195,0.02401282638311386
15,29,False,0.0,1,0.819008469581604,0.2571280300617218,0.5495027303695679,0.0240185484290123
15,30,False,0.0,1,0.818702220916748,0.25708484649658203,0.5493049621582031,0.023974373936653137
15,31,False,0.0,1,0.8176888823509216,0.2568662762641907,0.5490553379058838,0.023893559351563454
15,32,False,0.0,1,0.8159925937652588,0.2572493851184845,0.5488830804824829,0.023879168555140495
15,33,False,0.0,1,0.8148374557495117,0.25738251209259033,0.5487750768661499,0.023825138807296753
15,34,False,0.0,1,0.812995433807373,0.25776103138923645,0.5492684841156006,0.02400389313697815
15,35,False,0.0,1,0.8120555877685547,0.25787779688835144,0.5491107106208801,0.023955797776579857
15,36,False,0.0,1,0.811259925365448,0.2579963803291321,0.548893928527832,0.023908166214823723
15,37,False,0.0,1,0.8112644553184509,0.25786465406417847,0.548784613609314,0.023898381739854813
15,38,False,0.0,1,0.8113186955451965,0.2576422393321991,0.549117922782898,0.023928001523017883
15,39,False,0.0,1,0.8107630610466003,0.25739142298698425,0.5492978096008301,0.02397059090435505
15,40,False,0.0,1,0.8102787137031555,0.2577786147594452,0.5496201515197754,0.024072881788015366
15,41,False,0.0,1,0.8094156980514526,0.2585313022136688,0.5496921539306641,0.02411346323788166
15,42,False,0.0,1,0.8085672855377197,0.2596835792064667,0.5500300526618958,0.024141976609826088
15,43,False,0.0,1,0.8075075149536133,0.2604358196258545,0.5502382516860962,0.024165019392967224
15,44,False,0.0,1,0.8065915107727051,0.2617065906524658,0.5499469041824341,0.02403276413679123
15,45,False,0.0,1,0.80558180809021,0.26339253783226013,0.5494339466094971,0.023783544078469276
15,46,False,0.0,1,0.8046973943710327,0.2643653154373169,0.5496439933776855,0.02388107404112816
15,47,False,0.0,1,0.803207278251648,0.2654608488082886,0.5495047569274902,0.02379848062992096
15,48,False,0.0,1,0.8018724918365479,0.26744866371154785,0.5495791435241699,0.023809969425201416
15,49,False,0.0,1,0.8005959987640381,0.2693334221839905,0.5499861836433411,0.024045703932642937
15,50,False,0.0,1,0.8001765012741089,0.270632266998291,0.550020158290863,0.024086646735668182
15,51,False,0.0,1,0.7991682291030884,0.2716113030910492,0.5503778457641602,0.02416711486876011
15,52,False,0.0,1,0.7991093397140503,0.2721458077430725,0.5509523153305054,0.02430322952568531
15,53,False,0.0,1,0.7986304759979248,0.27299776673316956,0.5516505837440491,0.024646904319524765
15,54,False,0.0,1,0.798447847366333,0.27357807755470276,0.5519006252288818,0.024828512221574783
15,55,False,0.0,1,0.7983382940292358,0.27411141991615295,0.5518800020217896,0.02487918920814991
15,56,False,0.0,1,0.7978546619415283,0.2744625508785248,0.5519861578941345,0.02497643604874611
15,57,False,0.0,1,0.7975308895111084,0.27480989694595337,0.551877498626709,0.024938276037573814
15,58,False,0.0,1,0.7962002754211426,0.2756817638874054,0.5520225167274475,0.025089431554079056
15,59,False,0.0,1,0.7953031659126282,0.2762663662433624,0.5521398782730103,0.025124691426753998
15,60,False,0.0,1,0.7943781018257141,0.2771560847759247,0.5522985458374023,0.025187291204929352
15,61,False,0.0,1,0.7934427261352539,0.27782684564590454,0.5521844625473022,0.025132326409220695
15,62,False,0.0,1,0.7921901941299438,0.2788899838924408,0.5520635843276978,0.025067247450351715
15,63,False,0.0,1,0.7924529910087585,0.27816295623779297,0.5516878366470337,0.02487504668533802
15,64,False,0.0,1,0.7932019829750061,0.2771149277687073,0.5515580177307129,0.024811742827296257
15,65,False,0.0,1,0.7940597534179688,0.2752901613712311,0.5515828728675842,0.024833286181092262
15,66,False,0.0,1,0.7945473790168762,0.27401047945022583,0.5509423613548279,0.024419277906417847
15,67,False,0.0,1,0.7951485514640808,0.27391746640205383,0.5511630177497864,0.024459220468997955
15,68,False,0.0,1,0.7962832450866699,0.27322107553482056,0.5513734817504883,0.02452833577990532
15,69,False,0.0,1,0.7970132231712341,0.27280423045158386,0.5512615442276001,0.024478599429130554
15,70,False,0.0,1,0.7980616688728333,0.2723411023616791,0.5511307716369629,0.024387450888752937
15,71,False,0.0,1,0.7989488840103149,0.27154240012168884,0.5510215759277344,0.02433197945356369
15,72,False,0.0,1,0.7995650768280029,0.2704632878303528,0.551379919052124,0.02458968386054039
15,73,False,0.0,1,0.8003476858139038,0.26894333958625793,0.5514658093452454,0.024682676419615746
15,74,False,0.0,1,0.8025840520858765,0.2665952742099762,0.5517714619636536,0.02486914023756981
15,75,False,0.0,1,0.803390622138977,0.26580286026000977,0.551935613155365,0.02490980736911297
15,76,False,0.0,1,0.8045850992202759,0.2652297019958496,0.5522257089614868,0.02506643906235695
15,77,False,0.0,1,0.805004894733429,0.265591025352478,0.552208423614502,0.025087935850024223
15,78,False,0.0,1,0.8051081895828247,0.2656836211681366,0.5521025061607361,0.02505498006939888
15,79,False,0.0,1,0.8060405254364014,0.26566097140312195,0.551912784576416,0.024965757504105568
15,80,False,0.0,1,0.8068557381629944,0.2652207016944885,0.5517148971557617,0.024845104664564133
15,81,False,0.0,1,0.8071504831314087,0.26446008682250977,0.5517343282699585,0.024841753765940666
15,82,False,0.0,1,0.8080357909202576,0.26374441385269165,0.5520297288894653,0.025046445429325104
15,83,False,0.0,1,0.8079098463058472,0.26383286714553833,0.5523303747177124,0.025156112387776375
15,84,False,0.0,1,0.8069850206375122,0.264742910861969,0.552270233631134,0.025072850286960602
15,85,False,0.0,1,0.8061723709106445,0.26551103591918945,0.5524469614028931,0.02509343810379505
15,86,False,0.0,1,0.8051924705505371,0.2667069435119629,0.5523258447647095,0.024982163682579994
15,87,False,0.0,1,0.8047754168510437,0.267034649848938,0.5523738861083984,0.024922017008066177
15,88,False,0.0,1,0.8047245144844055,0.2672009766101837,0.5524340867996216,0.024912679567933083
15,89,False,0.0,1,0.8044071793556213,0.26755717396736145,0.5525001287460327,0.02494705654680729
15,90,False,0.0,1,0.8046834468841553,0.2680045962333679,0.5522720813751221,0.02478502131998539
15,91,False,0.0,1,0.8049010038375854,0.2683115601539612,0.552445650100708,0.02483677677810192
15,92,False,0.0,1,0.8042963147163391,0.2695969045162201,0.5528117418289185,0.025054756551980972
15,93,False,0.0,1,0.803799033164978,0.27063944935798645,0.5529959201812744,0.025142034515738487
15,94,False,0.0,1,0.8037985563278198,0.27213746309280396,0.5530453324317932,0.025240259245038033
15,95,False,0.0,1,0.8034728765487671,0.27267205715179443,0.5529645681381226,0.025267820805311203
15,96,False,0.0,1,0.8033887147903442,0.27307945489883423,0.5529945492744446,0.025234844535589218
15,97,False,0.0,1,0.8032485842704773,0.2734453082084656,0.5528475642204285,0.025091227144002914
15,98,False,0.0,1,0.8029184937477112,0.274234414100647,0.5532144904136658,0.025193538516759872
15,99,False,0.0,1,0.8022315502166748,0.2744549810886383,0.5528894662857056,0.025058772414922714
15,100,False,0.0,1,0.8014204502105713,0.27442607283592224,0.5524200201034546,0.024793587625026703
15,101,False,0.0,1,0.801160991191864,0.27426084876060486,0.5520004630088806,0.02458754926919937
15,102,False,0.0,1,0.8002015352249146,0.2745257318019867,0.5516481399536133,0.024357866495847702
15,103,False,0.0,1,0.799316942691803,0.274773508310318,0.5515197515487671,0.024310026317834854
15,104,False,0.0,1,0.7988052368164062,0.27492058277130127,0.5515871047973633,0.02434270642697811
15,105,False,0.0,1,0.7984284162521362,0.2751982808113098,0.5516360998153687,0.024364756420254707
15,106,False,0.0,1,0.7981436252593994,0.2758009135723114,0.5516042709350586,0.024295927956700325
15,107,False,0.0,1,0.7980804443359375,0.27603891491889954,0.5514980554580688,0.024272263050079346
15,108,False,0.0,1,0.7981696128845215,0.2755540907382965,0.5513549447059631,0.024220257997512817
15,109,False,0.0,1,0.7987837195396423,0.27399298548698425,0.5510295629501343,0.02409548871219158
15,110,False,0.0,1,0.8002654314041138,0.27174362540245056,0.5509253144264221,0.02405678667128086
15,111,False,0.0,1,0.8011401891708374,0.26982223987579346,0.5507711172103882,0.024046964943408966
15,112,False,0.0,1,0.801296591758728,0.26891306042671204,0.5505949854850769,0.023957785218954086
15,113,False,0.0,1,0.8014943599700928,0.2683005928993225,0.5506107807159424,0.02396441251039505
15,114,False,0.0,1,0.8019840717315674,0.2676315903663635,0.5504755973815918,0.023795751854777336
15,115,False,0.0,1,0.8025609254837036,0.2669648826122284,0.550361156463623,0.023762179538607597
15,116,False,0.0,1,0.8031662702560425,0.26646992564201355,0.5504403114318848,0.023829761892557144
15,117,False,0.0,1,0.803605318069458,0.2658127248287201,0.550421953201294,0.0238499753177166
15,118,False,0.0,1,0.8044483661651611,0.26540061831474304,0.5504063367843628,0.02384847402572632
15,119,False,0.0,1,0.8057690858840942,0.26508790254592896,0.5501581430435181,0.023743581026792526
15,120,False,0.0,1,0.8066149353981018,0.26482757925987244,0.55010986328125,0.02375086210668087
15,121,False,0.0,1,0.8068790435791016,0.26466721296310425,0.550024151802063,0.023682622238993645
15,122,False,0.0,1,0.8069157600402832,0.26473134756088257,0.5500355958938599,0.023767154663801193
15,123,False,0.0,1,0.8065516352653503,0.26497673988342285,0.5500392913818359,0.02381877228617668
15,124,False,0.0,1,0.806715726852417,0.2652038633823395,0.5498899817466736,0.0237831249833107
15,125,False,0.0,1,0.8069214820861816,0.265292763710022,0.5499517917633057,0.02383376471698284
15,126,False,0.0,1,0.8073729276657104,0.26539576053619385,0.549953043460846,0.023818524554371834
15,127,False,0.0,1,0.8076314330101013,0.265682190656662,0.5500953793525696,0.023871082812547684
15,128,False,0.0,1,0.8082014918327332,0.26611047983169556,0.550320029258728,0.023991642519831657
15,129,False,0.0,1,0.8080007433891296,0.26658448576927185,0.5507946610450745,0.024240588769316673
15,130,False,0.0,1,0.8078447580337524,0.2670809328556061,0.5509822368621826,0.02435450814664364
15,131,False,0.0,1,0.8071657419204712,0.2676398456096649,0.5511069297790527,0.02441936917603016
15,132,False,0.0,1,0.806378960609436,0.26799270510673523,0.5512422323226929,0.024471862241625786
15,133,False,0.0,1,0.8059209585189819,0.26845723390579224,0.5511671304702759,0.024402013048529625
15,134,False,0.0,1,0.805363655090332,0.2690829336643219,0.5508986115455627,0.024216067045927048
15,135,False,0.0,1,0.8052769899368286,0.26928624510765076,0.5507478713989258,0.02410270646214485
15,136,False,0.0,1,0.8054111003875732,0.269211083650589,0.5508339405059814,0.024143241345882416
15,137,False,0.0,1,0.8056382536888123,0.26919394731521606,0.550969123840332,0.02421523630619049
15,138,False,0.0,1,0.8057783246040344,0.26916274428367615,0.5508828163146973,0.024171102792024612
15,139,False,0.0,1,0.8055112361907959,0.26904433965682983,0.5509617328643799,0.024233588948845863
16,0,False,0.0,0,0.7298198342323303,0.19051691889762878,0.5267691612243652,0.01480178628116846
16,1,False,0.0,1,0.8187010288238525,0.26057901978492737,0.5530821681022644,0.02494003064930439
16,2,False,0.0,1,0.8184575438499451,0.2606184780597687,0.5533865690231323,0.025037547573447227
16,3,False,0.0,1,0.8192936182022095,0.2602209150791168,0.5538247227668762,0.025260135531425476
16,4,False,0.0,1,0.8192722797393799,0.2599841058254242,0.5539951920509338,0.025313500314950943
16,5,False,0.0,1,0.8195842504501343,0.2595968544483185,0.5540222525596619,0.02525809407234192
16,6,False,0.0,1,0.8200192451477051,0.25951316952705383,0.5537704229354858,0.025201912969350815
16,7,False,0.0,1,0.8205456733703613,0.25952887535095215,0.5537517666816711,0.025218620896339417
16,8,False,0.0,1,0.8200644254684448,0.259887158870697,0.5536298751831055,0.025191672146320343
16,9,False,0.0,1,0.819982647895813,0.259930819272995,0.5536156892776489,0.02525964006781578
16,10,False,0.0,1,0.8203331232070923,0.25975432991981506,0.5536720752716064,0.02539183385670185
16,11,False,0.0,1,0.8197198510169983,0.2598033845424652,0.5536705851554871,0.02543729543685913
16,12,False,0.0,1,0.8197705149650574,0.25982218980789185,0.5535075664520264,0.025356395170092583
16,13,False,0.0,1,0.8207603096961975,0.2590809762477875,0.5533864498138428,0.025312194600701332
16,14,False,0.0,1,0.8213977813720703,0.2587909400463104,0.55287104845047,0.02522614225745201
16,15,False,0.0,1,0.8206929564476013,0.25928035378456116,0.5527153015136719,0.025205103680491447
16,16,False,0.0,1,0.8211932182312012,0.25853148102760315,0.552509605884552,0.02514042519032955
16,17,False,0.0,1,0.821255624294281,0.25841203331947327,0.552400529384613,0.02516084350645542
16,18,False,0.0,1,0.8209948539733887,0.2585604786872864,0.5522790551185608,0.025119343772530556
16,19,False,0.0,1,0.820763349533081,0.25828906893730164,0.5521413683891296,0.02505311742424965
16,20,False,0.0,1,0.8201832175254822,0.25842535495758057,0.5520017147064209,0.024984225630760193
16,21,False,0.0,1,0.8192166686058044,0.25919079780578613,0.5521393418312073,0.02503512240946293
16,22,False,0.0,1,0.8191068172454834,0.2589223086833954,0.5514189600944519,0.02492096647620201
16,23,False,0.0,1,0.8184140920639038,0.2589968144893646,0.5512574911117554,0.024850426241755486
16,24,False,0.0,1,0.81761634349823,0.2594473659992218,0.5511883497238159,0.02480144426226616
16,25,False,0.0,1,0.8175671696662903,0.2600817382335663,0.5512861013412476,0.024858687072992325
16,26,False,0.0,1,0.8163465261459351,0.2598765790462494,0.5513496398925781,0.024854561313986778
16,27,False,0.0,1,0.8154566287994385,0.2599649727344513,0.5513283014297485,0.02481590211391449
16,28,False,0.0,1,0.8151296377182007,0.2602206766605377,0.5513557195663452,0.024821236729621887
16,29,False,0.0,1,0.8144214153289795,0.2607942521572113,0.5513416528701782,0.024820536375045776
16,30,False,0.0,1,0.8134814500808716,0.2608625292778015,0.5507782101631165,0.024767452850937843
16,31,False,0.0,1,0.8129724264144897,0.2612335979938507,0.5505754947662354,0.02482757903635502
16,32,False,0.0,1,0.8124794363975525,0.2619558274745941,0.5505124926567078,0.0247968602925539
16,33,False,0.0,1,0.8120214343070984,0.2626855969429016,0.5505698323249817,0.024850022047758102
16,34,False,0.0,1,0.8118335008621216,0.26339441537857056,0.5507628917694092,0.024955052882432938
16,35,False,0.0,1,0.8108594417572021,0.2638893723487854,0.5510189533233643,0.02507777512073517
16,36,False,0.0,1,0.8106379508972168,0.26449692249298096,0.5509337782859802,0.02500998042523861
16,37,False,0.0,1,0.8108757734298706,0.2650318145751953,0.5510090589523315,0.025111984461545944
16,38,False,0.0,1,0.8109176754951477,0.2655680179595947,0.5508315563201904,0.02508377470076084
16,39,False,0.0,1,0.8109427690505981,0.26673176884651184,0.550870418548584,0.02517223171889782
16,40,False,0.0,1,0.8099627494812012,0.2678559720516205,0.5508662462234497,0.02517792023718357
16,41,False,0.0,1,0.8087093830108643,0.2689918875694275,0.5509909391403198,0.025235747918486595
16,42,False,0.0,1,0.807883620262146,0.2695501148700714,0.5510256290435791,0.02523730881512165
16,43,False,0.0,1,0.8068671226501465,0.2704053521156311,0.5510375499725342,0.025239605456590652
16,44,False,0.0,1,0.8052316904067993,0.27157431840896606,0.5509412884712219,0.025204353034496307
16,45,False,0.0,1,0.8042497038841248,0.27188459038734436,0.5507205724716187,0.025048572570085526
16,46,False,0.0,1,0.8036389946937561,0.2719649076461792,0.5499589443206787,0.024539748206734657
16,47,False,0.0,1,0.8031058311462402,0.27142325043678284,0.5497749447822571,0.024479815736413002
16,48,False,0.0,1,0.8027727007865906,0.27137070894241333,0.5495299100875854,0.024382635951042175
16,49,False,0.0,1,0.8023204803466797,0.2714872360229492,0.5491149425506592,0.02420911192893982
16,50,False,0.0,1,0.8013177514076233,0.27194955945014954,0.5486893653869629,0.024035057052969933
16,51,False,0.0,1,0.80061936378479,0.27234047651290894,0.5486876964569092,0.024094244465231895
16,52,False,0.0,1,0.7999144792556763,0.2729870080947876,0.5483757257461548,0.023957617580890656
16,53,False,0.0,1,0.7995650172233582,0.2730087339878082,0.548543393611908,0.024057993665337563
16,54,False,0.0,1,0.8009195327758789,0.27156320214271545,0.5479974150657654,0.02353939227759838
16,55,False,0.0,1,0.8014536499977112,0.27076032757759094,0.5479282140731812,0.023576807230710983
16,56,False,0.0,1,0.8021693229675293,0.2702619731426239,0.5478073358535767,0.023520367220044136
16,57,False,0.0,1,0.8025965690612793,0.2701297402381897,0.547798752784729,0.023532096296548843
16,58,False,0.0,1,0.8033421039581299,0.27004048228263855,0.5476212501525879,0.023455362766981125
16,59,False,0.0,1,0.8034939765930176,0.2701788544654846,0.5471241474151611,0.02324759028851986
16,60,False,0.0,1,0.8051130175590515,0.2695602774620056,0.5472218990325928,0.02326969802379608
16,61,False,0.0,1,0.8073608875274658,0.26789048314094543,0.547298789024353,0.023314334452152252
16,62,False,0.0,1,0.8093031644821167,0.2661516070365906,0.5473828911781311,0.023039907217025757
16,63,False,0.0,1,0.8100929260253906,0.26520735025405884,0.5473068356513977,0.023062871769070625
16,64,False,0.0,1,0.8111399412155151,0.26361098885536194,0.5473446846008301,0.023102479055523872
16,65,False,0.0,1,0.8126431703567505,0.26193007826805115,0.5475469827651978,0.023183269426226616
16,66,False,0.0,1,0.8134458065032959,0.2610451281070709,0.5478029847145081,0.023295635357499123
16,67,False,0.0,1,0.8142527937889099,0.2600375711917877,0.5478216409683228,0.023348843678832054
16,68,False,0.0,1,0.815108060836792,0.25866398215293884,0.5480698943138123,0.02347498945891857
16,69,False,0.0,1,0.8166560530662537,0.2567524015903473,0.5482150316238403,0.02356892079114914
16,70,False,0.0,1,0.8171571493148804,0.2556994557380676,0.5480684041976929,0.023172926157712936
16,71,False,0.0,1,0.8169448375701904,0.2547614574432373,0.547822117805481,0.02314537577331066
16,72,False,0.0,1,0.8180485367774963,0.2535308301448822,0.547675609588623,0.023103471845388412
16,73,False,0.0,1,0.8183256387710571,0.25316381454467773,0.5473406314849854,0.023001382127404213
16,74,False,0.0,1,0.8179915547370911,0.25360697507858276,0.5474115014076233,0.02303028292953968
16,75,False,0.0,1,0.8173218369483948,0.2545393705368042,0.5472301244735718,0.022935613989830017
16,76,False,0.0,1,0.8171756267547607,0.25541403889656067,0.5471900701522827,0.022907575592398643
16,77,False,0.0,1,0.8169621229171753,0.2564322054386139,0.5472784042358398,0.0229222159832716
16,78,False,0.0,1,0.8166347742080688,0.2574472725391388,0.5472764372825623,0.02259465493261814
16,79,False,0.0,1,0.8163275718688965,0.2582847774028778,0.5472879409790039,0.02260453812777996
16,80,False,0.0,1,0.815876841545105,0.2587827146053314,0.5475046634674072,0.022666284814476967
16,81,False,0.0,1,0.8153919577598572,0.25920265913009644,0.5475612282752991,0.02264525182545185
16,82,False,0.0,1,0.8149179816246033,0.25939521193504333,0.5476457476615906,0.022650418803095818
16,83,False,0.0,1,0.8135077953338623,0.2602410912513733,0.5477567911148071,0.022669807076454163
16,84,False,0.0,1,0.8122195601463318,0.2611413598060608,0.5478419065475464,0.0227152518928051
16,85,False,0.0,1,0.8118643164634705,0.2615871727466583,0.547640323638916,0.022671407088637352
16,86,False,0.0,1,0.8112176656723022,0.26228445768356323,0.5475828647613525,0.022401932626962662
16,87,False,0.0,1,0.809971809387207,0.26301756501197815,0.5474100112915039,0.02233969233930111
16,88,False,0.0,1,0.8082596063613892,0.26414725184440613,0.5473721623420715,0.022322440519928932
16,89,False,0.0,1,0.8068445324897766,0.26555579900741577,0.5472972393035889,0.022327281534671783
16,90,False,0.0,1,0.806236982345581,0.26692190766334534,0.5474624633789062,0.022343842312693596
16,91,False,0.0,1,0.8035889267921448,0.2699369490146637,0.5476263165473938,0.022442901507019997
16,92,False,0.0,1,0.8011049032211304,0.27195125818252563,0.547653079032898,0.02248276397585869
16,93,False,0.0,1,0.7999216318130493,0.2732219398021698,0.5474332571029663,0.022360263392329216
16,94,False,0.0,1,0.7998142242431641,0.2730540931224823,0.5478901863098145,0.022370556369423866
16,95,False,0.0,1,0.7999985218048096,0.27200058102607727,0.5478426218032837,0.022352252155542374
16,96,False,0.0,1,0.7998673319816589,0.27078667283058167,0.5477380752563477,0.02232387848198414
16,97,False,0.0,1,0.8002763986587524,0.269892156124115,0.5475677847862244,0.02226531319320202
16,98,False,0.0,1,0.8005976676940918,0.26930758357048035,0.5474560856819153,0.022250467911362648
16,99,False,0.0,1,0.8008930683135986,0.26912352442741394,0.54768967628479,0.022407187148928642
16,100,False,0.0,1,0.7998610734939575,0.2701570391654968,0.5479568243026733,0.02266160398721695
16,101,False,0.0,1,0.7987868785858154,0.2708396315574646,0.5473647117614746,0.0224789846688509
16,102,False,0.0,1,0.7973982691764832,0.27091673016548157,0.5472825765609741,0.022391391918063164
16,103,False,0.0,1,0.7962181568145752,0.27123531699180603,0.5472573637962341,0.02237127348780632
16,104,False,0.0,1,0.7948720455169678,0.27151158452033997,0.5471985340118408,0.02236831746995449
16,105,False,0.0,1,0.793786346912384,0.2719631493091583,0.5472906827926636,0.022390216588974
16,106,False,0.0,1,0.7921891212463379,0.2727636992931366,0.547303318977356,0.02235959656536579
16,107,False,0.0,1,0.7908399105072021,0.2741686701774597,0.5473742485046387,0.022426823154091835
16,108,False,0.0,1,0.7890915870666504,0.27708208560943604,0.5476796627044678,0.02261563390493393
16,109,False,0.0,1,0.7911394834518433,0.2765486240386963,0.5473772287368774,0.02247101254761219
16,110,False,0.0,1,0.7926028966903687,0.27649709582328796,0.5478814840316772,0.02260734885931015
16,111,False,0.0,1,0.7937414646148682,0.27639684081077576,0.5478006601333618,0.022499265149235725
16,112,False,0.0,1,0.7950786352157593,0.27483782172203064,0.5480222702026367,0.022525863721966743
16,113,False,0.0,1,0.7959077954292297,0.2754393219947815,0.5477750897407532,0.022390183061361313
16,114,False,0.0,1,0.7960493564605713,0.2752062976360321,0.5477124452590942,0.02235405333340168
16,115,False,0.0,1,0.7963284850120544,0.2747054696083069,0.5474656820297241,0.022276293486356735
16,116,False,0.0,1,0.7971203327178955,0.2739967405796051,0.5473099946975708,0.022189967334270477
16,117,False,0.0,1,0.7976242899894714,0.27341699600219727,0.5472707748413086,0.02220001257956028
16,118,False,0.0,1,0.7996025085449219,0.2711449861526489,0.5475200414657593,0.022368181496858597
16,119,False,0.0,1,0.7998327016830444,0.2697655260562897,0.547823429107666,0.02245841920375824
16,120,False,0.0,1,0.7989097833633423,0.2691657543182373,0.5479381084442139,0.022483913227915764
16,121,False,0.0,1,0.7978335022926331,0.2689940929412842,0.5479353666305542,0.02246946468949318
16,122,False,0.0,1,0.7953438758850098,0.26938316226005554,0.5481516122817993,0.022566867992281914
16,123,False,0.0,1,0.7949392795562744,0.2683580815792084,0.5481493473052979,0.022526361048221588
16,124,False,0.0,1,0.8018029928207397,0.26757070422172546,0.5478848218917847,0.022404208779335022
16,125,False,0.0,1,0.8039888143539429,0.26769065856933594,0.5479151010513306,0.022368675097823143
16,126,False,0.0,1,0.8048529028892517,0.26774460077285767,0.5484615564346313,0.022707462310791016
16,127,False,0.0,1,0.8054621815681458,0.26818668842315674,0.5490888357162476,0.02290300466120243
16,128,False,0.0,1,0.8055327534675598,0.26814004778862,0.5489374995231628,0.022883912548422813
16,129,False,0.0,1,0.8055047392845154,0.2680581510066986,0.5490521192550659,0.0229668989777565
16,130,False,0.0,1,0.8051977157592773,0.26811641454696655,0.5487532615661621,0.02290138229727745
16,131,False,0.0,1,0.8051558136940002,0.26772540807724,0.5486297607421875,0.022882236167788506
16,132,False,0.0,1,0.8052093982696533,0.26753970980644226,0.5486204624176025,0.022882744669914246
17,0,False,0.0,0,0.7091693878173828,0.18071971833705902,0.5249354243278503,0.013399910181760788
17,1,False,0.0,1,0.8262569904327393,0.23400826752185822,0.5490294098854065,0.023059476166963577
17,2,False,0.0,1,0.8265453577041626,0.23365136981010437,0.5491930246353149,0.023094328120350838
17,3,False,0.0,1,0.8267530202865601,0.23358199000358582,0.5492275953292847,0.023060359060764313
17,4,False,0.0,1,0.8276548385620117,0.23342880606651306,0.5492932796478271,0.023048121482133865
17,5,False,0.0,1,0.8295959234237671,0.2311520129442215,0.5490655899047852,0.022952808067202568
17,6,False,0.0,1,0.8299642205238342,0.2305103987455368,0.548876941204071,0.022873535752296448
17,7,False,0.0,1,0.829818844795227,0.23033086955547333,0.5489090085029602,0.022848207503557205
17,8,False,0.0,1,0.83036869764328,0.23116634786128998,0.549019455909729,0.02287796512246132
17,9,False,0.0,1,0.8301904797554016,0.2364237904548645,0.5494657754898071,0.02322392538189888
17,10,False,0.0,1,0.830338716506958,0.23708659410476685,0.5495073795318604,0.023206669837236404
17,11,False,0.0,1,0.8301444053649902,0.23761782050132751,0.5493674278259277,0.02318846806883812
17,12,False,0.0,1,0.8307322263717651,0.2378024309873581,0.549314022064209,0.02324485033750534
17,13,False,0.0,1,0.8310463428497314,0.238313227891922,0.5492623448371887,0.023260589689016342
17,14,False,0.0,1,0.8305022716522217,0.2365545630455017,0.549211859703064,0.02326369099318981
17,15,False,0.0,1,0.829556941986084,0.2348436862230301,0.5494703054428101,0.023375727236270905
17,16,False,0.0,1,0.829728901386261,0.23380129039287567,0.5493730306625366,0.02337806671857834
17,17,False,0.0,1,0.8301503658294678,0.2372906357049942,0.5497258901596069,0.02379113808274269
17,18,False,0.0,1,0.8301056623458862,0.2391653209924698,0.5497641563415527,0.023791804909706116
17,19,False,0.0,1,0.8298197984695435,0.24109594523906708,0.549809455871582,0.0237590242177248
17,20,False,0.0,1,0.8293766975402832,0.2419264167547226,0.5496550798416138,0.02372782863676548
17,21,False,0.0,1,0.8293130397796631,0.2432297021150589,0.5496180057525635,0.023734362795948982
17,22,False,0.0,1,0.8291307687759399,0.24477313458919525,0.5497444868087769,0.02379567362368107
17,23,False,0.0,1,0.8284451365470886,0.24604849517345428,0.549767017364502,0.02380378358066082
17,24,False,0.0,1,0.8283243179321289,0.24706217646598816,0.5496398210525513,0.023678528144955635
17,25,False,0.0,1,0.8281404376029968,0.24866847693920135,0.549864649772644,0.024072572588920593
17,26,False,0.0,1,0.8264748454093933,0.2502703368663788,0.5498583316802979,0.024003490805625916
17,27,False,0.0,1,0.8250199556350708,0.2513601779937744,0.5500205755233765,0.024056825786828995
17,28,False,0.0,1,0.8231313228607178,0.25318506360054016,0.550194263458252,0.024137530475854874
17,29,False,0.0,1,0.8229325413703918,0.2544780373573303,0.5502716302871704,0.024217119440436363
17,30,False,0.0,1,0.8229242563247681,0.2553218901157379,0.5504550933837891,0.024355296045541763
17,31,False,0.0,1,0.8210505247116089,0.25688132643699646,0.5505989789962769,0.024442343041300774
17,32,False,0.0,1,0.8197811245918274,0.25779247283935547,0.5504997372627258,0.024379458278417587
17,33,False,0.0,1,0.8185061812400818,0.25848180055618286,0.5506035089492798,0.02481887675821781
17,34,False,0.0,1,0.8163705468177795,0.25965991616249084,0.5511297583580017,0.02508007176220417
17,35,False,0.0,1,0.8143437504768372,0.2613392472267151,0.5513352155685425,0.025082238018512726
17,36,False,0.0,1,0.8124922513961792,0.2618348002433777,0.5513410568237305,0.02507471665740013
17,37,False,0.0,1,0.8104811906814575,0.2630326449871063,0.5513768196105957,0.02505122311413288
17,38,False,0.0,1,0.8081631660461426,0.26527637243270874,0.5512123107910156,0.02496786043047905
17,39,False,0.0,1,0.805854082107544,0.2671293318271637,0.5504499077796936,0.024529561400413513
17,40,False,0.0,1,0.8059228658676147,0.26829153299331665,0.5504190921783447,0.02461531013250351
17,41,False,0.0,1,0.8052871227264404,0.269836962223053,0.5498470067977905,0.02474483847618103
17,42,False,0.0,1,0.8041160106658936,0.2697450816631317,0.5498250126838684,0.024724356830120087
17,43,False,0.0,1,0.8034902811050415,0.27004143595695496,0.5498353242874146,0.024704135954380035
17,44,False,0.0,1,0.8015321493148804,0.2715180218219757,0.549962043762207,0.024764910340309143
17,45,False,0.0,1,0.8009975552558899,0.2716149389743805,0.549867570400238,0.02474415861070156
17,46,False,0.0,1,0.8003723621368408,0.27222415804862976,0.5498188734054565,0.02473163791000843
17,47,False,0.0,1,0.7994651794433594,0.2726561725139618,0.5499094724655151,0.024731680750846863
17,48,False,0.0,1,0.7982295751571655,0.2730700671672821,0.5500737428665161,0.024774907156825066
17,49,False,0.0,1,0.7980164289474487,0.27294933795928955,0.5499759912490845,0.025064341723918915
17,50,False,0.0,1,0.7973712086677551,0.27222806215286255,0.5500143766403198,0.02503119967877865
17,51,False,0.0,1,0.7954185605049133,0.2734389305114746,0.5504252910614014,0.025211652740836143
17,52,False,0.0,1,0.7943977117538452,0.2739408612251282,0.5509145855903625,0.025433726608753204
17,53,False,0.0,1,0.7938213348388672,0.2740911543369293,0.5509033799171448,0.025359967723488808
17,54,False,0.0,1,0.7938500642776489,0.2734847962856293,0.5510455965995789,0.025395702570676804
17,55,False,0.0,1,0.7943525910377502,0.2731796205043793,0.5508583784103394,0.0252918042242527
17,56,False,0.0,1,0.7954359650611877,0.2728232443332672,0.5507960319519043,0.025254569947719574
17,57,False,0.0,1,0.7970060706138611,0.27145975828170776,0.5505114793777466,0.025195328518748283
17,58,False,0.0,1,0.7976268529891968,0.2710796594619751,0.5501279830932617,0.025023002177476883
17,59,False,0.0,1,0.7975447177886963,0.2713106572628021,0.550056517124176,0.025016412138938904
17,60,False,0.0,1,0.7972357273101807,0.2714546024799347,0.5500327348709106,0.025053052231669426
17,61,False,0.0,1,0.7973809838294983,0.2709904909133911,0.5500040054321289,0.025057706981897354
17,62,False,0.0,1,0.7975819110870361,0.270797997713089,0.5500431656837463,0.02512197010219097
17,63,False,0.0,1,0.7980343103408813,0.2691853940486908,0.5501891374588013,0.02516994997859001
17,64,False,0.0,1,0.7978969812393188,0.2680443823337555,0.5501018762588501,0.02515018731355667
17,65,False,0.0,1,0.7981663942337036,0.26739928126335144,0.549879789352417,0.025049963966012
17,66,False,0.0,1,0.7981610894203186,0.26699015498161316,0.5498709678649902,0.025096338242292404
17,67,False,0.0,1,0.8002557754516602,0.26724106073379517,0.5499614477157593,0.02515413425862789
17,68,False,0.0,1,0.8013774752616882,0.2672452926635742,0.5499533414840698,0.025235595181584358
17,69,False,0.0,1,0.8018580675125122,0.26747027039527893,0.5497483015060425,0.025156568735837936
17,70,False,0.0,1,0.8023847937583923,0.26751193404197693,0.5497646331787109,0.02522166073322296
17,71,False,0.0,1,0.8030381798744202,0.26760661602020264,0.5496194362640381,0.025150436908006668
17,72,False,0.0,1,0.8044554591178894,0.26740285754203796,0.549501895904541,0.025183120742440224
17,73,False,0.0,1,0.8059247732162476,0.26746177673339844,0.5491008758544922,0.02474224381148815
17,74,False,0.0,1,0.806164562702179,0.2672768235206604,0.5491189360618591,0.02472059614956379
17,75,False,0.0,1,0.8062017560005188,0.26801803708076477,0.549098014831543,0.024732520803809166
17,76,False,0.0,1,0.8062766790390015,0.2681836783885956,0.549361526966095,0.02494121342897415
17,77,False,0.0,1,0.8070003390312195,0.26843711733818054,0.5489844083786011,0.024728812277317047
17,78,False,0.0,1,0.807198703289032,0.26904237270355225,0.5492026209831238,0.02490215189754963
17,79,False,0.0,1,0.8070576190948486,0.26947087049484253,0.5492874383926392,0.024969343096017838
17,80,False,0.0,1,0.8064777851104736,0.26978224515914917,0.5492188930511475,0.02492484450340271
17,81,False,0.0,1,0.807073712348938,0.2694794237613678,0.548865795135498,0.024181418120861053
17,82,False,0.0,1,0.8071732521057129,0.26918622851371765,0.5490692853927612,0.024284692481160164
17,83,False,0.0,1,0.8073837757110596,0.26909419894218445,0.5489411354064941,0.024287529289722443
17,84,False,0.0,1,0.8077630996704102,0.2685766816139221,0.5491819381713867,0.024360697716474533
17,85,False,0.0,1,0.8082872033119202,0.26816993951797485,0.5492678880691528,0.024308396503329277
17,86,False,0.0,1,0.8082367181777954,0.26795530319213867,0.549301266670227,0.02425059862434864
17,87,False,0.0,1,0.8092383146286011,0.26695716381073,0.5491733551025391,0.02415214478969574
17,88,False,0.0,1,0.8096952438354492,0.26599130034446716,0.5491979122161865,0.024139484390616417
17,89,False,0.0,1,0.8100811839103699,0.26528504490852356,0.5490516424179077,0.02352379448711872
17,90,False,0.0,1,0.8105408549308777,0.26448193192481995,0.5494019985198975,0.02371077798306942
17,91,False,0.0,1,0.8108837604522705,0.26361656188964844,0.5491849184036255,0.023603124544024467
17,92,False,0.0,1,0.8105735778808594,0.2629531919956207,0.5491806864738464,0.023599818348884583
17,93,False,0.0,1,0.8107860684394836,0.2625659704208374,0.5490050315856934,0.02356484718620777
17,94,False,0.0,1,0.8113484978675842,0.2626112997531891,0.5490931272506714,0.023557987064123154
17,95,False,0.0,1,0.810538113117218,0.2631577253341675,0.5490217208862305,0.023589184507727623
17,96,False,0.0,1,0.8103004097938538,0.26336097717285156,0.5486584901809692,0.023360345512628555
17,97,False,0.0,1,0.8098798990249634,0.26469191908836365,0.5488677024841309,0.023124460130929947
17,98,False,0.0,1,0.8091180920600891,0.2650149166584015,0.5486984252929688,0.023067377507686615
17,99,False,0.0,1,0.8094567656517029,0.26508763432502747,0.5485825538635254,0.023054301738739014
17,100,False,0.0,1,0.8088499307632446,0.265421062707901,0.5491101741790771,0.023208944126963615
17,101,False,0.0,1,0.8088160753250122,0.2656066417694092,0.5491969585418701,0.023249812424182892
17,102,False,0.0,1,0.8080885410308838,0.2657882869243622,0.5495263338088989,0.023425839841365814
17,103,False,0.0,1,0.8079289197921753,0.2659926414489746,0.5495070219039917,0.023465214297175407
17,104,False,0.0,1,0.8081251978874207,0.2657305896282196,0.5496702194213867,0.02356947772204876
17,105,False,0.0,1,0.8080813884735107,0.2662457227706909,0.5495229959487915,0.023201385512948036
17,106,False,0.0,1,0.8071794509887695,0.2665526568889618,0.5493561029434204,0.023124855011701584
17,107,False,0.0,1,0.8068305253982544,0.2662736773490906,0.5494911670684814,0.023152323439717293
17,108,False,0.0,1,0.8066189289093018,0.2653476595878601,0.5497759580612183,0.023228716105222702
17,109,False,0.0,1,0.805733323097229,0.26459699869155884,0.5502000451087952,0.02327708713710308
17,110,False,0.0,1,0.8051428198814392,0.26485687494277954,0.5505997538566589,0.023398658260703087
17,111,False,0.0,1,0.8044174909591675,0.26502037048339844,0.5508252382278442,0.02347518503665924
17,112,False,0.0,1,0.803846001625061,0.266416072845459,0.5506656765937805,0.023408686742186546
17,113,False,0.0,1,0.8028252124786377,0.26749563217163086,0.5505260229110718,0.023284340277314186
17,114,False,0.0,1,0.8020082116127014,0.2682441771030426,0.5512112379074097,0.023450547829270363
17,115,False,0.0,1,0.7997530698776245,0.26965779066085815,0.5512912273406982,0.02353643625974655
17,116,False,0.0,1,0.7979155778884888,0.271978497505188,0.5516709089279175,0.023658258840441704
17,117,False,0.0,1,0.7971698641777039,0.27295324206352234,0.551915168762207,0.023686762899160385
17,118,False,0.0,1,0.7966175079345703,0.2741614878177643,0.5521599054336548,0.023711971938610077
17,119,False,0.0,1,0.7963355779647827,0.2743879556655884,0.5520726442337036,0.0235922709107399
17,120,False,0.0,1,0.7970277070999146,0.2734830975532532,0.5523372888565063,0.023627324029803276
17,121,False,0.0,1,0.7973487973213196,0.2728789448738098,0.5523192882537842,0.02365943230688572
17,122,False,0.0,1,0.7983090877532959,0.2712204158306122,0.5524635910987854,0.02366046980023384
17,123,False,0.0,1,0.7995821833610535,0.2695305347442627,0.5526438355445862,0.023731637746095657
17,124,False,0.0,1,0.8006121516227722,0.26811107993125916,0.5520042777061462,0.02343621663749218
17,125,False,0.0,1,0.8005560040473938,0.26621493697166443,0.5518229007720947,0.02339763380587101
17,126,False,0.0,1,0.8007804155349731,0.2646566927433014,0.5516290664672852,0.023390624672174454
17,127,False,0.0,1,0.801405668258667,0.2623138129711151,0.5518544912338257,0.02356608211994171
17,128,False,0.0,1,0.8074894547462463,0.2613390386104584,0.5517145395278931,0.023534020408988
17,129,False,0.0,1,0.8083734512329102,0.2609215974807739,0.5518094301223755,0.023516938090324402
17,130,False,0.0,1,0.8085503578186035,0.26057034730911255,0.5516675710678101,0.023471325635910034
17,131,False,0.0,1,0.8084478378295898,0.2603539526462555,0.5516220927238464,0.02349643036723137
17,132,False,0.0,1,0.808627724647522,0.260109007358551,0.551656186580658,0.023535048589110374
17,133,False,0.0,1,0.8085910677909851,0.26057061553001404,0.551842987537384,0.023652222007513046
17,134,False,0.0,1,0.8057509660720825,0.2617652416229248,0.5530521273612976,0.024250272661447525
17,135,False,0.0,1,0.8050308227539062,0.26240941882133484,0.5528857111930847,0.02417778968811035
17,136,False,0.0,1,0.8038588762283325,0.2630556523799896,0.5528833866119385,0.024185776710510254
17,137,False,0.0,1,0.8028915524482727,0.2642363905906677,0.5525116920471191,0.02398635447025299
17,138,False,0.0,1,0.8022175431251526,0.2652543783187866,0.5522770881652832,0.023916950449347496
17,139,False,0.0,1,0.8015053272247314,0.26619601249694824,0.5522136092185974,0.023860199376940727
17,140,False,0.0,1,0.8010202646255493,0.2674155831336975,0.5521632432937622,0.023863855749368668
17,141,False,0.0,1,0.8006947040557861,0.26825129985809326,0.5520556569099426,0.023838764056563377
17,142,False,0.0,1,0.8002893328666687,0.2693970799446106,0.5522023439407349,0.023855553939938545
17,143,False,0.0,1,0.7997205257415771,0.2698342800140381,0.5521574020385742,0.023738307878375053
17,144,False,0.0,1,0.7997995615005493,0.26788589358329773,0.5522699952125549,0.023790810257196426
17,145,False,0.0,1,0.8000458478927612,0.2676939368247986,0.5522923469543457,0.023773256689310074
17,146,False,0.0,1,0.8020135164260864,0.26632583141326904,0.5515404939651489,0.023486800491809845
17,147,False,0.0,1,0.8011965751647949,0.2663324773311615,0.5515024662017822,0.023462997749447823
17,148,False,0.0,1,0.8002927303314209,0.26627686619758606,0.5515554547309875,0.023509206250309944
17,149,False,0.0,1,0.7993104457855225,0.26626256108283997,0.5517187118530273,0.023600758984684944
17,150,False,0.0,1,0.7996503114700317,0.2660897970199585,0.5515458583831787,0.02356172911822796
17,151,False,0.0,1,0.8003329634666443,0.2656705975532532,0.5515388250350952,0.02357805334031582
17,152,False,0.0,1,0.8008996248245239,0.26562756299972534,0.5517220497131348,0.02372000925242901
17,153,False,0.0,1,0.8020507097244263,0.2660404145717621,0.5525792241096497,0.0241010170429945
17,154,False,0.0,1,0.802706778049469,0.26599445939064026,0.5529614090919495,0.02429129183292389
17,155,False,0.0,1,0.8037531971931458,0.2659514844417572,0.5532748103141785,0.02448265440762043
17,156,False,0.0,1,0.8051604628562927,0.2657555639743805,0.5531240105628967,0.02442123182117939
17,157,False,0.0,1,0.806747317314148,0.2663562595844269,0.552809476852417,0.024244016036391258
17,158,False,0.0,1,0.8077540397644043,0.26579925417900085,0.5523195266723633,0.023884186521172523
17,159,False,0.0,1,0.8108122944831848,0.26474663615226746,0.5522446632385254,0.023754499852657318
17,160,False,0.0,1,0.8123419880867004,0.2647467255592346,0.551986575126648,0.02365993522107601
17,161,False,0.0,1,0.8125220537185669,0.2653925120830536,0.5529276132583618,0.023893103003501892
17,162,False,0.0,1,0.8116596341133118,0.2658211886882782,0.5529764890670776,0.023961033672094345
17,163,False,0.0,1,0.8108857274055481,0.26622164249420166,0.5528276562690735,0.023955613374710083
18,0,False,0.0,0,0.7520557641983032,0.17830947041511536,0.5288476943969727,0.015280613675713539
18,1,False,0.0,1,0.8318413496017456,0.2520274817943573,0.5539970397949219,0.02458796463906765
18,2,False,0.0,1,0.8321762084960938,0.251302570104599,0.5539499521255493,0.024544036015868187
18,3,False,0.0,1,0.8325812220573425,0.25067803263664246,0.5541183948516846,0.02462373673915863
18,4,False,0.0,1,0.8336585164070129,0.2501850128173828,0.5542310476303101,0.024660905823111534
18,5,False,0.0,1,0.8337377905845642,0.24962088465690613,0.5556529760360718,0.024841202422976494
18,6,False,0.0,1,0.8344030380249023,0.24940170347690582,0.5553373694419861,0.024768725037574768
18,7,False,0.0,1,0.8348791003227234,0.249105766415596,0.5551794171333313,0.0247275922447443
18,8,False,0.0,1,0.8343799114227295,0.24919693171977997,0.5549706220626831,0.02466813661158085
18,9,False,0.0,1,0.8349911570549011,0.24893087148666382,0.5550605058670044,0.024720236659049988
18,10,False,0.0,1,0.8354785442352295,0.2486134171485901,0.5547264814376831,0.024586446583271027
18,11,False,0.0,1,0.835917592048645,0.2486557513475418,0.5545266270637512,0.024490155279636383
18,12,False,0.0,1,0.8365510702133179,0.24852780997753143,0.5543942451477051,0.02447243221104145
18,13,False,0.0,1,0.8368270993232727,0.2486361265182495,0.555384635925293,0.024714622646570206
18,14,False,0.0,1,0.8364622592926025,0.24858196079730988,0.5550990104675293,0.024679936468601227
18,15,False,0.0,1,0.8361349105834961,0.24861612915992737,0.5546965599060059,0.02455737628042698
18,16,False,0.0,1,0.8359456062316895,0.24917027354240417,0.5545265674591064,0.024526622146368027
18,17,False,0.0,1,0.8355293273925781,0.24957393109798431,0.5542437434196472,0.02444802224636078
18,18,False,0.0,1,0.8345242738723755,0.25030696392059326,0.554193377494812,0.024526523426175117
18,19,False,0.0,1,0.8331068158149719,0.25107094645500183,0.5541117191314697,0.024573035538196564
18,20,False,0.0,1,0.8315851092338562,0.25157392024993896,0.5538995862007141,0.02447480894625187
18,21,False,0.0,1,0.8297852873802185,0.2522084414958954,0.5545705556869507,0.02456958405673504
18,22,False,0.0,1,0.8285050988197327,0.25274908542633057,0.5544742941856384,0.024571379646658897
18,23,False,0.0,1,0.8270447254180908,0.25327467918395996,0.5543970465660095,0.024540016427636147
18,24,False,0.0,1,0.8250627517700195,0.254020631313324,0.5542407035827637,0.02446589060127735
18,25,False,0.0,1,0.8224762678146362,0.2551104724407196,0.554119348526001,0.024432064965367317
18,26,False,0.0,1,0.8200947642326355,0.2564793825149536,0.5541869401931763,0.024471448734402657
18,27,False,0.0,1,0.8182226419448853,0.2578687369823456,0.5540245771408081,0.024410119280219078
18,28,False,0.0,1,0.8164547085762024,0.2594047784805298,0.5542174577713013,0.02443617768585682
18,29,False,0.0,1,0.8146601915359497,0.2614893615245819,0.5545781850814819,0.024475160986185074
18,30,False,0.0,1,0.8126205205917358,0.2641705572605133,0.5542705059051514,0.024307269603013992
18,31,False,0.0,1,0.8113232851028442,0.2657453417778015,0.5542247295379639,0.024247676134109497
18,32,False,0.0,1,0.809851348400116,0.2677507698535919,0.5541902184486389,0.024199608713388443
18,33,False,0.0,1,0.8073843121528625,0.27016550302505493,0.5543789863586426,0.02422736957669258
18,34,False,0.0,1,0.8054519295692444,0.27237841486930847,0.5547387599945068,0.0243757925927639
18,35,False,0.0,1,0.80419921875,0.27420154213905334,0.5547865033149719,0.024403207004070282
18,36,False,0.0,1,0.8037503957748413,0.27463918924331665,0.5550903081893921,0.024510663002729416
18,37,False,0.0,1,0.8027911186218262,0.2757189869880676,0.555756688117981,0.024735385552048683
18,38,False,0.0,1,0.8028081655502319,0.2753988802433014,0.555683434009552,0.024710355326533318
18,39,False,0.0,1,0.803122341632843,0.2755090594291687,0.5556043386459351,0.024675490334630013
18,40,False,0.0,1,0.8022562861442566,0.27589961886405945,0.5558099746704102,0.02468535304069519
18,41,False,0.0,1,0.8007143139839172,0.27692127227783203,0.5557985305786133,0.024683311581611633
18,42,False,0.0,1,0.8002601861953735,0.27695995569229126,0.5556409358978271,0.024609481915831566
18,43,False,0.0,1,0.8007170557975769,0.27578067779541016,0.5557479858398438,0.024611633270978928
18,44,False,0.0,1,0.8011040687561035,0.27506405115127563,0.555748462677002,0.02459574304521084
18,45,False,0.0,1,0.8018265962600708,0.27340224385261536,0.555773138999939,0.024573586881160736
18,46,False,0.0,1,0.8017357587814331,0.2728249728679657,0.5558673739433289,0.024571336805820465
18,47,False,0.0,1,0.8021990656852722,0.27271905541419983,0.5558406114578247,0.024532977491617203
18,48,False,0.0,1,0.8032693862915039,0.27260497212409973,0.555713415145874,0.02448495291173458
18,49,False,0.0,1,0.8034456968307495,0.273160457611084,0.5558042526245117,0.024530740454792976
18,50,False,0.0,1,0.8033245205879211,0.2733447253704071,0.5557695627212524,0.024517947807908058
18,51,False,0.0,1,0.8035789132118225,0.27281293272972107,0.5557827949523926,0.024509156122803688
18,52,False,0.0,1,0.8034273386001587,0.2721501886844635,0.5555172562599182,0.02438335306942463
18,53,False,0.0,1,0.8034307956695557,0.2719389498233795,0.555333137512207,0.02430795319378376
18,54,False,0.0,1,0.8034129738807678,0.27213412523269653,0.5550837516784668,0.02416917309165001
18,55,False,0.0,1,0.8035645484924316,0.27170252799987793,0.5548332333564758,0.0240493007004261
18,56,False,0.0,1,0.8051291704177856,0.2702621519565582,0.5549684762954712,0.02411508932709694
18,57,False,0.0,1,0.8064624071121216,0.2691563367843628,0.5551671981811523,0.024188509210944176
18,58,False,0.0,1,0.80779629945755,0.26849767565727234,0.5553262233734131,0.02425285615026951
18,59,False,0.0,1,0.8098609447479248,0.26708751916885376,0.5553929805755615,0.024281321093440056
18,60,False,0.0,1,0.8113243579864502,0.2664949297904968,0.5553492307662964,0.02431526966392994
18,61,False,0.0,1,0.8120490312576294,0.2662629187107086,0.5549232959747314,0.024287495762109756
18,62,False,0.0,1,0.8128194808959961,0.2652462124824524,0.5545235276222229,0.024208948016166687
18,63,False,0.0,1,0.8132678270339966,0.265088826417923,0.5541318655014038,0.024234319105744362
18,64,False,0.0,1,0.8134779930114746,0.26444050669670105,0.5542544722557068,0.02427765168249607
18,65,False,0.0,1,0.8136583566665649,0.2637835144996643,0.554329514503479,0.024304384365677834
18,66,False,0.0,1,0.8139784336090088,0.2636425495147705,0.5545378923416138,0.024358682334423065
18,67,False,0.0,1,0.8143439888954163,0.26364341378211975,0.5547732710838318,0.02440395951271057
18,68,False,0.0,1,0.8143174052238464,0.26373064517974854,0.5546947717666626,0.024373745545744896
18,69,False,0.0,1,0.8128745555877686,0.2645885646343231,0.5541076064109802,0.0240118857473135
18,70,False,0.0,1,0.8110063672065735,0.2654939889907837,0.5539324283599854,0.023997319862246513
18,71,False,0.0,1,0.8091822862625122,0.2667376697063446,0.5543113350868225,0.024138586595654488
18,72,False,0.0,1,0.8078547716140747,0.26756468415260315,0.5544788837432861,0.024102265015244484
18,73,False,0.0,1,0.8068022727966309,0.26821035146713257,0.5545154809951782,0.02413182705640793
18,74,False,0.0,1,0.8057836294174194,0.2692781388759613,0.5542757511138916,0.024015655741095543
18,75,False,0.0,1,0.8050553798675537,0.2691434621810913,0.5540903806686401,0.023937247693538666
18,76,False,0.0,1,0.8046024441719055,0.26935797929763794,0.5544279217720032,0.024042651057243347
18,77,False,0.0,1,0.8040539026260376,0.2699386477470398,0.5537951588630676,0.02377035655081272
18,78,False,0.0,1,0.8037019968032837,0.2705695629119873,0.554139256477356,0.02392973192036152
18,79,False,0.0,1,0.803178608417511,0.2708490490913391,0.5542854070663452,0.02402845211327076
18,80,False,0.0,1,0.8027894496917725,0.27112990617752075,0.5541268587112427,0.023939041420817375
18,81,False,0.0,1,0.8023972511291504,0.2716812491416931,0.5539512634277344,0.023909734562039375
18,82,False,0.0,1,0.8026746511459351,0.2715725004673004,0.5541023015975952,0.023953739553689957
18,83,False,0.0,1,0.8028609752655029,0.27099478244781494,0.5545364618301392,0.024147678166627884
18,84,False,0.0,1,0.8041524291038513,0.2696026861667633,0.5547167062759399,0.024261098355054855
18,85,False,0.0,1,0.805389404296875,0.2690664529800415,0.5540821552276611,0.02400568500161171
18,86,False,0.0,1,0.8061210513114929,0.2690604329109192,0.5536599159240723,0.02386067621409893
18,87,False,0.0,1,0.8058162331581116,0.2689211070537567,0.5535788536071777,0.023882798850536346
18,88,False,0.0,1,0.8053762316703796,0.26875683665275574,0.5534985065460205,0.023875553160905838
18,89,False,0.0,1,0.8049630522727966,0.268139511346817,0.5534213781356812,0.023835428059101105
18,90,False,0.0,1,0.8053869009017944,0.26695603132247925,0.5537388324737549,0.023924747481942177
18,91,False,0.0,1,0.8067015409469604,0.26601681113243103,0.5536854863166809,0.02387199178338051
18,92,False,0.0,1,0.8071390986442566,0.2658340334892273,0.553851842880249,0.023937204852700233
18,93,False,0.0,1,0.8077319860458374,0.26522529125213623,0.5536839962005615,0.023839548230171204
18,94,False,0.0,1,0.8073995113372803,0.2650184631347656,0.5540595650672913,0.023999109864234924
18,95,False,0.0,1,0.8071144819259644,0.26456987857818604,0.5537171363830566,0.02389155514538288
19,0,False,0.0,0,0.7504191398620605,0.18041680753231049,0.5272378921508789,0.013718838803470135
19,1,False,0.0,1,0.8286909461021423,0.2556609511375427,0.5532515048980713,0.023480772972106934
19,2,False,0.0,1,0.828682541847229,0.25564831495285034,0.5532455444335938,0.023484081029891968
19,3,False,0.0,1,0.8287562131881714,0.2555444538593292,0.553246021270752,0.023488758131861687
19,4,False,0.0,1,0.8292528986930847,0.25482678413391113,0.5535025000572205,0.023579910397529602
19,5,False,0.0,1,0.8302065134048462,0.2544134259223938,0.5532352924346924,0.023540588095784187
19,6,False,0.0,1,0.8305187821388245,0.2542976438999176,0.5533430576324463,0.02355300448834896
19,7,False,0.0,1,0.8303811550140381,0.2542145550251007,0.5535259246826172,0.02360423281788826
19,8,False,0.0,1,0.830188512802124,0.2538774311542511,0.5537046790122986,0.02367611974477768
19,9,False,0.0,1,0.8296636343002319,0.25382333993911743,0.5536941289901733,0.023692017421126366
19,10,False,0.0,1,0.828855574131012,0.2543632984161377,0.5534883737564087,0.023644810542464256
19,11,False,0.0,1,0.8282067179679871,0.254382848739624,0.5532128810882568,0.023556198924779892
19,12,False,0.0,1,0.8274874687194824,0.2549785077571869,0.5530843138694763,0.023525401949882507
19,13,False,0.0,1,0.8261732459068298,0.2552495300769806,0.5525557994842529,0.023508263751864433
19,14,False,0.0,1,0.8245207667350769,0.2559764087200165,0.5527013540267944,0.023524846881628036
19,15,False,0.0,1,0.8227741718292236,0.25711408257484436,0.5525120496749878,0.02345236949622631
19,16,False,0.0,1,0.8216676115989685,0.2579842209815979,0.5520726442337036,0.023311562836170197
19,17,False,0.0,1,0.8213385343551636,0.2589256465435028,0.5522814989089966,0.023364240303635597
19,18,False,0.0,1,0.8204588294029236,0.2600342929363251,0.5518585443496704,0.02323213219642639
19,19,False,0.0,1,0.8202728033065796,0.26084405183792114,0.5521101951599121,0.023355599492788315
19,20,False,0.0,1,0.8192054033279419,0.2619223892688751,0.5519753098487854,0.023330429568886757
19,21,False,0.0,1,0.8185633420944214,0.26244866847991943,0.5511043071746826,0.023194635286927223
19,22,False,0.0,1,0.8170275688171387,0.26352423429489136,0.5509591698646545,0.02309541590511799
19,23,False,0.0,1,0.8160216808319092,0.2641003131866455,0.550990104675293,0.023056859150528908
19,24,False,0.0,1,0.8156887292861938,0.26429277658462524,0.5510709881782532,0.02310274727642536
19,25,False,0.0,1,0.8155221343040466,0.2647094428539276,0.5508500337600708,0.023044928908348083
19,26,False,0.0,1,0.8148276209831238,0.265213280916214,0.5506496429443359,0.02295660972595215
19,27,False,0.0,1,0.8143728971481323,0.26560044288635254,0.5506739616394043,0.02295193076133728
19,28,False,0.0,1,0.8138527870178223,0.26586997509002686,0.550757884979248,0.02295929566025734
19,29,False,0.0,1,0.8128687143325806,0.2669024169445038,0.5501707792282104,0.0228657815605402
19,30,False,0.0,1,0.8115729093551636,0.2682407796382904,0.5506597757339478,0.023000609129667282
19,31,False,0.0,1,0.8102421760559082,0.2693794071674347,0.5506615042686462,0.02295212633907795
19,32,False,0.0,1,0.8084646463394165,0.2713957726955414,0.5508854985237122,0.022982172667980194
19,33,False,0.0,1,0.8074125647544861,0.27309176325798035,0.5511609315872192,0.023008454591035843
19,34,False,0.0,1,0.8061444163322449,0.2744825482368469,0.5511037111282349,0.022998569533228874
19,35,False,0.0,1,0.8046905994415283,0.27521437406539917,0.5510523319244385,0.022975977510213852
19,36,False,0.0,1,0.8040090799331665,0.27527931332588196,0.5511640310287476,0.023054469376802444
19,37,False,0.0,1,0.8037906289100647,0.27520808577537537,0.5513937473297119,0.023148300126194954
19,38,False,0.0,1,0.8026048541069031,0.2763039171695709,0.5518649816513062,0.023282941430807114
19,39,False,0.0,1,0.8030041456222534,0.2763882577419281,0.5521831512451172,0.023391157388687134
19,40,False,0.0,1,0.803379237651825,0.27595847845077515,0.5524027347564697,0.023421499878168106
19,41,False,0.0,1,0.8031926155090332,0.2753543257713318,0.5525455474853516,0.023437732830643654
19,42,False,0.0,1,0.8026348352432251,0.27558228373527527,0.5527030229568481,0.023443592712283134
19,43,False,0.0,1,0.8019201755523682,0.2759881615638733,0.5528681874275208,0.023508748039603233
19,44,False,0.0,1,0.8016133904457092,0.2759604752063751,0.5528548955917358,0.02351621352136135
19,45,False,0.0,1,0.801956057548523,0.2750128209590912,0.5528953671455383,0.02356092631816864
19,46,False,0.0,1,0.8020669221878052,0.2737618684768677,0.5529160499572754,0.023536669090390205
19,47,False,0.0,1,0.8023284673690796,0.2731740176677704,0.55303955078125,0.02356765978038311
19,48,False,0.0,1,0.8022890090942383,0.273110955953598,0.5529638528823853,0.023497970774769783
19,49,False,0.0,1,0.8028631210327148,0.27269911766052246,0.5528156757354736,0.023384805768728256
19,50,False,0.0,1,0.8038826584815979,0.27174168825149536,0.5525931119918823,0.023280363529920578
19,51,False,0.0,1,0.8052032589912415,0.27047306299209595,0.5523861646652222,0.02319476753473282
19,52,False,0.0,1,0.8069906830787659,0.2693186402320862,0.5520299077033997,0.023121822625398636
19,53,False,0.0,1,0.808625340461731,0.2684400677680969,0.5520666241645813,0.023150010034441948
19,54,False,0.0,1,0.8096797466278076,0.26784059405326843,0.5520245432853699,0.02319849282503128
19,55,False,0.0,1,0.8110991716384888,0.2663618326187134,0.5519106388092041,0.023196624591946602
19,56,False,0.0,1,0.8118319511413574,0.2657139301300049,0.5519289970397949,0.023224705830216408
19,57,False,0.0,1,0.8124579191207886,0.2653692364692688,0.5520134568214417,0.02329549379646778
19,58,False,0.0,1,0.8131088018417358,0.2646597921848297,0.5519933700561523,0.02330341376364231
19,59,False,0.0,1,0.813804030418396,0.2640742361545563,0.5520423054695129,0.023342931643128395
19,60,False,0.0,1,0.8143880367279053,0.2635386288166046,0.5520303249359131,0.02333921380341053
19,61,False,0.0,1,0.8141206502914429,0.26340964436531067,0.5523741245269775,0.023506024852395058
19,62,False,0.0,1,0.8144369125366211,0.2636183202266693,0.5524501204490662,0.023523787036538124
19,63,False,0.0,1,0.8145862817764282,0.2637206017971039,0.5527514815330505,0.023626431822776794
19,64,False,0.0,1,0.8146804571151733,0.2637826204299927,0.5528044104576111,0.023651154711842537
19,65,False,0.0,1,0.8145745992660522,0.2638896107673645,0.55295729637146,0.023744115605950356
19,66,False,0.0,1,0.813876748085022,0.2645052373409271,0.5528210997581482,0.02368295006453991
19,67,False,0.0,1,0.8136727809906006,0.2647516131401062,0.5527975559234619,0.023659976199269295
19,68,False,0.0,1,0.8134266138076782,0.26452571153640747,0.5527641773223877,0.0236052293330431
19,69,False,0.0,1,0.8141963481903076,0.2640725076198578,0.5529109239578247,0.02365780435502529
19,70,False,0.0,1,0.8146790266036987,0.2633455991744995,0.5529060363769531,0.023584898561239243
19,71,False,0.0,1,0.815384030342102,0.26266375184059143,0.5530409812927246,0.02357473224401474
19,72,False,0.0,1,0.8157038688659668,0.26231837272644043,0.552838921546936,0.023448312655091286
19,73,False,0.0,1,0.8162665367126465,0.26215797662734985,0.5527878999710083,0.02343224734067917
19,74,False,0.0,1,0.8171693086624146,0.2615601420402527,0.5529252290725708,0.023484470322728157
19,75,False,0.0,1,0.8179160356521606,0.2607576549053192,0.5529651641845703,0.023513080552220345
19,76,False,0.0,1,0.8188451528549194,0.26005855202674866,0.5528510808944702,0.023470494896173477
19,77,False,0.0,1,0.819715142250061,0.2595060467720032,0.5535094141960144,0.02390313521027565
19,78,False,0.0,1,0.8209942579269409,0.2587675154209137,0.5535924434661865,0.02399359457194805
19,79,False,0.0,1,0.8212864995002747,0.2584563195705414,0.5534197092056274,0.023981863632798195
19,80,False,0.0,1,0.8215376138687134,0.2583991587162018,0.553688108921051,0.02414661832153797
19,81,False,0.0,1,0.8206732273101807,0.25910958647727966,0.5540450215339661,0.024311142042279243
19,82,False,0.0,1,0.8196204900741577,0.25939884781837463,0.5542902946472168,0.02437099628150463
19,83,False,0.0,1,0.8185544013977051,0.26038897037506104,0.5544223785400391,0.024396385997533798
19,84,False,0.0,1,0.8176746368408203,0.2618487775325775,0.5542877912521362,0.024345729500055313
19,85,False,0.0,1,0.8171232342720032,0.2629433870315552,0.5548245310783386,0.024709872901439667
19,86,False,0.0,1,0.815097451210022,0.264358252286911,0.5549106597900391,0.02472580410540104
19,87,False,0.0,1,0.8132100105285645,0.265273779630661,0.5547431707382202,0.024633971974253654
19,88,False,0.0,1,0.81147301197052,0.2669396698474884,0.5552195310592651,0.0248576570302248
19,89,False,0.0,1,0.8080686330795288,0.2695198953151703,0.5547937154769897,0.024722281843423843
19,90,False,0.0,1,0.8059500455856323,0.27104994654655457,0.5546853542327881,0.02468445710837841
19,91,False,0.0,1,0.8062817454338074,0.27140098810195923,0.5547406673431396,0.024698588997125626
19,92,False,0.0,1,0.8073499798774719,0.2713925242424011,0.5547308921813965,0.02471107617020607
19,93,False,0.0,1,0.8075820207595825,0.27110689878463745,0.555376410484314,0.02513180486857891
19,94,False,0.0,1,0.8073198795318604,0.27176350355148315,0.5557395815849304,0.025332367047667503
19,95,False,0.0,1,0.8070383667945862,0.2712281346321106,0.5558426976203918,0.025266479700803757
19,96,False,0.0,1,0.8067889213562012,0.270846962928772,0.5558447241783142,0.025342145934700966
19,97,False,0.0,1,0.8061187267303467,0.2705967426300049,0.5559792518615723,0.0253771860152483
19,98,False,0.0,1,0.8050316572189331,0.27080902457237244,0.5558387041091919,0.02533678337931633
19,99,False,0.0,1,0.8062704801559448,0.26994824409484863,0.555435299873352,0.02517077326774597
19,100,False,0.0,1,0.8070908784866333,0.26979678869247437,0.5551517009735107,0.025029003620147705
19,101,False,0.0,1,0.8076620101928711,0.2693435251712799,0.5554112792015076,0.025497877970337868
19,102,False,0.0,1,0.8084972500801086,0.26864245533943176,0.5555648803710938,0.025561783462762833
19,103,False,0.0,1,0.8083518147468567,0.26830801367759705,0.5552612543106079,0.0254348274320364
19,104,False,0.0,1,0.8084508180618286,0.2678120732307434,0.5552257299423218,0.025425350293517113
19,105,False,0.0,1,0.8084590435028076,0.2672402262687683,0.5555306673049927,0.02556023932993412
19,106,False,0.0,1,0.8086495399475098,0.2671787440776825,0.5555273294448853,0.025550613179802895
19,107,False,0.0,1,0.8094128370285034,0.26742932200431824,0.5556465983390808,0.025573469698429108
19,108,False,0.0,1,0.8100625276565552,0.2676115036010742,0.5555033683776855,0.025508088991045952
19,109,False,0.0,1,0.8101775050163269,0.26765450835227966,0.5554505586624146,0.025738926604390144
19,110,False,0.0,1,0.810089647769928,0.26773950457572937,0.5555742383003235,0.025752337649464607
19,111,False,0.0,1,0.8100292682647705,0.26778507232666016,0.5556622743606567,0.025766482576727867
19,112,False,0.0,1,0.809802770614624,0.2677932381629944,0.5555413961410522,0.02573796547949314
19,113,False,0.0,1,0.8096026182174683,0.2672400176525116,0.5556758642196655,0.02582728862762451
20,0,False,0.0,0,0.7345302104949951,0.19122378528118134,0.5320318341255188,0.017421085387468338
20,1,False,0.0,1,0.8246241211891174,0.2601916193962097,0.5576833486557007,0.02671259641647339
20,2,False,0.0,1,0.8251387476921082,0.25992831587791443,0.557942807674408,0.0268500205129385
20,3,False,0.0,1,0.8255293369293213,0.2594848871231079,0.5580191612243652,0.027060208842158318
20,4,False,0.0,1,0.8257050514221191,0.2595754563808441,0.557974636554718,0.027044594287872314
20,5,False,0.0,1,0.8254983425140381,0.2594279944896698,0.5579187870025635,0.026994900777935982
20,6,False,0.0,1,0.8258004784584045,0.25919467210769653,0.5578253865242004,0.026923738420009613
20,7,False,0.0,1,0.8262323141098022,0.25938716530799866,0.5578160881996155,0.026912909001111984
20,8,False,0.0,1,0.8261338472366333,0.25958576798439026,0.5578135251998901,0.02696082927286625
20,9,False,0.0,1,0.8259132504463196,0.2596280574798584,0.5577763319015503,0.027001352980732918
20,10,False,0.0,1,0.8259561061859131,0.2600244879722595,0.5578306913375854,0.02709859050810337
20,11,False,0.0,1,0.8257825374603271,0.26009830832481384,0.5578339099884033,0.027243226766586304
20,12,False,0.0,1,0.8258600831031799,0.2600874602794647,0.5577015280723572,0.02723129838705063
20,13,False,0.0,1,0.8263500928878784,0.25981274247169495,0.5576221942901611,0.027232663705945015
20,14,False,0.0,1,0.826623797416687,0.25952431559562683,0.5574160814285278,0.02722298726439476
20,15,False,0.0,1,0.8265720009803772,0.25922250747680664,0.5574039816856384,0.027205588296055794
20,16,False,0.0,1,0.8265048265457153,0.25873008370399475,0.5572159886360168,0.027185039594769478
20,17,False,0.0,1,0.8266363143920898,0.25849616527557373,0.5572712421417236,0.02722429856657982
20,18,False,0.0,1,0.8261526823043823,0.2583876848220825,0.5571983456611633,0.0271805040538311
20,19,False,0.0,1,0.8255807757377625,0.2589430510997772,0.5572304725646973,0.02720273844897747
20,20,False,0.0,1,0.8249983787536621,0.2594049572944641,0.5572468042373657,0.02720296010375023
20,21,False,0.0,1,0.8243416547775269,0.2601163387298584,0.5573021173477173,0.02725202590227127
20,22,False,0.0,1,0.8237488269805908,0.2602001428604126,0.5572090148925781,0.027161218225955963
20,23,False,0.0,1,0.8225670456886292,0.26048338413238525,0.5572173595428467,0.027110181748867035
20,24,False,0.0,1,0.8212363719940186,0.2617489695549011,0.5570036172866821,0.026998279616236687
20,25,False,0.0,1,0.8193782567977905,0.2628902792930603,0.557046115398407,0.02697538398206234
20,26,False,0.0,1,0.818199872970581,0.2639010548591614,0.5571500062942505,0.026978442445397377
20,27,False,0.0,1,0.8179349899291992,0.2646476924419403,0.5576769709587097,0.0269244983792305
20,28,False,0.0,1,0.8177763223648071,0.2649979591369629,0.557965874671936,0.027011023834347725
20,29,False,0.0,1,0.8172492980957031,0.26512351632118225,0.5580822229385376,0.027074582874774933
20,30,False,0.0,1,0.816574215888977,0.26556098461151123,0.5582290291786194,0.027172742411494255
20,31,False,0.0,1,0.8161007165908813,0.26634761691093445,0.5587069988250732,0.02737211249768734
20,32,False,0.0,1,0.8154070377349854,0.26687365770339966,0.5590658187866211,0.027521703392267227
20,33,False,0.0,1,0.8148119449615479,0.2670918107032776,0.5590168237686157,0.02748255617916584
20,34,False,0.0,1,0.814134418964386,0.26751866936683655,0.5589665174484253,0.02743329480290413
20,35,True,0.008620689623057842,1,0.8137316703796387,0.2680548429489136,0.5592688918113708,0.02713843807578087
20,36,True,0.0517241396009922,1,0.8133746385574341,0.26860225200653076,0.5588115453720093,0.026885056868195534
20,37,True,0.09482758492231369,1,0.8126521706581116,0.26877903938293457,0.5585548281669617,0.026822639629244804
20,38,True,0.13793103396892548,1,0.8120088577270508,0.2692376375198364,0.558696985244751,0.026925934478640556
20,39,True,0.18103447556495667,1,0.8114272356033325,0.26950138807296753,0.5578802824020386,0.02659793011844158
20,40,True,0.22413793206214905,1,0.8113378286361694,0.2691008448600769,0.5576924681663513,0.026492880657315254
20,41,True,0.26724138855934143,1,0.8111060261726379,0.268804669380188,0.5572710037231445,0.026303671300411224
20,42,True,0.3103448152542114,1,0.8106415271759033,0.2691807746887207,0.5565414428710938,0.02603086642920971
20,43,True,0.3534482717514038,1,0.8100724220275879,0.2688320279121399,0.5568760633468628,0.02593180723488331
20,44,True,0.3965517282485962,1,0.8095405101776123,0.2695942223072052,0.5569540858268738,0.025845488533377647
20,45,True,0.4396551847457886,1,0.8092926740646362,0.26985275745391846,0.5573456287384033,0.025986965745687485
20,46,True,0.48275861144065857,1,0.8135845065116882,0.2668313980102539,0.5568841695785522,0.025693314149975777
20,47,True,0.5258620977401733,1,0.8174363374710083,0.2624576985836029,0.5561599135398865,0.02537602372467518
20,48,True,0.568965494632721,1,0.818145215511322,0.261819064617157,0.5565263628959656,0.025520186871290207
20,49,True,0.6120689511299133,1,0.8184374570846558,0.26027488708496094,0.5557266473770142,0.025180738419294357
20,50,True,0.6551724076271057,1,0.8177390694618225,0.2587430775165558,0.5550706386566162,0.024960432201623917
20,51,True,0.6982758641242981,1,0.8171018362045288,0.2581382095813751,0.5549243688583374,0.024699201807379723
20,52,True,0.7413793206214905,1,0.8175667524337769,0.2582768201828003,0.5542582273483276,0.024452272802591324
20,53,True,0.7844827771186829,1,0.8181473016738892,0.25735950469970703,0.5547001361846924,0.02464298903942108
20,54,True,0.8275862336158752,1,0.8180614709854126,0.2569827735424042,0.5547592639923096,0.02462373860180378
20,55,True,0.8706896305084229,1,0.8171380758285522,0.25751450657844543,0.554534375667572,0.024437949061393738
20,56,True,0.9137930870056152,1,0.8173443078994751,0.25696954131126404,0.5537582635879517,0.024046095088124275
20,57,True,0.9568965435028076,1,0.817560076713562,0.2546538710594177,0.5527347326278687,0.02347961813211441
20,58,True,1.0,1,0.8171570301055908,0.2531278431415558,0.542069673538208,0.019519733265042305
20,59,True,1.0,1,0.8187052607536316,0.24084043502807617,0.5421940088272095,0.019776849076151848
20,60,True,1.0,1,0.8141573071479797,0.22608497738838196,0.5418316125869751,0.019781820476055145
20,61,True,1.0,1,0.8064176440238953,0.21374964714050293,0.5415152311325073,0.01976182498037815
20,62,True,1.0,1,0.7997511029243469,0.20567795634269714,0.5413272380828857,0.019733600318431854
20,63,True,1.0,1,0.7955978512763977,0.20126670598983765,0.5412430763244629,0.019722608849406242
20,64,True,1.0,1,0.7930675745010376,0.19872616231441498,0.5411837100982666,0.0197144728153944
20,65,True,1.0,1,0.7917459011077881,0.1974925696849823,0.5411657094955444,0.01971076801419258
20,66,True,1.0,1,0.7911026477813721,0.19684715569019318,0.5411449670791626,0.019706230610609055
20,67,True,1.0,1,0.810421347618103,0.21829862892627716,0.5411917567253113,0.019775573164224625
20,68,True,1.0,1,0.8104137182235718,0.21831829845905304,0.5412220358848572,0.019770288839936256
20,69,True,1.0,1,0.8104022741317749,0.21830521523952484,0.5412298440933228,0.019772084429860115
20,70,True,1.0,1,0.810383677482605,0.21831615269184113,0.5412532091140747,0.01977350376546383
20,71,True,1.0,1,0.8103971481323242,0.2183004915714264,0.541250467300415,0.019772963598370552
20,72,True,1.0,1,0.8103777170181274,0.21828463673591614,0.5412455797195435,0.019770272076129913
20,73,True,1.0,1,0.8103762865066528,0.21828794479370117,0.5412436723709106,0.019771266728639603
20,74,True,1.0,1,0.8103698492050171,0.21828052401542664,0.5412454605102539,0.01977209746837616
20,75,True,1.0,1,0.8194214701652527,0.23702457547187805,0.5413240194320679,0.019851502031087875
20,76,True,1.0,1,0.8194876909255981,0.23725801706314087,0.5413110852241516,0.019836118444800377
20,77,True,1.0,1,0.8195418119430542,0.23737068474292755,0.5412977337837219,0.01983647421002388
20,78,True,1.0,1,0.8195626735687256,0.23742592334747314,0.5412920713424683,0.019830575212836266
20,79,True,1.0,1,0.8195666074752808,0.23746222257614136,0.5412899255752563,0.019825808703899384
20,80,True,1.0,1,0.8195650577545166,0.23747462034225464,0.541290283203125,0.01982610486447811
20,81,True,1.0,1,0.8195687532424927,0.2374645471572876,0.5412879586219788,0.01982654444873333
20,82,True,1.0,1,0.8195704221725464,0.23746022582054138,0.5412895679473877,0.019826143980026245
20,83,True,1.0,1,0.8206303119659424,0.24081362783908844,0.5414746999740601,0.019910845905542374
20,84,True,1.0,1,0.8206131458282471,0.24090340733528137,0.5414676666259766,0.019888268783688545
20,85,True,1.0,1,0.8205999732017517,0.24094875156879425,0.5414981842041016,0.01988138072192669
20,86,True,1.0,1,0.8205870985984802,0.24096053838729858,0.5414907932281494,0.01987413503229618
20,87,False,0.0,1,0.8084256649017334,0.2696356773376465,0.5571380257606506,0.02604237198829651
20,88,False,0.0,1,0.8066955804824829,0.2696882486343384,0.5571452975273132,0.025789916515350342
20,89,False,0.0,1,0.8049676418304443,0.2704765200614929,0.5569666624069214,0.025675784796476364
20,90,False,0.0,1,0.8041591048240662,0.27126988768577576,0.5567100644111633,0.025550125166773796
20,91,False,0.0,1,0.8041876554489136,0.27180197834968567,0.556328296661377,0.025314776226878166
20,92,False,0.0,1,0.8047893047332764,0.27234289050102234,0.5562024116516113,0.025235116481781006
20,93,False,0.0,1,0.8060680627822876,0.27185720205307007,0.556246280670166,0.025286348536610603
20,94,False,0.0,1,0.8069465160369873,0.27178069949150085,0.5562332272529602,0.025311827659606934
20,95,False,0.0,1,0.8082126379013062,0.27096986770629883,0.5565639138221741,0.0254282895475626
20,96,False,0.0,1,0.8097243309020996,0.2704332172870636,0.5566332340240479,0.02543896622955799
20,97,False,0.0,1,0.8106704950332642,0.269502192735672,0.556683361530304,0.025458134710788727
20,98,False,0.0,1,0.8117655515670776,0.2682144343852997,0.556607723236084,0.025394435971975327
20,99,False,0.0,1,0.8131023645401001,0.2672130763530731,0.556446373462677,0.025211162865161896
20,100,False,0.0,1,0.813741147518158,0.26579490303993225,0.5563682317733765,0.025158071890473366
20,101,False,0.0,1,0.8141260147094727,0.2642137110233307,0.5564003586769104,0.025117645040154457
20,102,False,0.0,1,0.8148847818374634,0.2615583837032318,0.5562662482261658,0.025065788999199867
20,103,False,0.0,1,0.8151329159736633,0.2612776458263397,0.556307315826416,0.025085298344492912
20,104,False,0.0,1,0.8153470158576965,0.2611098885536194,0.5563645362854004,0.025085410103201866
20,105,False,0.0,1,0.8153084516525269,0.2616404592990875,0.5565575361251831,0.025179985910654068
20,106,False,0.0,1,0.8158583641052246,0.2620159089565277,0.5565868616104126,0.025188708677887917
20,107,False,0.0,1,0.816536009311676,0.2625793516635895,0.5574904680252075,0.025508549064397812
20,108,False,0.0,1,0.8166654109954834,0.26317182183265686,0.5574686527252197,0.02547514997422695
20,109,False,0.0,1,0.8167147040367126,0.26346883177757263,0.5567236542701721,0.02516048774123192
20,110,False,0.0,1,0.8169004917144775,0.2639201283454895,0.5564687848091125,0.025039466097950935
20,111,False,0.0,1,0.8172016143798828,0.26433321833610535,0.5562160015106201,0.02491687797009945
20,112,False,0.0,1,0.8169184923171997,0.264665424823761,0.5562942028045654,0.024968048557639122
20,113,False,0.0,1,0.8165394067764282,0.264898419380188,0.5563192367553711,0.024982210248708725
20,114,False,0.0,1,0.8164929151535034,0.26507818698883057,0.5562431812286377,0.02492770180106163
20,115,False,0.0,1,0.816376805305481,0.2653515934944153,0.5566458702087402,0.025063807144761086
20,116,False,0.0,1,0.8161137700080872,0.2654164731502533,0.5566152334213257,0.025069329887628555
21,0,False,0.0,0,0.7345930337905884,0.19070379436016083,0.5298960208892822,0.015324855223298073
21,1,False,0.0,1,0.8267888426780701,0.2587013840675354,0.5579895973205566,0.025521403178572655
21,2,False,0.0,1,0.827226459980011,0.25829458236694336,0.5582334995269775,0.025676410645246506
21,3,False,0.0,1,0.8273266553878784,0.25835904479026794,0.5582858324050903,0.02572026476264
21,4,False,0.0,1,0.8269792795181274,0.25870609283447266,0.5584127902984619,0.025737252086400986
21,5,False,0.0,1,0.8267335295677185,0.25851500034332275,0.558295726776123,0.02565186843276024
21,6,False,0.0,1,0.8273338079452515,0.2580804228782654,0.5589485168457031,0.02582015097141266
21,7,False,0.0,1,0.8277564644813538,0.25803256034851074,0.5588333010673523,0.02584076300263405
21,8,False,0.0,1,0.8283473253250122,0.25809022784233093,0.5587760210037231,0.02583984285593033
21,9,False,0.0,1,0.8283642530441284,0.2580330967903137,0.5585826635360718,0.025813354179263115
21,10,False,0.0,1,0.8283256888389587,0.2579633891582489,0.5584944486618042,0.025816718116402626
21,11,False,0.0,1,0.8279654383659363,0.25813761353492737,0.5587542057037354,0.025969529524445534
21,12,False,0.0,1,0.8278955221176147,0.2582668364048004,0.5587543249130249,0.02599063515663147
21,13,False,0.0,1,0.827732503414154,0.2585911154747009,0.5585603713989258,0.025974469259381294
21,14,False,0.0,1,0.8275454044342041,0.2588469386100769,0.5589895248413086,0.02600753679871559
21,15,False,0.0,1,0.8275333642959595,0.25894695520401,0.5590034127235413,0.025995610281825066
21,16,False,0.0,1,0.8273370862007141,0.25896400213241577,0.5591977834701538,0.02609952725470066
21,17,False,0.0,1,0.8272429704666138,0.25904884934425354,0.5590463280677795,0.026027442887425423
21,18,False,0.0,1,0.8272817134857178,0.2591688930988312,0.5587365031242371,0.025906726717948914
21,19,False,0.0,1,0.8278414011001587,0.2589862048625946,0.558648943901062,0.02589442953467369
21,20,False,0.0,1,0.827899158000946,0.25892874598503113,0.5584785342216492,0.02582974173128605
21,21,False,0.0,1,0.8277443647384644,0.25909820199012756,0.5582753419876099,0.0257710050791502
21,22,False,0.0,1,0.8278098106384277,0.25900936126708984,0.5588236451148987,0.025878282263875008
21,23,False,0.0,1,0.8275586366653442,0.25925666093826294,0.5587611198425293,0.025837255641818047
21,24,False,0.0,1,0.8265263438224792,0.25973930954933167,0.5587397813796997,0.025782430544495583
21,25,False,0.0,1,0.8260222673416138,0.2601269781589508,0.558752179145813,0.02573944255709648
21,26,False,0.0,1,0.8259800672531128,0.2604963779449463,0.5584672093391418,0.02560216747224331
21,27,False,0.0,1,0.8253846168518066,0.2606184482574463,0.5585779547691345,0.025614669546484947
21,28,False,0.0,1,0.8243106603622437,0.26070913672447205,0.5584622621536255,0.025564130395650864
21,29,False,0.0,1,0.823426365852356,0.26085418462753296,0.5585491061210632,0.025575065985322
21,30,False,0.0,1,0.8232815265655518,0.26096072793006897,0.5592235326766968,0.025712303817272186
21,31,False,0.0,1,0.8228994011878967,0.26062366366386414,0.559118390083313,0.02566792443394661
21,32,False,0.0,1,0.8227688074111938,0.2599775791168213,0.5591469407081604,0.025650206953287125
21,33,False,0.0,1,0.8226815462112427,0.2597751021385193,0.5589690208435059,0.02560088224709034
21,34,False,0.0,1,0.822741687297821,0.25992774963378906,0.558785080909729,0.0255585927516222
21,35,False,0.0,1,0.8227953314781189,0.26105934381484985,0.5589494705200195,0.02569768577814102
21,36,False,0.0,1,0.8217238187789917,0.26197534799575806,0.5591063499450684,0.02573448233306408
21,37,False,0.0,1,0.821289598941803,0.2628585994243622,0.5593024492263794,0.025772154331207275
21,38,False,0.0,1,0.8195692300796509,0.26439598202705383,0.5595945119857788,0.025953669100999832
21,39,False,0.0,1,0.8189893364906311,0.2649006247520447,0.559415876865387,0.02588486671447754
21,40,False,0.0,1,0.818763017654419,0.26495373249053955,0.5592660903930664,0.025722326710820198
21,41,False,0.0,1,0.8179078698158264,0.2649953067302704,0.5595543384552002,0.02579989656805992
21,42,False,0.0,1,0.8167688846588135,0.2652369737625122,0.5597072839736938,0.025809112936258316
21,43,False,0.0,1,0.8156017065048218,0.2651064991950989,0.5595449209213257,0.02576853334903717
21,44,False,0.0,1,0.8139145374298096,0.2659764885902405,0.5592204928398132,0.025648005306720734
21,45,False,0.0,1,0.8127611875534058,0.2663973569869995,0.5590014457702637,0.025510556995868683
21,46,False,0.0,1,0.8120251893997192,0.2663396894931793,0.5591801404953003,0.025742562487721443
21,47,False,0.0,1,0.8107049465179443,0.26651743054389954,0.5591115355491638,0.025741593912243843
21,48,False,0.0,1,0.812263548374176,0.26649507880210876,0.5593754053115845,0.025874197483062744
21,49,False,0.0,1,0.8124160170555115,0.26706838607788086,0.5593395233154297,0.025916779413819313
21,50,False,0.0,1,0.8098756074905396,0.27029016613960266,0.5597954988479614,0.02617681585252285
21,51,False,0.0,1,0.8082959651947021,0.27226102352142334,0.5594251751899719,0.026062065735459328
21,52,False,0.0,1,0.8078525066375732,0.2722611427307129,0.5592056512832642,0.025987649336457253
21,53,False,0.0,1,0.8082199096679688,0.2717042565345764,0.5593652725219727,0.026040464639663696
21,54,False,0.0,1,0.8084397912025452,0.2719951272010803,0.5595883131027222,0.02632136270403862
21,55,False,0.0,1,0.8087195158004761,0.27198097109794617,0.5593807101249695,0.026265164837241173
21,56,False,0.0,1,0.8090111017227173,0.27154186367988586,0.5595725178718567,0.026359768584370613
21,57,False,0.0,1,0.8096745610237122,0.27121275663375854,0.5596896409988403,0.026399504393339157
21,58,False,0.0,1,0.8105536103248596,0.27017804980278015,0.5596539974212646,0.026384197175502777
21,59,False,0.0,1,0.8125466108322144,0.2685284912586212,0.5594382882118225,0.026269378140568733
21,60,False,0.0,1,0.8136742115020752,0.2673691213130951,0.5593631267547607,0.02626715786755085
21,61,False,0.0,1,0.8143376111984253,0.2666952311992645,0.5593389272689819,0.026245614513754845
21,62,False,0.0,1,0.8149397969245911,0.2662922739982605,0.559766411781311,0.0266202874481678
21,63,False,0.0,1,0.8153064250946045,0.2660687267780304,0.5596326589584351,0.02654319256544113
21,64,False,0.0,1,0.8156806826591492,0.26571476459503174,0.5592469573020935,0.02634483575820923
21,65,False,0.0,1,0.8162838220596313,0.2652376592159271,0.5594375133514404,0.02643710747361183
21,66,False,0.0,1,0.8172607421875,0.26393482089042664,0.559585690498352,0.026493946090340614
21,67,False,0.0,1,0.820330023765564,0.26099878549575806,0.5595961809158325,0.026492854580283165
21,68,False,0.0,1,0.8208545446395874,0.2592730224132538,0.5597695112228394,0.02660153992474079
21,69,False,0.0,1,0.8216227889060974,0.25841671228408813,0.5598667860031128,0.026656053960323334
21,70,False,0.0,1,0.8219162821769714,0.25783997774124146,0.5605206489562988,0.02706240676343441
21,71,False,0.0,1,0.8232688903808594,0.2566401958465576,0.5602998733520508,0.026957528665661812
21,72,False,0.0,1,0.8242859840393066,0.25650322437286377,0.5599596500396729,0.02675950713455677
21,73,False,0.0,1,0.8241540193557739,0.25708892941474915,0.5604056715965271,0.026964731514453888
21,74,False,0.0,1,0.8238244652748108,0.25679633021354675,0.560614287853241,0.027025576680898666
21,75,False,0.0,1,0.8237957954406738,0.25723204016685486,0.5606136322021484,0.027003439143300056
21,76,False,0.0,1,0.824478268623352,0.25768807530403137,0.5605326890945435,0.026897212490439415
21,77,False,0.0,1,0.8245059251785278,0.25776973366737366,0.5606564283370972,0.026916056871414185
21,78,False,0.0,1,0.8245104551315308,0.2586457431316376,0.5612512826919556,0.02705596759915352
21,79,False,0.0,1,0.8240367770195007,0.2589506506919861,0.5611863136291504,0.02698584459722042
21,80,False,0.0,1,0.823662281036377,0.2590869665145874,0.5612218379974365,0.027016988024115562
21,81,False,0.0,1,0.822635293006897,0.2598688006401062,0.560939371585846,0.026939410716295242
21,82,False,0.0,1,0.8224040865898132,0.2606514096260071,0.5608313083648682,0.026913847774267197
21,83,False,0.0,1,0.8222264647483826,0.2608819603919983,0.5607689023017883,0.026898125186562538
21,84,False,0.0,1,0.8226855397224426,0.2607596516609192,0.5611690282821655,0.027074826881289482
21,85,False,0.0,1,0.8229029178619385,0.26078733801841736,0.561007559299469,0.027014467865228653
21,86,False,0.0,1,0.8228200078010559,0.26093751192092896,0.5612484216690063,0.027049783617258072
21,87,False,0.0,1,0.8221854567527771,0.2608594596385956,0.5608761310577393,0.026910293847322464
21,88,False,0.0,1,0.8218973875045776,0.26057830452919006,0.5608577728271484,0.026901118457317352
21,89,False,0.0,1,0.8210121393203735,0.26099783182144165,0.5609146356582642,0.02692531608045101
21,90,False,0.0,1,0.8198454976081848,0.26138418912887573,0.561024010181427,0.027029525488615036
21,91,False,0.0,1,0.8175033330917358,0.2626432180404663,0.5613780617713928,0.027247291058301926
21,92,False,0.0,1,0.8161680698394775,0.2637268006801605,0.561760663986206,0.027414418756961823
21,93,False,0.0,1,0.8142366409301758,0.2654950022697449,0.561785876750946,0.027388310059905052
21,94,False,0.0,1,0.8126767873764038,0.26668956875801086,0.5623586177825928,0.027645599097013474
21,95,False,0.0,1,0.8120025396347046,0.267732173204422,0.5627661943435669,0.02785804308950901
21,96,False,0.0,1,0.811171293258667,0.2689553201198578,0.562541127204895,0.02776535600423813
21,97,False,0.0,1,0.8105977773666382,0.2699979841709137,0.5624215006828308,0.027691958472132683
21,98,False,0.0,1,0.8089967966079712,0.2708854377269745,0.5623729228973389,0.027655556797981262
21,99,False,0.0,1,0.8082217574119568,0.2710665464401245,0.5621383190155029,0.027585601434111595
21,100,False,0.0,1,0.8079925775527954,0.2707025706768036,0.5617366433143616,0.027461526915431023
21,101,False,0.0,1,0.8076238632202148,0.2703360915184021,0.5615861415863037,0.02743471786379814
21,102,False,0.0,1,0.8081753849983215,0.26913657784461975,0.5620739459991455,0.02760555036365986
21,103,False,0.0,1,0.8089733719825745,0.2674451172351837,0.5619022250175476,0.027590949088335037
21,104,False,0.0,1,0.8097676634788513,0.26706039905548096,0.561977744102478,0.02767222188413143
21,105,False,0.0,1,0.8101098537445068,0.2672749161720276,0.561914324760437,0.02765318937599659
21,106,False,0.0,1,0.8107502460479736,0.2672519087791443,0.5618085861206055,0.02760530449450016
21,107,False,0.0,1,0.811011552810669,0.26730331778526306,0.5617876052856445,0.027605494484305382
21,108,False,0.0,1,0.8113808631896973,0.267079621553421,0.5617193579673767,0.027576513588428497
21,109,False,0.0,1,0.8117035031318665,0.26691967248916626,0.5616021156311035,0.027527451515197754
21,110,False,0.0,1,0.8120405077934265,0.2669004499912262,0.5617111325263977,0.02746661752462387
21,111,False,0.0,1,0.8123844265937805,0.2666586637496948,0.5616136789321899,0.027459608390927315
21,112,False,0.0,1,0.8127096891403198,0.2664337158203125,0.5615630745887756,0.027448369190096855
21,113,False,0.0,1,0.8128445148468018,0.2662113308906555,0.5615734457969666,0.027445901185274124
21,114,False,0.0,1,0.8127337694168091,0.2664090692996979,0.5616790056228638,0.027511486783623695
21,115,False,0.0,1,0.8129020929336548,0.2663819193840027,0.5617344379425049,0.02752447873353958
21,116,False,0.0,1,0.8136247992515564,0.26587969064712524,0.5616255402565002,0.02745232544839382
21,117,False,0.0,1,0.8141226768493652,0.2651532292366028,0.5612969398498535,0.02730080671608448
21,118,False,0.0,1,0.8152601718902588,0.2646152377128601,0.561309814453125,0.027193373069167137
21,119,False,0.0,1,0.8158091306686401,0.2646802067756653,0.561442494392395,0.027253614738583565
21,120,False,0.0,1,0.8157750964164734,0.2651795744895935,0.5614566802978516,0.027257869020104408
21,121,False,0.0,1,0.815364420413971,0.2657056450843811,0.5612630844116211,0.027176128700375557
21,122,False,0.0,1,0.8152227401733398,0.26600009202957153,0.5609598159790039,0.02703695371747017
21,123,False,0.0,1,0.8148795366287231,0.26608172059059143,0.560787558555603,0.026965999975800514
21,124,False,0.0,1,0.8146851062774658,0.26631370186805725,0.560682475566864,0.026916485279798508
21,125,False,0.0,1,0.8149361610412598,0.26633551716804504,0.5607826709747314,0.026967070996761322
21,126,False,0.0,1,0.8151862621307373,0.2662011384963989,0.560759425163269,0.026917386800050735
22,0,False,0.0,0,0.7508833408355713,0.17408904433250427,0.5355880260467529,0.01787385158240795
22,1,False,0.0,1,0.8386996388435364,0.24885806441307068,0.5627231597900391,0.027727922424674034
22,2,False,0.0,1,0.8394482731819153,0.24811099469661713,0.5628038644790649,0.027776209637522697
22,3,False,0.0,1,0.8411009311676025,0.2464573085308075,0.5630546808242798,0.02791127748787403
22,4,False,0.0,1,0.8412048816680908,0.24548698961734772,0.5631728172302246,0.027954382821917534
22,5,False,0.0,1,0.8406422138214111,0.24551433324813843,0.5630801916122437,0.02787080779671669
22,6,False,0.0,1,0.8407011032104492,0.24533168971538544,0.5631099939346313,0.027797739952802658
22,7,False,0.0,1,0.8405261039733887,0.2456171065568924,0.5629405975341797,0.0277904961258173
22,8,False,0.0,1,0.8398518562316895,0.2457757145166397,0.5628277063369751,0.027765018865466118
22,9,False,0.0,1,0.8390562534332275,0.24632658064365387,0.5627772212028503,0.027751140296459198
22,10,False,0.0,1,0.8382769823074341,0.24677903950214386,0.5625152587890625,0.0276181660592556
22,11,False,0.0,1,0.8366485834121704,0.24777206778526306,0.5621164441108704,0.027468878775835037
22,12,False,0.0,1,0.8349075317382812,0.24899236857891083,0.5620006322860718,0.02747930958867073
22,13,False,0.0,1,0.8329757452011108,0.25031742453575134,0.5618610382080078,0.02745656482875347
22,14,False,0.0,1,0.8308855891227722,0.25179120898246765,0.5615553855895996,0.027364341542124748
22,15,False,0.0,1,0.8287050724029541,0.25343057513237,0.5614957809448242,0.02747669816017151
22,16,False,0.0,1,0.8259775638580322,0.2551482319831848,0.5612572431564331,0.027385124936699867
22,17,False,0.0,1,0.8245198130607605,0.25668948888778687,0.5610511302947998,0.027276985347270966
22,18,False,0.0,1,0.8223208785057068,0.25744813680648804,0.5603720545768738,0.026963016018271446
22,19,False,0.0,1,0.821709156036377,0.25813156366348267,0.5605084896087646,0.027007874101400375
22,20,False,0.0,1,0.8212292194366455,0.2601233422756195,0.5603854656219482,0.026918740943074226
22,21,False,0.0,1,0.8207818269729614,0.26260676980018616,0.5605098009109497,0.026949316263198853
22,22,False,0.0,1,0.8199208974838257,0.26377448439598083,0.5607023239135742,0.02705724909901619
22,23,False,0.0,1,0.8192909359931946,0.2651101052761078,0.5608142614364624,0.027056798338890076
22,24,False,0.0,1,0.8184236884117126,0.26598483324050903,0.5608443021774292,0.02706465870141983
22,25,True,0.011904762126505375,1,0.8173953294754028,0.2662484049797058,0.5608465671539307,0.027011428028345108
22,26,True,0.0662650614976883,1,0.8167593479156494,0.26404720544815063,0.5613833665847778,0.027181731536984444
22,27,True,0.1265060305595398,1,0.8148618936538696,0.2621360719203949,0.5609448552131653,0.026981037110090256
22,28,True,0.1867469847202301,1,0.8182315826416016,0.2563735842704773,0.5596111416816711,0.026501111686229706
22,29,True,0.2469879537820816,1,0.8220938444137573,0.25419408082962036,0.5589181780815125,0.026316167786717415
22,30,True,0.3072289228439331,1,0.8242565393447876,0.2529282569885254,0.5587843656539917,0.026220425963401794
22,31,True,0.3674698770046234,1,0.8259540796279907,0.25298669934272766,0.5578532814979553,0.025877883657813072
22,32,True,0.4277108311653137,1,0.8236457109451294,0.2528623938560486,0.5574555397033691,0.02567601203918457
22,33,True,0.4879518151283264,1,0.8230643272399902,0.25240668654441833,0.5579392313957214,0.0257725827395916
22,34,True,0.5481927990913391,1,0.8238979578018188,0.25205734372138977,0.5584703087806702,0.025952203199267387
22,35,True,0.608433723449707,1,0.8242852687835693,0.2519298791885376,0.5584295988082886,0.02586868777871132
22,36,True,0.6686747074127197,1,0.8241993188858032,0.251819908618927,0.5584779977798462,0.02580818347632885
22,37,True,0.7289156913757324,1,0.8239220380783081,0.2518996298313141,0.5580910444259644,0.025611961260437965
22,38,True,0.7891566157341003,1,0.8223236799240112,0.2522587478160858,0.5581234693527222,0.025634512305259705
22,39,True,0.849397599697113,1,0.8221210241317749,0.2521095275878906,0.5577595233917236,0.02552170492708683
22,40,True,0.9096385836601257,1,0.8242002129554749,0.25197964906692505,0.556591272354126,0.024800976738333702
22,41,True,0.9698795080184937,1,0.8225221633911133,0.2516058087348938,0.5551040172576904,0.02368425764143467
22,42,True,1.0,1,0.819977343082428,0.25363191962242126,0.5467289090156555,0.019474996253848076
22,43,True,1.0,1,0.8203381299972534,0.25280898809432983,0.5469805002212524,0.01976621337234974
22,44,True,1.0,1,0.8202956914901733,0.2528047263622284,0.5467946529388428,0.019809700548648834
22,45,True,1.0,1,0.820213794708252,0.2528809607028961,0.5465837717056274,0.019803961738944054
22,46,True,1.0,1,0.8201636075973511,0.25294455885887146,0.5464405417442322,0.01979423128068447
22,47,True,1.0,1,0.8200870752334595,0.2530616223812103,0.5465466380119324,0.019882051274180412
22,48,True,1.0,1,0.8200862407684326,0.25309497117996216,0.5465629696846008,0.019882934167981148
22,49,True,1.0,1,0.8200771808624268,0.2531050741672516,0.5465759038925171,0.019889025017619133
22,50,True,1.0,1,0.8200749158859253,0.25310826301574707,0.5465800762176514,0.01988917775452137
22,51,True,1.0,1,0.8200650215148926,0.2530967891216278,0.5465781688690186,0.01988908089697361
22,52,True,1.0,1,0.8200669288635254,0.25309762358665466,0.5465848445892334,0.019889194518327713
22,53,True,1.0,1,0.8200646638870239,0.2530975341796875,0.5465879440307617,0.019889336079359055
22,54,True,1.0,1,0.8200660943984985,0.25309595465660095,0.5465891361236572,0.01988956891000271
22,55,True,1.0,1,0.8202462196350098,0.2531420886516571,0.5469315052032471,0.02007143944501877
22,56,True,1.0,1,0.8202564120292664,0.25313788652420044,0.5470119714736938,0.020077208057045937
22,57,True,1.0,1,0.8202571272850037,0.25313273072242737,0.5470470786094666,0.020076613873243332
22,58,True,1.0,1,0.8202580809593201,0.25311970710754395,0.5470757484436035,0.020083045586943626
22,59,True,1.0,1,0.8202562928199768,0.25311553478240967,0.5470786094665527,0.020079903304576874
22,60,True,1.0,1,0.8202546238899231,0.25311315059661865,0.5470843315124512,0.020079968497157097
22,61,True,1.0,1,0.8202560544013977,0.2531149685382843,0.5470861196517944,0.02008061110973358
22,62,True,1.0,1,0.8202560544013977,0.2531124949455261,0.5470874309539795,0.020080121234059334
22,63,False,0.0,1,0.8151171207427979,0.2659953832626343,0.5575762391090393,0.026522047817707062
22,64,False,0.0,1,0.8123022317886353,0.2669399678707123,0.5586671829223633,0.02638988010585308
22,65,False,0.0,1,0.8088305592536926,0.2693440020084381,0.5584115982055664,0.026112070307135582
22,66,False,0.0,1,0.8080050945281982,0.2702987790107727,0.5586600303649902,0.026183927431702614
22,67,False,0.0,1,0.8073879480361938,0.270516037940979,0.5590763092041016,0.02631470002233982
22,68,False,0.0,1,0.8063284754753113,0.2719813287258148,0.5594635605812073,0.02637525461614132
22,69,False,0.0,1,0.8057456612586975,0.2731613516807556,0.5591425895690918,0.026284538209438324
22,70,False,0.0,1,0.8058565258979797,0.27342870831489563,0.5592706203460693,0.02638844959437847
22,71,False,0.0,1,0.8065894842147827,0.2724975347518921,0.5592449903488159,0.026414381340146065
22,72,False,0.0,1,0.8074256777763367,0.27113407850265503,0.5594160556793213,0.026442404836416245
22,73,False,0.0,1,0.8084871768951416,0.2698664963245392,0.559756875038147,0.026539461687207222
22,74,False,0.0,1,0.8095504641532898,0.2694847881793976,0.5599161386489868,0.02657022885978222
22,75,False,0.0,1,0.8099325895309448,0.2693038284778595,0.5598915815353394,0.026547538116574287
22,76,False,0.0,1,0.8094723224639893,0.2693762481212616,0.5598258972167969,0.026519237086176872
22,77,False,0.0,1,0.8093360066413879,0.26879653334617615,0.5599133372306824,0.026525946334004402
22,78,False,0.0,1,0.8095884323120117,0.2682100534439087,0.5597360134124756,0.026493579149246216
22,79,False,0.0,1,0.8112210035324097,0.2670314610004425,0.5595667362213135,0.026353608816862106
22,80,False,0.0,1,0.8114369511604309,0.26665598154067993,0.5598753690719604,0.02638445422053337
22,81,False,0.0,1,0.8123732209205627,0.265748530626297,0.559788703918457,0.026256145909428596
22,82,False,0.0,1,0.8130325078964233,0.2649714946746826,0.5598256587982178,0.026194125413894653
22,83,False,0.0,1,0.8122243881225586,0.2645217478275299,0.559907853603363,0.026191234588623047
23,0,False,0.0,0,0.7537422180175781,0.17585131525993347,0.5339280366897583,0.017596330493688583
23,1,False,0.0,1,0.8408302068710327,0.2468910664319992,0.5621742606163025,0.027350416406989098
23,2,False,0.0,1,0.8415133953094482,0.24573135375976562,0.5622075796127319,0.02737167663872242
23,3,False,0.0,1,0.8415887951850891,0.24507541954517365,0.5623435378074646,0.027546431869268417
23,4,False,0.0,1,0.8409292697906494,0.24489335715770721,0.5622916221618652,0.02752440981566906
23,5,False,0.0,1,0.8404691219329834,0.2455199658870697,0.5622062683105469,0.027453437447547913
23,6,False,0.0,1,0.83957439661026,0.24664613604545593,0.5619205236434937,0.027359338477253914
23,7,False,0.0,1,0.8379011154174805,0.24777032434940338,0.5616538524627686,0.027283208444714546
23,8,False,0.0,1,0.836140513420105,0.24888339638710022,0.5617063641548157,0.027257684618234634
23,9,False,0.0,1,0.8346297144889832,0.250057190656662,0.5615654587745667,0.027151230722665787
23,10,False,0.0,1,0.8332211971282959,0.25153011083602905,0.5614521503448486,0.027072181925177574
23,11,False,0.0,1,0.8319510817527771,0.25284233689308167,0.5616335868835449,0.02719356119632721
23,12,False,0.0,1,0.8303106427192688,0.254069060087204,0.5617020130157471,0.02721532993018627
23,13,False,0.0,1,0.8274794816970825,0.2558926045894623,0.5620094537734985,0.027364682406187057
23,14,False,0.0,1,0.8254488110542297,0.2578406035900116,0.5616655349731445,0.02723199874162674
23,15,False,0.0,1,0.8243189454078674,0.2592524588108063,0.5614794492721558,0.02717440016567707
23,16,False,0.0,1,0.8224430084228516,0.26117372512817383,0.5614216923713684,0.027182994410395622
23,17,False,0.0,1,0.8209121227264404,0.2627137303352356,0.5610976219177246,0.02699371799826622
23,18,False,0.0,1,0.8199628591537476,0.26432839035987854,0.5610665082931519,0.026962049305438995
23,19,False,0.0,1,0.8193328380584717,0.26522859930992126,0.5617905855178833,0.02726551704108715
23,20,False,0.0,1,0.8182299733161926,0.26572924852371216,0.5619538426399231,0.02732081338763237
23,21,False,0.0,1,0.8176243305206299,0.2664147615432739,0.5620763301849365,0.027386998757719994
23,22,False,0.0,1,0.8169704675674438,0.2666874825954437,0.562263011932373,0.0274019967764616
23,23,True,0.054054055362939835,1,0.8176418542861938,0.26154211163520813,0.5628015995025635,0.0273948535323143
23,24,True,0.12162162363529205,1,0.8187457323074341,0.2576197385787964,0.561903715133667,0.026971373707056046
23,25,True,0.18918919563293457,1,0.8269178867340088,0.25277772545814514,0.5607818365097046,0.026442285627126694
23,26,True,0.2567567527294159,1,0.8261926770210266,0.2531021237373352,0.560123085975647,0.026248104870319366
23,27,True,0.3243243098258972,1,0.8254917860031128,0.25272977352142334,0.5601174831390381,0.026263758540153503
23,28,True,0.3918918967247009,1,0.8243523836135864,0.2531484067440033,0.5596092939376831,0.02602475695312023
23,29,True,0.45945945382118225,1,0.8227851390838623,0.2528810501098633,0.5602772235870361,0.026358922943472862
23,30,True,0.5270270109176636,1,0.824022114276886,0.25237393379211426,0.5602074861526489,0.026224730536341667
23,31,True,0.5945945978164673,1,0.8238361477851868,0.25206947326660156,0.5601037740707397,0.026148462668061256
23,32,True,0.662162184715271,1,0.824316143989563,0.2521657645702362,0.5597566366195679,0.025959674268960953
23,33,True,0.7297297120094299,1,0.8237416744232178,0.2520497143268585,0.5593212246894836,0.02573452703654766
23,34,True,0.7972972989082336,1,0.8230009078979492,0.2518502473831177,0.5594353675842285,0.025805847719311714
23,35,True,0.8648648858070374,1,0.8238715529441833,0.2517508566379547,0.5598199963569641,0.025825753808021545
23,36,True,0.9324324131011963,1,0.8247888088226318,0.25157782435417175,0.5589829683303833,0.02524317242205143
23,37,True,1.0,1,0.8221018314361572,0.2522972822189331,0.5516223907470703,0.02134878747165203
23,38,True,1.0,1,0.8225417733192444,0.25151216983795166,0.5514912605285645,0.021578412503004074
23,39,True,1.0,1,0.8225806951522827,0.25142964720726013,0.5512169599533081,0.021629253402352333
23,40,True,1.0,1,0.822553277015686,0.2514702081680298,0.5510025024414062,0.021684380248188972
23,41,True,1.0,1,0.8225454092025757,0.25151267647743225,0.5508704781532288,0.02170969732105732
23,42,True,1.0,1,0.8224916458129883,0.2515149414539337,0.550806999206543,0.021721268072724342
23,43,True,1.0,1,0.8226006031036377,0.25150105357170105,0.5512977838516235,0.02174052782356739
23,44,True,1.0,1,0.8225982189178467,0.2514891028404236,0.5512627959251404,0.021738504990935326
23,45,True,1.0,1,0.8225988149642944,0.2514883577823639,0.5512517690658569,0.02173718996345997
23,46,True,1.0,1,0.822596549987793,0.25148922204971313,0.5512500405311584,0.021738911047577858
23,47,True,1.0,1,0.822596549987793,0.25148922204971313,0.5512491464614868,0.021739978343248367
23,48,True,1.0,1,0.8225982189178467,0.25148624181747437,0.5512517094612122,0.021740132942795753
23,49,True,1.0,1,0.8225979804992676,0.2514897882938385,0.55125492811203,0.02173980139195919
23,50,True,1.0,1,0.8225992918014526,0.25148701667785645,0.5512535572052002,0.02173951454460621
23,51,True,1.0,1,0.8226616382598877,0.2513938546180725,0.5517827272415161,0.02175096981227398
23,52,True,1.0,1,0.8226738572120667,0.2513836622238159,0.5517828464508057,0.021751610562205315
23,53,True,1.0,1,0.8226682543754578,0.25136950612068176,0.5517836809158325,0.02175123617053032
23,54,True,1.0,1,0.822673499584198,0.2513659596443176,0.5517754554748535,0.021748384460806847
23,55,True,1.0,1,0.8226787447929382,0.2513684928417206,0.5517928600311279,0.021748680621385574
23,56,False,0.0,1,0.8139921426773071,0.26841872930526733,0.5639079809188843,0.028148073703050613
23,57,False,0.0,1,0.8128701448440552,0.26853257417678833,0.563785195350647,0.027626721188426018
23,58,False,0.0,1,0.8113411664962769,0.2690328061580658,0.563643217086792,0.027411699295043945
23,59,False,0.0,1,0.8104398250579834,0.269970178604126,0.5640186071395874,0.027422616258263588
23,60,False,0.0,1,0.8099133968353271,0.27110108733177185,0.5640785694122314,0.027451124042272568
23,61,False,0.0,1,0.8095142841339111,0.2713736295700073,0.5639946460723877,0.027441171929240227
23,62,False,0.0,1,0.8099022507667542,0.2701035141944885,0.5637744665145874,0.027369441464543343
23,63,False,0.0,1,0.810924768447876,0.2694549560546875,0.5629029273986816,0.02698615938425064
23,64,False,0.0,1,0.8117080330848694,0.2682575583457947,0.5631306171417236,0.027094995602965355
23,65,False,0.0,1,0.8112950325012207,0.267892986536026,0.5631142258644104,0.027099765837192535
23,66,False,0.0,1,0.8111846446990967,0.2670309841632843,0.5632942914962769,0.027185169979929924
23,67,False,0.0,1,0.8106496334075928,0.26685112714767456,0.5637855529785156,0.0273894090205431
23,68,False,0.0,1,0.8103868365287781,0.2672579288482666,0.5636582970619202,0.027359889820218086
23,69,False,0.0,1,0.8111456036567688,0.2660960853099823,0.5636081695556641,0.027332575991749763
23,70,False,0.0,1,0.8133122324943542,0.2648356556892395,0.5635092258453369,0.02727140299975872
23,71,False,0.0,1,0.8139634132385254,0.2642660140991211,0.5639948844909668,0.02747003175318241
23,72,False,0.0,1,0.814666748046875,0.26339614391326904,0.5645751953125,0.027664173394441605
23,73,False,0.0,1,0.8146688938140869,0.26277270913124084,0.5647705793380737,0.0277569480240345
23,74,False,0.0,1,0.8148345947265625,0.26293790340423584,0.5646405220031738,0.027748214080929756
24,0,False,0.0,0,0.7563016414642334,0.1832207590341568,0.5357646942138672,0.01781041920185089
24,1,False,0.0,1,0.8349953889846802,0.25418516993522644,0.565765380859375,0.028184296563267708
24,2,False,0.0,1,0.8353794813156128,0.2539113759994507,0.565788745880127,0.028193114325404167
24,3,False,0.0,1,0.8354841470718384,0.25335144996643066,0.5659034252166748,0.02823527716100216
24,4,False,0.0,1,0.8356339931488037,0.25297364592552185,0.5660033226013184,0.028261348605155945
24,5,False,0.0,1,0.8356347680091858,0.25288352370262146,0.5661212205886841,0.028309941291809082
24,6,False,0.0,1,0.8351292014122009,0.25307562947273254,0.5661325454711914,0.028307482600212097
24,7,False,0.0,1,0.8349535465240479,0.25303271412849426,0.5660565495491028,0.028271913528442383
24,8,False,0.0,1,0.8347329497337341,0.2531481981277466,0.5662066340446472,0.028374847024679184
24,9,False,0.0,1,0.8349590301513672,0.2531202435493469,0.565950870513916,0.028323963284492493
24,10,False,0.0,1,0.8354185819625854,0.25308746099472046,0.5659497976303101,0.028418345376849174
24,11,False,0.0,1,0.8350457549095154,0.25299498438835144,0.5656756162643433,0.028309250250458717
24,12,False,0.0,1,0.8338493704795837,0.2537637948989868,0.5654745101928711,0.02828165702521801
24,13,False,0.0,1,0.8325179219245911,0.2545677125453949,0.5654345750808716,0.028249936178326607
24,14,False,0.0,1,0.8305967450141907,0.25559282302856445,0.5652568340301514,0.02821171097457409
24,15,False,0.0,1,0.8299294710159302,0.2558358609676361,0.5653625130653381,0.028276575729250908
24,16,False,0.0,1,0.8286722898483276,0.25664135813713074,0.5650268197059631,0.02807244285941124
24,17,False,0.0,1,0.8275563716888428,0.2576683461666107,0.5649247169494629,0.02810283936560154
24,18,False,0.0,1,0.8264636993408203,0.25856494903564453,0.5644328594207764,0.02788168378174305
24,19,False,0.0,1,0.8264060020446777,0.2591072916984558,0.564595103263855,0.0279708132147789
24,20,False,0.0,1,0.8265783190727234,0.2591188848018646,0.5648403167724609,0.02813420258462429
24,21,False,0.0,1,0.8267824649810791,0.25988343358039856,0.5647753477096558,0.028134886175394058
24,22,False,0.0,1,0.8256219029426575,0.2609681487083435,0.5648491978645325,0.028203152120113373
24,23,False,0.0,1,0.8253684043884277,0.2611905634403229,0.5645997524261475,0.028041310608386993
24,24,False,0.0,1,0.8252176642417908,0.26147016882896423,0.5644214153289795,0.02791198529303074
24,25,False,0.0,1,0.8238407373428345,0.26245683431625366,0.5644631385803223,0.027956871315836906
24,26,False,0.0,1,0.8233689069747925,0.2629019021987915,0.5644761323928833,0.027937237173318863
24,27,False,0.0,1,0.8234506845474243,0.26245182752609253,0.564772367477417,0.02801411598920822
24,28,False,0.0,1,0.8238998651504517,0.2612166702747345,0.5648208856582642,0.027993295341730118
24,29,False,0.0,1,0.8238575458526611,0.2617727220058441,0.5648740530014038,0.02800985611975193
24,30,False,0.0,1,0.8232722878456116,0.26227647066116333,0.5650051832199097,0.02807249128818512
24,31,False,0.0,1,0.8229632377624512,0.26182079315185547,0.5651732683181763,0.02810327336192131
24,32,False,0.0,1,0.8231530785560608,0.2609248161315918,0.5656393766403198,0.028202416375279427
24,33,False,0.0,1,0.8237179517745972,0.2602745592594147,0.5659222602844238,0.02829255349934101
24,34,False,0.0,1,0.8241811990737915,0.26041460037231445,0.5658758878707886,0.028261369094252586
24,35,False,0.0,1,0.8242846131324768,0.26041126251220703,0.5659455060958862,0.028286809101700783
24,36,False,0.0,1,0.8240602016448975,0.25993677973747253,0.565801739692688,0.02822113409638405
24,37,False,0.0,1,0.8240118026733398,0.2592301368713379,0.5659022331237793,0.028295114636421204
24,38,False,0.0,1,0.8233768939971924,0.2590404152870178,0.5658725500106812,0.028293084353208542
24,39,False,0.0,1,0.822803795337677,0.2595705986022949,0.5658358335494995,0.028280159458518028
24,40,False,0.0,1,0.8220920562744141,0.260196328163147,0.5656713247299194,0.02819403074681759
24,41,True,0.02985074557363987,1,0.8181061744689941,0.26602935791015625,0.5644975900650024,0.027737757191061974
24,42,True,0.06716418266296387,1,0.8232730627059937,0.2600831389427185,0.564241886138916,0.027608536183834076
24,43,True,0.10447761416435242,1,0.821156919002533,0.26073548197746277,0.5638377666473389,0.02733653225004673
24,44,True,0.14179104566574097,1,0.8194838762283325,0.2614940106868744,0.563414454460144,0.027133695781230927
24,45,True,0.17910447716712952,1,0.8192530870437622,0.2615504264831543,0.5627631545066833,0.02688254974782467
24,46,True,0.21641790866851807,1,0.8188018798828125,0.26189911365509033,0.562903106212616,0.026979543268680573
24,47,True,0.2537313401699066,1,0.8186203837394714,0.26237568259239197,0.563051700592041,0.027073286473751068
24,48,True,0.29104477167129517,1,0.8189140558242798,0.26182547211647034,0.5630388259887695,0.027202634140849113
24,49,True,0.3283582031726837,1,0.8185856342315674,0.26179060339927673,0.5625057816505432,0.026925044134259224
24,50,True,0.36567163467407227,1,0.8186540603637695,0.26173698902130127,0.5623615384101868,0.02685195580124855
24,51,True,0.4029850661754608,1,0.8192195892333984,0.2620990574359894,0.5620557069778442,0.02676723711192608
24,52,True,0.44029849767684937,1,0.8200041055679321,0.2619868516921997,0.5621039867401123,0.026793889701366425
24,53,True,0.4776119291782379,1,0.8200777769088745,0.26140832901000977,0.5626339912414551,0.027015864849090576
24,54,True,0.5149253606796265,1,0.820540189743042,0.25998055934906006,0.562418520450592,0.026895947754383087
24,55,True,0.5522388219833374,1,0.8214436173439026,0.25916773080825806,0.5623866319656372,0.02686086855828762
24,56,True,0.5895522236824036,1,0.8221070766448975,0.25872138142585754,0.5626537799835205,0.027087312191724777
24,57,True,0.6268656849861145,1,0.822356641292572,0.25875136256217957,0.5630688667297363,0.027227235957980156
24,58,True,0.6641790866851807,1,0.8226442337036133,0.25886988639831543,0.5628271698951721,0.02711363136768341
24,59,True,0.7014925479888916,1,0.8225988149642944,0.2588481903076172,0.5629820823669434,0.027190331369638443
24,60,True,0.7388059496879578,1,0.8224886655807495,0.2586269676685333,0.5626826286315918,0.027040401473641396
24,61,True,0.7761194109916687,1,0.8224682807922363,0.2585355043411255,0.5620195865631104,0.026756512001156807
24,62,True,0.8134328126907349,1,0.8221510648727417,0.2581906020641327,0.5624367594718933,0.026961276307702065
24,63,True,0.8507462739944458,1,0.8218367695808411,0.2577972710132599,0.5612589120864868,0.02642004005610943
24,64,True,0.888059675693512,1,0.8216112852096558,0.2579537332057953,0.5611881613731384,0.026379022747278214
24,65,True,0.9253731369972229,1,0.8222231268882751,0.257196843624115,0.5609203577041626,0.026191335171461105
24,66,True,0.9626865386962891,1,0.8231955766677856,0.2568889260292053,0.5602998733520508,0.02586313709616661
24,67,True,1.0,1,0.8217064738273621,0.25668925046920776,0.550856351852417,0.021486831828951836
24,68,True,1.0,1,0.8220173120498657,0.25580984354019165,0.5515121817588806,0.021878039464354515
24,69,True,1.0,1,0.8221132755279541,0.2553998529911041,0.5516024231910706,0.02200237102806568
24,70,True,1.0,1,0.8221487402915955,0.25527483224868774,0.551540195941925,0.022041501477360725
24,71,True,1.0,1,0.8221698999404907,0.25521987676620483,0.5514959692955017,0.022054564207792282
24,72,True,1.0,1,0.8222488760948181,0.2551078796386719,0.5521610975265503,0.022244710475206375
24,73,True,1.0,1,0.8222578167915344,0.25510525703430176,0.5521477460861206,0.02225099317729473
24,74,True,1.0,1,0.8222537636756897,0.2551044523715973,0.5521304607391357,0.022255264222621918
24,75,True,1.0,1,0.8222616314888,0.2551049292087555,0.5521211624145508,0.022254524752497673
24,76,True,1.0,1,0.8222578167915344,0.25510644912719727,0.5521160364151001,0.02225489355623722
24,77,True,1.0,1,0.8222630620002747,0.2551063895225525,0.5521172285079956,0.02225382626056671
24,78,True,1.0,1,0.8222611546516418,0.2551021873950958,0.5521167516708374,0.02225481905043125
24,79,True,1.0,1,0.8222602009773254,0.25510379672050476,0.5521194338798523,0.022254493087530136
24,80,True,1.0,1,0.8223074078559875,0.25498467683792114,0.5530482530593872,0.022498875856399536
24,81,True,1.0,1,0.8223056197166443,0.2549856901168823,0.5530643463134766,0.022503606975078583
24,82,True,1.0,1,0.822327733039856,0.2549966275691986,0.5530563592910767,0.022499604150652885
24,83,True,1.0,1,0.8223246335983276,0.2550047039985657,0.5530681610107422,0.02250109612941742
24,84,True,1.0,1,0.8223242163658142,0.255008727312088,0.5530627369880676,0.022497689351439476
24,85,True,1.0,1,0.8223258852958679,0.25500810146331787,0.5530717372894287,0.022495917975902557
24,86,True,1.0,1,0.8223273158073425,0.25500819087028503,0.553072452545166,0.022497422993183136
24,87,True,1.0,1,0.8223256468772888,0.25500744581222534,0.5530718564987183,0.02249721623957157
24,88,True,1.0,1,0.8224916458129883,0.254957914352417,0.5539432764053345,0.02259434387087822
24,89,True,1.0,1,0.8224804401397705,0.2549768388271332,0.5539044141769409,0.022576436400413513
24,90,True,1.0,1,0.8224668502807617,0.2549968361854553,0.5539023876190186,0.022571371868252754
24,91,True,1.0,1,0.8224668502807617,0.2550092339515686,0.5539079904556274,0.022571947425603867
24,92,True,1.0,1,0.8224669098854065,0.25501346588134766,0.5539012551307678,0.022567566484212875
24,93,True,1.0,1,0.8224648833274841,0.2550152838230133,0.5538983345031738,0.022565262392163277
24,94,True,1.0,1,0.8224642872810364,0.2550142705440521,0.5538970828056335,0.022567156702280045
24,95,True,1.0,1,0.8224641680717468,0.25501665472984314,0.5538973808288574,0.022567374631762505
24,96,True,1.0,1,0.8227069973945618,0.2549590766429901,0.5545141100883484,0.022532498463988304
24,97,True,1.0,1,0.8227065801620483,0.2549789249897003,0.5544452667236328,0.022517314180731773
24,98,True,1.0,1,0.822708249092102,0.25498974323272705,0.5544118285179138,0.022507963702082634
24,99,True,1.0,1,0.8227012753486633,0.25499555468559265,0.5544004440307617,0.022504370659589767
24,100,True,1.0,1,0.8227026462554932,0.25500190258026123,0.5543864965438843,0.02250218577682972
24,101,False,0.0,1,0.8159176111221313,0.2672739028930664,0.568229079246521,0.029138226062059402
24,102,False,0.0,1,0.815628170967102,0.2665312886238098,0.5679583549499512,0.028747666627168655
24,103,False,0.0,1,0.8134030103683472,0.268273264169693,0.5675336718559265,0.028492070734500885
24,104,False,0.0,1,0.8106369972229004,0.27008557319641113,0.5674378871917725,0.02814902551472187
24,105,False,0.0,1,0.8097615242004395,0.2699372470378876,0.5670168399810791,0.027969108894467354
24,106,False,0.0,1,0.8091416954994202,0.26982077956199646,0.5669234991073608,0.027935951948165894
24,107,False,0.0,1,0.8092431426048279,0.2693992555141449,0.5667902231216431,0.02787081152200699
24,108,False,0.0,1,0.8096925616264343,0.2684732973575592,0.5664443969726562,0.02777975983917713
24,109,False,0.0,1,0.8108899593353271,0.26710018515586853,0.5665874481201172,0.027841823175549507
24,110,False,0.0,1,0.8114172220230103,0.26708105206489563,0.5661704540252686,0.027711668983101845
24,111,False,0.0,1,0.8109911680221558,0.26718953251838684,0.5658729076385498,0.02763112634420395
24,112,False,0.0,1,0.8108425140380859,0.2673507034778595,0.5659481287002563,0.02748807892203331
24,113,False,0.0,1,0.8106241226196289,0.26775461435317993,0.5659761428833008,0.02751985192298889
24,114,False,0.0,1,0.8105849027633667,0.2679630517959595,0.565891444683075,0.02747132070362568
24,115,False,0.0,1,0.8110191822052002,0.26785963773727417,0.5659754872322083,0.027501802891492844
24,116,False,0.0,1,0.8113362789154053,0.2678055763244629,0.5659468770027161,0.027504071593284607
24,117,False,0.0,1,0.8122139573097229,0.26742857694625854,0.565926194190979,0.027521584182977676
24,118,False,0.0,1,0.8137192726135254,0.2669180631637573,0.5659530162811279,0.027519656345248222
24,119,False,0.0,1,0.8150175213813782,0.26636624336242676,0.565974771976471,0.027526503428816795
24,120,False,0.0,1,0.8166646361351013,0.26563915610313416,0.5661594271659851,0.02744758129119873
24,121,False,0.0,1,0.8179095387458801,0.2647790312767029,0.5662250518798828,0.02749345637857914
24,122,False,0.0,1,0.8191429972648621,0.2636115550994873,0.5664393901824951,0.02758459933102131
24,123,False,0.0,1,0.8204920887947083,0.26268696784973145,0.5667353868484497,0.02767767384648323
24,124,False,0.0,1,0.8205121159553528,0.2621811032295227,0.5666850209236145,0.027659986168146133
24,125,False,0.0,1,0.820173978805542,0.26342955231666565,0.5662647485733032,0.027501625940203667
24,126,False,0.0,1,0.8198009729385376,0.26420581340789795,0.566429853439331,0.02752000279724598
24,127,False,0.0,1,0.8194249868392944,0.26431894302368164,0.5666439533233643,0.027582773938775063
24,128,False,0.0,1,0.8195486068725586,0.26448631286621094,0.5667358636856079,0.027560517191886902
24,129,False,0.0,1,0.8194391131401062,0.26460790634155273,0.5668690204620361,0.027577323839068413
24,130,False,0.0,1,0.8196111917495728,0.2646321654319763,0.5668072700500488,0.02754134126007557
24,131,False,0.0,1,0.819475531578064,0.2647494375705719,0.5667766332626343,0.027523726224899292
24,132,False,0.0,1,0.8190732002258301,0.26473256945610046,0.5668233036994934,0.027530932798981667
24,133,False,0.0,1,0.8185943365097046,0.26467397809028625,0.5667867064476013,0.027505582198500633
24,134,False,0.0,1,0.8180936574935913,0.2646595239639282,0.5666901469230652,0.027464773505926132
25,0,False,0.0,0,0.7480546236038208,0.19347016513347626,0.5361077785491943,0.01743333227932453
25,1,False,0.0,1,0.8316991925239563,0.2559003531932831,0.5673941373825073,0.02803898975253105
25,2,False,0.0,1,0.8310149312019348,0.25624707341194153,0.5673648118972778,0.028056392446160316
25,3,False,0.0,1,0.830621600151062,0.2563520073890686,0.5675365924835205,0.028116626664996147
25,4,False,0.0,1,0.83086758852005,0.2565458118915558,0.5677573680877686,0.02821531891822815
25,5,False,0.0,1,0.8308572769165039,0.256740540266037,0.5678417682647705,0.028216077014803886
25,6,False,0.0,1,0.8307961821556091,0.2571147680282593,0.5680907964706421,0.028321709483861923
25,7,False,0.0,1,0.8307592868804932,0.2578175663948059,0.5679681301116943,0.0282795000821352
25,8,False,0.0,1,0.8299263119697571,0.25889483094215393,0.5680868029594421,0.028318190947175026
25,9,False,0.0,1,0.8286340236663818,0.2602115869522095,0.5681763887405396,0.028279436752200127
25,10,False,0.0,1,0.8269481062889099,0.26161524653434753,0.5681922435760498,0.028314726427197456
25,11,False,0.0,1,0.8261787295341492,0.2623623013496399,0.5681473016738892,0.02831376902759075
25,12,False,0.0,1,0.8251791000366211,0.26296067237854004,0.5674992799758911,0.028065551072359085
25,13,False,0.0,1,0.8231537342071533,0.2646583318710327,0.5672708749771118,0.027958780527114868
25,14,False,0.0,1,0.8216829299926758,0.26607757806777954,0.5673626661300659,0.027953023090958595
25,15,False,0.0,1,0.8203916549682617,0.2667559087276459,0.567587673664093,0.028049156069755554
25,16,False,0.0,1,0.8188642859458923,0.26743194460868835,0.5670647621154785,0.027824249118566513
25,17,False,0.0,1,0.8177818655967712,0.267500638961792,0.566207766532898,0.027391929179430008
25,18,False,0.0,1,0.8168479204177856,0.2675926685333252,0.5665380358695984,0.027485473081469536
25,19,False,0.0,1,0.8167203664779663,0.26793935894966125,0.5665163993835449,0.027430197224020958
25,20,False,0.0,1,0.8162676095962524,0.26841074228286743,0.5670976042747498,0.027619818225502968
25,21,False,0.0,1,0.8156061172485352,0.26895612478256226,0.5670851469039917,0.02758013643324375
25,22,False,0.0,1,0.8156388998031616,0.26938819885253906,0.5671618580818176,0.027608226984739304
25,23,False,0.0,1,0.8160039186477661,0.26938116550445557,0.5673584938049316,0.027689481154084206
25,24,False,0.0,1,0.816058337688446,0.2692694365978241,0.5672023892402649,0.027600310742855072
25,25,False,0.0,1,0.8156007528305054,0.26964300870895386,0.5670421123504639,0.027298815548419952
25,26,False,0.0,1,0.8150710463523865,0.2696579396724701,0.5672222375869751,0.027392873540520668
25,27,False,0.0,1,0.8142969608306885,0.26985466480255127,0.5671672224998474,0.02735045924782753
25,28,False,0.0,1,0.8143014907836914,0.26993507146835327,0.5668663382530212,0.027216210961341858
25,29,False,0.0,1,0.8145403265953064,0.2699437141418457,0.5670398473739624,0.02730797976255417
25,30,False,0.0,1,0.8145169019699097,0.2697089612483978,0.5668470859527588,0.027238333597779274
25,31,False,0.0,1,0.8150115609169006,0.2689814567565918,0.5667588114738464,0.027187783271074295
25,32,False,0.0,1,0.8150768280029297,0.2682391405105591,0.5666968822479248,0.027145059779286385
25,33,False,0.0,1,0.8150520324707031,0.2681792974472046,0.5662670135498047,0.026797369122505188
25,34,False,0.0,1,0.815119206905365,0.26795339584350586,0.5663378238677979,0.026826372370123863
25,35,False,0.0,1,0.8160558938980103,0.26735934615135193,0.5659545660018921,0.026677068322896957
25,36,False,0.0,1,0.8164613246917725,0.2668892741203308,0.5657258033752441,0.0265964362770319
25,37,False,0.0,1,0.8168504238128662,0.26622581481933594,0.5656042098999023,0.026547150686383247
25,38,False,0.0,1,0.817604660987854,0.26538532972335815,0.5654386281967163,0.02648959867656231
25,39,True,0.035433072596788406,1,0.8215179443359375,0.2637302279472351,0.5661702156066895,0.02681664749979973
25,40,True,0.07480315119028091,1,0.8213464021682739,0.26197415590286255,0.5658698081970215,0.026691647246479988
25,41,True,0.11417322605848312,1,0.8214095234870911,0.26018965244293213,0.5656331777572632,0.026413748040795326
25,42,True,0.15354330837726593,1,0.8215361833572388,0.2593594789505005,0.5652128458023071,0.02617007866501808
25,43,True,0.19291338324546814,1,0.8219817280769348,0.25893887877464294,0.5656529664993286,0.026300260797142982
25,44,True,0.23228345811367035,1,0.8220211267471313,0.25845396518707275,0.5652267932891846,0.026136670261621475
25,45,True,0.27165353298187256,1,0.8229382038116455,0.25841978192329407,0.5644595623016357,0.025816962122917175
25,46,True,0.31102362275123596,1,0.823505699634552,0.25848883390426636,0.5640507936477661,0.025669706985354424
25,47,True,0.35039371252059937,1,0.8242781162261963,0.258531391620636,0.5635286569595337,0.02546599507331848
25,48,True,0.3897637724876404,1,0.824536919593811,0.2586585283279419,0.5629621744155884,0.025269370526075363
25,49,True,0.4291338622570038,1,0.8239713907241821,0.2588353157043457,0.5625723600387573,0.025119327008724213
25,50,True,0.4685039222240448,1,0.8231523633003235,0.2584940195083618,0.5624117851257324,0.025018244981765747
25,51,True,0.5078740119934082,1,0.8230689764022827,0.25841405987739563,0.5621832609176636,0.024910254403948784
25,52,True,0.5472440719604492,1,0.8230590224266052,0.25839880108833313,0.5625607967376709,0.02502971515059471
25,53,True,0.586614191532135,1,0.8236150741577148,0.2580448091030121,0.5625646114349365,0.025045525282621384
25,54,True,0.625984251499176,1,0.823797881603241,0.2576412856578827,0.5627249479293823,0.02513386495411396
25,55,True,0.665354311466217,1,0.8232897520065308,0.2571954131126404,0.5626918077468872,0.025109250098466873
25,56,True,0.7047244310379028,1,0.8245090246200562,0.25689560174942017,0.5631842613220215,0.02528506889939308
25,57,True,0.7440944910049438,1,0.8249677419662476,0.2574356496334076,0.5627094507217407,0.025144947692751884
25,58,True,0.7834645509719849,1,0.8236695528030396,0.2582758069038391,0.5629343390464783,0.025179842486977577
25,59,True,0.8228346705436707,1,0.823529839515686,0.2580350935459137,0.5623090267181396,0.024960247799754143
25,60,True,0.8622047305107117,1,0.8244840502738953,0.25832825899124146,0.5614864826202393,0.024591369554400444
25,61,True,0.9015747904777527,1,0.8241575956344604,0.2562936544418335,0.5613284111022949,0.024431966245174408
25,62,True,0.9409449100494385,1,0.824284553527832,0.25525739789009094,0.5600775480270386,0.023870160803198814
25,63,True,0.9803149700164795,1,0.8236475586891174,0.2546389102935791,0.5582906007766724,0.023066839203238487
25,64,True,1.0,1,0.8239777088165283,0.25378793478012085,0.547290563583374,0.02014688402414322
25,65,True,1.0,1,0.8242691159248352,0.2528882920742035,0.5471400022506714,0.020271610468626022
25,66,True,1.0,1,0.8242988586425781,0.25269150733947754,0.5468394756317139,0.020291337743401527
25,67,True,1.0,1,0.8242725133895874,0.2526375949382782,0.5466023087501526,0.020279577001929283
25,68,True,1.0,1,0.8242601156234741,0.25259822607040405,0.5464775562286377,0.02026740275323391
25,69,True,1.0,1,0.8242642879486084,0.2526005506515503,0.5464127063751221,0.02026289887726307
25,70,True,1.0,1,0.8242607116699219,0.2525927424430847,0.5463549494743347,0.02025289461016655
25,71,True,1.0,1,0.8242599964141846,0.2525898814201355,0.5463554859161377,0.020250102505087852
25,72,True,1.0,1,0.824256181716919,0.25259095430374146,0.5463422536849976,0.020249564200639725
25,73,True,1.0,1,0.8243432641029358,0.25259414315223694,0.546593189239502,0.02029351145029068
25,74,True,1.0,1,0.8242892622947693,0.2526000440120697,0.5466287732124329,0.020299715921282768
25,75,True,1.0,1,0.8242660164833069,0.2526175081729889,0.5466344952583313,0.020302297547459602
25,76,True,1.0,1,0.8242611885070801,0.25263285636901855,0.5466582775115967,0.02030283957719803
25,77,True,1.0,1,0.8242552280426025,0.25263771414756775,0.5466523766517639,0.020301850512623787
25,78,True,1.0,1,0.8242624998092651,0.25263965129852295,0.5466494560241699,0.020301105454564095
25,79,True,1.0,1,0.8242642879486084,0.25264015793800354,0.546653151512146,0.020303569734096527
25,80,True,1.0,1,0.8242639303207397,0.2526369094848633,0.5466502904891968,0.020302122458815575
25,81,True,1.0,1,0.8243979215621948,0.252729594707489,0.5470938682556152,0.02034156024456024
25,82,True,1.0,1,0.8243763446807861,0.2527730166912079,0.547134280204773,0.020348163321614265
25,83,True,1.0,1,0.824347734451294,0.25278785824775696,0.5471374988555908,0.020345162600278854
25,84,True,1.0,1,0.8243297338485718,0.2527965009212494,0.547149658203125,0.020346635952591896
25,85,True,1.0,1,0.8243261575698853,0.2528054714202881,0.5471534132957458,0.020349591970443726
25,86,True,1.0,1,0.8243192434310913,0.2528006136417389,0.547161340713501,0.020349618047475815
25,87,True,1.0,1,0.8243175745010376,0.25280091166496277,0.5471643209457397,0.020349496975541115
25,88,True,1.0,1,0.8243170976638794,0.2528008222579956,0.5471640825271606,0.020350394770503044
25,89,True,1.0,1,0.824373722076416,0.2529885768890381,0.5478113889694214,0.020377174019813538
25,90,True,1.0,1,0.8243358135223389,0.25299572944641113,0.5478059649467468,0.02037368156015873
25,91,True,1.0,1,0.8243179321289062,0.25300514698028564,0.5478125810623169,0.020373808220028877
25,92,True,1.0,1,0.8243156671524048,0.2530052065849304,0.5478208065032959,0.020374534651637077
25,93,True,1.0,1,0.8243105411529541,0.2529972791671753,0.5478219985961914,0.02037747949361801
25,94,True,1.0,1,0.8243101835250854,0.25299978256225586,0.5478169322013855,0.020375702530145645
25,95,True,1.0,1,0.8243097066879272,0.253000944852829,0.5478146076202393,0.020375238731503487
25,96,False,0.0,1,0.8222679495811462,0.2614639103412628,0.5661624073982239,0.026989255100488663
25,97,False,0.0,1,0.8202575445175171,0.2625027596950531,0.5669049024581909,0.027064606547355652
25,98,False,0.0,1,0.8180569410324097,0.26379045844078064,0.5664662718772888,0.0268089696764946
25,99,False,0.0,1,0.8177955150604248,0.2645709216594696,0.5661056041717529,0.02663848176598549
25,100,False,0.0,1,0.8167746663093567,0.26575523614883423,0.5663114786148071,0.026685992255806923
25,101,False,0.0,1,0.8155233860015869,0.26652148365974426,0.565962553024292,0.026562344282865524
25,102,False,0.0,1,0.8148878216743469,0.2676176130771637,0.5661481618881226,0.02661621756851673
25,103,False,0.0,1,0.814815878868103,0.2681806981563568,0.5659440755844116,0.02656305767595768
25,104,False,0.0,1,0.814883291721344,0.2685971260070801,0.5660179853439331,0.026595985516905785
25,105,False,0.0,1,0.8152338266372681,0.2692503035068512,0.5663223266601562,0.02679317444562912
25,106,False,0.0,1,0.8167223930358887,0.2694472074508667,0.566067636013031,0.02673858031630516
25,107,False,0.0,1,0.8171465992927551,0.26963821053504944,0.5663877725601196,0.026830367743968964
25,108,False,0.0,1,0.8172972202301025,0.2694467306137085,0.5664393901824951,0.026817932724952698
25,109,False,0.0,1,0.8175239562988281,0.2697322368621826,0.5664865970611572,0.026800116524100304
25,110,False,0.0,1,0.817121148109436,0.27007991075515747,0.5666415691375732,0.026862313970923424
25,111,False,0.0,1,0.8171440362930298,0.2702988088130951,0.5665704607963562,0.026858050376176834
25,112,False,0.0,1,0.8168994188308716,0.2706204354763031,0.5666506290435791,0.02689043991267681
25,113,False,0.0,1,0.8164047002792358,0.27070358395576477,0.5667542219161987,0.026945730671286583
25,114,False,0.0,1,0.816206693649292,0.26993823051452637,0.5668730735778809,0.026992233470082283
25,115,False,0.0,1,0.8168933987617493,0.26973581314086914,0.566643238067627,0.02691696211695671
25,116,False,0.0,1,0.8175629377365112,0.2694673240184784,0.5665346384048462,0.026833007112145424
25,117,False,0.0,1,0.8178114891052246,0.26878318190574646,0.5663639307022095,0.026747439056634903
25,118,False,0.0,1,0.8185547590255737,0.26804646849632263,0.5665320158004761,0.026809316128492355
25,119,False,0.0,1,0.8186557292938232,0.26755490899086,0.566868782043457,0.02694903314113617
25,120,False,0.0,1,0.8187745809555054,0.26719406247138977,0.566990852355957,0.02697235345840454
25,121,False,0.0,1,0.8186914920806885,0.2673457860946655,0.5673038959503174,0.027151931077241898
25,122,False,0.0,1,0.8188742399215698,0.2667209208011627,0.5673627853393555,0.027153801172971725
25,123,False,0.0,1,0.8193508386611938,0.2645065188407898,0.5674790740013123,0.02722434513270855
25,124,False,0.0,1,0.8193767666816711,0.26438072323799133,0.5674282312393188,0.027230175212025642
25,125,False,0.0,1,0.8189626336097717,0.2645830512046814,0.567573070526123,0.027277197688817978
25,126,False,0.0,1,0.8186979293823242,0.2647089660167694,0.5673122406005859,0.027186408638954163
25,127,False,0.0,1,0.818321943283081,0.264870285987854,0.5674017667770386,0.027226176112890244
26,0,False,0.0,0,0.7598402500152588,0.1802597939968109,0.536190390586853,0.017327407374978065
26,1,False,0.0,1,0.8354535698890686,0.2540237307548523,0.5685416460037231,0.027774207293987274
26,2,False,0.0,1,0.8357139229774475,0.25372686982154846,0.5683777332305908,0.027718976140022278
26,3,False,0.0,1,0.8359683752059937,0.25367066264152527,0.5683421492576599,0.027669746428728104
26,4,False,0.0,1,0.836097240447998,0.2539568245410919,0.5682350397109985,0.02763959765434265
26,5,False,0.0,1,0.8355871438980103,0.25422871112823486,0.568198561668396,0.02762771211564541
26,6,False,0.0,1,0.8349118232727051,0.2545475661754608,0.5680829286575317,0.02755180560052395
26,7,False,0.0,1,0.8342440128326416,0.2550947070121765,0.5680906772613525,0.02754156105220318
26,8,False,0.0,1,0.8331094980239868,0.2560562789440155,0.5683164596557617,0.027574164792895317
26,9,False,0.0,1,0.8324406743049622,0.25679826736450195,0.5690734386444092,0.02790331281721592
26,10,False,0.0,1,0.8312146067619324,0.25779417157173157,0.5691757202148438,0.027994658797979355
26,11,False,0.0,1,0.8299720883369446,0.25859779119491577,0.5690622329711914,0.027938615530729294
26,12,False,0.0,1,0.82948899269104,0.2589242160320282,0.5689857006072998,0.027908669784665108
26,13,False,0.0,1,0.828752875328064,0.2595110535621643,0.5689114332199097,0.027891451492905617
26,14,False,0.0,1,0.8285076022148132,0.2598188519477844,0.568468451499939,0.027791984379291534
26,15,False,0.0,1,0.8272689580917358,0.26096245646476746,0.5685189962387085,0.027803655713796616
26,16,False,0.0,1,0.8256500363349915,0.26257792115211487,0.5687273740768433,0.027875909581780434
26,17,False,0.0,1,0.8243088722229004,0.26346778869628906,0.5688436031341553,0.027981510385870934
26,18,False,0.0,1,0.8232278823852539,0.2647840082645416,0.5686885714530945,0.027955150231719017
26,19,False,0.0,1,0.8222701549530029,0.26570042967796326,0.5685526728630066,0.027870286256074905
26,20,False,0.0,1,0.821293830871582,0.2660823464393616,0.568596363067627,0.027873162180185318
26,21,False,0.0,1,0.8200297355651855,0.2668788731098175,0.568597674369812,0.02786705642938614
26,22,False,0.0,1,0.8191235661506653,0.2673509120941162,0.568618893623352,0.027872484177350998
26,23,False,0.0,1,0.8183012008666992,0.26797324419021606,0.5686545372009277,0.027881350368261337
26,24,False,0.0,1,0.8173260688781738,0.26863062381744385,0.5688016414642334,0.02793538197875023
26,25,False,0.0,1,0.8164169788360596,0.26940077543258667,0.568909764289856,0.02812870405614376
26,26,False,0.0,1,0.8151190280914307,0.2704363763332367,0.5686980485916138,0.028047574684023857
26,27,False,0.0,1,0.8143318295478821,0.27140748500823975,0.5684453248977661,0.02797367237508297
26,28,False,0.0,1,0.8136701583862305,0.27210891246795654,0.5682263374328613,0.02791430801153183
26,29,False,0.0,1,0.8125804662704468,0.2727310061454773,0.5682497024536133,0.027936317026615143
26,30,False,0.0,1,0.8117916584014893,0.27306294441223145,0.5683810710906982,0.02797694317996502
26,31,False,0.0,1,0.8113865256309509,0.2738681435585022,0.568503737449646,0.028059465810656548
26,32,False,0.0,1,0.8112945556640625,0.2743857204914093,0.5686678886413574,0.02810799330472946
26,33,False,0.0,1,0.8115882277488708,0.27470991015434265,0.5688580870628357,0.028444603085517883
26,34,False,0.0,1,0.8119993209838867,0.27441421151161194,0.5687859058380127,0.028412673622369766
26,35,False,0.0,1,0.8121837377548218,0.2742956578731537,0.5689336061477661,0.028455117717385292
26,36,False,0.0,1,0.8120682239532471,0.27439233660697937,0.5692509412765503,0.028597543016076088
26,37,False,0.0,1,0.8124207854270935,0.2745239734649658,0.5692158341407776,0.028629962354898453
26,38,False,0.0,1,0.813026487827301,0.2740304470062256,0.5692992210388184,0.028686631470918655
26,39,False,0.0,1,0.8136233687400818,0.27343079447746277,0.5690504312515259,0.02863146923482418
26,40,False,0.0,1,0.8140590190887451,0.27298542857170105,0.5691496729850769,0.028707724064588547
26,41,False,0.0,1,0.8152855634689331,0.271059513092041,0.5690333843231201,0.028929922729730606
26,42,False,0.0,1,0.8156052231788635,0.27053844928741455,0.5690644979476929,0.028943805024027824
26,43,True,0.014084506779909134,1,0.8152974843978882,0.2693482041358948,0.5686361789703369,0.028763826936483383
26,44,True,0.04929577559232712,1,0.819406270980835,0.26304998993873596,0.5684963464736938,0.028594156727194786
26,45,True,0.0845070406794548,1,0.8192583322525024,0.2621622383594513,0.568034291267395,0.028358744457364082
26,46,True,0.11971831321716309,1,0.8201584815979004,0.26157140731811523,0.5676320791244507,0.02817225083708763
26,47,True,0.15492957830429077,1,0.8202966451644897,0.26139408349990845,0.5679562091827393,0.028264647349715233
26,48,True,0.19014084339141846,1,0.8206583261489868,0.2615361213684082,0.5680261850357056,0.02834116667509079
26,49,True,0.22535210847854614,1,0.8204514980316162,0.2617036700248718,0.5679482221603394,0.02852938324213028
26,50,True,0.26056337356567383,1,0.8207576274871826,0.2616385817527771,0.5681250095367432,0.02860523946583271
26,51,True,0.2957746386528015,1,0.8207186460494995,0.2616759240627289,0.5677686929702759,0.028416026383638382
26,52,True,0.3309859037399292,1,0.8198260068893433,0.2612904906272888,0.5673841238021851,0.028267886489629745
26,53,True,0.3661971688270569,1,0.8199080228805542,0.2606203556060791,0.567829966545105,0.02849174104630947
26,54,True,0.40140846371650696,1,0.8203738927841187,0.2601243257522583,0.5675978660583496,0.0284163448959589
26,55,True,0.43661972880363464,1,0.8206171989440918,0.2597769796848297,0.5674318075180054,0.02834598533809185
26,56,True,0.47183099389076233,1,0.8208913803100586,0.2593832015991211,0.5673205852508545,0.028308985754847527
26,57,True,0.5070422291755676,1,0.821204662322998,0.25931301712989807,0.5672696828842163,0.028367167338728905
26,58,True,0.5422534942626953,1,0.8216380476951599,0.2592475414276123,0.567783534526825,0.02856418304145336
26,59,True,0.577464759349823,1,0.8218362927436829,0.25898632407188416,0.5670790672302246,0.02821316570043564
26,60,True,0.6126760840415955,1,0.8218112587928772,0.25910329818725586,0.567232608795166,0.028253860771656036
26,61,True,0.6478873491287231,1,0.8220882415771484,0.25920185446739197,0.5672234296798706,0.028234140947461128
26,62,True,0.6830986142158508,1,0.8223944902420044,0.25930485129356384,0.5675346851348877,0.028360512107610703
26,63,True,0.7183098793029785,1,0.8221338391304016,0.2592233419418335,0.5674379467964172,0.028281819075345993
26,64,True,0.7535211443901062,1,0.8223168849945068,0.25892576575279236,0.5674694776535034,0.02829327993094921
26,65,True,0.7887324094772339,1,0.8218092918395996,0.25804001092910767,0.5669969320297241,0.02807563543319702
26,66,True,0.8239436745643616,1,0.8217042088508606,0.2581591308116913,0.567725419998169,0.028377186506986618
26,67,True,0.8591549396514893,1,0.8225849866867065,0.2569091320037842,0.5674062967300415,0.02817624807357788
26,68,True,0.8943662047386169,1,0.8231589794158936,0.25658315420150757,0.5677446126937866,0.02823575586080551
26,69,True,0.9295774698257446,1,0.8234976530075073,0.25625041127204895,0.5657151937484741,0.02725723199546337
26,70,True,0.9647887349128723,1,0.8239076137542725,0.2565045952796936,0.5644142627716064,0.02661660686135292
26,71,True,1.0,1,0.8235935568809509,0.25577831268310547,0.5525487661361694,0.021541975438594818
26,72,True,1.0,1,0.8235207796096802,0.255190908908844,0.5528051853179932,0.021666904911398888
26,73,True,1.0,1,0.8233781456947327,0.2550170123577118,0.5528106093406677,0.02158661000430584
26,74,True,1.0,1,0.8233134150505066,0.25496751070022583,0.5526247024536133,0.021537307649850845
26,75,True,1.0,1,0.8232648372650146,0.25495490431785583,0.5525069236755371,0.021504128351807594
26,76,True,1.0,1,0.8232418298721313,0.2549610733985901,0.5524632334709167,0.021496539935469627
26,77,True,1.0,1,0.8232307434082031,0.25496041774749756,0.5523966550827026,0.02147929184138775
26,78,True,1.0,1,0.8232241868972778,0.25495481491088867,0.5523808002471924,0.02147497609257698
26,79,True,1.0,1,0.8232203722000122,0.25496387481689453,0.5523591041564941,0.021472081542015076
26,80,True,1.0,1,0.8232178688049316,0.25497403740882874,0.552352786064148,0.02147272601723671
26,81,True,1.0,1,0.8231493830680847,0.2551844120025635,0.5528934001922607,0.02139836736023426
26,82,True,1.0,1,0.823127269744873,0.2552228569984436,0.5528858304023743,0.021403010934591293
26,83,True,1.0,1,0.8231195211410522,0.255245178937912,0.5528773069381714,0.021405572071671486
26,84,True,1.0,1,0.8231123089790344,0.25524887442588806,0.5528796911239624,0.021406855434179306
26,85,True,1.0,1,0.8231009840965271,0.2552357017993927,0.5528793334960938,0.021404795348644257
26,86,True,1.0,1,0.8231036067008972,0.25524771213531494,0.5528764724731445,0.021405724808573723
26,87,True,1.0,1,0.8231001496315002,0.2552427053451538,0.552872896194458,0.02140352688729763
26,88,True,1.0,1,0.8231003880500793,0.2552458643913269,0.5528736114501953,0.021404428407549858
26,89,True,1.0,1,0.8229561448097229,0.2551829516887665,0.5537705421447754,0.021406855434179306
26,90,True,1.0,1,0.8230010867118835,0.25514742732048035,0.5537763833999634,0.02142900414764881
26,91,True,1.0,1,0.8230387568473816,0.2551499307155609,0.5537593960762024,0.021434254944324493
26,92,True,1.0,1,0.8230412006378174,0.25514593720436096,0.5537552833557129,0.021439945325255394
26,93,True,1.0,1,0.8230407238006592,0.2551446855068207,0.5537739992141724,0.02144419401884079
26,94,True,1.0,1,0.8230407238006592,0.25513866543769836,0.553770124912262,0.021442892029881477
26,95,True,1.0,1,0.8230373859405518,0.2551421523094177,0.5537680387496948,0.021441984921693802
26,96,True,1.0,1,0.8230383396148682,0.2551409602165222,0.553764820098877,0.021441323682665825
26,97,True,1.0,1,0.8226693868637085,0.2544092535972595,0.5550259351730347,0.021548686549067497
26,98,True,1.0,1,0.8228006362915039,0.25430744886398315,0.555081844329834,0.021585777401924133
26,99,True,1.0,1,0.822860598564148,0.25427567958831787,0.5550894737243652,0.021600913256406784
26,100,True,1.0,1,0.822883129119873,0.25426456332206726,0.55510413646698,0.021613938733935356
26,101,True,1.0,1,0.8228919506072998,0.25424695014953613,0.5551162958145142,0.021618640050292015
26,102,True,1.0,1,0.822895884513855,0.2542459964752197,0.5551251173019409,0.02162301167845726
26,103,True,1.0,1,0.822892427444458,0.25424495339393616,0.5551227331161499,0.02162238024175167
26,104,True,1.0,1,0.822895884513855,0.25424325466156006,0.5551214814186096,0.02162180468440056
26,105,True,1.0,1,0.8227960467338562,0.2530374228954315,0.5566234588623047,0.02195509523153305
26,106,True,1.0,1,0.8228746652603149,0.25297027826309204,0.5567377805709839,0.022006047889590263
26,107,False,0.0,1,0.8306490182876587,0.26106101274490356,0.570175290107727,0.02957545779645443
26,108,False,0.0,1,0.8301582932472229,0.262498676776886,0.5705018043518066,0.029455965384840965
26,109,False,0.0,1,0.8294036388397217,0.2631339728832245,0.5704700946807861,0.029369929805397987
26,110,False,0.0,1,0.8286087512969971,0.26355671882629395,0.570319652557373,0.029277773573994637
26,111,False,0.0,1,0.8273152112960815,0.26399022340774536,0.5703312158584595,0.02926127053797245
26,112,False,0.0,1,0.826318621635437,0.26408857107162476,0.5701611638069153,0.029167450964450836
26,113,False,0.0,1,0.8254589438438416,0.26422742009162903,0.5705384016036987,0.02929457649588585
26,114,False,0.0,1,0.8247615694999695,0.26405274868011475,0.5704838037490845,0.0292747113853693
26,115,False,0.0,1,0.824656069278717,0.26393038034439087,0.5707393884658813,0.02939956821501255
26,116,False,0.0,1,0.8244812488555908,0.2636387348175049,0.5709587931632996,0.029508018866181374
26,117,False,0.0,1,0.8245567083358765,0.2635401785373688,0.5710225105285645,0.029549330472946167
26,118,False,0.0,1,0.8240249156951904,0.26376840472221375,0.5709824562072754,0.02958352491259575
26,119,False,0.0,1,0.8231657147407532,0.2642277181148529,0.571050763130188,0.02964259870350361
26,120,False,0.0,1,0.822252631187439,0.2647745907306671,0.5706772208213806,0.029483580961823463
26,121,False,0.0,1,0.8210626244544983,0.26550132036209106,0.5707163214683533,0.029392970725893974
26,122,False,0.0,1,0.8196032047271729,0.26634252071380615,0.5704306364059448,0.029320139437913895
26,123,False,0.0,1,0.8181628584861755,0.26699298620224,0.5699726343154907,0.02914944663643837
26,124,False,0.0,1,0.8171445727348328,0.2674488425254822,0.5697253942489624,0.029050633311271667
26,125,False,0.0,1,0.8161394000053406,0.2679404020309448,0.569496214389801,0.02899329923093319
26,126,False,0.0,1,0.8154842853546143,0.26842135190963745,0.5693600177764893,0.02894168347120285
26,127,False,0.0,1,0.8151321411132812,0.2685924172401428,0.5692270994186401,0.028898153454065323
26,128,False,0.0,1,0.8144499063491821,0.26941806077957153,0.5691870450973511,0.02890731953084469
26,129,False,0.0,1,0.8137264251708984,0.270091712474823,0.5689184665679932,0.028758177533745766
26,130,False,0.0,1,0.8133752346038818,0.2706921398639679,0.569171667098999,0.02887175790965557
26,131,False,0.0,1,0.8128800392150879,0.27128666639328003,0.5693770051002502,0.028955712914466858
26,132,False,0.0,1,0.8122966885566711,0.2719288468360901,0.5693615674972534,0.028944162651896477
26,133,False,0.0,1,0.8118181228637695,0.27226439118385315,0.5692890286445618,0.0289166122674942
26,134,False,0.0,1,0.81123286485672,0.2727551758289337,0.5690791010856628,0.028824904933571815
26,135,False,0.0,1,0.8107125759124756,0.27311304211616516,0.5689416527748108,0.028757700696587563
26,136,False,0.0,1,0.8105770945549011,0.27319836616516113,0.5689980387687683,0.028772305697202682
26,137,False,0.0,1,0.8104491233825684,0.27337417006492615,0.5684587955474854,0.028502726927399635
26,138,False,0.0,1,0.81052166223526,0.2734268605709076,0.5685689449310303,0.02848930098116398
26,139,False,0.0,1,0.81135094165802,0.2728828191757202,0.5689185857772827,0.028589976951479912
26,140,False,0.0,1,0.8124419450759888,0.27236881852149963,0.5688463449478149,0.028506960719823837
26,141,False,0.0,1,0.8138344287872314,0.27149271965026855,0.568500280380249,0.028362227603793144
26,142,False,0.0,1,0.8138296604156494,0.2715369760990143,0.5685850977897644,0.028437074273824692
27,0,False,0.0,0,0.7434332966804504,0.19357025623321533,0.5399990081787109,0.019811371341347694
27,1,False,0.0,1,0.831175684928894,0.2584196925163269,0.5719300508499146,0.02995632216334343
27,2,False,0.0,1,0.8314731121063232,0.25838661193847656,0.5713468790054321,0.029603103175759315
27,3,False,0.0,1,0.83133864402771,0.2580694556236267,0.571235179901123,0.029527774080634117
27,4,False,0.0,1,0.8313775062561035,0.2578023374080658,0.5711371898651123,0.029444614425301552
27,5,False,0.0,1,0.8316648006439209,0.257775217294693,0.571225106716156,0.02944944240152836
27,6,False,0.0,1,0.8314533829689026,0.25801101326942444,0.5711897611618042,0.029436318203806877
27,7,False,0.0,1,0.8306964635848999,0.2588699758052826,0.5712847113609314,0.0294934269040823
27,8,False,0.0,1,0.8298496603965759,0.259794145822525,0.5712905526161194,0.029498638585209846
27,9,False,0.0,1,0.8296734094619751,0.260098934173584,0.5715441703796387,0.029605474323034286
27,10,False,0.0,1,0.8297737836837769,0.26024773716926575,0.5707716941833496,0.029238233342766762
27,11,False,0.0,1,0.8298531174659729,0.26005086302757263,0.5708374977111816,0.02926255390048027
27,12,False,0.0,1,0.8300397396087646,0.2596307098865509,0.5708746314048767,0.029281742870807648
27,13,False,0.0,1,0.8302727341651917,0.25943270325660706,0.5707021951675415,0.029233727604150772
27,14,False,0.0,1,0.8300552368164062,0.2593594193458557,0.5706496238708496,0.02925213985145092
27,15,False,0.0,1,0.8300507068634033,0.2591152787208557,0.5704888701438904,0.029225772246718407
27,16,False,0.0,1,0.8298258781433105,0.25928395986557007,0.5703386664390564,0.029179902747273445
27,17,False,0.0,1,0.8297683596611023,0.2594878077507019,0.5702935457229614,0.02921610325574875
27,18,False,0.0,1,0.8288572430610657,0.2601058781147003,0.5696462988853455,0.028743265196681023
27,19,False,0.0,1,0.8282372951507568,0.2610021233558655,0.5696812272071838,0.02872323989868164
27,20,False,0.0,1,0.8281354308128357,0.2614172101020813,0.5697098970413208,0.028695523738861084
27,21,False,0.0,1,0.8277357220649719,0.2616330683231354,0.5698695182800293,0.02874821238219738
27,22,False,0.0,1,0.827341616153717,0.2620319724082947,0.5696526765823364,0.028602229431271553
27,23,False,0.0,1,0.826824963092804,0.26251310110092163,0.5695598125457764,0.02849828638136387
27,24,False,0.0,1,0.8261408805847168,0.2624019980430603,0.5697824954986572,0.028531862422823906
27,25,False,0.0,1,0.8253898620605469,0.26285406947135925,0.5697898268699646,0.028508314862847328
27,26,False,0.0,1,0.8250328302383423,0.2630529999732971,0.5696549415588379,0.028214095160365105
27,27,False,0.0,1,0.8247151374816895,0.2637011706829071,0.5699109435081482,0.028278842568397522
27,28,False,0.0,1,0.8236197233200073,0.26447150111198425,0.56987464427948,0.02819199115037918
27,29,False,0.0,1,0.824038028717041,0.2650053799152374,0.5701835751533508,0.028266314417123795
27,30,False,0.0,1,0.8241126537322998,0.26495757699012756,0.570395827293396,0.02831798605620861
27,31,False,0.0,1,0.823963463306427,0.265160471200943,0.5706149339675903,0.028411593288183212
27,32,False,0.0,1,0.8240412473678589,0.2658669650554657,0.5706804990768433,0.02844957262277603
27,33,False,0.0,1,0.8234735131263733,0.26651662588119507,0.57077956199646,0.02845386415719986
27,34,True,0.03153153136372566,1,0.8228535652160645,0.26701197028160095,0.5704468488693237,0.028143657371401787
27,35,True,0.07657657563686371,1,0.8216440081596375,0.26764753460884094,0.570035994052887,0.027901913970708847
27,36,True,0.12162162363529205,1,0.8199055194854736,0.2687283456325531,0.5698161721229553,0.027804531157016754
27,37,True,0.1666666716337204,1,0.8192532062530518,0.26886749267578125,0.569387674331665,0.02755126729607582
27,38,True,0.21171170473098755,1,0.8181625008583069,0.269199013710022,0.5696238279342651,0.027688700705766678
27,39,True,0.2567567527294159,1,0.8173410892486572,0.2684846818447113,0.5700175762176514,0.027872620150446892
27,40,True,0.30180180072784424,1,0.8167650103569031,0.2676047086715698,0.5685278177261353,0.02724658139050007
27,41,True,0.3468468487262726,1,0.8166707158088684,0.26809126138687134,0.5685365200042725,0.027251766994595528
27,42,True,0.3918918967247009,1,0.8180480599403381,0.2660980522632599,0.5676921010017395,0.02682589367032051
27,43,True,0.4369369447231293,1,0.8183866739273071,0.2671019434928894,0.5682470798492432,0.026986761018633842
27,44,True,0.4819819927215576,1,0.8179470300674438,0.26666784286499023,0.568426251411438,0.02698322758078575
27,45,True,0.5270270109176636,1,0.817108154296875,0.2674408555030823,0.5683500170707703,0.02697381004691124
27,46,True,0.5720720887184143,1,0.8173568844795227,0.266568124294281,0.5681442618370056,0.026864657178521156
27,47,True,0.6171171069145203,1,0.8177025318145752,0.2655942142009735,0.5679591298103333,0.026795102283358574
27,48,True,0.662162184715271,1,0.8190478086471558,0.2632938623428345,0.5671006441116333,0.02655940130352974
27,49,True,0.707207202911377,1,0.8197933435440063,0.2613992989063263,0.5670037269592285,0.026552557945251465
27,50,True,0.7522522807121277,1,0.8192915916442871,0.2602740526199341,0.5670091509819031,0.02643323875963688
27,51,True,0.7972972989082336,1,0.81862473487854,0.2597580552101135,0.5667141675949097,0.026293575763702393
27,52,True,0.8423423171043396,1,0.8197630643844604,0.25788795948028564,0.566516637802124,0.026243824511766434
27,53,True,0.8873873949050903,1,0.8215307593345642,0.25437799096107483,0.5666482448577881,0.026256846264004707
27,54,True,0.9324324131011963,1,0.8221758604049683,0.25293484330177307,0.5658526420593262,0.02589370496571064
27,55,True,0.977477490901947,1,0.8231581449508667,0.2506557106971741,0.5656681656837463,0.02568422444164753
27,56,True,1.0,1,0.822944164276123,0.250465452671051,0.5605741739273071,0.023433681577444077
27,57,True,1.0,1,0.823294997215271,0.24985498189926147,0.5614023208618164,0.023800866678357124
27,58,True,1.0,1,0.8231475949287415,0.24995087087154388,0.5614437460899353,0.023932263255119324
27,59,True,1.0,1,0.8231459856033325,0.2499713897705078,0.5613560080528259,0.023946154862642288
27,60,True,1.0,1,0.8231475949287415,0.24999728798866272,0.5613092184066772,0.023940447717905045
27,61,True,1.0,1,0.8231590390205383,0.2500171959400177,0.5612661838531494,0.023930741474032402
27,62,True,1.0,1,0.8231632113456726,0.2500307857990265,0.5612599849700928,0.023931428790092468
27,63,True,1.0,1,0.8231637477874756,0.2500322759151459,0.5612523555755615,0.02392769604921341
27,64,True,1.0,1,0.8231630921363831,0.25002408027648926,0.5612481832504272,0.0239291712641716
27,65,True,1.0,1,0.8231597542762756,0.2500237226486206,0.5612417459487915,0.02392609603703022
27,66,True,1.0,1,0.8230817317962646,0.2496548891067505,0.5609098672866821,0.023732973262667656
27,67,True,1.0,1,0.8230870366096497,0.24951021373271942,0.5608683824539185,0.023730561137199402
27,68,True,1.0,1,0.8231122493743896,0.24945604801177979,0.5608583688735962,0.023735754191875458
27,69,True,1.0,1,0.8231109380722046,0.24942199885845184,0.5608429908752441,0.023731330409646034
27,70,True,1.0,1,0.8231196403503418,0.2494220733642578,0.5608336925506592,0.02372714877128601
27,71,True,1.0,1,0.8231199979782104,0.24941617250442505,0.5608396530151367,0.023727454245090485
27,72,True,1.0,1,0.8231139183044434,0.2494005262851715,0.5608362555503845,0.023727530613541603
27,73,True,1.0,1,0.8231179714202881,0.2494005560874939,0.5608327984809875,0.023726940155029297
27,74,True,1.0,1,0.8232688307762146,0.2481713593006134,0.5601766109466553,0.02348133735358715
27,75,True,1.0,1,0.8232911229133606,0.2480408251285553,0.5601714849472046,0.02348971553146839
27,76,True,1.0,1,0.8232978582382202,0.24796874821186066,0.5601635575294495,0.02348972298204899
27,77,True,1.0,1,0.8233073949813843,0.2479206621646881,0.5601568222045898,0.023490676656365395
27,78,True,1.0,1,0.8233102560043335,0.24790358543395996,0.5601493120193481,0.02349213883280754
27,79,True,1.0,1,0.8233097791671753,0.24789972603321075,0.5601474046707153,0.02348914183676243
27,80,True,1.0,1,0.8233110904693604,0.24788928031921387,0.5601456165313721,0.023488571867346764
27,81,True,1.0,1,0.8233118057250977,0.24788612127304077,0.560145378112793,0.023487843573093414
27,82,True,1.0,1,0.8234692215919495,0.24620656669139862,0.559520959854126,0.023226186633110046
27,83,True,1.0,1,0.8234835863113403,0.24601760506629944,0.5595293045043945,0.02323254384100437
27,84,False,0.0,1,0.8219181895256042,0.26317527890205383,0.5677133798599243,0.02685302123427391
27,85,False,0.0,1,0.8206443190574646,0.26403144001960754,0.5669752359390259,0.026484623551368713
27,86,False,0.0,1,0.8185461759567261,0.2653988301753998,0.5665583610534668,0.026294425129890442
27,87,False,0.0,1,0.8170268535614014,0.266634076833725,0.5665951371192932,0.02627110667526722
27,88,False,0.0,1,0.8155331611633301,0.2677087187767029,0.5666170120239258,0.02628261223435402
27,89,False,0.0,1,0.8142898082733154,0.2695452868938446,0.5662468075752258,0.02613747864961624
27,90,False,0.0,1,0.813475489616394,0.2711041271686554,0.5668619871139526,0.02631116472184658
27,91,False,0.0,1,0.8110313415527344,0.2734907567501068,0.5667195320129395,0.026287712156772614
27,92,False,0.0,1,0.8078135251998901,0.2753242254257202,0.5671433210372925,0.026465028524398804
27,93,False,0.0,1,0.8057671785354614,0.2773405909538269,0.5671204328536987,0.026480307802557945
27,94,False,0.0,1,0.8059561848640442,0.27733859419822693,0.567202091217041,0.026502132415771484
27,95,False,0.0,1,0.8067280054092407,0.27713924646377563,0.5669432878494263,0.026440856978297234
27,96,False,0.0,1,0.8075976371765137,0.27650508284568787,0.5666440725326538,0.026381872594356537
27,97,False,0.0,1,0.8078749775886536,0.27544498443603516,0.5667650699615479,0.026455692946910858
27,98,False,0.0,1,0.8078815937042236,0.27458468079566956,0.5671523809432983,0.026574768126010895
27,99,False,0.0,1,0.8081212639808655,0.274157851934433,0.5673359036445618,0.026654724031686783
27,100,False,0.0,1,0.8084839582443237,0.27392926812171936,0.5673627853393555,0.026686744764447212
27,101,False,0.0,1,0.8094553351402283,0.27376770973205566,0.5671277046203613,0.02662111259996891
27,102,False,0.0,1,0.8109279870986938,0.27283233404159546,0.5669035315513611,0.026529403403401375
27,103,False,0.0,1,0.8118898868560791,0.27119138836860657,0.5671291351318359,0.02659069374203682
27,104,False,0.0,1,0.8115650415420532,0.27119699120521545,0.5673121213912964,0.02661976031959057
27,105,False,0.0,1,0.8110364675521851,0.2711430490016937,0.5672226548194885,0.02657828852534294
27,106,False,0.0,1,0.8106250762939453,0.2710804343223572,0.5681217908859253,0.0268858689814806
27,107,False,0.0,1,0.8098529577255249,0.27090683579444885,0.5682284235954285,0.026913132518529892
27,108,False,0.0,1,0.8094128370285034,0.2709062099456787,0.5683769583702087,0.026939254254102707
27,109,False,0.0,1,0.8090906739234924,0.2699645757675171,0.5685536861419678,0.026981033384799957
27,110,False,0.0,1,0.8131720423698425,0.26811835169792175,0.5685463547706604,0.026974353939294815
27,111,False,0.0,1,0.8151600360870361,0.26712703704833984,0.5684776306152344,0.02693665772676468
28,0,False,0.0,0,0.7427629232406616,0.1932912915945053,0.5355772376060486,0.016041018068790436
28,1,False,0.0,1,0.8312649726867676,0.25831863284111023,0.5680748224258423,0.026758143678307533
28,2,False,0.0,1,0.8313454389572144,0.25815510749816895,0.5689711570739746,0.02714421972632408
28,3,False,0.0,1,0.8308961391448975,0.2581827640533447,0.5689384937286377,0.027105988934636116
28,4,False,0.0,1,0.8303455710411072,0.2584322690963745,0.5689845085144043,0.02710583060979843
28,5,False,0.0,1,0.8303852081298828,0.2584741711616516,0.5690214037895203,0.027110356837511063
28,6,False,0.0,1,0.8306139707565308,0.25875240564346313,0.5689870715141296,0.02711123414337635
28,7,False,0.0,1,0.8306231498718262,0.2590002119541168,0.5690804719924927,0.02713784947991371
28,8,False,0.0,1,0.8304442167282104,0.2591474652290344,0.5690966844558716,0.027142902836203575
28,9,False,0.0,1,0.8305529356002808,0.2591989040374756,0.56919926404953,0.02717977948486805
28,10,False,0.0,1,0.8304157853126526,0.2593969404697418,0.5699905157089233,0.027692072093486786
28,11,False,0.0,1,0.8304742574691772,0.2594495415687561,0.5702062249183655,0.027757924050092697
28,12,False,0.0,1,0.8303874731063843,0.25936198234558105,0.5702146887779236,0.0277700237929821
28,13,False,0.0,1,0.8309680223464966,0.2589888274669647,0.570464015007019,0.027850674465298653
28,14,False,0.0,1,0.8311822414398193,0.2587534487247467,0.5703784823417664,0.027810653671622276
28,15,False,0.0,1,0.8309717178344727,0.2589060962200165,0.5703110694885254,0.027854442596435547
28,16,False,0.0,1,0.8310556411743164,0.2588147819042206,0.5705018043518066,0.02795359492301941
28,17,False,0.0,1,0.8311854004859924,0.2590424418449402,0.5704180002212524,0.027910830453038216
28,18,False,0.0,1,0.8314520120620728,0.25892868638038635,0.5709860324859619,0.028292309492826462
28,19,False,0.0,1,0.8310520648956299,0.25908610224723816,0.5710077881813049,0.028312230482697487
28,20,False,0.0,1,0.8301599025726318,0.2594035267829895,0.5708481073379517,0.028249237686395645
28,21,False,0.0,1,0.8304541110992432,0.25972121953964233,0.5709033012390137,0.028225427493453026
28,22,False,0.0,1,0.8306557536125183,0.2597568929195404,0.5705769062042236,0.028038887307047844
28,23,False,0.0,1,0.8302391171455383,0.26018309593200684,0.5706959962844849,0.028070755302906036
28,24,False,0.0,1,0.8299137353897095,0.26057934761047363,0.5704589486122131,0.02796233259141445
28,25,False,0.0,1,0.8293976783752441,0.26076018810272217,0.5705136656761169,0.027973908931016922
28,26,False,0.0,1,0.829659104347229,0.26082462072372437,0.5707374811172485,0.0281180702149868
28,27,False,0.0,1,0.8296036720275879,0.2609785199165344,0.5708829164505005,0.028160905465483665
28,28,False,0.0,1,0.8292871713638306,0.2612195611000061,0.5708296298980713,0.028157565742731094
28,29,False,0.0,1,0.8284851908683777,0.2615233063697815,0.5706528425216675,0.028099646791815758
28,30,False,0.0,1,0.8282235860824585,0.26148155331611633,0.5706582069396973,0.028108680620789528
28,31,False,0.0,1,0.8274916410446167,0.2614651322364807,0.5708580017089844,0.028224067762494087
28,32,False,0.0,1,0.826663613319397,0.26155322790145874,0.5707371234893799,0.028174538165330887
28,33,False,0.0,1,0.826278567314148,0.26157867908477783,0.570656955242157,0.028169196099042892
28,34,False,0.0,1,0.8258682489395142,0.26197052001953125,0.5711403489112854,0.02852862887084484
28,35,False,0.0,1,0.8255864977836609,0.26191192865371704,0.5713694095611572,0.02860708348453045
28,36,False,0.0,1,0.8250826001167297,0.26252591609954834,0.5712447166442871,0.028583314269781113
28,37,False,0.0,1,0.8247608542442322,0.26329728960990906,0.5715870261192322,0.028754236176609993
28,38,False,0.0,1,0.8244168758392334,0.263868510723114,0.5714880228042603,0.028753455728292465
28,39,False,0.0,1,0.8239121437072754,0.2643227279186249,0.5717756152153015,0.028838712722063065
28,40,False,0.0,1,0.8234126567840576,0.26520588994026184,0.5717560052871704,0.028841132298111916
28,41,False,0.0,1,0.8220351338386536,0.2660254240036011,0.5717078447341919,0.02880692668259144
28,42,False,0.0,1,0.8201597929000854,0.2668074667453766,0.5727337598800659,0.02930230274796486
28,43,False,0.0,1,0.8194215297698975,0.2677772343158722,0.57269287109375,0.029279056936502457
28,44,False,0.0,1,0.8187118768692017,0.26870131492614746,0.5726107358932495,0.029216505587100983
28,45,False,0.0,1,0.8183401226997375,0.26964133977890015,0.5728111267089844,0.029289910569787025
28,46,False,0.0,1,0.8175960183143616,0.27024737000465393,0.5730469226837158,0.02934362180531025
28,47,False,0.0,1,0.816844642162323,0.2707784175872803,0.5728302001953125,0.02925831265747547
28,48,False,0.0,1,0.8162105083465576,0.2710949182510376,0.5722737908363342,0.029021816328167915
28,49,False,0.0,1,0.8161226511001587,0.27071401476860046,0.5722789764404297,0.029016733169555664
28,50,False,0.0,1,0.8161023855209351,0.2701972424983978,0.5724481344223022,0.02921954356133938
28,51,False,0.0,1,0.8157228827476501,0.2697059214115143,0.5724402070045471,0.02921401336789131
28,52,False,0.0,1,0.8153718113899231,0.2702833116054535,0.5722783207893372,0.029161689803004265
28,53,False,0.0,1,0.8144574165344238,0.2713289260864258,0.5719877481460571,0.029049549251794815
28,54,False,0.0,1,0.8135478496551514,0.2725261151790619,0.5721110105514526,0.029093381017446518
28,55,False,0.0,1,0.8131755590438843,0.27345797419548035,0.5724277496337891,0.02928036078810692
28,56,False,0.0,1,0.8130788207054138,0.2738221287727356,0.5725541114807129,0.02930394932627678
28,57,False,0.0,1,0.8133691549301147,0.2735631763935089,0.5725864768028259,0.029316728934645653
28,58,False,0.0,1,0.8133212327957153,0.27334025502204895,0.572730541229248,0.02940492145717144
28,59,False,0.0,1,0.8136696815490723,0.2728671133518219,0.5727581977844238,0.02942294254899025
28,60,False,0.0,1,0.8145139217376709,0.27209365367889404,0.572851300239563,0.029472941532731056
28,61,False,0.0,1,0.8158058524131775,0.2708732485771179,0.5727484226226807,0.029408490285277367
28,62,False,0.0,1,0.8168807029724121,0.2695937752723694,0.5727151036262512,0.029381124302744865
28,63,False,0.0,1,0.8174023032188416,0.26852428913116455,0.5729077458381653,0.029432784765958786
28,64,False,0.0,1,0.8181493878364563,0.2679246664047241,0.5732517242431641,0.029530838131904602
28,65,False,0.0,1,0.8190491795539856,0.2669432461261749,0.5733070373535156,0.029530594125390053
28,66,False,0.0,1,0.8200007081031799,0.265994131565094,0.5736068487167358,0.029661452397704124
28,67,False,0.0,1,0.8214232325553894,0.2642698585987091,0.5739587545394897,0.02980630286037922
28,68,False,0.0,1,0.8223541975021362,0.26257771253585815,0.5738236904144287,0.029740020632743835
28,69,False,0.0,1,0.8231104612350464,0.2611914277076721,0.5738058090209961,0.02980271726846695
28,70,False,0.0,1,0.8237557411193848,0.2605038583278656,0.5740809440612793,0.02997431717813015
28,71,False,0.0,1,0.8248411417007446,0.259712815284729,0.5739206075668335,0.029931409284472466
28,72,False,0.0,1,0.8261240720748901,0.2597386837005615,0.5735948085784912,0.02981802076101303
28,73,False,0.0,1,0.8266774415969849,0.2594848871231079,0.572869062423706,0.02955229952931404
28,74,False,0.0,1,0.8277751207351685,0.2587321698665619,0.5729665160179138,0.029578374698758125
28,75,False,0.0,1,0.8282345533370972,0.2586905360221863,0.57275390625,0.02950708009302616
28,76,False,0.0,1,0.8285911083221436,0.25924503803253174,0.5725982785224915,0.02944362722337246
28,77,False,0.0,1,0.8293482065200806,0.2592983841896057,0.5722099542617798,0.02927755005657673
28,78,False,0.0,1,0.8304099440574646,0.25895002484321594,0.5722450017929077,0.029253825545310974
28,79,False,0.0,1,0.8309224247932434,0.2587343156337738,0.5724983811378479,0.0293124970048666
28,80,False,0.0,1,0.8309062719345093,0.25867760181427,0.5726033449172974,0.029326967895030975
28,81,False,0.0,1,0.8304758071899414,0.25863099098205566,0.5724822282791138,0.029226336628198624
28,82,False,0.0,1,0.8308016657829285,0.2585139870643616,0.5726312398910522,0.029253384098410606
28,83,False,0.0,1,0.83082115650177,0.25852131843566895,0.5727499127388,0.02927948161959648
28,84,False,0.0,1,0.8303606510162354,0.25890904664993286,0.5727554559707642,0.02926022559404373
28,85,False,0.0,1,0.8299201726913452,0.25930550694465637,0.5727857351303101,0.029259245842695236
28,86,False,0.0,1,0.8289972543716431,0.25955501198768616,0.5729807019233704,0.02932177670300007
28,87,False,0.0,1,0.8280829191207886,0.25942206382751465,0.5728216171264648,0.029267307370901108
28,88,False,0.0,1,0.8279775381088257,0.25954025983810425,0.5726609230041504,0.02924119122326374
28,89,False,0.0,1,0.8278083205223083,0.26007699966430664,0.5723258256912231,0.02915373258292675
28,90,False,0.0,1,0.826335608959198,0.26140841841697693,0.5721681118011475,0.02910592406988144
28,91,False,0.0,1,0.8256818056106567,0.2623901963233948,0.571762204170227,0.028997883200645447
28,92,False,0.0,1,0.8245851397514343,0.26307806372642517,0.5716024041175842,0.028964931145310402
28,93,False,0.0,1,0.824209451675415,0.26322242617607117,0.5715106725692749,0.028927823528647423
28,94,False,0.0,1,0.8247396945953369,0.2632914185523987,0.5714020729064941,0.028904134407639503
28,95,False,0.0,1,0.8242515325546265,0.2635679244995117,0.5711462497711182,0.028820734471082687
28,96,False,0.0,1,0.8229048848152161,0.26448604464530945,0.571151614189148,0.028821634128689766
28,97,False,0.0,1,0.8213742971420288,0.2663046419620514,0.5714273452758789,0.0290133785456419
28,98,False,0.0,1,0.8196777105331421,0.26807186007499695,0.5714472532272339,0.029068246483802795
28,99,False,0.0,1,0.8174667358398438,0.27006199955940247,0.5711262226104736,0.028952104970812798
28,100,False,0.0,1,0.8153261542320251,0.27171772718429565,0.5711483955383301,0.0289476215839386
28,101,False,0.0,1,0.813677191734314,0.27307870984077454,0.5714340209960938,0.02904784306883812
28,102,False,0.0,1,0.8125807046890259,0.27363982796669006,0.5714207887649536,0.02902539260685444
28,103,False,0.0,1,0.811164915561676,0.274173766374588,0.5714232921600342,0.028988417237997055
28,104,False,0.0,1,0.8108544945716858,0.2740955352783203,0.5714553594589233,0.02898598462343216
28,105,False,0.0,1,0.8107312321662903,0.2741762697696686,0.5716143846511841,0.02904347889125347
28,106,False,0.0,1,0.8106578588485718,0.27441850304603577,0.5719376802444458,0.02908421866595745
28,107,False,0.0,1,0.8103018999099731,0.27492836117744446,0.5721231698989868,0.029242288321256638
28,108,False,0.0,1,0.8104856610298157,0.2750297784805298,0.5721169114112854,0.02929956652224064
28,109,False,0.0,1,0.8111835718154907,0.27445554733276367,0.5721182227134705,0.029353724792599678
28,110,False,0.0,1,0.8120830655097961,0.27355465292930603,0.5721719264984131,0.02940148487687111
28,111,False,0.0,1,0.8127399682998657,0.27330639958381653,0.5721201300621033,0.029428109526634216
28,112,False,0.0,1,0.8137660026550293,0.2732175588607788,0.572277307510376,0.029501624405384064
28,113,False,0.0,1,0.8145580887794495,0.27294161915779114,0.5723164081573486,0.029545815661549568
28,114,False,0.0,1,0.8155348300933838,0.27237311005592346,0.572485625743866,0.02957027032971382
28,115,False,0.0,1,0.8159592747688293,0.2716406285762787,0.5723956823348999,0.029628867283463478
28,116,False,0.0,1,0.8161435723304749,0.27105268836021423,0.5721545219421387,0.02957298420369625
28,117,False,0.0,1,0.8164896965026855,0.2706153392791748,0.5720812678337097,0.029563365504145622
28,118,False,0.0,1,0.81721031665802,0.2696325182914734,0.5719945430755615,0.02956147864460945
28,119,False,0.0,1,0.8183963298797607,0.2688632011413574,0.5721621513366699,0.029566816985607147
28,120,False,0.0,1,0.8201211094856262,0.2680111229419708,0.5727087259292603,0.029707765206694603
28,121,False,0.0,1,0.8218386173248291,0.2670084536075592,0.573013424873352,0.029753675684332848
28,122,False,0.0,1,0.8233833909034729,0.26563024520874023,0.5734734535217285,0.02982340194284916
28,123,False,0.0,1,0.8243677020072937,0.26432284712791443,0.573366105556488,0.029787380248308182
28,124,False,0.0,1,0.8244946002960205,0.2634299695491791,0.5735900402069092,0.029869770631194115
28,125,False,0.0,1,0.8249538540840149,0.2628845274448395,0.5734301805496216,0.029811827465891838
28,126,False,0.0,1,0.8250535726547241,0.26291266083717346,0.5736985206604004,0.029943164438009262
28,127,False,0.0,1,0.824639618396759,0.2629856765270233,0.5743869543075562,0.030244475230574608
28,128,False,0.0,1,0.8247585892677307,0.2630563974380493,0.5744105577468872,0.03022141382098198
28,129,False,0.0,1,0.8245264887809753,0.26344844698905945,0.5744214653968811,0.030194060876965523
28,130,False,0.0,1,0.8241649270057678,0.2638745605945587,0.5742867588996887,0.030074112117290497
28,131,False,0.0,1,0.8238905668258667,0.26429539918899536,0.5739885568618774,0.030016405507922173
28,132,False,0.0,1,0.8233705759048462,0.264651358127594,0.5739660859107971,0.03002665564417839
28,133,False,0.0,1,0.8226076364517212,0.2650270164012909,0.5739294290542603,0.03001377172768116
28,134,False,0.0,1,0.8221907615661621,0.2654014527797699,0.5740652680397034,0.03006831556558609
28,135,False,0.0,1,0.8218162059783936,0.265610933303833,0.5739908218383789,0.03001520410180092
28,136,False,0.0,1,0.8215702772140503,0.2658611834049225,0.5740450620651245,0.030035359784960747
28,137,False,0.0,1,0.8213043212890625,0.26613911986351013,0.5740548968315125,0.030035126954317093
28,138,False,0.0,1,0.8209180235862732,0.26651930809020996,0.5740175247192383,0.02992442436516285
28,139,False,0.0,1,0.8202223181724548,0.2666812241077423,0.5736739635467529,0.02980640158057213
28,140,False,0.0,1,0.8196849822998047,0.26692071557044983,0.5735496282577515,0.029772112146019936
28,141,False,0.0,1,0.8193401098251343,0.26736748218536377,0.5734747052192688,0.029719356447458267
28,142,False,0.0,1,0.8190466165542603,0.26750439405441284,0.5734214782714844,0.02970619685947895
28,143,False,0.0,1,0.8192188739776611,0.2676824629306793,0.5731549859046936,0.02960578352212906
28,144,False,0.0,1,0.8190416097640991,0.2678806483745575,0.5730728507041931,0.029609179124236107
28,145,False,0.0,1,0.81863933801651,0.2681456208229065,0.5727041363716125,0.029454544186592102
28,146,False,0.0,1,0.8183814883232117,0.2685154974460602,0.5726617574691772,0.02928498387336731
28,147,False,0.0,1,0.817768394947052,0.26861172914505005,0.5723435878753662,0.029212992638349533
28,148,False,0.0,1,0.817548394203186,0.2686373293399811,0.5720072984695435,0.02911127544939518
28,149,False,0.0,1,0.817380964756012,0.2685883045196533,0.5717248320579529,0.028992965817451477
28,150,False,0.0,1,0.8172758221626282,0.26837822794914246,0.5715478658676147,0.02893754281103611
28,151,False,0.0,1,0.8173262476921082,0.2681080102920532,0.571268618106842,0.02884593792259693
29,0,False,0.0,0,0.7504088878631592,0.17720676958560944,0.5433237552642822,0.02028980478644371
29,1,False,0.0,1,0.839320957660675,0.25068458914756775,0.5757331252098083,0.03062547743320465
29,2,False,0.0,1,0.8401437997817993,0.25038227438926697,0.5759137868881226,0.030465662479400635
29,3,False,0.0,1,0.840705156326294,0.2500874102115631,0.5757813453674316,0.03043617308139801
29,4,False,0.0,1,0.8407199382781982,0.24963881075382233,0.5760530233383179,0.03054250217974186
29,5,False,0.0,1,0.8407381772994995,0.24899350106716156,0.5760694742202759,0.030540382489562035
29,6,False,0.0,1,0.8407723903656006,0.24834471940994263,0.5760570764541626,0.030549293383955956
29,7,False,0.0,1,0.8408514857292175,0.2479545772075653,0.576058566570282,0.030546564608812332
29,8,False,0.0,1,0.8410509824752808,0.2473849207162857,0.5763076543807983,0.030646992847323418
29,9,False,0.0,1,0.8410516977310181,0.24716542661190033,0.5762805938720703,0.030633902177214622
29,10,False,0.0,1,0.8409149646759033,0.24761492013931274,0.576488733291626,0.03053342178463936
29,11,False,0.0,1,0.8403512835502625,0.24797672033309937,0.5763602256774902,0.030473222956061363
29,12,False,0.0,1,0.8399515748023987,0.24833863973617554,0.5760796666145325,0.030347006395459175
29,13,False,0.0,1,0.839611291885376,0.24913036823272705,0.57564377784729,0.03018747828900814
29,14,False,0.0,1,0.8392695188522339,0.24986571073532104,0.5751999616622925,0.030046211555600166
29,15,False,0.0,1,0.8382469415664673,0.2504727840423584,0.5748624205589294,0.0299391932785511
29,16,False,0.0,1,0.8377346396446228,0.25069713592529297,0.5745126605033875,0.029820768162608147
29,17,False,0.0,1,0.8374895453453064,0.25099295377731323,0.5744232535362244,0.02976963296532631
29,18,False,0.0,1,0.8373076915740967,0.25120463967323303,0.5748748779296875,0.02973780781030655
29,19,False,0.0,1,0.8364161252975464,0.2517363727092743,0.574425220489502,0.02959192544221878
29,20,False,0.0,1,0.8358186483383179,0.2518215775489807,0.5742993354797363,0.029567798599600792
29,21,False,0.0,1,0.8350281715393066,0.2520703673362732,0.574036180973053,0.029517121613025665
29,22,False,0.0,1,0.8342311382293701,0.25246089696884155,0.5736094117164612,0.02934741973876953
29,23,False,0.0,1,0.8336052298545837,0.2530059814453125,0.5738906264305115,0.029451051726937294
29,24,False,0.0,1,0.832830548286438,0.25400030612945557,0.5739031434059143,0.029495317488908768
29,25,False,0.0,1,0.8321539759635925,0.2549588084220886,0.573910653591156,0.02951553463935852
29,26,False,0.0,1,0.8313634395599365,0.2558845579624176,0.5739414691925049,0.029340045526623726
29,27,False,0.0,1,0.8305820822715759,0.2565731108188629,0.5738944411277771,0.029308663681149483
29,28,False,0.0,1,0.8289884924888611,0.25743627548217773,0.5736795663833618,0.029247894883155823
29,29,False,0.0,1,0.8283640742301941,0.2580455243587494,0.5737980604171753,0.02933819778263569
29,30,False,0.0,1,0.8278543949127197,0.25898587703704834,0.5741078853607178,0.029464241117239
29,31,False,0.0,1,0.8268542885780334,0.26037105917930603,0.5738548636436462,0.029394051060080528
29,32,False,0.0,1,0.8256842494010925,0.26185157895088196,0.5740134716033936,0.029483383521437645
29,33,False,0.0,1,0.824445903301239,0.26256346702575684,0.5746387243270874,0.029687272384762764
29,34,False,0.0,1,0.8236417174339294,0.2633497714996338,0.5748287439346313,0.029647579416632652
29,35,False,0.0,1,0.8225037455558777,0.26458466053009033,0.5752732157707214,0.02981063537299633
29,36,False,0.0,1,0.8215040564537048,0.2654492259025574,0.5758718848228455,0.030000237748026848
29,37,False,0.0,1,0.8203800916671753,0.2665785551071167,0.5761832594871521,0.030082426965236664
29,38,False,0.0,1,0.8194293975830078,0.2674481272697449,0.5762155055999756,0.030104175209999084
29,39,False,0.0,1,0.8186163902282715,0.26814979314804077,0.576280951499939,0.030134497210383415
29,40,False,0.0,1,0.8177573680877686,0.26849499344825745,0.5762374401092529,0.030114371329545975
29,41,True,0.007352941203862429,1,0.8181538581848145,0.26767730712890625,0.5760993361473083,0.030121561139822006
29,42,True,0.04411764815449715,1,0.8177125453948975,0.2667573392391205,0.5768918991088867,0.03022843413054943
29,43,True,0.08088235557079315,1,0.8190101385116577,0.26470693945884705,0.5774465799331665,0.030330659821629524
29,44,True,0.11764705926179886,1,0.8187582492828369,0.2638588547706604,0.5766205787658691,0.02996879257261753
29,45,True,0.15441176295280457,1,0.8199642896652222,0.2628243565559387,0.5752012729644775,0.029356971383094788
29,46,True,0.19117647409439087,1,0.8206800222396851,0.2617470920085907,0.5747174024581909,0.02907176874577999
29,47,True,0.22794117033481598,1,0.8220621347427368,0.2597155272960663,0.5745227336883545,0.029039300978183746
29,48,True,0.2647058963775635,1,0.8227795958518982,0.257387638092041,0.5745843648910522,0.02903635986149311
29,49,True,0.3014705777168274,1,0.8226774334907532,0.25569790601730347,0.5742934942245483,0.028859633952379227
29,50,True,0.3382352888584137,1,0.8227707743644714,0.2546367049217224,0.5738139748573303,0.028541311621665955
29,51,True,0.375,1,0.8225018978118896,0.2544345259666443,0.5741111636161804,0.02857678383588791
29,52,True,0.4117647111415863,1,0.822440505027771,0.25460630655288696,0.5738280415534973,0.02843567728996277
29,53,True,0.4485294222831726,1,0.8223261833190918,0.2538008689880371,0.5739402770996094,0.028421444818377495
29,54,True,0.4852941036224365,1,0.8234031200408936,0.2532293498516083,0.5737454891204834,0.028352996334433556
29,55,True,0.5220588445663452,1,0.8238008618354797,0.25330689549446106,0.5733940601348877,0.028243908658623695
29,56,True,0.5588235259056091,1,0.8259389996528625,0.2538864314556122,0.573025107383728,0.028154604136943817
29,57,True,0.595588207244873,1,0.8252495527267456,0.2540791630744934,0.5734691619873047,0.02822333388030529
29,58,True,0.6323529481887817,1,0.8251925110816956,0.2548595368862152,0.5734778642654419,0.02818998508155346
29,59,True,0.6691176295280457,1,0.8243056535720825,0.2558490037918091,0.5736209154129028,0.028240898624062538
29,60,True,0.7058823704719543,1,0.8238411545753479,0.25644227862358093,0.5735726356506348,0.02820194885134697
29,61,True,0.7426470518112183,1,0.8242998123168945,0.25535136461257935,0.5734624266624451,0.028087763115763664
29,62,True,0.779411792755127,1,0.8246221542358398,0.2545834183692932,0.5727865099906921,0.027805933728814125
29,63,True,0.8161764740943909,1,0.8250501155853271,0.2551162540912628,0.5728050470352173,0.027762770652770996
29,64,True,0.8529411554336548,1,0.8262948393821716,0.25353479385375977,0.5730639696121216,0.027835216373205185
29,65,True,0.8897058963775635,1,0.826528787612915,0.25213125348091125,0.5729554891586304,0.02781822346150875
29,66,True,0.9264705777168274,1,0.8260356187820435,0.25064316391944885,0.5718451142311096,0.02738347090780735
29,67,True,0.9632353186607361,1,0.8254337310791016,0.24976138770580292,0.5717997550964355,0.02711491286754608
29,68,True,1.0,1,0.8237793445587158,0.2526177167892456,0.5606750845909119,0.02224595844745636
29,69,True,1.0,1,0.8244491815567017,0.25062206387519836,0.5614544153213501,0.022491155192255974
29,70,True,1.0,1,0.8246644139289856,0.24977006018161774,0.5614719390869141,0.022524405270814896
29,71,True,1.0,1,0.8247381448745728,0.2494397610425949,0.5613529682159424,0.022538160905241966
29,72,True,1.0,1,0.8247483968734741,0.24929110705852509,0.5612682104110718,0.022525601089000702
29,73,True,1.0,1,0.8247480392456055,0.24920165538787842,0.5612152218818665,0.022508986294269562
29,74,True,1.0,1,0.8247444033622742,0.2492695152759552,0.5607503652572632,0.022400131449103355
29,75,True,1.0,1,0.8247418999671936,0.249259352684021,0.560775637626648,0.022409724071621895
29,76,True,1.0,1,0.8247447609901428,0.2492627203464508,0.560789942741394,0.022416070103645325
29,77,True,1.0,1,0.8247292637825012,0.249256893992424,0.5607738494873047,0.022412903606891632
29,78,True,1.0,1,0.8247326016426086,0.2492605745792389,0.5607818365097046,0.022413793951272964
29,79,True,1.0,1,0.8247306942939758,0.24926070868968964,0.560780942440033,0.02241416461765766
29,80,True,1.0,1,0.8247237801551819,0.2492537498474121,0.5607790946960449,0.02241256646811962
29,81,True,1.0,1,0.8247221112251282,0.2492557317018509,0.5607796907424927,0.022413628175854683
29,82,True,1.0,1,0.824748158454895,0.2495182454586029,0.56026291847229,0.022270826622843742
29,83,True,1.0,1,0.8247082233428955,0.249566912651062,0.5603158473968506,0.022277213633060455
29,84,True,1.0,1,0.824701189994812,0.2495744675397873,0.5603476762771606,0.022285131737589836
29,85,True,1.0,1,0.8246952295303345,0.24957647919654846,0.5603463649749756,0.022282525897026062
29,86,True,1.0,1,0.8246930837631226,0.24957235157489777,0.5603516101837158,0.02228185348212719
29,87,True,1.0,1,0.8246923685073853,0.24957363307476044,0.5603607892990112,0.022283382713794708
29,88,True,1.0,1,0.8246921300888062,0.24957627058029175,0.560359537601471,0.02228306606411934
29,89,True,1.0,1,0.8246928453445435,0.24957269430160522,0.5603586435317993,0.022283701226115227
29,90,True,1.0,1,0.8246384859085083,0.249797523021698,0.5598441362380981,0.022164080291986465
29,91,True,1.0,1,0.8246475458145142,0.2497985064983368,0.5598762035369873,0.022172585129737854
29,92,True,1.0,1,0.8246564865112305,0.2497873604297638,0.5599145889282227,0.02217753790318966
29,93,True,1.0,1,0.8246513605117798,0.24977551400661469,0.5599161386489868,0.022176817059516907
29,94,True,1.0,1,0.824651837348938,0.24978719651699066,0.5599201917648315,0.02217608503997326
29,95,True,1.0,1,0.824649453163147,0.24978232383728027,0.5599262714385986,0.022176386788487434
29,96,True,1.0,1,0.8246473073959351,0.24978654086589813,0.559929609298706,0.022176386788487434
29,97,True,1.0,1,0.8246484994888306,0.24978193640708923,0.5599298477172852,0.02217564545571804
29,98,True,1.0,1,0.8246214389801025,0.24992798268795013,0.559542179107666,0.022140834480524063
29,99,True,1.0,1,0.8246113061904907,0.2499191015958786,0.5596052408218384,0.022156735882163048
29,100,True,1.0,1,0.8246276378631592,0.24990366399288177,0.55961012840271,0.02215658314526081
29,101,True,1.0,1,0.8246263265609741,0.24989859759807587,0.5596218109130859,0.022157249972224236
29,102,False,0.0,1,0.8211548328399658,0.2669101655483246,0.5749654769897461,0.0289260596036911
29,103,False,0.0,1,0.8199531435966492,0.2678302526473999,0.5753302574157715,0.028847161680459976
29,104,False,0.0,1,0.8182229995727539,0.26954740285873413,0.5748822689056396,0.028630929067730904
29,105,False,0.0,1,0.8166712522506714,0.27101844549179077,0.5744829773902893,0.028467856347560883
29,106,False,0.0,1,0.8159133195877075,0.27235522866249084,0.574026346206665,0.028363743796944618
29,107,False,0.0,1,0.8156250715255737,0.273459792137146,0.57426917552948,0.02848883904516697
29,108,False,0.0,1,0.8154569864273071,0.2730659246444702,0.5741929411888123,0.028437230736017227
29,109,False,0.0,1,0.815244734287262,0.2724974751472473,0.5738615989685059,0.028336986899375916
29,110,False,0.0,1,0.8151463866233826,0.2715199291706085,0.5734858512878418,0.028195548802614212
29,111,False,0.0,1,0.8151791095733643,0.2704998254776001,0.5736088752746582,0.028215575963258743
29,112,False,0.0,1,0.8155913352966309,0.2696845233440399,0.5735524296760559,0.02820807322859764
29,113,False,0.0,1,0.8152616024017334,0.26964882016181946,0.5736062526702881,0.02824898436665535
29,114,False,0.0,1,0.8155012130737305,0.26956549286842346,0.5738452076911926,0.028418203815817833
29,115,False,0.0,1,0.8153851628303528,0.26938384771347046,0.5743077397346497,0.02858479879796505
29,116,False,0.0,1,0.8147885203361511,0.26930373907089233,0.5742056965827942,0.02857542783021927
29,117,False,0.0,1,0.8145935535430908,0.2698283791542053,0.574341893196106,0.0286340843886137
29,118,False,0.0,1,0.8146845698356628,0.2699298858642578,0.5741913318634033,0.028571058064699173
29,119,False,0.0,1,0.8144046068191528,0.2700597047805786,0.574254035949707,0.028599048033356667
29,120,False,0.0,1,0.8145053386688232,0.2702294588088989,0.5741869807243347,0.028602033853530884
29,121,False,0.0,1,0.8144871592521667,0.2703797221183777,0.5743346214294434,0.028657270595431328
29,122,False,0.0,1,0.8142728209495544,0.27054253220558167,0.5739412903785706,0.02853059582412243
29,123,False,0.0,1,0.8143346905708313,0.2704308331012726,0.5740699172019958,0.02857753448188305
29,124,False,0.0,1,0.8147302865982056,0.27017518877983093,0.5741342306137085,0.028597574681043625
29,125,False,0.0,1,0.8154345750808716,0.26980048418045044,0.5739620327949524,0.028536558151245117
29,126,False,0.0,1,0.8161236047744751,0.26968565583229065,0.573833167552948,0.028490060940384865
29,127,False,0.0,1,0.8164395093917847,0.269426167011261,0.5733349323272705,0.028303198516368866
29,128,False,0.0,1,0.8165743947029114,0.2693312466144562,0.5732811093330383,0.028258854523301125
29,129,False,0.0,1,0.8165206909179688,0.26962384581565857,0.5733428001403809,0.02824520319700241
29,130,False,0.0,1,0.816443681716919,0.26954832673072815,0.5734590291976929,0.02826894447207451
29,131,False,0.0,1,0.8166416883468628,0.26921239495277405,0.5736668109893799,0.028324754908680916
29,132,False,0.0,1,0.8164199590682983,0.2684426009654999,0.5736083984375,0.02828911878168583
29,133,False,0.0,1,0.8162954449653625,0.2677399814128876,0.573598325252533,0.02828557975590229
29,134,False,0.0,1,0.8162386417388916,0.26724281907081604,0.5736409425735474,0.028304854407906532
29,135,False,0.0,1,0.8163491487503052,0.2668195068836212,0.5736770629882812,0.028311658650636673
29,136,False,0.0,1,0.816724419593811,0.26649874448776245,0.5737874507904053,0.028355157002806664
30,0,False,0.0,0,0.7636635303497314,0.17474697530269623,0.5437630414962769,0.019750040024518967
30,1,False,0.0,1,0.8454744815826416,0.24631968140602112,0.5764977931976318,0.02949514426290989
30,2,False,0.0,1,0.8454866409301758,0.24576853215694427,0.5763344764709473,0.029447579756379128
30,3,False,0.0,1,0.8451189994812012,0.2455953061580658,0.5763391256332397,0.029435288161039352
30,4,False,0.0,1,0.8448800444602966,0.24581709504127502,0.5764045715332031,0.029464252293109894
30,5,False,0.0,1,0.8440098762512207,0.2462777942419052,0.5764412879943848,0.029462335631251335
30,6,False,0.0,1,0.8435453176498413,0.24649578332901,0.5765955448150635,0.029467035084962845
30,7,False,0.0,1,0.8432809114456177,0.24675016105175018,0.5765950083732605,0.029405446723103523
30,8,False,0.0,1,0.8431311845779419,0.24684765934944153,0.5763678550720215,0.029289204627275467
30,9,False,0.0,1,0.8428727388381958,0.2471025437116623,0.5766822695732117,0.029355736449360847
30,10,False,0.0,1,0.8426700234413147,0.24731124937534332,0.5767751932144165,0.02941557951271534
30,11,False,0.0,1,0.8414307832717896,0.24781189858913422,0.5764594674110413,0.029308810830116272
30,12,False,0.0,1,0.8405604362487793,0.24819009006023407,0.5765904188156128,0.02936377003788948
30,13,False,0.0,1,0.8391851186752319,0.24895857274532318,0.5767617225646973,0.029426435008645058
30,14,False,0.0,1,0.8376542329788208,0.25012150406837463,0.5764756202697754,0.029328977689146996
30,15,False,0.0,1,0.8364197015762329,0.25099050998687744,0.5766157507896423,0.029388543218374252
30,16,False,0.0,1,0.8340171575546265,0.2525101602077484,0.5765101909637451,0.029315993189811707
30,17,False,0.0,1,0.8319962024688721,0.2539603114128113,0.5764936804771423,0.02934115380048752
30,18,False,0.0,1,0.8299028873443604,0.2552080452442169,0.5766931772232056,0.029456118121743202
30,19,False,0.0,1,0.8286975622177124,0.2558371126651764,0.5765989422798157,0.029448140412569046
30,20,False,0.0,1,0.8279367685317993,0.2564048171043396,0.5763152241706848,0.0294016283005476
30,21,False,0.0,1,0.8270756602287292,0.2569586932659149,0.5755427479743958,0.029160814359784126
30,22,False,0.0,1,0.8259083032608032,0.2578871548175812,0.575180172920227,0.028989017009735107
30,23,False,0.0,1,0.825153112411499,0.25921642780303955,0.5747584104537964,0.028821783140301704
30,24,False,0.0,1,0.8245525360107422,0.26102691888809204,0.5743027925491333,0.02869124710559845
30,25,False,0.0,1,0.8241841793060303,0.2626662254333496,0.574737548828125,0.028876999393105507
30,26,False,0.0,1,0.8233543634414673,0.2638337016105652,0.5745341777801514,0.028821956366300583
30,27,False,0.0,1,0.8221126198768616,0.2651956081390381,0.5739537477493286,0.028559384867548943
30,28,False,0.0,1,0.8204872608184814,0.2666788399219513,0.5743100047111511,0.02866034209728241
30,29,True,0.042553190141916275,1,0.8191694021224976,0.2672587037086487,0.5733489990234375,0.028378400951623917
30,30,True,0.09574468433856964,1,0.8187934160232544,0.2643200159072876,0.5736783146858215,0.028403140604496002
30,31,True,0.1489361673593521,1,0.8192563056945801,0.2634957432746887,0.5742164254188538,0.028578195720911026
30,32,True,0.20212766528129578,1,0.8177052736282349,0.26336032152175903,0.5737385749816895,0.02843804471194744
30,33,True,0.25531914830207825,1,0.8236160278320312,0.2564047574996948,0.5737868547439575,0.02864573895931244
30,34,True,0.3085106313228607,1,0.8236984014511108,0.2545040547847748,0.5746608376502991,0.029054442420601845
30,35,True,0.3617021143436432,1,0.8266213536262512,0.2525356411933899,0.5739419460296631,0.02879977412521839
30,36,True,0.41489362716674805,1,0.8268846273422241,0.2516835629940033,0.5732841491699219,0.028454992920160294
30,37,True,0.4680851101875305,1,0.8242653608322144,0.25215500593185425,0.5732051134109497,0.028428900986909866
30,38,True,0.521276593208313,1,0.8261206150054932,0.2513299882411957,0.5732512474060059,0.028431061655282974
30,39,True,0.5744680762290955,1,0.8272193670272827,0.25202247500419617,0.5734105110168457,0.02846599370241165
30,40,True,0.6276595592498779,1,0.8261462450027466,0.25274911522865295,0.5726847052574158,0.028188595548272133
30,41,True,0.6808510422706604,1,0.8262232542037964,0.2529497742652893,0.5737169981002808,0.028602268546819687
30,42,True,0.7340425252914429,1,0.8261093497276306,0.2530127763748169,0.5735554695129395,0.028518179431557655
30,43,True,0.7872340679168701,1,0.8249287605285645,0.25330978631973267,0.5737142562866211,0.028633516281843185
30,44,True,0.8404255509376526,1,0.8251928687095642,0.25262707471847534,0.5741894841194153,0.028845829889178276
30,45,True,0.8936170339584351,1,0.826004147529602,0.25260213017463684,0.5732630491256714,0.02844008430838585
30,46,True,0.9468085169792175,1,0.8267008066177368,0.2520032525062561,0.572160542011261,0.02795376069843769
30,47,True,1.0,1,0.8248550295829773,0.2523314654827118,0.5588600635528564,0.02253260649740696
30,48,True,1.0,1,0.8256897926330566,0.25078797340393066,0.5594523549079895,0.02273961342871189
30,49,True,1.0,1,0.8261265754699707,0.2501705288887024,0.5599121451377869,0.022900724783539772
30,50,True,1.0,1,0.8262046575546265,0.25000014901161194,0.5598585605621338,0.022917592898011208
30,51,True,1.0,1,0.8262307643890381,0.2499178647994995,0.559800922870636,0.02290785312652588
30,52,True,1.0,1,0.8262566328048706,0.24990305304527283,0.5597596168518066,0.022902561351656914
30,53,True,1.0,1,0.8262488842010498,0.24986869096755981,0.559754490852356,0.02290351502597332
30,54,True,1.0,1,0.8262591361999512,0.2498723864555359,0.559746265411377,0.022902345284819603
30,55,True,1.0,1,0.8262655735015869,0.24987442791461945,0.5597294569015503,0.022901764139533043
30,56,True,1.0,1,0.826270341873169,0.2498794049024582,0.5597219467163086,0.022899441421031952
30,57,True,1.0,1,0.8262757062911987,0.2497800588607788,0.5602694749832153,0.02303246781229973
30,58,True,1.0,1,0.8262985944747925,0.2497732937335968,0.5603392124176025,0.023048676550388336
30,59,True,1.0,1,0.8263005018234253,0.24976913630962372,0.5603614449501038,0.023052765056490898
30,60,True,1.0,1,0.8263000249862671,0.24976907670497894,0.5603725910186768,0.02305706962943077
30,61,True,1.0,1,0.8262964487075806,0.24976880848407745,0.560379147529602,0.023056814447045326
30,62,True,1.0,1,0.8262971639633179,0.24976980686187744,0.5603804588317871,0.02305734157562256
30,63,True,1.0,1,0.8262981176376343,0.2497698962688446,0.5603772401809692,0.02305598184466362
30,64,True,1.0,1,0.8262976408004761,0.24977140128612518,0.5603768825531006,0.023055359721183777
30,65,True,1.0,1,0.826484203338623,0.24978388845920563,0.560798168182373,0.023157687857747078
30,66,True,1.0,1,0.8264850378036499,0.24981528520584106,0.5608407855033875,0.023172734305262566
30,67,True,1.0,1,0.8264774084091187,0.24981087446212769,0.560844898223877,0.023174850270152092
30,68,True,1.0,1,0.8264743089675903,0.24980901181697845,0.5608441829681396,0.023177582770586014
30,69,True,1.0,1,0.8264776468276978,0.24981030821800232,0.5608577728271484,0.023182351142168045
30,70,True,1.0,1,0.8264833688735962,0.24980998039245605,0.5608639121055603,0.023182030767202377
30,71,False,0.0,1,0.8198686838150024,0.2662304639816284,0.577307939529419,0.0308572705835104
30,72,False,0.0,1,0.8165094256401062,0.2683520019054413,0.5775907039642334,0.03076000325381756
30,73,False,0.0,1,0.8137130737304688,0.2704901695251465,0.5784683227539062,0.031333569437265396
30,74,False,0.0,1,0.8129017949104309,0.27208462357521057,0.5779944658279419,0.031084641814231873
30,75,False,0.0,1,0.8119642734527588,0.27381765842437744,0.5786569118499756,0.03129412233829498
30,76,False,0.0,1,0.8118802905082703,0.2737010717391968,0.5789982080459595,0.031356170773506165
30,77,False,0.0,1,0.8117786049842834,0.2734042704105377,0.579617977142334,0.03154713660478592
30,78,False,0.0,1,0.8109561204910278,0.27413028478622437,0.5800008773803711,0.03169497102499008
30,79,False,0.0,1,0.810983419418335,0.2737783193588257,0.5799196362495422,0.031660620123147964
30,80,False,0.0,1,0.81151282787323,0.2739255726337433,0.5796501040458679,0.03163496032357216
30,81,False,0.0,1,0.8121883869171143,0.27278637886047363,0.5793808698654175,0.03177325427532196
30,82,False,0.0,1,0.8134250640869141,0.2712443768978119,0.5786654949188232,0.03155733644962311
30,83,False,0.0,1,0.8145940899848938,0.2694401443004608,0.5787051916122437,0.03164359927177429
30,84,False,0.0,1,0.8156319260597229,0.2685525119304657,0.579250693321228,0.03183556720614433
30,85,False,0.0,1,0.8167665004730225,0.26725655794143677,0.5794556736946106,0.03188517689704895
30,86,False,0.0,1,0.8165167570114136,0.26698485016822815,0.5791847109794617,0.031819846481084824
30,87,False,0.0,1,0.8162121772766113,0.2668881118297577,0.5791445970535278,0.031791266053915024
30,88,False,0.0,1,0.816035807132721,0.2669646441936493,0.5790143013000488,0.03173172473907471
30,89,False,0.0,1,0.8158807754516602,0.26748740673065186,0.5786088705062866,0.03180760517716408
30,90,False,0.0,1,0.8162767887115479,0.26761889457702637,0.5784822702407837,0.03177667781710625
30,91,False,0.0,1,0.8165884017944336,0.26770251989364624,0.5787181854248047,0.03182949498295784
30,92,False,0.0,1,0.8162033557891846,0.26771870255470276,0.5788922905921936,0.031847041100263596
30,93,False,0.0,1,0.815960168838501,0.26740163564682007,0.5792803168296814,0.03203687071800232
30,94,False,0.0,1,0.8158407807350159,0.2673657238483429,0.5794194936752319,0.03210064396262169
31,0,False,0.0,0,0.7359219789505005,0.1892392337322235,0.5450847148895264,0.02185513824224472
31,1,False,0.0,1,0.8348197937011719,0.2558218836784363,0.5807086229324341,0.032877299934625626
31,2,False,0.0,1,0.8351646065711975,0.25569260120391846,0.5806919932365417,0.033012039959430695
31,3,False,0.0,1,0.8361667394638062,0.2548728585243225,0.5807394981384277,0.03304100036621094
31,4,False,0.0,1,0.836603045463562,0.2544618546962738,0.5809768438339233,0.03318058326840401
31,5,False,0.0,1,0.8383257389068604,0.25367823243141174,0.5815088748931885,0.03347739204764366
31,6,False,0.0,1,0.8388063907623291,0.25328758358955383,0.581541895866394,0.03352576121687889
31,7,False,0.0,1,0.8388947248458862,0.25299713015556335,0.5817719101905823,0.03363443911075592
31,8,False,0.0,1,0.839301586151123,0.25278666615486145,0.5814166069030762,0.033521633595228195
31,9,False,0.0,1,0.8401241302490234,0.25220680236816406,0.581110954284668,0.03342802822589874
31,10,False,0.0,1,0.8402942419052124,0.25221511721611023,0.5811086893081665,0.033531662076711655
31,11,False,0.0,1,0.8407973051071167,0.2518908381462097,0.5806078910827637,0.03336191922426224
31,12,False,0.0,1,0.8414658308029175,0.2514795660972595,0.5804957747459412,0.03337184712290764
31,13,False,0.0,1,0.841549277305603,0.25143542885780334,0.5807314515113831,0.03351643308997154
31,14,False,0.0,1,0.8419179320335388,0.25107234716415405,0.5805217027664185,0.03348154202103615
31,15,False,0.0,1,0.8424050807952881,0.2505125105381012,0.580535888671875,0.03353273496031761
31,16,False,0.0,1,0.8424893617630005,0.25002872943878174,0.5802933573722839,0.03341744840145111
31,17,False,0.0,1,0.842556357383728,0.2500155568122864,0.5798662900924683,0.03323136642575264
31,18,False,0.0,1,0.8422902822494507,0.25025925040245056,0.5793935060501099,0.033077556639909744
31,19,False,0.0,1,0.8418369293212891,0.2505253553390503,0.5790964365005493,0.03301585838198662
31,20,False,0.0,1,0.8408337235450745,0.2512206733226776,0.5791463851928711,0.0331464484333992
31,21,False,0.0,1,0.8401072025299072,0.25178152322769165,0.5794559717178345,0.03322804719209671
31,22,False,0.0,1,0.8386799097061157,0.252331405878067,0.5797795057296753,0.03328169509768486
31,23,False,0.0,1,0.8381041288375854,0.25293439626693726,0.5795753002166748,0.03319331631064415
31,24,False,0.0,1,0.8380654454231262,0.25290143489837646,0.5793474912643433,0.03311637416481972
31,25,False,0.0,1,0.8376983404159546,0.2531224489212036,0.5792028903961182,0.03306598961353302
31,26,False,0.0,1,0.8370924592018127,0.2532355487346649,0.579074501991272,0.03291993960738182
31,27,False,0.0,1,0.8368528485298157,0.25352001190185547,0.5792899131774902,0.032997168600559235
31,28,False,0.0,1,0.836236834526062,0.25407904386520386,0.5790573358535767,0.0329178161919117
31,29,False,0.0,1,0.8350933194160461,0.2548559010028839,0.5792350769042969,0.03300866112112999
31,30,False,0.0,1,0.8341250419616699,0.25601452589035034,0.5793874859809875,0.033090971410274506
31,31,False,0.0,1,0.8327493667602539,0.2571771740913391,0.5794801712036133,0.033103927969932556
31,32,False,0.0,1,0.8313121795654297,0.2586977183818817,0.5796648263931274,0.03321000188589096
31,33,False,0.0,1,0.8296737670898438,0.2606038451194763,0.5797219276428223,0.03323990851640701
31,34,False,0.0,1,0.8275036811828613,0.26292335987091064,0.5793466567993164,0.032921772450208664
31,35,False,0.0,1,0.8256033658981323,0.26533323526382446,0.5793958306312561,0.03295012563467026
31,36,False,0.0,1,0.8242546319961548,0.26777246594429016,0.5794239640235901,0.03296583145856857
31,37,False,0.0,1,0.8220410346984863,0.2700043320655823,0.5793675184249878,0.03291036933660507
31,38,False,0.0,1,0.8205554485321045,0.2717018127441406,0.5794670581817627,0.032979417592287064
31,39,False,0.0,1,0.8192610144615173,0.2728261351585388,0.5797865986824036,0.033065106719732285
31,40,False,0.0,1,0.8179172873497009,0.2742394208908081,0.5799226760864258,0.033122625201940536
31,41,False,0.0,1,0.8164522051811218,0.2758850157260895,0.5801575183868408,0.03321536257863045
31,42,False,0.0,1,0.8156436681747437,0.27632206678390503,0.5799220204353333,0.03298509865999222
31,43,False,0.0,1,0.8150347471237183,0.2769068777561188,0.579631507396698,0.0327843613922596
31,44,True,0.02777777798473835,1,0.8156110048294067,0.2753603458404541,0.5783418416976929,0.03222603723406792
31,45,True,0.0625,1,0.8146328330039978,0.2746856212615967,0.5783331394195557,0.03205525502562523
31,46,True,0.0972222238779068,1,0.815418541431427,0.27320635318756104,0.5791658163070679,0.03228302299976349
31,47,True,0.1319444477558136,1,0.8145606517791748,0.2725641131401062,0.5794858932495117,0.03237450122833252
31,48,True,0.1666666716337204,1,0.8146806955337524,0.2719171643257141,0.579673171043396,0.03241080790758133
31,49,True,0.2013888955116272,1,0.8151717782020569,0.27100852131843567,0.5798662900924683,0.03246108815073967
31,50,True,0.2361111044883728,1,0.8152636289596558,0.2700096666812897,0.5794790983200073,0.032150715589523315
31,51,True,0.2708333432674408,1,0.814853310585022,0.26971155405044556,0.5786768794059753,0.03185468912124634
31,52,True,0.3055555522441864,1,0.814213752746582,0.2710167169570923,0.5782346725463867,0.03167426213622093
31,53,True,0.3402777910232544,1,0.8143137097358704,0.27124783396720886,0.5775837898254395,0.03143966943025589
31,54,True,0.375,1,0.815300464630127,0.27007415890693665,0.5772463083267212,0.031298406422138214
31,55,True,0.4097222089767456,1,0.8162235021591187,0.26926252245903015,0.5772264003753662,0.03126969188451767
31,56,True,0.4444444477558136,1,0.816653847694397,0.2689407765865326,0.5765653848648071,0.030996106564998627
31,57,True,0.4791666567325592,1,0.818802535533905,0.2667679190635681,0.5756431818008423,0.030519969761371613
31,58,True,0.5138888955116272,1,0.8208320736885071,0.26471999287605286,0.5756433606147766,0.030339166522026062
31,59,True,0.5486111044883728,1,0.8217841386795044,0.2637288272380829,0.5760238766670227,0.030471015721559525
31,60,True,0.5833333134651184,1,0.822130560874939,0.26299914717674255,0.5753816962242126,0.030223509296774864
31,61,True,0.6180555820465088,1,0.8225152492523193,0.262342631816864,0.5750393271446228,0.030062276870012283
31,62,True,0.6527777910232544,1,0.8226329684257507,0.2617168724536896,0.5745759010314941,0.029825227335095406
31,63,True,0.6875,1,0.8229010105133057,0.26114365458488464,0.5742359757423401,0.029734062030911446
31,64,True,0.7222222089767456,1,0.8230883479118347,0.26010507345199585,0.5738940834999084,0.029612787067890167
31,65,True,0.7569444179534912,1,0.8234415650367737,0.25951477885246277,0.5735594630241394,0.029473330825567245
31,66,True,0.7916666865348816,1,0.8241795301437378,0.25849395990371704,0.5732972621917725,0.029199395328760147
31,67,True,0.8263888955116272,1,0.8249660730361938,0.25761425495147705,0.5736198425292969,0.02933182194828987
31,68,True,0.8611111044883728,1,0.824404776096344,0.2564564645290375,0.5739262700080872,0.029393445700407028
31,69,True,0.8958333134651184,1,0.8252778053283691,0.25401610136032104,0.5747789740562439,0.029736025258898735
31,70,True,0.9305555820465088,1,0.8250871300697327,0.25285762548446655,0.5734527111053467,0.029142413288354874
31,71,True,0.9652777910232544,1,0.8256498575210571,0.25121569633483887,0.5730375051498413,0.028828654438257217
31,72,True,1.0,1,0.8245521783828735,0.2530401647090912,0.5599986910820007,0.022877581417560577
31,73,True,1.0,1,0.825252890586853,0.2518159747123718,0.5607526302337646,0.023183932527899742
31,74,True,1.0,1,0.8253674507141113,0.25161686539649963,0.561308741569519,0.023446859791874886
31,75,True,1.0,1,0.825395941734314,0.2515900135040283,0.5611904859542847,0.023454176262021065
31,76,True,1.0,1,0.825404167175293,0.2515898644924164,0.5611177682876587,0.02345285750925541
31,77,True,1.0,1,0.8254097104072571,0.2516004741191864,0.5610669851303101,0.023447491228580475
31,78,True,1.0,1,0.8254150152206421,0.25160476565361023,0.5610313415527344,0.02344707027077675
31,79,True,1.0,1,0.8254169225692749,0.25160935521125793,0.5610263347625732,0.023448120802640915
31,80,True,1.0,1,0.82541823387146,0.25160402059555054,0.561017632484436,0.02344207465648651
31,81,True,1.0,1,0.825420618057251,0.251607745885849,0.5610122680664062,0.02344202622771263
31,82,True,1.0,1,0.8254036903381348,0.2515859603881836,0.5614829063415527,0.023594336584210396
31,83,True,1.0,1,0.8254119157791138,0.25158223509788513,0.5614891052246094,0.0236013513058424
31,84,True,1.0,1,0.8254069089889526,0.25157955288887024,0.5614832639694214,0.023606253787875175
31,85,True,1.0,1,0.8254058361053467,0.2515788674354553,0.5614833831787109,0.023605668917298317
31,86,True,1.0,1,0.8254070281982422,0.25156524777412415,0.5614917278289795,0.023607229813933372
31,87,True,1.0,1,0.8254063129425049,0.2515651285648346,0.5614895820617676,0.023607201874256134
31,88,True,1.0,1,0.8254050016403198,0.2515667974948883,0.561488151550293,0.02360733598470688
31,89,True,1.0,1,0.8254039287567139,0.2515636682510376,0.5614902377128601,0.023608354851603508
31,90,True,1.0,1,0.8254212737083435,0.25142937898635864,0.5619102716445923,0.023745128884911537
31,91,True,1.0,1,0.8253999352455139,0.25141289830207825,0.5619370937347412,0.023758888244628906
31,92,True,1.0,1,0.8253992199897766,0.25141212344169617,0.561951756477356,0.023766223341226578
31,93,True,1.0,1,0.82541823387146,0.2514241635799408,0.5619532465934753,0.0237711314111948
31,94,True,1.0,1,0.825415849685669,0.25142282247543335,0.5619641542434692,0.02377341128885746
31,95,True,1.0,1,0.8254191875457764,0.2514226734638214,0.5619648694992065,0.02377600222826004
31,96,True,1.0,1,0.8254172801971436,0.2514247000217438,0.5619634389877319,0.023774856701493263
31,97,True,1.0,1,0.8254168033599854,0.2514267563819885,0.5619638562202454,0.02377588115632534
31,98,True,1.0,1,0.8253931999206543,0.2511778771877289,0.5621352195739746,0.02384164184331894
31,99,True,1.0,1,0.8254052400588989,0.25119003653526306,0.5621782541275024,0.023859983310103416
31,100,True,1.0,1,0.8254021406173706,0.2511856257915497,0.5622162818908691,0.023866616189479828
31,101,True,1.0,1,0.8253954648971558,0.2511758804321289,0.5622186660766602,0.023869933560490608
31,102,True,1.0,1,0.825390100479126,0.2511754631996155,0.5622189044952393,0.023871617391705513
31,103,True,1.0,1,0.82538902759552,0.2511701285839081,0.5622172355651855,0.02386990748345852
31,104,True,1.0,1,0.8253896236419678,0.2511766254901886,0.5622184872627258,0.023870058357715607
31,105,True,1.0,1,0.8253886699676514,0.2511686384677887,0.562219500541687,0.023869100958108902
31,106,True,1.0,1,0.8254618644714355,0.2508915066719055,0.5619894862174988,0.02384221740067005
31,107,True,1.0,1,0.8254581689834595,0.2508953809738159,0.5620608329772949,0.023872338235378265
31,108,False,0.0,1,0.8263663053512573,0.26344701647758484,0.5756109952926636,0.030984995886683464
31,109,False,0.0,1,0.8260515332221985,0.26371896266937256,0.5755839347839355,0.03069077990949154
31,110,False,0.0,1,0.8250391483306885,0.2644960284233093,0.5753412246704102,0.030522260814905167
31,111,False,0.0,1,0.8238711953163147,0.26559069752693176,0.5748056173324585,0.03023516573011875
31,112,False,0.0,1,0.8232353329658508,0.26583823561668396,0.5747722387313843,0.030189134180545807
31,113,False,0.0,1,0.8228487968444824,0.2658064663410187,0.5741427540779114,0.029925042763352394
31,114,False,0.0,1,0.8221078515052795,0.2661397159099579,0.5734919309616089,0.029749123379588127
31,115,False,0.0,1,0.8211669921875,0.2671578824520111,0.5740492343902588,0.029924891889095306
31,116,False,0.0,1,0.8200727701187134,0.26793521642684937,0.5740865468978882,0.029918015003204346
31,117,False,0.0,1,0.8177347779273987,0.2691611647605896,0.5737440586090088,0.02973657101392746
31,118,False,0.0,1,0.8165540099143982,0.2704492509365082,0.5737385749816895,0.02973606064915657
31,119,False,0.0,1,0.814807653427124,0.2709496021270752,0.5744988322257996,0.03002290241420269
31,120,False,0.0,1,0.8138512372970581,0.27075597643852234,0.5743205547332764,0.029931509867310524
31,121,False,0.0,1,0.8134809732437134,0.27106973528862,0.5749192237854004,0.030111098662018776
31,122,False,0.0,1,0.8127077221870422,0.27204763889312744,0.5752568244934082,0.03025093302130699
31,123,False,0.0,1,0.8118299245834351,0.2732730507850647,0.5752291679382324,0.030216583982110023
31,124,False,0.0,1,0.8119338750839233,0.2734677791595459,0.575310468673706,0.030220195651054382
31,125,False,0.0,1,0.8132829666137695,0.27276456356048584,0.5751675367355347,0.030121084302663803
31,126,False,0.0,1,0.8136924505233765,0.2719729542732239,0.5753244161605835,0.030191570520401
31,127,False,0.0,1,0.8138436079025269,0.2703896462917328,0.5751597881317139,0.03017066791653633
31,128,False,0.0,1,0.812648355960846,0.2710915803909302,0.5752471685409546,0.030306102707982063
31,129,False,0.0,1,0.8123816251754761,0.27109605073928833,0.5753011703491211,0.030346741899847984
31,130,False,0.0,1,0.812405526638031,0.2709873616695404,0.575025200843811,0.030141625553369522
31,131,False,0.0,1,0.8123707175254822,0.27095964550971985,0.5750662088394165,0.030176157131791115
31,132,False,0.0,1,0.8122978210449219,0.2710886299610138,0.5749237537384033,0.030142338946461678
31,133,False,0.0,1,0.8125077486038208,0.2711039185523987,0.5747575163841248,0.03011017106473446
31,134,False,0.0,1,0.8123635649681091,0.2710534632205963,0.5746046304702759,0.030075490474700928
31,135,False,0.0,1,0.8154628872871399,0.27030378580093384,0.5742262601852417,0.02990647964179516
31,136,False,0.0,1,0.8178943395614624,0.26954570412635803,0.573738694190979,0.029654650017619133
31,137,False,0.0,1,0.8185067176818848,0.2693210244178772,0.5733426809310913,0.029503952711820602
31,138,False,0.0,1,0.8187851905822754,0.2697872221469879,0.5735227465629578,0.029481729492545128
31,139,False,0.0,1,0.8192430138587952,0.26978904008865356,0.5739562511444092,0.02956729382276535
31,140,False,0.0,1,0.8191468119621277,0.2700718939304352,0.5740519762039185,0.029589923098683357
31,141,False,0.0,1,0.8194432258605957,0.26990699768066406,0.5742219686508179,0.029664503410458565
31,142,False,0.0,1,0.819353461265564,0.27010494470596313,0.5742783546447754,0.029695503413677216
31,143,False,0.0,1,0.8189951777458191,0.2700761556625366,0.5743772983551025,0.02974786050617695
31,144,False,0.0,1,0.8189107775688171,0.27018195390701294,0.5743729472160339,0.0297438595443964
32,0,False,0.0,0,0.7569211721420288,0.18252693116664886,0.539667010307312,0.018628491088747978
32,1,False,0.0,1,0.8398852348327637,0.2531226575374603,0.5753880143165588,0.030000116676092148
32,2,False,0.0,1,0.8402540683746338,0.2526860237121582,0.5752890706062317,0.029942309483885765
32,3,False,0.0,1,0.8415538668632507,0.2511501610279083,0.5751504302024841,0.029872313141822815
32,4,False,0.0,1,0.8430845737457275,0.25002729892730713,0.5754828453063965,0.029978953301906586
32,5,False,0.0,1,0.8435838222503662,0.24952490627765656,0.5756036043167114,0.030009940266609192
32,6,False,0.0,1,0.8440057039260864,0.24943684041500092,0.5756539106369019,0.029957767575979233
32,7,False,0.0,1,0.8443003296852112,0.24922727048397064,0.5756474733352661,0.029925815761089325
32,8,False,0.0,1,0.844419002532959,0.2487873136997223,0.5756508708000183,0.029921337962150574
32,9,False,0.0,1,0.8451659679412842,0.24805715680122375,0.5762697458267212,0.02998538874089718
32,10,False,0.0,1,0.8454780578613281,0.24764154851436615,0.5760068893432617,0.02988332509994507
32,11,False,0.0,1,0.8455718755722046,0.24762919545173645,0.5759596824645996,0.0299147367477417
32,12,False,0.0,1,0.8452703356742859,0.24801428616046906,0.5760606527328491,0.029952198266983032
32,13,False,0.0,1,0.8454117178916931,0.24836497008800507,0.5759972333908081,0.029921313747763634
32,14,False,0.0,1,0.8452795743942261,0.2489006668329239,0.5760254859924316,0.029924022033810616
32,15,False,0.0,1,0.8444079160690308,0.24964343011379242,0.5756790637969971,0.02978135459125042
32,16,False,0.0,1,0.8439168930053711,0.2501596212387085,0.5754692554473877,0.029701510444283485
32,17,False,0.0,1,0.8427507877349854,0.25093212723731995,0.5756466388702393,0.029537994414567947
32,18,False,0.0,1,0.8414767980575562,0.2517039477825165,0.5758084058761597,0.029612068086862564
32,19,False,0.0,1,0.8393054008483887,0.25276169180870056,0.575446605682373,0.02951853722333908
32,20,False,0.0,1,0.8369990587234497,0.253988116979599,0.5753422975540161,0.02948593534529209
32,21,False,0.0,1,0.8342033624649048,0.2555861175060272,0.5752450227737427,0.02946990542113781
32,22,False,0.0,1,0.8324731588363647,0.25700655579566956,0.5752574801445007,0.02950984053313732
32,23,False,0.0,1,0.8303859829902649,0.25876396894454956,0.575023889541626,0.029445158317685127
32,24,False,0.0,1,0.8287160396575928,0.2604861855506897,0.5750535726547241,0.029535390436649323
32,25,False,0.0,1,0.827217161655426,0.26300784945487976,0.575963020324707,0.02964160591363907
32,26,False,0.0,1,0.8251152038574219,0.2654942572116852,0.5760331749916077,0.029634522274136543
32,27,False,0.0,1,0.8230523467063904,0.26736271381378174,0.5761741995811462,0.029672399163246155
32,28,False,0.0,1,0.8210549354553223,0.2699589431285858,0.5762418508529663,0.029691172763705254
32,29,False,0.0,1,0.8196452260017395,0.2709173560142517,0.5761730670928955,0.0296426173299551
32,30,False,0.0,1,0.8185516595840454,0.2715189754962921,0.575713038444519,0.02949879691004753
32,31,False,0.0,1,0.8170017600059509,0.27253562211990356,0.5761442184448242,0.02966926433146
32,32,True,0.02380952425301075,1,0.8174583911895752,0.2722598612308502,0.5757894515991211,0.02952779456973076
32,33,True,0.0714285746216774,1,0.8186609745025635,0.27102574706077576,0.5764226913452148,0.029552433639764786
32,34,True,0.1190476194024086,1,0.8246378302574158,0.26091212034225464,0.5759243965148926,0.029331613332033157
32,35,True,0.1666666716337204,1,0.8257648348808289,0.2581719160079956,0.5759828090667725,0.029440030455589294
32,36,True,0.2142857164144516,1,0.8255007266998291,0.2559478282928467,0.577170193195343,0.0299217626452446
32,37,True,0.261904776096344,1,0.8251115083694458,0.2560531795024872,0.5777873992919922,0.030121268704533577
32,38,True,0.3095238208770752,1,0.824357271194458,0.2569715082645416,0.57725989818573,0.029804160818457603
32,39,True,0.3571428656578064,1,0.824194610118866,0.25690382719039917,0.5768969655036926,0.029647497460246086
32,40,True,0.4047619104385376,1,0.8241441249847412,0.25645098090171814,0.5771884918212891,0.029747402295470238
32,41,True,0.4523809552192688,1,0.8242550492286682,0.25653624534606934,0.5776679515838623,0.029674703255295753
32,42,True,0.5,1,0.8237963914871216,0.25671887397766113,0.577426016330719,0.02956249937415123
32,43,True,0.5476190447807312,1,0.8230397701263428,0.2570186257362366,0.5775526762008667,0.029612291604280472
32,44,True,0.5952380895614624,1,0.823250412940979,0.25640177726745605,0.5775680541992188,0.02960996888577938
32,45,True,0.6428571343421936,1,0.823176383972168,0.2562301754951477,0.5777425765991211,0.02969854138791561
32,46,True,0.6904761791229248,1,0.8232191205024719,0.255921870470047,0.5781958103179932,0.029885761439800262
32,47,True,0.738095223903656,1,0.82402503490448,0.2556705176830292,0.5774941444396973,0.02956538461148739
32,48,True,0.7857142686843872,1,0.8245171308517456,0.2551986873149872,0.577019214630127,0.029407614842057228
32,49,True,0.8333333134651184,1,0.8242751955986023,0.25513172149658203,0.5775412321090698,0.029477538540959358
32,50,True,0.8809523582458496,1,0.8243789672851562,0.255155086517334,0.5765955448150635,0.029061369597911835
32,51,True,0.9285714030265808,1,0.8267583847045898,0.2534008026123047,0.5758394002914429,0.028730418533086777
32,52,True,0.976190447807312,1,0.8263876438140869,0.25184011459350586,0.5741556882858276,0.027844227850437164
32,53,True,1.0,1,0.8253368139266968,0.25242379307746887,0.5608125925064087,0.022551577538251877
32,54,True,1.0,1,0.8262665271759033,0.2503027319908142,0.5614746809005737,0.022751422598958015
32,55,True,1.0,1,0.8266040086746216,0.24930934607982635,0.5614821910858154,0.022785622626543045
32,56,True,1.0,1,0.8267724514007568,0.24890077114105225,0.5613750219345093,0.022778941318392754
32,57,True,1.0,1,0.8268947005271912,0.24893102049827576,0.5619723796844482,0.022879770025610924
32,58,True,1.0,1,0.826911211013794,0.248861625790596,0.561955988407135,0.022871362045407295
32,59,True,1.0,1,0.8269120454788208,0.24882854521274567,0.5619438886642456,0.022866345942020416
32,60,True,1.0,1,0.8269098997116089,0.24882860481739044,0.5619374513626099,0.022864464670419693
32,61,True,1.0,1,0.8269054889678955,0.24880892038345337,0.5619286298751831,0.022864224389195442
32,62,True,1.0,1,0.8269048929214478,0.24880453944206238,0.5619140863418579,0.022858597338199615
32,63,True,1.0,1,0.8269113302230835,0.2487996369600296,0.5619098544120789,0.02285851538181305
32,64,True,1.0,1,0.8269060850143433,0.2488032877445221,0.5619105100631714,0.02285880781710148
32,65,True,1.0,1,0.8269006609916687,0.24890701472759247,0.5625532269477844,0.023013390600681305
32,66,True,1.0,1,0.826897144317627,0.2489003688097,0.5625831484794617,0.023009756579995155
32,67,True,1.0,1,0.8269055485725403,0.248914897441864,0.5625996589660645,0.02300906926393509
32,68,True,1.0,1,0.8269016742706299,0.248916894197464,0.562597930431366,0.0230109766125679
32,69,True,1.0,1,0.8269020318984985,0.24891114234924316,0.5626009702682495,0.023011721670627594
32,70,True,1.0,1,0.8269002437591553,0.24891629815101624,0.5625979900360107,0.02301032654941082
32,71,True,1.0,1,0.8269006013870239,0.24890707433223724,0.5625942945480347,0.023010868579149246
32,72,True,1.0,1,0.8268989324569702,0.24890877306461334,0.5625958442687988,0.023009562864899635
32,73,True,1.0,1,0.8268711566925049,0.24896466732025146,0.5634396076202393,0.023310059681534767
32,74,True,1.0,1,0.8268593549728394,0.24896098673343658,0.5634706020355225,0.023305563256144524
32,75,True,1.0,1,0.8268619775772095,0.2489667683839798,0.5634924173355103,0.023308472707867622
32,76,True,1.0,1,0.8268598318099976,0.2489669919013977,0.563504159450531,0.02330886386334896
32,77,True,1.0,1,0.8268589377403259,0.2489626109600067,0.5634956359863281,0.023309217765927315
32,78,True,1.0,1,0.8268610835075378,0.24895775318145752,0.5634949803352356,0.023307880386710167
32,79,False,0.0,1,0.8181151747703552,0.26937729120254517,0.5831183195114136,0.031939320266246796
32,80,False,0.0,1,0.8172974586486816,0.2694160044193268,0.5830352306365967,0.031723883002996445
32,81,False,0.0,1,0.8142614960670471,0.271187424659729,0.5827712416648865,0.03166685253381729
32,82,False,0.0,1,0.8121852278709412,0.27200764417648315,0.5824110507965088,0.03148311376571655
32,83,False,0.0,1,0.8116698861122131,0.2720054090023041,0.5823516249656677,0.03143944963812828
32,84,False,0.0,1,0.8118992447853088,0.27188369631767273,0.5818099975585938,0.031223326921463013
32,85,False,0.0,1,0.8117837905883789,0.2716296315193176,0.5810995101928711,0.030931327491998672
32,86,False,0.0,1,0.8120946884155273,0.27105650305747986,0.581059455871582,0.03087777830660343
32,87,False,0.0,1,0.8121746182441711,0.2696800231933594,0.5813378095626831,0.030973659828305244
32,88,False,0.0,1,0.8129628896713257,0.26819083094596863,0.581387996673584,0.03099631331861019
32,89,False,0.0,1,0.8135828971862793,0.26602014899253845,0.5819255709648132,0.031154025346040726
32,90,False,0.0,1,0.8128132224082947,0.26578572392463684,0.5819751024246216,0.031163813546299934
32,91,False,0.0,1,0.8122509717941284,0.26618438959121704,0.5823361277580261,0.03129332512617111
32,92,False,0.0,1,0.8119553327560425,0.2667553424835205,0.5824524164199829,0.0313241221010685
32,93,False,0.0,1,0.8123030662536621,0.2665923237800598,0.5823409557342529,0.03130092844367027
32,94,False,0.0,1,0.8123676776885986,0.26668113470077515,0.5819762945175171,0.031165650114417076
32,95,False,0.0,1,0.8139061331748962,0.2665250301361084,0.5819849967956543,0.031209802255034447
32,96,False,0.0,1,0.8157517910003662,0.26751017570495605,0.5819656848907471,0.031209353357553482
32,97,False,0.0,1,0.8155323266983032,0.26870131492614746,0.5821802616119385,0.031288109719753265
32,98,False,0.0,1,0.8146705627441406,0.2706024646759033,0.5818768739700317,0.031171543523669243
32,99,False,0.0,1,0.8141698241233826,0.2711597681045532,0.5817030668258667,0.031058605760335922
32,100,False,0.0,1,0.8138449192047119,0.27127864956855774,0.5816502571105957,0.03100212849676609
32,101,False,0.0,1,0.813633918762207,0.27092862129211426,0.5815023183822632,0.030935674905776978
32,102,False,0.0,1,0.813660204410553,0.2705592215061188,0.5813899636268616,0.030884655192494392
32,103,False,0.0,1,0.8139453530311584,0.26988616585731506,0.5813612937927246,0.03083169274032116
32,104,False,0.0,1,0.8142490386962891,0.2692021429538727,0.581225574016571,0.030735881999135017
32,105,False,0.0,1,0.814690887928009,0.2684558629989624,0.5811189413070679,0.03067724220454693
33,0,False,0.0,0,0.7447539567947388,0.1883322149515152,0.5453546047210693,0.020239131525158882
33,1,False,0.0,1,0.8369832634925842,0.25398480892181396,0.582520604133606,0.031315356492996216
33,2,False,0.0,1,0.837205708026886,0.25356563925743103,0.5826010704040527,0.03131186589598656
33,3,False,0.0,1,0.8380740880966187,0.25270649790763855,0.5825510025024414,0.03124207630753517
33,4,False,0.0,1,0.8382813930511475,0.2521694004535675,0.5826836824417114,0.031224699690937996
33,5,False,0.0,1,0.8390535116195679,0.2518816590309143,0.5824464559555054,0.03106856346130371
33,6,False,0.0,1,0.8389108180999756,0.25196290016174316,0.5822628140449524,0.0309713426977396
33,7,False,0.0,1,0.8378373384475708,0.25241416692733765,0.5817677974700928,0.03083992190659046
33,8,False,0.0,1,0.83702152967453,0.25290295481681824,0.5815343260765076,0.03071453422307968
33,9,False,0.0,1,0.8361687660217285,0.2530275881290436,0.5812084674835205,0.030588028952479362
33,10,False,0.0,1,0.8351219892501831,0.2533360719680786,0.5809915065765381,0.030535731464624405
33,11,False,0.0,1,0.834394097328186,0.2536011040210724,0.5809715986251831,0.030603142455220222
33,12,False,0.0,1,0.8329558372497559,0.2543630301952362,0.5809629559516907,0.03055834211409092
33,13,False,0.0,1,0.8310283422470093,0.256002277135849,0.5806262493133545,0.030434289947152138
33,14,False,0.0,1,0.8297156095504761,0.2580370008945465,0.5803864002227783,0.030386758968234062
33,15,False,0.0,1,0.8279873132705688,0.2595280706882477,0.579297661781311,0.03009793348610401
33,16,False,0.0,1,0.8265582919120789,0.2605661451816559,0.579404354095459,0.030114518478512764
33,17,False,0.0,1,0.824863851070404,0.2617698907852173,0.5799628496170044,0.030303437262773514
33,18,False,0.0,1,0.8233535885810852,0.26426753401756287,0.5803772807121277,0.03054218739271164
33,19,False,0.0,1,0.8218181133270264,0.26598110795021057,0.5804879665374756,0.03048231638967991
33,20,False,0.0,1,0.8198307752609253,0.26810234785079956,0.5803800821304321,0.03039172664284706
33,21,False,0.0,1,0.8179612755775452,0.26958414912223816,0.580889105796814,0.03048655577003956
33,22,False,0.0,1,0.8162180185317993,0.2715020179748535,0.5807859897613525,0.030446019023656845
33,23,False,0.0,1,0.8151305913925171,0.2731265127658844,0.5803223848342896,0.03042435832321644
33,24,False,0.0,1,0.8150194883346558,0.27306750416755676,0.5804147720336914,0.03045615740120411
33,25,False,0.0,1,0.8153451681137085,0.2725222110748291,0.5803906917572021,0.030443092808127403
33,26,False,0.0,1,0.8157212734222412,0.2723669707775116,0.5804926156997681,0.030515803024172783
33,27,False,0.0,1,0.8157708644866943,0.27175086736679077,0.5806590914726257,0.03057224489748478
33,28,False,0.0,1,0.8160327672958374,0.2713078260421753,0.580512523651123,0.030556198209524155
33,29,False,0.0,1,0.816102147102356,0.27083486318588257,0.58048415184021,0.030589072033762932
33,30,False,0.0,1,0.8169112801551819,0.27033349871635437,0.5802109837532043,0.030513428151607513
33,31,False,0.0,1,0.8172980546951294,0.2697325348854065,0.5791541934013367,0.03022417612373829
33,32,False,0.0,1,0.8177580833435059,0.269889771938324,0.5792614221572876,0.03025122731924057
33,33,False,0.0,1,0.8166654109954834,0.2714816629886627,0.5789589285850525,0.030127666890621185
33,34,False,0.0,1,0.815902590751648,0.27229952812194824,0.5790091753005981,0.030170995742082596
33,35,False,0.0,1,0.8153520822525024,0.2716733515262604,0.5791712999343872,0.03024301677942276
33,36,False,0.0,1,0.8151544332504272,0.2700086534023285,0.579373300075531,0.03033660724759102
33,37,False,0.0,1,0.815398633480072,0.26861482858657837,0.5794594287872314,0.030385324731469154
33,38,False,0.0,1,0.8159250020980835,0.26764509081840515,0.5796854496002197,0.030474578961730003
33,39,True,0.0234375,1,0.8164176940917969,0.26763099431991577,0.5796145796775818,0.03049522638320923
33,40,True,0.0625,1,0.8161046504974365,0.2676122188568115,0.5800322890281677,0.03066912852227688
33,41,True,0.1015625,1,0.8197893500328064,0.2640356719493866,0.5804876089096069,0.03081616573035717
33,42,True,0.140625,1,0.8231727480888367,0.26199665665626526,0.5797716975212097,0.03049338608980179
33,43,True,0.1796875,1,0.8256794810295105,0.2575702369213104,0.5780835747718811,0.029856577515602112
33,44,True,0.21875,1,0.8263048529624939,0.25449126958847046,0.5784752368927002,0.030064476653933525
33,45,True,0.2578125,1,0.8247698545455933,0.2527320086956024,0.5788435935974121,0.030197935178875923
33,46,True,0.296875,1,0.8269039392471313,0.25140631198883057,0.579322338104248,0.030406957492232323
33,47,True,0.3359375,1,0.8275086283683777,0.2514529526233673,0.578370213508606,0.030011720955371857
33,48,True,0.375,1,0.8267133831977844,0.2518393099308014,0.5783894062042236,0.029955096542835236
33,49,True,0.4140625,1,0.8259251117706299,0.2512300908565521,0.5783406496047974,0.02991894632577896
33,50,True,0.453125,1,0.8260036706924438,0.2505282759666443,0.5773050785064697,0.029519179835915565
33,51,True,0.4921875,1,0.8251213431358337,0.25071823596954346,0.5767416954040527,0.029349310323596
33,52,True,0.53125,1,0.8246906995773315,0.25126007199287415,0.5758825540542603,0.029011644423007965
33,53,True,0.5703125,1,0.8245226144790649,0.2520241439342499,0.5755900144577026,0.028929855674505234
33,54,True,0.609375,1,0.8240129351615906,0.2521224021911621,0.5751498937606812,0.028774769976735115
33,55,True,0.6484375,1,0.8236488699913025,0.2521304488182068,0.5747156143188477,0.028714889660477638
33,56,True,0.6875,1,0.8240196108818054,0.2522962987422943,0.5746352672576904,0.028737099841237068
33,57,True,0.7265625,1,0.825175404548645,0.253011018037796,0.5752828121185303,0.029035283252596855
33,58,True,0.765625,1,0.8253219127655029,0.25308266282081604,0.5747451186180115,0.028815463185310364
33,59,True,0.8046875,1,0.8256527781486511,0.25277820229530334,0.5751297473907471,0.029009869322180748
33,60,True,0.84375,1,0.8256943225860596,0.2524612545967102,0.5756663084030151,0.029240084812045097
33,61,True,0.8828125,1,0.8261013031005859,0.25177058577537537,0.5756289958953857,0.029193460941314697
33,62,True,0.921875,1,0.8254793286323547,0.25103986263275146,0.5744888186454773,0.028636520728468895
33,63,True,0.9609375,1,0.8273414969444275,0.248133584856987,0.5726672410964966,0.02791830711066723
33,64,True,1.0,1,0.8269267082214355,0.24923643469810486,0.5601872801780701,0.022660227492451668
33,65,True,1.0,1,0.8272977471351624,0.24855314195156097,0.5600329637527466,0.022787289693951607
33,66,True,1.0,1,0.8274105787277222,0.2483268678188324,0.5596565008163452,0.022824082523584366
33,67,True,1.0,1,0.8274617195129395,0.2482592910528183,0.5593618154525757,0.022820154204964638
33,68,True,1.0,1,0.8274625539779663,0.24823801219463348,0.5591976642608643,0.022807549685239792
33,69,True,1.0,1,0.8274667263031006,0.24822455644607544,0.5591096878051758,0.022790225222706795
33,70,True,1.0,1,0.8274567127227783,0.2482200562953949,0.5590673685073853,0.02278699167072773
33,71,True,1.0,1,0.8274651765823364,0.24845823645591736,0.5590193867683411,0.022737860679626465
33,72,True,1.0,1,0.8274447917938232,0.24845336377620697,0.5589843988418579,0.02273712493479252
33,73,True,1.0,1,0.8274368047714233,0.2484581172466278,0.5589672327041626,0.02273520454764366
33,74,True,1.0,1,0.8274444341659546,0.24846774339675903,0.5589532256126404,0.022731857374310493
33,75,True,1.0,1,0.8274408578872681,0.2484673112630844,0.558956503868103,0.022733667865395546
33,76,True,1.0,1,0.8274425268173218,0.24847085773944855,0.5589536428451538,0.02273215912282467
33,77,True,1.0,1,0.8274393081665039,0.24846912920475006,0.558953046798706,0.022733032703399658
33,78,True,1.0,1,0.8274378776550293,0.24846778810024261,0.5589540004730225,0.02273375727236271
33,79,True,1.0,1,0.8273943662643433,0.2486736923456192,0.5594053268432617,0.02274959161877632
33,80,True,1.0,1,0.8273944854736328,0.24867995083332062,0.5594139099121094,0.02275918237864971
33,81,True,1.0,1,0.8273866176605225,0.24867045879364014,0.5594186782836914,0.022760827094316483
33,82,True,1.0,1,0.8273873329162598,0.24867603182792664,0.559416651725769,0.022763298824429512
33,83,True,1.0,1,0.8273930549621582,0.2486826330423355,0.5594207048416138,0.0227635707706213
33,84,True,1.0,1,0.8273876905441284,0.24867530167102814,0.5594180822372437,0.022762911394238472
33,85,True,1.0,1,0.8273892402648926,0.24867749214172363,0.5594176650047302,0.022763028740882874
33,86,True,1.0,1,0.8273885250091553,0.2486797571182251,0.5594184398651123,0.02276475355029106
33,87,True,1.0,1,0.827395498752594,0.24869897961616516,0.5602093935012817,0.022909043356776237
33,88,True,1.0,1,0.8274076581001282,0.2487262338399887,0.5603493452072144,0.022943692281842232
33,89,True,1.0,1,0.8274088501930237,0.24872319400310516,0.5604275465011597,0.022967232391238213
33,90,True,1.0,1,0.8273983597755432,0.2487265020608902,0.560461163520813,0.022978730499744415
33,91,True,1.0,1,0.8273969292640686,0.24872590601444244,0.5604734420776367,0.02298024855554104
33,92,True,1.0,1,0.8274007439613342,0.24873167276382446,0.5604856014251709,0.022980477660894394
33,93,True,1.0,1,0.827395498752594,0.24872450530529022,0.5604875087738037,0.02298312447965145
33,94,True,1.0,1,0.8273983597755432,0.24873419106006622,0.56048583984375,0.022981738671660423
33,95,True,1.0,1,0.8274043202400208,0.2485339343547821,0.561166524887085,0.02308802492916584
33,96,False,0.0,1,0.8262324333190918,0.26095613837242126,0.5775954723358154,0.030512237921357155
33,97,False,0.0,1,0.82350754737854,0.2623724043369293,0.5777270793914795,0.030187617987394333
33,98,False,0.0,1,0.819858729839325,0.26575368642807007,0.5775022506713867,0.03005143441259861
33,99,False,0.0,1,0.8163840770721436,0.26850664615631104,0.5775934457778931,0.030092468485236168
33,100,False,0.0,1,0.8147340416908264,0.27022266387939453,0.5773271918296814,0.029993293806910515
33,101,False,0.0,1,0.813633382320404,0.27162763476371765,0.5770407915115356,0.029885979369282722
33,102,False,0.0,1,0.8122930526733398,0.2730884850025177,0.5769170522689819,0.029876571148633957
33,103,False,0.0,1,0.8116893172264099,0.2739545702934265,0.5775883197784424,0.030245307832956314
33,104,False,0.0,1,0.8112707734107971,0.27438804507255554,0.5775129795074463,0.030228912830352783
33,105,False,0.0,1,0.8115973472595215,0.2743886411190033,0.5774474143981934,0.030231745913624763
33,106,False,0.0,1,0.8127827048301697,0.2738921046257019,0.5777641534805298,0.03032504953444004
33,107,False,0.0,1,0.813733696937561,0.2732158303260803,0.5781567096710205,0.03048183210194111
33,108,False,0.0,1,0.8143643140792847,0.2721881866455078,0.5784273147583008,0.030599618330597878
33,109,False,0.0,1,0.8149145245552063,0.2711877226829529,0.5784724354743958,0.030621565878391266
33,110,False,0.0,1,0.8154369592666626,0.2704894542694092,0.5785329341888428,0.030645864084362984
33,111,False,0.0,1,0.8160064816474915,0.26983481645584106,0.57889324426651,0.0308185163885355
33,112,False,0.0,1,0.8163185119628906,0.26945048570632935,0.5788484811782837,0.030792489647865295
33,113,False,0.0,1,0.8165063261985779,0.26919859647750854,0.5790153741836548,0.03086567111313343
33,114,False,0.0,1,0.8168190717697144,0.26896822452545166,0.5794161558151245,0.031047895550727844
33,115,False,0.0,1,0.8169310688972473,0.2687203884124756,0.5794289708137512,0.031077254563570023
33,116,False,0.0,1,0.8171262741088867,0.2686680555343628,0.5792605876922607,0.0310551505535841
33,117,False,0.0,1,0.8176673650741577,0.26826775074005127,0.578885555267334,0.03094041533768177
33,118,False,0.0,1,0.8180375695228577,0.26839154958724976,0.5790705680847168,0.03101699985563755
