episode_id,timestep,occlusion_flag,occlusion_strength,history_size,cog_alpha_mean,cog_alpha_std,per_alpha_mean,per_alpha_std
0,0,False,0.0,0,0.7331323623657227,0.1803007274866104,0.5024343729019165,0.0031319684349000454
0,1,False,0.0,1,0.8047133684158325,0.25195103883743286,0.5087085962295532,0.014027439057826996
0,2,False,0.0,1,0.8047412633895874,0.2520573139190674,0.5089504718780518,0.01398252323269844
0,3,False,0.0,1,0.804791271686554,0.25312480330467224,0.5088610053062439,0.014125492423772812
0,4,False,0.0,1,0.8048293590545654,0.2542501389980316,0.50872802734375,0.014209411107003689
0,5,False,0.0,1,0.8035358786582947,0.25554072856903076,0.5084446668624878,0.014346807263791561
0,6,False,0.0,1,0.8017352819442749,0.25703778862953186,0.5077431201934814,0.014197167009115219
0,7,False,0.0,1,0.8000887632369995,0.25813567638397217,0.5072740316390991,0.014242886565625668
0,8,False,0.0,1,0.799177885055542,0.25891464948654175,0.5078132152557373,0.013679361902177334
0,9,False,0.0,1,0.7969615459442139,0.26063376665115356,0.5086219906806946,0.013510510325431824
0,10,False,0.0,1,0.794792652130127,0.26268213987350464,0.5081632733345032,0.013502414338290691
0,11,False,0.0,1,0.7925603985786438,0.26440760493278503,0.5090228319168091,0.013545849360525608
0,12,False,0.0,1,0.7908422350883484,0.26619139313697815,0.5093439817428589,0.013443032279610634
0,13,False,0.0,1,0.7890459299087524,0.2680976986885071,0.5092992782592773,0.013355281203985214
0,14,False,0.0,1,0.7868725061416626,0.27013522386550903,0.509406328201294,0.013403641059994698
0,15,False,0.0,1,0.7850319743156433,0.2717142701148987,0.5093618631362915,0.013302884995937347
0,16,False,0.0,1,0.7838898301124573,0.273201048374176,0.5083169937133789,0.013496801257133484
0,17,False,0.0,1,0.7819917798042297,0.2746139168739319,0.5087059736251831,0.013480925932526588
0,18,False,0.0,1,0.7805488109588623,0.2753587067127228,0.5093048810958862,0.013548685237765312
0,19,False,0.0,1,0.778770923614502,0.27663734555244446,0.5096530914306641,0.013540210202336311
0,20,False,0.0,1,0.7766944766044617,0.27825674414634705,0.5099815130233765,0.013590022921562195
0,21,False,0.0,1,0.7760533094406128,0.2783070206642151,0.5097218751907349,0.013621511869132519
0,22,False,0.0,1,0.7750391960144043,0.2780666649341583,0.5093600749969482,0.013690263032913208
0,23,False,0.0,1,0.7742394804954529,0.2788398563861847,0.509610652923584,0.013722129166126251
0,24,False,0.0,1,0.7747026681900024,0.27790558338165283,0.5091291069984436,0.013975257985293865
0,25,False,0.0,1,0.7750320434570312,0.2769283652305603,0.5094453692436218,0.014016799628734589
0,26,False,0.0,1,0.7755350470542908,0.2771545946598053,0.5096973776817322,0.014049495570361614
0,27,False,0.0,1,0.7761328220367432,0.2766689658164978,0.5097104907035828,0.014101723209023476
0,28,False,0.0,1,0.777631402015686,0.27591803669929504,0.5095190405845642,0.014224633574485779
0,29,False,0.0,1,0.7775813341140747,0.27608922123908997,0.5092833042144775,0.014183338731527328
0,30,False,0.0,1,0.7772414684295654,0.2760145366191864,0.5090092420578003,0.014089671894907951
0,31,False,0.0,1,0.777321994304657,0.2759260833263397,0.508746325969696,0.0139970937743783
0,32,False,0.0,1,0.777522623538971,0.27614882588386536,0.5085192918777466,0.014078011736273766
0,33,False,0.0,1,0.7775761485099792,0.2758691608905792,0.5084514617919922,0.014055691659450531
0,34,False,0.0,1,0.7780632972717285,0.2760322093963623,0.5084488391876221,0.014038396067917347
0,35,False,0.0,1,0.7780033349990845,0.2754724621772766,0.5086367726325989,0.013983143493533134
0,36,False,0.0,1,0.7779799699783325,0.2751429080963135,0.5086849927902222,0.013942969962954521
0,37,False,0.0,1,0.7792404890060425,0.2738478183746338,0.508660078048706,0.013918896205723286
0,38,False,0.0,1,0.780022382736206,0.27292007207870483,0.5085201263427734,0.013946357183158398
0,39,False,0.0,1,0.7804505825042725,0.2715493142604828,0.5084097385406494,0.014018057845532894
0,40,False,0.0,1,0.7812431454658508,0.27017971873283386,0.507657527923584,0.014440788887441158
0,41,False,0.0,1,0.7818102836608887,0.26915284991264343,0.5075977444648743,0.014507151208817959
0,42,False,0.0,1,0.7831007242202759,0.2679574191570282,0.5074561834335327,0.014519551768898964
0,43,False,0.0,1,0.784083902835846,0.2672194242477417,0.5073456764221191,0.014552140608429909
0,44,False,0.0,1,0.7850521802902222,0.26644474267959595,0.5074046850204468,0.014636066742241383
0,45,False,0.0,1,0.7862380743026733,0.26613011956214905,0.5070935487747192,0.014683913439512253
0,46,False,0.0,1,0.7872551679611206,0.2658786177635193,0.5071128606796265,0.014618948101997375
0,47,False,0.0,1,0.7879173755645752,0.2652043104171753,0.5068336725234985,0.014611933380365372
0,48,False,0.0,1,0.788995623588562,0.26494908332824707,0.505472719669342,0.01527215726673603
0,49,False,0.0,1,0.7900711297988892,0.26419714093208313,0.5057879686355591,0.015252428129315376
0,50,False,0.0,1,0.7914505004882812,0.26289820671081543,0.5059674978256226,0.015326453372836113
0,51,False,0.0,1,0.792518675327301,0.2620607316493988,0.5060617923736572,0.0153421089053154
0,52,False,0.0,1,0.7934311628341675,0.2609507441520691,0.5060659646987915,0.015343185514211655
0,53,False,0.0,1,0.7947824597358704,0.26049643754959106,0.5066946744918823,0.015315874479711056
0,54,False,0.0,1,0.7956198453903198,0.2598912715911865,0.5064356327056885,0.01539645716547966
0,55,False,0.0,1,0.7966694831848145,0.25940603017807007,0.5067635774612427,0.015477382577955723
0,56,False,0.0,1,0.7973458766937256,0.2592501938343048,0.5061363577842712,0.016173386946320534
0,57,False,0.0,1,0.7977690696716309,0.25899574160575867,0.5067124366760254,0.016051683574914932
0,58,False,0.0,1,0.7979539632797241,0.25876331329345703,0.5070739388465881,0.016036970540881157
0,59,False,0.0,1,0.7986429333686829,0.2581785321235657,0.5070304870605469,0.016049060970544815
0,60,False,0.0,1,0.7991459369659424,0.25740155577659607,0.5069621801376343,0.01607370376586914
0,61,False,0.0,1,0.7990580797195435,0.2569000720977783,0.5068026781082153,0.016055304557085037
0,62,False,0.0,1,0.7980308532714844,0.2570323646068573,0.5067445039749146,0.016014033928513527
0,63,False,0.0,1,0.7961183786392212,0.25764429569244385,0.5070863962173462,0.01594209298491478
0,64,False,0.0,1,0.7937390804290771,0.2584365904331207,0.5065571069717407,0.016512645408511162
0,65,False,0.0,1,0.7914448976516724,0.25963538885116577,0.5070189237594604,0.01644466631114483
0,66,False,0.0,1,0.7894508838653564,0.2611607015132904,0.5067662000656128,0.01632443256676197
0,67,False,0.0,1,0.7876020669937134,0.26228073239326477,0.5064908266067505,0.016272276639938354
0,68,False,0.0,1,0.7846736907958984,0.26367366313934326,0.5065967440605164,0.01627218723297119
0,69,False,0.0,1,0.7820155620574951,0.26551929116249084,0.5070497393608093,0.016173874959349632
0,70,False,0.0,1,0.7819430232048035,0.26655763387680054,0.5069894790649414,0.01609000563621521
0,71,False,0.0,1,0.780868411064148,0.26728153228759766,0.5069605708122253,0.01613619364798069
0,72,False,0.0,1,0.7792655229568481,0.26867321133613586,0.5060679912567139,0.016690297052264214
0,73,False,0.0,1,0.7788885831832886,0.2704029977321625,0.5062248706817627,0.016681980341672897
0,74,False,0.0,1,0.7768629789352417,0.27237769961357117,0.506558358669281,0.01686604507267475
0,75,False,0.0,1,0.7745940685272217,0.2745979428291321,0.5064834356307983,0.01705312728881836
0,76,False,0.0,1,0.7719985246658325,0.27733731269836426,0.5063791275024414,0.017184026539325714
0,77,False,0.0,1,0.7713652849197388,0.27847176790237427,0.5065186023712158,0.017232809215784073
0,78,False,0.0,1,0.7711219787597656,0.27889910340309143,0.5067404508590698,0.017352376133203506
0,79,False,0.0,1,0.7715733051300049,0.278863787651062,0.5066081285476685,0.01738676242530346
0,80,False,0.0,1,0.7719783782958984,0.27906930446624756,0.5063539743423462,0.017734447494149208
0,81,False,0.0,1,0.771956205368042,0.27968770265579224,0.5067605972290039,0.017707476392388344
0,82,False,0.0,1,0.772230327129364,0.27984192967414856,0.5070828199386597,0.01770523004233837
0,83,False,0.0,1,0.7725048661231995,0.2791728973388672,0.5073503851890564,0.017691975459456444
0,84,False,0.0,1,0.7729060649871826,0.2776179015636444,0.5069822072982788,0.01760597713291645
0,85,False,0.0,1,0.7740356922149658,0.2750259041786194,0.5066202878952026,0.01758391596376896
0,86,False,0.0,1,0.7752008438110352,0.2732224464416504,0.5063714981079102,0.017584793269634247
0,87,False,0.0,1,0.7763493061065674,0.2719877064228058,0.5059632062911987,0.017576508224010468
0,88,False,0.0,1,0.7776517868041992,0.27070319652557373,0.5062718987464905,0.017748035490512848
0,89,False,0.0,1,0.7784475088119507,0.26985597610473633,0.5062523484230042,0.01771780103445053
0,90,False,0.0,1,0.7788494825363159,0.2693256437778473,0.5061722993850708,0.017645960673689842
0,91,False,0.0,1,0.7788695693016052,0.2698056995868683,0.5065020322799683,0.017511876299977303
0,92,False,0.0,1,0.7778904438018799,0.26984164118766785,0.5066498517990112,0.017547935247421265
0,93,False,0.0,1,0.777123212814331,0.26922398805618286,0.5066156387329102,0.017490467056632042
0,94,False,0.0,1,0.7752065658569336,0.26955482363700867,0.5064855813980103,0.017523542046546936
0,95,False,0.0,1,0.7753572463989258,0.2689019739627838,0.5061050653457642,0.017428724095225334
0,96,False,0.0,1,0.7751026749610901,0.268130898475647,0.5064595341682434,0.017526131123304367
0,97,False,0.0,1,0.7764352560043335,0.26742279529571533,0.506588339805603,0.01744888722896576
0,98,False,0.0,1,0.7766083478927612,0.26695677638053894,0.5066781044006348,0.017383508384227753
0,99,False,0.0,1,0.7766871452331543,0.26664555072784424,0.5068150162696838,0.017449920997023582
0,100,False,0.0,1,0.7776122093200684,0.26612359285354614,0.5071618556976318,0.017428584396839142
1,0,False,0.0,0,0.6988118886947632,0.1869296431541443,0.5019829273223877,0.005000999663025141
1,1,False,0.0,1,0.7982066869735718,0.22346191108226776,0.5078902244567871,0.018704751506447792
1,2,False,0.0,1,0.7998431921005249,0.22293899953365326,0.5077475309371948,0.018694037571549416
1,3,False,0.0,1,0.8040178418159485,0.22653350234031677,0.5092155337333679,0.018516389653086662
1,4,False,0.0,1,0.8079869747161865,0.23501580953598022,0.5087306499481201,0.018398556858301163
1,5,False,0.0,1,0.8086426854133606,0.2422017902135849,0.5083145499229431,0.0183868370950222
1,6,False,0.0,1,0.8084654808044434,0.24213553965091705,0.5083786249160767,0.018370941281318665
1,7,False,0.0,1,0.8096758723258972,0.24094422161579132,0.5081510543823242,0.0183960422873497
1,8,False,0.0,1,0.8105872869491577,0.2406761646270752,0.5081838369369507,0.01844598352909088
1,9,False,0.0,1,0.8107714056968689,0.24230024218559265,0.5081885457038879,0.018451988697052002
1,10,False,0.0,1,0.8101158738136292,0.24506442248821259,0.5081753730773926,0.01837891712784767
1,11,False,0.0,1,0.810204029083252,0.24395981431007385,0.5091784000396729,0.018253391608595848
1,12,False,0.0,1,0.8096106052398682,0.24427099525928497,0.5095064043998718,0.018337124958634377
1,13,False,0.0,1,0.8107595443725586,0.2429204285144806,0.5095881223678589,0.0182967409491539
1,14,False,0.0,1,0.8124004006385803,0.24357660114765167,0.5094447731971741,0.018321221694350243
1,15,False,0.0,1,0.8120558261871338,0.24441005289554596,0.5097754001617432,0.01823500543832779
1,16,False,0.0,1,0.8112478852272034,0.24674704670906067,0.509921669960022,0.01827896013855934
1,17,False,0.0,1,0.8108854293823242,0.24693197011947632,0.5097843408584595,0.01837405189871788
1,18,False,0.0,1,0.8111395835876465,0.24696455895900726,0.509905219078064,0.018358731642365456
1,19,False,0.0,1,0.8114888668060303,0.24651290476322174,0.5113281011581421,0.018335353583097458
1,20,False,0.0,1,0.8110202550888062,0.2473265379667282,0.5116780996322632,0.01836485043168068
1,21,False,0.0,1,0.810678243637085,0.24861092865467072,0.5116602182388306,0.018391715362668037
1,22,False,0.0,1,0.8102318048477173,0.24986079335212708,0.511896550655365,0.018277622759342194
1,23,False,0.0,1,0.8097710609436035,0.2513134777545929,0.511786937713623,0.01829189993441105
1,24,False,0.0,1,0.8085388541221619,0.2530432343482971,0.5119373798370361,0.018249159678816795
1,25,False,0.0,1,0.8077531456947327,0.2542973756790161,0.5118588209152222,0.018214259296655655
1,26,False,0.0,1,0.805898904800415,0.2553916871547699,0.5121216773986816,0.018147194758057594
1,27,False,0.0,1,0.8043414354324341,0.25641143321990967,0.5137028694152832,0.018050966784358025
1,28,False,0.0,1,0.8028767108917236,0.25729912519454956,0.5135807991027832,0.017996737733483315
1,29,False,0.0,1,0.8008770942687988,0.25867608189582825,0.513490617275238,0.01807241328060627
1,30,False,0.0,1,0.7985672354698181,0.26018214225769043,0.5133275389671326,0.018085656687617302
1,31,False,0.0,1,0.7962355613708496,0.26143959164619446,0.513588547706604,0.01801188848912716
1,32,False,0.0,1,0.7949552536010742,0.26232391595840454,0.513766348361969,0.017997680231928825
1,33,False,0.0,1,0.7931493520736694,0.26347747445106506,0.5140913724899292,0.01800619624555111
1,34,False,0.0,1,0.7913023829460144,0.26461929082870483,0.514380693435669,0.01795649714767933
1,35,False,0.0,1,0.7899630069732666,0.26580822467803955,0.515775203704834,0.017932400107383728
1,36,False,0.0,1,0.7885763645172119,0.2671163082122803,0.5157679319381714,0.01796056143939495
1,37,False,0.0,1,0.7876590490341187,0.26833847165107727,0.5157575011253357,0.017963295802474022
1,38,False,0.0,1,0.7877249121665955,0.26956576108932495,0.5154502391815186,0.01804164983332157
1,39,False,0.0,1,0.7866061329841614,0.27054277062416077,0.5152387022972107,0.0179958026856184
1,40,False,0.0,1,0.7845444679260254,0.27133476734161377,0.5153460502624512,0.017949968576431274
1,41,False,0.0,1,0.7832639217376709,0.27148133516311646,0.5155844688415527,0.01796308346092701
1,42,True,0.010791366919875145,1,0.7831889390945435,0.27166831493377686,0.5155296325683594,0.017862703651189804
1,43,True,0.04676258936524391,1,0.7815155982971191,0.27245232462882996,0.517272412776947,0.017870808020234108
1,44,True,0.08273380994796753,1,0.7817665338516235,0.272186815738678,0.5173026323318481,0.017827916890382767
1,45,True,0.11870503425598145,1,0.7813575863838196,0.27187398076057434,0.5172722339630127,0.01784249022603035
1,46,True,0.15467625856399536,1,0.7809514403343201,0.27118220925331116,0.5175180435180664,0.017961813136935234
1,47,True,0.19064748287200928,1,0.7812122106552124,0.2688627541065216,0.5174202919006348,0.01809862069785595
1,48,True,0.2266187071800232,1,0.7807026505470276,0.2682383358478546,0.5177370309829712,0.01814100332558155
1,49,True,0.2625899314880371,1,0.7802050709724426,0.26853248476982117,0.5180838108062744,0.01814875565469265
1,50,True,0.298561155796051,1,0.7804725170135498,0.2684200704097748,0.5180766582489014,0.018168693408370018
1,51,True,0.33453238010406494,1,0.7816604971885681,0.2686125338077545,0.5189251899719238,0.018208591267466545
1,52,True,0.37050360441207886,1,0.7845209240913391,0.26729366183280945,0.5189870595932007,0.018261132761836052
1,53,True,0.4064748287200928,1,0.7856893539428711,0.2668893039226532,0.5190954208374023,0.018352407962083817
1,54,True,0.4424460530281067,1,0.7863889932632446,0.2671620547771454,0.5197325944900513,0.018299143761396408
1,55,True,0.4784172773361206,1,0.7856631278991699,0.2671433091163635,0.5198714733123779,0.018128549680113792
1,56,True,0.5143885016441345,1,0.7852448225021362,0.26718878746032715,0.5202090740203857,0.01805749349296093
1,57,True,0.5503597259521484,1,0.785105288028717,0.267223060131073,0.5203574299812317,0.01805594190955162
1,58,True,0.5863309502601624,1,0.7854207158088684,0.2666594386100769,0.520551323890686,0.017858220264315605
1,59,True,0.6223021745681763,1,0.7863298058509827,0.26546716690063477,0.5208674669265747,0.017692269757390022
1,60,True,0.6582733988761902,1,0.7861640453338623,0.26543372869491577,0.5205158591270447,0.01763283647596836
1,61,True,0.6942446231842041,1,0.7858978509902954,0.26403388381004333,0.5199766159057617,0.01765528693795204
1,62,True,0.730215847492218,1,0.7864241003990173,0.2629936635494232,0.5193723440170288,0.017548536881804466
1,63,True,0.7661870718002319,1,0.786871075630188,0.26188918948173523,0.5187864303588867,0.017623646184802055
1,64,True,0.8021582961082458,1,0.790524959564209,0.2582431435585022,0.5195143818855286,0.017581304535269737
1,65,True,0.8381295204162598,1,0.7911922931671143,0.2559008300304413,0.5191789269447327,0.0174989253282547
1,66,True,0.8741007447242737,1,0.7943480014801025,0.24897512793540955,0.5195560455322266,0.017530005425214767
1,67,True,0.9100719690322876,1,0.797579824924469,0.24478016793727875,0.5199019908905029,0.017503375187516212
1,68,True,0.9460431933403015,1,0.7988941669464111,0.24006310105323792,0.5181635618209839,0.017034165561199188
1,69,True,0.9820144176483154,1,0.7984256744384766,0.237920880317688,0.5192208290100098,0.01717182621359825
1,70,True,1.0,1,0.7978602051734924,0.24252697825431824,0.519949197769165,0.017079129815101624
1,71,True,1.0,1,0.7983595728874207,0.24017925560474396,0.519730269908905,0.016980497166514397
1,72,True,1.0,1,0.7983847856521606,0.2389756441116333,0.5196166634559631,0.016924003139138222
1,73,True,1.0,1,0.7983914613723755,0.2384473979473114,0.5195491313934326,0.016901249065995216
1,74,True,1.0,1,0.7983813881874084,0.23812393844127655,0.5195134282112122,0.016884250566363335
1,75,True,1.0,1,0.7971370816230774,0.2443070411682129,0.5193848609924316,0.016875071451067924
1,76,True,1.0,1,0.7970753908157349,0.24379375576972961,0.519344687461853,0.016880685463547707
1,77,True,1.0,1,0.7970322370529175,0.24355019629001617,0.5193209648132324,0.016884272918105125
1,78,True,1.0,1,0.7970132827758789,0.24341487884521484,0.519307553768158,0.016886712983250618
1,79,True,1.0,1,0.7970142960548401,0.2433813363313675,0.5193049907684326,0.016886496916413307
1,80,True,1.0,1,0.7970029711723328,0.24335120618343353,0.5192986726760864,0.0168877225369215
1,81,True,1.0,1,0.7970027327537537,0.2433331161737442,0.5192996263504028,0.016888998448848724
1,82,True,1.0,1,0.7969974875450134,0.2433156967163086,0.5192956328392029,0.016887277364730835
1,83,True,1.0,1,0.7960458397865295,0.24665449559688568,0.5190229415893555,0.016916127875447273
1,84,True,1.0,1,0.7959924936294556,0.24621640145778656,0.5189964771270752,0.016927950084209442
1,85,True,1.0,1,0.7959595918655396,0.24601905047893524,0.5189734697341919,0.01693652756512165
1,86,True,1.0,1,0.7959266304969788,0.2459343671798706,0.5189676284790039,0.01694048009812832
1,87,True,1.0,1,0.7959185242652893,0.24589474499225616,0.5189592838287354,0.016941308975219727
1,88,True,1.0,1,0.7959086298942566,0.24588939547538757,0.5189487338066101,0.01694035530090332
1,89,True,1.0,1,0.7958950400352478,0.24587510526180267,0.5189504623413086,0.01694202423095703
1,90,True,1.0,1,0.7958994507789612,0.2458646297454834,0.5189517736434937,0.016942134127020836
1,91,True,1.0,1,0.7949314713478088,0.24839159846305847,0.5187562704086304,0.016984647139906883
1,92,True,1.0,1,0.7949380278587341,0.24800235033035278,0.5187326669692993,0.016998549923300743
1,93,True,1.0,1,0.7949137687683105,0.24777522683143616,0.5187060832977295,0.017004944384098053
1,94,True,1.0,1,0.7948969006538391,0.24769578874111176,0.518696129322052,0.017006773501634598
1,95,True,1.0,1,0.794891893863678,0.24764777719974518,0.5187016725540161,0.017008572816848755
1,96,True,1.0,1,0.7948777079582214,0.2476150095462799,0.5186951160430908,0.017012836411595345
1,97,True,1.0,1,0.7948784232139587,0.24761167168617249,0.5187020301818848,0.01701546087861061
1,98,True,1.0,1,0.7948796153068542,0.24760252237319946,0.5187010765075684,0.017014607787132263
1,99,True,1.0,1,0.794326663017273,0.2492971569299698,0.5184023380279541,0.017152613028883934
1,100,True,1.0,1,0.7942819595336914,0.24910539388656616,0.5184453129768372,0.01717076636850834
1,101,True,1.0,1,0.794268786907196,0.2490307241678238,0.5184648036956787,0.017182176932692528
1,102,True,1.0,1,0.7942579388618469,0.24897977709770203,0.5184859037399292,0.01718822307884693
1,103,True,1.0,1,0.7942363619804382,0.24895000457763672,0.5184667706489563,0.0171905979514122
1,104,True,1.0,1,0.7942465543746948,0.2489546686410904,0.5184763669967651,0.017192179337143898
1,105,False,0.0,1,0.7914948463439941,0.26664426922798157,0.5171226263046265,0.01716591976583004
1,106,False,0.0,1,0.7889248132705688,0.26833710074424744,0.5173914432525635,0.017347386106848717
1,107,False,0.0,1,0.7853137850761414,0.2707343101501465,0.5174674987792969,0.017270494252443314
1,108,False,0.0,1,0.7823696136474609,0.2722490727901459,0.5171154141426086,0.01715666987001896
1,109,False,0.0,1,0.7805067896842957,0.2739894390106201,0.5168216824531555,0.017075544223189354
1,110,False,0.0,1,0.7783506512641907,0.2756609320640564,0.5167183876037598,0.017101604491472244
1,111,False,0.0,1,0.7760758399963379,0.27690523862838745,0.5168570280075073,0.017172930762171745
1,112,False,0.0,1,0.774868369102478,0.2769238352775574,0.5167360901832581,0.0173049233853817
1,113,False,0.0,1,0.773466944694519,0.2777842581272125,0.5168735980987549,0.01744682900607586
1,114,False,0.0,1,0.7735481262207031,0.27792343497276306,0.5170848369598389,0.017476890236139297
1,115,False,0.0,1,0.7726996541023254,0.27691730856895447,0.517086386680603,0.01760167069733143
1,116,False,0.0,1,0.7724740505218506,0.27541106939315796,0.5175116062164307,0.017787735909223557
1,117,False,0.0,1,0.773165225982666,0.2726006805896759,0.5177797079086304,0.017815912142395973
1,118,False,0.0,1,0.7745362520217896,0.2710226774215698,0.5178693532943726,0.017794860526919365
1,119,False,0.0,1,0.7758234739303589,0.2707381546497345,0.5178956985473633,0.01779576763510704
1,120,False,0.0,1,0.7772193551063538,0.2700859308242798,0.5178141593933105,0.0177911389619112
1,121,False,0.0,1,0.7776093482971191,0.26976025104522705,0.5177326798439026,0.017771776765584946
1,122,False,0.0,1,0.7785345911979675,0.2693893015384674,0.5176196098327637,0.017719395458698273
1,123,False,0.0,1,0.77879399061203,0.26905256509780884,0.5175991058349609,0.01779889315366745
1,124,False,0.0,1,0.7779892086982727,0.2691478431224823,0.5176215171813965,0.017768746241927147
1,125,False,0.0,1,0.7771414518356323,0.269035667181015,0.5177074670791626,0.017755012959241867
1,126,False,0.0,1,0.7767055034637451,0.2688199281692505,0.5177146196365356,0.0177497249096632
1,127,False,0.0,1,0.7761156558990479,0.26864516735076904,0.5177956819534302,0.01774860918521881
1,128,False,0.0,1,0.7764635682106018,0.2690756022930145,0.5177753567695618,0.0178234726190567
1,129,False,0.0,1,0.7774128913879395,0.26794561743736267,0.5174113512039185,0.017776919528841972
1,130,False,0.0,1,0.7787888050079346,0.2674596905708313,0.517514705657959,0.017767284065485
1,131,False,0.0,1,0.7811352610588074,0.26652148365974426,0.5179912447929382,0.017903072759509087
1,132,False,0.0,1,0.7889552712440491,0.2647660970687866,0.518002450466156,0.017926309257745743
1,133,False,0.0,1,0.789887547492981,0.2649432122707367,0.5178460478782654,0.01795651763677597
1,134,False,0.0,1,0.7901126146316528,0.26530921459198,0.5176469683647156,0.01799524575471878
1,135,False,0.0,1,0.790073037147522,0.2652848958969116,0.5173748731613159,0.017979087308049202
1,136,False,0.0,1,0.7902381420135498,0.2651026248931885,0.5172678232192993,0.017950763925909996
1,137,False,0.0,1,0.7903233170509338,0.2649380564689636,0.5171436071395874,0.017919378355145454
1,138,False,0.0,1,0.7902332544326782,0.26500508189201355,0.5171184539794922,0.01789710484445095
1,139,False,0.0,1,0.7902712821960449,0.2649475634098053,0.517626166343689,0.017858440056443214
2,0,False,0.0,0,0.7405412197113037,0.17361541092395782,0.505380392074585,0.005915911868214607
2,1,False,0.0,1,0.8147158026695251,0.2490570992231369,0.518328845500946,0.01806541532278061
2,2,False,0.0,1,0.8154323101043701,0.24868690967559814,0.518325686454773,0.01803678460419178
2,3,False,0.0,1,0.8155443072319031,0.24855828285217285,0.5183278918266296,0.018029557541012764
2,4,False,0.0,1,0.8153195381164551,0.24845777451992035,0.5181765556335449,0.018056079745292664
2,5,False,0.0,1,0.8157634735107422,0.24805878102779388,0.5180672407150269,0.018053123727440834
2,6,False,0.0,1,0.8162718415260315,0.24760958552360535,0.5177428722381592,0.018002131953835487
2,7,False,0.0,1,0.8168981075286865,0.247135728597641,0.5183327198028564,0.017926480621099472
2,8,False,0.0,1,0.8176454901695251,0.246628999710083,0.5185654163360596,0.01781783066689968
2,9,False,0.0,1,0.8174709677696228,0.24615298211574554,0.5184897780418396,0.017772236838936806
2,10,False,0.0,1,0.8155494928359985,0.2466616928577423,0.5185115337371826,0.017698753625154495
2,11,False,0.0,1,0.8145008087158203,0.2470892369747162,0.5184221267700195,0.017664581537246704
2,12,False,0.0,1,0.8142476081848145,0.24727638065814972,0.5185106992721558,0.017685644328594208
2,13,False,0.0,1,0.813075065612793,0.24791228771209717,0.5181831121444702,0.017594924196600914
2,14,False,0.0,1,0.8116904497146606,0.24878011643886566,0.5179651975631714,0.01759985089302063
2,15,False,0.0,1,0.8106095790863037,0.2494467794895172,0.5182033777236938,0.017508693039417267
2,16,False,0.0,1,0.8104392886161804,0.24997898936271667,0.5179898738861084,0.017470885068178177
2,17,False,0.0,1,0.8089438676834106,0.25105947256088257,0.517928957939148,0.017437873408198357
2,18,False,0.0,1,0.8076599836349487,0.25251713395118713,0.5176914930343628,0.01742636039853096
2,19,False,0.0,1,0.8063101768493652,0.2535434067249298,0.5175036191940308,0.017386406660079956
2,20,False,0.0,1,0.8046199083328247,0.2546529471874237,0.5171744227409363,0.01728745736181736
2,21,False,0.0,1,0.8034745454788208,0.255310595035553,0.5173771977424622,0.017273908481001854
2,22,False,0.0,1,0.8019469380378723,0.2558305859565735,0.5174025297164917,0.017187753692269325
2,23,False,0.0,1,0.7999204993247986,0.25694921612739563,0.5180609822273254,0.017026247456669807
2,24,False,0.0,1,0.7982083559036255,0.2586141526699066,0.5178728103637695,0.01697276346385479
2,25,False,0.0,1,0.7968056201934814,0.2597731351852417,0.5180301666259766,0.017005207017064095
2,26,False,0.0,1,0.7959343194961548,0.2614479064941406,0.5182660818099976,0.016968844458460808
2,27,False,0.0,1,0.795136570930481,0.2625228762626648,0.5183587074279785,0.01683865673840046
2,28,False,0.0,1,0.7938364148139954,0.2638656497001648,0.5183150768280029,0.016814028844237328
2,29,False,0.0,1,0.7916326522827148,0.2658487856388092,0.5185444355010986,0.01680111512541771
2,30,True,0.009900989942252636,1,0.7902390360832214,0.26799213886260986,0.5188355445861816,0.01682267151772976
2,31,True,0.05000000074505806,1,0.7887122631072998,0.26909807324409485,0.5198289155960083,0.01686028204858303
2,32,True,0.10000000149011612,1,0.7851305603981018,0.27063265442848206,0.5202928185462952,0.0169606301933527
2,33,True,0.15000000596046448,1,0.7889742851257324,0.26193341612815857,0.519278883934021,0.0169723741710186
2,34,True,0.20000000298023224,1,0.7939196825027466,0.26112592220306396,0.5193736553192139,0.017138978466391563
2,35,True,0.25,1,0.7968083620071411,0.2588074803352356,0.5204123854637146,0.01737786829471588
2,36,True,0.30000001192092896,1,0.7934126853942871,0.2584472894668579,0.5205212235450745,0.01754348911345005
2,37,True,0.3499999940395355,1,0.7962496280670166,0.258144348859787,0.520930290222168,0.01771600916981697
2,38,True,0.4000000059604645,1,0.7960622310638428,0.2587372064590454,0.521065890789032,0.01771804690361023
2,39,True,0.44999998807907104,1,0.7946745157241821,0.25853294134140015,0.5216131806373596,0.01749264821410179
2,40,True,0.5,1,0.7943376302719116,0.2579842507839203,0.5213600397109985,0.017410196363925934
2,41,True,0.550000011920929,1,0.7944237589836121,0.2575354278087616,0.5205091238021851,0.017299778759479523
2,42,True,0.6000000238418579,1,0.7967008352279663,0.2570318877696991,0.5205866098403931,0.01723046787083149
2,43,True,0.6499999761581421,1,0.7989403009414673,0.2561659812927246,0.5208443403244019,0.017114462330937386
2,44,True,0.699999988079071,1,0.7999523282051086,0.2558702528476715,0.5201455354690552,0.016978468745946884
2,45,True,0.75,1,0.8001271486282349,0.255684494972229,0.5200490355491638,0.01695048063993454
2,46,True,0.800000011920929,1,0.80087810754776,0.25506094098091125,0.5201528072357178,0.01680474914610386
2,47,True,0.8500000238418579,1,0.8016974925994873,0.25459223985671997,0.5205663442611694,0.016517311334609985
2,48,True,0.8999999761581421,1,0.7991535663604736,0.25568222999572754,0.520496129989624,0.016590336337685585
2,49,True,0.949999988079071,1,0.8022942543029785,0.2537573277950287,0.5203529596328735,0.016655899584293365
2,50,True,1.0,1,0.7969915866851807,0.2548571527004242,0.5209180116653442,0.016653209924697876
2,51,True,1.0,1,0.7973983287811279,0.2546129822731018,0.5206198692321777,0.016580279916524887
2,52,True,1.0,1,0.7975082397460938,0.25452128052711487,0.5204601287841797,0.016534976661205292
2,53,True,1.0,1,0.7975327372550964,0.2544920742511749,0.5203848481178284,0.016512630507349968
2,54,True,1.0,1,0.7975479364395142,0.2544967234134674,0.5203520655632019,0.01649552583694458
2,55,True,1.0,1,0.797124981880188,0.2546501159667969,0.5206607580184937,0.01643751561641693
2,56,True,1.0,1,0.7970942258834839,0.254661500453949,0.520422101020813,0.016379302367568016
2,57,True,1.0,1,0.7970682382583618,0.2546674609184265,0.5203170776367188,0.016354123130440712
2,58,True,1.0,1,0.7970619201660156,0.25467467308044434,0.5202698707580566,0.016342880204319954
2,59,True,1.0,1,0.7970601320266724,0.2546710669994354,0.5202509164810181,0.01633855700492859
2,60,True,1.0,1,0.797059178352356,0.25467154383659363,0.5202428698539734,0.01633431203663349
2,61,True,1.0,1,0.7970579862594604,0.2546747028827667,0.5202361345291138,0.016334762796759605
2,62,True,1.0,1,0.797057032585144,0.2546752393245697,0.5202311277389526,0.016333794221282005
2,63,True,1.0,1,0.7967734336853027,0.2546992897987366,0.5203672647476196,0.016373608261346817
2,64,True,1.0,1,0.7967609167098999,0.2547425925731659,0.520196259021759,0.016336802393198013
2,65,True,1.0,1,0.7967497110366821,0.25474533438682556,0.5201336145401001,0.016314690932631493
2,66,True,1.0,1,0.7967451810836792,0.25475072860717773,0.5200852155685425,0.016302581876516342
2,67,True,1.0,1,0.7967425584793091,0.25475600361824036,0.5200686454772949,0.016295745968818665
2,68,True,1.0,1,0.7967417240142822,0.2547564208507538,0.5200514793395996,0.016293779015541077
2,69,True,1.0,1,0.7967441082000732,0.2547608017921448,0.5200561881065369,0.016295520588755608
2,70,True,1.0,1,0.7967431545257568,0.25476062297821045,0.5200550556182861,0.01629417948424816
2,71,True,1.0,1,0.7967211008071899,0.2546846568584442,0.5203155279159546,0.01635572873055935
2,72,True,1.0,1,0.796724796295166,0.2546811103820801,0.5201900005340576,0.016324780881404877
2,73,True,1.0,1,0.7967220544815063,0.25468572974205017,0.5201257467269897,0.016306716948747635
2,74,True,1.0,1,0.7967246770858765,0.25468331575393677,0.5201096534729004,0.016300247982144356
2,75,False,0.0,1,0.7872764468193054,0.27125686407089233,0.518388032913208,0.016724076122045517
2,76,False,0.0,1,0.7845379710197449,0.2729640603065491,0.5194499492645264,0.016851624473929405
2,77,False,0.0,1,0.7835959196090698,0.2723761200904846,0.5196423530578613,0.016835320740938187
2,78,False,0.0,1,0.7832409739494324,0.2722766697406769,0.5196878910064697,0.016917264088988304
2,79,False,0.0,1,0.7828682661056519,0.27207013964653015,0.5201306343078613,0.016968239098787308
2,80,False,0.0,1,0.7827854156494141,0.2714155316352844,0.5203346014022827,0.01692880131304264
2,81,False,0.0,1,0.7814435958862305,0.2714500427246094,0.5204641819000244,0.01701176166534424
2,82,False,0.0,1,0.7796955108642578,0.27222877740859985,0.5204904675483704,0.01703036017715931
2,83,False,0.0,1,0.778078556060791,0.2732049822807312,0.5205587148666382,0.016987720504403114
2,84,False,0.0,1,0.7778912782669067,0.2735665440559387,0.5206758379936218,0.0169787909835577
2,85,False,0.0,1,0.7780190706253052,0.2732846736907959,0.5206596851348877,0.016982536762952805
2,86,False,0.0,1,0.7785140872001648,0.2729978859424591,0.5205838084220886,0.017018025740981102
2,87,False,0.0,1,0.7792034149169922,0.27239564061164856,0.5200685858726501,0.01682712882757187
2,88,False,0.0,1,0.7793313264846802,0.2715436816215515,0.5199501514434814,0.016696352511644363
2,89,False,0.0,1,0.7794984579086304,0.2714759111404419,0.5195828676223755,0.016558237373828888
2,90,False,0.0,1,0.7803448438644409,0.2715774476528168,0.5195183753967285,0.01650051400065422
2,91,False,0.0,1,0.7802625894546509,0.27220696210861206,0.5195494890213013,0.016575610265135765
2,92,False,0.0,1,0.7808034420013428,0.27127861976623535,0.5194205045700073,0.016621515154838562
2,93,False,0.0,1,0.7810735702514648,0.26967912912368774,0.5194017887115479,0.016651038080453873
2,94,False,0.0,1,0.7812265157699585,0.26855531334877014,0.5194187164306641,0.016706503927707672
2,95,False,0.0,1,0.7811845541000366,0.26756078004837036,0.5189756155014038,0.01645537279546261
2,96,False,0.0,1,0.7816561460494995,0.26647210121154785,0.5188027620315552,0.01643134467303753
2,97,False,0.0,1,0.7818763256072998,0.26586154103279114,0.5186824202537537,0.016431458294391632
2,98,False,0.0,1,0.7826812267303467,0.265638530254364,0.5186066627502441,0.01644114963710308
2,99,False,0.0,1,0.7844076752662659,0.2651311457157135,0.5183932781219482,0.016400113701820374
2,100,False,0.0,1,0.7872975468635559,0.2642896771430969,0.5181847810745239,0.016320733353495598
3,0,False,0.0,0,0.7212706804275513,0.1969001591205597,0.5075300931930542,0.0061273956671357155
3,1,False,0.0,1,0.8005472421646118,0.2618238627910614,0.518771231174469,0.016563327983021736
3,2,False,0.0,1,0.8007198572158813,0.2617979049682617,0.5185137987136841,0.01635141670703888
3,3,False,0.0,1,0.8010081648826599,0.2617136538028717,0.5186088681221008,0.016365468502044678
3,4,False,0.0,1,0.8014642000198364,0.26189228892326355,0.5183695554733276,0.016402075067162514
3,5,False,0.0,1,0.8011448979377747,0.26225849986076355,0.5184592008590698,0.016408929601311684
3,6,False,0.0,1,0.8011031746864319,0.2624284625053406,0.5183468461036682,0.01638852432370186
3,7,False,0.0,1,0.800601601600647,0.263004332780838,0.5183364152908325,0.016404660418629646
3,8,False,0.0,1,0.800705075263977,0.26341480016708374,0.5183038711547852,0.01642797142267227
3,9,False,0.0,1,0.8005484342575073,0.2635239064693451,0.518157958984375,0.016503000631928444
3,10,False,0.0,1,0.8006168603897095,0.2638402283191681,0.518089771270752,0.016386505216360092
3,11,False,0.0,1,0.7993813753128052,0.2641724944114685,0.5178786516189575,0.01635213941335678
3,12,False,0.0,1,0.7987102270126343,0.2649340033531189,0.5179423093795776,0.016299180686473846
3,13,False,0.0,1,0.7977467775344849,0.26574209332466125,0.518187403678894,0.01629158854484558
3,14,False,0.0,1,0.7973551750183105,0.26600971817970276,0.5181229114532471,0.016241494566202164
3,15,False,0.0,1,0.7966350317001343,0.266913503408432,0.5180334448814392,0.016151852905750275
3,16,False,0.0,1,0.7964596748352051,0.26737695932388306,0.5180341601371765,0.01611967571079731
3,17,False,0.0,1,0.7959021329879761,0.2681644558906555,0.5178895592689514,0.0160710159689188
3,18,False,0.0,1,0.7954212427139282,0.2687617242336273,0.5178101062774658,0.016037017107009888
3,19,False,0.0,1,0.7947832345962524,0.2692303955554962,0.5174935460090637,0.01600779965519905
3,20,False,0.0,1,0.7942286133766174,0.2700759172439575,0.5176733732223511,0.01592251844704151
3,21,False,0.0,1,0.7936607599258423,0.27105024456977844,0.5177326202392578,0.015936700627207756
3,22,False,0.0,1,0.7929176092147827,0.2719177305698395,0.5177538394927979,0.015939809381961823
3,23,False,0.0,1,0.7910666465759277,0.2730981409549713,0.5176400542259216,0.01593790203332901
3,24,False,0.0,1,0.7896249294281006,0.2736321687698364,0.5175280570983887,0.015957484021782875
3,25,False,0.0,1,0.7883205413818359,0.27339446544647217,0.5174919366836548,0.015998242422938347
3,26,False,0.0,1,0.7878302335739136,0.27355799078941345,0.5175193548202515,0.016021765768527985
3,27,False,0.0,1,0.7874128818511963,0.27385178208351135,0.5174146890640259,0.01599794812500477
3,28,False,0.0,1,0.787238597869873,0.2744744122028351,0.5173131227493286,0.015963681042194366
3,29,False,0.0,1,0.786064863204956,0.2753788232803345,0.5173298120498657,0.015940247103571892
3,30,False,0.0,1,0.7849838733673096,0.27646520733833313,0.517328143119812,0.015960315242409706
3,31,False,0.0,1,0.7843023538589478,0.2763066589832306,0.5174820423126221,0.015964247286319733
3,32,False,0.0,1,0.7841078042984009,0.2759459912776947,0.5173624753952026,0.015996595844626427
3,33,False,0.0,1,0.7857168912887573,0.2746660113334656,0.5171724557876587,0.016013260930776596
3,34,False,0.0,1,0.7869445085525513,0.27390486001968384,0.5174087285995483,0.015974730253219604
3,35,False,0.0,1,0.7877967357635498,0.2733894884586334,0.5172101259231567,0.015976008027791977
3,36,False,0.0,1,0.7887946963310242,0.27218377590179443,0.5172677040100098,0.015985684469342232
3,37,False,0.0,1,0.7902231812477112,0.27081695199012756,0.5173336267471313,0.016031421720981598
3,38,False,0.0,1,0.7907871603965759,0.26996442675590515,0.5175135135650635,0.016062695533037186
3,39,False,0.0,1,0.7906606197357178,0.27008485794067383,0.517544150352478,0.016067277640104294
3,40,False,0.0,1,0.7906213998794556,0.2697778642177582,0.5175315141677856,0.016059983521699905
3,41,False,0.0,1,0.7907406091690063,0.2690429091453552,0.5176103115081787,0.01606106385588646
3,42,False,0.0,1,0.7900207042694092,0.26861172914505005,0.5178642272949219,0.016171475872397423
3,43,False,0.0,1,0.7898234724998474,0.26821717619895935,0.5177879929542542,0.01615658402442932
3,44,False,0.0,1,0.7897068858146667,0.26762932538986206,0.5176637172698975,0.016143567860126495
3,45,False,0.0,1,0.7895066738128662,0.267347127199173,0.5174354314804077,0.016103101894259453
3,46,False,0.0,1,0.788520097732544,0.26705729961395264,0.517526388168335,0.016098815947771072
3,47,False,0.0,1,0.7878292202949524,0.2662130892276764,0.5174442529678345,0.0161062553524971
3,48,False,0.0,1,0.7886844873428345,0.26558929681777954,0.5172994136810303,0.01605531945824623
3,49,False,0.0,1,0.7882355451583862,0.2662825882434845,0.5173302888870239,0.016073690727353096
3,50,False,0.0,1,0.7879325151443481,0.266181081533432,0.5177355408668518,0.016218937933444977
3,51,False,0.0,1,0.7875176668167114,0.26602157950401306,0.5176815986633301,0.01621701940894127
3,52,False,0.0,1,0.7885698080062866,0.2649710774421692,0.5175115466117859,0.01614217273890972
3,53,False,0.0,1,0.7886414527893066,0.2644849121570587,0.5173968076705933,0.016110651195049286
3,54,False,0.0,1,0.7891906499862671,0.26413896679878235,0.5173526406288147,0.01609359122812748
3,55,False,0.0,1,0.7895118594169617,0.26413851976394653,0.5174091458320618,0.016102563589811325
3,56,False,0.0,1,0.7898321151733398,0.2642676532268524,0.5174684524536133,0.016126779839396477
3,57,False,0.0,1,0.7898476123809814,0.2644134759902954,0.5174691677093506,0.016163084656000137
3,58,False,0.0,1,0.7894394397735596,0.26392862200737,0.5182489156723022,0.016495542600750923
3,59,False,0.0,1,0.7904256582260132,0.26339295506477356,0.5181064605712891,0.016484132036566734
3,60,False,0.0,1,0.7916563153266907,0.26344209909439087,0.5179611444473267,0.01645505242049694
3,61,False,0.0,1,0.792960524559021,0.26329416036605835,0.5178054571151733,0.0163893960416317
3,62,False,0.0,1,0.7931382656097412,0.26371103525161743,0.5175597667694092,0.016328983008861542
3,63,False,0.0,1,0.7933788299560547,0.26417186856269836,0.5175833702087402,0.016296355053782463
3,64,False,0.0,1,0.7937500476837158,0.26443636417388916,0.517426609992981,0.016237735748291016
3,65,False,0.0,1,0.7939710021018982,0.2641060948371887,0.5173782110214233,0.016170749440789223
3,66,False,0.0,1,0.7944679260253906,0.2638869285583496,0.5186645984649658,0.01635848917067051
3,67,False,0.0,1,0.7949959635734558,0.2641028165817261,0.5189909338951111,0.016346298158168793
3,68,False,0.0,1,0.7959983348846436,0.26343095302581787,0.5191218852996826,0.016345584765076637
3,69,False,0.0,1,0.7971780300140381,0.26275843381881714,0.5191631317138672,0.016331981867551804
3,70,False,0.0,1,0.7996978759765625,0.2614082992076874,0.5195722579956055,0.016313685104250908
3,71,False,0.0,1,0.8013958930969238,0.26091668009757996,0.5197499990463257,0.01642777770757675
3,72,False,0.0,1,0.8017915487289429,0.2603551149368286,0.519584596157074,0.01631450094282627
3,73,False,0.0,1,0.8017616271972656,0.2601482570171356,0.5194576978683472,0.016216576099395752
3,74,False,0.0,1,0.8011882305145264,0.2602422833442688,0.5204231142997742,0.016448387876152992
3,75,False,0.0,1,0.8015439510345459,0.2601971924304962,0.5203313231468201,0.016395878046751022
3,76,False,0.0,1,0.8016352653503418,0.2609351575374603,0.5202492475509644,0.016313977539539337
3,77,False,0.0,1,0.8017576932907104,0.26125746965408325,0.5201205611228943,0.016310248523950577
3,78,False,0.0,1,0.8016363382339478,0.26144179701805115,0.520228385925293,0.016373278573155403
3,79,False,0.0,1,0.8018934726715088,0.2615806758403778,0.5202357769012451,0.016389168798923492
3,80,False,0.0,1,0.8015378713607788,0.26182860136032104,0.5201922655105591,0.016281791031360626
3,81,False,0.0,1,0.8011572360992432,0.26198306679725647,0.5202623009681702,0.016194656491279602
3,82,False,0.0,1,0.8011726140975952,0.26223456859588623,0.5213675498962402,0.01637381501495838
3,83,False,0.0,1,0.8009963035583496,0.26215869188308716,0.5211106538772583,0.016509169712662697
3,84,False,0.0,1,0.800808310508728,0.2620067298412323,0.5209047794342041,0.01646825671195984
3,85,False,0.0,1,0.8008953332901001,0.2615944743156433,0.5206491947174072,0.016492538154125214
3,86,False,0.0,1,0.8011481761932373,0.2616673707962036,0.5203264355659485,0.016387034207582474
3,87,False,0.0,1,0.8011760711669922,0.26158055663108826,0.5201143026351929,0.01640038564801216
3,88,False,0.0,1,0.8015340566635132,0.26134854555130005,0.5199224948883057,0.016431959345936775
3,89,False,0.0,1,0.8017946481704712,0.2614957392215729,0.5198965072631836,0.016477517783641815
3,90,False,0.0,1,0.8025472164154053,0.2614894211292267,0.5206159353256226,0.016453135758638382
3,91,False,0.0,1,0.8036277294158936,0.2609255313873291,0.5203392505645752,0.016334734857082367
3,92,False,0.0,1,0.8036943078041077,0.26062822341918945,0.5205533504486084,0.016336897388100624
3,93,False,0.0,1,0.8031948208808899,0.2601979374885559,0.5204833745956421,0.01631716452538967
3,94,False,0.0,1,0.8028144836425781,0.26004838943481445,0.52019202709198,0.01622299663722515
3,95,False,0.0,1,0.802790641784668,0.2601175010204315,0.5202585458755493,0.016307855024933815
3,96,False,0.0,1,0.8022311925888062,0.2601628601551056,0.5203907489776611,0.016408970579504967
3,97,False,0.0,1,0.8013850450515747,0.260394811630249,0.5204161405563354,0.016446352005004883
3,98,False,0.0,1,0.8006972670555115,0.2611020505428314,0.5206289291381836,0.016386045143008232
3,99,False,0.0,1,0.7988944053649902,0.2615606486797333,0.520065426826477,0.016289450228214264
3,100,False,0.0,1,0.7968981266021729,0.2626691162586212,0.5198899507522583,0.01623876392841339
3,101,False,0.0,1,0.7951206564903259,0.26428353786468506,0.519538938999176,0.016243482008576393
3,102,False,0.0,1,0.7937179803848267,0.26590612530708313,0.5196810960769653,0.016215583309531212
3,103,False,0.0,1,0.7928893566131592,0.2668193578720093,0.5196329355239868,0.016154015436768532
3,104,False,0.0,1,0.7917465567588806,0.2677379846572876,0.5195526480674744,0.0161809790879488
3,105,False,0.0,1,0.7906280159950256,0.26887473464012146,0.519498348236084,0.016186125576496124
3,106,False,0.0,1,0.7900362014770508,0.2697790563106537,0.5200167894363403,0.016061175614595413
3,107,False,0.0,1,0.7896517515182495,0.2705378234386444,0.5201432704925537,0.01591070555150509
3,108,False,0.0,1,0.7900553345680237,0.2711324095726013,0.5202765464782715,0.015860633924603462
3,109,False,0.0,1,0.7886486053466797,0.27217668294906616,0.5202058553695679,0.015860790386795998
3,110,False,0.0,1,0.788829505443573,0.2724233865737915,0.520218014717102,0.01585240475833416
3,111,False,0.0,1,0.7875856757164001,0.2731398046016693,0.5203359127044678,0.015904821455478668
3,112,False,0.0,1,0.7863194942474365,0.27398306131362915,0.5206441879272461,0.015898512676358223
3,113,False,0.0,1,0.7850028872489929,0.27490705251693726,0.5206664204597473,0.01591610535979271
3,114,False,0.0,1,0.7844746112823486,0.2751423418521881,0.5206406116485596,0.015691135078668594
3,115,False,0.0,1,0.7839573621749878,0.2758236527442932,0.520453691482544,0.01566382125020027
3,116,False,0.0,1,0.7834527492523193,0.2759718596935272,0.5205608606338501,0.01573210209608078
3,117,False,0.0,1,0.7836740612983704,0.27572861313819885,0.5208117961883545,0.015854857861995697
3,118,False,0.0,1,0.7843339443206787,0.27471819519996643,0.5208947658538818,0.0158401969820261
3,119,False,0.0,1,0.7854815721511841,0.2739676535129547,0.520984411239624,0.015890022739768028
3,120,False,0.0,1,0.7859322428703308,0.2728360593318939,0.5208699703216553,0.0158956591039896
3,121,False,0.0,1,0.7870478630065918,0.27079442143440247,0.5210853815078735,0.01589341275393963
3,122,False,0.0,1,0.7887814044952393,0.2689987123012543,0.5207985639572144,0.015520206652581692
3,123,False,0.0,1,0.7889555096626282,0.2687121033668518,0.5204801559448242,0.01548919640481472
3,124,False,0.0,1,0.7892626523971558,0.26864439249038696,0.5203925371170044,0.015484016388654709
3,125,False,0.0,1,0.7893643379211426,0.2684474587440491,0.5203183889389038,0.015463731251657009
3,126,False,0.0,1,0.7897109985351562,0.26843392848968506,0.5202833414077759,0.015473189763724804
3,127,False,0.0,1,0.7898290157318115,0.2682437002658844,0.5202256441116333,0.015465606935322285
3,128,False,0.0,1,0.7898412942886353,0.2682805359363556,0.5202304124832153,0.015474800951778889
3,129,False,0.0,1,0.7897329330444336,0.26836609840393066,0.5202958583831787,0.015494739636778831
3,130,False,0.0,1,0.790192186832428,0.26801472902297974,0.5201635360717773,0.015303489752113819
3,131,False,0.0,1,0.7911188006401062,0.2669956088066101,0.5200513601303101,0.015275845304131508
3,132,False,0.0,1,0.7921645641326904,0.2656887471675873,0.5197621583938599,0.015252442099153996
4,0,False,0.0,0,0.6994345188140869,0.17867185175418854,0.5084927082061768,0.006528164725750685
4,1,False,0.0,1,0.8074060678482056,0.25183308124542236,0.5196876525878906,0.015134787186980247
4,2,False,0.0,1,0.8077766299247742,0.25156521797180176,0.5195744037628174,0.015114194713532925
4,3,False,0.0,1,0.8099707365036011,0.24997925758361816,0.5197536945343018,0.015179797075688839
4,4,False,0.0,1,0.8103762865066528,0.24997858703136444,0.5198254585266113,0.015338374301791191
4,5,False,0.0,1,0.8117306232452393,0.24942496418952942,0.5196971893310547,0.015200021676719189
4,6,False,0.0,1,0.8122134208679199,0.24915742874145508,0.5198090076446533,0.015170793980360031
4,7,False,0.0,1,0.8120831251144409,0.24922390282154083,0.5194879174232483,0.015185095369815826
4,8,False,0.0,1,0.8118307590484619,0.24960868060588837,0.5194343328475952,0.015220197848975658
4,9,False,0.0,1,0.8117959499359131,0.2497597336769104,0.519245982170105,0.015235325321555138
4,10,False,0.0,1,0.8123005628585815,0.24955891072750092,0.5193678736686707,0.015273700468242168
4,11,False,0.0,1,0.8133476376533508,0.2494209259748459,0.5192671418190002,0.015254056081175804
4,12,False,0.0,1,0.8139023184776306,0.24955953657627106,0.5187580585479736,0.015284198336303234
4,13,False,0.0,1,0.8137478232383728,0.25004225969314575,0.5181660056114197,0.015400427393615246
4,14,False,0.0,1,0.8136245012283325,0.25027528405189514,0.5181223750114441,0.015363049693405628
4,15,False,0.0,1,0.8135147094726562,0.25044184923171997,0.5180810689926147,0.015268346294760704
4,16,False,0.0,1,0.8139113187789917,0.2502656579017639,0.5182259678840637,0.015295363031327724
4,17,False,0.0,1,0.8137814998626709,0.2504618465900421,0.5182757377624512,0.015166479162871838
4,18,False,0.0,1,0.8136895298957825,0.250621497631073,0.5184027552604675,0.015147184021770954
4,19,False,0.0,1,0.8140169382095337,0.2507145404815674,0.5182166695594788,0.01512203086167574
4,20,False,0.0,1,0.8145357370376587,0.25105080008506775,0.5179377794265747,0.015139248222112656
4,21,False,0.0,1,0.8144546747207642,0.2513119876384735,0.5182191133499146,0.01565096713602543
4,22,False,0.0,1,0.8145405054092407,0.251058965921402,0.5188907980918884,0.015717763453722
4,23,False,0.0,1,0.8145055770874023,0.2514696419239044,0.5191770792007446,0.01578930765390396
4,24,False,0.0,1,0.8136653900146484,0.2523002028465271,0.5194491147994995,0.01582999899983406
4,25,False,0.0,1,0.8124539852142334,0.2532052993774414,0.5196276903152466,0.015845630317926407
4,26,False,0.0,1,0.8113819360733032,0.25384125113487244,0.5197926163673401,0.015842922031879425
4,27,False,0.0,1,0.8100080490112305,0.25448083877563477,0.5196689367294312,0.01578577794134617
4,28,False,0.0,1,0.807519257068634,0.2553856670856476,0.5199700593948364,0.015794670209288597
4,29,False,0.0,1,0.8057631254196167,0.2567412257194519,0.5206423997879028,0.016722863540053368
4,30,False,0.0,1,0.8052416443824768,0.25813889503479004,0.5202492475509644,0.016664540395140648
4,31,False,0.0,1,0.804269015789032,0.25914591550827026,0.5202385783195496,0.01672949455678463
4,32,False,0.0,1,0.8025747537612915,0.260061115026474,0.5203723907470703,0.01675250381231308
4,33,False,0.0,1,0.8014741539955139,0.26107022166252136,0.5202621817588806,0.016752228140830994
4,34,False,0.0,1,0.7995806932449341,0.2628154158592224,0.5203059911727905,0.01680855080485344
4,35,False,0.0,1,0.7962502241134644,0.26556408405303955,0.5199857950210571,0.01683133654296398
4,36,False,0.0,1,0.7932695150375366,0.26743245124816895,0.520065188407898,0.016880307346582413
4,37,False,0.0,1,0.7914904952049255,0.26989370584487915,0.5203410387039185,0.017647571861743927
4,38,False,0.0,1,0.7889336943626404,0.27309489250183105,0.5202836394309998,0.01759416051208973
4,39,False,0.0,1,0.7872812747955322,0.2751477360725403,0.5201542973518372,0.017517058178782463
4,40,False,0.0,1,0.7856030464172363,0.2759163975715637,0.5200533866882324,0.017546741291880608
4,41,False,0.0,1,0.783113420009613,0.2774645984172821,0.5197192430496216,0.01734868437051773
4,42,False,0.0,1,0.7826282382011414,0.27684563398361206,0.5200544595718384,0.01743246056139469
4,43,False,0.0,1,0.782578706741333,0.2764895260334015,0.5201743245124817,0.017443085089325905
4,44,False,0.0,1,0.7830297946929932,0.27548402547836304,0.5200992822647095,0.017432114109396935
4,45,False,0.0,1,0.7839363217353821,0.2744291126728058,0.5205827951431274,0.01822493225336075
4,46,False,0.0,1,0.7841694355010986,0.2738865315914154,0.5206331610679626,0.0181872621178627
4,47,False,0.0,1,0.7845928072929382,0.27349594235420227,0.5206751823425293,0.018222609534859657
4,48,False,0.0,1,0.7849463820457458,0.27301090955734253,0.5207465887069702,0.018210677430033684
4,49,False,0.0,1,0.7852115631103516,0.27250126004219055,0.5209861993789673,0.018219834193587303
4,50,False,0.0,1,0.785250186920166,0.27194443345069885,0.5210750699043274,0.018225522711873055
4,51,False,0.0,1,0.7842321395874023,0.2719196081161499,0.5211737155914307,0.018166767433285713
4,52,False,0.0,1,0.783036470413208,0.27177584171295166,0.521125316619873,0.01805298961699009
4,53,False,0.0,1,0.7819594144821167,0.2725375294685364,0.5214483737945557,0.018381968140602112
4,54,False,0.0,1,0.7819371223449707,0.271980345249176,0.5219203233718872,0.01841156557202339
4,55,False,0.0,1,0.7803580164909363,0.2737506628036499,0.5221294164657593,0.018342923372983932
4,56,False,0.0,1,0.7812268733978271,0.27291229367256165,0.5223331451416016,0.01832607015967369
4,57,False,0.0,1,0.7829631567001343,0.27198952436447144,0.522147536277771,0.018254846334457397
4,58,False,0.0,1,0.784075140953064,0.2721366286277771,0.5219031572341919,0.018204621970653534
4,59,False,0.0,1,0.7851279973983765,0.2725561261177063,0.5216368436813354,0.018065612763166428
4,60,False,0.0,1,0.7857311964035034,0.2728939354419708,0.5214501619338989,0.017989706248044968
4,61,False,0.0,1,0.7861384153366089,0.27211907505989075,0.5216614007949829,0.01803138665854931
4,62,False,0.0,1,0.786178469657898,0.2715415060520172,0.521752119064331,0.01804877445101738
4,63,False,0.0,1,0.7866708040237427,0.2712371349334717,0.5217487812042236,0.01804237999022007
4,64,False,0.0,1,0.7872421145439148,0.27059271931648254,0.5216627717018127,0.018028348684310913
4,65,False,0.0,1,0.7875398397445679,0.2710435092449188,0.5215933322906494,0.01798819936811924
4,66,False,0.0,1,0.7882804870605469,0.2710346579551697,0.5216777324676514,0.01803998090326786
4,67,False,0.0,1,0.789211094379425,0.27057257294654846,0.5217565298080444,0.018033256754279137
4,68,False,0.0,1,0.7901461124420166,0.26943549513816833,0.5218113660812378,0.01808982342481613
4,69,False,0.0,1,0.7908852100372314,0.2690160572528839,0.5218959450721741,0.018092257902026176
4,70,False,0.0,1,0.7915107607841492,0.26861071586608887,0.5220730304718018,0.01812226139008999
4,71,False,0.0,1,0.7917356491088867,0.2685092091560364,0.5221976041793823,0.018131116405129433
4,72,False,0.0,1,0.7924894094467163,0.26834163069725037,0.5222127437591553,0.018101045861840248
4,73,False,0.0,1,0.7937159538269043,0.2676045298576355,0.5221180319786072,0.018088728189468384
4,74,False,0.0,1,0.7943329811096191,0.267551451921463,0.5222235918045044,0.01820836029946804
4,75,False,0.0,1,0.7945908308029175,0.2677343785762787,0.5223181247711182,0.01813432015478611
4,76,False,0.0,1,0.7951787710189819,0.2669420838356018,0.5224985480308533,0.01816786266863346
4,77,False,0.0,1,0.7958455085754395,0.2665821611881256,0.5225048065185547,0.01822097785770893
4,78,False,0.0,1,0.7965130805969238,0.26648199558258057,0.5225409865379333,0.018261631950736046
4,79,False,0.0,1,0.7968201637268066,0.2662506699562073,0.5224534869194031,0.018233340233564377
4,80,False,0.0,1,0.79744952917099,0.2659355700016022,0.5223636627197266,0.018163835629820824
4,81,False,0.0,1,0.79804527759552,0.2655848562717438,0.5220495462417603,0.01800728775560856
4,82,False,0.0,1,0.7987134456634521,0.2653946876525879,0.5219367146492004,0.018056804314255714
4,83,False,0.0,1,0.7985458374023438,0.26545101404190063,0.5218487977981567,0.017986545339226723
4,84,False,0.0,1,0.7986652851104736,0.2655027210712433,0.5216692686080933,0.017913997173309326
4,85,False,0.0,1,0.7990562915802002,0.2652556300163269,0.5213212966918945,0.017770962789654732
4,86,False,0.0,1,0.7994349598884583,0.26464220881462097,0.5212393999099731,0.017674019560217857
4,87,False,0.0,1,0.7993329763412476,0.26395705342292786,0.5209693908691406,0.01755387894809246
4,88,False,0.0,1,0.7988778352737427,0.2636285126209259,0.5207144021987915,0.017470793798565865
4,89,False,0.0,1,0.7988694906234741,0.2632516622543335,0.5208286046981812,0.01750895567238331
4,90,False,0.0,1,0.799046516418457,0.26252010464668274,0.5208439826965332,0.017553698271512985
4,91,False,0.0,1,0.799396812915802,0.2616707980632782,0.5208032131195068,0.01768512651324272
4,92,False,0.0,1,0.7993286848068237,0.2608119547367096,0.5206845998764038,0.01762230508029461
4,93,False,0.0,1,0.7990218997001648,0.2604082226753235,0.5200749635696411,0.017372995615005493
4,94,False,0.0,1,0.7995853424072266,0.25976133346557617,0.5199774503707886,0.01731082797050476
4,95,False,0.0,1,0.7993622422218323,0.2594824731349945,0.5199165940284729,0.01721612550318241
4,96,False,0.0,1,0.8000000715255737,0.25930356979370117,0.5199471712112427,0.01730593666434288
4,97,False,0.0,1,0.7994462847709656,0.2593059241771698,0.5199247002601624,0.017300300300121307
4,98,False,0.0,1,0.7993504405021667,0.25931277871131897,0.5201390981674194,0.017380813136696815
4,99,False,0.0,1,0.7988102436065674,0.25928565859794617,0.5200313925743103,0.017295582219958305
4,100,False,0.0,1,0.7980647087097168,0.2596469223499298,0.5201168656349182,0.017339715734124184
4,101,False,0.0,1,0.7975600957870483,0.2595769762992859,0.5196785926818848,0.017410630360245705
4,102,False,0.0,1,0.7979986667633057,0.2594362795352936,0.5196595191955566,0.017391612753272057
4,103,False,0.0,1,0.7979522943496704,0.26032885909080505,0.5195393562316895,0.01742752082645893
4,104,False,0.0,1,0.7968401908874512,0.26129093766212463,0.5194156169891357,0.01737610250711441
4,105,False,0.0,1,0.7965881824493408,0.26168298721313477,0.5192652940750122,0.01739594340324402
4,106,False,0.0,1,0.7959457635879517,0.2627655565738678,0.5191618800163269,0.017409324645996094
4,107,False,0.0,1,0.7948895692825317,0.26365360617637634,0.5192272663116455,0.01749340444803238
4,108,False,0.0,1,0.7947431802749634,0.26414984464645386,0.5191447734832764,0.01751609519124031
4,109,False,0.0,1,0.7938045263290405,0.2650493383407593,0.5186237096786499,0.017525332048535347
4,110,False,0.0,1,0.7940086126327515,0.2654491364955902,0.518532395362854,0.017561037093400955
4,111,False,0.0,1,0.7925227880477905,0.2663213014602661,0.518424391746521,0.017583593726158142
4,112,False,0.0,1,0.7912929058074951,0.26780083775520325,0.5183380246162415,0.017572544515132904
4,113,False,0.0,1,0.7908231616020203,0.26864561438560486,0.518308699131012,0.01750173605978489
4,114,False,0.0,1,0.7888514995574951,0.26925310492515564,0.5183396935462952,0.017479756847023964
4,115,False,0.0,1,0.7877898812294006,0.2697415351867676,0.5183584094047546,0.017483290284872055
4,116,False,0.0,1,0.7862734198570251,0.27041545510292053,0.5184099078178406,0.017488431185483932
4,117,False,0.0,1,0.7849831581115723,0.27166134119033813,0.5178533792495728,0.01715611293911934
4,118,False,0.0,1,0.7841132879257202,0.2729288637638092,0.5174990892410278,0.01704433374106884
4,119,False,0.0,1,0.7833515405654907,0.2742934823036194,0.5175803303718567,0.017081962898373604
4,120,False,0.0,1,0.7821788787841797,0.2750963866710663,0.517593264579773,0.017083585262298584
4,121,False,0.0,1,0.7821714282035828,0.2746864855289459,0.5173333883285522,0.016985367983579636
4,122,False,0.0,1,0.7825813293457031,0.27407386898994446,0.5172137022018433,0.016919542104005814
4,123,False,0.0,1,0.7817511558532715,0.27511247992515564,0.5171465277671814,0.01684735342860222
4,124,False,0.0,1,0.7829123139381409,0.27387118339538574,0.5171624422073364,0.016901787370443344
4,125,False,0.0,1,0.7834803462028503,0.2715410888195038,0.516661524772644,0.016806894913315773
4,126,False,0.0,1,0.7840491533279419,0.2706272006034851,0.5163623094558716,0.016769425943493843
4,127,False,0.0,1,0.7849503755569458,0.26961490511894226,0.5161049962043762,0.01677621342241764
4,128,False,0.0,1,0.786315381526947,0.2672773599624634,0.5157380700111389,0.016727689653635025
4,129,False,0.0,1,0.7870420813560486,0.26527518033981323,0.5155816078186035,0.0167098231613636
4,130,False,0.0,1,0.7876911163330078,0.26326119899749756,0.5154814124107361,0.016703719273209572
4,131,False,0.0,1,0.7880566716194153,0.2608919143676758,0.5154892206192017,0.016680028289556503
4,132,False,0.0,1,0.7883245348930359,0.2588801383972168,0.5154092311859131,0.01667371764779091
4,133,False,0.0,1,0.7886233925819397,0.2577383816242218,0.515889048576355,0.01665007509291172
4,134,False,0.0,1,0.7894994020462036,0.25758662819862366,0.5157603025436401,0.016662970185279846
4,135,False,0.0,1,0.790189266204834,0.25742071866989136,0.5156542062759399,0.016655612736940384
4,136,False,0.0,1,0.7913695573806763,0.2576221525669098,0.5156399011611938,0.016697287559509277
4,137,False,0.0,1,0.7904810905456543,0.2588939666748047,0.5158125162124634,0.016698630526661873
5,0,False,0.0,0,0.7142395973205566,0.17951208353042603,0.506983757019043,0.0072418623603880405
5,1,False,0.0,1,0.8129744529724121,0.2523355782032013,0.516815185546875,0.017174633219838142
5,2,False,0.0,1,0.8135625720024109,0.2519184947013855,0.5169202089309692,0.017241759225726128
5,3,False,0.0,1,0.8135852813720703,0.25137999653816223,0.5179187655448914,0.01738813892006874
5,4,False,0.0,1,0.8143793344497681,0.2507020831108093,0.5174810290336609,0.0173193346709013
5,5,False,0.0,1,0.815162181854248,0.24977298080921173,0.5173100829124451,0.01731664501130581
5,6,False,0.0,1,0.8156999945640564,0.2491314709186554,0.5172715783119202,0.017342321574687958
5,7,False,0.0,1,0.8164923191070557,0.24896962940692902,0.517337441444397,0.017386380583047867
5,8,False,0.0,1,0.8169173002243042,0.24848181009292603,0.5175530910491943,0.01744195446372032
5,9,False,0.0,1,0.8174495100975037,0.24853388965129852,0.5174418687820435,0.01739499159157276
5,10,False,0.0,1,0.8183778524398804,0.24857071042060852,0.517249584197998,0.01741715334355831
5,11,False,0.0,1,0.8185662627220154,0.248700812458992,0.5181130766868591,0.017784852534532547
5,12,False,0.0,1,0.818257212638855,0.24900703132152557,0.5179650783538818,0.01778242737054825
5,13,False,0.0,1,0.8181489706039429,0.24944756925106049,0.5178415775299072,0.01778065785765648
5,14,False,0.0,1,0.8182517290115356,0.24997520446777344,0.517767608165741,0.017760347574949265
5,15,False,0.0,1,0.8176173567771912,0.25047826766967773,0.5176036953926086,0.01768120750784874
5,16,False,0.0,1,0.8170362710952759,0.2509731948375702,0.51749587059021,0.017584403976798058
5,17,False,0.0,1,0.8166075944900513,0.25172755122184753,0.5176234245300293,0.01746208965778351
5,18,False,0.0,1,0.8153868913650513,0.25194549560546875,0.5178826451301575,0.01748969405889511
5,19,False,0.0,1,0.8142004013061523,0.2526604235172272,0.5190199017524719,0.01789148710668087
5,20,False,0.0,1,0.8127717971801758,0.2532396912574768,0.5190086364746094,0.01789638213813305
5,21,False,0.0,1,0.8111147284507751,0.25449177622795105,0.5190422534942627,0.017864597961306572
5,22,False,0.0,1,0.8092135190963745,0.2562483549118042,0.5192829966545105,0.01785028912127018
5,23,False,0.0,1,0.8080305457115173,0.2578302025794983,0.5194820165634155,0.0178956538438797
5,24,False,0.0,1,0.8058726787567139,0.2598549425601959,0.519385814666748,0.017870299518108368
5,25,False,0.0,1,0.8036665320396423,0.26118004322052,0.5194246768951416,0.01792766898870468
5,26,False,0.0,1,0.8015283346176147,0.26331907510757446,0.519686222076416,0.018040010705590248
5,27,False,0.0,1,0.7995244264602661,0.2651715576648712,0.5207051038742065,0.018518462777137756
5,28,False,0.0,1,0.7981410026550293,0.2673538625240326,0.5206478834152222,0.018595727160573006
5,29,False,0.0,1,0.7963926792144775,0.2692009210586548,0.5207838416099548,0.01865079067647457
5,30,False,0.0,1,0.793734073638916,0.27127358317375183,0.5206890106201172,0.018655972555279732
5,31,False,0.0,1,0.792538583278656,0.2725256383419037,0.5207308530807495,0.018772155046463013
5,32,False,0.0,1,0.7910159826278687,0.2734282910823822,0.520960807800293,0.018798943608999252
5,33,False,0.0,1,0.789375901222229,0.27467766404151917,0.5209699869155884,0.01889062486588955
5,34,False,0.0,1,0.7884616851806641,0.2748926281929016,0.520943284034729,0.018952544778585434
5,35,False,0.0,1,0.7883940935134888,0.27491772174835205,0.5220601558685303,0.019248556345701218
5,36,False,0.0,1,0.7880394458770752,0.27525827288627625,0.5220847725868225,0.019262641668319702
5,37,False,0.0,1,0.7872673273086548,0.2753460109233856,0.5221520662307739,0.019339293241500854
5,38,False,0.0,1,0.7864701747894287,0.27480417490005493,0.522262692451477,0.019427288323640823
5,39,False,0.0,1,0.786949634552002,0.2727900743484497,0.5222748517990112,0.01946488954126835
5,40,False,0.0,1,0.7871285676956177,0.27135828137397766,0.5223445892333984,0.019390352070331573
5,41,False,0.0,1,0.7871413230895996,0.27130770683288574,0.522269606590271,0.019197188317775726
5,42,False,0.0,1,0.7872296571731567,0.27170586585998535,0.5220967531204224,0.019173074513673782
5,43,False,0.0,1,0.7880829572677612,0.2721879482269287,0.522960364818573,0.019352462142705917
5,44,False,0.0,1,0.7883456945419312,0.272449791431427,0.5228551030158997,0.01940758526325226
5,45,False,0.0,1,0.7878287434577942,0.2729912996292114,0.5227603912353516,0.019386155530810356
5,46,False,0.0,1,0.7872480750083923,0.27273645997047424,0.5227354168891907,0.019375955685973167
5,47,False,0.0,1,0.7876294255256653,0.2719176709651947,0.5226169228553772,0.01934489980340004
5,48,False,0.0,1,0.7891364693641663,0.27111297845840454,0.5225361585617065,0.019287750124931335
5,49,False,0.0,1,0.7902356386184692,0.27081337571144104,0.5225226879119873,0.019285837188363075
5,50,False,0.0,1,0.791766881942749,0.26978328824043274,0.5225498080253601,0.01927904598414898
5,51,False,0.0,1,0.7925240993499756,0.26919877529144287,0.5229735970497131,0.01921759732067585
5,52,False,0.0,1,0.7930821180343628,0.26882442831993103,0.5229198932647705,0.01922738365828991
5,53,False,0.0,1,0.7933796644210815,0.2684606909751892,0.5228538513183594,0.019211560487747192
5,54,False,0.0,1,0.7940203547477722,0.2679365873336792,0.5227766036987305,0.019223297014832497
5,55,False,0.0,1,0.793893039226532,0.2683936059474945,0.5227488279342651,0.01924809068441391
5,56,False,0.0,1,0.7940294742584229,0.2684008479118347,0.5226717591285706,0.019131014123558998
5,57,False,0.0,1,0.7937885522842407,0.2686527669429779,0.5228816270828247,0.019217275083065033
5,58,False,0.0,1,0.7942860126495361,0.2692379057407379,0.5232002139091492,0.01925761252641678
5,59,False,0.0,1,0.794662356376648,0.2690633237361908,0.5237758755683899,0.01940930262207985
5,60,False,0.0,1,0.7948846817016602,0.26931795477867126,0.5234527587890625,0.019214263185858727
5,61,False,0.0,1,0.7950641512870789,0.2685789465904236,0.5235557556152344,0.019256150349974632
5,62,False,0.0,1,0.7962847948074341,0.26834699511528015,0.5236129760742188,0.019234921783208847
5,63,False,0.0,1,0.7964849472045898,0.26835039258003235,0.5236050486564636,0.019269563257694244
5,64,False,0.0,1,0.7972084283828735,0.2676851749420166,0.5235848426818848,0.019201725721359253
5,65,False,0.0,1,0.797149658203125,0.2680213451385498,0.5236023664474487,0.019142739474773407
5,66,False,0.0,1,0.7979493737220764,0.26750874519348145,0.5233539342880249,0.018897153437137604
5,67,False,0.0,1,0.7981753349304199,0.26782989501953125,0.5238609910011292,0.01908086985349655
5,68,False,0.0,1,0.7983144521713257,0.2675739824771881,0.52345871925354,0.018882550299167633
5,69,False,0.0,1,0.7990182042121887,0.2675025761127472,0.5235130190849304,0.01884256862103939
5,70,False,0.0,1,0.79913330078125,0.2673121392726898,0.5234485864639282,0.018824903294444084
5,71,False,0.0,1,0.8000086545944214,0.2669024169445038,0.5234284400939941,0.018772738054394722
5,72,False,0.0,1,0.7997702360153198,0.2669046223163605,0.5230429172515869,0.018679479137063026
5,73,False,0.0,1,0.7994161248207092,0.2664034068584442,0.5228034853935242,0.018485477194190025
5,74,False,0.0,1,0.799816370010376,0.26597651839256287,0.5228269100189209,0.01857161335647106
5,75,False,0.0,1,0.8000210523605347,0.2659249007701874,0.5232017040252686,0.018663303926587105
5,76,False,0.0,1,0.7998316287994385,0.26584574580192566,0.5231646299362183,0.01856156997382641
5,77,False,0.0,1,0.7996718287467957,0.2657606601715088,0.5232330560684204,0.018590958788990974
5,78,False,0.0,1,0.800227165222168,0.2652583122253418,0.5235559940338135,0.018815185874700546
5,79,False,0.0,1,0.8003888130187988,0.2647589445114136,0.5235501527786255,0.018813133239746094
5,80,False,0.0,1,0.8006867170333862,0.26476314663887024,0.5237526297569275,0.018868084996938705
5,81,False,0.0,1,0.8004765510559082,0.2649831175804138,0.5238595008850098,0.018833927810192108
5,82,False,0.0,1,0.800385594367981,0.265216201543808,0.5239226818084717,0.018864888697862625
5,83,False,0.0,1,0.7999645471572876,0.2653035521507263,0.5241730213165283,0.01880970411002636
5,84,False,0.0,1,0.7999243140220642,0.26558011770248413,0.5244449377059937,0.018878404051065445
5,85,False,0.0,1,0.7993404269218445,0.26630568504333496,0.5245237946510315,0.018920928239822388
5,86,False,0.0,1,0.7986514568328857,0.2669459283351898,0.5245803594589233,0.018987145274877548
5,87,False,0.0,1,0.7967841625213623,0.2679329514503479,0.5248296856880188,0.019067497923970222
5,88,False,0.0,1,0.7963774800300598,0.2683567702770233,0.5248154401779175,0.019072605296969414
5,89,False,0.0,1,0.7955330610275269,0.26899731159210205,0.524935245513916,0.019124243408441544
5,90,False,0.0,1,0.7954055666923523,0.2681625187397003,0.5249640941619873,0.019213318824768066
5,91,False,0.0,1,0.7952721118927002,0.26848703622817993,0.5250110626220703,0.01897267811000347
5,92,False,0.0,1,0.7952122688293457,0.2691809833049774,0.5247707366943359,0.018877537921071053
5,93,False,0.0,1,0.7946357727050781,0.2691209018230438,0.5246365070343018,0.018802499398589134
5,94,False,0.0,1,0.7941035032272339,0.2697715163230896,0.5246660709381104,0.01882260851562023
5,95,False,0.0,1,0.7932698726654053,0.27045655250549316,0.5244437456130981,0.018694275990128517
5,96,False,0.0,1,0.7925718426704407,0.2703759968280792,0.5243616104125977,0.018733160570263863
5,97,False,0.0,1,0.7921816110610962,0.27108234167099,0.5242334604263306,0.018626851961016655
5,98,False,0.0,1,0.7905337810516357,0.27224695682525635,0.5242725610733032,0.018657345324754715
5,99,False,0.0,1,0.7899006009101868,0.2727431058883667,0.5244845151901245,0.018628139048814774
5,100,False,0.0,1,0.7887091040611267,0.2731638550758362,0.5243593454360962,0.01852400042116642
5,101,False,0.0,1,0.7890501022338867,0.2739293873310089,0.5245084762573242,0.0185201745480299
5,102,False,0.0,1,0.7876539826393127,0.27174171805381775,0.5246819257736206,0.01853654347360134
5,103,False,0.0,1,0.7862569093704224,0.2729622423648834,0.5244280099868774,0.018339896574616432
5,104,False,0.0,1,0.7858922481536865,0.27300989627838135,0.5246092677116394,0.018447913229465485
5,105,False,0.0,1,0.7858076095581055,0.2732723355293274,0.5247868299484253,0.018551746383309364
5,106,False,0.0,1,0.7856504917144775,0.2732270658016205,0.5246400237083435,0.01859678328037262
5,107,False,0.0,1,0.7853555679321289,0.27304941415786743,0.5245148539543152,0.018362151458859444
5,108,False,0.0,1,0.7854505181312561,0.27282392978668213,0.5244772434234619,0.018308470025658607
5,109,False,0.0,1,0.7855571508407593,0.2733815014362335,0.5244354009628296,0.018305229023098946
5,110,False,0.0,1,0.785729169845581,0.2736552059650421,0.5243828892707825,0.01832817867398262
5,111,False,0.0,1,0.786567747592926,0.2723144590854645,0.5242708921432495,0.018324146047234535
5,112,False,0.0,1,0.787240743637085,0.2718304395675659,0.5241426229476929,0.01825835183262825
5,113,False,0.0,1,0.7881057262420654,0.27046406269073486,0.5240938067436218,0.01824093610048294
5,114,False,0.0,1,0.7885331511497498,0.27082881331443787,0.5238960981369019,0.018202153965830803
5,115,False,0.0,1,0.7883291244506836,0.2702978253364563,0.5237454175949097,0.018181269988417625
5,116,False,0.0,1,0.7870543003082275,0.2695375680923462,0.523888349533081,0.018201438710093498
5,117,False,0.0,1,0.7858965396881104,0.2689860165119171,0.5238586664199829,0.01820020005106926
5,118,False,0.0,1,0.7849811315536499,0.26775702834129333,0.523816704750061,0.01818101666867733
5,119,False,0.0,1,0.7858834266662598,0.2670174241065979,0.5238397121429443,0.018172767013311386
5,120,False,0.0,1,0.7883392572402954,0.26708850264549255,0.523908257484436,0.018145833164453506
5,121,False,0.0,1,0.7917704582214355,0.26561281085014343,0.5240308046340942,0.018132101744413376
5,122,False,0.0,1,0.7935243844985962,0.26613786816596985,0.5241372585296631,0.018113037571310997
5,123,False,0.0,1,0.7941633462905884,0.26566657423973083,0.5243998765945435,0.01821703463792801
5,124,False,0.0,1,0.7948514223098755,0.2654218375682831,0.5245614051818848,0.018144365400075912
6,0,False,0.0,0,0.7367873191833496,0.1841847449541092,0.5119993686676025,0.00949016772210598
6,1,False,0.0,1,0.8162115812301636,0.25384899973869324,0.5266983509063721,0.01864919625222683
6,2,False,0.0,1,0.8157005310058594,0.2542555034160614,0.5267806649208069,0.018670329824090004
6,3,False,0.0,1,0.8153012990951538,0.25486472249031067,0.5268173217773438,0.018702536821365356
6,4,False,0.0,1,0.815288782119751,0.2548638582229614,0.5266854763031006,0.018723631277680397
6,5,False,0.0,1,0.8151547908782959,0.25486114621162415,0.5266929268836975,0.018782522529363632
6,6,False,0.0,1,0.8147582411766052,0.2544427216053009,0.5267674922943115,0.01904298923909664
6,7,False,0.0,1,0.8147670030593872,0.2542860209941864,0.5266064405441284,0.01894553191959858
6,8,False,0.0,1,0.8138159513473511,0.2541278302669525,0.5263858437538147,0.018847627565264702
6,9,False,0.0,1,0.81419837474823,0.25416383147239685,0.5262736082077026,0.01882239431142807
6,10,False,0.0,1,0.8129626512527466,0.25444701313972473,0.5261154174804688,0.018879005685448647
6,11,False,0.0,1,0.811475396156311,0.2549586892127991,0.5259935855865479,0.01882867142558098
6,12,False,0.0,1,0.8096212148666382,0.25625094771385193,0.5259484648704529,0.018796447664499283
6,13,False,0.0,1,0.8078938722610474,0.25762853026390076,0.5262153148651123,0.0188431553542614
6,14,False,0.0,1,0.8056367039680481,0.2590641677379608,0.5266635417938232,0.019330335780978203
6,15,False,0.0,1,0.8028385043144226,0.26093408465385437,0.526567816734314,0.019313106313347816
6,16,False,0.0,1,0.8008396029472351,0.2626041769981384,0.5265281200408936,0.019330156967043877
6,17,False,0.0,1,0.7994030714035034,0.2641763389110565,0.5266783237457275,0.019349001348018646
6,18,False,0.0,1,0.7967993021011353,0.26647070050239563,0.5266842842102051,0.019340116530656815
6,19,False,0.0,1,0.7950162291526794,0.268270879983902,0.5268880128860474,0.01945238560438156
6,20,False,0.0,1,0.7931437492370605,0.27041691541671753,0.5269784927368164,0.019452305510640144
6,21,False,0.0,1,0.79195237159729,0.27182987332344055,0.526974081993103,0.019415365532040596
6,22,False,0.0,1,0.7910474538803101,0.27369043231010437,0.5276222229003906,0.020069124177098274
6,23,False,0.0,1,0.7898083925247192,0.275662899017334,0.5277523994445801,0.020045148208737373
6,24,False,0.0,1,0.7874932289123535,0.2781180143356323,0.5279940366744995,0.020112507045269012
6,25,False,0.0,1,0.7867071628570557,0.2789970636367798,0.5281739830970764,0.02010902762413025
6,26,False,0.0,1,0.7861447930335999,0.2798484265804291,0.5282116532325745,0.02015230990946293
6,27,False,0.0,1,0.785873293876648,0.2794719338417053,0.5281647443771362,0.020141607150435448
6,28,False,0.0,1,0.7856211066246033,0.2793293297290802,0.5279819965362549,0.020051216706633568
6,29,False,0.0,1,0.7856427431106567,0.27911388874053955,0.5280019044876099,0.02009185217320919
6,30,False,0.0,1,0.7858952283859253,0.27993831038475037,0.5283764600753784,0.020631786435842514
6,31,False,0.0,1,0.7860680222511292,0.2807065546512604,0.5282334089279175,0.02057887241244316
6,32,False,0.0,1,0.786177396774292,0.28098371624946594,0.5282382965087891,0.020603979006409645
6,33,False,0.0,1,0.7863571643829346,0.28103598952293396,0.5282566547393799,0.020608466118574142
6,34,True,0.03153153136372566,1,0.7867025136947632,0.28026196360588074,0.5281158685684204,0.020583489909768105
6,35,True,0.07657657563686371,1,0.7898141145706177,0.27309104800224304,0.528536319732666,0.020919308066368103
6,36,True,0.12162162363529205,1,0.790938138961792,0.27071887254714966,0.5283123850822449,0.02074904553592205
6,37,True,0.1666666716337204,1,0.7938028573989868,0.2669088542461395,0.5277887582778931,0.020379111170768738
6,38,True,0.21171170473098755,1,0.7971346378326416,0.2636840045452118,0.528333842754364,0.020517779514193535
6,39,True,0.2567567527294159,1,0.7984318733215332,0.26129189133644104,0.5285173654556274,0.020619917660951614
6,40,True,0.30180180072784424,1,0.7979539036750793,0.2605494558811188,0.5284981727600098,0.020607078447937965
6,41,True,0.3468468487262726,1,0.7978513240814209,0.2606358826160431,0.528184175491333,0.020479252561926842
6,42,True,0.3918918967247009,1,0.7970883846282959,0.26068082451820374,0.5281105041503906,0.020450226962566376
6,43,True,0.4369369447231293,1,0.797238290309906,0.25975510478019714,0.5278897285461426,0.02035924233496189
6,44,True,0.4819819927215576,1,0.7977291345596313,0.2594035565853119,0.5274997353553772,0.020202163606882095
6,45,True,0.5270270109176636,1,0.7992081642150879,0.2590150833129883,0.5272735357284546,0.02015587128698826
6,46,True,0.5720720887184143,1,0.7998325824737549,0.2585393488407135,0.5276170969009399,0.020441289991140366
6,47,True,0.6171171069145203,1,0.8003355264663696,0.25821489095687866,0.5276797413825989,0.02054898999631405
6,48,True,0.662162184715271,1,0.8006370067596436,0.2583406865596771,0.5278142094612122,0.020661838352680206
6,49,True,0.707207202911377,1,0.8000847697257996,0.2587069869041443,0.5276557803153992,0.020732074975967407
6,50,True,0.7522522807121277,1,0.7996852397918701,0.25893381237983704,0.5276341438293457,0.020770475268363953
6,51,True,0.7972972989082336,1,0.8001581430435181,0.25842171907424927,0.527708888053894,0.02078251726925373
6,52,True,0.8423423171043396,1,0.7998311519622803,0.25887176394462585,0.5278835892677307,0.020657161250710487
6,53,True,0.8873873949050903,1,0.799730122089386,0.2581915855407715,0.5281389951705933,0.020544828847050667
6,54,True,0.9324324131011963,1,0.7992761135101318,0.25768589973449707,0.5279986262321472,0.020324360579252243
6,55,True,0.977477490901947,1,0.7995857000350952,0.25788769125938416,0.5280064344406128,0.02035713568329811
6,56,True,1.0,1,0.7987691164016724,0.2577030062675476,0.5268262028694153,0.019634095951914787
6,57,True,1.0,1,0.7986494898796082,0.2575657367706299,0.5267612338066101,0.019684987142682076
6,58,True,1.0,1,0.7985460758209229,0.2575165331363678,0.526746392250061,0.01970858685672283
6,59,True,1.0,1,0.7984662055969238,0.2574850916862488,0.5267200469970703,0.019723566249012947
6,60,True,1.0,1,0.7984172105789185,0.2574926018714905,0.5267093181610107,0.01972787082195282
6,61,True,1.0,1,0.7984119653701782,0.25749173760414124,0.5267119407653809,0.01973297819495201
6,62,True,1.0,1,0.798510730266571,0.2572286128997803,0.5270744562149048,0.019763916730880737
6,63,True,1.0,1,0.7985455989837646,0.25721681118011475,0.5271205306053162,0.019825654104351997
6,64,True,1.0,1,0.7985628247261047,0.25722092390060425,0.5271359086036682,0.019853217527270317
6,65,True,1.0,1,0.7985621094703674,0.25722211599349976,0.5271273851394653,0.019865382462739944
6,66,True,1.0,1,0.7985677123069763,0.2572070360183716,0.5271222591400146,0.019872967153787613
6,67,True,1.0,1,0.7985617518424988,0.2572018504142761,0.5271195769309998,0.019870875403285027
6,68,True,1.0,1,0.7985565066337585,0.25719377398490906,0.5271199345588684,0.019869904965162277
6,69,True,1.0,1,0.798564612865448,0.2572018504142761,0.5271222591400146,0.019872866570949554
6,70,True,1.0,1,0.7988021969795227,0.2567198872566223,0.52739417552948,0.019829271361231804
6,71,True,1.0,1,0.7988443374633789,0.25665146112442017,0.5274485349655151,0.01990528032183647
6,72,True,1.0,1,0.7988573312759399,0.2566142976284027,0.5274791717529297,0.019937915727496147
6,73,True,1.0,1,0.7988659143447876,0.2565948963165283,0.5274918079376221,0.01995513215661049
6,74,True,1.0,1,0.7988705039024353,0.2565924823284149,0.5275000929832458,0.01996096409857273
6,75,True,1.0,1,0.7988683581352234,0.2565867602825165,0.5275086164474487,0.019967740401625633
6,76,True,1.0,1,0.7988882660865784,0.25659430027008057,0.5274993181228638,0.019966881722211838
6,77,True,1.0,1,0.7988840937614441,0.25658535957336426,0.5274940729141235,0.019967110827565193
6,78,True,1.0,1,0.7991418838500977,0.25604817271232605,0.5274745225906372,0.019994856789708138
6,79,True,1.0,1,0.7991440296173096,0.2560299336910248,0.527523398399353,0.02004583366215229
6,80,True,1.0,1,0.7991472482681274,0.25601524114608765,0.527568519115448,0.020078444853425026
6,81,True,1.0,1,0.7991467714309692,0.2560124099254608,0.5275839567184448,0.02008642442524433
6,82,True,1.0,1,0.7991507053375244,0.25601598620414734,0.5275908708572388,0.020095406100153923
6,83,True,1.0,1,0.799150824546814,0.2560175955295563,0.5276018977165222,0.020099075511097908
6,84,False,0.0,1,0.7940059900283813,0.27035605907440186,0.531187891960144,0.022417869418859482
6,85,False,0.0,1,0.7913339138031006,0.27050238847732544,0.5312482118606567,0.022059204056859016
6,86,False,0.0,1,0.7885400056838989,0.2687934637069702,0.5310006141662598,0.021806444972753525
6,87,False,0.0,1,0.7862018346786499,0.2684435248374939,0.5308409929275513,0.021637698635458946
6,88,False,0.0,1,0.7844324111938477,0.26904982328414917,0.5307595133781433,0.021574363112449646
6,89,False,0.0,1,0.784870445728302,0.2704574465751648,0.5308480262756348,0.021658707410097122
6,90,False,0.0,1,0.7851641178131104,0.270926296710968,0.5308288335800171,0.02154741995036602
6,91,False,0.0,1,0.7861011028289795,0.27077171206474304,0.5308380126953125,0.021448086947202682
6,92,False,0.0,1,0.7874469757080078,0.2705457806587219,0.5308330059051514,0.021420171484351158
6,93,False,0.0,1,0.7878724932670593,0.27002134919166565,0.5308754444122314,0.021404149010777473
6,94,False,0.0,1,0.7880078554153442,0.26993969082832336,0.5309861898422241,0.021503005176782608
6,95,False,0.0,1,0.7884026765823364,0.26930302381515503,0.5311576128005981,0.021524658426642418
6,96,False,0.0,1,0.7888425588607788,0.2678513526916504,0.5311779975891113,0.021502571180462837
6,97,False,0.0,1,0.7881606817245483,0.2674321234226227,0.5312655568122864,0.021509481593966484
6,98,False,0.0,1,0.7872825860977173,0.26748910546302795,0.5312199592590332,0.021537812426686287
6,99,False,0.0,1,0.7871121168136597,0.2670597732067108,0.5312491655349731,0.0214748103171587
6,100,False,0.0,1,0.7864102125167847,0.26749905943870544,0.5311489105224609,0.021440479904413223
6,101,False,0.0,1,0.7868748903274536,0.2677628695964813,0.5310426950454712,0.021460164338350296
6,102,False,0.0,1,0.7860888838768005,0.2686978876590729,0.5309635400772095,0.02131245657801628
6,103,False,0.0,1,0.7826477885246277,0.2687109708786011,0.5308045148849487,0.02125478722155094
6,104,False,0.0,1,0.7646859884262085,0.26358646154403687,0.5306438207626343,0.021155590191483498
6,105,False,0.0,1,0.724262535572052,0.24593384563922882,0.5304871797561646,0.021097635850310326
6,106,False,0.0,1,0.6846684217453003,0.2269999384880066,0.5304511189460754,0.021132176741957664
6,107,False,0.0,1,0.6779675483703613,0.22521887719631195,0.5303162932395935,0.021087689325213432
6,108,False,0.0,1,0.6962779760360718,0.23645208775997162,0.5303307771682739,0.021127810701727867
6,109,False,0.0,1,0.7008864879608154,0.2399655431509018,0.5302916169166565,0.021141724660992622
6,110,False,0.0,1,0.7574068307876587,0.26618480682373047,0.5304995775222778,0.02085847593843937
6,111,False,0.0,1,0.7669857144355774,0.26790115237236023,0.5305969715118408,0.020926794037222862
7,0,False,0.0,0,0.7338405847549438,0.17700329422950745,0.5142645239830017,0.011854316107928753
7,1,False,0.0,1,0.8183714747428894,0.2540445029735565,0.531256377696991,0.021405840292572975
7,2,False,0.0,1,0.8184129595756531,0.2540200352668762,0.531299352645874,0.02143576741218567
7,3,False,0.0,1,0.8203232288360596,0.2517145574092865,0.5313600301742554,0.02148190699517727
7,4,False,0.0,1,0.8230105042457581,0.2496018409729004,0.5315547585487366,0.021569786593317986
7,5,False,0.0,1,0.824032723903656,0.24798262119293213,0.5316814184188843,0.021706949919462204
7,6,False,0.0,1,0.8248083591461182,0.24743801355361938,0.5322195887565613,0.021260887384414673
7,7,False,0.0,1,0.8255917429924011,0.2467661201953888,0.5323408842086792,0.02121105045080185
7,8,False,0.0,1,0.8260175585746765,0.24681350588798523,0.5321800708770752,0.02112952060997486
7,9,False,0.0,1,0.8254328966140747,0.2466871589422226,0.5320050716400146,0.020962011069059372
7,10,False,0.0,1,0.823981761932373,0.2463652789592743,0.5322403907775879,0.021105928346514702
7,11,False,0.0,1,0.8219965696334839,0.24669097363948822,0.532233476638794,0.02114950492978096
7,12,False,0.0,1,0.8201663494110107,0.2469329833984375,0.5322983264923096,0.02113671787083149
7,13,False,0.0,1,0.8180073499679565,0.24843983352184296,0.5324420928955078,0.021228929981589317
7,14,False,0.0,1,0.8158388733863831,0.24972252547740936,0.5327187776565552,0.020825320854783058
7,15,False,0.0,1,0.8135008811950684,0.2514161169528961,0.5325326323509216,0.020714621990919113
7,16,False,0.0,1,0.8110320568084717,0.2526267468929291,0.5324900150299072,0.0206766240298748
7,17,False,0.0,1,0.8072890043258667,0.2545399069786072,0.5324552059173584,0.020633462816476822
7,18,False,0.0,1,0.8037723302841187,0.25723209977149963,0.5326446294784546,0.020698003470897675
7,19,False,0.0,1,0.8026604056358337,0.25917893648147583,0.5321928858757019,0.020567627623677254
7,20,False,0.0,1,0.8009212017059326,0.26167234778404236,0.5317283868789673,0.020347807556390762
7,21,False,0.0,1,0.7996379733085632,0.2633437216281891,0.5315613746643066,0.0203076284378767
7,22,False,0.0,1,0.7985109686851501,0.26461559534072876,0.531547486782074,0.01999843120574951
7,23,False,0.0,1,0.7979004383087158,0.2654687464237213,0.5314068794250488,0.02001265436410904
7,24,False,0.0,1,0.7967193126678467,0.26672571897506714,0.5317144393920898,0.02005601115524769
7,25,False,0.0,1,0.7954707741737366,0.268123060464859,0.5318496227264404,0.020101197063922882
7,26,False,0.0,1,0.7948034405708313,0.26959356665611267,0.531735897064209,0.020016079768538475
7,27,False,0.0,1,0.793292760848999,0.2708589434623718,0.5314776301383972,0.01988804340362549
7,28,False,0.0,1,0.7922888994216919,0.27159520983695984,0.5314236879348755,0.019881295040249825
7,29,False,0.0,1,0.7912608981132507,0.2724427580833435,0.5313676595687866,0.019899940118193626
7,30,False,0.0,1,0.7906680107116699,0.27334195375442505,0.5319768190383911,0.019946400076150894
7,31,False,0.0,1,0.7901275157928467,0.27402257919311523,0.5320048332214355,0.01994793303310871
7,32,False,0.0,1,0.7891658544540405,0.274629682302475,0.5318500995635986,0.019899025559425354
7,33,False,0.0,1,0.7884238958358765,0.2749994993209839,0.5318692922592163,0.019923880696296692
7,34,False,0.0,1,0.7882485389709473,0.2750495374202728,0.5317562818527222,0.01988433301448822
7,35,False,0.0,1,0.7885218262672424,0.27434274554252625,0.5316490530967712,0.019869158044457436
7,36,False,0.0,1,0.7886425256729126,0.2732485234737396,0.5316278338432312,0.019867146387696266
7,37,False,0.0,1,0.7892508506774902,0.272849977016449,0.531493604183197,0.019813863560557365
7,38,False,0.0,1,0.7904621362686157,0.27210530638694763,0.5318557024002075,0.01965872384607792
7,39,False,0.0,1,0.7922693490982056,0.2715335190296173,0.5319064259529114,0.01969281956553459
7,40,False,0.0,1,0.793784499168396,0.27095261216163635,0.5320378541946411,0.019709909334778786
7,41,False,0.0,1,0.7941538095474243,0.27118200063705444,0.531879723072052,0.019603673368692398
7,42,False,0.0,1,0.7939491271972656,0.27153071761131287,0.5318537950515747,0.01957794278860092
7,43,False,0.0,1,0.7940394878387451,0.2716710567474365,0.5318917632102966,0.01957794651389122
7,44,False,0.0,1,0.7949952483177185,0.27049773931503296,0.5318197011947632,0.019545219838619232
7,45,False,0.0,1,0.7962623834609985,0.2682902216911316,0.531693696975708,0.01953618787229061
7,46,False,0.0,1,0.7969309091567993,0.26682889461517334,0.5318642258644104,0.019368361681699753
7,47,False,0.0,1,0.7972770929336548,0.2636145055294037,0.5319245457649231,0.01943705976009369
7,48,False,0.0,1,0.8011561632156372,0.2601621150970459,0.5319513082504272,0.01942756585776806
7,49,False,0.0,1,0.8019394278526306,0.2581832706928253,0.5319016575813293,0.019439568743109703
7,50,False,0.0,1,0.8015962839126587,0.2574763596057892,0.5320926904678345,0.01958460547029972
7,51,False,0.0,1,0.8023465275764465,0.2561580538749695,0.5318712592124939,0.01961989514529705
7,52,False,0.0,1,0.8037674427032471,0.2562740743160248,0.5318294763565063,0.019665347412228584
7,53,False,0.0,1,0.804611325263977,0.25626468658447266,0.5318199396133423,0.01963493786752224
7,54,False,0.0,1,0.8045272827148438,0.25715476274490356,0.5320937633514404,0.019575878977775574
7,55,False,0.0,1,0.8041811585426331,0.2575892210006714,0.531915545463562,0.019563831388950348
7,56,False,0.0,1,0.8034083247184753,0.2592402994632721,0.5319483280181885,0.019526535645127296
7,57,False,0.0,1,0.8005846738815308,0.2605860233306885,0.5323840379714966,0.019539080560207367
7,58,False,0.0,1,0.7969615459442139,0.26358240842819214,0.5325775146484375,0.01953193172812462
7,59,False,0.0,1,0.7935930490493774,0.26664507389068604,0.5327211618423462,0.01957849971950054
7,60,False,0.0,1,0.7912124395370483,0.2692315876483917,0.5325984954833984,0.01954931765794754
7,61,False,0.0,1,0.7889264822006226,0.2715717554092407,0.5324102640151978,0.01946156471967697
7,62,False,0.0,1,0.7862390279769897,0.273747056722641,0.5325479507446289,0.019510939717292786
7,63,False,0.0,1,0.785552978515625,0.274125874042511,0.5323330163955688,0.01937207020819187
7,64,False,0.0,1,0.7854648232460022,0.2752368748188019,0.5320758819580078,0.019248053431510925
7,65,False,0.0,1,0.7843689918518066,0.27623701095581055,0.5318270325660706,0.01916307397186756
7,66,False,0.0,1,0.7844201922416687,0.2762114405632019,0.531874418258667,0.019184518605470657
7,67,False,0.0,1,0.7857667207717896,0.27512362599372864,0.531861424446106,0.019189869984984398
7,68,False,0.0,1,0.7867936491966248,0.27468809485435486,0.5318781137466431,0.01918649859726429
7,69,False,0.0,1,0.7875850796699524,0.27362698316574097,0.5317456126213074,0.019207218661904335
7,70,False,0.0,1,0.7878915071487427,0.2720048129558563,0.5317277908325195,0.019112469628453255
7,71,False,0.0,1,0.7879136204719543,0.2706151306629181,0.5319226980209351,0.019291125237941742
7,72,False,0.0,1,0.7869691252708435,0.26908189058303833,0.5319515466690063,0.019228164106607437
7,73,False,0.0,1,0.7868040204048157,0.26828694343566895,0.5318548679351807,0.01921423152089119
7,74,False,0.0,1,0.7868679761886597,0.2671355605125427,0.5319440960884094,0.01928587444126606
7,75,False,0.0,1,0.7876218557357788,0.2659904956817627,0.5317344665527344,0.019204702228307724
7,76,False,0.0,1,0.7868236303329468,0.266014039516449,0.5317511558532715,0.01923946850001812
7,77,False,0.0,1,0.7859164476394653,0.26635560393333435,0.5317320823669434,0.019243789836764336
7,78,False,0.0,1,0.7853060960769653,0.26662832498550415,0.5318093299865723,0.019098971039056778
7,79,False,0.0,1,0.7843014001846313,0.26784825325012207,0.5315424203872681,0.01903829537332058
7,80,False,0.0,1,0.7836146354675293,0.26841601729393005,0.5315679311752319,0.019096223637461662
7,81,False,0.0,1,0.7825406193733215,0.26991006731987,0.5314762592315674,0.019014911726117134
7,82,False,0.0,1,0.7819935083389282,0.2715274393558502,0.5314027070999146,0.01895485259592533
7,83,False,0.0,1,0.7825539112091064,0.27317848801612854,0.5314676761627197,0.018997790291905403
7,84,False,0.0,1,0.7846851348876953,0.27356165647506714,0.5315152406692505,0.018987197428941727
7,85,False,0.0,1,0.7858129739761353,0.2738378643989563,0.5314860343933105,0.018953116610646248
7,86,False,0.0,1,0.7869208455085754,0.27330923080444336,0.5312372446060181,0.018891941756010056
7,87,False,0.0,1,0.7879088521003723,0.27250364422798157,0.5312411785125732,0.018948322162032127
7,88,False,0.0,1,0.7887346744537354,0.2718106508255005,0.5312809348106384,0.018967043608427048
7,89,False,0.0,1,0.7894253730773926,0.2711709141731262,0.5313844680786133,0.01899770461022854
7,90,False,0.0,1,0.7898143529891968,0.2713048756122589,0.5313435196876526,0.018978187814354897
7,91,False,0.0,1,0.7904244661331177,0.2703063488006592,0.5314523577690125,0.018925832584500313
7,92,False,0.0,1,0.7902289628982544,0.2699199914932251,0.5314502716064453,0.01884821616113186
7,93,False,0.0,1,0.7910981774330139,0.26958268880844116,0.5308061838150024,0.01860831305384636
7,94,False,0.0,1,0.7944477796554565,0.26622599363327026,0.530333399772644,0.018752487376332283
7,95,False,0.0,1,0.7968019843101501,0.2638095021247864,0.5303080081939697,0.018766889348626137
7,96,False,0.0,1,0.7989115715026855,0.2617852985858917,0.5300996899604797,0.01877264492213726
7,97,False,0.0,1,0.8010052442550659,0.25925689935684204,0.5300776958465576,0.018786784261465073
7,98,False,0.0,1,0.8020957112312317,0.2563503682613373,0.5302022695541382,0.018767397850751877
7,99,False,0.0,1,0.8020450472831726,0.2552512586116791,0.5301921367645264,0.018702737987041473
7,100,False,0.0,1,0.8024930953979492,0.25448155403137207,0.5303850173950195,0.018776506185531616
7,101,False,0.0,1,0.8025126457214355,0.25464048981666565,0.5304701328277588,0.01878581941127777
7,102,False,0.0,1,0.8024473190307617,0.2554070055484772,0.5299152135848999,0.018881458789110184
7,103,False,0.0,1,0.8010765314102173,0.25510507822036743,0.5299290418624878,0.01895054616034031
7,104,False,0.0,1,0.8001898527145386,0.2565566599369049,0.5300415754318237,0.01906089298427105
7,105,False,0.0,1,0.7990776300430298,0.2584564685821533,0.5299341678619385,0.01909203827381134
7,106,False,0.0,1,0.7972805500030518,0.2599698305130005,0.5299038887023926,0.01909330114722252
7,107,False,0.0,1,0.7955706119537354,0.2619069218635559,0.5299689173698425,0.01913031004369259
7,108,False,0.0,1,0.7945094108581543,0.26366710662841797,0.5299744009971619,0.019133208319544792
7,109,False,0.0,1,0.7936031222343445,0.2650674879550934,0.5300355553627014,0.019121866673231125
7,110,False,0.0,1,0.7926921844482422,0.2665879428386688,0.5298939943313599,0.01926526427268982
7,111,False,0.0,1,0.7918714284896851,0.26762914657592773,0.529908299446106,0.01922713592648506
7,112,False,0.0,1,0.7927571535110474,0.2671672999858856,0.5301002860069275,0.019283223897218704
7,113,False,0.0,1,0.7908399105072021,0.2680971026420593,0.530153751373291,0.019309712573885918
7,114,False,0.0,1,0.788977861404419,0.26935648918151855,0.5301239490509033,0.019273117184638977
7,115,False,0.0,1,0.7887744903564453,0.2697295546531677,0.5301019549369812,0.01928292028605938
7,116,False,0.0,1,0.790702760219574,0.268832802772522,0.5300267934799194,0.019323334097862244
7,117,False,0.0,1,0.7901052236557007,0.2681155204772949,0.5297417640686035,0.01923746056854725
7,118,False,0.0,1,0.7898368239402771,0.26808562874794006,0.5293451547622681,0.01929972879588604
7,119,False,0.0,1,0.788405179977417,0.2686010003089905,0.5293082594871521,0.019315920770168304
7,120,False,0.0,1,0.7881149053573608,0.2685619592666626,0.5293259620666504,0.019308190792798996
7,121,False,0.0,1,0.7885044813156128,0.2685288190841675,0.5293722152709961,0.019354069605469704
7,122,False,0.0,1,0.7890657186508179,0.2683025300502777,0.529401421546936,0.01935439743101597
7,123,False,0.0,1,0.7904074192047119,0.26784786581993103,0.5295538902282715,0.019403954967856407
7,124,False,0.0,1,0.7917094826698303,0.2677089273929596,0.529592752456665,0.01939801499247551
7,125,False,0.0,1,0.7927340269088745,0.26760923862457275,0.5295350551605225,0.0193052738904953
7,126,False,0.0,1,0.7941604256629944,0.2675105929374695,0.5295993089675903,0.019479766488075256
7,127,False,0.0,1,0.7949185371398926,0.26734960079193115,0.5297013521194458,0.019480174407362938
7,128,False,0.0,1,0.7952552437782288,0.2668133080005646,0.5297085046768188,0.01948138140141964
7,129,False,0.0,1,0.7953841686248779,0.2659777104854584,0.5297030210494995,0.01946839690208435
7,130,False,0.0,1,0.7956975698471069,0.2653973698616028,0.5297464728355408,0.019472632557153702
7,131,False,0.0,1,0.7961095571517944,0.26447340846061707,0.5296535491943359,0.019434191286563873
7,132,False,0.0,1,0.7961670160293579,0.2636238932609558,0.5295765399932861,0.01938914693892002
7,133,False,0.0,1,0.7960315942764282,0.26298364996910095,0.5296868085861206,0.019451644271612167
8,0,False,0.0,0,0.7240972518920898,0.17243091762065887,0.5139073133468628,0.010117600671947002
8,1,False,0.0,1,0.817075252532959,0.25298011302948,0.5298964381217957,0.01968049257993698
8,2,False,0.0,1,0.8186683654785156,0.2518918812274933,0.5298770666122437,0.019641883671283722
8,3,False,0.0,1,0.8192045092582703,0.2512514293193817,0.5298415422439575,0.019640596583485603
8,4,False,0.0,1,0.8191699981689453,0.251131147146225,0.5297840237617493,0.01959291659295559
8,5,False,0.0,1,0.8200937509536743,0.25044989585876465,0.5297066569328308,0.019543873146176338
8,6,False,0.0,1,0.8199412226676941,0.25020331144332886,0.5297196507453918,0.019537298008799553
8,7,False,0.0,1,0.8202835917472839,0.249794140458107,0.5296430587768555,0.01955307088792324
8,8,False,0.0,1,0.8213067054748535,0.24919520318508148,0.5297965407371521,0.019701818004250526
8,9,False,0.0,1,0.8210753798484802,0.24941882491111755,0.52997225522995,0.019724607467651367
8,10,False,0.0,1,0.8209145665168762,0.2494540512561798,0.529998779296875,0.019688617438077927
8,11,False,0.0,1,0.8211261034011841,0.24928732216358185,0.5299761295318604,0.019682586193084717
8,12,False,0.0,1,0.8207578659057617,0.24971479177474976,0.5300792455673218,0.019681647419929504
8,13,False,0.0,1,0.8208250999450684,0.24977879226207733,0.5300407409667969,0.019646331667900085
8,14,False,0.0,1,0.8210290670394897,0.2502453327178955,0.5298713445663452,0.019586721435189247
8,15,False,0.0,1,0.8206427097320557,0.2504690885543823,0.5300279259681702,0.01964571885764599
8,16,False,0.0,1,0.8200787305831909,0.2507357895374298,0.5303550958633423,0.01981355808675289
8,17,False,0.0,1,0.8195589780807495,0.25049522519111633,0.5302044153213501,0.01973755471408367
8,18,False,0.0,1,0.8186353445053101,0.2504344880580902,0.5301309823989868,0.019744345918297768
8,19,False,0.0,1,0.8192511796951294,0.2501809597015381,0.5301131010055542,0.019722450524568558
8,20,False,0.0,1,0.8181320428848267,0.2508631944656372,0.5303695201873779,0.019765347242355347
8,21,False,0.0,1,0.8173414468765259,0.2512187957763672,0.5304839015007019,0.01979960687458515
8,22,False,0.0,1,0.8151086568832397,0.25260764360427856,0.5306613445281982,0.019842620939016342
8,23,False,0.0,1,0.8129867315292358,0.2543168365955353,0.5304841995239258,0.019816014915704727
8,24,False,0.0,1,0.8118875026702881,0.254354327917099,0.531563937664032,0.02025877870619297
8,25,False,0.0,1,0.8111597895622253,0.2549739181995392,0.5317811965942383,0.020359762012958527
8,26,False,0.0,1,0.8109934329986572,0.25571417808532715,0.5316818356513977,0.020312756299972534
8,27,False,0.0,1,0.8095094561576843,0.25793084502220154,0.531908392906189,0.020463380962610245
8,28,False,0.0,1,0.8074582815170288,0.25964733958244324,0.5321366786956787,0.020447220653295517
8,29,False,0.0,1,0.8058731555938721,0.26047033071517944,0.5320537090301514,0.02044098451733589
8,30,False,0.0,1,0.8048139214515686,0.26131418347358704,0.5319356918334961,0.020428169518709183
8,31,False,0.0,1,0.8046321868896484,0.26272517442703247,0.532023549079895,0.020507026463747025
8,32,False,0.0,1,0.80423903465271,0.2636060416698456,0.5328789949417114,0.020875276997685432
8,33,False,0.0,1,0.8033453226089478,0.2645730674266815,0.5331143140792847,0.021018778905272484
8,34,False,0.0,1,0.802698016166687,0.2653067111968994,0.5333084464073181,0.021092304959893227
8,35,False,0.0,1,0.8017239570617676,0.266104131937027,0.5334951877593994,0.021179253235459328
8,36,False,0.0,1,0.7999839186668396,0.2677084505558014,0.533676028251648,0.021305913105607033
8,37,False,0.0,1,0.7988067865371704,0.2687850594520569,0.5338113307952881,0.02137836068868637
8,38,False,0.0,1,0.7970019578933716,0.26984336972236633,0.5338982343673706,0.02153049409389496
8,39,False,0.0,1,0.7962614297866821,0.2700606882572174,0.5339688062667847,0.02150515280663967
8,40,False,0.0,1,0.7958292961120605,0.2697424292564392,0.5347040891647339,0.021521858870983124
8,41,False,0.0,1,0.7947555780410767,0.26957523822784424,0.534639835357666,0.021468058228492737
8,42,False,0.0,1,0.792667031288147,0.2711198031902313,0.534353494644165,0.021354883909225464
8,43,False,0.0,1,0.7921462059020996,0.2720824182033539,0.5342401266098022,0.021274160593748093
8,44,False,0.0,1,0.792251706123352,0.2725186049938202,0.5341346263885498,0.021194377914071083
8,45,False,0.0,1,0.7925545573234558,0.2724612355232239,0.5339798927307129,0.021067984402179718
8,46,False,0.0,1,0.7925597429275513,0.2725279927253723,0.5339820384979248,0.021006237715482712
8,47,False,0.0,1,0.7923240065574646,0.2723521888256073,0.533848762512207,0.020886199548840523
8,48,False,0.0,1,0.7919962406158447,0.27240169048309326,0.5342786312103271,0.02076369896531105
8,49,False,0.0,1,0.792178750038147,0.2725107967853546,0.534048318862915,0.02063872292637825
8,50,False,0.0,1,0.7936774492263794,0.2716485261917114,0.5338894128799438,0.02055075205862522
8,51,False,0.0,1,0.7954946756362915,0.26996615529060364,0.5337063074111938,0.020452830940485
8,52,False,0.0,1,0.796584963798523,0.26836657524108887,0.5335845351219177,0.020382938906550407
8,53,False,0.0,1,0.7965109348297119,0.26728081703186035,0.5334131717681885,0.020311014726758003
8,54,False,0.0,1,0.7970501184463501,0.26598235964775085,0.5332121849060059,0.02024025470018387
8,55,False,0.0,1,0.7981761693954468,0.26492130756378174,0.5330808162689209,0.020213961601257324
8,56,False,0.0,1,0.7987562417984009,0.2644288241863251,0.5336851477622986,0.020182818174362183
8,57,False,0.0,1,0.7997802495956421,0.26398178935050964,0.5332842469215393,0.020033517852425575
8,58,False,0.0,1,0.8013293147087097,0.26504945755004883,0.5332432985305786,0.019970551133155823
8,59,False,0.0,1,0.8021215200424194,0.266092449426651,0.5331007838249207,0.019927745684981346
8,60,False,0.0,1,0.8015754818916321,0.2662792205810547,0.5330207347869873,0.01978817582130432
8,61,False,0.0,1,0.8020257353782654,0.2671998143196106,0.5330379605293274,0.019823124632239342
8,62,False,0.0,1,0.8016173243522644,0.2668997347354889,0.53330397605896,0.019955771043896675
8,63,False,0.0,1,0.8006649017333984,0.26689615845680237,0.5334827899932861,0.020046623423695564
8,64,False,0.0,1,0.8010121583938599,0.2669532895088196,0.5336390733718872,0.019761476665735245
8,65,False,0.0,1,0.800884485244751,0.26702526211738586,0.5335485339164734,0.019810179248452187
8,66,False,0.0,1,0.8006832599639893,0.2673240602016449,0.533400297164917,0.019683891907334328
8,67,False,0.0,1,0.8008878231048584,0.266948401927948,0.5332863330841064,0.019668156281113625
8,68,False,0.0,1,0.8000801801681519,0.2674189805984497,0.5332056283950806,0.019641650840640068
8,69,False,0.0,1,0.8005808591842651,0.26751965284347534,0.5333170294761658,0.019706053659319878
8,70,False,0.0,1,0.8002161979675293,0.2676323354244232,0.5333210825920105,0.019696271046996117
8,71,False,0.0,1,0.8008661866188049,0.26774361729621887,0.5334032773971558,0.01975513994693756
8,72,False,0.0,1,0.8007119297981262,0.2680194675922394,0.5337001085281372,0.01967518776655197
8,73,False,0.0,1,0.8000516891479492,0.2682085335254669,0.533489465713501,0.019575756043195724
8,74,False,0.0,1,0.8001265525817871,0.2683700621128082,0.5330289602279663,0.01936742477118969
8,75,False,0.0,1,0.8008577227592468,0.2680681645870209,0.5333356857299805,0.019530033692717552
8,76,False,0.0,1,0.8006165027618408,0.26822274923324585,0.53355473279953,0.019581934437155724
8,77,False,0.0,1,0.8012999296188354,0.26818087697029114,0.5333307981491089,0.01958564855158329
8,78,False,0.0,1,0.8015725612640381,0.2678982615470886,0.5330884456634521,0.019553808495402336
8,79,False,0.0,1,0.8021055459976196,0.26747235655784607,0.5329893827438354,0.019499415531754494
8,80,False,0.0,1,0.8025194406509399,0.26761335134506226,0.5333147048950195,0.019558483734726906
8,81,False,0.0,1,0.8029217720031738,0.26660364866256714,0.5331827998161316,0.019579680636525154
8,82,False,0.0,1,0.802575409412384,0.26733046770095825,0.5332476496696472,0.019579747691750526
8,83,False,0.0,1,0.8023028373718262,0.2665804624557495,0.533455491065979,0.01963650994002819
8,84,False,0.0,1,0.8022135496139526,0.2655593156814575,0.5334875583648682,0.019701287150382996
8,85,False,0.0,1,0.8016956448554993,0.26566940546035767,0.5335673093795776,0.01966940239071846
8,86,False,0.0,1,0.8016458749771118,0.2652893364429474,0.5335464477539062,0.01967734657227993
8,87,False,0.0,1,0.8013060092926025,0.26560497283935547,0.5334005951881409,0.019552862271666527
8,88,False,0.0,1,0.8016158938407898,0.2657982110977173,0.5336917042732239,0.01952577754855156
8,89,False,0.0,1,0.8008756637573242,0.2660655379295349,0.5336621999740601,0.019598236307501793
8,90,False,0.0,1,0.799118161201477,0.2665732800960541,0.53345787525177,0.019511068239808083
8,91,False,0.0,1,0.7966883182525635,0.26851558685302734,0.533339262008667,0.019536016508936882
8,92,False,0.0,1,0.7947900295257568,0.2703090012073517,0.5330181121826172,0.019464051350951195
8,93,False,0.0,1,0.7935093641281128,0.2716728746891022,0.5329387187957764,0.01946183107793331
8,94,False,0.0,1,0.7934054136276245,0.27165132761001587,0.5331337451934814,0.019552946090698242
8,95,False,0.0,1,0.7921686172485352,0.2726101875305176,0.5332012176513672,0.019573699682950974
8,96,False,0.0,1,0.791753888130188,0.27349910140037537,0.533414363861084,0.019661907106637955
8,97,False,0.0,1,0.7919310331344604,0.27504873275756836,0.5332974195480347,0.01955844648182392
8,98,False,0.0,1,0.7915971279144287,0.27510392665863037,0.5332804918289185,0.019639333710074425
8,99,False,0.0,1,0.792487621307373,0.2753852307796478,0.5334155559539795,0.019730444997549057
8,100,False,0.0,1,0.7925624847412109,0.27510401606559753,0.5333378314971924,0.019662683829665184
8,101,False,0.0,1,0.7920284867286682,0.27573642134666443,0.5333619713783264,0.019694438204169273
8,102,False,0.0,1,0.792473316192627,0.27578577399253845,0.5335239171981812,0.019734574481844902
8,103,False,0.0,1,0.7927523255348206,0.276058167219162,0.53342604637146,0.01966896280646324
8,104,False,0.0,1,0.7936303019523621,0.27585121989250183,0.5337030291557312,0.019894178956747055
8,105,False,0.0,1,0.7945809960365295,0.2751336097717285,0.5334852933883667,0.019923457875847816
8,106,False,0.0,1,0.7955424785614014,0.27476683259010315,0.5333088636398315,0.019914453849196434
8,107,False,0.0,1,0.7961055636405945,0.27432382106781006,0.5330997705459595,0.019891969859600067
8,108,False,0.0,1,0.7961276769638062,0.27381202578544617,0.5329954028129578,0.01980750635266304
8,109,False,0.0,1,0.7961022257804871,0.27312806248664856,0.5330447554588318,0.01978309638798237
8,110,False,0.0,1,0.7956283688545227,0.2725677192211151,0.5330894589424133,0.019760483875870705
8,111,False,0.0,1,0.7942488193511963,0.2721254229545593,0.5330709218978882,0.01976427622139454
8,112,False,0.0,1,0.793624997138977,0.2712138295173645,0.5328918695449829,0.019999217242002487
8,113,False,0.0,1,0.792299747467041,0.27082541584968567,0.5327407121658325,0.02001260407269001
8,114,False,0.0,1,0.7894806861877441,0.27172231674194336,0.532686173915863,0.020034829154610634
8,115,False,0.0,1,0.7892876863479614,0.2712132930755615,0.5326224565505981,0.020024579018354416
8,116,False,0.0,1,0.7907819151878357,0.27050840854644775,0.5326594114303589,0.020053649321198463
8,117,False,0.0,1,0.7921338081359863,0.2699527144432068,0.5325939059257507,0.020035281777381897
8,118,False,0.0,1,0.7929149866104126,0.27002328634262085,0.5325893759727478,0.020054500550031662
8,119,False,0.0,1,0.793594241142273,0.26992109417915344,0.5325679183006287,0.02002277784049511
8,120,False,0.0,1,0.7944371104240417,0.26985061168670654,0.5322273373603821,0.02017652802169323
8,121,False,0.0,1,0.7958791255950928,0.2694738805294037,0.5320551991462708,0.020202158018946648
8,122,False,0.0,1,0.7962409257888794,0.2693072259426117,0.5319446325302124,0.02020113356411457
8,123,False,0.0,1,0.7962424755096436,0.2690482437610626,0.5319814085960388,0.020263195037841797
8,124,False,0.0,1,0.7961089015007019,0.2688273787498474,0.531978189945221,0.020315902307629585
8,125,False,0.0,1,0.796260416507721,0.26855120062828064,0.5319434404373169,0.02031419612467289
8,126,False,0.0,1,0.7964848279953003,0.2682439088821411,0.5319393873214722,0.020297037437558174
8,127,False,0.0,1,0.7972266674041748,0.26733827590942383,0.531896710395813,0.020233405753970146
8,128,False,0.0,1,0.7977333068847656,0.26672399044036865,0.5318185091018677,0.02034064196050167
8,129,False,0.0,1,0.7984657883644104,0.2658554017543793,0.5318403840065002,0.020373394712805748
8,130,False,0.0,1,0.7982956171035767,0.26527756452560425,0.5319043397903442,0.020440097898244858
9,0,False,0.0,0,0.7388350963592529,0.17471544444561005,0.5179542303085327,0.01225207094103098
9,1,False,0.0,1,0.8227545619010925,0.2512306272983551,0.5343199372291565,0.021154414862394333
9,2,False,0.0,1,0.8228799104690552,0.2510279417037964,0.5344281196594238,0.021194005385041237
9,3,False,0.0,1,0.823264479637146,0.2504904866218567,0.5345014929771423,0.021213416010141373
9,4,False,0.0,1,0.8241543769836426,0.2499188333749771,0.5346246957778931,0.02128690853714943
9,5,False,0.0,1,0.8253800868988037,0.24914701282978058,0.534914493560791,0.021408934146165848
9,6,False,0.0,1,0.8261216282844543,0.2485836297273636,0.5347765684127808,0.021447565406560898
9,7,False,0.0,1,0.8264822959899902,0.24793604016304016,0.5345185399055481,0.021369747817516327
9,8,False,0.0,1,0.8268646001815796,0.24783435463905334,0.5343682169914246,0.02130274660885334
9,9,False,0.0,1,0.8261892199516296,0.24821242690086365,0.5344882011413574,0.021398138254880905
9,10,False,0.0,1,0.8245751857757568,0.24894404411315918,0.5341949462890625,0.021312417462468147
9,11,False,0.0,1,0.8236608505249023,0.24931776523590088,0.5341949462890625,0.02132951281964779
9,12,False,0.0,1,0.8230180740356445,0.2496781200170517,0.534127950668335,0.02129080705344677
9,13,False,0.0,1,0.8225533366203308,0.25025224685668945,0.5344679355621338,0.021472807973623276
9,14,False,0.0,1,0.8216469287872314,0.2507117688655853,0.534581184387207,0.0215555839240551
9,15,False,0.0,1,0.8204454183578491,0.2509099543094635,0.5345054864883423,0.021541964262723923
9,16,False,0.0,1,0.820173978805542,0.2510972321033478,0.5343703031539917,0.02149183116853237
9,17,False,0.0,1,0.8181055784225464,0.2520301043987274,0.5342919230461121,0.021459629759192467
9,18,False,0.0,1,0.8152105808258057,0.2533167600631714,0.533869743347168,0.021333497017621994
9,19,False,0.0,1,0.8121028542518616,0.25438687205314636,0.5338256359100342,0.021344397217035294
9,20,False,0.0,1,0.8109431266784668,0.2556963264942169,0.5336349010467529,0.021236171945929527
9,21,False,0.0,1,0.8124247789382935,0.25604182481765747,0.533750057220459,0.021391969174146652
9,22,False,0.0,1,0.812271237373352,0.2564021944999695,0.5336649417877197,0.02128227986395359
9,23,False,0.0,1,0.812070369720459,0.255919873714447,0.533572793006897,0.021216126158833504
9,24,False,0.0,1,0.8113182187080383,0.2559024691581726,0.533696174621582,0.021248526871204376
9,25,False,0.0,1,0.8096928000450134,0.2565130591392517,0.5335021018981934,0.021151378750801086
9,26,False,0.0,1,0.8085168600082397,0.2572372853755951,0.5334659814834595,0.02106032334268093
9,27,False,0.0,1,0.8076003789901733,0.25755923986434937,0.5333843231201172,0.020994359627366066
9,28,False,0.0,1,0.8064312934875488,0.2586042582988739,0.5332556962966919,0.02088605985045433
9,29,False,0.0,1,0.8041561841964722,0.2605210840702057,0.5334765911102295,0.02109399251639843
9,30,True,0.009900989942252636,1,0.803077757358551,0.26307418942451477,0.5336839556694031,0.021152226254343987
9,31,True,0.05000000074505806,1,0.8033050298690796,0.26391589641571045,0.534142792224884,0.021607818081974983
9,32,True,0.10000000149011612,1,0.8017232418060303,0.2652062475681305,0.5345731973648071,0.02151803858578205
9,33,True,0.15000000596046448,1,0.8030517101287842,0.2606572210788727,0.5342352390289307,0.02121829055249691
9,34,True,0.20000000298023224,1,0.811371386051178,0.25784537196159363,0.5345754623413086,0.02160261943936348
9,35,True,0.25,1,0.8133128881454468,0.2560655474662781,0.534473180770874,0.021533848717808723
9,36,True,0.30000001192092896,1,0.8097506761550903,0.2554241716861725,0.5346310138702393,0.021694356575608253
9,37,True,0.3499999940395355,1,0.8098156452178955,0.2557804584503174,0.5350053310394287,0.022010348737239838
9,38,True,0.4000000059604645,1,0.8069312572479248,0.2572591006755829,0.5351364612579346,0.022006697952747345
9,39,True,0.44999998807907104,1,0.8056850433349609,0.25755274295806885,0.5351670980453491,0.021910835057497025
9,40,True,0.5,1,0.8049315214157104,0.25739213824272156,0.5349375009536743,0.0217934288084507
9,41,True,0.550000011920929,1,0.8047608137130737,0.25725874304771423,0.534744381904602,0.021676653996109962
9,42,True,0.6000000238418579,1,0.8064819574356079,0.25663313269615173,0.534967839717865,0.0217197984457016
9,43,True,0.6499999761581421,1,0.8106858730316162,0.25680556893348694,0.5348527431488037,0.02186090685427189
9,44,True,0.699999988079071,1,0.8136930465698242,0.25585126876831055,0.5344423055648804,0.021770169958472252
9,45,True,0.75,1,0.8139544129371643,0.25550782680511475,0.5345346927642822,0.021858910098671913
9,46,True,0.800000011920929,1,0.812537431716919,0.2554638385772705,0.5345502495765686,0.021718643605709076
9,47,True,0.8500000238418579,1,0.809904158115387,0.25508588552474976,0.5346698760986328,0.021642841398715973
9,48,True,0.8999999761581421,1,0.8082888126373291,0.255027174949646,0.5346807241439819,0.021494533866643906
9,49,True,0.949999988079071,1,0.8121398687362671,0.25297054648399353,0.5349762439727783,0.021464603021740913
9,50,True,1.0,1,0.805666983127594,0.2542095482349396,0.5316130518913269,0.019182197749614716
9,51,True,1.0,1,0.8063831329345703,0.25104618072509766,0.5316276550292969,0.019350796937942505
9,52,True,1.0,1,0.8063617944717407,0.249238982796669,0.5315488576889038,0.019441848620772362
9,53,True,1.0,1,0.8063545823097229,0.24861332774162292,0.5321252942085266,0.019599229097366333
9,54,True,1.0,1,0.8062508702278137,0.24834156036376953,0.5322207808494568,0.019634118303656578
9,55,True,1.0,1,0.8061866164207458,0.24825991690158844,0.5322523713111877,0.019636694341897964
9,56,True,1.0,1,0.8061698079109192,0.24820880591869354,0.5322520732879639,0.01964205875992775
9,57,True,1.0,1,0.8061492443084717,0.2481759637594223,0.5322710275650024,0.019648587331175804
9,58,True,1.0,1,0.8061511516571045,0.24817544221878052,0.532265305519104,0.01964876800775528
9,59,True,1.0,1,0.806167721748352,0.24817362427711487,0.5322644114494324,0.019647061824798584
9,60,True,1.0,1,0.8061584234237671,0.2481728345155716,0.5322697162628174,0.019648630172014236
9,61,True,1.0,1,0.8063082695007324,0.24736295640468597,0.5330405831336975,0.019706973806023598
9,62,True,1.0,1,0.8063624501228333,0.24727948009967804,0.5331700444221497,0.019709289073944092
9,63,True,1.0,1,0.8063791394233704,0.2472359836101532,0.5332499742507935,0.019717276096343994
9,64,True,1.0,1,0.8063967823982239,0.2472103238105774,0.5332884788513184,0.01971139945089817
9,65,True,1.0,1,0.8063963651657104,0.24722744524478912,0.5332980155944824,0.01970883272588253
9,66,True,1.0,1,0.8063952922821045,0.24723060429096222,0.5333129167556763,0.019710788503289223
9,67,True,1.0,1,0.8063967227935791,0.24723155796527863,0.5333161354064941,0.019708644598722458
9,68,True,1.0,1,0.8063993453979492,0.2472294420003891,0.5333179831504822,0.01971077173948288
9,69,True,1.0,1,0.8065195083618164,0.24503450095653534,0.534048318862915,0.01972360350191593
9,70,True,1.0,1,0.8065389394760132,0.24501349031925201,0.5341804027557373,0.019723236560821533
9,71,True,1.0,1,0.8065347671508789,0.24502690136432648,0.534232497215271,0.019718287512660027
9,72,True,1.0,1,0.8065458536148071,0.24500501155853271,0.5342556238174438,0.019714558497071266
9,73,True,1.0,1,0.8065499067306519,0.24501118063926697,0.5342717170715332,0.019716782495379448
9,74,True,1.0,1,0.8065508604049683,0.24500645697116852,0.5342750549316406,0.019714852795004845
9,75,False,0.0,1,0.801520586013794,0.26818254590034485,0.5387715101242065,0.02372065559029579
9,76,False,0.0,1,0.7997417449951172,0.2678563594818115,0.5395094156265259,0.023398853838443756
9,77,False,0.0,1,0.798865556716919,0.26755112409591675,0.5401532649993896,0.023284191265702248
9,78,False,0.0,1,0.797700822353363,0.26760366559028625,0.5403284430503845,0.023219402879476547
9,79,False,0.0,1,0.7972376942634583,0.26769599318504333,0.5406639575958252,0.02336231619119644
9,80,False,0.0,1,0.7966088056564331,0.26848649978637695,0.540663480758667,0.02329390123486519
9,81,False,0.0,1,0.7953439354896545,0.26871806383132935,0.5406847596168518,0.023254865780472755
9,82,False,0.0,1,0.793465256690979,0.26962193846702576,0.5407356023788452,0.023290539160370827
9,83,False,0.0,1,0.7909379601478577,0.2716688811779022,0.5406317710876465,0.023242555558681488
9,84,False,0.0,1,0.7898090481758118,0.2722148597240448,0.5407383441925049,0.02327055297791958
9,85,False,0.0,1,0.790088415145874,0.27288028597831726,0.5414679646492004,0.02332478202879429
9,86,False,0.0,1,0.7902073860168457,0.27301472425460815,0.5418839454650879,0.023460684344172478
9,87,False,0.0,1,0.790108859539032,0.27327340841293335,0.5417002439498901,0.023373376578092575
9,88,False,0.0,1,0.7904238700866699,0.27249690890312195,0.5412850975990295,0.023161688819527626
9,89,False,0.0,1,0.7905880212783813,0.2721596658229828,0.54109126329422,0.023039450868964195
9,90,False,0.0,1,0.7915112376213074,0.2709679901599884,0.5411138534545898,0.02303173393011093
9,91,False,0.0,1,0.7926666736602783,0.27086901664733887,0.5409642457962036,0.022993216291069984
9,92,False,0.0,1,0.7939887046813965,0.27016976475715637,0.5409064292907715,0.022994250059127808
9,93,False,0.0,1,0.7941783666610718,0.2695019245147705,0.5414780378341675,0.022997446358203888
9,94,False,0.0,1,0.7944138646125793,0.2687302529811859,0.541524350643158,0.022986656054854393
9,95,False,0.0,1,0.7943543195724487,0.2680501341819763,0.5415658950805664,0.022981079295277596
9,96,False,0.0,1,0.7950312495231628,0.26724347472190857,0.5415282249450684,0.022969696670770645
9,97,False,0.0,1,0.795216977596283,0.2669878304004669,0.5415391325950623,0.02296466752886772
9,98,False,0.0,1,0.7957553863525391,0.2663663327693939,0.5415723323822021,0.022963017225265503
9,99,False,0.0,1,0.797466516494751,0.2657146155834198,0.5415441393852234,0.022945739328861237
9,100,False,0.0,1,0.7987592220306396,0.26483970880508423,0.54146409034729,0.022858308628201485
10,0,False,0.0,0,0.7392251491546631,0.17392021417617798,0.5219392776489258,0.013900754041969776
10,1,False,0.0,1,0.8234061002731323,0.24863067269325256,0.5434163808822632,0.023582879453897476
10,2,False,0.0,1,0.823921799659729,0.24821850657463074,0.5433542728424072,0.023549197241663933
10,3,False,0.0,1,0.8243499994277954,0.2479441910982132,0.5434080362319946,0.023563258349895477
10,4,False,0.0,1,0.8248720169067383,0.247547909617424,0.5433897972106934,0.023534581065177917
10,5,False,0.0,1,0.8253670930862427,0.24736066162586212,0.5432907342910767,0.023471925407648087
10,6,False,0.0,1,0.8254750967025757,0.24733179807662964,0.5432090759277344,0.023421501740813255
10,7,False,0.0,1,0.8253913521766663,0.24744708836078644,0.5431451797485352,0.02337958849966526
10,8,False,0.0,1,0.8253946304321289,0.24766014516353607,0.5433685779571533,0.023248767480254173
10,9,False,0.0,1,0.8248671889305115,0.24834351241588593,0.5431642532348633,0.0231280867010355
10,10,False,0.0,1,0.824433445930481,0.24868209660053253,0.5431559085845947,0.023099178448319435
10,11,False,0.0,1,0.8241147994995117,0.2491571009159088,0.5431009531021118,0.02306576445698738
10,12,False,0.0,1,0.823161244392395,0.2497720867395401,0.5431150197982788,0.023080328479409218
10,13,False,0.0,1,0.823172926902771,0.24993304908275604,0.5429415106773376,0.02302367240190506
10,14,False,0.0,1,0.8232051134109497,0.2500191032886505,0.5429773330688477,0.023066679015755653
10,15,False,0.0,1,0.8230454921722412,0.24991977214813232,0.5430511236190796,0.02312321588397026
10,16,False,0.0,1,0.8227452039718628,0.25000646710395813,0.5430630445480347,0.023159515112638474
10,17,False,0.0,1,0.8226011395454407,0.24946728348731995,0.5431585311889648,0.023206522688269615
10,18,False,0.0,1,0.82194983959198,0.24902676045894623,0.5432590842247009,0.02329118736088276
10,19,False,0.0,1,0.821657657623291,0.24907855689525604,0.5432008504867554,0.023295003920793533
10,20,False,0.0,1,0.8219294548034668,0.24896100163459778,0.5431052446365356,0.02328634262084961
10,21,False,0.0,1,0.821536123752594,0.2492896467447281,0.5430454015731812,0.023206157609820366
10,22,False,0.0,1,0.8208713531494141,0.24977757036685944,0.5430991649627686,0.023236410692334175
10,23,False,0.0,1,0.8201308250427246,0.25049909949302673,0.5430071353912354,0.023231670260429382
10,24,False,0.0,1,0.8180050253868103,0.25121623277664185,0.5427672863006592,0.023222679272294044
10,25,False,0.0,1,0.8154696226119995,0.2523401081562042,0.5426554083824158,0.023133905604481697
10,26,False,0.0,1,0.8126325011253357,0.2536866366863251,0.5427590012550354,0.023125097155570984
10,27,False,0.0,1,0.8103916645050049,0.25594472885131836,0.5428539514541626,0.023135380819439888
10,28,False,0.0,1,0.8086955547332764,0.25809311866760254,0.5429915189743042,0.02323119528591633
10,29,False,0.0,1,0.8064159154891968,0.2602974772453308,0.5428656935691833,0.0232093408703804
10,30,False,0.0,1,0.8051166534423828,0.26198187470436096,0.5426256656646729,0.023164603859186172
10,31,False,0.0,1,0.8032969236373901,0.26370811462402344,0.5424813628196716,0.02306036278605461
10,32,False,0.0,1,0.8028936982154846,0.26435139775276184,0.5423067808151245,0.023052453994750977
10,33,False,0.0,1,0.8032701015472412,0.26467907428741455,0.5422737002372742,0.023023689165711403
10,34,False,0.0,1,0.8026078343391418,0.2648410201072693,0.542356014251709,0.023029372096061707
10,35,False,0.0,1,0.801328182220459,0.26588308811187744,0.5425865054130554,0.023231811821460724
10,36,False,0.0,1,0.8010486364364624,0.2659553289413452,0.5427731275558472,0.02336372248828411
10,37,False,0.0,1,0.8003342747688293,0.26657161116600037,0.5426920652389526,0.02342218905687332
10,38,False,0.0,1,0.8002544641494751,0.2665714621543884,0.542953372001648,0.023600993677973747
10,39,False,0.0,1,0.7999669909477234,0.2663482129573822,0.5429450869560242,0.023639945313334465
10,40,False,0.0,1,0.8000310659408569,0.2662723660469055,0.5425220727920532,0.023715432733297348
10,41,False,0.0,1,0.8001514673233032,0.2661680579185486,0.5427176356315613,0.023883724585175514
10,42,False,0.0,1,0.7999395132064819,0.2662271559238434,0.5427032709121704,0.02393948845565319
10,43,False,0.0,1,0.8003565073013306,0.2658838927745819,0.5427428483963013,0.023961711674928665
10,44,False,0.0,1,0.8005096912384033,0.26569369435310364,0.5428568720817566,0.024071279913187027
10,45,True,0.020270269364118576,1,0.8015798926353455,0.2647514045238495,0.5426374673843384,0.023985981941223145
10,46,True,0.054054055362939835,1,0.8015807867050171,0.2626347243785858,0.5424160957336426,0.02379515767097473
10,47,True,0.0878378376364708,1,0.8018852472305298,0.26107075810432434,0.5418143272399902,0.023329727351665497
10,48,True,0.12162162363529205,1,0.8022329807281494,0.25874361395835876,0.5413064956665039,0.023283129557967186
10,49,True,0.15540540218353271,1,0.8023437857627869,0.25670209527015686,0.5405970811843872,0.022809455171227455
10,50,True,0.18918919563293457,1,0.8025557994842529,0.25509676337242126,0.5403668880462646,0.022494323551654816
10,51,True,0.22297297418117523,1,0.8021128177642822,0.2546759247779846,0.5403287410736084,0.022422127425670624
10,52,True,0.2567567527294159,1,0.8042505979537964,0.25596868991851807,0.5400443077087402,0.022270334884524345
10,53,True,0.29054054617881775,1,0.8055939674377441,0.2530905604362488,0.5401392579078674,0.02248590625822544
10,54,True,0.3243243098258972,1,0.8040168285369873,0.25413158535957336,0.5403254628181458,0.022617531940340996
10,55,True,0.3581081032752991,1,0.8039501905441284,0.2544364035129547,0.5402913093566895,0.022630561143159866
10,56,True,0.3918918967247009,1,0.8052654266357422,0.25368815660476685,0.5397169589996338,0.022544413805007935
10,57,True,0.4256756901741028,1,0.8063719272613525,0.2536856234073639,0.5395656228065491,0.022485757246613503
10,58,True,0.45945945382118225,1,0.806415319442749,0.2533203661441803,0.5393881797790527,0.022256696596741676
10,59,True,0.4932432472705841,1,0.8064583539962769,0.25316494703292847,0.5393812656402588,0.022158604115247726
10,60,True,0.5270270109176636,1,0.8069180250167847,0.2542729079723358,0.5389391779899597,0.02196182869374752
10,61,True,0.5608108043670654,1,0.804640531539917,0.25742024183273315,0.5389071106910706,0.022016871720552444
10,62,True,0.5945945978164673,1,0.8041056394577026,0.258786678314209,0.5389034152030945,0.022158445790410042
10,63,True,0.6283783912658691,1,0.8026474714279175,0.2588644027709961,0.5388145446777344,0.022244349122047424
10,64,True,0.662162184715271,1,0.8024022579193115,0.2579849362373352,0.5385503172874451,0.02216499112546444
10,65,True,0.6959459185600281,1,0.8027245998382568,0.2579506039619446,0.53841233253479,0.02211735211312771
10,66,True,0.7297297120094299,1,0.8027271628379822,0.25822699069976807,0.5383617877960205,0.022002460435032845
10,67,True,0.7635135054588318,1,0.8015462160110474,0.25934043526649475,0.538631796836853,0.022012287750840187
10,68,True,0.7972972989082336,1,0.8015543222427368,0.2589696943759918,0.5385605096817017,0.021835407242178917
10,69,True,0.8310810923576355,1,0.8010842204093933,0.2599516212940216,0.5385897159576416,0.021842051297426224
10,70,True,0.8648648858070374,1,0.8007822036743164,0.25955453515052795,0.5384606719017029,0.021671419963240623
10,71,True,0.8986486196517944,1,0.7997111082077026,0.25951671600341797,0.538677453994751,0.02167065627872944
10,72,True,0.9324324131011963,1,0.8006691336631775,0.25854140520095825,0.5379452705383301,0.02094997838139534
10,73,True,0.9662162065505981,1,0.8040302991867065,0.2538638412952423,0.5380396246910095,0.02082601934671402
10,74,True,1.0,1,0.8037261962890625,0.25384092330932617,0.5343474745750427,0.01833072118461132
10,75,True,1.0,1,0.8038243055343628,0.24905681610107422,0.5343008637428284,0.018268773332238197
10,76,True,1.0,1,0.803277850151062,0.2458266019821167,0.5341446995735168,0.018219202756881714
10,77,True,1.0,1,0.8027786612510681,0.24406979978084564,0.5340195894241333,0.01819428615272045
10,78,True,1.0,1,0.8025257587432861,0.2432159036397934,0.5339568853378296,0.018179601058363914
10,79,True,1.0,1,0.8023738861083984,0.2428276687860489,0.5339123010635376,0.01816564053297043
10,80,True,1.0,1,0.8024008274078369,0.24200432002544403,0.5339245796203613,0.01799190789461136
10,81,True,1.0,1,0.8023298382759094,0.2417713701725006,0.5338414907455444,0.017979661002755165
10,82,True,1.0,1,0.8022946119308472,0.24169793725013733,0.5337837934494019,0.017964255064725876
10,83,True,1.0,1,0.8022905588150024,0.24167364835739136,0.5337674617767334,0.017961909994482994
10,84,True,1.0,1,0.8022818565368652,0.2416599690914154,0.533758282661438,0.017958955839276314
10,85,True,1.0,1,0.8022681474685669,0.24164922535419464,0.5337526202201843,0.017955712974071503
10,86,True,1.0,1,0.8022841215133667,0.24162812530994415,0.5337499380111694,0.01795359142124653
10,87,True,1.0,1,0.8022783994674683,0.24162396788597107,0.5337510108947754,0.017954567447304726
10,88,True,1.0,1,0.803187370300293,0.2444203943014145,0.5338010191917419,0.01782364211976528
10,89,True,1.0,1,0.8031415939331055,0.24450334906578064,0.5336877703666687,0.017810063436627388
10,90,True,1.0,1,0.8031290769577026,0.2445671260356903,0.5336216688156128,0.0178030077368021
10,91,True,1.0,1,0.8031201362609863,0.24458128213882446,0.5335969924926758,0.017796717584133148
10,92,True,1.0,1,0.8031095266342163,0.24458347260951996,0.5335887670516968,0.017796237021684647
10,93,True,1.0,1,0.8031076192855835,0.24457956850528717,0.5335971713066101,0.017800617963075638
10,94,True,1.0,1,0.8031038045883179,0.24458664655685425,0.5336028337478638,0.017799265682697296
10,95,True,1.0,1,0.8031020164489746,0.244579017162323,0.5336010456085205,0.01779797114431858
10,96,True,1.0,1,0.8035207986831665,0.24600009620189667,0.533280611038208,0.017558567225933075
10,97,True,1.0,1,0.8034765124320984,0.2461031973361969,0.5331215858459473,0.017540492117404938
10,98,True,1.0,1,0.8034495711326599,0.24615377187728882,0.5330567359924316,0.017533978447318077
10,99,True,1.0,1,0.803450345993042,0.24616795778274536,0.5330076217651367,0.017530187964439392
10,100,True,1.0,1,0.8034331798553467,0.2461901605129242,0.5329928994178772,0.017527563497424126
10,101,True,1.0,1,0.8034420013427734,0.24618420004844666,0.5329861044883728,0.017529265955090523
10,102,True,1.0,1,0.8034344911575317,0.246183380484581,0.5329813957214355,0.017528662458062172
10,103,True,1.0,1,0.8034452199935913,0.24618352949619293,0.532978892326355,0.017530016601085663
10,104,True,1.0,1,0.8039015531539917,0.24757897853851318,0.5328856706619263,0.017380816861987114
10,105,True,1.0,1,0.8038161993026733,0.24768012762069702,0.5328066349029541,0.01738123968243599
10,106,True,1.0,1,0.8037765026092529,0.24770599603652954,0.5327756404876709,0.017382198944687843
10,107,True,1.0,1,0.8037736415863037,0.24775390326976776,0.5327476859092712,0.017381541430950165
10,108,True,1.0,1,0.8037536144256592,0.2477695494890213,0.5327425003051758,0.01738181710243225
10,109,True,1.0,1,0.8037700653076172,0.2477751225233078,0.532744288444519,0.017384428530931473
10,110,True,1.0,1,0.8037548065185547,0.24776968359947205,0.5327413082122803,0.017383983358740807
10,111,False,0.0,1,0.7977124452590942,0.27348706126213074,0.5369664430618286,0.021153626963496208
10,112,False,0.0,1,0.7963553667068481,0.27359187602996826,0.5373067855834961,0.021066151559352875
10,113,False,0.0,1,0.7936844825744629,0.2746485769748688,0.5373948812484741,0.0210272166877985
10,114,False,0.0,1,0.7921198606491089,0.2752893269062042,0.537390947341919,0.02102806232869625
10,115,False,0.0,1,0.7920950651168823,0.2744770348072052,0.5375673770904541,0.02113415114581585
10,116,False,0.0,1,0.7923317551612854,0.2741215229034424,0.5374811291694641,0.021081028506159782
10,117,False,0.0,1,0.7927745580673218,0.2742948532104492,0.5376843214035034,0.02114865742623806
10,118,False,0.0,1,0.7921420335769653,0.27549323439598083,0.5378749370574951,0.02122505195438862
10,119,False,0.0,1,0.7912511229515076,0.27737343311309814,0.5379040837287903,0.02123258076608181
10,120,False,0.0,1,0.7905949950218201,0.27839577198028564,0.5378632545471191,0.021283984184265137
10,121,False,0.0,1,0.789635419845581,0.27846434712409973,0.5379072427749634,0.02131030522286892
10,122,False,0.0,1,0.7893612384796143,0.27725106477737427,0.5378682017326355,0.021229833364486694
10,123,False,0.0,1,0.7903608083724976,0.27504292130470276,0.5379049777984619,0.02122354693710804
10,124,False,0.0,1,0.7912956476211548,0.27448156476020813,0.5378663539886475,0.021162450313568115
10,125,False,0.0,1,0.792153000831604,0.27340537309646606,0.5378810167312622,0.02115209959447384
10,126,False,0.0,1,0.7926662564277649,0.2721751928329468,0.5378280878067017,0.02112102508544922
10,127,False,0.0,1,0.7934985160827637,0.27133801579475403,0.5377470254898071,0.021076122298836708
10,128,False,0.0,1,0.7944658398628235,0.2701075077056885,0.5380271077156067,0.021251704543828964
10,129,False,0.0,1,0.7951236963272095,0.2692292630672455,0.5381826162338257,0.021367764100432396
10,130,False,0.0,1,0.7955220937728882,0.2687523663043976,0.5381070971488953,0.02135724201798439
10,131,False,0.0,1,0.7958555817604065,0.26834917068481445,0.538053035736084,0.02133053168654442
10,132,False,0.0,1,0.7964124083518982,0.2679053544998169,0.538034975528717,0.021318580955266953
10,133,False,0.0,1,0.7970012426376343,0.26784399151802063,0.5380795001983643,0.021374955773353577
10,134,False,0.0,1,0.7971575260162354,0.26785773038864136,0.5381277799606323,0.02139178104698658
10,135,False,0.0,1,0.7970283031463623,0.2679554522037506,0.5380638241767883,0.021358387544751167
10,136,False,0.0,1,0.7974451780319214,0.2678622007369995,0.5385935306549072,0.02166762389242649
10,137,False,0.0,1,0.798058271408081,0.26776137948036194,0.538814902305603,0.02174053154885769
10,138,False,0.0,1,0.7986341714859009,0.267564594745636,0.5389367341995239,0.021769506856799126
10,139,False,0.0,1,0.799562394618988,0.26657792925834656,0.5390238761901855,0.021843530237674713
10,140,False,0.0,1,0.7993702292442322,0.26578646898269653,0.539199948310852,0.021951500326395035
10,141,False,0.0,1,0.799004316329956,0.26573115587234497,0.5392410755157471,0.021945850923657417
10,142,False,0.0,1,0.8001810908317566,0.2652876377105713,0.5392468571662903,0.021976225078105927
10,143,False,0.0,1,0.8005930185317993,0.26507729291915894,0.5392494797706604,0.021974653005599976
10,144,False,0.0,1,0.8005480766296387,0.2648923099040985,0.5397741794586182,0.022434284910559654
10,145,False,0.0,1,0.8002763986587524,0.26507624983787537,0.539764404296875,0.022419337183237076
10,146,False,0.0,1,0.7999100685119629,0.2652095556259155,0.5398079752922058,0.022459376603364944
10,147,False,0.0,1,0.7998126149177551,0.26536059379577637,0.5397262573242188,0.02242891862988472
10,148,False,0.0,1,0.7998570203781128,0.2657349705696106,0.5398021936416626,0.022494936361908913
11,0,False,0.0,0,0.7108020782470703,0.18327127397060394,0.5208261013031006,0.01365212444216013
11,1,False,0.0,1,0.8197091817855835,0.22852201759815216,0.5400230884552002,0.022813452407717705
11,2,False,0.0,1,0.8201218843460083,0.2278490513563156,0.5399818420410156,0.022820310667157173
11,3,False,0.0,1,0.8215291500091553,0.22996650636196136,0.5402758121490479,0.023285306990146637
11,4,False,0.0,1,0.8231214284896851,0.2319428026676178,0.5403571128845215,0.02337387390434742
11,5,False,0.0,1,0.8246166706085205,0.23486757278442383,0.5403355956077576,0.023356428369879723
11,6,False,0.0,1,0.8250914812088013,0.23953065276145935,0.5404994487762451,0.02350810170173645
11,7,False,0.0,1,0.8257736563682556,0.24237671494483948,0.5405148267745972,0.023553749546408653
11,8,False,0.0,1,0.8265979290008545,0.24142606556415558,0.5406935214996338,0.023609546944499016
11,9,False,0.0,1,0.8269027471542358,0.24246637523174286,0.5407366752624512,0.023612432181835175
11,10,False,0.0,1,0.8267736434936523,0.24346084892749786,0.5406463742256165,0.02362113818526268
11,11,False,0.0,1,0.8266175985336304,0.2442404329776764,0.5409711599349976,0.023805929347872734
11,12,False,0.0,1,0.8263698816299438,0.2443351447582245,0.5409839153289795,0.02381291054189205
11,13,False,0.0,1,0.8267117738723755,0.24455121159553528,0.5411408543586731,0.023911571130156517
11,14,False,0.0,1,0.8264967203140259,0.2459561973810196,0.5410704612731934,0.023909172043204308
11,15,False,0.0,1,0.8251869678497314,0.2480057179927826,0.5410771369934082,0.023951388895511627
11,16,False,0.0,1,0.8233309984207153,0.250092089176178,0.5411620140075684,0.023976800963282585
11,17,False,0.0,1,0.8214010000228882,0.25088241696357727,0.5413118600845337,0.023967565968632698
11,18,False,0.0,1,0.8205661773681641,0.25158682465553284,0.5411314964294434,0.0238560289144516
11,19,False,0.0,1,0.8194243907928467,0.25236329436302185,0.5415148735046387,0.023904142901301384
11,20,False,0.0,1,0.817636251449585,0.25323304533958435,0.5417174100875854,0.02393767423927784
11,21,False,0.0,1,0.8166760802268982,0.2542460262775421,0.5417792201042175,0.02387038990855217
11,22,False,0.0,1,0.8145648241043091,0.25710201263427734,0.5417783260345459,0.023826787248253822
11,23,False,0.0,1,0.8121945858001709,0.2596811056137085,0.5418307185173035,0.023928863927721977
11,24,False,0.0,1,0.8096156120300293,0.2624250650405884,0.5417237877845764,0.02393122762441635
11,25,False,0.0,1,0.8078453540802002,0.2633673846721649,0.541623592376709,0.023891199380159378
11,26,False,0.0,1,0.8056965470314026,0.26402947306632996,0.5418961048126221,0.024051502346992493
11,27,False,0.0,1,0.8027057647705078,0.2671481966972351,0.5422598123550415,0.02416580729186535
11,28,False,0.0,1,0.800244927406311,0.27006760239601135,0.5422495603561401,0.024173837155103683
11,29,False,0.0,1,0.7981200218200684,0.2723153531551361,0.5426088571548462,0.024258559569716454
11,30,False,0.0,1,0.7962417602539062,0.27377739548683167,0.5428750514984131,0.024343052878975868
11,31,False,0.0,1,0.7958970069885254,0.2743222415447235,0.5432921051979065,0.024469858035445213
11,32,False,0.0,1,0.7948482036590576,0.27479755878448486,0.5432370901107788,0.02441292442381382
11,33,False,0.0,1,0.7931356430053711,0.27472805976867676,0.5431452989578247,0.02433237060904503
11,34,False,0.0,1,0.7922148108482361,0.2752147614955902,0.5434134006500244,0.024474121630191803
11,35,False,0.0,1,0.7920117974281311,0.27527913451194763,0.5434776544570923,0.024312112480401993
11,36,False,0.0,1,0.7916341423988342,0.27480071783065796,0.5434553623199463,0.02427755855023861
11,37,False,0.0,1,0.7920608520507812,0.2731671631336212,0.5434523820877075,0.024271924048662186
11,38,False,0.0,1,0.7905565500259399,0.2735835313796997,0.5430675745010376,0.024065619334578514
11,39,False,0.0,1,0.7895029783248901,0.27356401085853577,0.5429307222366333,0.023989973589777946
11,40,False,0.0,1,0.7887858748435974,0.27363449335098267,0.5428832173347473,0.023973893374204636
11,41,False,0.0,1,0.7875807881355286,0.27509841322898865,0.5426788330078125,0.023879272863268852
11,42,False,0.0,1,0.7875230312347412,0.2756393551826477,0.5426434278488159,0.023834403604269028
11,43,False,0.0,1,0.7900101542472839,0.275508314371109,0.542305588722229,0.023548608645796776
11,44,False,0.0,1,0.7911633849143982,0.2753583788871765,0.5421367287635803,0.02346491441130638
11,45,False,0.0,1,0.7923424243927002,0.2747003138065338,0.5418331027030945,0.023343991488218307
11,46,False,0.0,1,0.7935290336608887,0.27367228269577026,0.5416007041931152,0.02324748784303665
11,47,False,0.0,1,0.7941702604293823,0.2724127173423767,0.5415717363357544,0.02321244217455387
11,48,False,0.0,1,0.7946425676345825,0.2712760865688324,0.5416712760925293,0.023292936384677887
11,49,False,0.0,1,0.7953751683235168,0.27127692103385925,0.54171222448349,0.023266833275556564
11,50,False,0.0,1,0.7977038621902466,0.27048778533935547,0.5416179895401001,0.02323003113269806
11,51,False,0.0,1,0.7976056337356567,0.2711333632469177,0.5417362451553345,0.023156534880399704
11,52,False,0.0,1,0.7985116243362427,0.2704024612903595,0.5417479276657104,0.02318596839904785
11,53,False,0.0,1,0.7988288998603821,0.26970043778419495,0.5416532754898071,0.023175135254859924
11,54,False,0.0,1,0.7999919652938843,0.26921314001083374,0.5417004823684692,0.023295773193240166
11,55,False,0.0,1,0.8004472255706787,0.2688407301902771,0.5418257713317871,0.023350704461336136
11,56,False,0.0,1,0.8021080493927002,0.2675993740558624,0.5420254468917847,0.0234153363853693
11,57,False,0.0,1,0.803596019744873,0.26693427562713623,0.5421149134635925,0.0234410148113966
11,58,False,0.0,1,0.8045713305473328,0.2667216658592224,0.5422192811965942,0.023472443222999573
11,59,False,0.0,1,0.8058310747146606,0.265606164932251,0.5425952672958374,0.023505013436079025
11,60,False,0.0,1,0.806656002998352,0.26556655764579773,0.5423458814620972,0.023343894630670547
11,61,False,0.0,1,0.806930661201477,0.26510488986968994,0.5423561334609985,0.02322300150990486
11,62,False,0.0,1,0.8068658709526062,0.2655332684516907,0.5424445271492004,0.02331988885998726
11,63,False,0.0,1,0.8068921566009521,0.265514612197876,0.5423445701599121,0.023149782791733742
11,64,False,0.0,1,0.8067926168441772,0.2649945020675659,0.5422561168670654,0.023138785734772682
11,65,False,0.0,1,0.8073282241821289,0.26468461751937866,0.5420240163803101,0.022932110354304314
11,66,False,0.0,1,0.8064455986022949,0.2649015188217163,0.5418456792831421,0.022802624851465225
11,67,False,0.0,1,0.8061368465423584,0.26463449001312256,0.5416930913925171,0.022590626031160355
11,68,False,0.0,1,0.8060212135314941,0.2642788887023926,0.5416896939277649,0.022599101066589355
11,69,False,0.0,1,0.8060609102249146,0.2642418444156647,0.541895866394043,0.02263052761554718
11,70,False,0.0,1,0.8056900501251221,0.2642587423324585,0.542039155960083,0.022701038047671318
11,71,False,0.0,1,0.8054029941558838,0.2633875012397766,0.5418105721473694,0.022603126242756844
11,72,False,0.0,1,0.8054640293121338,0.2634083032608032,0.5419456958770752,0.022744841873645782
11,73,False,0.0,1,0.8051314353942871,0.26420795917510986,0.5421097278594971,0.02281731180846691
11,74,False,0.0,1,0.8048892021179199,0.26338300108909607,0.5422015190124512,0.02282417006790638
11,75,False,0.0,1,0.8056828379631042,0.2625461220741272,0.5422722697257996,0.022507041692733765
11,76,False,0.0,1,0.8057942390441895,0.2616366446018219,0.5423498153686523,0.022550106048583984
11,77,False,0.0,1,0.8061965703964233,0.26071402430534363,0.5422612428665161,0.02251186966896057
11,78,False,0.0,1,0.8073280453681946,0.25958961248397827,0.5423786044120789,0.022629808634519577
11,79,False,0.0,1,0.8070559501647949,0.2593115568161011,0.5424494743347168,0.022728610783815384
11,80,False,0.0,1,0.806352436542511,0.25855422019958496,0.542498767375946,0.02279641665518284
11,81,False,0.0,1,0.8061717748641968,0.25828415155410767,0.5426959991455078,0.02284856326878071
11,82,False,0.0,1,0.8044527769088745,0.2595985531806946,0.5425897240638733,0.022872593253850937
11,83,False,0.0,1,0.8038827180862427,0.2598499357700348,0.542528510093689,0.022311391308903694
11,84,False,0.0,1,0.8043186068534851,0.26021578907966614,0.5424526333808899,0.02227521874010563
11,85,False,0.0,1,0.803331732749939,0.26108378171920776,0.5421854257583618,0.022235367447137833
11,86,False,0.0,1,0.8023868799209595,0.2621549069881439,0.5421751737594604,0.022150877863168716
11,87,False,0.0,1,0.8023205995559692,0.26270341873168945,0.5420795679092407,0.0222595427185297
11,88,False,0.0,1,0.8012440800666809,0.2627345621585846,0.5419362187385559,0.022247929126024246
11,89,False,0.0,1,0.8004369735717773,0.262764573097229,0.5420263409614563,0.0223104115575552
11,90,False,0.0,1,0.7997454404830933,0.2624458968639374,0.5416536331176758,0.02195277437567711
11,91,False,0.0,1,0.7999805808067322,0.2637767195701599,0.5416321754455566,0.021441053599119186
11,92,False,0.0,1,0.7996339201927185,0.2653905153274536,0.5415256023406982,0.021288149058818817
11,93,False,0.0,1,0.7993614673614502,0.26664721965789795,0.5415701270103455,0.021372517570853233
11,94,False,0.0,1,0.7982847690582275,0.26755252480506897,0.5412584543228149,0.021135199815034866
11,95,False,0.0,1,0.796940803527832,0.2684740722179413,0.5415905714035034,0.02135707065463066
11,96,False,0.0,1,0.7957274913787842,0.26894721388816833,0.5413733720779419,0.021223729476332664
11,97,False,0.0,1,0.7945871353149414,0.2692224383354187,0.5415816307067871,0.021265223622322083
11,98,False,0.0,1,0.7934399843215942,0.2705707252025604,0.5418452024459839,0.021372348070144653
11,99,False,0.0,1,0.7929995059967041,0.27105164527893066,0.5415648818016052,0.02077125944197178
11,100,False,0.0,1,0.7926561236381531,0.2719477713108063,0.5414553880691528,0.020719069987535477
11,101,False,0.0,1,0.7925795316696167,0.27207446098327637,0.5412905812263489,0.020662052556872368
11,102,False,0.0,1,0.793520450592041,0.2710413932800293,0.5413460731506348,0.02074325829744339
11,103,False,0.0,1,0.7971012592315674,0.2684810161590576,0.5413388013839722,0.020743420347571373
11,104,False,0.0,1,0.7991747856140137,0.2675267159938812,0.5409563779830933,0.020532207563519478
11,105,False,0.0,1,0.799656093120575,0.2667756676673889,0.5405499935150146,0.020333854481577873
11,106,False,0.0,1,0.8012455701828003,0.26591211557388306,0.5404021143913269,0.020303059369325638
11,107,False,0.0,1,0.8006795644760132,0.2664855718612671,0.5406665205955505,0.02012025937438011
11,108,False,0.0,1,0.8018027544021606,0.26589253544807434,0.5407465696334839,0.02030152827501297
11,109,False,0.0,1,0.8012178540229797,0.26636070013046265,0.5408142805099487,0.020370248705148697
11,110,False,0.0,1,0.7994688749313354,0.26701319217681885,0.5407373309135437,0.020354533568024635
11,111,False,0.0,1,0.7994308471679688,0.2666512429714203,0.5405634641647339,0.0201740525662899
11,112,False,0.0,1,0.8005709648132324,0.2660937011241913,0.5404320359230042,0.02005580998957157
11,113,False,0.0,1,0.8027963638305664,0.2665444612503052,0.5406180620193481,0.020021243020892143
11,114,False,0.0,1,0.8037731647491455,0.26639658212661743,0.5406880378723145,0.020022334530949593
11,115,False,0.0,1,0.8038768172264099,0.26568683981895447,0.5408123731613159,0.019920714199543
11,116,False,0.0,1,0.8047522306442261,0.26549050211906433,0.5407391786575317,0.019952861592173576
12,0,False,0.0,0,0.745373010635376,0.1807180941104889,0.5197570323944092,0.011195858009159565
12,1,False,0.0,1,0.8209500312805176,0.25572335720062256,0.5419304370880127,0.020253192633390427
12,2,False,0.0,1,0.8211157917976379,0.255543977022171,0.5418756604194641,0.020226482301950455
12,3,False,0.0,1,0.8212664723396301,0.2554135322570801,0.541907548904419,0.02024013362824917
12,4,False,0.0,1,0.8215603828430176,0.25532522797584534,0.5418822169303894,0.020222147926688194
12,5,False,0.0,1,0.8217540979385376,0.25497621297836304,0.5418820381164551,0.020237505435943604
12,6,False,0.0,1,0.8221317529678345,0.2549053430557251,0.5419007539749146,0.02020207792520523
12,7,False,0.0,1,0.821967601776123,0.25518256425857544,0.5418485403060913,0.02020288072526455
12,8,False,0.0,1,0.8214149475097656,0.255461722612381,0.5418404340744019,0.02022949606180191
12,9,False,0.0,1,0.8203997611999512,0.25593990087509155,0.5419579148292542,0.020278288051486015
12,10,False,0.0,1,0.819735050201416,0.25616976618766785,0.542070209980011,0.020306997001171112
12,11,False,0.0,1,0.8183056116104126,0.2563006579875946,0.5421457290649414,0.02035091444849968
12,12,False,0.0,1,0.8163888454437256,0.25707945227622986,0.5417287945747375,0.0202714242041111
12,13,False,0.0,1,0.8155773878097534,0.25747939944267273,0.5415668487548828,0.020227255299687386
12,14,False,0.0,1,0.815392017364502,0.2581714391708374,0.5416896343231201,0.0203511081635952
12,15,False,0.0,1,0.8141807317733765,0.2589883804321289,0.5415323376655579,0.02032417245209217
12,16,False,0.0,1,0.8141727447509766,0.25959235429763794,0.5417029857635498,0.020389942452311516
12,17,False,0.0,1,0.8131705522537231,0.26031458377838135,0.5414314270019531,0.02026715688407421
12,18,False,0.0,1,0.8120267391204834,0.26006245613098145,0.5415089130401611,0.02029435895383358
12,19,False,0.0,1,0.8113503456115723,0.260547399520874,0.5413121581077576,0.02029731497168541
12,20,False,0.0,1,0.8110954761505127,0.26112309098243713,0.5411794185638428,0.020230138674378395
12,21,False,0.0,1,0.8100636005401611,0.262315571308136,0.541132926940918,0.020249174907803535
12,22,False,0.0,1,0.8093918561935425,0.26370662450790405,0.5413469076156616,0.020435407757759094
12,23,False,0.0,1,0.8093942403793335,0.26457273960113525,0.5415369272232056,0.02050051838159561
12,24,False,0.0,1,0.8084485530853271,0.26607799530029297,0.5415061712265015,0.020472386851906776
12,25,False,0.0,1,0.8076121807098389,0.26744651794433594,0.5415776371955872,0.02054683305323124
12,26,False,0.0,1,0.8069649934768677,0.26820576190948486,0.5414954423904419,0.02048325352370739
12,27,False,0.0,1,0.805469274520874,0.26874569058418274,0.54165118932724,0.020468849688768387
12,28,False,0.0,1,0.805058479309082,0.2696717381477356,0.5415916442871094,0.020389195531606674
12,29,False,0.0,1,0.8032658100128174,0.2692500352859497,0.5416347980499268,0.020381459966301918
12,30,False,0.0,1,0.8025537729263306,0.2696516811847687,0.5418887734413147,0.020693758502602577
12,31,False,0.0,1,0.8021872043609619,0.2693432867527008,0.5419678092002869,0.020733453333377838
12,32,False,0.0,1,0.8014832735061646,0.26906946301460266,0.5417785048484802,0.020651061087846756
12,33,False,0.0,1,0.8017457723617554,0.2702637314796448,0.5417335033416748,0.020665287971496582
12,34,False,0.0,1,0.8015679717063904,0.27141064405441284,0.54185950756073,0.020744049921631813
12,35,False,0.0,1,0.8018561005592346,0.27161678671836853,0.5418270826339722,0.02074623666703701
12,36,False,0.0,1,0.8016635179519653,0.2718830704689026,0.5418534278869629,0.02075081132352352
12,37,True,0.008064515888690948,1,0.8011130690574646,0.27183178067207336,0.5419506430625916,0.02070668153464794
12,38,True,0.04471544548869133,1,0.8081916570663452,0.26437222957611084,0.5418494939804077,0.020949842408299446
12,39,True,0.08536585420370102,1,0.8067535161972046,0.26447463035583496,0.5414621829986572,0.020619837567210197
12,40,True,0.1260162591934204,1,0.8042178750038147,0.26365557312965393,0.5415059924125671,0.020556773990392685
12,41,True,0.1666666716337204,1,0.8053090572357178,0.26368793845176697,0.541047215461731,0.02046165056526661
12,42,True,0.2073170691728592,1,0.8055702447891235,0.2636757791042328,0.5411331057548523,0.020496532320976257
12,43,True,0.24796748161315918,1,0.8054187297821045,0.2640185058116913,0.5414031744003296,0.020598581060767174
12,44,True,0.288617879152298,1,0.80518639087677,0.26488053798675537,0.5416947603225708,0.02079722471535206
12,45,True,0.32926830649375916,1,0.8048042058944702,0.26484817266464233,0.5413191318511963,0.02055596001446247
12,46,True,0.36991870403289795,1,0.8048673272132874,0.26525023579597473,0.5415773391723633,0.0207736324518919
12,47,True,0.41056910157203674,1,0.8050634860992432,0.26556316018104553,0.5415092706680298,0.020765479654073715
12,48,True,0.45121949911117554,1,0.8049920797348022,0.2654649019241333,0.541466236114502,0.02079809457063675
12,49,True,0.4918699264526367,1,0.8052470088005066,0.265000581741333,0.5412613749504089,0.02080821432173252
12,50,True,0.5325203537940979,1,0.8058497309684753,0.2640970051288605,0.5411937236785889,0.02080196514725685
12,51,True,0.5731707215309143,1,0.8068852424621582,0.26248177886009216,0.5412750244140625,0.020871516317129135
12,52,True,0.6138211488723755,1,0.8071353435516357,0.26216447353363037,0.541267991065979,0.020844168961048126
12,53,True,0.6544715166091919,1,0.8074491024017334,0.2619014382362366,0.5410671234130859,0.020709265023469925
12,54,True,0.6951219439506531,1,0.8077386617660522,0.2612185478210449,0.5415160059928894,0.020780444145202637
12,55,True,0.7357723712921143,1,0.8080504536628723,0.260975182056427,0.5415232181549072,0.02070017158985138
12,56,True,0.7764227390289307,1,0.8081406354904175,0.26082807779312134,0.5417342185974121,0.020709466189146042
12,57,True,0.8170731663703918,1,0.8076245784759521,0.26017996668815613,0.5418510437011719,0.02082756534218788
12,58,True,0.857723593711853,1,0.807070791721344,0.2601161301136017,0.5417356491088867,0.020584136247634888
12,59,True,0.8983739614486694,1,0.8075323104858398,0.26006561517715454,0.5417816638946533,0.020481066778302193
12,60,True,0.9390243887901306,1,0.8099908828735352,0.2594878077507019,0.5406390428543091,0.01967945322394371
12,61,True,0.9796748161315918,1,0.8091260194778442,0.25974178314208984,0.5405125617980957,0.019222548231482506
12,62,True,1.0,1,0.8099268674850464,0.25885114073753357,0.536553144454956,0.016942722722887993
12,63,True,1.0,1,0.8100364208221436,0.25854989886283875,0.5364500284194946,0.016957493498921394
12,64,True,1.0,1,0.8100437521934509,0.2583831548690796,0.5362278819084167,0.01690724864602089
12,65,True,1.0,1,0.810069739818573,0.25834378600120544,0.536103367805481,0.016888804733753204
12,66,True,1.0,1,0.810081958770752,0.2582891583442688,0.5360219478607178,0.01688079535961151
12,67,True,1.0,1,0.8100824356079102,0.2582760751247406,0.5359641909599304,0.01688055321574211
12,68,True,1.0,1,0.8100912570953369,0.25826364755630493,0.5359303951263428,0.016878776252269745
12,69,True,1.0,1,0.8100939989089966,0.25827404856681824,0.5359272956848145,0.016880745068192482
12,70,True,1.0,1,0.8102467060089111,0.25827285647392273,0.5362221002578735,0.016858579590916634
12,71,True,1.0,1,0.8102391958236694,0.25827470421791077,0.5362556576728821,0.01686599850654602
12,72,True,1.0,1,0.8102431297302246,0.2582799196243286,0.5362779498100281,0.01687273383140564
12,73,True,1.0,1,0.8102408647537231,0.2582848072052002,0.5362743139266968,0.016872679814696312
12,74,True,1.0,1,0.8102428913116455,0.2582828998565674,0.5362743139266968,0.01686970889568329
12,75,True,1.0,1,0.8102402687072754,0.2582818865776062,0.5362744331359863,0.01687362790107727
12,76,True,1.0,1,0.8102402687072754,0.2582848370075226,0.5362743735313416,0.01687278039753437
12,77,True,1.0,1,0.8102422952651978,0.258285254240036,0.5362691879272461,0.01687355525791645
12,78,True,1.0,1,0.8102823495864868,0.25829142332077026,0.5367640256881714,0.016874749213457108
12,79,True,1.0,1,0.8102803230285645,0.25829753279685974,0.5367827415466309,0.016889488324522972
12,80,True,1.0,1,0.8102831840515137,0.25830334424972534,0.5367858409881592,0.016890598461031914
12,81,True,1.0,1,0.8102847337722778,0.2583068609237671,0.536803662776947,0.016897477209568024
12,82,True,1.0,1,0.8102846145629883,0.2583065927028656,0.5368080139160156,0.016895925626158714
12,83,True,1.0,1,0.8102837800979614,0.2583107650279999,0.5368156433105469,0.016899127513170242
12,84,True,1.0,1,0.8102831840515137,0.2583097219467163,0.5368101596832275,0.016894906759262085
12,85,True,1.0,1,0.8102833032608032,0.25831130146980286,0.5368106961250305,0.01689637079834938
12,86,True,1.0,1,0.8101211190223694,0.258218914270401,0.5373499393463135,0.017024464905261993
12,87,True,1.0,1,0.8101453185081482,0.25820064544677734,0.5374162197113037,0.017044968903064728
12,88,True,1.0,1,0.8101537823677063,0.2581931948661804,0.5374431014060974,0.017056211829185486
12,89,True,1.0,1,0.8101601600646973,0.25820109248161316,0.5374610424041748,0.017063548788428307
12,90,True,1.0,1,0.8101708889007568,0.2582038342952728,0.537456750869751,0.01706397347152233
12,91,True,1.0,1,0.8101706504821777,0.25820213556289673,0.5374648571014404,0.01706230826675892
12,92,True,1.0,1,0.8101723194122314,0.2582028806209564,0.5374661684036255,0.017063843086361885
12,93,False,0.0,1,0.803436815738678,0.27368468046188354,0.5442321300506592,0.022494617849588394
12,94,False,0.0,1,0.8024255633354187,0.27381137013435364,0.5450882911682129,0.02272854931652546
12,95,False,0.0,1,0.80238938331604,0.2735629975795746,0.5451865196228027,0.022553347051143646
12,96,False,0.0,1,0.8031866550445557,0.2730494439601898,0.5449862480163574,0.022432636469602585
12,97,False,0.0,1,0.8040245771408081,0.27201274037361145,0.5448963046073914,0.022383393719792366
12,98,False,0.0,1,0.8048776388168335,0.27105656266212463,0.5448136329650879,0.022345153614878654
12,99,False,0.0,1,0.8057371973991394,0.2701024115085602,0.544689953327179,0.02229122631251812
12,100,False,0.0,1,0.8061978816986084,0.2695733308792114,0.5446844100952148,0.022315291687846184
12,101,False,0.0,1,0.8065140247344971,0.2690812349319458,0.5445746183395386,0.022302601486444473
12,102,False,0.0,1,0.8066145181655884,0.26899904012680054,0.5447714328765869,0.02256028726696968
12,103,False,0.0,1,0.8067123889923096,0.26858624815940857,0.5447417497634888,0.02251298725605011
12,104,False,0.0,1,0.8066274523735046,0.2683677673339844,0.5446217060089111,0.02247162163257599
12,105,False,0.0,1,0.806389570236206,0.26820889115333557,0.5444507002830505,0.02236657217144966
12,106,False,0.0,1,0.80606609582901,0.26810023188591003,0.544517457485199,0.022389160469174385
12,107,False,0.0,1,0.8059184551239014,0.2679413855075836,0.5445854067802429,0.022408487275242805
12,108,False,0.0,1,0.8058210015296936,0.2676972448825836,0.544623076915741,0.02239304967224598
12,109,False,0.0,1,0.8055869340896606,0.2679598033428192,0.5445845127105713,0.022364623844623566
12,110,False,0.0,1,0.8056339025497437,0.2677411139011383,0.5441559553146362,0.021976815536618233
12,111,False,0.0,1,0.8057530522346497,0.26750755310058594,0.5440213680267334,0.021903328597545624
12,112,False,0.0,1,0.8053910136222839,0.2678534984588623,0.5439649820327759,0.021862702444195747
12,113,False,0.0,1,0.8047986626625061,0.267692506313324,0.5441147089004517,0.021874545142054558
12,114,False,0.0,1,0.804324746131897,0.268153578042984,0.5442720651626587,0.02190128155052662
12,115,False,0.0,1,0.8041778802871704,0.2684811055660248,0.5441948175430298,0.021889615803956985
12,116,False,0.0,1,0.8037905693054199,0.2686723470687866,0.544113278388977,0.021831709891557693
12,117,False,0.0,1,0.8037822246551514,0.2687993049621582,0.5441453456878662,0.021865693852305412
12,118,False,0.0,1,0.8039019107818604,0.26883557438850403,0.5438202619552612,0.021598026156425476
12,119,False,0.0,1,0.8037440776824951,0.2689743638038635,0.5439165234565735,0.021652627736330032
12,120,False,0.0,1,0.8034102320671082,0.26901713013648987,0.5438060760498047,0.021609846502542496
12,121,False,0.0,1,0.8028141260147095,0.2686483561992645,0.5437639951705933,0.02157174050807953
12,122,False,0.0,1,0.8024888038635254,0.2685886025428772,0.5436344146728516,0.021526088938117027
12,123,False,0.0,1,0.8019837141036987,0.26823335886001587,0.5435651540756226,0.02146979235112667
13,0,False,0.0,0,0.7292065620422363,0.18960121273994446,0.52455073595047,0.013782653026282787
13,1,False,0.0,1,0.8180477619171143,0.25894880294799805,0.5461229085922241,0.022208327427506447
13,2,False,0.0,1,0.8178050518035889,0.2593294084072113,0.5461037158966064,0.02205033227801323
13,3,False,0.0,1,0.8179073333740234,0.2594069242477417,0.5462698936462402,0.0221150740981102
13,4,False,0.0,1,0.8176016807556152,0.2593857944011688,0.5463500022888184,0.022159025073051453
13,5,False,0.0,1,0.8173959851264954,0.26015686988830566,0.5463011860847473,0.02211660146713257
13,6,False,0.0,1,0.8169758319854736,0.26022854447364807,0.5463077425956726,0.02215767465531826
13,7,False,0.0,1,0.8171916007995605,0.2601248621940613,0.5462422370910645,0.022156646475195885
13,8,False,0.0,1,0.8173360824584961,0.2601471245288849,0.5464069247245789,0.022253789007663727
13,9,False,0.0,1,0.8173822164535522,0.2603047788143158,0.5463985204696655,0.022310785949230194
13,10,False,0.0,1,0.8172603249549866,0.2602497339248657,0.5462583899497986,0.022143924608826637
13,11,False,0.0,1,0.8174479603767395,0.2601419687271118,0.546115517616272,0.022123903036117554
13,12,False,0.0,1,0.8178279399871826,0.2599851191043854,0.546025276184082,0.022119566798210144
13,13,False,0.0,1,0.8180376291275024,0.25999152660369873,0.5459333658218384,0.022094838321208954
13,14,False,0.0,1,0.8184144496917725,0.2598649859428406,0.5458927154541016,0.02208574302494526
13,15,False,0.0,1,0.8185449838638306,0.259440153837204,0.545867919921875,0.022101635113358498
13,16,False,0.0,1,0.8188767433166504,0.25920426845550537,0.545803964138031,0.02208191156387329
13,17,False,0.0,1,0.818511962890625,0.2588879466056824,0.5457160472869873,0.02213548682630062
13,18,False,0.0,1,0.8189412951469421,0.25866198539733887,0.5454840064048767,0.0219527967274189
13,19,False,0.0,1,0.8189625144004822,0.2585544288158417,0.5453916788101196,0.021942824125289917
13,20,False,0.0,1,0.8191520571708679,0.258211612701416,0.545235276222229,0.02188861556351185
13,21,False,0.0,1,0.8188905119895935,0.25757715106010437,0.5451254844665527,0.021827489137649536
13,22,False,0.0,1,0.8192537426948547,0.25739961862564087,0.5450537204742432,0.021768804639577866
13,23,False,0.0,1,0.8194807767868042,0.2573268711566925,0.5452563762664795,0.021836351603269577
13,24,False,0.0,1,0.819387674331665,0.2574584186077118,0.5452706217765808,0.021820377558469772
13,25,False,0.0,1,0.8192166090011597,0.2577116787433624,0.5454224348068237,0.021868959069252014
13,26,False,0.0,1,0.8194057941436768,0.2582177519798279,0.5456237196922302,0.021823281422257423
13,27,False,0.0,1,0.8195473551750183,0.25878095626831055,0.5455955266952515,0.02175726555287838
13,28,False,0.0,1,0.8194417953491211,0.25978416204452515,0.5457158088684082,0.02181471325457096
13,29,False,0.0,1,0.8191307783126831,0.2604527473449707,0.5459142923355103,0.021923797205090523
13,30,False,0.0,1,0.8190986514091492,0.260818749666214,0.5458852052688599,0.021878372877836227
13,31,False,0.0,1,0.8179205060005188,0.2615128755569458,0.5460941791534424,0.02194591611623764
13,32,False,0.0,1,0.8164541125297546,0.2620353400707245,0.5458716154098511,0.02180882729589939
13,33,False,0.0,1,0.8155488967895508,0.2625938355922699,0.5458407402038574,0.021846776828169823
13,34,False,0.0,1,0.8156164288520813,0.26236724853515625,0.5459848642349243,0.021905412897467613
13,35,False,0.0,1,0.8149615526199341,0.2621161937713623,0.5460786819458008,0.02196045219898224
13,36,False,0.0,1,0.8134239912033081,0.26257532835006714,0.545884370803833,0.021871592849493027
13,37,False,0.0,1,0.8122828006744385,0.2631228268146515,0.5458474159240723,0.0219049621373415
13,38,False,0.0,1,0.8123366832733154,0.26329439878463745,0.5457812547683716,0.021951790899038315
13,39,False,0.0,1,0.8114123940467834,0.26365959644317627,0.5458438396453857,0.02192007005214691
13,40,True,0.007462686393409967,1,0.8098348379135132,0.26483482122421265,0.5459222793579102,0.02196098305284977
13,41,True,0.04135338217020035,1,0.8088940382003784,0.26602527499198914,0.5452521443367004,0.021755369380116463
13,42,True,0.07894736528396606,1,0.8078710436820984,0.2674194276332855,0.5452522039413452,0.021932924166321754
13,43,True,0.11654135584831238,1,0.8067750334739685,0.2680812478065491,0.5448123216629028,0.021796420216560364
13,44,True,0.1541353315114975,1,0.805961012840271,0.26856473088264465,0.5449737310409546,0.021835284307599068
13,45,True,0.1917293220758438,1,0.8047807216644287,0.2685314416885376,0.5447287559509277,0.0217298436909914
13,46,True,0.22932331264019012,1,0.8040053844451904,0.26864269375801086,0.5451899766921997,0.021968357264995575
13,47,True,0.26691728830337524,1,0.8031896352767944,0.2687002420425415,0.5447094440460205,0.021656719967722893
13,48,True,0.30451127886772156,1,0.8028581738471985,0.26816946268081665,0.5440839529037476,0.02137663960456848
13,49,True,0.34210526943206787,1,0.8025490641593933,0.2683459222316742,0.5434619188308716,0.020994972437620163
13,50,True,0.3796992599964142,1,0.8014054298400879,0.269098699092865,0.5443518757820129,0.021547850221395493
13,51,True,0.4172932207584381,1,0.8007412552833557,0.2688765525817871,0.5448250770568848,0.02168535254895687
13,52,True,0.4548872113227844,1,0.802458643913269,0.2683679759502411,0.5445488691329956,0.021375339478254318
13,53,True,0.49248120188713074,1,0.8029911518096924,0.2680412828922272,0.5448110103607178,0.021442146971821785
13,54,True,0.530075192451477,1,0.8028247356414795,0.26672086119651794,0.5449379086494446,0.021428750827908516
13,55,True,0.567669153213501,1,0.8048436641693115,0.2651021182537079,0.5447365641593933,0.02140623889863491
13,56,True,0.6052631735801697,1,0.8048334717750549,0.2642679512500763,0.5445209741592407,0.021388161927461624
13,57,True,0.6428571343421936,1,0.8053501844406128,0.26244789361953735,0.544035792350769,0.021170953288674355
13,58,True,0.6804511547088623,1,0.8046990633010864,0.2613871097564697,0.5440894365310669,0.0211106576025486
13,59,True,0.7180451154708862,1,0.8059913516044617,0.259371817111969,0.5442894697189331,0.021197611466050148
13,60,True,0.7556390762329102,1,0.8079429864883423,0.2577672600746155,0.5446699857711792,0.02132345363497734
13,61,True,0.7932330965995789,1,0.8091652989387512,0.257335901260376,0.544620156288147,0.021265147253870964
13,62,True,0.8308270573616028,1,0.8089333176612854,0.2555449903011322,0.5446429252624512,0.021271953359246254
13,63,True,0.8684210777282715,1,0.8082478046417236,0.2551732361316681,0.5441643595695496,0.020931582897901535
13,64,True,0.9060150384902954,1,0.8085999488830566,0.2552459239959717,0.5442010164260864,0.02085290290415287
13,65,True,0.9436089992523193,1,0.8089075088500977,0.2542777955532074,0.5433284640312195,0.020343350246548653
13,66,True,0.981203019618988,1,0.8092639446258545,0.2541387975215912,0.5434999465942383,0.020181478932499886
13,67,True,1.0,1,0.8090294599533081,0.2539721727371216,0.5378326177597046,0.017551306635141373
13,68,True,1.0,1,0.8099430799484253,0.2511095404624939,0.5378860831260681,0.017698640003800392
13,69,True,1.0,1,0.8103796243667603,0.24945682287216187,0.5377256870269775,0.01773953251540661
13,70,True,1.0,1,0.8104863166809082,0.2486928403377533,0.537595808506012,0.01774735376238823
13,71,True,1.0,1,0.8105560541152954,0.24832281470298767,0.5375081300735474,0.017752517014741898
13,72,True,1.0,1,0.8105646371841431,0.24817143380641937,0.5374654531478882,0.01775212399661541
13,73,True,1.0,1,0.8105802536010742,0.24808552861213684,0.537433385848999,0.017748713493347168
13,74,True,1.0,1,0.8105031251907349,0.24789553880691528,0.5374253988265991,0.017821965739130974
13,75,True,1.0,1,0.8104995489120483,0.24786406755447388,0.537475049495697,0.017837701365351677
13,76,True,1.0,1,0.8104994297027588,0.24785742163658142,0.5374749898910522,0.017844269052147865
13,77,True,1.0,1,0.8104972839355469,0.24786299467086792,0.5374925136566162,0.017845382913947105
13,78,True,1.0,1,0.8104987144470215,0.24785833060741425,0.5374851226806641,0.017845718190073967
13,79,True,1.0,1,0.810499906539917,0.24785909056663513,0.5374832153320312,0.017848743125796318
13,80,True,1.0,1,0.8104956150054932,0.24786476790905,0.5374855995178223,0.0178508497774601
13,81,True,1.0,1,0.8104960918426514,0.2478640228509903,0.5374804735183716,0.017847705632448196
13,82,True,1.0,1,0.8103973865509033,0.2474486529827118,0.5372319221496582,0.01777844876050949
13,83,True,1.0,1,0.8103951215744019,0.24743342399597168,0.5372614860534668,0.017786769196391106
13,84,True,1.0,1,0.8103896379470825,0.2474394291639328,0.5372884273529053,0.017794635146856308
13,85,True,1.0,1,0.8103818893432617,0.24744154512882233,0.5372873544692993,0.017797106876969337
13,86,True,1.0,1,0.810379147529602,0.2474469542503357,0.537286639213562,0.017801301553845406
13,87,True,1.0,1,0.8103808164596558,0.24744753539562225,0.5372921228408813,0.01780136302113533
13,88,True,1.0,1,0.8103753328323364,0.24744486808776855,0.5372929573059082,0.017803382128477097
13,89,True,1.0,1,0.8103805780410767,0.24744142591953278,0.5372936129570007,0.017802773043513298
13,90,True,1.0,1,0.8105123043060303,0.24588720500469208,0.5371609330177307,0.017838727682828903
13,91,True,1.0,1,0.8105161190032959,0.24587251245975494,0.5372617244720459,0.017849134281277657
13,92,True,1.0,1,0.8105379343032837,0.24583405256271362,0.5372816920280457,0.01785658858716488
13,93,True,1.0,1,0.8105450868606567,0.24584612250328064,0.5373085737228394,0.017860447987914085
13,94,True,1.0,1,0.8105422258377075,0.2458488494157791,0.5373216867446899,0.01786159537732601
13,95,True,1.0,1,0.8105436563491821,0.24584387242794037,0.5373200178146362,0.01786165125668049
13,96,True,1.0,1,0.810541033744812,0.24584628641605377,0.5373265743255615,0.017863769084215164
13,97,True,1.0,1,0.8105481863021851,0.24584683775901794,0.5373251438140869,0.01786409318447113
13,98,True,1.0,1,0.8107019662857056,0.24318665266036987,0.5375057458877563,0.017890382558107376
13,99,True,1.0,1,0.8107250928878784,0.2430606484413147,0.5375511646270752,0.017895540222525597
13,100,False,0.0,1,0.8083968162536621,0.2682662308216095,0.5491049289703369,0.024362806230783463
13,101,False,0.0,1,0.805497944355011,0.2689516842365265,0.5494701862335205,0.024081984534859657
13,102,False,0.0,1,0.8018769025802612,0.2707502841949463,0.5491076707839966,0.023779770359396935
13,103,False,0.0,1,0.7998720407485962,0.2716734707355499,0.5488241910934448,0.023607617244124413
13,104,False,0.0,1,0.7990617156028748,0.2720228433609009,0.5487945079803467,0.023510785773396492
13,105,False,0.0,1,0.7981185913085938,0.2729257047176361,0.5488792657852173,0.023596998304128647
13,106,False,0.0,1,0.796912431716919,0.27429842948913574,0.5489664673805237,0.02359718270599842
13,107,False,0.0,1,0.7965539693832397,0.27494868636131287,0.5486698150634766,0.023498713970184326
13,108,False,0.0,1,0.7967132329940796,0.27512839436531067,0.5486701726913452,0.02351553551852703
13,109,False,0.0,1,0.7974958419799805,0.2748540937900543,0.5487359762191772,0.023608291521668434
13,110,False,0.0,1,0.7974144220352173,0.2747209072113037,0.5488413572311401,0.023742230609059334
13,111,False,0.0,1,0.7974667549133301,0.27471768856048584,0.5486162900924683,0.023713810369372368
13,112,False,0.0,1,0.7978256940841675,0.27435702085494995,0.5486435890197754,0.02375124767422676
13,113,False,0.0,1,0.7978489995002747,0.2738475799560547,0.5486396551132202,0.023789679631590843
13,114,False,0.0,1,0.7984487414360046,0.27301841974258423,0.5488532781600952,0.02388153038918972
13,115,False,0.0,1,0.7990068793296814,0.2723132073879242,0.5488059520721436,0.023891817778348923
13,116,False,0.0,1,0.7992146611213684,0.27184534072875977,0.5486648082733154,0.02386332117021084
13,117,False,0.0,1,0.7999768257141113,0.27037355303764343,0.5486770272254944,0.023883596062660217
13,118,False,0.0,1,0.7997514009475708,0.2699962556362152,0.5485891699790955,0.023854287341237068
13,119,False,0.0,1,0.7985655069351196,0.2706737220287323,0.5486509203910828,0.023852825164794922
13,120,False,0.0,1,0.7962666153907776,0.2718326449394226,0.5486772656440735,0.02389487437903881
13,121,False,0.0,1,0.7952513694763184,0.27236616611480713,0.5488511919975281,0.023976633325219154
13,122,False,0.0,1,0.7953442335128784,0.272201806306839,0.5487708449363708,0.02389046736061573
13,123,False,0.0,1,0.7954137325286865,0.2720566689968109,0.5489252805709839,0.02390037477016449
13,124,False,0.0,1,0.7980468273162842,0.2707759141921997,0.5490043759346008,0.023901086300611496
13,125,False,0.0,1,0.8007934093475342,0.2701233923435211,0.5494340658187866,0.024075442925095558
13,126,False,0.0,1,0.8026840686798096,0.2694947123527527,0.5491251945495605,0.023903900757431984
13,127,False,0.0,1,0.8029131889343262,0.2694624066352844,0.5492287278175354,0.02391873672604561
13,128,False,0.0,1,0.802681565284729,0.2695389688014984,0.5492515563964844,0.023903965950012207
13,129,False,0.0,1,0.8025252819061279,0.26980718970298767,0.5492371320724487,0.02392626740038395
13,130,False,0.0,1,0.8026017546653748,0.26991507411003113,0.5495353937149048,0.0241322610527277
13,131,False,0.0,1,0.8024579286575317,0.2698613405227661,0.5499176383018494,0.02427815832197666
13,132,False,0.0,1,0.8026554584503174,0.269702285528183,0.5499386191368103,0.024305563420057297
13,133,False,0.0,1,0.802951455116272,0.2694286108016968,0.54976487159729,0.024234341457486153
14,0,False,0.0,0,0.7442480325698853,0.18510448932647705,0.5235346555709839,0.012903864495456219
14,1,False,0.0,1,0.8262020349502563,0.2539263069629669,0.5495555996894836,0.02364562638103962
14,2,False,0.0,1,0.826490044593811,0.25366902351379395,0.5496158599853516,0.0236500296741724
14,3,False,0.0,1,0.8265823125839233,0.2535116672515869,0.549675464630127,0.023676864802837372
14,4,False,0.0,1,0.8267490863800049,0.25306305289268494,0.5500516891479492,0.023824766278266907
14,5,False,0.0,1,0.8269080519676208,0.25248944759368896,0.5506374835968018,0.024040555581450462
14,6,False,0.0,1,0.8269829154014587,0.25190165638923645,0.5510542392730713,0.024196384474635124
14,7,False,0.0,1,0.8280413150787354,0.2512005567550659,0.5512857437133789,0.02420123666524887
14,8,False,0.0,1,0.8279596567153931,0.251054048538208,0.5514613389968872,0.024248361587524414
14,9,False,0.0,1,0.8278779983520508,0.25116780400276184,0.5515123009681702,0.024264108389616013
14,10,False,0.0,1,0.8281501531600952,0.25131943821907043,0.5514957904815674,0.024257047101855278
14,11,False,0.0,1,0.8278452157974243,0.25171080231666565,0.551575243473053,0.024324864149093628
14,12,False,0.0,1,0.8280744552612305,0.25135689973831177,0.5517318248748779,0.024502456188201904
14,13,False,0.0,1,0.8280625343322754,0.2514856159687042,0.5520592927932739,0.02465025521814823
14,14,False,0.0,1,0.8277205228805542,0.25196701288223267,0.5520444512367249,0.024694763123989105
14,15,False,0.0,1,0.8270394802093506,0.25247788429260254,0.5523102879524231,0.024829523637890816
14,16,False,0.0,1,0.8269934058189392,0.2527974247932434,0.5524318814277649,0.02493984065949917
14,17,False,0.0,1,0.8261189460754395,0.2531520426273346,0.5523608326911926,0.02493101917207241
14,18,False,0.0,1,0.8253480195999146,0.2534008324146271,0.5522605180740356,0.024927837774157524
14,19,False,0.0,1,0.8244795799255371,0.25353044271469116,0.551823616027832,0.02471683733165264
14,20,False,0.0,1,0.8243517875671387,0.2535891830921173,0.5517011880874634,0.02482309378683567
14,21,False,0.0,1,0.8240504264831543,0.2537127137184143,0.5515774488449097,0.02468320168554783
14,22,False,0.0,1,0.8234596252441406,0.25397831201553345,0.5514873266220093,0.024665270000696182
14,23,False,0.0,1,0.8226061463356018,0.25434014201164246,0.5513688921928406,0.024641873314976692
14,24,False,0.0,1,0.8216484189033508,0.25487416982650757,0.551177978515625,0.02449369616806507
14,25,False,0.0,1,0.8202164173126221,0.2556464970111847,0.550697386264801,0.02421533688902855
14,26,False,0.0,1,0.8188415765762329,0.25658118724823,0.5506500005722046,0.02417227439582348
14,27,False,0.0,1,0.8167984485626221,0.25777292251586914,0.5507967472076416,0.024285510182380676
14,28,False,0.0,1,0.8146851062774658,0.2590756118297577,0.5509192943572998,0.024368923157453537
14,29,False,0.0,1,0.8125991821289062,0.2603006362915039,0.5514492988586426,0.024540629237890244
14,30,False,0.0,1,0.8110009431838989,0.2607705593109131,0.5516040325164795,0.02452998235821724
14,31,False,0.0,1,0.8093268871307373,0.2612077593803406,0.5518583059310913,0.024614326655864716
14,32,False,0.0,1,0.8078390955924988,0.2618505656719208,0.5521689057350159,0.02476024068892002
14,33,False,0.0,1,0.8075369596481323,0.262539267539978,0.5520600080490112,0.024746790528297424
14,34,True,0.008771929889917374,1,0.8061268329620361,0.263338178396225,0.5518031120300293,0.024558713659644127
14,35,True,0.048672568053007126,1,0.805017352104187,0.2643839716911316,0.5516759157180786,0.024545952677726746
14,36,True,0.09292035549879074,1,0.8049718141555786,0.26520872116088867,0.5519695281982422,0.024627884849905968
14,37,True,0.13716813921928406,1,0.8046941161155701,0.26569199562072754,0.5519464015960693,0.024549415335059166
14,38,True,0.18141593039035797,1,0.8041107654571533,0.26539739966392517,0.5522900819778442,0.0248063113540411
14,39,True,0.22566372156143188,1,0.8038393259048462,0.26540639996528625,0.552269458770752,0.024759795516729355
14,40,True,0.2699114978313446,1,0.8042894601821899,0.26480209827423096,0.5521736145019531,0.02466653659939766
14,41,True,0.3141593039035797,1,0.804471492767334,0.2646302580833435,0.5518362522125244,0.024432189762592316
14,42,True,0.35840708017349243,1,0.8043474555015564,0.2643960416316986,0.5515913963317871,0.024284668266773224
14,43,True,0.40265485644340515,1,0.8048346042633057,0.2643240988254547,0.5516101717948914,0.024255288764834404
14,44,True,0.44690266251564026,1,0.8052245378494263,0.26470866799354553,0.5517076849937439,0.024271821603178978
14,45,True,0.491150438785553,1,0.8056315779685974,0.2646816372871399,0.551262378692627,0.024038782343268394
14,46,True,0.5353982448577881,1,0.8060380816459656,0.2649139165878296,0.5512735247612,0.024105506017804146
14,47,True,0.5796459913253784,1,0.8043017983436584,0.2666192352771759,0.5512121915817261,0.02405039593577385
14,48,True,0.6238937973976135,1,0.8049144148826599,0.26633480191230774,0.5512011051177979,0.02400089241564274
14,49,True,0.6681416034698486,1,0.8055790066719055,0.26667505502700806,0.5512582063674927,0.024024132639169693
14,50,True,0.7123894095420837,1,0.8086780309677124,0.2635679841041565,0.551177978515625,0.024021930992603302
14,51,True,0.7566371560096741,1,0.8083803653717041,0.2611481845378876,0.5504468083381653,0.023548288270831108
14,52,True,0.8008849620819092,1,0.809101939201355,0.2595623731613159,0.5503838062286377,0.02333727292716503
14,53,True,0.8451327681541443,1,0.8109320402145386,0.2571355998516083,0.550101637840271,0.023081304505467415
14,54,True,0.8893805146217346,1,0.8101065158843994,0.2566266357898712,0.5499273538589478,0.022941874340176582
14,55,True,0.9336283206939697,1,0.8125364184379578,0.25440752506256104,0.5491364002227783,0.022400446236133575
14,56,True,0.9778761267662048,1,0.8141361474990845,0.25340959429740906,0.5483921766281128,0.02157123014330864
14,57,True,1.0,1,0.8126378059387207,0.25159257650375366,0.5413659811019897,0.017892101779580116
14,58,True,1.0,1,0.8134540319442749,0.248379647731781,0.5412991642951965,0.01793440245091915
14,59,True,1.0,1,0.813652515411377,0.2465367615222931,0.5410224199295044,0.017872700467705727
14,60,True,1.0,1,0.8137005567550659,0.24558649957180023,0.5410668253898621,0.017814787104725838
14,61,True,1.0,1,0.8137266635894775,0.24500735104084015,0.5409444570541382,0.017813362181186676
14,62,True,1.0,1,0.8137332201004028,0.24472621083259583,0.5408679246902466,0.01781844161450863
14,63,True,1.0,1,0.8137331008911133,0.24459829926490784,0.5408434271812439,0.017822731286287308
14,64,True,1.0,1,0.8137478828430176,0.24452537298202515,0.5408022403717041,0.017819605767726898
14,65,True,1.0,1,0.8137418031692505,0.24446238577365875,0.5407868027687073,0.01782013662159443
14,66,True,1.0,1,0.8137495517730713,0.24447011947631836,0.5407856702804565,0.01782008819282055
14,67,True,1.0,1,0.8137466907501221,0.24446818232536316,0.5407873392105103,0.01781810261309147
14,68,True,1.0,1,0.8136500120162964,0.24329152703285217,0.5409858822822571,0.017848150804638863
14,69,True,1.0,1,0.8136743307113647,0.24312755465507507,0.5409771203994751,0.017872465774416924
14,70,True,1.0,1,0.8136724233627319,0.24307724833488464,0.5409815311431885,0.01788441836833954
14,71,True,1.0,1,0.8136706352233887,0.24305033683776855,0.5409753322601318,0.017890147864818573
14,72,True,1.0,1,0.8136758804321289,0.24302759766578674,0.5409681797027588,0.017892085015773773
14,73,True,1.0,1,0.8136681318283081,0.24301835894584656,0.540965735912323,0.017895331606268883
14,74,True,1.0,1,0.8136640787124634,0.24301598966121674,0.5409586429595947,0.017891479656100273
14,75,True,1.0,1,0.8136698007583618,0.24301056563854218,0.5409600734710693,0.017892278730869293
14,76,True,1.0,1,0.813511848449707,0.24102117121219635,0.5409103035926819,0.017944788560271263
14,77,True,1.0,1,0.8135538101196289,0.24078115820884705,0.5408788919448853,0.017960211262106895
14,78,True,1.0,1,0.8135625123977661,0.2406807392835617,0.5408818125724792,0.017973091453313828
14,79,True,1.0,1,0.813581109046936,0.2406427264213562,0.5408499240875244,0.017971614375710487
14,80,True,1.0,1,0.8135799169540405,0.24059289693832397,0.5408483743667603,0.01797591708600521
14,81,True,1.0,1,0.8135875463485718,0.24059370160102844,0.5408497452735901,0.017978254705667496
14,82,True,1.0,1,0.8135920763015747,0.24058277904987335,0.5408470630645752,0.017976555973291397
14,83,True,1.0,1,0.8135939836502075,0.24058270454406738,0.5408496856689453,0.01797759346663952
14,84,True,1.0,1,0.813003420829773,0.2373618334531784,0.5405293703079224,0.01804182678461075
14,85,False,0.0,1,0.811485230922699,0.2642551064491272,0.5524593591690063,0.02551862969994545
14,86,False,0.0,1,0.8095924854278564,0.2656439244747162,0.5528755187988281,0.02522652968764305
14,87,False,0.0,1,0.80751633644104,0.26840320229530334,0.5528881549835205,0.025159232318401337
14,88,False,0.0,1,0.8065477013587952,0.27038851380348206,0.5529855489730835,0.025184573605656624
14,89,False,0.0,1,0.8049595355987549,0.27107343077659607,0.5526647567749023,0.024963365867733955
14,90,False,0.0,1,0.8043582439422607,0.2711564898490906,0.552797794342041,0.024998003616929054
14,91,False,0.0,1,0.8027513027191162,0.27158933877944946,0.5526163578033447,0.024877721443772316
14,92,False,0.0,1,0.8013966679573059,0.27289915084838867,0.5522904992103577,0.024915339425206184
14,93,False,0.0,1,0.8010421395301819,0.2726235091686249,0.5518362522125244,0.024740418419241905
14,94,False,0.0,1,0.8003484010696411,0.27268508076667786,0.5515192747116089,0.02464171312749386
14,95,False,0.0,1,0.7994339466094971,0.27301421761512756,0.5513039827346802,0.024552607908844948
14,96,False,0.0,1,0.7990368604660034,0.2754229009151459,0.5510791540145874,0.02443542890250683
14,97,False,0.0,1,0.7983831763267517,0.2759026288986206,0.5509293675422668,0.024335913360118866
14,98,False,0.0,1,0.7981609106063843,0.2760052978992462,0.5512127876281738,0.024503134191036224
14,99,False,0.0,1,0.7977017760276794,0.27542051672935486,0.5512441992759705,0.024560632184147835
14,100,False,0.0,1,0.7971137762069702,0.27433857321739197,0.5505226850509644,0.02445034869015217
14,101,False,0.0,1,0.7964836359024048,0.27380600571632385,0.5501369833946228,0.02430305816233158
14,102,False,0.0,1,0.7967468500137329,0.2733948528766632,0.5498694777488708,0.024227892979979515
14,103,False,0.0,1,0.7967745065689087,0.2735922038555145,0.5498247146606445,0.02419847622513771
14,104,False,0.0,1,0.7969472408294678,0.2741159498691559,0.5498115420341492,0.024195939302444458
14,105,False,0.0,1,0.7976427674293518,0.27475500106811523,0.5497015714645386,0.02412545122206211
14,106,False,0.0,1,0.7989460229873657,0.2744276225566864,0.5495871305465698,0.02406265214085579
14,107,False,0.0,1,0.7995845079421997,0.2739707827568054,0.5496745109558105,0.024113362655043602
14,108,False,0.0,1,0.797838568687439,0.27458271384239197,0.549048125743866,0.024081183597445488
14,109,False,0.0,1,0.7956008911132812,0.2750648558139801,0.5489001870155334,0.02407081052660942
14,110,False,0.0,1,0.7939537763595581,0.2753607928752899,0.5486353635787964,0.023982636630535126
14,111,False,0.0,1,0.7948980331420898,0.27430933713912964,0.5485615730285645,0.023957913741469383
14,112,False,0.0,1,0.7971253991127014,0.271916925907135,0.5485622882843018,0.023929884657263756
14,113,False,0.0,1,0.7986975312232971,0.270565390586853,0.5485952496528625,0.023897714912891388
15,0,False,0.0,0,0.7514175176620483,0.18881800770759583,0.525603711605072,0.015089808963239193
15,1,False,0.0,1,0.82612144947052,0.2550860047340393,0.549773633480072,0.024766486138105392
15,2,False,0.0,1,0.8263070583343506,0.25490275025367737,0.5494323372840881,0.024608910083770752
15,3,False,0.0,1,0.8268512487411499,0.2541501224040985,0.5492908954620361,0.02458571270108223
15,4,False,0.0,1,0.826693058013916,0.2537727653980255,0.5493161678314209,0.024619387462735176
15,5,False,0.0,1,0.8253028392791748,0.25417423248291016,0.5493639707565308,0.02461322769522667
15,6,False,0.0,1,0.8245919942855835,0.2544409930706024,0.5492974519729614,0.024554716423153877
15,7,False,0.0,1,0.8234682083129883,0.2552773058414459,0.5491520166397095,0.024454647675156593
15,8,False,0.0,1,0.8219932913780212,0.25609931349754333,0.5490570664405823,0.02439868077635765
15,9,False,0.0,1,0.8197288513183594,0.25718215107917786,0.5492066740989685,0.02445070445537567
15,10,False,0.0,1,0.8176735043525696,0.25934430956840515,0.548354983329773,0.024009088054299355
15,11,False,0.0,1,0.8161083459854126,0.25968581438064575,0.5485564470291138,0.024065976962447166
15,12,False,0.0,1,0.8145112991333008,0.2611086964607239,0.5486326217651367,0.02410724014043808
15,13,False,0.0,1,0.8137462735176086,0.26306208968162537,0.5485196113586426,0.02404065988957882
15,14,False,0.0,1,0.8119287490844727,0.2648982107639313,0.5485624670982361,0.024006040766835213
15,15,False,0.0,1,0.8102339506149292,0.2664857804775238,0.5485192537307739,0.023987919092178345
15,16,False,0.0,1,0.8081988096237183,0.2673688232898712,0.5486153364181519,0.023994553834199905
15,17,False,0.0,1,0.8062487244606018,0.268772155046463,0.5487484931945801,0.024032481014728546
15,18,False,0.0,1,0.8052492141723633,0.27076849341392517,0.5481937527656555,0.023503215983510017
15,19,False,0.0,1,0.8041989803314209,0.27141499519348145,0.548017680644989,0.02345466800034046
15,20,False,0.0,1,0.8026989102363586,0.2727047801017761,0.5479636192321777,0.023505011573433876
15,21,False,0.0,1,0.8018834590911865,0.27370816469192505,0.5480372905731201,0.02353360317647457
15,22,False,0.0,1,0.8011963963508606,0.2746983766555786,0.5481604933738708,0.023606838658452034
15,23,False,0.0,1,0.8012689352035522,0.275181382894516,0.5485156774520874,0.023711858317255974
15,24,False,0.0,1,0.8015335202217102,0.2751235067844391,0.5485708713531494,0.02371036820113659
15,25,False,0.0,1,0.801508903503418,0.27530181407928467,0.5483502149581909,0.023570451885461807
15,26,False,0.0,1,0.8015875816345215,0.27500683069229126,0.5483670830726624,0.023232949897646904
15,27,False,0.0,1,0.801525354385376,0.2752073407173157,0.5481256246566772,0.023220131173729897
15,28,False,0.0,1,0.8011562824249268,0.2753028869628906,0.5478403568267822,0.023145766928792
15,29,False,0.0,1,0.8010531067848206,0.2755016088485718,0.5477614402770996,0.023136412724852562
15,30,False,0.0,1,0.8009103536605835,0.2759949564933777,0.5478367209434509,0.023193158209323883
15,31,False,0.0,1,0.8009581565856934,0.27632567286491394,0.5479164123535156,0.023250464349985123
15,32,False,0.0,1,0.8008856773376465,0.276310533285141,0.5478982925415039,0.023225368931889534
15,33,False,0.0,1,0.8011212348937988,0.276223748922348,0.5480040907859802,0.023294880986213684
15,34,False,0.0,1,0.8015746474266052,0.27587202191352844,0.5480113625526428,0.022969534620642662
15,35,False,0.0,1,0.8013009428977966,0.27657821774482727,0.5478289127349854,0.02294200286269188
15,36,False,0.0,1,0.8002313375473022,0.2772497236728668,0.5476855039596558,0.02289385348558426
15,37,False,0.0,1,0.7997586727142334,0.27726811170578003,0.5477904081344604,0.022966492921113968
15,38,False,0.0,1,0.7997535467147827,0.2759788930416107,0.5476108193397522,0.02287621796131134
15,39,False,0.0,1,0.7992756366729736,0.2751913070678711,0.547439455986023,0.0228164903819561
15,40,False,0.0,1,0.7994522452354431,0.2743064761161804,0.5473650693893433,0.022802310064435005
15,41,False,0.0,1,0.7992904186248779,0.2741927206516266,0.5472383499145508,0.022763613611459732
15,42,False,0.0,1,0.7991754412651062,0.2740715742111206,0.5473631620407104,0.02254376746714115
15,43,False,0.0,1,0.7989204525947571,0.27375859022140503,0.5471279621124268,0.022496385499835014
15,44,False,0.0,1,0.7993815541267395,0.2730502188205719,0.5472220778465271,0.02259877696633339
15,45,False,0.0,1,0.8002548217773438,0.27166998386383057,0.5471386909484863,0.022595416754484177
15,46,False,0.0,1,0.8016352653503418,0.2705742418766022,0.5474776029586792,0.02274000085890293
15,47,False,0.0,1,0.8032219409942627,0.26953446865081787,0.5479894280433655,0.022931601852178574
15,48,False,0.0,1,0.8047094941139221,0.2689785659313202,0.5478793978691101,0.022910725325345993
15,49,False,0.0,1,0.8060010075569153,0.26822584867477417,0.5478320717811584,0.022898515686392784
15,50,False,0.0,1,0.8068295121192932,0.2675515115261078,0.5481829643249512,0.022738302126526833
15,51,False,0.0,1,0.8076263666152954,0.2670828104019165,0.5478934645652771,0.022591663524508476
15,52,False,0.0,1,0.8077774047851562,0.26617786288261414,0.5482184886932373,0.022693326696753502
15,53,False,0.0,1,0.8075577020645142,0.2656312882900238,0.5486809015274048,0.022829364985227585
15,54,False,0.0,1,0.808820903301239,0.26491448283195496,0.5483129024505615,0.022650839760899544
15,55,False,0.0,1,0.8108015060424805,0.26335275173187256,0.5480533838272095,0.02257522940635681
15,56,False,0.0,1,0.8125108480453491,0.2616007924079895,0.547990620136261,0.022540327161550522
15,57,False,0.0,1,0.8133416175842285,0.2603798508644104,0.5476096868515015,0.02239389345049858
15,58,False,0.0,1,0.8142884969711304,0.2593996524810791,0.5478075742721558,0.022257601842284203
15,59,False,0.0,1,0.8158435821533203,0.2580028772354126,0.5477922558784485,0.02226877771317959
15,60,False,0.0,1,0.8165798187255859,0.25754988193511963,0.5479168891906738,0.02231033332645893
15,61,False,0.0,1,0.8168789744377136,0.2577158808708191,0.548021137714386,0.02234579063951969
15,62,False,0.0,1,0.8169174194335938,0.2573063373565674,0.5478479862213135,0.022255999967455864
15,63,False,0.0,1,0.8179593086242676,0.25639861822128296,0.5477544069290161,0.022227121517062187
15,64,False,0.0,1,0.8187251091003418,0.2553386092185974,0.5475935339927673,0.022174684330821037
15,65,False,0.0,1,0.8189175128936768,0.2549431324005127,0.5475637316703796,0.022150740027427673
15,66,False,0.0,1,0.8192311525344849,0.25477951765060425,0.5476152300834656,0.022081268951296806
15,67,False,0.0,1,0.8187897205352783,0.2549634873867035,0.5480461120605469,0.02228541113436222
15,68,False,0.0,1,0.81847083568573,0.25507277250289917,0.5481191277503967,0.022296426817774773
15,69,False,0.0,1,0.8176966309547424,0.2553521394729614,0.5482289791107178,0.022301768884062767
15,70,False,0.0,1,0.8166851997375488,0.25618356466293335,0.5485897660255432,0.022454986348748207
15,71,False,0.0,1,0.8151863813400269,0.2573549151420593,0.5487155914306641,0.022542087361216545
15,72,False,0.0,1,0.8129755258560181,0.2589019238948822,0.5485310554504395,0.02249324694275856
15,73,False,0.0,1,0.8116636276245117,0.2605701684951782,0.5486879348754883,0.022590242326259613
15,74,False,0.0,1,0.8103981018066406,0.26149222254753113,0.5488252639770508,0.022672457620501518
15,75,False,0.0,1,0.8099567294120789,0.2627744674682617,0.5489798784255981,0.02269083634018898
15,76,False,0.0,1,0.8087576031684875,0.2637721598148346,0.5489548444747925,0.022693555802106857
15,77,False,0.0,1,0.8077225089073181,0.26462697982788086,0.5487545728683472,0.022619206458330154
15,78,False,0.0,1,0.8069738745689392,0.26559460163116455,0.54929518699646,0.022879257798194885
15,79,False,0.0,1,0.8058924078941345,0.26646295189857483,0.5494291186332703,0.022952686995267868
15,80,False,0.0,1,0.8036950826644897,0.26858726143836975,0.5489975214004517,0.022723324596881866
15,81,False,0.0,1,0.8021079301834106,0.26968520879745483,0.5488173961639404,0.022629402577877045
15,82,False,0.0,1,0.8008546829223633,0.2703968286514282,0.5494334697723389,0.022952180355787277
15,83,False,0.0,1,0.8008966445922852,0.2703644633293152,0.5495280027389526,0.022963011637330055
15,84,False,0.0,1,0.8002680540084839,0.27089473605155945,0.5494166016578674,0.02290927991271019
15,85,False,0.0,1,0.8001066446304321,0.27128586173057556,0.5492438077926636,0.022787051275372505
15,86,False,0.0,1,0.800024151802063,0.27108561992645264,0.549233615398407,0.02274603769183159
15,87,False,0.0,1,0.800126850605011,0.27093181014060974,0.549030065536499,0.022639309987425804
15,88,False,0.0,1,0.8002724647521973,0.2708382308483124,0.5488570928573608,0.02254532463848591
15,89,False,0.0,1,0.8000887036323547,0.2706519365310669,0.5491196513175964,0.022663738578557968
15,90,False,0.0,1,0.8002799153327942,0.2696021795272827,0.5502981543540955,0.02334616333246231
15,91,False,0.0,1,0.800515353679657,0.268442839384079,0.549680233001709,0.023087013512849808
15,92,False,0.0,1,0.7994692325592041,0.26843491196632385,0.5493940114974976,0.023028668016195297
15,93,False,0.0,1,0.7975363731384277,0.26957616209983826,0.5493499040603638,0.02300410158932209
15,94,False,0.0,1,0.7955896258354187,0.2706867754459381,0.5490483045578003,0.02289513126015663
15,95,False,0.0,1,0.7945970892906189,0.27219006419181824,0.5490702390670776,0.02291879802942276
15,96,False,0.0,1,0.7941602468490601,0.2722947597503662,0.5490207076072693,0.02292148396372795
15,97,False,0.0,1,0.794127345085144,0.27277714014053345,0.5489668250083923,0.0229138545691967
15,98,False,0.0,1,0.7937082052230835,0.2737346887588501,0.5494551062583923,0.023276960477232933
15,99,False,0.0,1,0.792454183101654,0.2744530737400055,0.5498756170272827,0.02337886020541191
15,100,False,0.0,1,0.7934901714324951,0.2742040753364563,0.5501158237457275,0.02346901409327984
15,101,False,0.0,1,0.7952481508255005,0.2733028829097748,0.5502090454101562,0.023461762815713882
15,102,False,0.0,1,0.7970724105834961,0.27243566513061523,0.5499709844589233,0.02334817685186863
15,103,False,0.0,1,0.7981735467910767,0.2715243101119995,0.5501046180725098,0.023364780470728874
15,104,False,0.0,1,0.7986881732940674,0.27118974924087524,0.5500384569168091,0.023332737386226654
15,105,False,0.0,1,0.7994675636291504,0.271007239818573,0.5500229001045227,0.023336678743362427
15,106,False,0.0,1,0.7998830080032349,0.27125951647758484,0.5506473779678345,0.023800766095519066
15,107,False,0.0,1,0.8004480600357056,0.27067887783050537,0.550780713558197,0.02380121499300003
15,108,False,0.0,1,0.8017054796218872,0.26932668685913086,0.5508643388748169,0.02386227808892727
15,109,False,0.0,1,0.802756667137146,0.268045037984848,0.5504359006881714,0.023644963279366493
15,110,False,0.0,1,0.8033907413482666,0.2679585814476013,0.5498859882354736,0.0233811866492033
15,111,False,0.0,1,0.8047384023666382,0.2679276466369629,0.5504239201545715,0.02354411780834198
15,112,False,0.0,1,0.8052673935890198,0.2681029438972473,0.5502990484237671,0.02345816045999527
15,113,False,0.0,1,0.8059085011482239,0.26864519715309143,0.5501906871795654,0.02342969737946987
15,114,False,0.0,1,0.8064497709274292,0.26890629529953003,0.5501853227615356,0.023699041455984116
15,115,False,0.0,1,0.8066737651824951,0.2687928378582001,0.549912691116333,0.02359665371477604
15,116,False,0.0,1,0.8069297671318054,0.26864904165267944,0.5498868227005005,0.023637544363737106
15,117,False,0.0,1,0.8072700500488281,0.26829612255096436,0.5500842332839966,0.023748967796564102
15,118,False,0.0,1,0.8070564270019531,0.26814109086990356,0.5498759150505066,0.023660946637392044
16,0,False,0.0,0,0.7338382005691528,0.19071918725967407,0.525916576385498,0.014075973071157932
16,1,False,0.0,1,0.8214091062545776,0.2592562735080719,0.5512629747390747,0.02386021800339222
16,2,False,0.0,1,0.8214371204376221,0.2591750919818878,0.5513215661048889,0.02385639399290085
16,3,False,0.0,1,0.8214648962020874,0.25912097096443176,0.5514025688171387,0.024241801351308823
16,4,False,0.0,1,0.8208683729171753,0.2593734562397003,0.5515204668045044,0.024225302040576935
16,5,False,0.0,1,0.8206103444099426,0.2594551742076874,0.5516588091850281,0.024278663098812103
16,6,False,0.0,1,0.8215023279190063,0.25940898060798645,0.5515992641448975,0.024249467998743057
16,7,False,0.0,1,0.8210669159889221,0.2597241997718811,0.5518144369125366,0.024355515837669373
16,8,False,0.0,1,0.8209056854248047,0.26006314158439636,0.5517674088478088,0.02435988187789917
16,9,False,0.0,1,0.8209744691848755,0.26012715697288513,0.5517241954803467,0.0244029201567173
16,10,False,0.0,1,0.8209559917449951,0.259970098733902,0.5516685843467712,0.024440011009573936
16,11,False,0.0,1,0.820990800857544,0.25986629724502563,0.5517500638961792,0.024886908009648323
16,12,False,0.0,1,0.8209275603294373,0.2597044110298157,0.5517129302024841,0.02485007978975773
16,13,False,0.0,1,0.8211259841918945,0.25960952043533325,0.551567792892456,0.024773815646767616
16,14,False,0.0,1,0.8213632702827454,0.25942671298980713,0.5513960123062134,0.02472195029258728
16,15,False,0.0,1,0.8211085200309753,0.2594851851463318,0.5516743659973145,0.0248884130269289
16,16,False,0.0,1,0.8212350606918335,0.2594306766986847,0.5514820218086243,0.024838333949446678
16,17,False,0.0,1,0.8216993808746338,0.2595902681350708,0.5513520240783691,0.02478940412402153
16,18,False,0.0,1,0.8215073943138123,0.2593002915382385,0.5513206124305725,0.024755341932177544
16,19,False,0.0,1,0.8209361433982849,0.25926825404167175,0.5513254404067993,0.02512577548623085
16,20,False,0.0,1,0.8207603096961975,0.25954827666282654,0.5512388944625854,0.025056786835193634
16,21,False,0.0,1,0.820554792881012,0.2598719298839569,0.5513609051704407,0.025062842294573784
16,22,False,0.0,1,0.8206257820129395,0.2601282000541687,0.5514434576034546,0.025006918236613274
16,23,False,0.0,1,0.8205153942108154,0.2608661949634552,0.5514969229698181,0.02503620833158493
16,24,False,0.0,1,0.8203303813934326,0.26089200377464294,0.551496684551239,0.024988550692796707
16,25,False,0.0,1,0.8208513855934143,0.26116183400154114,0.55162513256073,0.02500072866678238
16,26,False,0.0,1,0.8209365606307983,0.2610763609409332,0.5518181324005127,0.02502940222620964
16,27,False,0.0,1,0.8200110793113708,0.2608700692653656,0.551528811454773,0.025118593126535416
16,28,False,0.0,1,0.8201171159744263,0.2607765793800354,0.5516263246536255,0.02516181953251362
16,29,False,0.0,1,0.819297194480896,0.26128143072128296,0.5518825054168701,0.025258420035243034
16,30,False,0.0,1,0.818030595779419,0.26153817772865295,0.5517913699150085,0.02521553821861744
16,31,False,0.0,1,0.8165359497070312,0.2621471881866455,0.5520753264427185,0.025359002873301506
16,32,False,0.0,1,0.8152371048927307,0.2620449662208557,0.5520670413970947,0.02534634992480278
16,33,False,0.0,1,0.8150174617767334,0.26308679580688477,0.5523141622543335,0.025510286912322044
16,34,False,0.0,1,0.8146724104881287,0.26306965947151184,0.5520839691162109,0.02541688270866871
16,35,False,0.0,1,0.8133425712585449,0.26349392533302307,0.5520686507225037,0.025570081546902657
16,36,False,0.0,1,0.8118744492530823,0.2643355429172516,0.5521844029426575,0.02563922107219696
16,37,False,0.0,1,0.8114975094795227,0.2652435898780823,0.5522528886795044,0.025655517354607582
16,38,False,0.0,1,0.811632513999939,0.2656514048576355,0.5524603724479675,0.025762466713786125
16,39,False,0.0,1,0.811784029006958,0.2664659917354584,0.5522983074188232,0.02571788802742958
16,40,False,0.0,1,0.8107048273086548,0.2666938602924347,0.5521931052207947,0.025673391297459602
16,41,False,0.0,1,0.8095411062240601,0.2674478590488434,0.552251935005188,0.02578974887728691
16,42,False,0.0,1,0.8081825971603394,0.26806363463401794,0.5519214868545532,0.02561216801404953
16,43,False,0.0,1,0.806719183921814,0.26814866065979004,0.551801323890686,0.025522245094180107
16,44,False,0.0,1,0.8056347370147705,0.2682866156101227,0.5512295961380005,0.02530975639820099
16,45,False,0.0,1,0.8042565584182739,0.26865556836128235,0.5513430833816528,0.02533808909356594
16,46,False,0.0,1,0.8030471801757812,0.268766850233078,0.5514048337936401,0.02533814124763012
16,47,False,0.0,1,0.8012976050376892,0.2688184976577759,0.5516818761825562,0.02546936646103859
16,48,False,0.0,1,0.8010324239730835,0.26990073919296265,0.5517848134040833,0.02556121163070202
16,49,False,0.0,1,0.8014166355133057,0.27130126953125,0.5518519878387451,0.025564907118678093
16,50,False,0.0,1,0.8022556304931641,0.27145615220069885,0.5516961812973022,0.025457236915826797
16,51,False,0.0,1,0.8023685216903687,0.2717317044734955,0.5516403913497925,0.02526942826807499
16,52,False,0.0,1,0.802007794380188,0.2715970277786255,0.5515081286430359,0.025177573785185814
16,53,False,0.0,1,0.8019081354141235,0.27062511444091797,0.5511693954467773,0.02504243701696396
16,54,False,0.0,1,0.803300678730011,0.26961779594421387,0.5511912703514099,0.025031408295035362
16,55,False,0.0,1,0.8045722842216492,0.26879337430000305,0.5511915683746338,0.025042783468961716
16,56,False,0.0,1,0.8053866624832153,0.2680770456790924,0.5510059595108032,0.02498398721218109
16,57,False,0.0,1,0.8063724637031555,0.26779627799987793,0.5509054660797119,0.024955524131655693
16,58,False,0.0,1,0.8071330785751343,0.26767680048942566,0.5508174896240234,0.024939659982919693
16,59,False,0.0,1,0.8080061078071594,0.26770269870758057,0.5507849454879761,0.02456839568912983
16,60,False,0.0,1,0.8090307712554932,0.2672302722930908,0.5509054660797119,0.02462691068649292
16,61,False,0.0,1,0.809799313545227,0.26716870069503784,0.550828218460083,0.024572322145104408
16,62,False,0.0,1,0.8115886449813843,0.26620322465896606,0.5512197613716125,0.024768829345703125
16,63,False,0.0,1,0.8145695924758911,0.26419249176979065,0.5512035489082336,0.02472791075706482
16,64,False,0.0,1,0.8169782757759094,0.2612078785896301,0.5509812831878662,0.02461342327296734
16,65,False,0.0,1,0.8188639879226685,0.25930944085121155,0.5511074066162109,0.024661194533109665
16,66,False,0.0,1,0.8201436996459961,0.2581457197666168,0.5511220693588257,0.024628857150673866
16,67,False,0.0,1,0.8211497068405151,0.2573268413543701,0.5510903596878052,0.024109916761517525
16,68,False,0.0,1,0.8211501836776733,0.2568906247615814,0.5513132810592651,0.024175699800252914
16,69,False,0.0,1,0.8215473294258118,0.25631284713745117,0.5514101982116699,0.02416527271270752
16,70,False,0.0,1,0.8212406635284424,0.2559891641139984,0.5513426065444946,0.02412882260978222
16,71,False,0.0,1,0.8211023807525635,0.25568631291389465,0.5515722632408142,0.024214070290327072
16,72,False,0.0,1,0.8208814263343811,0.25571775436401367,0.5515100955963135,0.02416454255580902
16,73,False,0.0,1,0.8203500509262085,0.2559215724468231,0.5518673658370972,0.02426930144429207
16,74,False,0.0,1,0.820909857749939,0.2555108666419983,0.5519214868545532,0.024257564917206764
16,75,False,0.0,1,0.8209949135780334,0.25536060333251953,0.5518595576286316,0.023825548589229584
16,76,False,0.0,1,0.8204287886619568,0.25606676936149597,0.5518516302108765,0.02379198558628559
16,77,False,0.0,1,0.8202164173126221,0.2562606632709503,0.5519565343856812,0.02384941093623638
16,78,False,0.0,1,0.8193360567092896,0.2567000985145569,0.5519853234291077,0.02386961691081524
16,79,False,0.0,1,0.8171731233596802,0.25809091329574585,0.5519349575042725,0.0238935723900795
16,80,False,0.0,1,0.8159093856811523,0.25889426469802856,0.5518912076950073,0.023878995329141617
16,81,False,0.0,1,0.8138812780380249,0.2605843245983124,0.5521414875984192,0.024035857990384102
16,82,False,0.0,1,0.8124266862869263,0.26230883598327637,0.5517283082008362,0.023892823606729507
16,83,False,0.0,1,0.8119657039642334,0.2633622884750366,0.5510690212249756,0.023355873301625252
16,84,False,0.0,1,0.81037837266922,0.2647733688354492,0.5506943464279175,0.02322905883193016
16,85,False,0.0,1,0.8095313906669617,0.26605722308158875,0.5508029460906982,0.023296209052205086
16,86,False,0.0,1,0.809003472328186,0.26656022667884827,0.55059814453125,0.023219328373670578
16,87,False,0.0,1,0.8084859251976013,0.26827535033226013,0.5503768920898438,0.023108474910259247
16,88,False,0.0,1,0.8080015182495117,0.2696937024593353,0.5501812100410461,0.022890983149409294
16,89,False,0.0,1,0.8073422312736511,0.2707141637802124,0.5502825975418091,0.022928811609745026
16,90,False,0.0,1,0.8049725294113159,0.2725695073604584,0.5509651303291321,0.023186758160591125
16,91,False,0.0,1,0.8023387789726257,0.2739602327346802,0.5509072542190552,0.023133404552936554
16,92,False,0.0,1,0.7995080351829529,0.27565252780914307,0.5511508584022522,0.023191846907138824
16,93,False,0.0,1,0.7974691987037659,0.27658534049987793,0.551160454750061,0.023163113743066788
16,94,False,0.0,1,0.7961592078208923,0.2771916091442108,0.5512286424636841,0.02313299849629402
16,95,False,0.0,1,0.7963737845420837,0.2772251069545746,0.5514348745346069,0.023195592686533928
16,96,False,0.0,1,0.7966667413711548,0.2774425446987152,0.5509612560272217,0.023017628118395805
16,97,False,0.0,1,0.7966011762619019,0.27748674154281616,0.551024854183197,0.022999316453933716
16,98,False,0.0,1,0.7966701984405518,0.27691853046417236,0.5509123802185059,0.022924643009901047
16,99,False,0.0,1,0.7974084615707397,0.27620378136634827,0.5505582094192505,0.022761281579732895
16,100,False,0.0,1,0.7984468936920166,0.27618494629859924,0.5507361888885498,0.02296290174126625
16,101,False,0.0,1,0.7985747456550598,0.27684125304222107,0.5505617260932922,0.02295323647558689
16,102,False,0.0,1,0.7976125478744507,0.27676504850387573,0.5503931045532227,0.022922441363334656
16,103,False,0.0,1,0.7965283393859863,0.27639472484588623,0.550396203994751,0.022929849103093147
16,104,False,0.0,1,0.7961288690567017,0.2762872874736786,0.5503385066986084,0.02292454242706299
16,105,False,0.0,1,0.7956802845001221,0.2760389745235443,0.5503462553024292,0.022906551137566566
16,106,False,0.0,1,0.7957291603088379,0.27499181032180786,0.5503672957420349,0.022889163345098495
16,107,False,0.0,1,0.7954968214035034,0.27399590611457825,0.5503343343734741,0.022817283868789673
16,108,False,0.0,1,0.7982313632965088,0.2708606719970703,0.550490140914917,0.022860942408442497
16,109,False,0.0,1,0.8014088869094849,0.2693744897842407,0.5504094958305359,0.02275565080344677
16,110,False,0.0,1,0.8068298101425171,0.26717114448547363,0.5502400398254395,0.02268267050385475
16,111,False,0.0,1,0.8081550002098083,0.26656538248062134,0.5503243207931519,0.02273029088973999
16,112,False,0.0,1,0.8111416101455688,0.26616743206977844,0.550325870513916,0.02271147258579731
16,113,False,0.0,1,0.8116286993026733,0.2661632001399994,0.5502749681472778,0.022687751799821854
16,114,False,0.0,1,0.8115673661231995,0.2661844789981842,0.5502856373786926,0.02268587052822113
16,115,False,0.0,1,0.8120103478431702,0.2665039300918579,0.5505659580230713,0.022868210449814796
16,116,False,0.0,1,0.8120266199111938,0.26699480414390564,0.5504120588302612,0.022838758304715157
16,117,False,0.0,1,0.8119192719459534,0.2673608660697937,0.5503769516944885,0.022855382412672043
16,118,False,0.0,1,0.8117425441741943,0.26774775981903076,0.5502912998199463,0.02283090353012085
16,119,False,0.0,1,0.8114810585975647,0.26809456944465637,0.5502870082855225,0.02282838337123394
17,0,False,0.0,0,0.7441112995147705,0.17858053743839264,0.5250155925750732,0.01368721853941679
17,1,False,0.0,1,0.8297178149223328,0.2519903779029846,0.5505712032318115,0.023342883214354515
17,2,False,0.0,1,0.8300645351409912,0.25181859731674194,0.5505703687667847,0.023345716297626495
17,3,False,0.0,1,0.8303444385528564,0.2516985535621643,0.5512820482254028,0.023605920374393463
17,4,False,0.0,1,0.8306154012680054,0.25122588872909546,0.551145076751709,0.023561475798487663
17,5,False,0.0,1,0.8308000564575195,0.25045621395111084,0.5511842966079712,0.023582467809319496
17,6,False,0.0,1,0.8317932486534119,0.24960726499557495,0.5513442754745483,0.02365167625248432
17,7,False,0.0,1,0.8322479724884033,0.24910277128219604,0.5514297485351562,0.023703683167696
17,8,False,0.0,1,0.832308292388916,0.24870698153972626,0.5514331459999084,0.023714110255241394
17,9,False,0.0,1,0.8326475620269775,0.24833142757415771,0.5514777898788452,0.023737678304314613
17,10,False,0.0,1,0.8327285051345825,0.2480027824640274,0.5514415502548218,0.023718183860182762
17,11,False,0.0,1,0.8327032923698425,0.24819810688495636,0.5520520210266113,0.023904796689748764
17,12,False,0.0,1,0.8319845795631409,0.24847234785556793,0.5518731474876404,0.023852776736021042
17,13,False,0.0,1,0.8312907814979553,0.24897401034832,0.5515830516815186,0.023694848641753197
17,14,False,0.0,1,0.8306557536125183,0.24974152445793152,0.5516403913497925,0.02372647076845169
17,15,False,0.0,1,0.8302261829376221,0.25041618943214417,0.5515108108520508,0.023656446486711502
17,16,False,0.0,1,0.8294976353645325,0.2505102753639221,0.551403284072876,0.023611828684806824
17,17,False,0.0,1,0.828679084777832,0.2509852349758148,0.5512319803237915,0.023510005325078964
17,18,False,0.0,1,0.8284035921096802,0.2511201500892639,0.5513292551040649,0.023524437099695206
17,19,False,0.0,1,0.8279584646224976,0.2511477768421173,0.5522017478942871,0.023710176348686218
17,20,False,0.0,1,0.8272933959960938,0.25126251578330994,0.5521032810211182,0.023728681728243828
17,21,False,0.0,1,0.8267369270324707,0.2514604330062866,0.5516130924224854,0.02357124164700508
17,22,False,0.0,1,0.8254584074020386,0.2519450783729553,0.5517403483390808,0.023648612201213837
17,23,False,0.0,1,0.8239786624908447,0.25257033109664917,0.5514591336250305,0.023527851328253746
17,24,False,0.0,1,0.8230099678039551,0.2532285749912262,0.5513584613800049,0.023468004539608955
17,25,False,0.0,1,0.822425365447998,0.25396716594696045,0.5512399077415466,0.02344188094139099
17,26,False,0.0,1,0.8215938806533813,0.2547302842140198,0.55101478099823,0.02340310625731945
17,27,False,0.0,1,0.820637047290802,0.2556903660297394,0.5519496202468872,0.023510297760367393
17,28,False,0.0,1,0.8194271922111511,0.2564227879047394,0.5518122911453247,0.023541953414678574
17,29,False,0.0,1,0.8185851573944092,0.25707483291625977,0.5514800548553467,0.02342754602432251
17,30,False,0.0,1,0.8176200985908508,0.2574899196624756,0.5514055490493774,0.02340521477162838
17,31,False,0.0,1,0.8168993592262268,0.25865817070007324,0.5515539646148682,0.023470336571335793
17,32,False,0.0,1,0.8159999847412109,0.2607567310333252,0.5519065856933594,0.023681657388806343
17,33,False,0.0,1,0.8146762251853943,0.2623139023780823,0.5524263381958008,0.023824799805879593
17,34,False,0.0,1,0.8135316967964172,0.2635660469532013,0.5527467727661133,0.02388029918074608
17,35,False,0.0,1,0.8126996755599976,0.26456138491630554,0.5542163848876953,0.024297412484884262
17,36,False,0.0,1,0.812138020992279,0.26510000228881836,0.5541187524795532,0.02427630126476288
17,37,False,0.0,1,0.8116238117218018,0.2651977241039276,0.5537346005439758,0.02412697859108448
17,38,False,0.0,1,0.8108538389205933,0.26553940773010254,0.5539451837539673,0.024204304441809654
17,39,False,0.0,1,0.8107697367668152,0.26552969217300415,0.5536295175552368,0.02400588057935238
17,40,False,0.0,1,0.810005784034729,0.26595550775527954,0.5533787608146667,0.0238591767847538
17,41,False,0.0,1,0.8087904453277588,0.26673266291618347,0.5536082983016968,0.02400096133351326
17,42,False,0.0,1,0.8070347905158997,0.2681610584259033,0.5538591146469116,0.024069223552942276
17,43,False,0.0,1,0.8057143688201904,0.2693944275379181,0.5545925498008728,0.02424967847764492
17,44,False,0.0,1,0.8047045469284058,0.2701263725757599,0.5539438724517822,0.024005625396966934
17,45,False,0.0,1,0.8030783534049988,0.270394504070282,0.5538531541824341,0.024038085713982582
17,46,False,0.0,1,0.80342036485672,0.2708488404750824,0.5537989139556885,0.02399260178208351
17,47,False,0.0,1,0.8033534288406372,0.2711774706840515,0.5537115335464478,0.023973634466528893
17,48,False,0.0,1,0.8035422563552856,0.2713768482208252,0.5536587834358215,0.02399277873337269
17,49,False,0.0,1,0.8040658831596375,0.2710000276565552,0.5535776615142822,0.02397311106324196
17,50,False,0.0,1,0.804327666759491,0.26986193656921387,0.55382239818573,0.024048469960689545
17,51,False,0.0,1,0.8055186867713928,0.2682754099369049,0.5546766519546509,0.02422538958489895
17,52,False,0.0,1,0.8056505918502808,0.267407089471817,0.5546638369560242,0.024211149662733078
17,53,False,0.0,1,0.8064948320388794,0.2672293186187744,0.554661750793457,0.02423507533967495
17,54,False,0.0,1,0.806494414806366,0.26706844568252563,0.5546140670776367,0.024250861257314682
17,55,False,0.0,1,0.8070176839828491,0.2658984661102295,0.5544884204864502,0.024265756830573082
17,56,False,0.0,1,0.8077681660652161,0.26553869247436523,0.5541457533836365,0.024188360199332237
17,57,False,0.0,1,0.8083270788192749,0.2653873562812805,0.5538753271102905,0.024163151159882545
17,58,False,0.0,1,0.8085583448410034,0.2659534811973572,0.5537963509559631,0.024168098345398903
17,59,False,0.0,1,0.808846116065979,0.26708051562309265,0.5540231466293335,0.02420998178422451
17,60,False,0.0,1,0.8090744018554688,0.2681570053100586,0.553917646408081,0.02412416785955429
17,61,False,0.0,1,0.8100329637527466,0.2687099874019623,0.5540023446083069,0.024103917181491852
17,62,False,0.0,1,0.8092944622039795,0.2690301239490509,0.5542570948600769,0.024183789268136024
17,63,False,0.0,1,0.8094379901885986,0.2694024443626404,0.5538686513900757,0.024007851257920265
17,64,False,0.0,1,0.8092168569564819,0.26990294456481934,0.5539523363113403,0.024096021428704262
17,65,False,0.0,1,0.8086919784545898,0.27057287096977234,0.5539467334747314,0.024131927639245987
17,66,False,0.0,1,0.8081084489822388,0.2709101736545563,0.5541470050811768,0.024301938712596893
17,67,False,0.0,1,0.8090002536773682,0.2704513967037201,0.5535749197006226,0.024019859731197357
17,68,False,0.0,1,0.8089134097099304,0.27126267552375793,0.5532812476158142,0.023938924074172974
17,69,False,0.0,1,0.8092989921569824,0.2708844244480133,0.5532194972038269,0.02383137308061123
17,70,False,0.0,1,0.8092690706253052,0.27055811882019043,0.5534058809280396,0.0239420048892498
17,71,False,0.0,1,0.8096084594726562,0.2703099846839905,0.5533691048622131,0.023961035534739494
17,72,False,0.0,1,0.8100256323814392,0.2690418064594269,0.5531266927719116,0.023838989436626434
17,73,False,0.0,1,0.8103269338607788,0.2688516080379486,0.5532281398773193,0.023854853585362434
17,74,False,0.0,1,0.8111461400985718,0.2686164379119873,0.5534590482711792,0.02393348142504692
17,75,False,0.0,1,0.8121280670166016,0.2680559754371643,0.552924633026123,0.02368980087339878
17,76,False,0.0,1,0.8122190237045288,0.2676618993282318,0.5530398488044739,0.02369973622262478
17,77,False,0.0,1,0.8120641708374023,0.26783525943756104,0.5532131195068359,0.023745855316519737
17,78,False,0.0,1,0.8119689226150513,0.2675632834434509,0.5529826879501343,0.023663045838475227
17,79,False,0.0,1,0.8119850158691406,0.2671610414981842,0.55305016040802,0.02366534061729908
17,80,False,0.0,1,0.8116670250892639,0.26720431447029114,0.5528362393379211,0.023610711097717285
17,81,False,0.0,1,0.8117920160293579,0.2674499452114105,0.5529041290283203,0.02362785115838051
17,82,False,0.0,1,0.8121791481971741,0.2670130431652069,0.5531624555587769,0.02370728738605976
17,83,False,0.0,1,0.8119724988937378,0.2670198976993561,0.5527592897415161,0.023518623784184456
17,84,False,0.0,1,0.8119621872901917,0.26682722568511963,0.5528900623321533,0.0235346220433712
17,85,False,0.0,1,0.8117850422859192,0.2669469118118286,0.5530213713645935,0.023616455495357513
17,86,False,0.0,1,0.8115079402923584,0.26708531379699707,0.5527969598770142,0.023544104769825935
17,87,False,0.0,1,0.8108800053596497,0.2675030529499054,0.5529195070266724,0.023685112595558167
17,88,False,0.0,1,0.8105790615081787,0.26708778738975525,0.5525698661804199,0.02360397018492222
17,89,False,0.0,1,0.8096675872802734,0.26742303371429443,0.5526798963546753,0.023580074310302734
17,90,False,0.0,1,0.8088015913963318,0.2679513096809387,0.5527986884117126,0.023715369403362274
17,91,False,0.0,1,0.807664692401886,0.2686766982078552,0.5520035028457642,0.02333560585975647
17,92,False,0.0,1,0.8067084550857544,0.26930031180381775,0.5521595478057861,0.023359455168247223
17,93,False,0.0,1,0.8069003224372864,0.2697526812553406,0.5518051385879517,0.023271992802619934
17,94,False,0.0,1,0.806557297706604,0.27037671208381653,0.5519072413444519,0.023311929777264595
17,95,False,0.0,1,0.8064791560173035,0.27044278383255005,0.5516699552536011,0.023328233510255814
17,96,False,0.0,1,0.8068754076957703,0.27097228169441223,0.552248477935791,0.023492759093642235
17,97,False,0.0,1,0.8066884279251099,0.2714528739452362,0.5520868897438049,0.023413484916090965
17,98,False,0.0,1,0.8074097633361816,0.2712438404560089,0.5523203611373901,0.023510633036494255
17,99,False,0.0,1,0.8061384558677673,0.2720693349838257,0.5521935820579529,0.02340957522392273
17,100,False,0.0,1,0.8053603172302246,0.27149802446365356,0.5521190166473389,0.023440653458237648
17,101,False,0.0,1,0.8046665191650391,0.2718755304813385,0.5520832538604736,0.02342885360121727
17,102,False,0.0,1,0.8051661252975464,0.27196866273880005,0.5521720051765442,0.023395026102662086
17,103,False,0.0,1,0.8046149015426636,0.27244630455970764,0.5522471070289612,0.023378321900963783
17,104,False,0.0,1,0.8044043183326721,0.27275270223617554,0.5522221922874451,0.02339365892112255
17,105,False,0.0,1,0.8050146102905273,0.2719500958919525,0.5523298382759094,0.02341676689684391
17,106,False,0.0,1,0.8051189184188843,0.27215272188186646,0.552581787109375,0.023487797006964684
17,107,False,0.0,1,0.8050054311752319,0.272041380405426,0.5524661540985107,0.02339889481663704
17,108,False,0.0,1,0.804686427116394,0.27204713225364685,0.552458643913269,0.02347068302333355
17,109,False,0.0,1,0.8048930168151855,0.2719903588294983,0.5524330735206604,0.02344558946788311
17,110,False,0.0,1,0.8048375844955444,0.27198368310928345,0.5524305701255798,0.023416439071297646
17,111,False,0.0,1,0.8043695688247681,0.2724006474018097,0.5524412393569946,0.023378396406769753
17,112,False,0.0,1,0.8035107851028442,0.27268555760383606,0.5526783466339111,0.02345973253250122
17,113,False,0.0,1,0.8032528162002563,0.2726512849330902,0.5525736212730408,0.023414362221956253
17,114,False,0.0,1,0.8036482334136963,0.2721448540687561,0.5523087978363037,0.023310326039791107
17,115,False,0.0,1,0.8041892051696777,0.2716597020626068,0.552086353302002,0.02321695163846016
17,116,False,0.0,1,0.8042771816253662,0.2712302803993225,0.5519700646400452,0.02319040708243847
17,117,False,0.0,1,0.8044576644897461,0.2709609270095825,0.5518918037414551,0.02315332554280758
17,118,False,0.0,1,0.8045194149017334,0.2702125310897827,0.5519616007804871,0.023205211386084557
17,119,False,0.0,1,0.8047986030578613,0.26954740285873413,0.5520145893096924,0.023252854123711586
17,120,False,0.0,1,0.8050773739814758,0.26896801590919495,0.5520037412643433,0.023278791457414627
17,121,False,0.0,1,0.8044779896736145,0.26890799403190613,0.5521048307418823,0.02329353615641594
17,122,False,0.0,1,0.8027359247207642,0.2685890197753906,0.5523164868354797,0.023371946066617966
17,123,False,0.0,1,0.8011168241500854,0.2694699764251709,0.5518683195114136,0.023235587403178215
17,124,False,0.0,1,0.7998468279838562,0.27026158571243286,0.5518670082092285,0.023286273702979088
17,125,False,0.0,1,0.7983099818229675,0.27117523550987244,0.5519358515739441,0.023337939754128456
17,126,False,0.0,1,0.7971739768981934,0.27175456285476685,0.5518547296524048,0.023291664198040962
17,127,False,0.0,1,0.7964193820953369,0.2720814645290375,0.551880419254303,0.023268455639481544
17,128,False,0.0,1,0.796911358833313,0.2716456651687622,0.551795482635498,0.023228464648127556
17,129,False,0.0,1,0.7966700792312622,0.2722097337245941,0.5518300533294678,0.023230046033859253
17,130,False,0.0,1,0.7969354391098022,0.2723095715045929,0.5517587661743164,0.023190336301922798
17,131,False,0.0,1,0.7978332042694092,0.27211445569992065,0.5512272119522095,0.023099089041352272
17,132,False,0.0,1,0.7985347509384155,0.27196401357650757,0.5512616634368896,0.023089105263352394
17,133,False,0.0,1,0.7994046211242676,0.27178671956062317,0.5514156818389893,0.023149818181991577
17,134,False,0.0,1,0.8005659580230713,0.27174702286720276,0.5514662265777588,0.02313425950706005
17,135,False,0.0,1,0.801730751991272,0.27172186970710754,0.5515297651290894,0.023131489753723145
17,136,False,0.0,1,0.8027519583702087,0.2722252607345581,0.5519036054611206,0.023277025669813156
17,137,False,0.0,1,0.8027639389038086,0.27245858311653137,0.551994800567627,0.02331501990556717
17,138,False,0.0,1,0.8027839660644531,0.2719317376613617,0.5521578788757324,0.02341015823185444
17,139,False,0.0,1,0.802771270275116,0.271746963262558,0.5516946911811829,0.023311981931328773
17,140,False,0.0,1,0.8054889440536499,0.26970845460891724,0.5516579151153564,0.023203132674098015
17,141,False,0.0,1,0.8051907420158386,0.26949542760849,0.5516579151153564,0.023092713207006454
17,142,False,0.0,1,0.8055246472358704,0.2687010169029236,0.552006721496582,0.023202653974294662
17,143,False,0.0,1,0.8058587312698364,0.2680724263191223,0.5523502826690674,0.02327984757721424
17,144,False,0.0,1,0.8057883977890015,0.26746025681495667,0.5523154735565186,0.023267244920134544
17,145,False,0.0,1,0.8064384460449219,0.26604726910591125,0.552444577217102,0.0233298446983099
17,146,False,0.0,1,0.8071075677871704,0.2643294334411621,0.5523386597633362,0.02331721782684326
18,0,False,0.0,0,0.7520544528961182,0.17616106569766998,0.5254645347595215,0.01333167776465416
18,1,False,0.0,1,0.8360928893089294,0.2484549880027771,0.5519943237304688,0.023356204852461815
18,2,False,0.0,1,0.8384339213371277,0.2465183287858963,0.5520821809768677,0.023407693952322006
18,3,False,0.0,1,0.8389697074890137,0.24633674323558807,0.5519960522651672,0.023395955562591553
18,4,False,0.0,1,0.8396914005279541,0.24642935395240784,0.5519484281539917,0.023368436843156815
18,5,False,0.0,1,0.8394355773925781,0.24657492339611053,0.5518522262573242,0.0233121607452631
18,6,False,0.0,1,0.839383602142334,0.2471819818019867,0.5517704486846924,0.023247918114066124
18,7,False,0.0,1,0.8391603827476501,0.24748404324054718,0.5517133474349976,0.023212969303131104
18,8,False,0.0,1,0.8386516571044922,0.2476341426372528,0.552006721496582,0.023375699296593666
18,9,False,0.0,1,0.8390103578567505,0.24788102507591248,0.5522169470787048,0.023439083248376846
18,10,False,0.0,1,0.8383859395980835,0.24849317967891693,0.5522773265838623,0.02342277579009533
18,11,False,0.0,1,0.8376750349998474,0.24908296763896942,0.5523208975791931,0.023445749655365944
18,12,False,0.0,1,0.8374340534210205,0.24895079433918,0.5523326396942139,0.023407742381095886
18,13,False,0.0,1,0.8366515636444092,0.24912260472774506,0.5523993968963623,0.023389333859086037
18,14,False,0.0,1,0.8357297778129578,0.24930310249328613,0.5526753067970276,0.023502305150032043
18,15,False,0.0,1,0.8356654644012451,0.24934500455856323,0.5525828003883362,0.023507151752710342
18,16,False,0.0,1,0.8356356620788574,0.24992790818214417,0.5524356961250305,0.02349212020635605
18,17,False,0.0,1,0.83479905128479,0.25051149725914,0.5524944067001343,0.023504814133048058
18,18,False,0.0,1,0.8330624103546143,0.25113335251808167,0.5524756908416748,0.023531803861260414
18,19,False,0.0,1,0.8311613202095032,0.251884788274765,0.5523867607116699,0.023532213643193245
18,20,False,0.0,1,0.829856276512146,0.2525598108768463,0.5522576570510864,0.02345551736652851
18,21,False,0.0,1,0.8287001252174377,0.2533445358276367,0.5522152185440063,0.02344432659447193
18,22,False,0.0,1,0.8277906775474548,0.254274845123291,0.5520893931388855,0.023425940424203873
18,23,False,0.0,1,0.8266901969909668,0.2549651265144348,0.5518327951431274,0.023395277559757233
18,24,False,0.0,1,0.8252891302108765,0.25595828890800476,0.5520318150520325,0.023537527769804
18,25,False,0.0,1,0.8246403932571411,0.2564294934272766,0.5521164536476135,0.023558931425213814
18,26,False,0.0,1,0.8240343928337097,0.25661033391952515,0.5520534515380859,0.023508857935667038
18,27,False,0.0,1,0.823620080947876,0.25733447074890137,0.5522332787513733,0.023688707500696182
18,28,False,0.0,1,0.822832465171814,0.2577897906303406,0.5526646375656128,0.023803187534213066
18,29,False,0.0,1,0.822711169719696,0.25826922059059143,0.5523988604545593,0.023670563474297523
18,30,False,0.0,1,0.8218888640403748,0.25864315032958984,0.552688479423523,0.023873981088399887
18,31,False,0.0,1,0.8206000328063965,0.2596326470375061,0.5529041290283203,0.023856692016124725
18,32,False,0.0,1,0.8190323114395142,0.26152467727661133,0.5531330108642578,0.023913541808724403
18,33,False,0.0,1,0.8168370723724365,0.2641722857952118,0.5533950328826904,0.023959478363394737
18,34,False,0.0,1,0.8164154291152954,0.26555320620536804,0.5537136197090149,0.024056166410446167
18,35,False,0.0,1,0.814771831035614,0.2674524188041687,0.5537360906600952,0.023993931710720062
18,36,False,0.0,1,0.8139522671699524,0.26813164353370667,0.5539396405220032,0.024058613926172256
18,37,False,0.0,1,0.8131272196769714,0.26789402961730957,0.5540215969085693,0.02412491850554943
18,38,False,0.0,1,0.8128159046173096,0.26736488938331604,0.5541212558746338,0.024181775748729706
18,39,False,0.0,1,0.8126463890075684,0.2676030993461609,0.5541713833808899,0.02420712634921074
18,40,False,0.0,1,0.8125525116920471,0.2677013874053955,0.5544329881668091,0.02435307577252388
18,41,False,0.0,1,0.811301052570343,0.2680233120918274,0.554288387298584,0.024279657751321793
18,42,False,0.0,1,0.8105571269989014,0.26796290278434753,0.5546085834503174,0.02439749985933304
18,43,False,0.0,1,0.810234785079956,0.2679758667945862,0.5547249913215637,0.024453483521938324
18,44,False,0.0,1,0.8099075555801392,0.2680448293685913,0.555092453956604,0.024575291201472282
18,45,False,0.0,1,0.809126615524292,0.2682815492153168,0.55486661195755,0.024417895823717117
18,46,False,0.0,1,0.8086111545562744,0.2687649130821228,0.5544031858444214,0.02423601597547531
18,47,False,0.0,1,0.807293176651001,0.26995372772216797,0.5541367530822754,0.024080006405711174
18,48,False,0.0,1,0.8047438859939575,0.2711726725101471,0.5544517040252686,0.024285389110445976
18,49,False,0.0,1,0.8022351264953613,0.27351415157318115,0.5545289516448975,0.024287985637784004
18,50,False,0.0,1,0.8016353845596313,0.27457374334335327,0.5544350147247314,0.02423294074833393
18,51,False,0.0,1,0.801460862159729,0.2744738757610321,0.5544196963310242,0.024188324809074402
18,52,False,0.0,1,0.8017246127128601,0.27420279383659363,0.5543962717056274,0.02416018582880497
18,53,False,0.0,1,0.802340030670166,0.27406153082847595,0.55430668592453,0.02411322295665741
18,54,False,0.0,1,0.8025092482566833,0.2742319703102112,0.5544284582138062,0.024144930765032768
18,55,False,0.0,1,0.8017066717147827,0.27506014704704285,0.5542738437652588,0.024120405316352844
18,56,False,0.0,1,0.8013291358947754,0.2760899066925049,0.5543466806411743,0.024407217279076576
18,57,False,0.0,1,0.8005982041358948,0.2763465344905853,0.5541621446609497,0.024394651874899864
18,58,False,0.0,1,0.8018423318862915,0.27416732907295227,0.5542004108428955,0.024441510438919067
18,59,False,0.0,1,0.802464485168457,0.27413737773895264,0.5540750026702881,0.02440335787832737
18,60,False,0.0,1,0.8041038513183594,0.27338898181915283,0.5534552335739136,0.024178726598620415
18,61,False,0.0,1,0.8053970336914062,0.2723769545555115,0.5530455112457275,0.023985857143998146
18,62,False,0.0,1,0.8059598207473755,0.2717488408088684,0.5530933141708374,0.023979488760232925
18,63,False,0.0,1,0.8066278100013733,0.2711431682109833,0.5529689788818359,0.02398817054927349
18,64,False,0.0,1,0.8071432709693909,0.2709802985191345,0.553470253944397,0.024365779012441635
18,65,False,0.0,1,0.8067355155944824,0.27173635363578796,0.5533580780029297,0.024290356785058975
18,66,False,0.0,1,0.8069356083869934,0.27211183309555054,0.5536367893218994,0.02432384341955185
18,67,False,0.0,1,0.806941032409668,0.272550106048584,0.5536942481994629,0.024396508932113647
18,68,False,0.0,1,0.8081419467926025,0.2724396884441376,0.5533490180969238,0.024281172081828117
18,69,False,0.0,1,0.8085435032844543,0.2723892033100128,0.5532187819480896,0.024197641760110855
18,70,False,0.0,1,0.809249997138977,0.2721482217311859,0.5534520149230957,0.024292275309562683
18,71,False,0.0,1,0.8109550476074219,0.2712332308292389,0.5536000728607178,0.02436036802828312
18,72,False,0.0,1,0.8111552000045776,0.2714707851409912,0.5534901022911072,0.024606334045529366
18,73,False,0.0,1,0.8126280903816223,0.270768404006958,0.5535463094711304,0.0246278066188097
18,74,False,0.0,1,0.8134514689445496,0.26974087953567505,0.5536044239997864,0.024669773876667023
18,75,False,0.0,1,0.8152554631233215,0.26830199360847473,0.5536736249923706,0.024752827361226082
18,76,False,0.0,1,0.8164058327674866,0.2671102285385132,0.5537431240081787,0.024803120642900467
18,77,False,0.0,1,0.8177652359008789,0.26586127281188965,0.5541789531707764,0.02500881254673004
18,78,False,0.0,1,0.8182535767555237,0.264808714389801,0.5538438558578491,0.025014158338308334
18,79,False,0.0,1,0.8189662098884583,0.2638552784919739,0.5539340972900391,0.025143153965473175
18,80,False,0.0,1,0.818535566329956,0.26366692781448364,0.5534982681274414,0.025191903114318848
18,81,False,0.0,1,0.8182188868522644,0.2634742856025696,0.5535479187965393,0.025176653638482094
18,82,False,0.0,1,0.8182991743087769,0.2632129192352295,0.5534564256668091,0.025111163035035133
18,83,False,0.0,1,0.8176469206809998,0.26319974660873413,0.5535290241241455,0.025127962231636047
18,84,False,0.0,1,0.8168658018112183,0.2637607157230377,0.553618311882019,0.025074059143662453
18,85,False,0.0,1,0.8163305521011353,0.26429229974746704,0.5538936853408813,0.025233935564756393
18,86,False,0.0,1,0.8148835897445679,0.2653399407863617,0.5539712905883789,0.025289975106716156
18,87,False,0.0,1,0.8131676912307739,0.26636743545532227,0.5537052154541016,0.02513916604220867
18,88,False,0.0,1,0.8114102482795715,0.26760339736938477,0.5533674955368042,0.025191795080900192
18,89,False,0.0,1,0.8092533946037292,0.26945731043815613,0.5533841848373413,0.025254987180233
18,90,False,0.0,1,0.807131290435791,0.2716250717639923,0.5532350540161133,0.025119727477431297
18,91,False,0.0,1,0.8045620918273926,0.2737540304660797,0.5534910559654236,0.025146817788481712
18,92,False,0.0,1,0.802749752998352,0.27494773268699646,0.5538825392723083,0.0253215990960598
18,93,False,0.0,1,0.8015711307525635,0.27564358711242676,0.5539369583129883,0.025367073714733124
18,94,False,0.0,1,0.8002885580062866,0.2765637934207916,0.5537817478179932,0.025346817448735237
18,95,False,0.0,1,0.8001090288162231,0.27644097805023193,0.5537884831428528,0.02533126436173916
18,96,False,0.0,1,0.8009912967681885,0.2757522165775299,0.5536311864852905,0.025379225611686707
18,97,False,0.0,1,0.8018460869789124,0.2748406231403351,0.5535187721252441,0.025361156091094017
18,98,False,0.0,1,0.8025142550468445,0.2744109630584717,0.5533941984176636,0.025306621566414833
18,99,False,0.0,1,0.8030478358268738,0.27378442883491516,0.5535151362419128,0.025385985150933266
18,100,False,0.0,1,0.8041176199913025,0.2728852331638336,0.553736686706543,0.025467386469244957
18,101,False,0.0,1,0.805294394493103,0.2720071077346802,0.5539727210998535,0.02561822719871998
18,102,False,0.0,1,0.8058505058288574,0.27146682143211365,0.5539692044258118,0.025594323873519897
18,103,False,0.0,1,0.8064254522323608,0.27113449573516846,0.5533185005187988,0.025323156267404556
18,104,False,0.0,1,0.8070037961006165,0.27032342553138733,0.5536243915557861,0.02546744979918003
18,105,False,0.0,1,0.8072298765182495,0.2699793577194214,0.5537233948707581,0.025538358837366104
18,106,False,0.0,1,0.8057633638381958,0.27068325877189636,0.5537153482437134,0.025537237524986267
18,107,False,0.0,1,0.8043648600578308,0.2712583839893341,0.5537233352661133,0.02555456943809986
18,108,False,0.0,1,0.8036664128303528,0.27184757590293884,0.5537179112434387,0.025550801306962967
18,109,False,0.0,1,0.8036009669303894,0.2721230983734131,0.5535972118377686,0.025487545877695084
18,110,False,0.0,1,0.8046084642410278,0.27128085494041443,0.5531861782073975,0.02522258087992668
18,111,False,0.0,1,0.8086293935775757,0.26903221011161804,0.553795337677002,0.025382591411471367
18,112,False,0.0,1,0.8107459545135498,0.2679928243160248,0.5544285774230957,0.025425570085644722
19,0,False,0.0,0,0.7334866523742676,0.17555271089076996,0.529214084148407,0.01576332561671734
19,1,False,0.0,1,0.8324451446533203,0.2509268522262573,0.5561661720275879,0.026289911940693855
19,2,False,0.0,1,0.8322304487228394,0.2509235143661499,0.5562828779220581,0.026334542781114578
19,3,False,0.0,1,0.8325340151786804,0.25061845779418945,0.5561124086380005,0.026260139420628548
19,4,False,0.0,1,0.8336893320083618,0.25013214349746704,0.5563033819198608,0.026381222531199455
19,5,False,0.0,1,0.8347434997558594,0.25023290514945984,0.5567870140075684,0.026571890339255333
19,6,False,0.0,1,0.8354014158248901,0.24991092085838318,0.557287335395813,0.026747504249215126
19,7,False,0.0,1,0.8346049785614014,0.25113287568092346,0.5577458739280701,0.02655155397951603
19,8,False,0.0,1,0.8349442481994629,0.2516055703163147,0.557587742805481,0.026403896510601044
19,9,False,0.0,1,0.8351905345916748,0.25130030512809753,0.55753093957901,0.026356885209679604
19,10,False,0.0,1,0.8350539207458496,0.2514229416847229,0.5574692487716675,0.026349447667598724
19,11,False,0.0,1,0.8345416784286499,0.2517094612121582,0.5575230121612549,0.026302997022867203
19,12,False,0.0,1,0.833613395690918,0.251873642206192,0.5575644969940186,0.02636474184691906
19,13,False,0.0,1,0.8332953453063965,0.2523497939109802,0.557374894618988,0.02629006840288639
19,14,False,0.0,1,0.8330217599868774,0.25282716751098633,0.5575698018074036,0.02637793868780136
19,15,False,0.0,1,0.8326878547668457,0.25284188985824585,0.5582830905914307,0.02645261399447918
19,16,False,0.0,1,0.8320967555046082,0.2531188428401947,0.5580344796180725,0.026362542062997818
19,17,False,0.0,1,0.8314014077186584,0.25297805666923523,0.5581685304641724,0.026488490402698517
19,18,False,0.0,1,0.8304833769798279,0.253386914730072,0.5581721067428589,0.026518195867538452
19,19,False,0.0,1,0.8300225734710693,0.25354287028312683,0.5576848387718201,0.026375658810138702
19,20,False,0.0,1,0.8291338682174683,0.25377050042152405,0.5574594736099243,0.02631927840411663
19,21,False,0.0,1,0.8289681673049927,0.2537955641746521,0.5574778318405151,0.02641814760863781
19,22,False,0.0,1,0.8286522030830383,0.2539757788181305,0.5573639869689941,0.026353921741247177
19,23,False,0.0,1,0.8283283114433289,0.2543095052242279,0.557247519493103,0.02618718147277832
19,24,False,0.0,1,0.8274128437042236,0.2550637722015381,0.5569782257080078,0.02610720880329609
19,25,False,0.0,1,0.8263139128684998,0.2556067705154419,0.5564061999320984,0.025866305455565453
19,26,False,0.0,1,0.8247821927070618,0.25637611746788025,0.5559155941009521,0.025652719661593437
19,27,False,0.0,1,0.8232691287994385,0.25713005661964417,0.5556418895721436,0.025563543662428856
19,28,False,0.0,1,0.8221258521080017,0.2579611539840698,0.5556507110595703,0.025549093261361122
19,29,False,0.0,1,0.8209349513053894,0.25908246636390686,0.5555586218833923,0.025554852560162544
19,30,False,0.0,1,0.8191526532173157,0.2609306275844574,0.555652379989624,0.02551158331334591
19,31,False,0.0,1,0.8182133436203003,0.26194527745246887,0.555855393409729,0.025446655228734016
19,32,False,0.0,1,0.8163690567016602,0.2637811005115509,0.5564271211624146,0.025562578812241554
19,33,False,0.0,1,0.8149490356445312,0.2645323872566223,0.5570224523544312,0.025678595528006554
19,34,False,0.0,1,0.8146014213562012,0.26446327567100525,0.5567233562469482,0.025469766929745674
19,35,False,0.0,1,0.8145589232444763,0.2647126019001007,0.556625247001648,0.02541520446538925
19,36,False,0.0,1,0.8142719268798828,0.26569053530693054,0.556797981262207,0.025473840534687042
19,37,False,0.0,1,0.8137991428375244,0.2666241228580475,0.5569961071014404,0.025585131719708443
19,38,False,0.0,1,0.8131012916564941,0.26732495427131653,0.5569427013397217,0.025578375905752182
19,39,False,0.0,1,0.8124010562896729,0.26834461092948914,0.5567632913589478,0.025508075952529907
19,40,False,0.0,1,0.8113053441047668,0.26966410875320435,0.5566936731338501,0.025455188006162643
19,41,False,0.0,1,0.8098728656768799,0.2706741690635681,0.5571439862251282,0.025696374475955963
19,42,False,0.0,1,0.8090134859085083,0.2714634835720062,0.5576821565628052,0.0259381290525198
19,43,False,0.0,1,0.808571994304657,0.2721063196659088,0.5583436489105225,0.02618088759481907
19,44,False,0.0,1,0.8081762790679932,0.2723340392112732,0.5584356784820557,0.026198821142315865
19,45,False,0.0,1,0.8074414730072021,0.2726776897907257,0.5586983561515808,0.026324395090341568
19,46,False,0.0,1,0.8066544532775879,0.27322328090667725,0.5590361952781677,0.02643701620399952
19,47,False,0.0,1,0.8063284158706665,0.2736383378505707,0.558677077293396,0.026201389729976654
19,48,False,0.0,1,0.8057881593704224,0.2742258310317993,0.558556079864502,0.026172032579779625
19,49,False,0.0,1,0.8052071332931519,0.2743297517299652,0.5584238171577454,0.026122549548745155
19,50,False,0.0,1,0.8046929240226746,0.27441686391830444,0.5583303570747375,0.026080751791596413
19,51,False,0.0,1,0.804343044757843,0.27433598041534424,0.5581506490707397,0.025989102199673653
19,52,False,0.0,1,0.8045198321342468,0.2732139229774475,0.5581666827201843,0.025977468118071556
19,53,False,0.0,1,0.8049023151397705,0.27204445004463196,0.5581824779510498,0.02599014714360237
19,54,False,0.0,1,0.8055955171585083,0.2711143493652344,0.5580704808235168,0.02595602162182331
19,55,False,0.0,1,0.8077011108398438,0.26885199546813965,0.5574878454208374,0.025588911026716232
19,56,False,0.0,1,0.8083322048187256,0.2691965401172638,0.5573157072067261,0.02555542252957821
19,57,False,0.0,1,0.8084002137184143,0.27002498507499695,0.5573275685310364,0.025619374588131905
19,58,False,0.0,1,0.8088295459747314,0.26922863721847534,0.5572100281715393,0.025628061965107918
19,59,False,0.0,1,0.8097562789916992,0.2681221663951874,0.557202935218811,0.025670092552900314
19,60,False,0.0,1,0.8106181621551514,0.26701784133911133,0.557066798210144,0.025655042380094528
19,61,False,0.0,1,0.8117812871932983,0.266223281621933,0.5569635629653931,0.025603214278817177
19,62,False,0.0,1,0.8131768107414246,0.2652273178100586,0.5568332672119141,0.025533616542816162
19,63,False,0.0,1,0.814338207244873,0.26399269700050354,0.5564756393432617,0.02535543590784073
19,64,False,0.0,1,0.8151055574417114,0.2632654309272766,0.5563966035842896,0.025303903967142105
19,65,False,0.0,1,0.8160824775695801,0.262521356344223,0.5561308860778809,0.025157993659377098
19,66,False,0.0,1,0.8178089261054993,0.26162031292915344,0.5559080839157104,0.025048738345503807
19,67,False,0.0,1,0.8186318874359131,0.26170095801353455,0.5557790994644165,0.024971896782517433
19,68,False,0.0,1,0.8190618753433228,0.26157674193382263,0.5559022426605225,0.024992257356643677
19,69,False,0.0,1,0.8197652101516724,0.2612081468105316,0.5554978847503662,0.024836871773004532
19,70,False,0.0,1,0.8201520442962646,0.2612747251987457,0.5552541613578796,0.024783724918961525
19,71,False,0.0,1,0.8200165033340454,0.26186466217041016,0.5548529624938965,0.024553561583161354
19,72,False,0.0,1,0.8196948766708374,0.26249802112579346,0.5550344586372375,0.024618176743388176
19,73,False,0.0,1,0.8191086649894714,0.26299744844436646,0.5549068450927734,0.024582771584391594
19,74,False,0.0,1,0.8186848759651184,0.26364797353744507,0.5546599626541138,0.024485057219862938
19,75,False,0.0,1,0.8182411193847656,0.2643258571624756,0.5545504093170166,0.024421818554401398
19,76,False,0.0,1,0.816800594329834,0.2655767798423767,0.554667592048645,0.024458374828100204
19,77,False,0.0,1,0.8157551884651184,0.26649200916290283,0.5547710657119751,0.02446148172020912
19,78,False,0.0,1,0.8141217231750488,0.26760929822921753,0.5549005270004272,0.024499092251062393
19,79,False,0.0,1,0.8128052353858948,0.26860469579696655,0.5550382733345032,0.024577854201197624
19,80,False,0.0,1,0.8112053871154785,0.2699282467365265,0.5551472306251526,0.02463107369840145
19,81,False,0.0,1,0.8097907304763794,0.27105870842933655,0.5554071664810181,0.024745838716626167
19,82,False,0.0,1,0.8075283765792847,0.2730712890625,0.5556818246841431,0.024879315868020058
19,83,False,0.0,1,0.8054634928703308,0.27518177032470703,0.5558342933654785,0.02494778484106064
19,84,False,0.0,1,0.8043636679649353,0.2766823470592499,0.5563197135925293,0.02511349879205227
19,85,False,0.0,1,0.8040701150894165,0.27710622549057007,0.5564566254615784,0.02514711022377014
19,86,False,0.0,1,0.8044931888580322,0.2767542004585266,0.5561676025390625,0.024944322183728218
19,87,False,0.0,1,0.80503910779953,0.27588891983032227,0.5566481947898865,0.0250699445605278
19,88,False,0.0,1,0.8053090572357178,0.27458348870277405,0.5567401647567749,0.02513504959642887
19,89,False,0.0,1,0.8053879737854004,0.27332550287246704,0.5568364262580872,0.025190597400069237
19,90,False,0.0,1,0.8058332204818726,0.2722265124320984,0.5567357540130615,0.025120876729488373
19,91,False,0.0,1,0.8062842488288879,0.271323025226593,0.5567741394042969,0.025123002007603645
19,92,False,0.0,1,0.8074672222137451,0.27013593912124634,0.5563610792160034,0.024947507306933403
19,93,False,0.0,1,0.8089559078216553,0.2685508131980896,0.5566178560256958,0.02507905289530754
19,94,False,0.0,1,0.8081920742988586,0.26786673069000244,0.5565496683120728,0.025068188086152077
19,95,False,0.0,1,0.8067487478256226,0.2679283618927002,0.5570307970046997,0.02518802136182785
19,96,False,0.0,1,0.8048719763755798,0.26819565892219543,0.5570526123046875,0.025196349248290062
19,97,False,0.0,1,0.8035216331481934,0.2683567702770233,0.5569972991943359,0.02516605705022812
19,98,False,0.0,1,0.8027133941650391,0.2685885429382324,0.5569924116134644,0.02516132965683937
19,99,False,0.0,1,0.8025908470153809,0.2686777412891388,0.5569357872009277,0.02513829432427883
19,100,False,0.0,1,0.8031519651412964,0.2684611976146698,0.5569341778755188,0.025147883221507072
19,101,False,0.0,1,0.8045375347137451,0.26792728900909424,0.557297945022583,0.025282269343733788
19,102,False,0.0,1,0.8074156045913696,0.2667725682258606,0.5572382211685181,0.025303557515144348
19,103,False,0.0,1,0.8105871081352234,0.2652741074562073,0.5577456951141357,0.025346452370285988
20,0,False,0.0,0,0.7618094682693481,0.18380896747112274,0.5309880971908569,0.01599827967584133
20,1,False,0.0,1,0.8340201377868652,0.253613144159317,0.5590431690216064,0.02579323761165142
20,2,False,0.0,1,0.8339080810546875,0.2536274492740631,0.5589920282363892,0.025778144598007202
20,3,False,0.0,1,0.8340104818344116,0.25360992550849915,0.5590440034866333,0.02579670213162899
20,4,False,0.0,1,0.8337324857711792,0.25352880358695984,0.5591336488723755,0.025832677260041237
20,5,False,0.0,1,0.8334789276123047,0.2533383071422577,0.559145450592041,0.02580752968788147
20,6,False,0.0,1,0.833459734916687,0.2532182037830353,0.5592706203460693,0.025873541831970215
20,7,False,0.0,1,0.8334270715713501,0.25308072566986084,0.5597622394561768,0.026018748059868813
20,8,False,0.0,1,0.8326077461242676,0.25344976782798767,0.5594907999038696,0.025945108383893967
20,9,False,0.0,1,0.8314990997314453,0.25400683283805847,0.5594116449356079,0.025891853496432304
20,10,False,0.0,1,0.8308359384536743,0.2546258866786957,0.5592329502105713,0.025855349376797676
20,11,False,0.0,1,0.8308823108673096,0.2548445463180542,0.5591455698013306,0.025774525478482246
20,12,False,0.0,1,0.8303400874137878,0.2551015615463257,0.5588460564613342,0.025685662403702736
20,13,False,0.0,1,0.827639102935791,0.25634127855300903,0.5582220554351807,0.025416169315576553
20,14,False,0.0,1,0.8267737627029419,0.25706779956817627,0.5579559803009033,0.02534150891005993
20,15,False,0.0,1,0.8264943361282349,0.2576808035373688,0.5586186647415161,0.02556922659277916
20,16,False,0.0,1,0.8258742690086365,0.2584506571292877,0.5588021278381348,0.025659259408712387
20,17,False,0.0,1,0.8243696689605713,0.25922465324401855,0.5587692260742188,0.025614222511649132
20,18,False,0.0,1,0.822903037071228,0.26089486479759216,0.5587809085845947,0.025634637102484703
20,19,False,0.0,1,0.8218836784362793,0.26197531819343567,0.5590183734893799,0.025756368413567543
20,20,False,0.0,1,0.8205691576004028,0.26292312145233154,0.5589885711669922,0.025713279843330383
20,21,False,0.0,1,0.8193435668945312,0.2643932104110718,0.558944046497345,0.025734679773449898
20,22,False,0.0,1,0.8188396692276001,0.2651118040084839,0.5588997602462769,0.02572667971253395
20,23,False,0.0,1,0.817893385887146,0.2658552825450897,0.5593773126602173,0.025961408391594887
20,24,False,0.0,1,0.8167749643325806,0.26675114035606384,0.5595468282699585,0.025958986952900887
20,25,False,0.0,1,0.8162207007408142,0.26712939143180847,0.5597641468048096,0.026017744094133377
20,26,False,0.0,1,0.814384937286377,0.2673003673553467,0.5597742795944214,0.02597072161734104
20,27,False,0.0,1,0.81268310546875,0.2683427035808563,0.5599110126495361,0.02600790746510029
20,28,False,0.0,1,0.8113700151443481,0.2698078453540802,0.5595150589942932,0.025838272646069527
20,29,False,0.0,1,0.8105893135070801,0.27103176712989807,0.5595496296882629,0.025883693248033524
20,30,False,0.0,1,0.8106184005737305,0.27180880308151245,0.5597473382949829,0.025988994166254997
20,31,False,0.0,1,0.8109657764434814,0.2717135548591614,0.5599715113639832,0.02623065374791622
20,32,False,0.0,1,0.8099453449249268,0.27228662371635437,0.5592253804206848,0.0259667057543993
20,33,False,0.0,1,0.8085951805114746,0.27401724457740784,0.5590223073959351,0.025892456993460655
20,34,False,0.0,1,0.807726263999939,0.2745862603187561,0.5592931509017944,0.025980398058891296
20,35,False,0.0,1,0.8092734813690186,0.2735610902309418,0.5592855215072632,0.025951923802495003
20,36,False,0.0,1,0.809840977191925,0.27335187792778015,0.5593612194061279,0.025982249528169632
20,37,True,0.028925620019435883,1,0.8105814456939697,0.2707306742668152,0.5594950914382935,0.02622632123529911
20,38,True,0.07024793326854706,1,0.8168467879295349,0.2635805606842041,0.5581348538398743,0.02553817257285118
20,39,True,0.11157024651765823,1,0.817764401435852,0.26240038871765137,0.5575858354568481,0.02540387399494648
20,40,True,0.1528925597667694,1,0.8171864748001099,0.2627418637275696,0.5573258399963379,0.025277385488152504
20,41,True,0.19421488046646118,1,0.8181190490722656,0.26264095306396484,0.5575318336486816,0.025368768721818924
20,42,True,0.23553718626499176,1,0.8183462619781494,0.2626597583293915,0.5580707788467407,0.025601400062441826
20,43,True,0.27685949206352234,1,0.817999541759491,0.26323649287223816,0.5579322576522827,0.02553241327404976
20,44,True,0.3181818127632141,1,0.8175950050354004,0.2635648548603058,0.557695746421814,0.025430645793676376
20,45,True,0.3595041334629059,1,0.8165863752365112,0.2640211582183838,0.5575759410858154,0.02538348361849785
20,46,True,0.40082645416259766,1,0.8166990876197815,0.2644018530845642,0.5574692487716675,0.02534683421254158
20,47,True,0.44214877486228943,1,0.8163153529167175,0.26445016264915466,0.5575045943260193,0.025582419708371162
20,48,True,0.4834710657596588,1,0.8166184425354004,0.263793021440506,0.5575821399688721,0.0256489347666502
20,49,True,0.5247933864593506,1,0.8176313638687134,0.2623548209667206,0.5574967861175537,0.025623375549912453
20,50,True,0.56611567735672,1,0.818976879119873,0.2612478733062744,0.5573029518127441,0.025594450533390045
20,51,True,0.6074380278587341,1,0.8190944194793701,0.2611566483974457,0.5578352212905884,0.02579071745276451
20,52,True,0.6487603187561035,1,0.8198676109313965,0.2601066827774048,0.5574386119842529,0.02558206580579281
20,53,True,0.6900826692581177,1,0.8200663328170776,0.2601162791252136,0.5571138262748718,0.025407936424016953
20,54,True,0.7314049601554871,1,0.8203680515289307,0.25980088114738464,0.5569580793380737,0.02529609575867653
20,55,True,0.7727272510528564,1,0.8203704357147217,0.2597285211086273,0.5571492910385132,0.025506434962153435
20,56,True,0.8140496015548706,1,0.8195760250091553,0.2593296468257904,0.5577667951583862,0.025780044496059418
20,57,True,0.85537189245224,1,0.8202887177467346,0.25884830951690674,0.5575317740440369,0.02561931312084198
20,58,True,0.8966942429542542,1,0.8202593326568604,0.25811266899108887,0.5572938323020935,0.025458207353949547
20,59,True,0.9380165338516235,1,0.8203383088111877,0.25854671001434326,0.555277943611145,0.024460401386022568
20,60,True,0.9793388247489929,1,0.8200689554214478,0.25789475440979004,0.5542607307434082,0.02384675107896328
20,61,True,1.0,1,0.818681538105011,0.2575904130935669,0.5468569993972778,0.020770760253071785
20,62,True,1.0,1,0.8194761276245117,0.2561938762664795,0.5469943881034851,0.02098572626709938
20,63,True,1.0,1,0.8201360702514648,0.2557678520679474,0.5468158721923828,0.02069060504436493
20,64,True,1.0,1,0.8202514052391052,0.25550952553749084,0.546546459197998,0.020649923011660576
20,65,True,1.0,1,0.8202841281890869,0.25537627935409546,0.5463902950286865,0.020635155960917473
20,66,True,1.0,1,0.8203120231628418,0.25532451272010803,0.5462885499000549,0.020621120929718018
20,67,True,1.0,1,0.8203190565109253,0.2552768886089325,0.5462295413017273,0.020615121349692345
20,68,True,1.0,1,0.8203259706497192,0.2552667260169983,0.5462195873260498,0.020615488290786743
20,69,True,1.0,1,0.8203563690185547,0.2552831470966339,0.5461910963058472,0.02060968428850174
20,70,True,1.0,1,0.8203573226928711,0.2552773356437683,0.5461711883544922,0.020604021847248077
20,71,True,1.0,1,0.8205369710922241,0.25557491183280945,0.54634690284729,0.020299412310123444
20,72,True,1.0,1,0.8204691410064697,0.25562939047813416,0.5463160276412964,0.020307810977101326
20,73,True,1.0,1,0.8204395174980164,0.2556370794773102,0.5463136434555054,0.020304935052990913
20,74,True,1.0,1,0.8204094171524048,0.2556418776512146,0.5463005304336548,0.020305391401052475
20,75,True,1.0,1,0.8203982710838318,0.25565144419670105,0.5462913513183594,0.020306173712015152
20,76,True,1.0,1,0.8204004764556885,0.25566256046295166,0.5462818145751953,0.020304754376411438
20,77,True,1.0,1,0.8204067945480347,0.2556713819503784,0.5462809801101685,0.020307688042521477
20,78,True,1.0,1,0.820404052734375,0.25566262006759644,0.5462813377380371,0.02030661515891552
20,79,True,1.0,1,0.8206267356872559,0.2558966875076294,0.5464280247688293,0.020031128078699112
20,80,True,1.0,1,0.8205611705780029,0.2559249997138977,0.5463781356811523,0.020038235932588577
20,81,True,1.0,1,0.8205201625823975,0.25595855712890625,0.5463405847549438,0.020040977746248245
20,82,True,1.0,1,0.8204933404922485,0.2559698522090912,0.5463488101959229,0.02004176378250122
20,83,True,1.0,1,0.8204798698425293,0.2559743821620941,0.5463321208953857,0.02004271000623703
20,84,True,1.0,1,0.8204700946807861,0.2559766173362732,0.5463201999664307,0.020038658753037453
20,85,True,1.0,1,0.8204658031463623,0.25597667694091797,0.5463169813156128,0.02004011906683445
20,86,True,1.0,1,0.8204648494720459,0.25597453117370605,0.546320915222168,0.02003999426960945
20,87,True,1.0,1,0.8203582763671875,0.2560335397720337,0.5464950799942017,0.019853156059980392
20,88,True,1.0,1,0.8203468918800354,0.2560259997844696,0.54642254114151,0.019850213080644608
20,89,True,1.0,1,0.8203366994857788,0.2560136616230011,0.5463894605636597,0.01984909549355507
20,90,True,1.0,1,0.8203355669975281,0.25601404905319214,0.5463602542877197,0.01984884776175022
20,91,False,0.0,1,0.8115625977516174,0.2674163281917572,0.5615571737289429,0.028096260502934456
20,92,False,0.0,1,0.8116446137428284,0.26617923378944397,0.5622531175613403,0.02796911634504795
20,93,False,0.0,1,0.8110235929489136,0.2655434012413025,0.5617769956588745,0.02767193876206875
20,94,False,0.0,1,0.8108737468719482,0.26495468616485596,0.5615365505218506,0.027553794905543327
20,95,False,0.0,1,0.8107084035873413,0.2645682692527771,0.5611910223960876,0.027290454134345055
20,96,False,0.0,1,0.8107727766036987,0.26429563760757446,0.5609540939331055,0.027232037857174873
20,97,False,0.0,1,0.8104904890060425,0.2640455961227417,0.5609126091003418,0.027224764227867126
20,98,False,0.0,1,0.8104082942008972,0.264051616191864,0.5606901049613953,0.027145160362124443
20,99,False,0.0,1,0.8106610774993896,0.2639874219894409,0.5605345964431763,0.027086175978183746
20,100,False,0.0,1,0.8111823201179504,0.26421865820884705,0.5602411031723022,0.026951484382152557
20,101,False,0.0,1,0.8113853931427002,0.26485639810562134,0.5600457191467285,0.026861688122153282
20,102,False,0.0,1,0.8116264939308167,0.26584771275520325,0.5600799322128296,0.026875777170062065
20,103,False,0.0,1,0.8120166063308716,0.26680275797843933,0.5601471662521362,0.026829969137907028
20,104,False,0.0,1,0.8125457763671875,0.2673642635345459,0.5599396228790283,0.026743225753307343
20,105,False,0.0,1,0.8130576610565186,0.26743534207344055,0.5600946545600891,0.02684728242456913
20,106,False,0.0,1,0.8136641979217529,0.26746687293052673,0.5600991249084473,0.02687770128250122
20,107,False,0.0,1,0.8143077492713928,0.26749637722969055,0.5602871179580688,0.026966813951730728
20,108,False,0.0,1,0.815742552280426,0.2673408091068268,0.5602063536643982,0.026915568858385086
20,109,False,0.0,1,0.8171428442001343,0.2666446566581726,0.5601730346679688,0.026931630447506905
20,110,False,0.0,1,0.8175320029258728,0.26609018445014954,0.5602424144744873,0.026963327080011368
20,111,False,0.0,1,0.8183971047401428,0.26607418060302734,0.5599278211593628,0.026784095913171768
20,112,False,0.0,1,0.8189861178398132,0.2658348083496094,0.5600488185882568,0.026839133352041245
20,113,False,0.0,1,0.8188284635543823,0.2655901312828064,0.5603072643280029,0.026872964575886726
20,114,False,0.0,1,0.8190317153930664,0.26548853516578674,0.5602246522903442,0.02685607224702835
20,115,False,0.0,1,0.8187834620475769,0.26563534140586853,0.5600418448448181,0.026776209473609924
20,116,False,0.0,1,0.8185146450996399,0.26570746302604675,0.5600602626800537,0.026781804859638214
20,117,False,0.0,1,0.8184995055198669,0.26569586992263794,0.5601075887680054,0.02678781747817993
20,118,False,0.0,1,0.8182522058486938,0.26574471592903137,0.5603020191192627,0.026867102831602097
20,119,False,0.0,1,0.8180107474327087,0.26574477553367615,0.5599725246429443,0.02684057503938675
20,120,False,0.0,1,0.8176501989364624,0.2656916379928589,0.5598111152648926,0.026789847761392593
20,121,False,0.0,1,0.8172485828399658,0.2655947804450989,0.5598763227462769,0.026829680427908897
21,0,False,0.0,0,0.7354515790939331,0.1890292912721634,0.5338535308837891,0.0170346200466156
21,1,False,0.0,1,0.8280690908432007,0.2581075131893158,0.5615131855010986,0.027294188737869263
21,2,False,0.0,1,0.8281181454658508,0.2582186460494995,0.5615448951721191,0.027308788150548935
21,3,False,0.0,1,0.8279168605804443,0.2583215534687042,0.5616055130958557,0.02732664905488491
21,4,False,0.0,1,0.8280094861984253,0.2585277259349823,0.5615254044532776,0.027291521430015564
21,5,False,0.0,1,0.827983558177948,0.2588697671890259,0.5612736344337463,0.027294008061289787
21,6,False,0.0,1,0.8277111649513245,0.2591099441051483,0.5615413188934326,0.027402956038713455
21,7,False,0.0,1,0.8276708722114563,0.25904062390327454,0.5616858005523682,0.027502376586198807
21,8,False,0.0,1,0.8276738524436951,0.25898632407188416,0.5619056820869446,0.027623658999800682
21,9,False,0.0,1,0.8277319669723511,0.25899192690849304,0.5618942975997925,0.027633976191282272
21,10,False,0.0,1,0.8281795382499695,0.25903233885765076,0.5619795322418213,0.02770078368484974
21,11,False,0.0,1,0.8283400535583496,0.25864312052726746,0.5617834329605103,0.027624037116765976
21,12,False,0.0,1,0.8286418914794922,0.25837087631225586,0.5618858337402344,0.0277237705886364
21,13,False,0.0,1,0.8289512395858765,0.2582307755947113,0.5614728331565857,0.027589542791247368
21,14,False,0.0,1,0.8290199041366577,0.25796228647232056,0.5617542862892151,0.02776920236647129
21,15,False,0.0,1,0.8291805386543274,0.2578731179237366,0.5618407726287842,0.027793848887085915
21,16,False,0.0,1,0.8293622732162476,0.25797393918037415,0.5617823600769043,0.027785081416368484
21,17,False,0.0,1,0.829454779624939,0.25780484080314636,0.561558723449707,0.02767278626561165
21,18,False,0.0,1,0.8293929696083069,0.25734958052635193,0.561749279499054,0.027812715619802475
21,19,False,0.0,1,0.8292973041534424,0.2572013735771179,0.5615261793136597,0.027738183736801147
21,20,False,0.0,1,0.8292679786682129,0.2572397291660309,0.5613146424293518,0.027617072686553
21,21,False,0.0,1,0.8289381265640259,0.25763434171676636,0.5609394907951355,0.027436377480626106
21,22,False,0.0,1,0.828572690486908,0.25793129205703735,0.5611369609832764,0.02744913101196289
21,23,False,0.0,1,0.8282516598701477,0.25828102231025696,0.561054527759552,0.02736656554043293
21,24,False,0.0,1,0.8279768228530884,0.2585614025592804,0.5613884925842285,0.02744007669389248
21,25,False,0.0,1,0.8274657726287842,0.25915250182151794,0.5615706443786621,0.027451401576399803
21,26,False,0.0,1,0.8270857334136963,0.2593795657157898,0.561640739440918,0.02743007428944111
21,27,False,0.0,1,0.8266596794128418,0.2589629292488098,0.5616539716720581,0.02740887552499771
21,28,False,0.0,1,0.8264343738555908,0.25856533646583557,0.561752438545227,0.02744046039879322
21,29,False,0.0,1,0.8255384564399719,0.2593422532081604,0.5615365505218506,0.027365220710635185
21,30,False,0.0,1,0.8251270055770874,0.25957685708999634,0.561747670173645,0.027402807027101517
21,31,False,0.0,1,0.8242409229278564,0.25973284244537354,0.5619624853134155,0.027477433905005455
21,32,False,0.0,1,0.8233929872512817,0.2603808045387268,0.5621323585510254,0.027508830651640892
21,33,False,0.0,1,0.8226848840713501,0.26102107763290405,0.5616521239280701,0.0272899828851223
21,34,False,0.0,1,0.8228499889373779,0.2613098621368408,0.561509370803833,0.027231547981500626
21,35,False,0.0,1,0.8225301504135132,0.2623312175273895,0.5616670846939087,0.0273258239030838
21,36,False,0.0,1,0.8219298124313354,0.263017475605011,0.561469316482544,0.027255870401859283
21,37,False,0.0,1,0.8212820887565613,0.2639521360397339,0.5609244108200073,0.02706465870141983
21,38,False,0.0,1,0.8207341432571411,0.2649194598197937,0.5613820552825928,0.027214664965867996
21,39,False,0.0,1,0.819443941116333,0.26571881771087646,0.5611534118652344,0.027107050642371178
21,40,False,0.0,1,0.8183866739273071,0.26605501770973206,0.5611558556556702,0.02712683379650116
21,41,False,0.0,1,0.8173277378082275,0.265754759311676,0.5611423254013062,0.027148107066750526
21,42,False,0.0,1,0.8165445327758789,0.2650613486766815,0.5610532760620117,0.027190783992409706
21,43,False,0.0,1,0.8159885406494141,0.26515063643455505,0.5608696937561035,0.02708241157233715
21,44,False,0.0,1,0.815027117729187,0.2653757929801941,0.5606202483177185,0.026992928236722946
21,45,False,0.0,1,0.8152402639389038,0.2657414376735687,0.5601975917816162,0.026742704212665558
21,46,False,0.0,1,0.815363883972168,0.2658350467681885,0.5605379343032837,0.026800455525517464
21,47,False,0.0,1,0.8146117925643921,0.26633480191230774,0.5605161190032959,0.026753010228276253
21,48,False,0.0,1,0.813770055770874,0.26808372139930725,0.5606664419174194,0.02682819776237011
21,49,False,0.0,1,0.8115808367729187,0.27044710516929626,0.5605629682540894,0.026793602854013443
21,50,False,0.0,1,0.8109574317932129,0.27166038751602173,0.5604811906814575,0.026802105829119682
21,51,False,0.0,1,0.8112812042236328,0.27177733182907104,0.5604546070098877,0.026814401149749756
21,52,False,0.0,1,0.811445951461792,0.27211710810661316,0.560370922088623,0.026803292334079742
21,53,False,0.0,1,0.8123441934585571,0.2712247669696808,0.5600857734680176,0.026617664843797684
21,54,False,0.0,1,0.8123301267623901,0.271230548620224,0.5601297616958618,0.02659190259873867
21,55,False,0.0,1,0.8130782246589661,0.27091723680496216,0.5600497722625732,0.026565950363874435
21,56,False,0.0,1,0.8136976957321167,0.2700618505477905,0.5600739121437073,0.026566622778773308
21,57,False,0.0,1,0.8141264915466309,0.2693946063518524,0.5599455833435059,0.02649504318833351
21,58,False,0.0,1,0.8149032592773438,0.2683661878108978,0.5600523948669434,0.02652663365006447
21,59,False,0.0,1,0.8157121539115906,0.2677886486053467,0.5604172945022583,0.026697415858507156
21,60,False,0.0,1,0.816318154335022,0.2674423158168793,0.5605229735374451,0.02672736346721649
21,61,False,0.0,1,0.818038821220398,0.2658980190753937,0.5605297088623047,0.026727914810180664
21,62,False,0.0,1,0.8206800222396851,0.26258257031440735,0.560765266418457,0.026798062026500702
21,63,False,0.0,1,0.8217399716377258,0.2615436613559723,0.5610529184341431,0.026947669684886932
21,64,False,0.0,1,0.8226389288902283,0.26029857993125916,0.5610920190811157,0.026970745995640755
21,65,False,0.0,1,0.8232332468032837,0.25979509949684143,0.5611214637756348,0.0269731767475605
21,66,False,0.0,1,0.824381411075592,0.2588701546192169,0.5609332323074341,0.026883067563176155
21,67,False,0.0,1,0.8253139853477478,0.2582937180995941,0.561111330986023,0.026952141895890236
21,68,False,0.0,1,0.8261681795120239,0.25765806436538696,0.5606982707977295,0.0268026702105999
21,69,False,0.0,1,0.8264179825782776,0.25745341181755066,0.5608367323875427,0.026943109929561615
21,70,False,0.0,1,0.826562225818634,0.25778454542160034,0.5609533786773682,0.026977676898241043
21,71,False,0.0,1,0.8270214796066284,0.2579991817474365,0.5605169534683228,0.02676554210484028
21,72,False,0.0,1,0.8275312185287476,0.2583380341529846,0.5604531764984131,0.02673240378499031
21,73,False,0.0,1,0.8281010389328003,0.25835752487182617,0.5604650974273682,0.026701174676418304
21,74,False,0.0,1,0.8287786245346069,0.25833073258399963,0.5603760480880737,0.02663455903530121
21,75,False,0.0,1,0.8290086388587952,0.2583024203777313,0.5605225563049316,0.026648780331015587
21,76,False,0.0,1,0.8286933302879333,0.25844112038612366,0.5606754422187805,0.0266849584877491
21,77,False,0.0,1,0.8282840251922607,0.25845202803611755,0.5609560012817383,0.026881862431764603
21,78,False,0.0,1,0.8284774422645569,0.2582342028617859,0.5609541535377502,0.026888974010944366
21,79,False,0.0,1,0.8290354609489441,0.25815099477767944,0.5612013339996338,0.02700338140130043
21,80,False,0.0,1,0.8291612863540649,0.25814324617385864,0.5615050792694092,0.027160178869962692
21,81,False,0.0,1,0.8282765746116638,0.2584477365016937,0.5613560676574707,0.02707602083683014
21,82,False,0.0,1,0.827475368976593,0.25908026099205017,0.5613927841186523,0.027080513536930084
21,83,False,0.0,1,0.826561450958252,0.25970035791397095,0.5611863136291504,0.026972515508532524
21,84,False,0.0,1,0.8252718448638916,0.260190486907959,0.5612931251525879,0.027008477598428726
21,85,False,0.0,1,0.8245803117752075,0.2605776786804199,0.5613821148872375,0.027046818286180496
21,86,False,0.0,1,0.8239766359329224,0.26105332374572754,0.561308741569519,0.027048636227846146
21,87,False,0.0,1,0.8233951330184937,0.26147058606147766,0.5609089136123657,0.02684553898870945
21,88,False,0.0,1,0.8224096298217773,0.2617719769477844,0.5608323812484741,0.026807567104697227
21,89,False,0.0,1,0.8222236633300781,0.26222920417785645,0.5610227584838867,0.026784144341945648
21,90,False,0.0,1,0.8209474682807922,0.26352739334106445,0.5607020258903503,0.026604339480400085
21,91,False,0.0,1,0.8190034031867981,0.2650986611843109,0.5607514381408691,0.026670631021261215
21,92,False,0.0,1,0.8174110651016235,0.2666073739528656,0.5609248876571655,0.026737993583083153
21,93,False,0.0,1,0.8156079053878784,0.2680748999118805,0.5608960390090942,0.02661948651075363
21,94,False,0.0,1,0.8131605386734009,0.269215852022171,0.5608000755310059,0.026575151830911636
21,95,False,0.0,1,0.8118163347244263,0.2699190378189087,0.5607942342758179,0.026646282523870468
21,96,False,0.0,1,0.8105770349502563,0.27048739790916443,0.5611764192581177,0.026849471032619476
21,97,False,0.0,1,0.8101213574409485,0.2715906798839569,0.5609071254730225,0.026736197993159294
21,98,False,0.0,1,0.8097665309906006,0.27173513174057007,0.560809850692749,0.026699289679527283
21,99,False,0.0,1,0.8098310232162476,0.2717725336551666,0.5608856678009033,0.026783209294080734
21,100,False,0.0,1,0.8102560043334961,0.271244615316391,0.5608090162277222,0.026782888919115067
21,101,False,0.0,1,0.8111205101013184,0.27068033814430237,0.5615600943565369,0.02710353583097458
21,102,False,0.0,1,0.8121386766433716,0.27031877636909485,0.5620717406272888,0.02734495885670185
21,103,False,0.0,1,0.8126475214958191,0.2701878249645233,0.5622451305389404,0.02743486873805523
21,104,False,0.0,1,0.8128448724746704,0.2700573801994324,0.5623413324356079,0.027473246678709984
21,105,False,0.0,1,0.8130103945732117,0.2699291706085205,0.5623167753219604,0.02743561752140522
21,106,False,0.0,1,0.8152329921722412,0.2680007517337799,0.5622847080230713,0.02740621566772461
21,107,False,0.0,1,0.8179013729095459,0.26545578241348267,0.5623451471328735,0.027448363602161407
21,108,False,0.0,1,0.8187809586524963,0.2639944851398468,0.5624899864196777,0.027507001534104347
21,109,False,0.0,1,0.8186187744140625,0.26349565386772156,0.5632691383361816,0.027651794254779816
21,110,False,0.0,1,0.8180594444274902,0.26372191309928894,0.5633652806282043,0.027708658948540688
21,111,False,0.0,1,0.8173642158508301,0.2640848159790039,0.5632527470588684,0.027633123099803925
21,112,False,0.0,1,0.8168321251869202,0.26439231634140015,0.5632745027542114,0.02764376439154148
21,113,False,0.0,1,0.8160463571548462,0.26504138112068176,0.5631712675094604,0.027522992342710495
21,114,False,0.0,1,0.8175733089447021,0.26421236991882324,0.5629441738128662,0.027318531647324562
21,115,False,0.0,1,0.8182834386825562,0.263507604598999,0.5622751712799072,0.026975832879543304
21,116,False,0.0,1,0.8195252418518066,0.2630806863307953,0.5621781945228577,0.026955844834446907
21,117,False,0.0,1,0.820101797580719,0.2628401219844818,0.5628576874732971,0.02707172930240631
21,118,False,0.0,1,0.8200052976608276,0.26315316557884216,0.5625877976417542,0.026980752125382423
21,119,False,0.0,1,0.8197668790817261,0.2636267840862274,0.562436580657959,0.02695411443710327
21,120,False,0.0,1,0.8197725415229797,0.26385289430618286,0.5622307062149048,0.026884259656071663
21,121,False,0.0,1,0.8197883367538452,0.2640777826309204,0.5623568892478943,0.02696605771780014
21,122,False,0.0,1,0.8199993371963501,0.26422834396362305,0.5623000264167786,0.02697540819644928
21,123,False,0.0,1,0.820145845413208,0.26433253288269043,0.5620886087417603,0.02690979279577732
21,124,False,0.0,1,0.8204126358032227,0.26434454321861267,0.5620976686477661,0.026938162744045258
21,125,False,0.0,1,0.8203911781311035,0.26459676027297974,0.5627886056900024,0.027071261778473854
22,0,False,0.0,0,0.7543386220932007,0.18455497920513153,0.5319491624832153,0.016238348558545113
22,1,False,0.0,1,0.836931049823761,0.2518012821674347,0.5630084872245789,0.027300361543893814
22,2,False,0.0,1,0.8369789123535156,0.2511841356754303,0.5632212162017822,0.027413194999098778
22,3,False,0.0,1,0.8371233344078064,0.250445693731308,0.563309907913208,0.027422074228525162
22,4,False,0.0,1,0.8371574878692627,0.2499680370092392,0.5636009573936462,0.02753944881260395
22,5,False,0.0,1,0.8374544978141785,0.24952995777130127,0.5636569261550903,0.027508554980158806
22,6,False,0.0,1,0.8374870419502258,0.24949052929878235,0.5638217926025391,0.02757386304438114
22,7,False,0.0,1,0.8375303745269775,0.24997349083423615,0.5643406510353088,0.027636537328362465
22,8,False,0.0,1,0.8379865288734436,0.25023820996284485,0.5640496015548706,0.027559731155633926
22,9,False,0.0,1,0.8383020758628845,0.2500179708003998,0.564076840877533,0.027567273005843163
22,10,False,0.0,1,0.8381173610687256,0.24993225932121277,0.5638790130615234,0.027487412095069885
22,11,False,0.0,1,0.8380481004714966,0.2502421736717224,0.563916802406311,0.027505092322826385
22,12,False,0.0,1,0.8384015560150146,0.24957630038261414,0.5639296770095825,0.027511248365044594
22,13,False,0.0,1,0.8389676809310913,0.24916821718215942,0.5640884637832642,0.027647539973258972
22,14,False,0.0,1,0.8388428688049316,0.24928738176822662,0.564143180847168,0.027724605053663254
22,15,False,0.0,1,0.8384535312652588,0.24940545856952667,0.5648907423019409,0.027995659038424492
22,16,False,0.0,1,0.8369117975234985,0.24988606572151184,0.564993143081665,0.02809900976717472
22,17,False,0.0,1,0.836614727973938,0.25009942054748535,0.5648719072341919,0.028044788166880608
22,18,False,0.0,1,0.8356552124023438,0.25046834349632263,0.5650135278701782,0.028124773874878883
22,19,False,0.0,1,0.8355042934417725,0.2509879767894745,0.5648705959320068,0.028129665181040764
22,20,False,0.0,1,0.834739089012146,0.2518385946750641,0.5647846460342407,0.028057025745511055
22,21,False,0.0,1,0.834342360496521,0.2525298595428467,0.5646953582763672,0.027971705421805382
22,22,False,0.0,1,0.8333051204681396,0.25311726331710815,0.5645461678504944,0.028049996122717857
22,23,False,0.0,1,0.832197904586792,0.2535145878791809,0.5644248127937317,0.027945471927523613
22,24,False,0.0,1,0.8306028246879578,0.25394749641418457,0.5640856027603149,0.027805645018815994
22,25,False,0.0,1,0.8284173011779785,0.2550216615200043,0.5639008283615112,0.027731796726584435
22,26,False,0.0,1,0.8266034126281738,0.2561333477497101,0.5632489919662476,0.027499213814735413
22,27,False,0.0,1,0.8249716758728027,0.2577437162399292,0.5632740259170532,0.02758791856467724
22,28,False,0.0,1,0.8234641551971436,0.25934427976608276,0.5633910894393921,0.027670757845044136
22,29,False,0.0,1,0.8222588300704956,0.2611105144023895,0.5634936094284058,0.02769205905497074
22,30,False,0.0,1,0.8212907314300537,0.2630749046802521,0.563171923160553,0.02754204161465168
22,31,False,0.0,1,0.8203608989715576,0.2642255425453186,0.5637397766113281,0.02771175093948841
22,32,False,0.0,1,0.8187316060066223,0.2654689848423004,0.5632530450820923,0.027469350025057793
22,33,False,0.0,1,0.8174048662185669,0.26693010330200195,0.5628243684768677,0.02729177474975586
22,34,False,0.0,1,0.8163065314292908,0.2678525447845459,0.5626326203346252,0.027242586016654968
22,35,False,0.0,1,0.8155645132064819,0.2682645618915558,0.5625615119934082,0.027223637327551842
22,36,False,0.0,1,0.8144409656524658,0.26920560002326965,0.5628416538238525,0.027269314974546432
22,37,False,0.0,1,0.8139811754226685,0.26926663517951965,0.5630662441253662,0.027332894504070282
22,38,True,0.032258063554763794,1,0.8130360841751099,0.2696548104286194,0.5629673600196838,0.027290506288409233
22,39,True,0.07258064299821854,1,0.8128217458724976,0.27071496844291687,0.5629597902297974,0.027267705649137497
22,40,True,0.11290322244167328,1,0.8123120665550232,0.27134445309638977,0.5626659393310547,0.027168627828359604
22,41,True,0.15322580933570862,1,0.8122379183769226,0.27059775590896606,0.5622851252555847,0.027023009955883026
22,42,True,0.19354838132858276,1,0.8125101327896118,0.2696346044540405,0.5630974769592285,0.02738550864160061
22,43,True,0.2338709682226181,1,0.8133594989776611,0.26866739988327026,0.5633175373077393,0.027482718229293823
22,44,True,0.27419355511665344,1,0.8140053153038025,0.2670413851737976,0.5633183717727661,0.027468126267194748
22,45,True,0.3145161271095276,1,0.8142865896224976,0.2652781903743744,0.5623692274093628,0.027043810114264488
22,46,True,0.35483869910240173,1,0.8151917457580566,0.26396921277046204,0.5629798173904419,0.02725977450609207
22,47,True,0.39516130089759827,1,0.815744161605835,0.26433074474334717,0.5634222030639648,0.02728262171149254
22,48,True,0.4354838728904724,1,0.8157687783241272,0.264502614736557,0.5638854503631592,0.02744593285024166
22,49,True,0.47580644488334656,1,0.8159505128860474,0.2630794644355774,0.5641224384307861,0.02755090221762657
22,50,True,0.5161290168762207,1,0.8172268867492676,0.2616429328918457,0.5640723705291748,0.027520548552274704
22,51,True,0.5564516186714172,1,0.8180376291275024,0.26144930720329285,0.5637747645378113,0.027379481121897697
22,52,True,0.5967742204666138,1,0.8187683820724487,0.26118746399879456,0.5627089142799377,0.026884237304329872
22,53,True,0.6370967626571655,1,0.8185776472091675,0.2619735300540924,0.562127947807312,0.02659195102751255
22,54,True,0.6774193644523621,1,0.8194388747215271,0.2625635266304016,0.5618761777877808,0.026518750935792923
22,55,True,0.7177419066429138,1,0.8200989365577698,0.26043733954429626,0.5615895986557007,0.026441043242812157
22,56,True,0.7580645084381104,1,0.8205006122589111,0.2576828598976135,0.561733067035675,0.02649618871510029
22,57,True,0.7983871102333069,1,0.8223229646682739,0.2558649778366089,0.5626758337020874,0.026864267885684967
22,58,True,0.8387096524238586,1,0.8234074711799622,0.2545502781867981,0.5621345043182373,0.026593221351504326
22,59,True,0.8790322542190552,1,0.8248946666717529,0.2540779411792755,0.5620807409286499,0.02658963017165661
22,60,True,0.9193548560142517,1,0.8256359100341797,0.2534754276275635,0.5606000423431396,0.02587105706334114
22,61,True,0.9596773982048035,1,0.8259340524673462,0.2527768611907959,0.5601575374603271,0.025606680661439896
22,62,True,1.0,1,0.8231524229049683,0.25190815329551697,0.5498009920120239,0.020907990634441376
22,63,True,1.0,1,0.8239977359771729,0.2504931092262268,0.550298810005188,0.02124820463359356
22,64,True,1.0,1,0.8242785334587097,0.2499343454837799,0.5505126118659973,0.02137516625225544
22,65,True,1.0,1,0.824371874332428,0.24971629679203033,0.5505013465881348,0.021402278915047646
22,66,True,1.0,1,0.8244019150733948,0.24962353706359863,0.550468921661377,0.021406669169664383
22,67,True,1.0,1,0.8244373202323914,0.24959570169448853,0.5504525899887085,0.02140943333506584
22,68,True,1.0,1,0.8244175910949707,0.2495671808719635,0.5504266023635864,0.021404117345809937
22,69,True,1.0,1,0.8244336843490601,0.24956586956977844,0.5504253506660461,0.02140805497765541
22,70,True,1.0,1,0.8244348764419556,0.24957360327243805,0.5504317879676819,0.02141161821782589
22,71,True,1.0,1,0.8244888782501221,0.24928781390190125,0.5502266883850098,0.02154933102428913
22,72,True,1.0,1,0.8244951367378235,0.24927780032157898,0.5503444075584412,0.021565111353993416
22,73,True,1.0,1,0.8245063424110413,0.24927803874015808,0.5503957271575928,0.021573195233941078
22,74,True,1.0,1,0.824508011341095,0.24926915764808655,0.5504281520843506,0.021576877683401108
22,75,True,1.0,1,0.8245077729225159,0.24927355349063873,0.5504278540611267,0.021577971056103706
22,76,True,1.0,1,0.8245044350624084,0.24926739931106567,0.550432026386261,0.02158067747950554
22,77,True,1.0,1,0.8245061039924622,0.2492748498916626,0.550435483455658,0.021581225097179413
22,78,True,1.0,1,0.8245068192481995,0.24926771223545074,0.5504363775253296,0.02158237434923649
22,79,True,1.0,1,0.8246139287948608,0.24898551404476166,0.550548255443573,0.02178109623491764
22,80,True,1.0,1,0.8246285915374756,0.248999685049057,0.5507091879844666,0.02180733159184456
22,81,True,1.0,1,0.8246415853500366,0.24900734424591064,0.5508060455322266,0.021835889667272568
22,82,True,1.0,1,0.8246359825134277,0.2490071803331375,0.5508314371109009,0.021840862929821014
22,83,True,1.0,1,0.8246383666992188,0.24900101125240326,0.5508513450622559,0.021844469010829926
22,84,True,1.0,1,0.8246405124664307,0.24899916350841522,0.5508524179458618,0.02184497006237507
22,85,True,1.0,1,0.8246383666992188,0.24900054931640625,0.5508493185043335,0.021843550726771355
22,86,True,1.0,1,0.8246386051177979,0.24899990856647491,0.5508522987365723,0.021843932569026947
22,87,True,1.0,1,0.8245965242385864,0.24879425764083862,0.5513185262680054,0.02201230078935623
22,88,True,1.0,1,0.824617862701416,0.24877862632274628,0.5513693690299988,0.022030800580978394
22,89,True,1.0,1,0.8246297836303711,0.24878409504890442,0.5514033436775208,0.022042782977223396
22,90,True,1.0,1,0.824641227722168,0.24878886342048645,0.5514081716537476,0.022044600918889046
22,91,True,1.0,1,0.8246362209320068,0.24878491461277008,0.5514160394668579,0.0220477394759655
22,92,True,1.0,1,0.8246437311172485,0.24878820776939392,0.55141681432724,0.022049563005566597
22,93,False,0.0,1,0.8202316761016846,0.26311546564102173,0.5663788318634033,0.029425008222460747
22,94,False,0.0,1,0.8187829256057739,0.2639503479003906,0.5666719675064087,0.02920663170516491
22,95,False,0.0,1,0.8172798752784729,0.26502856612205505,0.5664538741111755,0.028961757197976112
22,96,False,0.0,1,0.8158884048461914,0.2659930884838104,0.5663167834281921,0.028852881863713264
22,97,False,0.0,1,0.8145407438278198,0.26629915833473206,0.5662844777107239,0.028834447264671326
22,98,False,0.0,1,0.8137500286102295,0.26661399006843567,0.5660649538040161,0.02871641144156456
22,99,False,0.0,1,0.8130390048027039,0.26700299978256226,0.5659279823303223,0.028670938685536385
22,100,False,0.0,1,0.8118640780448914,0.26795145869255066,0.5655630826950073,0.028497911989688873
22,101,False,0.0,1,0.8106815814971924,0.2697685956954956,0.5652976036071777,0.02838517539203167
22,102,False,0.0,1,0.8103715777397156,0.27092036604881287,0.5649645328521729,0.02824409119784832
22,103,False,0.0,1,0.8101779222488403,0.27109143137931824,0.5653820037841797,0.028419161215424538
22,104,False,0.0,1,0.80940842628479,0.2711666226387024,0.5655524730682373,0.02849484607577324
22,105,False,0.0,1,0.8084275126457214,0.27161309123039246,0.5656914710998535,0.028557877987623215
22,106,False,0.0,1,0.8076665997505188,0.27195262908935547,0.5652551651000977,0.028368715196847916
22,107,False,0.0,1,0.8090499639511108,0.2713366746902466,0.56495201587677,0.02825254760682583
22,108,False,0.0,1,0.8099632263183594,0.270980566740036,0.5648016929626465,0.028185948729515076
22,109,False,0.0,1,0.8107518553733826,0.270712673664093,0.5648683309555054,0.028228217735886574
22,110,False,0.0,1,0.8109440803527832,0.27059444785118103,0.5645155906677246,0.028087114915251732
22,111,False,0.0,1,0.811798632144928,0.2700655460357666,0.5646299123764038,0.027944345027208328
22,112,False,0.0,1,0.8123451471328735,0.2696872651576996,0.5646556615829468,0.02797076478600502
22,113,False,0.0,1,0.8129677772521973,0.2691687047481537,0.5645711421966553,0.027963154017925262
22,114,False,0.0,1,0.8135988712310791,0.2685881555080414,0.5647890567779541,0.028034210205078125
22,115,False,0.0,1,0.8144064545631409,0.2683948278427124,0.5648947358131409,0.02806292101740837
22,116,False,0.0,1,0.8153392672538757,0.2678152620792389,0.5650331974029541,0.028095228597521782
22,117,False,0.0,1,0.8153234720230103,0.2676897644996643,0.5648823976516724,0.02803799882531166
22,118,False,0.0,1,0.8150129318237305,0.2676714062690735,0.5649892091751099,0.02807822823524475
22,119,False,0.0,1,0.8144161105155945,0.26745790243148804,0.5654534101486206,0.02795454114675522
22,120,False,0.0,1,0.8146498203277588,0.2666773796081543,0.5655710101127625,0.02798098884522915
22,121,False,0.0,1,0.8150892853736877,0.2659526765346527,0.5657449960708618,0.028042787685990334
22,122,False,0.0,1,0.8152958154678345,0.26540693640708923,0.5656591057777405,0.028003836050629616
22,123,False,0.0,1,0.8150316476821899,0.26459723711013794,0.5662137866020203,0.028213772922754288
22,124,False,0.0,1,0.8150668740272522,0.26410600543022156,0.5662937164306641,0.028279224410653114
23,0,False,0.0,0,0.7489972114562988,0.1761656105518341,0.5367391109466553,0.01860707812011242
23,1,False,0.0,1,0.8374712467193604,0.2504555583000183,0.567243218421936,0.02881937474012375
23,2,False,0.0,1,0.8387653231620789,0.24909371137619019,0.5676173567771912,0.02877749875187874
23,3,False,0.0,1,0.8396142721176147,0.24840709567070007,0.5677260756492615,0.02884015068411827
23,4,False,0.0,1,0.8395461440086365,0.2484665960073471,0.5676766037940979,0.028825782239437103
23,5,False,0.0,1,0.8391281366348267,0.24873311817646027,0.5673316717147827,0.02864743024110794
23,6,False,0.0,1,0.838713526725769,0.24909161031246185,0.5672683119773865,0.028568778187036514
23,7,False,0.0,1,0.8385770320892334,0.249034583568573,0.5668562650680542,0.02835743874311447
23,8,False,0.0,1,0.8384647369384766,0.24900570511817932,0.5665885806083679,0.028229517862200737
23,9,False,0.0,1,0.8383864164352417,0.24910777807235718,0.5664024949073792,0.02812081016600132
23,10,False,0.0,1,0.8379640579223633,0.2493213266134262,0.5664370059967041,0.027894601225852966
23,11,False,0.0,1,0.8375471830368042,0.24959060549736023,0.5664411783218384,0.02789456769824028
23,12,False,0.0,1,0.837456464767456,0.24950745701789856,0.5665386915206909,0.027962228283286095
23,13,False,0.0,1,0.8372859954833984,0.24957367777824402,0.5665557384490967,0.02799633890390396
23,14,False,0.0,1,0.836505651473999,0.24991752207279205,0.56672602891922,0.028054069727659225
23,15,False,0.0,1,0.8359153270721436,0.25025317072868347,0.5669335722923279,0.028131380677223206
23,16,False,0.0,1,0.8354636430740356,0.2505255341529846,0.5670292377471924,0.028137339279055595
23,17,False,0.0,1,0.83479905128479,0.2508845329284668,0.5670948028564453,0.02816980518400669
23,18,False,0.0,1,0.8344557285308838,0.25141239166259766,0.5672417879104614,0.02807597443461418
23,19,False,0.0,1,0.833438515663147,0.2521370053291321,0.5671279430389404,0.027984619140625
23,20,False,0.0,1,0.8316023349761963,0.2527458965778351,0.5669161677360535,0.027860580012202263
23,21,False,0.0,1,0.8305384516716003,0.2538565397262573,0.5668503642082214,0.027848228812217712
23,22,False,0.0,1,0.8299310207366943,0.2544037103652954,0.5667277574539185,0.02786153554916382
23,23,False,0.0,1,0.8279528617858887,0.2559870183467865,0.5663899779319763,0.02777417004108429
23,24,False,0.0,1,0.8265539407730103,0.2565245032310486,0.566369891166687,0.02779812552034855
23,25,False,0.0,1,0.8260161280632019,0.25759705901145935,0.5661675930023193,0.02774973027408123
23,26,False,0.0,1,0.8249623775482178,0.2584433853626251,0.5669059753417969,0.027998819947242737
23,27,False,0.0,1,0.8241207003593445,0.2594178318977356,0.5672511458396912,0.028099847957491875
23,28,False,0.0,1,0.8232598304748535,0.26027512550354004,0.5673518776893616,0.02808707393705845
23,29,False,0.0,1,0.8216935992240906,0.26139959692955017,0.5676188468933105,0.028106607496738434
23,30,False,0.0,1,0.8205167055130005,0.2621823251247406,0.568432092666626,0.02841680683195591
23,31,False,0.0,1,0.819133460521698,0.26280200481414795,0.5690597295761108,0.028622180223464966
23,32,False,0.0,1,0.8188949823379517,0.2629091739654541,0.5693396925926208,0.028752341866493225
23,33,False,0.0,1,0.8183810114860535,0.2631481885910034,0.5686909556388855,0.028480248525738716
23,34,False,0.0,1,0.8177851438522339,0.2630006968975067,0.5685379505157471,0.0284065380692482
23,35,False,0.0,1,0.8166942596435547,0.26295673847198486,0.5683407187461853,0.02837737649679184
23,36,False,0.0,1,0.815780520439148,0.2628723978996277,0.5686933994293213,0.028574172407388687
23,37,False,0.0,1,0.8154613971710205,0.26299113035202026,0.5683457255363464,0.028454476967453957
23,38,False,0.0,1,0.8152292370796204,0.26368144154548645,0.5677680969238281,0.02824278548359871
23,39,False,0.0,1,0.8156659603118896,0.26364198327064514,0.5670482516288757,0.027970563620328903
23,40,False,0.0,1,0.8156959414482117,0.26236772537231445,0.5672225952148438,0.02801997773349285
23,41,False,0.0,1,0.8164146542549133,0.26144325733184814,0.5666705369949341,0.02776009403169155
23,42,False,0.0,1,0.8165984749794006,0.2611072361469269,0.5665367245674133,0.027666987851262093
23,43,True,0.024822695180773735,1,0.816581666469574,0.26140904426574707,0.5663751363754272,0.02757846936583519
23,44,True,0.060283686965703964,1,0.8176811933517456,0.2602590322494507,0.5659747123718262,0.027419690042734146
23,45,True,0.09574468433856964,1,0.8185218572616577,0.25912103056907654,0.5661889910697937,0.027519578114151955
23,46,True,0.13120567798614502,1,0.8189598321914673,0.25784990191459656,0.5660444498062134,0.027360644191503525
23,47,True,0.1666666716337204,1,0.8237226009368896,0.2546652555465698,0.565245509147644,0.026975084096193314
23,48,True,0.20212766528129578,1,0.8252705931663513,0.25321733951568604,0.5649330615997314,0.026779137551784515
23,49,True,0.23758865892887115,1,0.8234332799911499,0.25374656915664673,0.5655514597892761,0.026992835104465485
23,50,True,0.27304965257644653,1,0.8225787878036499,0.25461044907569885,0.5655375719070435,0.02690502442419529
23,51,True,0.3085106313228607,1,0.8227433562278748,0.25416961312294006,0.5662151575088501,0.0272035114467144
23,52,True,0.3439716398715973,1,0.8230242133140564,0.2541443407535553,0.5658270716667175,0.026979787275195122
23,53,True,0.3794326186180115,1,0.8229039311408997,0.254687637090683,0.5659207105636597,0.026986733078956604
23,54,True,0.41489362716674805,1,0.8241653442382812,0.25354278087615967,0.5656583309173584,0.02687079645693302
23,55,True,0.45035460591316223,1,0.8259605169296265,0.25351303815841675,0.5651521682739258,0.026643332093954086
23,56,True,0.4858156144618988,1,0.827162504196167,0.2530384957790375,0.5642611980438232,0.026304785162210464
23,57,True,0.521276593208313,1,0.8262481689453125,0.25281351804733276,0.5633112192153931,0.025893062353134155
23,58,True,0.5567376017570496,1,0.8273919820785522,0.2527189552783966,0.5624518990516663,0.025337839499115944
23,59,True,0.5921986103057861,1,0.8263674974441528,0.2530266344547272,0.5632027387619019,0.02563309110701084
23,60,True,0.6276595592498779,1,0.8256406188011169,0.25326982140541077,0.5624156594276428,0.025350915268063545
23,61,True,0.6631205677986145,1,0.8246658444404602,0.25470054149627686,0.5620282888412476,0.025183485820889473
23,62,True,0.6985815763473511,1,0.8232045769691467,0.25502121448516846,0.5626581311225891,0.025372106581926346
23,63,True,0.7340425252914429,1,0.8234165906906128,0.254389226436615,0.5623854398727417,0.025215554982423782
23,64,True,0.7695035338401794,1,0.823332667350769,0.2547443211078644,0.5617902874946594,0.02494913339614868
23,65,True,0.804964542388916,1,0.8226076364517212,0.2543105185031891,0.5626574158668518,0.02527758479118347
23,66,True,0.8404255509376526,1,0.8229451179504395,0.2535603940486908,0.5625122785568237,0.025061676278710365
23,67,True,0.8758864998817444,1,0.8233986496925354,0.2522556781768799,0.5618290901184082,0.024720650166273117
23,68,True,0.911347508430481,1,0.8236402273178101,0.25127485394477844,0.5614466667175293,0.02446751669049263
23,69,True,0.9468085169792175,1,0.8236174583435059,0.25084012746810913,0.5604432821273804,0.023955397307872772
23,70,True,0.9822695255279541,1,0.8231427669525146,0.2510083317756653,0.5589276552200317,0.023293131962418556
23,71,True,1.0,1,0.8217965364456177,0.2531679570674896,0.5491844415664673,0.02032364159822464
23,72,True,1.0,1,0.8221269845962524,0.25201284885406494,0.5493085384368896,0.020478494465351105
23,73,True,1.0,1,0.8221397399902344,0.25171488523483276,0.5490729808807373,0.02051141858100891
23,74,True,1.0,1,0.8221595287322998,0.25150617957115173,0.548073410987854,0.0203635785728693
23,75,True,1.0,1,0.8220917582511902,0.2515292763710022,0.5479449033737183,0.020350903272628784
23,76,True,1.0,1,0.8220639824867249,0.25153660774230957,0.547881007194519,0.0203498937189579
23,77,True,1.0,1,0.8220428824424744,0.25153931975364685,0.5478426218032837,0.020352331921458244
23,78,True,1.0,1,0.8220428824424744,0.2515451908111572,0.5478166341781616,0.020349008962512016
23,79,True,1.0,1,0.8220404982566833,0.251545786857605,0.5477986931800842,0.02034514769911766
23,80,True,1.0,1,0.8220356106758118,0.25154104828834534,0.5477879047393799,0.020342964679002762
23,81,True,1.0,1,0.8220328688621521,0.2515418827533722,0.5477935075759888,0.0203428715467453
23,82,True,1.0,1,0.8221221566200256,0.2511272132396698,0.5469129085540771,0.02030791901051998
23,83,True,1.0,1,0.8220999836921692,0.25114870071411133,0.546920895576477,0.02029210887849331
23,84,True,1.0,1,0.8220893740653992,0.2511391341686249,0.5469330549240112,0.020291324704885483
23,85,True,1.0,1,0.8220911622047424,0.2511465847492218,0.5469323992729187,0.020287970080971718
23,86,True,1.0,1,0.8220871090888977,0.25114551186561584,0.5469325184822083,0.020287053659558296
23,87,True,1.0,1,0.8220866322517395,0.25115087628364563,0.5469275712966919,0.0202866792678833
23,88,True,1.0,1,0.8220952153205872,0.2511513829231262,0.5469194650650024,0.02028614655137062
23,89,True,1.0,1,0.8220871090888977,0.2511499524116516,0.5469186305999756,0.02028600499033928
23,90,True,1.0,1,0.8221625685691833,0.2507171928882599,0.5463418960571289,0.020246287807822227
23,91,True,1.0,1,0.8221436738967896,0.25074711441993713,0.546397864818573,0.02024625986814499
23,92,True,1.0,1,0.8221278786659241,0.2507759630680084,0.5463910698890686,0.020241566002368927
23,93,True,1.0,1,0.8221216797828674,0.2507793605327606,0.546401858329773,0.020237460732460022
23,94,True,1.0,1,0.8221201300621033,0.2507799565792084,0.5464152097702026,0.02024174854159355
23,95,True,1.0,1,0.8221169114112854,0.25078561902046204,0.5464043617248535,0.020239194855093956
23,96,True,1.0,1,0.822117030620575,0.25078269839286804,0.5464081764221191,0.02023915760219097
23,97,True,1.0,1,0.8221151232719421,0.250786691904068,0.5464099645614624,0.020240068435668945
23,98,True,1.0,1,0.8222795724868774,0.2503074109554291,0.5462957620620728,0.020248809829354286
23,99,True,1.0,1,0.8222454786300659,0.2503429055213928,0.5463088154792786,0.02024453692138195
23,100,True,1.0,1,0.8222290277481079,0.250352680683136,0.5463164448738098,0.02024807594716549
23,101,True,1.0,1,0.8222219944000244,0.2503684163093567,0.5463191270828247,0.020247524604201317
23,102,True,1.0,1,0.822218656539917,0.25037798285484314,0.5463277101516724,0.020250655710697174
23,103,True,1.0,1,0.8222167491912842,0.2503727674484253,0.5463342070579529,0.020250052213668823
23,104,True,1.0,1,0.8222092390060425,0.250369668006897,0.5463332533836365,0.020250622183084488
23,105,True,1.0,1,0.8222148418426514,0.2503713369369507,0.5463308095932007,0.020249143242836
23,106,False,0.0,1,0.8140439391136169,0.269615113735199,0.564298152923584,0.02632763981819153
23,107,False,0.0,1,0.8134462833404541,0.2686297595500946,0.5645909309387207,0.026190215721726418
23,108,False,0.0,1,0.8121795654296875,0.2691939175128937,0.564168393611908,0.025981774553656578
23,109,False,0.0,1,0.8118612170219421,0.2697103023529053,0.5639246702194214,0.025884227827191353
23,110,False,0.0,1,0.8115144968032837,0.2702794373035431,0.5637908577919006,0.02584574744105339
23,111,False,0.0,1,0.8110199570655823,0.2704179883003235,0.5639045238494873,0.02590024098753929
23,112,False,0.0,1,0.8109166622161865,0.2697453200817108,0.5640263557434082,0.026001691818237305
23,113,False,0.0,1,0.8108292818069458,0.2692781388759613,0.5640854835510254,0.026057878509163857
23,114,False,0.0,1,0.810021162033081,0.269317090511322,0.5640007257461548,0.02608996070921421
23,115,False,0.0,1,0.8094056248664856,0.26887404918670654,0.5637425184249878,0.026016509160399437
23,116,False,0.0,1,0.809201717376709,0.26856181025505066,0.563674807548523,0.02601003460586071
23,117,False,0.0,1,0.8090395927429199,0.26861703395843506,0.5637364387512207,0.026018811389803886
23,118,False,0.0,1,0.8088682293891907,0.26885730028152466,0.5639214515686035,0.026091765612363815
23,119,False,0.0,1,0.8085341453552246,0.26861268281936646,0.5639104843139648,0.026090547442436218
23,120,False,0.0,1,0.8083722591400146,0.2683306038379669,0.5639603137969971,0.026091961190104485
23,121,False,0.0,1,0.8084844350814819,0.2685009837150574,0.5638072490692139,0.026048697531223297
23,122,False,0.0,1,0.8086286783218384,0.26860350370407104,0.564056932926178,0.026115309447050095
23,123,False,0.0,1,0.8087629675865173,0.26867029070854187,0.5639721751213074,0.026051128283143044
23,124,False,0.0,1,0.8097490072250366,0.26848870515823364,0.5640584230422974,0.026060404255986214
23,125,False,0.0,1,0.8110336065292358,0.26719337701797485,0.5640292763710022,0.025963937863707542
23,126,False,0.0,1,0.8125381469726562,0.26653939485549927,0.5642645955085754,0.025987915694713593
23,127,False,0.0,1,0.8135395646095276,0.26647600531578064,0.564692497253418,0.026109034195542336
23,128,False,0.0,1,0.8140162229537964,0.26633957028388977,0.5645531415939331,0.02602425590157509
23,129,False,0.0,1,0.8137552738189697,0.26652467250823975,0.5646859407424927,0.026060305535793304
23,130,False,0.0,1,0.814031183719635,0.2668081521987915,0.5651761293411255,0.026332823559641838
23,131,False,0.0,1,0.8144066333770752,0.26726076006889343,0.5652782320976257,0.02636590413749218
23,132,False,0.0,1,0.8142529726028442,0.2677827775478363,0.5653152465820312,0.02635139785706997
23,133,False,0.0,1,0.8144588470458984,0.267497181892395,0.5655152797698975,0.026412544772028923
23,134,False,0.0,1,0.8155380487442017,0.26659947633743286,0.5655691623687744,0.026413269340991974
23,135,False,0.0,1,0.8161686658859253,0.26589030027389526,0.5654498338699341,0.026349151507019997
23,136,False,0.0,1,0.8165186643600464,0.26494160294532776,0.5654937028884888,0.026325648650527
23,137,False,0.0,1,0.8159884214401245,0.26475226879119873,0.5657414793968201,0.026409786194562912
23,138,False,0.0,1,0.8150310516357422,0.26493504643440247,0.5663508772850037,0.026670657098293304
23,139,False,0.0,1,0.8142428994178772,0.26399683952331543,0.5663407444953918,0.026639847084879875
23,140,False,0.0,1,0.8145525455474854,0.26380455493927,0.5662647485733032,0.02660149335861206
23,141,False,0.0,1,0.814572811126709,0.26386773586273193,0.5658438205718994,0.026422344148159027
24,0,False,0.0,0,0.7268221378326416,0.18124109506607056,0.533871054649353,0.015862086787819862
24,1,False,0.0,1,0.8327896595001221,0.2521394193172455,0.5662533640861511,0.026904957368969917
24,2,False,0.0,1,0.832786500453949,0.2521241009235382,0.5662503838539124,0.02691582962870598
24,3,False,0.0,1,0.8331130743026733,0.2513883709907532,0.5662055015563965,0.026873981580138206
24,4,False,0.0,1,0.8359934091567993,0.24979349970817566,0.5669780373573303,0.027241326868534088
24,5,False,0.0,1,0.8365628123283386,0.24968744814395905,0.5667440891265869,0.027184627950191498
24,6,False,0.0,1,0.8369218707084656,0.24956639111042023,0.5669010877609253,0.02723180130124092
24,7,False,0.0,1,0.836487889289856,0.24989531934261322,0.5671732425689697,0.027334412559866905
24,8,False,0.0,1,0.8364893198013306,0.2500841021537781,0.5675272941589355,0.027451852336525917
24,9,False,0.0,1,0.8368919491767883,0.25012943148612976,0.5678044557571411,0.027564087882637978
24,10,False,0.0,1,0.8369628190994263,0.2498553842306137,0.5677334070205688,0.02762809582054615
24,11,False,0.0,1,0.8371900320053101,0.24958962202072144,0.5672364234924316,0.027541114017367363
24,12,False,0.0,1,0.837559700012207,0.24948251247406006,0.567352294921875,0.027707116678357124
24,13,False,0.0,1,0.8373093605041504,0.24923819303512573,0.5671182870864868,0.027648895978927612
24,14,False,0.0,1,0.8368260860443115,0.2490813285112381,0.5670510530471802,0.027620835229754448
24,15,False,0.0,1,0.8369177579879761,0.24889588356018066,0.5668925642967224,0.027567606419324875
24,16,False,0.0,1,0.8370683789253235,0.2489989697933197,0.5667884349822998,0.027559449896216393
24,17,False,0.0,1,0.8362945318222046,0.24951371550559998,0.5669389963150024,0.027655458077788353
24,18,False,0.0,1,0.8356941342353821,0.2507309019565582,0.5671244859695435,0.027733849361538887
24,19,False,0.0,1,0.8359695076942444,0.25076818466186523,0.5666008591651917,0.027604730799794197
24,20,False,0.0,1,0.8354577422142029,0.2515754997730255,0.567645788192749,0.027903197333216667
24,21,False,0.0,1,0.8347197771072388,0.25258833169937134,0.5673291087150574,0.027770623564720154
24,22,False,0.0,1,0.8352155685424805,0.25279420614242554,0.5672310590744019,0.027742832899093628
24,23,False,0.0,1,0.8344018459320068,0.25337958335876465,0.5671406984329224,0.027691474184393883
24,24,False,0.0,1,0.8334014415740967,0.25437575578689575,0.5673754811286926,0.027774328365921974
24,25,False,0.0,1,0.8306031823158264,0.25655147433280945,0.5673764944076538,0.02782319113612175
24,26,False,0.0,1,0.8299399614334106,0.257232666015625,0.56760573387146,0.027888232842087746
24,27,False,0.0,1,0.8265113830566406,0.25845709443092346,0.5673322677612305,0.027786830440163612
24,28,False,0.0,1,0.8242318630218506,0.259778767824173,0.5680242776870728,0.02813553251326084
24,29,False,0.0,1,0.8226512670516968,0.26064130663871765,0.5682470798492432,0.028159014880657196
24,30,False,0.0,1,0.8215575218200684,0.26172852516174316,0.5684173107147217,0.028233077377080917
24,31,False,0.0,1,0.8203734159469604,0.26389938592910767,0.5688002109527588,0.028359247371554375
24,32,False,0.0,1,0.8189430832862854,0.265576034784317,0.56904137134552,0.028385117650032043
24,33,False,0.0,1,0.8172727823257446,0.2677752375602722,0.5685087442398071,0.028150649741292
24,34,False,0.0,1,0.8166153430938721,0.26840367913246155,0.5682978630065918,0.028032157570123672
24,35,False,0.0,1,0.8162173628807068,0.26780980825424194,0.5685069561004639,0.028017807751893997
24,36,False,0.0,1,0.8160095810890198,0.2681161165237427,0.5685420036315918,0.028113435953855515
24,37,False,0.0,1,0.8153436183929443,0.2686629593372345,0.5684010982513428,0.02802220918238163
24,38,False,0.0,1,0.8135969638824463,0.26890692114830017,0.56849604845047,0.028052324429154396
24,39,False,0.0,1,0.8134435415267944,0.26857781410217285,0.5686048269271851,0.02812032774090767
24,40,False,0.0,1,0.8140941262245178,0.26709336042404175,0.5682761669158936,0.027957450598478317
24,41,False,0.0,1,0.8154930472373962,0.26509106159210205,0.5686365365982056,0.028038788586854935
24,42,True,0.021739130839705467,1,0.8165296316146851,0.2640525996685028,0.568058967590332,0.02785928174853325
24,43,True,0.05797101557254791,1,0.8171694278717041,0.26302844285964966,0.5685465931892395,0.02797611989080906
24,44,True,0.09420289844274521,1,0.8174759149551392,0.26277410984039307,0.5684471130371094,0.02808614820241928
24,45,True,0.1304347813129425,1,0.8174859285354614,0.26275184750556946,0.5682138800621033,0.027980994433164597
24,46,True,0.1666666716337204,1,0.8172828555107117,0.26244938373565674,0.5682743787765503,0.02795472927391529
24,47,True,0.2028985470533371,1,0.8168777227401733,0.2624533772468567,0.568716287612915,0.028073720633983612
24,48,True,0.239130437374115,1,0.8165183663368225,0.26290783286094666,0.5692182779312134,0.02825152687728405
24,49,True,0.2753623127937317,1,0.8163079023361206,0.26390522718429565,0.5685697793960571,0.02801554463803768
24,50,True,0.3115941882133484,1,0.8158456683158875,0.26598137617111206,0.5679885745048523,0.027772555127739906
24,51,True,0.3478260934352875,1,0.8146085143089294,0.2673994302749634,0.5677529573440552,0.02764146402478218
24,52,True,0.3840579688549042,1,0.8132291436195374,0.2689291834831238,0.5681923627853394,0.02814127318561077
24,53,True,0.4202898442745209,1,0.813111424446106,0.26876628398895264,0.5681138038635254,0.028105122968554497
24,54,True,0.45652174949645996,1,0.8136066198348999,0.2684936225414276,0.5679844617843628,0.02805333398282528
24,55,True,0.49275362491607666,1,0.813693642616272,0.26827967166900635,0.5673667192459106,0.0278924610465765
24,56,True,0.5289855003356934,1,0.8156540393829346,0.26727294921875,0.5666019916534424,0.02759436145424843
24,57,True,0.5652173757553101,1,0.8154839277267456,0.2670391798019409,0.5671194195747375,0.02783629670739174
24,58,True,0.6014492511749268,1,0.8166968822479248,0.2643534541130066,0.5656114220619202,0.02723388932645321
24,59,True,0.6376811861991882,1,0.8180781602859497,0.26239094138145447,0.5642848610877991,0.026739878579974174
24,60,True,0.6739130616188049,1,0.8189820647239685,0.2612845301628113,0.5646387934684753,0.02702779322862625
24,61,True,0.7101449370384216,1,0.8189586997032166,0.2610418200492859,0.5647751092910767,0.027144523337483406
24,62,True,0.7463768124580383,1,0.8185665607452393,0.26077398657798767,0.5654991865158081,0.02739177644252777
24,63,True,0.782608687877655,1,0.8181723952293396,0.25917714834213257,0.5660861730575562,0.027545932680368423
24,64,True,0.8188405632972717,1,0.819515585899353,0.2575063109397888,0.5659316778182983,0.02740952931344509
24,65,True,0.8550724387168884,1,0.8207532167434692,0.2530021667480469,0.5662655830383301,0.027530217543244362
24,66,True,0.8913043737411499,1,0.821225643157959,0.24991005659103394,0.566017746925354,0.027368756011128426
24,67,True,0.9275362491607666,1,0.8211033344268799,0.24922995269298553,0.5656588077545166,0.027128683403134346
24,68,True,0.9637681245803833,1,0.8230432271957397,0.2462843507528305,0.5645838975906372,0.026578377932310104
24,69,True,1.0,1,0.822522759437561,0.24661561846733093,0.5516766309738159,0.021417906507849693
24,70,True,1.0,1,0.8231490254402161,0.24345828592777252,0.5520721673965454,0.021577760577201843
24,71,True,1.0,1,0.8232301473617554,0.24274690449237823,0.5519089102745056,0.02157372608780861
24,72,True,1.0,1,0.8232543468475342,0.24271728098392487,0.551737904548645,0.021548468619585037
24,73,True,1.0,1,0.8232252597808838,0.24278457462787628,0.5516111850738525,0.02153587155044079
24,74,True,1.0,1,0.8231877088546753,0.24285350739955902,0.5515737533569336,0.021528227254748344
24,75,True,1.0,1,0.8231947422027588,0.2428732067346573,0.5515313744544983,0.021520061418414116
24,76,True,1.0,1,0.8232066631317139,0.24153293669223785,0.5517088174819946,0.021559717133641243
24,77,True,1.0,1,0.823178231716156,0.24153263866901398,0.5517450571060181,0.021570447832345963
24,78,True,1.0,1,0.8231815695762634,0.24153316020965576,0.5517666339874268,0.021576344966888428
24,79,True,1.0,1,0.8231807351112366,0.24153301119804382,0.5517810583114624,0.021582184359431267
24,80,True,1.0,1,0.8231802582740784,0.24154002964496613,0.5517863035202026,0.021582746878266335
24,81,True,1.0,1,0.8231826424598694,0.2415381222963333,0.5517864227294922,0.021582795307040215
24,82,True,1.0,1,0.8231857419013977,0.24153821170330048,0.5517886877059937,0.021582655608654022
24,83,True,1.0,1,0.8231855034828186,0.24153825640678406,0.5517877340316772,0.021581849083304405
24,84,True,1.0,1,0.8230046033859253,0.2389327734708786,0.5520353317260742,0.021536078304052353
24,85,True,1.0,1,0.8230116367340088,0.23896732926368713,0.5520724058151245,0.021543817594647408
24,86,True,1.0,1,0.8230100870132446,0.2390034943819046,0.5520789623260498,0.021546535193920135
24,87,True,1.0,1,0.8229986429214478,0.23899845778942108,0.552085816860199,0.021548781543970108
24,88,True,1.0,1,0.8230074644088745,0.23901472985744476,0.5520864129066467,0.021549547091126442
24,89,True,1.0,1,0.82300865650177,0.23901498317718506,0.5520883798599243,0.021548785269260406
24,90,True,1.0,1,0.8230026960372925,0.23900777101516724,0.5520961284637451,0.021549571305513382
24,91,True,1.0,1,0.8229924440383911,0.23900151252746582,0.5520960092544556,0.021549835801124573
24,92,True,1.0,1,0.8231041431427002,0.23983532190322876,0.5523139238357544,0.021458320319652557
24,93,True,1.0,1,0.8230239152908325,0.23995162546634674,0.55234295129776,0.021465452387928963
24,94,True,1.0,1,0.8229891061782837,0.24003943800926208,0.5523557662963867,0.021470414474606514
24,95,True,1.0,1,0.8229836225509644,0.24005450308322906,0.5523508787155151,0.021471934393048286
24,96,True,1.0,1,0.8229808807373047,0.24007418751716614,0.5523535013198853,0.021470841020345688
24,97,True,1.0,1,0.8229745626449585,0.24006535112857819,0.5523542165756226,0.021472297608852386
24,98,True,1.0,1,0.8229762315750122,0.24006491899490356,0.5523513555526733,0.021470319479703903
24,99,True,1.0,1,0.8229774236679077,0.24006645381450653,0.5523508787155151,0.021471381187438965
24,100,True,1.0,1,0.8229169845581055,0.24458196759223938,0.5528969764709473,0.021398931741714478
24,101,True,1.0,1,0.822833776473999,0.24467754364013672,0.5528864860534668,0.021400567144155502
24,102,True,1.0,1,0.822790265083313,0.24470850825309753,0.5528784990310669,0.021403813734650612
24,103,True,1.0,1,0.8227864503860474,0.24472759664058685,0.552879810333252,0.02140626683831215
24,104,False,0.0,1,0.8152806758880615,0.2708958387374878,0.5676733255386353,0.028999656438827515
24,105,False,0.0,1,0.8144160509109497,0.2714892029762268,0.5677027702331543,0.028745261952280998
24,106,False,0.0,1,0.8139134049415588,0.2712123394012451,0.5669121146202087,0.028348272666335106
24,107,False,0.0,1,0.8136262893676758,0.27121683955192566,0.5664892196655273,0.02815639041364193
24,108,False,0.0,1,0.8142661452293396,0.27144336700439453,0.5663772225379944,0.028040984645485878
24,109,False,0.0,1,0.814315140247345,0.27120229601860046,0.5665963888168335,0.02813878282904625
24,110,False,0.0,1,0.8136368989944458,0.2714114189147949,0.5670565962791443,0.028225185349583626
24,111,False,0.0,1,0.8127176761627197,0.2715316116809845,0.5673156976699829,0.028312087059020996
24,112,False,0.0,1,0.8118387460708618,0.2718113660812378,0.5672558546066284,0.028247669339179993
24,113,False,0.0,1,0.8105014562606812,0.27215510606765747,0.5673062205314636,0.028258254751563072
24,114,False,0.0,1,0.8095569610595703,0.2726566195487976,0.5677170753479004,0.028412139043211937
24,115,False,0.0,1,0.8087528944015503,0.2724740505218506,0.5679925680160522,0.028492240235209465
24,116,False,0.0,1,0.8084454536437988,0.2723006010055542,0.5682792663574219,0.0284877959638834
24,117,False,0.0,1,0.8084954023361206,0.27170464396476746,0.5684832334518433,0.028548400849103928
24,118,False,0.0,1,0.8083479404449463,0.271208256483078,0.5684906840324402,0.02854704111814499
24,119,False,0.0,1,0.8083511590957642,0.27087724208831787,0.5686963796615601,0.028639517724514008
24,120,False,0.0,1,0.8086045980453491,0.2711372971534729,0.5687798857688904,0.028690781444311142
24,121,False,0.0,1,0.8089258074760437,0.2713976800441742,0.5687821507453918,0.02868429571390152
24,122,False,0.0,1,0.8093143105506897,0.2713651657104492,0.5691059827804565,0.028848793357610703
24,123,False,0.0,1,0.8101306557655334,0.27089810371398926,0.5688649415969849,0.028753753751516342
24,124,False,0.0,1,0.8109915256500244,0.27040213346481323,0.5691885948181152,0.028869908303022385
24,125,False,0.0,1,0.8114789724349976,0.2702220678329468,0.5693556070327759,0.028970953077077866
24,126,False,0.0,1,0.8126200437545776,0.26962849497795105,0.5695299506187439,0.02904720976948738
24,127,False,0.0,1,0.8133529424667358,0.2693767249584198,0.5697759389877319,0.029143450781702995
24,128,False,0.0,1,0.8134351372718811,0.26887938380241394,0.5696966648101807,0.0290879774838686
24,129,False,0.0,1,0.8122912645339966,0.2683201730251312,0.5694093704223633,0.029015958309173584
24,130,False,0.0,1,0.8130531311035156,0.26828259229660034,0.5689601302146912,0.028761502355337143
24,131,False,0.0,1,0.8150537014007568,0.26826053857803345,0.5686438083648682,0.028595490381121635
24,132,False,0.0,1,0.8161377310752869,0.26806414127349854,0.5690049529075623,0.028702151030302048
24,133,False,0.0,1,0.8166605830192566,0.2678474187850952,0.5692250728607178,0.028813812881708145
24,134,False,0.0,1,0.817498505115509,0.26725688576698303,0.56916743516922,0.028821663931012154
24,135,False,0.0,1,0.8177554607391357,0.2671746611595154,0.5691405534744263,0.028820404782891273
24,136,False,0.0,1,0.818004310131073,0.26702412962913513,0.5689769983291626,0.028806835412979126
24,137,False,0.0,1,0.8177044987678528,0.26707813143730164,0.5688364505767822,0.02879468910396099
24,138,False,0.0,1,0.817253828048706,0.2674489915370941,0.5687889456748962,0.02881329320371151
25,0,False,0.0,0,0.7542576789855957,0.17343072593212128,0.53749680519104,0.01864803582429886
25,1,False,0.0,1,0.8407667875289917,0.24845795333385468,0.5710417032241821,0.029813241213560104
25,2,False,0.0,1,0.840948760509491,0.24837853014469147,0.5710172653198242,0.02982170879840851
25,3,False,0.0,1,0.8416304588317871,0.24792654812335968,0.571043074131012,0.029821598902344704
25,4,False,0.0,1,0.84284508228302,0.24703466892242432,0.5711632370948792,0.029904454946517944
25,5,False,0.0,1,0.8429098129272461,0.24699346721172333,0.571378231048584,0.029992083087563515
25,6,False,0.0,1,0.8427424430847168,0.2472812384366989,0.5714306831359863,0.03002741001546383
25,7,False,0.0,1,0.8421741724014282,0.24757526814937592,0.5713638067245483,0.030005475506186485
25,8,False,0.0,1,0.8425585031509399,0.247645765542984,0.5709301233291626,0.029840940609574318
25,9,False,0.0,1,0.84241783618927,0.24793140590190887,0.5702884793281555,0.029502443969249725
25,10,False,0.0,1,0.8429648280143738,0.24789802730083466,0.5699970126152039,0.029391326010227203
25,11,False,0.0,1,0.8434802293777466,0.24817121028900146,0.5701451301574707,0.029440689831972122
25,12,False,0.0,1,0.8435451984405518,0.24836568534374237,0.570206880569458,0.02949753776192665
25,13,False,0.0,1,0.8430827856063843,0.2488626390695572,0.570328950881958,0.029538480564951897
25,14,False,0.0,1,0.8423351049423218,0.24960292875766754,0.5702508091926575,0.02951062098145485
25,15,False,0.0,1,0.8420107364654541,0.2499677538871765,0.570470929145813,0.029603468254208565
25,16,False,0.0,1,0.8413610458374023,0.25056758522987366,0.5705059766769409,0.02956443466246128
25,17,False,0.0,1,0.8408609628677368,0.25095558166503906,0.5699644088745117,0.0293122585862875
25,18,False,0.0,1,0.8401669263839722,0.2513677179813385,0.5699840784072876,0.029287708923220634
25,19,False,0.0,1,0.8389242887496948,0.25219976902008057,0.5698716640472412,0.029231281951069832
25,20,False,0.0,1,0.8378220796585083,0.2527149021625519,0.5697100162506104,0.029145192354917526
25,21,False,0.0,1,0.8363475799560547,0.253918319940567,0.5696114301681519,0.029071176424622536
25,22,False,0.0,1,0.8352490067481995,0.254778653383255,0.5694633722305298,0.028972094878554344
25,23,False,0.0,1,0.8338392972946167,0.2556960880756378,0.5695079565048218,0.029031364247202873
25,24,False,0.0,1,0.8327416181564331,0.2560504078865051,0.5691397190093994,0.02892015129327774
25,25,False,0.0,1,0.8310109972953796,0.2569875121116638,0.5688105821609497,0.028788074851036072
25,26,False,0.0,1,0.8302503228187561,0.2575077414512634,0.5690828561782837,0.028885215520858765
25,27,False,0.0,1,0.8286087512969971,0.2586039900779724,0.5691215991973877,0.028907593339681625
25,28,False,0.0,1,0.8274627923965454,0.2595519423484802,0.5695582628250122,0.029155198484659195
25,29,False,0.0,1,0.8269373774528503,0.2608066499233246,0.5690392255783081,0.028890414163470268
25,30,False,0.0,1,0.826479434967041,0.2617017924785614,0.5688579082489014,0.028811097145080566
25,31,False,0.0,1,0.8254063129425049,0.26239877939224243,0.5689948201179504,0.028936756774783134
25,32,False,0.0,1,0.8251678943634033,0.26276731491088867,0.569005012512207,0.028969811275601387
25,33,False,0.0,1,0.8245531320571899,0.26403167843818665,0.568595290184021,0.02866368740797043
25,34,False,0.0,1,0.8232097625732422,0.2656310498714447,0.5687634944915771,0.02870650216937065
25,35,False,0.0,1,0.8215593695640564,0.2669704854488373,0.5686397552490234,0.02861110493540764
25,36,False,0.0,1,0.8203041553497314,0.2679097056388855,0.5685939788818359,0.02855534851551056
25,37,True,0.008064515888690948,1,0.8198421001434326,0.26880139112472534,0.5689194798469543,0.028560901060700417
25,38,True,0.04471544548869133,1,0.8186503052711487,0.2676830589771271,0.5682843923568726,0.028229111805558205
25,39,True,0.08536585420370102,1,0.8189843893051147,0.2671000063419342,0.5674692392349243,0.02788425423204899
25,40,True,0.1260162591934204,1,0.8184638619422913,0.2670837342739105,0.5670013427734375,0.027722464874386787
25,41,True,0.1666666716337204,1,0.817763090133667,0.2667904496192932,0.5673948526382446,0.02767634019255638
25,42,True,0.2073170691728592,1,0.8201955556869507,0.261567622423172,0.5688910484313965,0.02809179574251175
25,43,True,0.24796748161315918,1,0.8180075883865356,0.2637600898742676,0.5686802268028259,0.027971694245934486
25,44,True,0.288617879152298,1,0.8174096941947937,0.2647179961204529,0.5687042474746704,0.028075912967324257
25,45,True,0.32926830649375916,1,0.8181495666503906,0.26256999373435974,0.5683891773223877,0.02789340540766716
25,46,True,0.36991870403289795,1,0.8195904493331909,0.2603338360786438,0.568366289138794,0.02786572463810444
25,47,True,0.41056910157203674,1,0.8213386535644531,0.2585010230541229,0.5673270225524902,0.027378026396036148
25,48,True,0.45121949911117554,1,0.8226829767227173,0.25752925872802734,0.5673503875732422,0.02734105847775936
25,49,True,0.4918699264526367,1,0.8241023421287537,0.25661906599998474,0.5674853324890137,0.027289414778351784
25,50,True,0.5325203537940979,1,0.8246638774871826,0.25611069798469543,0.5669995546340942,0.02703998051583767
25,51,True,0.5731707215309143,1,0.825320839881897,0.2559753954410553,0.5676358938217163,0.027261801064014435
25,52,True,0.6138211488723755,1,0.8244152069091797,0.25697267055511475,0.5675090551376343,0.027205796912312508
25,53,True,0.6544715166091919,1,0.8249298334121704,0.25512105226516724,0.567194402217865,0.02702222391963005
25,54,True,0.6951219439506531,1,0.8260421752929688,0.2532479763031006,0.5666519999504089,0.026765525341033936
25,55,True,0.7357723712921143,1,0.8262278437614441,0.25246551632881165,0.566745400428772,0.026772812008857727
25,56,True,0.7764227390289307,1,0.8259873986244202,0.25254589319229126,0.5664198398590088,0.026570890098810196
25,57,True,0.8170731663703918,1,0.8260738849639893,0.2519814968109131,0.5665144920349121,0.02649165317416191
25,58,True,0.857723593711853,1,0.8262465596199036,0.2521685063838959,0.5663284063339233,0.02639475278556347
25,59,True,0.8983739614486694,1,0.8269970417022705,0.25200432538986206,0.5665305852890015,0.026418207213282585
25,60,True,0.9390243887901306,1,0.8282448053359985,0.25084802508354187,0.5660586357116699,0.02616659179329872
25,61,True,0.9796748161315918,1,0.8265775442123413,0.2510582208633423,0.5657787919044495,0.025828847661614418
25,62,True,1.0,1,0.8232300281524658,0.25320735573768616,0.561286449432373,0.023606248199939728
25,63,True,1.0,1,0.8233634829521179,0.2524583041667938,0.5617831945419312,0.02387644723057747
25,64,True,1.0,1,0.8232864141464233,0.25240379571914673,0.5618271827697754,0.023939460515975952
25,65,True,1.0,1,0.8230777978897095,0.25248757004737854,0.5618308782577515,0.023998413234949112
25,66,True,1.0,1,0.8230394124984741,0.25253549218177795,0.5617494583129883,0.023972075432538986
25,67,True,1.0,1,0.8229864835739136,0.2525642216205597,0.5617026090621948,0.023954588919878006
25,68,True,1.0,1,0.8229846954345703,0.25257211923599243,0.5616628527641296,0.02394452691078186
25,69,True,1.0,1,0.822978138923645,0.2525762915611267,0.5616602897644043,0.023945819586515427
25,70,True,1.0,1,0.8229748010635376,0.25258198380470276,0.5616458654403687,0.02393990382552147
25,71,True,1.0,1,0.8229717016220093,0.2525843381881714,0.5616387128829956,0.023938124999403954
25,72,True,1.0,1,0.8229695558547974,0.2525882422924042,0.5616340637207031,0.023936988785862923
25,73,True,1.0,1,0.823006808757782,0.2523278295993805,0.5616015195846558,0.023996641859412193
25,74,True,1.0,1,0.8230160474777222,0.2523191571235657,0.5615552663803101,0.023975271731615067
25,75,True,1.0,1,0.8230136632919312,0.25231456756591797,0.561532735824585,0.023956796154379845
25,76,True,1.0,1,0.8230150938034058,0.25231361389160156,0.561518669128418,0.02394842728972435
25,77,True,1.0,1,0.8230258226394653,0.25232014060020447,0.5615233182907104,0.023952770978212357
25,78,True,1.0,1,0.8230246305465698,0.2523174285888672,0.5615176558494568,0.023949280381202698
25,79,True,1.0,1,0.8230270147323608,0.2523197531700134,0.5615134835243225,0.023947108536958694
25,80,True,1.0,1,0.8230253458023071,0.25231945514678955,0.5615132451057434,0.023947833105921745
25,81,True,1.0,1,0.8230235576629639,0.25217849016189575,0.5613819360733032,0.02398417890071869
25,82,True,1.0,1,0.823039174079895,0.252155065536499,0.5613124966621399,0.02395911142230034
25,83,True,1.0,1,0.8230400681495667,0.2521296441555023,0.5612858533859253,0.023939834907650948
25,84,True,1.0,1,0.8230445384979248,0.25213536620140076,0.5612666010856628,0.02393644116818905
25,85,True,1.0,1,0.8230420351028442,0.2521255910396576,0.5612599849700928,0.02393086440861225
25,86,True,1.0,1,0.8230432271957397,0.25211912393569946,0.5612590312957764,0.02393008954823017
25,87,True,1.0,1,0.8230406045913696,0.2521195709705353,0.5612591505050659,0.023929597809910774
25,88,True,1.0,1,0.8230416774749756,0.2521187961101532,0.5612550973892212,0.02392749860882759
25,89,True,1.0,1,0.8231409788131714,0.2513834536075592,0.5609226822853088,0.023733042180538177
25,90,True,1.0,1,0.8231483697891235,0.2513182461261749,0.5608714818954468,0.023734625428915024
25,91,True,1.0,1,0.823146641254425,0.25130075216293335,0.5608627796173096,0.023735307157039642
25,92,True,1.0,1,0.8231502175331116,0.25129249691963196,0.5608497262001038,0.02373170666396618
25,93,False,0.0,1,0.8242826461791992,0.264116108417511,0.5667353868484497,0.026778897270560265
25,94,False,0.0,1,0.8235960006713867,0.2645869255065918,0.5666013956069946,0.02669478952884674
25,95,False,0.0,1,0.8217371702194214,0.26573094725608826,0.565963625907898,0.026402190327644348
25,96,False,0.0,1,0.820120096206665,0.2669360339641571,0.5661437511444092,0.02643566206097603
25,97,False,0.0,1,0.8191428184509277,0.26767101883888245,0.5655758380889893,0.02615819312632084
25,98,False,0.0,1,0.8182322382926941,0.2684786915779114,0.5656278133392334,0.02619710937142372
25,99,False,0.0,1,0.8172839879989624,0.26924192905426025,0.5654159188270569,0.026067234575748444
25,100,False,0.0,1,0.8156882524490356,0.2706262767314911,0.565895676612854,0.026218952611088753
25,101,False,0.0,1,0.8145124912261963,0.27139878273010254,0.5657212138175964,0.026169274002313614
25,102,False,0.0,1,0.8131003379821777,0.2723578214645386,0.56571364402771,0.02614642307162285
25,103,False,0.0,1,0.8121325969696045,0.27295148372650146,0.5658243894577026,0.026186451315879822
25,104,False,0.0,1,0.81108558177948,0.2734740972518921,0.5657516121864319,0.026147862896323204
25,105,False,0.0,1,0.8098547458648682,0.27474305033683777,0.5656231641769409,0.026036042720079422
25,106,False,0.0,1,0.8092648983001709,0.27579566836357117,0.5655511617660522,0.026003293693065643
25,107,False,0.0,1,0.8082476854324341,0.27633044123649597,0.565863847732544,0.026085171848535538
25,108,False,0.0,1,0.8080559968948364,0.27619779109954834,0.5660309195518494,0.02612811140716076
25,109,False,0.0,1,0.8080731630325317,0.2759094834327698,0.5659867525100708,0.026119275018572807
25,110,False,0.0,1,0.8083274364471436,0.2757580578327179,0.5660167932510376,0.02614891342818737
25,111,False,0.0,1,0.8086806535720825,0.2755087912082672,0.5659391283988953,0.026127954944968224
25,112,False,0.0,1,0.8092745542526245,0.2748941481113434,0.5657819509506226,0.026108944788575172
25,113,False,0.0,1,0.8098306059837341,0.2742905914783478,0.5661938190460205,0.026206232607364655
25,114,False,0.0,1,0.8107495903968811,0.27412134408950806,0.5660603046417236,0.026211299002170563
25,115,False,0.0,1,0.8115473985671997,0.27400025725364685,0.565899133682251,0.026172054931521416
25,116,False,0.0,1,0.8117625117301941,0.2736548185348511,0.5659040212631226,0.026175688952207565
25,117,False,0.0,1,0.8115400075912476,0.2735785245895386,0.5658977031707764,0.026178063824772835
25,118,False,0.0,1,0.8114044666290283,0.2734651267528534,0.5658533573150635,0.02617766708135605
25,119,False,0.0,1,0.8115040063858032,0.2733493149280548,0.5657564997673035,0.02614663355052471
25,120,False,0.0,1,0.8115993142127991,0.272987425327301,0.5657771229743958,0.026130639016628265
25,121,False,0.0,1,0.8136948347091675,0.27069684863090515,0.5661920309066772,0.026217922568321228
25,122,False,0.0,1,0.8151440620422363,0.26974618434906006,0.5664142370223999,0.026255402714014053
25,123,False,0.0,1,0.8155949115753174,0.2694198191165924,0.5664933919906616,0.02626272849738598
26,0,False,0.0,0,0.7514177560806274,0.1903761923313141,0.5359669923782349,0.015920378267765045
26,1,False,0.0,1,0.8351980447769165,0.2549840807914734,0.5679667592048645,0.026606548577547073
26,2,False,0.0,1,0.8352240324020386,0.25476932525634766,0.5680086612701416,0.026624128222465515
26,3,False,0.0,1,0.8351929187774658,0.2548927664756775,0.5680545568466187,0.026633504778146744
26,4,False,0.0,1,0.8360310792922974,0.2543169856071472,0.568132758140564,0.026644501835107803
26,5,False,0.0,1,0.8369598388671875,0.253665030002594,0.5687222480773926,0.02689165621995926
26,6,False,0.0,1,0.8368116617202759,0.25360313057899475,0.5686616897583008,0.02691970020532608
26,7,False,0.0,1,0.8362714648246765,0.25347715616226196,0.5687211751937866,0.026928357779979706
26,8,False,0.0,1,0.8352503776550293,0.2541228234767914,0.5685113668441772,0.02689955197274685
26,9,False,0.0,1,0.8347142934799194,0.25432223081588745,0.5680850744247437,0.026723476126790047
26,10,False,0.0,1,0.8342940807342529,0.2547628581523895,0.5680103302001953,0.026675181463360786
26,11,False,0.0,1,0.8329732418060303,0.2554282546043396,0.5680519342422485,0.026659181341528893
26,12,False,0.0,1,0.8308312892913818,0.25639522075653076,0.5680458545684814,0.026627030223608017
26,13,False,0.0,1,0.8288797736167908,0.25743070244789124,0.5691210031509399,0.027088584378361702
26,14,False,0.0,1,0.8262979388237,0.2589031159877777,0.5690323710441589,0.027083024382591248
26,15,False,0.0,1,0.8242729306221008,0.2601931393146515,0.5685980319976807,0.026922162622213364
26,16,False,0.0,1,0.8225264549255371,0.26241981983184814,0.5688354969024658,0.026960743591189384
26,17,False,0.0,1,0.8207183480262756,0.26438039541244507,0.5689108371734619,0.026971036568284035
26,18,False,0.0,1,0.8188716769218445,0.26637208461761475,0.5693919658660889,0.027181321755051613
26,19,False,0.0,1,0.8169487714767456,0.2685166895389557,0.5694618821144104,0.027184076607227325
26,20,False,0.0,1,0.8155003786087036,0.2697116732597351,0.5691372156143188,0.027027472853660583
26,21,False,0.0,1,0.8148954510688782,0.2702121436595917,0.5701582431793213,0.027547264471650124
26,22,False,0.0,1,0.8140767812728882,0.2704439163208008,0.5702852010726929,0.02759401872754097
26,23,False,0.0,1,0.8133785128593445,0.27070188522338867,0.5711632370948792,0.027875924482941628
26,24,False,0.0,1,0.8133096694946289,0.27033868432044983,0.5713242292404175,0.02795322984457016
26,25,False,0.0,1,0.8119361400604248,0.2721502184867859,0.5709574222564697,0.02781493589282036
26,26,False,0.0,1,0.8107696771621704,0.2741990387439728,0.5708132386207581,0.02772778458893299
26,27,False,0.0,1,0.8100799322128296,0.27550703287124634,0.5705772042274475,0.027645576745271683
26,28,False,0.0,1,0.8090221881866455,0.27675095200538635,0.57074373960495,0.02771238423883915
26,29,False,0.0,1,0.8087099194526672,0.27730312943458557,0.5714120864868164,0.02813177928328514
26,30,False,0.0,1,0.8082841634750366,0.2779562175273895,0.5714566707611084,0.028197238221764565
26,31,False,0.0,1,0.8083347678184509,0.27847757935523987,0.5714961290359497,0.028256872668862343
26,32,False,0.0,1,0.8082771301269531,0.27913898229599,0.5714242458343506,0.02825947478413582
26,33,False,0.0,1,0.8084970116615295,0.27913525700569153,0.571179986000061,0.02819317765533924
26,34,False,0.0,1,0.8088507056236267,0.2786492109298706,0.5713627338409424,0.028300367295742035
26,35,True,0.021739130839705467,1,0.8093532919883728,0.2774127423763275,0.5718874931335449,0.028572669252753258
26,36,True,0.06521739065647125,1,0.8151366114616394,0.27132490277290344,0.573441743850708,0.029219334945082664
26,37,True,0.10869564861059189,1,0.8142915964126587,0.269170880317688,0.5729144215583801,0.029161162674427032
26,38,True,0.15217390656471252,1,0.8138365149497986,0.26523399353027344,0.5712605714797974,0.028518902137875557
26,39,True,0.19565217196941376,1,0.8167223334312439,0.2589917778968811,0.5710921883583069,0.02836574986577034
26,40,True,0.239130437374115,1,0.8190330266952515,0.25401848554611206,0.5713710188865662,0.028452124446630478
26,41,True,0.28260868787765503,1,0.8207058906555176,0.2523162066936493,0.5710362195968628,0.028359992429614067
26,42,True,0.32608696818351746,1,0.8215055465698242,0.2502688765525818,0.570223331451416,0.028035486117005348
26,43,True,0.3695652186870575,1,0.8216581344604492,0.25045686960220337,0.569807767868042,0.027919311076402664
26,44,True,0.41304346919059753,1,0.82121741771698,0.2515290677547455,0.5692387223243713,0.027685046195983887
26,45,True,0.45652174949645996,1,0.8213279843330383,0.2520710229873657,0.5696751475334167,0.02796388603746891
26,46,True,0.5,1,0.8214977979660034,0.25123700499534607,0.5694419145584106,0.027827119454741478
26,47,True,0.54347825050354,1,0.8224157094955444,0.2514727711677551,0.5690590143203735,0.027709264308214188
26,48,True,0.5869565010070801,1,0.822812557220459,0.2508583068847656,0.5688800811767578,0.027635127305984497
26,49,True,0.6304348111152649,1,0.8225458860397339,0.2505340874195099,0.56951904296875,0.027865557000041008
26,50,True,0.6739130616188049,1,0.8220022916793823,0.25080347061157227,0.5695323944091797,0.02785276621580124
26,51,True,0.717391312122345,1,0.8216681480407715,0.2510550320148468,0.5695120096206665,0.027857791632413864
26,52,True,0.760869562625885,1,0.8217212557792664,0.2509503960609436,0.5699471235275269,0.02805457077920437
26,53,True,0.804347813129425,1,0.8220773935317993,0.25269365310668945,0.5709244012832642,0.02861538901925087
26,54,True,0.8478260636329651,1,0.8220467567443848,0.25216448307037354,0.5707761645317078,0.028488097712397575
26,55,True,0.8913043737411499,1,0.822634220123291,0.25192075967788696,0.570658802986145,0.02834501676261425
26,56,True,0.9347826242446899,1,0.8225435614585876,0.2492591142654419,0.5684030055999756,0.027353867888450623
26,57,True,0.97826087474823,1,0.8233476877212524,0.2455192506313324,0.5670430660247803,0.026664212346076965
26,58,True,1.0,1,0.8231738209724426,0.24623936414718628,0.5583404898643494,0.02312973514199257
26,59,True,1.0,1,0.8233813643455505,0.24498224258422852,0.5586986541748047,0.023439329117536545
26,60,True,1.0,1,0.8233926892280579,0.24462592601776123,0.5586929321289062,0.023567909374833107
26,61,True,1.0,1,0.8235769867897034,0.24599666893482208,0.5591102838516235,0.02376689948141575
26,62,True,1.0,1,0.8235698938369751,0.24593780934810638,0.5590684413909912,0.02377817966043949
26,63,True,1.0,1,0.8235653638839722,0.24591536819934845,0.5590536594390869,0.023786718025803566
26,64,True,1.0,1,0.8235745429992676,0.24590156972408295,0.5590391159057617,0.023791512474417686
26,65,True,1.0,1,0.8235701322555542,0.24590542912483215,0.5590275526046753,0.023791665211319923
26,66,True,1.0,1,0.8235620260238647,0.24589420855045319,0.5590054988861084,0.023788662627339363
26,67,True,1.0,1,0.8235639333724976,0.24588747322559357,0.5590009689331055,0.023788826540112495
26,68,True,1.0,1,0.823562741279602,0.24588802456855774,0.5590027570724487,0.023789001628756523
26,69,True,1.0,1,0.8235913515090942,0.24764537811279297,0.5595186948776245,0.023812249302864075
26,70,True,1.0,1,0.8235801458358765,0.24765311181545258,0.5595386028289795,0.02380511164665222
26,71,True,1.0,1,0.8235563039779663,0.24765583872795105,0.5595409870147705,0.02379884384572506
26,72,True,1.0,1,0.8235476016998291,0.24765785038471222,0.5595517158508301,0.02379928156733513
26,73,True,1.0,1,0.8235490322113037,0.2476625293493271,0.5595427751541138,0.02379741705954075
26,74,True,1.0,1,0.8235440254211426,0.24766071140766144,0.559550404548645,0.0237977746874094
26,75,True,1.0,1,0.8235455751419067,0.24765898287296295,0.5595501661300659,0.02379857562482357
26,76,True,1.0,1,0.8235436677932739,0.24766092002391815,0.5595510005950928,0.023799704387784004
26,77,True,1.0,1,0.8235915899276733,0.24835316836833954,0.5601656436920166,0.023852812126278877
26,78,True,1.0,1,0.8235840797424316,0.2483699917793274,0.5602039098739624,0.02384357713162899
26,79,True,1.0,1,0.8235644102096558,0.248383030295372,0.560232400894165,0.023842552676796913
26,80,True,1.0,1,0.8235687017440796,0.24838706851005554,0.560238778591156,0.02383713610470295
26,81,True,1.0,1,0.8235691785812378,0.24838538467884064,0.5602537393569946,0.023839041590690613
26,82,True,1.0,1,0.823572039604187,0.2483920454978943,0.5602586269378662,0.023839788511395454
26,83,True,1.0,1,0.823569655418396,0.24838879704475403,0.5602524280548096,0.023837333545088768
26,84,True,1.0,1,0.8235682249069214,0.24838653206825256,0.5602536201477051,0.02383783459663391
26,85,True,1.0,1,0.8237624168395996,0.24826864898204803,0.5608515739440918,0.023889640346169472
26,86,True,1.0,1,0.8237727880477905,0.2482672482728958,0.5609225630760193,0.02389540895819664
26,87,False,0.0,1,0.8169251680374146,0.2673758566379547,0.5740799307823181,0.03043249249458313
26,88,False,0.0,1,0.8155254125595093,0.2675870358943939,0.5739058256149292,0.03017418272793293
26,89,False,0.0,1,0.8124462366104126,0.26892051100730896,0.5736643075942993,0.02997066080570221
26,90,False,0.0,1,0.8111478090286255,0.27040085196495056,0.5738663673400879,0.03004576824605465
26,91,False,0.0,1,0.8109489679336548,0.2712245285511017,0.5741637945175171,0.030176928266882896
26,92,False,0.0,1,0.8106235265731812,0.27189895510673523,0.5739020705223083,0.0300582442432642
26,93,False,0.0,1,0.8106077909469604,0.27213969826698303,0.5739247798919678,0.03002723678946495
26,94,False,0.0,1,0.8105772733688354,0.2719792425632477,0.5741863250732422,0.03010154329240322
26,95,False,0.0,1,0.810469388961792,0.2718176543712616,0.574364185333252,0.030117157846689224
26,96,False,0.0,1,0.8106766939163208,0.2710007429122925,0.5744014382362366,0.030066601932048798
26,97,False,0.0,1,0.8107203841209412,0.26992520689964294,0.5745095014572144,0.030045678839087486
26,98,False,0.0,1,0.8109723925590515,0.26903727650642395,0.5733925104141235,0.02959052473306656
26,99,False,0.0,1,0.8117241859436035,0.2690173387527466,0.5735018253326416,0.02966505102813244
26,100,False,0.0,1,0.8119574785232544,0.2692660391330719,0.5743635892868042,0.03003101795911789
26,101,False,0.0,1,0.8127832412719727,0.2688901722431183,0.5747800469398499,0.03022557683289051
26,102,False,0.0,1,0.8122298717498779,0.26952430605888367,0.5746088027954102,0.030172396451234818
26,103,False,0.0,1,0.8128259181976318,0.26992475986480713,0.5747658014297485,0.030232632532715797
26,104,False,0.0,1,0.8126447796821594,0.27062028646469116,0.5747520923614502,0.030201232060790062
26,105,False,0.0,1,0.8123073577880859,0.2712436020374298,0.5747153759002686,0.030146019533276558
26,106,False,0.0,1,0.8117175698280334,0.27188700437545776,0.5747395753860474,0.03011082299053669
26,107,False,0.0,1,0.8109583258628845,0.2719777226448059,0.5745716094970703,0.029997993260622025
26,108,False,0.0,1,0.810577392578125,0.27143362164497375,0.5743643045425415,0.0298598799854517
26,109,False,0.0,1,0.811328113079071,0.26994478702545166,0.5740945339202881,0.02974935807287693
26,110,False,0.0,1,0.8117278814315796,0.2691017687320709,0.5736345648765564,0.02955448254942894
26,111,False,0.0,1,0.8128312826156616,0.26853111386299133,0.5740264654159546,0.029740536585450172
26,112,False,0.0,1,0.8128253817558289,0.26836442947387695,0.5738595724105835,0.029699496924877167
26,113,False,0.0,1,0.8126649856567383,0.26831483840942383,0.5736300945281982,0.029626021161675453
26,114,False,0.0,1,0.8125635981559753,0.26804226636886597,0.5737217664718628,0.02967919036746025
26,115,False,0.0,1,0.8129088878631592,0.2677280604839325,0.5741875171661377,0.029885882511734962
27,0,False,0.0,0,0.7563743591308594,0.18931978940963745,0.5371221303939819,0.017518505454063416
27,1,False,0.0,1,0.8392997980117798,0.252657026052475,0.5732747316360474,0.029584119096398354
27,2,False,0.0,1,0.8394664525985718,0.25238731503486633,0.5732520818710327,0.02960320934653282
27,3,False,0.0,1,0.8396868109703064,0.25205451250076294,0.5732681155204773,0.02961023896932602
27,4,False,0.0,1,0.8396396636962891,0.25188538432121277,0.5733904838562012,0.029665648937225342
27,5,False,0.0,1,0.8392287492752075,0.25116416811943054,0.5737838745117188,0.029830578714609146
27,6,False,0.0,1,0.8394870758056641,0.25077295303344727,0.574126124382019,0.029941482469439507
27,7,False,0.0,1,0.8398689031600952,0.25059306621551514,0.5741595029830933,0.02987607754766941
27,8,False,0.0,1,0.8401807546615601,0.2503139078617096,0.574283242225647,0.0299003217369318
27,9,False,0.0,1,0.8401423692703247,0.25041574239730835,0.574519157409668,0.029905147850513458
27,10,False,0.0,1,0.8398690223693848,0.25068211555480957,0.5743478536605835,0.029862482100725174
27,11,False,0.0,1,0.8396105766296387,0.2505835294723511,0.5743606090545654,0.029903598129749298
27,12,False,0.0,1,0.8402613401412964,0.2501428425312042,0.5741376280784607,0.02988484874367714
27,13,False,0.0,1,0.840686559677124,0.24999623000621796,0.5743836760520935,0.02996915951371193
27,14,False,0.0,1,0.8410267233848572,0.25034594535827637,0.5742782354354858,0.029976269230246544
27,15,False,0.0,1,0.8410530090332031,0.2501947581768036,0.5744641423225403,0.030081095173954964
27,16,False,0.0,1,0.8410451412200928,0.25011447072029114,0.5745497941970825,0.030159294605255127
27,17,False,0.0,1,0.8401914238929749,0.2508947551250458,0.5746302604675293,0.030159592628479004
27,18,False,0.0,1,0.8395437002182007,0.2511417269706726,0.5743056535720825,0.03016681969165802
27,19,False,0.0,1,0.8387640118598938,0.25131937861442566,0.5735582709312439,0.029926784336566925
27,20,False,0.0,1,0.8380921483039856,0.2513500452041626,0.5732526183128357,0.02986624650657177
27,21,False,0.0,1,0.8371625542640686,0.25179827213287354,0.5727832317352295,0.029673295095562935
27,22,False,0.0,1,0.8363161087036133,0.25228196382522583,0.5726097226142883,0.029650699347257614
27,23,False,0.0,1,0.835542619228363,0.25278645753860474,0.5724331140518188,0.029616108164191246
27,24,False,0.0,1,0.8347607851028442,0.2533050775527954,0.5719797611236572,0.02936476841568947
27,25,False,0.0,1,0.8330056071281433,0.25439199805259705,0.5714923143386841,0.029098661616444588
27,26,False,0.0,1,0.8313802480697632,0.2551994323730469,0.5711506009101868,0.029030030593276024
27,27,False,0.0,1,0.8297150731086731,0.25623103976249695,0.5712199211120605,0.02910488098859787
27,28,False,0.0,1,0.8282920122146606,0.2573249638080597,0.5707101821899414,0.028939582407474518
27,29,False,0.0,1,0.8267659544944763,0.25854718685150146,0.5711021423339844,0.029157564043998718
27,30,False,0.0,1,0.8252018690109253,0.25939303636550903,0.5711458921432495,0.029108770191669464
27,31,False,0.0,1,0.8237717151641846,0.25956404209136963,0.571266770362854,0.02911979705095291
27,32,False,0.0,1,0.8226830959320068,0.25994518399238586,0.5716450214385986,0.029289422556757927
27,33,False,0.0,1,0.8218129873275757,0.26022592186927795,0.5716382265090942,0.02917659841477871
27,34,True,0.008771929889917374,1,0.8208871483802795,0.26104700565338135,0.5711923837661743,0.028991539031267166
27,35,True,0.048672568053007126,1,0.8202086687088013,0.26209837198257446,0.5710118412971497,0.028971867635846138
27,36,True,0.09292035549879074,1,0.8195029497146606,0.26322928071022034,0.5710365772247314,0.028996894136071205
27,37,True,0.13716813921928406,1,0.8195047378540039,0.26355963945388794,0.5711989402770996,0.029038410633802414
27,38,True,0.18141593039035797,1,0.8191829919815063,0.2634376287460327,0.571955680847168,0.029413379728794098
27,39,True,0.22566372156143188,1,0.8188052177429199,0.2631869614124298,0.5720421671867371,0.029422838240861893
27,40,True,0.2699114978313446,1,0.8187121152877808,0.26269233226776123,0.571968138217926,0.029338214546442032
27,41,True,0.3141593039035797,1,0.819206714630127,0.26228153705596924,0.5719178915023804,0.029069116339087486
27,42,True,0.35840708017349243,1,0.8196865320205688,0.26204928755760193,0.5716379880905151,0.028844056650996208
27,43,True,0.40265485644340515,1,0.8196314573287964,0.26312991976737976,0.5717931985855103,0.028870806097984314
27,44,True,0.44690266251564026,1,0.8193126320838928,0.2643207609653473,0.5722572803497314,0.02907327190041542
27,45,True,0.491150438785553,1,0.8192691802978516,0.2650443911552429,0.5719075798988342,0.02892821468412876
27,46,True,0.5353982448577881,1,0.8195260763168335,0.26481881737709045,0.5722506046295166,0.029089566320180893
27,47,True,0.5796459913253784,1,0.8189715147018433,0.26527562737464905,0.5723450183868408,0.029085306450724602
27,48,True,0.6238937973976135,1,0.819150984287262,0.2652440071105957,0.572543740272522,0.029158785939216614
27,49,True,0.6681416034698486,1,0.8198780417442322,0.26518774032592773,0.5730483531951904,0.029176633805036545
27,50,True,0.7123894095420837,1,0.822567343711853,0.2624870836734772,0.5731378197669983,0.02923196367919445
27,51,True,0.7566371560096741,1,0.8231903314590454,0.2604973614215851,0.5720235705375671,0.028717612847685814
27,52,True,0.8008849620819092,1,0.8230550289154053,0.26003316044807434,0.5719283819198608,0.028632620349526405
27,53,True,0.8451327681541443,1,0.8255429267883301,0.25752362608909607,0.5716179609298706,0.028454266488552094
27,54,True,0.8893805146217346,1,0.8237636685371399,0.25657933950424194,0.5718692541122437,0.02854776754975319
27,55,True,0.9336283206939697,1,0.8259601593017578,0.2541351020336151,0.5709078311920166,0.028143122792243958
27,56,True,0.9778761267662048,1,0.8273610472679138,0.2529204189777374,0.5697052478790283,0.027373146265745163
27,57,True,1.0,1,0.8252142667770386,0.2516256272792816,0.5609591007232666,0.022911904379725456
27,58,True,1.0,1,0.8259550333023071,0.2502385079860687,0.561975359916687,0.023203739896416664
27,59,True,1.0,1,0.8263007402420044,0.24955789744853973,0.5622028112411499,0.023284204304218292
27,60,True,1.0,1,0.8264216184616089,0.24924321472644806,0.5622566938400269,0.02331426739692688
27,61,True,1.0,1,0.8264760375022888,0.24907539784908295,0.5622478723526001,0.023311438038945198
27,62,True,1.0,1,0.8265202641487122,0.2490011304616928,0.562255859375,0.023312274366617203
27,63,True,1.0,1,0.8265451788902283,0.2489757090806961,0.5622459650039673,0.023310985416173935
27,64,True,1.0,1,0.8265490531921387,0.24895639717578888,0.5622334480285645,0.023307837545871735
27,65,True,1.0,1,0.8266214728355408,0.24896860122680664,0.5625042915344238,0.023192426189780235
27,66,True,1.0,1,0.8266277313232422,0.24898014962673187,0.562511682510376,0.023199912160634995
27,67,True,1.0,1,0.8266246318817139,0.2489790916442871,0.5625105500221252,0.02319474145770073
27,68,True,1.0,1,0.826633632183075,0.24898236989974976,0.5624994039535522,0.0231954175978899
27,69,True,1.0,1,0.8266361951828003,0.24897655844688416,0.5624973177909851,0.023197704926133156
27,70,True,1.0,1,0.8266361355781555,0.24898067116737366,0.5625039339065552,0.023198800161480904
27,71,True,1.0,1,0.8266368508338928,0.24898193776607513,0.5625029802322388,0.023197215050458908
27,72,True,1.0,1,0.8266370892524719,0.24897998571395874,0.5625051259994507,0.023198122158646584
27,73,True,1.0,1,0.8266404867172241,0.24893289804458618,0.5625214576721191,0.02303381636738777
27,74,True,1.0,1,0.8266376256942749,0.24892261624336243,0.5625572204589844,0.023052779957652092
27,75,True,1.0,1,0.8266371488571167,0.24892696738243103,0.5625478029251099,0.023056907579302788
27,76,True,1.0,1,0.8266474008560181,0.24892745912075043,0.5625509023666382,0.02305908501148224
27,77,True,1.0,1,0.826640248298645,0.24892902374267578,0.5625662207603455,0.023063981905579567
27,78,True,1.0,1,0.826637864112854,0.24892540276050568,0.5625573396682739,0.02306455560028553
27,79,True,1.0,1,0.8266390562057495,0.2489282339811325,0.5625548362731934,0.023063519969582558
27,80,True,1.0,1,0.8266379237174988,0.24892841279506683,0.5625552535057068,0.023062607273459435
27,81,True,1.0,1,0.8265750408172607,0.24901801347732544,0.5624107122421265,0.022914132103323936
27,82,True,1.0,1,0.8265737295150757,0.24900555610656738,0.5624834299087524,0.02294118143618107
27,83,True,1.0,1,0.8265639543533325,0.2489984780550003,0.5624990463256836,0.022952144965529442
27,84,True,1.0,1,0.8265606164932251,0.24899496138095856,0.5625137090682983,0.022954769432544708
27,85,False,0.0,1,0.8264519572257996,0.2629220485687256,0.5758059024810791,0.029555989429354668
27,86,False,0.0,1,0.8248786926269531,0.2647767961025238,0.5752393007278442,0.029301075264811516
27,87,False,0.0,1,0.8223838806152344,0.26781824231147766,0.5749435424804688,0.029254358261823654
27,88,False,0.0,1,0.82058185338974,0.26979294419288635,0.5747836232185364,0.029254700988531113
27,89,False,0.0,1,0.8192173838615417,0.2702808678150177,0.5743415355682373,0.02897559478878975
27,90,False,0.0,1,0.8184372186660767,0.2710655629634857,0.5745862126350403,0.029035409912467003
27,91,False,0.0,1,0.816787600517273,0.2718876600265503,0.574489951133728,0.02900739014148712
27,92,False,0.0,1,0.8152807950973511,0.2730185091495514,0.5749617218971252,0.029213648289442062
27,93,False,0.0,1,0.8147387504577637,0.2729971706867218,0.5744495987892151,0.02903689071536064
27,94,False,0.0,1,0.8141523003578186,0.2732861042022705,0.5742678046226501,0.02899397537112236
27,95,False,0.0,1,0.8137906193733215,0.2735770642757416,0.5740731954574585,0.0289531871676445
27,96,False,0.0,1,0.8139281272888184,0.27498942613601685,0.5739685893058777,0.028955578804016113
27,97,False,0.0,1,0.8131177425384521,0.2756303548812866,0.5739439129829407,0.028763793408870697
27,98,False,0.0,1,0.8124918937683105,0.27571865916252136,0.5746487379074097,0.029005568474531174
27,99,False,0.0,1,0.8120534420013428,0.2751542627811432,0.5749064683914185,0.02907148003578186
27,100,False,0.0,1,0.8116598129272461,0.2741643786430359,0.5749884843826294,0.02909519523382187
27,101,False,0.0,1,0.8112331628799438,0.27354174852371216,0.5747377872467041,0.02898099459707737
27,102,False,0.0,1,0.8116463422775269,0.2731838822364807,0.5744672417640686,0.028893666341900826
27,103,False,0.0,1,0.8117403388023376,0.2732526659965515,0.5744571685791016,0.028869636356830597
27,104,False,0.0,1,0.8121516108512878,0.2736152112483978,0.5745113492012024,0.02887941338121891
27,105,False,0.0,1,0.8127005100250244,0.27356624603271484,0.5741946697235107,0.028694458305835724
27,106,False,0.0,1,0.8137063384056091,0.27294841408729553,0.5742673873901367,0.028695441782474518
27,107,False,0.0,1,0.814401388168335,0.2724005877971649,0.5744920969009399,0.02874651551246643
27,108,False,0.0,1,0.8130910396575928,0.27283525466918945,0.5745903253555298,0.028793012723326683
27,109,False,0.0,1,0.811652421951294,0.2734321355819702,0.5745791792869568,0.028780490159988403
27,110,False,0.0,1,0.810644268989563,0.27386483550071716,0.574352502822876,0.028703296557068825
27,111,False,0.0,1,0.8111042976379395,0.27289488911628723,0.5742935538291931,0.028673773631453514
27,112,False,0.0,1,0.8126511573791504,0.2707759737968445,0.5742707848548889,0.02862965501844883
27,113,False,0.0,1,0.8143671154975891,0.2691107392311096,0.5739529728889465,0.02850557304918766
28,0,False,0.0,0,0.7501055002212524,0.18361958861351013,0.5411009192466736,0.018119188025593758
28,1,False,0.0,1,0.8382378220558167,0.2519718110561371,0.5757696628570557,0.02902507595717907
28,2,False,0.0,1,0.8384250402450562,0.2520366609096527,0.5758180618286133,0.029034307226538658
28,3,False,0.0,1,0.8388158082962036,0.25184038281440735,0.5759139060974121,0.029070649296045303
28,4,False,0.0,1,0.83875572681427,0.2513597011566162,0.5757921934127808,0.02899586595594883
28,5,False,0.0,1,0.8386309146881104,0.25095033645629883,0.5756711959838867,0.028938237577676773
28,6,False,0.0,1,0.838641345500946,0.2508449852466583,0.5755050182342529,0.028875399380922318
28,7,False,0.0,1,0.838506817817688,0.25130245089530945,0.5755696296691895,0.028839867562055588
28,8,False,0.0,1,0.8377797603607178,0.25199297070503235,0.5755457878112793,0.02878085896372795
28,9,False,0.0,1,0.8367792367935181,0.25295230746269226,0.5753103494644165,0.028682667762041092
28,10,False,0.0,1,0.835463285446167,0.2538798749446869,0.575194239616394,0.028613358736038208
28,11,False,0.0,1,0.834007978439331,0.2542571425437927,0.5751024484634399,0.028553269803524017
28,12,False,0.0,1,0.8325082063674927,0.2546655535697937,0.5749142169952393,0.028498895466327667
28,13,False,0.0,1,0.8324463367462158,0.25538352131843567,0.5749542713165283,0.028528116643428802
28,14,False,0.0,1,0.8305405974388123,0.2563735544681549,0.574765682220459,0.028440291061997414
28,15,False,0.0,1,0.829325795173645,0.2573947608470917,0.5743045806884766,0.028298061341047287
28,16,False,0.0,1,0.8289303183555603,0.2583722770214081,0.5739589929580688,0.028131743893027306
28,17,False,0.0,1,0.827919065952301,0.2597029209136963,0.5741181969642639,0.028154456987977028
28,18,False,0.0,1,0.8269257545471191,0.2608873248100281,0.5744891166687012,0.028263766318559647
28,19,False,0.0,1,0.8252007961273193,0.26244983077049255,0.5743589401245117,0.028186731040477753
28,20,False,0.0,1,0.8235036134719849,0.2647942006587982,0.5745062232017517,0.028246991336345673
28,21,False,0.0,1,0.8225080966949463,0.2659507989883423,0.5747472047805786,0.02833685465157032
28,22,False,0.0,1,0.8218435049057007,0.2670148015022278,0.574884295463562,0.028329312801361084
28,23,False,0.0,1,0.8213003873825073,0.2680915594100952,0.5744156837463379,0.02812373824417591
28,24,False,0.0,1,0.8202642202377319,0.2687356770038605,0.5743902325630188,0.028089633211493492
28,25,False,0.0,1,0.819343090057373,0.26966407895088196,0.5744043588638306,0.02808419056236744
28,26,False,0.0,1,0.8190364837646484,0.2702709436416626,0.574640154838562,0.02814880572259426
28,27,False,0.0,1,0.8187291622161865,0.2702000141143799,0.5747929215431213,0.028205323964357376
28,28,False,0.0,1,0.8189634084701538,0.2701435983181,0.5749897956848145,0.028292812407016754
28,29,False,0.0,1,0.8195109367370605,0.2694227695465088,0.5747917890548706,0.028215045109391212
28,30,False,0.0,1,0.8200805187225342,0.26861611008644104,0.5747331380844116,0.02821924351155758
28,31,False,0.0,1,0.8203952312469482,0.26794734597206116,0.5742359161376953,0.02811134234070778
28,32,False,0.0,1,0.8214197754859924,0.2674289643764496,0.5736879110336304,0.027974925935268402
28,33,False,0.0,1,0.8225316405296326,0.26682785153388977,0.5737956762313843,0.028032008558511734
28,34,False,0.0,1,0.8235582113265991,0.2662622332572937,0.573706865310669,0.028031062334775925
28,35,False,0.0,1,0.8251166343688965,0.2657274603843689,0.5738067626953125,0.02807878516614437
28,36,False,0.0,1,0.8258762359619141,0.26499536633491516,0.573807954788208,0.028086306527256966
28,37,False,0.0,1,0.8267098665237427,0.26425960659980774,0.5736456513404846,0.028017770498991013
28,38,False,0.0,1,0.8257954120635986,0.2641940712928772,0.573409914970398,0.02796928584575653
28,39,False,0.0,1,0.8251186609268188,0.26458540558815,0.5731744170188904,0.027961447834968567
28,40,False,0.0,1,0.8245312571525574,0.2649460434913635,0.5734065771102905,0.02805706486105919
28,41,False,0.0,1,0.8237338066101074,0.26547276973724365,0.5733188390731812,0.028015954419970512
28,42,False,0.0,1,0.8232563734054565,0.2658028304576874,0.5732076168060303,0.027977339923381805
28,43,False,0.0,1,0.8229942321777344,0.2659339904785156,0.5733458995819092,0.028021013364195824
28,44,False,0.0,1,0.8221979737281799,0.2662568986415863,0.5735430717468262,0.02807580679655075
28,45,False,0.0,1,0.8217655420303345,0.2663384675979614,0.5736281275749207,0.028101524338126183
28,46,False,0.0,1,0.8215839266777039,0.2668364942073822,0.5736640691757202,0.028110912069678307
28,47,False,0.0,1,0.821025550365448,0.26727381348609924,0.5730343461036682,0.02794485352933407
28,48,False,0.0,1,0.8210251927375793,0.2678467333316803,0.5732347369194031,0.028004908934235573
28,49,False,0.0,1,0.8203457593917847,0.26835620403289795,0.5730718374252319,0.02793889492750168
28,50,False,0.0,1,0.8187123537063599,0.2693764567375183,0.5732488632202148,0.027968283742666245
28,51,False,0.0,1,0.8179572820663452,0.26971426606178284,0.5732474327087402,0.027985207736492157
28,52,False,0.0,1,0.8175249099731445,0.27004024386405945,0.5732318162918091,0.02796030603349209
28,53,False,0.0,1,0.8172607421875,0.2699476182460785,0.5730069875717163,0.02787631005048752
28,54,False,0.0,1,0.8172881007194519,0.2691382169723511,0.5731660723686218,0.027908148244023323
28,55,False,0.0,1,0.8171759843826294,0.26894405484199524,0.5734939575195312,0.02805277518928051
28,56,False,0.0,1,0.8171321153640747,0.2688719630241394,0.5737214088439941,0.028117960318922997
28,57,False,0.0,1,0.8176059722900391,0.2686701714992523,0.5739327669143677,0.02818520925939083
28,58,False,0.0,1,0.8178482055664062,0.268451988697052,0.5739986896514893,0.02820977382361889
28,59,False,0.0,1,0.8175215721130371,0.2682749629020691,0.5741016864776611,0.028241218999028206
28,60,False,0.0,1,0.8182877898216248,0.2679154872894287,0.574109673500061,0.028265949338674545
28,61,False,0.0,1,0.819258987903595,0.2668434977531433,0.57445228099823,0.02841833606362343
28,62,False,0.0,1,0.820106565952301,0.26589804887771606,0.5745072364807129,0.028447629883885384
28,63,False,0.0,1,0.8207696676254272,0.26506751775741577,0.574393093585968,0.028432849794626236
28,64,False,0.0,1,0.8215839862823486,0.2643824815750122,0.5747532844543457,0.02857207879424095
28,65,False,0.0,1,0.822479248046875,0.2632448971271515,0.5748717188835144,0.02857253886759281
28,66,False,0.0,1,0.8236672282218933,0.2620972990989685,0.5748022794723511,0.028522612527012825
28,67,False,0.0,1,0.8254551887512207,0.260454922914505,0.5750144720077515,0.028575090691447258
28,68,False,0.0,1,0.8272325396537781,0.25900235772132874,0.5749243497848511,0.028525520116090775
28,69,False,0.0,1,0.8282617330551147,0.25804904103279114,0.5747977495193481,0.0284737516194582
28,70,False,0.0,1,0.8301005959510803,0.25641030073165894,0.5748709440231323,0.02854866534471512
28,71,False,0.0,1,0.8317656517028809,0.2550537586212158,0.5747900009155273,0.028586668893694878
28,72,False,0.0,1,0.83271723985672,0.2538910210132599,0.5748568773269653,0.028641508892178535
28,73,False,0.0,1,0.8333019018173218,0.2532557249069214,0.5747514963150024,0.028651058673858643
28,74,False,0.0,1,0.8331491947174072,0.2532188594341278,0.5743874907493591,0.02853858284652233
28,75,False,0.0,1,0.8327595591545105,0.25327268242836,0.5742689371109009,0.028511591255664825
28,76,False,0.0,1,0.8321591019630432,0.2535868287086487,0.5743710994720459,0.028590694069862366
28,77,False,0.0,1,0.8308649659156799,0.2540435791015625,0.5743950605392456,0.028651002794504166
28,78,False,0.0,1,0.829106330871582,0.25476959347724915,0.5746887922286987,0.02878294698894024
28,79,False,0.0,1,0.8271782398223877,0.25615864992141724,0.5746380090713501,0.02874600701034069
28,80,False,0.0,1,0.8249257206916809,0.25731655955314636,0.5741162300109863,0.028579914942383766
28,81,False,0.0,1,0.8232178688049316,0.25868651270866394,0.5744065046310425,0.02876763604581356
28,82,False,0.0,1,0.8217283487319946,0.2598038911819458,0.5739140510559082,0.028627390041947365
28,83,False,0.0,1,0.820526123046875,0.2612800896167755,0.5735437870025635,0.0284708421677351
28,84,False,0.0,1,0.8199756741523743,0.2619670033454895,0.5732187032699585,0.028313089162111282
28,85,False,0.0,1,0.8194893598556519,0.2629048526287079,0.573654055595398,0.028573481366038322
28,86,False,0.0,1,0.8193339705467224,0.2642063796520233,0.5738945007324219,0.028609955683350563
28,87,False,0.0,1,0.8184051513671875,0.2655234634876251,0.5736399292945862,0.02852909080684185
28,88,False,0.0,1,0.8163065910339355,0.2673448324203491,0.5740481615066528,0.02872787043452263
28,89,False,0.0,1,0.8152775764465332,0.26832082867622375,0.5743390321731567,0.028818316757678986
28,90,False,0.0,1,0.8151955008506775,0.26962026953697205,0.573992133140564,0.028740664944052696
28,91,False,0.0,1,0.8148366212844849,0.2698238790035248,0.5742286443710327,0.02881600707769394
28,92,False,0.0,1,0.8155241012573242,0.26996591687202454,0.5742390155792236,0.028825126588344574
28,93,False,0.0,1,0.8163480758666992,0.2699233591556549,0.5738418698310852,0.028730349615216255
28,94,False,0.0,1,0.8159541487693787,0.2702822983264923,0.5736293196678162,0.028675997629761696
28,95,False,0.0,1,0.8153774738311768,0.27073022723197937,0.5738533139228821,0.028867773711681366
28,96,False,0.0,1,0.8147323727607727,0.27067330479621887,0.5738916993141174,0.028909089043736458
28,97,False,0.0,1,0.8143056631088257,0.27072495222091675,0.5738551020622253,0.028883231803774834
28,98,False,0.0,1,0.8141241073608398,0.2705906331539154,0.5738059282302856,0.028856487944722176
28,99,False,0.0,1,0.8141788244247437,0.27027761936187744,0.5738584995269775,0.02885180152952671
28,100,False,0.0,1,0.8141116499900818,0.26971596479415894,0.5739861130714417,0.02883921004831791
28,101,False,0.0,1,0.8136861324310303,0.26914432644844055,0.5738179087638855,0.028746940195560455
28,102,False,0.0,1,0.8146104216575623,0.2674504220485687,0.5737505555152893,0.02869265526533127
28,103,False,0.0,1,0.814538836479187,0.2680312395095825,0.5739619731903076,0.02883525937795639
28,104,False,0.0,1,0.8159773349761963,0.26838210225105286,0.5739270448684692,0.028878958895802498
28,105,False,0.0,1,0.817080020904541,0.2668335437774658,0.5742300748825073,0.028962308540940285
28,106,False,0.0,1,0.8181103467941284,0.26613080501556396,0.5741885304450989,0.028887035325169563
28,107,False,0.0,1,0.8179183006286621,0.2660991847515106,0.5739524364471436,0.028741229325532913
28,108,False,0.0,1,0.8168837428092957,0.2670590281486511,0.573973536491394,0.028728922829031944
28,109,False,0.0,1,0.8160581588745117,0.2676534354686737,0.5740809440612793,0.028726501390337944
28,110,False,0.0,1,0.8148804903030396,0.2679659128189087,0.5741391181945801,0.02874908223748207
28,111,False,0.0,1,0.8146041631698608,0.26793092489242554,0.5751683115959167,0.029183246195316315
28,112,False,0.0,1,0.814606785774231,0.26763802766799927,0.5749630928039551,0.02909735031425953
28,113,False,0.0,1,0.8144516944885254,0.26724034547805786,0.5748483538627625,0.02903890796005726
28,114,False,0.0,1,0.8171196579933167,0.2668769359588623,0.5758816003799438,0.029330696910619736
28,115,False,0.0,1,0.8181240558624268,0.26617851853370667,0.5756974816322327,0.029235733672976494
28,116,False,0.0,1,0.8187268376350403,0.26622825860977173,0.5756810903549194,0.029207054525613785
28,117,False,0.0,1,0.8190199136734009,0.2664458453655243,0.5757110118865967,0.029288196936249733
28,118,False,0.0,1,0.8198524713516235,0.26687949895858765,0.5755767822265625,0.0292814914137125
28,119,False,0.0,1,0.8201048374176025,0.2673299014568329,0.5764802694320679,0.02977820672094822
28,120,False,0.0,1,0.8202784061431885,0.26726651191711426,0.5766226649284363,0.029846394434571266
28,121,False,0.0,1,0.8203384280204773,0.26736441254615784,0.5767415761947632,0.029911337420344353
28,122,False,0.0,1,0.8203469514846802,0.2674553394317627,0.5767850875854492,0.02993575856089592
29,0,False,0.0,0,0.7424154281616211,0.1922445297241211,0.5439541935920715,0.01972660981118679
29,1,False,0.0,1,0.8311100602149963,0.26015257835388184,0.5788877010345459,0.0306001715362072
29,2,False,0.0,1,0.8306710124015808,0.260429322719574,0.5790120363235474,0.030630968511104584
29,3,False,0.0,1,0.8308611512184143,0.26017600297927856,0.5789285898208618,0.030589107424020767
29,4,False,0.0,1,0.8310016393661499,0.26010262966156006,0.5798921585083008,0.03103182651102543
29,5,False,0.0,1,0.8309392929077148,0.26008668541908264,0.5798624753952026,0.03104003705084324
29,6,False,0.0,1,0.8310559391975403,0.2605760395526886,0.5797924995422363,0.031021280214190483
29,7,False,0.0,1,0.8313802480697632,0.260600745677948,0.5798159837722778,0.031049169600009918
29,8,False,0.0,1,0.8315091133117676,0.26038119196891785,0.5798226594924927,0.031074941158294678
29,9,False,0.0,1,0.8316689133644104,0.2602890729904175,0.5799242854118347,0.03114134632050991
29,10,False,0.0,1,0.8316811323165894,0.260149210691452,0.5798413753509521,0.031145134940743446
29,11,False,0.0,1,0.831896960735321,0.259799987077713,0.5795999765396118,0.03106517158448696
29,12,False,0.0,1,0.8322597742080688,0.25979262590408325,0.5805226564407349,0.03162190318107605
29,13,False,0.0,1,0.8323031663894653,0.2598132789134979,0.5806570649147034,0.03168675675988197
29,14,False,0.0,1,0.8324704766273499,0.25958016514778137,0.5806699991226196,0.03173162043094635
29,15,False,0.0,1,0.832561731338501,0.25934407114982605,0.5807428359985352,0.03175916522741318
29,16,False,0.0,1,0.8329939246177673,0.2593276798725128,0.5804578065872192,0.03163829818367958
29,17,False,0.0,1,0.8333951234817505,0.25921374559402466,0.5801827907562256,0.03157561272382736
29,18,False,0.0,1,0.8339008092880249,0.25909221172332764,0.5799150466918945,0.031504541635513306
29,19,False,0.0,1,0.8339909911155701,0.258924663066864,0.5797461271286011,0.03143132105469704
29,20,False,0.0,1,0.8337836265563965,0.25909045338630676,0.5802419185638428,0.0318443588912487
29,21,False,0.0,1,0.8334007859230042,0.25945210456848145,0.5802477598190308,0.03185591101646423
29,22,False,0.0,1,0.8327888250350952,0.2598530352115631,0.5802446603775024,0.0318487286567688
29,23,False,0.0,1,0.8320154547691345,0.2601271867752075,0.5802372694015503,0.031779710203409195
29,24,False,0.0,1,0.831738293170929,0.26048386096954346,0.5797702670097351,0.03159653767943382
29,25,False,0.0,1,0.8307232856750488,0.2607678771018982,0.5796163082122803,0.03150955215096474
29,26,False,0.0,1,0.8301235437393188,0.26079830527305603,0.5797662734985352,0.0315459668636322
29,27,False,0.0,1,0.829422116279602,0.26095104217529297,0.5800390243530273,0.03163482993841171
29,28,False,0.0,1,0.8295713663101196,0.26106441020965576,0.5810878276824951,0.03225614130496979
29,29,False,0.0,1,0.8288665413856506,0.2612111270427704,0.5809732675552368,0.032208096235990524
29,30,False,0.0,1,0.8284355401992798,0.2614213824272156,0.580653190612793,0.03206042945384979
29,31,False,0.0,1,0.8281630277633667,0.2617368996143341,0.5804433822631836,0.03201139345765114
29,32,False,0.0,1,0.8273747563362122,0.2626425325870514,0.5803077220916748,0.03204365074634552
29,33,False,0.0,1,0.8260661363601685,0.2644333839416504,0.5801278352737427,0.03201580047607422
29,34,False,0.0,1,0.8249107599258423,0.2653336524963379,0.580004096031189,0.031999390572309494
29,35,False,0.0,1,0.8235381841659546,0.266659140586853,0.5801601409912109,0.03207419812679291
29,36,False,0.0,1,0.8224027156829834,0.26826897263526917,0.5806017518043518,0.032445281744003296
29,37,False,0.0,1,0.8213759660720825,0.2691708505153656,0.5803066492080688,0.03228703513741493
29,38,False,0.0,1,0.8207194209098816,0.2693471610546112,0.5803592205047607,0.0322958379983902
29,39,False,0.0,1,0.8197833299636841,0.26934951543807983,0.5806269645690918,0.03234221041202545
29,40,False,0.0,1,0.8187766075134277,0.2697417140007019,0.5809211134910583,0.03242643550038338
29,41,False,0.0,1,0.8184505701065063,0.269406795501709,0.5807582139968872,0.03231728821992874
29,42,False,0.0,1,0.8183959722518921,0.2699908912181854,0.5804485082626343,0.032139845192432404
29,43,False,0.0,1,0.8185272216796875,0.2700977623462677,0.5802579522132874,0.031965434551239014
29,44,True,0.02777777798473835,1,0.818213701248169,0.2698208689689636,0.5797448754310608,0.0318269208073616
29,45,True,0.0625,1,0.8172900676727295,0.27075451612472534,0.5801571607589722,0.031983401626348495
29,46,True,0.0972222238779068,1,0.8170177936553955,0.2707735300064087,0.5802690982818604,0.03201749548316002
29,47,True,0.1319444477558136,1,0.8173334002494812,0.27019232511520386,0.5804516673088074,0.03215867280960083
29,48,True,0.1666666716337204,1,0.8161648511886597,0.2714008390903473,0.580021858215332,0.03202786669135094
29,49,True,0.2013888955116272,1,0.8164430856704712,0.27128171920776367,0.5803629159927368,0.03219398856163025
29,50,True,0.2361111044883728,1,0.8169487118721008,0.27065256237983704,0.5797619819641113,0.03192058205604553
29,51,True,0.2708333432674408,1,0.8149827718734741,0.27236494421958923,0.5803310871124268,0.03222060576081276
29,52,True,0.3055555522441864,1,0.8157740831375122,0.2714829444885254,0.5800721645355225,0.03213201463222504
29,53,True,0.3402777910232544,1,0.8161449432373047,0.27141091227531433,0.5797624588012695,0.031992051750421524
29,54,True,0.375,1,0.8159528374671936,0.2718130052089691,0.5796641707420349,0.03196560963988304
29,55,True,0.4097222089767456,1,0.8166332840919495,0.2710931599140167,0.5791025161743164,0.031651269644498825
29,56,True,0.4444444477558136,1,0.8157832026481628,0.27144771814346313,0.5789535641670227,0.031494610011577606
29,57,True,0.4791666567325592,1,0.8169863820075989,0.2711496353149414,0.5788758993148804,0.03143329918384552
29,58,True,0.5138888955116272,1,0.8178582191467285,0.26967886090278625,0.5788869857788086,0.0315265953540802
29,59,True,0.5486111044883728,1,0.8197738528251648,0.26705244183540344,0.579444944858551,0.031802430748939514
29,60,True,0.5833333134651184,1,0.8206030130386353,0.2651405334472656,0.5789321064949036,0.031639717519283295
29,61,True,0.6180555820465088,1,0.8221861720085144,0.2630354166030884,0.5782264471054077,0.03139498829841614
29,62,True,0.6527777910232544,1,0.8220911622047424,0.2619408667087555,0.5771052837371826,0.03088715299963951
29,63,True,0.6875,1,0.8225768208503723,0.26033586263656616,0.5767136812210083,0.030773157253861427
29,64,True,0.7222222089767456,1,0.8233988881111145,0.2575283944606781,0.5764471292495728,0.03067362867295742
29,65,True,0.7569444179534912,1,0.8241556882858276,0.2579919397830963,0.576684832572937,0.030791623517870903
29,66,True,0.7916666865348816,1,0.8253165483474731,0.2563711106777191,0.5774538516998291,0.031129149720072746
29,67,True,0.8263888955116272,1,0.824887752532959,0.2559288740158081,0.5781115293502808,0.031419552862644196
29,68,True,0.8611111044883728,1,0.8249186277389526,0.2544601857662201,0.5767766237258911,0.03078337013721466
29,69,True,0.8958333134651184,1,0.82607102394104,0.2535810172557831,0.5771753191947937,0.030974192544817924
29,70,True,0.9305555820465088,1,0.8256101012229919,0.2529723346233368,0.5754661560058594,0.03020544908940792
29,71,True,0.9652777910232544,1,0.826495885848999,0.2513650357723236,0.5748475193977356,0.029807748273015022
29,72,True,1.0,1,0.8265632390975952,0.250362753868103,0.559971809387207,0.022905128076672554
29,73,True,1.0,1,0.8276532292366028,0.24744540452957153,0.5606503486633301,0.023112231865525246
29,74,True,1.0,1,0.8280256986618042,0.24607068300247192,0.5605822801589966,0.023140698671340942
29,75,True,1.0,1,0.8281972408294678,0.24541562795639038,0.560390830039978,0.02312687411904335
29,76,True,1.0,1,0.8283790349960327,0.24493342638015747,0.5601037740707397,0.023073509335517883
29,77,True,1.0,1,0.8283929824829102,0.24480040371418,0.5599699020385742,0.023035407066345215
29,78,True,1.0,1,0.8283966183662415,0.24474412202835083,0.5598955154418945,0.02302216924726963
29,79,True,1.0,1,0.8284255862236023,0.24472373723983765,0.5598657131195068,0.023011820390820503
29,80,True,1.0,1,0.8284246325492859,0.24470391869544983,0.5598361492156982,0.02300841547548771
29,81,True,1.0,1,0.828433096408844,0.24468931555747986,0.5598329305648804,0.023007716983556747
29,82,True,1.0,1,0.8284316658973694,0.24468649923801422,0.559821367263794,0.023004505783319473
29,83,True,1.0,1,0.8284302353858948,0.24467681348323822,0.5598207712173462,0.023003771901130676
29,84,True,1.0,1,0.8284217119216919,0.2445717751979828,0.5597480535507202,0.023000551387667656
29,85,True,1.0,1,0.8284240961074829,0.24459676444530487,0.5596688985824585,0.022973516955971718
29,86,True,1.0,1,0.8284096717834473,0.2446110099554062,0.5596561431884766,0.022964024916291237
29,87,True,1.0,1,0.8284332752227783,0.24463050067424774,0.5596307516098022,0.02295786701142788
29,88,True,1.0,1,0.8284412622451782,0.24465331435203552,0.5596246123313904,0.02295527793467045
29,89,True,1.0,1,0.828445315361023,0.2446431815624237,0.5596197247505188,0.022953778505325317
29,90,True,1.0,1,0.8284460306167603,0.24465195834636688,0.5596210956573486,0.0229552760720253
29,91,True,1.0,1,0.8284423351287842,0.244644433259964,0.5596215724945068,0.0229545459151268
29,92,True,1.0,1,0.8284432888031006,0.24544407427310944,0.559810996055603,0.023030228912830353
29,93,True,1.0,1,0.8284471035003662,0.24547220766544342,0.559752345085144,0.02301025204360485
29,94,True,1.0,1,0.8284332752227783,0.2455119490623474,0.5597138404846191,0.022992338985204697
29,95,True,1.0,1,0.8284405469894409,0.24552585184574127,0.5596935749053955,0.022985463961958885
29,96,True,1.0,1,0.8284410238265991,0.24552196264266968,0.5596930980682373,0.0229851845651865
29,97,True,1.0,1,0.8284388780593872,0.24551773071289062,0.559695303440094,0.022986987605690956
29,98,True,1.0,1,0.828433632850647,0.24551920592784882,0.5596969127655029,0.02298682928085327
29,99,True,1.0,1,0.8284355401992798,0.24551920592784882,0.5596959590911865,0.02298658713698387
29,100,True,1.0,1,0.828279972076416,0.24690823256969452,0.5602461695671082,0.023151904344558716
29,101,True,1.0,1,0.8282860517501831,0.24693836271762848,0.560192346572876,0.0231365617364645
29,102,True,1.0,1,0.828274130821228,0.2469394952058792,0.5601603984832764,0.023123683407902718
29,103,True,1.0,1,0.8282641172409058,0.24693530797958374,0.560150146484375,0.02311946637928486
29,104,True,1.0,1,0.8282572031021118,0.2469390332698822,0.560131847858429,0.023114217445254326
29,105,True,1.0,1,0.8282586336135864,0.24693918228149414,0.5601334571838379,0.02311656065285206
29,106,True,1.0,1,0.8282598257064819,0.24693946540355682,0.560139536857605,0.023119091987609863
29,107,True,1.0,1,0.8282572031021118,0.24693642556667328,0.5601405501365662,0.02311968244612217
29,108,False,0.0,1,0.8209714889526367,0.26163002848625183,0.5787269473075867,0.03194683790206909
29,109,False,0.0,1,0.8178160190582275,0.2628985643386841,0.5785806775093079,0.03159281983971596
29,110,False,0.0,1,0.8160654306411743,0.2638608515262604,0.5780128836631775,0.031253352761268616
29,111,False,0.0,1,0.8157036304473877,0.2640867233276367,0.5775160789489746,0.030997170135378838
29,112,False,0.0,1,0.8149111866950989,0.26474249362945557,0.5774253606796265,0.030951710417866707
29,113,False,0.0,1,0.8153610229492188,0.2664668560028076,0.5782828330993652,0.031373221427202225
29,114,False,0.0,1,0.8153167963027954,0.26664838194847107,0.5781636834144592,0.0313296802341938
29,115,False,0.0,1,0.8150184154510498,0.26681119203567505,0.5781915783882141,0.03137241676449776
29,116,False,0.0,1,0.8148279190063477,0.2672271132469177,0.5775443315505981,0.031023796647787094
29,117,False,0.0,1,0.8145276308059692,0.26780277490615845,0.5771034955978394,0.03084522858262062
29,118,False,0.0,1,0.8148656487464905,0.26798251271247864,0.5768002271652222,0.030719731003046036
29,119,False,0.0,1,0.8154922723770142,0.26824304461479187,0.576545774936676,0.030608704313635826
29,120,False,0.0,1,0.8159438371658325,0.26887091994285583,0.576582670211792,0.030643438920378685
29,121,False,0.0,1,0.8161886930465698,0.2690467834472656,0.5769175887107849,0.030798301100730896
29,122,False,0.0,1,0.8156675100326538,0.26951760053634644,0.5768600702285767,0.030749455094337463
29,123,False,0.0,1,0.8150178790092468,0.2701146602630615,0.5768983364105225,0.030822740867733955
29,124,False,0.0,1,0.8138608932495117,0.271037757396698,0.5765929222106934,0.030676214024424553
29,125,False,0.0,1,0.8134543895721436,0.2712109088897705,0.576564610004425,0.03068632259964943
29,126,False,0.0,1,0.8135519623756409,0.27068305015563965,0.5764122009277344,0.030615072697401047
29,127,False,0.0,1,0.8138058185577393,0.2702706456184387,0.576246440410614,0.03051150217652321
29,128,False,0.0,1,0.8140870928764343,0.26984089612960815,0.5767356157302856,0.030686993151903152
29,129,False,0.0,1,0.8144487142562866,0.26933327317237854,0.5768402218818665,0.030710997059941292
29,130,False,0.0,1,0.8156853914260864,0.26764020323753357,0.5770301818847656,0.030805803835392
29,131,False,0.0,1,0.8159615993499756,0.26691433787345886,0.5772053599357605,0.030883101746439934
29,132,False,0.0,1,0.816106915473938,0.26648685336112976,0.5769007205963135,0.03074863739311695
29,133,False,0.0,1,0.8159387707710266,0.2666507661342621,0.5770928859710693,0.030830277130007744
29,134,False,0.0,1,0.8158878684043884,0.2663361132144928,0.5768437385559082,0.03071444295346737
29,135,False,0.0,1,0.8163169622421265,0.26542928814888,0.5764731168746948,0.030550213530659676
29,136,False,0.0,1,0.8162857294082642,0.2662835121154785,0.5766756534576416,0.030607637017965317
29,137,False,0.0,1,0.8154125213623047,0.2677123248577118,0.5766089558601379,0.030538076534867287
29,138,False,0.0,1,0.8147433400154114,0.2682424783706665,0.5765423774719238,0.03044874593615532
29,139,False,0.0,1,0.8142333030700684,0.26858317852020264,0.5763630867004395,0.030389392748475075
29,140,False,0.0,1,0.8137898445129395,0.26903003454208374,0.5756587982177734,0.03021768480539322
29,141,False,0.0,1,0.8135812878608704,0.26932963728904724,0.5756272077560425,0.030226321890950203
29,142,False,0.0,1,0.8133666515350342,0.2695085406303406,0.5757924318313599,0.03034619800746441
29,143,False,0.0,1,0.8131253719329834,0.2692703306674957,0.5755670070648193,0.030330397188663483
29,144,False,0.0,1,0.8125852942466736,0.2689245045185089,0.5752938985824585,0.030230671167373657
30,0,False,0.0,0,0.7633905410766602,0.17826862633228302,0.5424712896347046,0.020832756534218788
30,1,False,0.0,1,0.8420401811599731,0.25011494755744934,0.5762443542480469,0.030901040881872177
30,2,False,0.0,1,0.8421957492828369,0.24981145560741425,0.5763281583786011,0.030911041423678398
30,3,False,0.0,1,0.842566967010498,0.24965320527553558,0.576036810874939,0.030866775661706924
30,4,False,0.0,1,0.8427149057388306,0.2495066225528717,0.5762503743171692,0.030916864052414894
30,5,False,0.0,1,0.8426110744476318,0.24953557550907135,0.5763444900512695,0.030911600217223167
30,6,False,0.0,1,0.8426089286804199,0.24969713389873505,0.5763356685638428,0.030871495604515076
30,7,False,0.0,1,0.842498779296875,0.2498292326927185,0.576106071472168,0.030810512602329254
30,8,False,0.0,1,0.8423818945884705,0.2500666081905365,0.5759650468826294,0.030741851776838303
30,9,False,0.0,1,0.8421244621276855,0.25031575560569763,0.5759543776512146,0.03070921078324318
30,10,False,0.0,1,0.8419182896614075,0.25036489963531494,0.5758153200149536,0.03067697398364544
30,11,False,0.0,1,0.841541051864624,0.25060945749282837,0.5752131938934326,0.030521949753165245
30,12,False,0.0,1,0.8413573503494263,0.2506093382835388,0.5751116275787354,0.030454544350504875
30,13,False,0.0,1,0.8410394787788391,0.2506590187549591,0.5750430822372437,0.030463222414255142
30,14,False,0.0,1,0.8408907055854797,0.25057151913642883,0.5749471783638,0.030431797727942467
30,15,False,0.0,1,0.8405941128730774,0.2507915198802948,0.5750240087509155,0.03051239810883999
30,16,False,0.0,1,0.8399468064308167,0.25095605850219727,0.5748163461685181,0.030467422679066658
30,17,False,0.0,1,0.8397243022918701,0.2508719563484192,0.574722945690155,0.03047988936305046
30,18,False,0.0,1,0.8391546607017517,0.2509002983570099,0.5747253894805908,0.030511707067489624
30,19,False,0.0,1,0.8388557434082031,0.25097259879112244,0.5743694305419922,0.030478259548544884
30,20,False,0.0,1,0.838496208190918,0.25099673867225647,0.5743029117584229,0.030469410121440887
30,21,False,0.0,1,0.8377783298492432,0.25156763195991516,0.5743296146392822,0.030519146472215652
30,22,False,0.0,1,0.8375884294509888,0.2517367899417877,0.5743237137794495,0.03051288053393364
30,23,False,0.0,1,0.8368898034095764,0.25207972526550293,0.5741990804672241,0.030495772138237953
30,24,False,0.0,1,0.8360082507133484,0.2522315979003906,0.5742174386978149,0.030557461082935333
30,25,False,0.0,1,0.8349007368087769,0.252523273229599,0.5742162466049194,0.030614057555794716
30,26,False,0.0,1,0.8338218927383423,0.25275471806526184,0.5743204951286316,0.03069491684436798
30,27,False,0.0,1,0.8331151008605957,0.2528851330280304,0.5741589069366455,0.030579576268792152
30,28,False,0.0,1,0.831798255443573,0.25318142771720886,0.573959231376648,0.030508851632475853
30,29,False,0.0,1,0.8313796520233154,0.2537060081958771,0.5738958120346069,0.03046831674873829
30,30,False,0.0,1,0.830096423625946,0.2546641528606415,0.5745307207107544,0.030609963461756706
30,31,False,0.0,1,0.828943133354187,0.25570279359817505,0.5742113590240479,0.0304111298173666
30,32,False,0.0,1,0.8284788131713867,0.2573087215423584,0.5735227465629578,0.03019643947482109
30,33,False,0.0,1,0.8264304995536804,0.25917837023735046,0.5727177262306213,0.029853174462914467
30,34,False,0.0,1,0.8254103064537048,0.26144278049468994,0.572325587272644,0.029825247824192047
30,35,False,0.0,1,0.8231220841407776,0.2641182839870453,0.572464644908905,0.02984265424311161
30,36,False,0.0,1,0.8203331232070923,0.26599135994911194,0.5726096630096436,0.02987551875412464
30,37,False,0.0,1,0.817477822303772,0.2686617970466614,0.5735657811164856,0.030301569029688835
30,38,False,0.0,1,0.815179169178009,0.27133315801620483,0.5737437605857849,0.03032982535660267
30,39,False,0.0,1,0.8144640922546387,0.27217650413513184,0.5736298561096191,0.03027166984975338
30,40,False,0.0,1,0.8148799538612366,0.27216020226478577,0.5737984776496887,0.030280163511633873
30,41,False,0.0,1,0.8155097365379333,0.27177613973617554,0.5742594003677368,0.030405281111598015
30,42,False,0.0,1,0.8161926865577698,0.2714982330799103,0.5742076635360718,0.030359087511897087
30,43,False,0.0,1,0.8159773349761963,0.2714841365814209,0.5747494697570801,0.030445750802755356
30,44,False,0.0,1,0.8159884214401245,0.2703301012516022,0.5747812986373901,0.030434302985668182
30,45,False,0.0,1,0.8168262839317322,0.2690809369087219,0.5750555992126465,0.03048369288444519
30,46,False,0.0,1,0.8177818059921265,0.26829278469085693,0.5751563310623169,0.030526598915457726
30,47,False,0.0,1,0.8175561428070068,0.2679004967212677,0.5750622749328613,0.03049665130674839
30,48,False,0.0,1,0.8170120716094971,0.26750147342681885,0.5749738216400146,0.03045535273849964
30,49,False,0.0,1,0.8171223998069763,0.2662728428840637,0.5749290585517883,0.030387938022613525
30,50,False,0.0,1,0.8167507648468018,0.2659904956817627,0.5750740766525269,0.030440788716077805
30,51,False,0.0,1,0.816247820854187,0.26603832840919495,0.5754805207252502,0.03040958382189274
30,52,True,0.020467836409807205,1,0.8150783777236938,0.2678181231021881,0.5752788782119751,0.03022332675755024
30,53,True,0.049707602709531784,1,0.8138467073440552,0.2674386203289032,0.5763943195343018,0.0305945947766304
30,54,True,0.07894736528396606,1,0.815542459487915,0.2655920088291168,0.5763621926307678,0.030508603900671005
30,55,True,0.10818713158369064,1,0.8181631565093994,0.26349884271621704,0.5753874182701111,0.030036600306630135
30,56,True,0.13742689788341522,1,0.8201460838317871,0.2613440155982971,0.574622631072998,0.029688021168112755
30,57,True,0.1666666716337204,1,0.8216512203216553,0.26052772998809814,0.5739538669586182,0.02931707538664341
30,58,True,0.19590643048286438,1,0.824582576751709,0.25689736008644104,0.5729597806930542,0.02899937517940998
30,59,True,0.22514620423316956,1,0.8256756067276001,0.25394168496131897,0.5741328001022339,0.02923274040222168
30,60,True,0.25438597798347473,1,0.8268830180168152,0.2512829005718231,0.5741469860076904,0.029262999072670937
30,61,True,0.2836257219314575,1,0.8261140584945679,0.25105562806129456,0.5748076438903809,0.029510535299777985
30,62,True,0.3128654956817627,1,0.8253065347671509,0.2525096535682678,0.5755163431167603,0.029787573963403702
30,63,True,0.34210526943206787,1,0.8245785236358643,0.2532043159008026,0.5756365060806274,0.02974972128868103
30,64,True,0.37134504318237305,1,0.8236597180366516,0.2534797489643097,0.5756275653839111,0.029717324301600456
30,65,True,0.40058478713035583,1,0.8237177133560181,0.2535364031791687,0.5764366388320923,0.030049897730350494
30,66,True,0.429824560880661,1,0.8245819807052612,0.25293096899986267,0.5763496160507202,0.03003198653459549
30,67,True,0.4590643346309662,1,0.825251579284668,0.25179487466812134,0.5771493315696716,0.03004578873515129
30,68,True,0.48830410838127136,1,0.8258605003356934,0.2516506612300873,0.576870322227478,0.029968423768877983
30,69,True,0.5175438523292542,1,0.8264205455780029,0.25111401081085205,0.5768464803695679,0.029948370531201363
30,70,True,0.5467836260795593,1,0.8286822438240051,0.2518373429775238,0.5771040916442871,0.030037568882107735
30,71,True,0.5760233998298645,1,0.827690601348877,0.25367671251296997,0.5763824582099915,0.029668791219592094
30,72,True,0.6052631735801697,1,0.8273003101348877,0.25425848364830017,0.5766700506210327,0.029769016429781914
30,73,True,0.6345029473304749,1,0.827865719795227,0.2544087767601013,0.5770373344421387,0.029947545379400253
30,74,True,0.6637426614761353,1,0.8267824649810791,0.25366175174713135,0.5760871171951294,0.029533563181757927
30,75,True,0.6929824352264404,1,0.8260961174964905,0.25329506397247314,0.5759945511817932,0.029187213629484177
30,76,True,0.7222222089767456,1,0.825741708278656,0.2534172236919403,0.5750146508216858,0.028823262080550194
30,77,True,0.7514619827270508,1,0.8253738880157471,0.25307345390319824,0.5755952596664429,0.029042165726423264
30,78,True,0.780701756477356,1,0.8252100348472595,0.25289762020111084,0.5751636028289795,0.028860483318567276
30,79,True,0.8099415302276611,1,0.8256094455718994,0.2523994445800781,0.57506263256073,0.02880808338522911
30,80,True,0.8391813039779663,1,0.8238672018051147,0.252424031496048,0.5748883485794067,0.028706621378660202
30,81,True,0.8684210777282715,1,0.8242026567459106,0.2520756125450134,0.5748075246810913,0.028665201738476753
30,82,True,0.8976607918739319,1,0.8245736360549927,0.2504459321498871,0.5753269195556641,0.028855472803115845
30,83,True,0.9269005656242371,1,0.8252408504486084,0.24908708035945892,0.574454665184021,0.028226997703313828
30,84,True,0.9561403393745422,1,0.8254758715629578,0.24898341298103333,0.5741536617279053,0.02801300399005413
30,85,True,0.9853801131248474,1,0.8258601427078247,0.24857135117053986,0.5728412866592407,0.027423886582255363
30,86,True,1.0,1,0.8249009251594543,0.2519494295120239,0.5607787370681763,0.022602573037147522
30,87,True,1.0,1,0.8252970576286316,0.25046002864837646,0.5612061023712158,0.02274809032678604
30,88,True,1.0,1,0.8253987431526184,0.24995921552181244,0.5611527562141418,0.022779027000069618
30,89,True,1.0,1,0.8253749012947083,0.249811053276062,0.5610097050666809,0.02275996282696724
30,90,True,1.0,1,0.825351893901825,0.24973317980766296,0.5609273910522461,0.02274368889629841
30,91,True,1.0,1,0.8254142999649048,0.2498491257429123,0.5611531734466553,0.022736383602023125
30,92,True,1.0,1,0.8254092931747437,0.24983862042427063,0.5611594915390015,0.022738080471754074
30,93,True,1.0,1,0.8254175186157227,0.24983231723308563,0.5611714720726013,0.022738881409168243
30,94,True,1.0,1,0.8254163265228271,0.2498382329940796,0.5611639022827148,0.022738266736268997
30,95,True,1.0,1,0.8254064321517944,0.2498275488615036,0.5611529350280762,0.022734716534614563
30,96,True,1.0,1,0.8254156112670898,0.249833881855011,0.5611463189125061,0.022734908387064934
30,97,True,1.0,1,0.8254127502441406,0.24983231723308563,0.56114661693573,0.022733887657523155
30,98,True,1.0,1,0.8254148960113525,0.2498343586921692,0.5611444711685181,0.02273358218371868
30,99,True,1.0,1,0.8254060745239258,0.2501005530357361,0.5618405938148499,0.022847993299365044
30,100,True,1.0,1,0.8253892660140991,0.2500891089439392,0.5618929862976074,0.02285895310342312
30,101,True,1.0,1,0.8253997564315796,0.2500826418399811,0.5619091987609863,0.02285814844071865
30,102,True,1.0,1,0.8253998756408691,0.2500895857810974,0.5619297027587891,0.022864006459712982
30,103,True,1.0,1,0.8253928422927856,0.25008347630500793,0.5619379281997681,0.02286527492105961
30,104,True,1.0,1,0.8253970146179199,0.2500927448272705,0.5619312524795532,0.022864872589707375
30,105,True,1.0,1,0.8254032135009766,0.250093936920166,0.561933159828186,0.022865984588861465
30,106,True,1.0,1,0.8254051208496094,0.2500952482223511,0.5619332790374756,0.022864937782287598
30,107,True,1.0,1,0.8254458904266357,0.2502709627151489,0.5625623464584351,0.023014932870864868
30,108,True,1.0,1,0.825432300567627,0.2502673864364624,0.5625838041305542,0.02301100827753544
30,109,True,1.0,1,0.8254268169403076,0.2502734661102295,0.5625950694084167,0.023008888587355614
30,110,True,1.0,1,0.8254380226135254,0.2502775490283966,0.5626043081283569,0.02301255241036415
30,111,True,1.0,1,0.8254373073577881,0.2502765357494354,0.5625989437103271,0.023009594529867172
30,112,True,1.0,1,0.8254340887069702,0.25028353929519653,0.5625988245010376,0.023011675104498863
30,113,True,1.0,1,0.8254376649856567,0.2502800524234772,0.5626012086868286,0.023010309785604477
30,114,True,1.0,1,0.8254368305206299,0.25028425455093384,0.5625991225242615,0.023011665791273117
30,115,True,1.0,1,0.8253123760223389,0.2503001093864441,0.5634375810623169,0.02330908179283142
30,116,True,1.0,1,0.8253188133239746,0.2502765655517578,0.5634708404541016,0.023305203765630722
30,117,True,1.0,1,0.825322151184082,0.25026240944862366,0.5634931325912476,0.02330954000353813
30,118,True,1.0,1,0.8253238201141357,0.25026053190231323,0.5635008811950684,0.02330983802676201
30,119,True,1.0,1,0.8253273963928223,0.2502610385417938,0.5634963512420654,0.023306431248784065
30,120,True,1.0,1,0.8253264427185059,0.2502553462982178,0.5634931921958923,0.023308295756578445
30,121,True,1.0,1,0.825325608253479,0.2502509355545044,0.5634980797767639,0.023308465257287025
30,122,True,1.0,1,0.8253270387649536,0.2502533197402954,0.5634987354278564,0.023308586329221725
30,123,True,1.0,1,0.8252863883972168,0.2504149377346039,0.5641539096832275,0.023577697575092316
30,124,True,1.0,1,0.8252975940704346,0.2504536509513855,0.564185380935669,0.023580128327012062
30,125,True,1.0,1,0.8252915143966675,0.25045517086982727,0.564198911190033,0.02357669360935688
30,126,True,1.0,1,0.8252946138381958,0.25045520067214966,0.5642046928405762,0.023574525490403175
30,127,True,1.0,1,0.8252909183502197,0.25046128034591675,0.5642105340957642,0.023575350642204285
30,128,True,1.0,1,0.8252930641174316,0.2504599690437317,0.5642263889312744,0.023578926920890808
30,129,False,0.0,1,0.8200410008430481,0.26859304308891296,0.5824933052062988,0.03164107725024223
30,130,False,0.0,1,0.8178437948226929,0.2705908715724945,0.5823370814323425,0.031373705714941025
30,131,False,0.0,1,0.8143324851989746,0.2728344202041626,0.5820897221565247,0.03119058907032013
30,132,False,0.0,1,0.8128585815429688,0.2738025486469269,0.5816649794578552,0.03099551424384117
30,133,False,0.0,1,0.8119469881057739,0.2743588387966156,0.5815587043762207,0.030953017994761467
30,134,False,0.0,1,0.8118517398834229,0.27426677942276,0.5813605785369873,0.03087155520915985
30,135,False,0.0,1,0.811829686164856,0.2742253243923187,0.5811564326286316,0.03078993782401085
30,136,False,0.0,1,0.8121451139450073,0.27383771538734436,0.5811477899551392,0.030849022790789604
30,137,False,0.0,1,0.8128014802932739,0.2728581428527832,0.581157922744751,0.030878067016601562
30,138,False,0.0,1,0.8138474225997925,0.2721230983734131,0.5812336206436157,0.030915774405002594
30,139,False,0.0,1,0.8147941827774048,0.27160438895225525,0.5814478993415833,0.031007150188088417
30,140,False,0.0,1,0.8156849145889282,0.2707424461841583,0.5815294981002808,0.031047681346535683
30,141,False,0.0,1,0.8167228102684021,0.27008768916130066,0.5816997289657593,0.031115489080548286
30,142,False,0.0,1,0.8175832033157349,0.2696097493171692,0.5817810893058777,0.03117114119231701
30,143,False,0.0,1,0.8179961442947388,0.26917222142219543,0.5822104215621948,0.03131650760769844
30,144,False,0.0,1,0.8185311555862427,0.2687442898750305,0.5823150873184204,0.03135116025805473
30,145,False,0.0,1,0.8190516233444214,0.268483966588974,0.5821822881698608,0.03127366304397583
30,146,False,0.0,1,0.8193346261978149,0.2683255672454834,0.5822889804840088,0.031318582594394684
30,147,False,0.0,1,0.8188660144805908,0.2683006823062897,0.5821038484573364,0.03122641146183014
30,148,False,0.0,1,0.8189026117324829,0.26819276809692383,0.5820128917694092,0.031174510717391968
30,149,False,0.0,1,0.8184556365013123,0.2681537866592407,0.5817573666572571,0.031078310683369637
30,150,False,0.0,1,0.8180745840072632,0.2678404152393341,0.5818041563034058,0.031093014404177666
30,151,False,0.0,1,0.8175616264343262,0.26737701892852783,0.5819648504257202,0.031154578551650047
30,152,False,0.0,1,0.817788302898407,0.2669546902179718,0.5823659896850586,0.03128977492451668
30,153,False,0.0,1,0.8180168867111206,0.2663961350917816,0.5825744867324829,0.031334564089775085
30,154,False,0.0,1,0.8175166845321655,0.2666414976119995,0.5824083089828491,0.031241565942764282
30,155,False,0.0,1,0.8169381618499756,0.2674422264099121,0.5820627212524414,0.03117470070719719
30,156,False,0.0,1,0.8165168762207031,0.2684115767478943,0.5823922157287598,0.03127867728471756
30,157,False,0.0,1,0.8152298927307129,0.2697315216064453,0.5826696753501892,0.03138349577784538
30,158,False,0.0,1,0.8150172829627991,0.2704109847545624,0.5827677249908447,0.031431183218955994
30,159,False,0.0,1,0.8147776126861572,0.2703491449356079,0.5827188491821289,0.031404487788677216
30,160,False,0.0,1,0.814977765083313,0.27023714780807495,0.5826897025108337,0.031387366354465485
30,161,False,0.0,1,0.8151280879974365,0.26993754506111145,0.5826729536056519,0.03134849667549133
30,162,False,0.0,1,0.8147364258766174,0.27005964517593384,0.5826585292816162,0.031332828104496
30,163,False,0.0,1,0.8144354224205017,0.27009478211402893,0.5817869901657104,0.031165320426225662
30,164,False,0.0,1,0.8136746883392334,0.27050426602363586,0.5814172029495239,0.03101288713514805
30,165,False,0.0,1,0.8128449320793152,0.2702808380126953,0.5808895826339722,0.03081299178302288
30,166,False,0.0,1,0.8117190599441528,0.27050110697746277,0.5808160305023193,0.03082805499434471
30,167,False,0.0,1,0.8106518983840942,0.27041736245155334,0.5806249380111694,0.030767569318413734
30,168,False,0.0,1,0.8101032972335815,0.2704399824142456,0.5805593132972717,0.030759161338210106
30,169,False,0.0,1,0.8100818395614624,0.2701600193977356,0.580350399017334,0.03066387213766575
30,170,False,0.0,1,0.8102365732192993,0.2696191966533661,0.5803712606430054,0.030654264613986015
30,171,False,0.0,1,0.8099891543388367,0.26953125,0.5795015096664429,0.03046220727264881
31,0,False,0.0,0,0.7784513235092163,0.18651075661182404,0.5427342653274536,0.019505096599459648
31,1,False,0.0,1,0.8431652784347534,0.25187674164772034,0.5803616046905518,0.030965521931648254
31,2,False,0.0,1,0.8437004089355469,0.2512179911136627,0.5803931951522827,0.030973032116889954
31,3,False,0.0,1,0.8444047570228577,0.25072064995765686,0.5803942680358887,0.03099980019032955
31,4,False,0.0,1,0.8445307016372681,0.25009921193122864,0.5805514454841614,0.03106081113219261
31,5,False,0.0,1,0.8444868326187134,0.2498946338891983,0.580582857131958,0.031031401827931404
31,6,False,0.0,1,0.8442976474761963,0.24995799362659454,0.580592155456543,0.031024044379591942
31,7,False,0.0,1,0.8438533544540405,0.24988390505313873,0.5797456502914429,0.030751865357160568
31,8,False,0.0,1,0.8438584208488464,0.24974051117897034,0.579625129699707,0.030718808993697166
31,9,False,0.0,1,0.8441087603569031,0.24970053136348724,0.5796160697937012,0.030685976147651672
31,10,False,0.0,1,0.8439871072769165,0.2502201795578003,0.5797849893569946,0.030767586082220078
31,11,False,0.0,1,0.8436768054962158,0.250494122505188,0.5800600051879883,0.030840599909424782
31,12,False,0.0,1,0.8430835008621216,0.25108662247657776,0.5801399946212769,0.03085300512611866
31,13,False,0.0,1,0.8423763513565063,0.2518579065799713,0.5802008509635925,0.030875224620103836
31,14,False,0.0,1,0.8419467806816101,0.25252944231033325,0.5800939202308655,0.03082900121808052
31,15,False,0.0,1,0.8415131568908691,0.2530938684940338,0.5794469118118286,0.030608586966991425
31,16,False,0.0,1,0.8412230610847473,0.2535337507724762,0.579602837562561,0.030659176409244537
31,17,False,0.0,1,0.8404857516288757,0.25406670570373535,0.5794437527656555,0.03060193918645382
31,18,False,0.0,1,0.8407435417175293,0.25405415892601013,0.57899010181427,0.03047782927751541
31,19,False,0.0,1,0.8398433327674866,0.2545331120491028,0.5791531205177307,0.030506838113069534
31,20,False,0.0,1,0.8390023112297058,0.25504669547080994,0.5789179801940918,0.03042805753648281
31,21,False,0.0,1,0.837114691734314,0.2556993365287781,0.5788459777832031,0.030441034585237503
31,22,False,0.0,1,0.8357601165771484,0.2562560439109802,0.5791016221046448,0.03059329465031624
31,23,False,0.0,1,0.8342179656028748,0.25684356689453125,0.5783435106277466,0.030366526916623116
31,24,False,0.0,1,0.8331091403961182,0.2573572099208832,0.578210175037384,0.030439011752605438
31,25,False,0.0,1,0.8320290446281433,0.25808680057525635,0.5784709453582764,0.030585484579205513
31,26,False,0.0,1,0.8309500217437744,0.2584870159626007,0.5790281295776367,0.030756432563066483
31,27,False,0.0,1,0.8299403786659241,0.25905343890190125,0.5791082382202148,0.03074655309319496
31,28,False,0.0,1,0.8298488855361938,0.25918471813201904,0.5791458487510681,0.030743977054953575
31,29,False,0.0,1,0.8290671706199646,0.2596262991428375,0.578879714012146,0.03060215152800083
31,30,False,0.0,1,0.8281362056732178,0.2602143883705139,0.5785839557647705,0.030477024614810944
31,31,False,0.0,1,0.8277085423469543,0.2603227198123932,0.5784217119216919,0.03045925684273243
31,32,False,0.0,1,0.8272073268890381,0.2607123553752899,0.5782585144042969,0.0304462518543005
31,33,False,0.0,1,0.8267501592636108,0.2619503438472748,0.578393816947937,0.03048919141292572
31,34,True,0.01785714365541935,1,0.8250814080238342,0.2641060948371887,0.5787239074707031,0.030556226149201393
31,35,True,0.0625,1,0.824804425239563,0.2624971568584442,0.5767680406570435,0.02973095141351223
31,36,True,0.1071428582072258,1,0.8278598189353943,0.2590465247631073,0.575556218624115,0.029208596795797348
31,37,True,0.1517857164144516,1,0.8315780758857727,0.255974143743515,0.5761293172836304,0.0294038038700819
31,38,True,0.1964285671710968,1,0.8329906463623047,0.2544655203819275,0.576382040977478,0.02956397645175457
31,39,True,0.2410714328289032,1,0.82887202501297,0.2547718584537506,0.5766496658325195,0.029684966430068016
31,40,True,0.2857142984867096,1,0.8239327669143677,0.2586005926132202,0.5775837898254395,0.030009722337126732
31,41,True,0.3303571343421936,1,0.8248404264450073,0.25599613785743713,0.5772198438644409,0.029808150604367256
31,42,True,0.375,1,0.8256601095199585,0.25522086024284363,0.5764758586883545,0.029504766687750816
31,43,True,0.4196428656578064,1,0.8258417844772339,0.2550278306007385,0.5768100023269653,0.029578058049082756
31,44,True,0.4642857015132904,1,0.8260042667388916,0.255323588848114,0.5762552618980408,0.02928103320300579
31,45,True,0.5089285969734192,1,0.8265607357025146,0.2561439275741577,0.5753296613693237,0.02893533557653427
31,46,True,0.5535714030265808,1,0.826557993888855,0.2569650113582611,0.5742155313491821,0.028556765988469124
31,47,True,0.5982142686843872,1,0.8266283273696899,0.25704631209373474,0.5758160352706909,0.029295049607753754
31,48,True,0.6428571343421936,1,0.8268822431564331,0.2566598057746887,0.5759850740432739,0.029374470934271812
31,49,True,0.6875,1,0.8269641399383545,0.2561708390712738,0.5760169625282288,0.029441306367516518
31,50,True,0.7321428656578064,1,0.8260632753372192,0.2556849718093872,0.5756083726882935,0.029285991564393044
31,51,True,0.7767857313156128,1,0.8258740305900574,0.25480765104293823,0.5743676424026489,0.0287588182836771
31,52,True,0.8214285969734192,1,0.8276721835136414,0.2537807822227478,0.573635995388031,0.028527017682790756
31,53,True,0.8660714030265808,1,0.8293615579605103,0.25276315212249756,0.5735507011413574,0.028440508991479874
31,54,True,0.9107142686843872,1,0.8289022445678711,0.2528363764286041,0.5729759335517883,0.02818429097533226
31,55,True,0.9553571343421936,1,0.8279434442520142,0.252821147441864,0.5728131532669067,0.0280632134526968
31,56,True,1.0,1,0.825697660446167,0.25441059470176697,0.5604375600814819,0.022645873948931694
31,57,True,1.0,1,0.8258187174797058,0.25410062074661255,0.5603500604629517,0.022785356268286705
31,58,True,1.0,1,0.8258325457572937,0.2540571987628937,0.560011625289917,0.02281574159860611
31,59,True,1.0,1,0.8257926106452942,0.25404873490333557,0.5597386360168457,0.02279956266283989
31,60,True,1.0,1,0.8257747292518616,0.2540520429611206,0.5596091747283936,0.022784261032938957
31,61,True,1.0,1,0.8257689476013184,0.25405704975128174,0.5595101118087769,0.02277265675365925
31,62,True,1.0,1,0.8257631063461304,0.25406408309936523,0.5594586133956909,0.02276398427784443
31,63,True,1.0,1,0.8258383870124817,0.2539314031600952,0.5602065324783325,0.022909021005034447
31,64,True,1.0,1,0.8258394002914429,0.2539388835430145,0.5603609085083008,0.02294490858912468
31,65,True,1.0,1,0.8258394002914429,0.2539401650428772,0.5604251623153687,0.02296622283756733
31,66,True,1.0,1,0.8258408308029175,0.2539389431476593,0.5604610443115234,0.0229780450463295
31,67,True,1.0,1,0.8258414268493652,0.2539471387863159,0.5604711174964905,0.022978145629167557
31,68,True,1.0,1,0.8258398771286011,0.2539421021938324,0.5604859590530396,0.02298283390700817
31,69,True,1.0,1,0.8258401155471802,0.25394150614738464,0.5604856014251709,0.022982552647590637
31,70,True,1.0,1,0.8258398771286011,0.2539421021938324,0.5604871511459351,0.022982550784945488
31,71,True,1.0,1,0.82586270570755,0.25381800532341003,0.5611633658409119,0.023085568100214005
31,72,True,1.0,1,0.8258633017539978,0.25381261110305786,0.5613203048706055,0.02313990890979767
31,73,True,1.0,1,0.8258578181266785,0.2538011372089386,0.5613971948623657,0.02316369116306305
31,74,True,1.0,1,0.8258600234985352,0.253802090883255,0.5614335536956787,0.023174265399575233
31,75,True,1.0,1,0.8258616328239441,0.2538018524646759,0.5614547729492188,0.023180214688181877
31,76,True,1.0,1,0.8258611559867859,0.2537986934185028,0.5614609122276306,0.023181861266493797
31,77,True,1.0,1,0.8258618712425232,0.25379663705825806,0.5614554286003113,0.023183496668934822
31,78,True,1.0,1,0.825861394405365,0.25379806756973267,0.5614567995071411,0.023182986304163933
31,79,True,1.0,1,0.8259149193763733,0.2535383403301239,0.5620865821838379,0.023284252732992172
31,80,True,1.0,1,0.8259239196777344,0.2535233795642853,0.5622230768203735,0.023324299603700638
31,81,True,1.0,1,0.825920581817627,0.25352078676223755,0.5623002052307129,0.0233431626111269
31,82,True,1.0,1,0.8259180784225464,0.2535197138786316,0.5623229742050171,0.023354167118668556
31,83,True,1.0,1,0.8259196281433105,0.2535284459590912,0.5623375177383423,0.02335963398218155
31,84,False,0.0,1,0.8257989883422852,0.26398172974586487,0.5786792039871216,0.03125564381480217
31,85,False,0.0,1,0.8245812654495239,0.26496994495391846,0.5790359973907471,0.031119897961616516
31,86,False,0.0,1,0.8232938051223755,0.2660929262638092,0.578860878944397,0.030985910445451736
31,87,False,0.0,1,0.8225223422050476,0.26666805148124695,0.5788627862930298,0.030976224690675735
31,88,False,0.0,1,0.8215230703353882,0.2677876055240631,0.5785582065582275,0.03086468204855919
31,89,False,0.0,1,0.8201704621315002,0.2691507339477539,0.5788553357124329,0.030965076759457588
31,90,False,0.0,1,0.8184239864349365,0.2705007493495941,0.5783989429473877,0.030808117240667343
31,91,False,0.0,1,0.8166102170944214,0.27192172408103943,0.5785824060440063,0.03085608035326004
31,92,False,0.0,1,0.8149092197418213,0.2734934985637665,0.577884316444397,0.030546022579073906
31,93,False,0.0,1,0.8133723139762878,0.2747010588645935,0.5779115557670593,0.030567551031708717
31,94,False,0.0,1,0.8113129138946533,0.2761977016925812,0.5782164931297302,0.03075462579727173
