episode_id,timestep,occlusion_flag,occlusion_strength,history_size,cog_alpha_mean,cog_alpha_std,per_alpha_mean,per_alpha_std
26,18,False,0.0,0,0.658585786819458,0.13649874925613403,0.5026372671127319,0.0033804927952587605
26,19,False,0.0,1,0.7859776020050049,0.25656622648239136,0.5087338089942932,0.014468629844486713
26,20,False,0.0,1,0.7870098352432251,0.2550988793373108,0.5082265734672546,0.014463751576840878
26,21,False,0.0,1,0.7864591479301453,0.25561606884002686,0.507527768611908,0.014490221627056599
26,22,False,0.0,1,0.7860850691795349,0.2551042139530182,0.5084556341171265,0.014435702934861183
26,23,False,0.0,1,0.7870599031448364,0.2555098235607147,0.5078557729721069,0.01435734611004591
26,24,False,0.0,1,0.7856458425521851,0.25519147515296936,0.5081847906112671,0.01432773657143116
26,25,False,0.0,1,0.78658127784729,0.25545620918273926,0.5076316595077515,0.014359504915773869
26,26,False,0.0,1,0.7859396934509277,0.2554056942462921,0.5077841281890869,0.014554138295352459
26,27,True,0.04545454680919647,1,0.7845691442489624,0.25628042221069336,0.5073902606964111,0.014593412168323994
26,28,True,0.12121212482452393,1,0.7831360101699829,0.25713256001472473,0.5074712634086609,0.01480264775454998
26,29,True,0.19696970283985138,1,0.7850505113601685,0.2544705271720886,0.5073574185371399,0.014813743531703949
26,30,True,0.27272728085517883,1,0.7845780253410339,0.2538178265094757,0.5073575973510742,0.014828477054834366
26,31,True,0.3484848439693451,1,0.7821146249771118,0.2550075352191925,0.5089194774627686,0.014888954348862171
26,32,True,0.42424243688583374,1,0.7846518754959106,0.2528546154499054,0.5089936256408691,0.014744841493666172
26,33,True,0.5,1,0.7854865789413452,0.252732515335083,0.5083040595054626,0.015025907196104527
7,63,False,0.0,0,0.6667351722717285,0.13327103853225708,0.5022108554840088,0.0031995121389627457
7,64,False,0.0,1,0.7906229496002197,0.25195515155792236,0.5063753128051758,0.014307118020951748
7,65,False,0.0,1,0.7910357117652893,0.2522260248661041,0.5080615282058716,0.014201751910150051
7,66,False,0.0,1,0.789384126663208,0.2524995803833008,0.5086650848388672,0.014420127496123314
7,67,False,0.0,1,0.7910857796669006,0.2524029314517975,0.5077682733535767,0.014178162440657616
7,68,False,0.0,1,0.7912055253982544,0.2523726224899292,0.5081156492233276,0.014492187649011612
7,69,False,0.0,1,0.7908607125282288,0.25186800956726074,0.5082423686981201,0.014452377334237099
7,70,False,0.0,1,0.7916043996810913,0.2514655888080597,0.5078950524330139,0.014227439649403095
7,71,False,0.0,1,0.7916015386581421,0.2516452670097351,0.508082926273346,0.014550452120602131
7,72,False,0.0,1,0.7905310988426208,0.2532426714897156,0.5088077783584595,0.014489736407995224
7,73,False,0.0,1,0.7901992797851562,0.25273245573043823,0.5081620812416077,0.014697995968163013
7,74,False,0.0,1,0.7878162264823914,0.25360944867134094,0.5094131231307983,0.014687640592455864
7,75,False,0.0,1,0.7889329195022583,0.2527494430541992,0.509308934211731,0.0145771075040102
7,76,False,0.0,1,0.7891637086868286,0.2532718777656555,0.5084702372550964,0.014762544073164463
7,77,False,0.0,1,0.7879909873008728,0.25373873114585876,0.5095164179801941,0.014793946407735348
7,78,False,0.0,1,0.7879990339279175,0.25429102778434753,0.5086077451705933,0.014819539152085781
56,18,False,0.0,0,0.6454405784606934,0.117269366979599,0.5028655529022217,0.003423458430916071
56,19,False,0.0,1,0.7848515510559082,0.25425267219543457,0.5104857683181763,0.014853728003799915
56,20,False,0.0,1,0.7867617011070251,0.2523826062679291,0.509891927242279,0.014849800616502762
56,21,False,0.0,1,0.785294234752655,0.25395429134368896,0.5102653503417969,0.014952543191611767
56,22,False,0.0,1,0.7883537411689758,0.252590149641037,0.5100185871124268,0.01491111982613802
56,23,False,0.0,1,0.7863376140594482,0.25277769565582275,0.5102201700210571,0.014854584820568562
56,24,False,0.0,1,0.7877336740493774,0.25265225768089294,0.5109041929244995,0.01504505518823862
56,25,False,0.0,1,0.788007915019989,0.25217366218566895,0.5097469091415405,0.014845022931694984
56,26,True,0.03125,1,0.7880808115005493,0.251735657453537,0.5094550848007202,0.014778115786612034
56,27,True,0.109375,1,0.7867612838745117,0.25214657187461853,0.5097951292991638,0.015052174217998981
56,28,True,0.1875,1,0.7845097780227661,0.2543575167655945,0.510191023349762,0.015227248892188072
56,29,True,0.265625,1,0.7861947417259216,0.2525034546852112,0.5091050863265991,0.015347770415246487
56,30,True,0.34375,1,0.7881618738174438,0.25005796551704407,0.5111589431762695,0.015247086063027382
56,31,True,0.421875,1,0.7885100841522217,0.25075483322143555,0.5099596977233887,0.015137266367673874
56,32,True,0.5,1,0.7885057926177979,0.2511141002178192,0.5126409530639648,0.015502738766372204
56,33,True,0.578125,1,0.788907527923584,0.25041887164115906,0.5108215808868408,0.015126884914934635
24,32,False,0.0,0,0.6590893268585205,0.1276262104511261,0.501903235912323,0.003417125903069973
24,33,False,0.0,1,0.7877510786056519,0.2517649233341217,0.5082570314407349,0.014925002120435238
24,34,False,0.0,1,0.7877596616744995,0.25087714195251465,0.5083693861961365,0.014932469464838505
24,35,False,0.0,1,0.7870655059814453,0.2520104646682739,0.5081773400306702,0.014765565283596516
24,36,False,0.0,1,0.7887978553771973,0.2513861060142517,0.5078601837158203,0.014647025614976883
24,37,False,0.0,1,0.7898289561271667,0.25107091665267944,0.5072532892227173,0.01461526844650507
24,38,False,0.0,1,0.7887589335441589,0.2516688406467438,0.5069297552108765,0.014570723287761211
24,39,False,0.0,1,0.787826657295227,0.25160759687423706,0.5078921914100647,0.014719379134476185
24,40,True,0.009900989942252636,1,0.7892992496490479,0.250313401222229,0.5056595802307129,0.015361733734607697
24,41,True,0.05000000074505806,1,0.7905794978141785,0.25113537907600403,0.5062764883041382,0.015180155634880066
24,42,True,0.10000000149011612,1,0.7896994352340698,0.24984557926654816,0.5055510997772217,0.015180859714746475
24,43,True,0.15000000596046448,1,0.7885581851005554,0.2499556541442871,0.5057699680328369,0.015036311000585556
24,44,True,0.20000000298023224,1,0.78900146484375,0.250601589679718,0.5050687789916992,0.015379666350781918
24,45,True,0.25,1,0.7918226718902588,0.24966388940811157,0.505016565322876,0.01544581912457943
24,46,True,0.30000001192092896,1,0.7896037101745605,0.24918948113918304,0.5047053098678589,0.015705980360507965
24,47,True,0.3499999940395355,1,0.790343165397644,0.24997736513614655,0.5055820345878601,0.015917543321847916
37,20,False,0.0,0,0.6648988723754883,0.12856000661849976,0.5006356835365295,0.0035151869524270296
37,21,False,0.0,1,0.7873351573944092,0.25171390175819397,0.5050234198570251,0.015713850036263466
37,22,False,0.0,1,0.7879303097724915,0.24933388829231262,0.5049460530281067,0.015613586641848087
37,23,False,0.0,1,0.7896803021430969,0.24980199337005615,0.5028880834579468,0.015972241759300232
37,24,False,0.0,1,0.7898416519165039,0.24973447620868683,0.5042681097984314,0.015736950561404228
37,25,False,0.0,1,0.7878760099411011,0.24991148710250854,0.50482577085495,0.015835095196962357
37,26,False,0.0,1,0.7877437472343445,0.24878527224063873,0.5034957528114319,0.015918444842100143
37,27,False,0.0,1,0.788360595703125,0.2489209771156311,0.5039175152778625,0.01565559022128582
37,28,False,0.0,1,0.7886139154434204,0.249250590801239,0.5028160810470581,0.016479982063174248
37,29,False,0.0,1,0.788143515586853,0.24887123703956604,0.5024236440658569,0.016252368688583374
37,30,False,0.0,1,0.7872903347015381,0.2486037164926529,0.5021394491195679,0.01624620333313942
37,31,False,0.0,1,0.7883015871047974,0.2485615760087967,0.5026136636734009,0.016343161463737488
37,32,False,0.0,1,0.788479208946228,0.24752193689346313,0.5023298263549805,0.016512250527739525
37,33,False,0.0,1,0.7887173295021057,0.24821904301643372,0.5020028352737427,0.01652144454419613
37,34,False,0.0,1,0.7873736619949341,0.24861407279968262,0.5026355385780334,0.0163190346211195
37,35,False,0.0,1,0.7874375581741333,0.2488875687122345,0.5033656358718872,0.01647251658141613
189,175,False,0.0,0,0.6620023250579834,0.12773557007312775,0.5010908842086792,0.004118327051401138
189,176,False,0.0,1,0.792316198348999,0.2495243102312088,0.5055242776870728,0.01826639473438263
189,177,False,0.0,1,0.7877148389816284,0.2522525489330292,0.5050407648086548,0.01799086295068264
189,178,False,0.0,1,0.7903298139572144,0.24992962181568146,0.5058677196502686,0.018282989040017128
189,179,False,0.0,1,0.7885378003120422,0.2500978410243988,0.5055608153343201,0.01798073947429657
189,180,False,0.0,1,0.7903687953948975,0.2494916170835495,0.5059826970100403,0.018092917278409004
189,181,False,0.0,1,0.7911010384559631,0.2486189752817154,0.5056061744689941,0.018140234053134918
189,182,False,0.0,1,0.7878038287162781,0.25103724002838135,0.5053168535232544,0.018124151974916458
189,183,False,0.0,1,0.7894847393035889,0.24816447496414185,0.5046959519386292,0.018486957997083664
189,184,False,0.0,1,0.7912604808807373,0.2469765841960907,0.5050031542778015,0.01863660104572773
189,185,False,0.0,1,0.7903053760528564,0.2475048452615738,0.50445556640625,0.018719423562288284
189,186,False,0.0,1,0.7889719605445862,0.2487155944108963,0.5038872957229614,0.018505137413740158
189,187,False,0.0,1,0.7868798971176147,0.2508796155452728,0.504010796546936,0.018379585817456245
189,188,False,0.0,1,0.7921894788742065,0.2461543083190918,0.504234790802002,0.01851346716284752
189,189,False,0.0,1,0.7917829751968384,0.24713853001594543,0.5044364929199219,0.018643826246261597
189,190,False,0.0,1,0.7897117137908936,0.24894770979881287,0.504438042640686,0.01858789101243019
153,114,False,0.0,0,0.6610150337219238,0.13790841400623322,0.5001498460769653,0.00406250124797225
153,115,False,0.0,1,0.7806824445724487,0.2505134046077728,0.4999120235443115,0.01784731075167656
153,116,False,0.0,1,0.7755950093269348,0.24768449366092682,0.5011600255966187,0.01768902689218521
153,117,False,0.0,1,0.7760199308395386,0.24478837847709656,0.4996993839740753,0.018083933740854263
153,118,False,0.0,1,0.7765768766403198,0.24592261016368866,0.5010924935340881,0.017703941091895103
153,119,False,0.0,1,0.7749873399734497,0.24528855085372925,0.5007656812667847,0.017976131290197372
153,120,False,0.0,1,0.7694506645202637,0.23906564712524414,0.49950382113456726,0.018116263672709465
153,121,False,0.0,1,0.7753604650497437,0.24293369054794312,0.5004715919494629,0.018093837425112724
153,122,True,0.003267973894253373,1,0.579500675201416,0.08963991701602936,0.4998266100883484,0.017776664346456528
153,123,True,0.016393441706895828,1,0.6013839244842529,0.1009538397192955,0.4991636276245117,0.01787121221423149
153,124,True,0.032786883413791656,1,0.7332191467285156,0.18806031346321106,0.4987894296646118,0.018014241009950638
153,125,True,0.04918032884597778,1,0.5696501731872559,0.0854717493057251,0.501052975654602,0.017790263518691063
153,126,True,0.06557376682758331,1,0.7462098598480225,0.19674761593341827,0.5012985467910767,0.01780041493475437
153,127,True,0.08196721225976944,1,0.5438838005065918,0.09022805839776993,0.5002892017364502,0.01805436797440052
153,128,True,0.09836065769195557,1,0.7000715732574463,0.14680121839046478,0.5014883279800415,0.017962615936994553
153,129,True,0.1147540956735611,1,0.7901304960250854,0.23846614360809326,0.5024166107177734,0.017601260915398598
164,112,False,0.0,0,0.6768825054168701,0.14259231090545654,0.5002838969230652,0.004007379524409771
164,113,False,0.0,1,0.48704075813293457,0.10051165521144867,0.5005251169204712,0.017730047926306725
164,114,False,0.0,1,0.34562844038009644,0.20166143774986267,0.4995642304420471,0.017594413831830025
164,115,False,0.0,1,0.6655802726745605,0.133208766579628,0.5000395774841309,0.017620749771595
164,116,False,0.0,1,0.3863321542739868,0.1729939877986908,0.500694990158081,0.017594721168279648
164,117,False,0.0,1,0.3754599094390869,0.17821255326271057,0.5004146099090576,0.017411043867468834
164,118,False,0.0,1,0.369865357875824,0.18936549127101898,0.5017344355583191,0.017244184389710426
164,119,False,0.0,1,0.3470849394798279,0.20474115014076233,0.49998635053634644,0.017522312700748444
164,120,False,0.0,1,0.7713608145713806,0.23293784260749817,0.5014002323150635,0.017022958025336266
164,121,False,0.0,1,0.7755353450775146,0.23813903331756592,0.5016459822654724,0.017306262627243996
164,122,False,0.0,1,0.7679088115692139,0.22991980612277985,0.5008173584938049,0.0171812791377306
164,123,False,0.0,1,0.7691726684570312,0.22660215198993683,0.5005447864532471,0.017062149941921234
164,124,False,0.0,1,0.7641847729682922,0.2229984849691391,0.5001305937767029,0.017122676596045494
164,125,False,0.0,1,0.7873038649559021,0.24662204086780548,0.49938881397247314,0.017088456079363823
164,126,False,0.0,1,0.7676181793212891,0.2204609215259552,0.5007887482643127,0.01699301227927208
164,127,False,0.0,1,0.7704731225967407,0.2159620076417923,0.500501811504364,0.017298031598329544
51,55,False,0.0,0,0.6541762351989746,0.13295234739780426,0.5007178783416748,0.0037879133597016335
51,56,False,0.0,1,0.7846649885177612,0.2553674876689911,0.5025327205657959,0.01696343719959259
51,57,False,0.0,1,0.7843229174613953,0.2552117109298706,0.5026625990867615,0.01692238263785839
51,58,False,0.0,1,0.7847476005554199,0.25484681129455566,0.5034490823745728,0.01693938858807087
51,59,False,0.0,1,0.7847751379013062,0.254254013299942,0.5029876828193665,0.016943346709012985
51,60,False,0.0,1,0.7829937934875488,0.2552550733089447,0.5026401877403259,0.01681889407336712
51,61,False,0.0,1,0.7842997312545776,0.25504758954048157,0.5024020671844482,0.01690279319882393
51,62,False,0.0,1,0.7847177982330322,0.25530722737312317,0.5029484033584595,0.016950001940131187
51,63,False,0.0,1,0.7847230434417725,0.25579890608787537,0.5031336545944214,0.016934959217905998
51,64,False,0.0,1,0.7837885022163391,0.25623393058776855,0.502495527267456,0.017125681042671204
51,65,False,0.0,1,0.7837488651275635,0.2560257911682129,0.5034822225570679,0.01659746840596199
51,66,False,0.0,1,0.7831649780273438,0.25612807273864746,0.5034837126731873,0.016479918733239174
51,67,False,0.0,1,0.7831103205680847,0.2566782534122467,0.5043063759803772,0.01636640727519989
51,68,False,0.0,1,0.782368004322052,0.25694096088409424,0.5030971765518188,0.016452668234705925
51,69,False,0.0,1,0.7837889194488525,0.2558625340461731,0.503849983215332,0.016796087846159935
51,70,False,0.0,1,0.7856454253196716,0.25563570857048035,0.503778338432312,0.01689225621521473
133,176,False,0.0,0,0.6545181274414062,0.1281094253063202,0.5017954111099243,0.0042090872302651405
133,177,False,0.0,1,0.7845150232315063,0.25605371594429016,0.504499077796936,0.01663128286600113
133,178,False,0.0,1,0.7839769124984741,0.25730621814727783,0.5046383142471313,0.01670406572520733
133,179,False,0.0,1,0.7836953401565552,0.25708338618278503,0.5043393969535828,0.01669175736606121
133,180,False,0.0,1,0.7844594717025757,0.25653818249702454,0.505091667175293,0.016859818249940872
133,181,False,0.0,1,0.7851718664169312,0.2561798393726349,0.504136323928833,0.016784101724624634
133,182,False,0.0,1,0.7852689623832703,0.2562439441680908,0.5039570331573486,0.016758019104599953
133,183,False,0.0,1,0.7858169078826904,0.2569069564342499,0.5045137405395508,0.016871502622961998
133,184,False,0.0,1,0.7861191034317017,0.2573561668395996,0.5038003921508789,0.017009757459163666
133,185,False,0.0,1,0.7848886251449585,0.2573238015174866,0.5052050352096558,0.016680803149938583
133,186,False,0.0,1,0.786630392074585,0.25769302248954773,0.5046305060386658,0.016861122101545334
133,187,False,0.0,1,0.7863941192626953,0.25775209069252014,0.5043103694915771,0.016686152666807175
133,188,False,0.0,1,0.7866553068161011,0.2570376694202423,0.5038590431213379,0.0167543962597847
133,189,False,0.0,1,0.7868436574935913,0.25659847259521484,0.5038397312164307,0.01672455109655857
133,190,False,0.0,1,0.7859114408493042,0.2568621039390564,0.5028829574584961,0.016678325831890106
133,191,False,0.0,1,0.7849171161651611,0.2573356032371521,0.50352942943573,0.016570009291172028
33,33,False,0.0,0,0.6443874835968018,0.12038510292768478,0.5017526149749756,0.004289949778467417
33,34,False,0.0,1,0.7825857400894165,0.25711363554000854,0.5045509934425354,0.01620810106396675
33,35,False,0.0,1,0.7844651937484741,0.25657200813293457,0.5032062530517578,0.01623639464378357
33,36,False,0.0,1,0.7837791442871094,0.2563413083553314,0.5057188272476196,0.016444042325019836
33,37,False,0.0,1,0.7839572429656982,0.25734609365463257,0.5050274729728699,0.01632000505924225
33,38,False,0.0,1,0.7829737663269043,0.2566142976284027,0.5059239864349365,0.016076480969786644
33,39,False,0.0,1,0.7829835414886475,0.25715407729148865,0.5040469169616699,0.016526510939002037
33,40,False,0.0,1,0.782541036605835,0.25730016827583313,0.5049580931663513,0.016427263617515564
33,41,False,0.0,1,0.7820653915405273,0.2586001455783844,0.5041387677192688,0.01614185981452465
33,42,True,0.03883495181798935,1,0.7843220233917236,0.2582296133041382,0.5049551725387573,0.016150351613759995
33,43,True,0.08737864345312119,1,0.7850388288497925,0.2576598823070526,0.5048469305038452,0.01621231436729431
33,44,True,0.13592232763767242,1,0.7839487791061401,0.257252961397171,0.504423975944519,0.01601491868495941
33,45,True,0.18446601927280426,1,0.7814927697181702,0.2586020231246948,0.5047177672386169,0.01628316380083561
33,46,True,0.2330097109079361,1,0.7813778519630432,0.2584821581840515,0.5051524043083191,0.016277123242616653
33,47,True,0.28155338764190674,1,0.782243549823761,0.2585533559322357,0.5055978298187256,0.016275815665721893
33,48,True,0.3300970792770386,1,0.7832386493682861,0.257902592420578,0.506356954574585,0.01648561656475067
67,92,False,0.0,0,0.6561532020568848,0.1335211843252182,0.5017906427383423,0.004066780675202608
67,93,False,0.0,1,0.7827178239822388,0.25818681716918945,0.5060306787490845,0.01608404703438282
67,94,False,0.0,1,0.78403639793396,0.2572022080421448,0.5071916580200195,0.016271131113171577
67,95,False,0.0,1,0.7834464311599731,0.25730079412460327,0.5060019493103027,0.01635107398033142
67,96,False,0.0,1,0.783750057220459,0.25730404257774353,0.5066696405410767,0.016177404671907425
67,97,False,0.0,1,0.7840339541435242,0.2578496038913727,0.5061384439468384,0.01621193252503872
67,98,False,0.0,1,0.7839206457138062,0.2573685646057129,0.5063588619232178,0.016184069216251373
67,99,False,0.0,1,0.7827918529510498,0.2583022117614746,0.5059022307395935,0.016410434618592262
67,100,False,0.0,1,0.7818039059638977,0.2580276131629944,0.5071971416473389,0.016227472573518753
67,101,False,0.0,1,0.7832266688346863,0.2584057152271271,0.5075811147689819,0.015963906422257423
67,102,False,0.0,1,0.7840478420257568,0.2578074634075165,0.5071746110916138,0.016365887597203255
67,103,False,0.0,1,0.7838262319564819,0.25755658745765686,0.5069199800491333,0.016213294118642807
67,104,False,0.0,1,0.7829135656356812,0.25815725326538086,0.5063390731811523,0.016127828508615494
67,105,False,0.0,1,0.7826459407806396,0.2583064138889313,0.50689697265625,0.016109902411699295
67,106,False,0.0,1,0.7830175161361694,0.2583177983760834,0.5071313977241516,0.016140228137373924
67,107,False,0.0,1,0.7841303944587708,0.2575441002845764,0.5079740285873413,0.016163213178515434
84,28,False,0.0,0,0.661017894744873,0.13507704436779022,0.501924991607666,0.004175878129899502
84,29,False,0.0,1,0.7818574905395508,0.2592903971672058,0.507322371006012,0.015668608248233795
84,30,False,0.0,1,0.7839852571487427,0.2590608298778534,0.5072280168533325,0.015747152268886566
84,31,False,0.0,1,0.7825320363044739,0.259411096572876,0.5064142942428589,0.015425196848809719
84,32,False,0.0,1,0.7826995849609375,0.2594910264015198,0.5072656869888306,0.015492468141019344
84,33,False,0.0,1,0.7832292318344116,0.25807705521583557,0.5067708492279053,0.01564231514930725
84,34,False,0.0,1,0.7828183770179749,0.25922104716300964,0.5068587064743042,0.015783369541168213
84,35,False,0.0,1,0.7843390703201294,0.258963018655777,0.50709468126297,0.015607407316565514
84,36,True,0.010989011265337467,1,0.781439483165741,0.2597913146018982,0.5061956644058228,0.01530712004750967
84,37,True,0.0555555559694767,1,0.7827768325805664,0.2600495219230652,0.5076110363006592,0.015539034269750118
84,38,True,0.1111111119389534,1,0.7830685377120972,0.2598068118095398,0.5085713863372803,0.015712790191173553
84,39,True,0.1666666716337204,1,0.7813444137573242,0.2607280910015106,0.5091749429702759,0.01576065458357334
84,40,True,0.2222222238779068,1,0.783150851726532,0.25991204380989075,0.509724497795105,0.015879929065704346
84,41,True,0.2777777910232544,1,0.7874736785888672,0.25757235288619995,0.5109623670578003,0.015902576968073845
84,42,True,0.3333333432674408,1,0.7893587946891785,0.2570548951625824,0.512712836265564,0.015800688415765762
84,43,True,0.3888888955116272,1,0.786781370639801,0.2561476230621338,0.512712836265564,0.01578621007502079
27,55,False,0.0,0,0.642446756362915,0.12467220425605774,0.5024816393852234,0.004257769789546728
27,56,False,0.0,1,0.7815997004508972,0.25995200872421265,0.5061405897140503,0.01512108463793993
27,57,False,0.0,1,0.7805795669555664,0.26015666127204895,0.5060211420059204,0.014835517853498459
27,58,False,0.0,1,0.7810168862342834,0.2599755823612213,0.5063512325286865,0.014900282956659794
27,59,False,0.0,1,0.7825824618339539,0.25911957025527954,0.5069326162338257,0.014978094957768917
27,60,False,0.0,1,0.7805190086364746,0.2600559592247009,0.5060614347457886,0.015031680464744568
27,61,False,0.0,1,0.7799985408782959,0.2600310742855072,0.5064335465431213,0.014811933971941471
27,62,False,0.0,1,0.7811161279678345,0.2598575949668884,0.5061390399932861,0.014985369518399239
27,63,True,0.006369426846504211,1,0.7810592651367188,0.2603006362915039,0.5072349309921265,0.014784290455281734
27,64,True,0.03821656107902527,1,0.7824432849884033,0.260186105966568,0.5074818134307861,0.014678438194096088
27,65,True,0.07006369531154633,1,0.7807515859603882,0.26015543937683105,0.5076195001602173,0.014699896797537804
27,66,True,0.10191082954406738,1,0.779963493347168,0.26060283184051514,0.5076996088027954,0.014786811545491219
27,67,True,0.13375796377658844,1,0.7803592681884766,0.26007992029190063,0.5074537992477417,0.014680769294500351
27,68,True,0.1656050980091095,1,0.7824490070343018,0.25994932651519775,0.5078109502792358,0.014496826566755772
27,69,True,0.19745223224163055,1,0.7787550687789917,0.2608777582645416,0.5078197717666626,0.014673961326479912
27,70,True,0.2292993664741516,1,0.7796301245689392,0.2613036632537842,0.5080074071884155,0.014664129354059696
94,16,False,0.0,0,0.6583554744720459,0.13590356707572937,0.5032879114151001,0.004505667369812727
94,17,False,0.0,1,0.7824677228927612,0.26038435101509094,0.5114985704421997,0.015321219339966774
94,18,False,0.0,1,0.7826529741287231,0.2600654363632202,0.5109498500823975,0.015338637866079807
94,19,False,0.0,1,0.7813328504562378,0.26023539900779724,0.5117788314819336,0.015255691483616829
94,20,False,0.0,1,0.7829946279525757,0.2597082555294037,0.511734127998352,0.015462213195860386
94,21,False,0.0,1,0.7818132042884827,0.26052311062812805,0.511920690536499,0.015386978164315224
94,22,False,0.0,1,0.7811883687973022,0.2601067125797272,0.5109081268310547,0.015246436931192875
94,23,False,0.0,1,0.78122878074646,0.26033368706703186,0.5111080408096313,0.015377609059214592
94,24,False,0.0,1,0.7813917398452759,0.26090922951698303,0.5117279291152954,0.015362519770860672
94,25,False,0.0,1,0.780942440032959,0.26082876324653625,0.5121579170227051,0.01548304595053196
94,26,False,0.0,1,0.7811279296875,0.26070788502693176,0.5111901760101318,0.015302451327443123
94,27,False,0.0,1,0.7810829877853394,0.2608707547187805,0.5118743181228638,0.01534208282828331
94,28,False,0.0,1,0.780219554901123,0.26084041595458984,0.5119189023971558,0.015359454788267612
94,29,False,0.0,1,0.7818489074707031,0.26037096977233887,0.5112455487251282,0.01535072736442089
94,30,False,0.0,1,0.7820547223091125,0.2605516016483307,0.51186203956604,0.015439259819686413
94,31,False,0.0,1,0.7837178707122803,0.26011401414871216,0.510934591293335,0.015319633297622204
4,5,False,0.0,0,0.655874490737915,0.1309100240468979,0.5027968287467957,0.004656061064451933
4,6,False,0.0,1,0.7820014953613281,0.25986433029174805,0.5082862973213196,0.014831247739493847
4,7,False,0.0,1,0.7807993292808533,0.26015567779541016,0.5088703632354736,0.015098456293344498
4,8,False,0.0,1,0.7839670181274414,0.2597295939922333,0.5089867115020752,0.01481295470148325
4,9,False,0.0,1,0.7806222438812256,0.25975945591926575,0.5074759721755981,0.014703135937452316
4,10,False,0.0,1,0.7821477651596069,0.2598131597042084,0.5087970495223999,0.01482442393898964
4,11,False,0.0,1,0.781486988067627,0.2592729926109314,0.507720947265625,0.014798752963542938
4,12,False,0.0,1,0.7829395532608032,0.2592200040817261,0.5079134702682495,0.014739788137376308
4,13,False,0.0,1,0.7824978828430176,0.25944983959198,0.508486270904541,0.014996090903878212
4,14,False,0.0,1,0.7820675373077393,0.25962966680526733,0.5079876184463501,0.014991603791713715
4,15,False,0.0,1,0.7832896709442139,0.25939178466796875,0.508591890335083,0.014893093146383762
4,16,False,0.0,1,0.7831283807754517,0.25916925072669983,0.5077545046806335,0.014970754273235798
4,17,False,0.0,1,0.7829321622848511,0.25950726866722107,0.509345293045044,0.015178591012954712
4,18,False,0.0,1,0.7825347185134888,0.25936010479927063,0.5089271664619446,0.01509646326303482
4,19,False,0.0,1,0.7825549244880676,0.2596615254878998,0.5092929601669312,0.015208659693598747
4,20,False,0.0,1,0.7836587429046631,0.2594138979911804,0.5087593197822571,0.015009325928986073
103,214,False,0.0,0,0.6507916450500488,0.12779317796230316,0.5035375356674194,0.004799724090844393
103,215,False,0.0,1,0.7828023433685303,0.26024097204208374,0.5114362835884094,0.015451435931026936
103,216,False,0.0,1,0.7826024293899536,0.26047199964523315,0.5106142163276672,0.015645897015929222
103,217,False,0.0,1,0.7830497026443481,0.26003018021583557,0.510820746421814,0.01566671021282673
103,218,False,0.0,1,0.7826436758041382,0.2601500153541565,0.5113871097564697,0.01568746753036976
103,219,False,0.0,1,0.7811450362205505,0.2609196603298187,0.5120548009872437,0.01580698974430561
103,220,False,0.0,1,0.7831404805183411,0.26058346033096313,0.5119466781616211,0.01594529114663601
103,221,False,0.0,1,0.7858424186706543,0.25826284289360046,0.5123942494392395,0.015841135755181313
103,222,False,0.0,1,0.7842056155204773,0.26003751158714294,0.5132697820663452,0.01573375053703785
103,223,False,0.0,1,0.7854394912719727,0.258720338344574,0.5132728815078735,0.016029393300414085
103,224,False,0.0,1,0.7843642830848694,0.2594090700149536,0.5128529071807861,0.015993857756257057
103,225,False,0.0,1,0.7846511602401733,0.260734885931015,0.5136381983757019,0.01628868654370308
103,226,False,0.0,1,0.7852977514266968,0.2597630023956299,0.5120370388031006,0.01619827374815941
103,227,False,0.0,1,0.7853856682777405,0.26012012362480164,0.5132277011871338,0.016199231147766113
103,228,False,0.0,1,0.7861351370811462,0.258591890335083,0.5130810737609863,0.0161140114068985
103,229,False,0.0,1,0.7876364588737488,0.25769591331481934,0.512739896774292,0.01616475358605385
28,20,False,0.0,0,0.6449434757232666,0.12459201365709305,0.5031026005744934,0.0051925950683653355
28,21,False,0.0,1,0.7783343195915222,0.26152753829956055,0.5071780681610107,0.016073033213615417
28,22,False,0.0,1,0.7783783674240112,0.26139169931411743,0.5073075890541077,0.01610870286822319
28,23,False,0.0,1,0.7785521745681763,0.26120051741600037,0.5067603588104248,0.016003074124455452
28,24,False,0.0,1,0.7798932790756226,0.26157137751579285,0.5076844692230225,0.015951739624142647
28,25,False,0.0,1,0.7785778641700745,0.2614910304546356,0.507820725440979,0.016210520640015602
28,26,False,0.0,1,0.7793523073196411,0.261921763420105,0.5073637962341309,0.015955312177538872
28,27,False,0.0,1,0.7784607410430908,0.26204922795295715,0.5079249143600464,0.016112657263875008
28,28,False,0.0,1,0.7792096138000488,0.26099318265914917,0.5074489116668701,0.016332846134901047
28,29,False,0.0,1,0.7782599925994873,0.2621880769729614,0.5078880786895752,0.016167888417840004
28,30,False,0.0,1,0.7779561281204224,0.2624165713787079,0.5080604553222656,0.016350749880075455
28,31,False,0.0,1,0.7781434059143066,0.2619002163410187,0.5076745748519897,0.016204124316573143
28,32,False,0.0,1,0.7783352136611938,0.2627637982368469,0.5075698494911194,0.016194595023989677
28,33,False,0.0,1,0.777825117111206,0.2622830867767334,0.5085746049880981,0.016377555206418037
28,34,False,0.0,1,0.7790960073471069,0.26080405712127686,0.5073812007904053,0.01631629653275013
28,35,False,0.0,1,0.7790251970291138,0.2614290416240692,0.5075353384017944,0.01622115448117256
118,114,False,0.0,0,0.6506285667419434,0.12995553016662598,0.5029134750366211,0.005005935672670603
118,115,False,0.0,1,0.780057430267334,0.26191583275794983,0.5086383819580078,0.0159490704536438
118,116,False,0.0,1,0.7794417142868042,0.2621576189994812,0.5083733797073364,0.016260946169495583
118,117,False,0.0,1,0.7796417474746704,0.26202598214149475,0.5084012746810913,0.016036398708820343
118,118,False,0.0,1,0.7795872688293457,0.2621828615665436,0.5085777044296265,0.01623162440955639
118,119,False,0.0,1,0.7801847457885742,0.26143983006477356,0.5081996321678162,0.016062093898653984
118,120,False,0.0,1,0.7817977666854858,0.26151102781295776,0.5077592134475708,0.015908189117908478
118,121,False,0.0,1,0.7804157137870789,0.2615548074245453,0.5081338882446289,0.01592407003045082
118,122,False,0.0,1,0.7808206081390381,0.2620939612388611,0.507603645324707,0.015963591635227203
118,123,False,0.0,1,0.7799001932144165,0.26125025749206543,0.508426308631897,0.016170749440789223
118,124,False,0.0,1,0.780453085899353,0.26198089122772217,0.5073707699775696,0.016104305163025856
118,125,False,0.0,1,0.7810477018356323,0.2612568736076355,0.5067908763885498,0.01604507304728031
118,126,False,0.0,1,0.7811737060546875,0.2610818147659302,0.5074869394302368,0.016282614320516586
118,127,False,0.0,1,0.7806656956672668,0.2611083388328552,0.5079084634780884,0.01617228053510189
118,128,False,0.0,1,0.7813892364501953,0.2610286772251129,0.5070953369140625,0.016175739467144012
118,129,False,0.0,1,0.7808034420013428,0.261260986328125,0.5074349045753479,0.01618807762861252
62,18,False,0.0,0,0.6633546352386475,0.14081433415412903,0.503057599067688,0.00514381006360054
62,19,False,0.0,1,0.7820627689361572,0.2615694999694824,0.5084594488143921,0.01666123792529106
62,20,False,0.0,1,0.7827361822128296,0.26134103536605835,0.5093706846237183,0.016728103160858154
62,21,False,0.0,1,0.7810530066490173,0.26174089312553406,0.5081903338432312,0.016536323353648186
62,22,False,0.0,1,0.7810114622116089,0.2617550194263458,0.5087524056434631,0.016611015424132347
62,23,False,0.0,1,0.7804116606712341,0.26205602288246155,0.5088049173355103,0.01672290451824665
62,24,False,0.0,1,0.779617428779602,0.2622981071472168,0.5089473724365234,0.016571251675486565
62,25,False,0.0,1,0.78093421459198,0.26153382658958435,0.5090207457542419,0.01653408259153366
62,26,False,0.0,1,0.7806758880615234,0.2621169090270996,0.5088772773742676,0.016710661351680756
62,27,True,0.04545454680919647,1,0.7783601880073547,0.26146984100341797,0.5088895559310913,0.016942793503403664
62,28,True,0.12121212482452393,1,0.7749249935150146,0.26187828183174133,0.5093368887901306,0.016855761408805847
62,29,True,0.19696970283985138,1,0.7753839492797852,0.2613770663738251,0.5094966292381287,0.016704833135008812
62,30,True,0.27272728085517883,1,0.7771672010421753,0.2610132396221161,0.5099806785583496,0.017118249088525772
62,31,True,0.3484848439693451,1,0.7762755751609802,0.2611277401447296,0.5099848508834839,0.017088240012526512
62,32,True,0.42424243688583374,1,0.7765662670135498,0.26143813133239746,0.5100610256195068,0.01664905436336994
62,33,True,0.5,1,0.7776005864143372,0.260573148727417,0.5094191431999207,0.016387999057769775
131,176,False,0.0,0,0.647463321685791,0.12566563487052917,0.5033084154129028,0.00582785252481699
131,177,False,0.0,1,0.7791545987129211,0.2623680531978607,0.507157564163208,0.017463654279708862
131,178,False,0.0,1,0.7796852588653564,0.26208367943763733,0.5073015689849854,0.017226215451955795
131,179,False,0.0,1,0.7793984413146973,0.26257991790771484,0.506834089756012,0.017274605110287666
131,180,False,0.0,1,0.7787423133850098,0.2619286775588989,0.5075711011886597,0.017445867881178856
131,181,False,0.0,1,0.7785022258758545,0.2623986005783081,0.5080506801605225,0.017290761694312096
131,182,False,0.0,1,0.778724730014801,0.262593537569046,0.5069655179977417,0.017282722517848015
131,183,False,0.0,1,0.7785160541534424,0.26299431920051575,0.5065160989761353,0.017203710973262787
131,184,False,0.0,1,0.7787633538246155,0.263229638338089,0.507220447063446,0.01720624603331089
131,185,False,0.0,1,0.7786285877227783,0.26333311200141907,0.5069629549980164,0.017123479396104813
131,186,False,0.0,1,0.7790327072143555,0.2629540264606476,0.5070065259933472,0.017258120700716972
131,187,False,0.0,1,0.7792238593101501,0.2628951668739319,0.5064111948013306,0.017482902854681015
131,188,False,0.0,1,0.7789739370346069,0.2630346715450287,0.5063579678535461,0.017464173957705498
131,189,False,0.0,1,0.7791439890861511,0.26366305351257324,0.5059827566146851,0.017049454152584076
131,190,False,0.0,1,0.7791188359260559,0.2628777027130127,0.5051969289779663,0.01695687510073185
131,191,False,0.0,1,0.7792378664016724,0.26304930448532104,0.5063177347183228,0.017135651782155037
159,176,False,0.0,0,0.6546618938446045,0.1322692334651947,0.5034770965576172,0.005907363258302212
159,177,False,0.0,1,0.7787548303604126,0.26341140270233154,0.5076906085014343,0.01733347587287426
159,178,False,0.0,1,0.7796496748924255,0.26196083426475525,0.5077270269393921,0.017327822744846344
159,179,False,0.0,1,0.7784737348556519,0.26289403438568115,0.5076525211334229,0.017625601962208748
159,180,False,0.0,1,0.7781428694725037,0.26281023025512695,0.5082738995552063,0.017759360373020172
159,181,False,0.0,1,0.7794704437255859,0.2623295187950134,0.5077632665634155,0.017739877104759216
159,182,False,0.0,1,0.7795571088790894,0.26268500089645386,0.506645917892456,0.01735389605164528
159,183,False,0.0,1,0.7791740298271179,0.262615442276001,0.5069800615310669,0.01758039928972721
159,184,True,0.004357298370450735,1,0.779632568359375,0.26199764013290405,0.5069676041603088,0.017468150705099106
159,185,True,0.015250544995069504,1,0.7799054384231567,0.26181432604789734,0.5055968761444092,0.01732823997735977
159,186,True,0.026143791154026985,1,0.7806891798973083,0.26163583993911743,0.5067214965820312,0.01765337586402893
159,187,True,0.03703703731298447,1,0.7798144817352295,0.26227787137031555,0.5063650608062744,0.01767895184457302
159,188,True,0.0479302816092968,1,0.7796437740325928,0.2621641159057617,0.5056564211845398,0.017634030431509018
159,189,True,0.05882352963089943,1,0.779685914516449,0.26266273856163025,0.5060586929321289,0.01752263493835926
159,190,True,0.06971677392721176,1,0.7781214714050293,0.2631535232067108,0.505892276763916,0.017482588067650795
159,191,True,0.08061002194881439,1,0.778174638748169,0.26280897855758667,0.5058242082595825,0.01732024736702442
124,115,False,0.0,0,0.6590166091918945,0.1356956958770752,0.5029274225234985,0.005779956467449665
124,116,False,0.0,1,0.7792690396308899,0.2631120979785919,0.5064647197723389,0.01735382154583931
124,117,False,0.0,1,0.7783716917037964,0.2631530463695526,0.5066762566566467,0.017233284190297127
124,118,False,0.0,1,0.7797234058380127,0.2632405459880829,0.5066797733306885,0.017423581331968307
124,119,False,0.0,1,0.7792537212371826,0.2627335786819458,0.5061584711074829,0.017143286764621735
124,120,False,0.0,1,0.7798768281936646,0.2625868320465088,0.5066421031951904,0.01757345348596573
124,121,False,0.0,1,0.7810008525848389,0.26181331276893616,0.5064760446548462,0.017391137778759003
124,122,False,0.0,1,0.7797304391860962,0.2620251774787903,0.5067552328109741,0.01742122694849968
124,123,False,0.0,1,0.7808042764663696,0.2620790898799896,0.5070750713348389,0.017299948260188103
124,124,True,0.012987012974917889,1,0.7805178165435791,0.26250818371772766,0.5069648027420044,0.017214057967066765
124,125,True,0.02922077849507332,1,0.7798160910606384,0.26264455914497375,0.5077381730079651,0.017200060188770294
124,126,True,0.04545454680919647,1,0.7808209657669067,0.262184739112854,0.5066622495651245,0.017727870494127274
124,127,True,0.06168831139802933,1,0.7796392440795898,0.2621592879295349,0.5064921379089355,0.017432941123843193
124,128,True,0.07792207598686218,1,0.7783734798431396,0.26334089040756226,0.5067992210388184,0.017268216237425804
124,129,True,0.09415584057569504,1,0.7785239219665527,0.26328298449516296,0.5069934129714966,0.01738133281469345
124,130,True,0.11038961261510849,1,0.7776579856872559,0.26347780227661133,0.5070005655288696,0.017313847318291664
123,181,False,0.0,0,0.658149242401123,0.13555026054382324,0.5037620067596436,0.0059349071234464645
123,182,False,0.0,1,0.778777539730072,0.2630995213985443,0.5085826516151428,0.0178154818713665
123,183,False,0.0,1,0.7795196771621704,0.26311326026916504,0.5084117650985718,0.01803198829293251
123,184,False,0.0,1,0.7779496908187866,0.26299476623535156,0.50831139087677,0.01781686767935753
123,185,False,0.0,1,0.7797269821166992,0.2631889581680298,0.508849561214447,0.0179300457239151
123,186,False,0.0,1,0.779229998588562,0.2632625699043274,0.5082570314407349,0.017905889078974724
123,187,False,0.0,1,0.7792543172836304,0.2627030611038208,0.5080819129943848,0.017658108845353127
123,188,False,0.0,1,0.7789804935455322,0.26338350772857666,0.5077275633811951,0.01777713932096958
123,189,False,0.0,1,0.777859628200531,0.2634280323982239,0.5087615847587585,0.01764334924519062
123,190,False,0.0,1,0.7784621715545654,0.2633116841316223,0.507784366607666,0.017520010471343994
123,191,False,0.0,1,0.7783836126327515,0.26327723264694214,0.5078235268592834,0.0173630490899086
123,192,False,0.0,1,0.7788127064704895,0.2630053758621216,0.5080254077911377,0.017337728291749954
123,193,False,0.0,1,0.7780330777168274,0.2628217339515686,0.5077298283576965,0.017347166314721107
123,194,False,0.0,1,0.7780540585517883,0.2630321681499481,0.5084854364395142,0.017148202285170555
123,195,False,0.0,1,0.7783758640289307,0.2627030611038208,0.5080935955047607,0.017382418736815453
123,196,False,0.0,1,0.778719425201416,0.2624581754207611,0.5077536106109619,0.017216291278600693
132,115,False,0.0,0,0.6525423526763916,0.13545356690883636,0.504130482673645,0.005672504659742117
132,116,False,0.0,1,0.777286171913147,0.26341673731803894,0.5090671181678772,0.01706641912460327
132,117,False,0.0,1,0.7776772975921631,0.26369932293891907,0.5081169605255127,0.01718074455857277
132,118,False,0.0,1,0.7775148749351501,0.2633413076400757,0.5080840587615967,0.017309855669736862
132,119,False,0.0,1,0.7780857682228088,0.26295971870422363,0.5083786249160767,0.017283035442233086
132,120,False,0.0,1,0.7777785062789917,0.26280704140663147,0.5093486309051514,0.017214158549904823
132,121,False,0.0,1,0.778957724571228,0.2621947228908539,0.5087509155273438,0.017299838364124298
132,122,False,0.0,1,0.779873251914978,0.2620243430137634,0.5080578923225403,0.01715518720448017
132,123,False,0.0,1,0.7799507975578308,0.2619742155075073,0.5086057186126709,0.017337195575237274
132,124,True,0.012987012974917889,1,0.779983639717102,0.26165735721588135,0.5085285902023315,0.017017927020788193
132,125,True,0.02922077849507332,1,0.7802824378013611,0.2612558603286743,0.5086365938186646,0.017108382657170296
132,126,True,0.04545454680919647,1,0.780047595500946,0.26164132356643677,0.5084418058395386,0.017636744305491447
132,127,True,0.06168831139802933,1,0.7811821699142456,0.26137277483940125,0.5092865228652954,0.017507154494524002
132,128,True,0.07792207598686218,1,0.7812806963920593,0.2608315050601959,0.5084422826766968,0.017469745129346848
132,129,True,0.09415584057569504,1,0.7797462940216064,0.2617454528808594,0.5091551542282104,0.017963532358407974
132,130,True,0.11038961261510849,1,0.7808125019073486,0.2615531086921692,0.5090627670288086,0.017664190381765366
83,74,False,0.0,0,0.6516435146331787,0.13010190427303314,0.504196047782898,0.005411804188042879
83,75,False,0.0,1,0.7777215838432312,0.2619786560535431,0.5088449716567993,0.017172344028949738
83,76,False,0.0,1,0.7793694138526917,0.2614773213863373,0.5085446834564209,0.017459314316511154
83,77,False,0.0,1,0.7788792848587036,0.26188093423843384,0.5085157155990601,0.01752541773021221
83,78,False,0.0,1,0.7775381803512573,0.26235657930374146,0.5084448456764221,0.01742883212864399
83,79,False,0.0,1,0.7781966328620911,0.2616732120513916,0.5086325407028198,0.017699601128697395
83,80,False,0.0,1,0.77713543176651,0.2623831331729889,0.5083199739456177,0.017291836440563202
83,81,False,0.0,1,0.77927565574646,0.2614870071411133,0.5080206394195557,0.017402486875653267
83,82,True,0.009803921915590763,1,0.7782876491546631,0.26211822032928467,0.5082179307937622,0.01773020811378956
83,83,True,0.03431372717022896,1,0.7789421081542969,0.26184841990470886,0.5085479617118835,0.01774628274142742
83,84,True,0.05882352963089943,1,0.7767358422279358,0.26290738582611084,0.5082077980041504,0.017852673307061195
83,85,True,0.0833333358168602,1,0.7777990698814392,0.26195377111434937,0.5079185962677002,0.01811988838016987
83,86,True,0.10784313827753067,1,0.77793949842453,0.26233765482902527,0.5087301731109619,0.017917143180966377
83,87,True,0.13235294818878174,1,0.776893675327301,0.26298844814300537,0.508725106716156,0.01805119402706623
83,88,True,0.1568627506494522,1,0.7756279706954956,0.2629784047603607,0.5096718668937683,0.018009057268500328
83,89,True,0.18137255311012268,1,0.7775385975837708,0.26313287019729614,0.5082635283470154,0.017749199643731117
18,28,False,0.0,0,0.6411986351013184,0.12320679426193237,0.5041955709457397,0.006059248931705952
18,29,False,0.0,1,0.7759852409362793,0.262374609708786,0.5095930099487305,0.018298305571079254
18,30,False,0.0,1,0.7754269242286682,0.2630784213542938,0.5089194774627686,0.01843538135290146
18,31,False,0.0,1,0.7758376598358154,0.2627491056919098,0.5093504190444946,0.018465181812644005
18,32,False,0.0,1,0.7757198214530945,0.26271069049835205,0.5095998048782349,0.018604960292577744
18,33,False,0.0,1,0.7761896848678589,0.26300743222236633,0.5088838934898376,0.018408693373203278
18,34,False,0.0,1,0.7766151428222656,0.26241469383239746,0.5094308853149414,0.01852799579501152
18,35,False,0.0,1,0.7759036421775818,0.26308673620224,0.509366512298584,0.01850491389632225
18,36,False,0.0,1,0.7764092683792114,0.26267850399017334,0.5093668699264526,0.018908821046352386
18,37,False,0.0,1,0.7766374945640564,0.2623993456363678,0.5095714330673218,0.018923679366707802
18,38,False,0.0,1,0.7765084505081177,0.26277580857276917,0.509131133556366,0.01897033117711544
18,39,False,0.0,1,0.7765659093856812,0.2624375522136688,0.5090047121047974,0.018814772367477417
18,40,False,0.0,1,0.7761597633361816,0.2625025808811188,0.5100244283676147,0.018902190029621124
18,41,False,0.0,1,0.7761232852935791,0.26270946860313416,0.5088948011398315,0.018924105912446976
18,42,False,0.0,1,0.7762294411659241,0.2622227966785431,0.5090076327323914,0.018903763964772224
18,43,False,0.0,1,0.7759945392608643,0.2625001072883606,0.5097677707672119,0.018854547291994095
120,162,False,0.0,0,0.6464433670043945,0.1331220418214798,0.5048891305923462,0.0068822214379906654
120,163,False,0.0,1,0.7760734558105469,0.2641962766647339,0.5109807848930359,0.019709473475813866
120,164,False,0.0,1,0.7755776643753052,0.2645706534385681,0.5106551647186279,0.01961221545934677
120,165,False,0.0,1,0.775588870048523,0.26481643319129944,0.5111334323883057,0.020161369815468788
120,166,False,0.0,1,0.7750779986381531,0.2647492587566376,0.5113192796707153,0.019949786365032196
120,167,False,0.0,1,0.7756201028823853,0.26472964882850647,0.5113332867622375,0.01997002586722374
120,168,False,0.0,1,0.7762851715087891,0.26467499136924744,0.5110567212104797,0.019888224080204964
120,169,False,0.0,1,0.7762112617492676,0.2647116780281067,0.5109916925430298,0.01983201876282692
120,170,False,0.0,1,0.774655818939209,0.2650547921657562,0.5117102861404419,0.019414301961660385
120,171,True,0.007042253389954567,1,0.7754985094070435,0.26475954055786133,0.5114108324050903,0.019641881808638573
120,172,True,0.018779342994093895,1,0.7748960256576538,0.26490673422813416,0.5117810964584351,0.019504593685269356
120,173,True,0.030516432598233223,1,0.7753852605819702,0.2647983133792877,0.5115624070167542,0.019662953913211823
120,174,True,0.0422535203397274,1,0.7755351066589355,0.26476383209228516,0.5115888714790344,0.019642315804958344
120,175,True,0.05399060994386673,1,0.7749871611595154,0.2644319236278534,0.5110526084899902,0.01935751549899578
120,176,True,0.06572769582271576,1,0.776668906211853,0.26427602767944336,0.5117241144180298,0.01942945271730423
120,177,True,0.07746478915214539,1,0.7769125699996948,0.26398298144340515,0.5119378566741943,0.01957828924059868
111,173,False,0.0,0,0.6569075584411621,0.13925263285636902,0.5057083368301392,0.006966205779463053
111,174,False,0.0,1,0.7779065370559692,0.2641151249408722,0.5112717151641846,0.018940191715955734
111,175,False,0.0,1,0.7770743370056152,0.26417076587677,0.5108853578567505,0.01890004612505436
111,176,False,0.0,1,0.7782179117202759,0.26438644528388977,0.5117888450622559,0.018971599638462067
111,177,False,0.0,1,0.7781080007553101,0.26412108540534973,0.5112351179122925,0.01893441192805767
111,178,False,0.0,1,0.7770729064941406,0.2642331123352051,0.5113799571990967,0.018828462809324265
111,179,False,0.0,1,0.7782059907913208,0.26397234201431274,0.5110359191894531,0.01907244510948658
111,180,False,0.0,1,0.7773739099502563,0.2645588219165802,0.5115194320678711,0.019054802134633064
111,181,False,0.0,1,0.7775464057922363,0.2639405429363251,0.512486457824707,0.018744587898254395
111,182,True,0.008830022066831589,1,0.7777767777442932,0.2636980712413788,0.5116932392120361,0.0186455175280571
111,183,True,0.01986755058169365,1,0.7778934240341187,0.26374179124832153,0.5120582580566406,0.018891364336013794
111,184,True,0.03090507723391056,1,0.7771515846252441,0.2638190686702728,0.5117759108543396,0.018598634749650955
111,185,True,0.04194260388612747,1,0.776546835899353,0.2641015946865082,0.511388897895813,0.01857435703277588
111,186,True,0.05298013240098953,1,0.7774236798286438,0.26378628611564636,0.5112249851226807,0.01857565902173519
111,187,True,0.06401766091585159,1,0.7776827216148376,0.2635299563407898,0.5114142894744873,0.01869252882897854
111,188,True,0.07505518943071365,1,0.7760641574859619,0.2641277611255646,0.5112676620483398,0.0185276810079813
119,172,False,0.0,0,0.6442060470581055,0.12898945808410645,0.5052639245986938,0.005893323570489883
119,173,False,0.0,1,0.7754566669464111,0.263897180557251,0.5129783749580383,0.018241187557578087
119,174,False,0.0,1,0.775215208530426,0.263879656791687,0.5125157833099365,0.018109139055013657
119,175,False,0.0,1,0.7759195566177368,0.2635187804698944,0.5123976469039917,0.018080858513712883
119,176,False,0.0,1,0.776605486869812,0.26366665959358215,0.5126726627349854,0.018109062686562538
119,177,False,0.0,1,0.7762640118598938,0.2639502286911011,0.5127441883087158,0.01812838949263096
119,178,False,0.0,1,0.7759813666343689,0.2635270059108734,0.5124920010566711,0.01819891855120659
119,179,False,0.0,1,0.7765451669692993,0.26375120878219604,0.5128360986709595,0.01821972243487835
119,180,False,0.0,1,0.7753933072090149,0.2644338011741638,0.5128907561302185,0.017727311700582504
119,181,False,0.0,1,0.7761108875274658,0.2639336585998535,0.5128939151763916,0.017808232456445694
119,182,False,0.0,1,0.7760862708091736,0.26399320363998413,0.5131070613861084,0.01793788932263851
119,183,False,0.0,1,0.7758085131645203,0.2639206349849701,0.5122795104980469,0.017542561516165733
119,184,False,0.0,1,0.7751896381378174,0.26389971375465393,0.5130620002746582,0.017807140946388245
119,185,False,0.0,1,0.7757989168167114,0.26395535469055176,0.5125749707221985,0.017474737018346786
119,186,False,0.0,1,0.7756922841072083,0.26379096508026123,0.512454628944397,0.017805173993110657
119,187,False,0.0,1,0.7766610383987427,0.2635469138622284,0.5132631659507751,0.017896009609103203
95,56,False,0.0,0,0.636756181716919,0.1233777105808258,0.5048986673355103,0.005348971113562584
95,57,False,0.0,1,0.7750823497772217,0.2640185058116913,0.5127290487289429,0.017188530415296555
95,58,False,0.0,1,0.7742692828178406,0.2636844217777252,0.5129587650299072,0.01728275790810585
95,59,False,0.0,1,0.7750586867332458,0.2642648220062256,0.5125489830970764,0.017085961997509003
95,60,False,0.0,1,0.7749238014221191,0.26407763361930847,0.5122095942497253,0.016965346410870552
95,61,False,0.0,1,0.7747048139572144,0.26385781168937683,0.5128442645072937,0.017246423289179802
95,62,False,0.0,1,0.7740887403488159,0.2641192078590393,0.5124430656433105,0.01718665473163128
95,63,False,0.0,1,0.7752435803413391,0.26398512721061707,0.5128188133239746,0.017218122258782387
95,64,False,0.0,1,0.7754417657852173,0.26350027322769165,0.5130823254585266,0.01708066090941429
95,65,False,0.0,1,0.7741698026657104,0.2636714577674866,0.5128163695335388,0.0169957485049963
95,66,False,0.0,1,0.7748634815216064,0.26402103900909424,0.5126267671585083,0.016638759523630142
95,67,False,0.0,1,0.7750144004821777,0.2636387050151825,0.5128363370895386,0.016934091225266457
95,68,False,0.0,1,0.7746927738189697,0.2639774680137634,0.5123003125190735,0.01658586598932743
95,69,False,0.0,1,0.7750868797302246,0.26378175616264343,0.5121681690216064,0.01671457104384899
95,70,False,0.0,1,0.7755253314971924,0.26357507705688477,0.5127978324890137,0.016867665573954582
95,71,False,0.0,1,0.7749843597412109,0.26356568932533264,0.5124237537384033,0.016750438138842583
65,17,False,0.0,0,0.6419198513031006,0.12547588348388672,0.5053625106811523,0.005596275441348553
65,18,False,0.0,1,0.7766159176826477,0.26328328251838684,0.5137858986854553,0.01672307588160038
65,19,False,0.0,1,0.7754954695701599,0.26375389099121094,0.5132224559783936,0.016708409413695335
65,20,False,0.0,1,0.7756766676902771,0.26327332854270935,0.5136580467224121,0.016675909981131554
65,21,False,0.0,1,0.7757012844085693,0.2640518248081207,0.5134879350662231,0.016755035147070885
65,22,False,0.0,1,0.7749272584915161,0.2632981240749359,0.5135201215744019,0.016681140288710594
65,23,False,0.0,1,0.776465654373169,0.26312780380249023,0.5131877660751343,0.016635362058877945
65,24,False,0.0,1,0.7759262323379517,0.2632056772708893,0.5130928158760071,0.01668151468038559
65,25,False,0.0,1,0.7779951691627502,0.2626585066318512,0.513364315032959,0.016576183959841728
65,26,True,0.0634920671582222,1,0.7772161960601807,0.26284101605415344,0.5126024484634399,0.016299018636345863
65,27,True,0.1428571492433548,1,0.7782398462295532,0.2632349133491516,0.5134090185165405,0.016950199380517006
65,28,True,0.2222222238779068,1,0.777686595916748,0.2626800537109375,0.5134724378585815,0.016744356602430344
65,29,True,0.30158731341362,1,0.7767878770828247,0.2632785141468048,0.5140194892883301,0.016837142407894135
65,30,True,0.380952388048172,1,0.7764725685119629,0.26150739192962646,0.514593243598938,0.016763119027018547
65,31,True,0.460317462682724,1,0.7777940034866333,0.2613615095615387,0.5138715505599976,0.016411975026130676
65,32,True,0.5396825671195984,1,0.778562605381012,0.2609577476978302,0.5139981508255005,0.016402659937739372
161,175,False,0.0,0,0.6496796607971191,0.13167257606983185,0.5060902237892151,0.006140416022390127
161,176,False,0.0,1,0.7771956920623779,0.263902872800827,0.5133906006813049,0.016694368794560432
161,177,False,0.0,1,0.7773034572601318,0.26377245783805847,0.5132454633712769,0.01677372306585312
161,178,False,0.0,1,0.7769718170166016,0.2635728120803833,0.5131808519363403,0.0165240615606308
161,179,False,0.0,1,0.7769696712493896,0.26346835494041443,0.513545572757721,0.01671556383371353
161,180,False,0.0,1,0.7770800590515137,0.2636723518371582,0.5133235454559326,0.016801590099930763
161,181,False,0.0,1,0.7774771451950073,0.26329749822616577,0.5132012367248535,0.01669214479625225
161,182,False,0.0,1,0.7770475149154663,0.26344534754753113,0.5134556293487549,0.016710342839360237
161,183,True,0.002188183832913637,1,0.777298092842102,0.2633017599582672,0.5128916501998901,0.016745446249842644
161,184,True,0.013129102997481823,1,0.7771782875061035,0.2629629969596863,0.5133083462715149,0.01679931953549385
161,185,True,0.024070022627711296,1,0.7773276567459106,0.26345154643058777,0.5127010941505432,0.016827724874019623
161,186,True,0.035010941326618195,1,0.7768081426620483,0.26385605335235596,0.5122617483139038,0.01698370650410652
161,187,True,0.045951858162879944,1,0.7771141529083252,0.26365208625793457,0.5123605728149414,0.01699841395020485
161,188,True,0.05689277872443199,1,0.7772496938705444,0.2633350193500519,0.5122540593147278,0.016814645379781723
161,189,True,0.06783369928598404,1,0.7776365280151367,0.26346707344055176,0.5131309628486633,0.01697688363492489
161,190,True,0.07877461612224579,1,0.7770678997039795,0.2637949585914612,0.5129123330116272,0.016946937888860703
117,122,False,0.0,0,0.6537942886352539,0.1340818852186203,0.505811870098114,0.005955968052148819
117,123,False,0.0,1,0.7786769866943359,0.2630802094936371,0.5125987529754639,0.01654464192688465
117,124,False,0.0,1,0.7790300846099854,0.2637084424495697,0.5128533840179443,0.016632094979286194
117,125,False,0.0,1,0.7801032662391663,0.2629072666168213,0.5130941271781921,0.016701603308320045
117,126,False,0.0,1,0.7790966033935547,0.262912780046463,0.5129520893096924,0.016706038266420364
117,127,False,0.0,1,0.780989408493042,0.2624618113040924,0.5131655335426331,0.0167958103120327
117,128,False,0.0,1,0.7798462510108948,0.26280826330184937,0.5128322839736938,0.016802862286567688
117,129,False,0.0,1,0.7802526950836182,0.26281070709228516,0.5130066871643066,0.01664687879383564
117,130,False,0.0,1,0.7799180746078491,0.2627849578857422,0.5125837326049805,0.017146356403827667
117,131,False,0.0,1,0.7800872325897217,0.2625046968460083,0.512927770614624,0.017157427966594696
117,132,False,0.0,1,0.7812319993972778,0.2614209055900574,0.5129504203796387,0.01720253936946392
117,133,False,0.0,1,0.780937910079956,0.26187288761138916,0.5129269361495972,0.01699121482670307
117,134,False,0.0,1,0.7805511355400085,0.2620247006416321,0.5129223465919495,0.01696416549384594
117,135,False,0.0,1,0.7811761498451233,0.2626394033432007,0.5122901201248169,0.017100553959608078
117,136,False,0.0,1,0.780921220779419,0.2621845304965973,0.5122148990631104,0.016995863988995552
117,137,False,0.0,1,0.7801237106323242,0.26186850666999817,0.5126451253890991,0.017051445320248604
116,181,False,0.0,0,0.6534175872802734,0.1349433958530426,0.5064469575881958,0.006774730980396271
116,182,False,0.0,1,0.7772648930549622,0.2639561593532562,0.5126553177833557,0.01743193343281746
116,183,False,0.0,1,0.7770302295684814,0.2646022140979767,0.5129753351211548,0.01782895065844059
116,184,False,0.0,1,0.7767199277877808,0.2640680968761444,0.5124310851097107,0.017627807334065437
116,185,False,0.0,1,0.7770025730133057,0.264188289642334,0.512597918510437,0.017515044659376144
116,186,False,0.0,1,0.7764183878898621,0.26468873023986816,0.5128229856491089,0.01795790158212185
116,187,False,0.0,1,0.7766444683074951,0.2647314667701721,0.5125195384025574,0.01751573197543621
116,188,False,0.0,1,0.777474045753479,0.2639002501964569,0.5123666524887085,0.017670122906565666
116,189,False,0.0,1,0.7755908370018005,0.2648434638977051,0.5125648975372314,0.018013963475823402
116,190,False,0.0,1,0.7761629819869995,0.26478323340415955,0.5125582218170166,0.017708322033286095
116,191,False,0.0,1,0.7771461009979248,0.26374551653862,0.512664794921875,0.017887067049741745
116,192,False,0.0,1,0.7774650454521179,0.26352113485336304,0.5126292705535889,0.017808163538575172
116,193,False,0.0,1,0.7764620184898376,0.26391616463661194,0.5122826099395752,0.01773439161479473
116,194,False,0.0,1,0.7766593098640442,0.26376184821128845,0.5129052400588989,0.017782898619771004
116,195,False,0.0,1,0.7768635749816895,0.2638932466506958,0.5128631591796875,0.01759180799126625
116,196,False,0.0,1,0.7776265144348145,0.26368218660354614,0.512457013130188,0.017792440950870514
42,40,False,0.0,0,0.6383717060089111,0.12147015333175659,0.5060217380523682,0.006444213911890984
42,41,False,0.0,1,0.7780801653862,0.26280564069747925,0.5127107501029968,0.01772357150912285
42,42,False,0.0,1,0.7769662141799927,0.26296547055244446,0.5124701261520386,0.017778055742383003
42,43,False,0.0,1,0.7773343324661255,0.26346084475517273,0.5130634307861328,0.01766708493232727
42,44,False,0.0,1,0.7773923873901367,0.26348134875297546,0.5128343105316162,0.017555564641952515
42,45,False,0.0,1,0.7765400409698486,0.2633218765258789,0.5126996040344238,0.017582539469003677
42,46,False,0.0,1,0.7770516872406006,0.26272130012512207,0.5122861862182617,0.017773184925317764
42,47,False,0.0,1,0.7770081162452698,0.2628079652786255,0.5127509832382202,0.017722459509968758
42,48,False,0.0,1,0.777204692363739,0.26286429166793823,0.5132893323898315,0.01765333116054535
42,49,False,0.0,1,0.7775561809539795,0.2626093327999115,0.5131635069847107,0.017684003338217735
42,50,False,0.0,1,0.7770530581474304,0.26260197162628174,0.513616144657135,0.01774299144744873
42,51,False,0.0,1,0.7766042947769165,0.2628996670246124,0.51329505443573,0.017763327807188034
42,52,False,0.0,1,0.7773436307907104,0.26263755559921265,0.5133635997772217,0.017741607502102852
42,53,False,0.0,1,0.7776401042938232,0.2626185715198517,0.5132426023483276,0.01781211793422699
42,54,False,0.0,1,0.7769579887390137,0.2627667188644409,0.5138228535652161,0.017766345292329788
42,55,False,0.0,1,0.7771165370941162,0.26295098662376404,0.5133464336395264,0.01780676655471325
53,5,False,0.0,0,0.6530485153198242,0.1331104189157486,0.5067359209060669,0.006729937624186277
53,6,False,0.0,1,0.7769759893417358,0.26353028416633606,0.5153443217277527,0.017603905871510506
53,7,False,0.0,1,0.7788984775543213,0.2629433274269104,0.5150970220565796,0.017570558935403824
53,8,False,0.0,1,0.7793086767196655,0.26270028948783875,0.5154262781143188,0.017767472192645073
53,9,False,0.0,1,0.7780530452728271,0.26323243975639343,0.515311598777771,0.01753401942551136
53,10,False,0.0,1,0.778667151927948,0.2632332444190979,0.5151265859603882,0.017671499401330948
53,11,False,0.0,1,0.7787991762161255,0.2629337012767792,0.515089750289917,0.01760433427989483
53,12,False,0.0,1,0.7779105305671692,0.2632492780685425,0.5149896740913391,0.01749812811613083
53,13,True,0.03125,1,0.7780336141586304,0.26386401057243347,0.5153225064277649,0.017375148832798004
53,14,True,0.1875,1,0.7767062187194824,0.26419588923454285,0.5157225728034973,0.017540914937853813
53,15,True,0.34375,1,0.7760722637176514,0.2629106938838959,0.5156881213188171,0.01771002635359764
53,16,True,0.5,1,0.7761074304580688,0.26215896010398865,0.5157418847084045,0.017566729336977005
53,17,True,0.65625,1,0.7781997919082642,0.26148882508277893,0.516585111618042,0.017564192414283752
53,18,True,0.8125,1,0.7775173187255859,0.2603848874568939,0.5155691504478455,0.01658005639910698
53,19,True,0.96875,1,0.7763708829879761,0.2603926956653595,0.5153903365135193,0.016444554552435875
53,20,True,1.0,1,0.7774803042411804,0.2603991627693176,0.5159519910812378,0.016439352184534073
69,4,False,0.0,0,0.6477959156036377,0.12987636029720306,0.5073509216308594,0.006943541578948498
69,5,False,0.0,1,0.7781682014465332,0.2626963257789612,0.5162729024887085,0.017282811924815178
69,6,False,0.0,1,0.7780101299285889,0.26307404041290283,0.5162198543548584,0.01737411879003048
69,7,False,0.0,1,0.7770729064941406,0.2635347843170166,0.5159040689468384,0.017202327027916908
69,8,False,0.0,1,0.7784530520439148,0.26299092173576355,0.5160840749740601,0.017375364899635315
69,9,False,0.0,1,0.7775282263755798,0.26348960399627686,0.515937089920044,0.0174483023583889
69,10,False,0.0,1,0.7778739929199219,0.26343128085136414,0.5158500671386719,0.017347047105431557
69,11,False,0.0,1,0.7770018577575684,0.2633897066116333,0.5159951448440552,0.017291046679019928
69,12,False,0.0,1,0.777971625328064,0.2631227672100067,0.5165418386459351,0.017453646287322044
69,13,False,0.0,1,0.7777996063232422,0.263103187084198,0.5166056752204895,0.0174814835190773
69,14,False,0.0,1,0.7781620025634766,0.2626160979270935,0.5162898302078247,0.017076401039958
69,15,False,0.0,1,0.7770944237709045,0.26297929883003235,0.5159682631492615,0.016975803300738335
69,16,False,0.0,1,0.7776200771331787,0.26316699385643005,0.516236424446106,0.017322435975074768
69,17,False,0.0,1,0.778066873550415,0.2625783383846283,0.5162032842636108,0.01711391471326351
69,18,False,0.0,1,0.7773642539978027,0.26301342248916626,0.5163238048553467,0.017340239137411118
69,19,False,0.0,1,0.7778408527374268,0.2624814808368683,0.5166822075843811,0.017285557463765144
105,146,False,0.0,0,0.6501274108886719,0.12916207313537598,0.5075370073318481,0.006713100243359804
105,147,False,0.0,1,0.7792036533355713,0.26296281814575195,0.5170868635177612,0.017072344198822975
105,148,False,0.0,1,0.7796316146850586,0.2630162835121155,0.5163149833679199,0.01711113005876541
105,149,False,0.0,1,0.7793776988983154,0.26301607489585876,0.5169003009796143,0.016988074406981468
105,150,False,0.0,1,0.7788981199264526,0.2629716694355011,0.5170149803161621,0.017022468149662018
105,151,False,0.0,1,0.7788476943969727,0.2632329761981964,0.5166594386100769,0.01703091897070408
105,152,False,0.0,1,0.7803307771682739,0.2626971900463104,0.5166505575180054,0.016962992027401924
105,153,False,0.0,1,0.7793780565261841,0.26317262649536133,0.5172566175460815,0.017237992957234383
105,154,False,0.0,1,0.7795431613922119,0.2627592086791992,0.5174775123596191,0.01711479015648365
105,155,True,0.0077720205299556255,1,0.7790557146072388,0.2631835639476776,0.5171068906784058,0.01724029891192913
105,156,True,0.020725388079881668,1,0.778986930847168,0.26349684596061707,0.5166510343551636,0.017111778259277344
105,157,True,0.03367875516414642,1,0.7784838676452637,0.2642647325992584,0.5168014764785767,0.017340244725346565
105,158,True,0.04663212597370148,1,0.7784237861633301,0.2635593116283417,0.5169636011123657,0.017399566248059273
105,159,True,0.05958549305796623,1,0.779071569442749,0.2637110650539398,0.5170785188674927,0.017500722780823708
105,160,True,0.07253886014223099,1,0.778815507888794,0.2635856568813324,0.5168646574020386,0.017438706010580063
105,161,True,0.08549223095178604,1,0.7785526514053345,0.2636895179748535,0.5168067812919617,0.01729409024119377
43,56,False,0.0,0,0.650395393371582,0.12945769727230072,0.5073921084403992,0.0066451337188482285
43,57,False,0.0,1,0.7791105508804321,0.26234960556030273,0.5174439549446106,0.017278019338846207
43,58,False,0.0,1,0.7782829403877258,0.2625689208507538,0.5177755355834961,0.0174076147377491
43,59,False,0.0,1,0.7788777947425842,0.2623840570449829,0.5180029273033142,0.017369050532579422
43,60,False,0.0,1,0.7794994115829468,0.2627726197242737,0.517616868019104,0.01753692515194416
43,61,False,0.0,1,0.7789734601974487,0.26253607869148254,0.5179777145385742,0.017366554588079453
43,62,False,0.0,1,0.779473066329956,0.2624112069606781,0.5181589126586914,0.017575906589627266
43,63,False,0.0,1,0.7794471383094788,0.2623140215873718,0.5175981521606445,0.017149707302451134
43,64,False,0.0,1,0.7789189219474792,0.26223865151405334,0.5181671380996704,0.017409104853868484
43,65,False,0.0,1,0.779033362865448,0.2621636986732483,0.518342137336731,0.01745893992483616
43,66,False,0.0,1,0.7794363498687744,0.26221832633018494,0.5182856321334839,0.01729680225253105
43,67,False,0.0,1,0.7789122462272644,0.26234591007232666,0.51775062084198,0.017401965335011482
43,68,False,0.0,1,0.7780706882476807,0.26276060938835144,0.5177350640296936,0.017254313454031944
43,69,False,0.0,1,0.7781912088394165,0.26262593269348145,0.5183315277099609,0.01734873466193676
43,70,False,0.0,1,0.7790775299072266,0.262713223695755,0.517821192741394,0.017292266711592674
43,71,False,0.0,1,0.7791574001312256,0.2625918984413147,0.5177830457687378,0.017225880175828934
162,126,False,0.0,0,0.6587777137756348,0.13606800138950348,0.5075820684432983,0.006819088943302631
162,127,False,0.0,1,0.7785342931747437,0.2637491822242737,0.518634557723999,0.0171738900244236
162,128,False,0.0,1,0.7786157727241516,0.2635013163089752,0.5185924768447876,0.01701674424111843
162,129,False,0.0,1,0.779617190361023,0.263444721698761,0.5186229944229126,0.017162678763270378
162,130,False,0.0,1,0.7798781991004944,0.26342737674713135,0.518714964389801,0.017263323068618774
162,131,False,0.0,1,0.779579758644104,0.26323798298835754,0.5186681747436523,0.017208678647875786
162,132,False,0.0,1,0.7805338501930237,0.26296308636665344,0.5185633301734924,0.01723291724920273
162,133,False,0.0,1,0.7808095812797546,0.2627996504306793,0.5185983180999756,0.01711856946349144
162,134,False,0.0,1,0.7806020975112915,0.26300036907196045,0.5188300609588623,0.016991261392831802
162,135,True,0.008928571827709675,1,0.7805814743041992,0.2626436650753021,0.5183746814727783,0.017196189612150192
162,136,True,0.02380952425301075,1,0.780689537525177,0.2623876631259918,0.5186508893966675,0.017223894596099854
162,137,True,0.0386904776096344,1,0.7798991203308105,0.2626860737800598,0.5186137557029724,0.01727614924311638
162,138,True,0.0535714291036129,1,0.7790607213973999,0.26302579045295715,0.5187692642211914,0.017118416726589203
162,139,True,0.0684523805975914,1,0.7791520357131958,0.2635268270969391,0.5185567736625671,0.017120156437158585
162,140,True,0.0833333358168602,1,0.7778631448745728,0.2633412778377533,0.5183577537536621,0.01688779704272747
162,141,True,0.0982142835855484,1,0.7784223556518555,0.2632676362991333,0.5185760259628296,0.017190884798765182
60,20,False,0.0,0,0.646435022354126,0.12727512419223785,0.5078377723693848,0.006988617591559887
60,21,False,0.0,1,0.7775610089302063,0.2635614275932312,0.518194317817688,0.017211908474564552
60,22,False,0.0,1,0.7761116027832031,0.2639399468898773,0.5181291103363037,0.0172566007822752
60,23,False,0.0,1,0.7769441604614258,0.263494610786438,0.5179868340492249,0.01712622307240963
60,24,False,0.0,1,0.7758698463439941,0.263821005821228,0.5183025598526001,0.01735369674861431
60,25,False,0.0,1,0.776618242263794,0.26380300521850586,0.5181900262832642,0.01730450987815857
60,26,False,0.0,1,0.7760486602783203,0.26377072930336,0.518283486366272,0.01737690344452858
60,27,False,0.0,1,0.7757062315940857,0.26387548446655273,0.5181424021720886,0.01728108897805214
60,28,False,0.0,1,0.7760916948318481,0.26337072253227234,0.5183782577514648,0.017163386568427086
60,29,False,0.0,1,0.7760648727416992,0.26365795731544495,0.5187937021255493,0.017178533598780632
60,30,False,0.0,1,0.7751840353012085,0.2636449933052063,0.5185031890869141,0.01713799312710762
60,31,False,0.0,1,0.7765049934387207,0.2637460231781006,0.5186110734939575,0.01726643368601799
60,32,False,0.0,1,0.7757229804992676,0.26364752650260925,0.5188086032867432,0.01724439114332199
60,33,False,0.0,1,0.7767192721366882,0.2636830806732178,0.5183017253875732,0.017110582441091537
60,34,False,0.0,1,0.7769055366516113,0.26333993673324585,0.5183313488960266,0.01711701974272728
60,35,False,0.0,1,0.7764021754264832,0.2631664276123047,0.5188394784927368,0.017377253621816635
16,32,False,0.0,0,0.643918514251709,0.1239413395524025,0.5082431435585022,0.007228803355246782
16,33,False,0.0,1,0.7763012647628784,0.26384782791137695,0.5188287496566772,0.01737220212817192
16,34,False,0.0,1,0.7765097618103027,0.26373088359832764,0.5185347199440002,0.017217019572854042
16,35,False,0.0,1,0.7766087651252747,0.26343855261802673,0.5190454721450806,0.017321618273854256
16,36,False,0.0,1,0.7766371965408325,0.2633352279663086,0.5190531015396118,0.01733112521469593
16,37,False,0.0,1,0.7768258452415466,0.2630031406879425,0.5190080404281616,0.017113925889134407
16,38,False,0.0,1,0.7763446569442749,0.26305830478668213,0.5192691087722778,0.01743829995393753
16,39,False,0.0,1,0.776736855506897,0.2630443871021271,0.5190731287002563,0.017355939373373985
16,40,False,0.0,1,0.7769259214401245,0.2635020613670349,0.5189367532730103,0.01733667217195034
16,41,False,0.0,1,0.7756321430206299,0.2639675438404083,0.5190284848213196,0.017419982701539993
16,42,False,0.0,1,0.7766237258911133,0.2635132670402527,0.5193713307380676,0.017475899308919907
16,43,False,0.0,1,0.7757564783096313,0.26391828060150146,0.518991231918335,0.017463453114032745
16,44,False,0.0,1,0.7758076190948486,0.2642468214035034,0.5188397169113159,0.017375998198986053
16,45,False,0.0,1,0.777004599571228,0.26388999819755554,0.5189474821090698,0.01727196015417576
16,46,False,0.0,1,0.7767127752304077,0.26393455266952515,0.519059419631958,0.017300475388765335
16,47,False,0.0,1,0.7780675888061523,0.2634761333465576,0.518887460231781,0.017222151160240173
30,32,False,0.0,0,0.6484100818634033,0.12969660758972168,0.508643388748169,0.0075953626073896885
30,33,False,0.0,1,0.7775340676307678,0.2630232870578766,0.5193150043487549,0.017612891271710396
30,34,False,0.0,1,0.7760022878646851,0.26379144191741943,0.5193133354187012,0.017735756933689117
30,35,False,0.0,1,0.7780038714408875,0.26300114393234253,0.5195498466491699,0.017722690477967262
30,36,False,0.0,1,0.7772572040557861,0.2631039321422577,0.5192229747772217,0.017588401213288307
30,37,False,0.0,1,0.7770776152610779,0.26333534717559814,0.5189469456672668,0.017649397253990173
30,38,False,0.0,1,0.7772754430770874,0.2633167505264282,0.5191448926925659,0.01760011725127697
30,39,False,0.0,1,0.7779922485351562,0.26306408643722534,0.5193330645561218,0.017607515677809715
30,40,False,0.0,1,0.7784425020217896,0.2626875638961792,0.5195016860961914,0.017822684720158577
30,41,True,0.029702970758080482,1,0.7790619730949402,0.2623485326766968,0.5195260047912598,0.017906559631228447
30,42,True,0.07920791953802109,1,0.7785078883171082,0.26178309321403503,0.5195724368095398,0.017784927040338516
30,43,True,0.12871287763118744,1,0.7767614722251892,0.2634314298629761,0.5196448564529419,0.01769452914595604
30,44,True,0.1782178282737732,1,0.777423620223999,0.26280614733695984,0.5194728374481201,0.01771709881722927
30,45,True,0.22772277891635895,1,0.7756707668304443,0.26289597153663635,0.5193040370941162,0.017697738483548164
30,46,True,0.2772277295589447,1,0.7745013236999512,0.2631680965423584,0.5197033286094666,0.017684942111372948
30,47,True,0.32673266530036926,1,0.7744718194007874,0.2628084421157837,0.5195786952972412,0.01772724837064743
49,17,False,0.0,0,0.655752420425415,0.1291588395833969,0.5090546607971191,0.007537566125392914
49,18,False,0.0,1,0.7798592448234558,0.26226291060447693,0.5205963850021362,0.01786988228559494
49,19,False,0.0,1,0.7792457938194275,0.26270774006843567,0.5206378698348999,0.017926214262843132
49,20,False,0.0,1,0.7782653570175171,0.263278603553772,0.5204046964645386,0.01768694445490837
49,21,False,0.0,1,0.7779331207275391,0.2631867527961731,0.5203633308410645,0.01768564060330391
49,22,False,0.0,1,0.777753472328186,0.2634778320789337,0.5200620889663696,0.01751328445971012
49,23,False,0.0,1,0.7777025699615479,0.263644814491272,0.5197983980178833,0.01747705228626728
49,24,False,0.0,1,0.7772712707519531,0.2635851502418518,0.5200859904289246,0.017625125125050545
49,25,False,0.0,1,0.7763904333114624,0.26346391439437866,0.5207529067993164,0.017639784142374992
49,26,False,0.0,1,0.7781139612197876,0.26306208968162537,0.5208482146263123,0.017762837931513786
49,27,False,0.0,1,0.7779195308685303,0.26290515065193176,0.5205903053283691,0.017714200541377068
49,28,False,0.0,1,0.7787318229675293,0.2629454433917999,0.5206913948059082,0.017631640657782555
49,29,False,0.0,1,0.7781177759170532,0.2633586823940277,0.5205260515213013,0.017563413828611374
49,30,False,0.0,1,0.778412401676178,0.26317599415779114,0.5204606056213379,0.01771578937768936
49,31,False,0.0,1,0.7778176665306091,0.2632239758968353,0.5207095146179199,0.017598308622837067
49,32,False,0.0,1,0.7783524394035339,0.2636260688304901,0.5203413367271423,0.017573727294802666
139,178,False,0.0,0,0.64455246925354,0.1280519813299179,0.5094255208969116,0.007689264602959156
139,179,False,0.0,1,0.7761849164962769,0.2641410529613495,0.5210494995117188,0.01807115040719509
139,180,False,0.0,1,0.7760351300239563,0.26437458395957947,0.5208504796028137,0.017912842333316803
139,181,False,0.0,1,0.7762864828109741,0.26380833983421326,0.5211133360862732,0.017971009016036987
139,182,False,0.0,1,0.7759178876876831,0.26471978425979614,0.5210503935813904,0.018165167421102524
139,183,False,0.0,1,0.7756441831588745,0.2637821137905121,0.521104097366333,0.01809617504477501
139,184,False,0.0,1,0.776258647441864,0.26407650113105774,0.5206847786903381,0.017922695726156235
139,185,False,0.0,1,0.776282548904419,0.26407626271247864,0.5212967395782471,0.018086113035678864
139,186,False,0.0,1,0.7760865688323975,0.26430705189704895,0.5218031406402588,0.018430832773447037
139,187,False,0.0,1,0.7767537236213684,0.2639312744140625,0.5215440988540649,0.018042460083961487
139,188,False,0.0,1,0.776016891002655,0.2647029757499695,0.5213314294815063,0.018332019448280334
139,189,False,0.0,1,0.7765601873397827,0.2642444670200348,0.5212295055389404,0.018048832193017006
139,190,False,0.0,1,0.7757014036178589,0.2641020119190216,0.5211867690086365,0.017982687801122665
139,191,False,0.0,1,0.7755144834518433,0.2641105055809021,0.5211545825004578,0.018081307411193848
139,192,False,0.0,1,0.7750500440597534,0.26504895091056824,0.5212060809135437,0.018141433596611023
139,193,False,0.0,1,0.7752602100372314,0.2639175355434418,0.5214223265647888,0.01810816489160061
22,34,False,0.0,0,0.6484456062316895,0.1268061250448227,0.5098597407341003,0.007800344843417406
22,35,False,0.0,1,0.7776492834091187,0.2633780241012573,0.5225826501846313,0.0184740349650383
22,36,False,0.0,1,0.7767813801765442,0.26380282640457153,0.5227658748626709,0.01856219582259655
22,37,False,0.0,1,0.7772569060325623,0.26325109601020813,0.5223287343978882,0.0184073057025671
22,38,False,0.0,1,0.7782382965087891,0.26275724172592163,0.5223727226257324,0.018602600321173668
22,39,False,0.0,1,0.7773747444152832,0.26309123635292053,0.5222723484039307,0.018478253856301308
22,40,False,0.0,1,0.7773786187171936,0.2634555995464325,0.522350549697876,0.018620124086737633
22,41,False,0.0,1,0.7761883735656738,0.26324954628944397,0.5224800109863281,0.018678056076169014
22,42,True,0.01923076994717121,1,0.7767788767814636,0.26256924867630005,0.5230847597122192,0.01899970881640911
22,43,True,0.06730769574642181,1,0.7757917642593384,0.26284366846084595,0.5228660106658936,0.01879003457725048
22,44,True,0.11538461595773697,1,0.7762806415557861,0.2624938488006592,0.5229784846305847,0.019076725468039513
22,45,True,0.16346153616905212,1,0.7734708786010742,0.2629203200340271,0.5225147008895874,0.018631571903824806
22,46,True,0.21153846383094788,1,0.7738384008407593,0.26313844323158264,0.5224193930625916,0.01876022294163704
22,47,True,0.25961539149284363,1,0.7739700675010681,0.26333871483802795,0.5226526260375977,0.018783241510391235
22,48,True,0.3076923191547394,1,0.7740234136581421,0.26337602734565735,0.522750198841095,0.018979104235768318
22,49,True,0.35576921701431274,1,0.7746553421020508,0.26340389251708984,0.5228096842765808,0.018797609955072403
47,80,False,0.0,0,0.6424987316131592,0.12347586452960968,0.5100230574607849,0.008173053152859211
47,81,False,0.0,1,0.7775255441665649,0.26236721873283386,0.5231601595878601,0.018916182219982147
47,82,False,0.0,1,0.7770265936851501,0.2629024386405945,0.5233626961708069,0.018990246579051018
47,83,False,0.0,1,0.7768388986587524,0.26297399401664734,0.523321270942688,0.01902100071310997
47,84,False,0.0,1,0.7766909003257751,0.2631162106990814,0.5232704877853394,0.018920011818408966
47,85,False,0.0,1,0.7771707773208618,0.26307412981987,0.5229743719100952,0.018858298659324646
47,86,False,0.0,1,0.7769492268562317,0.26289618015289307,0.523271918296814,0.01894187740981579
47,87,False,0.0,1,0.7769821882247925,0.26288506388664246,0.5230787992477417,0.018809162080287933
47,88,True,0.004524887073785067,1,0.7774282693862915,0.26276063919067383,0.5236150026321411,0.019143301993608475
47,89,True,0.022727273404598236,1,0.778037428855896,0.26235640048980713,0.5236776471138,0.019037960097193718
47,90,True,0.04545454680919647,1,0.7779839038848877,0.26246997714042664,0.5237466096878052,0.019000595435500145
47,91,True,0.06818182021379471,1,0.7770987749099731,0.2626239061355591,0.5239413976669312,0.019114883616566658
47,92,True,0.09090909361839294,1,0.7771832942962646,0.2623950242996216,0.524178147315979,0.019089315086603165
47,93,True,0.11363636702299118,1,0.7774207592010498,0.2626276910305023,0.523723304271698,0.01903979666531086
47,94,True,0.13636364042758942,1,0.7766333818435669,0.2623657286167145,0.5237737894058228,0.01904095523059368
47,95,True,0.15909090638160706,1,0.7769179940223694,0.26243069767951965,0.523909330368042,0.019141588360071182
14,50,False,0.0,0,0.6455399990081787,0.1286376714706421,0.5109848976135254,0.008693319745361805
14,51,False,0.0,1,0.7765629291534424,0.2632599174976349,0.5248912572860718,0.019124509766697884
14,52,False,0.0,1,0.776878833770752,0.2630179524421692,0.5247189998626709,0.018969323486089706
14,53,False,0.0,1,0.7772191166877747,0.2625330686569214,0.5246819257736206,0.01902182400226593
14,54,False,0.0,1,0.7774972915649414,0.2622164785861969,0.5247839093208313,0.01901930943131447
14,55,False,0.0,1,0.7787309288978577,0.2621321678161621,0.5245233774185181,0.018964098766446114
14,56,False,0.0,1,0.7777915000915527,0.2620275914669037,0.5246767997741699,0.018985196948051453
14,57,False,0.0,1,0.7773321270942688,0.26189637184143066,0.524369478225708,0.018864329904317856
14,58,False,0.0,1,0.7780607342720032,0.2618686258792877,0.5249884128570557,0.018854284659028053
14,59,True,0.02054794505238533,1,0.778079628944397,0.2618338167667389,0.5249993205070496,0.01887817680835724
14,60,True,0.054794520139694214,1,0.7778170108795166,0.26216921210289,0.5247180461883545,0.018753666430711746
14,61,True,0.0890410989522934,1,0.7737035751342773,0.2616686522960663,0.5243935585021973,0.01843293569982052
14,62,True,0.12328767031431198,1,0.7736725807189941,0.2622346878051758,0.5246556401252747,0.01868887059390545
14,63,True,0.15753424167633057,1,0.7739049196243286,0.2623042166233063,0.5245394706726074,0.018766192719340324
14,64,True,0.19178082048892975,1,0.7735409736633301,0.2621191143989563,0.5243552923202515,0.018573902547359467
14,65,True,0.22602739930152893,1,0.7739254236221313,0.262467622756958,0.5244665741920471,0.01875574141740799
97,33,False,0.0,0,0.6450512409210205,0.12304574996232986,0.5113571882247925,0.008636144921183586
97,34,False,0.0,1,0.7771683931350708,0.2624586224555969,0.5257681608200073,0.01899244636297226
97,35,False,0.0,1,0.7777317762374878,0.2625269591808319,0.5256320238113403,0.01892768032848835
97,36,False,0.0,1,0.7775312662124634,0.2624666094779968,0.5254586338996887,0.018807165324687958
97,37,False,0.0,1,0.777769923210144,0.26237374544143677,0.5254292488098145,0.01882125250995159
97,38,False,0.0,1,0.7772084474563599,0.262169748544693,0.525904655456543,0.019083471968770027
97,39,False,0.0,1,0.7768521904945374,0.2623652219772339,0.5257086753845215,0.01904386840760708
97,40,False,0.0,1,0.7775143980979919,0.26234957575798035,0.5254828929901123,0.01883288100361824
97,41,False,0.0,1,0.7771658897399902,0.26281240582466125,0.5254809260368347,0.01854546181857586
97,42,False,0.0,1,0.7780985236167908,0.26283419132232666,0.5258484482765198,0.018747642636299133
97,43,False,0.0,1,0.7786573171615601,0.26283618807792664,0.5256596803665161,0.018548429012298584
97,44,False,0.0,1,0.7772748470306396,0.262881875038147,0.5255560874938965,0.018573012202978134
97,45,False,0.0,1,0.777653694152832,0.2629164159297943,0.5253398418426514,0.018551789224147797
97,46,False,0.0,1,0.7773811221122742,0.26305097341537476,0.5254952907562256,0.01858995109796524
97,47,False,0.0,1,0.7780200242996216,0.26295411586761475,0.5255727767944336,0.01859041303396225
97,48,False,0.0,1,0.7781273126602173,0.2630740702152252,0.5254629850387573,0.018498454242944717
52,15,False,0.0,0,0.6420178413391113,0.12497469782829285,0.5107119083404541,0.0077002327889204025
52,16,False,0.0,1,0.7772510051727295,0.263217955827713,0.5252805352210999,0.018096888437867165
52,17,False,0.0,1,0.7766388654708862,0.2629818320274353,0.5251947641372681,0.017958305776119232
52,18,False,0.0,1,0.7763299942016602,0.26335811614990234,0.5249518156051636,0.017944976687431335
52,19,False,0.0,1,0.7760637998580933,0.2632907032966614,0.5249450206756592,0.017970696091651917
52,20,False,0.0,1,0.7770493030548096,0.26353690028190613,0.5248805284500122,0.0179885383695364
52,21,False,0.0,1,0.7774648666381836,0.2632553279399872,0.5246938467025757,0.017872147262096405
52,22,False,0.0,1,0.7775081396102905,0.2634583115577698,0.5248434543609619,0.018047543242573738
52,23,False,0.0,1,0.7761527299880981,0.26358750462532043,0.5242475271224976,0.017981253564357758
52,24,True,0.06896551698446274,1,0.7762714624404907,0.26364830136299133,0.5239903330802917,0.017957499250769615
52,25,True,0.1551724076271057,1,0.7764894366264343,0.26366859674453735,0.5241436958312988,0.01809464953839779
52,26,True,0.24137930572032928,1,0.7766605615615845,0.26342788338661194,0.5237787961959839,0.017938701435923576
52,27,True,0.32758620381355286,1,0.7760804891586304,0.2633333206176758,0.5236598253250122,0.018047379329800606
52,28,True,0.4137931168079376,1,0.7747700810432434,0.2622024118900299,0.5235600471496582,0.017796065658330917
52,29,True,0.5,1,0.7755639553070068,0.2622496485710144,0.5232110023498535,0.017678845673799515
52,30,True,0.5862069129943848,1,0.7769420146942139,0.2620333433151245,0.5232909321784973,0.017881369218230247
93,20,False,0.0,0,0.6486184597015381,0.12965156137943268,0.5102407932281494,0.008084109984338284
93,21,False,0.0,1,0.7763983011245728,0.2639044523239136,0.523629903793335,0.018599731847643852
93,22,False,0.0,1,0.7770150899887085,0.26344436407089233,0.5235985517501831,0.01848706789314747
93,23,False,0.0,1,0.7778622508049011,0.26308777928352356,0.5236537456512451,0.018422791734337807
93,24,False,0.0,1,0.7767555713653564,0.26318687200546265,0.5236573219299316,0.0184385534375906
93,25,False,0.0,1,0.7763096690177917,0.2632697820663452,0.5238213539123535,0.018449697643518448
93,26,False,0.0,1,0.7770888209342957,0.26275578141212463,0.523500382900238,0.01838553510606289
93,27,False,0.0,1,0.7773009538650513,0.26253408193588257,0.5236681699752808,0.018487397581338882
93,28,False,0.0,1,0.7771236896514893,0.26268070936203003,0.523195743560791,0.019105123355984688
93,29,False,0.0,1,0.7769330143928528,0.26311805844306946,0.5234053134918213,0.019046155735850334
93,30,False,0.0,1,0.7771172523498535,0.26319757103919983,0.5231794118881226,0.019001241773366928
93,31,False,0.0,1,0.7767010927200317,0.26290199160575867,0.5230692625045776,0.018869517371058464
93,32,False,0.0,1,0.7770220041275024,0.26368260383605957,0.5229578018188477,0.01891237497329712
93,33,False,0.0,1,0.7773849964141846,0.2636141777038574,0.5230318307876587,0.018918363377451897
93,34,False,0.0,1,0.7773944735527039,0.26378241181373596,0.5231996774673462,0.019126400351524353
93,35,False,0.0,1,0.7774244546890259,0.2635173797607422,0.5235005021095276,0.019078752025961876
86,52,False,0.0,0,0.6334004402160645,0.11698991060256958,0.5101211071014404,0.00878672581166029
86,53,False,0.0,1,0.7757303714752197,0.26320523023605347,0.523513674736023,0.019838595762848854
86,54,False,0.0,1,0.7747130393981934,0.262564092874527,0.5236167907714844,0.019712185487151146
86,55,False,0.0,1,0.7736964225769043,0.2628161609172821,0.5239490866661072,0.020015982910990715
86,56,False,0.0,1,0.7755758762359619,0.26288118958473206,0.5239176750183105,0.020035164430737495
86,57,False,0.0,1,0.7760690450668335,0.2626274526119232,0.5239854454994202,0.01991511881351471
86,58,False,0.0,1,0.7764032483100891,0.2632341980934143,0.5236437320709229,0.019645921885967255
86,59,False,0.0,1,0.7756431698799133,0.26348617672920227,0.5237720608711243,0.019674651324748993
86,60,False,0.0,1,0.7759006023406982,0.2636542320251465,0.5243046283721924,0.02022850140929222
86,61,True,0.01986755058169365,1,0.7747090458869934,0.2627370357513428,0.5238711833953857,0.020091863349080086
86,62,True,0.05298013240098953,1,0.7725567817687988,0.26274970173835754,0.5233515501022339,0.0195881687104702
86,63,True,0.08609271794557571,1,0.772891640663147,0.2632443308830261,0.5236539840698242,0.019895322620868683
86,64,True,0.1192052960395813,1,0.7724512815475464,0.2630719244480133,0.5233544707298279,0.019710363820195198
86,65,True,0.15231788158416748,1,0.7730780839920044,0.2634473145008087,0.5234513282775879,0.01982649229466915
86,66,True,0.18543046712875366,1,0.7728008031845093,0.26337891817092896,0.5235490202903748,0.02009383961558342
86,67,True,0.21854305267333984,1,0.7733092308044434,0.26340216398239136,0.5231608152389526,0.019771331921219826
74,14,False,0.0,0,0.6416871547698975,0.12146920710802078,0.5109338760375977,0.009415997192263603
74,15,False,0.0,1,0.775853157043457,0.26346883177757263,0.5242244005203247,0.020418405532836914
74,16,False,0.0,1,0.7764391303062439,0.26319420337677,0.5240883827209473,0.02027711272239685
74,17,False,0.0,1,0.7763082385063171,0.26318874955177307,0.524060845375061,0.02025856077671051
74,18,False,0.0,1,0.7757182121276855,0.26340603828430176,0.5240699052810669,0.02026878297328949
74,19,False,0.0,1,0.7755674123764038,0.2636551558971405,0.524077296257019,0.020280905067920685
74,20,False,0.0,1,0.7767854928970337,0.26289358735084534,0.5241540670394897,0.020275574177503586
74,21,False,0.0,1,0.775775671005249,0.2631624639034271,0.524170458316803,0.020130125805735588
74,22,False,0.0,1,0.774613618850708,0.2635158598423004,0.5247668623924255,0.020351290702819824
74,23,False,0.0,1,0.7759016752243042,0.2637016773223877,0.5246803760528564,0.020296577364206314
74,24,False,0.0,1,0.7753399014472961,0.2638663053512573,0.5249740481376648,0.020320208743214607
74,25,False,0.0,1,0.7758698463439941,0.26359590888023376,0.5245975255966187,0.020167499780654907
74,26,False,0.0,1,0.7760593295097351,0.26346948742866516,0.5244315266609192,0.02010893076658249
74,27,False,0.0,1,0.7758896350860596,0.2638097107410431,0.5246186256408691,0.020317289978265762
74,28,False,0.0,1,0.7764102220535278,0.26329973340034485,0.5246471166610718,0.020265204831957817
74,29,False,0.0,1,0.7747703194618225,0.26397252082824707,0.5248972177505493,0.020412996411323547
44,7,False,0.0,0,0.6399147510528564,0.12122346460819244,0.5115660429000854,0.009275257587432861
44,8,False,0.0,1,0.7763608694076538,0.26281243562698364,0.5250841379165649,0.01970352604985237
44,9,False,0.0,1,0.7756023406982422,0.2628825604915619,0.5252981185913086,0.019926639273762703
44,10,False,0.0,1,0.7782341241836548,0.26287204027175903,0.5254366993904114,0.020077141001820564
44,11,False,0.0,1,0.7768100500106812,0.2634381055831909,0.5253423452377319,0.019927313551306725
44,12,False,0.0,1,0.7762455344200134,0.2633272707462311,0.5253733396530151,0.019918523728847504
44,13,False,0.0,1,0.7770240902900696,0.26332008838653564,0.5252141952514648,0.019937295466661453
44,14,False,0.0,1,0.776064395904541,0.2634270191192627,0.5256108045578003,0.020182577893137932
44,15,True,0.027027027681469917,1,0.7761276960372925,0.2624920904636383,0.5260337591171265,0.01984856091439724
44,16,True,0.1621621549129486,1,0.7753077745437622,0.2635572552680969,0.5255356431007385,0.019702063873410225
44,17,True,0.29729729890823364,1,0.7740722894668579,0.2637837529182434,0.5252535939216614,0.019571973010897636
44,18,True,0.4324324429035187,1,0.7739931344985962,0.26355570554733276,0.524937629699707,0.019604701548814774
44,19,True,0.5675675868988037,1,0.7739925980567932,0.2635069489479065,0.5249036550521851,0.01952427439391613
44,20,True,0.7027027010917664,1,0.7753103971481323,0.26282864809036255,0.5246260166168213,0.019214468076825142
44,21,True,0.837837815284729,1,0.7753903269767761,0.2625828683376312,0.524624228477478,0.01923752762377262
44,22,True,0.9729729890823364,1,0.7741851806640625,0.2630392611026764,0.5244293212890625,0.018849343061447144
35,30,False,0.0,0,0.6383988857269287,0.12345131486654282,0.5117841958999634,0.008981075137853622
35,31,False,0.0,1,0.7745405435562134,0.2645207345485687,0.5262436866760254,0.019536595791578293
35,32,False,0.0,1,0.7745572328567505,0.26461243629455566,0.5263962149620056,0.019620487466454506
35,33,False,0.0,1,0.7740256786346436,0.26513007283210754,0.5258536338806152,0.019333375617861748
35,34,False,0.0,1,0.7740378379821777,0.2646132707595825,0.5260308980941772,0.019548669457435608
35,35,False,0.0,1,0.7738505601882935,0.264716774225235,0.5263669490814209,0.01954427734017372
35,36,False,0.0,1,0.7746155261993408,0.2642742693424225,0.5261873602867126,0.019346065819263458
35,37,False,0.0,1,0.7734636068344116,0.2648308575153351,0.5262430906295776,0.019625306129455566
35,38,False,0.0,1,0.774362325668335,0.26448073983192444,0.5268070697784424,0.019293656572699547
35,39,False,0.0,1,0.7746801376342773,0.2645532488822937,0.5268757939338684,0.01927385851740837
35,40,False,0.0,1,0.7749413251876831,0.264102965593338,0.5268524885177612,0.019222935661673546
35,41,False,0.0,1,0.7749799489974976,0.2639216482639313,0.5271646976470947,0.019281940534710884
35,42,False,0.0,1,0.7753547430038452,0.2636537253856659,0.5270099639892578,0.019196199253201485
35,43,False,0.0,1,0.7748078107833862,0.2637273073196411,0.527234673500061,0.019286543130874634
35,44,False,0.0,1,0.7761631011962891,0.2639849781990051,0.527005136013031,0.019244607537984848
35,45,False,0.0,1,0.7751189470291138,0.2641306519508362,0.5270168781280518,0.0192558616399765
156,167,False,0.0,0,0.6413226127624512,0.13077303767204285,0.5133576393127441,0.009123170748353004
156,168,False,0.0,1,0.7741060853004456,0.26577523350715637,0.5285669565200806,0.019179565832018852
156,169,False,0.0,1,0.7742652893066406,0.26490896940231323,0.5284715890884399,0.019100148230791092
156,170,False,0.0,1,0.7736174464225769,0.265195369720459,0.5280396938323975,0.019091855734586716
156,171,False,0.0,1,0.7743127346038818,0.2653331756591797,0.5286305546760559,0.019313829019665718
156,172,False,0.0,1,0.7747577428817749,0.2654629349708557,0.5285293459892273,0.01924879476428032
156,173,False,0.0,1,0.7744237184524536,0.2649229168891907,0.5286438465118408,0.01913115382194519
156,174,False,0.0,1,0.773741602897644,0.26509517431259155,0.5284414291381836,0.01918073743581772
156,175,False,0.0,1,0.7746627330780029,0.26548269391059875,0.5295040607452393,0.019310330972075462
156,176,False,0.0,1,0.7741647958755493,0.26465678215026855,0.5293068289756775,0.019133038818836212
156,177,False,0.0,1,0.7741929292678833,0.26559311151504517,0.5294729471206665,0.019238263368606567
156,178,False,0.0,1,0.7745044231414795,0.26539933681488037,0.529681921005249,0.019377056509256363
156,179,False,0.0,1,0.7747846841812134,0.26444217562675476,0.5290876626968384,0.018921803683042526
156,180,False,0.0,1,0.7741366624832153,0.26637017726898193,0.5297861099243164,0.019460178911685944
156,181,False,0.0,1,0.7744659185409546,0.2663879990577698,0.5293946266174316,0.019087359309196472
156,182,False,0.0,1,0.7739368081092834,0.26547273993492126,0.5292874574661255,0.019071407616138458
149,170,False,0.0,0,0.6363422870635986,0.12241356819868088,0.5134834051132202,0.00870754849165678
149,171,False,0.0,1,0.7748383283615112,0.2653792202472687,0.530321478843689,0.019258935004472733
149,172,False,0.0,1,0.7736832499504089,0.26427942514419556,0.5299504399299622,0.018925737589597702
149,173,False,0.0,1,0.7738888263702393,0.26442667841911316,0.5301501154899597,0.01909548230469227
149,174,False,0.0,1,0.7748466730117798,0.26498207449913025,0.5301183462142944,0.019139042124152184
149,175,False,0.0,1,0.7741300463676453,0.2641226351261139,0.5300415754318237,0.018989197909832
149,176,False,0.0,1,0.7738588452339172,0.264970600605011,0.5299934148788452,0.019030824303627014
149,177,False,0.0,1,0.7736549973487854,0.2642524242401123,0.5298261046409607,0.01896144077181816
149,178,True,0.0022421525791287422,1,0.7740027904510498,0.2639630436897278,0.5310074090957642,0.018971119076013565
149,179,True,0.01123595517128706,1,0.7752397656440735,0.26438891887664795,0.5314839482307434,0.019228912889957428
149,180,True,0.02247191034257412,1,0.7744167447090149,0.26501041650772095,0.5308852195739746,0.01907927170395851
149,181,True,0.033707864582538605,1,0.7740821838378906,0.2650964856147766,0.5310584306716919,0.019175678491592407
149,182,True,0.04494382068514824,1,0.7738242149353027,0.2640535831451416,0.5308713912963867,0.019031992182135582
149,183,True,0.056179776787757874,1,0.7741130590438843,0.2654455900192261,0.5310521125793457,0.019183700904250145
149,184,True,0.06741572916507721,1,0.773797869682312,0.2646259069442749,0.5312827229499817,0.019157689064741135
149,185,True,0.07865168899297714,1,0.7743401527404785,0.265751451253891,0.531451940536499,0.01937381736934185
30,32,False,0.0,0,0.6498334407806396,0.12764614820480347,0.5146662592887878,0.009552142582833767
30,33,False,0.0,1,0.7757903933525085,0.2632608711719513,0.5316466093063354,0.01960173435509205
30,34,False,0.0,1,0.7746504545211792,0.26458802819252014,0.5314884185791016,0.019663607701659203
30,35,False,0.0,1,0.7751500606536865,0.26446399092674255,0.5309281945228577,0.019387496635317802
30,36,False,0.0,1,0.7760404348373413,0.2645971477031708,0.5315020084381104,0.01966072991490364
30,37,False,0.0,1,0.7748911380767822,0.2647099792957306,0.5309306979179382,0.01942630670964718
30,38,False,0.0,1,0.7778991460800171,0.2634507715702057,0.5311909914016724,0.019555680453777313
30,39,False,0.0,1,0.7764825820922852,0.2638590633869171,0.5313067436218262,0.01951642334461212
30,40,False,0.0,1,0.776518702507019,0.26418688893318176,0.531557559967041,0.019843924790620804
30,41,True,0.029702970758080482,1,0.77830970287323,0.262766033411026,0.531082034111023,0.01962321437895298
30,42,True,0.07920791953802109,1,0.7755213379859924,0.2640079855918884,0.53171306848526,0.019902173429727554
30,43,True,0.12871287763118744,1,0.7753767371177673,0.26420828700065613,0.5318135023117065,0.01988418959081173
30,44,True,0.1782178282737732,1,0.7742688655853271,0.26325827836990356,0.531051754951477,0.019382141530513763
30,45,True,0.22772277891635895,1,0.7747093439102173,0.2639882564544678,0.5312380194664001,0.019539833068847656
30,46,True,0.2772277295589447,1,0.7723679542541504,0.2637593448162079,0.5310746431350708,0.01952793449163437
30,47,True,0.32673266530036926,1,0.7722611427307129,0.26382139325141907,0.5305753946304321,0.01924755424261093
186,114,False,0.0,0,0.6495110988616943,0.13303372263908386,0.5140314698219299,0.009006787091493607
186,115,False,0.0,1,0.7761682271957397,0.2650656998157501,0.5314880609512329,0.01963147707283497
186,116,False,0.0,1,0.7772406339645386,0.2648697793483734,0.5315071940422058,0.019692804664373398
186,117,False,0.0,1,0.7767232656478882,0.26514366269111633,0.5316244959831238,0.019626334309577942
186,118,False,0.0,1,0.7766287922859192,0.265116423368454,0.5314254760742188,0.019582590088248253
186,119,False,0.0,1,0.7766318321228027,0.26519134640693665,0.5315338373184204,0.019583873450756073
186,120,False,0.0,1,0.7773662805557251,0.26548871397972107,0.531801700592041,0.019803175702691078
186,121,False,0.0,1,0.7775463461875916,0.26505106687545776,0.5315465927124023,0.01979522779583931
186,122,False,0.0,1,0.7777107954025269,0.2648756504058838,0.5318935513496399,0.020053314045071602
186,123,True,0.009803921915590763,1,0.7782714366912842,0.2639901041984558,0.5318200588226318,0.019947532564401627
186,124,True,0.026143791154026985,1,0.7786684036254883,0.26399409770965576,0.5317635536193848,0.02004002034664154
186,125,True,0.04248366132378578,1,0.7788140773773193,0.26397228240966797,0.5317214727401733,0.01995486579835415
186,126,True,0.05882352963089943,1,0.7792322635650635,0.26373353600502014,0.5316535830497742,0.019888846203684807
186,127,True,0.07516340166330338,1,0.7792628407478333,0.2637569308280945,0.5318614840507507,0.020095204934477806
186,128,True,0.09150326997041702,1,0.7798998951911926,0.262957364320755,0.5316821336746216,0.020077545195817947
186,129,True,0.10784313827753067,1,0.7795650959014893,0.2631126642227173,0.5315918326377869,0.020069843158125877
183,172,False,0.0,0,0.6503849029541016,0.13510854542255402,0.5148251056671143,0.009575075469911098
183,173,False,0.0,1,0.7757588624954224,0.2653077244758606,0.5325257778167725,0.020164355635643005
183,174,False,0.0,1,0.7749619483947754,0.2650803029537201,0.5323553085327148,0.02015335112810135
183,175,False,0.0,1,0.7753064632415771,0.26552116870880127,0.5324019193649292,0.020185407251119614
183,176,False,0.0,1,0.775595486164093,0.2652628421783447,0.5325708389282227,0.020206529647111893
183,177,False,0.0,1,0.7753866910934448,0.2654845118522644,0.5323286056518555,0.020108342170715332
183,178,False,0.0,1,0.7749272584915161,0.26503556966781616,0.5324311852455139,0.020079949870705605
183,179,False,0.0,1,0.7753702402114868,0.2652597427368164,0.5325859189033508,0.020190201699733734
183,180,True,0.004454343114048243,1,0.7757877707481384,0.2644583582878113,0.531855583190918,0.020145144313573837
183,181,True,0.015590200200676918,1,0.7759631872177124,0.26465120911598206,0.5327094197273254,0.020469997078180313
183,182,True,0.02672605775296688,1,0.7762478590011597,0.2640852928161621,0.5327693223953247,0.020435284823179245
183,183,True,0.03786191716790199,1,0.7760992646217346,0.2640349864959717,0.5326602458953857,0.020304052159190178
183,184,True,0.04899777099490166,1,0.7760063409805298,0.26496851444244385,0.5327245593070984,0.02059900015592575
183,185,True,0.06013362854719162,1,0.7759761810302734,0.2642650008201599,0.5319193005561829,0.020179150626063347
183,186,True,0.07126948982477188,1,0.7761976718902588,0.26435673236846924,0.5325913429260254,0.020400112494826317
183,187,True,0.08240534365177155,1,0.7761218547821045,0.2637166678905487,0.5324072241783142,0.020334843546152115
79,51,False,0.0,0,0.6467125415802002,0.12632499635219574,0.5150271654129028,0.009763565845787525
79,52,False,0.0,1,0.7782955169677734,0.26334133744239807,0.5330022573471069,0.020492063835263252
79,53,False,0.0,1,0.7777277231216431,0.26357442140579224,0.5333138704299927,0.02056710049510002
79,54,False,0.0,1,0.7777714729309082,0.26361408829689026,0.5329434275627136,0.02051449753344059
79,55,False,0.0,1,0.7772946953773499,0.26314792037010193,0.5326277017593384,0.020314794033765793
79,56,False,0.0,1,0.7775294184684753,0.2634044587612152,0.5329827070236206,0.02050226740539074
79,57,False,0.0,1,0.778022050857544,0.26338890194892883,0.5330377221107483,0.020512141287326813
79,58,False,0.0,1,0.7787712216377258,0.26275956630706787,0.532704770565033,0.020413435995578766
79,59,False,0.0,1,0.777610182762146,0.2630111277103424,0.5330816507339478,0.020617837086319923
79,60,True,0.027027027681469917,1,0.7771035432815552,0.2627285122871399,0.532987117767334,0.020488938316702843
79,61,True,0.06081081181764603,1,0.7776660919189453,0.26312312483787537,0.5327283143997192,0.020464615896344185
79,62,True,0.09459459781646729,1,0.7771052122116089,0.26286208629608154,0.5328433513641357,0.0207262821495533
79,63,True,0.12837837636470795,1,0.7763285636901855,0.2635919153690338,0.5327637195587158,0.02064579166471958
79,64,True,0.1621621549129486,1,0.7765620350837708,0.2631690502166748,0.5327261686325073,0.020611949265003204
79,65,True,0.19594594836235046,1,0.7751554250717163,0.26256972551345825,0.5327425003051758,0.020573100075125694
79,66,True,0.22972972691059113,1,0.7756049633026123,0.2636336088180542,0.5327755808830261,0.02069886587560177
70,43,False,0.0,0,0.6466677188873291,0.12683838605880737,0.5153975486755371,0.010135243646800518
70,44,False,0.0,1,0.777092456817627,0.2627093493938446,0.5340030193328857,0.02093496359884739
70,45,False,0.0,1,0.7764025926589966,0.2629845440387726,0.5338060855865479,0.020767763257026672
70,46,False,0.0,1,0.7760919332504272,0.2633780539035797,0.5339832305908203,0.020923390984535217
70,47,False,0.0,1,0.7764638662338257,0.26329606771469116,0.533875584602356,0.020862119272351265
70,48,False,0.0,1,0.7767007946968079,0.2624637484550476,0.5337957143783569,0.020877838134765625
70,49,False,0.0,1,0.7772750854492188,0.26230356097221375,0.5334692001342773,0.020803319290280342
70,50,False,0.0,1,0.7777165174484253,0.26215988397598267,0.5335531234741211,0.020740948617458344
70,51,True,0.007874015718698502,1,0.7766979336738586,0.26194560527801514,0.534134030342102,0.020896678790450096
70,52,True,0.04724409431219101,1,0.7776772379875183,0.2620963156223297,0.5335526466369629,0.020709097385406494
70,53,True,0.08661417663097382,1,0.7773461937904358,0.26273027062416077,0.5336833000183105,0.020774902775883675
70,54,True,0.12598425149917603,1,0.7771317958831787,0.26353392004966736,0.5340374112129211,0.0210136566311121
70,55,True,0.16535432636737823,1,0.775505006313324,0.26223090291023254,0.5333200693130493,0.020788488909602165
70,56,True,0.20472441613674164,1,0.7767523527145386,0.2623787224292755,0.533571720123291,0.020887022837996483
70,57,True,0.24409449100494385,1,0.7751308679580688,0.26238107681274414,0.5335303544998169,0.020852752029895782
70,58,True,0.28346458077430725,1,0.7752530574798584,0.2624927759170532,0.5334303379058838,0.020645761862397194
33,33,False,0.0,0,0.6484179496765137,0.1272321343421936,0.5153537392616272,0.009980660863220692
33,34,False,0.0,1,0.7772665023803711,0.2624957859516144,0.5344207286834717,0.020998919382691383
33,35,False,0.0,1,0.776943564414978,0.2627360224723816,0.5339195728302002,0.020791934803128242
33,36,False,0.0,1,0.7769449949264526,0.26302263140678406,0.5340712070465088,0.02080511674284935
33,37,False,0.0,1,0.7769508361816406,0.2628710865974426,0.5339559316635132,0.020853085443377495
33,38,False,0.0,1,0.7766473293304443,0.26283687353134155,0.5338516235351562,0.020804213359951973
33,39,False,0.0,1,0.7765084505081177,0.2631533741950989,0.5339072942733765,0.020694544538855553
33,40,False,0.0,1,0.777918815612793,0.2631012201309204,0.5338139533996582,0.020779170095920563
33,41,False,0.0,1,0.776891827583313,0.2631298303604126,0.5338658094406128,0.020636821165680885
33,42,True,0.03883495181798935,1,0.7780877351760864,0.2634712755680084,0.5340287685394287,0.020700041204690933
33,43,True,0.08737864345312119,1,0.7783900499343872,0.2630533277988434,0.533814549446106,0.0205717533826828
33,44,True,0.13592232763767242,1,0.7767784595489502,0.26303425431251526,0.5336230993270874,0.020555855706334114
33,45,True,0.18446601927280426,1,0.7773853540420532,0.2632078528404236,0.5340795516967773,0.02079228311777115
33,46,True,0.2330097109079361,1,0.776471734046936,0.2633499801158905,0.5334360003471375,0.020467277616262436
33,47,True,0.28155338764190674,1,0.7771651744842529,0.26325687766075134,0.5338831543922424,0.02073761634528637
33,48,True,0.3300970792770386,1,0.7774562239646912,0.26318180561065674,0.5335477590560913,0.020508794113993645
112,172,False,0.0,0,0.6382098197937012,0.12474343925714493,0.5153093338012695,0.009641824290156364
112,173,False,0.0,1,0.7753235101699829,0.2648090124130249,0.5340700149536133,0.020253363996744156
112,174,False,0.0,1,0.7757378816604614,0.26497796177864075,0.5340957641601562,0.020406806841492653
112,175,False,0.0,1,0.775635302066803,0.2641580104827881,0.5339815616607666,0.020296692848205566
112,176,False,0.0,1,0.7757337093353271,0.26476985216140747,0.5339833498001099,0.020309364423155785
112,177,False,0.0,1,0.7765616178512573,0.2644730806350708,0.5339314937591553,0.020267901942133904
112,178,False,0.0,1,0.7766464948654175,0.2651885747909546,0.5342592000961304,0.020393099635839462
112,179,False,0.0,1,0.7765626311302185,0.26452046632766724,0.5344167947769165,0.020447244867682457
112,180,False,0.0,1,0.7759988307952881,0.2645267844200134,0.5339313745498657,0.020359912887215614
112,181,False,0.0,1,0.7754508256912231,0.26484963297843933,0.5335890054702759,0.0202664602547884
112,182,False,0.0,1,0.7753987908363342,0.26510652899742126,0.5338916778564453,0.020395711064338684
112,183,False,0.0,1,0.7768097519874573,0.26485562324523926,0.5336248874664307,0.02026347815990448
112,184,False,0.0,1,0.7752185463905334,0.26507219672203064,0.5339509844779968,0.020458700135350227
112,185,False,0.0,1,0.7764053344726562,0.2651621699333191,0.5339080095291138,0.020364362746477127
112,186,False,0.0,1,0.776679277420044,0.2648560106754303,0.5335676670074463,0.02024943009018898
112,187,False,0.0,1,0.7761973738670349,0.26396283507347107,0.5335788726806641,0.020301878452301025
25,17,False,0.0,0,0.6342194080352783,0.11323213577270508,0.5149024128913879,0.009554336778819561
25,18,False,0.0,1,0.7778928279876709,0.2610258460044861,0.533411979675293,0.02037421055138111
25,19,False,0.0,1,0.7784700393676758,0.2610864043235779,0.533271312713623,0.020230893045663834
25,20,False,0.0,1,0.778355598449707,0.26083049178123474,0.5335167050361633,0.02025691047310829
25,21,False,0.0,1,0.7778506278991699,0.26137280464172363,0.5333544015884399,0.020347001031041145
25,22,False,0.0,1,0.7770984172821045,0.2617429792881012,0.5336779356002808,0.02036414109170437
25,23,False,0.0,1,0.7777705788612366,0.26168200373649597,0.5336540937423706,0.0204709954559803
25,24,False,0.0,1,0.7778112888336182,0.2609579563140869,0.5330963134765625,0.02003326825797558
25,25,True,0.016129031777381897,1,0.7789452075958252,0.26168036460876465,0.5338945388793945,0.020283911377191544
25,26,True,0.09677419066429138,1,0.7765073180198669,0.2611057460308075,0.5334535837173462,0.020029496401548386
25,27,True,0.17741934955120087,1,0.7750850915908813,0.26179730892181396,0.5328536033630371,0.01993214152753353
25,28,True,0.25806450843811035,1,0.7752126455307007,0.26180654764175415,0.5328888893127441,0.019809065386652946
25,29,True,0.33870968222618103,1,0.7748227119445801,0.2626521587371826,0.5332075357437134,0.02013472467660904
25,30,True,0.4193548262119293,1,0.7748614549636841,0.2622798681259155,0.5325583219528198,0.019983474165201187
25,31,True,0.5,1,0.7767506837844849,0.2617270350456238,0.5321122407913208,0.01966770365834236
25,32,True,0.5806451439857483,1,0.7761927843093872,0.26165249943733215,0.5323837995529175,0.019823811948299408
100,197,False,0.0,0,0.640648603439331,0.12851840257644653,0.5152440071105957,0.009438571520149708
100,198,False,0.0,1,0.7758539915084839,0.26410046219825745,0.5338805317878723,0.02023930288851261
100,199,False,0.0,1,0.7759612798690796,0.2638479769229889,0.5336713790893555,0.02005450241267681
100,200,False,0.0,1,0.7759771943092346,0.263447642326355,0.5339138507843018,0.020062997937202454
100,201,False,0.0,1,0.7761614322662354,0.2635192573070526,0.5342313051223755,0.020221715793013573
100,202,False,0.0,1,0.7771636843681335,0.2639622986316681,0.5338848233222961,0.020091595128178596
100,203,False,0.0,1,0.7767218351364136,0.26323211193084717,0.5343882441520691,0.020311951637268066
100,204,False,0.0,1,0.7768506407737732,0.26307618618011475,0.5339847207069397,0.020076027140021324
100,205,False,0.0,1,0.7763952612876892,0.2635113000869751,0.53392094373703,0.020184092223644257
100,206,True,0.007797271013259888,1,0.7766042947769165,0.26274019479751587,0.5340906977653503,0.02026466652750969
100,207,True,0.017543859779834747,1,0.7772922515869141,0.2627313733100891,0.5340238213539124,0.020114945247769356
100,208,True,0.027290448546409607,1,0.7777658700942993,0.26214689016342163,0.5338443517684937,0.020291585475206375
100,209,True,0.03703703731298447,1,0.7765066623687744,0.26315346360206604,0.5341482758522034,0.02017359808087349
100,210,True,0.046783626079559326,1,0.7759429216384888,0.2636447250843048,0.5337722897529602,0.019901093095541
100,211,True,0.056530214846134186,1,0.7770388126373291,0.26319199800491333,0.5341091156005859,0.020320184528827667
100,212,True,0.06627680361270905,1,0.7757556438446045,0.2629789710044861,0.5336103439331055,0.019932454451918602
154,120,False,0.0,0,0.6500604152679443,0.13232335448265076,0.5146117806434631,0.00935240276157856
154,121,False,0.0,1,0.7772060632705688,0.2639172077178955,0.5347345471382141,0.020628370344638824
154,122,False,0.0,1,0.7775403261184692,0.26407772302627563,0.5340464115142822,0.02033917047083378
154,123,False,0.0,1,0.777513861656189,0.2638416290283203,0.5342071652412415,0.020442286506295204
154,124,False,0.0,1,0.779183566570282,0.2628963887691498,0.5339152812957764,0.020132826641201973
154,125,False,0.0,1,0.7784973382949829,0.26347973942756653,0.5343141555786133,0.020420340821146965
154,126,False,0.0,1,0.7793666124343872,0.26274964213371277,0.5341768264770508,0.02037368342280388
154,127,False,0.0,1,0.7801203727722168,0.26255419850349426,0.5345098972320557,0.020669154822826385
154,128,True,0.006269592326134443,1,0.780022919178009,0.26283928751945496,0.5350558161735535,0.020844729617238045
154,129,True,0.021943572908639908,1,0.7808801531791687,0.2624516785144806,0.5348949432373047,0.020705580711364746
154,130,True,0.037617553025484085,1,0.7809077501296997,0.26260408759117126,0.5350073575973511,0.020755182951688766
154,131,True,0.05329153686761856,1,0.7807902693748474,0.26244616508483887,0.5348228216171265,0.02065814845263958
154,132,True,0.06896551698446274,1,0.780887246131897,0.26184865832328796,0.5347093343734741,0.020599590614438057
154,133,True,0.08463949710130692,1,0.7798000574111938,0.2627055048942566,0.5350028276443481,0.02083943784236908
154,134,True,0.10031347721815109,1,0.7789673805236816,0.2630254328250885,0.5350610017776489,0.020797645673155785
154,135,True,0.11598745733499527,1,0.7795790433883667,0.263014554977417,0.5352425575256348,0.020861800760030746
104,204,False,0.0,0,0.6368269920349121,0.12251506745815277,0.5148565769195557,0.009326123632490635
104,205,False,0.0,1,0.7766481041908264,0.2634378671646118,0.5357624292373657,0.020670292899012566
104,206,False,0.0,1,0.7753258347511292,0.26356440782546997,0.536011815071106,0.020537076517939568
104,207,False,0.0,1,0.7738540172576904,0.2632445991039276,0.5353958606719971,0.020366938784718513
104,208,False,0.0,1,0.7777514457702637,0.2623159885406494,0.5355175137519836,0.02052445523440838
104,209,False,0.0,1,0.7765961289405823,0.2619054913520813,0.5355222225189209,0.020387569442391396
104,210,False,0.0,1,0.7778983116149902,0.2620936930179596,0.5357409715652466,0.02052822895348072
104,211,False,0.0,1,0.7779399156570435,0.2625827193260193,0.535548210144043,0.02043014205992222
104,212,False,0.0,1,0.777290940284729,0.26171618700027466,0.5360616445541382,0.020196501165628433
104,213,False,0.0,1,0.7779216766357422,0.26199036836624146,0.5360281467437744,0.02025088295340538
104,214,False,0.0,1,0.7766024470329285,0.26249200105667114,0.5363477468490601,0.020294813439249992
104,215,False,0.0,1,0.7781859040260315,0.2616426348686218,0.5360729694366455,0.020196951925754547
104,216,False,0.0,1,0.7772189378738403,0.2616989016532898,0.5362313985824585,0.02021331526339054
104,217,False,0.0,1,0.7791129350662231,0.26150473952293396,0.5361502170562744,0.020257314667105675
104,218,False,0.0,1,0.7785738706588745,0.2620597779750824,0.5360225439071655,0.020176425576210022
104,219,False,0.0,1,0.7791519165039062,0.2614056169986725,0.5360686779022217,0.02016616426408291
97,33,False,0.0,0,0.6434531211853027,0.12135374546051025,0.5154405832290649,0.009558655321598053
97,34,False,0.0,1,0.7807332873344421,0.26124992966651917,0.5349249243736267,0.01979764923453331
97,35,False,0.0,1,0.7792815566062927,0.2611120343208313,0.535183310508728,0.01987363025546074
97,36,False,0.0,1,0.7783616781234741,0.2616596519947052,0.5350905060768127,0.01985356956720352
97,37,False,0.0,1,0.7778939604759216,0.26197201013565063,0.5350865125656128,0.019853271543979645
97,38,False,0.0,1,0.7782735228538513,0.2618582248687744,0.5354306101799011,0.02008427307009697
97,39,False,0.0,1,0.7783166170120239,0.26207491755485535,0.5356082916259766,0.02002290077507496
97,40,False,0.0,1,0.7772928476333618,0.2623361051082611,0.5353922843933105,0.020017284899950027
97,41,False,0.0,1,0.777856707572937,0.2620461583137512,0.5346333980560303,0.019552260637283325
97,42,False,0.0,1,0.7785196304321289,0.2618035078048706,0.5346778631210327,0.019462669268250465
97,43,False,0.0,1,0.7797743082046509,0.2624174654483795,0.5346701145172119,0.0195277389138937
97,44,False,0.0,1,0.7796855568885803,0.2623257339000702,0.5346066951751709,0.01949562132358551
97,45,False,0.0,1,0.779611349105835,0.2621476948261261,0.5345262289047241,0.01945977844297886
97,46,False,0.0,1,0.7781285643577576,0.2621909976005554,0.5344855189323425,0.019397659227252007
97,47,False,0.0,1,0.7786070108413696,0.26248398423194885,0.5347824692726135,0.019461896270513535
97,48,False,0.0,1,0.7795872688293457,0.2620658278465271,0.5344055891036987,0.01935778744518757
103,214,False,0.0,0,0.6426796913146973,0.12598879635334015,0.514342188835144,0.008531172759830952
103,215,False,0.0,1,0.7778799533843994,0.2623196244239807,0.5344712734222412,0.019079413264989853
103,216,False,0.0,1,0.7772243022918701,0.26206350326538086,0.534258246421814,0.018953148275613785
103,217,False,0.0,1,0.7771193981170654,0.26197922229766846,0.5340588092803955,0.018854552879929543
103,218,False,0.0,1,0.7757866382598877,0.2629182040691376,0.534363865852356,0.019055085256695747
103,219,False,0.0,1,0.7764058113098145,0.26248228549957275,0.5339087247848511,0.01895063929259777
103,220,False,0.0,1,0.7753919363021851,0.26194489002227783,0.5337989926338196,0.018803797662258148
103,221,False,0.0,1,0.7764847874641418,0.26110586524009705,0.5336784720420837,0.01875162124633789
103,222,False,0.0,1,0.777980625629425,0.26088038086891174,0.5336757898330688,0.0185948945581913
103,223,False,0.0,1,0.7777684926986694,0.26101821660995483,0.5335811376571655,0.018701259046792984
103,224,False,0.0,1,0.7780324220657349,0.2607733905315399,0.5337109565734863,0.018801404163241386
103,225,False,0.0,1,0.7783942222595215,0.26049819588661194,0.5336331129074097,0.018658410757780075
103,226,False,0.0,1,0.7787106037139893,0.26073506474494934,0.533409595489502,0.01870688609778881
103,227,False,0.0,1,0.7787669897079468,0.2606907784938812,0.5336728096008301,0.018819713965058327
103,228,False,0.0,1,0.7790414690971375,0.2603537142276764,0.533627986907959,0.018709659576416016
103,229,False,0.0,1,0.7774713039398193,0.2608022391796112,0.5334106683731079,0.018642548471689224
153,114,False,0.0,0,0.654015064239502,0.13526809215545654,0.5149152278900146,0.009060940705239773
153,115,False,0.0,1,0.7804332971572876,0.26258817315101624,0.5329014658927917,0.01903466135263443
153,116,False,0.0,1,0.7794197797775269,0.2629615366458893,0.5333203077316284,0.019047830253839493
153,117,False,0.0,1,0.7806189060211182,0.2626812160015106,0.5328997373580933,0.018978653475642204
153,118,False,0.0,1,0.7800065279006958,0.2626837491989136,0.5329729318618774,0.01907445304095745
153,119,False,0.0,1,0.7797914147377014,0.26292839646339417,0.5335623025894165,0.019201144576072693
153,120,False,0.0,1,0.7810670137405396,0.26214462518692017,0.5330040454864502,0.01903865672647953
153,121,False,0.0,1,0.7810437679290771,0.2616840600967407,0.5331103801727295,0.019056737422943115
153,122,True,0.003267973894253373,1,0.7817842960357666,0.2615323066711426,0.5325244665145874,0.01925181783735752
153,123,True,0.016393441706895828,1,0.7820656895637512,0.2614302337169647,0.5323978662490845,0.019399970769882202
153,124,True,0.032786883413791656,1,0.7827203273773193,0.2610878050327301,0.5319980382919312,0.01930682174861431
153,125,True,0.04918032884597778,1,0.7823922634124756,0.26124539971351624,0.5319132804870605,0.019308561459183693
153,126,True,0.06557376682758331,1,0.7819020748138428,0.26165640354156494,0.5322290658950806,0.01954921893775463
153,127,True,0.08196721225976944,1,0.7823446989059448,0.26104453206062317,0.5322123765945435,0.01957186870276928
153,128,True,0.09836065769195557,1,0.7819772362709045,0.2612067461013794,0.5321156978607178,0.019591350108385086
153,129,True,0.1147540956735611,1,0.7821276783943176,0.2607632875442505,0.5318045020103455,0.019321387633681297
145,177,False,0.0,0,0.6463706493377686,0.13101501762866974,0.5152714252471924,0.009701198898255825
145,178,False,0.0,1,0.7787191867828369,0.26227718591690063,0.5325456857681274,0.0196978822350502
145,179,False,0.0,1,0.7785165309906006,0.26276513934135437,0.5325636863708496,0.019712701439857483
145,180,False,0.0,1,0.7784916162490845,0.26271387934684753,0.5326600670814514,0.019749995321035385
145,181,False,0.0,1,0.7780235409736633,0.2624647319316864,0.5321745276451111,0.019617263227701187
145,182,False,0.0,1,0.777828574180603,0.26236552000045776,0.5322360992431641,0.0196395181119442
145,183,False,0.0,1,0.7781471610069275,0.26260796189308167,0.5325149893760681,0.019779449328780174
145,184,False,0.0,1,0.7779334783554077,0.2626304030418396,0.5322453379631042,0.01969633810222149
145,185,False,0.0,1,0.7776800394058228,0.26233986020088196,0.5335822105407715,0.019932536408305168
145,186,False,0.0,1,0.7792352437973022,0.2616243362426758,0.5340863466262817,0.020077399909496307
145,187,False,0.0,1,0.778285026550293,0.2620658278465271,0.5338215827941895,0.01991918310523033
145,188,False,0.0,1,0.7786601185798645,0.26154452562332153,0.533647894859314,0.01999020390212536
145,189,False,0.0,1,0.7794119119644165,0.2613745331764221,0.5335224270820618,0.019891615957021713
145,190,False,0.0,1,0.7790838479995728,0.2612802982330322,0.5337003469467163,0.019995301961898804
145,191,False,0.0,1,0.7789493203163147,0.26155737042427063,0.5341625213623047,0.0200808122754097
145,192,False,0.0,1,0.7786521911621094,0.2615656554698944,0.5338175296783447,0.019949961453676224
80,28,False,0.0,0,0.6529867649078369,0.12843573093414307,0.5156376957893372,0.009151746518909931
80,29,False,0.0,1,0.7805584669113159,0.2613113820552826,0.5357617139816284,0.02009548805654049
80,30,False,0.0,1,0.7817452549934387,0.260750949382782,0.5359116792678833,0.020087027922272682
80,31,False,0.0,1,0.780768632888794,0.2612832486629486,0.5360085964202881,0.02009463682770729
80,32,False,0.0,1,0.7812238931655884,0.26098600029945374,0.5355253219604492,0.020002275705337524
80,33,False,0.0,1,0.7802051901817322,0.2606101930141449,0.5356239080429077,0.019964488223195076
80,34,False,0.0,1,0.781840980052948,0.2612015902996063,0.5360018014907837,0.020183464512228966
80,35,False,0.0,1,0.7809054255485535,0.26140788197517395,0.5360702276229858,0.020162248983979225
80,36,False,0.0,1,0.780585765838623,0.261523574590683,0.538192629814148,0.020290562883019447
80,37,False,0.0,1,0.7809507846832275,0.2614901661872864,0.5387612581253052,0.020401595160365105
80,38,False,0.0,1,0.7810895442962646,0.26144254207611084,0.5388613939285278,0.020416151732206345
80,39,False,0.0,1,0.7814542055130005,0.26143980026245117,0.5390155911445618,0.020475728437304497
80,40,False,0.0,1,0.7804285287857056,0.2616291046142578,0.5389863848686218,0.020467322319746017
80,41,False,0.0,1,0.7804925441741943,0.26191768050193787,0.5389264822006226,0.02047325298190117
80,42,False,0.0,1,0.7802940607070923,0.26224708557128906,0.538947343826294,0.02048274129629135
80,43,False,0.0,1,0.7807930111885071,0.26168689131736755,0.539172887802124,0.020559759810566902
189,175,False,0.0,0,0.6433579921722412,0.13011522591114044,0.518883466720581,0.010202688165009022
189,176,False,0.0,1,0.7779712080955505,0.2630338668823242,0.5418144464492798,0.020890241488814354
189,177,False,0.0,1,0.7771490216255188,0.2630844712257385,0.5416167974472046,0.02074764482676983
189,178,False,0.0,1,0.7770572900772095,0.2627263069152832,0.5413239002227783,0.020571330562233925
189,179,False,0.0,1,0.778323769569397,0.26327598094940186,0.5416033267974854,0.020806485787034035
189,180,False,0.0,1,0.7778468132019043,0.26307588815689087,0.5414990186691284,0.02069629728794098
189,181,False,0.0,1,0.7780914306640625,0.2630294859409332,0.5414670705795288,0.020680569112300873
189,182,False,0.0,1,0.7775493860244751,0.26329800486564636,0.5414144992828369,0.02070087008178234
189,183,False,0.0,1,0.7778680920600891,0.2633744478225708,0.5429827570915222,0.02098778262734413
189,184,False,0.0,1,0.7772948145866394,0.2626211643218994,0.5428061485290527,0.020826060324907303
189,185,False,0.0,1,0.7782189846038818,0.2631877660751343,0.5429989099502563,0.020854994654655457
189,186,False,0.0,1,0.7777315378189087,0.2633114159107208,0.5430853366851807,0.02095331810414791
189,187,False,0.0,1,0.7777893543243408,0.26305609941482544,0.5428719520568848,0.020845668390393257
189,188,False,0.0,1,0.7773700952529907,0.26323649287223816,0.5430344343185425,0.02091330662369728
189,189,False,0.0,1,0.7771246433258057,0.2635514438152313,0.5431363582611084,0.02093876712024212
189,190,False,0.0,1,0.7773826122283936,0.2629236578941345,0.5428926944732666,0.020833663642406464
75,66,False,0.0,0,0.6440737247467041,0.12288510799407959,0.5178908705711365,0.009736699052155018
75,67,False,0.0,1,0.7798007726669312,0.26156336069107056,0.5424346327781677,0.02106941118836403
75,68,False,0.0,1,0.7803468704223633,0.26128455996513367,0.5422791242599487,0.02093682810664177
75,69,False,0.0,1,0.7799948453903198,0.2610694468021393,0.5420672297477722,0.020859908312559128
75,70,False,0.0,1,0.7800002098083496,0.2616237998008728,0.5419741868972778,0.02075636200606823
75,71,False,0.0,1,0.7803260087966919,0.26130321621894836,0.5422336459159851,0.020964451134204865
75,72,False,0.0,1,0.7795133590698242,0.26131850481033325,0.542407751083374,0.021041598170995712
75,73,False,0.0,1,0.7798699140548706,0.2611640989780426,0.5424763560295105,0.02100944332778454
75,74,False,0.0,1,0.779953122138977,0.26143723726272583,0.5422695875167847,0.021147379651665688
75,75,False,0.0,1,0.7798290252685547,0.26147255301475525,0.5424267053604126,0.021158993244171143
75,76,False,0.0,1,0.7803593873977661,0.261493980884552,0.5425583124160767,0.02126636914908886
75,77,False,0.0,1,0.7808046340942383,0.2608420252799988,0.5423561334609985,0.02106894925236702
75,78,False,0.0,1,0.7802363634109497,0.2613085210323334,0.542619526386261,0.02119019441306591
75,79,False,0.0,1,0.7794631719589233,0.26172858476638794,0.5425985455513,0.021199405193328857
75,80,False,0.0,1,0.7797638177871704,0.26164427399635315,0.5427147746086121,0.021183094009757042
75,81,False,0.0,1,0.7797293663024902,0.2615368068218231,0.5428397059440613,0.02124403603374958
105,146,False,0.0,0,0.6528213024139404,0.13165654242038727,0.5188021063804626,0.010035025887191296
105,147,False,0.0,1,0.7819017767906189,0.26198938488960266,0.5436436533927917,0.021282808855175972
105,148,False,0.0,1,0.781096339225769,0.2625141441822052,0.543918788433075,0.021456805989146233
105,149,False,0.0,1,0.7812643051147461,0.2621258497238159,0.5440126657485962,0.021386481821537018
105,150,False,0.0,1,0.7811950445175171,0.26245638728141785,0.5436989665031433,0.02129368484020233
105,151,False,0.0,1,0.780907392501831,0.2624085247516632,0.5435816049575806,0.021284138783812523
105,152,False,0.0,1,0.7804075479507446,0.26221323013305664,0.5437856912612915,0.021269576624035835
105,153,False,0.0,1,0.7802115678787231,0.26211652159690857,0.5437451601028442,0.021259833127260208
105,154,False,0.0,1,0.7817695736885071,0.2620551884174347,0.543634295463562,0.02130596712231636
105,155,True,0.0077720205299556255,1,0.7810935974121094,0.2621704339981079,0.5439735054969788,0.021482016891241074
105,156,True,0.020725388079881668,1,0.781389594078064,0.2624032497406006,0.5441367030143738,0.02164623513817787
105,157,True,0.03367875516414642,1,0.7820013761520386,0.26215386390686035,0.5438358187675476,0.021547380834817886
105,158,True,0.04663212597370148,1,0.7821033000946045,0.2622029483318329,0.5438883900642395,0.021572783589363098
105,159,True,0.05958549305796623,1,0.7819325923919678,0.2620410621166229,0.5438804626464844,0.021688738837838173
105,160,True,0.07253886014223099,1,0.7814328670501709,0.2621280550956726,0.5442745089530945,0.02180495299398899
105,161,True,0.08549223095178604,1,0.7809011936187744,0.2625921964645386,0.5441620349884033,0.021693065762519836
17,32,False,0.0,0,0.6532244682312012,0.13129547238349915,0.5196902751922607,0.01071944460272789
17,33,False,0.0,1,0.7820881605148315,0.26135244965553284,0.543723464012146,0.02160678617656231
17,34,False,0.0,1,0.7821599841117859,0.26145657896995544,0.543486475944519,0.021482672542333603
17,35,False,0.0,1,0.7815768122673035,0.2611289620399475,0.5432869791984558,0.021455921232700348
17,36,False,0.0,1,0.7817009687423706,0.2611997723579407,0.5433797836303711,0.021520815789699554
17,37,False,0.0,1,0.781302809715271,0.26151660084724426,0.543145477771759,0.02144123986363411
17,38,False,0.0,1,0.7822334170341492,0.26131337881088257,0.5433779954910278,0.021548738703131676
17,39,False,0.0,1,0.7817517518997192,0.2619374096393585,0.5437500476837158,0.021716516464948654
17,40,False,0.0,1,0.7815804481506348,0.2617014944553375,0.5433882474899292,0.02158235013484955
17,41,False,0.0,1,0.7814884185791016,0.2617957890033722,0.5432084202766418,0.02150266058743
17,42,False,0.0,1,0.7816524505615234,0.26188305020332336,0.5431766510009766,0.02151426300406456
17,43,False,0.0,1,0.7810484170913696,0.2619777023792267,0.5429237484931946,0.021374639123678207
17,44,False,0.0,1,0.7813389897346497,0.26199784874916077,0.5427642464637756,0.021396657451987267
17,45,False,0.0,1,0.781298816204071,0.2619829773902893,0.5430153608322144,0.021447978913784027
17,46,False,0.0,1,0.781196653842926,0.26188766956329346,0.542765736579895,0.021359331905841827
17,47,False,0.0,1,0.780815601348877,0.26193103194236755,0.5429869890213013,0.021448954939842224
137,169,False,0.0,0,0.6418349742889404,0.12709268927574158,0.5198464393615723,0.010753164067864418
137,170,False,0.0,1,0.7783638834953308,0.2627796232700348,0.5437595844268799,0.021681681275367737
137,171,False,0.0,1,0.7778599262237549,0.26325273513793945,0.5431612133979797,0.021459797397255898
137,172,False,0.0,1,0.7776104807853699,0.26334765553474426,0.5431846380233765,0.02153315208852291
137,173,False,0.0,1,0.7771866917610168,0.2638551890850067,0.5436725616455078,0.021699754521250725
137,174,False,0.0,1,0.777151346206665,0.26349979639053345,0.5431561470031738,0.021459652110934258
137,175,False,0.0,1,0.776941180229187,0.26421648263931274,0.5435208082199097,0.02166183479130268
137,176,False,0.0,1,0.7774283289909363,0.26357054710388184,0.5435404777526855,0.021606868132948875
137,177,False,0.0,1,0.7768796682357788,0.2637541890144348,0.5434891581535339,0.021774161607027054
137,178,False,0.0,1,0.7776229381561279,0.2639436721801758,0.5439742207527161,0.021853651851415634
137,179,False,0.0,1,0.7775395512580872,0.2641027867794037,0.5438673496246338,0.021967701613903046
137,180,False,0.0,1,0.777222216129303,0.26397672295570374,0.5438445210456848,0.021932726725935936
137,181,False,0.0,1,0.7778369188308716,0.26386502385139465,0.5439867973327637,0.021922416985034943
137,182,False,0.0,1,0.7776968479156494,0.26348546147346497,0.543674111366272,0.02180127054452896
137,183,False,0.0,1,0.7772287726402283,0.26429224014282227,0.5434495806694031,0.021703634411096573
137,184,False,0.0,1,0.7766826748847961,0.2634428143501282,0.5435410141944885,0.02182874083518982
136,180,False,0.0,0,0.6371386051177979,0.12297561019659042,0.5197043418884277,0.010828384198248386
136,181,False,0.0,1,0.7777141332626343,0.26299285888671875,0.5439785718917847,0.022020554170012474
136,182,False,0.0,1,0.7779116630554199,0.26327404379844666,0.5440690517425537,0.022031819447875023
136,183,False,0.0,1,0.777992844581604,0.26289311051368713,0.5441508889198303,0.022106682881712914
136,184,False,0.0,1,0.7784042358398438,0.2630123794078827,0.5441513061523438,0.022067362442612648
136,185,False,0.0,1,0.7777258157730103,0.2636638283729553,0.5439465045928955,0.02194853685796261
136,186,False,0.0,1,0.7779973745346069,0.26275473833084106,0.5440351963043213,0.021994175389409065
136,187,False,0.0,1,0.7781440019607544,0.263176292181015,0.5438903570175171,0.021988702937960625
136,188,False,0.0,1,0.7783904075622559,0.26207679510116577,0.5443114638328552,0.022351635619997978
136,189,True,0.006369426846504211,1,0.7781974077224731,0.26255521178245544,0.5439883470535278,0.02232988178730011
136,190,True,0.01698513887822628,1,0.7787601351737976,0.2621113657951355,0.5438550114631653,0.022327102720737457
136,191,True,0.0276008490473032,1,0.7788035869598389,0.26222190260887146,0.5441799163818359,0.022473501041531563
136,192,True,0.03821656107902527,1,0.7790333032608032,0.2625919580459595,0.544459342956543,0.02258368395268917
136,193,True,0.04883227124810219,1,0.7790395617485046,0.26186978816986084,0.5443243980407715,0.02246859483420849
136,194,True,0.05944798141717911,1,0.7796853184700012,0.26162099838256836,0.5440833568572998,0.022498730570077896
136,195,True,0.07006369531154633,1,0.7788149118423462,0.2619282007217407,0.5442392230033875,0.022536324337124825
50,32,False,0.0,0,0.6463813781738281,0.1249355897307396,0.5189156532287598,0.011085080914199352
50,33,False,0.0,1,0.7816048860549927,0.26096999645233154,0.5434054732322693,0.022850075736641884
50,34,False,0.0,1,0.7824007868766785,0.26091715693473816,0.5435464382171631,0.022957758978009224
50,35,False,0.0,1,0.7819147706031799,0.26110562682151794,0.5436237454414368,0.023032931610941887
50,36,False,0.0,1,0.7805495262145996,0.26127922534942627,0.5433913469314575,0.022755853831768036
50,37,False,0.0,1,0.7819823026657104,0.261462539434433,0.5432796478271484,0.022798702120780945
50,38,False,0.0,1,0.7814339399337769,0.26152926683425903,0.5434079170227051,0.022898174822330475
50,39,False,0.0,1,0.7822416424751282,0.2614956796169281,0.5432370901107788,0.022732330486178398
50,40,True,0.020202020183205605,1,0.7823766469955444,0.2614380717277527,0.542734682559967,0.02312702126801014
50,41,True,0.07070706784725189,1,0.782348096370697,0.26106879115104675,0.5426760911941528,0.02312299609184265
50,42,True,0.12121212482452393,1,0.781826376914978,0.26000121235847473,0.5431489944458008,0.02333124168217182
50,43,True,0.17171716690063477,1,0.7811399102210999,0.2605009973049164,0.542824923992157,0.02314884215593338
50,44,True,0.2222222238779068,1,0.7805246114730835,0.26097220182418823,0.5425266027450562,0.02304236777126789
50,45,True,0.27272728085517883,1,0.7791673541069031,0.26029518246650696,0.5426856279373169,0.023257603868842125
50,46,True,0.3232323229312897,1,0.7784116268157959,0.2605092227458954,0.5421667098999023,0.02298593334853649
50,47,True,0.3737373650074005,1,0.7801995873451233,0.26036590337753296,0.541933000087738,0.022932130843400955
152,171,False,0.0,0,0.6416857242584229,0.1267765611410141,0.5196552276611328,0.01200786605477333
152,172,False,0.0,1,0.7797152996063232,0.26315900683403015,0.5436248183250427,0.02365388721227646
152,173,False,0.0,1,0.7796750664710999,0.26308661699295044,0.5435910224914551,0.023691480979323387
152,174,False,0.0,1,0.7794572114944458,0.2629896104335785,0.5438011884689331,0.023643802851438522
152,175,False,0.0,1,0.7797137498855591,0.26271432638168335,0.5440137982368469,0.023855863139033318
152,176,False,0.0,1,0.779570460319519,0.2627829909324646,0.5438438653945923,0.023700088262557983
152,177,False,0.0,1,0.7801033854484558,0.26245591044425964,0.5437448620796204,0.02361353114247322
152,178,False,0.0,1,0.7796287536621094,0.2627115547657013,0.543655514717102,0.023591171950101852
152,179,False,0.0,1,0.779961109161377,0.2623189389705658,0.5438538193702698,0.02353638969361782
152,180,False,0.0,1,0.7794821262359619,0.26257753372192383,0.5438653230667114,0.023619957268238068
152,181,False,0.0,1,0.7800918221473694,0.26279178261756897,0.543878436088562,0.023731419816613197
152,182,False,0.0,1,0.7794288396835327,0.2620829641819,0.5433008670806885,0.02334347367286682
152,183,False,0.0,1,0.7795727252960205,0.2628052532672882,0.5435813069343567,0.023608312010765076
152,184,False,0.0,1,0.7805707454681396,0.2627081274986267,0.5439839363098145,0.02376021258533001
152,185,False,0.0,1,0.7795305252075195,0.26234203577041626,0.5437872409820557,0.023591140285134315
152,186,False,0.0,1,0.7801151275634766,0.26295021176338196,0.5441298484802246,0.023810207843780518
143,177,False,0.0,0,0.6480543613433838,0.13096289336681366,0.5200330018997192,0.01154361478984356
143,178,False,0.0,1,0.7810498476028442,0.26218703389167786,0.5447736978530884,0.023120088502764702
143,179,False,0.0,1,0.7807531952857971,0.2620072662830353,0.544489860534668,0.02299155667424202
143,180,False,0.0,1,0.7805689573287964,0.26213911175727844,0.544645369052887,0.023112475872039795
143,181,False,0.0,1,0.7808454036712646,0.2621106207370758,0.5447571277618408,0.023129696026444435
143,182,False,0.0,1,0.7808696627616882,0.26205235719680786,0.5447043776512146,0.02309381030499935
143,183,False,0.0,1,0.7805020809173584,0.26249563694000244,0.5450007915496826,0.02319519594311714
143,184,False,0.0,1,0.7803671360015869,0.2620379328727722,0.5441762208938599,0.022877639159560204
143,185,True,0.0021645021624863148,1,0.7810868620872498,0.2618221342563629,0.5455707311630249,0.022616351023316383
143,186,True,0.012987012974917889,1,0.7806609272956848,0.2617252469062805,0.5454896688461304,0.022643862292170525
143,187,True,0.02380952425301075,1,0.781355619430542,0.26172614097595215,0.5452914834022522,0.0226177666336298
143,188,True,0.034632034599781036,1,0.7809004783630371,0.26298871636390686,0.5458216667175293,0.022861115634441376
143,189,True,0.04545454680919647,1,0.7807835340499878,0.2616523802280426,0.5450522899627686,0.022602908313274384
143,190,True,0.05627705529332161,1,0.7810869216918945,0.26172590255737305,0.5449274778366089,0.022587060928344727
143,191,True,0.06709956377744675,1,0.7803133726119995,0.26241278648376465,0.5450810194015503,0.022651931270956993
143,192,True,0.07792207598686218,1,0.7814444899559021,0.2617613971233368,0.5454016327857971,0.02278774045407772
45,14,False,0.0,0,0.6550776958465576,0.1323772370815277,0.5197141170501709,0.010426579974591732
45,15,False,0.0,1,0.7829465866088867,0.2616579532623291,0.5452938079833984,0.022137939929962158
45,16,False,0.0,1,0.7826629877090454,0.26150640845298767,0.5452239513397217,0.022097701206803322
45,17,False,0.0,1,0.7826793789863586,0.261406809091568,0.5454822778701782,0.022180944681167603
45,18,False,0.0,1,0.7818557024002075,0.2616119384765625,0.5451953411102295,0.021989108994603157
45,19,False,0.0,1,0.7825970649719238,0.2617597281932831,0.5457228422164917,0.022182675078511238
45,20,False,0.0,1,0.7827918529510498,0.26131585240364075,0.5452090501785278,0.02197515219449997
45,21,False,0.0,1,0.7833201885223389,0.26155903935432434,0.5455600619316101,0.022142671048641205
45,22,False,0.0,1,0.7822564244270325,0.2619680166244507,0.5466195344924927,0.021943192929029465
45,23,False,0.0,1,0.78224778175354,0.26147186756134033,0.5461785793304443,0.021782664582133293
45,24,False,0.0,1,0.7826871871948242,0.26147300004959106,0.5460984110832214,0.021765386685729027
45,25,False,0.0,1,0.782975971698761,0.261413037776947,0.5463269352912903,0.021842358633875847
45,26,False,0.0,1,0.7829717397689819,0.261639803647995,0.5462002754211426,0.021841950714588165
45,27,False,0.0,1,0.7831355929374695,0.26147210597991943,0.5462714433670044,0.021814653649926186
45,28,False,0.0,1,0.781991720199585,0.2619311213493347,0.5465471148490906,0.021951468661427498
45,29,False,0.0,1,0.7825590372085571,0.2619202136993408,0.5464715957641602,0.021850980818271637
13,20,False,0.0,0,0.6561279296875,0.13239391148090363,0.5204423666000366,0.010050117038190365
13,21,False,0.0,1,0.7837381362915039,0.26156219840049744,0.5467510223388672,0.021632643416523933
13,22,False,0.0,1,0.7839085459709167,0.2613564729690552,0.5470609664916992,0.021718012169003487
13,23,False,0.0,1,0.7834135293960571,0.26124608516693115,0.5468137264251709,0.0216424148529768
13,24,False,0.0,1,0.7844899892807007,0.2613377571105957,0.5463998317718506,0.021486960351467133
13,25,False,0.0,1,0.7840773463249207,0.26138558983802795,0.5469576716423035,0.021687587723135948
13,26,False,0.0,1,0.7839006185531616,0.26142463088035583,0.5469268560409546,0.021655060350894928
13,27,False,0.0,1,0.783645510673523,0.26123180985450745,0.5466951727867126,0.021522819995880127
13,28,True,0.028985507786273956,1,0.7841398119926453,0.2613328993320465,0.5480944514274597,0.021745285019278526
13,29,True,0.10144927352666855,1,0.7834440469741821,0.26169419288635254,0.5479331612586975,0.021623045206069946
13,30,True,0.17391304671764374,1,0.782794713973999,0.26090943813323975,0.548110842704773,0.0217573419213295
13,31,True,0.24637681245803833,1,0.7830185890197754,0.2615010142326355,0.5481407642364502,0.021830730140209198
13,32,True,0.3188405930995941,1,0.7827513813972473,0.26172181963920593,0.5476623773574829,0.021700089797377586
13,33,True,0.3913043439388275,1,0.7835513949394226,0.26129281520843506,0.5478967428207397,0.02182004228234291
13,34,True,0.4637681245803833,1,0.7828329801559448,0.2613619565963745,0.5479567050933838,0.02189425565302372
13,35,True,0.5362318754196167,1,0.7793008089065552,0.26076120138168335,0.546654224395752,0.02145971916615963
125,122,False,0.0,0,0.6640682220458984,0.14030875265598297,0.5228302478790283,0.010488401167094707
125,123,False,0.0,1,0.7849002480506897,0.26222220063209534,0.5505253076553345,0.021804800257086754
125,124,False,0.0,1,0.7852920293807983,0.2619953155517578,0.5506095886230469,0.02180725522339344
125,125,False,0.0,1,0.7852877378463745,0.26189565658569336,0.5504032373428345,0.02179601788520813
125,126,False,0.0,1,0.7858926057815552,0.2617006301879883,0.5504844188690186,0.021806253120303154
125,127,False,0.0,1,0.785918653011322,0.26174837350845337,0.5504641532897949,0.021731767803430557
125,128,False,0.0,1,0.7855584621429443,0.2615125775337219,0.5502570867538452,0.021603994071483612
125,129,False,0.0,1,0.7857691645622253,0.26170814037323,0.5509611368179321,0.02193969115614891
125,130,False,0.0,1,0.7858117818832397,0.26112034916877747,0.5511046648025513,0.021817348897457123
125,131,False,0.0,1,0.7856649160385132,0.26105061173439026,0.5513455271720886,0.021917706355452538
125,132,False,0.0,1,0.7852875590324402,0.26198670268058777,0.5512010455131531,0.021821403875947
125,133,False,0.0,1,0.7846430540084839,0.26183944940567017,0.5509355068206787,0.02166096493601799
125,134,False,0.0,1,0.784365177154541,0.2621700167655945,0.5511236190795898,0.021724773570895195
125,135,False,0.0,1,0.7845447063446045,0.2621297240257263,0.5514199733734131,0.02185906283557415
125,136,False,0.0,1,0.7846444845199585,0.261838436126709,0.5508943796157837,0.02162128873169422
125,137,False,0.0,1,0.784447431564331,0.2624819576740265,0.5514225959777832,0.021949147805571556
120,162,False,0.0,0,0.6416702270507812,0.12657766044139862,0.5231727361679077,0.01056564413011074
120,163,False,0.0,1,0.7807106971740723,0.26345786452293396,0.55195152759552,0.022092876955866814
120,164,False,0.0,1,0.780509352684021,0.2636687159538269,0.5515397787094116,0.021975768730044365
120,165,False,0.0,1,0.7804362177848816,0.26321929693222046,0.5511797666549683,0.02180214785039425
120,166,False,0.0,1,0.7800673246383667,0.26376110315322876,0.5515310764312744,0.021911796182394028
120,167,False,0.0,1,0.7801367044448853,0.263473778963089,0.5512383580207825,0.021857788786292076
120,168,False,0.0,1,0.7800502777099609,0.2635451555252075,0.551620602607727,0.021959180012345314
120,169,False,0.0,1,0.7795625329017639,0.2637072205543518,0.5516032576560974,0.02192668616771698
120,170,False,0.0,1,0.7805317044258118,0.2635830044746399,0.5518994927406311,0.022017503157258034
120,171,True,0.007042253389954567,1,0.7798868417739868,0.2638533413410187,0.5519050359725952,0.02206348069012165
120,172,True,0.018779342994093895,1,0.7809984683990479,0.26399704813957214,0.5522888898849487,0.022136101499199867
120,173,True,0.030516432598233223,1,0.7794299125671387,0.26338550448417664,0.5519521236419678,0.022115124389529228
120,174,True,0.0422535203397274,1,0.7811293601989746,0.2640383541584015,0.5524997711181641,0.022267470136284828
120,175,True,0.05399060994386673,1,0.7813202738761902,0.26364731788635254,0.552492618560791,0.02224971540272236
120,176,True,0.06572769582271576,1,0.7818107604980469,0.2635529339313507,0.5523372292518616,0.02226478047668934
120,177,True,0.07746478915214539,1,0.780807375907898,0.2633605897426605,0.5516005754470825,0.021961746737360954
192,173,False,0.0,0,0.6481361389160156,0.12962791323661804,0.5229600667953491,0.01063998881727457
192,174,False,0.0,1,0.7812181711196899,0.26241883635520935,0.5524792671203613,0.022265667095780373
192,175,False,0.0,1,0.7812932729721069,0.26268336176872253,0.5526338815689087,0.022300131618976593
192,176,False,0.0,1,0.7811324000358582,0.262128084897995,0.552208423614502,0.02217084914445877
192,177,False,0.0,1,0.7819961309432983,0.26243242621421814,0.5527065992355347,0.02235439419746399
192,178,False,0.0,1,0.7811247110366821,0.262305349111557,0.5525150299072266,0.022278472781181335
192,179,False,0.0,1,0.7814111709594727,0.2624779939651489,0.552466630935669,0.022251494228839874
192,180,False,0.0,1,0.7814387083053589,0.26245272159576416,0.5526115298271179,0.022354891523718834
192,181,False,0.0,1,0.7816265225410461,0.26179778575897217,0.5527456402778625,0.022978560999035835
192,182,False,0.0,1,0.7807804942131042,0.2623385787010193,0.5525971055030823,0.02284921705722809
192,183,False,0.0,1,0.7824728488922119,0.2618756890296936,0.5528558492660522,0.02299276925623417
192,184,False,0.0,1,0.7823289632797241,0.2615230977535248,0.5528090000152588,0.022978074848651886
192,185,False,0.0,1,0.782721996307373,0.26135289669036865,0.5531845092773438,0.02311752177774906
192,186,False,0.0,1,0.7824143171310425,0.26187753677368164,0.5530878901481628,0.02302861586213112
192,187,False,0.0,1,0.7816746234893799,0.2620660960674286,0.5531523823738098,0.023006046190857887
192,188,False,0.0,1,0.7825361490249634,0.2615278959274292,0.553231954574585,0.023118717595934868
185,173,False,0.0,0,0.6526460647583008,0.135331928730011,0.5231558084487915,0.011596586555242538
185,174,False,0.0,1,0.7811647653579712,0.26356202363967896,0.5528272986412048,0.02363193966448307
185,175,False,0.0,1,0.7812846899032593,0.2635490894317627,0.5530940294265747,0.02382328175008297
185,176,False,0.0,1,0.7807141542434692,0.262982577085495,0.5529353618621826,0.023752689361572266
185,177,False,0.0,1,0.7810122966766357,0.26312553882598877,0.5526275634765625,0.023641157895326614
185,178,False,0.0,1,0.7809966802597046,0.2633068263530731,0.5527658462524414,0.02369733527302742
185,179,False,0.0,1,0.7809311151504517,0.2627754509449005,0.5525951385498047,0.023575330153107643
185,180,False,0.0,1,0.7813292741775513,0.2636045515537262,0.5531373023986816,0.02383190393447876
185,181,False,0.0,1,0.7804587483406067,0.2629918158054352,0.5526529550552368,0.02395343966782093
185,182,True,0.008830022066831589,1,0.7807838916778564,0.26300400495529175,0.5531340837478638,0.02414609305560589
185,183,True,0.01986755058169365,1,0.7813389301300049,0.26374030113220215,0.5532327890396118,0.024227233603596687
185,184,True,0.03090507723391056,1,0.7816028594970703,0.26328179240226746,0.5529547333717346,0.024179406464099884
185,185,True,0.04194260388612747,1,0.7813007831573486,0.26329880952835083,0.552754819393158,0.023983336985111237
185,186,True,0.05298013240098953,1,0.7813524603843689,0.26334795355796814,0.5528560876846313,0.024162746965885162
185,187,True,0.06401766091585159,1,0.7812240123748779,0.2637348175048828,0.5531668663024902,0.024318361654877663
185,188,True,0.07505518943071365,1,0.7818223237991333,0.2632462978363037,0.5529996156692505,0.0241822749376297
106,113,False,0.0,0,0.6605563163757324,0.1371411383152008,0.5235075950622559,0.012155194766819477
106,114,False,0.0,1,0.7848877906799316,0.2622731626033783,0.5534327030181885,0.024549543857574463
106,115,False,0.0,1,0.7843177914619446,0.2627165913581848,0.5535216331481934,0.02448873221874237
106,116,False,0.0,1,0.7838037610054016,0.2631101608276367,0.5533515810966492,0.024424981325864792
106,117,False,0.0,1,0.7834631204605103,0.26314353942871094,0.5533446073532104,0.02439630776643753
106,118,False,0.0,1,0.7844053506851196,0.26280730962753296,0.5531575679779053,0.024359578266739845
106,119,False,0.0,1,0.7853786945343018,0.2623971998691559,0.553443193435669,0.02455589920282364
106,120,False,0.0,1,0.7841536998748779,0.26284047961235046,0.553767740726471,0.024575119838118553
106,121,True,0.0033112582750618458,1,0.7852336168289185,0.26224881410598755,0.5547237396240234,0.025099338963627815
106,122,True,0.01986755058169365,1,0.7856583595275879,0.26217493414878845,0.5542230010032654,0.024961749091744423
106,123,True,0.03642383962869644,1,0.7860002517700195,0.2614233195781708,0.5540984869003296,0.024944165721535683
106,124,True,0.05298013240098953,1,0.7861054539680481,0.26154646277427673,0.5541009902954102,0.02488253265619278
106,125,True,0.06953642517328262,1,0.7858412861824036,0.2613774538040161,0.5538305640220642,0.02473996952176094
106,126,True,0.08609271794557571,1,0.7858470678329468,0.26124095916748047,0.5538895130157471,0.024816969409585
106,127,True,0.10264900326728821,1,0.7862902879714966,0.2611839771270752,0.5539385080337524,0.024840867146849632
106,128,True,0.1192052960395813,1,0.7864048480987549,0.2615033984184265,0.5540899038314819,0.024977341294288635
82,28,False,0.0,0,0.6643002033233643,0.1373707354068756,0.5230638980865479,0.012141541577875614
82,29,False,0.0,1,0.7851178050041199,0.2614526152610779,0.5530085563659668,0.02482108399271965
82,30,False,0.0,1,0.7851166725158691,0.26124897599220276,0.5528773665428162,0.024737942963838577
82,31,False,0.0,1,0.7846696376800537,0.2614676058292389,0.5529553890228271,0.024802034720778465
82,32,False,0.0,1,0.7848120927810669,0.26148906350135803,0.5530802607536316,0.02485242486000061
82,33,False,0.0,1,0.7838176488876343,0.261697918176651,0.5522701144218445,0.024500729516148567
82,34,False,0.0,1,0.7846430540084839,0.2615581750869751,0.5525730848312378,0.02466532029211521
82,35,False,0.0,1,0.7835605144500732,0.2614753544330597,0.5525286793708801,0.024647198617458344
82,36,True,0.02247191034257412,1,0.7846792936325073,0.2615602910518646,0.5530101656913757,0.0248675886541605
82,37,True,0.07865168899297714,1,0.7844887971878052,0.261649489402771,0.5526197552680969,0.02466026321053505
82,38,True,0.13483145833015442,1,0.7841627597808838,0.2618553042411804,0.5524523258209229,0.024573158472776413
82,39,True,0.1910112351179123,1,0.7837963700294495,0.2614726126194,0.5520414113998413,0.024413419887423515
82,40,True,0.24719101190567017,1,0.7837903499603271,0.26170843839645386,0.5521491169929504,0.024568621069192886
82,41,True,0.30337077379226685,1,0.783449649810791,0.2618376910686493,0.551753044128418,0.024455979466438293
82,42,True,0.3595505654811859,1,0.7832562923431396,0.26164472103118896,0.5516958236694336,0.024427881464362144
82,43,True,0.4157303273677826,1,0.7827248573303223,0.2612675428390503,0.5512292385101318,0.024203922599554062
144,114,False,0.0,0,0.6613166332244873,0.1404804140329361,0.5232622623443604,0.012028714641928673
144,115,False,0.0,1,0.7831149697303772,0.2630729675292969,0.5526165962219238,0.024162212386727333
144,116,False,0.0,1,0.7833650708198547,0.2631934881210327,0.5527624487876892,0.024266434833407402
144,117,False,0.0,1,0.7831896543502808,0.26322609186172485,0.5528777837753296,0.02436571754515171
144,118,False,0.0,1,0.7835226058959961,0.26295366883277893,0.5526882410049438,0.02420135773718357
144,119,False,0.0,1,0.7831835746765137,0.26309090852737427,0.552537202835083,0.024156080558896065
144,120,False,0.0,1,0.7839982509613037,0.262692391872406,0.5527200102806091,0.024253221228718758
144,121,False,0.0,1,0.7829803824424744,0.26339027285575867,0.5530644655227661,0.024301061406731606
144,122,False,0.0,1,0.7829662561416626,0.2632642686367035,0.5528706908226013,0.023788077756762505
144,123,True,0.009803921915590763,1,0.7842475771903992,0.2626135051250458,0.5526830554008484,0.023826513439416885
144,124,True,0.026143791154026985,1,0.7844959497451782,0.26262030005455017,0.5524697303771973,0.02381272241473198
144,125,True,0.04248366132378578,1,0.7847336530685425,0.2621411681175232,0.5528541207313538,0.02406974509358406
144,126,True,0.05882352963089943,1,0.784874677658081,0.26263561844825745,0.5534889698028564,0.02428889460861683
144,127,True,0.07516340166330338,1,0.7854515314102173,0.26215749979019165,0.5534566640853882,0.024370264261960983
144,128,True,0.09150326997041702,1,0.7858985662460327,0.26167020201683044,0.5531027913093567,0.024158842861652374
144,129,True,0.10784313827753067,1,0.7857042551040649,0.26165857911109924,0.5531390905380249,0.024171290919184685
92,36,False,0.0,0,0.659966230392456,0.13342472910881042,0.5251877307891846,0.012630094774067402
92,37,False,0.0,1,0.783900260925293,0.26134929060935974,0.5537898540496826,0.024058157578110695
92,38,False,0.0,1,0.7840241193771362,0.26073455810546875,0.5532406568527222,0.023819951340556145
92,39,False,0.0,1,0.7842733860015869,0.26084229350090027,0.5530883073806763,0.023791979998350143
92,40,False,0.0,1,0.785137414932251,0.260787695646286,0.5534329414367676,0.023979946970939636
92,41,False,0.0,1,0.78413987159729,0.26097002625465393,0.5532764196395874,0.023866964504122734
92,42,False,0.0,1,0.7848231792449951,0.26079273223876953,0.5531303882598877,0.023829670622944832
92,43,False,0.0,1,0.7837897539138794,0.2614411413669586,0.5531360507011414,0.023875726386904716
92,44,True,0.01834862306714058,1,0.7843987941741943,0.2608546316623688,0.5544477701187134,0.02364841289818287
92,45,True,0.06422018259763718,1,0.7844553589820862,0.2611127495765686,0.5545570254325867,0.023764554411172867
92,46,True,0.11009174585342407,1,0.784779965877533,0.2609630823135376,0.5538994669914246,0.023479970172047615
92,47,True,0.15596330165863037,1,0.7831898331642151,0.26153331995010376,0.553242564201355,0.023313088342547417
92,48,True,0.20183485746383667,1,0.7837978601455688,0.2613583505153656,0.553446888923645,0.023457076400518417
92,49,True,0.24770642817020416,1,0.7832683324813843,0.2618348002433777,0.5532817840576172,0.023458952084183693
92,50,True,0.29357796907424927,1,0.783415675163269,0.260955274105072,0.5532931089401245,0.02351873740553856
92,51,True,0.33944955468177795,1,0.7823001146316528,0.26105761528015137,0.5529686212539673,0.023357998579740524
87,105,False,0.0,0,0.6466593742370605,0.12192106246948242,0.5236154794692993,0.011066325008869171
87,106,False,0.0,1,0.781834602355957,0.2601219713687897,0.5543336868286133,0.02329098992049694
87,107,False,0.0,1,0.7812935709953308,0.25992342829704285,0.5548099279403687,0.023435046896338463
87,108,False,0.0,1,0.7813713550567627,0.259966641664505,0.5546777248382568,0.023369934409856796
87,109,False,0.0,1,0.7814886569976807,0.2599480450153351,0.5544519424438477,0.023274220526218414
87,110,False,0.0,1,0.781980037689209,0.2599309980869293,0.5544630289077759,0.023280510678887367
87,111,False,0.0,1,0.7832735776901245,0.25958165526390076,0.5546889305114746,0.02336300164461136
87,112,False,0.0,1,0.781417965888977,0.25971266627311707,0.5545014142990112,0.02329963818192482
87,113,False,0.0,1,0.7821098566055298,0.25977036356925964,0.5555483102798462,0.023245934396982193
87,114,False,0.0,1,0.782698929309845,0.2598154544830322,0.5555403232574463,0.023239072412252426
87,115,False,0.0,1,0.7815368175506592,0.25984880328178406,0.5551643371582031,0.023134108632802963
87,116,False,0.0,1,0.7816184163093567,0.25972431898117065,0.5551439523696899,0.023145580664277077
87,117,False,0.0,1,0.7826791405677795,0.2600654363632202,0.5549948215484619,0.023115187883377075
87,118,False,0.0,1,0.7818734645843506,0.25975579023361206,0.555243968963623,0.02320925146341324
87,119,False,0.0,1,0.7823427319526672,0.25983646512031555,0.5552139282226562,0.02322300337255001
87,120,False,0.0,1,0.7806638479232788,0.2605631351470947,0.5549383163452148,0.023094017058610916
94,16,False,0.0,0,0.6475982666015625,0.12374762445688248,0.5256906151771545,0.011622465215623379
94,17,False,0.0,1,0.7823237776756287,0.259795606136322,0.5567226409912109,0.02357025258243084
94,18,False,0.0,1,0.7830637693405151,0.25994330644607544,0.5565958619117737,0.02351784147322178
94,19,False,0.0,1,0.7834570407867432,0.2598867118358612,0.5561556816101074,0.02336612530052662
94,20,False,0.0,1,0.7832546234130859,0.25982075929641724,0.5564686059951782,0.02347475104033947
94,21,False,0.0,1,0.7834328413009644,0.25973767042160034,0.5565125942230225,0.023499388247728348
94,22,False,0.0,1,0.7827941179275513,0.2598446011543274,0.5568283796310425,0.023590873926877975
94,23,False,0.0,1,0.7834907174110413,0.26011472940444946,0.556415855884552,0.023461470380425453
94,24,False,0.0,1,0.7834007740020752,0.25977396965026855,0.5565339922904968,0.023662762716412544
94,25,False,0.0,1,0.7830455303192139,0.25977322459220886,0.5566208362579346,0.02366875298321247
94,26,False,0.0,1,0.7829234600067139,0.2597118616104126,0.5567640066146851,0.02371041849255562
94,27,False,0.0,1,0.7837203741073608,0.25999948382377625,0.5568311810493469,0.023794127628207207
94,28,False,0.0,1,0.783063530921936,0.25971999764442444,0.5571173429489136,0.02384534291923046
94,29,False,0.0,1,0.7827821969985962,0.2598037123680115,0.5571223497390747,0.023852692916989326
94,30,False,0.0,1,0.7832456827163696,0.2598550617694855,0.5571979880332947,0.02383987233042717
94,31,False,0.0,1,0.7839497327804565,0.2601550817489624,0.5570505261421204,0.023804472759366035
132,115,False,0.0,0,0.6659190654754639,0.14366507530212402,0.5250564813613892,0.01144707202911377
132,116,False,0.0,1,0.7845035791397095,0.2625316381454468,0.5567488670349121,0.02383091114461422
132,117,False,0.0,1,0.7844603061676025,0.26236048340797424,0.5565444827079773,0.023704269900918007
132,118,False,0.0,1,0.7854336500167847,0.2620254456996918,0.5564059019088745,0.02367057465016842
132,119,False,0.0,1,0.7854281663894653,0.26194047927856445,0.5569663047790527,0.023901646956801414
132,120,False,0.0,1,0.7850606441497803,0.2620505690574646,0.5567635893821716,0.02380334585905075
132,121,False,0.0,1,0.7860967516899109,0.2615682780742645,0.5562000274658203,0.023589428514242172
132,122,False,0.0,1,0.7858737111091614,0.26104220747947693,0.5559630990028381,0.023560846224427223
132,123,False,0.0,1,0.7863934636116028,0.26134032011032104,0.5558397769927979,0.02391129732131958
132,124,True,0.012987012974917889,1,0.7863527536392212,0.26075857877731323,0.5557355880737305,0.02378499135375023
132,125,True,0.02922077849507332,1,0.7868920564651489,0.2605172395706177,0.5559771060943604,0.024015996605157852
132,126,True,0.04545454680919647,1,0.7866669297218323,0.2616795599460602,0.5565105676651001,0.024173511192202568
132,127,True,0.06168831139802933,1,0.786025881767273,0.2610785961151123,0.5564223527908325,0.024184277281165123
132,128,True,0.07792207598686218,1,0.7857494950294495,0.2614394724369049,0.5565445423126221,0.024182043969631195
132,129,True,0.09415584057569504,1,0.785921573638916,0.2610379159450531,0.5564165115356445,0.024180565029382706
132,130,True,0.11038961261510849,1,0.7856987118721008,0.26134100556373596,0.5555697083473206,0.023898178711533546
118,114,False,0.0,0,0.6622014045715332,0.14006397128105164,0.5230996608734131,0.011177483946084976
118,115,False,0.0,1,0.784530758857727,0.2624712586402893,0.5564031600952148,0.024357527494430542
118,116,False,0.0,1,0.7850890159606934,0.26268625259399414,0.5563045740127563,0.024325786158442497
118,117,False,0.0,1,0.7850528955459595,0.26264438033103943,0.5562547445297241,0.02430199831724167
118,118,False,0.0,1,0.785248339176178,0.2622402608394623,0.5558441877365112,0.024076472967863083
118,119,False,0.0,1,0.7852017879486084,0.2626722455024719,0.5562636256217957,0.02433123253285885
118,120,False,0.0,1,0.7853593230247498,0.26237455010414124,0.5557580590248108,0.02406187541782856
118,121,False,0.0,1,0.7850973606109619,0.26259124279022217,0.5561079978942871,0.02425675466656685
118,122,False,0.0,1,0.7852733135223389,0.26249179244041443,0.5554039478302002,0.024326398968696594
118,123,False,0.0,1,0.78536057472229,0.26220205426216125,0.5553972125053406,0.02430732175707817
118,124,False,0.0,1,0.7852977514266968,0.26256605982780457,0.5559525489807129,0.024516304954886436
118,125,False,0.0,1,0.7856643199920654,0.26183995604515076,0.555404782295227,0.024172604084014893
118,126,False,0.0,1,0.7861826419830322,0.2620592713356018,0.5557283163070679,0.02447495050728321
118,127,False,0.0,1,0.7866173982620239,0.2613704204559326,0.5558205842971802,0.02450249344110489
118,128,False,0.0,1,0.7867958545684814,0.26160186529159546,0.555627167224884,0.024368610233068466
118,129,False,0.0,1,0.7865550518035889,0.26111480593681335,0.555814266204834,0.024453070014715195
84,28,False,0.0,0,0.6520977020263672,0.1296759992837906,0.5237295031547546,0.012157867662608624
84,29,False,0.0,1,0.7849775552749634,0.26145562529563904,0.5551581382751465,0.024724045768380165
84,30,False,0.0,1,0.784928560256958,0.2612677216529846,0.5551542043685913,0.02468767575919628
84,31,False,0.0,1,0.7849830389022827,0.2613992393016815,0.5552220940589905,0.024698249995708466
84,32,False,0.0,1,0.7846972942352295,0.26137301325798035,0.5554425716400146,0.024776611477136612
84,33,False,0.0,1,0.7850655913352966,0.2613464295864105,0.5550318956375122,0.02463400550186634
84,34,False,0.0,1,0.7839457988739014,0.26125240325927734,0.5549611449241638,0.024657821282744408
84,35,False,0.0,1,0.7843810319900513,0.2607337236404419,0.5553317070007324,0.024772757664322853
84,36,True,0.010989011265337467,1,0.7848302721977234,0.26096534729003906,0.5546292066574097,0.024589046835899353
84,37,True,0.0555555559694767,1,0.7844362258911133,0.26165762543678284,0.5549666881561279,0.024678319692611694
84,38,True,0.1111111119389534,1,0.78388512134552,0.26122215390205383,0.5549222230911255,0.024707654491066933
84,39,True,0.1666666716337204,1,0.784139096736908,0.2605856657028198,0.5546706914901733,0.024651996791362762
84,40,True,0.2222222238779068,1,0.7843146324157715,0.26063841581344604,0.5539232492446899,0.024472273886203766
84,41,True,0.2777777910232544,1,0.7817849516868591,0.2601073682308197,0.5541800856590271,0.02462013252079487
84,42,True,0.3333333432674408,1,0.7824835777282715,0.26013606786727905,0.5536729097366333,0.02445218712091446
84,43,True,0.3888888955116272,1,0.7821431159973145,0.25990593433380127,0.5537540912628174,0.02458443120121956
187,169,False,0.0,0,0.6390671730041504,0.12283365428447723,0.5243923664093018,0.012317630462348461
187,170,False,0.0,1,0.7827688455581665,0.2615841329097748,0.5563755035400391,0.02469795197248459
187,171,False,0.0,1,0.7813835144042969,0.26223036646842957,0.5558347702026367,0.02443118952214718
187,172,False,0.0,1,0.7815195322036743,0.2627951502799988,0.5559426546096802,0.0244683176279068
187,173,False,0.0,1,0.7812374830245972,0.2629408836364746,0.5562248229980469,0.024589329957962036
187,174,False,0.0,1,0.7812650203704834,0.26305708289146423,0.5558431148529053,0.02437523566186428
187,175,False,0.0,1,0.7805705070495605,0.2633005678653717,0.5565505623817444,0.024739259853959084
187,176,False,0.0,1,0.7806814908981323,0.2633860409259796,0.5561254620552063,0.024430524557828903
187,177,False,0.0,1,0.7806203961372375,0.2637508809566498,0.5563020706176758,0.024464556947350502
187,178,False,0.0,1,0.7804101705551147,0.26354485750198364,0.5563376545906067,0.02459603175520897
187,179,False,0.0,1,0.7806910872459412,0.263610303401947,0.5567716956138611,0.024738255888223648
187,180,False,0.0,1,0.7810366153717041,0.26360878348350525,0.5566699504852295,0.024566542357206345
187,181,False,0.0,1,0.7814204692840576,0.2636580169200897,0.5566965341567993,0.024594034999608994
187,182,False,0.0,1,0.7807435393333435,0.26325681805610657,0.5563621520996094,0.024548141285777092
187,183,False,0.0,1,0.7811044454574585,0.2628604769706726,0.5562689900398254,0.02438371069729328
187,184,False,0.0,1,0.781254231929779,0.2637104392051697,0.5562562942504883,0.02441597729921341
182,124,False,0.0,0,0.6640808582305908,0.14357087016105652,0.524556040763855,0.012159030884504318
182,125,False,0.0,1,0.7851818799972534,0.2631787359714508,0.5568054914474487,0.024607142433524132
182,126,False,0.0,1,0.7857800722122192,0.26283496618270874,0.5569498538970947,0.02464861422777176
182,127,False,0.0,1,0.7856431007385254,0.26323869824409485,0.5572706460952759,0.02479315549135208
182,128,False,0.0,1,0.7859057188034058,0.26284539699554443,0.5568817853927612,0.024549419060349464
182,129,False,0.0,1,0.7863208055496216,0.2627333998680115,0.5572075843811035,0.0246982853859663
182,130,False,0.0,1,0.7870948910713196,0.262055903673172,0.5575585961341858,0.02488074079155922
182,131,False,0.0,1,0.78716641664505,0.26180917024612427,0.5568112134933472,0.02452412247657776
182,132,False,0.0,1,0.787388026714325,0.2613948583602905,0.5574694871902466,0.02450203150510788
182,133,False,0.0,1,0.7873251438140869,0.26143133640289307,0.5581883192062378,0.024771399796009064
182,134,False,0.0,1,0.7868556380271912,0.2609975337982178,0.5575258731842041,0.02439609169960022
182,135,False,0.0,1,0.7878156304359436,0.2618125379085541,0.5583139657974243,0.02480057254433632
182,136,False,0.0,1,0.7871795892715454,0.2608928978443146,0.5578054189682007,0.024576975032687187
182,137,False,0.0,1,0.7876946926116943,0.2604375183582306,0.5582070350646973,0.02468222938477993
182,138,False,0.0,1,0.7874215841293335,0.2611824870109558,0.558185875415802,0.024736428633332253
182,139,False,0.0,1,0.7867895364761353,0.26148608326911926,0.5581591129302979,0.02464532107114792
181,121,False,0.0,0,0.6709945201873779,0.14699476957321167,0.5253980159759521,0.01194864884018898
181,122,False,0.0,1,0.786432147026062,0.26273301243782043,0.5590182542800903,0.024703901261091232
181,123,False,0.0,1,0.786109209060669,0.2630351483821869,0.5588220357894897,0.02454148232936859
181,124,False,0.0,1,0.7862403392791748,0.26275381445884705,0.5586265325546265,0.024427328258752823
181,125,False,0.0,1,0.7861253023147583,0.2627849578857422,0.5588786602020264,0.024548795074224472
181,126,False,0.0,1,0.7863389253616333,0.2629551291465759,0.5588658452033997,0.02461751364171505
181,127,False,0.0,1,0.7865652441978455,0.2626405954360962,0.5585764646530151,0.024419791996479034
181,128,False,0.0,1,0.7868894338607788,0.26239073276519775,0.5583769679069519,0.024403279647231102
181,129,False,0.0,1,0.7872204184532166,0.2621622085571289,0.5596868991851807,0.024540210142731667
181,130,False,0.0,1,0.7875030040740967,0.26176971197128296,0.559237539768219,0.02442152611911297
181,131,False,0.0,1,0.7879062294960022,0.26204928755760193,0.5601580142974854,0.024700162932276726
181,132,False,0.0,1,0.7879853248596191,0.26117247343063354,0.5596444010734558,0.024522339925169945
181,133,False,0.0,1,0.788299560546875,0.26054972410202026,0.5594239234924316,0.024412816390395164
181,134,False,0.0,1,0.7877737283706665,0.2611284852027893,0.5595288276672363,0.024493152275681496
181,135,False,0.0,1,0.7877014875411987,0.26154378056526184,0.5599690675735474,0.02462187223136425
181,136,False,0.0,1,0.7879612445831299,0.2610928416252136,0.5600035786628723,0.02466803975403309
171,183,False,0.0,0,0.6510708332061768,0.13565881550312042,0.5273758172988892,0.012433692812919617
171,184,False,0.0,1,0.7826442718505859,0.26249146461486816,0.5600820779800415,0.024255165830254555
171,185,False,0.0,1,0.7822518348693848,0.26280489563941956,0.5601328611373901,0.024344241246581078
171,186,False,0.0,1,0.7822812795639038,0.2624279260635376,0.5602447986602783,0.02435656636953354
171,187,False,0.0,1,0.7822287082672119,0.26214614510536194,0.5598196983337402,0.024270428344607353
171,188,False,0.0,1,0.7825242280960083,0.2615163326263428,0.5598938465118408,0.02432667464017868
171,189,False,0.0,1,0.7832385897636414,0.26149454712867737,0.5607298016548157,0.02463509887456894
171,190,False,0.0,1,0.7838436365127563,0.2614532709121704,0.5604501962661743,0.024543428793549538
171,191,False,0.0,1,0.7829684019088745,0.2612583339214325,0.561325192451477,0.024415720254182816
171,192,True,0.008368200622498989,1,0.7832436561584473,0.2617524564266205,0.5618784427642822,0.024728206917643547
171,193,True,0.01882845163345337,1,0.7841680645942688,0.2608693540096283,0.5617549419403076,0.02473318949341774
171,194,True,0.029288703575730324,1,0.7843268513679504,0.26140132546424866,0.5613272190093994,0.024603918194770813
171,195,True,0.03974895551800728,1,0.7847908735275269,0.2610209584236145,0.5608974695205688,0.024453405290842056
171,196,True,0.050209205597639084,1,0.7854529619216919,0.2609856426715851,0.5612369775772095,0.024661514908075333
171,197,True,0.06066945567727089,1,0.7846494913101196,0.2615202069282532,0.5616394281387329,0.024728182703256607
171,198,True,0.071129709482193,1,0.7853332757949829,0.2603841722011566,0.5608010292053223,0.024502895772457123
179,181,False,0.0,0,0.6506063938140869,0.13626524806022644,0.5277159214019775,0.012169155292212963
179,182,False,0.0,1,0.7822246551513672,0.2633120119571686,0.5616458654403687,0.02451184391975403
179,183,False,0.0,1,0.7817832231521606,0.26285895705223083,0.561353862285614,0.024430638179183006
179,184,False,0.0,1,0.7826474905014038,0.26252132654190063,0.5611376762390137,0.024358630180358887
179,185,False,0.0,1,0.7826600670814514,0.2628205120563507,0.561518132686615,0.024494126439094543
179,186,False,0.0,1,0.7824411392211914,0.2629929184913635,0.5609220266342163,0.024313710629940033
179,187,False,0.0,1,0.7819618582725525,0.26299574971199036,0.5612461566925049,0.02444705180823803
179,188,False,0.0,1,0.7821633815765381,0.2630320191383362,0.5609237551689148,0.024306120350956917
179,189,False,0.0,1,0.7819250822067261,0.26292890310287476,0.5616248846054077,0.02462196908891201
179,190,False,0.0,1,0.7823449373245239,0.2621481418609619,0.5611022710800171,0.02441471815109253
179,191,False,0.0,1,0.7819014191627502,0.2623279392719269,0.5615341663360596,0.024630051106214523
179,192,False,0.0,1,0.7829132080078125,0.26171359419822693,0.561822772026062,0.024719255045056343
179,193,False,0.0,1,0.7821691036224365,0.26176849007606506,0.5616553425788879,0.024664465337991714
179,194,False,0.0,1,0.7827903628349304,0.26118403673171997,0.5610624551773071,0.02445264905691147
179,195,False,0.0,1,0.7829533815383911,0.26106077432632446,0.5614996552467346,0.024641212075948715
179,196,False,0.0,1,0.7831100821495056,0.26110273599624634,0.5624091625213623,0.02488790452480316
121,176,False,0.0,0,0.6570813655853271,0.13896608352661133,0.52748703956604,0.012166905216872692
121,177,False,0.0,1,0.782935380935669,0.262814462184906,0.5619503259658813,0.02489994280040264
121,178,False,0.0,1,0.7830419540405273,0.2626953125,0.5619422793388367,0.024862214922904968
121,179,False,0.0,1,0.7823574542999268,0.2621203660964966,0.5616673231124878,0.02473987080156803
121,180,False,0.0,1,0.7829400897026062,0.262650728225708,0.5617417693138123,0.0248397346585989
121,181,False,0.0,1,0.783184289932251,0.2622317373752594,0.5622423887252808,0.024994883686304092
121,182,False,0.0,1,0.7831370234489441,0.26187750697135925,0.5620059967041016,0.024871420115232468
121,183,False,0.0,1,0.7835513949394226,0.26166269183158875,0.5619669556617737,0.024914419278502464
121,184,False,0.0,1,0.7833764553070068,0.2614140510559082,0.5620816349983215,0.02521887980401516
121,185,False,0.0,1,0.7830535769462585,0.2615100145339966,0.5622415542602539,0.025329958647489548
121,186,False,0.0,1,0.7837883234024048,0.2612418830394745,0.5617398023605347,0.025090297684073448
121,187,False,0.0,1,0.7837865352630615,0.2614917755126953,0.5619932413101196,0.02527068555355072
121,188,False,0.0,1,0.7834911942481995,0.2619902789592743,0.5626783967018127,0.025392459705471992
121,189,False,0.0,1,0.7838839888572693,0.26123514771461487,0.5623620748519897,0.025248194113373756
121,190,False,0.0,1,0.7842495441436768,0.2609725892543793,0.5625202059745789,0.025321969762444496
121,191,False,0.0,1,0.7836253643035889,0.2611740529537201,0.5621269941329956,0.025303833186626434
15,58,False,0.0,0,0.6450200080871582,0.12211446464061737,0.5265731811523438,0.01237068697810173
15,59,False,0.0,1,0.7846077680587769,0.2596516013145447,0.5607168674468994,0.025141220539808273
15,60,False,0.0,1,0.7845635414123535,0.25966736674308777,0.5611358880996704,0.02526378445327282
15,61,False,0.0,1,0.7825638055801392,0.25991499423980713,0.560652494430542,0.025081191211938858
15,62,False,0.0,1,0.7831273078918457,0.26007959246635437,0.5610164403915405,0.025234870612621307
15,63,False,0.0,1,0.7820274233818054,0.2603800594806671,0.560689389705658,0.0251779742538929
15,64,False,0.0,1,0.7814695835113525,0.2598426043987274,0.5603511333465576,0.025049207732081413
15,65,False,0.0,1,0.7819298505783081,0.2599717378616333,0.5604220628738403,0.02509274333715439
15,66,False,0.0,1,0.781458854675293,0.2596387267112732,0.560076117515564,0.02505280263721943
15,67,False,0.0,1,0.7823861837387085,0.2604422867298126,0.5605589747428894,0.02528662234544754
15,68,False,0.0,1,0.7821260690689087,0.2601434886455536,0.5608401298522949,0.025409985333681107
15,69,False,0.0,1,0.7823513150215149,0.2602943480014801,0.5600732564926147,0.025023015215992928
15,70,False,0.0,1,0.7813382744789124,0.2605096399784088,0.5603560209274292,0.02520003542304039
15,71,False,0.0,1,0.7809848785400391,0.2604588270187378,0.55988609790802,0.024983534589409828
15,72,False,0.0,1,0.7811251878738403,0.2600116431713104,0.5600879192352295,0.02511054463684559
15,73,False,0.0,1,0.7806974649429321,0.2598797380924225,0.5602518916130066,0.02515360154211521
127,170,False,0.0,0,0.6452085971832275,0.12974019348621368,0.5279721021652222,0.012974097393453121
127,171,False,0.0,1,0.7824556827545166,0.26304930448532104,0.5628345012664795,0.025731878355145454
127,172,False,0.0,1,0.7823257446289062,0.26328667998313904,0.5628693103790283,0.025715339928865433
127,173,False,0.0,1,0.7812503576278687,0.26341673731803894,0.5627602934837341,0.02573476918041706
127,174,False,0.0,1,0.7819777727127075,0.2631760239601135,0.5625997185707092,0.025631146505475044
127,175,False,0.0,1,0.7821317911148071,0.26315566897392273,0.5624843835830688,0.025639142841100693
127,176,False,0.0,1,0.7820154428482056,0.2632908523082733,0.5626527070999146,0.02568642795085907
127,177,False,0.0,1,0.7822533249855042,0.26306891441345215,0.5625367164611816,0.025636861100792885
127,178,False,0.0,1,0.7822563648223877,0.26312166452407837,0.5624106526374817,0.025682728737592697
127,179,False,0.0,1,0.7820173501968384,0.263393759727478,0.5628436803817749,0.025908827781677246
127,180,False,0.0,1,0.7818478345870972,0.26309069991111755,0.5624217391014099,0.025723176077008247
127,181,False,0.0,1,0.7817334532737732,0.2633146643638611,0.5626550912857056,0.025825349614024162
127,182,False,0.0,1,0.7819826602935791,0.2633792459964752,0.5628890991210938,0.02594984695315361
127,183,False,0.0,1,0.7816166877746582,0.26359823346138,0.5625559687614441,0.02582707442343235
127,184,False,0.0,1,0.7823765277862549,0.26326611638069153,0.563124418258667,0.02602769434452057
127,185,False,0.0,1,0.7825828194618225,0.2631208896636963,0.56279456615448,0.025952843949198723
26,18,False,0.0,0,0.6415631771087646,0.11813794076442719,0.5273418426513672,0.013022944331169128
26,19,False,0.0,1,0.7835564017295837,0.25956234335899353,0.5620748400688171,0.026016587391495705
26,20,False,0.0,1,0.7839797735214233,0.25944462418556213,0.5619289875030518,0.02597818523645401
26,21,False,0.0,1,0.7834904789924622,0.2596144676208496,0.5622310638427734,0.026124993339180946
26,22,False,0.0,1,0.783423662185669,0.2595171630382538,0.5613988041877747,0.02571469359099865
26,23,False,0.0,1,0.7831984162330627,0.25951066613197327,0.5617486238479614,0.025921165943145752
26,24,False,0.0,1,0.7835947871208191,0.2595028281211853,0.561811625957489,0.02599739097058773
26,25,False,0.0,1,0.7833470106124878,0.2596879005432129,0.5617058277130127,0.025882652029395103
26,26,False,0.0,1,0.7840949892997742,0.2598282992839813,0.5622555017471313,0.025956422090530396
26,27,True,0.04545454680919647,1,0.7818166017532349,0.2599042057991028,0.5623606443405151,0.026151595637202263
26,28,True,0.12121212482452393,1,0.7821865081787109,0.2599123418331146,0.5624045729637146,0.02615773305296898
26,29,True,0.19696970283985138,1,0.7822643518447876,0.2600573003292084,0.5618495345115662,0.026018323376774788
26,30,True,0.27272728085517883,1,0.7823799848556519,0.2599894106388092,0.5612930059432983,0.02592923305928707
26,31,True,0.3484848439693451,1,0.7820197939872742,0.2599725127220154,0.5609564781188965,0.02577826753258705
26,32,True,0.42424243688583374,1,0.782353401184082,0.26000717282295227,0.5605478286743164,0.02571931667625904
26,33,True,0.5,1,0.782279908657074,0.2600780129432678,0.560059666633606,0.025538509711623192
84,28,False,0.0,0,0.6569879055023193,0.13353869318962097,0.5275208950042725,0.01272394135594368
84,29,False,0.0,1,0.7851018905639648,0.26072826981544495,0.5626736283302307,0.025874055922031403
84,30,False,0.0,1,0.7863526344299316,0.26103270053863525,0.562997043132782,0.026010414585471153
84,31,False,0.0,1,0.7865186929702759,0.2608757019042969,0.5632639527320862,0.026108674705028534
84,32,False,0.0,1,0.7854036092758179,0.26106971502304077,0.5627410411834717,0.02587607316672802
84,33,False,0.0,1,0.7858083248138428,0.2609681487083435,0.5630606412887573,0.026050645858049393
84,34,False,0.0,1,0.7851865291595459,0.2605394721031189,0.5633747577667236,0.026182740926742554
84,35,False,0.0,1,0.7858256101608276,0.2609086036682129,0.5631973743438721,0.02607874944806099
84,36,True,0.010989011265337467,1,0.7861200571060181,0.26042643189430237,0.5635268092155457,0.02593405917286873
84,37,True,0.0555555559694767,1,0.7860738039016724,0.2607426345348358,0.5631915330886841,0.02589505910873413
84,38,True,0.1111111119389534,1,0.7856522798538208,0.26055264472961426,0.5634541511535645,0.025980746373534203
84,39,True,0.1666666716337204,1,0.7852944731712341,0.2604622542858124,0.5629295110702515,0.025869954377412796
84,40,True,0.2222222238779068,1,0.784314751625061,0.2600911557674408,0.5623410940170288,0.025747019797563553
84,41,True,0.2777777910232544,1,0.7842897176742554,0.2604331970214844,0.5627251863479614,0.025986501947045326
84,42,True,0.3333333432674408,1,0.7840540409088135,0.25989460945129395,0.5616765022277832,0.025648778304457664
84,43,True,0.3888888955116272,1,0.7833310961723328,0.25986742973327637,0.5621109008789062,0.025905339047312737
27,55,False,0.0,0,0.6580245494842529,0.13386324048042297,0.5293856859207153,0.013519954867661
27,56,False,0.0,1,0.7857385873794556,0.2611365020275116,0.5637634992599487,0.025931354612112045
27,57,False,0.0,1,0.7860873937606812,0.26071107387542725,0.5632030963897705,0.025732357054948807
27,58,False,0.0,1,0.7865371704101562,0.260808527469635,0.5637675523757935,0.025949202477931976
27,59,False,0.0,1,0.786147952079773,0.2606651186943054,0.563706636428833,0.025916269049048424
27,60,False,0.0,1,0.7864830493927002,0.2608132064342499,0.5636031627655029,0.025845332071185112
27,61,False,0.0,1,0.7866337299346924,0.2606574296951294,0.5641177892684937,0.026031866669654846
27,62,False,0.0,1,0.7859299182891846,0.26099449396133423,0.5632896423339844,0.025714246556162834
27,63,True,0.006369426846504211,1,0.7867370843887329,0.2607211172580719,0.564684271812439,0.02597299963235855
27,64,True,0.03821656107902527,1,0.7863750457763672,0.26084497570991516,0.5641505718231201,0.025798175483942032
27,65,True,0.07006369531154633,1,0.7865500450134277,0.2605896294116974,0.5634862184524536,0.025590451434254646
27,66,True,0.10191082954406738,1,0.7856258153915405,0.26103171706199646,0.5639029741287231,0.02577345259487629
27,67,True,0.13375796377658844,1,0.786603569984436,0.26058581471443176,0.5635422468185425,0.02563902735710144
27,68,True,0.1656050980091095,1,0.7859091758728027,0.26065170764923096,0.5633766651153564,0.02556152269244194
27,69,True,0.19745223224163055,1,0.785834550857544,0.2607448995113373,0.5638638734817505,0.02578085847198963
27,70,True,0.2292993664741516,1,0.7857713103294373,0.2606959640979767,0.563978910446167,0.025860527530312538
54,22,False,0.0,0,0.6448252201080322,0.11951181292533875,0.5285747051239014,0.01277496200054884
54,23,False,0.0,1,0.7858867645263672,0.25886234641075134,0.5640300512313843,0.025547431781888008
54,24,False,0.0,1,0.7865282297134399,0.259021520614624,0.5639501810073853,0.025558417662978172
54,25,False,0.0,1,0.7866498231887817,0.25894027948379517,0.5642999410629272,0.025706488639116287
54,26,False,0.0,1,0.7854292392730713,0.25898441672325134,0.5639110803604126,0.02551465667784214
54,27,False,0.0,1,0.7869991064071655,0.2588445246219635,0.5644164085388184,0.02572684921324253
54,28,False,0.0,1,0.78551185131073,0.25896725058555603,0.5638941526412964,0.025552993640303612
54,29,False,0.0,1,0.7868894338607788,0.2590867877006531,0.5643552541732788,0.025637991726398468
54,30,False,0.0,1,0.786516547203064,0.2589159905910492,0.5636637210845947,0.025429094210267067
54,31,True,0.03947368264198303,1,0.7871032357215881,0.2592281103134155,0.56467205286026,0.025729427114129066
54,32,True,0.10526315867900848,1,0.7848857641220093,0.2592145800590515,0.5644313097000122,0.025665849447250366
54,33,True,0.17105263471603394,1,0.7833398580551147,0.2596610188484192,0.5639492273330688,0.025522759184241295
54,34,True,0.2368421107530594,1,0.7828789353370667,0.2599557340145111,0.5633988380432129,0.02539427950978279
54,35,True,0.30263158679008484,1,0.7827332615852356,0.25995486974716187,0.5624765157699585,0.025164702907204628
54,36,True,0.3684210479259491,1,0.7832189798355103,0.2601519227027893,0.5624815225601196,0.02522077038884163
54,37,True,0.43421053886413574,1,0.7835056781768799,0.2602761387825012,0.562249481678009,0.025217633694410324
156,167,False,0.0,0,0.6524043083190918,0.1341475397348404,0.5284286737442017,0.01240889448672533
156,168,False,0.0,1,0.7835618257522583,0.261980801820755,0.5637103319168091,0.025180405005812645
156,169,False,0.0,1,0.7840076684951782,0.2625271677970886,0.5636841058731079,0.02514031156897545
156,170,False,0.0,1,0.7843047380447388,0.2623169720172882,0.5634584426879883,0.025049196556210518
156,171,False,0.0,1,0.784148633480072,0.26284468173980713,0.5643761157989502,0.025441190227866173
156,172,False,0.0,1,0.7839207649230957,0.2629767656326294,0.5641360282897949,0.025345230475068092
156,173,False,0.0,1,0.7837878465652466,0.26279282569885254,0.5638772249221802,0.025194553658366203
156,174,False,0.0,1,0.7841192483901978,0.26291123032569885,0.5638910531997681,0.025172768160700798
156,175,False,0.0,1,0.7838186025619507,0.2630661129951477,0.563528835773468,0.025066951289772987
156,176,False,0.0,1,0.7838668823242188,0.2632126808166504,0.5634850859642029,0.025031285360455513
156,177,False,0.0,1,0.783861517906189,0.26191413402557373,0.5634158849716187,0.024957099929451942
156,178,False,0.0,1,0.7840653657913208,0.26230159401893616,0.5636749267578125,0.024996913969516754
156,179,False,0.0,1,0.783894419670105,0.262156218290329,0.5633726119995117,0.02495252713561058
156,180,False,0.0,1,0.7836398482322693,0.26296114921569824,0.5639011859893799,0.025108689442276955
156,181,False,0.0,1,0.7841926217079163,0.262315958738327,0.5632455348968506,0.024802139028906822
156,182,False,0.0,1,0.7841271162033081,0.2623784840106964,0.5634778738021851,0.024938393384218216
88,4,False,0.0,0,0.6448140144348145,0.11986549943685532,0.5287739634513855,0.01274050772190094
88,5,False,0.0,1,0.7863045334815979,0.25901100039482117,0.5632705688476562,0.025007296353578568
88,6,False,0.0,1,0.7840825319290161,0.2593436539173126,0.5630301237106323,0.024908870458602905
88,7,False,0.0,1,0.7839047908782959,0.25929921865463257,0.5625053644180298,0.02469242736697197
88,8,False,0.0,1,0.7843353748321533,0.2593251168727875,0.5627222061157227,0.02483023889362812
88,9,False,0.0,1,0.7865633964538574,0.2592228055000305,0.5635344982147217,0.0249935369938612
88,10,False,0.0,1,0.7871879935264587,0.259348064661026,0.5636913776397705,0.02509916201233864
88,11,False,0.0,1,0.7870718240737915,0.2594934403896332,0.5635681748390198,0.025052271783351898
88,12,False,0.0,1,0.7874064445495605,0.2587943971157074,0.5624874234199524,0.024710725992918015
88,13,True,0.09677419066429138,1,0.7861360311508179,0.25903064012527466,0.5623375177383423,0.02475666254758835
88,14,True,0.25806450843811035,1,0.7835315465927124,0.2592341899871826,0.561955451965332,0.024780381470918655
88,15,True,0.4193548262119293,1,0.7837734222412109,0.2594525218009949,0.5611213445663452,0.02460215426981449
88,16,True,0.5806451439857483,1,0.7843065857887268,0.25956204533576965,0.5603994131088257,0.02442476712167263
88,17,True,0.7419354915618896,1,0.7840725183486938,0.25957539677619934,0.5599471926689148,0.024382244795560837
88,18,True,0.9032257795333862,1,0.7823891639709473,0.2599443793296814,0.5592399835586548,0.024145744740962982
88,19,True,1.0,1,0.7824939489364624,0.25982263684272766,0.5566928386688232,0.02305592969059944
155,172,False,0.0,0,0.6498429775238037,0.13262996077537537,0.5288046598434448,0.012785726226866245
155,173,False,0.0,1,0.7842612862586975,0.26194730401039124,0.5633672475814819,0.02500801905989647
155,174,False,0.0,1,0.7842599749565125,0.26240283250808716,0.5639878511428833,0.02518734708428383
155,175,False,0.0,1,0.7842036485671997,0.2621505856513977,0.5635638236999512,0.02503221482038498
155,176,False,0.0,1,0.7841190695762634,0.26208165287971497,0.5639686584472656,0.025172630324959755
155,177,False,0.0,1,0.7842801809310913,0.26178061962127686,0.5637724995613098,0.02515074796974659
155,178,False,0.0,1,0.7846765518188477,0.2623279392719269,0.5635769963264465,0.025080425664782524
155,179,False,0.0,1,0.7845875024795532,0.2618398666381836,0.5637223124504089,0.02509498968720436
155,180,False,0.0,1,0.7845127582550049,0.26212260127067566,0.5635920166969299,0.025486139580607414
155,181,False,0.0,1,0.7844973802566528,0.26196756958961487,0.5640121698379517,0.025522716343402863
155,182,False,0.0,1,0.7845168709754944,0.2624480128288269,0.5640451908111572,0.02553199790418148
155,183,False,0.0,1,0.7847776412963867,0.2619539797306061,0.5639225244522095,0.025555090978741646
155,184,False,0.0,1,0.784388542175293,0.26224786043167114,0.5639349222183228,0.02547665685415268
155,185,False,0.0,1,0.7848246097564697,0.2622109055519104,0.5639472007751465,0.02553664892911911
155,186,False,0.0,1,0.7849563360214233,0.26227274537086487,0.5640849471092224,0.025585811585187912
155,187,False,0.0,1,0.7851002216339111,0.2619320750236511,0.5637897253036499,0.02546275220811367
56,18,False,0.0,0,0.6592304706573486,0.13028205931186676,0.5289582014083862,0.01343097910284996
56,19,False,0.0,1,0.7879210710525513,0.2589839696884155,0.5638336539268494,0.02592664398252964
56,20,False,0.0,1,0.7859833240509033,0.2589280307292938,0.5630046129226685,0.025631340220570564
56,21,False,0.0,1,0.7853405475616455,0.25902411341667175,0.5626766681671143,0.025533830747008324
56,22,False,0.0,1,0.7869011759757996,0.25913095474243164,0.5631515979766846,0.02575770951807499
56,23,False,0.0,1,0.7850507497787476,0.25919076800346375,0.5629211068153381,0.025582125410437584
56,24,False,0.0,1,0.7877587080001831,0.259411484003067,0.5631654262542725,0.025744883343577385
56,25,False,0.0,1,0.7879313826560974,0.25965872406959534,0.5642874240875244,0.026186732575297356
56,26,True,0.03125,1,0.788169801235199,0.25944334268569946,0.5644880533218384,0.02656485326588154
56,27,True,0.109375,1,0.7874845266342163,0.25930365920066833,0.5633498430252075,0.026096150279045105
56,28,True,0.1875,1,0.786689043045044,0.2596769630908966,0.5634092688560486,0.026215365156531334
56,29,True,0.265625,1,0.7853077054023743,0.2592640221118927,0.5630306601524353,0.026169246062636375
56,30,True,0.34375,1,0.7862662672996521,0.2601372301578522,0.5634512305259705,0.026470135897397995
56,31,True,0.421875,1,0.7839111685752869,0.25947967171669006,0.5610474944114685,0.025548743084073067
56,32,True,0.5,1,0.7846239805221558,0.25938472151756287,0.5612177848815918,0.025682110339403152
56,33,True,0.578125,1,0.7846355438232422,0.2594057023525238,0.5605505704879761,0.02549009397625923
178,116,False,0.0,0,0.6594560146331787,0.14110121130943298,0.5275896787643433,0.0131688192486763
178,117,False,0.0,1,0.7857617139816284,0.2629104554653168,0.563735842704773,0.026261238381266594
178,118,False,0.0,1,0.7860721349716187,0.2628347873687744,0.5641024112701416,0.026442889124155045
178,119,False,0.0,1,0.7860932350158691,0.262788325548172,0.5644711256027222,0.026577096432447433
178,120,False,0.0,1,0.7857280969619751,0.26308685541152954,0.5641821622848511,0.02648133784532547
178,121,False,0.0,1,0.7865971922874451,0.2626214623451233,0.5641757249832153,0.026548510417342186
178,122,False,0.0,1,0.7865527868270874,0.26288431882858276,0.5645325183868408,0.026650801301002502
178,123,False,0.0,1,0.7870457172393799,0.2623567581176758,0.5638397336006165,0.026269614696502686
178,124,True,0.003215434029698372,1,0.7868961095809937,0.2631351351737976,0.5651355981826782,0.026929540559649467
178,125,True,0.016129031777381897,1,0.7880942821502686,0.26212623715400696,0.5647398233413696,0.026883574202656746
178,126,True,0.032258063554763794,1,0.7887352108955383,0.2617295980453491,0.5646229982376099,0.0268515944480896
178,127,True,0.04838709533214569,1,0.7896668910980225,0.2612651586532593,0.5646543502807617,0.026835152879357338
178,128,True,0.06451612710952759,1,0.7899160981178284,0.26042282581329346,0.5643210411071777,0.026691460981965065
178,129,True,0.08064515888690948,1,0.7900048494338989,0.2603975236415863,0.5643669366836548,0.02666114643216133
178,130,True,0.09677419066429138,1,0.7898347973823547,0.2609967589378357,0.5647486448287964,0.026851121336221695
178,131,True,0.11290322244167328,1,0.7905558347702026,0.26028212904930115,0.5642293691635132,0.026730716228485107
76,33,False,0.0,0,0.6631700992584229,0.13560323417186737,0.5272258520126343,0.013243918307125568
76,34,False,0.0,1,0.7880332469940186,0.26065027713775635,0.5643897652626038,0.02663388103246689
76,35,False,0.0,1,0.788170576095581,0.2600824236869812,0.5643958449363708,0.02662735804915428
76,36,False,0.0,1,0.7881548404693604,0.26031556725502014,0.5639817118644714,0.0265357606112957
76,37,False,0.0,1,0.7871253490447998,0.2599494755268097,0.5638782978057861,0.026422034949064255
76,38,False,0.0,1,0.7866432070732117,0.2594033181667328,0.5633790493011475,0.026242205873131752
76,39,False,0.0,1,0.7867776155471802,0.25983914732933044,0.5637427568435669,0.026436010375618935
76,40,False,0.0,1,0.7874331474304199,0.2602660059928894,0.5639290809631348,0.026527050882577896
76,41,False,0.0,1,0.7874914407730103,0.2599320113658905,0.5641154050827026,0.02641788125038147
76,42,True,0.03883495181798935,1,0.7869400978088379,0.2595221996307373,0.5638267397880554,0.026255888864398003
76,43,True,0.08737864345312119,1,0.7873730659484863,0.2600272297859192,0.5639410018920898,0.026421228423714638
76,44,True,0.13592232763767242,1,0.7866551876068115,0.2596074044704437,0.5637577772140503,0.026320595294237137
76,45,True,0.18446601927280426,1,0.7872415781021118,0.26026439666748047,0.5636265873908997,0.026465699076652527
76,46,True,0.2330097109079361,1,0.7851719856262207,0.2598209083080292,0.563325047492981,0.026350373402237892
76,47,True,0.28155338764190674,1,0.7860830426216125,0.26025301218032837,0.5636657476425171,0.026564499363303185
76,48,True,0.3300970792770386,1,0.7859950065612793,0.260137140750885,0.5636532306671143,0.02658133953809738
149,170,False,0.0,0,0.6529006958007812,0.135956808924675,0.5286827683448792,0.013281208463013172
149,171,False,0.0,1,0.7845088243484497,0.2630283832550049,0.5659778714179993,0.026497697457671165
149,172,False,0.0,1,0.7849321365356445,0.26260828971862793,0.5661716461181641,0.0265502892434597
149,173,False,0.0,1,0.7845046520233154,0.2630113959312439,0.5658289790153503,0.026367902755737305
149,174,False,0.0,1,0.7842791080474854,0.2630073130130768,0.5658718347549438,0.02642340585589409
149,175,False,0.0,1,0.7851501703262329,0.26316866278648376,0.5664690732955933,0.026705309748649597
149,176,False,0.0,1,0.7843184471130371,0.2629561126232147,0.565403938293457,0.02617034874856472
149,177,False,0.0,1,0.7845951318740845,0.2624865174293518,0.5662051439285278,0.02656402811408043
149,178,True,0.0022421525791287422,1,0.7849320769309998,0.26203110814094543,0.5661858320236206,0.026233084499835968
149,179,True,0.01123595517128706,1,0.7856240272521973,0.26197394728660583,0.5663923025131226,0.026336772367358208
149,180,True,0.02247191034257412,1,0.7858933210372925,0.2628988027572632,0.5666913390159607,0.026482220739126205
149,181,True,0.033707864582538605,1,0.7851563692092896,0.2626975476741791,0.5666763782501221,0.026549052447080612
149,182,True,0.04494382068514824,1,0.7856007814407349,0.2627454102039337,0.566647469997406,0.026525365188717842
149,183,True,0.056179776787757874,1,0.7854176759719849,0.2625163197517395,0.5665419101715088,0.026470789685845375
149,184,True,0.06741572916507721,1,0.7858900427818298,0.26258838176727295,0.5665736198425293,0.02646372839808464
149,185,True,0.07865168899297714,1,0.7854924201965332,0.2624741792678833,0.5668824315071106,0.02660520002245903
42,40,False,0.0,0,0.6494603157043457,0.12433881312608719,0.5289215445518494,0.012986494228243828
42,41,False,0.0,1,0.7855521440505981,0.26005059480667114,0.5655182600021362,0.02595810405910015
42,42,False,0.0,1,0.7865599989891052,0.25992900133132935,0.5654263496398926,0.025972748175263405
42,43,False,0.0,1,0.7869393825531006,0.25979310274124146,0.5654399394989014,0.026005517691373825
42,44,False,0.0,1,0.7856661081314087,0.2598136067390442,0.5650517344474792,0.025861747562885284
42,45,False,0.0,1,0.7864844799041748,0.2600710988044739,0.5651337504386902,0.025951895862817764
42,46,False,0.0,1,0.7873830795288086,0.2603168785572052,0.5658759474754333,0.02618272416293621
42,47,False,0.0,1,0.7873563766479492,0.2599879801273346,0.5658748149871826,0.026114897802472115
42,48,False,0.0,1,0.7869752049446106,0.26029255986213684,0.5661364793777466,0.026067402213811874
42,49,False,0.0,1,0.7877392768859863,0.2600764334201813,0.5663289427757263,0.02618851140141487
42,50,False,0.0,1,0.7874176502227783,0.26042839884757996,0.5665894746780396,0.02627292089164257
42,51,False,0.0,1,0.7871466875076294,0.2600347697734833,0.5660501718521118,0.026063287630677223
42,52,False,0.0,1,0.7875791788101196,0.2600354552268982,0.5664620995521545,0.02624749392271042
42,53,False,0.0,1,0.7873992919921875,0.2604937255382538,0.566603422164917,0.026270344853401184
42,54,False,0.0,1,0.7877235412597656,0.26035434007644653,0.5664448142051697,0.02626051753759384
42,55,False,0.0,1,0.7873035669326782,0.2604938745498657,0.5667105913162231,0.02631104737520218
12,30,False,0.0,0,0.655411958694458,0.12924762070178986,0.5305728912353516,0.013376067392528057
12,31,False,0.0,1,0.7876800298690796,0.2601425349712372,0.5670757293701172,0.026275521144270897
12,32,False,0.0,1,0.7870120406150818,0.26095888018608093,0.5670359134674072,0.026269592344760895
12,33,False,0.0,1,0.7880554795265198,0.26070237159729004,0.5671942234039307,0.026291411370038986
12,34,False,0.0,1,0.7873438596725464,0.26085031032562256,0.5665836930274963,0.02607780694961548
12,35,False,0.0,1,0.7871246337890625,0.26086220145225525,0.5663043260574341,0.026020314544439316
12,36,False,0.0,1,0.7866612672805786,0.2609577476978302,0.5673055648803711,0.026363782584667206
12,37,False,0.0,1,0.7875947952270508,0.26047852635383606,0.5662192702293396,0.0260233785957098
12,38,True,0.010416666977107525,1,0.7870165705680847,0.26025447249412537,0.5669840574264526,0.026320626959204674
12,39,True,0.05263157933950424,1,0.7869632244110107,0.26005274057388306,0.5665082931518555,0.026154203340411186
12,40,True,0.10526315867900848,1,0.7867695689201355,0.26043057441711426,0.5665256977081299,0.02619040571153164
12,41,True,0.15789473056793213,1,0.7869880795478821,0.2602273225784302,0.5664044618606567,0.026210622861981392
12,42,True,0.21052631735801697,1,0.7862526178359985,0.26061028242111206,0.566352367401123,0.026230428367853165
12,43,True,0.2631579041481018,1,0.7861707210540771,0.2608984708786011,0.5659865140914917,0.0261383019387722
12,44,True,0.31578946113586426,1,0.7863492965698242,0.260377436876297,0.5653908848762512,0.0259621012955904
12,45,True,0.3684210479259491,1,0.7861920595169067,0.26004758477211,0.5656510591506958,0.026125483214855194
100,197,False,0.0,0,0.6461896896362305,0.12910784780979156,0.5316205620765686,0.013821892440319061
100,198,False,0.0,1,0.7855170965194702,0.2619907855987549,0.5686855912208557,0.026742855086922646
100,199,False,0.0,1,0.785733699798584,0.26170027256011963,0.5680902004241943,0.026530373841524124
100,200,False,0.0,1,0.7863107919692993,0.26179853081703186,0.5684810280799866,0.02668188326060772
100,201,False,0.0,1,0.7857718467712402,0.2611973285675049,0.5681458711624146,0.026529332622885704
100,202,False,0.0,1,0.785767138004303,0.2622045874595642,0.5686483979225159,0.026664918288588524
100,203,False,0.0,1,0.7859383821487427,0.261757493019104,0.5684930086135864,0.02668929472565651
100,204,False,0.0,1,0.7857290506362915,0.26182106137275696,0.5681358575820923,0.026493486016988754
100,205,False,0.0,1,0.7851942777633667,0.2619771659374237,0.5683005452156067,0.026610935106873512
100,206,True,0.007797271013259888,1,0.7845790982246399,0.2623842656612396,0.5679440498352051,0.02642110548913479
100,207,True,0.017543859779834747,1,0.7850133180618286,0.2623431384563446,0.5685173273086548,0.0266604982316494
100,208,True,0.027290448546409607,1,0.7853357791900635,0.26165571808815,0.568126916885376,0.026652110740542412
100,209,True,0.03703703731298447,1,0.7856172323226929,0.26228466629981995,0.5679357051849365,0.02644856832921505
100,210,True,0.046783626079559326,1,0.78493332862854,0.2619491517543793,0.5677375793457031,0.026444293558597565
100,211,True,0.056530214846134186,1,0.7848948836326599,0.2619917690753937,0.5670473575592041,0.026260826736688614
100,212,True,0.06627680361270905,1,0.7847769260406494,0.2624764144420624,0.5672937631607056,0.026328595355153084
21,34,False,0.0,0,0.655156135559082,0.12911869585514069,0.5298099517822266,0.013184746727347374
21,35,False,0.0,1,0.7888200283050537,0.260054349899292,0.5661832094192505,0.026263469830155373
21,36,False,0.0,1,0.7880314588546753,0.2598724961280823,0.566254734992981,0.026272594928741455
21,37,False,0.0,1,0.7874824404716492,0.2597237825393677,0.5661531090736389,0.02620147541165352
21,38,False,0.0,1,0.787163496017456,0.2604118883609772,0.5660884976387024,0.026198608800768852
21,39,False,0.0,1,0.7877693176269531,0.2603144645690918,0.5665000081062317,0.02633938007056713
21,40,False,0.0,1,0.7873020768165588,0.26036354899406433,0.5660150051116943,0.026161212474107742
21,41,False,0.0,1,0.7879924178123474,0.2599695920944214,0.5663723945617676,0.026304518803954124
21,42,False,0.0,1,0.7875055074691772,0.26012420654296875,0.5655474662780762,0.026141393929719925
21,43,False,0.0,1,0.7872630953788757,0.2597523331642151,0.5662386417388916,0.026384538039565086
21,44,False,0.0,1,0.7863081693649292,0.2593584954738617,0.5655218362808228,0.026132026687264442
21,45,False,0.0,1,0.7874621152877808,0.2598075866699219,0.5659335851669312,0.026323769241571426
21,46,False,0.0,1,0.7868548631668091,0.2601015269756317,0.5659078359603882,0.026308123022317886
21,47,False,0.0,1,0.7867918610572815,0.2599102258682251,0.5657407641410828,0.026208341121673584
21,48,False,0.0,1,0.7871485948562622,0.2596592903137207,0.5658081769943237,0.02628309093415737
21,49,False,0.0,1,0.7863538861274719,0.25955072045326233,0.5648235082626343,0.02591063268482685
82,28,False,0.0,0,0.6460809707641602,0.12290196120738983,0.5300122499465942,0.013204091228544712
82,29,False,0.0,1,0.787254810333252,0.2599167227745056,0.5663042068481445,0.026365017518401146
82,30,False,0.0,1,0.7874719500541687,0.2601579427719116,0.565833568572998,0.026220684871077538
82,31,False,0.0,1,0.7869699001312256,0.2601875364780426,0.5664058923721313,0.026453988626599312
82,32,False,0.0,1,0.7872357964515686,0.26020464301109314,0.5666189193725586,0.026478543877601624
82,33,False,0.0,1,0.7874077558517456,0.2598797678947449,0.5660511255264282,0.026311440393328667
82,34,False,0.0,1,0.7869299054145813,0.25989484786987305,0.5656050443649292,0.026199424639344215
82,35,False,0.0,1,0.7872043251991272,0.2597446143627167,0.566443145275116,0.026464808732271194
82,36,True,0.02247191034257412,1,0.787278413772583,0.25942617654800415,0.5664044618606567,0.026374954730272293
82,37,True,0.07865168899297714,1,0.7872028350830078,0.2600611448287964,0.5661390423774719,0.026237254962325096
82,38,True,0.13483145833015442,1,0.7866551876068115,0.2605619430541992,0.5655161142349243,0.026044562458992004
82,39,True,0.1910112351179123,1,0.7869437336921692,0.26034435629844666,0.5654302835464478,0.026080267503857613
82,40,True,0.24719101190567017,1,0.786750316619873,0.2598612606525421,0.56522536277771,0.02607453428208828
82,41,True,0.30337077379226685,1,0.7868630886077881,0.2599332630634308,0.5650877952575684,0.02612202614545822
82,42,True,0.3595505654811859,1,0.7865148782730103,0.26025232672691345,0.5643277168273926,0.025934483855962753
82,43,True,0.4157303273677826,1,0.7865664958953857,0.2601422667503357,0.563990592956543,0.02591715008020401
69,4,False,0.0,0,0.6512179374694824,0.126856729388237,0.5296759605407715,0.01307174377143383
69,5,False,0.0,1,0.7873179912567139,0.2601008117198944,0.5662552714347839,0.026027614250779152
69,6,False,0.0,1,0.7869773507118225,0.2604023516178131,0.5660370588302612,0.025923525914549828
69,7,False,0.0,1,0.7878656387329102,0.25981757044792175,0.5668236017227173,0.026239169761538506
69,8,False,0.0,1,0.7879548668861389,0.25948721170425415,0.5661637783050537,0.02594117447733879
69,9,False,0.0,1,0.7875863313674927,0.2602503001689911,0.5669323205947876,0.026191988959908485
69,10,False,0.0,1,0.7882611155509949,0.25981763005256653,0.566968560218811,0.0262320376932621
69,11,False,0.0,1,0.7884511947631836,0.25966402888298035,0.5666725635528564,0.026125740259885788
69,12,False,0.0,1,0.7877839803695679,0.26000431180000305,0.5660327672958374,0.02579355426132679
69,13,False,0.0,1,0.787488579750061,0.25924092531204224,0.5662364363670349,0.02584388665854931
69,14,False,0.0,1,0.7876619100570679,0.2592877745628357,0.5661869645118713,0.025797177106142044
69,15,False,0.0,1,0.7875684499740601,0.25954604148864746,0.5663789510726929,0.02586388774216175
69,16,False,0.0,1,0.7870814204216003,0.25906598567962646,0.5660953521728516,0.025744887068867683
69,17,False,0.0,1,0.7873485088348389,0.25924965739250183,0.5661410093307495,0.025791486725211143
69,18,False,0.0,1,0.7876012921333313,0.2595517933368683,0.5664423704147339,0.025917230173945427
69,19,False,0.0,1,0.7874443531036377,0.25890353322029114,0.5660203695297241,0.025751177221536636
197,177,False,0.0,0,0.6547415256500244,0.13754133880138397,0.5304113626480103,0.013224799185991287
197,178,False,0.0,1,0.7859697937965393,0.2629527747631073,0.567633867263794,0.026113107800483704
197,179,False,0.0,1,0.7861103415489197,0.2627967596054077,0.5675342082977295,0.026088209822773933
197,180,False,0.0,1,0.7860885858535767,0.26305070519447327,0.5678259134292603,0.026171132922172546
197,181,False,0.0,1,0.786411464214325,0.2625897526741028,0.5676072835922241,0.026119044050574303
197,182,False,0.0,1,0.7860721349716187,0.26261767745018005,0.5672646164894104,0.02598373219370842
197,183,False,0.0,1,0.7861747741699219,0.262418270111084,0.5673137903213501,0.026001639664173126
197,184,False,0.0,1,0.7857521176338196,0.2631060481071472,0.5673856735229492,0.02604992687702179
197,185,False,0.0,1,0.786267876625061,0.26213815808296204,0.5675286650657654,0.026054540649056435
197,186,False,0.0,1,0.7861878871917725,0.26285433769226074,0.5676463842391968,0.026021236553788185
197,187,False,0.0,1,0.7863616347312927,0.2627861797809601,0.5674096941947937,0.025993384420871735
197,188,False,0.0,1,0.7859090566635132,0.2626919150352478,0.5673842430114746,0.025966977700591087
197,189,False,0.0,1,0.7858924865722656,0.26168137788772583,0.5671095848083496,0.02585735358297825
197,190,False,0.0,1,0.7859222888946533,0.26177409291267395,0.5676602125167847,0.026062805205583572
197,191,False,0.0,1,0.7856500148773193,0.26154741644859314,0.5673755407333374,0.025987278670072556
197,192,False,0.0,1,0.7863256931304932,0.2613949477672577,0.5678026676177979,0.0261366069316864
147,180,False,0.0,0,0.6539733409881592,0.13678893446922302,0.5298991799354553,0.013029616326093674
147,181,False,0.0,1,0.7856446504592896,0.26250162720680237,0.566914439201355,0.025692366063594818
147,182,False,0.0,1,0.7862081527709961,0.26264968514442444,0.567842960357666,0.026065418496727943
147,183,False,0.0,1,0.7855377793312073,0.2627118229866028,0.5675697326660156,0.025893427431583405
147,184,False,0.0,1,0.7859712839126587,0.2626972794532776,0.5675870180130005,0.02588515169918537
147,185,False,0.0,1,0.7856156826019287,0.2628704607486725,0.5677227973937988,0.025965601205825806
147,186,False,0.0,1,0.7859371900558472,0.2626835107803345,0.5673547983169556,0.02585561014711857
147,187,False,0.0,1,0.7853916883468628,0.2627931833267212,0.5679101943969727,0.026052966713905334
147,188,True,0.002123142359778285,1,0.7859565019607544,0.26273539662361145,0.5672893524169922,0.025719935074448586
147,189,True,0.010638297535479069,1,0.7859717607498169,0.2630791962146759,0.5674480199813843,0.02579214796423912
147,190,True,0.021276595070958138,1,0.7863199710845947,0.26233720779418945,0.5677510499954224,0.02593100070953369
147,191,True,0.03191489353775978,1,0.7852872610092163,0.2619292736053467,0.5674610137939453,0.025886107236146927
147,192,True,0.042553190141916275,1,0.7858964204788208,0.26147547364234924,0.5677085518836975,0.025956522673368454
147,193,True,0.05319149047136307,1,0.7859679460525513,0.2608588635921478,0.5674464702606201,0.025946274399757385
147,194,True,0.06382978707551956,1,0.7857304811477661,0.26123157143592834,0.5684640407562256,0.026318104937672615
147,195,True,0.07446808367967606,1,0.7853323221206665,0.2613801956176758,0.5678542852401733,0.02605326473712921
36,30,False,0.0,0,0.6398296356201172,0.11566047370433807,0.5292893648147583,0.012835348956286907
36,31,False,0.0,1,0.7869170904159546,0.2588975727558136,0.5673143863677979,0.025878310203552246
36,32,False,0.0,1,0.7876752018928528,0.2587476074695587,0.5663982629776001,0.02556617371737957
36,33,False,0.0,1,0.7874907851219177,0.25890782475471497,0.5674606561660767,0.026009615510702133
36,34,False,0.0,1,0.7878382205963135,0.25874757766723633,0.5670537948608398,0.025751041248440742
36,35,False,0.0,1,0.7881004810333252,0.2586915194988251,0.5666595697402954,0.02569659985601902
36,36,False,0.0,1,0.7875696420669556,0.25864118337631226,0.5670391321182251,0.025867324322462082
36,37,False,0.0,1,0.7878741025924683,0.25898662209510803,0.5675013065338135,0.0259525328874588
36,38,True,0.010416666977107525,1,0.7885205745697021,0.2589152455329895,0.5675510764122009,0.025867419317364693
36,39,True,0.05263157933950424,1,0.7861303091049194,0.2589147686958313,0.567597508430481,0.02596425451338291
36,40,True,0.10526315867900848,1,0.7872739434242249,0.2588694989681244,0.5664480924606323,0.025605782866477966
36,41,True,0.15789473056793213,1,0.7866451740264893,0.2587904632091522,0.5663405656814575,0.025771914049983025
36,42,True,0.21052631735801697,1,0.7857182025909424,0.25912898778915405,0.5658464431762695,0.025662288069725037
36,43,True,0.2631579041481018,1,0.7858450412750244,0.25911739468574524,0.5659792423248291,0.025762764737010002
36,44,True,0.31578946113586426,1,0.7855504751205444,0.2594927251338959,0.5653520822525024,0.025574445724487305
36,45,True,0.3684210479259491,1,0.7860835194587708,0.25942960381507874,0.5654823184013367,0.025696124881505966
31,74,False,0.0,0,0.6381247043609619,0.11574969440698624,0.5285516977310181,0.012408747337758541
31,75,False,0.0,1,0.785513699054718,0.25872039794921875,0.5675128698348999,0.025873981416225433
31,76,False,0.0,1,0.7856502532958984,0.25905337929725647,0.5665313601493835,0.025523528456687927
31,77,False,0.0,1,0.7852345108985901,0.2590257525444031,0.5676313638687134,0.02587534859776497
31,78,False,0.0,1,0.7856645584106445,0.2588292062282562,0.5671316385269165,0.025709733366966248
31,79,False,0.0,1,0.7852277159690857,0.2596694827079773,0.5668843984603882,0.025688184425234795
31,80,False,0.0,1,0.785435676574707,0.25866734981536865,0.5671175718307495,0.02568935602903366
31,81,False,0.0,1,0.7855332493782043,0.25889408588409424,0.5673109292984009,0.025796430185437202
31,82,False,0.0,1,0.7853800058364868,0.2587857246398926,0.5675731301307678,0.02586234360933304
31,83,True,0.014563106931746006,1,0.7854348421096802,0.2588884234428406,0.568324089050293,0.026100538671016693
31,84,True,0.03883495181798935,1,0.7850412130355835,0.2587182819843292,0.568076491355896,0.02603735961019993
31,85,True,0.06310679763555527,1,0.7849050760269165,0.25885722041130066,0.5678555965423584,0.026012200862169266
31,86,True,0.08737864345312119,1,0.7854890823364258,0.2589401602745056,0.5682066679000854,0.02608693204820156
31,87,True,0.1116504818201065,1,0.7851608991622925,0.25914424657821655,0.5675088167190552,0.02589876763522625
31,88,True,0.13592232763767242,1,0.7847999334335327,0.25947174429893494,0.5678269863128662,0.026012880727648735
31,89,True,0.16019417345523834,1,0.7856223583221436,0.25915977358818054,0.5680032968521118,0.02610139548778534
41,24,False,0.0,0,0.6489133834838867,0.12341112643480301,0.531518816947937,0.01351319719105959
41,25,False,0.0,1,0.7869951725006104,0.25954076647758484,0.5696792602539062,0.02667233906686306
41,26,False,0.0,1,0.7875338792800903,0.2597707509994507,0.5691397786140442,0.02646583318710327
41,27,False,0.0,1,0.7871663570404053,0.2595337927341461,0.5693151354789734,0.026465900242328644
41,28,False,0.0,1,0.787060022354126,0.2595985531806946,0.568844199180603,0.026293059810996056
41,29,False,0.0,1,0.7869626879692078,0.258953332901001,0.5694355368614197,0.026591278612613678
41,30,False,0.0,1,0.7877918481826782,0.25928372144699097,0.5692643523216248,0.02650119550526142
41,31,False,0.0,1,0.7873328328132629,0.25884807109832764,0.5691236257553101,0.02649962715804577
41,32,False,0.0,1,0.7874521613121033,0.2590048015117645,0.5696168541908264,0.026820827275514603
41,33,True,0.03703703731298447,1,0.7881038784980774,0.2594352662563324,0.5698140859603882,0.026898089796304703
41,34,True,0.09876543283462524,1,0.7883171439170837,0.25873157382011414,0.5689013004302979,0.026569031178951263
41,35,True,0.16049382090568542,1,0.7865518927574158,0.25900569558143616,0.5677698254585266,0.02643478289246559
41,36,True,0.2222222238779068,1,0.7863572835922241,0.2590063214302063,0.5676944255828857,0.02647390589118004
41,37,True,0.2839506268501282,1,0.7862191200256348,0.2590368986129761,0.5677171945571899,0.026560252532362938
41,38,True,0.34567901492118835,1,0.7858463525772095,0.2593151926994324,0.5680360794067383,0.026630619540810585
41,39,True,0.40740740299224854,1,0.7857897281646729,0.25964418053627014,0.5675140023231506,0.026506463065743446
0,11,False,0.0,0,0.6504557132720947,0.12697850167751312,0.5314621925354004,0.013866265304386616
0,12,False,0.0,1,0.7869795560836792,0.26038679480552673,0.5693097114562988,0.026751946657896042
0,13,False,0.0,1,0.7864282131195068,0.26056066155433655,0.5697600245475769,0.026910480111837387
0,14,False,0.0,1,0.7865370512008667,0.2603403627872467,0.5695161819458008,0.026839453727006912
0,15,False,0.0,1,0.7867770791053772,0.2601141631603241,0.5696044564247131,0.026880836114287376
0,16,False,0.0,1,0.7875642776489258,0.2597828507423401,0.5688226222991943,0.02658582292497158
0,17,False,0.0,1,0.7878658771514893,0.2599840462207794,0.569182276725769,0.0267479307949543
0,18,False,0.0,1,0.7874482870101929,0.2597511112689972,0.5694084167480469,0.026799747720360756
0,19,False,0.0,1,0.7866081595420837,0.25994834303855896,0.5693954229354858,0.026967687532305717
0,20,False,0.0,1,0.7867273092269897,0.25973784923553467,0.5695074796676636,0.027016418054699898
0,21,False,0.0,1,0.7869720458984375,0.2595742642879486,0.5693281292915344,0.02698318101465702
0,22,False,0.0,1,0.7873995304107666,0.2599931061267853,0.5695706009864807,0.027092471718788147
0,23,False,0.0,1,0.7884159088134766,0.25952738523483276,0.569178581237793,0.02689497545361519
0,24,False,0.0,1,0.7871938943862915,0.26012131571769714,0.5687813758850098,0.026782140135765076
0,25,False,0.0,1,0.7878578305244446,0.2599881589412689,0.5695173740386963,0.027074625715613365
0,26,False,0.0,1,0.7883477210998535,0.2593577802181244,0.5693320035934448,0.02697191759943962
117,122,False,0.0,0,0.6597812175750732,0.1424802541732788,0.5314306020736694,0.014028164558112621
117,123,False,0.0,1,0.7885714769363403,0.262245774269104,0.5697305798530579,0.02720404788851738
117,124,False,0.0,1,0.7886645197868347,0.26194530725479126,0.5703835487365723,0.027478819712996483
117,125,False,0.0,1,0.7893900275230408,0.2617656886577606,0.570608377456665,0.027584727853536606
117,126,False,0.0,1,0.790175199508667,0.2607020139694214,0.5702303051948547,0.027438558638095856
117,127,False,0.0,1,0.7906942367553711,0.2607535719871521,0.5707470178604126,0.02759050950407982
117,128,False,0.0,1,0.7909839153289795,0.26072901487350464,0.5708306431770325,0.027615133672952652
117,129,False,0.0,1,0.7912464737892151,0.260485976934433,0.5703400373458862,0.02746647037565708
117,130,False,0.0,1,0.7911044359207153,0.26003095507621765,0.5711881518363953,0.027808059006929398
117,131,False,0.0,1,0.7913020849227905,0.2603670060634613,0.5711449384689331,0.027814997360110283
117,132,False,0.0,1,0.7907201051712036,0.25970032811164856,0.5717052221298218,0.028060683980584145
117,133,False,0.0,1,0.7900920510292053,0.259863942861557,0.5707838535308838,0.02768295258283615
117,134,False,0.0,1,0.7894914746284485,0.26057204604148865,0.570391833782196,0.027522677555680275
117,135,False,0.0,1,0.7878974676132202,0.2609844505786896,0.5710406303405762,0.02773955836892128
117,136,False,0.0,1,0.788496196269989,0.2606692910194397,0.5714931488037109,0.02792961709201336
117,137,False,0.0,1,0.7877870798110962,0.2605413496494293,0.5707122683525085,0.02764694020152092
110,120,False,0.0,0,0.6616966724395752,0.14149780571460724,0.5312138199806213,0.014068092219531536
110,121,False,0.0,1,0.788162112236023,0.26264896988868713,0.5719927549362183,0.02812078967690468
110,122,False,0.0,1,0.7881181240081787,0.262482613325119,0.5719159841537476,0.028038427233695984
110,123,False,0.0,1,0.788608968257904,0.26239776611328125,0.5719067454338074,0.028058672323822975
110,124,False,0.0,1,0.7881897687911987,0.26268190145492554,0.5721405744552612,0.028149111196398735
110,125,False,0.0,1,0.7892234325408936,0.2620218098163605,0.5709936022758484,0.027701497077941895
110,126,False,0.0,1,0.7898881435394287,0.26161327958106995,0.5715069770812988,0.027942845597863197
110,127,False,0.0,1,0.7903358340263367,0.2612365782260895,0.5714753270149231,0.02796115167438984
110,128,True,0.0031152646988630295,1,0.790857195854187,0.2606833875179291,0.5722966194152832,0.028153197839856148
110,129,True,0.015625,1,0.7910605669021606,0.260743647813797,0.5726490616798401,0.02829434908926487
110,130,True,0.03125,1,0.7913662195205688,0.2605612277984619,0.5719417333602905,0.0279984213411808
110,131,True,0.046875,1,0.7916525602340698,0.2602351903915405,0.5720576047897339,0.02804352343082428
110,132,True,0.0625,1,0.7913123369216919,0.25945374369621277,0.5724359154701233,0.02828303724527359
110,133,True,0.078125,1,0.7911823391914368,0.26020845770835876,0.5720566511154175,0.028114134445786476
110,134,True,0.09375,1,0.7904599905014038,0.2606312334537506,0.5723865032196045,0.028251292183995247
110,135,True,0.109375,1,0.7904859185218811,0.26021870970726013,0.5718927979469299,0.02804640121757984
8,21,False,0.0,0,0.6526310443878174,0.12460532784461975,0.5327869653701782,0.014714783988893032
8,22,False,0.0,1,0.7887746095657349,0.2583904564380646,0.5720435380935669,0.028026483952999115
8,23,False,0.0,1,0.7889816164970398,0.258664071559906,0.5726860761642456,0.028303340077400208
8,24,False,0.0,1,0.7879298329353333,0.2591192126274109,0.5733098983764648,0.028528520837426186
8,25,False,0.0,1,0.7880629897117615,0.25863778591156006,0.572918713092804,0.02841189317405224
8,26,False,0.0,1,0.7883973121643066,0.25873032212257385,0.573138415813446,0.028446940705180168
8,27,False,0.0,1,0.7877178192138672,0.2586592733860016,0.5718944668769836,0.027959069237113
8,28,False,0.0,1,0.7885818481445312,0.25921040773391724,0.5729734301567078,0.02835881896317005
8,29,False,0.0,1,0.788528323173523,0.2586301565170288,0.5736790895462036,0.02841387875378132
8,30,False,0.0,1,0.7876738905906677,0.25861939787864685,0.5730574131011963,0.028147712349891663
8,31,False,0.0,1,0.7882606983184814,0.25875160098075867,0.573984682559967,0.028504149988293648
8,32,False,0.0,1,0.7892630100250244,0.2589019238948822,0.5729920864105225,0.028111949563026428
8,33,False,0.0,1,0.7879734039306641,0.2587725520133972,0.5736778974533081,0.028398161754012108
8,34,False,0.0,1,0.7883945107460022,0.2592526972293854,0.5735583305358887,0.028369316831231117
8,35,False,0.0,1,0.7879152297973633,0.2589198052883148,0.5732128620147705,0.028233934193849564
8,36,False,0.0,1,0.7881342172622681,0.2588226795196533,0.5732545852661133,0.0282304584980011
93,20,False,0.0,0,0.6517834663391113,0.12452781945466995,0.5333091616630554,0.014445837587118149
93,21,False,0.0,1,0.7886267900466919,0.25879886746406555,0.5729085803031921,0.02788720093667507
93,22,False,0.0,1,0.7878305315971375,0.2594566345214844,0.5729369521141052,0.027874628081917763
93,23,False,0.0,1,0.7887824177742004,0.25847122073173523,0.5727795362472534,0.02780654840171337
93,24,False,0.0,1,0.7880036234855652,0.2590300142765045,0.5726785659790039,0.027788661420345306
93,25,False,0.0,1,0.7881540060043335,0.25888150930404663,0.5730006098747253,0.0279011782258749
93,26,False,0.0,1,0.7877228856086731,0.2589055597782135,0.5723848342895508,0.027710475027561188
93,27,False,0.0,1,0.7881396412849426,0.25886207818984985,0.5728455781936646,0.02785298600792885
93,28,False,0.0,1,0.787693977355957,0.25888559222221375,0.5724645853042603,0.027587980031967163
93,29,False,0.0,1,0.7874102592468262,0.2590506672859192,0.5721051692962646,0.02750146947801113
93,30,False,0.0,1,0.7862826585769653,0.2587502896785736,0.5716246962547302,0.02740294113755226
93,31,False,0.0,1,0.7890547513961792,0.2595263123512268,0.5722754001617432,0.027663767337799072
93,32,False,0.0,1,0.7882778644561768,0.25918203592300415,0.57233065366745,0.027652157470583916
93,33,False,0.0,1,0.7882992625236511,0.2592494785785675,0.5723761916160583,0.02763327956199646
93,34,False,0.0,1,0.7885420322418213,0.2597275376319885,0.5725347995758057,0.02772471122443676
93,35,False,0.0,1,0.7884457111358643,0.2597625255584717,0.5723093748092651,0.0276509840041399
151,174,False,0.0,0,0.6577820777893066,0.1376926302909851,0.5351454019546509,0.015181203372776508
151,175,False,0.0,1,0.7890914678573608,0.26200464367866516,0.5739608407020569,0.02798876166343689
151,176,False,0.0,1,0.7883646488189697,0.2619715631008148,0.5735167860984802,0.027826320379972458
151,177,False,0.0,1,0.7883830070495605,0.2624134421348572,0.5736202597618103,0.0278595220297575
151,178,False,0.0,1,0.7885923981666565,0.26198792457580566,0.5739737749099731,0.027987418696284294
151,179,False,0.0,1,0.78876793384552,0.26195231080055237,0.5739231705665588,0.027979640290141106
151,180,False,0.0,1,0.7882698178291321,0.2622014284133911,0.5734245181083679,0.02779761143028736
151,181,False,0.0,1,0.7882804870605469,0.26237350702285767,0.5737726092338562,0.02793124131858349
151,182,False,0.0,1,0.788224995136261,0.2619936466217041,0.5725893974304199,0.02748364768922329
151,183,False,0.0,1,0.7887650728225708,0.2619490623474121,0.5725879073143005,0.027586335316300392
151,184,False,0.0,1,0.7882102727890015,0.26210376620292664,0.57253098487854,0.027565279975533485
151,185,False,0.0,1,0.7881301641464233,0.2621302902698517,0.5723646879196167,0.02753308415412903
151,186,False,0.0,1,0.7879499197006226,0.2620726227760315,0.5726478695869446,0.027604365721344948
151,187,False,0.0,1,0.7883973121643066,0.2621685862541199,0.5726032257080078,0.027629032731056213
151,188,False,0.0,1,0.7883015275001526,0.26208770275115967,0.5719938278198242,0.027431387454271317
151,189,False,0.0,1,0.7883450984954834,0.2617703378200531,0.5723488330841064,0.027530448511242867
104,204,False,0.0,0,0.6439554691314697,0.12641744315624237,0.5314655303955078,0.013576517812907696
104,205,False,0.0,1,0.786582350730896,0.26169803738594055,0.5710992813110352,0.027296189218759537
104,206,False,0.0,1,0.7856038808822632,0.2616579234600067,0.5701843500137329,0.026934808120131493
104,207,False,0.0,1,0.7853631973266602,0.2601781189441681,0.5700516104698181,0.026984376832842827
104,208,False,0.0,1,0.785388708114624,0.259699285030365,0.5695948004722595,0.02687322162091732
104,209,False,0.0,1,0.7859610319137573,0.25965604186058044,0.5698402523994446,0.026993902400135994
104,210,False,0.0,1,0.7858738899230957,0.2592500150203705,0.5691351890563965,0.026670148596167564
104,211,False,0.0,1,0.7861695289611816,0.25964149832725525,0.5696282386779785,0.02695547230541706
104,212,False,0.0,1,0.786349892616272,0.25916585326194763,0.5688682794570923,0.026643216609954834
104,213,False,0.0,1,0.7859557867050171,0.25939276814460754,0.5693566799163818,0.026858944445848465
104,214,False,0.0,1,0.7858729362487793,0.2592497169971466,0.5689783096313477,0.026725290343165398
104,215,False,0.0,1,0.7861970663070679,0.25915947556495667,0.5687633752822876,0.026637965813279152
104,216,False,0.0,1,0.7859522104263306,0.25909343361854553,0.5689155459403992,0.02670997940003872
104,217,False,0.0,1,0.786251425743103,0.25913503766059875,0.569300651550293,0.0268561989068985
104,218,False,0.0,1,0.7865118384361267,0.2592534124851227,0.5689905881881714,0.026762185618281364
104,219,False,0.0,1,0.786340594291687,0.2592463195323944,0.5691236257553101,0.0268121138215065
1,17,False,0.0,0,0.65250563621521,0.12685030698776245,0.5314128994941711,0.014011417515575886
1,18,False,0.0,1,0.7892030477523804,0.25947868824005127,0.5697041749954224,0.02715897001326084
1,19,False,0.0,1,0.7898462414741516,0.25894051790237427,0.5689495801925659,0.02687663584947586
1,20,False,0.0,1,0.7897956371307373,0.25882670283317566,0.5692378282546997,0.026960112154483795
1,21,False,0.0,1,0.7896020412445068,0.2593371272087097,0.5696982145309448,0.0271201953291893
1,22,False,0.0,1,0.7893401384353638,0.25926730036735535,0.5699666738510132,0.02717476338148117
1,23,False,0.0,1,0.7894076108932495,0.25929364562034607,0.5695317983627319,0.027057213708758354
1,24,False,0.0,1,0.7901324033737183,0.2585487961769104,0.5686600804328918,0.026790369302034378
1,25,True,0.016129031777381897,1,0.7897936105728149,0.2590959370136261,0.5701097846031189,0.02738254703581333
1,26,True,0.09677419066429138,1,0.7896425724029541,0.25875934958457947,0.5684248208999634,0.026693113148212433
1,27,True,0.17741934955120087,1,0.7891272306442261,0.25871971249580383,0.5682154893875122,0.02674812823534012
1,28,True,0.25806450843811035,1,0.7889180183410645,0.25915804505348206,0.5695492029190063,0.027327071875333786
1,29,True,0.33870968222618103,1,0.788564145565033,0.2585269808769226,0.568333625793457,0.026973402127623558
1,30,True,0.4193548262119293,1,0.7876376509666443,0.258635014295578,0.5670549869537354,0.026579279452562332
1,31,True,0.5,1,0.7881079912185669,0.2586858868598938,0.5662699937820435,0.026419226080179214
1,32,True,0.5806451439857483,1,0.7874225378036499,0.25881877541542053,0.5656602382659912,0.02630338817834854
195,183,False,0.0,0,0.6512913703918457,0.13145169615745544,0.5325648784637451,0.01422432716935873
195,184,False,0.0,1,0.7894909381866455,0.2618858516216278,0.5717071890830994,0.02724044770002365
195,185,False,0.0,1,0.7890001535415649,0.26146766543388367,0.571530818939209,0.027215946465730667
195,186,False,0.0,1,0.7887341976165771,0.2610788345336914,0.5715867877006531,0.027210019528865814
195,187,False,0.0,1,0.7891100645065308,0.2612505257129669,0.572017252445221,0.02737930789589882
195,188,False,0.0,1,0.7889699935913086,0.26187190413475037,0.5719759464263916,0.02740120328962803
195,189,False,0.0,1,0.7889057397842407,0.2615540325641632,0.5716023445129395,0.027256956323981285
195,190,False,0.0,1,0.788616955280304,0.26161709427833557,0.5716692209243774,0.027267081663012505
195,191,False,0.0,1,0.7887243032455444,0.26067447662353516,0.5717722177505493,0.027254218235611916
195,192,True,0.008368200622498989,1,0.7886647582054138,0.26072990894317627,0.572589635848999,0.027561338618397713
195,193,True,0.01882845163345337,1,0.7890992760658264,0.2601664364337921,0.5725569725036621,0.027591874822974205
195,194,True,0.029288703575730324,1,0.7886673808097839,0.2596997320652008,0.572340726852417,0.027466408908367157
195,195,True,0.03974895551800728,1,0.7890902161598206,0.2599107027053833,0.5725375413894653,0.027590308338403702
195,196,True,0.050209205597639084,1,0.7886998653411865,0.26037245988845825,0.5729215145111084,0.027676381170749664
195,197,True,0.06066945567727089,1,0.7887966632843018,0.2601573169231415,0.5723654627799988,0.02754153124988079
195,198,True,0.071129709482193,1,0.78790283203125,0.2602449655532837,0.5730489492416382,0.027681391686201096
32,19,False,0.0,0,0.6478128433227539,0.12239927798509598,0.5339980125427246,0.014557081274688244
32,20,False,0.0,1,0.7903196811676025,0.25873664021492004,0.572933554649353,0.027471616864204407
32,21,False,0.0,1,0.7901821136474609,0.2587894797325134,0.5724372863769531,0.027324438095092773
32,22,False,0.0,1,0.7895256280899048,0.2587288022041321,0.5724575519561768,0.027327382937073708
32,23,False,0.0,1,0.7900108695030212,0.25925835967063904,0.5726381540298462,0.02738184668123722
32,24,False,0.0,1,0.7901273965835571,0.25899800658226013,0.5727094411849976,0.027412256225943565
32,25,False,0.0,1,0.7893587946891785,0.2586081922054291,0.5722564458847046,0.02721877582371235
32,26,False,0.0,1,0.7903746366500854,0.2588293254375458,0.5726824998855591,0.027422359213232994
32,27,True,0.014925372786819935,1,0.7890846729278564,0.25862881541252136,0.5725891590118408,0.027113070711493492
32,28,True,0.08955223858356476,1,0.7896488308906555,0.2587689459323883,0.5719971060752869,0.02693839929997921
32,29,True,0.16417910158634186,1,0.7891512513160706,0.2589796781539917,0.5726355314254761,0.027205446735024452
32,30,True,0.23880596458911896,1,0.7894735932350159,0.25884976983070374,0.5711159706115723,0.026766406372189522
32,31,True,0.31343284249305725,1,0.7894488573074341,0.2591693699359894,0.5711649060249329,0.026954054832458496
32,32,True,0.38805970549583435,1,0.7882727384567261,0.25863876938819885,0.5713063478469849,0.027047231793403625
32,33,True,0.46268656849861145,1,0.7882223129272461,0.25863924622535706,0.5710822343826294,0.027047187089920044
32,34,True,0.5373134613037109,1,0.7873408198356628,0.2588987350463867,0.5699213743209839,0.026709014549851418
10,35,False,0.0,0,0.6548137664794922,0.12793435156345367,0.535266637802124,0.014831275679171085
10,36,False,0.0,1,0.7903668880462646,0.2590729296207428,0.5746824145317078,0.02764430083334446
10,37,False,0.0,1,0.790824294090271,0.2588311731815338,0.5743744969367981,0.02753600850701332
10,38,False,0.0,1,0.7897064685821533,0.259528249502182,0.5749702453613281,0.027718154713511467
10,39,False,0.0,1,0.7908927798271179,0.25905516743659973,0.5745701789855957,0.02762320265173912
10,40,False,0.0,1,0.7902287244796753,0.2588721811771393,0.5745407938957214,0.027549108490347862
10,41,False,0.0,1,0.7900114059448242,0.2590276896953583,0.575009822845459,0.027674119919538498
10,42,False,0.0,1,0.7901071906089783,0.2591046392917633,0.5736537575721741,0.027259036898612976
10,43,True,0.009345794096589088,1,0.7898812294006348,0.2586195468902588,0.574761152267456,0.027420250698924065
10,44,True,0.05607476457953453,1,0.7903029918670654,0.2588197886943817,0.5737723708152771,0.027138439938426018
10,45,True,0.10280373692512512,1,0.789374828338623,0.2587372958660126,0.5739712119102478,0.027264496311545372
10,46,True,0.14953270554542542,1,0.7889658212661743,0.2583746016025543,0.573421061038971,0.027160946279764175
10,47,True,0.1962616890668869,1,0.7893689274787903,0.25857454538345337,0.5722144842147827,0.026790406554937363
10,48,True,0.2429906576871872,1,0.7898242473602295,0.2586992084980011,0.5729929208755493,0.027174517512321472
10,49,True,0.2897196114063263,1,0.7871240377426147,0.258868545293808,0.5710560083389282,0.02662287838757038
10,50,True,0.336448609828949,1,0.7874922752380371,0.2590160667896271,0.5716683864593506,0.026921534910798073
198,120,False,0.0,0,0.6667745113372803,0.14639796316623688,0.5359709858894348,0.014578848145902157
198,121,False,0.0,1,0.7909577488899231,0.2624364495277405,0.5750750303268433,0.027168545871973038
198,122,False,0.0,1,0.7906681299209595,0.26260414719581604,0.5750298500061035,0.027151232585310936
198,123,False,0.0,1,0.7912197113037109,0.26234230399131775,0.5747031569480896,0.027064304798841476
198,124,False,0.0,1,0.791193425655365,0.2623445987701416,0.5746142864227295,0.02707148902118206
198,125,False,0.0,1,0.7910478711128235,0.2619262933731079,0.5739740133285522,0.026902632787823677
198,126,False,0.0,1,0.7921047806739807,0.26103439927101135,0.5744300484657288,0.02705274522304535
198,127,False,0.0,1,0.7927426099777222,0.2610449194908142,0.5741909742355347,0.02699025347828865
198,128,False,0.0,1,0.7927579283714294,0.26116514205932617,0.5741694569587708,0.026747267693281174
198,129,False,0.0,1,0.7928453683853149,0.26087629795074463,0.5744566917419434,0.026859233155846596
198,130,False,0.0,1,0.7937662601470947,0.26046058535575867,0.5741385817527771,0.026740767061710358
198,131,False,0.0,1,0.7938058376312256,0.26018011569976807,0.5742947459220886,0.02680586278438568
198,132,False,0.0,1,0.793931245803833,0.25976234674453735,0.573740541934967,0.026644915342330933
198,133,False,0.0,1,0.7938480973243713,0.26041078567504883,0.5748820304870605,0.027034861966967583
198,134,False,0.0,1,0.7937954068183899,0.2596021294593811,0.5741949677467346,0.02676982805132866
198,135,False,0.0,1,0.7930094003677368,0.2596786916255951,0.5740244388580322,0.026724474504590034
109,168,False,0.0,0,0.6591677665710449,0.13597775995731354,0.5342268943786621,0.013805408030748367
109,169,False,0.0,1,0.7895703315734863,0.26087865233421326,0.5749936103820801,0.02687913179397583
109,170,False,0.0,1,0.7900121212005615,0.2609541118144989,0.5752446055412292,0.02696608006954193
109,171,False,0.0,1,0.7897300720214844,0.260681688785553,0.5744999647140503,0.026708954945206642
109,172,False,0.0,1,0.7893396615982056,0.2602172791957855,0.5744895339012146,0.026698879897594452
109,173,False,0.0,1,0.7898638248443604,0.26066258549690247,0.574966311454773,0.026850981637835503
109,174,False,0.0,1,0.7896519899368286,0.26106223464012146,0.5742010474205017,0.026619210839271545
109,175,False,0.0,1,0.7897082567214966,0.26068007946014404,0.5751764178276062,0.026978740468621254
109,176,True,0.00455580884590745,1,0.7900551557540894,0.2608671486377716,0.5750746726989746,0.026874512434005737
109,177,True,0.015945330262184143,1,0.7899811863899231,0.26030805706977844,0.5753724575042725,0.027021871879696846
109,178,True,0.027334852144122124,1,0.790398359298706,0.26055699586868286,0.5743303894996643,0.02668553963303566
109,179,True,0.038724374026060104,1,0.7898000478744507,0.26028570532798767,0.5739145874977112,0.026636475697159767
109,180,True,0.050113894045352936,1,0.7897330522537231,0.2600933015346527,0.574480414390564,0.02683071233332157
109,181,True,0.061503417789936066,1,0.7895838022232056,0.2602934241294861,0.574192225933075,0.026739612221717834
109,182,True,0.0728929415345192,1,0.7896615266799927,0.2596476972103119,0.5743793845176697,0.026875782757997513
109,183,True,0.08428245782852173,1,0.7903672456741333,0.2594335377216339,0.5744298696517944,0.02688542567193508
77,30,False,0.0,0,0.6513912677764893,0.12419956922531128,0.5345614552497864,0.013859995640814304
77,31,False,0.0,1,0.7906435132026672,0.25829556584358215,0.5751317143440247,0.02703218162059784
77,32,False,0.0,1,0.7908048629760742,0.25866538286209106,0.5750545263290405,0.027027249336242676
77,33,False,0.0,1,0.7903000116348267,0.2591237425804138,0.5748662352561951,0.026957569643855095
77,34,False,0.0,1,0.7906597852706909,0.2585640847682953,0.5745974779129028,0.026864102110266685
77,35,False,0.0,1,0.7909442186355591,0.25849902629852295,0.5749840140342712,0.027009665966033936
77,36,False,0.0,1,0.790675163269043,0.25842365622520447,0.5741645097732544,0.026802126318216324
77,37,False,0.0,1,0.7904195189476013,0.2585337460041046,0.5749794244766235,0.02700580470263958
77,38,False,0.0,1,0.7907124757766724,0.25856027007102966,0.5757755637168884,0.027305971831083298
77,39,False,0.0,1,0.790475606918335,0.2586125433444977,0.5752041935920715,0.02711212821304798
77,40,False,0.0,1,0.7901936769485474,0.25824010372161865,0.5758916139602661,0.02728070691227913
77,41,False,0.0,1,0.7896332144737244,0.2583339214324951,0.575096070766449,0.027078280225396156
77,42,False,0.0,1,0.7902928590774536,0.2585439085960388,0.5753359198570251,0.027159225195646286
77,43,False,0.0,1,0.7900632619857788,0.25858017802238464,0.5750502943992615,0.027051620185375214
77,44,False,0.0,1,0.7897472381591797,0.2583197355270386,0.5752527713775635,0.02712567336857319
77,45,False,0.0,1,0.7894827127456665,0.25844311714172363,0.575465977191925,0.027195902541279793
112,172,False,0.0,0,0.6476373672485352,0.12717711925506592,0.5361580848693848,0.014688905328512192
112,173,False,0.0,1,0.7894184589385986,0.26026955246925354,0.5770978927612305,0.02746325358748436
112,174,False,0.0,1,0.790226936340332,0.2598552107810974,0.5772567391395569,0.027500424534082413
112,175,False,0.0,1,0.7896747589111328,0.2602907121181488,0.5772190093994141,0.02748052030801773
112,176,False,0.0,1,0.7904893159866333,0.26087990403175354,0.5772252082824707,0.02749468944966793
112,177,False,0.0,1,0.789598286151886,0.2608027756214142,0.5769118070602417,0.02736860327422619
112,178,False,0.0,1,0.7902334928512573,0.26117435097694397,0.5778066515922546,0.027664147317409515
112,179,False,0.0,1,0.7895075082778931,0.2605459690093994,0.5769876837730408,0.0274153221398592
112,180,False,0.0,1,0.7904613614082336,0.2616923153400421,0.5768928527832031,0.02747860737144947
112,181,False,0.0,1,0.7902649641036987,0.2612253725528717,0.578015923500061,0.027842849493026733
112,182,False,0.0,1,0.789526104927063,0.26076436042785645,0.5777744650840759,0.027797015383839607
112,183,False,0.0,1,0.7895920276641846,0.26071399450302124,0.5777505040168762,0.02777210809290409
112,184,False,0.0,1,0.7894843816757202,0.26057112216949463,0.5776248574256897,0.027719315141439438
112,185,False,0.0,1,0.789405882358551,0.2608175277709961,0.5778304934501648,0.027758527547121048
112,186,False,0.0,1,0.7898427844047546,0.26087483763694763,0.5770400166511536,0.027505861595273018
112,187,False,0.0,1,0.7896378636360168,0.26098695397377014,0.5780493021011353,0.027875512838363647
9,1,False,0.0,0,0.6576271057128906,0.12874633073806763,0.5360284447669983,0.014839913696050644
9,2,False,0.0,1,0.791504979133606,0.2588210105895996,0.5777231454849243,0.0280386283993721
9,3,False,0.0,1,0.7912682294845581,0.2588197886943817,0.5776893496513367,0.027999531477689743
9,4,False,0.0,1,0.7912766933441162,0.2587926387786865,0.5772286057472229,0.027860388159751892
9,5,False,0.0,1,0.7916126847267151,0.2587205767631531,0.5772048830986023,0.027875859290361404
9,6,False,0.0,1,0.7915034294128418,0.2591712772846222,0.577574610710144,0.027980558574199677
9,7,False,0.0,1,0.7908636927604675,0.2589794397354126,0.5771608948707581,0.02781541831791401
9,8,False,0.0,1,0.7911803722381592,0.2588946521282196,0.5771470069885254,0.027844659984111786
9,9,False,0.0,1,0.7913346290588379,0.25899580121040344,0.5765177011489868,0.02781751938164234
9,10,True,0.17391304671764374,1,0.7898050546646118,0.2589341700077057,0.5752105116844177,0.027507757768034935
9,11,True,0.3913043439388275,1,0.7890512943267822,0.25838106870651245,0.5742185711860657,0.027345113456249237
9,12,True,0.6086956262588501,1,0.7876185774803162,0.25858622789382935,0.5726885795593262,0.027089368551969528
9,13,True,0.8260869383811951,1,0.7865524291992188,0.25888484716415405,0.5708266496658325,0.02652076818048954
9,14,True,1.0,1,0.7867735624313354,0.2588981091976166,0.5685309171676636,0.025675786659121513
9,15,True,1.0,1,0.7868144512176514,0.258937805891037,0.5687967538833618,0.025829924270510674
9,16,True,1.0,1,0.7868291139602661,0.25894153118133545,0.5689000487327576,0.02588890865445137
17,32,False,0.0,0,0.6541159152984619,0.12616901099681854,0.5351960062980652,0.014882366172969341
17,33,False,0.0,1,0.791335940361023,0.2585636377334595,0.576946496963501,0.02809925749897957
17,34,False,0.0,1,0.7915719747543335,0.2587314546108246,0.576799750328064,0.028007209300994873
17,35,False,0.0,1,0.791284441947937,0.2588253915309906,0.5767484903335571,0.027994979172945023
17,36,False,0.0,1,0.791176438331604,0.2590315043926239,0.5765379667282104,0.027943775057792664
17,37,False,0.0,1,0.7912310361862183,0.2587995231151581,0.5767389535903931,0.02801545523107052
17,38,False,0.0,1,0.7915326356887817,0.25878265500068665,0.5768845081329346,0.028052739799022675
17,39,False,0.0,1,0.790752649307251,0.258622944355011,0.5764714479446411,0.027919525280594826
17,40,False,0.0,1,0.7913378477096558,0.2590595781803131,0.5764877796173096,0.02803352102637291
17,41,False,0.0,1,0.7918047904968262,0.259054958820343,0.5760536193847656,0.027908043935894966
17,42,False,0.0,1,0.7918061017990112,0.25919145345687866,0.5762062668800354,0.027952760457992554
17,43,False,0.0,1,0.791370153427124,0.25889936089515686,0.5760518312454224,0.02790188416838646
17,44,False,0.0,1,0.7913192510604858,0.25911080837249756,0.5753753185272217,0.02773967757821083
17,45,False,0.0,1,0.791108250617981,0.2591544985771179,0.5761833786964417,0.028015784919261932
17,46,False,0.0,1,0.7906961441040039,0.2588834762573242,0.5763618350028992,0.028048736974596977
17,47,False,0.0,1,0.7906787395477295,0.25961872935295105,0.5760077238082886,0.027913065627217293
74,14,False,0.0,0,0.650829553604126,0.12519986927509308,0.5340558290481567,0.014734274707734585
74,15,False,0.0,1,0.7898158431053162,0.25960955023765564,0.5752169489860535,0.027941390872001648
74,16,False,0.0,1,0.7905552387237549,0.25896915793418884,0.5755007266998291,0.028020400553941727
74,17,False,0.0,1,0.7905617952346802,0.25902897119522095,0.5754561424255371,0.028049621731042862
74,18,False,0.0,1,0.7907547354698181,0.2590615749359131,0.5758966207504272,0.028143394738435745
74,19,False,0.0,1,0.7909083366394043,0.25874966382980347,0.5755062103271484,0.027988163754343987
74,20,False,0.0,1,0.7910078763961792,0.2589344084262848,0.5755100250244141,0.028022168204188347
74,21,False,0.0,1,0.7898133993148804,0.2597980499267578,0.575471043586731,0.027978191152215004
74,22,False,0.0,1,0.7908196449279785,0.25904369354248047,0.5752773284912109,0.028078600764274597
74,23,False,0.0,1,0.7915372848510742,0.2588432729244232,0.5755049586296082,0.02816176228225231
74,24,False,0.0,1,0.791011393070221,0.259021520614624,0.5754914283752441,0.02813352271914482
74,25,False,0.0,1,0.7908759117126465,0.25916963815689087,0.5760661363601685,0.028291380032896996
74,26,False,0.0,1,0.7903887033462524,0.2595185339450836,0.5761836767196655,0.02838374674320221
74,27,False,0.0,1,0.7910199165344238,0.25914910435676575,0.5757846832275391,0.02823125757277012
74,28,False,0.0,1,0.7911535501480103,0.2591175436973572,0.5751461982727051,0.028011802583932877
74,29,False,0.0,1,0.7907349467277527,0.2592395544052124,0.5764586925506592,0.028446421027183533
39,43,False,0.0,0,0.6544351577758789,0.12943053245544434,0.5311702489852905,0.013457112945616245
39,44,False,0.0,1,0.7904218435287476,0.2593241333961487,0.5745236873626709,0.02789306454360485
39,45,False,0.0,1,0.7903171181678772,0.25908592343330383,0.5746514797210693,0.027852067723870277
39,46,False,0.0,1,0.7901083827018738,0.25889986753463745,0.5741221904754639,0.027672916650772095
39,47,False,0.0,1,0.7895441651344299,0.2586422562599182,0.5745576620101929,0.02779841609299183
39,48,False,0.0,1,0.7899831533432007,0.2600116431713104,0.573868989944458,0.027609752491116524
39,49,False,0.0,1,0.790142297744751,0.25980180501937866,0.5736429691314697,0.027523860335350037
39,50,False,0.0,1,0.790777325630188,0.2594955861568451,0.5749542713165283,0.027972472831606865
39,51,True,0.007874015718698502,1,0.7895418405532837,0.25892704725265503,0.5746856927871704,0.027983061969280243
39,52,True,0.04724409431219101,1,0.7897341251373291,0.2597827613353729,0.5744982957839966,0.027922527864575386
39,53,True,0.08661417663097382,1,0.789389967918396,0.25929930806159973,0.5747063159942627,0.0279904343187809
39,54,True,0.12598425149917603,1,0.7890970706939697,0.25878310203552246,0.5737770199775696,0.027663245797157288
39,55,True,0.16535432636737823,1,0.7901993989944458,0.2594824433326721,0.5748275518417358,0.028134744614362717
39,56,True,0.20472441613674164,1,0.789640486240387,0.258926123380661,0.5749603509902954,0.028177132830023766
39,57,True,0.24409449100494385,1,0.7900017499923706,0.25882482528686523,0.5741870403289795,0.02787635289132595
39,58,True,0.28346458077430725,1,0.7887207865715027,0.2589854896068573,0.5736464858055115,0.027758123353123665
85,18,False,0.0,0,0.6539316177368164,0.127598375082016,0.5329830646514893,0.014338498935103416
85,19,False,0.0,1,0.7897510528564453,0.2586720883846283,0.5742731094360352,0.027668405324220657
85,20,False,0.0,1,0.790238618850708,0.25899413228034973,0.5752962827682495,0.028061797842383385
85,21,False,0.0,1,0.7907472848892212,0.2594025433063507,0.575028657913208,0.02790234610438347
85,22,False,0.0,1,0.7896265387535095,0.2590220868587494,0.5753316879272461,0.02803589031100273
85,23,False,0.0,1,0.7901949882507324,0.2593531012535095,0.5748718976974487,0.027894681319594383
85,24,False,0.0,1,0.7901850938796997,0.2592417895793915,0.5751216411590576,0.02791896089911461
85,25,False,0.0,1,0.790848970413208,0.25957947969436646,0.5751834511756897,0.027969423681497574
85,26,False,0.0,1,0.7900145053863525,0.25906333327293396,0.5755471587181091,0.02798638306558132
85,27,False,0.0,1,0.7911148071289062,0.2592276930809021,0.5756196975708008,0.028046710416674614
85,28,False,0.0,1,0.7903004884719849,0.25896909832954407,0.5754365921020508,0.027974409982562065
85,29,False,0.0,1,0.7906277179718018,0.2594383955001831,0.5754790902137756,0.027980338782072067
85,30,False,0.0,1,0.7908456325531006,0.25953197479248047,0.5756404995918274,0.028080303221940994
85,31,False,0.0,1,0.7902896404266357,0.25911739468574524,0.5758030414581299,0.028084445744752884
85,32,False,0.0,1,0.7902120351791382,0.259223610162735,0.5754516124725342,0.027981039136648178
85,33,False,0.0,1,0.7907518148422241,0.2594875395298004,0.5758153200149536,0.028135351836681366
113,114,False,0.0,0,0.6714315414428711,0.14827831089496613,0.5350017547607422,0.01474678609520197
113,115,False,0.0,1,0.7920136451721191,0.2630549669265747,0.5778288245201111,0.028438057750463486
113,116,False,0.0,1,0.7923424243927002,0.2626274526119232,0.5774438977241516,0.028346342965960503
113,117,False,0.0,1,0.792102038860321,0.26241692900657654,0.577473521232605,0.02833755500614643
113,118,False,0.0,1,0.7923206090927124,0.2629076838493347,0.5781521797180176,0.02854355424642563
113,119,False,0.0,1,0.7922706007957458,0.26289284229278564,0.5779389142990112,0.0284552164375782
113,120,False,0.0,1,0.7931581735610962,0.2619708776473999,0.5774431824684143,0.028287556022405624
113,121,False,0.0,1,0.7928860187530518,0.2626589238643646,0.5777359008789062,0.02840553969144821
113,122,True,0.003267973894253373,1,0.7938311100006104,0.2616041600704193,0.5775266885757446,0.028163226321339607
113,123,True,0.016393441706895828,1,0.7941887378692627,0.2616361379623413,0.5773974657058716,0.02813471294939518
113,124,True,0.032786883413791656,1,0.7941025495529175,0.26151710748672485,0.5772002935409546,0.02813812531530857
113,125,True,0.04918032884597778,1,0.7942697405815125,0.26133131980895996,0.5768707394599915,0.028016742318868637
113,126,True,0.06557376682758331,1,0.7943865060806274,0.2609367072582245,0.577950119972229,0.028408600017428398
113,127,True,0.08196721225976944,1,0.7939817905426025,0.26114869117736816,0.5777263641357422,0.028328681364655495
113,128,True,0.09836065769195557,1,0.7934117317199707,0.2611812949180603,0.5773734450340271,0.02826293371617794
113,129,True,0.1147540956735611,1,0.7927183508872986,0.26092565059661865,0.5768946409225464,0.028152547776699066
134,115,False,0.0,0,0.6689798831939697,0.14879827201366425,0.535862922668457,0.014709330163896084
134,116,False,0.0,1,0.7920947670936584,0.2625550925731659,0.5781635046005249,0.0281817764043808
134,117,False,0.0,1,0.7918297052383423,0.26289188861846924,0.5783982872962952,0.02825421281158924
134,118,False,0.0,1,0.7922185659408569,0.26273226737976074,0.5785643458366394,0.028320206329226494
134,119,False,0.0,1,0.7925267219543457,0.2627323865890503,0.5786784887313843,0.028304383158683777
134,120,False,0.0,1,0.7918051481246948,0.2628132998943329,0.5787165760993958,0.028314953669905663
134,121,False,0.0,1,0.7928895354270935,0.2623857855796814,0.5784322619438171,0.028251871466636658
134,122,False,0.0,1,0.7928040027618408,0.2621539831161499,0.5787518620491028,0.028342237696051598
134,123,True,0.0032573288772255182,1,0.7931667566299438,0.26175597310066223,0.5782986879348755,0.027965867891907692
134,124,True,0.019543973729014397,1,0.7938069105148315,0.2612801492214203,0.5781283378601074,0.027962837368249893
134,125,True,0.03583062067627907,1,0.7934520244598389,0.26134103536605835,0.5785843729972839,0.028094105422496796
134,126,True,0.05211726203560829,1,0.7944278717041016,0.2613172233104706,0.5784294009208679,0.02806554175913334
134,127,True,0.06840390712022781,1,0.7939448952674866,0.260774165391922,0.578877329826355,0.02829129435122013
134,128,True,0.08469055593013763,1,0.7927104234695435,0.2615085542201996,0.5793090462684631,0.02837073616683483
134,129,True,0.10097719728946686,1,0.7929040193557739,0.26102519035339355,0.5788259506225586,0.02828124724328518
134,130,True,0.11726384609937668,1,0.7926181554794312,0.26109662652015686,0.5792742967605591,0.028420742601156235
43,56,False,0.0,0,0.6492352485656738,0.12308883666992188,0.5339357852935791,0.013841047883033752
43,57,False,0.0,1,0.7906255722045898,0.25885435938835144,0.5767174363136292,0.02760012075304985
43,58,False,0.0,1,0.7908813953399658,0.2586096227169037,0.5775021910667419,0.027864888310432434
43,59,False,0.0,1,0.7912615537643433,0.2588382363319397,0.5772038698196411,0.02777782455086708
43,60,False,0.0,1,0.7902913093566895,0.25866687297821045,0.5772519707679749,0.027738841250538826
43,61,False,0.0,1,0.7908499240875244,0.2589266300201416,0.5774369835853577,0.02782953530550003
43,62,False,0.0,1,0.7906605005264282,0.2588672339916229,0.576268196105957,0.027385402470827103
43,63,False,0.0,1,0.7902474403381348,0.25880756974220276,0.576996922492981,0.02768518216907978
43,64,False,0.0,1,0.7907717227935791,0.2588116228580475,0.5767406225204468,0.02761518396437168
43,65,False,0.0,1,0.7904714345932007,0.2587164342403412,0.5769610404968262,0.02766277641057968
43,66,False,0.0,1,0.7907347679138184,0.2585596740245819,0.5772495269775391,0.027754807844758034
43,67,False,0.0,1,0.7910870909690857,0.25887712836265564,0.577948272228241,0.027976803481578827
43,68,False,0.0,1,0.7900893092155457,0.25909918546676636,0.5770998001098633,0.02767798863351345
43,69,False,0.0,1,0.7901214957237244,0.25881242752075195,0.5782095789909363,0.02809784933924675
43,70,False,0.0,1,0.7903020977973938,0.2592960000038147,0.5766312479972839,0.02752598561346531
43,71,False,0.0,1,0.7898911237716675,0.2594582140445709,0.577180802822113,0.02771858312189579
71,29,False,0.0,0,0.6550943851470947,0.13026165962219238,0.5360389351844788,0.015028009191155434
71,30,False,0.0,1,0.7904200553894043,0.25969812273979187,0.5779578685760498,0.028083808720111847
71,31,False,0.0,1,0.7901324033737183,0.2597712278366089,0.5772156715393066,0.027828579768538475
71,32,False,0.0,1,0.7904895544052124,0.25991469621658325,0.5774070620536804,0.027866633608937263
71,33,False,0.0,1,0.7901268005371094,0.259662926197052,0.5781033039093018,0.028111279010772705
71,34,False,0.0,1,0.7899003624916077,0.2598356008529663,0.5775460600852966,0.027969403192400932
71,35,False,0.0,1,0.7899856567382812,0.2601267993450165,0.57793128490448,0.028122302144765854
71,36,False,0.0,1,0.7906323671340942,0.25991153717041016,0.5775778293609619,0.027983011677861214
71,37,False,0.0,1,0.7899203300476074,0.25992295145988464,0.5773082375526428,0.027885377407073975
71,38,False,0.0,1,0.7905098795890808,0.2600193917751312,0.5769827365875244,0.027823830023407936
71,39,False,0.0,1,0.7900315523147583,0.2598990201950073,0.5773585438728333,0.027887996286153793
71,40,False,0.0,1,0.7901140451431274,0.25939133763313293,0.5766214728355408,0.02766451984643936
71,41,False,0.0,1,0.7902960777282715,0.2596454322338104,0.5768151879310608,0.027789916843175888
71,42,False,0.0,1,0.7900437116622925,0.25951796770095825,0.5771926045417786,0.027885224670171738
71,43,False,0.0,1,0.7913186550140381,0.25961723923683167,0.5776036381721497,0.027965102344751358
71,44,False,0.0,1,0.7900893688201904,0.2597005069255829,0.5765834450721741,0.027665968984365463
128,114,False,0.0,0,0.674048900604248,0.14915820956230164,0.536119282245636,0.014687701128423214
128,115,False,0.0,1,0.7925584316253662,0.2622072696685791,0.5781263113021851,0.027982274070382118
128,116,False,0.0,1,0.7927585244178772,0.26214903593063354,0.5779491066932678,0.027908120304346085
128,117,False,0.0,1,0.7924090623855591,0.26234757900238037,0.5775434970855713,0.02777157910168171
128,118,False,0.0,1,0.79201340675354,0.26246020197868347,0.5781527757644653,0.028017789125442505
128,119,False,0.0,1,0.7919765710830688,0.26248592138290405,0.5780843496322632,0.028008518740534782
128,120,False,0.0,1,0.7920118570327759,0.2621789574623108,0.5775200724601746,0.027842048555612564
128,121,False,0.0,1,0.7922065258026123,0.26231569051742554,0.5772469639778137,0.027693336829543114
128,122,False,0.0,1,0.7924753427505493,0.2621707320213318,0.5781626105308533,0.028001144528388977
128,123,False,0.0,1,0.7924395799636841,0.2624679207801819,0.5783963799476624,0.028102315962314606
128,124,False,0.0,1,0.7920047640800476,0.26249372959136963,0.5784011483192444,0.028111783787608147
128,125,False,0.0,1,0.7929788827896118,0.26169899106025696,0.5772635340690613,0.02767029218375683
128,126,False,0.0,1,0.7931162118911743,0.2617287039756775,0.5779658555984497,0.027925724163651466
128,127,False,0.0,1,0.7928746938705444,0.26174217462539673,0.5785505175590515,0.028182219713926315
128,128,False,0.0,1,0.7934392690658569,0.2617121636867523,0.57828289270401,0.02802461013197899
128,129,False,0.0,1,0.7936719655990601,0.26091641187667847,0.5774729251861572,0.027821164578199387
94,16,False,0.0,0,0.65651535987854,0.12750369310379028,0.5347990989685059,0.014429057016968727
94,17,False,0.0,1,0.7915135622024536,0.25815367698669434,0.5773199200630188,0.027949059382081032
94,18,False,0.0,1,0.7906583547592163,0.25800737738609314,0.5774856805801392,0.02797185257077217
94,19,False,0.0,1,0.7917352318763733,0.25835853815078735,0.5771543383598328,0.027933407574892044
94,20,False,0.0,1,0.7910948395729065,0.2580800950527191,0.5775265097618103,0.02802586928009987
94,21,False,0.0,1,0.7909042239189148,0.25802186131477356,0.577532947063446,0.028018156066536903
94,22,False,0.0,1,0.7919026613235474,0.2584038972854614,0.5774543285369873,0.02797258086502552
94,23,False,0.0,1,0.7918576002120972,0.2584436237812042,0.5776305794715881,0.028027858585119247
94,24,False,0.0,1,0.7914279103279114,0.25822076201438904,0.5775577425956726,0.028053682297468185
94,25,False,0.0,1,0.7908763885498047,0.2582053244113922,0.5770764350891113,0.027833394706249237
94,26,False,0.0,1,0.7916414737701416,0.2581483721733093,0.5776664018630981,0.028038902208209038
94,27,False,0.0,1,0.791576623916626,0.2580580711364746,0.5774837136268616,0.02802201546728611
94,28,False,0.0,1,0.7917354106903076,0.2583751380443573,0.5777315497398376,0.02808161824941635
94,29,False,0.0,1,0.7914956212043762,0.2580849826335907,0.5772784352302551,0.0279342383146286
94,30,False,0.0,1,0.7919973134994507,0.2584631145000458,0.5772709250450134,0.027931347489356995
94,31,False,0.0,1,0.792026698589325,0.25848737359046936,0.5776410102844238,0.028060080483555794
122,121,False,0.0,0,0.6662025451660156,0.14602407813072205,0.5346488952636719,0.014188156463205814
122,122,False,0.0,1,0.7918097972869873,0.26227450370788574,0.5773723721504211,0.027732769027352333
122,123,False,0.0,1,0.7911178469657898,0.26250776648521423,0.5777567625045776,0.027932489290833473
122,124,False,0.0,1,0.7922677993774414,0.26218318939208984,0.5775822997093201,0.02787870354950428
122,125,False,0.0,1,0.7924942970275879,0.2617560923099518,0.5776469111442566,0.027899639680981636
122,126,False,0.0,1,0.7928944230079651,0.261447548866272,0.5774915814399719,0.027851929888129234
122,127,False,0.0,1,0.7936601638793945,0.26133790612220764,0.5782075524330139,0.028068875893950462
122,128,False,0.0,1,0.794023871421814,0.261208176612854,0.5775893330574036,0.027870262041687965
122,129,False,0.0,1,0.7938870191574097,0.2609333395957947,0.577941358089447,0.02790258452296257
122,130,False,0.0,1,0.7939039468765259,0.2600792646408081,0.577838659286499,0.02791033498942852
122,131,False,0.0,1,0.794068455696106,0.2608641982078552,0.5778117775917053,0.027878642082214355
122,132,False,0.0,1,0.7940669655799866,0.26066017150878906,0.5775840878486633,0.02780870534479618
122,133,False,0.0,1,0.7932134866714478,0.2609427571296692,0.5779109597206116,0.027953464537858963
122,134,False,0.0,1,0.7927418351173401,0.2605285346508026,0.5779507160186768,0.027915501967072487
122,135,False,0.0,1,0.791782021522522,0.26077714562416077,0.5776627063751221,0.0278837401419878
122,136,False,0.0,1,0.7918461561203003,0.26078131794929504,0.5778650045394897,0.02792626991868019
147,180,False,0.0,0,0.6623251438140869,0.1432294249534607,0.5357037782669067,0.014684717170894146
147,181,False,0.0,1,0.7886347770690918,0.2627831995487213,0.5783964991569519,0.02807794138789177
147,182,False,0.0,1,0.7892066240310669,0.26252520084381104,0.57853764295578,0.02813033014535904
147,183,False,0.0,1,0.7882945537567139,0.2623295187950134,0.5776689648628235,0.027843041345477104
147,184,False,0.0,1,0.7883785963058472,0.2623131275177002,0.5781956315040588,0.0280403234064579
147,185,False,0.0,1,0.788939356803894,0.2628231942653656,0.5781318545341492,0.028072452172636986
147,186,False,0.0,1,0.788672924041748,0.2626606822013855,0.5778641104698181,0.027901189401745796
147,187,False,0.0,1,0.7889963388442993,0.26245203614234924,0.5782047510147095,0.028067532926797867
147,188,True,0.002123142359778285,1,0.7890793085098267,0.26243844628334045,0.5783336162567139,0.028051646426320076
147,189,True,0.010638297535479069,1,0.7885574698448181,0.26173847913742065,0.5777011513710022,0.02786455675959587
147,190,True,0.021276595070958138,1,0.7884082198143005,0.2618022561073303,0.5777498483657837,0.027873316779732704
147,191,True,0.03191489353775978,1,0.788342297077179,0.261004775762558,0.5776102542877197,0.02785572037100792
147,192,True,0.042553190141916275,1,0.7887077331542969,0.2607067823410034,0.577948272228241,0.027980633080005646
147,193,True,0.05319149047136307,1,0.7891327142715454,0.2602006793022156,0.5787692070007324,0.028259852901101112
147,194,True,0.06382978707551956,1,0.7894307374954224,0.2600579261779785,0.5782962441444397,0.028147323057055473
147,195,True,0.07446808367967606,1,0.7891104221343994,0.26019802689552307,0.5780957341194153,0.02807147614657879
108,180,False,0.0,0,0.6535351276397705,0.13305673003196716,0.5343865752220154,0.013943668454885483
108,181,False,0.0,1,0.7890530228614807,0.2619115710258484,0.5786073803901672,0.02807077206671238
108,182,False,0.0,1,0.7897294163703918,0.26223209500312805,0.5787996053695679,0.02812962234020233
108,183,False,0.0,1,0.7900097370147705,0.26191651821136475,0.5788450837135315,0.028117695823311806
108,184,False,0.0,1,0.7896578907966614,0.2616187632083893,0.578657329082489,0.028071437031030655
108,185,False,0.0,1,0.7894653081893921,0.2623218297958374,0.5779595375061035,0.027848422527313232
108,186,False,0.0,1,0.7891480922698975,0.2620272636413574,0.5789310932159424,0.02819819748401642
108,187,False,0.0,1,0.788909912109375,0.26192018389701843,0.578879177570343,0.028157591819763184
108,188,True,0.004264392424374819,1,0.7890639305114746,0.26092448830604553,0.5796167850494385,0.028410611674189568
108,189,True,0.014925372786819935,1,0.7893680334091187,0.26110702753067017,0.5789679884910583,0.028267230838537216
108,190,True,0.025586353614926338,1,0.7888739109039307,0.2608838975429535,0.5790315866470337,0.028271986171603203
108,191,True,0.036247335374355316,1,0.7895382642745972,0.2600852847099304,0.5788947343826294,0.028212180361151695
108,192,True,0.046908315271139145,1,0.7893087863922119,0.2602437436580658,0.5791485905647278,0.02837398461997509
108,193,True,0.057569295167922974,1,0.789496660232544,0.2604103088378906,0.5796886682510376,0.02857714705169201
108,194,True,0.0682302787899971,1,0.7894936800003052,0.26042038202285767,0.5795021653175354,0.02847897633910179
108,195,True,0.07889125496149063,1,0.7897846698760986,0.2599719762802124,0.5796130895614624,0.028545111417770386
116,181,False,0.0,0,0.6579115390777588,0.1370590180158615,0.5363747477531433,0.014747967012226582
116,182,False,0.0,1,0.7896759510040283,0.2627188563346863,0.5803712010383606,0.028785191476345062
116,183,False,0.0,1,0.7897549867630005,0.2626758813858032,0.5807819366455078,0.028881626203656197
116,184,False,0.0,1,0.7893757224082947,0.26218363642692566,0.5803599953651428,0.028740759938955307
116,185,False,0.0,1,0.7890089750289917,0.2615915834903717,0.5804352760314941,0.02875318005681038
116,186,False,0.0,1,0.7887526750564575,0.2616880536079407,0.5801824927330017,0.028722409158945084
116,187,False,0.0,1,0.7894635200500488,0.2613004744052887,0.5805079340934753,0.028807662427425385
116,188,False,0.0,1,0.7890639901161194,0.2610182464122772,0.5804578065872192,0.02881675772368908
116,189,False,0.0,1,0.7888303995132446,0.26081469655036926,0.581013023853302,0.029029030352830887
116,190,False,0.0,1,0.7878265380859375,0.2609391510486603,0.5808191299438477,0.028982102870941162
116,191,False,0.0,1,0.7885394096374512,0.2606681287288666,0.5805321335792542,0.02887025475502014
116,192,False,0.0,1,0.7894660234451294,0.2602839767932892,0.5816403031349182,0.029298920184373856
116,193,False,0.0,1,0.789428174495697,0.26031386852264404,0.5811969637870789,0.029117049649357796
116,194,False,0.0,1,0.7894035577774048,0.26042473316192627,0.5815190672874451,0.02923545427620411
116,195,False,0.0,1,0.7896105051040649,0.26067355275154114,0.5818622708320618,0.029334306716918945
116,196,False,0.0,1,0.7891649603843689,0.26049238443374634,0.5812560319900513,0.029127812013030052
152,171,False,0.0,0,0.6635186672210693,0.14302045106887817,0.5390419363975525,0.01614461839199066
152,172,False,0.0,1,0.7896101474761963,0.261854350566864,0.5819416046142578,0.029355067759752274
152,173,False,0.0,1,0.7894822359085083,0.2616325914859772,0.5812811851501465,0.029171457514166832
152,174,False,0.0,1,0.7897123694419861,0.26257333159446716,0.5818448066711426,0.029384437948465347
152,175,False,0.0,1,0.7893961668014526,0.2619191110134125,0.5813448429107666,0.029248584061861038
152,176,False,0.0,1,0.7889487743377686,0.26163968443870544,0.5810221433639526,0.029130781069397926
152,177,False,0.0,1,0.7898693084716797,0.26245230436325073,0.5816725492477417,0.029327120631933212
152,178,False,0.0,1,0.7894220352172852,0.26199644804000854,0.5811814665794373,0.029146693646907806
152,179,False,0.0,1,0.7891817688941956,0.26202335953712463,0.5816868543624878,0.029377136379480362
152,180,False,0.0,1,0.789925754070282,0.2626228332519531,0.5825653076171875,0.0297060739248991
152,181,False,0.0,1,0.7893887758255005,0.2625091075897217,0.5818251371383667,0.029452024027705193
152,182,False,0.0,1,0.7892254590988159,0.26172783970832825,0.581242024898529,0.029236935079097748
152,183,False,0.0,1,0.7893972396850586,0.2628411054611206,0.5822799205780029,0.02964015118777752
152,184,False,0.0,1,0.7894614934921265,0.26202550530433655,0.5818370580673218,0.029427403584122658
152,185,False,0.0,1,0.7897015810012817,0.26255789399147034,0.582246720790863,0.02954634092748165
152,186,False,0.0,1,0.7897753715515137,0.2622041404247284,0.5817351937294006,0.029412072151899338
66,50,False,0.0,0,0.6466169357299805,0.12040246278047562,0.5368664860725403,0.015252678655087948
66,51,False,0.0,1,0.7907646894454956,0.25858578085899353,0.5811542272567749,0.02940218523144722
66,52,False,0.0,1,0.7902219295501709,0.2587541341781616,0.5806600451469421,0.029275905340909958
66,53,False,0.0,1,0.7898823022842407,0.2585391402244568,0.5812508463859558,0.029457751661539078
66,54,False,0.0,1,0.7901341915130615,0.2585427463054657,0.5808404088020325,0.029295669868588448
66,55,False,0.0,1,0.7901093363761902,0.25870782136917114,0.5805659294128418,0.029254360124468803
66,56,False,0.0,1,0.7899636030197144,0.2585418224334717,0.5808919668197632,0.029349153861403465
66,57,False,0.0,1,0.7902452349662781,0.2585734724998474,0.5814769268035889,0.029532823711633682
66,58,False,0.0,1,0.7903770208358765,0.2585708796977997,0.5808270573616028,0.02928679622709751
66,59,False,0.0,1,0.7908585071563721,0.25900182127952576,0.5802234411239624,0.029094181954860687
66,60,False,0.0,1,0.7911655902862549,0.25878265500068665,0.580629825592041,0.0292347501963377
66,61,False,0.0,1,0.7899448871612549,0.25884222984313965,0.5804186463356018,0.02918405830860138
66,62,False,0.0,1,0.789988100528717,0.2587309181690216,0.5805612802505493,0.02924453839659691
66,63,False,0.0,1,0.7898363471031189,0.2586682140827179,0.5810383558273315,0.02940298058092594
66,64,False,0.0,1,0.7898432016372681,0.25870922207832336,0.5812491178512573,0.029456550255417824
66,65,False,0.0,1,0.7900615930557251,0.2587122917175293,0.5803669095039368,0.02913835644721985
131,176,False,0.0,0,0.6598131656646729,0.13908131420612335,0.5383114814758301,0.015744395554065704
131,177,False,0.0,1,0.7898030281066895,0.2628525495529175,0.5823118686676025,0.029537951573729515
131,178,False,0.0,1,0.7891495227813721,0.2627193331718445,0.5820385217666626,0.029476869851350784
131,179,False,0.0,1,0.7896163463592529,0.2626817524433136,0.5823158025741577,0.02958749793469906
131,180,False,0.0,1,0.7899404764175415,0.2626277506351471,0.5826733112335205,0.02966204471886158
131,181,False,0.0,1,0.7897624969482422,0.2622823715209961,0.582229495048523,0.029502809047698975
131,182,False,0.0,1,0.7893707752227783,0.2622006833553314,0.5821007490158081,0.029472263529896736
131,183,False,0.0,1,0.7896475791931152,0.26248699426651,0.5818473100662231,0.02939680404961109
131,184,False,0.0,1,0.7892709970474243,0.26287177205085754,0.5810970067977905,0.029231585562229156
131,185,False,0.0,1,0.7889751195907593,0.26252028346061707,0.5815373659133911,0.0293608158826828
131,186,False,0.0,1,0.7890582084655762,0.26109007000923157,0.581588625907898,0.029376965016126633
131,187,False,0.0,1,0.7883008122444153,0.26168179512023926,0.5808976888656616,0.02919994294643402
131,188,False,0.0,1,0.788594126701355,0.2614981234073639,0.5815667510032654,0.029406683519482613
131,189,False,0.0,1,0.7880300283432007,0.261261522769928,0.5809242129325867,0.02920963242650032
131,190,False,0.0,1,0.7875466346740723,0.26091793179512024,0.5805088877677917,0.029066022485494614
131,191,False,0.0,1,0.788545548915863,0.26090312004089355,0.5812472701072693,0.029289552941918373
103,214,False,0.0,0,0.6393997669219971,0.1207558661699295,0.5354670882225037,0.014576842077076435
103,215,False,0.0,1,0.7880487442016602,0.26060760021209717,0.5805903077125549,0.02905970811843872
103,216,False,0.0,1,0.7880154252052307,0.2611234784126282,0.5809119343757629,0.02912159264087677
103,217,False,0.0,1,0.7883971929550171,0.2609342336654663,0.5804211497306824,0.028997134417295456
103,218,False,0.0,1,0.7867767214775085,0.26072588562965393,0.5802605152130127,0.02887965738773346
103,219,False,0.0,1,0.7868064641952515,0.26019516587257385,0.5801967978477478,0.028874725103378296
103,220,False,0.0,1,0.786203145980835,0.25965559482574463,0.5801465511322021,0.028893863782286644
103,221,False,0.0,1,0.7872051000595093,0.25950363278388977,0.579160213470459,0.028572916984558105
103,222,False,0.0,1,0.7868894338607788,0.2593064308166504,0.5793696641921997,0.02847444638609886
103,223,False,0.0,1,0.7878570556640625,0.2591579258441925,0.5793413519859314,0.028487417846918106
103,224,False,0.0,1,0.7871801257133484,0.259578138589859,0.5797962546348572,0.02863924950361252
103,225,False,0.0,1,0.787195086479187,0.2596437335014343,0.5792404413223267,0.028452513739466667
103,226,False,0.0,1,0.7872252464294434,0.2593229115009308,0.5788511037826538,0.02834012359380722
103,227,False,0.0,1,0.7872940897941589,0.2591570317745209,0.5790066123008728,0.028395909816026688
103,228,False,0.0,1,0.7873716354370117,0.25952664017677307,0.5780528783798218,0.028059901669621468
103,229,False,0.0,1,0.7872717380523682,0.25927668809890747,0.5789123773574829,0.028393220156431198
112,172,False,0.0,0,0.6453506946563721,0.12782295048236847,0.5375180840492249,0.015230479650199413
112,173,False,0.0,1,0.7893161177635193,0.26133644580841064,0.5813502669334412,0.029020627960562706
112,174,False,0.0,1,0.7896197438240051,0.2617329955101013,0.5816129446029663,0.029017679393291473
112,175,False,0.0,1,0.7905817031860352,0.26204147934913635,0.581292450428009,0.02890550158917904
112,176,False,0.0,1,0.7905760407447815,0.2627146244049072,0.5814495086669922,0.028983183205127716
112,177,False,0.0,1,0.7898590564727783,0.2624117136001587,0.5811915397644043,0.028887169435620308
112,178,False,0.0,1,0.790013313293457,0.26267027854919434,0.5816959738731384,0.02907615341246128
112,179,False,0.0,1,0.7903579473495483,0.26307937502861023,0.5815740823745728,0.029021717607975006
112,180,False,0.0,1,0.7905254364013672,0.26340240240097046,0.5814947485923767,0.028871795162558556
112,181,False,0.0,1,0.7903274297714233,0.2631642520427704,0.5821325778961182,0.029081718996167183
112,182,False,0.0,1,0.7899066209793091,0.26324135065078735,0.5817578434944153,0.02896326407790184
112,183,False,0.0,1,0.7904121279716492,0.26302024722099304,0.581454873085022,0.028861869126558304
112,184,False,0.0,1,0.7906373739242554,0.2631154954433441,0.5812563896179199,0.0287934597581625
112,185,False,0.0,1,0.7900840044021606,0.2633427381515503,0.5810127258300781,0.028744030743837357
112,186,False,0.0,1,0.7903790473937988,0.26299822330474854,0.5817246437072754,0.02898300252854824
112,187,False,0.0,1,0.7900619506835938,0.26320502161979675,0.5818824768066406,0.02902824990451336
83,74,False,0.0,0,0.6504940986633301,0.12447454780340195,0.5359839797019958,0.014347451739013195
83,75,False,0.0,1,0.7904865145683289,0.25957372784614563,0.5805972814559937,0.028630269691348076
83,76,False,0.0,1,0.7901618480682373,0.25948092341423035,0.5798237919807434,0.028380705043673515
83,77,False,0.0,1,0.7907405495643616,0.2603745460510254,0.5804059505462646,0.028587209060788155
83,78,False,0.0,1,0.7906715869903564,0.259774774312973,0.5801150798797607,0.0284907054156065
83,79,False,0.0,1,0.7907769680023193,0.2599146068096161,0.5797918438911438,0.028374318033456802
83,80,False,0.0,1,0.7904740571975708,0.25991180539131165,0.5800083875656128,0.028482552617788315
83,81,False,0.0,1,0.790766716003418,0.25992438197135925,0.5803617835044861,0.02856849692761898
83,82,True,0.009803921915590763,1,0.7891901135444641,0.25955596566200256,0.5805323123931885,0.02848028391599655
83,83,True,0.03431372717022896,1,0.7905535697937012,0.25955134630203247,0.5808454751968384,0.028612149879336357
83,84,True,0.05882352963089943,1,0.7895268797874451,0.2594511806964874,0.5801229476928711,0.0283628161996603
83,85,True,0.0833333358168602,1,0.7889589071273804,0.25953635573387146,0.5803763270378113,0.02850329875946045
83,86,True,0.10784313827753067,1,0.7896262407302856,0.2593722641468048,0.5795832276344299,0.02825739234685898
83,87,True,0.13235294818878174,1,0.7888340950012207,0.2595326602458954,0.5799753665924072,0.028412096202373505
83,88,True,0.1568627506494522,1,0.7897076606750488,0.25973549485206604,0.579355776309967,0.028222478926181793
83,89,True,0.18137255311012268,1,0.7897909879684448,0.2592647671699524,0.5790391564369202,0.028175484389066696
93,20,False,0.0,0,0.6537697315216064,0.1263769418001175,0.5373806953430176,0.014873377047479153
93,21,False,0.0,1,0.7909411191940308,0.25957146286964417,0.5818084478378296,0.028772074729204178
93,22,False,0.0,1,0.7912942171096802,0.2594207227230072,0.5815951228141785,0.028699608519673347
93,23,False,0.0,1,0.7910443544387817,0.26008161902427673,0.5811403393745422,0.02856922708451748
93,24,False,0.0,1,0.7904961109161377,0.26027050614356995,0.5814161896705627,0.028690988197922707
93,25,False,0.0,1,0.7911848425865173,0.2594301998615265,0.5815086364746094,0.02867742069065571
93,26,False,0.0,1,0.7910770773887634,0.259396493434906,0.5810565948486328,0.028541769832372665
93,27,False,0.0,1,0.7900127172470093,0.25948086380958557,0.5813447833061218,0.02863456681370735
93,28,False,0.0,1,0.7912864685058594,0.25964951515197754,0.5815796256065369,0.028691057115793228
93,29,False,0.0,1,0.7901648283004761,0.2594586908817291,0.5810096263885498,0.028519324958324432
93,30,False,0.0,1,0.7916039824485779,0.2600087523460388,0.5814751386642456,0.028676273301243782
93,31,False,0.0,1,0.7898877263069153,0.2595348358154297,0.5814396142959595,0.02862602099776268
93,32,False,0.0,1,0.7916877269744873,0.25985926389694214,0.5815922021865845,0.028695592656731606
93,33,False,0.0,1,0.7917560338973999,0.2604462504386902,0.5814497470855713,0.028682822361588478
93,34,False,0.0,1,0.7910788655281067,0.2597794234752655,0.5813365578651428,0.02861863560974598
93,35,False,0.0,1,0.7912156581878662,0.2600405216217041,0.5815390348434448,0.028699971735477448
20,20,False,0.0,0,0.6509850025177002,0.12688899040222168,0.5385279655456543,0.01589416153728962
20,21,False,0.0,1,0.7919026017189026,0.2602503299713135,0.5826658010482788,0.029277777299284935
20,22,False,0.0,1,0.7917457222938538,0.2603696286678314,0.5823754072189331,0.029168950393795967
20,23,False,0.0,1,0.7914289236068726,0.2608185410499573,0.5823151469230652,0.02916337177157402
20,24,False,0.0,1,0.7910921573638916,0.26085343956947327,0.582639753818512,0.029201993718743324
20,25,False,0.0,1,0.7905099391937256,0.2608879804611206,0.5819709897041321,0.028993863612413406
20,26,False,0.0,1,0.7913892269134521,0.2608261704444885,0.5824452042579651,0.02916373685002327
20,27,False,0.0,1,0.7915268540382385,0.2606649100780487,0.5821506977081299,0.029046552255749702
20,28,True,0.028985507786273956,1,0.7913229465484619,0.2607540190219879,0.5828235745429993,0.029441924765706062
20,29,True,0.10144927352666855,1,0.7918169498443604,0.26054733991622925,0.5819215178489685,0.02919771336019039
20,30,True,0.17391304671764374,1,0.7901865839958191,0.2608400881290436,0.58138108253479,0.028999025002121925
20,31,True,0.24637681245803833,1,0.7907599806785583,0.2607074975967407,0.5812002420425415,0.028999783098697662
20,32,True,0.3188405930995941,1,0.7909249067306519,0.26034653186798096,0.5804022550582886,0.028807399794459343
20,33,True,0.3913043439388275,1,0.7909308671951294,0.2604152262210846,0.5808925032615662,0.02899887040257454
20,34,True,0.4637681245803833,1,0.7906553745269775,0.25971847772598267,0.5800175070762634,0.028775624930858612
20,35,True,0.5362318754196167,1,0.7897599935531616,0.25954559445381165,0.5790286660194397,0.02852020598948002
12,30,False,0.0,0,0.6581919193267822,0.1307358592748642,0.5383899807929993,0.015628714114427567
12,31,False,0.0,1,0.7921895384788513,0.2601723372936249,0.583219587802887,0.02955213375389576
12,32,False,0.0,1,0.7917957305908203,0.26079824566841125,0.5831938982009888,0.02955077588558197
12,33,False,0.0,1,0.7915394306182861,0.26052871346473694,0.5825868844985962,0.029327871277928352
12,34,False,0.0,1,0.7922549247741699,0.2603534162044525,0.5826642513275146,0.02937590703368187
12,35,False,0.0,1,0.792056679725647,0.26020464301109314,0.5830243825912476,0.029499080032110214
12,36,False,0.0,1,0.7921299934387207,0.2602807581424713,0.5830026268959045,0.029501084238290787
12,37,False,0.0,1,0.791961669921875,0.2602681517601013,0.5819041132926941,0.029133200645446777
12,38,True,0.010416666977107525,1,0.7917525768280029,0.2605910003185272,0.5825603604316711,0.02946551702916622
12,39,True,0.05263157933950424,1,0.7913220524787903,0.2605409622192383,0.5819435119628906,0.029227430000901222
12,40,True,0.10526315867900848,1,0.7913236618041992,0.26025211811065674,0.5810096263885498,0.02894665114581585
12,41,True,0.15789473056793213,1,0.7907425165176392,0.26026713848114014,0.5810158252716064,0.029030198231339455
12,42,True,0.21052631735801697,1,0.7915338277816772,0.2602872848510742,0.5807327628135681,0.029052751138806343
12,43,True,0.2631579041481018,1,0.7911932468414307,0.2600397765636444,0.579759955406189,0.028732847422361374
12,44,True,0.31578946113586426,1,0.7914667129516602,0.2599198520183563,0.580120325088501,0.028930142521858215
12,45,True,0.3684210479259491,1,0.7909330129623413,0.25970959663391113,0.5792452692985535,0.028657108545303345
4,5,False,0.0,0,0.6555948257446289,0.13024505972862244,0.537666916847229,0.01580149307847023
4,6,False,0.0,1,0.7911698222160339,0.2612862288951874,0.5817391276359558,0.029243288561701775
4,7,False,0.0,1,0.7916018962860107,0.2609610855579376,0.5816644430160522,0.029250383377075195
4,8,False,0.0,1,0.7915182113647461,0.26113682985305786,0.5815157890319824,0.029205799102783203
4,9,False,0.0,1,0.7917174696922302,0.2610042095184326,0.5820823311805725,0.02938748709857464
4,10,False,0.0,1,0.7919862270355225,0.2608506679534912,0.5813080072402954,0.029120497405529022
4,11,False,0.0,1,0.791943371295929,0.260649710893631,0.581240177154541,0.029115092009305954
4,12,False,0.0,1,0.7917563915252686,0.2604579031467438,0.581341028213501,0.029165519401431084
4,13,False,0.0,1,0.7914073467254639,0.2611217498779297,0.5809231400489807,0.02908896654844284
4,14,False,0.0,1,0.7917429208755493,0.26095885038375854,0.5806681513786316,0.029047030955553055
4,15,False,0.0,1,0.7917858958244324,0.26060786843299866,0.5815004110336304,0.02927732653915882
4,16,False,0.0,1,0.7920159101486206,0.26058194041252136,0.5808666944503784,0.029138905927538872
4,17,False,0.0,1,0.7917404770851135,0.2604270279407501,0.5811150670051575,0.029184922575950623
4,18,False,0.0,1,0.7917755842208862,0.2609351873397827,0.5815206170082092,0.0293597299605608
4,19,False,0.0,1,0.7916586399078369,0.26005396246910095,0.5809248089790344,0.029108548536896706
4,20,False,0.0,1,0.7909947633743286,0.2600979506969452,0.5819264650344849,0.029436860233545303
55,82,False,0.0,0,0.6575169563293457,0.12823054194450378,0.5370273590087891,0.015365309081971645
55,83,False,0.0,1,0.7921361923217773,0.2603611350059509,0.5811525583267212,0.029100121930241585
55,84,False,0.0,1,0.7921792268753052,0.25981277227401733,0.5813727974891663,0.029179519042372704
55,85,False,0.0,1,0.7919292449951172,0.26077374815940857,0.5814386010169983,0.029165182262659073
55,86,False,0.0,1,0.7922443151473999,0.2602759897708893,0.5814306735992432,0.029202822595834732
55,87,False,0.0,1,0.7913820743560791,0.2609892785549164,0.581551194190979,0.02921689860522747
55,88,False,0.0,1,0.791202187538147,0.25992560386657715,0.5812704563140869,0.029124094173312187
55,89,False,0.0,1,0.7917237281799316,0.26023438572883606,0.5811727643013,0.029100103303790092
55,90,False,0.0,1,0.7923938035964966,0.2600593566894531,0.5812051892280579,0.029132580384612083
55,91,True,0.013274336233735085,1,0.7926068305969238,0.2603526711463928,0.5813624262809753,0.029186805710196495
55,92,True,0.03539822995662689,1,0.7916847467422485,0.26037338376045227,0.5807105302810669,0.029002932831645012
55,93,True,0.05752212554216385,1,0.7919491529464722,0.2602260112762451,0.5812236666679382,0.02913805842399597
55,94,True,0.0796460211277008,1,0.7916582822799683,0.2607057988643646,0.581155002117157,0.029174096882343292
55,95,True,0.10176990926265717,1,0.7922312021255493,0.25982365012168884,0.5809491872787476,0.02912352979183197
55,96,True,0.12389380484819412,1,0.7916806936264038,0.2603517472743988,0.5803200602531433,0.028912847861647606
55,97,True,0.14601770043373108,1,0.790730357170105,0.2608894109725952,0.5811195969581604,0.029206419363617897
106,113,False,0.0,0,0.6667125225067139,0.14551180601119995,0.5377846360206604,0.015460058115422726
106,114,False,0.0,1,0.7915332317352295,0.263816237449646,0.5819964408874512,0.029192809015512466
106,115,False,0.0,1,0.7911878824234009,0.26408061385154724,0.5822733640670776,0.029236257076263428
106,116,False,0.0,1,0.7916543483734131,0.2639580965042114,0.5822983980178833,0.029265251010656357
106,117,False,0.0,1,0.7916150093078613,0.2641439139842987,0.5820891857147217,0.029195697978138924
106,118,False,0.0,1,0.7917095422744751,0.26396605372428894,0.5822407007217407,0.02926037460565567
106,119,False,0.0,1,0.7925240993499756,0.26360365748405457,0.5825228095054626,0.029335565865039825
106,120,False,0.0,1,0.7927327752113342,0.2634548842906952,0.5819458961486816,0.029116060584783554
106,121,True,0.0033112582750618458,1,0.7930432558059692,0.26281771063804626,0.5824527740478516,0.029194170609116554
106,122,True,0.01986755058169365,1,0.7935424447059631,0.26321905851364136,0.582420289516449,0.02917221374809742
106,123,True,0.03642383962869644,1,0.7942137718200684,0.26256662607192993,0.5817766189575195,0.02897852472960949
106,124,True,0.05298013240098953,1,0.7947311401367188,0.26204773783683777,0.5821931958198547,0.029194027185440063
106,125,True,0.06953642517328262,1,0.7947708368301392,0.2616252601146698,0.5820744037628174,0.029190722852945328
106,126,True,0.08609271794557571,1,0.7951660752296448,0.2619185447692871,0.5817475318908691,0.028992237523198128
106,127,True,0.10264900326728821,1,0.794583797454834,0.26140862703323364,0.5817624926567078,0.02905283309519291
106,128,True,0.1192052960395813,1,0.7939612865447998,0.261997789144516,0.5813067555427551,0.028948241844773293
77,30,False,0.0,0,0.649838924407959,0.123621866106987,0.5371169447898865,0.015147898346185684
77,31,False,0.0,1,0.7918606996536255,0.26006147265434265,0.5816452503204346,0.028933584690093994
77,32,False,0.0,1,0.791551947593689,0.25997617840766907,0.5816242098808289,0.02894795872271061
77,33,False,0.0,1,0.7916375398635864,0.25990915298461914,0.5812520384788513,0.02884291298687458
77,34,False,0.0,1,0.7915995121002197,0.2596239149570465,0.5817850232124329,0.02903144061565399
77,35,False,0.0,1,0.7912381887435913,0.2604755163192749,0.5810214281082153,0.028723718598484993
77,36,False,0.0,1,0.7917089462280273,0.25989481806755066,0.5813469886779785,0.02887764386832714
77,37,False,0.0,1,0.7918301820755005,0.2598423659801483,0.5818101167678833,0.02903633937239647
77,38,False,0.0,1,0.7915334105491638,0.26010891795158386,0.5820874571800232,0.02905919775366783
77,39,False,0.0,1,0.7914532423019409,0.2599770426750183,0.581894040107727,0.028985686600208282
77,40,False,0.0,1,0.7911944389343262,0.2595086097717285,0.5819366574287415,0.029020844027400017
77,41,False,0.0,1,0.7914806604385376,0.2597444951534271,0.5810656547546387,0.028696194291114807
77,42,False,0.0,1,0.7911364436149597,0.2598016858100891,0.5815967321395874,0.02890375442802906
77,43,False,0.0,1,0.7903178930282593,0.25984856486320496,0.5811786651611328,0.028741495683789253
77,44,False,0.0,1,0.7902076840400696,0.2599641978740692,0.5811484456062317,0.028740350157022476
77,45,False,0.0,1,0.7903136610984802,0.2595403790473938,0.5815550684928894,0.028933992609381676
15,58,False,0.0,0,0.6475732326507568,0.12402962893247604,0.5364270210266113,0.01472962461411953
15,59,False,0.0,1,0.7906820774078369,0.2600618600845337,0.5825116038322449,0.02911454439163208
15,60,False,0.0,1,0.7909048795700073,0.2602256238460541,0.5820369124412537,0.02896806411445141
15,61,False,0.0,1,0.7905933856964111,0.26002511382102966,0.5818578600883484,0.028925739228725433
15,62,False,0.0,1,0.789554238319397,0.2601633667945862,0.5814259052276611,0.028792239725589752
15,63,False,0.0,1,0.789650022983551,0.26073411107063293,0.5812755823135376,0.028736483305692673
15,64,False,0.0,1,0.7899616956710815,0.26083341240882874,0.5815428495407104,0.028845012187957764
15,65,False,0.0,1,0.7890828847885132,0.2600952088832855,0.5814290046691895,0.028815293684601784
15,66,False,0.0,1,0.7900428771972656,0.26030233502388,0.5820674896240234,0.02894546464085579
15,67,False,0.0,1,0.7897276878356934,0.2603520154953003,0.5821462869644165,0.028991758823394775
15,68,False,0.0,1,0.789474606513977,0.26007336378097534,0.5816769599914551,0.02880188263952732
15,69,False,0.0,1,0.7899574041366577,0.2598012089729309,0.5818086862564087,0.028890306130051613
15,70,False,0.0,1,0.7892547249794006,0.259859174489975,0.582150399684906,0.029022851958870888
15,71,False,0.0,1,0.7893836498260498,0.26021480560302734,0.5820552706718445,0.02896306850016117
15,72,False,0.0,1,0.7900310754776001,0.26005345582962036,0.5815777778625488,0.02879115380346775
15,73,False,0.0,1,0.7892826795578003,0.2599571645259857,0.5817674398422241,0.02887551113963127
199,173,False,0.0,0,0.6529502868652344,0.13640838861465454,0.5377548933029175,0.01506107673048973
199,174,False,0.0,1,0.7908228635787964,0.2626859247684479,0.5846539735794067,0.02953505702316761
199,175,False,0.0,1,0.7906165719032288,0.263881653547287,0.5840575695037842,0.029305171221494675
199,176,False,0.0,1,0.7903800010681152,0.26320144534111023,0.5843477845191956,0.02938314899802208
199,177,False,0.0,1,0.7906489968299866,0.2639633119106293,0.5848148465156555,0.029576636850833893
199,178,False,0.0,1,0.7901467084884644,0.26365917921066284,0.5845118165016174,0.02946234866976738
199,179,False,0.0,1,0.7899056673049927,0.2640339136123657,0.5842268466949463,0.029339678585529327
199,180,False,0.0,1,0.7899090051651001,0.26346641778945923,0.5848758220672607,0.02955835871398449
199,181,True,0.0022123893722891808,1,0.7904935479164124,0.263545423746109,0.5854259729385376,0.029685528948903084
199,182,True,0.013274336233735085,1,0.7904592156410217,0.26344621181488037,0.5851605534553528,0.029645120725035667
199,183,True,0.024336284026503563,1,0.7904022336006165,0.2627469003200531,0.5842012166976929,0.029316458851099014
199,184,True,0.03539822995662689,1,0.7907750606536865,0.2632729113101959,0.5838897824287415,0.029273109510540962
199,185,True,0.04646017774939537,1,0.7905864119529724,0.2632216811180115,0.5845121145248413,0.029525861144065857
199,186,True,0.05752212554216385,1,0.7906534671783447,0.2631620764732361,0.5840509533882141,0.029390482231974602
199,187,True,0.06858406960964203,1,0.7907429933547974,0.2639252841472626,0.584184467792511,0.02947782352566719
199,188,True,0.0796460211277008,1,0.7909221649169922,0.2633005678653717,0.5838533639907837,0.029355721548199654
162,126,False,0.0,0,0.6646139621734619,0.14612241089344025,0.5387786626815796,0.015415637753903866
162,127,False,0.0,1,0.7929201126098633,0.2640138566493988,0.5847432613372803,0.029579995200037956
162,128,False,0.0,1,0.7930711507797241,0.263994425535202,0.5838602185249329,0.029323814436793327
162,129,False,0.0,1,0.7924982309341431,0.2642116844654083,0.5850651264190674,0.02972857654094696
162,130,False,0.0,1,0.7940264940261841,0.263412743806839,0.584718644618988,0.029591074213385582
162,131,False,0.0,1,0.7937430143356323,0.26311343908309937,0.5847885012626648,0.029691176488995552
162,132,False,0.0,1,0.7946094870567322,0.26263558864593506,0.585232675075531,0.029794465750455856
162,133,False,0.0,1,0.7948269844055176,0.2621937096118927,0.5847029685974121,0.029618702828884125
162,134,False,0.0,1,0.7954561710357666,0.26192784309387207,0.5850573778152466,0.029676606878638268
162,135,True,0.008928571827709675,1,0.7949776649475098,0.26199716329574585,0.5851264595985413,0.029743662104010582
162,136,True,0.02380952425301075,1,0.7956859469413757,0.2618911862373352,0.5844913721084595,0.029549652710556984
162,137,True,0.0386904776096344,1,0.7948263883590698,0.2618562877178192,0.5842642784118652,0.029504407197237015
162,138,True,0.0535714291036129,1,0.7948073148727417,0.26197510957717896,0.5854178071022034,0.02989831753075123
162,139,True,0.0684523805975914,1,0.7939556837081909,0.2623431086540222,0.5854848027229309,0.02994612231850624
162,140,True,0.0833333358168602,1,0.7936771512031555,0.26190465688705444,0.5845781564712524,0.029643245041370392
162,141,True,0.0982142835855484,1,0.7927218675613403,0.26173800230026245,0.5847130417823792,0.02968238852918148
145,177,False,0.0,0,0.6652560234069824,0.1446259766817093,0.5409755706787109,0.016434237360954285
145,178,False,0.0,1,0.7907742857933044,0.263333797454834,0.5851786732673645,0.029710818082094193
145,179,False,0.0,1,0.7911124229431152,0.2631194293498993,0.5855278968811035,0.029850104823708534
145,180,False,0.0,1,0.7916747331619263,0.26378411054611206,0.5856794714927673,0.029895996674895287
145,181,False,0.0,1,0.7907465696334839,0.2633569836616516,0.5856847763061523,0.029910920187830925
145,182,False,0.0,1,0.7901133298873901,0.26233628392219543,0.5859184861183167,0.030030807480216026
145,183,False,0.0,1,0.7906025648117065,0.2626722455024719,0.5855626463890076,0.029906323179602623
145,184,False,0.0,1,0.7905488610267639,0.2623697817325592,0.5859716534614563,0.03002815507352352
145,185,False,0.0,1,0.7909759283065796,0.26227572560310364,0.5861449837684631,0.030133085325360298
145,186,False,0.0,1,0.7903653383255005,0.26190268993377686,0.5861526131629944,0.03014630265533924
145,187,False,0.0,1,0.7911285161972046,0.2622266709804535,0.5860772728919983,0.030085517093539238
145,188,False,0.0,1,0.7904297113418579,0.2617183327674866,0.5858144164085388,0.03000776655972004
145,189,False,0.0,1,0.7904300093650818,0.26203277707099915,0.5857778191566467,0.029973380267620087
145,190,False,0.0,1,0.7900365591049194,0.2618865370750427,0.586408793926239,0.030146537348628044
145,191,False,0.0,1,0.7902966141700745,0.26196274161338806,0.5867673754692078,0.030284440144896507
145,192,False,0.0,1,0.7898067235946655,0.26206108927726746,0.5862259864807129,0.030109569430351257
109,168,False,0.0,0,0.6627297401428223,0.1412835419178009,0.5404360294342041,0.01625700294971466
109,169,False,0.0,1,0.7916890382766724,0.2631862163543701,0.5866310596466064,0.030341090634465218
109,170,False,0.0,1,0.7909945249557495,0.263126403093338,0.5854632258415222,0.029905466362833977
109,171,False,0.0,1,0.7911860942840576,0.26333245635032654,0.5856673717498779,0.029969818890094757
109,172,False,0.0,1,0.7909819483757019,0.26298755407333374,0.5855317115783691,0.02999546378850937
109,173,False,0.0,1,0.791350781917572,0.2630543112754822,0.58564293384552,0.029971005395054817
109,174,False,0.0,1,0.7908878326416016,0.2630646824836731,0.5854125618934631,0.02990621142089367
109,175,False,0.0,1,0.7918210029602051,0.2632579505443573,0.5857248306274414,0.03004586696624756
109,176,True,0.00455580884590745,1,0.7912214994430542,0.26276537775993347,0.5851057171821594,0.029935237020254135
109,177,True,0.015945330262184143,1,0.7919274568557739,0.2629762887954712,0.5856364965438843,0.030170902609825134
109,178,True,0.027334852144122124,1,0.7915818691253662,0.26285025477409363,0.585008978843689,0.029943004250526428
109,179,True,0.038724374026060104,1,0.7923369407653809,0.2627888321876526,0.584724485874176,0.029894839972257614
109,180,True,0.050113894045352936,1,0.7924360632896423,0.263427197933197,0.5848075151443481,0.030003564432263374
109,181,True,0.061503417789936066,1,0.791715145111084,0.26304805278778076,0.5841291546821594,0.029794445261359215
109,182,True,0.0728929415345192,1,0.7920498251914978,0.2626310884952545,0.5845000743865967,0.029952730983495712
109,183,True,0.08428245782852173,1,0.7915328741073608,0.26225095987319946,0.583521842956543,0.029624158516526222
197,177,False,0.0,0,0.6618003845214844,0.1400316208600998,0.5400025844573975,0.016182342544198036
197,178,False,0.0,1,0.7916449308395386,0.26276296377182007,0.585503101348877,0.030136002227663994
197,179,False,0.0,1,0.7917637228965759,0.26247110962867737,0.5856524705886841,0.03020215407013893
197,180,False,0.0,1,0.7921484708786011,0.26252514123916626,0.5855273604393005,0.03016679733991623
197,181,False,0.0,1,0.7910447120666504,0.2624942660331726,0.5851281881332397,0.030057065188884735
197,182,False,0.0,1,0.792608916759491,0.26332005858421326,0.58558589220047,0.030235977843403816
197,183,False,0.0,1,0.7918424606323242,0.26261770725250244,0.5855051279067993,0.03022877871990204
197,184,False,0.0,1,0.792539656162262,0.2631820738315582,0.5856838226318359,0.030291594564914703
197,185,False,0.0,1,0.7925050854682922,0.2629374861717224,0.5851680040359497,0.030134012922644615
197,186,False,0.0,1,0.7927706241607666,0.26330819725990295,0.5852058529853821,0.030159277841448784
197,187,False,0.0,1,0.7922987937927246,0.2630103528499603,0.5851600170135498,0.03016716055572033
197,188,False,0.0,1,0.7924162745475769,0.2633836567401886,0.5852432250976562,0.03020879067480564
197,189,False,0.0,1,0.7923053503036499,0.2629181742668152,0.5850930213928223,0.030124235898256302
197,190,False,0.0,1,0.7916402816772461,0.2628495991230011,0.5849301815032959,0.03006184846162796
197,191,False,0.0,1,0.7917090654373169,0.26239895820617676,0.5848568677902222,0.03008156456053257
197,192,False,0.0,1,0.7911821603775024,0.26209208369255066,0.5857321619987488,0.030401576310396194
174,119,False,0.0,0,0.6740646362304688,0.1521506905555725,0.540290355682373,0.016346432268619537
174,120,False,0.0,1,0.7940530776977539,0.263894259929657,0.5856843590736389,0.03032461553812027
174,121,False,0.0,1,0.7947343587875366,0.2632666826248169,0.5855331420898438,0.030306896194815636
174,122,False,0.0,1,0.7945264577865601,0.2629256844520569,0.585442841053009,0.030299723148345947
174,123,False,0.0,1,0.795413076877594,0.26274147629737854,0.5857675671577454,0.030372289940714836
174,124,False,0.0,1,0.7952501773834229,0.2627408802509308,0.5854507684707642,0.030300308018922806
174,125,False,0.0,1,0.7955010533332825,0.26246750354766846,0.5859869718551636,0.03041599690914154
174,126,False,0.0,1,0.7955299019813538,0.2623588442802429,0.5856159925460815,0.030279435217380524
174,127,False,0.0,1,0.7955460548400879,0.2618282437324524,0.5860393047332764,0.030374296009540558
174,128,False,0.0,1,0.7959696650505066,0.2619584798812866,0.5853105187416077,0.0300905779004097
174,129,False,0.0,1,0.7948983311653137,0.2616959810256958,0.5861017107963562,0.030399350449442863
174,130,False,0.0,1,0.794517993927002,0.2624341547489166,0.5860252976417542,0.030336983501911163
174,131,False,0.0,1,0.7940301895141602,0.2623591721057892,0.585237979888916,0.030077090486884117
174,132,False,0.0,1,0.7950289249420166,0.2617942988872528,0.585211992263794,0.03011156991124153
174,133,False,0.0,1,0.7937744855880737,0.2615050971508026,0.5850695371627808,0.03005467914044857
174,134,False,0.0,1,0.7939280867576599,0.2616705000400543,0.5854649543762207,0.030148344114422798
140,119,False,0.0,0,0.6738476753234863,0.1535729169845581,0.5392127633094788,0.01578514464199543
140,120,False,0.0,1,0.7938128709793091,0.26420554518699646,0.5851551294326782,0.03006265126168728
140,121,False,0.0,1,0.7937973737716675,0.2642003893852234,0.5859196186065674,0.03033081628382206
140,122,False,0.0,1,0.7936534285545349,0.2639975845813751,0.5852725505828857,0.030072657391428947
140,123,False,0.0,1,0.7939465045928955,0.26431018114089966,0.5852630734443665,0.030048485845327377
140,124,False,0.0,1,0.7950949668884277,0.26350894570350647,0.5853443741798401,0.0301168505102396
140,125,False,0.0,1,0.7957847714424133,0.2631889879703522,0.5851749777793884,0.030043765902519226
140,126,False,0.0,1,0.7957192063331604,0.26319676637649536,0.5851694345474243,0.0300781037658453
140,127,False,0.0,1,0.796272337436676,0.2629108726978302,0.5857617259025574,0.030229458585381508
140,128,False,0.0,1,0.796581506729126,0.26262009143829346,0.5853018164634705,0.030051928013563156
140,129,False,0.0,1,0.7968056201934814,0.2623291611671448,0.5852494239807129,0.030022049322724342
140,130,False,0.0,1,0.7967950105667114,0.2617349624633789,0.5852975845336914,0.030052155256271362
140,131,False,0.0,1,0.7970152497291565,0.2614319622516632,0.5852517485618591,0.030038530007004738
140,132,False,0.0,1,0.7969442009925842,0.26119449734687805,0.585012674331665,0.029969731345772743
140,133,False,0.0,1,0.7963289618492126,0.261432945728302,0.5852841734886169,0.03004194051027298
140,134,False,0.0,1,0.7951865196228027,0.26145240664482117,0.5846882462501526,0.0298586618155241
86,52,False,0.0,0,0.6410164833068848,0.11684450507164001,0.5378361940383911,0.015145150013267994
86,53,False,0.0,1,0.7913550138473511,0.2592092454433441,0.584708034992218,0.02990322932600975
86,54,False,0.0,1,0.7912527322769165,0.2593136131763458,0.5846864581108093,0.029876574873924255
86,55,False,0.0,1,0.790803849697113,0.2594602704048157,0.5845813155174255,0.02985731139779091
86,56,False,0.0,1,0.7916067838668823,0.25941014289855957,0.5843365788459778,0.029777374118566513
86,57,False,0.0,1,0.7912383079528809,0.25926917791366577,0.5844023823738098,0.029814189299941063
86,58,False,0.0,1,0.7920218706130981,0.25961408019065857,0.5847463607788086,0.029953494668006897
86,59,False,0.0,1,0.7914640307426453,0.25940847396850586,0.5851885080337524,0.030104318633675575
86,60,False,0.0,1,0.7916296720504761,0.25922897458076477,0.5848830342292786,0.029960498213768005
86,61,True,0.01986755058169365,1,0.791541576385498,0.25935667753219604,0.584692120552063,0.029946837574243546
86,62,True,0.05298013240098953,1,0.7918870449066162,0.2592218518257141,0.5844454169273376,0.029902921989560127
86,63,True,0.08609271794557571,1,0.7913892269134521,0.25925835967063904,0.5832111239433289,0.029542116448283195
86,64,True,0.1192052960395813,1,0.7914419174194336,0.259316086769104,0.5821133852005005,0.0292300283908844
86,65,True,0.15231788158416748,1,0.791670560836792,0.2593132257461548,0.5820609927177429,0.029211988672614098
86,66,True,0.18543046712875366,1,0.7916202545166016,0.25926944613456726,0.5825000405311584,0.02940632402896881
86,67,True,0.21854305267333984,1,0.7915940880775452,0.25928518176078796,0.5821456909179688,0.02931159734725952
165,174,False,0.0,0,0.6613609790802002,0.13658994436264038,0.5402421951293945,0.015878235921263695
165,175,False,0.0,1,0.7929806709289551,0.2617613971233368,0.5859748125076294,0.03003096580505371
165,176,False,0.0,1,0.7932807803153992,0.2618561089038849,0.5867206454277039,0.030276905745267868
165,177,False,0.0,1,0.7928935885429382,0.2621518671512604,0.5860971212387085,0.030023181810975075
165,178,False,0.0,1,0.793375551700592,0.26214733719825745,0.5865878462791443,0.03020797111093998
165,179,False,0.0,1,0.7929543256759644,0.26220130920410156,0.5863448977470398,0.03012816235423088
165,180,False,0.0,1,0.7929534316062927,0.2618478834629059,0.5860826373100281,0.030036676675081253
165,181,False,0.0,1,0.7928383350372314,0.26196375489234924,0.5865675210952759,0.03015388734638691
165,182,True,0.0044052861630916595,1,0.7927496433258057,0.261529803276062,0.58623868227005,0.030011313036084175
165,183,True,0.015418502502143383,1,0.7930593490600586,0.2615245580673218,0.5856819748878479,0.029886631295084953
165,184,True,0.026431718841195107,1,0.7932400107383728,0.26206645369529724,0.58549565076828,0.029844241216778755
165,185,True,0.037444934248924255,1,0.7926446199417114,0.2621965706348419,0.5860494375228882,0.02999715879559517
165,186,True,0.04845815151929855,1,0.7927141189575195,0.2619776725769043,0.5856634378433228,0.029951171949505806
165,187,True,0.05947136506438255,1,0.7922743558883667,0.26184535026550293,0.5852894186973572,0.029836317524313927
165,188,True,0.07048457860946655,1,0.7921576499938965,0.26171526312828064,0.5856063365936279,0.02991795912384987
165,189,True,0.08149779587984085,1,0.7919254302978516,0.2614663541316986,0.5854931473731995,0.029874427244067192
72,5,False,0.0,0,0.6502912044525146,0.12436627596616745,0.5387836694717407,0.015233193524181843
72,6,False,0.0,1,0.7934955954551697,0.2591717839241028,0.5861691236495972,0.02992992475628853
72,7,False,0.0,1,0.7937980890274048,0.258891761302948,0.5859490633010864,0.029844701290130615
72,8,False,0.0,1,0.7934044599533081,0.2590787708759308,0.5860068202018738,0.029821939766407013
72,9,False,0.0,1,0.79365074634552,0.2588706314563751,0.5862466096878052,0.02987157367169857
72,10,False,0.0,1,0.7937028408050537,0.2588039040565491,0.5860084295272827,0.029800325632095337
72,11,False,0.0,1,0.7937058806419373,0.25881773233413696,0.5862932205200195,0.029897484928369522
72,12,False,0.0,1,0.7939419746398926,0.2588035762310028,0.5864287614822388,0.029930055141448975
72,13,True,0.03125,1,0.7938092947006226,0.25909683108329773,0.5848894715309143,0.02937881089746952
72,14,True,0.1875,1,0.7928019762039185,0.25906050205230713,0.5831239819526672,0.02896505407989025
72,15,True,0.34375,1,0.7934479713439941,0.258738249540329,0.5822548866271973,0.028743555769324303
72,16,True,0.5,1,0.7932976484298706,0.25865060091018677,0.5813213586807251,0.028542041778564453
72,17,True,0.65625,1,0.7916443347930908,0.2587551474571228,0.5801756381988525,0.02824971079826355
72,18,True,0.8125,1,0.7909334897994995,0.25900885462760925,0.5795090198516846,0.028077034279704094
72,19,True,0.96875,1,0.7902305126190186,0.25902265310287476,0.5782518982887268,0.027690719813108444
72,20,True,1.0,1,0.790202260017395,0.25898852944374084,0.5742481350898743,0.026376206427812576
124,115,False,0.0,0,0.6752793788909912,0.15504112839698792,0.5407818555831909,0.016011163592338562
124,116,False,0.0,1,0.7938008308410645,0.26423192024230957,0.5860241651535034,0.029647156596183777
124,117,False,0.0,1,0.7944421768188477,0.26388901472091675,0.5864324569702148,0.029789941385388374
124,118,False,0.0,1,0.7949351668357849,0.2638419568538666,0.5872126817703247,0.030001919716596603
124,119,False,0.0,1,0.7951095104217529,0.26379522681236267,0.586148202419281,0.029698263853788376
124,120,False,0.0,1,0.7956312298774719,0.26314806938171387,0.5862810611724854,0.029740147292613983
124,121,False,0.0,1,0.7954047918319702,0.26229438185691833,0.5864736437797546,0.029819782823324203
124,122,False,0.0,1,0.7960245609283447,0.26244834065437317,0.5865392684936523,0.029816510155797005
124,123,False,0.0,1,0.796229362487793,0.26166290044784546,0.5861305594444275,0.02978571690618992
124,124,True,0.012987012974917889,1,0.7969045042991638,0.26161888241767883,0.5857347249984741,0.029683629050850868
124,125,True,0.02922077849507332,1,0.7969963550567627,0.26129207015037537,0.58597332239151,0.029804689809679985
124,126,True,0.04545454680919647,1,0.7967847585678101,0.26184892654418945,0.5856660008430481,0.029715748503804207
124,127,True,0.06168831139802933,1,0.7962439060211182,0.26223039627075195,0.585182785987854,0.029562493786215782
124,128,True,0.07792207598686218,1,0.7964210510253906,0.26177966594696045,0.5856002569198608,0.029702814295887947
124,129,True,0.09415584057569504,1,0.7956395745277405,0.2613409161567688,0.5858616828918457,0.02980569750070572
124,130,True,0.11038961261510849,1,0.7952550053596497,0.2618558406829834,0.5852712988853455,0.029587896540760994
19,88,False,0.0,0,0.6434075832366943,0.11938071250915527,0.5372604131698608,0.014893630519509315
19,89,False,0.0,1,0.7923369407653809,0.2595024108886719,0.5843915343284607,0.029443053528666496
19,90,False,0.0,1,0.7915931940078735,0.2594619393348694,0.5849023461341858,0.029525095596909523
19,91,False,0.0,1,0.7922402620315552,0.25948813557624817,0.58397376537323,0.029325544834136963
19,92,False,0.0,1,0.7919710278511047,0.25950121879577637,0.5839849710464478,0.029339203611016273
19,93,False,0.0,1,0.7920998334884644,0.2600543200969696,0.584311306476593,0.02943870611488819
19,94,False,0.0,1,0.7923256754875183,0.25983092188835144,0.5845876932144165,0.029475558549165726
19,95,False,0.0,1,0.7920198440551758,0.25995931029319763,0.5841742157936096,0.029344739392399788
19,96,False,0.0,1,0.7918368577957153,0.2588276267051697,0.5852132439613342,0.029721299186348915
19,97,False,0.0,1,0.792726993560791,0.2592605948448181,0.584531307220459,0.029492778703570366
19,98,False,0.0,1,0.7923936247825623,0.25906381011009216,0.5854054093360901,0.02975979819893837
19,99,False,0.0,1,0.7919225692749023,0.25912609696388245,0.5845833420753479,0.02951328083872795
19,100,False,0.0,1,0.7927170395851135,0.2596355080604553,0.5847072005271912,0.029536420479416847
19,101,False,0.0,1,0.7922748327255249,0.25924739241600037,0.5845882296562195,0.029515482485294342
19,102,False,0.0,1,0.7925189733505249,0.2590128183364868,0.5842791795730591,0.02940613403916359
19,103,False,0.0,1,0.7921342849731445,0.2592978775501251,0.584338903427124,0.029434533789753914
7,63,False,0.0,0,0.6560108661651611,0.13060644268989563,0.5384765863418579,0.01534731313586235
7,64,False,0.0,1,0.7934736013412476,0.2601368725299835,0.5863491296768188,0.030083581805229187
7,65,False,0.0,1,0.7937149405479431,0.2597132623195648,0.5858209729194641,0.029874149709939957
7,66,False,0.0,1,0.7938121557235718,0.25966936349868774,0.5864623188972473,0.030113598331809044
7,67,False,0.0,1,0.7940843105316162,0.2597225308418274,0.5860447287559509,0.029971355572342873
7,68,False,0.0,1,0.793339729309082,0.2598861753940582,0.5857061743736267,0.029819929972290993
7,69,False,0.0,1,0.7929224967956543,0.25972533226013184,0.5859295725822449,0.029923303052783012
7,70,False,0.0,1,0.7936632633209229,0.2597050964832306,0.5858761668205261,0.02993924543261528
7,71,False,0.0,1,0.7940044403076172,0.2596326172351837,0.5869141817092896,0.030278341844677925
7,72,False,0.0,1,0.7934972047805786,0.2592923045158386,0.5865959525108337,0.03019876219332218
7,73,False,0.0,1,0.7938405275344849,0.25948795676231384,0.5867292881011963,0.030217958614230156
7,74,False,0.0,1,0.7937747836112976,0.25928089022636414,0.5866466760635376,0.030204635113477707
7,75,False,0.0,1,0.7938243746757507,0.25892573595046997,0.5870530605316162,0.030312785878777504
7,76,False,0.0,1,0.7935749292373657,0.2593982517719269,0.5865058302879333,0.03014170192182064
7,77,False,0.0,1,0.7933876514434814,0.25950056314468384,0.5871927738189697,0.0303366519510746
7,78,False,0.0,1,0.7936831712722778,0.25944727659225464,0.5861575603485107,0.029983870685100555
21,34,False,0.0,0,0.6481389999389648,0.1219601258635521,0.5380027294158936,0.015270313248038292
21,35,False,0.0,1,0.7942256331443787,0.25888216495513916,0.5858116745948792,0.030087308958172798
21,36,False,0.0,1,0.7936331033706665,0.2591972351074219,0.5856549739837646,0.030025970190763474
21,37,False,0.0,1,0.7938913106918335,0.2593437731266022,0.5854976773262024,0.029995504766702652
21,38,False,0.0,1,0.793662428855896,0.25915056467056274,0.5860778093338013,0.03017502650618553
21,39,False,0.0,1,0.7932994365692139,0.2586744725704193,0.5859072804450989,0.030076105147600174
21,40,False,0.0,1,0.7931506633758545,0.25871729850769043,0.5857345461845398,0.030035486444830894
21,41,False,0.0,1,0.7936978340148926,0.2588863670825958,0.5856557488441467,0.030061546713113785
21,42,False,0.0,1,0.7938680648803711,0.25854313373565674,0.5855795741081238,0.03005140647292137
21,43,False,0.0,1,0.7927515506744385,0.25859373807907104,0.5852175354957581,0.029920604079961777
21,44,False,0.0,1,0.7934873104095459,0.2586877942085266,0.5853492021560669,0.0300112534314394
21,45,False,0.0,1,0.7928808927536011,0.2588936984539032,0.5855035781860352,0.030080460011959076
21,46,False,0.0,1,0.7927030324935913,0.25911787152290344,0.5858532786369324,0.030225003138184547
21,47,False,0.0,1,0.7926127314567566,0.2587864398956299,0.5859372615814209,0.030232420191168785
21,48,False,0.0,1,0.7927933931350708,0.25861823558807373,0.5856613516807556,0.0301357489079237
21,49,False,0.0,1,0.7922815084457397,0.25882071256637573,0.5856962203979492,0.030148237943649292
121,176,False,0.0,0,0.666815996170044,0.14537368714809418,0.5410890579223633,0.016400961205363274
121,177,False,0.0,1,0.7931352853775024,0.2619882822036743,0.5881385803222656,0.03084532916545868
121,178,False,0.0,1,0.79294753074646,0.26203054189682007,0.5876354575157166,0.03069930523633957
121,179,False,0.0,1,0.7931010723114014,0.2622237503528595,0.5879223942756653,0.030781656503677368
121,180,False,0.0,1,0.7931867837905884,0.26198139786720276,0.5875796675682068,0.030665399506688118
121,181,False,0.0,1,0.7927064895629883,0.26211097836494446,0.5879872441291809,0.030813883990049362
121,182,False,0.0,1,0.7920444011688232,0.2622411549091339,0.5875281095504761,0.030666116625070572
121,183,False,0.0,1,0.7918288707733154,0.2620581388473511,0.5873376727104187,0.030631612986326218
121,184,False,0.0,1,0.7921571731567383,0.26164543628692627,0.5881766080856323,0.030979713425040245
121,185,False,0.0,1,0.792168140411377,0.26137781143188477,0.5879760980606079,0.030895214527845383
121,186,False,0.0,1,0.7926297783851624,0.26134800910949707,0.5874132513999939,0.030669473111629486
121,187,False,0.0,1,0.791401743888855,0.2611561119556427,0.5879485011100769,0.03090321458876133
121,188,False,0.0,1,0.7914973497390747,0.2613966464996338,0.5880802273750305,0.030936161056160927
121,189,False,0.0,1,0.7917135953903198,0.26113495230674744,0.5883952975273132,0.031031157821416855
121,190,False,0.0,1,0.7915699481964111,0.2609972059726715,0.5877639651298523,0.03082084096968174
121,191,False,0.0,1,0.7907076478004456,0.2615126371383667,0.5877754092216492,0.030865952372550964
42,40,False,0.0,0,0.6427168846130371,0.11791964620351791,0.5389995574951172,0.015750253573060036
42,41,False,0.0,1,0.7917113304138184,0.2589213252067566,0.5866453051567078,0.030533472076058388
42,42,False,0.0,1,0.7925183773040771,0.2588914632797241,0.5867828130722046,0.03052637167274952
42,43,False,0.0,1,0.7918649911880493,0.2588624656200409,0.5865016579627991,0.030466198921203613
42,44,False,0.0,1,0.7912923097610474,0.2588666081428528,0.5866648554801941,0.030529282987117767
42,45,False,0.0,1,0.7917834520339966,0.25889596343040466,0.586245596408844,0.030392073094844818
42,46,False,0.0,1,0.7920981645584106,0.2591991424560547,0.5867102742195129,0.030576230958104134
42,47,False,0.0,1,0.7920811176300049,0.2586645483970642,0.5867323279380798,0.030599107965826988
42,48,False,0.0,1,0.792043924331665,0.25884130597114563,0.5868611335754395,0.030554242432117462
42,49,False,0.0,1,0.7930555939674377,0.25898781418800354,0.5872363448143005,0.030653221532702446
42,50,False,0.0,1,0.7925117015838623,0.25909456610679626,0.5878084301948547,0.03087298572063446
42,51,False,0.0,1,0.7929731607437134,0.2592919170856476,0.5878710150718689,0.030889075249433517
42,52,False,0.0,1,0.7922271490097046,0.2589535117149353,0.587828516960144,0.030852535739541054
42,53,False,0.0,1,0.7926515340805054,0.25916481018066406,0.5875786542892456,0.030764630064368248
42,54,False,0.0,1,0.7931920289993286,0.25920751690864563,0.5870455503463745,0.030597930774092674
42,55,False,0.0,1,0.7931362986564636,0.2591012120246887,0.5879085659980774,0.030916931107640266
104,204,False,0.0,0,0.651970624923706,0.13115477561950684,0.5382183194160461,0.015237601473927498
104,205,False,0.0,1,0.7910956144332886,0.2617493271827698,0.5877112746238708,0.030603503808379173
104,206,False,0.0,1,0.7892625331878662,0.26159361004829407,0.5869350433349609,0.03038983978331089
104,207,False,0.0,1,0.7894209623336792,0.2601351737976074,0.5864879488945007,0.030226508155465126
104,208,False,0.0,1,0.7896456718444824,0.2604924142360687,0.5862260460853577,0.030206721276044846
104,209,False,0.0,1,0.7898530960083008,0.2594469487667084,0.5860430598258972,0.03011469542980194
104,210,False,0.0,1,0.7898691892623901,0.26043960452079773,0.5864633917808533,0.03028728999197483
104,211,False,0.0,1,0.7899445295333862,0.25934484601020813,0.5860088467597961,0.03009163588285446
104,212,False,0.0,1,0.7895917892456055,0.25963011384010315,0.5859745740890503,0.030026443302631378
104,213,False,0.0,1,0.7897932529449463,0.2596442401409149,0.5862658023834229,0.030124574899673462
104,214,False,0.0,1,0.7899591326713562,0.25967907905578613,0.5857968330383301,0.029921090230345726
104,215,False,0.0,1,0.7903127074241638,0.25977349281311035,0.5862153172492981,0.030108164995908737
104,216,False,0.0,1,0.7900640368461609,0.2598561644554138,0.5866793990135193,0.03023376688361168
104,217,False,0.0,1,0.7893953323364258,0.25932490825653076,0.5861789584159851,0.030035562813282013
104,218,False,0.0,1,0.7898467779159546,0.2595173716545105,0.5858588218688965,0.029960304498672485
104,219,False,0.0,1,0.7897133827209473,0.2593962848186493,0.5865381360054016,0.030194580554962158
75,66,False,0.0,0,0.6473305225372314,0.1242578774690628,0.538285493850708,0.015248572453856468
75,67,False,0.0,1,0.7920248508453369,0.2593157887458801,0.587031364440918,0.03032594546675682
75,68,False,0.0,1,0.7929465770721436,0.2595420777797699,0.5877835750579834,0.030533187091350555
75,69,False,0.0,1,0.7926090955734253,0.2597355246543884,0.5865494608879089,0.030147943645715714
75,70,False,0.0,1,0.792527437210083,0.2595072090625763,0.5871992707252502,0.03036690503358841
75,71,False,0.0,1,0.7915278077125549,0.25921884179115295,0.5868107676506042,0.03023361973464489
75,72,False,0.0,1,0.7929937839508057,0.25945988297462463,0.586737871170044,0.030223483219742775
75,73,False,0.0,1,0.7924456596374512,0.2596208155155182,0.5870786905288696,0.03034093976020813
75,74,False,0.0,1,0.7923627495765686,0.25969165563583374,0.5873938798904419,0.030303657054901123
75,75,False,0.0,1,0.7931243181228638,0.2598147392272949,0.5873475670814514,0.030264245346188545
75,76,False,0.0,1,0.7921838164329529,0.2595646381378174,0.5868807435035706,0.03008711151778698
75,77,False,0.0,1,0.7931792736053467,0.25938254594802856,0.5878402590751648,0.03042355179786682
75,78,False,0.0,1,0.7925869226455688,0.25907522439956665,0.58754962682724,0.03030465729534626
75,79,False,0.0,1,0.7928782105445862,0.25932979583740234,0.5874921083450317,0.03028053417801857
75,80,False,0.0,1,0.7928590178489685,0.25974011421203613,0.5874834656715393,0.030324963852763176
75,81,False,0.0,1,0.7926691770553589,0.2598394453525543,0.5875157713890076,0.030290700495243073
164,112,False,0.0,0,0.6689493656158447,0.15040500462055206,0.5417132377624512,0.0163522120565176
164,113,False,0.0,1,0.7938398122787476,0.2637363076210022,0.5891360640525818,0.030613014474511147
164,114,False,0.0,1,0.7940253019332886,0.2633216083049774,0.5890835523605347,0.030551167204976082
164,115,False,0.0,1,0.793597936630249,0.2637096047401428,0.5880078077316284,0.03021175228059292
164,116,False,0.0,1,0.794282078742981,0.2634666860103607,0.5886916518211365,0.030480165034532547
164,117,False,0.0,1,0.7950019836425781,0.2632572054862976,0.5882745385169983,0.03028522990643978
164,118,False,0.0,1,0.7947848439216614,0.2629135251045227,0.5883945822715759,0.03035813756287098
164,119,False,0.0,1,0.794894278049469,0.26317718625068665,0.5881639719009399,0.030268143862485886
164,120,False,0.0,1,0.7956312298774719,0.2629035413265228,0.5882370471954346,0.030324269086122513
164,121,False,0.0,1,0.7961578369140625,0.26230382919311523,0.5890015959739685,0.030612407252192497
164,122,False,0.0,1,0.7961037158966064,0.26193955540657043,0.5885591506958008,0.030523981899023056
164,123,False,0.0,1,0.796686053276062,0.2618606388568878,0.5886226892471313,0.03053257428109646
164,124,False,0.0,1,0.7964454889297485,0.26160287857055664,0.5881907939910889,0.03036954440176487
164,125,False,0.0,1,0.7965425848960876,0.26123112440109253,0.5885283946990967,0.030499931424856186
164,126,False,0.0,1,0.796676754951477,0.2614288330078125,0.5885480046272278,0.03048483282327652
164,127,False,0.0,1,0.7966229915618896,0.26153069734573364,0.5881514549255371,0.03033572807908058
135,180,False,0.0,0,0.6587402820587158,0.14049112796783447,0.5419008731842041,0.01646941527724266
135,181,False,0.0,1,0.7925108075141907,0.26272380352020264,0.5881694555282593,0.030492011457681656
135,182,False,0.0,1,0.7919005155563354,0.2626277804374695,0.5877365469932556,0.030363881960511208
135,183,False,0.0,1,0.7923454642295837,0.2626095116138458,0.5880544781684875,0.030411941930651665
135,184,False,0.0,1,0.7923558950424194,0.26237010955810547,0.5877180099487305,0.03036160208284855
135,185,False,0.0,1,0.7923800349235535,0.26266586780548096,0.5875365734100342,0.030282719060778618
135,186,False,0.0,1,0.7928767204284668,0.2630050778388977,0.5883926749229431,0.03059735707938671
135,187,False,0.0,1,0.7922406196594238,0.26301294565200806,0.5884484052658081,0.030614856630563736
135,188,False,0.0,1,0.7927893996238708,0.26320090889930725,0.5887608528137207,0.03080548159778118
135,189,False,0.0,1,0.791812539100647,0.2628535032272339,0.5881486535072327,0.03054768033325672
135,190,False,0.0,1,0.7917596101760864,0.2631996273994446,0.5877453684806824,0.030521325767040253
135,191,False,0.0,1,0.7920452356338501,0.2633194029331207,0.5881317853927612,0.030614957213401794
135,192,False,0.0,1,0.7916934490203857,0.2634858191013336,0.5873357653617859,0.030349528416991234
135,193,False,0.0,1,0.791954755783081,0.262577086687088,0.5876078605651855,0.030410561710596085
135,194,False,0.0,1,0.7919592261314392,0.26320454478263855,0.588104248046875,0.03060964308679104
135,195,False,0.0,1,0.7916544675827026,0.2630394995212555,0.588068425655365,0.030584676191210747
32,19,False,0.0,0,0.6459617614746094,0.12075119465589523,0.540662407875061,0.016234898939728737
32,20,False,0.0,1,0.7920563220977783,0.25868889689445496,0.5875124335289001,0.030674166977405548
32,21,False,0.0,1,0.7925353050231934,0.2588696777820587,0.5870428681373596,0.030538737773895264
32,22,False,0.0,1,0.7925410866737366,0.25872522592544556,0.5874289274215698,0.030625855550169945
32,23,False,0.0,1,0.7929708957672119,0.2589191794395447,0.5872149467468262,0.030580976977944374
32,24,False,0.0,1,0.7926890850067139,0.25884899497032166,0.5870278477668762,0.030557068064808846
32,25,False,0.0,1,0.7925103902816772,0.2591138184070587,0.5878819227218628,0.030806418508291245
32,26,False,0.0,1,0.7928444147109985,0.2591567039489746,0.5876327157020569,0.03073360212147236
32,27,True,0.014925372786819935,1,0.7929356694221497,0.25916069746017456,0.5874650478363037,0.030816584825515747
32,28,True,0.08955223858356476,1,0.7929186224937439,0.2587033808231354,0.5863434076309204,0.030442900955677032
32,29,True,0.16417910158634186,1,0.79310142993927,0.2587124705314636,0.5850173234939575,0.03003482148051262
32,30,True,0.23880596458911896,1,0.792607307434082,0.25937023758888245,0.585175633430481,0.030221953988075256
32,31,True,0.31343284249305725,1,0.7924807071685791,0.25868546962738037,0.583747386932373,0.02983737736940384
32,32,True,0.38805970549583435,1,0.7928556203842163,0.25879529118537903,0.584147036075592,0.030018014833331108
32,33,True,0.46268656849861145,1,0.7925549745559692,0.2585679292678833,0.583747923374176,0.02991170436143875
32,34,True,0.5373134613037109,1,0.7928401231765747,0.2584971487522125,0.5836511254310608,0.02989772893488407
144,114,False,0.0,0,0.6718254089355469,0.15234100818634033,0.5405105352401733,0.016231831163167953
144,115,False,0.0,1,0.7933781147003174,0.2633748948574066,0.5873154997825623,0.030736403539776802
144,116,False,0.0,1,0.7937325239181519,0.2630060911178589,0.5877143144607544,0.030905332416296005
144,117,False,0.0,1,0.7935770750045776,0.26377180218696594,0.5874658226966858,0.030765708535909653
144,118,False,0.0,1,0.7938839197158813,0.26367491483688354,0.5870246291160583,0.030615605413913727
144,119,False,0.0,1,0.7941265106201172,0.26371073722839355,0.5877196788787842,0.030870692804455757
144,120,False,0.0,1,0.7942771911621094,0.26339107751846313,0.5876902341842651,0.030854636803269386
144,121,False,0.0,1,0.7948427200317383,0.26351049542427063,0.5873247385025024,0.03071836195886135
144,122,False,0.0,1,0.7939612865447998,0.2633996903896332,0.5875683426856995,0.030865907669067383
144,123,True,0.009803921915590763,1,0.7944215536117554,0.26358723640441895,0.5883698463439941,0.031183192506432533
144,124,True,0.026143791154026985,1,0.7953980565071106,0.2634427547454834,0.5873783826828003,0.0308228749781847
144,125,True,0.04248366132378578,1,0.7953982353210449,0.2632063031196594,0.5877053737640381,0.030992763116955757
144,126,True,0.05882352963089943,1,0.7958009243011475,0.2630350589752197,0.5880643725395203,0.031129812821745872
144,127,True,0.07516340166330338,1,0.7962876558303833,0.2626231610774994,0.5881329774856567,0.031182346865534782
144,128,True,0.09150326997041702,1,0.7972275018692017,0.26221582293510437,0.5876794457435608,0.031016265973448753
144,129,True,0.10784313827753067,1,0.7968414425849915,0.26170775294303894,0.5872527360916138,0.030862310901284218
107,172,False,0.0,0,0.6550252437591553,0.13606992363929749,0.542041540145874,0.01697549968957901
107,173,False,0.0,1,0.7929462194442749,0.26255613565444946,0.5881508588790894,0.030914437025785446
107,174,False,0.0,1,0.7932960987091064,0.26267099380493164,0.5881107449531555,0.03093731589615345
107,175,False,0.0,1,0.7930228114128113,0.261618971824646,0.5882426500320435,0.030989786610007286
107,176,False,0.0,1,0.7931658029556274,0.26249581575393677,0.5884498357772827,0.031072352081537247
107,177,False,0.0,1,0.7924337387084961,0.2615945041179657,0.5880606770515442,0.030914535745978355
107,178,False,0.0,1,0.7932976484298706,0.26263245940208435,0.5890508890151978,0.03129785880446434
107,179,False,0.0,1,0.7926952838897705,0.2623139023780823,0.5886127948760986,0.031110649928450584
107,180,True,0.002217294881120324,1,0.7930589914321899,0.2625277042388916,0.5892073512077332,0.031180938705801964
107,181,True,0.011111111380159855,1,0.7924432754516602,0.2621544301509857,0.5884765386581421,0.030920816585421562
107,182,True,0.02222222276031971,1,0.7930059432983398,0.2622731626033783,0.5888382792472839,0.031049400568008423
107,183,True,0.03333333507180214,1,0.7929332256317139,0.26197370886802673,0.5884667038917542,0.03096339851617813
107,184,True,0.04444444552063942,1,0.7935793399810791,0.2627938687801361,0.5893164277076721,0.03131216764450073
107,185,True,0.0555555559694767,1,0.7929000854492188,0.2624935507774353,0.5881959795951843,0.030832139775156975
107,186,True,0.06666667014360428,1,0.7936599850654602,0.26285767555236816,0.5891726016998291,0.03124171681702137
107,187,True,0.07777778059244156,1,0.7929418087005615,0.2623801827430725,0.5883514881134033,0.030978914350271225
193,178,False,0.0,0,0.6593570709228516,0.1411534547805786,0.5415494441986084,0.016505388543009758
193,179,False,0.0,1,0.7926057577133179,0.26284173130989075,0.5898083448410034,0.031237682327628136
193,180,False,0.0,1,0.7925102710723877,0.2629489600658417,0.5890276432037354,0.030935803428292274
193,181,False,0.0,1,0.7926962375640869,0.26319941878318787,0.5898377895355225,0.03127647563815117
193,182,False,0.0,1,0.7924219369888306,0.26280513405799866,0.5898595452308655,0.031248725950717926
193,183,False,0.0,1,0.7923564910888672,0.2621369957923889,0.5893825888633728,0.0310627743601799
193,184,False,0.0,1,0.7921978831291199,0.26259955763816833,0.5892917513847351,0.03100171498954296
193,185,False,0.0,1,0.7921149134635925,0.26266905665397644,0.5894327163696289,0.031051818281412125
193,186,False,0.0,1,0.7924227714538574,0.26287078857421875,0.5896156430244446,0.0308722872287035
193,187,False,0.0,1,0.7923364639282227,0.2625928819179535,0.589280903339386,0.03075915388762951
193,188,False,0.0,1,0.79289710521698,0.26261210441589355,0.5897766947746277,0.03099532052874565
193,189,False,0.0,1,0.7925537824630737,0.2626909613609314,0.5893039703369141,0.030778514221310616
193,190,False,0.0,1,0.7929309606552124,0.2630689740180969,0.5899356007575989,0.031052974984049797
193,191,False,0.0,1,0.7924619913101196,0.2631818950176239,0.5894520878791809,0.030852481722831726
193,192,False,0.0,1,0.7922702431678772,0.2629966735839844,0.5889773368835449,0.03070649690926075
193,193,False,0.0,1,0.7924737334251404,0.2626986503601074,0.5898730158805847,0.030995452776551247
40,5,False,0.0,0,0.6631984710693359,0.13265982270240784,0.541745662689209,0.016374127939343452
40,6,False,0.0,1,0.7965381741523743,0.25885888934135437,0.5891304016113281,0.030640387907624245
40,7,False,0.0,1,0.7964644432067871,0.25896698236465454,0.589705228805542,0.030857013538479805
40,8,False,0.0,1,0.7962009906768799,0.25913360714912415,0.5896397233009338,0.03083973191678524
40,9,False,0.0,1,0.795451283454895,0.25938305258750916,0.5896674394607544,0.030822787433862686
40,10,False,0.0,1,0.7957849502563477,0.258728563785553,0.5896692872047424,0.030822832137346268
40,11,False,0.0,1,0.795535683631897,0.258432000875473,0.589637815952301,0.030826790258288383
40,12,False,0.0,1,0.7954145669937134,0.25837939977645874,0.5892637968063354,0.030713321641087532
40,13,False,0.0,1,0.7956386208534241,0.2587130069732666,0.589030921459198,0.030452024191617966
40,14,False,0.0,1,0.7953016757965088,0.25878995656967163,0.5901481509208679,0.030785702168941498
40,15,False,0.0,1,0.7946401834487915,0.25892147421836853,0.5900650024414062,0.030761219561100006
40,16,False,0.0,1,0.7948938608169556,0.2594800293445587,0.5891047120094299,0.030446873977780342
40,17,False,0.0,1,0.7947444915771484,0.2592088580131531,0.5897326469421387,0.030667372047901154
40,18,False,0.0,1,0.7952694892883301,0.25898557901382446,0.5896085500717163,0.03062840923666954
40,19,False,0.0,1,0.7952762842178345,0.25882840156555176,0.5892481207847595,0.030524572357535362
40,20,False,0.0,1,0.7950642108917236,0.2588483989238739,0.5898522138595581,0.03068053163588047
41,24,False,0.0,0,0.6553246974945068,0.12663376331329346,0.5402820110321045,0.015665635466575623
41,25,False,0.0,1,0.79550701379776,0.25901249051094055,0.588900089263916,0.03029973804950714
41,26,False,0.0,1,0.7962329387664795,0.2586654722690582,0.5897536873817444,0.03056349977850914
41,27,False,0.0,1,0.795552134513855,0.2585744857788086,0.5897635221481323,0.030543562024831772
41,28,False,0.0,1,0.79535311460495,0.2585230767726898,0.589777946472168,0.03052031807601452
41,29,False,0.0,1,0.7952919006347656,0.2586565911769867,0.5898428559303284,0.030573179945349693
41,30,False,0.0,1,0.795670747756958,0.2585519552230835,0.5897278785705566,0.03053712286055088
41,31,False,0.0,1,0.7957842946052551,0.25853654742240906,0.5899233222007751,0.03058425523340702
41,32,False,0.0,1,0.7959068417549133,0.25885313749313354,0.5901192426681519,0.03054668940603733
41,33,True,0.03703703731298447,1,0.7958716154098511,0.258651465177536,0.5895966291427612,0.030342699959874153
41,34,True,0.09876543283462524,1,0.7948908805847168,0.2583441734313965,0.5877987742424011,0.029855921864509583
41,35,True,0.16049382090568542,1,0.7942743301391602,0.25861719250679016,0.587240993976593,0.029810070991516113
41,36,True,0.2222222238779068,1,0.7944623231887817,0.2587329149246216,0.5863171815872192,0.0296479482203722
41,37,True,0.2839506268501282,1,0.7943429350852966,0.2585969567298889,0.5863369703292847,0.02957598678767681
41,38,True,0.34567901492118835,1,0.7944087982177734,0.2589212954044342,0.5859984159469604,0.029515238478779793
41,39,True,0.40740740299224854,1,0.7942565679550171,0.2592301070690155,0.5860808491706848,0.029536454007029533
182,124,False,0.0,0,0.672727108001709,0.15278856456279755,0.5424584150314331,0.01630891114473343
182,125,False,0.0,1,0.7951384782791138,0.26413074135780334,0.5914713144302368,0.030716704204678535
182,126,False,0.0,1,0.794823944568634,0.2636261284351349,0.591217577457428,0.030680155381560326
182,127,False,0.0,1,0.7958807945251465,0.26365235447883606,0.5913910269737244,0.030644550919532776
182,128,False,0.0,1,0.7956981658935547,0.2640499174594879,0.5912257432937622,0.03062858060002327
182,129,False,0.0,1,0.7960036993026733,0.26361602544784546,0.5909906625747681,0.030584171414375305
182,130,False,0.0,1,0.7968692779541016,0.26319602131843567,0.5916337370872498,0.030799470841884613
182,131,False,0.0,1,0.7974511981010437,0.2623639404773712,0.5909838676452637,0.030584247782826424
182,132,False,0.0,1,0.797495424747467,0.2621126174926758,0.5912501811981201,0.030714865773916245
182,133,False,0.0,1,0.7973790168762207,0.2626456916332245,0.5920798182487488,0.030936704948544502
182,134,False,0.0,1,0.7971819043159485,0.26175162196159363,0.5911797881126404,0.030652830377221107
182,135,False,0.0,1,0.7973856329917908,0.26209914684295654,0.591835618019104,0.0308464877307415
182,136,False,0.0,1,0.7974374890327454,0.2625233232975006,0.5920499563217163,0.03091064840555191
182,137,False,0.0,1,0.7974631190299988,0.26169899106025696,0.5908892154693604,0.030542271211743355
182,138,False,0.0,1,0.7975811958312988,0.2619782090187073,0.592114269733429,0.030896903946995735
182,139,False,0.0,1,0.7969344854354858,0.2618379592895508,0.5920206308364868,0.03086559660732746
84,28,False,0.0,0,0.6590731143951416,0.13111399114131927,0.5408788323402405,0.015665147453546524
84,29,False,0.0,1,0.795326828956604,0.2595311403274536,0.5901073813438416,0.030570441856980324
84,30,False,0.0,1,0.794914960861206,0.2594701051712036,0.5904754400253296,0.030676785856485367
84,31,False,0.0,1,0.7946157455444336,0.2594371736049652,0.5897817015647888,0.030419470742344856
84,32,False,0.0,1,0.7946859002113342,0.25972601771354675,0.5902881622314453,0.03058875910937786
84,33,False,0.0,1,0.7946180105209351,0.25974729657173157,0.5893628597259521,0.030300680547952652
84,34,False,0.0,1,0.794710636138916,0.2594172954559326,0.5897629857063293,0.03043931908905506
84,35,False,0.0,1,0.7953106760978699,0.2594662010669708,0.5902513861656189,0.03059508465230465
84,36,True,0.010989011265337467,1,0.7948118448257446,0.25926342606544495,0.5893048644065857,0.030481556430459023
84,37,True,0.0555555559694767,1,0.7944966554641724,0.2597196400165558,0.5892354846000671,0.03048029914498329
84,38,True,0.1111111119389534,1,0.7943810224533081,0.25985023379325867,0.5885139107704163,0.030277583748102188
84,39,True,0.1666666716337204,1,0.7942720651626587,0.2596609592437744,0.5877460837364197,0.0300372913479805
84,40,True,0.2222222238779068,1,0.7944307327270508,0.2587527334690094,0.5873059630393982,0.029999762773513794
84,41,True,0.2777777910232544,1,0.7946141958236694,0.2587248980998993,0.5867666602134705,0.029871942475438118
84,42,True,0.3333333432674408,1,0.7941087484359741,0.25847747921943665,0.5862565040588379,0.0296742245554924
84,43,True,0.3888888955116272,1,0.7947133779525757,0.2584996819496155,0.5863074660301208,0.02976059727370739
102,136,False,0.0,0,0.6688222885131836,0.14329786598682404,0.5427840948104858,0.01668626442551613
102,137,False,0.0,1,0.7959986925125122,0.2615233063697815,0.5908527374267578,0.03097352758049965
102,138,False,0.0,1,0.7961666584014893,0.262027382850647,0.5912149548530579,0.03114202432334423
102,139,False,0.0,1,0.795396625995636,0.26171526312828064,0.5916069149971008,0.031223902478814125
102,140,False,0.0,1,0.7950109839439392,0.2614375352859497,0.5912625789642334,0.03109721839427948
102,141,False,0.0,1,0.7955314517021179,0.2624851167201996,0.5917839407920837,0.031288620084524155
102,142,False,0.0,1,0.7945587635040283,0.2618725895881653,0.5906766057014465,0.0309230275452137
102,143,False,0.0,1,0.7946094274520874,0.26198533177375793,0.5907905697822571,0.03096894547343254
102,144,True,0.002770083025097847,1,0.7948288917541504,0.26227906346321106,0.5903133749961853,0.031001631170511246
102,145,True,0.013888888992369175,1,0.7958465218544006,0.26190271973609924,0.5909274816513062,0.031210944056510925
102,146,True,0.02777777798473835,1,0.7956383228302002,0.2615664303302765,0.5903268456459045,0.031025907024741173
102,147,True,0.0416666679084301,1,0.7961006164550781,0.2621976137161255,0.5901654362678528,0.031002342700958252
102,148,True,0.0555555559694767,1,0.7950893640518188,0.26189470291137695,0.5907672047615051,0.031280338764190674
102,149,True,0.0694444477558136,1,0.7957115769386292,0.26138433814048767,0.5905839204788208,0.03116822987794876
102,150,True,0.0833333358168602,1,0.7950948476791382,0.2616290748119354,0.5905313491821289,0.031143346801400185
102,151,True,0.0972222238779068,1,0.7955207228660583,0.26162073016166687,0.5902279019355774,0.03109714202582836
15,58,False,0.0,0,0.6518547534942627,0.1270926147699356,0.5401787757873535,0.01601327955722809
15,59,False,0.0,1,0.7949773073196411,0.2589104473590851,0.5890282988548279,0.030906440690159798
15,60,False,0.0,1,0.794914960861206,0.25885114073753357,0.589436411857605,0.031014785170555115
15,61,False,0.0,1,0.7940452098846436,0.2593674659729004,0.5896787047386169,0.03110254742205143
15,62,False,0.0,1,0.7936182022094727,0.25897058844566345,0.5892724990844727,0.030978891998529434
15,63,False,0.0,1,0.7937371730804443,0.2599547803401947,0.5888851881027222,0.03081541135907173
15,64,False,0.0,1,0.7941124439239502,0.25876107811927795,0.5884666442871094,0.03074258752167225
15,65,False,0.0,1,0.7939223051071167,0.25944215059280396,0.5888856649398804,0.030847592279314995
15,66,False,0.0,1,0.7929891347885132,0.2593303322792053,0.5892065167427063,0.031117083504796028
15,67,False,0.0,1,0.7929039001464844,0.25923511385917664,0.5886543989181519,0.030959634110331535
15,68,False,0.0,1,0.7931479215621948,0.2592739164829254,0.5886786580085754,0.030973635613918304
15,69,False,0.0,1,0.7930325269699097,0.25918853282928467,0.5887458324432373,0.031003408133983612
15,70,False,0.0,1,0.7937264442443848,0.25904563069343567,0.5883247256278992,0.030883008614182472
15,71,False,0.0,1,0.7931225299835205,0.2589873969554901,0.5881904363632202,0.030813928693532944
15,72,False,0.0,1,0.7927302718162537,0.2591283321380615,0.5881870985031128,0.030843719840049744
15,73,False,0.0,1,0.7928173542022705,0.2590448260307312,0.5882488489151001,0.03084295056760311
63,44,False,0.0,0,0.6535234451293945,0.1268608421087265,0.5406355857849121,0.016598409041762352
63,45,False,0.0,1,0.7953746318817139,0.2597077488899231,0.5890714526176453,0.031233200803399086
63,46,False,0.0,1,0.7947452068328857,0.25941795110702515,0.589293897151947,0.03133389353752136
63,47,False,0.0,1,0.7950024604797363,0.2593100368976593,0.588788628578186,0.03114560805261135
63,48,False,0.0,1,0.7952048778533936,0.2594138979911804,0.5891693234443665,0.03127989545464516
63,49,False,0.0,1,0.7946910858154297,0.25913968682289124,0.588945746421814,0.031238729134202003
63,50,False,0.0,1,0.7943704128265381,0.2592041492462158,0.5892987847328186,0.03136339411139488
63,51,False,0.0,1,0.7934502363204956,0.258750319480896,0.5890111327171326,0.03126877173781395
63,52,False,0.0,1,0.7942942380905151,0.2587987780570984,0.5894026756286621,0.0315641313791275
63,53,False,0.0,1,0.7949308156967163,0.2592865526676178,0.5885043740272522,0.031229732558131218
63,54,False,0.0,1,0.7951492071151733,0.2590385973453522,0.588310956954956,0.03119475394487381
63,55,False,0.0,1,0.7952035665512085,0.25854432582855225,0.5888016819953918,0.031351733952760696
63,56,False,0.0,1,0.7943555116653442,0.25870048999786377,0.5889446139335632,0.031414154917001724
63,57,False,0.0,1,0.7951939105987549,0.25881117582321167,0.5885097980499268,0.03123565763235092
63,58,False,0.0,1,0.7955794334411621,0.25898516178131104,0.5893489718437195,0.03156242147088051
63,59,False,0.0,1,0.7949728965759277,0.25865158438682556,0.5883656740188599,0.031155932694673538
49,17,False,0.0,0,0.6534478664398193,0.12564048171043396,0.5423871874809265,0.017307709902524948
49,18,False,0.0,1,0.7952498197555542,0.2584402859210968,0.5902220606803894,0.03177126124501228
49,19,False,0.0,1,0.7949228882789612,0.25852444767951965,0.5897144675254822,0.031648870557546616
49,20,False,0.0,1,0.7941848635673523,0.25847187638282776,0.5895200967788696,0.03162303939461708
49,21,False,0.0,1,0.794484555721283,0.2590967118740082,0.5893561840057373,0.031485654413700104
49,22,False,0.0,1,0.7934414744377136,0.25897863507270813,0.5891126394271851,0.0314752422273159
49,23,False,0.0,1,0.7941182255744934,0.25925058126449585,0.5892091393470764,0.031478025019168854
49,24,False,0.0,1,0.7932823896408081,0.2591440677642822,0.589562714099884,0.031645916402339935
49,25,False,0.0,1,0.7946316003799438,0.2587295174598694,0.589586615562439,0.03164556995034218
49,26,False,0.0,1,0.7946122884750366,0.2587492763996124,0.5900150537490845,0.031798768788576126
49,27,False,0.0,1,0.7940387725830078,0.2587607502937317,0.5897008180618286,0.03167296573519707
49,28,False,0.0,1,0.7941720485687256,0.2590737044811249,0.5899861454963684,0.0317830964922905
49,29,False,0.0,1,0.793960690498352,0.25900909304618835,0.5894299149513245,0.031595081090927124
49,30,False,0.0,1,0.7924295663833618,0.2587462365627289,0.5888366103172302,0.03140832111239433
49,31,False,0.0,1,0.7932088971138,0.25883081555366516,0.5891253352165222,0.03150666505098343
49,32,False,0.0,1,0.7934276461601257,0.2593967616558075,0.5892743468284607,0.03153187036514282
24,32,False,0.0,0,0.6551034450531006,0.12985947728157043,0.5407760143280029,0.016864659264683723
24,33,False,0.0,1,0.7947107553482056,0.2601441442966461,0.5897621512413025,0.03173121437430382
24,34,False,0.0,1,0.7949351072311401,0.260209858417511,0.5895677804946899,0.031712040305137634
24,35,False,0.0,1,0.7950555682182312,0.2603307068347931,0.5900203585624695,0.03188423439860344
24,36,False,0.0,1,0.7949550747871399,0.25989776849746704,0.589839518070221,0.031783945858478546
24,37,False,0.0,1,0.7946703433990479,0.26031291484832764,0.5898677706718445,0.031753186136484146
24,38,False,0.0,1,0.7948036789894104,0.2602531313896179,0.5898117423057556,0.03172500804066658
24,39,False,0.0,1,0.7947819232940674,0.2601703107357025,0.589469313621521,0.031629566103219986
24,40,True,0.009900989942252636,1,0.7949320077896118,0.2604992687702179,0.5908113121986389,0.03198918700218201
24,41,True,0.05000000074505806,1,0.794489324092865,0.2603272497653961,0.589826226234436,0.03163608908653259
24,42,True,0.10000000149011612,1,0.7944165468215942,0.2596217095851898,0.588767409324646,0.03132566809654236
24,43,True,0.15000000596046448,1,0.7941680550575256,0.25981444120407104,0.58839350938797,0.031225210055708885
24,44,True,0.20000000298023224,1,0.7943832874298096,0.25933215022087097,0.5878795981407166,0.031059060245752335
24,45,True,0.25,1,0.7945069074630737,0.25997740030288696,0.5883617401123047,0.031293656677007675
24,46,True,0.30000001192092896,1,0.7941693067550659,0.2592499852180481,0.586790144443512,0.030751870945096016
24,47,True,0.3499999940395355,1,0.7943975925445557,0.2594285011291504,0.5874376893043518,0.030950594693422318
134,115,False,0.0,0,0.6644086837768555,0.148676797747612,0.5439351797103882,0.0176235344260931
134,116,False,0.0,1,0.7942962050437927,0.2639399468898773,0.5913385152816772,0.031870774924755096
134,117,False,0.0,1,0.7944228649139404,0.26383402943611145,0.5916240215301514,0.031980860978364944
134,118,False,0.0,1,0.7945692539215088,0.26404035091400146,0.5918706655502319,0.03206728771328926
134,119,False,0.0,1,0.7946666479110718,0.2641303837299347,0.5923476815223694,0.03217097371816635
134,120,False,0.0,1,0.7946399450302124,0.26430201530456543,0.5921747088432312,0.03214750811457634
134,121,False,0.0,1,0.7953343391418457,0.2635417878627777,0.5920989513397217,0.03215308114886284
134,122,False,0.0,1,0.7953338623046875,0.26325592398643494,0.5923593640327454,0.032217856496572495
134,123,True,0.0032573288772255182,1,0.7957493662834167,0.26331454515457153,0.5922867059707642,0.03198767080903053
134,124,True,0.019543973729014397,1,0.7960620522499084,0.2627604007720947,0.5921644568443298,0.03197010979056358
134,125,True,0.03583062067627907,1,0.7954730987548828,0.26271873712539673,0.5916950106620789,0.03185300901532173
134,126,True,0.05211726203560829,1,0.7962646484375,0.2619095742702484,0.5918622612953186,0.03193212300539017
134,127,True,0.06840390712022781,1,0.795989990234375,0.26193246245384216,0.5919829607009888,0.03199891373515129
134,128,True,0.08469055593013763,1,0.7963149547576904,0.26193270087242126,0.591882586479187,0.031931452453136444
134,129,True,0.10097719728946686,1,0.7954246401786804,0.2621869146823883,0.5906240940093994,0.03153325617313385
134,130,True,0.11726384609937668,1,0.7958282232284546,0.26212355494499207,0.5922544002532959,0.03213515877723694
166,124,False,0.0,0,0.6743273735046387,0.15409858524799347,0.542724072933197,0.01699911616742611
166,125,False,0.0,1,0.795493483543396,0.26346707344055176,0.5919310450553894,0.031823765486478806
166,126,False,0.0,1,0.7955247759819031,0.26398688554763794,0.5922916531562805,0.03188907727599144
166,127,False,0.0,1,0.7959405779838562,0.2638002932071686,0.5928411483764648,0.03212932124733925
166,128,False,0.0,1,0.7963030338287354,0.26330360770225525,0.5920243263244629,0.03183295950293541
166,129,False,0.0,1,0.7967458963394165,0.2629720866680145,0.5928265452384949,0.03209717944264412
166,130,False,0.0,1,0.7963749170303345,0.26247769594192505,0.5925258994102478,0.0320114865899086
166,131,False,0.0,1,0.7966200709342957,0.2628372311592102,0.5929462313652039,0.03212903067469597
166,132,True,0.006079027429223061,1,0.795590877532959,0.2627238929271698,0.5925483703613281,0.031938016414642334
166,133,True,0.021276595070958138,1,0.7965719103813171,0.26244232058525085,0.5927017331123352,0.0320352241396904
166,134,True,0.036474164575338364,1,0.796062707901001,0.2622207701206207,0.5924574732780457,0.03193167969584465
166,135,True,0.05167173221707344,1,0.7950394153594971,0.2622825503349304,0.5929996371269226,0.032158248126506805
166,136,True,0.06686930358409882,1,0.7950449585914612,0.26207348704338074,0.5929197072982788,0.03208267316222191
166,137,True,0.08206687122583389,1,0.7935428023338318,0.26238834857940674,0.5929312109947205,0.03208988159894943
166,138,True,0.09726443886756897,1,0.7947180867195129,0.2618960440158844,0.5921122431755066,0.031811460852622986
166,139,True,0.11246200650930405,1,0.7928197383880615,0.2615353465080261,0.591401994228363,0.03161769360303879
12,30,False,0.0,0,0.6561741828918457,0.13007250428199768,0.5430620312690735,0.016830751672387123
12,31,False,0.0,1,0.7945895195007324,0.26026299595832825,0.591862678527832,0.03166143223643303
12,32,False,0.0,1,0.7943444848060608,0.25990572571754456,0.5915955305099487,0.03158087283372879
12,33,False,0.0,1,0.7942591309547424,0.26051434874534607,0.5916107892990112,0.031558409333229065
12,34,False,0.0,1,0.7946949005126953,0.2601773738861084,0.5921298861503601,0.03173410892486572
12,35,False,0.0,1,0.7948708534240723,0.2600976824760437,0.5908926725387573,0.03133309260010719
12,36,False,0.0,1,0.7945648431777954,0.2599301338195801,0.5910269618034363,0.03141677379608154
12,37,False,0.0,1,0.7938731908798218,0.259941965341568,0.5917600989341736,0.031659189611673355
12,38,True,0.010416666977107525,1,0.794249415397644,0.2603148818016052,0.5916126370429993,0.03151152655482292
12,39,True,0.05263157933950424,1,0.7936278581619263,0.25986358523368835,0.5905954837799072,0.03116649203002453
12,40,True,0.10526315867900848,1,0.7935253977775574,0.2592530846595764,0.5896379351615906,0.030843576416373253
12,41,True,0.15789473056793213,1,0.7935781478881836,0.2596488296985626,0.5891734957695007,0.03073914721608162
12,42,True,0.21052631735801697,1,0.7934267520904541,0.25961020588874817,0.5890106558799744,0.030718166381120682
12,43,True,0.2631579041481018,1,0.793649435043335,0.25973740220069885,0.5880654454231262,0.030438750982284546
12,44,True,0.31578946113586426,1,0.7938715815544128,0.2597366273403168,0.5877838730812073,0.030390096828341484
12,45,True,0.3684210479259491,1,0.7935416102409363,0.25942474603652954,0.5874656438827515,0.030291495844721794
100,197,False,0.0,0,0.6437416076660156,0.13063110411167145,0.5429109334945679,0.016607727855443954
100,198,False,0.0,1,0.7930015325546265,0.26230481266975403,0.5926024913787842,0.03157002106308937
100,199,False,0.0,1,0.7915087342262268,0.2624458074569702,0.5923327207565308,0.03147907555103302
100,200,False,0.0,1,0.7919340133666992,0.2624228596687317,0.5925151109695435,0.03158080577850342
100,201,False,0.0,1,0.7918300628662109,0.2627014219760895,0.5930595993995667,0.03174060210585594
100,202,False,0.0,1,0.7914061546325684,0.2623377740383148,0.5925207138061523,0.03152907267212868
100,203,False,0.0,1,0.7908855676651001,0.26254910230636597,0.5926242470741272,0.03160932660102844
100,204,False,0.0,1,0.7911736965179443,0.2622218132019043,0.5915967226028442,0.03131476417183876
100,205,False,0.0,1,0.7909672260284424,0.2619219720363617,0.5921764373779297,0.03146278113126755
100,206,True,0.007797271013259888,1,0.791149914264679,0.26228097081184387,0.5919075012207031,0.03135374188423157
100,207,True,0.017543859779834747,1,0.790945291519165,0.2622823119163513,0.5916359424591064,0.031291283667087555
100,208,True,0.027290448546409607,1,0.7911408543586731,0.2620202898979187,0.5914649367332458,0.031201405450701714
100,209,True,0.03703703731298447,1,0.7905227541923523,0.2620365619659424,0.5917935371398926,0.0313023142516613
100,210,True,0.046783626079559326,1,0.7912126779556274,0.261735200881958,0.5914626717567444,0.03121904656291008
100,211,True,0.056530214846134186,1,0.79120272397995,0.2619550824165344,0.5916059017181396,0.03125565126538277
100,212,True,0.06627680361270905,1,0.790695309638977,0.2622985243797302,0.5895398259162903,0.030673671513795853
90,15,False,0.0,0,0.6463758945465088,0.12486250698566437,0.5414860248565674,0.016309505328536034
90,16,False,0.0,1,0.7938559055328369,0.2605312764644623,0.5906525254249573,0.031035732477903366
90,17,False,0.0,1,0.7937456369400024,0.2608289122581482,0.5907209515571594,0.03105681575834751
90,18,False,0.0,1,0.7940465211868286,0.26079192757606506,0.5902226567268372,0.03087906539440155
90,19,False,0.0,1,0.794097900390625,0.2607569396495819,0.5901234149932861,0.030846569687128067
90,20,False,0.0,1,0.7936304807662964,0.2605258524417877,0.5905627012252808,0.03101891465485096
90,21,False,0.0,1,0.7938097715377808,0.26061221957206726,0.5907540917396545,0.0310419499874115
90,22,False,0.0,1,0.7952725291252136,0.26037725806236267,0.5900903940200806,0.03084070235490799
90,23,True,0.017543859779834747,1,0.7945065498352051,0.26046451926231384,0.5905689597129822,0.031014196574687958
90,24,True,0.10526315867900848,1,0.7929258942604065,0.2607310116291046,0.5894936919212341,0.03066987544298172
90,25,True,0.19298245012760162,1,0.7940224409103394,0.2603875994682312,0.5884448885917664,0.030363302677869797
90,26,True,0.28070175647735596,1,0.7936481237411499,0.2603391706943512,0.5880994200706482,0.03030317835509777
90,27,True,0.3684210479259491,1,0.7922894954681396,0.26106688380241394,0.5869532227516174,0.02998688630759716
90,28,True,0.45614033937454224,1,0.7942415475845337,0.2595686912536621,0.5873149633407593,0.03015630878508091
90,29,True,0.5438596606254578,1,0.7936937212944031,0.25870436429977417,0.5864039063453674,0.02988109365105629
90,30,True,0.6315789222717285,1,0.792813777923584,0.2586977183818817,0.5852094292640686,0.029473932459950447
112,172,False,0.0,0,0.6490921974182129,0.13318507373332977,0.5436244010925293,0.01695953868329525
112,173,False,0.0,1,0.7926915287971497,0.262742280960083,0.591589093208313,0.03115132264792919
112,174,False,0.0,1,0.7936655879020691,0.26251599192619324,0.5922271609306335,0.03135368227958679
112,175,False,0.0,1,0.7940115928649902,0.2630830705165863,0.5926317572593689,0.03146520256996155
112,176,False,0.0,1,0.7949384450912476,0.2625564634799957,0.5925036668777466,0.03143797814846039
112,177,False,0.0,1,0.794701874256134,0.26278433203697205,0.5919413566589355,0.031293436884880066
112,178,False,0.0,1,0.793422281742096,0.2623302638530731,0.5925154089927673,0.03143146634101868
112,179,False,0.0,1,0.7944566607475281,0.2628630995750427,0.5931028723716736,0.03161793574690819
112,180,False,0.0,1,0.7942981719970703,0.2619936466217041,0.5928455591201782,0.03152499720454216
112,181,False,0.0,1,0.794601559638977,0.2630009651184082,0.5934280753135681,0.03172130882740021
112,182,False,0.0,1,0.7940995693206787,0.2622140347957611,0.5930599570274353,0.03158386051654816
112,183,False,0.0,1,0.7945383787155151,0.2627495527267456,0.5932841300964355,0.03165246918797493
112,184,False,0.0,1,0.7945640087127686,0.26275840401649475,0.592883825302124,0.03153224289417267
112,185,False,0.0,1,0.7945499420166016,0.2622634172439575,0.5932961702346802,0.03164483606815338
112,186,False,0.0,1,0.7947984337806702,0.26268917322158813,0.5925371050834656,0.03140111640095711
112,187,False,0.0,1,0.7936809659004211,0.2623066008090973,0.5926808714866638,0.03148725628852844
64,35,False,0.0,0,0.655043363571167,0.12835150957107544,0.5416209697723389,0.016227081418037415
64,36,False,0.0,1,0.7958151698112488,0.2591611444950104,0.5915348529815674,0.031224366277456284
64,37,False,0.0,1,0.7955070734024048,0.25939780473709106,0.5912385582923889,0.03114197961986065
64,38,False,0.0,1,0.7957497835159302,0.25974518060684204,0.5920300483703613,0.0313873291015625
64,39,False,0.0,1,0.795738935470581,0.2594156563282013,0.5919551849365234,0.03137070685625076
64,40,False,0.0,1,0.7955372929573059,0.2594361901283264,0.5915412902832031,0.031214512884616852
64,41,False,0.0,1,0.7957949638366699,0.25957316160202026,0.5917425155639648,0.031323738396167755
64,42,False,0.0,1,0.7951241731643677,0.2592640817165375,0.591802179813385,0.03128209710121155
64,43,False,0.0,1,0.7952830791473389,0.2596858739852905,0.5924210548400879,0.03148898109793663
64,44,True,0.03703703731298447,1,0.7954853773117065,0.25953978300094604,0.5915849208831787,0.031247831881046295
64,45,True,0.0833333358168602,1,0.794826865196228,0.2593906819820404,0.5902475118637085,0.030863739550113678
64,46,True,0.12962962687015533,1,0.794587254524231,0.25958114862442017,0.5901528000831604,0.030903102830052376
64,47,True,0.17592592537403107,1,0.794791042804718,0.2589031457901001,0.5900059938430786,0.030916817486286163
64,48,True,0.2222222238779068,1,0.7948554158210754,0.25886479020118713,0.5895306468009949,0.030832823365926743
64,49,True,0.26851850748062134,1,0.7939701080322266,0.25891372561454773,0.5889607667922974,0.030644049867987633
64,50,True,0.31481480598449707,1,0.7946669459342957,0.2584560513496399,0.5884997844696045,0.030607957392930984
187,169,False,0.0,0,0.6513493061065674,0.13258904218673706,0.5439836382865906,0.017004236578941345
187,170,False,0.0,1,0.7948504686355591,0.26123711466789246,0.594524085521698,0.03203566372394562
187,171,False,0.0,1,0.7942765355110168,0.2619125545024872,0.5941211581230164,0.031915295869112015
187,172,False,0.0,1,0.7938634157180786,0.2626759111881256,0.5934819579124451,0.03174269199371338
187,173,False,0.0,1,0.7942328453063965,0.26239141821861267,0.5940068960189819,0.03187621012330055
187,174,False,0.0,1,0.7941778302192688,0.2615223526954651,0.593965470790863,0.03188939392566681
187,175,False,0.0,1,0.7941112518310547,0.26167672872543335,0.5944868326187134,0.032090283930301666
187,176,False,0.0,1,0.7946693897247314,0.2622217535972595,0.5946406722068787,0.0320998877286911
187,177,False,0.0,1,0.7940822839736938,0.26146888732910156,0.5953418016433716,0.03223617002367973
187,178,False,0.0,1,0.7940434217453003,0.2617088556289673,0.5949927568435669,0.03213521093130112
187,179,False,0.0,1,0.7945734262466431,0.26225802302360535,0.5941402316093445,0.03185054659843445
187,180,False,0.0,1,0.7945518493652344,0.2621951401233673,0.5953462719917297,0.03226327896118164
187,181,False,0.0,1,0.7940622568130493,0.262335866689682,0.5944343209266663,0.03195250406861305
187,182,False,0.0,1,0.7939829230308533,0.26146945357322693,0.5947155952453613,0.03210561349987984
187,183,False,0.0,1,0.7944737672805786,0.2623913288116455,0.5949274897575378,0.032136693596839905
187,184,False,0.0,1,0.794491171836853,0.262576162815094,0.5944673418998718,0.031985387206077576
121,176,False,0.0,0,0.6690664291381836,0.1471140831708908,0.5452533960342407,0.01744556613266468
121,177,False,0.0,1,0.7954920530319214,0.2622300684452057,0.5952663421630859,0.03209150210022926
121,178,False,0.0,1,0.795354962348938,0.2623489797115326,0.595287561416626,0.03212306275963783
121,179,False,0.0,1,0.7956640720367432,0.26272091269493103,0.5953777432441711,0.03217499703168869
121,180,False,0.0,1,0.7954205274581909,0.26209163665771484,0.5953184366226196,0.0321347638964653
121,181,False,0.0,1,0.7950648069381714,0.26239579916000366,0.5958443284034729,0.03234294801950455
121,182,False,0.0,1,0.7949173450469971,0.2620939314365387,0.5952751040458679,0.03213508054614067
121,183,False,0.0,1,0.7943637371063232,0.26212823390960693,0.5952742695808411,0.03215818479657173
121,184,False,0.0,1,0.7943775653839111,0.26134711503982544,0.5957034230232239,0.03220275044441223
121,185,False,0.0,1,0.7951162457466125,0.26148051023483276,0.596662163734436,0.03249812498688698
121,186,False,0.0,1,0.7948358058929443,0.26100867986679077,0.5958028435707092,0.03222117945551872
121,187,False,0.0,1,0.7948442101478577,0.26124972105026245,0.5962024927139282,0.03230384364724159
121,188,False,0.0,1,0.7948659658432007,0.2611275911331177,0.5963531136512756,0.032345931977033615
121,189,False,0.0,1,0.794228732585907,0.2612895667552948,0.5964183211326599,0.03236926719546318
121,190,False,0.0,1,0.7939016222953796,0.26130491495132446,0.5963889360427856,0.03235603868961334
121,191,False,0.0,1,0.7936965227127075,0.26117828488349915,0.5966634750366211,0.03246845677495003
7,63,False,0.0,0,0.6641879081726074,0.13545827567577362,0.5432153344154358,0.016626689583063126
7,64,False,0.0,1,0.7962701916694641,0.2598840594291687,0.5946360230445862,0.03178646042943001
7,65,False,0.0,1,0.7958307266235352,0.25994759798049927,0.5947611927986145,0.03181669861078262
7,66,False,0.0,1,0.796606183052063,0.26050159335136414,0.5951755046844482,0.03194034844636917
7,67,False,0.0,1,0.7967353463172913,0.25973859429359436,0.5939903855323792,0.03158245235681534
7,68,False,0.0,1,0.7966457605361938,0.25929200649261475,0.5941596627235413,0.03163018077611923
7,69,False,0.0,1,0.7962042093276978,0.25933459401130676,0.5942882895469666,0.03168196603655815
7,70,False,0.0,1,0.7962518930435181,0.2599252760410309,0.5947281122207642,0.03180914372205734
7,71,False,0.0,1,0.7963846325874329,0.2596486508846283,0.594691812992096,0.03176553174853325
7,72,False,0.0,1,0.7969304323196411,0.25972509384155273,0.5947951674461365,0.031758908182382584
7,73,False,0.0,1,0.7964180707931519,0.2595655620098114,0.5948604345321655,0.031775008887052536
7,74,False,0.0,1,0.796825647354126,0.25874510407447815,0.5941712260246277,0.03156554326415062
7,75,False,0.0,1,0.7965450286865234,0.26003438234329224,0.5947134494781494,0.03173151984810829
7,76,False,0.0,1,0.7964944243431091,0.25912410020828247,0.5943232178688049,0.03165657818317413
7,77,False,0.0,1,0.7965188026428223,0.25988221168518066,0.5947524309158325,0.031748127192258835
7,78,False,0.0,1,0.7961347103118896,0.25889119505882263,0.5948300957679749,0.031762879341840744
170,120,False,0.0,0,0.6757190227508545,0.154816672205925,0.5435289740562439,0.016593262553215027
170,121,False,0.0,1,0.7961997389793396,0.2638937532901764,0.5949640870094299,0.03175165504217148
170,122,False,0.0,1,0.7969086170196533,0.26358187198638916,0.5945476293563843,0.031598787754774094
170,123,False,0.0,1,0.7970948219299316,0.2634836435317993,0.5947225689888,0.031688764691352844
170,124,False,0.0,1,0.7972760200500488,0.26358097791671753,0.5945954918861389,0.03165363147854805
170,125,False,0.0,1,0.7978002429008484,0.26296645402908325,0.5953441858291626,0.03189786151051521
170,126,False,0.0,1,0.7979315519332886,0.26301175355911255,0.594333827495575,0.031597211956977844
170,127,False,0.0,1,0.7979414463043213,0.26245731115341187,0.5953020453453064,0.03191421553492546
170,128,False,0.0,1,0.7980858087539673,0.26241472363471985,0.594613254070282,0.031720228493213654
170,129,True,0.009345794096589088,1,0.7982524633407593,0.26227831840515137,0.5946563482284546,0.03177756071090698
170,130,True,0.024922117590904236,1,0.7983353734016418,0.26218992471694946,0.5940784215927124,0.03162410482764244
170,131,True,0.04049844294786453,1,0.7983598709106445,0.26203036308288574,0.5942516922950745,0.03168990835547447
170,132,True,0.05607476457953453,1,0.7975653409957886,0.26141348481178284,0.593259871006012,0.03146592155098915
170,133,True,0.07165109366178513,1,0.7983118295669556,0.26099535822868347,0.5937490463256836,0.03157692030072212
170,134,True,0.08722741156816483,1,0.7977237701416016,0.26124849915504456,0.59343022108078,0.03151770308613777
170,135,True,0.10280373692512512,1,0.797356903553009,0.26175394654273987,0.5936764478683472,0.031597986817359924
44,7,False,0.0,0,0.6651325225830078,0.1313558965921402,0.5410748720169067,0.015856793150305748
44,8,False,0.0,1,0.7977508902549744,0.25867047905921936,0.5922567248344421,0.031311795115470886
44,9,False,0.0,1,0.7981946468353271,0.25851210951805115,0.591974139213562,0.03121027536690235
44,10,False,0.0,1,0.7974803447723389,0.2591441571712494,0.5930572152137756,0.03154686093330383
44,11,False,0.0,1,0.7980321645736694,0.25888386368751526,0.5927810072898865,0.031441327184438705
44,12,False,0.0,1,0.7979694604873657,0.2590060532093048,0.5928496718406677,0.03144877031445503
44,13,False,0.0,1,0.7980923056602478,0.25814446806907654,0.5922846794128418,0.03126467019319534
44,14,False,0.0,1,0.797440767288208,0.25813132524490356,0.5921218991279602,0.031231841072440147
44,15,True,0.027027027681469917,1,0.7974117398262024,0.25904521346092224,0.5920106768608093,0.03144323453307152
44,16,True,0.1621621549129486,1,0.7959191799163818,0.25806596875190735,0.589717447757721,0.0308090653270483
44,17,True,0.29729729890823364,1,0.7957322597503662,0.2580204904079437,0.5885549783706665,0.030498076230287552
44,18,True,0.4324324429035187,1,0.7957510352134705,0.25817057490348816,0.5880715847015381,0.03041680157184601
44,19,True,0.5675675868988037,1,0.7959272265434265,0.25798776745796204,0.5873715281486511,0.03026643767952919
44,20,True,0.7027027010917664,1,0.7951447367668152,0.2580437660217285,0.5870074033737183,0.030148128047585487
44,21,True,0.837837815284729,1,0.7937966585159302,0.2582968771457672,0.5858506560325623,0.029751989990472794
44,22,True,0.9729729890823364,1,0.793199896812439,0.25837162137031555,0.5852639079093933,0.029621347784996033
191,177,False,0.0,0,0.6603412628173828,0.13938774168491364,0.5434802770614624,0.017030449584126472
191,178,False,0.0,1,0.7949866056442261,0.26222243905067444,0.5930277705192566,0.03186380863189697
191,179,False,0.0,1,0.7951992154121399,0.26278457045555115,0.5933600068092346,0.03198298439383507
191,180,False,0.0,1,0.7951687574386597,0.26252225041389465,0.593451738357544,0.032035425305366516
191,181,False,0.0,1,0.7950605154037476,0.2619723975658417,0.5937533974647522,0.03213252127170563
191,182,False,0.0,1,0.7946195602416992,0.26234161853790283,0.5930525660514832,0.031913597136735916
191,183,False,0.0,1,0.7951119542121887,0.2616533637046814,0.5931909084320068,0.031939547508955
191,184,False,0.0,1,0.7952228784561157,0.2616080045700073,0.5931682586669922,0.031934868544340134
191,185,False,0.0,1,0.7951053977012634,0.26115310192108154,0.5940025448799133,0.032367367297410965
191,186,False,0.0,1,0.7955011129379272,0.26103004813194275,0.5935528874397278,0.03211728483438492
191,187,False,0.0,1,0.7954659461975098,0.26089128851890564,0.594601035118103,0.032537683844566345
191,188,False,0.0,1,0.7948106527328491,0.2612130641937256,0.5939723253250122,0.03228097781538963
191,189,False,0.0,1,0.7950410842895508,0.26094484329223633,0.5937454700469971,0.03224083408713341
191,190,False,0.0,1,0.7948704361915588,0.26094040274620056,0.5936354994773865,0.032162800431251526
191,191,False,0.0,1,0.7943321466445923,0.26099053025245667,0.5945749282836914,0.03252873197197914
191,192,False,0.0,1,0.7938971519470215,0.26131728291511536,0.5939526557922363,0.032283131033182144
162,126,False,0.0,0,0.6793088912963867,0.15618281066417694,0.5435489416122437,0.01722043566405773
162,127,False,0.0,1,0.7968568801879883,0.26353755593299866,0.5934838056564331,0.03208428621292114
162,128,False,0.0,1,0.7974274158477783,0.2631550133228302,0.5932814478874207,0.03201890364289284
162,129,False,0.0,1,0.7971502542495728,0.2632450461387634,0.5934663414955139,0.032094646245241165
162,130,False,0.0,1,0.7982059717178345,0.26265212893486023,0.593907356262207,0.03223966434597969
162,131,False,0.0,1,0.7987070083618164,0.2619869112968445,0.5937901139259338,0.03221743926405907
162,132,False,0.0,1,0.7983382344245911,0.26250869035720825,0.593899130821228,0.03224952146410942
162,133,False,0.0,1,0.7986236810684204,0.2620418071746826,0.5933760404586792,0.03202279284596443
162,134,False,0.0,1,0.798874020576477,0.26085638999938965,0.5937455892562866,0.03213663399219513
162,135,True,0.008928571827709675,1,0.7984548807144165,0.2609459161758423,0.5934339165687561,0.03203219920396805
162,136,True,0.02380952425301075,1,0.799060583114624,0.2612556219100952,0.5935572981834412,0.0320698618888855
162,137,True,0.0386904776096344,1,0.7986740469932556,0.2612258195877075,0.5938489437103271,0.03219713270664215
162,138,True,0.0535714291036129,1,0.7982933521270752,0.26123252511024475,0.5942378640174866,0.032344751060009
162,139,True,0.0684523805975914,1,0.7982549667358398,0.2610996663570404,0.593960702419281,0.03218129277229309
162,140,True,0.0833333358168602,1,0.7971314787864685,0.2607358992099762,0.5937195420265198,0.03214184567332268
162,141,True,0.0982142835855484,1,0.7953218817710876,0.26075151562690735,0.5933545231819153,0.0320793092250824
150,117,False,0.0,0,0.6787090301513672,0.15528999269008636,0.5443959832191467,0.01752016320824623
150,118,False,0.0,1,0.7982193231582642,0.2623094320297241,0.5942026376724243,0.03214120864868164
150,119,False,0.0,1,0.7982397079467773,0.26236534118652344,0.5947564840316772,0.03231385350227356
150,120,False,0.0,1,0.7979315519332886,0.26244691014289856,0.5937870740890503,0.03198028355836868
150,121,False,0.0,1,0.7985417246818542,0.2618611454963684,0.5939350128173828,0.03203550726175308
150,122,False,0.0,1,0.7984377145767212,0.26116859912872314,0.5941864848136902,0.032140571624040604
150,123,False,0.0,1,0.7985291481018066,0.2612820863723755,0.5944971442222595,0.032230980694293976
150,124,False,0.0,1,0.7988543510437012,0.26111385226249695,0.593398928642273,0.031859636306762695
150,125,True,0.0032051282469183207,1,0.7983230948448181,0.26084423065185547,0.5939675569534302,0.03203793242573738
150,126,True,0.01923076994717121,1,0.799141526222229,0.2605927288532257,0.5940845012664795,0.03211000934243202
150,127,True,0.035256411880254745,1,0.7993735074996948,0.26109012961387634,0.5942050218582153,0.03216831386089325
150,128,True,0.05128205195069313,1,0.7987695336341858,0.2597186267375946,0.5934619307518005,0.031954631209373474
150,129,True,0.06730769574642181,1,0.7980974316596985,0.26017799973487854,0.5942110419273376,0.03216002881526947
150,130,True,0.0833333358168602,1,0.798229455947876,0.2604658007621765,0.5937800407409668,0.03201480954885483
150,131,True,0.09935897588729858,1,0.7985161542892456,0.26011934876441956,0.592994213104248,0.03176109120249748
150,132,True,0.11538461595773697,1,0.7973181009292603,0.26002854108810425,0.5932546854019165,0.031910818070173264
17,32,False,0.0,0,0.6627864837646484,0.13138964772224426,0.5438494086265564,0.017580734565854073
17,33,False,0.0,1,0.7973144054412842,0.25828444957733154,0.5947833061218262,0.03239458426833153
17,34,False,0.0,1,0.7968695759773254,0.25829291343688965,0.5938107967376709,0.03200656175613403
17,35,False,0.0,1,0.7972640991210938,0.25837039947509766,0.5940783023834229,0.032134030014276505
17,36,False,0.0,1,0.7978671193122864,0.25853231549263,0.5942155718803406,0.03214670345187187
17,37,False,0.0,1,0.7976181507110596,0.2585558295249939,0.5945276618003845,0.0322718545794487
17,38,False,0.0,1,0.7976151704788208,0.2586992383003235,0.5945370197296143,0.0322856679558754
17,39,False,0.0,1,0.7973346710205078,0.25875720381736755,0.5946993827819824,0.0323338583111763
17,40,False,0.0,1,0.7974553108215332,0.25847288966178894,0.594056248664856,0.032086849212646484
17,41,False,0.0,1,0.7974752187728882,0.2586764991283417,0.5933332443237305,0.03188210353255272
17,42,False,0.0,1,0.7975610494613647,0.2585618793964386,0.5943000912666321,0.03221707418560982
17,43,False,0.0,1,0.797600269317627,0.2587701976299286,0.5933108925819397,0.031882401555776596
17,44,False,0.0,1,0.797279953956604,0.2585805654525757,0.5945033431053162,0.03226739168167114
17,45,False,0.0,1,0.7966514825820923,0.25849759578704834,0.5939406752586365,0.0321064256131649
17,46,False,0.0,1,0.7958071231842041,0.2582596242427826,0.5933002829551697,0.03190801292657852
17,47,False,0.0,1,0.7967607975006104,0.25871703028678894,0.59385746717453,0.03210993483662605
11,46,False,0.0,0,0.6626746654510498,0.13435761630535126,0.5418674349784851,0.01658204011619091
11,47,False,0.0,1,0.7964884042739868,0.25974002480506897,0.5929028391838074,0.031784042716026306
11,48,False,0.0,1,0.7968168258666992,0.25930118560791016,0.5932521820068359,0.031880151480436325
11,49,False,0.0,1,0.7963721752166748,0.259309858083725,0.5932111740112305,0.03185521811246872
11,50,False,0.0,1,0.7968326210975647,0.25942912697792053,0.5936171412467957,0.031970661133527756
11,51,False,0.0,1,0.7963316440582275,0.25978395342826843,0.5930436849594116,0.03181638568639755
11,52,False,0.0,1,0.7967210412025452,0.25957226753234863,0.5930295586585999,0.031755536794662476
11,53,False,0.0,1,0.7967687845230103,0.2595711648464203,0.5933189988136292,0.03188006207346916
11,54,False,0.0,1,0.7966024279594421,0.25885504484176636,0.5938549637794495,0.031974904239177704
11,55,False,0.0,1,0.797319769859314,0.25982558727264404,0.5934795141220093,0.031855013221502304
11,56,False,0.0,1,0.7966933846473694,0.25943413376808167,0.5933673977851868,0.031806640326976776
11,57,False,0.0,1,0.7969485521316528,0.25954577326774597,0.5937267541885376,0.03198976814746857
11,58,False,0.0,1,0.7968993186950684,0.2595564126968384,0.5937103033065796,0.03189615160226822
11,59,False,0.0,1,0.797035813331604,0.2600526213645935,0.5938063263893127,0.0319330058991909
11,60,False,0.0,1,0.7965587973594666,0.25933152437210083,0.5935441851615906,0.03186732903122902
11,61,False,0.0,1,0.7965936660766602,0.2596430480480194,0.5941334962844849,0.03204856067895889
26,18,False,0.0,0,0.6582949161529541,0.12802483141422272,0.5424954891204834,0.016545753926038742
26,19,False,0.0,1,0.7965185642242432,0.25785377621650696,0.5935055017471313,0.03179865702986717
26,20,False,0.0,1,0.7964447736740112,0.25782912969589233,0.5933206081390381,0.03176814690232277
26,21,False,0.0,1,0.7963444590568542,0.2578827440738678,0.5935309529304504,0.03183792904019356
26,22,False,0.0,1,0.7962726354598999,0.25792816281318665,0.5934523344039917,0.031812895089387894
26,23,False,0.0,1,0.7966333627700806,0.2580536901950836,0.5925956964492798,0.03156987577676773
26,24,False,0.0,1,0.796470046043396,0.2577863931655884,0.5931912660598755,0.031760044395923615
26,25,False,0.0,1,0.7971579432487488,0.2581961452960968,0.5932192802429199,0.031760603189468384
26,26,False,0.0,1,0.7965480089187622,0.2578132152557373,0.5938595533370972,0.03183457627892494
26,27,True,0.04545454680919647,1,0.796454131603241,0.2577568292617798,0.5931881666183472,0.031706150621175766
26,28,True,0.12121212482452393,1,0.7958744764328003,0.2577744424343109,0.5917297601699829,0.03127767890691757
26,29,True,0.19696970283985138,1,0.795867383480072,0.25769591331481934,0.5907509326934814,0.03108472377061844
26,30,True,0.27272728085517883,1,0.7959522604942322,0.2577309012413025,0.5905937552452087,0.03110831044614315
26,31,True,0.3484848439693451,1,0.7956627011299133,0.2577747106552124,0.590348482131958,0.031051088124513626
26,32,True,0.42424243688583374,1,0.7956766486167908,0.25786465406417847,0.5896158218383789,0.030866263434290886
26,33,True,0.5,1,0.7954118251800537,0.25771164894104004,0.5892801284790039,0.030813107267022133
130,110,False,0.0,0,0.6777942180633545,0.15432468056678772,0.5445565581321716,0.01714208535850048
130,111,False,0.0,1,0.797607958316803,0.2627314031124115,0.5952701568603516,0.03201955184340477
130,112,False,0.0,1,0.7972965240478516,0.26305049657821655,0.5954848527908325,0.032043080776929855
130,113,False,0.0,1,0.7973781824111938,0.26220545172691345,0.5955316424369812,0.03206118568778038
130,114,False,0.0,1,0.7977309226989746,0.26217323541641235,0.5949001908302307,0.031885817646980286
130,115,False,0.0,1,0.7975289821624756,0.26221340894699097,0.5945918560028076,0.0318002849817276
130,116,False,0.0,1,0.7974559664726257,0.2625788748264313,0.5951216816902161,0.03194205090403557
130,117,False,0.0,1,0.797680675983429,0.2626335322856903,0.5957050919532776,0.03210210055112839
130,118,False,0.0,1,0.7977930307388306,0.2625495195388794,0.5954490900039673,0.032039202749729156
130,119,False,0.0,1,0.7980762720108032,0.26244696974754333,0.5955768823623657,0.03210403397679329
130,120,False,0.0,1,0.7979957461357117,0.26230037212371826,0.5958072543144226,0.03218543529510498
130,121,False,0.0,1,0.7976373434066772,0.26217004656791687,0.5947757959365845,0.03183412551879883
130,122,False,0.0,1,0.7983896732330322,0.2614997625350952,0.5951948165893555,0.031974904239177704
130,123,False,0.0,1,0.7984093427658081,0.26203200221061707,0.5952000617980957,0.03199721872806549
130,124,False,0.0,1,0.7981522083282471,0.26183420419692993,0.5958294868469238,0.03218560665845871
130,125,False,0.0,1,0.7981055378913879,0.2616731524467468,0.5953990817070007,0.03204894810914993
82,28,False,0.0,0,0.6639938354492188,0.13413630425930023,0.541399359703064,0.01606924459338188
82,29,False,0.0,1,0.7971278429031372,0.25852108001708984,0.5934275984764099,0.03161308169364929
82,30,False,0.0,1,0.7976200580596924,0.258592814207077,0.5937889218330383,0.03172958269715309
82,31,False,0.0,1,0.7975685596466064,0.2589450180530548,0.5936902165412903,0.031671423465013504
82,32,False,0.0,1,0.7976341843605042,0.2586451768875122,0.5930853486061096,0.03151584416627884
82,33,False,0.0,1,0.7969110012054443,0.25932416319847107,0.5925990343093872,0.0313565768301487
82,34,False,0.0,1,0.7974754571914673,0.2584993243217468,0.5931186079978943,0.03153269365429878
82,35,False,0.0,1,0.7975780963897705,0.2589411735534668,0.5930435657501221,0.031505364924669266
82,36,True,0.02247191034257412,1,0.7974827289581299,0.2589850425720215,0.5935364961624146,0.031703248620033264
82,37,True,0.07865168899297714,1,0.7969142198562622,0.2593335211277008,0.5929380059242249,0.0315120704472065
82,38,True,0.13483145833015442,1,0.7975025177001953,0.25913214683532715,0.5931716561317444,0.03160577639937401
82,39,True,0.1910112351179123,1,0.7975430488586426,0.25980713963508606,0.5911281704902649,0.031016923487186432
82,40,True,0.24719101190567017,1,0.7967987656593323,0.25920841097831726,0.5908510684967041,0.030973421409726143
82,41,True,0.30337077379226685,1,0.7965803146362305,0.2589889168739319,0.5904785990715027,0.030903110280632973
82,42,True,0.3595505654811859,1,0.7967544794082642,0.25876137614250183,0.5900396108627319,0.030892817303538322
82,43,True,0.4157303273677826,1,0.7960401177406311,0.2584686279296875,0.5898653268814087,0.03088553249835968
53,5,False,0.0,0,0.667431116104126,0.13391521573066711,0.541969895362854,0.016192596405744553
53,6,False,0.0,1,0.7990033626556396,0.25852033495903015,0.5943405032157898,0.03192741796374321
53,7,False,0.0,1,0.7990177869796753,0.2582182288169861,0.5941294431686401,0.0318521149456501
53,8,False,0.0,1,0.7974132299423218,0.25776904821395874,0.594149649143219,0.03187432512640953
53,9,False,0.0,1,0.7983105182647705,0.2580026090145111,0.5941519737243652,0.03187853470444679
53,10,False,0.0,1,0.7984880805015564,0.25805696845054626,0.5937281250953674,0.0316915400326252
53,11,False,0.0,1,0.7984639406204224,0.2583540081977844,0.5938160419464111,0.03177456930279732
53,12,False,0.0,1,0.7986229658126831,0.2583988308906555,0.5938984751701355,0.03179057687520981
53,13,True,0.03125,1,0.7980166673660278,0.2586437165737152,0.5933524966239929,0.03156222030520439
53,14,True,0.1875,1,0.7973783016204834,0.2583247423171997,0.5914216041564941,0.03118029609322548
53,15,True,0.34375,1,0.7965760231018066,0.257742702960968,0.59024578332901,0.03087322786450386
53,16,True,0.5,1,0.7962502241134644,0.25777187943458557,0.5892724394798279,0.03065292164683342
53,17,True,0.65625,1,0.7953851222991943,0.2580220401287079,0.5880618691444397,0.03030550293624401
53,18,True,0.8125,1,0.794864296913147,0.2580769658088684,0.5878033638000488,0.030295979231595993
53,19,True,0.96875,1,0.7943595051765442,0.2580413222312927,0.5863778591156006,0.0298797395080328
53,20,True,1.0,1,0.7940284609794617,0.2580168545246124,0.5810127258300781,0.02801155485212803
147,180,False,0.0,0,0.6645994186401367,0.14350000023841858,0.5450748801231384,0.01741408370435238
147,181,False,0.0,1,0.7959730625152588,0.2627187669277191,0.5956289172172546,0.03212751820683479
147,182,False,0.0,1,0.7958529591560364,0.26216521859169006,0.5955659747123718,0.032085761427879333
147,183,False,0.0,1,0.7959951758384705,0.2626403570175171,0.5952799320220947,0.03199514374136925
147,184,False,0.0,1,0.7960458993911743,0.2625962793827057,0.5952592492103577,0.03199165314435959
147,185,False,0.0,1,0.796288251876831,0.26287323236465454,0.5956012606620789,0.032118186354637146
147,186,False,0.0,1,0.7958669662475586,0.26253238320350647,0.5956238508224487,0.03211718425154686
147,187,False,0.0,1,0.7958992719650269,0.26233386993408203,0.595689058303833,0.03215503692626953
147,188,True,0.002123142359778285,1,0.7965236902236938,0.2630532681941986,0.595565915107727,0.0320638082921505
147,189,True,0.010638297535479069,1,0.7962351441383362,0.2626799941062927,0.5951001048088074,0.031888410449028015
147,190,True,0.021276595070958138,1,0.7963326573371887,0.26265040040016174,0.595679521560669,0.032116152346134186
147,191,True,0.03191489353775978,1,0.7960546612739563,0.26148492097854614,0.5948880314826965,0.03186885267496109
147,192,True,0.042553190141916275,1,0.7963237762451172,0.261311411857605,0.5950064063072205,0.03192633390426636
147,193,True,0.05319149047136307,1,0.7963476777076721,0.26119139790534973,0.5948674082756042,0.0318915881216526
147,194,True,0.06382978707551956,1,0.7957868576049805,0.2610982060432434,0.5955643653869629,0.03216106444597244
147,195,True,0.07446808367967606,1,0.7958853244781494,0.2609403133392334,0.5947133898735046,0.031863369047641754
0,11,False,0.0,0,0.6719710826873779,0.140391007065773,0.5419429540634155,0.0161708053201437
0,12,False,0.0,1,0.7980875968933105,0.25952643156051636,0.5945457816123962,0.03172468766570091
0,13,False,0.0,1,0.7972334623336792,0.25962892174720764,0.5945956707000732,0.031728580594062805
0,14,False,0.0,1,0.7983595132827759,0.25969865918159485,0.5940827131271362,0.03156369552016258
0,15,False,0.0,1,0.7980709075927734,0.25935620069503784,0.5943402051925659,0.03163855895400047
0,16,False,0.0,1,0.7975529432296753,0.2593415677547455,0.5947974920272827,0.03179984539747238
0,17,False,0.0,1,0.7975831031799316,0.25925925374031067,0.59465491771698,0.03171413019299507
0,18,False,0.0,1,0.7976207137107849,0.25971242785453796,0.5949808955192566,0.031839922070503235
0,19,False,0.0,1,0.79750657081604,0.25916144251823425,0.5955626964569092,0.03189857304096222
0,20,False,0.0,1,0.7970989942550659,0.2585543692111969,0.5949900150299072,0.03171411156654358
0,21,False,0.0,1,0.7987903952598572,0.2592722177505493,0.5951066613197327,0.03172239661216736
0,22,False,0.0,1,0.7987322807312012,0.25924813747406006,0.595885157585144,0.0319850817322731
0,23,False,0.0,1,0.7976696491241455,0.2585216462612152,0.5957262516021729,0.031892213970422745
0,24,False,0.0,1,0.7980301380157471,0.2592723071575165,0.595307469367981,0.03177319094538689
0,25,False,0.0,1,0.7978882789611816,0.2590360939502716,0.5951489806175232,0.03172104433178902
0,26,False,0.0,1,0.7976285815238953,0.2594991624355316,0.5957013964653015,0.03187912330031395
28,20,False,0.0,0,0.6585254669189453,0.1289043128490448,0.5466904044151306,0.01778595522046089
28,21,False,0.0,1,0.7976864576339722,0.2585650086402893,0.5967238545417786,0.03206866234540939
28,22,False,0.0,1,0.7976399064064026,0.25882869958877563,0.597359299659729,0.0322532020509243
28,23,False,0.0,1,0.7967449426651001,0.2584189176559448,0.5966333150863647,0.03203294053673744
28,24,False,0.0,1,0.7979212999343872,0.2586076259613037,0.5972028970718384,0.032213833183050156
28,25,False,0.0,1,0.7975659370422363,0.25835856795310974,0.5968551635742188,0.03209542855620384
28,26,False,0.0,1,0.7979812622070312,0.2586790919303894,0.5974836349487305,0.03228322044014931
28,27,False,0.0,1,0.7985337972640991,0.25840166211128235,0.5969774723052979,0.03211350739002228
28,28,False,0.0,1,0.7975494861602783,0.2584100067615509,0.5977040529251099,0.03237051144242287
28,29,False,0.0,1,0.7973625659942627,0.25880494713783264,0.5972585678100586,0.03222985193133354
28,30,False,0.0,1,0.7979398965835571,0.2584473192691803,0.5971898436546326,0.03219710290431976
28,31,False,0.0,1,0.7980256080627441,0.25856146216392517,0.5966897010803223,0.03205616772174835
28,32,False,0.0,1,0.7976698279380798,0.2582404315471649,0.5971242785453796,0.032158706337213516
28,33,False,0.0,1,0.7980664968490601,0.25875723361968994,0.5971571207046509,0.03218291699886322
28,34,False,0.0,1,0.7982677221298218,0.25827881693840027,0.5969914197921753,0.03211704641580582
28,35,False,0.0,1,0.7981188297271729,0.2583273649215698,0.5973159074783325,0.032246287912130356
159,176,False,0.0,0,0.6729583740234375,0.14853408932685852,0.5456327199935913,0.017304910346865654
159,177,False,0.0,1,0.7964106202125549,0.26247718930244446,0.5977749824523926,0.03235692158341408
159,178,False,0.0,1,0.7966782450675964,0.262599915266037,0.597951352596283,0.03240041807293892
159,179,False,0.0,1,0.7966152429580688,0.2626705467700958,0.597802996635437,0.03234456852078438
159,180,False,0.0,1,0.7966461777687073,0.2618516981601715,0.5969939231872559,0.03207133710384369
159,181,False,0.0,1,0.7967751026153564,0.26268523931503296,0.597836971282959,0.03239193931221962
159,182,False,0.0,1,0.7966985702514648,0.2619147002696991,0.5982035398483276,0.03244873508810997
159,183,False,0.0,1,0.7965762615203857,0.26256993412971497,0.5976120233535767,0.03229276090860367
159,184,True,0.004357298370450735,1,0.7969062328338623,0.262193500995636,0.5965678691864014,0.032112136483192444
159,185,True,0.015250544995069504,1,0.7964473962783813,0.2623560130596161,0.5955472588539124,0.031779102981090546
159,186,True,0.026143791154026985,1,0.7961012125015259,0.26195335388183594,0.5965524911880493,0.032191213220357895
159,187,True,0.03703703731298447,1,0.7956922054290771,0.26192131638526917,0.5963581204414368,0.03214116394519806
159,188,True,0.0479302816092968,1,0.7964037656784058,0.2610919177532196,0.5969237089157104,0.03232838958501816
159,189,True,0.05882352963089943,1,0.7958517670631409,0.26125067472457886,0.5957123637199402,0.031915485858917236
159,190,True,0.06971677392721176,1,0.7963616847991943,0.2608913481235504,0.5968146920204163,0.03232923895120621
159,191,True,0.08061002194881439,1,0.7966405153274536,0.26030752062797546,0.5959465503692627,0.03204842656850815
104,204,False,0.0,0,0.6516647338867188,0.1318042129278183,0.5430657267570496,0.016652679070830345
104,205,False,0.0,1,0.7943770289421082,0.26099956035614014,0.594547688961029,0.031723592430353165
104,206,False,0.0,1,0.7928643226623535,0.2618041932582855,0.5942773222923279,0.03162695840001106
104,207,False,0.0,1,0.792344331741333,0.2609241008758545,0.5941266417503357,0.031606219708919525
104,208,False,0.0,1,0.7919574975967407,0.2602140009403229,0.5940134525299072,0.03156624361872673
104,209,False,0.0,1,0.7920197248458862,0.25968003273010254,0.5940096378326416,0.03156139701604843
104,210,False,0.0,1,0.7926851511001587,0.2603952884674072,0.5941067934036255,0.03159930184483528
104,211,False,0.0,1,0.7918224334716797,0.2599741220474243,0.5936174392700195,0.031436387449502945
104,212,False,0.0,1,0.7932714223861694,0.2596222758293152,0.593140721321106,0.03146293759346008
104,213,False,0.0,1,0.7918825149536133,0.25997215509414673,0.5922126770019531,0.031181491911411285
104,214,False,0.0,1,0.7925504446029663,0.2598763406276703,0.5929262638092041,0.031414322555065155
104,215,False,0.0,1,0.7927075624465942,0.2594779431819916,0.5931609869003296,0.03151136264204979
104,216,False,0.0,1,0.7929867506027222,0.2596353590488434,0.5930330753326416,0.03147253394126892
104,217,False,0.0,1,0.7931435108184814,0.2595738172531128,0.5930353999137878,0.03146543353796005
104,218,False,0.0,1,0.792249321937561,0.25989869236946106,0.5927734375,0.031343672424554825
104,219,False,0.0,1,0.7921309471130371,0.25971776247024536,0.5932807326316833,0.03154061734676361
9,1,False,0.0,0,0.6675224304199219,0.1349582076072693,0.542911171913147,0.016825787723064423
9,2,False,0.0,1,0.7986615896224976,0.2584553062915802,0.5938069820404053,0.03199218958616257
9,3,False,0.0,1,0.7991248965263367,0.257976770401001,0.5934930443763733,0.03186621144413948
9,4,False,0.0,1,0.7988868355751038,0.25839853286743164,0.592909038066864,0.03169344738125801
9,5,False,0.0,1,0.7975457310676575,0.258085161447525,0.5928655862808228,0.03168042376637459
9,6,False,0.0,1,0.7983008623123169,0.2581372857093811,0.5935213565826416,0.03189775347709656
9,7,False,0.0,1,0.7979440689086914,0.2587295472621918,0.593599796295166,0.03191321715712547
9,8,False,0.0,1,0.7979249954223633,0.25897568464279175,0.5928174257278442,0.03172222897410393
9,9,False,0.0,1,0.7982785105705261,0.258324533700943,0.5929806232452393,0.03178456053137779
9,10,True,0.17391304671764374,1,0.7962956428527832,0.2580568194389343,0.5906055569648743,0.031106101348996162
9,11,True,0.3913043439388275,1,0.7966209650039673,0.2574706971645355,0.5900432467460632,0.03107990138232708
9,12,True,0.6086956262588501,1,0.7956663370132446,0.2572406828403473,0.5887134075164795,0.030707666650414467
9,13,True,0.8260869383811951,1,0.794967532157898,0.25748205184936523,0.5878255367279053,0.030519237741827965
9,14,True,1.0,1,0.7941587567329407,0.2574642598628998,0.5812513828277588,0.028185440227389336
9,15,True,1.0,1,0.7941468954086304,0.2575201988220215,0.5812687277793884,0.028309907764196396
9,16,True,1.0,1,0.7941427230834961,0.2575297951698303,0.5811501741409302,0.028339413926005363
50,32,False,0.0,0,0.6643030643463135,0.1335461586713791,0.5424095988273621,0.016685860231518745
50,33,False,0.0,1,0.7980709075927734,0.2590588629245758,0.5938923954963684,0.0320206955075264
50,34,False,0.0,1,0.7977264523506165,0.2592548727989197,0.5932957530021667,0.031839266419410706
50,35,False,0.0,1,0.7977367043495178,0.2586479187011719,0.5937910676002502,0.03197494521737099
50,36,False,0.0,1,0.7976937890052795,0.25931209325790405,0.5935514569282532,0.03192613273859024
50,37,False,0.0,1,0.7982227802276611,0.2589429020881653,0.5929147601127625,0.03166426345705986
50,38,False,0.0,1,0.7978789806365967,0.25880762934684753,0.592577338218689,0.03156955540180206
50,39,False,0.0,1,0.7980421185493469,0.2587524652481079,0.5932179689407349,0.031811222434043884
50,40,True,0.020202020183205605,1,0.7983195781707764,0.25847718119621277,0.5936530232429504,0.03190799802541733
50,41,True,0.07070706784725189,1,0.7977566719055176,0.2586411237716675,0.5928622484207153,0.031698163598775864
50,42,True,0.12121212482452393,1,0.7974368929862976,0.25776779651641846,0.5921261310577393,0.03149887174367905
50,43,True,0.17171716690063477,1,0.797236442565918,0.25767070055007935,0.5913884043693542,0.031259626150131226
50,44,True,0.2222222238779068,1,0.7965376377105713,0.2574442923069,0.5895083546638489,0.030802348628640175
50,45,True,0.27272728085517883,1,0.7962813377380371,0.25749796628952026,0.5898157954216003,0.030965041369199753
50,46,True,0.3232323229312897,1,0.7963775396347046,0.2574061155319214,0.589916467666626,0.031008658930659294
50,47,True,0.3737373650074005,1,0.7962868213653564,0.25745853781700134,0.5887125134468079,0.030668679624795914
126,114,False,0.0,0,0.6703133583068848,0.14888034760951996,0.5436434745788574,0.01714971847832203
126,115,False,0.0,1,0.7969330549240112,0.2624313533306122,0.5940954685211182,0.0320037305355072
126,116,False,0.0,1,0.7966452836990356,0.26271823048591614,0.5949155688285828,0.03225512057542801
126,117,False,0.0,1,0.7966365218162537,0.2626410126686096,0.5947078466415405,0.032187625765800476
126,118,False,0.0,1,0.7966947555541992,0.2627406120300293,0.5947144031524658,0.03215204179286957
126,119,False,0.0,1,0.7974622249603271,0.2628193497657776,0.5944657325744629,0.03210987523198128
126,120,False,0.0,1,0.7970784306526184,0.262503445148468,0.5942785143852234,0.03211076557636261
126,121,False,0.0,1,0.7969650030136108,0.2629165053367615,0.5949438810348511,0.03227876126766205
126,122,False,0.0,1,0.7970709204673767,0.2629920244216919,0.5952873229980469,0.032358210533857346
126,123,False,0.0,1,0.7975304126739502,0.2628507614135742,0.595625638961792,0.03247874602675438
126,124,False,0.0,1,0.7982380390167236,0.2627021372318268,0.5960000157356262,0.032607872039079666
126,125,False,0.0,1,0.7982528209686279,0.26255878806114197,0.5951800346374512,0.03232657536864281
126,126,False,0.0,1,0.7986037731170654,0.2624458968639374,0.5953105688095093,0.032383985817432404
126,127,False,0.0,1,0.7985759973526001,0.2622934877872467,0.5955471992492676,0.03247901797294617
126,128,False,0.0,1,0.7987667322158813,0.26212844252586365,0.5952465534210205,0.032364968210458755
126,129,False,0.0,1,0.7987580299377441,0.2613702118396759,0.5953883528709412,0.03244516998529434
10,35,False,0.0,0,0.662179708480835,0.13316941261291504,0.5455239415168762,0.017912471666932106
10,36,False,0.0,1,0.7970324158668518,0.2589341104030609,0.5958124995231628,0.032638780772686005
10,37,False,0.0,1,0.7971742749214172,0.25881680846214294,0.5954820513725281,0.03249642625451088
10,38,False,0.0,1,0.7971940040588379,0.2589808404445648,0.5956679582595825,0.03262583538889885
10,39,False,0.0,1,0.7976289987564087,0.25871962308883667,0.595609188079834,0.03255211561918259
10,40,False,0.0,1,0.7978502511978149,0.25882402062416077,0.5960431098937988,0.032725781202316284
10,41,False,0.0,1,0.7977583408355713,0.2588005065917969,0.5959832072257996,0.032656844705343246
10,42,False,0.0,1,0.7974425554275513,0.25841909646987915,0.5951308608055115,0.032392047345638275
10,43,True,0.009345794096589088,1,0.7983294725418091,0.2583719491958618,0.5958805680274963,0.032526399940252304
10,44,True,0.05607476457953453,1,0.7978212237358093,0.2582072913646698,0.5952814221382141,0.03229726850986481
10,45,True,0.10280373692512512,1,0.7976388335227966,0.2576276957988739,0.595088541507721,0.0322781503200531
10,46,True,0.14953270554542542,1,0.7974278926849365,0.2577463984489441,0.5938931107521057,0.03197731822729111
10,47,True,0.1962616890668869,1,0.7977164387702942,0.25775566697120667,0.592404842376709,0.031476058065891266
10,48,True,0.2429906576871872,1,0.7980839014053345,0.25786206126213074,0.5914372205734253,0.0312397051602602
10,49,True,0.2897196114063263,1,0.7958948612213135,0.2576355040073395,0.5912436842918396,0.03132221847772598
10,50,True,0.336448609828949,1,0.7951905727386475,0.25769081711769104,0.5908249020576477,0.03120957501232624
93,20,False,0.0,0,0.6555898189544678,0.12647132575511932,0.5440823435783386,0.016892101615667343
93,21,False,0.0,1,0.7976769804954529,0.2582566440105438,0.5951417684555054,0.03211836889386177
93,22,False,0.0,1,0.7976311445236206,0.25791749358177185,0.5960210561752319,0.03240849822759628
93,23,False,0.0,1,0.7972964644432068,0.25748229026794434,0.5952709317207336,0.032180242240428925
93,24,False,0.0,1,0.7972832918167114,0.25792914628982544,0.5955389142036438,0.032252270728349686
93,25,False,0.0,1,0.7968450784683228,0.257686048746109,0.5950722098350525,0.03212053328752518
93,26,False,0.0,1,0.7973275184631348,0.2578867971897125,0.5954640507698059,0.03224052116274834
93,27,False,0.0,1,0.79732346534729,0.2578265368938446,0.5950711369514465,0.03210284933447838
93,28,False,0.0,1,0.7966712713241577,0.257643461227417,0.5945717692375183,0.03189682215452194
93,29,False,0.0,1,0.7958465814590454,0.2576902508735657,0.5952410101890564,0.03210919722914696
93,30,False,0.0,1,0.7961448431015015,0.25777411460876465,0.5947354435920715,0.03192977234721184
93,31,False,0.0,1,0.795566737651825,0.25773265957832336,0.5950103998184204,0.0320107638835907
93,32,False,0.0,1,0.7973117828369141,0.2580816149711609,0.5953235626220703,0.03213910013437271
93,33,False,0.0,1,0.7973095178604126,0.2583427131175995,0.5950208902359009,0.03205065801739693
93,34,False,0.0,1,0.797063946723938,0.25819694995880127,0.5954315066337585,0.03214717283844948
93,35,False,0.0,1,0.7973562479019165,0.25825440883636475,0.5950689911842346,0.03204074874520302
106,113,False,0.0,0,0.6717474460601807,0.1500823199748993,0.5458308458328247,0.017574753612279892
106,114,False,0.0,1,0.7966374754905701,0.2627002000808716,0.5968635082244873,0.0323309563100338
106,115,False,0.0,1,0.7969213724136353,0.26213452219963074,0.5969753265380859,0.03240751475095749
106,116,False,0.0,1,0.7971768379211426,0.26203227043151855,0.5967236161231995,0.03235481679439545
106,117,False,0.0,1,0.7967883348464966,0.26267769932746887,0.5966197848320007,0.0322895310819149
106,118,False,0.0,1,0.79746413230896,0.2622630000114441,0.5966822504997253,0.032345157116651535
106,119,False,0.0,1,0.7971816062927246,0.26263174414634705,0.5970350503921509,0.03244209662079811
106,120,False,0.0,1,0.7978971004486084,0.26240742206573486,0.5966698527336121,0.03233609348535538
106,121,True,0.0033112582750618458,1,0.7990025877952576,0.2620755434036255,0.5969213247299194,0.03239230066537857
106,122,True,0.01986755058169365,1,0.7992271184921265,0.2621254026889801,0.5967079401016235,0.03231104835867882
106,123,True,0.03642383962869644,1,0.7994379997253418,0.2622492015361786,0.5964131355285645,0.032225072383880615
106,124,True,0.05298013240098953,1,0.7996388673782349,0.2615269720554352,0.5960362553596497,0.0321180634200573
106,125,True,0.06953642517328262,1,0.7998127937316895,0.2615402936935425,0.5961058139801025,0.03216306120157242
106,126,True,0.08609271794557571,1,0.7996441125869751,0.26136109232902527,0.5966144800186157,0.03229250758886337
106,127,True,0.10264900326728821,1,0.8000770807266235,0.26125678420066833,0.5963804721832275,0.03226538375020027
106,128,True,0.1192052960395813,1,0.7999110221862793,0.26082539558410645,0.5953930020332336,0.03200244531035423
35,30,False,0.0,0,0.6596240997314453,0.13092276453971863,0.5425142049789429,0.016473429277539253
35,31,False,0.0,1,0.7974613308906555,0.25868067145347595,0.5951781868934631,0.03194466233253479
35,32,False,0.0,1,0.7967531085014343,0.2592270076274872,0.594870924949646,0.03186816722154617
35,33,False,0.0,1,0.7963863611221313,0.25940486788749695,0.5953124761581421,0.032014816999435425
35,34,False,0.0,1,0.7967509627342224,0.25884342193603516,0.5954981446266174,0.03207070380449295
35,35,False,0.0,1,0.7962809801101685,0.25951018929481506,0.5944802761077881,0.03173641487956047
35,36,False,0.0,1,0.7964164018630981,0.2587968707084656,0.5958207845687866,0.03218669816851616
35,37,False,0.0,1,0.7958673238754272,0.25927016139030457,0.5948021411895752,0.031827572733163834
35,38,False,0.0,1,0.7963770627975464,0.2592925727367401,0.5953009724617004,0.032091617584228516
35,39,False,0.0,1,0.7966336011886597,0.25928807258605957,0.5953718423843384,0.03210948035120964
35,40,False,0.0,1,0.79622483253479,0.2590584456920624,0.5948320031166077,0.031884610652923584
35,41,False,0.0,1,0.7968236207962036,0.2590017318725586,0.594646155834198,0.03183465078473091
35,42,False,0.0,1,0.797126293182373,0.258148729801178,0.5944674015045166,0.031736940145492554
35,43,False,0.0,1,0.7978363037109375,0.25814083218574524,0.5953338146209717,0.032030828297138214
35,44,False,0.0,1,0.7973639965057373,0.2582308351993561,0.5953100323677063,0.03200996667146683
35,45,False,0.0,1,0.7972530126571655,0.25874367356300354,0.5954609513282776,0.03204768896102905
154,120,False,0.0,0,0.6747260093688965,0.15078064799308777,0.5447465181350708,0.01732710748910904
154,121,False,0.0,1,0.7977885007858276,0.2622918486595154,0.596085786819458,0.03218785300850868
154,122,False,0.0,1,0.7983859777450562,0.26211217045783997,0.5961896777153015,0.0322585329413414
154,123,False,0.0,1,0.7982193231582642,0.2623671889305115,0.5967682003974915,0.032410137355327606
154,124,False,0.0,1,0.7987185716629028,0.26215630769729614,0.5960657000541687,0.03218658268451691
154,125,False,0.0,1,0.7990936040878296,0.26203203201293945,0.5963950753211975,0.032311685383319855
154,126,False,0.0,1,0.799595832824707,0.2618337571620941,0.5965059399604797,0.03233800083398819
154,127,False,0.0,1,0.7999632358551025,0.26173779368400574,0.5966329574584961,0.032394587993621826
154,128,True,0.006269592326134443,1,0.8000839948654175,0.2616484761238098,0.596642792224884,0.03247601538896561
154,129,True,0.021943572908639908,1,0.8002671003341675,0.2612571120262146,0.5953952074050903,0.032071880996227264
154,130,True,0.037617553025484085,1,0.800460696220398,0.26134735345840454,0.5956881046295166,0.03220583498477936
154,131,True,0.05329153686761856,1,0.8005210161209106,0.2609621584415436,0.5963832139968872,0.03244359418749809
154,132,True,0.06896551698446274,1,0.8001958131790161,0.2614102363586426,0.596063494682312,0.032346222549676895
154,133,True,0.08463949710130692,1,0.7997860908508301,0.2609325647354126,0.59567791223526,0.0322435200214386
154,134,True,0.10031347721815109,1,0.7999320030212402,0.26102593541145325,0.5963513851165771,0.03243420273065567
154,135,True,0.11598745733499527,1,0.7985745668411255,0.26114335656166077,0.5959436893463135,0.03231693431735039
40,5,False,0.0,0,0.6655590534210205,0.1321614384651184,0.5427544116973877,0.016568774357438087
40,6,False,0.0,1,0.7989541888237,0.25839731097221375,0.5960891842842102,0.03233443200588226
40,7,False,0.0,1,0.7997016906738281,0.2581646144390106,0.5957687497138977,0.03222760185599327
40,8,False,0.0,1,0.7996808886528015,0.258486270904541,0.5955129861831665,0.03214471787214279
40,9,False,0.0,1,0.7985988259315491,0.2577873468399048,0.5958866477012634,0.0322376973927021
40,10,False,0.0,1,0.7990350127220154,0.2584872543811798,0.5952916741371155,0.03205614164471626
40,11,False,0.0,1,0.799105167388916,0.2577129900455475,0.5953649282455444,0.032087672501802444
40,12,False,0.0,1,0.7982243895530701,0.25783392786979675,0.5956385731697083,0.032202109694480896
40,13,False,0.0,1,0.7984010577201843,0.2579895853996277,0.5962794423103333,0.032374508678913116
40,14,False,0.0,1,0.7981083393096924,0.25798049569129944,0.5950843691825867,0.031973935663700104
40,15,False,0.0,1,0.7984188199043274,0.2580479383468628,0.5951701998710632,0.03205930069088936
40,16,False,0.0,1,0.7976244688034058,0.25806158781051636,0.5952692031860352,0.03208676725625992
40,17,False,0.0,1,0.7985382080078125,0.25814560055732727,0.5952732563018799,0.03207690268754959
40,18,False,0.0,1,0.7978019714355469,0.2579837441444397,0.5949437022209167,0.03198662027716637
40,19,False,0.0,1,0.7980735898017883,0.25777167081832886,0.5951446294784546,0.032071247696876526
40,20,False,0.0,1,0.7979352474212646,0.25810813903808594,0.5950753092765808,0.03201043978333473
81,19,False,0.0,0,0.6449613571166992,0.11881836503744125,0.5424660444259644,0.01644759066402912
81,20,False,0.0,1,0.7965287566184998,0.2580591142177582,0.5947273969650269,0.03192560002207756
81,21,False,0.0,1,0.7972894906997681,0.2584015727043152,0.5942161083221436,0.03178203105926514
81,22,False,0.0,1,0.7959978580474854,0.2579488456249237,0.5941206812858582,0.031782351434230804
81,23,False,0.0,1,0.7959622144699097,0.25798824429512024,0.594685971736908,0.031922727823257446
81,24,False,0.0,1,0.7960982322692871,0.25794535875320435,0.5948843359947205,0.03197570517659187
81,25,False,0.0,1,0.7963418364524841,0.2578498423099518,0.594059944152832,0.03174538165330887
81,26,False,0.0,1,0.7960013151168823,0.25776928663253784,0.594598650932312,0.03187673166394234
81,27,False,0.0,1,0.7970896363258362,0.25829997658729553,0.5949146747589111,0.031997110694646835
81,28,True,0.05882352963089943,1,0.7971808314323425,0.2584182918071747,0.5939116477966309,0.0316629521548748
81,29,True,0.13235294818878174,1,0.7966042160987854,0.2575199604034424,0.592511773109436,0.031226929277181625
81,30,True,0.20588235557079315,1,0.7969677448272705,0.25807973742485046,0.5919022560119629,0.031189406290650368
81,31,True,0.27941176295280457,1,0.7969413995742798,0.2577105462551117,0.5913571715354919,0.031013457104563713
81,32,True,0.3529411852359772,1,0.7962244749069214,0.257997065782547,0.5918164253234863,0.031274743378162384
81,33,True,0.4264705777168274,1,0.7961138486862183,0.2575359046459198,0.5905284881591797,0.03080647811293602
81,34,True,0.5,1,0.7964756488800049,0.25799307227134705,0.591234028339386,0.03112722933292389
97,33,False,0.0,0,0.6604905128479004,0.13105353713035583,0.543354868888855,0.016815626993775368
97,34,False,0.0,1,0.7984244227409363,0.2586513161659241,0.5946934819221497,0.031949233263731
97,35,False,0.0,1,0.7984919548034668,0.25882941484451294,0.5955359935760498,0.03218042105436325
97,36,False,0.0,1,0.7986011505126953,0.2585798501968384,0.5953041911125183,0.03208998590707779
97,37,False,0.0,1,0.798186182975769,0.25892049074172974,0.5952609181404114,0.032160621136426926
97,38,False,0.0,1,0.7986419796943665,0.25863468647003174,0.5943010449409485,0.03176901862025261
97,39,False,0.0,1,0.7985305786132812,0.2588122487068176,0.5947428345680237,0.03193242475390434
97,40,False,0.0,1,0.7980372905731201,0.25895804166793823,0.595142662525177,0.03207569196820259
97,41,False,0.0,1,0.7978036403656006,0.25911083817481995,0.5958127975463867,0.03230777382850647
97,42,False,0.0,1,0.7978918552398682,0.2591838538646698,0.5952467918395996,0.03212956711649895
97,43,False,0.0,1,0.7983735799789429,0.25894802808761597,0.5956627130508423,0.032285816967487335
97,44,False,0.0,1,0.7974197864532471,0.2594280242919922,0.5947852730751038,0.0320202112197876
97,45,False,0.0,1,0.7978709936141968,0.2589932382106781,0.5941420793533325,0.03179208189249039
97,46,False,0.0,1,0.798113226890564,0.25896531343460083,0.5955874919891357,0.03230554983019829
97,47,False,0.0,1,0.7979055643081665,0.25927117466926575,0.5947643518447876,0.03199608996510506
97,48,False,0.0,1,0.7973958849906921,0.25842180848121643,0.5950722694396973,0.032134655863046646
189,175,False,0.0,0,0.66829514503479,0.1466226726770401,0.5450472831726074,0.017264604568481445
189,176,False,0.0,1,0.79764324426651,0.26128825545310974,0.5969274640083313,0.0326002761721611
189,177,False,0.0,1,0.7973942756652832,0.2614448368549347,0.5964186787605286,0.03245184198021889
189,178,False,0.0,1,0.7970441579818726,0.261717289686203,0.5968933701515198,0.03260020166635513
189,179,False,0.0,1,0.7968717813491821,0.261963814496994,0.5965080857276917,0.032462019473314285
189,180,False,0.0,1,0.7967188358306885,0.2610635757446289,0.5963302254676819,0.03239535912871361
189,181,False,0.0,1,0.7969664335250854,0.2615280747413635,0.5970163941383362,0.03262251615524292
189,182,False,0.0,1,0.7972129583358765,0.2614627480506897,0.5967215895652771,0.032519884407520294
189,183,False,0.0,1,0.7975369691848755,0.26159903407096863,0.5973069667816162,0.032705869525671005
189,184,False,0.0,1,0.7968339920043945,0.2611345648765564,0.5966148972511292,0.03249835968017578
189,185,False,0.0,1,0.7973053455352783,0.2618015706539154,0.5973280668258667,0.032731350511312485
189,186,False,0.0,1,0.7971419095993042,0.2613259255886078,0.5969178676605225,0.032600607722997665
189,187,False,0.0,1,0.797440767288208,0.2617033123970032,0.5976598858833313,0.032885607331991196
189,188,False,0.0,1,0.7970688343048096,0.26151081919670105,0.5969611406326294,0.03258415684103966
189,189,False,0.0,1,0.7970715761184692,0.2624039351940155,0.5973374843597412,0.032743800431489944
189,190,False,0.0,1,0.7967860698699951,0.26256000995635986,0.597548246383667,0.03279735893011093
86,52,False,0.0,0,0.6458473205566406,0.11822899430990219,0.5436740517616272,0.016604162752628326
86,53,False,0.0,1,0.7978591918945312,0.25721850991249084,0.5962386131286621,0.03245745971798897
86,54,False,0.0,1,0.7973209619522095,0.25714781880378723,0.5955365896224976,0.03222499042749405
86,55,False,0.0,1,0.7972105741500854,0.257265567779541,0.5963817834854126,0.03251028433442116
86,56,False,0.0,1,0.7973292469978333,0.25723588466644287,0.5968179702758789,0.03265565261244774
86,57,False,0.0,1,0.7972298860549927,0.2573164701461792,0.5970040559768677,0.03269733488559723
86,58,False,0.0,1,0.7978044748306274,0.2573837339878082,0.5965272784233093,0.03254800662398338
86,59,False,0.0,1,0.7976148724555969,0.25754255056381226,0.5963517427444458,0.03250991180539131
86,60,False,0.0,1,0.7973226308822632,0.2573452889919281,0.5961955785751343,0.032367005944252014
86,61,True,0.01986755058169365,1,0.7973358035087585,0.25725317001342773,0.5955735445022583,0.032245103269815445
86,62,True,0.05298013240098953,1,0.7972266674041748,0.25714176893234253,0.5948759317398071,0.03206735849380493
86,63,True,0.08609271794557571,1,0.7970324754714966,0.2571317255496979,0.5938302874565125,0.031819600611925125
86,64,True,0.1192052960395813,1,0.7972726821899414,0.25713610649108887,0.5935795903205872,0.0317910835146904
86,65,True,0.15231788158416748,1,0.7974673509597778,0.25719189643859863,0.5939170718193054,0.031832993030548096
86,66,True,0.18543046712875366,1,0.7973189353942871,0.2570946514606476,0.5933088064193726,0.03170652315020561
86,67,True,0.21854305267333984,1,0.797256350517273,0.25702837109565735,0.5933226346969604,0.03172862529754639
4,5,False,0.0,0,0.6612594127655029,0.13369116187095642,0.543428361415863,0.016865024343132973
4,6,False,0.0,1,0.7983365058898926,0.25907012820243835,0.5968188047409058,0.032499026507139206
4,7,False,0.0,1,0.7985894680023193,0.2592496871948242,0.5963824391365051,0.03234678506851196
4,8,False,0.0,1,0.7983152866363525,0.2593337297439575,0.5960938930511475,0.03225211426615715
4,9,False,0.0,1,0.7985743284225464,0.25919419527053833,0.596124529838562,0.032272424548864365
4,10,False,0.0,1,0.7984055280685425,0.25888893008232117,0.5967593789100647,0.03247357904911041
4,11,False,0.0,1,0.7982043027877808,0.2590598165988922,0.5962653160095215,0.03228381648659706
4,12,False,0.0,1,0.798151433467865,0.2582037150859833,0.5961356163024902,0.03226697817444801
4,13,False,0.0,1,0.7980911731719971,0.2589648962020874,0.5960136651992798,0.032285694032907486
4,14,False,0.0,1,0.7986173629760742,0.258871853351593,0.5961483120918274,0.03236323222517967
4,15,False,0.0,1,0.7985174059867859,0.2582034468650818,0.5960356593132019,0.0322871096432209
4,16,False,0.0,1,0.797879695892334,0.2583180367946625,0.5957757234573364,0.03221974894404411
4,17,False,0.0,1,0.7981951236724854,0.25860896706581116,0.5964005589485168,0.03240300714969635
4,18,False,0.0,1,0.7985044717788696,0.2588534653186798,0.596328854560852,0.032385218888521194
4,19,False,0.0,1,0.7974528074264526,0.25800278782844543,0.5968404412269592,0.03251782804727554
4,20,False,0.0,1,0.7977430820465088,0.2579382061958313,0.5964043736457825,0.03240460902452469
6,24,False,0.0,0,0.6606509685516357,0.13202698528766632,0.5422892570495605,0.016203640028834343
6,25,False,0.0,1,0.7981553077697754,0.25859084725379944,0.5958263278007507,0.03225161135196686
6,26,False,0.0,1,0.7981351613998413,0.25891777873039246,0.5965357422828674,0.03249431028962135
6,27,False,0.0,1,0.7982803583145142,0.2590133249759674,0.5968149304389954,0.03255762159824371
6,28,False,0.0,1,0.7980518341064453,0.2589506208896637,0.5965108275413513,0.03245249390602112
6,29,False,0.0,1,0.7984918355941772,0.2589871883392334,0.5965994000434875,0.032504405826330185
6,30,False,0.0,1,0.7989805936813354,0.25880908966064453,0.5970661044120789,0.032628949731588364
6,31,False,0.0,1,0.798002302646637,0.25907987356185913,0.5967267751693726,0.03251969441771507
6,32,False,0.0,1,0.7984933257102966,0.2589908540248871,0.596396803855896,0.03254731371998787
6,33,True,0.03703703731298447,1,0.7981014251708984,0.2590685188770294,0.5964388251304626,0.032587457448244095
6,34,True,0.09876543283462524,1,0.798184335231781,0.25832194089889526,0.5956861972808838,0.03233293071389198
6,35,True,0.16049382090568542,1,0.7979758977890015,0.25712287425994873,0.593482255935669,0.0316820964217186
6,36,True,0.2222222238779068,1,0.79744553565979,0.2569922208786011,0.5928888320922852,0.031602974981069565
6,37,True,0.2839506268501282,1,0.7983876466751099,0.2572851777076721,0.5931960940361023,0.03180190175771713
6,38,True,0.34567901492118835,1,0.7972570657730103,0.2570580542087555,0.5916694402694702,0.031285498291254044
6,39,True,0.40740740299224854,1,0.7977529764175415,0.2569764256477356,0.5917301177978516,0.03135208413004875
8,21,False,0.0,0,0.651402473449707,0.1216362714767456,0.5432635545730591,0.016975440084934235
8,22,False,0.0,1,0.7987897396087646,0.25851789116859436,0.5968081951141357,0.03276031091809273
8,23,False,0.0,1,0.7985085248947144,0.25805017352104187,0.5966275930404663,0.0326799638569355
8,24,False,0.0,1,0.798669695854187,0.25751179456710815,0.5968499183654785,0.03275781497359276
8,25,False,0.0,1,0.7977133989334106,0.25707849860191345,0.5960326790809631,0.03251116722822189
8,26,False,0.0,1,0.7980419397354126,0.2571064233779907,0.5958393216133118,0.032458383589982986
8,27,False,0.0,1,0.7981598377227783,0.25715503096580505,0.5966826677322388,0.03271178901195526
8,28,False,0.0,1,0.799210786819458,0.25752460956573486,0.5974048376083374,0.0329124853014946
8,29,False,0.0,1,0.7975602746009827,0.25701987743377686,0.5953109264373779,0.03219141811132431
8,30,False,0.0,1,0.7973881959915161,0.2569679021835327,0.5954350829124451,0.03225335106253624
8,31,False,0.0,1,0.7981602549552917,0.257168173789978,0.5959017276763916,0.032419025897979736
8,32,False,0.0,1,0.7987772822380066,0.2573776841163635,0.5965167880058289,0.03263648599386215
8,33,False,0.0,1,0.7974628210067749,0.2570502758026123,0.5957910418510437,0.0323411263525486
8,34,False,0.0,1,0.7988584041595459,0.2574993371963501,0.5971880555152893,0.03284138813614845
8,35,False,0.0,1,0.7989386320114136,0.25829675793647766,0.5972363352775574,0.03284112364053726
8,36,False,0.0,1,0.7983862161636353,0.25700676441192627,0.5958149433135986,0.0323781780898571
181,121,False,0.0,0,0.6791112422943115,0.15564604103565216,0.5455966591835022,0.01761223003268242
181,122,False,0.0,1,0.8000423312187195,0.261864572763443,0.5964803695678711,0.0323631651699543
181,123,False,0.0,1,0.7988704442977905,0.26217415928840637,0.5969809889793396,0.032520703971385956
181,124,False,0.0,1,0.7994130849838257,0.26236429810523987,0.596866250038147,0.032540906220674515
181,125,False,0.0,1,0.7993929982185364,0.26243019104003906,0.5978263020515442,0.03278767690062523
181,126,False,0.0,1,0.7996902465820312,0.2622552812099457,0.5964967012405396,0.03239601477980614
181,127,False,0.0,1,0.800298810005188,0.26171645522117615,0.5969236493110657,0.03254600986838341
181,128,False,0.0,1,0.8004347681999207,0.2619690001010895,0.5972341895103455,0.0326470285654068
181,129,False,0.0,1,0.8010785579681396,0.2615187466144562,0.5979722738265991,0.03274942934513092
181,130,False,0.0,1,0.8011986017227173,0.2610451579093933,0.5964703559875488,0.03226470574736595
181,131,False,0.0,1,0.8012211322784424,0.26107946038246155,0.5978289246559143,0.03270480036735535
181,132,False,0.0,1,0.8012366890907288,0.26026803255081177,0.5976028442382812,0.03261516988277435
181,133,False,0.0,1,0.8013956546783447,0.2604934871196747,0.5974305272102356,0.03254193440079689
181,134,False,0.0,1,0.8010007739067078,0.26024651527404785,0.5977348685264587,0.032683953642845154
181,135,False,0.0,1,0.8015813827514648,0.2601378858089447,0.5975775122642517,0.03258727490901947
181,136,False,0.0,1,0.8011148571968079,0.26015469431877136,0.5973819494247437,0.03254988417029381
25,17,False,0.0,0,0.6495866775512695,0.1196780577301979,0.5424374341964722,0.016282789409160614
25,18,False,0.0,1,0.7992712259292603,0.25787055492401123,0.5978084802627563,0.032643359154462814
25,19,False,0.0,1,0.7984183430671692,0.25703179836273193,0.5965964794158936,0.03223409503698349
25,20,False,0.0,1,0.7984694242477417,0.2570665180683136,0.5967932939529419,0.03229830041527748
25,21,False,0.0,1,0.7986589074134827,0.2568076550960541,0.5970751643180847,0.032365430146455765
25,22,False,0.0,1,0.7980872392654419,0.2568316161632538,0.5966973900794983,0.03224150091409683
25,23,False,0.0,1,0.7981900572776794,0.25672709941864014,0.5967794060707092,0.032269012182950974
25,24,False,0.0,1,0.7981339693069458,0.2568580210208893,0.5965021252632141,0.03220319375395775
25,25,True,0.016129031777381897,1,0.7991835474967957,0.256957471370697,0.5981866717338562,0.032547056674957275
25,26,True,0.09677419066429138,1,0.7983098030090332,0.256938099861145,0.5964412093162537,0.03206324949860573
25,27,True,0.17741934955120087,1,0.7976062893867493,0.2571859061717987,0.5954394936561584,0.031937483698129654
25,28,True,0.25806450843811035,1,0.7975935935974121,0.25717684626579285,0.5944141745567322,0.031597524881362915
25,29,True,0.33870968222618103,1,0.797782301902771,0.2571248710155487,0.5941066145896912,0.03152880072593689
25,30,True,0.4193548262119293,1,0.7978636026382446,0.25691062211990356,0.5932176113128662,0.03132796660065651
25,31,True,0.5,1,0.7976720333099365,0.2570156455039978,0.5926657319068909,0.031209519132971764
25,32,True,0.5806451439857483,1,0.7972372770309448,0.2568732798099518,0.5920601487159729,0.031057342886924744
186,114,False,0.0,0,0.6672108173370361,0.14864245057106018,0.546096920967102,0.017264671623706818
186,115,False,0.0,1,0.7975205183029175,0.2627241015434265,0.5985132455825806,0.032402705401182175
186,116,False,0.0,1,0.7980111837387085,0.2626996636390686,0.5985845923423767,0.03241080418229103
186,117,False,0.0,1,0.7983008623123169,0.262407124042511,0.5981059670448303,0.03227371349930763
186,118,False,0.0,1,0.7987159490585327,0.262362539768219,0.59881591796875,0.03247867897152901
186,119,False,0.0,1,0.7981940507888794,0.2627002000808716,0.5984014272689819,0.03235802799463272
186,120,False,0.0,1,0.7994487285614014,0.26225942373275757,0.5988010764122009,0.03248775377869606
186,121,False,0.0,1,0.7987145185470581,0.2624484598636627,0.5990586280822754,0.03260532766580582
186,122,False,0.0,1,0.8004238605499268,0.261336088180542,0.5991981029510498,0.032651305198669434
186,123,True,0.009803921915590763,1,0.8007301092147827,0.26147201657295227,0.5987260937690735,0.03253444284200668
186,124,True,0.026143791154026985,1,0.8008139133453369,0.26095277070999146,0.5994013547897339,0.03273496404290199
186,125,True,0.04248366132378578,1,0.8009069561958313,0.26070085167884827,0.5987776517868042,0.03258242830634117
186,126,True,0.05882352963089943,1,0.801407516002655,0.2604827582836151,0.5980881452560425,0.0323554128408432
186,127,True,0.07516340166330338,1,0.8017042875289917,0.26022493839263916,0.5985036492347717,0.032478637993335724
186,128,True,0.09150326997041702,1,0.8017607927322388,0.2603050470352173,0.5985410213470459,0.03247518092393875
186,129,True,0.10784313827753067,1,0.8015282154083252,0.26010093092918396,0.5983778834342957,0.03244154155254364
