episode_id,timestep,occlusion_flag,occlusion_strength,history_size,cog_alpha_mean,cog_alpha_std,per_alpha_mean,per_alpha_std
115,175,False,0.0,0,0.6490941047668457,0.1185641661286354,0.502698540687561,0.0034249289892613888
115,176,False,0.0,1,0.7897936105728149,0.25129398703575134,0.5089102983474731,0.014640748500823975
115,177,False,0.0,1,0.7886879444122314,0.250944048166275,0.508278489112854,0.01446318905800581
115,178,False,0.0,1,0.7901619672775269,0.2510804533958435,0.508389949798584,0.014789683744311333
115,179,False,0.0,1,0.7889986038208008,0.2510756850242615,0.5077829360961914,0.014459173195064068
115,180,False,0.0,1,0.7905910015106201,0.25022247433662415,0.5077991485595703,0.014620853587985039
115,181,False,0.0,1,0.7896223068237305,0.2511937916278839,0.5075182914733887,0.014530142769217491
115,182,False,0.0,1,0.7885066866874695,0.2507539391517639,0.5082874298095703,0.014814520254731178
115,183,False,0.0,1,0.7905418872833252,0.25013864040374756,0.5081846714019775,0.014835217967629433
115,184,False,0.0,1,0.7902474403381348,0.24976876378059387,0.5087023973464966,0.01493038795888424
115,185,False,0.0,1,0.7887589931488037,0.25018182396888733,0.5085901021957397,0.014680411666631699
115,186,False,0.0,1,0.7918000221252441,0.25000661611557007,0.5079917311668396,0.014886378310620785
115,187,False,0.0,1,0.7906136512756348,0.2499641478061676,0.5076754689216614,0.014772957190871239
115,188,False,0.0,1,0.7906068563461304,0.25106045603752136,0.5076905488967896,0.014893140643835068
115,189,False,0.0,1,0.7908864617347717,0.2512480616569519,0.5081228017807007,0.014919884502887726
115,190,False,0.0,1,0.7933650016784668,0.25085651874542236,0.5078632831573486,0.014957046136260033
79,51,False,0.0,0,0.6547691822052002,0.12776881456375122,0.5023027062416077,0.003347945399582386
79,52,False,0.0,1,0.7896320819854736,0.2531675696372986,0.5076302886009216,0.014193889684975147
79,53,False,0.0,1,0.7871331572532654,0.2532174289226532,0.5079562067985535,0.014092674478888512
79,54,False,0.0,1,0.785911500453949,0.2533993422985077,0.5086455345153809,0.014296205714344978
79,55,False,0.0,1,0.7899116277694702,0.25301775336265564,0.5079153776168823,0.014189772307872772
79,56,False,0.0,1,0.7892974019050598,0.2526150941848755,0.5081819295883179,0.01430826261639595
79,57,False,0.0,1,0.7876206636428833,0.25330254435539246,0.5081439018249512,0.014428028836846352
79,58,False,0.0,1,0.7901973724365234,0.2532414197921753,0.5085444450378418,0.014212766662240028
79,59,False,0.0,1,0.7902594804763794,0.25300878286361694,0.5090721845626831,0.014518740586936474
79,60,True,0.027027027681469917,1,0.790614664554596,0.2522248923778534,0.50803542137146,0.014403022825717926
79,61,True,0.06081081181764603,1,0.7910735607147217,0.2518966794013977,0.5085314512252808,0.014458059333264828
79,62,True,0.09459459781646729,1,0.787273645401001,0.2539292573928833,0.5093325972557068,0.014563262462615967
79,63,True,0.12837837636470795,1,0.7882276773452759,0.2532739043235779,0.5085974931716919,0.014414650388062
79,64,True,0.1621621549129486,1,0.791450023651123,0.2533282935619354,0.5086809992790222,0.0146892499178648
79,65,True,0.19594594836235046,1,0.7892729043960571,0.25386473536491394,0.5101456642150879,0.014958974905312061
79,66,True,0.22972972691059113,1,0.7914201021194458,0.2528783679008484,0.5089700222015381,0.014492148533463478
20,20,False,0.0,0,0.6479425430297852,0.1164359599351883,0.5026130676269531,0.00330830249004066
20,21,False,0.0,1,0.7888078689575195,0.2515595555305481,0.5065560936927795,0.014274808578193188
20,22,False,0.0,1,0.7901632785797119,0.2506977617740631,0.5088967084884644,0.014366495423018932
20,23,False,0.0,1,0.7903574705123901,0.25156062841415405,0.5078068971633911,0.014227149076759815
20,24,False,0.0,1,0.7885370850563049,0.25193312764167786,0.5075736045837402,0.014269846491515636
20,25,False,0.0,1,0.7894167900085449,0.25063595175743103,0.5069980621337891,0.01411293726414442
20,26,False,0.0,1,0.7903851270675659,0.2508375346660614,0.5072941780090332,0.014198556542396545
20,27,False,0.0,1,0.7891843318939209,0.2507878541946411,0.5070822238922119,0.014377270825207233
20,28,True,0.028985507786273956,1,0.7909475564956665,0.25087249279022217,0.5067785382270813,0.01411365531384945
20,29,True,0.10144927352666855,1,0.7922732830047607,0.25005728006362915,0.5073667764663696,0.014230775646865368
20,30,True,0.17391304671764374,1,0.7880510687828064,0.251849889755249,0.5077243447303772,0.014511493034660816
20,31,True,0.24637681245803833,1,0.7877547740936279,0.24999642372131348,0.5085654258728027,0.014276264235377312
20,32,True,0.3188405930995941,1,0.7886831164360046,0.2519650459289551,0.5087351202964783,0.01472294982522726
20,33,True,0.3913043439388275,1,0.789891242980957,0.24999769032001495,0.507669985294342,0.014740288257598877
20,34,True,0.4637681245803833,1,0.7899207472801208,0.2506687045097351,0.508807897567749,0.01500244066119194
20,35,True,0.5362318754196167,1,0.7923250198364258,0.24952659010887146,0.5100691318511963,0.015057663433253765
144,114,False,0.0,0,0.6770071983337402,0.13805855810642242,0.5020158290863037,0.0034744245931506157
144,115,False,0.0,1,0.7925113439559937,0.2505713999271393,0.5083588361740112,0.01537087932229042
144,116,False,0.0,1,0.7931573987007141,0.2506060004234314,0.5077146291732788,0.015392372384667397
144,117,False,0.0,1,0.7921345233917236,0.2511313855648041,0.5085180997848511,0.015410155057907104
144,118,False,0.0,1,0.7922221422195435,0.25164493918418884,0.5075181722640991,0.015586474910378456
144,119,False,0.0,1,0.7938549518585205,0.24990902841091156,0.5090517997741699,0.015471313148736954
144,120,False,0.0,1,0.7943482398986816,0.24961604177951813,0.5086367726325989,0.015515805222094059
144,121,False,0.0,1,0.7942291498184204,0.2500647306442261,0.5078049898147583,0.01549180131405592
144,122,False,0.0,1,0.7932076454162598,0.24967877566814423,0.5070293545722961,0.016184376552700996
144,123,True,0.009803921915590763,1,0.7982567548751831,0.24922248721122742,0.5064208507537842,0.016237128525972366
144,124,True,0.026143791154026985,1,0.798309326171875,0.24809058010578156,0.5063560009002686,0.01607523113489151
144,125,True,0.04248366132378578,1,0.7968504428863525,0.24817456305027008,0.5064648389816284,0.01600663736462593
144,126,True,0.05882352963089943,1,0.7990404367446899,0.24931176006793976,0.5070551037788391,0.016019251197576523
144,127,True,0.07516340166330338,1,0.7969329953193665,0.2477286159992218,0.5053716897964478,0.01627475395798683
144,128,True,0.09150326997041702,1,0.7970559597015381,0.2479131817817688,0.505199670791626,0.015962107107043266
144,129,True,0.10784313827753067,1,0.7948304414749146,0.2493869662284851,0.5059172511100769,0.015901513397693634
138,115,False,0.0,0,0.6739306449890137,0.1391800194978714,0.5013041496276855,0.003817792749032378
138,116,False,0.0,1,0.7897801399230957,0.2494432032108307,0.504813551902771,0.016593139618635178
138,117,False,0.0,1,0.7926236987113953,0.2489301860332489,0.5051300525665283,0.016697226092219353
138,118,False,0.0,1,0.7912212014198303,0.2491050362586975,0.5053795576095581,0.016690395772457123
138,119,False,0.0,1,0.7943440675735474,0.2483178675174713,0.5050089359283447,0.01652875356376171
138,120,False,0.0,1,0.7940243482589722,0.24827520549297333,0.5049647092819214,0.01659156009554863
138,121,False,0.0,1,0.796171247959137,0.24676939845085144,0.5036329030990601,0.0168310534209013
138,122,False,0.0,1,0.7935060858726501,0.24676290154457092,0.5038619041442871,0.01690816879272461
138,123,False,0.0,1,0.7955639958381653,0.24354839324951172,0.5028910636901855,0.0173074658960104
138,124,True,0.012987012974917889,1,0.7937919497489929,0.24460995197296143,0.5042009353637695,0.017224373295903206
138,125,True,0.02922077849507332,1,0.7951381802558899,0.24605394899845123,0.5044854879379272,0.01690032333135605
138,126,True,0.04545454680919647,1,0.7947088479995728,0.24634350836277008,0.5042833685874939,0.01715821586549282
138,127,True,0.06168831139802933,1,0.7970191240310669,0.2458457201719284,0.5039054155349731,0.017313702031970024
138,128,True,0.07792207598686218,1,0.7977661490440369,0.24581065773963928,0.5032342672348022,0.017252936959266663
138,129,True,0.09415584057569504,1,0.796798586845398,0.24882975220680237,0.5052355527877808,0.017206357792019844
138,130,True,0.11038961261510849,1,0.791262686252594,0.24862073361873627,0.5047812461853027,0.017044654116034508
157,169,False,0.0,0,0.6454920768737793,0.1249607503414154,0.5012012720108032,0.004471819382160902
157,170,False,0.0,1,0.7847400903701782,0.25387200713157654,0.5048443078994751,0.01823686622083187
157,171,False,0.0,1,0.7823564410209656,0.2536413371562958,0.5048962831497192,0.01816929131746292
157,172,False,0.0,1,0.7852789759635925,0.25349265336990356,0.5056217908859253,0.018243450671434402
157,173,False,0.0,1,0.7833884954452515,0.2529677450656891,0.5045670866966248,0.018174832686781883
157,174,False,0.0,1,0.7842512130737305,0.25331705808639526,0.5059558153152466,0.018004151061177254
157,175,False,0.0,1,0.7840878963470459,0.25373849272727966,0.5047292113304138,0.018186045810580254
157,176,False,0.0,1,0.7836399078369141,0.2533538341522217,0.5052202343940735,0.01815055124461651
157,177,False,0.0,1,0.7821577787399292,0.25307270884513855,0.5040205121040344,0.01870748959481716
157,178,False,0.0,1,0.7832478284835815,0.2517247200012207,0.5043118596076965,0.01853112131357193
157,179,False,0.0,1,0.7841982841491699,0.2522585988044739,0.5031521320343018,0.018796812742948532
157,180,False,0.0,1,0.7828305959701538,0.25245943665504456,0.5039085149765015,0.018475210294127464
157,181,False,0.0,1,0.7819247841835022,0.25358253717422485,0.5036401748657227,0.018524765968322754
157,182,False,0.0,1,0.785356879234314,0.2532508671283722,0.504243016242981,0.01857594959437847
157,183,False,0.0,1,0.78429114818573,0.2518675923347473,0.5037875175476074,0.01826556958258152
157,184,False,0.0,1,0.784464955329895,0.25314822793006897,0.5032950043678284,0.01852121762931347
25,17,False,0.0,0,0.6465299129486084,0.12476276606321335,0.5014399886131287,0.004080378916114569
25,18,False,0.0,1,0.7816492915153503,0.2528909146785736,0.5042924880981445,0.01771273836493492
25,19,False,0.0,1,0.7812884449958801,0.2530868351459503,0.5037519931793213,0.017915718257427216
25,20,False,0.0,1,0.7811380624771118,0.2540205419063568,0.5042597055435181,0.01768575608730316
25,21,False,0.0,1,0.7799974083900452,0.25420451164245605,0.5035625696182251,0.017868945375084877
25,22,False,0.0,1,0.7810674905776978,0.2537941634654999,0.5037496089935303,0.017842592671513557
25,23,False,0.0,1,0.7804216742515564,0.2529006898403168,0.5040891170501709,0.017757698893547058
25,24,False,0.0,1,0.7806041240692139,0.25441038608551025,0.5042212009429932,0.017695533111691475
25,25,True,0.016129031777381897,1,0.7788800597190857,0.2519504725933075,0.502810001373291,0.017820950597524643
25,26,True,0.09677419066429138,1,0.779434084892273,0.2535923719406128,0.5033518075942993,0.018110934644937515
25,27,True,0.17741934955120087,1,0.7809561491012573,0.2475828379392624,0.5027953386306763,0.01791086420416832
25,28,True,0.25806450843811035,1,0.7798129320144653,0.25386250019073486,0.5033407807350159,0.018417635932564735
25,29,True,0.33870968222618103,1,0.7794519662857056,0.25182050466537476,0.5040587186813354,0.01829652488231659
25,30,True,0.4193548262119293,1,0.7794077396392822,0.2557438015937805,0.5039451122283936,0.018625812605023384
25,31,True,0.5,1,0.7795799374580383,0.2472478449344635,0.505000114440918,0.018352601677179337
25,32,True,0.5806451439857483,1,0.7825086116790771,0.24875201284885406,0.5048890113830566,0.017955707386136055
75,66,False,0.0,0,0.633521556854248,0.11672980338335037,0.5008853673934937,0.004002858884632587
75,67,False,0.0,1,0.7572259902954102,0.21925093233585358,0.502433180809021,0.016895337030291557
75,68,False,0.0,1,0.7183252573013306,0.17690420150756836,0.503167986869812,0.016793547198176384
75,69,False,0.0,1,0.6987941265106201,0.15976253151893616,0.5023289918899536,0.01699761301279068
75,70,False,0.0,1,0.7228968143463135,0.18670423328876495,0.5028890371322632,0.01677258312702179
75,71,False,0.0,1,0.7475495934486389,0.20895396173000336,0.5019407272338867,0.01696455478668213
75,72,False,0.0,1,0.7158229351043701,0.17765726149082184,0.5038507580757141,0.016898542642593384
75,73,False,0.0,1,0.7266652584075928,0.18915283679962158,0.5023555159568787,0.017107438296079636
75,74,False,0.0,1,0.7708055377006531,0.24071910977363586,0.5026812553405762,0.016814108937978745
75,75,False,0.0,1,0.7745621800422668,0.2451266348361969,0.5018352270126343,0.01666470244526863
75,76,False,0.0,1,0.7742332816123962,0.2456839233636856,0.5012900829315186,0.016759244725108147
75,77,False,0.0,1,0.7736538648605347,0.23787669837474823,0.5032769441604614,0.016770577058196068
75,78,False,0.0,1,0.7712544202804565,0.23934534192085266,0.5015361309051514,0.016674699261784554
75,79,False,0.0,1,0.7736423015594482,0.2418007105588913,0.5013383030891418,0.016425123438239098
75,80,False,0.0,1,0.7653011679649353,0.22867920994758606,0.5018517374992371,0.016244007274508476
75,81,False,0.0,1,0.7618927359580994,0.22117966413497925,0.5017855763435364,0.01654728502035141
9,1,False,0.0,0,0.654172420501709,0.12886759638786316,0.5005577802658081,0.004045780282467604
9,2,False,0.0,1,0.7854161262512207,0.2529398798942566,0.5015081167221069,0.016331536695361137
9,3,False,0.0,1,0.7832546830177307,0.2538919150829315,0.5013823509216309,0.01652059145271778
9,4,False,0.0,1,0.782869815826416,0.25301074981689453,0.5014808177947998,0.016803279519081116
9,5,False,0.0,1,0.7838951349258423,0.25250184535980225,0.5016518831253052,0.01675470732152462
9,6,False,0.0,1,0.7824435234069824,0.2534306049346924,0.5011183023452759,0.016701817512512207
9,7,False,0.0,1,0.7824777364730835,0.25467848777770996,0.5017806887626648,0.016366438940167427
9,8,False,0.0,1,0.7834477424621582,0.25417110323905945,0.501732349395752,0.016642021015286446
9,9,False,0.0,1,0.7856241464614868,0.2560540437698364,0.5022319555282593,0.016784584149718285
9,10,True,0.17391304671764374,1,0.7812072038650513,0.2560810446739197,0.5014371871948242,0.01705026440322399
9,11,True,0.3913043439388275,1,0.7905464768409729,0.2545625567436218,0.5061184167861938,0.017073119059205055
9,12,True,0.6086956262588501,1,0.7887300252914429,0.25319433212280273,0.5070676803588867,0.01708274893462658
9,13,True,0.8260869383811951,1,0.7881371974945068,0.2524885833263397,0.5073897838592529,0.016978120431303978
9,14,True,1.0,1,0.7839210033416748,0.2507256865501404,0.5101280212402344,0.016696276143193245
9,15,True,1.0,1,0.783612847328186,0.24417124688625336,0.5093872547149658,0.016645094379782677
9,16,True,1.0,1,0.7825887799263,0.24018119275569916,0.509005069732666,0.016605107113718987
176,122,False,0.0,0,0.6699948310852051,0.1359025239944458,0.500888466835022,0.003988185431808233
176,123,False,0.0,1,0.787379264831543,0.2555559575557709,0.5025492310523987,0.016485800966620445
176,124,False,0.0,1,0.7918319702148438,0.25535210967063904,0.5019887685775757,0.01647617109119892
176,125,False,0.0,1,0.7902594804763794,0.2547038197517395,0.5028402209281921,0.01653534360229969
176,126,False,0.0,1,0.7941417694091797,0.2533608078956604,0.5031366348266602,0.016682488843798637
176,127,False,0.0,1,0.7903707027435303,0.2537150979042053,0.5036929845809937,0.016564514487981796
176,128,False,0.0,1,0.7911114692687988,0.25382018089294434,0.5043104887008667,0.01660732366144657
176,129,False,0.0,1,0.791820228099823,0.2529629170894623,0.5037789344787598,0.016484353691339493
176,130,False,0.0,1,0.790325403213501,0.25486403703689575,0.5032076835632324,0.016417840495705605
176,131,True,0.00920245423913002,1,0.7899566292762756,0.25488823652267456,0.5047014951705933,0.01635502651333809
176,132,True,0.024539876729249954,1,0.7923781871795654,0.25345471501350403,0.5045991539955139,0.016628343611955643
176,133,True,0.03987729921936989,1,0.789334774017334,0.25394582748413086,0.5044921636581421,0.01644841767847538
176,134,True,0.05521472543478012,1,0.7887789607048035,0.25545555353164673,0.5052654147148132,0.016177991405129433
176,135,True,0.07055214792490005,1,0.7893426418304443,0.2546066343784332,0.5046930909156799,0.016095224767923355
176,136,True,0.08588957041501999,1,0.7886550426483154,0.25545966625213623,0.5051494836807251,0.016110820695757866
176,137,True,0.10122699290513992,1,0.7869764566421509,0.25650107860565186,0.5048656463623047,0.01594283990561962
3,53,False,0.0,0,0.6588616371154785,0.13320548832416534,0.5015286207199097,0.004070354159921408
3,54,False,0.0,1,0.7826492786407471,0.2576490342617035,0.5065204501152039,0.016436852514743805
3,55,False,0.0,1,0.7845436334609985,0.25730541348457336,0.5064176321029663,0.01641516387462616
3,56,False,0.0,1,0.7847728729248047,0.25793614983558655,0.5065645575523376,0.016507146880030632
3,57,False,0.0,1,0.7833095788955688,0.2578675448894501,0.5059751272201538,0.01626714877784252
3,58,False,0.0,1,0.7828974723815918,0.25783151388168335,0.5064693689346313,0.016167113557457924
3,59,False,0.0,1,0.7846090793609619,0.2575562000274658,0.5059480667114258,0.016459830105304718
3,60,False,0.0,1,0.7831723690032959,0.25802478194236755,0.5058085918426514,0.016271015629172325
3,61,False,0.0,1,0.7852301597595215,0.25759777426719666,0.5070669651031494,0.01634531281888485
3,62,False,0.0,1,0.7832615375518799,0.25759080052375793,0.5074235200881958,0.016162099316716194
3,63,False,0.0,1,0.7842285633087158,0.2583075761795044,0.5075397491455078,0.016206281259655952
3,64,False,0.0,1,0.7846261858940125,0.257860004901886,0.5071434378623962,0.016317276284098625
3,65,False,0.0,1,0.783837080001831,0.2577937841415405,0.5072934627532959,0.016257284209132195
3,66,False,0.0,1,0.7841767072677612,0.2582242488861084,0.507971465587616,0.016088096424937248
3,67,False,0.0,1,0.7839648723602295,0.25742584466934204,0.5073322057723999,0.016282202675938606
3,68,False,0.0,1,0.7835251092910767,0.25810322165489197,0.5080316662788391,0.016309445723891258
101,199,False,0.0,0,0.644024133682251,0.13107110559940338,0.5023914575576782,0.004491678439080715
101,200,False,0.0,1,0.7806428670883179,0.2598716616630554,0.507422924041748,0.016259005293250084
101,201,False,0.0,1,0.7797306776046753,0.2619677782058716,0.5075184106826782,0.016281327232718468
101,202,False,0.0,1,0.7812365293502808,0.25999709963798523,0.5071051120758057,0.016342997550964355
101,203,False,0.0,1,0.7816329002380371,0.26102158427238464,0.5064878463745117,0.01612294651567936
101,204,False,0.0,1,0.7828778028488159,0.2589797079563141,0.5068215131759644,0.016043925657868385
101,205,False,0.0,1,0.7812631130218506,0.2606963515281677,0.5047670006752014,0.016052057966589928
101,206,False,0.0,1,0.7821478843688965,0.25943344831466675,0.5057947635650635,0.01577463187277317
101,207,False,0.0,1,0.7825113534927368,0.2606572210788727,0.5059345960617065,0.01609484851360321
101,208,True,0.0077220075763762,1,0.7829691767692566,0.2600947320461273,0.506402850151062,0.015759781002998352
101,209,True,0.017374517396092415,1,0.783791184425354,0.25936782360076904,0.5058877468109131,0.015695855021476746
101,210,True,0.027027027681469917,1,0.7840472459793091,0.2587977349758148,0.5056109428405762,0.01581857167184353
101,211,True,0.03667953610420227,1,0.7820324897766113,0.261118620634079,0.5058333873748779,0.016015376895666122
101,212,True,0.04633204638957977,1,0.7816787958145142,0.26095619797706604,0.5057501196861267,0.015550746582448483
101,213,True,0.055984556674957275,1,0.7820347547531128,0.26111823320388794,0.5064469575881958,0.015858354046940804
101,214,True,0.06563706696033478,1,0.7832506895065308,0.26041316986083984,0.5056334733963013,0.015652701258659363
82,28,False,0.0,0,0.6451406478881836,0.12191683799028397,0.5012309551239014,0.004141882061958313
82,29,False,0.0,1,0.7817846536636353,0.2584783732891083,0.5063188076019287,0.015222555957734585
82,30,False,0.0,1,0.7821555733680725,0.2590431272983551,0.5065245032310486,0.015304462052881718
82,31,False,0.0,1,0.7814232110977173,0.25845345854759216,0.5057206749916077,0.015257120132446289
82,32,False,0.0,1,0.7824385166168213,0.25867265462875366,0.505795955657959,0.01510068029165268
82,33,False,0.0,1,0.7814425230026245,0.25823962688446045,0.5067136287689209,0.015370030887424946
82,34,False,0.0,1,0.7818219661712646,0.25846245884895325,0.505864143371582,0.015186034142971039
82,35,False,0.0,1,0.782995343208313,0.2579645812511444,0.5060824155807495,0.015062806196510792
82,36,True,0.02247191034257412,1,0.7833684682846069,0.2580612897872925,0.5070357322692871,0.01490158773958683
82,37,True,0.07865168899297714,1,0.7824636101722717,0.25881877541542053,0.506321907043457,0.01477714255452156
82,38,True,0.13483145833015442,1,0.7843246459960938,0.25879961252212524,0.5054658055305481,0.014945559203624725
82,39,True,0.1910112351179123,1,0.7811106443405151,0.2592207193374634,0.5071679353713989,0.014825346879661083
82,40,True,0.24719101190567017,1,0.7810076475143433,0.25956952571868896,0.5074798464775085,0.014881916344165802
82,41,True,0.30337077379226685,1,0.7798197865486145,0.25988805294036865,0.5074588060379028,0.01460936851799488
82,42,True,0.3595505654811859,1,0.7800080180168152,0.260187566280365,0.5067746639251709,0.014875088818371296
82,43,True,0.4157303273677826,1,0.7812998294830322,0.2591394782066345,0.5085663795471191,0.015006816945970058
108,180,False,0.0,0,0.6639618873596191,0.13174358010292053,0.5030195713043213,0.0045270598493516445
108,181,False,0.0,1,0.7848889827728271,0.2582814395427704,0.5088006258010864,0.015479807741940022
108,182,False,0.0,1,0.7833206057548523,0.25829342007637024,0.5093485116958618,0.01549143809825182
108,183,False,0.0,1,0.7853237986564636,0.2576539218425751,0.508510947227478,0.01551953423768282
108,184,False,0.0,1,0.7855551242828369,0.2579716742038727,0.5085737705230713,0.015529252588748932
108,185,False,0.0,1,0.7850234508514404,0.25740742683410645,0.5083264112472534,0.015257938764989376
108,186,False,0.0,1,0.7866265773773193,0.25767555832862854,0.5083861351013184,0.015417497605085373
108,187,False,0.0,1,0.7873736619949341,0.25719860196113586,0.5077369213104248,0.015508148819208145
108,188,True,0.004264392424374819,1,0.7884948253631592,0.2573005259037018,0.508049726486206,0.015286387875676155
108,189,True,0.014925372786819935,1,0.7866947054862976,0.25783032178878784,0.5086722373962402,0.015310568735003471
108,190,True,0.025586353614926338,1,0.7881048321723938,0.25719428062438965,0.5080122947692871,0.01513762678951025
108,191,True,0.036247335374355316,1,0.7874570488929749,0.2569810748100281,0.5079905390739441,0.014960810542106628
108,192,True,0.046908315271139145,1,0.7848278880119324,0.2578304708003998,0.50860595703125,0.014931874349713326
108,193,True,0.057569295167922974,1,0.7862149477005005,0.2576901614665985,0.5075589418411255,0.014908220618963242
108,194,True,0.0682302787899971,1,0.7860726118087769,0.2580978274345398,0.5090866088867188,0.015022887848317623
108,195,True,0.07889125496149063,1,0.7842502593994141,0.258260041475296,0.5073876976966858,0.014868730679154396
2,44,False,0.0,0,0.6546237468719482,0.12715959548950195,0.5020978450775146,0.004257007036358118
2,45,False,0.0,1,0.7819250822067261,0.2581174969673157,0.5077311396598816,0.014589495025575161
2,46,False,0.0,1,0.7814203500747681,0.25831976532936096,0.5079269409179688,0.014710139483213425
2,47,False,0.0,1,0.7826877236366272,0.25869882106781006,0.5074742436408997,0.014463580213487148
2,48,False,0.0,1,0.7835233211517334,0.2578674554824829,0.5077979564666748,0.014604211784899235
2,49,False,0.0,1,0.7824278473854065,0.25867098569869995,0.508368730545044,0.01459935400635004
2,50,False,0.0,1,0.7815143465995789,0.2586846947669983,0.5078963041305542,0.01463347114622593
2,51,False,0.0,1,0.7827476263046265,0.2588576376438141,0.5076247453689575,0.014414884150028229
2,52,True,0.01550387591123581,1,0.783427894115448,0.25919508934020996,0.5072739124298096,0.014609575271606445
2,53,True,0.05426356568932533,1,0.7828272581100464,0.25897106528282166,0.5081956386566162,0.014651324599981308
2,54,True,0.09302325546741486,1,0.7834427356719971,0.25914567708969116,0.5091553926467896,0.01458286214619875
2,55,True,0.13178294897079468,1,0.7834069728851318,0.25887176394462585,0.5092993378639221,0.014697050675749779
2,56,True,0.1705426424741745,1,0.7806907892227173,0.25948095321655273,0.5092394351959229,0.01462709903717041
2,57,True,0.20930232107639313,1,0.7805454730987549,0.260057270526886,0.5090088844299316,0.014939398504793644
2,58,True,0.24806201457977295,1,0.7796555757522583,0.2605810761451721,0.5095425844192505,0.014619477093219757
2,59,True,0.2868216931819916,1,0.7803113460540771,0.25962135195732117,0.5102123022079468,0.015104447491466999
143,177,False,0.0,0,0.6487390995025635,0.12371104210615158,0.5034381151199341,0.004757346585392952
143,178,False,0.0,1,0.7824883460998535,0.25917062163352966,0.5110042095184326,0.015759117901325226
143,179,False,0.0,1,0.7836067080497742,0.2592788338661194,0.5104168653488159,0.015499409288167953
143,180,False,0.0,1,0.7822403907775879,0.2589036822319031,0.5110089778900146,0.015550436452031136
143,181,False,0.0,1,0.7828118801116943,0.2591996192932129,0.5107436776161194,0.015474502928555012
143,182,False,0.0,1,0.7817996740341187,0.25898104906082153,0.5102636218070984,0.01544791366904974
143,183,False,0.0,1,0.7837224006652832,0.2584042251110077,0.5115497708320618,0.015579260885715485
143,184,False,0.0,1,0.7843360900878906,0.2583562135696411,0.5106782913208008,0.015804411843419075
143,185,True,0.0021645021624863148,1,0.7840707302093506,0.2588813006877899,0.5113494396209717,0.015755295753479004
143,186,True,0.012987012974917889,1,0.7846851348876953,0.258240282535553,0.5109917521476746,0.01587672345340252
143,187,True,0.02380952425301075,1,0.784229040145874,0.25873443484306335,0.5098942518234253,0.015693524852395058
143,188,True,0.034632034599781036,1,0.7841447591781616,0.25801771879196167,0.5103988647460938,0.015832839533686638
143,189,True,0.04545454680919647,1,0.7844172716140747,0.258620023727417,0.5099350810050964,0.01593937538564205
143,190,True,0.05627705529332161,1,0.7845873832702637,0.25845345854759216,0.5096532106399536,0.01586526446044445
143,191,True,0.06709956377744675,1,0.785317063331604,0.2582990527153015,0.5095694065093994,0.01599160209298134
143,192,True,0.07792207598686218,1,0.7832452058792114,0.2590574026107788,0.5090041160583496,0.015755418688058853
55,82,False,0.0,0,0.6552479267120361,0.13508111238479614,0.5030779242515564,0.004841391462832689
55,83,False,0.0,1,0.7787576913833618,0.2622050642967224,0.5102938413619995,0.015427437610924244
55,84,False,0.0,1,0.7794807553291321,0.26168906688690186,0.5096433758735657,0.015457085333764553
55,85,False,0.0,1,0.7792608737945557,0.26183998584747314,0.5099481344223022,0.01542612724006176
55,86,False,0.0,1,0.779810905456543,0.26149851083755493,0.5090190172195435,0.015562903136014938
55,87,False,0.0,1,0.7799085378646851,0.26153507828712463,0.5096608400344849,0.0156187042593956
55,88,False,0.0,1,0.7801828384399414,0.2613988518714905,0.5100561380386353,0.01567809469997883
55,89,False,0.0,1,0.7814246416091919,0.2612037658691406,0.5094997882843018,0.015448719263076782
55,90,False,0.0,1,0.7798808813095093,0.2609664797782898,0.5088939666748047,0.015633149072527885
55,91,True,0.013274336233735085,1,0.7799281477928162,0.26159244775772095,0.5104343891143799,0.015789609402418137
55,92,True,0.03539822995662689,1,0.7810966968536377,0.2609754800796509,0.5097979307174683,0.01569567434489727
55,93,True,0.05752212554216385,1,0.781806230545044,0.26112350821495056,0.5093951225280762,0.015873799100518227
55,94,True,0.0796460211277008,1,0.78122878074646,0.2612910270690918,0.5101171731948853,0.015843138098716736
55,95,True,0.10176990926265717,1,0.7804578542709351,0.2612956762313843,0.5104024410247803,0.01588945835828781
55,96,True,0.12389380484819412,1,0.7807031869888306,0.2609492838382721,0.5092904567718506,0.01577504724264145
55,97,True,0.14601770043373108,1,0.7786403298377991,0.26282545924186707,0.5113146305084229,0.015775198116898537
155,172,False,0.0,0,0.6580147743225098,0.1331423670053482,0.5036578178405762,0.005226993001997471
155,173,False,0.0,1,0.7811375856399536,0.26127246022224426,0.5105719566345215,0.016522997990250587
155,174,False,0.0,1,0.7793283462524414,0.2607499361038208,0.5109862089157104,0.016762981191277504
155,175,False,0.0,1,0.7798616290092468,0.2608720362186432,0.5107735395431519,0.016654733568429947
155,176,False,0.0,1,0.7803325653076172,0.26131606101989746,0.5102413892745972,0.01653933897614479
155,177,False,0.0,1,0.7805459499359131,0.2608083486557007,0.5112481117248535,0.016682807356119156
155,178,False,0.0,1,0.7819100022315979,0.26056671142578125,0.5108422636985779,0.01652359589934349
155,179,False,0.0,1,0.7814300656318665,0.2602096199989319,0.5100520849227905,0.016637606546282768
155,180,False,0.0,1,0.77988600730896,0.2611774802207947,0.5103909969329834,0.016920655965805054
155,181,False,0.0,1,0.781094491481781,0.26081591844558716,0.510042667388916,0.016798000782728195
155,182,False,0.0,1,0.7804598808288574,0.2606944739818573,0.5093773007392883,0.0169339869171381
155,183,False,0.0,1,0.7790876626968384,0.2617068290710449,0.5100620985031128,0.016765931621193886
155,184,False,0.0,1,0.7799747586250305,0.26150238513946533,0.5095119476318359,0.01677161082625389
155,185,False,0.0,1,0.7801686525344849,0.26025068759918213,0.5094231963157654,0.01697990670800209
155,186,False,0.0,1,0.7804182767868042,0.2611805200576782,0.5092349052429199,0.01683000475168228
155,187,False,0.0,1,0.7817618250846863,0.26089683175086975,0.5088745355606079,0.016663530841469765
0,11,False,0.0,0,0.6499776840209961,0.12863244116306305,0.5029277801513672,0.005041254218667746
0,12,False,0.0,1,0.7800232172012329,0.26147809624671936,0.507297694683075,0.0161841232329607
0,13,False,0.0,1,0.7797023057937622,0.2620904743671417,0.5088123083114624,0.016214298084378242
0,14,False,0.0,1,0.7784104347229004,0.26173749566078186,0.5074783563613892,0.01621178723871708
0,15,False,0.0,1,0.7812421917915344,0.26149117946624756,0.5085116624832153,0.016166366636753082
0,16,False,0.0,1,0.7796151638031006,0.2613777816295624,0.5089461207389832,0.016382060945034027
0,17,False,0.0,1,0.7809145450592041,0.26167044043540955,0.508979320526123,0.01627456583082676
0,18,False,0.0,1,0.7794195413589478,0.2614762485027313,0.5071432590484619,0.016207365319132805
0,19,False,0.0,1,0.7798435688018799,0.26199689507484436,0.5085640549659729,0.01635446399450302
0,20,False,0.0,1,0.7804197072982788,0.2609885334968567,0.5076926946640015,0.016419515013694763
0,21,False,0.0,1,0.7807058095932007,0.2614935636520386,0.5084021687507629,0.01647389493882656
0,22,False,0.0,1,0.780415952205658,0.26180705428123474,0.5083937048912048,0.016241595149040222
0,23,False,0.0,1,0.7788795232772827,0.2614977955818176,0.5079176425933838,0.0163272712379694
0,24,False,0.0,1,0.7796193361282349,0.2610941231250763,0.5079114437103271,0.016256039962172508
0,25,False,0.0,1,0.7807217240333557,0.2619035542011261,0.5080128908157349,0.016490641981363297
0,26,False,0.0,1,0.7799184322357178,0.26146864891052246,0.5083122253417969,0.016251759603619576
114,117,False,0.0,0,0.6653587818145752,0.1408492773771286,0.5026054978370667,0.005238932557404041
114,118,False,0.0,1,0.7803937196731567,0.26224061846733093,0.506389856338501,0.016662336885929108
114,119,False,0.0,1,0.7804293632507324,0.26195433735847473,0.5063514709472656,0.01656986027956009
114,120,False,0.0,1,0.7805436253547668,0.2615194022655487,0.5063877105712891,0.016498688608407974
114,121,False,0.0,1,0.7806810736656189,0.2614981234073639,0.5066419243812561,0.016660494729876518
114,122,False,0.0,1,0.7808982133865356,0.2615611255168915,0.5058963298797607,0.016567058861255646
114,123,False,0.0,1,0.7820904850959778,0.26038652658462524,0.5061886310577393,0.016310634091496468
114,124,False,0.0,1,0.782107412815094,0.26120081543922424,0.5063070058822632,0.016211943700909615
114,125,False,0.0,1,0.7824916839599609,0.260659396648407,0.5060892105102539,0.01666289195418358
114,126,False,0.0,1,0.7832150459289551,0.2598782181739807,0.5059427618980408,0.016750024631619453
114,127,False,0.0,1,0.783198356628418,0.2599782645702362,0.5054020881652832,0.016962194815278053
114,128,False,0.0,1,0.7839627265930176,0.26005473732948303,0.5054466724395752,0.016598116606473923
114,129,False,0.0,1,0.7834349870681763,0.26037803292274475,0.5061038136482239,0.016746263951063156
114,130,False,0.0,1,0.7826000452041626,0.2608693242073059,0.5064266324043274,0.016590850427746773
114,131,False,0.0,1,0.7840530872344971,0.26073142886161804,0.5055540800094604,0.016605570912361145
114,132,False,0.0,1,0.7839564085006714,0.2609095573425293,0.5062499046325684,0.016536492854356766
165,174,False,0.0,0,0.6555349826812744,0.13091501593589783,0.5032340288162231,0.005542713217437267
165,175,False,0.0,1,0.7803745269775391,0.2621990442276001,0.5078737735748291,0.017295515164732933
165,176,False,0.0,1,0.7806308269500732,0.26215028762817383,0.5077029466629028,0.017411256209015846
165,177,False,0.0,1,0.7808771133422852,0.2620813548564911,0.5071367025375366,0.01728685386478901
165,178,False,0.0,1,0.780104398727417,0.26220670342445374,0.5070227980613708,0.017406703904271126
165,179,False,0.0,1,0.779272198677063,0.26250705122947693,0.5081053972244263,0.017245888710021973
165,180,False,0.0,1,0.7796837687492371,0.26219919323921204,0.507768988609314,0.017234202474355698
165,181,False,0.0,1,0.7799612283706665,0.262421578168869,0.507956862449646,0.017066705971956253
165,182,True,0.0044052861630916595,1,0.7805697917938232,0.2620900571346283,0.5073632597923279,0.017259720712900162
165,183,True,0.015418502502143383,1,0.7792607545852661,0.2624775767326355,0.5073680877685547,0.01717451959848404
165,184,True,0.026431718841195107,1,0.7799614667892456,0.2626119554042816,0.5069694519042969,0.01707730069756508
165,185,True,0.037444934248924255,1,0.7801515460014343,0.2624977231025696,0.5061068534851074,0.017281657084822655
165,186,True,0.04845815151929855,1,0.7795693874359131,0.2632173001766205,0.5062772631645203,0.017230812460184097
165,187,True,0.05947136506438255,1,0.7786407470703125,0.26309382915496826,0.5065109133720398,0.017355389893054962
165,188,True,0.07048457860946655,1,0.7786340713500977,0.2631784975528717,0.5058420896530151,0.01695641502737999
165,189,True,0.08149779587984085,1,0.778976321220398,0.2629941701889038,0.5062643885612488,0.01707667112350464
127,170,False,0.0,0,0.6529154777526855,0.13274088501930237,0.5032943487167358,0.005898286122828722
127,171,False,0.0,1,0.7779539823532104,0.2635631561279297,0.507224440574646,0.01751892641186714
127,172,False,0.0,1,0.7779476046562195,0.26316145062446594,0.5080051422119141,0.017720427364110947
127,173,False,0.0,1,0.7769430875778198,0.2635962665081024,0.5079785585403442,0.017609400674700737
127,174,False,0.0,1,0.7780410051345825,0.262931764125824,0.5081988573074341,0.017668703570961952
127,175,False,0.0,1,0.7787095308303833,0.2624903917312622,0.5075708627700806,0.017910711467266083
127,176,False,0.0,1,0.7784284353256226,0.2632658779621124,0.5081318616867065,0.017487937584519386
127,177,False,0.0,1,0.777417778968811,0.26284316182136536,0.5082669258117676,0.01757669821381569
127,178,False,0.0,1,0.7782750129699707,0.26314544677734375,0.5079729557037354,0.017916716635227203
127,179,False,0.0,1,0.7776726484298706,0.26317349076271057,0.5082525014877319,0.017888257279992104
127,180,False,0.0,1,0.7781953811645508,0.26277869939804077,0.5084566473960876,0.01785440742969513
127,181,False,0.0,1,0.7771356105804443,0.2632750868797302,0.5080410838127136,0.01781276799738407
127,182,False,0.0,1,0.7781784534454346,0.26289620995521545,0.5079319477081299,0.017856305465102196
127,183,False,0.0,1,0.7776329517364502,0.26320669054985046,0.5078037977218628,0.01790134608745575
127,184,False,0.0,1,0.7770540118217468,0.2632572054862976,0.5075538754463196,0.01758640818297863
127,185,False,0.0,1,0.7796059846878052,0.26248088479042053,0.5078873634338379,0.0174374021589756
48,20,False,0.0,0,0.6463894844055176,0.12876096367835999,0.5033410787582397,0.005578491371124983
48,21,False,0.0,1,0.7767864465713501,0.2633762061595917,0.5074888467788696,0.017542626708745956
48,22,False,0.0,1,0.7787025570869446,0.2622501254081726,0.5076793432235718,0.017292961478233337
48,23,False,0.0,1,0.7788628935813904,0.26263442635536194,0.507706880569458,0.01762554980814457
48,24,False,0.0,1,0.7759546637535095,0.26354900002479553,0.5079143643379211,0.01733679324388504
48,25,False,0.0,1,0.7772591710090637,0.2627638578414917,0.5079296231269836,0.017561353743076324
48,26,False,0.0,1,0.7773375511169434,0.26273113489151,0.5078640580177307,0.017547696828842163
48,27,False,0.0,1,0.7767953872680664,0.26341497898101807,0.5070940852165222,0.01734599843621254
48,28,True,0.028985507786273956,1,0.7765884399414062,0.2629697024822235,0.5080769062042236,0.01710336096584797
48,29,True,0.10144927352666855,1,0.7768654227256775,0.26357585191726685,0.5079718828201294,0.017147745937108994
48,30,True,0.17391304671764374,1,0.7767328023910522,0.26346293091773987,0.5072081089019775,0.017104363068938255
48,31,True,0.24637681245803833,1,0.7764744758605957,0.2635931670665741,0.5088424682617188,0.017626842483878136
48,32,True,0.3188405930995941,1,0.7793325185775757,0.26208484172821045,0.5121052265167236,0.017186738550662994
48,33,True,0.3913043439388275,1,0.7776437401771545,0.2618189752101898,0.5119034647941589,0.017076116055250168
48,34,True,0.4637681245803833,1,0.7802773714065552,0.2609213888645172,0.5121351480484009,0.01699250191450119
48,35,True,0.5362318754196167,1,0.7800939083099365,0.26141780614852905,0.5122313499450684,0.017224740236997604
126,114,False,0.0,0,0.6467559337615967,0.1270078718662262,0.5034026503562927,0.0054247756488621235
126,115,False,0.0,1,0.7784711718559265,0.26312604546546936,0.5093132257461548,0.017431845888495445
126,116,False,0.0,1,0.7776589393615723,0.26344889402389526,0.5085922479629517,0.01736224628984928
126,117,False,0.0,1,0.7781500816345215,0.26324161887168884,0.5084977149963379,0.017206449061632156
126,118,False,0.0,1,0.7773405313491821,0.2630634009838104,0.5087822675704956,0.01717030443251133
126,119,False,0.0,1,0.7768649458885193,0.2632156014442444,0.5089459419250488,0.01737588457763195
126,120,False,0.0,1,0.7785322666168213,0.26356643438339233,0.5081819295883179,0.016958924010396004
126,121,False,0.0,1,0.7785224914550781,0.2628464698791504,0.5088059902191162,0.017515188083052635
126,122,False,0.0,1,0.7804762721061707,0.2625131607055664,0.5092579126358032,0.017201906070113182
126,123,False,0.0,1,0.7797991037368774,0.2622106075286865,0.5088194608688354,0.017277348786592484
126,124,False,0.0,1,0.7798198461532593,0.26241880655288696,0.508914589881897,0.017405709251761436
126,125,False,0.0,1,0.7793837785720825,0.2621892988681793,0.5089657306671143,0.017359251156449318
126,126,False,0.0,1,0.779841423034668,0.2621634900569916,0.5087853670120239,0.017325282096862793
126,127,False,0.0,1,0.7799171805381775,0.26200610399246216,0.508389949798584,0.01708109676837921
126,128,False,0.0,1,0.7804145812988281,0.26183465123176575,0.5086830854415894,0.017262177541851997
126,129,False,0.0,1,0.7792768478393555,0.26226821541786194,0.5083615779876709,0.017113687470555305
107,172,False,0.0,0,0.6564891338348389,0.13398176431655884,0.5041090250015259,0.005855235271155834
107,173,False,0.0,1,0.7796818017959595,0.262600839138031,0.5097428560256958,0.017505375668406487
107,174,False,0.0,1,0.7787421941757202,0.26344022154808044,0.5089169144630432,0.01774820126593113
107,175,False,0.0,1,0.7783058881759644,0.2633000612258911,0.5091454982757568,0.017650607973337173
107,176,False,0.0,1,0.7779185175895691,0.26322638988494873,0.5095199346542358,0.017759500071406364
107,177,False,0.0,1,0.779532790184021,0.26295462250709534,0.5093607902526855,0.01781763881444931
107,178,False,0.0,1,0.7795298099517822,0.2627458870410919,0.5099087953567505,0.017616411671042442
107,179,False,0.0,1,0.7787488698959351,0.26295337080955505,0.5093135833740234,0.017754869535565376
107,180,True,0.002217294881120324,1,0.7778527140617371,0.26319950819015503,0.5095481872558594,0.017669036984443665
107,181,True,0.011111111380159855,1,0.7792114615440369,0.2627793252468109,0.509804904460907,0.01780659332871437
107,182,True,0.02222222276031971,1,0.7783204317092896,0.262789785861969,0.5098389387130737,0.017776673659682274
107,183,True,0.03333333507180214,1,0.7797584533691406,0.26278722286224365,0.5093908905982971,0.017873577773571014
107,184,True,0.04444444552063942,1,0.7792682647705078,0.2631432116031647,0.5097286701202393,0.017905792221426964
107,185,True,0.0555555559694767,1,0.7797293663024902,0.2631739377975464,0.5097057223320007,0.01771615259349346
107,186,True,0.06666667014360428,1,0.7791870832443237,0.26294174790382385,0.5094590187072754,0.018070364370942116
107,187,True,0.07777778059244156,1,0.7787243127822876,0.26323044300079346,0.5102759599685669,0.017827751114964485
45,14,False,0.0,0,0.6442630290985107,0.12657874822616577,0.5039153099060059,0.0056121861562132835
45,15,False,0.0,1,0.7757642269134521,0.2627256512641907,0.5086182951927185,0.017461435869336128
45,16,False,0.0,1,0.7770446538925171,0.26227179169654846,0.5082423090934753,0.01757311075925827
45,17,False,0.0,1,0.7780059576034546,0.26227185130119324,0.5088547468185425,0.01763296313583851
45,18,False,0.0,1,0.7767597436904907,0.262269526720047,0.5086269378662109,0.017552684992551804
45,19,False,0.0,1,0.7763617038726807,0.26239556074142456,0.5084530711174011,0.017713570967316628
45,20,False,0.0,1,0.7785118818283081,0.26198363304138184,0.5095221996307373,0.01769563928246498
45,21,False,0.0,1,0.7777498364448547,0.262520432472229,0.5089256167411804,0.01764453388750553
45,22,False,0.0,1,0.7772047519683838,0.26198020577430725,0.509006142616272,0.018152575939893723
45,23,False,0.0,1,0.7775816917419434,0.2623172402381897,0.5089109539985657,0.017986902967095375
45,24,False,0.0,1,0.777518630027771,0.2621236741542816,0.5095692276954651,0.018080009147524834
45,25,False,0.0,1,0.7790067195892334,0.2618086636066437,0.5093666315078735,0.018210923299193382
45,26,False,0.0,1,0.7775967121124268,0.2626509964466095,0.5093669891357422,0.01810997724533081
45,27,False,0.0,1,0.7784155607223511,0.2618362307548523,0.509443998336792,0.01817196048796177
45,28,False,0.0,1,0.7778058648109436,0.2621750831604004,0.509483277797699,0.018211515620350838
45,29,False,0.0,1,0.7773687839508057,0.2627185881137848,0.5083895325660706,0.01807628571987152
192,173,False,0.0,0,0.6518197059631348,0.13119173049926758,0.5045118927955627,0.005977720022201538
192,174,False,0.0,1,0.7775974273681641,0.26367706060409546,0.5100131034851074,0.018757006153464317
192,175,False,0.0,1,0.778226912021637,0.2632952928543091,0.5096622705459595,0.018755994737148285
192,176,False,0.0,1,0.7782374620437622,0.2633456885814667,0.5097324848175049,0.019162863492965698
192,177,False,0.0,1,0.7785662412643433,0.2635906934738159,0.5094410181045532,0.01885419525206089
192,178,False,0.0,1,0.777407705783844,0.2635731101036072,0.5099561214447021,0.018675193190574646
192,179,False,0.0,1,0.7778390049934387,0.2640257179737091,0.509480357170105,0.018748411908745766
192,180,False,0.0,1,0.7767808437347412,0.2638779580593109,0.509589672088623,0.018592890352010727
192,181,False,0.0,1,0.7780101895332336,0.2628515064716339,0.5095003843307495,0.019194647669792175
192,182,False,0.0,1,0.7774214744567871,0.26301896572113037,0.5092782378196716,0.018872419372200966
192,183,False,0.0,1,0.7774224877357483,0.26316240429878235,0.5092905759811401,0.018932906910777092
192,184,False,0.0,1,0.7767428159713745,0.26260513067245483,0.509128212928772,0.018804749473929405
192,185,False,0.0,1,0.7767717838287354,0.2627192735671997,0.5092406272888184,0.018909703940153122
192,186,False,0.0,1,0.7770920991897583,0.2628840506076813,0.5092517137527466,0.018869973719120026
192,187,False,0.0,1,0.7771003246307373,0.26270103454589844,0.5096449851989746,0.018909530714154243
192,188,False,0.0,1,0.7776315808296204,0.262368381023407,0.5092743039131165,0.01879165507853031
179,181,False,0.0,0,0.651648759841919,0.1339668184518814,0.5047017335891724,0.0067329914309084415
179,182,False,0.0,1,0.7772171497344971,0.26341280341148376,0.5107916593551636,0.019752955064177513
179,183,False,0.0,1,0.777679443359375,0.26312172412872314,0.5104154348373413,0.019470440223813057
179,184,False,0.0,1,0.7777799367904663,0.26342612504959106,0.5099666118621826,0.019605139270424843
179,185,False,0.0,1,0.7769657373428345,0.2631969749927521,0.5103261470794678,0.019808432087302208
179,186,False,0.0,1,0.7773853540420532,0.26290571689605713,0.5100050568580627,0.01948148012161255
179,187,False,0.0,1,0.7775318622589111,0.26281026005744934,0.5101970434188843,0.019972296431660652
179,188,False,0.0,1,0.7773188352584839,0.26349037885665894,0.5103190541267395,0.019724929705262184
179,189,False,0.0,1,0.7763761281967163,0.2634866237640381,0.5111796259880066,0.019545575603842735
179,190,False,0.0,1,0.776485800743103,0.26313546299934387,0.5107160806655884,0.01928066648542881
179,191,False,0.0,1,0.7763855457305908,0.26354122161865234,0.5105116367340088,0.019471699371933937
179,192,False,0.0,1,0.7770622968673706,0.2628074288368225,0.510034441947937,0.0193164199590683
179,193,False,0.0,1,0.7761062383651733,0.26318445801734924,0.5099059343338013,0.019249172881245613
179,194,False,0.0,1,0.7764994502067566,0.2629470229148865,0.510409414768219,0.018851395696401596
179,195,False,0.0,1,0.7770652174949646,0.26276895403862,0.5106862187385559,0.018852820619940758
179,196,False,0.0,1,0.7771141529083252,0.26239222288131714,0.5102149844169617,0.018732596188783646
91,40,False,0.0,0,0.6532435417175293,0.13587957620620728,0.5048247575759888,0.006127499975264072
91,41,False,0.0,1,0.7765610218048096,0.26355138421058655,0.5110940933227539,0.018720081076025963
91,42,False,0.0,1,0.7760658264160156,0.2635979652404785,0.5111030340194702,0.018801134079694748
91,43,False,0.0,1,0.7781455516815186,0.26301488280296326,0.5113428831100464,0.018708381801843643
91,44,False,0.0,1,0.7782071232795715,0.26274698972702026,0.5112693309783936,0.018856694921851158
91,45,False,0.0,1,0.7777787446975708,0.2629474103450775,0.5113247632980347,0.01865861564874649
91,46,False,0.0,1,0.7768024206161499,0.26276931166648865,0.5116016268730164,0.01874586194753647
91,47,False,0.0,1,0.7761077880859375,0.26287832856178284,0.5113704204559326,0.01856164261698723
91,48,False,0.0,1,0.7778466939926147,0.2625309228897095,0.512150764465332,0.018373562023043633
91,49,True,0.024793388321995735,1,0.7756900191307068,0.2626293897628784,0.5121644735336304,0.018002774566411972
91,50,True,0.06611569970846176,1,0.7736018300056458,0.2626105546951294,0.5126305818557739,0.018298519775271416
91,51,True,0.10743801295757294,1,0.773522138595581,0.2621520161628723,0.5118743181228638,0.018016094341874123
91,52,True,0.1487603336572647,1,0.773097038269043,0.26231104135513306,0.5125651955604553,0.018271218985319138
91,53,True,0.1900826394557953,1,0.7734248042106628,0.26142147183418274,0.5121714472770691,0.018138792365789413
91,54,True,0.23140496015548706,1,0.7734007239341736,0.26211193203926086,0.5118630528450012,0.018317531794309616
91,55,True,0.27272728085517883,1,0.7739418745040894,0.2617050111293793,0.5129842758178711,0.018426021561026573
21,34,False,0.0,0,0.6433813571929932,0.12818275392055511,0.5051382780075073,0.005711967591196299
21,35,False,0.0,1,0.7760574817657471,0.26309099793434143,0.5123112201690674,0.017835449427366257
21,36,False,0.0,1,0.7759162187576294,0.2634502649307251,0.5127609968185425,0.01785382628440857
21,37,False,0.0,1,0.7772287726402283,0.26265791058540344,0.5120652914047241,0.01778094284236431
21,38,False,0.0,1,0.7761129140853882,0.26348191499710083,0.5122115015983582,0.01777590811252594
21,39,False,0.0,1,0.7755559682846069,0.2633712589740753,0.5121166110038757,0.017811262980103493
21,40,False,0.0,1,0.7765175104141235,0.26324161887168884,0.512607216835022,0.017931737005710602
21,41,False,0.0,1,0.7776309251785278,0.26270079612731934,0.5118532180786133,0.017809461802244186
21,42,False,0.0,1,0.7761087417602539,0.2633402347564697,0.5123101472854614,0.01748282089829445
21,43,False,0.0,1,0.7768489122390747,0.2631385326385498,0.5124605894088745,0.01751875877380371
21,44,False,0.0,1,0.7767233848571777,0.26280325651168823,0.5123605728149414,0.017128419131040573
21,45,False,0.0,1,0.7772144079208374,0.26293182373046875,0.5124279260635376,0.01726784184575081
21,46,False,0.0,1,0.7766441106796265,0.2633712887763977,0.5125542283058167,0.017499543726444244
21,47,False,0.0,1,0.7761250734329224,0.26331207156181335,0.5125820636749268,0.017345713451504707
21,48,False,0.0,1,0.7774974703788757,0.262535959482193,0.5126352906227112,0.017309172078967094
21,49,False,0.0,1,0.7772271633148193,0.26255300641059875,0.512802243232727,0.01731775514781475
87,105,False,0.0,0,0.646446704864502,0.13013923168182373,0.5050822496414185,0.0053610047325491905
87,106,False,0.0,1,0.7762089967727661,0.2624664306640625,0.5137143135070801,0.016929425299167633
87,107,False,0.0,1,0.7754688858985901,0.263162225484848,0.5138547420501709,0.016938839107751846
87,108,False,0.0,1,0.775601327419281,0.26233625411987305,0.5134966969490051,0.016904357820749283
87,109,False,0.0,1,0.7767716646194458,0.26228299736976624,0.5136675834655762,0.016954025253653526
87,110,False,0.0,1,0.7758262157440186,0.2638669013977051,0.5134069323539734,0.017054671421647072
87,111,False,0.0,1,0.7745224237442017,0.2635174095630646,0.513994038105011,0.017079312354326248
87,112,False,0.0,1,0.7762407064437866,0.26258864998817444,0.5135838985443115,0.016927264630794525
87,113,False,0.0,1,0.7746270895004272,0.2638029158115387,0.5138379335403442,0.016748525202274323
87,114,False,0.0,1,0.7757285833358765,0.264042466878891,0.5135364532470703,0.016774222254753113
87,115,False,0.0,1,0.775336503982544,0.26312750577926636,0.5138680934906006,0.01676413230597973
87,116,False,0.0,1,0.7755709290504456,0.2635654807090759,0.5132579803466797,0.01664135791361332
87,117,False,0.0,1,0.775133490562439,0.26298457384109497,0.5131503939628601,0.0167798213660717
87,118,False,0.0,1,0.7746567726135254,0.26358434557914734,0.5135912895202637,0.016726994886994362
87,119,False,0.0,1,0.7756631374359131,0.2630014717578888,0.5137075185775757,0.016609948128461838
87,120,False,0.0,1,0.7764508128166199,0.26175960898399353,0.5138046741485596,0.01669234037399292
177,175,False,0.0,0,0.6505453586578369,0.13111692667007446,0.5057908296585083,0.00588288065046072
177,176,False,0.0,1,0.7768418788909912,0.26399484276771545,0.5131250619888306,0.0169717688113451
177,177,False,0.0,1,0.7762799859046936,0.2636706531047821,0.5134203433990479,0.017016280442476273
177,178,False,0.0,1,0.7765973806381226,0.26344001293182373,0.5135278105735779,0.016985425725579262
177,179,False,0.0,1,0.7762159705162048,0.2637920081615448,0.5136223435401917,0.016858277842402458
177,180,False,0.0,1,0.7767088413238525,0.2635599970817566,0.5135669708251953,0.01708202436566353
177,181,False,0.0,1,0.7773891091346741,0.26373183727264404,0.513461709022522,0.017161859199404716
177,182,False,0.0,1,0.7765285968780518,0.26382866501808167,0.5127851963043213,0.016933048143982887
177,183,True,0.002188183832913637,1,0.7771264314651489,0.2638479471206665,0.5134071111679077,0.016893764957785606
177,184,True,0.013129102997481823,1,0.7769940495491028,0.2637544572353363,0.5134784579277039,0.01693546213209629
177,185,True,0.024070022627711296,1,0.7770192623138428,0.26387906074523926,0.5131802558898926,0.016980018466711044
177,186,True,0.035010941326618195,1,0.777122974395752,0.263805091381073,0.5128067135810852,0.01682659424841404
177,187,True,0.045951858162879944,1,0.7761143445968628,0.26356276869773865,0.5133451223373413,0.016935449093580246
177,188,True,0.05689277872443199,1,0.7767038345336914,0.26328709721565247,0.5131568908691406,0.01688864454627037
177,189,True,0.06783369928598404,1,0.7771631479263306,0.2634162902832031,0.5129039287567139,0.016824869439005852
177,190,True,0.07877461612224579,1,0.776319146156311,0.26365625858306885,0.512848973274231,0.016886016353964806
149,170,False,0.0,0,0.6512134075164795,0.1336096078157425,0.5057189464569092,0.006027432158589363
149,171,False,0.0,1,0.7778003215789795,0.2646734416484833,0.5133649110794067,0.016649289056658745
149,172,False,0.0,1,0.7779659032821655,0.2641495168209076,0.5137046575546265,0.01683669537305832
149,173,False,0.0,1,0.7762582302093506,0.2644149661064148,0.5132236480712891,0.016530726104974747
149,174,False,0.0,1,0.7767937183380127,0.2645087242126465,0.5135087370872498,0.016418498009443283
149,175,False,0.0,1,0.7776540517807007,0.26361915469169617,0.5141147971153259,0.016830775886774063
149,176,False,0.0,1,0.7771305441856384,0.2641129791736603,0.5131796598434448,0.01656891033053398
149,177,False,0.0,1,0.7777479290962219,0.2638627290725708,0.513602077960968,0.016725067049264908
149,178,True,0.0022421525791287422,1,0.7772173881530762,0.26353147625923157,0.5132989883422852,0.016555052250623703
149,179,True,0.01123595517128706,1,0.7793465852737427,0.2632838189601898,0.5133846998214722,0.016805730760097504
149,180,True,0.02247191034257412,1,0.7773206233978271,0.2637501358985901,0.5131228566169739,0.016852127388119698
149,181,True,0.033707864582538605,1,0.7769818305969238,0.26405641436576843,0.512609601020813,0.016824526712298393
149,182,True,0.04494382068514824,1,0.7778739929199219,0.2639601230621338,0.5130513906478882,0.01703210175037384
149,183,True,0.056179776787757874,1,0.7770373821258545,0.26401272416114807,0.5128469467163086,0.016903266310691833
149,184,True,0.06741572916507721,1,0.7785238027572632,0.26420849561691284,0.5130594968795776,0.01690765842795372
149,185,True,0.07865168899297714,1,0.7778830528259277,0.26357635855674744,0.5131478309631348,0.017137236893177032
74,14,False,0.0,0,0.6339497566223145,0.12080222368240356,0.5058290958404541,0.0063162739388644695
74,15,False,0.0,1,0.7733372449874878,0.26445117592811584,0.5123161673545837,0.017045432701706886
74,16,False,0.0,1,0.7736352682113647,0.26435336470603943,0.5124617218971252,0.016869068145751953
74,17,False,0.0,1,0.7739837169647217,0.26419708132743835,0.5123889446258545,0.01689620316028595
74,18,False,0.0,1,0.7743945121765137,0.2638440430164337,0.5128151178359985,0.016986630856990814
74,19,False,0.0,1,0.7744174003601074,0.2636373043060303,0.5129876136779785,0.016935085877776146
74,20,False,0.0,1,0.7743242979049683,0.26433485746383667,0.5128127932548523,0.017112255096435547
74,21,False,0.0,1,0.774021565914154,0.26411962509155273,0.5130581855773926,0.017094450071454048
74,22,False,0.0,1,0.7746365070343018,0.26455873250961304,0.512858510017395,0.01742425560951233
74,23,False,0.0,1,0.7739163637161255,0.26481956243515015,0.5128835439682007,0.017533455044031143
74,24,False,0.0,1,0.7744040489196777,0.2644476890563965,0.5121258497238159,0.017372678965330124
74,25,False,0.0,1,0.7738393545150757,0.26479366421699524,0.5126045942306519,0.017478149384260178
74,26,False,0.0,1,0.7741013169288635,0.2643154561519623,0.5122759342193604,0.017330173403024673
74,27,False,0.0,1,0.7738516926765442,0.26458173990249634,0.5130095481872559,0.0171884223818779
74,28,False,0.0,1,0.7738626003265381,0.2646298110485077,0.5131067037582397,0.017291875556111336
74,29,False,0.0,1,0.7733303308486938,0.26461178064346313,0.5131239891052246,0.017294013872742653
145,177,False,0.0,0,0.6496086120605469,0.12997305393218994,0.5060743093490601,0.006522185169160366
145,178,False,0.0,1,0.7771404981613159,0.2637540102005005,0.5127245187759399,0.017464594915509224
145,179,False,0.0,1,0.7776823043823242,0.26382654905319214,0.512618362903595,0.0175037682056427
145,180,False,0.0,1,0.7782884836196899,0.26377207040786743,0.5127356052398682,0.017487162724137306
145,181,False,0.0,1,0.7776237726211548,0.26385995745658875,0.5124871730804443,0.017338117584586143
145,182,False,0.0,1,0.7775275707244873,0.26389244198799133,0.5125149488449097,0.01763298362493515
145,183,False,0.0,1,0.7768036127090454,0.2644175887107849,0.5120601058006287,0.01727982424199581
145,184,False,0.0,1,0.7772625684738159,0.26349735260009766,0.5123180150985718,0.017380475997924805
145,185,False,0.0,1,0.7765925526618958,0.26434633135795593,0.5126122236251831,0.01779237389564514
145,186,False,0.0,1,0.7765796184539795,0.26429200172424316,0.5126017332077026,0.017570020630955696
145,187,False,0.0,1,0.7762402296066284,0.2638832926750183,0.5128393173217773,0.01760277897119522
145,188,False,0.0,1,0.7762848734855652,0.26391446590423584,0.5126355886459351,0.017550451681017876
145,189,False,0.0,1,0.7776197195053101,0.26350343227386475,0.5122874975204468,0.017811007797718048
145,190,False,0.0,1,0.7771203517913818,0.26327842473983765,0.5131723880767822,0.017680708318948746
145,191,False,0.0,1,0.7773910164833069,0.26321542263031006,0.5126911401748657,0.017637554556131363
145,192,False,0.0,1,0.7770862579345703,0.2635783851146698,0.5128011703491211,0.017501942813396454
122,121,False,0.0,0,0.6559362411499023,0.13439449667930603,0.5061664581298828,0.006282337009906769
122,122,False,0.0,1,0.7794468402862549,0.26374098658561707,0.5141319036483765,0.017665505409240723
122,123,False,0.0,1,0.7796105146408081,0.26353955268859863,0.5142877101898193,0.017671797424554825
122,124,False,0.0,1,0.7803414463996887,0.262796014547348,0.5139861702919006,0.01771523244678974
122,125,False,0.0,1,0.7812595367431641,0.26266857981681824,0.5143440961837769,0.017681829631328583
122,126,False,0.0,1,0.7814863920211792,0.2623143792152405,0.514363169670105,0.017727769911289215
122,127,False,0.0,1,0.7813212871551514,0.26230117678642273,0.514108419418335,0.017882348969578743
122,128,False,0.0,1,0.7812833786010742,0.26235678791999817,0.5143210887908936,0.017837129533290863
122,129,False,0.0,1,0.7804627418518066,0.2625475525856018,0.5148969888687134,0.017809275537729263
122,130,False,0.0,1,0.7800853252410889,0.26255959272384644,0.514405369758606,0.017735108733177185
122,131,False,0.0,1,0.7804138660430908,0.2626083493232727,0.5148038864135742,0.01753976196050644
122,132,False,0.0,1,0.7809707522392273,0.26188579201698303,0.5145646929740906,0.017743544653058052
122,133,False,0.0,1,0.7814537882804871,0.26169389486312866,0.514382004737854,0.017646396532654762
122,134,False,0.0,1,0.7802227735519409,0.262175053358078,0.5147934556007385,0.017635319381952286
122,135,False,0.0,1,0.7806767225265503,0.26206040382385254,0.5147361755371094,0.01746378280222416
122,136,False,0.0,1,0.7816052436828613,0.2623365819454193,0.5144133567810059,0.017506016418337822
76,33,False,0.0,0,0.6516969203948975,0.12753823399543762,0.5065948963165283,0.006314687430858612
76,34,False,0.0,1,0.779514491558075,0.26222139596939087,0.5145948529243469,0.01736578159034252
76,35,False,0.0,1,0.7799651622772217,0.2622600197792053,0.5149340629577637,0.017498938366770744
76,36,False,0.0,1,0.7795461416244507,0.26214924454689026,0.5147705078125,0.017385683953762054
76,37,False,0.0,1,0.7796589136123657,0.2625928819179535,0.5147124528884888,0.01743321679532528
76,38,False,0.0,1,0.779593825340271,0.26225191354751587,0.5148767232894897,0.01725713163614273
76,39,False,0.0,1,0.779589056968689,0.2621850371360779,0.514937162399292,0.017258092761039734
76,40,False,0.0,1,0.7796972990036011,0.26216840744018555,0.5148720145225525,0.017460178583860397
76,41,False,0.0,1,0.7795119285583496,0.26234498620033264,0.515216588973999,0.01736460067331791
76,42,True,0.03883495181798935,1,0.77971351146698,0.2624208927154541,0.5154631733894348,0.017179256305098534
76,43,True,0.08737864345312119,1,0.7792356014251709,0.26232609152793884,0.5154813528060913,0.017275245860219002
76,44,True,0.13592232763767242,1,0.7785998582839966,0.2623392343521118,0.5154123306274414,0.017343366518616676
76,45,True,0.18446601927280426,1,0.7780718207359314,0.2621866464614868,0.5148731470108032,0.01739281415939331
76,46,True,0.2330097109079361,1,0.7779465317726135,0.26256901025772095,0.5149853229522705,0.01730070821940899
76,47,True,0.28155338764190674,1,0.777310848236084,0.2627826929092407,0.5150455236434937,0.017338834702968597
76,48,True,0.3300970792770386,1,0.7769846320152283,0.2630033791065216,0.5151195526123047,0.017388470470905304
168,182,False,0.0,0,0.6452436447143555,0.12783311307430267,0.5068693161010742,0.006911978125572205
168,183,False,0.0,1,0.7770960330963135,0.264144629240036,0.5158442258834839,0.017570409923791885
168,184,False,0.0,1,0.7768774032592773,0.26412561535835266,0.5159329175949097,0.017411744222044945
168,185,False,0.0,1,0.7763832807540894,0.2638086676597595,0.5151480436325073,0.01728380098938942
168,186,False,0.0,1,0.7769055366516113,0.264478862285614,0.5160034894943237,0.01757669262588024
168,187,False,0.0,1,0.7771387100219727,0.2642883360385895,0.5159925222396851,0.017533550038933754
168,188,False,0.0,1,0.7759418487548828,0.2646733224391937,0.5155436396598816,0.017355559393763542
168,189,False,0.0,1,0.7770538926124573,0.2641901671886444,0.5161269307136536,0.01739291101694107
168,190,False,0.0,1,0.77718186378479,0.26447322964668274,0.516280472278595,0.017567837610840797
168,191,False,0.0,1,0.7762850522994995,0.2642998695373535,0.5159618854522705,0.017520859837532043
168,192,False,0.0,1,0.7767543792724609,0.2645414173603058,0.5161222219467163,0.017215633764863014
168,193,False,0.0,1,0.776910662651062,0.2639724612236023,0.5156211256980896,0.017266204580664635
168,194,False,0.0,1,0.7767540216445923,0.2643057703971863,0.515518069267273,0.01710304617881775
168,195,False,0.0,1,0.7764836549758911,0.26414862275123596,0.5157122611999512,0.017245983704924583
168,196,False,0.0,1,0.7773109078407288,0.26384806632995605,0.5156354904174805,0.01733759231865406
168,197,False,0.0,1,0.7765176296234131,0.264515221118927,0.5156617760658264,0.01723647117614746
158,119,False,0.0,0,0.6617779731750488,0.13855034112930298,0.5078027248382568,0.007166383787989616
158,120,False,0.0,1,0.7801591157913208,0.2634386122226715,0.5168836116790771,0.017217308282852173
158,121,False,0.0,1,0.7802354097366333,0.2630162835121155,0.5166982412338257,0.017157619819045067
158,122,False,0.0,1,0.7797794342041016,0.2629278898239136,0.516634464263916,0.017076721414923668
158,123,False,0.0,1,0.7816863059997559,0.26282382011413574,0.5169829726219177,0.017059778794646263
158,124,False,0.0,1,0.7803494334220886,0.2631427049636841,0.5168585181236267,0.016986513510346413
158,125,False,0.0,1,0.780813992023468,0.262724906206131,0.5171371102333069,0.016940375789999962
158,126,False,0.0,1,0.7811237573623657,0.26262909173965454,0.5168986320495605,0.01715898886322975
158,127,False,0.0,1,0.7805006504058838,0.2627408802509308,0.5174388885498047,0.017305463552474976
158,128,False,0.0,1,0.7801769375801086,0.2630889117717743,0.5174400806427002,0.017364654690027237
158,129,False,0.0,1,0.7804746031761169,0.2625478208065033,0.5171010494232178,0.017055170610547066
158,130,False,0.0,1,0.77958083152771,0.26288047432899475,0.5171744227409363,0.01710638403892517
158,131,False,0.0,1,0.7797507643699646,0.2629389762878418,0.5173215866088867,0.017005302011966705
158,132,False,0.0,1,0.7805639505386353,0.2628277838230133,0.5169205069541931,0.017017029225826263
158,133,False,0.0,1,0.7802202701568604,0.26296889781951904,0.5168991684913635,0.017068587243556976
158,134,False,0.0,1,0.7783234119415283,0.26325640082359314,0.51719069480896,0.016816187649965286
172,177,False,0.0,0,0.6438019275665283,0.12702612578868866,0.5080136060714722,0.007717769593000412
172,178,False,0.0,1,0.7768944501876831,0.26388442516326904,0.5176447033882141,0.017731923609972
172,179,False,0.0,1,0.7760074138641357,0.26437118649482727,0.5171378254890442,0.017353368923068047
172,180,False,0.0,1,0.7765568494796753,0.2644098997116089,0.5176490545272827,0.017487911507487297
172,181,False,0.0,1,0.7763704061508179,0.2643319070339203,0.517315149307251,0.017415529116988182
172,182,False,0.0,1,0.7764682769775391,0.2645292580127716,0.5174641609191895,0.01762242428958416
172,183,False,0.0,1,0.7761832475662231,0.26479798555374146,0.5172216892242432,0.01757524162530899
172,184,False,0.0,1,0.776569128036499,0.2646246552467346,0.517730712890625,0.017663002014160156
172,185,False,0.0,1,0.7757662534713745,0.2644195258617401,0.51806640625,0.017661236226558685
172,186,True,0.008639308623969555,1,0.7769078016281128,0.2644304633140564,0.5183249711990356,0.017896434292197227
172,187,True,0.019438445568084717,1,0.776383101940155,0.2645752727985382,0.5177319049835205,0.01766865886747837
172,188,True,0.030237581580877304,1,0.7762190103530884,0.2644152343273163,0.5180217027664185,0.017796283587813377
172,189,True,0.04103671759366989,1,0.775550901889801,0.2646180987358093,0.5178321599960327,0.01765665039420128
172,190,True,0.05183585360646248,1,0.7764596939086914,0.2644980549812317,0.5177454948425293,0.017748922109603882
172,191,True,0.06263498961925507,1,0.7765027284622192,0.2643048167228699,0.5180175304412842,0.017730869352817535
172,192,True,0.07343412190675735,1,0.7769827246665955,0.2643711268901825,0.5183387994766235,0.017858389765024185
23,91,False,0.0,0,0.6473112106323242,0.12670032680034637,0.5073715448379517,0.00675436295568943
23,92,False,0.0,1,0.7773169279098511,0.26378127932548523,0.5179140567779541,0.01737487129867077
23,93,False,0.0,1,0.7783734202384949,0.2632838189601898,0.5177856683731079,0.01717992313206196
23,94,False,0.0,1,0.7768033742904663,0.2637977600097656,0.517838716506958,0.017273422330617905
23,95,False,0.0,1,0.7775072455406189,0.2636052072048187,0.5178992748260498,0.017378557473421097
23,96,False,0.0,1,0.777040958404541,0.26376867294311523,0.5177887678146362,0.017350075766444206
23,97,False,0.0,1,0.7763509154319763,0.263859361410141,0.5177844762802124,0.017217528074979782
23,98,False,0.0,1,0.7769336104393005,0.2629087567329407,0.5178400278091431,0.017185229808092117
23,99,False,0.0,1,0.7761342525482178,0.263915479183197,0.5177193880081177,0.01720147579908371
23,100,True,0.016129031777381897,1,0.7774365544319153,0.26305723190307617,0.5178640484809875,0.01726560853421688
23,101,True,0.03629032149910927,1,0.777051568031311,0.26340824365615845,0.5180601477622986,0.017346970736980438
23,102,True,0.05645161122083664,1,0.7765824198722839,0.2632858157157898,0.5180337429046631,0.01735546439886093
23,103,True,0.07661290466785431,1,0.7762725353240967,0.2633662521839142,0.5175797939300537,0.017300324514508247
23,104,True,0.09677419066429138,1,0.7774307727813721,0.26293665170669556,0.5177476406097412,0.017517175525426865
23,105,True,0.11693548411130905,1,0.7773218154907227,0.2627633213996887,0.517713189125061,0.01738954521715641
23,106,True,0.13709677755832672,1,0.7753848433494568,0.2635559141635895,0.5177788734436035,0.017438944429159164
109,168,False,0.0,0,0.651280403137207,0.13239800930023193,0.5080759525299072,0.006978278048336506
109,169,False,0.0,1,0.7766425013542175,0.2640647292137146,0.5188007950782776,0.016933754086494446
109,170,False,0.0,1,0.7773284316062927,0.26434123516082764,0.5189743041992188,0.016924085095524788
109,171,False,0.0,1,0.7770057916641235,0.26399409770965576,0.5186724066734314,0.016893640160560608
109,172,False,0.0,1,0.7771480083465576,0.26395997405052185,0.5189695954322815,0.01698981784284115
109,173,False,0.0,1,0.7770679593086243,0.2635555863380432,0.5191227197647095,0.01699652709066868
109,174,False,0.0,1,0.7766423225402832,0.26361119747161865,0.5187183618545532,0.016851995140314102
109,175,False,0.0,1,0.7770604491233826,0.26374518871307373,0.518893837928772,0.016967616975307465
109,176,True,0.00455580884590745,1,0.7769260406494141,0.26407334208488464,0.5191942453384399,0.016962308436632156
109,177,True,0.015945330262184143,1,0.777090311050415,0.26416388154029846,0.5188157558441162,0.017260948196053505
109,178,True,0.027334852144122124,1,0.7768237590789795,0.2639796733856201,0.5194294452667236,0.0170863326638937
109,179,True,0.038724374026060104,1,0.7765399217605591,0.26392248272895813,0.5189971923828125,0.017188766971230507
109,180,True,0.050113894045352936,1,0.7768957614898682,0.26408156752586365,0.5188482999801636,0.01717829890549183
109,181,True,0.061503417789936066,1,0.7762339115142822,0.26454880833625793,0.5189869403839111,0.017287734895944595
109,182,True,0.0728929415345192,1,0.7754889130592346,0.26483166217803955,0.5184631943702698,0.017042547464370728
109,183,True,0.08428245782852173,1,0.7758164405822754,0.2638803720474243,0.518844485282898,0.016906237229704857
44,7,False,0.0,0,0.6554136276245117,0.13156823813915253,0.5082135200500488,0.007081098388880491
44,8,False,0.0,1,0.7791651487350464,0.26166364550590515,0.5195542573928833,0.017268525436520576
44,9,False,0.0,1,0.7773010730743408,0.26303157210350037,0.519303560256958,0.017310483381152153
44,10,False,0.0,1,0.7787579298019409,0.2626032531261444,0.5197522640228271,0.01732061244547367
44,11,False,0.0,1,0.7783065438270569,0.26232996582984924,0.5196086168289185,0.017281455919146538
44,12,False,0.0,1,0.7790398597717285,0.26287561655044556,0.5193194150924683,0.01735801063477993
44,13,False,0.0,1,0.7779948115348816,0.26247161626815796,0.5196377635002136,0.01741093024611473
44,14,False,0.0,1,0.7777687311172485,0.26290950179100037,0.5194340944290161,0.017314130440354347
44,15,True,0.027027027681469917,1,0.7771916389465332,0.26323890686035156,0.519314169883728,0.01737692765891552
44,16,True,0.1621621549129486,1,0.775530219078064,0.26291096210479736,0.5188267230987549,0.01726354844868183
44,17,True,0.29729729890823364,1,0.7746477127075195,0.2632765471935272,0.5192261934280396,0.01737254112958908
44,18,True,0.4324324429035187,1,0.7761490345001221,0.2629803717136383,0.5187878608703613,0.01726018823683262
44,19,True,0.5675675868988037,1,0.776670515537262,0.26299700140953064,0.5190770626068115,0.017099503427743912
44,20,True,0.7027027010917664,1,0.777215838432312,0.2615111172199249,0.5186821222305298,0.016812248155474663
44,21,True,0.837837815284729,1,0.7765920162200928,0.26139792799949646,0.5186143517494202,0.01662163808941841
44,22,True,0.9729729890823364,1,0.7752733826637268,0.26161691546440125,0.518545389175415,0.016255324706435204
58,50,False,0.0,0,0.6463122367858887,0.12736541032791138,0.5087285041809082,0.0074377404525876045
58,51,False,0.0,1,0.7774951457977295,0.26287421584129333,0.5193672180175781,0.01744791306555271
58,52,False,0.0,1,0.7765427827835083,0.2637709379196167,0.5195513367652893,0.017631705850362778
58,53,False,0.0,1,0.7768640518188477,0.2630380392074585,0.5193338990211487,0.017602667212486267
58,54,False,0.0,1,0.7761005163192749,0.26426663994789124,0.518961489200592,0.017581097781658173
58,55,False,0.0,1,0.7751222848892212,0.2641538977622986,0.519017219543457,0.017541637644171715
58,56,False,0.0,1,0.7768245935440063,0.2642911970615387,0.5189478397369385,0.017574049532413483
58,57,False,0.0,1,0.7764131426811218,0.2640458941459656,0.5191798210144043,0.017544172704219818
58,58,True,0.013888888992369175,1,0.7776405811309814,0.26369526982307434,0.5190412402153015,0.017557693645358086
58,59,True,0.0486111119389534,1,0.777412474155426,0.2638164162635803,0.5191010236740112,0.017609627917408943
58,60,True,0.0833333358168602,1,0.7768381237983704,0.26377660036087036,0.5194476842880249,0.01768164150416851
58,61,True,0.1180555522441864,1,0.7760589122772217,0.26351937651634216,0.5194131135940552,0.017556259408593178
58,62,True,0.1527777761220932,1,0.7766613960266113,0.26362839341163635,0.5193233489990234,0.01769568771123886
58,63,True,0.1875,1,0.7751249074935913,0.26403844356536865,0.5192748308181763,0.01772363856434822
58,64,True,0.2222222238779068,1,0.7768733501434326,0.2637230455875397,0.5195779204368591,0.017848387360572815
58,65,True,0.2569444477558136,1,0.7759264707565308,0.26394566893577576,0.5192242860794067,0.01755998283624649
6,24,False,0.0,0,0.6463584899902344,0.12717171013355255,0.5092038512229919,0.007506516762077808
6,25,False,0.0,1,0.7781108617782593,0.26292482018470764,0.5204848051071167,0.017736220732331276
6,26,False,0.0,1,0.7766574621200562,0.26379361748695374,0.5203104019165039,0.01781606487929821
6,27,False,0.0,1,0.7765856981277466,0.26374319195747375,0.5203447341918945,0.017980823293328285
6,28,False,0.0,1,0.7772492170333862,0.26350563764572144,0.5200324058532715,0.017650442197918892
6,29,False,0.0,1,0.7775430679321289,0.2633589804172516,0.5201482772827148,0.017740709707140923
6,30,False,0.0,1,0.776236891746521,0.26416078209877014,0.5202887058258057,0.01774875447154045
6,31,False,0.0,1,0.7780888676643372,0.263181209564209,0.5201389789581299,0.01776334084570408
6,32,False,0.0,1,0.7775782346725464,0.26350194215774536,0.5208122134208679,0.017847228795289993
6,33,True,0.03703703731298447,1,0.7767966985702515,0.26339635252952576,0.5204287171363831,0.018007535487413406
6,34,True,0.09876543283462524,1,0.7766427397727966,0.2637624144554138,0.5206358432769775,0.01794062741100788
6,35,True,0.16049382090568542,1,0.7761560678482056,0.2637709975242615,0.5206027626991272,0.0176774300634861
6,36,True,0.2222222238779068,1,0.7765179872512817,0.2636892795562744,0.520674467086792,0.018011746928095818
6,37,True,0.2839506268501282,1,0.7750912308692932,0.2631668746471405,0.5202521085739136,0.017616253346204758
6,38,True,0.34567901492118835,1,0.7759802937507629,0.2630884647369385,0.5204799175262451,0.01770169660449028
6,39,True,0.40740740299224854,1,0.7751588821411133,0.2631193995475769,0.520456850528717,0.017806975170969963
183,172,False,0.0,0,0.6474108695983887,0.13068599998950958,0.5098153352737427,0.007799353916198015
183,173,False,0.0,1,0.7764863967895508,0.2641589641571045,0.5210944414138794,0.0178553257137537
183,174,False,0.0,1,0.775991678237915,0.26443830132484436,0.5212409496307373,0.018080640584230423
183,175,False,0.0,1,0.7766214609146118,0.2642812132835388,0.5212451219558716,0.017972318455576897
183,176,False,0.0,1,0.7764129638671875,0.2643739879131317,0.5211508274078369,0.01810881309211254
183,177,False,0.0,1,0.777058482170105,0.26426249742507935,0.5211149454116821,0.018013549968600273
183,178,False,0.0,1,0.7753340005874634,0.26442649960517883,0.5213515758514404,0.01819392666220665
183,179,False,0.0,1,0.7757298946380615,0.2644401788711548,0.5214052200317383,0.018010877072811127
183,180,True,0.004454343114048243,1,0.776322603225708,0.26359322667121887,0.521660566329956,0.01799198053777218
183,181,True,0.015590200200676918,1,0.7763152718544006,0.26405343413352966,0.5219508409500122,0.018236588686704636
183,182,True,0.02672605775296688,1,0.7767008543014526,0.26353150606155396,0.5216713547706604,0.01811170019209385
183,183,True,0.03786191716790199,1,0.7767300605773926,0.2638546824455261,0.5215065479278564,0.01813460886478424
183,184,True,0.04899777099490166,1,0.7765873074531555,0.26319772005081177,0.5214593410491943,0.018080325797200203
183,185,True,0.06013362854719162,1,0.7768135070800781,0.262724906206131,0.5212358236312866,0.017984136939048767
183,186,True,0.07126948982477188,1,0.7762987613677979,0.2634510099887848,0.5213583111763,0.018262915313243866
183,187,True,0.08240534365177155,1,0.7762539386749268,0.26405587792396545,0.5215309858322144,0.018312733620405197
19,88,False,0.0,0,0.6414108276367188,0.12538492679595947,0.5094568133354187,0.007627407554537058
19,89,False,0.0,1,0.7767999768257141,0.2632797956466675,0.5219985246658325,0.018581189215183258
19,90,False,0.0,1,0.77620929479599,0.26317596435546875,0.5219799280166626,0.018499085679650307
19,91,False,0.0,1,0.7761628031730652,0.26327332854270935,0.5219725370407104,0.018611956387758255
19,92,False,0.0,1,0.7759494781494141,0.26346293091773987,0.5216661095619202,0.018435733392834663
19,93,False,0.0,1,0.776969313621521,0.263241708278656,0.5218080282211304,0.01855642907321453
19,94,False,0.0,1,0.7776257991790771,0.2629438638687134,0.5216476917266846,0.018403295427560806
19,95,False,0.0,1,0.7777227163314819,0.26295143365859985,0.521664023399353,0.01841706410050392
19,96,False,0.0,1,0.7775592803955078,0.263027548789978,0.5219188928604126,0.01857970654964447
19,97,False,0.0,1,0.7769396305084229,0.2630663812160492,0.5221560001373291,0.018751688301563263
19,98,False,0.0,1,0.7771459221839905,0.2628677785396576,0.522275447845459,0.01863546296954155
19,99,False,0.0,1,0.7782192230224609,0.26299700140953064,0.5224643349647522,0.018753137439489365
19,100,False,0.0,1,0.7780544757843018,0.2630067765712738,0.5223711729049683,0.01859179697930813
19,101,False,0.0,1,0.7775783538818359,0.2628633677959442,0.5223268270492554,0.018465273082256317
19,102,False,0.0,1,0.7776913642883301,0.26286211609840393,0.5225201845169067,0.018459120765328407
19,103,False,0.0,1,0.7781038284301758,0.2624538838863373,0.5223965644836426,0.018407978117465973
113,114,False,0.0,0,0.6598663330078125,0.1382329910993576,0.5108563899993896,0.008560017682611942
113,115,False,0.0,1,0.7788589596748352,0.2639646828174591,0.5240789651870728,0.018986478447914124
113,116,False,0.0,1,0.7778223752975464,0.26409000158309937,0.523857593536377,0.019022086635231972
113,117,False,0.0,1,0.7784991264343262,0.26429569721221924,0.5239174962043762,0.019030652940273285
113,118,False,0.0,1,0.7786369323730469,0.2641408145427704,0.5239378213882446,0.018962133675813675
113,119,False,0.0,1,0.7789841890335083,0.2637745141983032,0.5238212943077087,0.018951231613755226
113,120,False,0.0,1,0.7782898545265198,0.2637268006801605,0.5237553119659424,0.018943488597869873
113,121,False,0.0,1,0.778933048248291,0.2637404799461365,0.5235515832901001,0.01907496526837349
113,122,True,0.003267973894253373,1,0.7799735069274902,0.2630581259727478,0.5241169333457947,0.0191276203840971
113,123,True,0.016393441706895828,1,0.7803119421005249,0.26241812109947205,0.5240553617477417,0.019096091389656067
113,124,True,0.032786883413791656,1,0.7794547080993652,0.26307815313339233,0.5241919755935669,0.019060295075178146
113,125,True,0.04918032884597778,1,0.7797737121582031,0.2628382444381714,0.5240509510040283,0.01905112713575363
113,126,True,0.06557376682758331,1,0.7795719504356384,0.2630011737346649,0.5242867469787598,0.01906425878405571
113,127,True,0.08196721225976944,1,0.7796474099159241,0.26235103607177734,0.5242747068405151,0.0191072765737772
113,128,True,0.09836065769195557,1,0.7788472175598145,0.2627798616886139,0.5244823694229126,0.01922137290239334
113,129,True,0.1147540956735611,1,0.7788519263267517,0.2627567946910858,0.5239155292510986,0.01898508332669735
141,113,False,0.0,0,0.6524085998535156,0.13272090256214142,0.5106036067008972,0.008166256360709667
141,114,False,0.0,1,0.77691650390625,0.2638690173625946,0.5253276824951172,0.018984446302056313
141,115,False,0.0,1,0.7770776152610779,0.26361382007598877,0.524886965751648,0.018655994907021523
141,116,False,0.0,1,0.7769806385040283,0.26350823044776917,0.5251777768135071,0.01879822090268135
141,117,False,0.0,1,0.7772266864776611,0.2639106810092926,0.5250726938247681,0.018997779116034508
141,118,False,0.0,1,0.7766185998916626,0.2637682557106018,0.5250540971755981,0.018722137436270714
141,119,False,0.0,1,0.77728271484375,0.2638157606124878,0.5250463485717773,0.01893169805407524
141,120,False,0.0,1,0.7784920930862427,0.2636577785015106,0.5247876644134521,0.01877307891845703
141,121,False,0.0,1,0.7776963114738464,0.2636275291442871,0.5256178975105286,0.01886463165283203
141,122,True,0.013201320543885231,1,0.7768948078155518,0.26365557312965393,0.5253075361251831,0.018747052177786827
141,123,True,0.029702970758080482,1,0.777611255645752,0.2633515000343323,0.5251402854919434,0.01870082877576351
141,124,True,0.046204619109630585,1,0.7791413068771362,0.2631998658180237,0.5249050855636597,0.018715638667345047
141,125,True,0.06270626932382584,1,0.7772862911224365,0.26349470019340515,0.5250339508056641,0.018734117969870567
141,126,True,0.07920791953802109,1,0.7781634330749512,0.26377376914024353,0.525360107421875,0.01902880147099495
141,127,True,0.09570956975221634,1,0.779624342918396,0.26305949687957764,0.524812638759613,0.018771803006529808
141,128,True,0.11221121996641159,1,0.778306245803833,0.2633579671382904,0.5250985622406006,0.018816910684108734
193,178,False,0.0,0,0.6374630928039551,0.12005112320184708,0.5110197067260742,0.008197926916182041
193,179,False,0.0,1,0.7758398056030273,0.26308590173721313,0.5257362127304077,0.01846477761864662
193,180,False,0.0,1,0.7760134339332581,0.2644174098968506,0.5261119604110718,0.01878391019999981
193,181,False,0.0,1,0.7760024070739746,0.26415637135505676,0.5260171890258789,0.018599221482872963
193,182,False,0.0,1,0.7757706642150879,0.2645430564880371,0.5260760188102722,0.018667127937078476
193,183,False,0.0,1,0.7759323120117188,0.26454561948776245,0.5259518623352051,0.018581122159957886
193,184,False,0.0,1,0.7757672667503357,0.26470276713371277,0.5259200930595398,0.018551265820860863
193,185,False,0.0,1,0.775736391544342,0.2646143138408661,0.5258761644363403,0.01854623854160309
193,186,False,0.0,1,0.7756224274635315,0.26354479789733887,0.5256426334381104,0.018192140385508537
193,187,False,0.0,1,0.7759397625923157,0.26409125328063965,0.5263062715530396,0.01850142329931259
193,188,False,0.0,1,0.7753186225891113,0.2641020119190216,0.526130199432373,0.018391365185379982
193,189,False,0.0,1,0.7762449979782104,0.26445454359054565,0.5260252952575684,0.01833772473037243
193,190,False,0.0,1,0.7760636806488037,0.26466602087020874,0.5259194374084473,0.01846199482679367
193,191,False,0.0,1,0.7752575874328613,0.26355111598968506,0.5253685712814331,0.01821920834481716
193,192,False,0.0,1,0.7756445407867432,0.264019250869751,0.5257399082183838,0.018428009003400803
193,193,False,0.0,1,0.7750986218452454,0.2635340094566345,0.5257726907730103,0.018228238448500633
66,50,False,0.0,0,0.6421976089477539,0.12271859496831894,0.5110762119293213,0.007987669669091702
66,51,False,0.0,1,0.7756657600402832,0.2617523968219757,0.5251121520996094,0.017792636528611183
66,52,False,0.0,1,0.7753437757492065,0.2627204656600952,0.5253931283950806,0.01806608960032463
66,53,False,0.0,1,0.7758504152297974,0.26215410232543945,0.5257660746574402,0.018169138580560684
66,54,False,0.0,1,0.7757242321968079,0.26275986433029175,0.5252630710601807,0.017978444695472717
66,55,False,0.0,1,0.7778887152671814,0.26218363642692566,0.5251646041870117,0.017848918214440346
66,56,False,0.0,1,0.7766776084899902,0.2628902196884155,0.5257879495620728,0.01820671372115612
66,57,False,0.0,1,0.777047336101532,0.26291346549987793,0.5253499746322632,0.017974909394979477
66,58,False,0.0,1,0.7756457328796387,0.26327359676361084,0.5243396162986755,0.018012477084994316
66,59,False,0.0,1,0.7769622206687927,0.26281705498695374,0.5243359804153442,0.01799057424068451
66,60,False,0.0,1,0.7760828733444214,0.26354876160621643,0.5244640111923218,0.01799996756017208
66,61,False,0.0,1,0.7759639024734497,0.2628959119319916,0.5245971083641052,0.018054265528917313
66,62,False,0.0,1,0.775916576385498,0.263372004032135,0.5246093273162842,0.01809535175561905
66,63,False,0.0,1,0.7753239870071411,0.262939989566803,0.5246991515159607,0.01814480870962143
66,64,False,0.0,1,0.7751767039299011,0.26236408948898315,0.5248127579689026,0.01810246892273426
66,65,False,0.0,1,0.7751553058624268,0.2625967264175415,0.5245475172996521,0.01787240244448185
139,178,False,0.0,0,0.6429145336151123,0.12586158514022827,0.5101605653762817,0.008056160062551498
139,179,False,0.0,1,0.7765647768974304,0.2635023891925812,0.5238063335418701,0.01863066293299198
139,180,False,0.0,1,0.7767396569252014,0.2637399733066559,0.5239096283912659,0.018562573939561844
139,181,False,0.0,1,0.7764943242073059,0.26396873593330383,0.5238033533096313,0.01849556155502796
139,182,False,0.0,1,0.775729775428772,0.2642914950847626,0.524082362651825,0.01862715370953083
139,183,False,0.0,1,0.7761936187744141,0.2640306353569031,0.5238608121871948,0.01871374621987343
139,184,False,0.0,1,0.7767159938812256,0.2638531029224396,0.5240131616592407,0.018627053126692772
139,185,False,0.0,1,0.7762055397033691,0.2636229693889618,0.5241107940673828,0.018607359379529953
139,186,False,0.0,1,0.776078999042511,0.2642589807510376,0.523584246635437,0.019345084205269814
139,187,False,0.0,1,0.7759184837341309,0.26384326815605164,0.5235574245452881,0.0190933458507061
139,188,False,0.0,1,0.7752506136894226,0.26461711525917053,0.5234864950180054,0.019292887300252914
139,189,False,0.0,1,0.7758907079696655,0.2635514438152313,0.5235450863838196,0.01918470859527588
139,190,False,0.0,1,0.7748380899429321,0.26503053307533264,0.5235215425491333,0.01917717605829239
139,191,False,0.0,1,0.7750595808029175,0.2650773823261261,0.5234723091125488,0.019202537834644318
139,192,False,0.0,1,0.7748480439186096,0.2643987834453583,0.5236632823944092,0.019254373386502266
139,193,False,0.0,1,0.7745875120162964,0.2638576626777649,0.5237317681312561,0.01927321031689644
141,113,False,0.0,0,0.6500105857849121,0.1326502412557602,0.5103311538696289,0.008699452504515648
141,114,False,0.0,1,0.7768445611000061,0.26455312967300415,0.5241264700889587,0.019700465723872185
141,115,False,0.0,1,0.7768389582633972,0.2648935317993164,0.5238981246948242,0.019585970789194107
141,116,False,0.0,1,0.7762471437454224,0.26481521129608154,0.5241413712501526,0.0195735152810812
141,117,False,0.0,1,0.775470495223999,0.2650565505027771,0.523943305015564,0.019794203341007233
141,118,False,0.0,1,0.7760414481163025,0.2647978961467743,0.5240325927734375,0.019457079470157623
141,119,False,0.0,1,0.7768614292144775,0.2649264335632324,0.5240175724029541,0.019689129665493965
141,120,False,0.0,1,0.776822566986084,0.26464682817459106,0.5237784385681152,0.01969713158905506
141,121,False,0.0,1,0.7760658860206604,0.2649555504322052,0.5243148803710938,0.019703010097146034
141,122,True,0.013201320543885231,1,0.776729941368103,0.26461562514305115,0.5239301919937134,0.019899560138583183
141,123,True,0.029702970758080482,1,0.7770350575447083,0.26497000455856323,0.523917555809021,0.019944051280617714
141,124,True,0.046204619109630585,1,0.7762378454208374,0.26463767886161804,0.5236520767211914,0.01971127837896347
141,125,True,0.06270626932382584,1,0.7776874303817749,0.26522719860076904,0.523819088935852,0.019923299551010132
141,126,True,0.07920791953802109,1,0.7772789001464844,0.26483607292175293,0.5237822532653809,0.020038070157170296
141,127,True,0.09570956975221634,1,0.7780460119247437,0.2642245888710022,0.523989200592041,0.019924793392419815
141,128,True,0.11221121996641159,1,0.7783381938934326,0.26444947719573975,0.5241292715072632,0.020259035751223564
65,17,False,0.0,0,0.6429710388183594,0.12214862555265427,0.5107432007789612,0.008987270295619965
65,18,False,0.0,1,0.7763805389404297,0.2629062831401825,0.5243402123451233,0.020103242248296738
65,19,False,0.0,1,0.7764052748680115,0.26341596245765686,0.524316668510437,0.02002863399684429
65,20,False,0.0,1,0.7772592902183533,0.2629508376121521,0.5242892503738403,0.020038926973938942
65,21,False,0.0,1,0.7762032747268677,0.2631160020828247,0.5239455103874207,0.01989932730793953
65,22,False,0.0,1,0.7759759426116943,0.2632272243499756,0.524170458316803,0.02002619206905365
65,23,False,0.0,1,0.7766128778457642,0.26280272006988525,0.5239000916481018,0.019997335970401764
65,24,False,0.0,1,0.7756351828575134,0.2625028192996979,0.5238415598869324,0.019701344892382622
65,25,False,0.0,1,0.7756062746047974,0.262953519821167,0.5245223641395569,0.01993625983595848
65,26,True,0.0634920671582222,1,0.776287317276001,0.2635607421398163,0.5240215063095093,0.019839590415358543
65,27,True,0.1428571492433548,1,0.7761033177375793,0.2643596827983856,0.5243185758590698,0.020096590742468834
65,28,True,0.2222222238779068,1,0.7751885652542114,0.2641254961490631,0.5240636467933655,0.019746236503124237
65,29,True,0.30158731341362,1,0.7751347422599792,0.26425084471702576,0.5240623950958252,0.019892623648047447
65,30,True,0.380952388048172,1,0.7743093967437744,0.2631409764289856,0.5238487720489502,0.01970541663467884
65,31,True,0.460317462682724,1,0.774634599685669,0.26309090852737427,0.5235871076583862,0.019502513110637665
65,32,True,0.5396825671195984,1,0.7750123739242554,0.26299843192100525,0.5234754085540771,0.019613681361079216
140,119,False,0.0,0,0.6461522579193115,0.1290096491575241,0.5110461711883545,0.008643651381134987
140,120,False,0.0,1,0.7764731645584106,0.2648339867591858,0.5253187417984009,0.019910722970962524
140,121,False,0.0,1,0.7769714593887329,0.26498866081237793,0.5253465175628662,0.019855763763189316
140,122,False,0.0,1,0.7769445180892944,0.2644357979297638,0.525385856628418,0.019654706120491028
140,123,False,0.0,1,0.7773343324661255,0.26493462920188904,0.5255523920059204,0.01990383490920067
140,124,False,0.0,1,0.7773709297180176,0.2645367681980133,0.5253537893295288,0.019667726010084152
140,125,False,0.0,1,0.7776066064834595,0.2641950845718384,0.5250500440597534,0.01974550262093544
140,126,False,0.0,1,0.778401792049408,0.2640411853790283,0.5255056023597717,0.019966986030340195
140,127,False,0.0,1,0.7781410813331604,0.2639002799987793,0.5262140035629272,0.01973581686615944
140,128,False,0.0,1,0.7778518795967102,0.26398766040802,0.5258563160896301,0.01955561153590679
140,129,False,0.0,1,0.7780541181564331,0.2639888823032379,0.5259246826171875,0.019618766382336617
140,130,False,0.0,1,0.7787383794784546,0.26317164301872253,0.526027262210846,0.019601255655288696
140,131,False,0.0,1,0.7782354950904846,0.26346728205680847,0.5258371233940125,0.019476599991321564
140,132,False,0.0,1,0.7783299088478088,0.2631452679634094,0.5259443521499634,0.01961590349674225
140,133,False,0.0,1,0.7785727977752686,0.2636147141456604,0.5257673263549805,0.019633743911981583
140,134,False,0.0,1,0.7783918976783752,0.26354825496673584,0.5259025692939758,0.0196808073669672
146,121,False,0.0,0,0.6461398601531982,0.1291804164648056,0.51152503490448,0.008333607576787472
146,122,False,0.0,1,0.7773537635803223,0.264461487531662,0.5269638299942017,0.019439078867435455
146,123,False,0.0,1,0.7766687870025635,0.2644708752632141,0.526814877986908,0.01917809061706066
146,124,False,0.0,1,0.7769719362258911,0.2641182541847229,0.5266660451889038,0.01912004128098488
146,125,False,0.0,1,0.7778323292732239,0.26395341753959656,0.5271375179290771,0.01939682848751545
146,126,False,0.0,1,0.7782250642776489,0.2639573812484741,0.5265687108039856,0.019344888627529144
146,127,False,0.0,1,0.7779878973960876,0.26374274492263794,0.5267215967178345,0.019334694370627403
146,128,False,0.0,1,0.7786582708358765,0.26362887024879456,0.5269256830215454,0.019291458651423454
146,129,True,0.003105590119957924,1,0.7786926031112671,0.2636330723762512,0.5275802612304688,0.019142996519804
146,130,True,0.018633540719747543,1,0.7782073616981506,0.26389041543006897,0.5278081297874451,0.019488273188471794
146,131,True,0.034161489456892014,1,0.7784260511398315,0.2632378339767456,0.52724289894104,0.01923883520066738
146,132,True,0.04968944191932678,1,0.7784849405288696,0.263663649559021,0.5276248455047607,0.019373632967472076
146,133,True,0.06521739065647125,1,0.7779563665390015,0.26413342356681824,0.5275275707244873,0.019405394792556763
146,134,True,0.08074533939361572,1,0.7778480052947998,0.2631857395172119,0.5273376703262329,0.01927393488585949
146,135,True,0.09627329558134079,1,0.7774990797042847,0.2639661431312561,0.5275684595108032,0.019221050664782524
146,136,True,0.11180124431848526,1,0.7770434617996216,0.2637845277786255,0.527001142501831,0.01900346204638481
64,35,False,0.0,0,0.6449239253997803,0.1262751817703247,0.5123245716094971,0.008337350562214851
64,36,False,0.0,1,0.7750253677368164,0.264159232378006,0.5277811288833618,0.018922077491879463
64,37,False,0.0,1,0.7765780091285706,0.26444822549819946,0.5280728340148926,0.019070183858275414
64,38,False,0.0,1,0.7760847806930542,0.2642940878868103,0.5277973413467407,0.01894058659672737
64,39,False,0.0,1,0.7757340669631958,0.2642976939678192,0.5277313590049744,0.01896531879901886
64,40,False,0.0,1,0.7759766578674316,0.26396071910858154,0.52788245677948,0.01902640052139759
64,41,False,0.0,1,0.7755388617515564,0.2640630602836609,0.5279105305671692,0.018965328112244606
64,42,False,0.0,1,0.7756813764572144,0.26461276412010193,0.5279949903488159,0.019068744033575058
64,43,False,0.0,1,0.7748435735702515,0.26458752155303955,0.528904914855957,0.018996478989720345
64,44,True,0.03703703731298447,1,0.7757967710494995,0.2643990218639374,0.5289498567581177,0.01910712942481041
64,45,True,0.0833333358168602,1,0.7746543884277344,0.26457512378692627,0.5290229320526123,0.01912279613316059
64,46,True,0.12962962687015533,1,0.7748357057571411,0.2646993100643158,0.5289356708526611,0.019065339118242264
64,47,True,0.17592592537403107,1,0.7748633623123169,0.2648336589336395,0.5287458896636963,0.019096914678812027
64,48,True,0.2222222238779068,1,0.774268388748169,0.2649703919887543,0.5288925766944885,0.01915680430829525
64,49,True,0.26851850748062134,1,0.7747241258621216,0.2647838294506073,0.528693437576294,0.01929439976811409
64,50,True,0.31481480598449707,1,0.7735679149627686,0.26381322741508484,0.5282139778137207,0.018952110782265663
155,172,False,0.0,0,0.6361503601074219,0.12056922912597656,0.5136033296585083,0.008764484897255898
155,173,False,0.0,1,0.774917721748352,0.26483917236328125,0.5302482843399048,0.019180649891495705
155,174,False,0.0,1,0.7738505601882935,0.264452189207077,0.5298999547958374,0.019018201157450676
155,175,False,0.0,1,0.7751724123954773,0.2649955451488495,0.5299590826034546,0.019169721752405167
155,176,False,0.0,1,0.775210440158844,0.26471269130706787,0.5300471782684326,0.019152214750647545
155,177,False,0.0,1,0.775101900100708,0.2647806406021118,0.5297829508781433,0.019058294594287872
155,178,False,0.0,1,0.775267481803894,0.26468077301979065,0.5299059152603149,0.019031260162591934
155,179,False,0.0,1,0.7743970155715942,0.2641488313674927,0.5296658277511597,0.018923386931419373
155,180,False,0.0,1,0.7742557525634766,0.26522549986839294,0.5309183597564697,0.019077960401773453
155,181,False,0.0,1,0.7744994163513184,0.2656518518924713,0.5310589075088501,0.01914329268038273
155,182,False,0.0,1,0.7744157314300537,0.265449196100235,0.5306704044342041,0.018913112580776215
155,183,False,0.0,1,0.7744832038879395,0.26542094349861145,0.5311497449874878,0.019109850749373436
155,184,False,0.0,1,0.7734724283218384,0.26464763283729553,0.5306961536407471,0.018879134207963943
155,185,False,0.0,1,0.7744127511978149,0.2656591534614563,0.5306951999664307,0.01898311637341976
155,186,False,0.0,1,0.7744554281234741,0.26499900221824646,0.5307579040527344,0.01894186995923519
155,187,False,0.0,1,0.774215817451477,0.2648666203022003,0.5305331349372864,0.01894097588956356
95,56,False,0.0,0,0.6321485042572021,0.11603745073080063,0.5137739777565002,0.008732623420655727
95,57,False,0.0,1,0.7747635841369629,0.2645364999771118,0.5313218832015991,0.019346144050359726
95,58,False,0.0,1,0.7746551036834717,0.2644018828868866,0.5313093662261963,0.01930978149175644
95,59,False,0.0,1,0.7746089696884155,0.26466500759124756,0.5308817625045776,0.01910928264260292
95,60,False,0.0,1,0.7743650674819946,0.2646028697490692,0.5312538146972656,0.019377967342734337
95,61,False,0.0,1,0.773939311504364,0.26427143812179565,0.5310003757476807,0.019126862287521362
95,62,False,0.0,1,0.7738703489303589,0.26426392793655396,0.5313732624053955,0.019385717809200287
95,63,False,0.0,1,0.7738853693008423,0.2644585967063904,0.5311613082885742,0.01931270770728588
95,64,False,0.0,1,0.7747117877006531,0.26413094997406006,0.531415581703186,0.019595272839069366
95,65,False,0.0,1,0.7743967771530151,0.2636917233467102,0.5313047170639038,0.019483309239149094
95,66,False,0.0,1,0.7744818925857544,0.26419898867607117,0.5313417911529541,0.019473208114504814
95,67,False,0.0,1,0.7746366262435913,0.2639835774898529,0.5312755107879639,0.019496213644742966
95,68,False,0.0,1,0.7741428017616272,0.2642333507537842,0.531241774559021,0.01947914995253086
95,69,False,0.0,1,0.7739019393920898,0.2643635869026184,0.5315465927124023,0.019659100100398064
95,70,False,0.0,1,0.7749210596084595,0.2639220356941223,0.531400203704834,0.019563741981983185
95,71,False,0.0,1,0.775153636932373,0.2639755606651306,0.5310425758361816,0.019346438348293304
99,38,False,0.0,0,0.6474995613098145,0.12739615142345428,0.5135376453399658,0.008934976533055305
99,39,False,0.0,1,0.7761834859848022,0.2643495500087738,0.5308817625045776,0.019820619374513626
99,40,False,0.0,1,0.7756853103637695,0.2642953097820282,0.5310400128364563,0.019838208332657814
99,41,False,0.0,1,0.7763277292251587,0.2640170156955719,0.5307102203369141,0.01970292627811432
99,42,False,0.0,1,0.7755256295204163,0.26440533995628357,0.530838131904602,0.01980133168399334
99,43,False,0.0,1,0.774965763092041,0.26434388756752014,0.5306874513626099,0.01970382034778595
99,44,False,0.0,1,0.7748497724533081,0.26441115140914917,0.5310356616973877,0.019767625257372856
99,45,False,0.0,1,0.775775671005249,0.2641826868057251,0.5304823517799377,0.019473448395729065
99,46,False,0.0,1,0.7752485275268555,0.2641257345676422,0.5311248302459717,0.0201168954372406
99,47,False,0.0,1,0.7760828137397766,0.26404404640197754,0.5310769081115723,0.020077334716916084
99,48,False,0.0,1,0.7757176160812378,0.26375946402549744,0.5312803983688354,0.020022716373205185
99,49,False,0.0,1,0.7761056423187256,0.2636566162109375,0.531427800655365,0.020171331241726875
99,50,False,0.0,1,0.7751787304878235,0.2641066908836365,0.5312827229499817,0.020072074607014656
99,51,False,0.0,1,0.7754356861114502,0.2636265456676483,0.5310693979263306,0.019970044493675232
99,52,False,0.0,1,0.7772847414016724,0.2637272775173187,0.5308891534805298,0.019985806196928024
99,53,False,0.0,1,0.7766132354736328,0.26362845301628113,0.5307530164718628,0.019791658967733383
135,180,False,0.0,0,0.6424407958984375,0.12525895237922668,0.5148006081581116,0.009549041278660297
135,181,False,0.0,1,0.7757852077484131,0.2649502158164978,0.5325570106506348,0.02030833624303341
135,182,False,0.0,1,0.775273323059082,0.26541537046432495,0.5323078632354736,0.020191367715597153
135,183,False,0.0,1,0.774567723274231,0.26520490646362305,0.5321770906448364,0.02017795480787754
135,184,False,0.0,1,0.7747700214385986,0.2650480568408966,0.5323329567909241,0.020291920751333237
135,185,False,0.0,1,0.7743812203407288,0.26509442925453186,0.5323398113250732,0.020173069089651108
135,186,False,0.0,1,0.7742242813110352,0.2652941346168518,0.5322601795196533,0.020273685455322266
135,187,False,0.0,1,0.774206817150116,0.264970988035202,0.5320440530776978,0.020068006590008736
135,188,False,0.0,1,0.7744006514549255,0.26508423686027527,0.532624363899231,0.020434275269508362
135,189,False,0.0,1,0.7754216194152832,0.26539352536201477,0.5329054594039917,0.020523952320218086
135,190,False,0.0,1,0.7754846811294556,0.2654268145561218,0.5329092741012573,0.02051679603755474
135,191,False,0.0,1,0.7752015590667725,0.26502159237861633,0.5329856872558594,0.020469287410378456
135,192,False,0.0,1,0.7759249210357666,0.2650777995586395,0.5328304767608643,0.02038068138062954
135,193,False,0.0,1,0.7750543355941772,0.26446834206581116,0.5326237678527832,0.020190315321087837
135,194,False,0.0,1,0.7747402191162109,0.2650606334209442,0.532767653465271,0.02039516530930996
135,195,False,0.0,1,0.7743277549743652,0.26435452699661255,0.5324909687042236,0.02014273963868618
68,20,False,0.0,0,0.6530647277832031,0.13202208280563354,0.5142526626586914,0.009393191896378994
68,21,False,0.0,1,0.7782011032104492,0.2637222409248352,0.5322672128677368,0.0204908549785614
68,22,False,0.0,1,0.7778835296630859,0.263613224029541,0.5324896574020386,0.020541848614811897
68,23,False,0.0,1,0.7777888774871826,0.26359283924102783,0.5323299169540405,0.020429596304893494
68,24,False,0.0,1,0.7783595323562622,0.26355063915252686,0.5319780111312866,0.02018408663570881
68,25,False,0.0,1,0.7782602310180664,0.2637661099433899,0.5323371887207031,0.020541422069072723
68,26,False,0.0,1,0.7779807448387146,0.2636900544166565,0.5322180986404419,0.0202995203435421
68,27,False,0.0,1,0.7783963680267334,0.26354214549064636,0.532512366771698,0.02041231282055378
68,28,True,0.028985507786273956,1,0.778059720993042,0.2632410526275635,0.5327423810958862,0.02057766355574131
68,29,True,0.10144927352666855,1,0.7784998416900635,0.26318037509918213,0.5330373048782349,0.020654886960983276
68,30,True,0.17391304671764374,1,0.7772027850151062,0.26241838932037354,0.5323079228401184,0.020357992500066757
68,31,True,0.24637681245803833,1,0.7777233719825745,0.26339298486709595,0.5325724482536316,0.02072446420788765
68,32,True,0.3188405930995941,1,0.7769713401794434,0.2635405659675598,0.5323681831359863,0.02055344730615616
68,33,True,0.3913043439388275,1,0.7776474356651306,0.2634728252887726,0.5324237942695618,0.020634399726986885
68,34,True,0.4637681245803833,1,0.7769370079040527,0.26352012157440186,0.532417893409729,0.02067715674638748
68,35,True,0.5362318754196167,1,0.7763592004776001,0.2631370723247528,0.5325332880020142,0.020538894459605217
142,117,False,0.0,0,0.6566870212554932,0.13751351833343506,0.5152537226676941,0.009860968217253685
142,118,False,0.0,1,0.7784215807914734,0.2642374634742737,0.5341064929962158,0.020851098001003265
142,119,False,0.0,1,0.7786127924919128,0.2640227675437927,0.5337343215942383,0.020733727142214775
142,120,False,0.0,1,0.7782366275787354,0.2644244134426117,0.53353351354599,0.020746031776070595
142,121,False,0.0,1,0.7785465717315674,0.2642165422439575,0.5340176820755005,0.020911578088998795
142,122,False,0.0,1,0.7790136933326721,0.263482928276062,0.5339277386665344,0.020752694457769394
142,123,False,0.0,1,0.7792410254478455,0.2634316086769104,0.5339520573616028,0.020877767354249954
142,124,False,0.0,1,0.780515193939209,0.26255202293395996,0.5337680578231812,0.020755596458911896
142,125,True,0.0032051282469183207,1,0.7804673910140991,0.2625865340232849,0.534006655216217,0.02072286233305931
142,126,True,0.01923076994717121,1,0.7796773910522461,0.2631022334098816,0.5341358184814453,0.02071436122059822
142,127,True,0.035256411880254745,1,0.7799385786056519,0.2628040015697479,0.5339295268058777,0.02071264199912548
142,128,True,0.05128205195069313,1,0.7799750566482544,0.26259732246398926,0.5337191820144653,0.020731184631586075
142,129,True,0.06730769574642181,1,0.7800103425979614,0.2623036503791809,0.5344293117523193,0.021135229617357254
142,130,True,0.0833333358168602,1,0.779289722442627,0.26276132464408875,0.5338262319564819,0.020653286948800087
142,131,True,0.09935897588729858,1,0.779029369354248,0.26285520195961,0.5336007475852966,0.02060452476143837
142,132,True,0.11538461595773697,1,0.7789556980133057,0.2634120285511017,0.5339377522468567,0.02082248404622078
163,179,False,0.0,0,0.6465868949890137,0.12999647855758667,0.5153404474258423,0.009763063862919807
163,180,False,0.0,1,0.7755698561668396,0.2651424705982208,0.5344438552856445,0.020732535049319267
163,181,False,0.0,1,0.7754544019699097,0.2649320363998413,0.5344980359077454,0.02064366266131401
163,182,False,0.0,1,0.7757409811019897,0.264925092458725,0.53432297706604,0.020686587318778038
163,183,False,0.0,1,0.7757973670959473,0.2650218904018402,0.534430980682373,0.02063867822289467
163,184,False,0.0,1,0.7755768895149231,0.26457422971725464,0.5343706011772156,0.02054438926279545
163,185,False,0.0,1,0.7764482498168945,0.2645016014575958,0.5345976948738098,0.02074824459850788
163,186,False,0.0,1,0.7758594751358032,0.26415929198265076,0.5342670679092407,0.020622143521904945
163,187,True,0.0021413275972008705,1,0.7754797339439392,0.2644905149936676,0.5343725681304932,0.020439717918634415
163,188,True,0.012847965583205223,1,0.7758493423461914,0.26374444365501404,0.5344714522361755,0.020586112514138222
163,189,True,0.02355460450053215,1,0.7759613990783691,0.26410961151123047,0.5344929695129395,0.0206409003585577
163,190,True,0.03426124155521393,1,0.7751949429512024,0.26472458243370056,0.5343215465545654,0.020597830414772034
163,191,True,0.044967878609895706,1,0.7762583494186401,0.2632105052471161,0.5343565344810486,0.020687343552708626
163,192,True,0.05567451938986778,1,0.7756761312484741,0.26407912373542786,0.5341488122940063,0.020558541640639305
163,193,True,0.06638115644454956,1,0.7755626440048218,0.2639757990837097,0.5349081158638,0.02096623182296753
163,194,True,0.07708779722452164,1,0.7759628295898438,0.26369574666023254,0.5344970226287842,0.020725160837173462
177,175,False,0.0,0,0.6501462459564209,0.13508281111717224,0.5156556367874146,0.009946362115442753
177,176,False,0.0,1,0.7761961221694946,0.2652442753314972,0.5341429710388184,0.020589318126440048
177,177,False,0.0,1,0.7764712572097778,0.2647435963153839,0.5341431498527527,0.020433392375707626
177,178,False,0.0,1,0.775067925453186,0.2646317183971405,0.5340761542320251,0.02035057730972767
177,179,False,0.0,1,0.7763806581497192,0.2648153603076935,0.5342644453048706,0.020541377365589142
177,180,False,0.0,1,0.7761191129684448,0.2651372253894806,0.5342660546302795,0.020547229796648026
177,181,False,0.0,1,0.7764548063278198,0.2651546895503998,0.534585177898407,0.020743291825056076
177,182,False,0.0,1,0.7765178680419922,0.2647719979286194,0.5340549945831299,0.020402325317263603
177,183,True,0.002188183832913637,1,0.7762711644172668,0.26420819759368896,0.5338405966758728,0.02041809819638729
177,184,True,0.013129102997481823,1,0.7762073278427124,0.2642551064491272,0.5332621335983276,0.02027532085776329
177,185,True,0.024070022627711296,1,0.7760870456695557,0.26454854011535645,0.5334130525588989,0.020432928577065468
177,186,True,0.035010941326618195,1,0.7770868539810181,0.2645183205604553,0.533744215965271,0.020598456263542175
177,187,True,0.045951858162879944,1,0.7759362459182739,0.2646312117576599,0.5333132147789001,0.020483575761318207
177,188,True,0.05689277872443199,1,0.7765512466430664,0.26471197605133057,0.5332825779914856,0.02045973762869835
177,189,True,0.06783369928598404,1,0.7761277556419373,0.2645050287246704,0.5332815647125244,0.020407728850841522
177,190,True,0.07877461612224579,1,0.7757435441017151,0.2649475932121277,0.5337553024291992,0.020731354132294655
148,172,False,0.0,0,0.6490130424499512,0.13397112488746643,0.5153032541275024,0.009622029960155487
148,173,False,0.0,1,0.7770755290985107,0.26462259888648987,0.5340640544891357,0.0204028133302927
148,174,False,0.0,1,0.7773454189300537,0.26477882266044617,0.5335960388183594,0.020146865397691727
148,175,False,0.0,1,0.7767883539199829,0.2649209797382355,0.5335714817047119,0.020131155848503113
148,176,False,0.0,1,0.7769513130187988,0.2645830512046814,0.533850908279419,0.020347200334072113
148,177,False,0.0,1,0.776210367679596,0.2639974355697632,0.53341144323349,0.020182088017463684
148,178,False,0.0,1,0.7768573760986328,0.2647358179092407,0.5339202880859375,0.02037385106086731
148,179,False,0.0,1,0.7768033742904663,0.2650201618671417,0.5338143110275269,0.020297344774007797
148,180,False,0.0,1,0.776953935623169,0.2649000883102417,0.533958911895752,0.020154239609837532
148,181,False,0.0,1,0.7767008543014526,0.2648976743221283,0.5338513851165771,0.020062295719981194
148,182,False,0.0,1,0.7761569619178772,0.2641744315624237,0.5339318513870239,0.020083723589777946
148,183,False,0.0,1,0.7766497135162354,0.26468122005462646,0.5337487459182739,0.019881438463926315
148,184,False,0.0,1,0.7772293090820312,0.2645247280597687,0.5336667895317078,0.020085981115698814
148,185,False,0.0,1,0.7769206762313843,0.2638283669948578,0.5339055061340332,0.020006846636533737
148,186,False,0.0,1,0.777030348777771,0.26403605937957764,0.5335726737976074,0.019932784140110016
148,187,False,0.0,1,0.7769211530685425,0.26479220390319824,0.5339480638504028,0.02013695240020752
199,173,False,0.0,0,0.6452410221099854,0.13232241570949554,0.5146645307540894,0.009046116843819618
199,174,False,0.0,1,0.7760100364685059,0.26507261395454407,0.533653736114502,0.01987563818693161
199,175,False,0.0,1,0.7768954038619995,0.2644459307193756,0.5332933664321899,0.019664855673909187
199,176,False,0.0,1,0.7764291167259216,0.2649833559989929,0.5337258577346802,0.019806435331702232
199,177,False,0.0,1,0.7771413326263428,0.26484623551368713,0.5337691307067871,0.019795136526226997
199,178,False,0.0,1,0.7766125202178955,0.26474708318710327,0.5334702134132385,0.01975182443857193
199,179,False,0.0,1,0.7765722870826721,0.2651103734970093,0.5335793495178223,0.019685640931129456
199,180,False,0.0,1,0.776627242565155,0.26492980122566223,0.5337038040161133,0.019731692969799042
199,181,True,0.0022123893722891808,1,0.7768020629882812,0.2644142508506775,0.5342859029769897,0.020180050283670425
199,182,True,0.013274336233735085,1,0.7768839597702026,0.26459449529647827,0.5340663194656372,0.020009459927678108
199,183,True,0.024336284026503563,1,0.7769275903701782,0.26411205530166626,0.5339294672012329,0.019952232018113136
199,184,True,0.03539822995662689,1,0.7769376635551453,0.2639044523239136,0.5335711240768433,0.01995222270488739
199,185,True,0.04646017774939537,1,0.7772084474563599,0.2641776204109192,0.5337439775466919,0.020099561661481857
199,186,True,0.05752212554216385,1,0.77751225233078,0.2635698616504669,0.5337234735488892,0.02002614736557007
199,187,True,0.06858406960964203,1,0.7770787477493286,0.2643990218639374,0.5336555242538452,0.020138749852776527
199,188,True,0.0796460211277008,1,0.7768326997756958,0.26380014419555664,0.5339000821113586,0.020128540694713593
127,170,False,0.0,0,0.6447598934173584,0.13139164447784424,0.5153146982192993,0.009834330528974533
127,171,False,0.0,1,0.7763006687164307,0.2647773027420044,0.5345344543457031,0.020736103877425194
127,172,False,0.0,1,0.77544105052948,0.2648725211620331,0.5344827771186829,0.02057436853647232
127,173,False,0.0,1,0.7761243581771851,0.26499658823013306,0.5347927808761597,0.020804380998015404
127,174,False,0.0,1,0.7761728763580322,0.26500436663627625,0.534568190574646,0.020691141486167908
127,175,False,0.0,1,0.7759753465652466,0.2649345099925995,0.5345886945724487,0.02068491466343403
127,176,False,0.0,1,0.7759253978729248,0.26505887508392334,0.5346364974975586,0.020659975707530975
127,177,False,0.0,1,0.7755773067474365,0.26442471146583557,0.5342133045196533,0.020402686670422554
127,178,False,0.0,1,0.7760344743728638,0.2647516429424286,0.5350959300994873,0.020743098109960556
127,179,False,0.0,1,0.7755351662635803,0.2641124725341797,0.5350930690765381,0.020795384421944618
127,180,False,0.0,1,0.7764996886253357,0.264004111289978,0.5352221727371216,0.020810747519135475
127,181,False,0.0,1,0.7761484384536743,0.2648078501224518,0.5353482961654663,0.020929481834173203
127,182,False,0.0,1,0.7761902213096619,0.26509588956832886,0.5352369546890259,0.020886138081550598
127,183,False,0.0,1,0.7757849097251892,0.2643003761768341,0.5349459052085876,0.020655963569879532
127,184,False,0.0,1,0.7761741876602173,0.2649495601654053,0.5350384712219238,0.020787419751286507
127,185,False,0.0,1,0.7766255736351013,0.26374155282974243,0.5351832509040833,0.02071785181760788
29,30,False,0.0,0,0.640845775604248,0.12322074919939041,0.5152212381362915,0.009608185850083828
29,31,False,0.0,1,0.7777810096740723,0.26253995299339294,0.535081684589386,0.020405340939760208
29,32,False,0.0,1,0.7776113152503967,0.2625989019870758,0.5350438356399536,0.02044692449271679
29,33,False,0.0,1,0.777277946472168,0.2621353268623352,0.5349646806716919,0.02039126120507717
29,34,False,0.0,1,0.779032289981842,0.262185275554657,0.5351089835166931,0.020534036681056023
29,35,False,0.0,1,0.7787142992019653,0.26224786043167114,0.5354640483856201,0.020594678819179535
29,36,False,0.0,1,0.7787972688674927,0.26226407289505005,0.5352566242218018,0.020530706271529198
29,37,False,0.0,1,0.7781558036804199,0.262178897857666,0.5352156162261963,0.02044951170682907
29,38,True,0.010416666977107525,1,0.7775328159332275,0.26266419887542725,0.5352678298950195,0.020120589062571526
29,39,True,0.05263157933950424,1,0.7775980234146118,0.26243510842323303,0.5354918241500854,0.020224139094352722
29,40,True,0.10526315867900848,1,0.7768291234970093,0.2628631293773651,0.5355173349380493,0.020144570618867874
29,41,True,0.15789473056793213,1,0.7778514623641968,0.26296037435531616,0.5356556177139282,0.020420212298631668
29,42,True,0.21052631735801697,1,0.7773493528366089,0.26305344700813293,0.5354447364807129,0.02024262212216854
29,43,True,0.2631579041481018,1,0.7782114744186401,0.26269009709358215,0.535664439201355,0.020310185849666595
29,44,True,0.31578946113586426,1,0.7771731019020081,0.2610026001930237,0.5354361534118652,0.02022903598845005
29,45,True,0.3684210479259491,1,0.7762539982795715,0.2612195611000061,0.5349202156066895,0.019925083965063095
72,5,False,0.0,0,0.6539325714111328,0.13102050125598907,0.5158882141113281,0.009731845930218697
72,6,False,0.0,1,0.7791028022766113,0.26182714104652405,0.5357117056846619,0.019900178536772728
72,7,False,0.0,1,0.7802758812904358,0.2616628408432007,0.5357056260108948,0.019934020936489105
72,8,False,0.0,1,0.7793823480606079,0.2621913552284241,0.5355780720710754,0.019919879734516144
72,9,False,0.0,1,0.7792370319366455,0.26254135370254517,0.5355701446533203,0.01985119841992855
72,10,False,0.0,1,0.780607283115387,0.2615576386451721,0.5359275341033936,0.02001386322081089
72,11,False,0.0,1,0.7801757454872131,0.2621164321899414,0.5357292890548706,0.019950516521930695
72,12,False,0.0,1,0.7797456383705139,0.2621418833732605,0.5360428690910339,0.020139388740062714
72,13,True,0.03125,1,0.7777960300445557,0.26274803280830383,0.5344948172569275,0.01931922696530819
72,14,True,0.1875,1,0.7759736776351929,0.2613537013530731,0.5343725681304932,0.019235726445913315
72,15,True,0.34375,1,0.7766627073287964,0.2612251043319702,0.534254789352417,0.019278207793831825
72,16,True,0.5,1,0.7771322131156921,0.2612267732620239,0.534087061882019,0.019313087686896324
72,17,True,0.65625,1,0.7772554159164429,0.26102951169013977,0.5331728458404541,0.01890273578464985
72,18,True,0.8125,1,0.7763749957084656,0.26127567887306213,0.5327726602554321,0.01880694553256035
72,19,True,0.96875,1,0.7759715914726257,0.26119714975357056,0.5325745940208435,0.018643617630004883
72,20,True,1.0,1,0.7765263319015503,0.2611185312271118,0.5324232578277588,0.01824076846241951
39,43,False,0.0,0,0.6450619697570801,0.12676440179347992,0.5140030384063721,0.00848517008125782
39,44,False,0.0,1,0.7792356014251709,0.2617471218109131,0.5337647795677185,0.019071772694587708
39,45,False,0.0,1,0.777524471282959,0.26225030422210693,0.533893883228302,0.019089749082922935
39,46,False,0.0,1,0.7785784006118774,0.26227113604545593,0.5333521962165833,0.01895812153816223
39,47,False,0.0,1,0.7780594825744629,0.262401819229126,0.5341371297836304,0.01920187659561634
39,48,False,0.0,1,0.7777549028396606,0.26283738017082214,0.5343807935714722,0.019308900460600853
39,49,False,0.0,1,0.778048574924469,0.2621944844722748,0.5336374044418335,0.01902448758482933
39,50,False,0.0,1,0.7792928218841553,0.2617625296115875,0.533810019493103,0.019108982756733894
39,51,True,0.007874015718698502,1,0.7802008390426636,0.2614431083202362,0.5337117910385132,0.018922584131360054
39,52,True,0.04724409431219101,1,0.7800382375717163,0.26145607233047485,0.5336406230926514,0.019004806876182556
39,53,True,0.08661417663097382,1,0.7790224552154541,0.26162174344062805,0.5337687730789185,0.019006770104169846
39,54,True,0.12598425149917603,1,0.7796289324760437,0.2611144185066223,0.5334360599517822,0.018915409222245216
39,55,True,0.16535432636737823,1,0.7788101434707642,0.2617224454879761,0.5337998867034912,0.019102029502391815
39,56,True,0.20472441613674164,1,0.7793118953704834,0.26136335730552673,0.5337041020393372,0.019082406535744667
39,57,True,0.24409449100494385,1,0.7781673669815063,0.2618856132030487,0.5339100360870361,0.019234392791986465
39,58,True,0.28346458077430725,1,0.7788064479827881,0.2612324357032776,0.5335577726364136,0.0190910454839468
26,18,False,0.0,0,0.6369199752807617,0.11867540329694748,0.5141037702560425,0.008781448006629944
26,19,False,0.0,1,0.7792025804519653,0.26101574301719666,0.5325976610183716,0.019074156880378723
26,20,False,0.0,1,0.7786222100257874,0.2603871524333954,0.5330734848976135,0.01927235536277294
26,21,False,0.0,1,0.7789608836174011,0.26081353425979614,0.5327373743057251,0.019164543598890305
26,22,False,0.0,1,0.7787226438522339,0.26080992817878723,0.5325545072555542,0.019036663696169853
26,23,False,0.0,1,0.7785369157791138,0.2605862617492676,0.5328429341316223,0.019256820902228355
26,24,False,0.0,1,0.7801713943481445,0.26114970445632935,0.5326012372970581,0.019135400652885437
26,25,False,0.0,1,0.7793340682983398,0.260343998670578,0.5329939126968384,0.01927769184112549
26,26,False,0.0,1,0.7797435522079468,0.26061856746673584,0.5324445962905884,0.019421497359871864
26,27,True,0.04545454680919647,1,0.7777086496353149,0.2604392170906067,0.5320136547088623,0.01955462619662285
26,28,True,0.12121212482452393,1,0.7768312692642212,0.260598748922348,0.5317127704620361,0.019326165318489075
26,29,True,0.19696970283985138,1,0.7773375511169434,0.26055535674095154,0.53145432472229,0.01950785517692566
26,30,True,0.27272728085517883,1,0.7773142457008362,0.26064354181289673,0.5311851501464844,0.01952395774424076
26,31,True,0.3484848439693451,1,0.7771373987197876,0.26069334149360657,0.531204342842102,0.019538484513759613
26,32,True,0.42424243688583374,1,0.7777118682861328,0.26067525148391724,0.530706524848938,0.019387278705835342
26,33,True,0.5,1,0.7774579524993896,0.26063287258148193,0.5306860208511353,0.019292566925287247
131,176,False,0.0,0,0.6430835723876953,0.12872497737407684,0.5150554776191711,0.009475383907556534
131,177,False,0.0,1,0.777446985244751,0.26308950781822205,0.5327869653701782,0.019817957654595375
131,178,False,0.0,1,0.7770509719848633,0.2630472481250763,0.5327486991882324,0.019762901589274406
131,179,False,0.0,1,0.7777786254882812,0.26300543546676636,0.5326770544052124,0.019708961248397827
131,180,False,0.0,1,0.7775915861129761,0.2633022964000702,0.5329011082649231,0.019877851009368896
131,181,False,0.0,1,0.7772195339202881,0.2628747522830963,0.5327218174934387,0.019744116812944412
131,182,False,0.0,1,0.777652382850647,0.263180673122406,0.5330600738525391,0.019886218011379242
131,183,False,0.0,1,0.777742862701416,0.26300910115242004,0.5324370861053467,0.019669586792588234
131,184,False,0.0,1,0.7782585620880127,0.26242977380752563,0.5337579846382141,0.019933227449655533
131,185,False,0.0,1,0.7785190939903259,0.2625369429588318,0.5339495539665222,0.019974010065197945
131,186,False,0.0,1,0.778323769569397,0.26261892914772034,0.5336199998855591,0.019837437197566032
131,187,False,0.0,1,0.7777912616729736,0.26255369186401367,0.5339691638946533,0.01997959055006504
131,188,False,0.0,1,0.778374433517456,0.2625584900379181,0.5335022211074829,0.019775275141000748
131,189,False,0.0,1,0.7779303789138794,0.2626015245914459,0.533249020576477,0.01970810256898403
131,190,False,0.0,1,0.7787727117538452,0.26166433095932007,0.5339913368225098,0.020022939890623093
131,191,False,0.0,1,0.7789728045463562,0.26137158274650574,0.5339837670326233,0.020092228427529335
111,173,False,0.0,0,0.6485898494720459,0.13327252864837646,0.5178502798080444,0.010365169495344162
111,174,False,0.0,1,0.7777537107467651,0.26262062788009644,0.5366164445877075,0.019990062341094017
111,175,False,0.0,1,0.7783566117286682,0.26267585158348083,0.5369030237197876,0.0201511699706316
111,176,False,0.0,1,0.7788441181182861,0.2630133032798767,0.5369793176651001,0.020151564851403236
111,177,False,0.0,1,0.778739333152771,0.2622179388999939,0.536896824836731,0.020193055272102356
111,178,False,0.0,1,0.7783752679824829,0.26321887969970703,0.5371388792991638,0.02027772180736065
111,179,False,0.0,1,0.7786015272140503,0.262304425239563,0.5366227626800537,0.020035743713378906
111,180,False,0.0,1,0.7783639430999756,0.2622493803501129,0.5364225506782532,0.01993394084274769
111,181,False,0.0,1,0.77854984998703,0.262866735458374,0.5394048690795898,0.02052192948758602
111,182,True,0.008830022066831589,1,0.778355598449707,0.26237696409225464,0.5392760634422302,0.020329099148511887
111,183,True,0.01986755058169365,1,0.7787797451019287,0.2630797326564789,0.5394424200057983,0.020509855821728706
111,184,True,0.03090507723391056,1,0.7791037559509277,0.26260125637054443,0.5395603179931641,0.020500071346759796
111,185,True,0.04194260388612747,1,0.7791005373001099,0.26227691769599915,0.5396749973297119,0.020595941692590714
111,186,True,0.05298013240098953,1,0.7791064977645874,0.2623201608657837,0.5398195385932922,0.020685972645878792
111,187,True,0.06401766091585159,1,0.779394268989563,0.2621613144874573,0.5398293733596802,0.0206124447286129
111,188,True,0.07505518943071365,1,0.7799677848815918,0.26198089122772217,0.5396566390991211,0.020488861948251724
53,5,False,0.0,0,0.6542236804962158,0.1289471834897995,0.5193265676498413,0.010480609722435474
53,6,False,0.0,1,0.7818726301193237,0.2607927918434143,0.541657567024231,0.020881572738289833
53,7,False,0.0,1,0.7813906073570251,0.2614397704601288,0.5415753722190857,0.02081971801817417
53,8,False,0.0,1,0.7814655303955078,0.2607695758342743,0.541419267654419,0.02079533226788044
53,9,False,0.0,1,0.78145432472229,0.26094502210617065,0.5416731834411621,0.02083442732691765
53,10,False,0.0,1,0.7819563150405884,0.2607126235961914,0.5416967868804932,0.020919427275657654
53,11,False,0.0,1,0.7822310924530029,0.26088041067123413,0.5420039296150208,0.02098858170211315
53,12,False,0.0,1,0.7813774347305298,0.26110002398490906,0.5414934158325195,0.02075609564781189
53,13,True,0.03125,1,0.7802417278289795,0.26174870133399963,0.54243004322052,0.020887935534119606
53,14,True,0.1875,1,0.7783247232437134,0.2609530985355377,0.5419440269470215,0.020752452313899994
53,15,True,0.34375,1,0.7777222394943237,0.26096928119659424,0.5420317649841309,0.020652063190937042
53,16,True,0.5,1,0.7783710360527039,0.2604410946369171,0.5415476560592651,0.020640507340431213
53,17,True,0.65625,1,0.7791218757629395,0.2603558301925659,0.540955126285553,0.020426863804459572
53,18,True,0.8125,1,0.7777184247970581,0.2607559859752655,0.5403966903686523,0.02028561197221279
53,19,True,0.96875,1,0.7772852182388306,0.2607648968696594,0.5398560762405396,0.020062075927853584
53,20,True,1.0,1,0.7774975299835205,0.26069119572639465,0.5392202138900757,0.01958277076482773
69,4,False,0.0,0,0.651108980178833,0.12816987931728363,0.5196368098258972,0.010538372211158276
69,5,False,0.0,1,0.7813472747802734,0.2611229419708252,0.5434808731079102,0.021150663495063782
69,6,False,0.0,1,0.7810343503952026,0.2615501284599304,0.5435476303100586,0.02124451845884323
69,7,False,0.0,1,0.781058669090271,0.26170679926872253,0.543188214302063,0.0210738442838192
69,8,False,0.0,1,0.7816417217254639,0.2610476613044739,0.5433593988418579,0.021160047501325607
69,9,False,0.0,1,0.781439483165741,0.26152488589286804,0.5434130430221558,0.021196754649281502
69,10,False,0.0,1,0.781947672367096,0.2611747980117798,0.5437411665916443,0.021326277405023575
69,11,False,0.0,1,0.7819960713386536,0.260777086019516,0.5434831380844116,0.021181227639317513
69,12,False,0.0,1,0.7812712788581848,0.26083308458328247,0.5434540510177612,0.021437324583530426
69,13,False,0.0,1,0.7807927131652832,0.2612079381942749,0.5434482097625732,0.021376315504312515
69,14,False,0.0,1,0.7809416055679321,0.2610616087913513,0.5434244871139526,0.02136625163257122
69,15,False,0.0,1,0.7809714078903198,0.26092809438705444,0.543126106262207,0.021184062585234642
69,16,False,0.0,1,0.7810335159301758,0.2612888813018799,0.5430965423583984,0.02117515541613102
69,17,False,0.0,1,0.7802918553352356,0.2610587477684021,0.5432091951370239,0.021236417815089226
69,18,False,0.0,1,0.7805881500244141,0.26097768545150757,0.5432668924331665,0.021333491429686546
69,19,False,0.0,1,0.781053900718689,0.26064929366111755,0.543220043182373,0.02116587571799755
174,119,False,0.0,0,0.6534755229949951,0.13496877253055573,0.5195585489273071,0.010475452058017254
174,120,False,0.0,1,0.7814364433288574,0.2627761662006378,0.543839693069458,0.021387310698628426
174,121,False,0.0,1,0.7818869352340698,0.2624834179878235,0.543950080871582,0.021455880254507065
174,122,False,0.0,1,0.7821860313415527,0.2620312571525574,0.5438148379325867,0.02142300456762314
174,123,False,0.0,1,0.7817274332046509,0.2622605562210083,0.5441485047340393,0.021494638174772263
174,124,False,0.0,1,0.782355010509491,0.2619457244873047,0.5444732904434204,0.021603116765618324
174,125,False,0.0,1,0.78184974193573,0.2623094916343689,0.544227123260498,0.021455610170960426
174,126,False,0.0,1,0.781676173210144,0.2625458538532257,0.5442204475402832,0.0214780755341053
174,127,False,0.0,1,0.7826129198074341,0.26162970066070557,0.5439839363098145,0.021473487839102745
174,128,False,0.0,1,0.7827467918395996,0.2615267336368561,0.5438156127929688,0.021261004731059074
174,129,False,0.0,1,0.7818189263343811,0.2618623375892639,0.5439247488975525,0.021432986482977867
174,130,False,0.0,1,0.7815642952919006,0.2620862126350403,0.5439572334289551,0.021359549835324287
174,131,False,0.0,1,0.7819699048995972,0.2621029317378998,0.5436708927154541,0.021326377987861633
174,132,False,0.0,1,0.7816999554634094,0.2620280385017395,0.543333888053894,0.021131085231900215
174,133,False,0.0,1,0.7805945873260498,0.26213380694389343,0.5436584949493408,0.021268246695399284
174,134,False,0.0,1,0.7803478240966797,0.2620351016521454,0.5435671210289001,0.021231308579444885
8,21,False,0.0,0,0.6403470039367676,0.11797080934047699,0.51910400390625,0.01049150712788105
8,22,False,0.0,1,0.7813605070114136,0.2604060769081116,0.5431294441223145,0.021462533622980118
8,23,False,0.0,1,0.7811129093170166,0.26020297408103943,0.5432007312774658,0.021442553028464317
8,24,False,0.0,1,0.7791153192520142,0.26020053029060364,0.5431111454963684,0.021411780267953873
8,25,False,0.0,1,0.779718279838562,0.2604106068611145,0.5432223081588745,0.021517368033528328
8,26,False,0.0,1,0.7789782285690308,0.26044484972953796,0.5433520078659058,0.021527176722884178
8,27,False,0.0,1,0.7789345979690552,0.2607825696468353,0.5436450242996216,0.021723289042711258
8,28,False,0.0,1,0.7808191180229187,0.26106464862823486,0.5436506271362305,0.021677853539586067
8,29,False,0.0,1,0.77903151512146,0.2610582709312439,0.5431961417198181,0.021590573713183403
8,30,False,0.0,1,0.7792172431945801,0.26085203886032104,0.5435129404067993,0.021721120923757553
8,31,False,0.0,1,0.7800408601760864,0.2608940303325653,0.543110728263855,0.02148258127272129
8,32,False,0.0,1,0.7780095934867859,0.26054027676582336,0.5426245927810669,0.02133893594145775
8,33,False,0.0,1,0.7796425819396973,0.2604995369911194,0.5432569980621338,0.021567245945334435
8,34,False,0.0,1,0.7788935899734497,0.260608971118927,0.5431843996047974,0.021654712036252022
8,35,False,0.0,1,0.7788808345794678,0.2608611583709717,0.542719841003418,0.021382339298725128
8,36,False,0.0,1,0.7793117761611938,0.2605060040950775,0.5428674817085266,0.021428337320685387
115,175,False,0.0,0,0.6298198699951172,0.11764132976531982,0.518711507320404,0.010226554237306118
115,176,False,0.0,1,0.7775638103485107,0.2632990777492523,0.5438286662101746,0.02175876311957836
115,177,False,0.0,1,0.7774843573570251,0.2627560794353485,0.5434675216674805,0.02156217396259308
115,178,False,0.0,1,0.777266263961792,0.2629243731498718,0.5431177020072937,0.021420367062091827
115,179,False,0.0,1,0.7769185304641724,0.26388370990753174,0.5438834428787231,0.021706584841012955
115,180,False,0.0,1,0.776938259601593,0.26297464966773987,0.5428093671798706,0.02135639823973179
115,181,False,0.0,1,0.7781651020050049,0.26326844096183777,0.5433449745178223,0.021565809845924377
115,182,False,0.0,1,0.776868999004364,0.263207346200943,0.5435330867767334,0.021518804132938385
115,183,False,0.0,1,0.7775337100028992,0.2628697454929352,0.5432001352310181,0.02161990851163864
115,184,False,0.0,1,0.7777155637741089,0.2635680139064789,0.5434889793395996,0.021714048460125923
115,185,False,0.0,1,0.7776779532432556,0.2632676362991333,0.5434582233428955,0.02174924872815609
115,186,False,0.0,1,0.7784088850021362,0.2630939781665802,0.5433946847915649,0.021677151322364807
115,187,False,0.0,1,0.7783623337745667,0.2633795142173767,0.5437500476837158,0.021785113960504532
115,188,False,0.0,1,0.778113603591919,0.2632807195186615,0.5434870719909668,0.02169315330684185
115,189,False,0.0,1,0.7785953283309937,0.26265811920166016,0.5434767603874207,0.02173001877963543
115,190,False,0.0,1,0.7794392108917236,0.26245594024658203,0.5433385372161865,0.021576575934886932
62,18,False,0.0,0,0.6316788196563721,0.11205293238162994,0.5194741487503052,0.010983510874211788
62,19,False,0.0,1,0.7795270085334778,0.2604140341281891,0.5435603857040405,0.022134151309728622
62,20,False,0.0,1,0.7800448536872864,0.26013264060020447,0.5433019399642944,0.022037183865904808
62,21,False,0.0,1,0.7790186405181885,0.26011922955513,0.5435296893119812,0.022208523005247116
62,22,False,0.0,1,0.7796642184257507,0.26025933027267456,0.5437102317810059,0.022256162017583847
62,23,False,0.0,1,0.7791570425033569,0.2602517306804657,0.5434057116508484,0.02210901491343975
62,24,False,0.0,1,0.779801607131958,0.2600768506526947,0.5433932542800903,0.022129306569695473
62,25,False,0.0,1,0.7796272039413452,0.2602823078632355,0.5437941551208496,0.022265613079071045
62,26,False,0.0,1,0.7802991271018982,0.2601131498813629,0.5441490411758423,0.022568367421627045
62,27,True,0.04545454680919647,1,0.7787933349609375,0.2605270743370056,0.5433993339538574,0.022389641031622887
62,28,True,0.12121212482452393,1,0.7783594131469727,0.26062101125717163,0.5438456535339355,0.022571761161088943
62,29,True,0.19696970283985138,1,0.7785091996192932,0.26071619987487793,0.5431172847747803,0.022300295531749725
62,30,True,0.27272728085517883,1,0.7784759998321533,0.26082131266593933,0.5427328944206238,0.02227642759680748
62,31,True,0.3484848439693451,1,0.7782028317451477,0.26061946153640747,0.5429486036300659,0.022521236911416054
62,32,True,0.42424243688583374,1,0.7789233922958374,0.260734498500824,0.5427501797676086,0.0224080141633749
62,33,True,0.5,1,0.779179573059082,0.2606588900089264,0.5421921014785767,0.022192319855093956
21,34,False,0.0,0,0.6443300247192383,0.12229803204536438,0.5186305642127991,0.010933981277048588
21,35,False,0.0,1,0.7827696800231934,0.2609390318393707,0.542856752872467,0.02269432693719864
21,36,False,0.0,1,0.7807384729385376,0.2604561448097229,0.5424379110336304,0.022482573986053467
21,37,False,0.0,1,0.7822611331939697,0.2610642910003662,0.542626678943634,0.022665509954094887
21,38,False,0.0,1,0.7818156480789185,0.2610208988189697,0.5430823564529419,0.02278100699186325
21,39,False,0.0,1,0.7820438146591187,0.2607625722885132,0.5429766178131104,0.022661056369543076
21,40,False,0.0,1,0.7818282842636108,0.26090744137763977,0.5430850982666016,0.022736381739377975
21,41,False,0.0,1,0.7821552157402039,0.2609560191631317,0.5430050492286682,0.02273215539753437
21,42,False,0.0,1,0.7824854850769043,0.260916531085968,0.54255211353302,0.023109711706638336
21,43,False,0.0,1,0.7813200950622559,0.2610797584056854,0.542280912399292,0.02294226549565792
21,44,False,0.0,1,0.7825760245323181,0.26105520129203796,0.5425910949707031,0.023163894191384315
21,45,False,0.0,1,0.7814164161682129,0.26074883341789246,0.542450487613678,0.0230551864951849
21,46,False,0.0,1,0.782063901424408,0.2609681785106659,0.5425184965133667,0.023065883666276932
21,47,False,0.0,1,0.7817046642303467,0.26022660732269287,0.5424200296401978,0.02307610772550106
21,48,False,0.0,1,0.7811540365219116,0.2607748508453369,0.5421555638313293,0.022888977080583572
21,49,False,0.0,1,0.7812293767929077,0.2607041597366333,0.5419778823852539,0.022966034710407257
16,32,False,0.0,0,0.6493167877197266,0.12545642256736755,0.5188285112380981,0.01183291245251894
16,33,False,0.0,1,0.7827185392379761,0.2603282928466797,0.5433251857757568,0.023781253024935722
16,34,False,0.0,1,0.7822407484054565,0.26073339581489563,0.5433769226074219,0.023795105516910553
16,35,False,0.0,1,0.7818681001663208,0.2607349753379822,0.5433298349380493,0.023833665996789932
16,36,False,0.0,1,0.782647967338562,0.2603243589401245,0.5430469512939453,0.023539461195468903
16,37,False,0.0,1,0.782600998878479,0.26047301292419434,0.543238639831543,0.0237398911267519
16,38,False,0.0,1,0.783491849899292,0.26003608107566833,0.5429191589355469,0.023610029369592667
16,39,False,0.0,1,0.782659649848938,0.26025769114494324,0.5433133840560913,0.02368904836475849
16,40,False,0.0,1,0.7832565307617188,0.26031988859176636,0.5433457493782043,0.023634111508727074
16,41,False,0.0,1,0.7825912237167358,0.26081541180610657,0.5435286164283752,0.02374267391860485
16,42,False,0.0,1,0.7831592559814453,0.26088276505470276,0.5431431531906128,0.02369191311299801
16,43,False,0.0,1,0.7822692394256592,0.261128693819046,0.5431105494499207,0.02365659922361374
16,44,False,0.0,1,0.7829322814941406,0.26093146204948425,0.5430972576141357,0.023602711036801338
16,45,False,0.0,1,0.7832188010215759,0.2609594166278839,0.5435445308685303,0.023608805611729622
16,46,False,0.0,1,0.7825627326965332,0.26103314757347107,0.5432377457618713,0.02355896309018135
16,47,False,0.0,1,0.7831075191497803,0.2604480981826782,0.5428903698921204,0.023431625217199326
181,121,False,0.0,0,0.6593794822692871,0.13706889748573303,0.5188170075416565,0.01089171227067709
181,122,False,0.0,1,0.7832978963851929,0.26237136125564575,0.544466495513916,0.023078445345163345
181,123,False,0.0,1,0.7828745245933533,0.2620896100997925,0.5436173677444458,0.0227225199341774
181,124,False,0.0,1,0.7831727266311646,0.262241929769516,0.5448883771896362,0.023273978382349014
181,125,False,0.0,1,0.7834222316741943,0.2621372640132904,0.544359564781189,0.023036077618598938
181,126,False,0.0,1,0.783562183380127,0.2623886466026306,0.5441111326217651,0.022906595841050148
181,127,False,0.0,1,0.7840669751167297,0.2621375024318695,0.5443757176399231,0.0231005921959877
181,128,False,0.0,1,0.784001886844635,0.26201602816581726,0.5441227555274963,0.02306213602423668
181,129,False,0.0,1,0.7842581272125244,0.26198476552963257,0.5454987287521362,0.02270263247191906
181,130,False,0.0,1,0.7848660945892334,0.26094722747802734,0.5447784662246704,0.022378193214535713
181,131,False,0.0,1,0.7850346565246582,0.2615620493888855,0.5456278920173645,0.02278297208249569
181,132,False,0.0,1,0.7848043441772461,0.26137953996658325,0.5451387166976929,0.022599374875426292
181,133,False,0.0,1,0.7853197455406189,0.2610216736793518,0.5451452732086182,0.022460943087935448
181,134,False,0.0,1,0.7850533723831177,0.26117560267448425,0.5449740886688232,0.022469516843557358
181,135,False,0.0,1,0.7851436138153076,0.2611309587955475,0.545097827911377,0.022540902718901634
181,136,False,0.0,1,0.7851760983467102,0.2611507773399353,0.5455982685089111,0.02269839309155941
85,18,False,0.0,0,0.6608095169067383,0.13594962656497955,0.5199927091598511,0.010562983341515064
85,19,False,0.0,1,0.7831493616104126,0.2609201669692993,0.5453810095787048,0.02204352803528309
85,20,False,0.0,1,0.783409595489502,0.26099851727485657,0.5457255840301514,0.022203266620635986
85,21,False,0.0,1,0.7833766937255859,0.2612092196941376,0.5456118583679199,0.02209589257836342
85,22,False,0.0,1,0.7831052541732788,0.2607792317867279,0.5451959371566772,0.021887386217713356
85,23,False,0.0,1,0.7834768295288086,0.26135411858558655,0.5454346537590027,0.022137615829706192
85,24,False,0.0,1,0.7832077741622925,0.26114094257354736,0.5452836751937866,0.022037137299776077
85,25,False,0.0,1,0.7838413119316101,0.26125386357307434,0.545137882232666,0.02202044427394867
85,26,False,0.0,1,0.7832481265068054,0.26117274165153503,0.5465081930160522,0.02188129350543022
85,27,False,0.0,1,0.7838826775550842,0.2611927390098572,0.5462017059326172,0.02179451286792755
85,28,False,0.0,1,0.7837023138999939,0.26111868023872375,0.5463835597038269,0.021818360313773155
85,29,False,0.0,1,0.7834112048149109,0.261283278465271,0.5461963415145874,0.021807249635457993
85,30,False,0.0,1,0.7840354442596436,0.26133063435554504,0.5459893941879272,0.021793372929096222
85,31,False,0.0,1,0.7831282019615173,0.26115602254867554,0.5457618236541748,0.021623510867357254
85,32,False,0.0,1,0.7829858064651489,0.26162663102149963,0.5464650392532349,0.0218642707914114
85,33,False,0.0,1,0.7830393314361572,0.2615703344345093,0.5462274551391602,0.021760176867246628
12,30,False,0.0,0,0.6585915088653564,0.13418613374233246,0.5216911435127258,0.010670710355043411
12,31,False,0.0,1,0.7846880555152893,0.26131755113601685,0.5476397275924683,0.02189529314637184
12,32,False,0.0,1,0.7840803265571594,0.2614554464817047,0.5476195812225342,0.021870385855436325
12,33,False,0.0,1,0.784362256526947,0.2614183723926544,0.5476020574569702,0.021853633224964142
12,34,False,0.0,1,0.7836186289787292,0.26109084486961365,0.5472218990325928,0.021777616813778877
12,35,False,0.0,1,0.7840300798416138,0.2615753412246704,0.5470906496047974,0.021768992766737938
12,36,False,0.0,1,0.7840007543563843,0.2614403963088989,0.5471343994140625,0.021743178367614746
12,37,False,0.0,1,0.7833371758460999,0.2617124617099762,0.5474238991737366,0.02184130810201168
12,38,True,0.010416666977107525,1,0.783970296382904,0.2617596983909607,0.5485836267471313,0.021864106878638268
12,39,True,0.05263157933950424,1,0.783505916595459,0.26179349422454834,0.5482538938522339,0.021729150786995888
12,40,True,0.10526315867900848,1,0.7827080488204956,0.2614659368991852,0.5482910871505737,0.021770594641566277
12,41,True,0.15789473056793213,1,0.783739447593689,0.2619277238845825,0.5481901168823242,0.02185443788766861
12,42,True,0.21052631735801697,1,0.7827016115188599,0.2621711492538452,0.5482823848724365,0.021868767216801643
12,43,True,0.2631579041481018,1,0.7834566831588745,0.2619602382183075,0.5485273003578186,0.02198798768222332
12,44,True,0.31578946113586426,1,0.7827037572860718,0.2616334855556488,0.548147976398468,0.02179539203643799
12,45,True,0.3684210479259491,1,0.7816281318664551,0.26086562871932983,0.5479943156242371,0.021869631484150887
78,35,False,0.0,0,0.6628077030181885,0.13578258454799652,0.5206742882728577,0.00957519095391035
78,36,False,0.0,1,0.7853330373764038,0.261237233877182,0.5493887662887573,0.021704966202378273
78,37,False,0.0,1,0.785446286201477,0.26133936643600464,0.5493035912513733,0.021659914404153824
78,38,False,0.0,1,0.7854840755462646,0.2611019015312195,0.5491819977760315,0.0216017235070467
78,39,False,0.0,1,0.7856097221374512,0.26093143224716187,0.5490142703056335,0.021560676395893097
78,40,False,0.0,1,0.7854205369949341,0.26128196716308594,0.5493004322052002,0.021677788347005844
78,41,False,0.0,1,0.783889651298523,0.26132476329803467,0.5485951900482178,0.02141427993774414
78,42,False,0.0,1,0.7856322526931763,0.26117143034935,0.549118161201477,0.021572325378656387
78,43,False,0.0,1,0.7852978706359863,0.2615003287792206,0.5497627258300781,0.021666325628757477
78,44,False,0.0,1,0.7849069833755493,0.2613457441329956,0.5500646829605103,0.0217606034129858
78,45,False,0.0,1,0.7845723628997803,0.26145875453948975,0.5499118566513062,0.021670391783118248
78,46,False,0.0,1,0.7838720083236694,0.2614210844039917,0.549506425857544,0.021521441638469696
78,47,False,0.0,1,0.7830637097358704,0.2616344690322876,0.549437403678894,0.021547503769397736
78,48,False,0.0,1,0.7843035459518433,0.26128020882606506,0.5496374368667603,0.02163068577647209
78,49,False,0.0,1,0.7841262817382812,0.26127421855926514,0.5495463609695435,0.0215781070291996
78,50,False,0.0,1,0.7844207286834717,0.26115328073501587,0.5496887564659119,0.021633462980389595
60,20,False,0.0,0,0.6602420806884766,0.13466323912143707,0.5230963230133057,0.010623965412378311
60,21,False,0.0,1,0.784662127494812,0.26127317547798157,0.5511300563812256,0.022011643275618553
60,22,False,0.0,1,0.7840862274169922,0.26168814301490784,0.5511428117752075,0.022027233615517616
60,23,False,0.0,1,0.7834475636482239,0.2616173028945923,0.5504180788993835,0.02180747129023075
60,24,False,0.0,1,0.7841607332229614,0.2613655924797058,0.5511384606361389,0.022081803530454636
60,25,False,0.0,1,0.7842209339141846,0.2612944543361664,0.5508158206939697,0.02195538766682148
60,26,False,0.0,1,0.7838028073310852,0.2614375650882721,0.5506119728088379,0.02192743867635727
60,27,False,0.0,1,0.7841541767120361,0.26133716106414795,0.5507805347442627,0.021974647417664528
60,28,False,0.0,1,0.7838210463523865,0.2613767981529236,0.5516697764396667,0.022251732647418976
60,29,False,0.0,1,0.7842094898223877,0.2613903284072876,0.5513749122619629,0.022178038954734802
60,30,False,0.0,1,0.7835079431533813,0.2612590491771698,0.5517830848693848,0.022324319928884506
60,31,False,0.0,1,0.7841701507568359,0.26141825318336487,0.5512144565582275,0.022091185674071312
60,32,False,0.0,1,0.7843954563140869,0.261165589094162,0.5513842105865479,0.02218005433678627
60,33,False,0.0,1,0.7843830585479736,0.2614201307296753,0.552066445350647,0.02236897498369217
60,34,False,0.0,1,0.7838364839553833,0.2614319324493408,0.5520004630088806,0.022405175492167473
60,35,False,0.0,1,0.7846927642822266,0.26067566871643066,0.5507967472076416,0.02183900959789753
162,126,False,0.0,0,0.6634862422943115,0.14091500639915466,0.522943377494812,0.010619133710861206
162,127,False,0.0,1,0.7850077748298645,0.26249057054519653,0.552377462387085,0.022233793511986732
162,128,False,0.0,1,0.7853780388832092,0.26229631900787354,0.5526608228683472,0.022275825962424278
162,129,False,0.0,1,0.7858376502990723,0.26229536533355713,0.5523238182067871,0.02225060947239399
162,130,False,0.0,1,0.7856411933898926,0.2622472941875458,0.5528249740600586,0.022416502237319946
162,131,False,0.0,1,0.7860438823699951,0.26194363832473755,0.5525467991828918,0.022252745926380157
162,132,False,0.0,1,0.7865870594978333,0.2618512213230133,0.5528832674026489,0.022459546104073524
162,133,False,0.0,1,0.786372184753418,0.2616133987903595,0.5526857376098633,0.022364063188433647
162,134,False,0.0,1,0.7863881587982178,0.26132845878601074,0.5525712966918945,0.022826597094535828
162,135,True,0.008928571827709675,1,0.7865163683891296,0.26129475235939026,0.5528112053871155,0.02299755997955799
162,136,True,0.02380952425301075,1,0.7865983247756958,0.26170554757118225,0.5529658794403076,0.023055654019117355
162,137,True,0.0386904776096344,1,0.7862870693206787,0.2617754340171814,0.5531772971153259,0.023161981254816055
162,138,True,0.0535714291036129,1,0.7864409685134888,0.26142045855522156,0.5528210401535034,0.02297796495258808
162,139,True,0.0684523805975914,1,0.7854145169258118,0.26202455163002014,0.5534478425979614,0.02320471778512001
162,140,True,0.0833333358168602,1,0.7845348119735718,0.26191937923431396,0.5531467199325562,0.023082086816430092
162,141,True,0.0982142835855484,1,0.7857357263565063,0.2617308795452118,0.5528979301452637,0.022999638691544533
130,110,False,0.0,0,0.6653802394866943,0.14204935729503632,0.5234990119934082,0.011762040667235851
130,111,False,0.0,1,0.7846708297729492,0.2625710368156433,0.5528533458709717,0.02364204078912735
130,112,False,0.0,1,0.7845754623413086,0.2625718116760254,0.5528851747512817,0.023660477250814438
130,113,False,0.0,1,0.7856031656265259,0.26222336292266846,0.5525881052017212,0.0236069243401289
130,114,False,0.0,1,0.7857891321182251,0.2619470953941345,0.5527511835098267,0.023670906201004982
130,115,False,0.0,1,0.7847820520401001,0.26238250732421875,0.5525273084640503,0.023542484268546104
130,116,False,0.0,1,0.7857563495635986,0.2623268961906433,0.5528994798660278,0.023751676082611084
130,117,False,0.0,1,0.7847828269004822,0.2627130150794983,0.552974283695221,0.02368287369608879
130,118,False,0.0,1,0.7860175371170044,0.2619442641735077,0.5528829097747803,0.024116074666380882
130,119,False,0.0,1,0.7850750088691711,0.2622261643409729,0.5530396699905396,0.024135267361998558
130,120,False,0.0,1,0.7851700782775879,0.26215967535972595,0.553196370601654,0.024202747270464897
130,121,False,0.0,1,0.7855861783027649,0.26173385977745056,0.5527004599571228,0.02398792654275894
130,122,False,0.0,1,0.7860486507415771,0.26130571961402893,0.5528371930122375,0.024004269391298294
130,123,False,0.0,1,0.785062313079834,0.26156163215637207,0.5525796413421631,0.023966090753674507
130,124,False,0.0,1,0.7858201265335083,0.2618877589702606,0.5528567433357239,0.024056466296315193
130,125,False,0.0,1,0.7856572866439819,0.2618972361087799,0.5528675317764282,0.02401403710246086
107,172,False,0.0,0,0.6425719261169434,0.12496796250343323,0.5232564210891724,0.012013285420835018
107,173,False,0.0,1,0.7821635007858276,0.2622496783733368,0.5532128810882568,0.024339847266674042
107,174,False,0.0,1,0.7815213799476624,0.2623941898345947,0.5531677007675171,0.024353180080652237
107,175,False,0.0,1,0.7820029258728027,0.26249775290489197,0.5534143447875977,0.024469848722219467
107,176,False,0.0,1,0.7820531725883484,0.26262715458869934,0.5532752275466919,0.024401159957051277
107,177,False,0.0,1,0.7821028828620911,0.26293304562568665,0.5532599687576294,0.024359773844480515
107,178,False,0.0,1,0.7813237905502319,0.26249006390571594,0.5533174276351929,0.024366896599531174
107,179,False,0.0,1,0.7817925810813904,0.26348552107810974,0.5534801483154297,0.024385441094636917
107,180,True,0.002217294881120324,1,0.7814680933952332,0.2631776034832001,0.5545438528060913,0.024909459054470062
107,181,True,0.011111111380159855,1,0.7816076874732971,0.2628123462200165,0.5541888475418091,0.02473677694797516
107,182,True,0.02222222276031971,1,0.7810832262039185,0.26189398765563965,0.5543712973594666,0.024890674278140068
107,183,True,0.03333333507180214,1,0.7821292877197266,0.262927383184433,0.5542218685150146,0.024877969175577164
107,184,True,0.04444444552063942,1,0.7816283106803894,0.2625609338283539,0.5542111396789551,0.024827243760228157
107,185,True,0.0555555559694767,1,0.7817791700363159,0.2619711756706238,0.5545477867126465,0.025008738040924072
107,186,True,0.06666667014360428,1,0.7815357446670532,0.2629030644893646,0.5541110038757324,0.02485138364136219
107,187,True,0.07777778059244156,1,0.7817265391349792,0.262143075466156,0.5545751452445984,0.025056643411517143
28,20,False,0.0,0,0.6591689586639404,0.13462333381175995,0.5244856476783752,0.012955526821315289
28,21,False,0.0,1,0.7839967608451843,0.2606610655784607,0.5541586875915527,0.025275109335780144
28,22,False,0.0,1,0.7843228578567505,0.2616192102432251,0.5538890957832336,0.02510509453713894
28,23,False,0.0,1,0.7847239971160889,0.26122140884399414,0.5538432598114014,0.025080086663365364
28,24,False,0.0,1,0.7846741676330566,0.2609633207321167,0.5538835525512695,0.02514834702014923
28,25,False,0.0,1,0.7842097282409668,0.26122111082077026,0.5540826320648193,0.025196410715579987
28,26,False,0.0,1,0.7835434079170227,0.26164501905441284,0.5536088943481445,0.025023825466632843
28,27,False,0.0,1,0.7837092876434326,0.26165860891342163,0.5541778802871704,0.025258304551243782
28,28,False,0.0,1,0.7844106554985046,0.261063814163208,0.5532724857330322,0.02482122741639614
28,29,False,0.0,1,0.7846320867538452,0.26111865043640137,0.5533861517906189,0.024859605357050896
28,30,False,0.0,1,0.7839899659156799,0.2614520788192749,0.5533626079559326,0.024851283058524132
28,31,False,0.0,1,0.7834511995315552,0.261711448431015,0.5537844896316528,0.02507021278142929
28,32,False,0.0,1,0.7847574949264526,0.2609947919845581,0.5530014634132385,0.02470429427921772
28,33,False,0.0,1,0.7842433452606201,0.26118093729019165,0.5533031821250916,0.02485557273030281
28,34,False,0.0,1,0.7837759852409363,0.261711448431015,0.5538195371627808,0.025087693706154823
28,35,False,0.0,1,0.783728837966919,0.2609463334083557,0.5529156923294067,0.024598252028226852
195,183,False,0.0,0,0.6466503143310547,0.13084399700164795,0.5234922170639038,0.012180295772850513
195,184,False,0.0,1,0.7806342840194702,0.2627705931663513,0.5529457926750183,0.024303698912262917
195,185,False,0.0,1,0.780853807926178,0.26255807280540466,0.5532472729682922,0.024341626092791557
195,186,False,0.0,1,0.7806134223937988,0.26230934262275696,0.5531942844390869,0.02430822141468525
195,187,False,0.0,1,0.7803491353988647,0.2623305022716522,0.5529094934463501,0.024206215515732765
195,188,False,0.0,1,0.7806401252746582,0.2623385488986969,0.5530351996421814,0.024343110620975494
195,189,False,0.0,1,0.780195415019989,0.2625519931316376,0.5528587102890015,0.024193892255425453
195,190,False,0.0,1,0.7808424234390259,0.2623893916606903,0.5530684590339661,0.02436351217329502
195,191,False,0.0,1,0.7793447971343994,0.262480765581131,0.5528097152709961,0.023831788450479507
195,192,True,0.008368200622498989,1,0.7803142070770264,0.2614031732082367,0.553272008895874,0.02407565899193287
195,193,True,0.01882845163345337,1,0.7810933589935303,0.26192545890808105,0.5531009435653687,0.02403920330107212
195,194,True,0.029288703575730324,1,0.780166506767273,0.2620390057563782,0.5528594255447388,0.024000169709324837
195,195,True,0.03974895551800728,1,0.7816714644432068,0.26177698373794556,0.5533056855201721,0.02425743080675602
195,196,True,0.050209205597639084,1,0.7814009785652161,0.2620484232902527,0.5533400774002075,0.02419569529592991
195,197,True,0.06066945567727089,1,0.780724287033081,0.26191234588623047,0.5531922578811646,0.024162406101822853
195,198,True,0.071129709482193,1,0.7815762758255005,0.2617197036743164,0.5532063245773315,0.02415802702307701
51,55,False,0.0,0,0.6417872905731201,0.11821050196886063,0.5238387584686279,0.012002203613519669
51,56,False,0.0,1,0.7812086343765259,0.2602907121181488,0.5538561344146729,0.024046480655670166
51,57,False,0.0,1,0.7831311225891113,0.25991132855415344,0.5540123581886292,0.02410583756864071
51,58,False,0.0,1,0.7829174995422363,0.2597823739051819,0.5538938045501709,0.02404009737074375
51,59,False,0.0,1,0.7815872430801392,0.26028546690940857,0.553763747215271,0.02395608462393284
51,60,False,0.0,1,0.7822481989860535,0.26002582907676697,0.5536537766456604,0.023932980373501778
51,61,False,0.0,1,0.782092809677124,0.2600152790546417,0.5528610944747925,0.023683542385697365
51,62,False,0.0,1,0.7811489105224609,0.26040804386138916,0.5535728931427002,0.023950813338160515
51,63,False,0.0,1,0.7817438840866089,0.2602585256099701,0.5538989901542664,0.02346150018274784
51,64,False,0.0,1,0.7821164727210999,0.26018956303596497,0.5544462203979492,0.02365671843290329
51,65,False,0.0,1,0.7819840312004089,0.2601085901260376,0.5539311766624451,0.023478679358959198
51,66,False,0.0,1,0.7826213836669922,0.25996169447898865,0.5542173385620117,0.02357250452041626
51,67,False,0.0,1,0.7812672853469849,0.2602330446243286,0.5541346073150635,0.023542283102869987
51,68,False,0.0,1,0.7820638418197632,0.26008176803588867,0.5538398027420044,0.02346733771264553
51,69,False,0.0,1,0.7812790274620056,0.2603954076766968,0.5543324947357178,0.023636450991034508
51,70,False,0.0,1,0.782118022441864,0.26010480523109436,0.5535225868225098,0.02334417775273323
158,119,False,0.0,0,0.6669700145721436,0.14212386310100555,0.5252369046211243,0.011525513604283333
158,120,False,0.0,1,0.7852736711502075,0.2617362439632416,0.5547025203704834,0.023100776597857475
158,121,False,0.0,1,0.7852230072021484,0.2620755434036255,0.5551071166992188,0.023267807438969612
158,122,False,0.0,1,0.7855218648910522,0.26167774200439453,0.5548923015594482,0.023146342486143112
158,123,False,0.0,1,0.785601794719696,0.26145580410957336,0.5551953315734863,0.02325412817299366
158,124,False,0.0,1,0.7851569056510925,0.261075496673584,0.5543264150619507,0.022964579984545708
158,125,False,0.0,1,0.7857656478881836,0.2616560161113739,0.5551875829696655,0.023193195462226868
158,126,False,0.0,1,0.7855479717254639,0.26139217615127563,0.5550165772438049,0.02315305359661579
158,127,False,0.0,1,0.7855325937271118,0.26169896125793457,0.5555164813995361,0.022943219169974327
158,128,False,0.0,1,0.7846757173538208,0.261684387922287,0.5560098886489868,0.02313152141869068
158,129,False,0.0,1,0.7849610447883606,0.2621302902698517,0.5560843348503113,0.02320830523967743
158,130,False,0.0,1,0.7848653793334961,0.2620289921760559,0.5558810234069824,0.023094335570931435
158,131,False,0.0,1,0.7842007875442505,0.2621321678161621,0.5553137063980103,0.02292581833899021
158,132,False,0.0,1,0.7848979830741882,0.2618350684642792,0.5553951859474182,0.022926902398467064
158,133,False,0.0,1,0.7835338115692139,0.2621040642261505,0.5552698373794556,0.022885404527187347
158,134,False,0.0,1,0.784497857093811,0.2619452476501465,0.5556820631027222,0.023012027144432068
31,74,False,0.0,0,0.6381902694702148,0.11950551718473434,0.523436427116394,0.010719206184148788
31,75,False,0.0,1,0.78038489818573,0.2601960301399231,0.5557618141174316,0.023313289508223534
31,76,False,0.0,1,0.7796670198440552,0.2601476311683655,0.5553715229034424,0.02310004085302353
31,77,False,0.0,1,0.7801159620285034,0.2603016793727875,0.555069625377655,0.023008087649941444
31,78,False,0.0,1,0.7798570990562439,0.2607363760471344,0.555054783821106,0.023079806938767433
31,79,False,0.0,1,0.780161440372467,0.2603900730609894,0.5553224086761475,0.023134935647249222
31,80,False,0.0,1,0.7800782918930054,0.26034510135650635,0.5557783842086792,0.02330235205590725
31,81,False,0.0,1,0.7796404361724854,0.26032766699790955,0.5553147792816162,0.02316727489233017
31,82,False,0.0,1,0.7806307673454285,0.2600712776184082,0.5554578900337219,0.02331281267106533
31,83,True,0.014563106931746006,1,0.7812840342521667,0.2604970335960388,0.5553819537162781,0.02334493212401867
31,84,True,0.03883495181798935,1,0.780666708946228,0.2599867284297943,0.5559380054473877,0.02354118414223194
31,85,True,0.06310679763555527,1,0.7809164524078369,0.2598707675933838,0.5558953285217285,0.023484695702791214
31,86,True,0.08737864345312119,1,0.7808957099914551,0.26002171635627747,0.5559777021408081,0.023574229329824448
31,87,True,0.1116504818201065,1,0.7811161279678345,0.2601500451564789,0.5559134483337402,0.023579802364110947
31,88,True,0.13592232763767242,1,0.7800837755203247,0.2603125274181366,0.5557852983474731,0.02351166307926178
31,89,True,0.16019417345523834,1,0.7796825170516968,0.2607903778553009,0.5554035305976868,0.023427970707416534
116,181,False,0.0,0,0.6523771286010742,0.1379898488521576,0.5254702568054199,0.011642911471426487
116,182,False,0.0,1,0.7806522846221924,0.26367366313934326,0.5571938753128052,0.023961398750543594
116,183,False,0.0,1,0.7808943390846252,0.2637587785720825,0.5568849444389343,0.023840874433517456
116,184,False,0.0,1,0.7807459235191345,0.2633650004863739,0.5565019845962524,0.023720573633909225
116,185,False,0.0,1,0.7807149887084961,0.2634345293045044,0.5570487380027771,0.023924697190523148
116,186,False,0.0,1,0.7806961536407471,0.2634216248989105,0.5568361282348633,0.023820988833904266
116,187,False,0.0,1,0.7806786298751831,0.26208871603012085,0.5569118857383728,0.023819493129849434
116,188,False,0.0,1,0.7806382775306702,0.2629345953464508,0.5570768713951111,0.023934833705425262
116,189,False,0.0,1,0.7815364599227905,0.2619341313838959,0.5566794872283936,0.024210747331380844
116,190,False,0.0,1,0.781989336013794,0.26127979159355164,0.5567384958267212,0.024213511496782303
116,191,False,0.0,1,0.7811036705970764,0.26211708784103394,0.5559780597686768,0.023852363228797913
116,192,False,0.0,1,0.7816077470779419,0.26139330863952637,0.5570393800735474,0.0243222713470459
116,193,False,0.0,1,0.7823878526687622,0.26104164123535156,0.5565699338912964,0.024104565382003784
116,194,False,0.0,1,0.7826275825500488,0.26148656010627747,0.5569475293159485,0.02423451840877533
116,195,False,0.0,1,0.7828253507614136,0.26152992248535156,0.5567567348480225,0.02419133298099041
116,196,False,0.0,1,0.7833491563796997,0.26160967350006104,0.5574038624763489,0.024453850463032722
0,11,False,0.0,0,0.6542282104492188,0.1314111351966858,0.5240354537963867,0.011751332320272923
0,12,False,0.0,1,0.7839785814285278,0.2614103853702545,0.5557228326797485,0.024436721578240395
0,13,False,0.0,1,0.7847291231155396,0.26117393374443054,0.5553907155990601,0.024261023849248886
0,14,False,0.0,1,0.7842830419540405,0.26119503378868103,0.555334210395813,0.024249909445643425
0,15,False,0.0,1,0.7842296361923218,0.26083290576934814,0.5554031133651733,0.024267585948109627
0,16,False,0.0,1,0.7850422263145447,0.26086241006851196,0.5556684732437134,0.0243899617344141
0,17,False,0.0,1,0.7840011715888977,0.2611563503742218,0.555451512336731,0.024274704977869987
0,18,False,0.0,1,0.7838462591171265,0.26132848858833313,0.5554473400115967,0.024268776178359985
0,19,False,0.0,1,0.7834975719451904,0.261140912771225,0.5544165372848511,0.024294879287481308
0,20,False,0.0,1,0.7841155529022217,0.26106998324394226,0.5549458265304565,0.024501901119947433
0,21,False,0.0,1,0.7846071720123291,0.2614341080188751,0.5551455020904541,0.024487102404236794
0,22,False,0.0,1,0.7842210531234741,0.26050639152526855,0.5550841093063354,0.024542780593037605
0,23,False,0.0,1,0.7850090265274048,0.2607833743095398,0.5551235675811768,0.024486280977725983
0,24,False,0.0,1,0.7847400903701782,0.26118141412734985,0.555402398109436,0.02459234558045864
0,25,False,0.0,1,0.7841423749923706,0.26051220297813416,0.5549463033676147,0.02439032308757305
0,26,False,0.0,1,0.7854827046394348,0.2611592411994934,0.5552777051925659,0.024502970278263092
73,6,False,0.0,0,0.6567094326019287,0.1303868144750595,0.5245073437690735,0.012789350934326649
73,7,False,0.0,1,0.7843838930130005,0.26089152693748474,0.5552515983581543,0.024835901334881783
73,8,False,0.0,1,0.7853319644927979,0.2607071101665497,0.5551071166992188,0.02484162151813507
73,9,False,0.0,1,0.7843258380889893,0.2607326805591583,0.5549381971359253,0.024785302579402924
73,10,False,0.0,1,0.78529292345047,0.26106390357017517,0.5552700757980347,0.024881497025489807
73,11,False,0.0,1,0.7839903235435486,0.26102811098098755,0.5550951957702637,0.024818316102027893
73,12,False,0.0,1,0.785377025604248,0.26075437664985657,0.5553932189941406,0.024953048676252365
73,13,False,0.0,1,0.7856794595718384,0.26043611764907837,0.5550503730773926,0.024801556020975113
73,14,False,0.0,1,0.7850958108901978,0.2609986364841461,0.5548965334892273,0.024784009903669357
73,15,True,0.0833333358168602,1,0.7855069637298584,0.26069778203964233,0.5548001527786255,0.024772807955741882
73,16,True,0.2222222238779068,1,0.7846110463142395,0.2608603239059448,0.5545168519020081,0.024733640253543854
73,17,True,0.3611111044883728,1,0.7844849824905396,0.2608315944671631,0.5544581413269043,0.024773847311735153
73,18,True,0.5,1,0.7805059552192688,0.26034632325172424,0.5530999302864075,0.024308251217007637
73,19,True,0.6388888955116272,1,0.7805700898170471,0.2602912187576294,0.5519965887069702,0.023913590237498283
73,20,True,0.7777777910232544,1,0.7807749509811401,0.26025310158729553,0.5521312952041626,0.02409263327717781
73,21,True,0.9166666865348816,1,0.7804269790649414,0.26040419936180115,0.551630973815918,0.02378755249083042
89,24,False,0.0,0,0.6493394374847412,0.12451009452342987,0.5241761803627014,0.012430394068360329
89,25,False,0.0,1,0.7849788665771484,0.2598041296005249,0.5556503534317017,0.02472260594367981
89,26,False,0.0,1,0.7852319478988647,0.2602262794971466,0.5555103421211243,0.024728810414671898
89,27,False,0.0,1,0.7847284078598022,0.2600659132003784,0.5557004809379578,0.02474142611026764
89,28,False,0.0,1,0.7849030494689941,0.26010751724243164,0.5556344985961914,0.02472967840731144
89,29,False,0.0,1,0.7849581241607666,0.260008305311203,0.555770754814148,0.024799102917313576
89,30,False,0.0,1,0.7848248481750488,0.25995001196861267,0.5554516315460205,0.024663589894771576
89,31,False,0.0,1,0.7847583293914795,0.2602098882198334,0.5551615953445435,0.024508628994226456
89,32,False,0.0,1,0.7849138975143433,0.26058268547058105,0.5552043318748474,0.02452724426984787
89,33,False,0.0,1,0.7853069305419922,0.2604529857635498,0.5551224946975708,0.024447157979011536
89,34,False,0.0,1,0.7845852375030518,0.25984254479408264,0.5554065108299255,0.024585504084825516
89,35,False,0.0,1,0.7854865789413452,0.26039886474609375,0.5555351972579956,0.024594465270638466
89,36,False,0.0,1,0.7853226661682129,0.2606661319732666,0.5556334257125854,0.024611856788396835
89,37,False,0.0,1,0.7856153249740601,0.2604733407497406,0.5551888942718506,0.024414580315351486
89,38,False,0.0,1,0.7852758169174194,0.26053693890571594,0.5554628372192383,0.024536749348044395
89,39,False,0.0,1,0.7846633195877075,0.260353684425354,0.5549742579460144,0.024347124621272087
160,178,False,0.0,0,0.6482434272766113,0.13623157143592834,0.5245628356933594,0.012221241369843483
160,179,False,0.0,1,0.7805723547935486,0.2631126940250397,0.5565832257270813,0.02444690465927124
160,180,False,0.0,1,0.7805964350700378,0.2633911371231079,0.5567204356193542,0.024506937712430954
160,181,False,0.0,1,0.7810474634170532,0.2633965015411377,0.5566579103469849,0.024488309398293495
160,182,False,0.0,1,0.7805467844009399,0.2627890706062317,0.5562193989753723,0.024329809471964836
160,183,False,0.0,1,0.7802352905273438,0.2637498378753662,0.5564042329788208,0.024416234344244003
160,184,False,0.0,1,0.7806828022003174,0.26386162638664246,0.5569626092910767,0.024606525897979736
160,185,False,0.0,1,0.781267523765564,0.263695627450943,0.5566647052764893,0.024551216512918472
160,186,False,0.0,1,0.781427264213562,0.26246461272239685,0.5573707222938538,0.024493860080838203
160,187,False,0.0,1,0.7813106179237366,0.26322224736213684,0.5576698780059814,0.02463303506374359
160,188,False,0.0,1,0.7814846038818359,0.2632548213005066,0.557744026184082,0.024584395810961723
160,189,False,0.0,1,0.7818114757537842,0.26267871260643005,0.557424783706665,0.024444159120321274
160,190,False,0.0,1,0.7818214893341064,0.2617354094982147,0.557420015335083,0.02445831708610058
160,191,False,0.0,1,0.7824441194534302,0.2616174817085266,0.5577451586723328,0.02459600940346718
160,192,False,0.0,1,0.782714307308197,0.26186975836753845,0.5573900938034058,0.024502122774720192
160,193,False,0.0,1,0.782884955406189,0.2614447772502899,0.5572600364685059,0.024452775716781616
18,28,False,0.0,0,0.6585509777069092,0.13293328881263733,0.5258240699768066,0.0124733941629529
18,29,False,0.0,1,0.7860450148582458,0.2602096199989319,0.5583906173706055,0.024708790704607964
18,30,False,0.0,1,0.785469114780426,0.26050275564193726,0.5586130619049072,0.024759583175182343
18,31,False,0.0,1,0.7862794399261475,0.26055049896240234,0.5585626363754272,0.024745453149080276
18,32,False,0.0,1,0.7863906025886536,0.2604370713233948,0.5584108829498291,0.024686794728040695
18,33,False,0.0,1,0.7860220670700073,0.26019635796546936,0.5582380294799805,0.024590756744146347
18,34,False,0.0,1,0.7863249778747559,0.2604900896549225,0.5585658550262451,0.024779703468084335
18,35,False,0.0,1,0.7859392166137695,0.26090285181999207,0.5584747195243835,0.024732837453484535
18,36,False,0.0,1,0.7859513163566589,0.26057887077331543,0.5591727495193481,0.024624191224575043
18,37,False,0.0,1,0.7863966226577759,0.26038607954978943,0.5592731237411499,0.024699266999959946
18,38,False,0.0,1,0.7859756350517273,0.26059800386428833,0.559079647064209,0.024564553052186966
18,39,False,0.0,1,0.7861467003822327,0.2603306174278259,0.5588216185569763,0.024522151798009872
18,40,False,0.0,1,0.7858781814575195,0.26061734557151794,0.5591349005699158,0.02471558377146721
18,41,False,0.0,1,0.7857849597930908,0.2606039047241211,0.559081494808197,0.0245966836810112
18,42,False,0.0,1,0.7853813767433167,0.2605814039707184,0.5589660406112671,0.02456856146454811
18,43,False,0.0,1,0.786274790763855,0.25991714000701904,0.5588641166687012,0.024565860629081726
120,162,False,0.0,0,0.646843433380127,0.13087022304534912,0.5273345112800598,0.012352158315479755
120,163,False,0.0,1,0.7819890379905701,0.2628641128540039,0.5603171586990356,0.024531856179237366
120,164,False,0.0,1,0.7819708585739136,0.26317697763442993,0.5600777268409729,0.024384479969739914
120,165,False,0.0,1,0.782077431678772,0.26349207758903503,0.5603811740875244,0.024581070989370346
120,166,False,0.0,1,0.7817168235778809,0.26325511932373047,0.5603359937667847,0.024511203169822693
120,167,False,0.0,1,0.7810213565826416,0.2635289430618286,0.5603609085083008,0.024545928463339806
120,168,False,0.0,1,0.7815529108047485,0.2637415826320648,0.5606637001037598,0.024674048647284508
120,169,False,0.0,1,0.781660795211792,0.2637929320335388,0.5603888034820557,0.024570530280470848
120,170,False,0.0,1,0.7811355590820312,0.26335397362709045,0.5612871050834656,0.024509986862540245
120,171,True,0.007042253389954567,1,0.7812972068786621,0.2638188302516937,0.5612332820892334,0.024589277803897858
120,172,True,0.018779342994093895,1,0.7815819978713989,0.2637494206428528,0.5610591173171997,0.024488357827067375
120,173,True,0.030516432598233223,1,0.7815849781036377,0.2632816731929779,0.5608236789703369,0.02443535253405571
120,174,True,0.0422535203397274,1,0.7817543745040894,0.2632123529911041,0.5606212019920349,0.024361174553632736
120,175,True,0.05399060994386673,1,0.7812269926071167,0.2633911371231079,0.5608624219894409,0.024460166692733765
120,176,True,0.06572769582271576,1,0.7814419269561768,0.26339420676231384,0.5614491105079651,0.024778129532933235
120,177,True,0.07746478915214539,1,0.7816087007522583,0.26333004236221313,0.5602483749389648,0.02424067258834839
53,5,False,0.0,0,0.6565306186676025,0.13097544014453888,0.5273422002792358,0.012171635404229164
53,6,False,0.0,1,0.7854141592979431,0.26007112860679626,0.5607792139053345,0.024537740275263786
53,7,False,0.0,1,0.7858936786651611,0.26005062460899353,0.560065507888794,0.024258024990558624
53,8,False,0.0,1,0.785352349281311,0.25978612899780273,0.5604652166366577,0.02442873828113079
53,9,False,0.0,1,0.7854049205780029,0.25972089171409607,0.5607774257659912,0.0245120320469141
53,10,False,0.0,1,0.785582423210144,0.2599785029888153,0.5605491995811462,0.02438386343419552
53,11,False,0.0,1,0.7851013541221619,0.25960129499435425,0.5608129501342773,0.024582382291555405
53,12,False,0.0,1,0.785230278968811,0.26008346676826477,0.5606237649917603,0.02446647733449936
53,13,True,0.03125,1,0.7851776480674744,0.2594726085662842,0.5603841543197632,0.02447841502726078
53,14,True,0.1875,1,0.7830771207809448,0.2596701681613922,0.5596411228179932,0.024401793256402016
53,15,True,0.34375,1,0.783147394657135,0.25940966606140137,0.559526801109314,0.024497536942362785
53,16,True,0.5,1,0.7831066846847534,0.25927919149398804,0.5586310625076294,0.024251967668533325
53,17,True,0.65625,1,0.7828617095947266,0.2596777081489563,0.5576828718185425,0.02399655431509018
53,18,True,0.8125,1,0.781467616558075,0.2599896788597107,0.5566412806510925,0.023688245564699173
53,19,True,0.96875,1,0.7809656858444214,0.2599773108959198,0.5563009977340698,0.023619230836629868
53,20,True,1.0,1,0.7814292311668396,0.25984951853752136,0.5547984838485718,0.022844567894935608
128,114,False,0.0,0,0.6663639545440674,0.14318589866161346,0.5267294645309448,0.01183054968714714
128,115,False,0.0,1,0.7866750955581665,0.262324720621109,0.561689019203186,0.024841826409101486
128,116,False,0.0,1,0.7857968211174011,0.2629116177558899,0.5617892742156982,0.024878161028027534
128,117,False,0.0,1,0.7861276268959045,0.26234331727027893,0.5613443851470947,0.02463766746222973
128,118,False,0.0,1,0.7860167026519775,0.2625653147697449,0.5615028142929077,0.0247675571590662
128,119,False,0.0,1,0.7858623266220093,0.2624211013317108,0.56081223487854,0.024479294195771217
128,120,False,0.0,1,0.7860133647918701,0.26253411173820496,0.5609827041625977,0.024523621425032616
128,121,False,0.0,1,0.7859005928039551,0.26252827048301697,0.5612566471099854,0.024707423523068428
128,122,False,0.0,1,0.785875678062439,0.26249539852142334,0.5617709159851074,0.025148289278149605
128,123,False,0.0,1,0.7861732244491577,0.2625724971294403,0.5610582828521729,0.024777138605713844
128,124,False,0.0,1,0.7860525846481323,0.262582927942276,0.561619758605957,0.025044100359082222
128,125,False,0.0,1,0.7861560583114624,0.262781023979187,0.5616415739059448,0.0250781811773777
128,126,False,0.0,1,0.7863542437553406,0.26254570484161377,0.561464250087738,0.02493416517972946
128,127,False,0.0,1,0.7867304086685181,0.26225507259368896,0.5618326663970947,0.02514549531042576
128,128,False,0.0,1,0.7870470881462097,0.2621224522590637,0.5621179342269897,0.02525845542550087
128,129,False,0.0,1,0.7874714136123657,0.2614370882511139,0.5613512992858887,0.024956712499260902
183,172,False,0.0,0,0.65285325050354,0.13638263940811157,0.5284426212310791,0.013065979816019535
183,173,False,0.0,1,0.7826091051101685,0.26292791962623596,0.5621781349182129,0.025164838880300522
183,174,False,0.0,1,0.7823984622955322,0.2630883455276489,0.5623388290405273,0.025239450857043266
183,175,False,0.0,1,0.7822305560112,0.2632952034473419,0.5620858669281006,0.025214359164237976
183,176,False,0.0,1,0.7820477485656738,0.26305267214775085,0.5625888109207153,0.02544832043349743
183,177,False,0.0,1,0.782143235206604,0.2632925808429718,0.5625264644622803,0.025326309725642204
183,178,False,0.0,1,0.7822843194007874,0.26322832703590393,0.5625587701797485,0.025313617661595345
183,179,False,0.0,1,0.7820397615432739,0.2632901072502136,0.5624144077301025,0.02531205490231514
183,180,True,0.004454343114048243,1,0.7819679975509644,0.26272398233413696,0.5619708299636841,0.025363972410559654
183,181,True,0.015590200200676918,1,0.7822993993759155,0.2630977928638458,0.5622069835662842,0.02551361732184887
183,182,True,0.02672605775296688,1,0.7828250527381897,0.26246461272239685,0.5623648762702942,0.02549363672733307
183,183,True,0.03786191716790199,1,0.782219409942627,0.26238545775413513,0.5621901750564575,0.025541124865412712
183,184,True,0.04899777099490166,1,0.7829400897026062,0.2631957232952118,0.5628370046615601,0.025779185816645622
183,185,True,0.06013362854719162,1,0.7828132510185242,0.26271912455558777,0.562152624130249,0.0255591943860054
183,186,True,0.07126948982477188,1,0.7825533151626587,0.2625690996646881,0.5620229244232178,0.025469765067100525
183,187,True,0.08240534365177155,1,0.782576322555542,0.2626982629299164,0.562490701675415,0.025689542293548584
174,119,False,0.0,0,0.66798996925354,0.14569176733493805,0.5277562141418457,0.012994487769901752
174,120,False,0.0,1,0.7865720987319946,0.2624492645263672,0.5627742409706116,0.025822877883911133
174,121,False,0.0,1,0.7868667840957642,0.26198112964630127,0.5626552104949951,0.025805337354540825
174,122,False,0.0,1,0.7869229912757874,0.2617378830909729,0.561962366104126,0.02553624100983143
174,123,False,0.0,1,0.7869134545326233,0.2615988850593567,0.562735378742218,0.025830280035734177
174,124,False,0.0,1,0.7870425581932068,0.2614821195602417,0.5630977153778076,0.02595752477645874
174,125,False,0.0,1,0.786578357219696,0.2616176903247833,0.5623751878738403,0.02561049722135067
174,126,False,0.0,1,0.7870693206787109,0.26146283745765686,0.5625228881835938,0.02569189853966236
174,127,False,0.0,1,0.7866871356964111,0.26132524013519287,0.5625901818275452,0.025793831795454025
174,128,False,0.0,1,0.7870867252349854,0.2613424062728882,0.5625133514404297,0.025775641202926636
174,129,False,0.0,1,0.7865993976593018,0.26209965348243713,0.5631623268127441,0.026074662804603577
174,130,False,0.0,1,0.7863249778747559,0.262190043926239,0.5631529092788696,0.02601953037083149
174,131,False,0.0,1,0.7854703664779663,0.26210129261016846,0.5629132390022278,0.025890296325087547
174,132,False,0.0,1,0.785607099533081,0.26214417815208435,0.5629585981369019,0.025922924280166626
174,133,False,0.0,1,0.7859439253807068,0.26133647561073303,0.5627217292785645,0.02583598531782627
174,134,False,0.0,1,0.7854037284851074,0.26157528162002563,0.5624042749404907,0.02572382427752018
35,30,False,0.0,0,0.6529035568237305,0.1309310644865036,0.5274263024330139,0.01331916730850935
35,31,False,0.0,1,0.7840814590454102,0.26133787631988525,0.5620511770248413,0.02601417526602745
35,32,False,0.0,1,0.7846379280090332,0.26143091917037964,0.5623798370361328,0.02615116536617279
35,33,False,0.0,1,0.7837506532669067,0.2615932524204254,0.5620039701461792,0.02598712407052517
35,34,False,0.0,1,0.7851091623306274,0.2609294652938843,0.5618175864219666,0.0258739423006773
35,35,False,0.0,1,0.7851317524909973,0.26104575395584106,0.5619135499000549,0.025924980640411377
35,36,False,0.0,1,0.7835264205932617,0.2620037794113159,0.5620456337928772,0.026017457246780396
35,37,False,0.0,1,0.783689022064209,0.26167893409729004,0.561829686164856,0.025877749547362328
35,38,False,0.0,1,0.7851710319519043,0.2606735825538635,0.5626922249794006,0.02606566809117794
35,39,False,0.0,1,0.7855226993560791,0.26085415482521057,0.562505841255188,0.026013759896159172
35,40,False,0.0,1,0.7854443788528442,0.260545551776886,0.5626136064529419,0.02610691823065281
35,41,False,0.0,1,0.7851226329803467,0.2607068717479706,0.5622345805168152,0.025917813181877136
35,42,False,0.0,1,0.7854834794998169,0.260273277759552,0.5619430541992188,0.025780104100704193
35,43,False,0.0,1,0.7860150337219238,0.2601099908351898,0.5619308948516846,0.02575812116265297
35,44,False,0.0,1,0.7862108945846558,0.2603859603404999,0.5625030398368835,0.026022061705589294
35,45,False,0.0,1,0.7857679128646851,0.2606068551540375,0.5622978210449219,0.025912707671523094
136,180,False,0.0,0,0.649287223815918,0.1348782628774643,0.5295350551605225,0.013685653917491436
136,181,False,0.0,1,0.7819764614105225,0.2629241645336151,0.5645250082015991,0.026318082585930824
136,182,False,0.0,1,0.7822204828262329,0.26346543431282043,0.563967227935791,0.026143565773963928
136,183,False,0.0,1,0.7827390432357788,0.26336514949798584,0.5643603205680847,0.026252463459968567
136,184,False,0.0,1,0.7822012305259705,0.2629241943359375,0.5639766454696655,0.026087479665875435
136,185,False,0.0,1,0.7822316884994507,0.2625080943107605,0.5637249946594238,0.02601155824959278
136,186,False,0.0,1,0.7826193571090698,0.26304149627685547,0.5641860961914062,0.02624461241066456
136,187,False,0.0,1,0.7826634049415588,0.26291197538375854,0.5641927719116211,0.026169540360569954
136,188,False,0.0,1,0.7827452421188354,0.26280027627944946,0.5645688772201538,0.0261019729077816
136,189,True,0.006369426846504211,1,0.7829424142837524,0.2629641890525818,0.5643891096115112,0.02614625357091427
136,190,True,0.01698513887822628,1,0.7834163308143616,0.26212039589881897,0.5645415186882019,0.02620694600045681
136,191,True,0.0276008490473032,1,0.7834550738334656,0.26197895407676697,0.5648602843284607,0.0263114832341671
136,192,True,0.03821656107902527,1,0.7827349901199341,0.26243841648101807,0.5647911429405212,0.02634136937558651
136,193,True,0.04883227124810219,1,0.7838892340660095,0.26189863681793213,0.5648472309112549,0.026354337111115456
136,194,True,0.05944798141717911,1,0.7829518914222717,0.2616448998451233,0.5642482042312622,0.02619044855237007
136,195,True,0.07006369531154633,1,0.7832985520362854,0.26187554001808167,0.5648208856582642,0.026411041617393494
150,117,False,0.0,0,0.6665952205657959,0.14531351625919342,0.5286191701889038,0.012839240953326225
150,118,False,0.0,1,0.7862873077392578,0.2625914514064789,0.5650762915611267,0.026104310527443886
150,119,False,0.0,1,0.7869927287101746,0.26181551814079285,0.5644779205322266,0.025882087647914886
150,120,False,0.0,1,0.7868731021881104,0.2615666091442108,0.5644140243530273,0.025927837938070297
150,121,False,0.0,1,0.7872560024261475,0.26159095764160156,0.5640127658843994,0.02573029138147831
150,122,False,0.0,1,0.7879897356033325,0.26125311851501465,0.5646628141403198,0.025932693853974342
150,123,False,0.0,1,0.7874435782432556,0.26120680570602417,0.5644472241401672,0.02584492787718773
150,124,False,0.0,1,0.7877991199493408,0.260211318731308,0.5637586712837219,0.025612475350499153
150,125,True,0.0032051282469183207,1,0.7880769371986389,0.26124703884124756,0.5644805431365967,0.025605889037251472
150,126,True,0.01923076994717121,1,0.7880187034606934,0.2609851062297821,0.564164400100708,0.025617897510528564
150,127,True,0.035256411880254745,1,0.7880001068115234,0.26109403371810913,0.5645104050636292,0.025780724361538887
150,128,True,0.05128205195069313,1,0.7876182794570923,0.26078730821609497,0.5643007755279541,0.025737909600138664
150,129,True,0.06730769574642181,1,0.7873914241790771,0.2609328329563141,0.5643677115440369,0.02571103908121586
150,130,True,0.0833333358168602,1,0.786598801612854,0.2615335285663605,0.5641396045684814,0.025629831477999687
150,131,True,0.09935897588729858,1,0.7872163653373718,0.261159747838974,0.56400465965271,0.025610020384192467
150,132,True,0.11538461595773697,1,0.7867448329925537,0.2614668309688568,0.564195990562439,0.025732964277267456
145,177,False,0.0,0,0.6526269912719727,0.13499778509140015,0.5296627283096313,0.013018874451518059
145,178,False,0.0,1,0.7838209867477417,0.2630497217178345,0.5647929310798645,0.025583786889910698
145,179,False,0.0,1,0.7834450006484985,0.26266080141067505,0.564595103263855,0.025482581928372383
145,180,False,0.0,1,0.7834580540657043,0.2627412974834442,0.564949631690979,0.025640150532126427
145,181,False,0.0,1,0.7833408117294312,0.2626882493495941,0.5647980570793152,0.025577647611498833
145,182,False,0.0,1,0.7836931943893433,0.2624951899051666,0.5647853016853333,0.025546791031956673
145,183,False,0.0,1,0.7835263013839722,0.26193901896476746,0.5640488862991333,0.02533240057528019
145,184,False,0.0,1,0.7840465307235718,0.26148226857185364,0.5647993087768555,0.02563648670911789
145,185,False,0.0,1,0.7830250263214111,0.2619961202144623,0.5642133951187134,0.025397710502147675
145,186,False,0.0,1,0.7840886116027832,0.2611134946346283,0.5648537874221802,0.02556433342397213
145,187,False,0.0,1,0.7844910621643066,0.26125282049179077,0.5646541714668274,0.025447893887758255
145,188,False,0.0,1,0.784098207950592,0.26118066906929016,0.5647871494293213,0.02552632801234722
145,189,False,0.0,1,0.7841384410858154,0.26177898049354553,0.5649187564849854,0.025561125949025154
145,190,False,0.0,1,0.784339427947998,0.261220246553421,0.5647757053375244,0.025512240827083588
145,191,False,0.0,1,0.7840677499771118,0.2613375782966614,0.5651143193244934,0.025640442967414856
145,192,False,0.0,1,0.7839292287826538,0.26154693961143494,0.5649058222770691,0.02554885856807232
13,20,False,0.0,0,0.6597559452056885,0.13231563568115234,0.5276596546173096,0.012269673869013786
13,21,False,0.0,1,0.7869904041290283,0.2603973150253296,0.5624642968177795,0.025009844452142715
13,22,False,0.0,1,0.7868334054946899,0.26035529375076294,0.5626261830329895,0.025051208212971687
13,23,False,0.0,1,0.7872387170791626,0.2604680061340332,0.562410295009613,0.02496171183884144
13,24,False,0.0,1,0.786842942237854,0.26048746705055237,0.5628571510314941,0.02511453442275524
13,25,False,0.0,1,0.787250280380249,0.26034852862358093,0.5627948045730591,0.025084644556045532
13,26,False,0.0,1,0.7872483134269714,0.2605019509792328,0.5624246597290039,0.024967731907963753
13,27,False,0.0,1,0.7870539426803589,0.26058176159858704,0.5628166198730469,0.025078648701310158
13,28,True,0.028985507786273956,1,0.785866379737854,0.2593723237514496,0.562309980392456,0.024843113496899605
13,29,True,0.10144927352666855,1,0.7867279052734375,0.25946950912475586,0.5618690252304077,0.02471197210252285
13,30,True,0.17391304671764374,1,0.7867264747619629,0.26017922163009644,0.5617883205413818,0.024826785549521446
13,31,True,0.24637681245803833,1,0.7866693735122681,0.260058730840683,0.5620189905166626,0.024877198040485382
13,32,True,0.3188405930995941,1,0.7856252193450928,0.2603667080402374,0.561701774597168,0.024837398901581764
13,33,True,0.3913043439388275,1,0.7853400707244873,0.26022079586982727,0.5621599555015564,0.02501947246491909
13,34,True,0.4637681245803833,1,0.7861104607582092,0.26035451889038086,0.5619223117828369,0.02497171424329281
13,35,True,0.5362318754196167,1,0.7827661037445068,0.25972434878349304,0.5615535974502563,0.024887027218937874
154,120,False,0.0,0,0.6574971675872803,0.1400785893201828,0.5279781818389893,0.012133773416280746
154,121,False,0.0,1,0.785332441329956,0.2629883885383606,0.5634969472885132,0.02488483302295208
154,122,False,0.0,1,0.7860550284385681,0.2627522945404053,0.5634115934371948,0.024817943572998047
154,123,False,0.0,1,0.7863298654556274,0.2622224688529968,0.5631797909736633,0.024769650772213936
154,124,False,0.0,1,0.7861992716789246,0.262241393327713,0.5630142092704773,0.02471206709742546
154,125,False,0.0,1,0.7867469787597656,0.2624134123325348,0.5632123351097107,0.024706237018108368
154,126,False,0.0,1,0.7870314717292786,0.26191064715385437,0.5634114742279053,0.024803560227155685
154,127,False,0.0,1,0.7879136800765991,0.26097002625465393,0.5630666017532349,0.024712204933166504
154,128,True,0.006269592326134443,1,0.7881942987442017,0.2613104581832886,0.5632162094116211,0.024835292249917984
154,129,True,0.021943572908639908,1,0.7886872291564941,0.2605001628398895,0.5633213520050049,0.02493979223072529
154,130,True,0.037617553025484085,1,0.7885172367095947,0.26082736253738403,0.5631607174873352,0.02490345574915409
154,131,True,0.05329153686761856,1,0.7884477376937866,0.2608349621295929,0.5631953477859497,0.024943368509411812
154,132,True,0.06896551698446274,1,0.7888197898864746,0.26056230068206787,0.5631693601608276,0.02491839788854122
154,133,True,0.08463949710130692,1,0.7885621190071106,0.2611616551876068,0.5637350082397461,0.02512654848396778
154,134,True,0.10031347721815109,1,0.7878372669219971,0.26121798157691956,0.5639199018478394,0.025152059271931648
154,135,True,0.11598745733499527,1,0.7876526117324829,0.26135289669036865,0.5633748769760132,0.02494594268500805
146,121,False,0.0,0,0.661062479019165,0.14088954031467438,0.5277103185653687,0.012231944128870964
146,122,False,0.0,1,0.7866193056106567,0.26249274611473083,0.5633366107940674,0.02506517991423607
146,123,False,0.0,1,0.7871894836425781,0.26173457503318787,0.5632933974266052,0.02498181164264679
146,124,False,0.0,1,0.7873895168304443,0.26197734475135803,0.5632793307304382,0.02505609020590782
146,125,False,0.0,1,0.7877277135848999,0.2616547644138336,0.5634737014770508,0.025115977972745895
146,126,False,0.0,1,0.7882269620895386,0.2610100209712982,0.563244104385376,0.025032730773091316
146,127,False,0.0,1,0.7885377407073975,0.2612566351890564,0.5633354187011719,0.025014134123921394
146,128,False,0.0,1,0.7881633043289185,0.2605828046798706,0.5634193420410156,0.025082265958189964
146,129,True,0.003105590119957924,1,0.7889382243156433,0.2603492736816406,0.5629413723945618,0.025201059877872467
146,130,True,0.018633540719747543,1,0.7892428636550903,0.26033076643943787,0.563471257686615,0.025490887463092804
146,131,True,0.034161489456892014,1,0.7894176244735718,0.26045098900794983,0.5630276203155518,0.02525418996810913
146,132,True,0.04968944191932678,1,0.7891515493392944,0.2603968381881714,0.5630663633346558,0.025325549766421318
146,133,True,0.06521739065647125,1,0.7885288596153259,0.26079970598220825,0.5640382170677185,0.02575337514281273
146,134,True,0.08074533939361572,1,0.7889228463172913,0.26060768961906433,0.5632926225662231,0.025392873212695122
146,135,True,0.09627329558134079,1,0.787967324256897,0.2611084282398224,0.5637056827545166,0.025556331500411034
146,136,True,0.11180124431848526,1,0.7875452041625977,0.26110899448394775,0.5634186863899231,0.025418125092983246
186,114,False,0.0,0,0.6587729454040527,0.1390230804681778,0.527947187423706,0.012828498147428036
186,115,False,0.0,1,0.7869447469711304,0.26224613189697266,0.5639071464538574,0.025751754641532898
186,116,False,0.0,1,0.7860578894615173,0.26270851492881775,0.5641728043556213,0.025913752615451813
186,117,False,0.0,1,0.7860150337219238,0.2629755735397339,0.5645163059234619,0.026014797389507294
186,118,False,0.0,1,0.7866512537002563,0.2625214159488678,0.5639928579330444,0.0257810577750206
186,119,False,0.0,1,0.7864938378334045,0.2628723680973053,0.5638894438743591,0.025729326531291008
186,120,False,0.0,1,0.7869002819061279,0.2626165449619293,0.5641012191772461,0.025820018723607063
186,121,False,0.0,1,0.7870063185691833,0.262411892414093,0.5645451545715332,0.026017477735877037
186,122,False,0.0,1,0.7879517674446106,0.2617519199848175,0.5644816160202026,0.02631976455450058
186,123,True,0.009803921915590763,1,0.7884407043457031,0.2612321376800537,0.5640913248062134,0.026183636859059334
186,124,True,0.026143791154026985,1,0.7888319492340088,0.2607702612876892,0.5642277002334595,0.026300538331270218
186,125,True,0.04248366132378578,1,0.7897878885269165,0.26077383756637573,0.5641369223594666,0.026198770850896835
186,126,True,0.05882352963089943,1,0.7895987629890442,0.261037677526474,0.564047634601593,0.02617117017507553
186,127,True,0.07516340166330338,1,0.7899594306945801,0.26055827736854553,0.5640565156936646,0.026260411366820335
186,128,True,0.09150326997041702,1,0.7900223731994629,0.26002147793769836,0.5639938712120056,0.02623717300593853
186,129,True,0.10784313827753067,1,0.789673924446106,0.26054900884628296,0.5641615390777588,0.026337580755352974
60,20,False,0.0,0,0.6601681709289551,0.13278993964195251,0.5284562110900879,0.01367595698684454
60,21,False,0.0,1,0.7880122065544128,0.2600640058517456,0.5636574625968933,0.026402099058032036
60,22,False,0.0,1,0.7873854637145996,0.26053160429000854,0.5638810396194458,0.026507513597607613
60,23,False,0.0,1,0.7869382500648499,0.2603154182434082,0.5637825727462769,0.026515183970332146
60,24,False,0.0,1,0.786882221698761,0.26015180349349976,0.5639200210571289,0.02656072936952114
60,25,False,0.0,1,0.7868548631668091,0.26043856143951416,0.5642876029014587,0.02672063186764717
60,26,False,0.0,1,0.7863661050796509,0.26049545407295227,0.5643484592437744,0.026709355413913727
60,27,False,0.0,1,0.7874513268470764,0.25995486974716187,0.5640751123428345,0.02662709541618824
60,28,False,0.0,1,0.7865372896194458,0.26028093695640564,0.5637897253036499,0.026556704193353653
60,29,False,0.0,1,0.7869512438774109,0.2604791224002838,0.5644938349723816,0.026875697076320648
60,30,False,0.0,1,0.787004292011261,0.2605118453502655,0.5641676187515259,0.026694364845752716
60,31,False,0.0,1,0.7880458831787109,0.2601912319660187,0.5640671253204346,0.026712611317634583
60,32,False,0.0,1,0.787244439125061,0.2604898512363434,0.5642756223678589,0.026794228702783585
60,33,False,0.0,1,0.7870445251464844,0.2604063153266907,0.5642608404159546,0.026735514402389526
60,34,False,0.0,1,0.7877016067504883,0.26012519001960754,0.5637302398681641,0.026489708572626114
60,35,False,0.0,1,0.788201093673706,0.259782999753952,0.5642513036727905,0.026784420013427734
2,44,False,0.0,0,0.6587610244750977,0.1339145004749298,0.5282938480377197,0.01371371652930975
2,45,False,0.0,1,0.7876242399215698,0.26075083017349243,0.5641974210739136,0.026568228378891945
2,46,False,0.0,1,0.7876302599906921,0.26060912013053894,0.5636746287345886,0.026406601071357727
2,47,False,0.0,1,0.7878289222717285,0.26065313816070557,0.5639944672584534,0.026559235528111458
2,48,False,0.0,1,0.7879308462142944,0.2605469226837158,0.5642057061195374,0.026657570153474808
2,49,False,0.0,1,0.788368821144104,0.2602913975715637,0.5638308525085449,0.02648766152560711
2,50,False,0.0,1,0.7881770133972168,0.26072365045547485,0.5643236637115479,0.02670309692621231
2,51,False,0.0,1,0.7884879112243652,0.2601203918457031,0.5640403032302856,0.026582146063447
2,52,True,0.01550387591123581,1,0.7883998155593872,0.25978657603263855,0.5644773244857788,0.026609893888235092
2,53,True,0.05426356568932533,1,0.7872025966644287,0.2607908844947815,0.5638523697853088,0.0263858363032341
2,54,True,0.09302325546741486,1,0.7872591018676758,0.2607056796550751,0.5643651485443115,0.02657139115035534
2,55,True,0.13178294897079468,1,0.7873916625976562,0.26050281524658203,0.5635265111923218,0.026306891813874245
2,56,True,0.1705426424741745,1,0.7876812815666199,0.2603941261768341,0.5638762712478638,0.026471875607967377
2,57,True,0.20930232107639313,1,0.7878385782241821,0.2601970136165619,0.5631269216537476,0.026177026331424713
2,58,True,0.24806201457977295,1,0.7880098819732666,0.2599039673805237,0.5631197094917297,0.026248708367347717
2,59,True,0.2868216931819916,1,0.7878982424736023,0.2600790858268738,0.563158392906189,0.026315942406654358
108,180,False,0.0,0,0.6551558971405029,0.13530875742435455,0.5279803276062012,0.013016976416110992
108,181,False,0.0,1,0.7857860922813416,0.26188698410987854,0.5651859641075134,0.02618487924337387
108,182,False,0.0,1,0.7858346700668335,0.262729287147522,0.5654991865158081,0.026348378509283066
108,183,False,0.0,1,0.7863937616348267,0.26194149255752563,0.5659186840057373,0.026521991938352585
108,184,False,0.0,1,0.7860454320907593,0.2623710632324219,0.5651950836181641,0.026258686557412148
108,185,False,0.0,1,0.7856463193893433,0.26186972856521606,0.5655964612960815,0.026351865381002426
108,186,False,0.0,1,0.7860463261604309,0.26129069924354553,0.565578818321228,0.026337146759033203
108,187,False,0.0,1,0.7855410575866699,0.2619021236896515,0.5664005279541016,0.026697760447859764
108,188,True,0.004264392424374819,1,0.7859748601913452,0.26180270314216614,0.5659890174865723,0.026170631870627403
108,189,True,0.014925372786819935,1,0.7851880788803101,0.26241523027420044,0.5659767389297485,0.026277681812644005
108,190,True,0.025586353614926338,1,0.7858842611312866,0.2611067593097687,0.5652628540992737,0.026043657213449478
108,191,True,0.036247335374355316,1,0.7859498262405396,0.2609226107597351,0.5654265880584717,0.02612290531396866
108,192,True,0.046908315271139145,1,0.7866621017456055,0.26115089654922485,0.5664719343185425,0.026523318141698837
108,193,True,0.057569295167922974,1,0.7862125635147095,0.2608405351638794,0.5662007331848145,0.02644174173474312
108,194,True,0.0682302787899971,1,0.785798192024231,0.26180174946784973,0.5665258169174194,0.02654653787612915
108,195,True,0.07889125496149063,1,0.7859678268432617,0.26091817021369934,0.5664352178573608,0.02645234577357769
43,56,False,0.0,0,0.6489484310150146,0.12466223537921906,0.5275735855102539,0.012351072393357754
43,57,False,0.0,1,0.7860565185546875,0.2596694529056549,0.5644579529762268,0.025669043883681297
43,58,False,0.0,1,0.7866837978363037,0.2598516047000885,0.5648902654647827,0.025871476158499718
43,59,False,0.0,1,0.7880051136016846,0.25990480184555054,0.5652283430099487,0.025940315797924995
43,60,False,0.0,1,0.7869241237640381,0.25979992747306824,0.5650575160980225,0.025923386216163635
43,61,False,0.0,1,0.7872622609138489,0.25959715247154236,0.5656980276107788,0.02612309902906418
43,62,False,0.0,1,0.7877148985862732,0.25957420468330383,0.5651642084121704,0.02596849575638771
43,63,False,0.0,1,0.7879735231399536,0.25952455401420593,0.5653308033943176,0.026024896651506424
43,64,False,0.0,1,0.7867977023124695,0.25982776284217834,0.5650204420089722,0.025760293006896973
43,65,False,0.0,1,0.788252592086792,0.25953608751296997,0.5657327175140381,0.026043366640806198
43,66,False,0.0,1,0.7876415252685547,0.25957319140434265,0.5661556720733643,0.026194052770733833
43,67,False,0.0,1,0.7869131565093994,0.2599603533744812,0.5647382140159607,0.025664404034614563
43,68,False,0.0,1,0.787335991859436,0.2600710690021515,0.565857470035553,0.026080243289470673
43,69,False,0.0,1,0.7867393493652344,0.2602263391017914,0.5662225484848022,0.026174267753958702
43,70,False,0.0,1,0.7876259684562683,0.2600758671760559,0.5657622814178467,0.02600323036313057
43,71,False,0.0,1,0.7873992919921875,0.26029086112976074,0.565666139125824,0.025963814929127693
176,122,False,0.0,0,0.6615211963653564,0.1430218517780304,0.5294597148895264,0.012814252637326717
176,123,False,0.0,1,0.787634015083313,0.2628750801086426,0.5663741827011108,0.025881396606564522
176,124,False,0.0,1,0.7873708009719849,0.2633170187473297,0.5667937397956848,0.026002300903201103
176,125,False,0.0,1,0.7879799604415894,0.2631094455718994,0.567206621170044,0.026211246848106384
176,126,False,0.0,1,0.7884275913238525,0.26257699728012085,0.566798210144043,0.026044584810733795
176,127,False,0.0,1,0.7893418669700623,0.26156729459762573,0.5666406154632568,0.02597973868250847
176,128,False,0.0,1,0.7897177934646606,0.26158449053764343,0.5670594573020935,0.026066213846206665
176,129,False,0.0,1,0.7895050048828125,0.26155826449394226,0.5667518377304077,0.026002606377005577
176,130,False,0.0,1,0.789118766784668,0.2614592909812927,0.5667666792869568,0.025963539257645607
176,131,True,0.00920245423913002,1,0.7897018194198608,0.2611491084098816,0.5671919584274292,0.026200024411082268
176,132,True,0.024539876729249954,1,0.7899947166442871,0.25985637307167053,0.5667380094528198,0.026058975607156754
176,133,True,0.03987729921936989,1,0.7894978523254395,0.2612292468547821,0.5672854781150818,0.026286067441105843
176,134,True,0.05521472543478012,1,0.7890915870666504,0.2608257830142975,0.5662511587142944,0.025995343923568726
176,135,True,0.07055214792490005,1,0.7885551452636719,0.26073241233825684,0.5661923885345459,0.02593943662941456
176,136,True,0.08588957041501999,1,0.7875818014144897,0.261509507894516,0.5669312477111816,0.026227889582514763
176,137,True,0.10122699290513992,1,0.787023663520813,0.26203402876853943,0.5665955543518066,0.026131123304367065
25,17,False,0.0,0,0.6470692157745361,0.12086450308561325,0.5307639241218567,0.01368377823382616
25,18,False,0.0,1,0.7874270677566528,0.2591383457183838,0.5678411722183228,0.026696598157286644
25,19,False,0.0,1,0.7879593372344971,0.259458988904953,0.5669529438018799,0.026354962959885597
25,20,False,0.0,1,0.7853903770446777,0.25941991806030273,0.5661585927009583,0.026094874367117882
25,21,False,0.0,1,0.7857182621955872,0.259401798248291,0.5660229921340942,0.026060301810503006
25,22,False,0.0,1,0.7869194149971008,0.2597980499267578,0.5676472187042236,0.026636535301804543
25,23,False,0.0,1,0.7868002653121948,0.25930294394493103,0.5675705075263977,0.02659410983324051
25,24,False,0.0,1,0.7860455513000488,0.2592274248600006,0.5669466853141785,0.026351597160100937
25,25,True,0.016129031777381897,1,0.7861591577529907,0.2593246102333069,0.5674615502357483,0.026543769985437393
25,26,True,0.09677419066429138,1,0.7860400676727295,0.2593027949333191,0.566221296787262,0.02617931365966797
25,27,True,0.17741934955120087,1,0.7849328517913818,0.25950485467910767,0.565512478351593,0.026067176833748817
25,28,True,0.25806450843811035,1,0.7852325439453125,0.25975844264030457,0.5655169486999512,0.026162100955843925
25,29,True,0.33870968222618103,1,0.7854165434837341,0.2599833011627197,0.565208911895752,0.02611595392227173
25,30,True,0.4193548262119293,1,0.7845967411994934,0.26000893115997314,0.5658326148986816,0.026390649378299713
25,31,True,0.5,1,0.7854006290435791,0.25995898246765137,0.5646748542785645,0.02602614276111126
25,32,True,0.5806451439857483,1,0.7848972082138062,0.25994449853897095,0.5641286373138428,0.02585630677640438
90,15,False,0.0,0,0.651465654373169,0.12802080810070038,0.5310371518135071,0.013820336200296879
90,16,False,0.0,1,0.786933183670044,0.2607251703739166,0.5666255950927734,0.026423577219247818
90,17,False,0.0,1,0.7876979112625122,0.26010164618492126,0.5664465427398682,0.026379510760307312
90,18,False,0.0,1,0.7876445055007935,0.25990501046180725,0.5665023922920227,0.026408499106764793
90,19,False,0.0,1,0.787032961845398,0.26073357462882996,0.5671507716178894,0.026628641411662102
90,20,False,0.0,1,0.786597490310669,0.26070141792297363,0.5670580863952637,0.026595382019877434
90,21,False,0.0,1,0.7873939275741577,0.26052746176719666,0.5671988725662231,0.026631087064743042
90,22,False,0.0,1,0.788270115852356,0.2600594162940979,0.5664306879043579,0.026350002735853195
90,23,True,0.017543859779834747,1,0.7875733375549316,0.2602052688598633,0.566730260848999,0.02663523331284523
90,24,True,0.10526315867900848,1,0.7874526381492615,0.259663850069046,0.566085934638977,0.026414724066853523
90,25,True,0.19298245012760162,1,0.7881902456283569,0.26016658544540405,0.5655742883682251,0.026380619034171104
90,26,True,0.28070175647735596,1,0.7876195907592773,0.26019012928009033,0.5652816295623779,0.026337778195738792
90,27,True,0.3684210479259491,1,0.7870645523071289,0.26012158393859863,0.5650758743286133,0.026375308632850647
90,28,True,0.45614033937454224,1,0.7859681844711304,0.25976017117500305,0.5649034976959229,0.02635631337761879
90,29,True,0.5438596606254578,1,0.7853515148162842,0.2596032917499542,0.5645447969436646,0.026294512674212456
90,30,True,0.6315789222717285,1,0.7852910757064819,0.259777307510376,0.5638687610626221,0.026120929047465324
64,35,False,0.0,0,0.6554470062255859,0.12995439767837524,0.5291444063186646,0.012933008372783661
64,36,False,0.0,1,0.7872495055198669,0.2601141035556793,0.5661273002624512,0.026291340589523315
64,37,False,0.0,1,0.7874281406402588,0.2603100538253784,0.5662683248519897,0.026319170370697975
64,38,False,0.0,1,0.7872753143310547,0.25981009006500244,0.5661722421646118,0.02629774622619152
64,39,False,0.0,1,0.7873550653457642,0.26029980182647705,0.5660017132759094,0.02622503973543644
64,40,False,0.0,1,0.7873736619949341,0.26018163561820984,0.5665407776832581,0.02645794115960598
64,41,False,0.0,1,0.7865585088729858,0.2602415680885315,0.5658383369445801,0.026151493191719055
64,42,False,0.0,1,0.7866781949996948,0.2606180012226105,0.566797137260437,0.026530776172876358
64,43,False,0.0,1,0.7869899868965149,0.2599010169506073,0.565950870513916,0.02608560398221016
64,44,True,0.03703703731298447,1,0.7867555022239685,0.2599097490310669,0.5657826066017151,0.026041610166430473
64,45,True,0.0833333358168602,1,0.7850052118301392,0.2594713568687439,0.5662600994110107,0.02622709982097149
64,46,True,0.12962962687015533,1,0.7875480651855469,0.25969091057777405,0.5655781030654907,0.02606184221804142
64,47,True,0.17592592537403107,1,0.7868179082870483,0.2597868740558624,0.5652945041656494,0.026084721088409424
64,48,True,0.2222222238779068,1,0.7860299944877625,0.2604424059391022,0.5647076368331909,0.025982938706874847
64,49,True,0.26851850748062134,1,0.7857065796852112,0.2599422037601471,0.5652269124984741,0.026244137436151505
64,50,True,0.31481480598449707,1,0.7861173152923584,0.25967666506767273,0.5648322105407715,0.026131123304367065
79,51,False,0.0,0,0.649010419845581,0.12379953265190125,0.5298053622245789,0.01305276621133089
79,52,False,0.0,1,0.7878408432006836,0.25993287563323975,0.5665866732597351,0.026027726009488106
79,53,False,0.0,1,0.7879141569137573,0.2603256106376648,0.5668069124221802,0.026067005470395088
79,54,False,0.0,1,0.788081169128418,0.25984424352645874,0.5665760040283203,0.026031499728560448
79,55,False,0.0,1,0.7880653738975525,0.25938814878463745,0.5663378834724426,0.025961056351661682
79,56,False,0.0,1,0.7877371311187744,0.25978535413742065,0.5665298700332642,0.026010440662503242
79,57,False,0.0,1,0.7883700728416443,0.2596958577632904,0.5669962167739868,0.02617538906633854
79,58,False,0.0,1,0.7883448004722595,0.2595081627368927,0.5668452382087708,0.026122380048036575
79,59,False,0.0,1,0.7878987789154053,0.2595904767513275,0.5659565925598145,0.025695640593767166
79,60,True,0.027027027681469917,1,0.7875167727470398,0.2590685486793518,0.5661053657531738,0.025739388540387154
79,61,True,0.06081081181764603,1,0.7875260710716248,0.2597578763961792,0.5657819509506226,0.02569461055099964
79,62,True,0.09459459781646729,1,0.7870119214057922,0.25969380140304565,0.5660150647163391,0.025784138590097427
79,63,True,0.12837837636470795,1,0.7875357270240784,0.25938066840171814,0.5658262372016907,0.025753190740942955
79,64,True,0.1621621549129486,1,0.787185549736023,0.2596804201602936,0.5662351846694946,0.02590687945485115
79,65,True,0.19594594836235046,1,0.7861713171005249,0.25916436314582825,0.5648424625396729,0.025495462119579315
79,66,True,0.22972972691059113,1,0.7862303256988525,0.2594493329524994,0.5650972723960876,0.025723934173583984
193,178,False,0.0,0,0.6516382694244385,0.13670039176940918,0.5299494862556458,0.013000336475670338
193,179,False,0.0,1,0.7854056358337402,0.26303449273109436,0.5675608515739441,0.02601013146340847
193,180,False,0.0,1,0.785276472568512,0.26324206590652466,0.5677951574325562,0.026094887405633926
193,181,False,0.0,1,0.7853107452392578,0.26341477036476135,0.5676292777061462,0.026052767410874367
193,182,False,0.0,1,0.7857831716537476,0.2626465857028961,0.5678046345710754,0.026076655834913254
193,183,False,0.0,1,0.7855319976806641,0.2628224492073059,0.5674949884414673,0.02601349540054798
193,184,False,0.0,1,0.7844753265380859,0.2629449665546417,0.5673809051513672,0.025939399376511574
193,185,False,0.0,1,0.7855726480484009,0.26329362392425537,0.5677366256713867,0.026083890348672867
193,186,False,0.0,1,0.7858943939208984,0.2625429630279541,0.5671902894973755,0.02591780386865139
193,187,False,0.0,1,0.7850444316864014,0.26281049847602844,0.5671720504760742,0.025795022025704384
193,188,False,0.0,1,0.7852888107299805,0.2627347409725189,0.567402720451355,0.02585463412106037
193,189,False,0.0,1,0.7854189276695251,0.2633170485496521,0.5677995681762695,0.026046430692076683
193,190,False,0.0,1,0.7850585579872131,0.263231486082077,0.5677762031555176,0.026054687798023224
193,191,False,0.0,1,0.7851923704147339,0.2632628381252289,0.5677543878555298,0.026038769632577896
193,192,False,0.0,1,0.7848436236381531,0.26321902871131897,0.5672770142555237,0.02582869678735733
193,193,False,0.0,1,0.7851957678794861,0.26282012462615967,0.5674973726272583,0.025961605831980705
14,50,False,0.0,0,0.645146369934082,0.1246899738907814,0.5295029878616333,0.013010697439312935
14,51,False,0.0,1,0.7861824035644531,0.2607018053531647,0.5666149854660034,0.02580970525741577
14,52,False,0.0,1,0.7863137722015381,0.26054832339286804,0.566979169845581,0.02589915692806244
14,53,False,0.0,1,0.78587806224823,0.25936293601989746,0.567135214805603,0.02597564458847046
14,54,False,0.0,1,0.786217451095581,0.25897395610809326,0.5668895244598389,0.025914372876286507
14,55,False,0.0,1,0.7869247794151306,0.259072482585907,0.5666965842247009,0.025859102606773376
14,56,False,0.0,1,0.7866179943084717,0.25901663303375244,0.5664737820625305,0.025808287784457207
14,57,False,0.0,1,0.7876461148262024,0.258983850479126,0.566537082195282,0.025863340124487877
14,58,False,0.0,1,0.78714919090271,0.259008526802063,0.5662928819656372,0.025671623647212982
14,59,True,0.02054794505238533,1,0.7871251106262207,0.25894224643707275,0.5666065216064453,0.02585890144109726
14,60,True,0.054794520139694214,1,0.7869096994400024,0.2588934302330017,0.5664215087890625,0.025797152891755104
14,61,True,0.0890410989522934,1,0.7854270339012146,0.25898951292037964,0.565335214138031,0.025469457730650902
14,62,True,0.12328767031431198,1,0.7858264446258545,0.25914081931114197,0.5657215714454651,0.025660425424575806
14,63,True,0.15753424167633057,1,0.7857940793037415,0.25904983282089233,0.5656651258468628,0.025702323764562607
14,64,True,0.19178082048892975,1,0.7857533693313599,0.2591682970523834,0.5652695894241333,0.025608861818909645
14,65,True,0.22602739930152893,1,0.7859388589859009,0.2590155303478241,0.5652281045913696,0.025674421340227127
47,80,False,0.0,0,0.6473469734191895,0.12488216161727905,0.5281511545181274,0.012244250625371933
47,81,False,0.0,1,0.7869782447814941,0.2598213255405426,0.5668776035308838,0.025775829330086708
47,82,False,0.0,1,0.78645920753479,0.25938111543655396,0.5665866136550903,0.02565133571624756
47,83,False,0.0,1,0.7865873575210571,0.2601622939109802,0.566276490688324,0.025586692616343498
47,84,False,0.0,1,0.7868057489395142,0.2596587836742401,0.5666297674179077,0.025690915063023567
47,85,False,0.0,1,0.7867696285247803,0.25973397493362427,0.5663360357284546,0.025601888075470924
47,86,False,0.0,1,0.7866530418395996,0.25983181595802307,0.5663665533065796,0.025654960423707962
47,87,False,0.0,1,0.7866166830062866,0.2600543200969696,0.5665293335914612,0.025684524327516556
47,88,True,0.004524887073785067,1,0.7867379188537598,0.2601248025894165,0.5676825046539307,0.02598578855395317
47,89,True,0.022727273404598236,1,0.7867128252983093,0.2598017752170563,0.5668459534645081,0.025690577924251556
47,90,True,0.04545454680919647,1,0.7867276668548584,0.25984328985214233,0.5665991306304932,0.02562149055302143
47,91,True,0.06818182021379471,1,0.7867958545684814,0.2597375214099884,0.5665501356124878,0.025625698268413544
47,92,True,0.09090909361839294,1,0.7867833971977234,0.2596519887447357,0.566376268863678,0.025615815073251724
47,93,True,0.11363636702299118,1,0.7866829037666321,0.25964516401290894,0.5661063194274902,0.025527549907565117
47,94,True,0.13636364042758942,1,0.7860203981399536,0.2592664361000061,0.5667045712471008,0.025752786546945572
47,95,True,0.15909090638160706,1,0.7869882583618164,0.2594541907310486,0.567237138748169,0.025955578312277794
133,176,False,0.0,0,0.6549358367919922,0.1362573802471161,0.5325739979743958,0.013805035501718521
133,177,False,0.0,1,0.7865622043609619,0.26268160343170166,0.5699784159660339,0.02630334347486496
133,178,False,0.0,1,0.7866045832633972,0.26252973079681396,0.569240391254425,0.02606252022087574
133,179,False,0.0,1,0.786815345287323,0.26234903931617737,0.5695160627365112,0.02625749260187149
133,180,False,0.0,1,0.786607027053833,0.26233524084091187,0.5696974992752075,0.026275556534528732
133,181,False,0.0,1,0.7864564061164856,0.2621346414089203,0.5697346925735474,0.02626151032745838
133,182,False,0.0,1,0.7863945364952087,0.2621127963066101,0.5690744519233704,0.026063183322548866
133,183,False,0.0,1,0.7866250276565552,0.2624351680278778,0.5696244239807129,0.026249045506119728
133,184,False,0.0,1,0.7866145372390747,0.26219242811203003,0.5696301460266113,0.026301732286810875
133,185,False,0.0,1,0.7861967086791992,0.2623433768749237,0.5701583623886108,0.026476694270968437
133,186,False,0.0,1,0.78603196144104,0.26198145747184753,0.5702621936798096,0.026494786143302917
133,187,False,0.0,1,0.7855314016342163,0.2624532878398895,0.5700985789299011,0.026452988386154175
133,188,False,0.0,1,0.7861400246620178,0.2616681456565857,0.5702622532844543,0.026511726900935173
133,189,False,0.0,1,0.7857357263565063,0.261740505695343,0.5695559978485107,0.026300089433789253
133,190,False,0.0,1,0.7861912250518799,0.2612851560115814,0.5700749158859253,0.026507770642638206
133,191,False,0.0,1,0.7858686447143555,0.2611308991909027,0.5698989629745483,0.026412956416606903
99,38,False,0.0,0,0.652775764465332,0.1267015039920807,0.5303795337677002,0.013171200640499592
99,39,False,0.0,1,0.7874467968940735,0.25905054807662964,0.5692402124404907,0.026552725583314896
99,40,False,0.0,1,0.7885898947715759,0.2591688632965088,0.5691710710525513,0.02649688348174095
99,41,False,0.0,1,0.7880445122718811,0.2591800093650818,0.5689945220947266,0.026427999138832092
99,42,False,0.0,1,0.787757933139801,0.25912609696388245,0.568324089050293,0.02619693987071514
99,43,False,0.0,1,0.7877074480056763,0.25894924998283386,0.5685337781906128,0.02627352438867092
99,44,False,0.0,1,0.786848783493042,0.25933608412742615,0.5687641501426697,0.026370946317911148
99,45,False,0.0,1,0.787284255027771,0.2592731714248657,0.5685200691223145,0.026313630864024162
99,46,False,0.0,1,0.786993145942688,0.2594214081764221,0.5693261623382568,0.026783479377627373
99,47,False,0.0,1,0.7868767976760864,0.25967514514923096,0.5695797204971313,0.026879044249653816
99,48,False,0.0,1,0.78746497631073,0.25941696763038635,0.5693060159683228,0.026763517409563065
99,49,False,0.0,1,0.7879213690757751,0.2592344880104065,0.5688464641571045,0.026568066328763962
99,50,False,0.0,1,0.787337601184845,0.2595323622226715,0.5692919492721558,0.026721574366092682
99,51,False,0.0,1,0.7868010997772217,0.259529709815979,0.569269061088562,0.02673274464905262
99,52,False,0.0,1,0.7870261669158936,0.25943461060523987,0.5693217515945435,0.026744788512587547
99,53,False,0.0,1,0.7873727679252625,0.25939062237739563,0.5693635940551758,0.02675970084965229
33,33,False,0.0,0,0.649815559387207,0.12489166855812073,0.5324777364730835,0.01433587446808815
33,34,False,0.0,1,0.7877635955810547,0.25956249237060547,0.5697920322418213,0.026920676231384277
33,35,False,0.0,1,0.7881737351417542,0.25924909114837646,0.5696579217910767,0.026893002912402153
33,36,False,0.0,1,0.7883722186088562,0.25907763838768005,0.569791316986084,0.026959937065839767
33,37,False,0.0,1,0.7871140241622925,0.2599058151245117,0.570298969745636,0.027211355045437813
33,38,False,0.0,1,0.7876513004302979,0.2596230208873749,0.5692091584205627,0.026770155876874924
33,39,False,0.0,1,0.7872606515884399,0.259670227766037,0.5692834854125977,0.02678440511226654
33,40,False,0.0,1,0.7867767810821533,0.2600076496601105,0.5703743100166321,0.027199039235711098
33,41,False,0.0,1,0.7863472104072571,0.2601581811904907,0.5697376132011414,0.027085017412900925
33,42,True,0.03883495181798935,1,0.787217378616333,0.25999465584754944,0.5706320405006409,0.02745460532605648
33,43,True,0.08737864345312119,1,0.7877330780029297,0.2596738040447235,0.569771945476532,0.02715393528342247
33,44,True,0.13592232763767242,1,0.788142204284668,0.2594853639602661,0.5698943138122559,0.027285579591989517
33,45,True,0.18446601927280426,1,0.7864468097686768,0.2597903907299042,0.5686630010604858,0.026891063898801804
33,46,True,0.2330097109079361,1,0.7871983051300049,0.2596246004104614,0.5685912370681763,0.02696046233177185
33,47,True,0.28155338764190674,1,0.7866904735565186,0.259990394115448,0.5686004161834717,0.027003657072782516
33,48,True,0.3300970792770386,1,0.7862347960472107,0.259026437997818,0.56795334815979,0.02682030200958252
168,182,False,0.0,0,0.6572303771972656,0.13603122532367706,0.5312758088111877,0.014081384986639023
168,183,False,0.0,1,0.7874243259429932,0.26235708594322205,0.5712461471557617,0.027793211862444878
168,184,False,0.0,1,0.7869459986686707,0.2618412375450134,0.5701488852500916,0.027341829612851143
168,185,False,0.0,1,0.7870050668716431,0.26179125905036926,0.5705737471580505,0.02752630226314068
168,186,False,0.0,1,0.7869080901145935,0.2619132399559021,0.5704931020736694,0.027477946132421494
168,187,False,0.0,1,0.7875798940658569,0.2622087895870209,0.57085120677948,0.027642318978905678
168,188,False,0.0,1,0.787452220916748,0.2626006007194519,0.5704249143600464,0.027496173977851868
168,189,False,0.0,1,0.7871931195259094,0.2620962858200073,0.5709311962127686,0.02770966850221157
168,190,False,0.0,1,0.7864643335342407,0.26225271821022034,0.5710448026657104,0.027751756832003593
168,191,False,0.0,1,0.7864025831222534,0.26194319128990173,0.5710893869400024,0.027796348556876183
168,192,False,0.0,1,0.7870886325836182,0.2611847221851349,0.5706851482391357,0.02760791964828968
168,193,False,0.0,1,0.7871297001838684,0.26127198338508606,0.570902407169342,0.027737442404031754
168,194,False,0.0,1,0.7869470715522766,0.26100078225135803,0.5713002681732178,0.0278411153703928
168,195,False,0.0,1,0.7866599559783936,0.26119425892829895,0.5716104507446289,0.02801874279975891
168,196,False,0.0,1,0.7869569659233093,0.26084092259407043,0.5714356899261475,0.02789510041475296
168,197,False,0.0,1,0.7866525650024414,0.2608376145362854,0.5719444751739502,0.02810356765985489
86,52,False,0.0,0,0.6374707221984863,0.11435721069574356,0.5319536328315735,0.014496233314275742
86,53,False,0.0,1,0.7876017093658447,0.25867703557014465,0.5712131261825562,0.028067881241440773
86,54,False,0.0,1,0.7865582704544067,0.2590075433254242,0.5716299414634705,0.02822580188512802
86,55,False,0.0,1,0.7867860794067383,0.25879958271980286,0.5710474848747253,0.027978835627436638
86,56,False,0.0,1,0.7870555520057678,0.2587054669857025,0.5709254741668701,0.027960212901234627
86,57,False,0.0,1,0.7870148420333862,0.2586548924446106,0.5712944269180298,0.028083136305212975
86,58,False,0.0,1,0.786534309387207,0.25899890065193176,0.571183443069458,0.028088200837373734
86,59,False,0.0,1,0.7870820164680481,0.25884097814559937,0.5710780620574951,0.028031470254063606
86,60,False,0.0,1,0.7872032523155212,0.25879132747650146,0.5711968541145325,0.027941470965743065
86,61,True,0.01986755058169365,1,0.7869788408279419,0.2589077055454254,0.5720011591911316,0.02835984341800213
86,62,True,0.05298013240098953,1,0.7865933179855347,0.2589297294616699,0.5707302093505859,0.027850255370140076
86,63,True,0.08609271794557571,1,0.7865332365036011,0.259023517370224,0.5706769227981567,0.027871664613485336
86,64,True,0.1192052960395813,1,0.7863894701004028,0.2589925229549408,0.5709675550460815,0.028005708009004593
86,65,True,0.15231788158416748,1,0.7865337133407593,0.25896209478378296,0.57025146484375,0.027790140360593796
86,66,True,0.18543046712875366,1,0.7864230871200562,0.2592063248157501,0.5702611207962036,0.027865607291460037
86,67,True,0.21854305267333984,1,0.7867846488952637,0.25895461440086365,0.5704474449157715,0.027938220649957657
157,169,False,0.0,0,0.6662640571594238,0.14552496373653412,0.5338477492332458,0.014942283742129803
157,170,False,0.0,1,0.7884407043457031,0.2624412775039673,0.573350191116333,0.028303928673267365
157,171,False,0.0,1,0.7884182929992676,0.26260414719581604,0.5732365846633911,0.02822135016322136
157,172,False,0.0,1,0.7875286340713501,0.2621799111366272,0.5725651979446411,0.02801801823079586
157,173,False,0.0,1,0.7881561517715454,0.2618703842163086,0.5724794864654541,0.02795058861374855
157,174,False,0.0,1,0.787945032119751,0.26233240962028503,0.5735198259353638,0.02836805209517479
157,175,False,0.0,1,0.7879161834716797,0.2620989978313446,0.5727810859680176,0.028045402839779854
157,176,False,0.0,1,0.788314700126648,0.2623366713523865,0.573470950126648,0.028297390788793564
157,177,False,0.0,1,0.7883501052856445,0.26260656118392944,0.5736092329025269,0.028155019506812096
157,178,False,0.0,1,0.7881957292556763,0.2626974284648895,0.5732090473175049,0.027986735105514526
157,179,False,0.0,1,0.7884146571159363,0.2628164291381836,0.5736452341079712,0.02813653089106083
157,180,False,0.0,1,0.78880774974823,0.2624155282974243,0.5729880928993225,0.027919767424464226
157,181,False,0.0,1,0.7882966995239258,0.26288947463035583,0.5731269121170044,0.027981949970126152
157,182,False,0.0,1,0.7878445386886597,0.2623884379863739,0.5729580521583557,0.027958370745182037
157,183,False,0.0,1,0.7876179218292236,0.2623388469219208,0.5735172629356384,0.028160225600004196
157,184,False,0.0,1,0.7875553369522095,0.2619725167751312,0.5736405253410339,0.028185809031128883
111,173,False,0.0,0,0.6614556312561035,0.14080701768398285,0.5351991057395935,0.01526604127138853
111,174,False,0.0,1,0.787827730178833,0.262228786945343,0.5733820199966431,0.02787976898252964
111,175,False,0.0,1,0.7881252765655518,0.26214566826820374,0.5736969709396362,0.028001967817544937
111,176,False,0.0,1,0.7884494066238403,0.2623220980167389,0.5740444660186768,0.028129417449235916
111,177,False,0.0,1,0.7884736657142639,0.2625778615474701,0.5744838118553162,0.02830142341554165
111,178,False,0.0,1,0.787813663482666,0.26202908158302307,0.5739597678184509,0.02808281034231186
111,179,False,0.0,1,0.7884718775749207,0.26244643330574036,0.573893666267395,0.028091786429286003
111,180,False,0.0,1,0.7883766293525696,0.2626132667064667,0.5736289620399475,0.027917025610804558
111,181,False,0.0,1,0.7883455157279968,0.26264411211013794,0.5743697285652161,0.028142670169472694
111,182,True,0.008830022066831589,1,0.7884917259216309,0.2623627483844757,0.573890745639801,0.028044667094945908
111,183,True,0.01986755058169365,1,0.7881565093994141,0.26231151819229126,0.5741984844207764,0.02818138524889946
111,184,True,0.03090507723391056,1,0.7879870533943176,0.2616119384765625,0.5737236142158508,0.028070392087101936
111,185,True,0.04194260388612747,1,0.7881741523742676,0.261025995016098,0.5733016729354858,0.02788882702589035
111,186,True,0.05298013240098953,1,0.7883910536766052,0.26088422536849976,0.5737288594245911,0.028109896928071976
111,187,True,0.06401766091585159,1,0.7875490784645081,0.2607184648513794,0.5734039545059204,0.027975594624876976
111,188,True,0.07505518943071365,1,0.7878913879394531,0.26032862067222595,0.5731916427612305,0.02791343256831169
116,181,False,0.0,0,0.6602282524108887,0.13901159167289734,0.5343825817108154,0.014676501043140888
116,182,False,0.0,1,0.7888205051422119,0.26236826181411743,0.5728563666343689,0.027611583471298218
116,183,False,0.0,1,0.7890341281890869,0.26238879561424255,0.5730605125427246,0.027731096372008324
116,184,False,0.0,1,0.7892774343490601,0.26190146803855896,0.5732358694076538,0.027755817398428917
116,185,False,0.0,1,0.7884484529495239,0.26194360852241516,0.5730881690979004,0.027751436457037926
116,186,False,0.0,1,0.7880276441574097,0.2616167366504669,0.5732787251472473,0.02782517671585083
116,187,False,0.0,1,0.7884863615036011,0.2613407075405121,0.5726190805435181,0.02757525071501732
116,188,False,0.0,1,0.7882580757141113,0.26074427366256714,0.5735002160072327,0.02787678688764572
116,189,False,0.0,1,0.7876876592636108,0.26134657859802246,0.5722716450691223,0.02744852751493454
116,190,False,0.0,1,0.7878608107566833,0.26088687777519226,0.5726808309555054,0.027630595490336418
116,191,False,0.0,1,0.7882062196731567,0.26023203134536743,0.57270348072052,0.02770550176501274
116,192,False,0.0,1,0.7874683737754822,0.2608788013458252,0.5723428726196289,0.02755485102534294
116,193,False,0.0,1,0.7871593832969666,0.2608145475387573,0.5728816986083984,0.02771703526377678
116,194,False,0.0,1,0.7870340347290039,0.26060613989830017,0.5724235773086548,0.02758726477622986
116,195,False,0.0,1,0.787566065788269,0.2606165111064911,0.5728791952133179,0.0277145653963089
116,196,False,0.0,1,0.7870886325836182,0.26074427366256714,0.571913480758667,0.02738887630403042
101,199,False,0.0,0,0.657496452331543,0.1379239708185196,0.5325645804405212,0.014183741994202137
101,200,False,0.0,1,0.7879676818847656,0.26153507828712463,0.5706791281700134,0.02711375243961811
101,201,False,0.0,1,0.7880438566207886,0.2614682912826538,0.5704794526100159,0.02705547958612442
101,202,False,0.0,1,0.7877155542373657,0.2612440586090088,0.5709900856018066,0.027256358414888382
101,203,False,0.0,1,0.7877678871154785,0.26069748401641846,0.5709058046340942,0.027199741452932358
101,204,False,0.0,1,0.7879952192306519,0.26105621457099915,0.5711824893951416,0.02726977877318859
101,205,False,0.0,1,0.7875930666923523,0.26068663597106934,0.5716445446014404,0.027495114132761955
101,206,False,0.0,1,0.7874519228935242,0.2604091465473175,0.5710707306861877,0.027265997603535652
101,207,False,0.0,1,0.7865986824035645,0.2607441246509552,0.5708068013191223,0.027140166610479355
101,208,True,0.0077220075763762,1,0.7872209548950195,0.26091888546943665,0.5710952281951904,0.027278224006295204
101,209,True,0.017374517396092415,1,0.7871732711791992,0.2608165740966797,0.5708904266357422,0.027250081300735474
101,210,True,0.027027027681469917,1,0.7872682809829712,0.2606385350227356,0.5708541870117188,0.027296505868434906
101,211,True,0.03667953610420227,1,0.787089467048645,0.2609594762325287,0.5711485147476196,0.027462797239422798
101,212,True,0.04633204638957977,1,0.786963164806366,0.26085734367370605,0.5707405805587769,0.027240922674536705
101,213,True,0.055984556674957275,1,0.787406861782074,0.26051318645477295,0.5705164670944214,0.027255214750766754
101,214,True,0.06563706696033478,1,0.7870847582817078,0.2601809799671173,0.5704809427261353,0.027277719229459763
163,179,False,0.0,0,0.6587507724761963,0.13868355751037598,0.5320795774459839,0.01397678442299366
163,180,False,0.0,1,0.7882903814315796,0.2620373070240021,0.5706976652145386,0.027198700234293938
163,181,False,0.0,1,0.7888273000717163,0.26239192485809326,0.5706628561019897,0.027142178267240524
163,182,False,0.0,1,0.7888830900192261,0.26257088780403137,0.570769190788269,0.027220865711569786
163,183,False,0.0,1,0.7890315651893616,0.2627938985824585,0.5703157186508179,0.026978136971592903
163,184,False,0.0,1,0.7887814044952393,0.26214301586151123,0.5700539946556091,0.026922326534986496
163,185,False,0.0,1,0.7881713509559631,0.2614371180534363,0.5703052282333374,0.027041973546147346
163,186,False,0.0,1,0.7888509035110474,0.26178938150405884,0.5703541040420532,0.027039572596549988
163,187,True,0.0021413275972008705,1,0.7885869145393372,0.2609260678291321,0.5702978372573853,0.027046628296375275
163,188,True,0.012847965583205223,1,0.7893311977386475,0.2613116204738617,0.5709531307220459,0.027302879840135574
163,189,True,0.02355460450053215,1,0.7892402410507202,0.2611564099788666,0.5708127617835999,0.027235571295022964
163,190,True,0.03426124155521393,1,0.7886728048324585,0.2605575919151306,0.5705863237380981,0.027125515043735504
163,191,True,0.044967878609895706,1,0.7891424894332886,0.2604193091392517,0.5710217952728271,0.027325473725795746
163,192,True,0.05567451938986778,1,0.7894738912582397,0.26021939516067505,0.5707910060882568,0.02728150226175785
163,193,True,0.06638115644454956,1,0.7888723611831665,0.2600739300251007,0.5714143514633179,0.027514876797795296
163,194,True,0.07708779722452164,1,0.7883924245834351,0.26019591093063354,0.5710692405700684,0.027368973940610886
107,172,False,0.0,0,0.6505703926086426,0.13081234693527222,0.5329687595367432,0.014410381205379963
107,173,False,0.0,1,0.7894866466522217,0.26074883341789246,0.5713992118835449,0.02715204283595085
107,174,False,0.0,1,0.7895059585571289,0.26092714071273804,0.5717507600784302,0.027252430096268654
107,175,False,0.0,1,0.7892705202102661,0.2606339156627655,0.5717264413833618,0.02724752575159073
107,176,False,0.0,1,0.7894282937049866,0.2614007592201233,0.5712110996246338,0.0271003358066082
107,177,False,0.0,1,0.789942741394043,0.2621021270751953,0.5717703104019165,0.02729525789618492
107,178,False,0.0,1,0.7888058423995972,0.26191699504852295,0.5711491107940674,0.02705097757279873
107,179,False,0.0,1,0.7894251346588135,0.26226338744163513,0.5716372132301331,0.027207108214497566
107,180,True,0.002217294881120324,1,0.7898380756378174,0.261568546295166,0.5716629028320312,0.02716914564371109
107,181,True,0.011111111380159855,1,0.7897288799285889,0.26168352365493774,0.5720309019088745,0.02731684036552906
107,182,True,0.02222222276031971,1,0.7902458310127258,0.2617906630039215,0.5722770690917969,0.027417315170168877
107,183,True,0.03333333507180214,1,0.7899632453918457,0.26124438643455505,0.5723329782485962,0.02742919698357582
107,184,True,0.04444444552063942,1,0.7893868684768677,0.26098132133483887,0.5724908113479614,0.027516109868884087
107,185,True,0.0555555559694767,1,0.7892071008682251,0.26080963015556335,0.572800874710083,0.027606258168816566
107,186,True,0.06666667014360428,1,0.7891318798065186,0.26116839051246643,0.5719613432884216,0.027354951947927475
107,187,True,0.07777778059244156,1,0.7891517281532288,0.26113152503967285,0.5721160173416138,0.027364881709218025
87,105,False,0.0,0,0.652646541595459,0.12491164356470108,0.5319087505340576,0.013650840148329735
87,106,False,0.0,1,0.7901872992515564,0.25791409611701965,0.57229083776474,0.027356896549463272
87,107,False,0.0,1,0.7898658514022827,0.2579537332057953,0.5719130039215088,0.02720697969198227
87,108,False,0.0,1,0.7898026704788208,0.25817906856536865,0.5725812315940857,0.02743850089609623
87,109,False,0.0,1,0.7900382280349731,0.25803616642951965,0.572239875793457,0.027305621653795242
87,110,False,0.0,1,0.7894307374954224,0.2581802010536194,0.5720152854919434,0.027172459289431572
87,111,False,0.0,1,0.789487898349762,0.25845760107040405,0.5717539191246033,0.02713877707719803
87,112,False,0.0,1,0.7901425361633301,0.2588733732700348,0.5718203783035278,0.027137618511915207
87,113,False,0.0,1,0.7911534309387207,0.25804686546325684,0.5724680423736572,0.02716662921011448
87,114,False,0.0,1,0.7907222509384155,0.2577802538871765,0.572808027267456,0.02724483422935009
87,115,False,0.0,1,0.7898783683776855,0.2579066753387451,0.5728806257247925,0.02726675756275654
87,116,False,0.0,1,0.7914214134216309,0.2577868700027466,0.5729835033416748,0.02728622779250145
87,117,False,0.0,1,0.7899093627929688,0.2579636871814728,0.5725278854370117,0.02713167481124401
87,118,False,0.0,1,0.7893492579460144,0.25860917568206787,0.5719027519226074,0.026954403147101402
87,119,False,0.0,1,0.788882851600647,0.25857990980148315,0.5729531645774841,0.027299651876091957
87,120,False,0.0,1,0.788901686668396,0.25849029421806335,0.5729308724403381,0.027296312153339386
62,18,False,0.0,0,0.6436645984649658,0.11820004135370255,0.5339689254760742,0.014270581305027008
62,19,False,0.0,1,0.7895410060882568,0.25822970271110535,0.5732039213180542,0.027139533311128616
62,20,False,0.0,1,0.7892991900444031,0.25827956199645996,0.5732779502868652,0.02721751481294632
62,21,False,0.0,1,0.7891377210617065,0.25836944580078125,0.5731967091560364,0.027158580720424652
62,22,False,0.0,1,0.7888669967651367,0.25847184658050537,0.5735082626342773,0.027255194261670113
62,23,False,0.0,1,0.7889218926429749,0.2583099603652954,0.5734807252883911,0.02724706195294857
62,24,False,0.0,1,0.7890540957450867,0.25831878185272217,0.5729729533195496,0.027059566229581833
62,25,False,0.0,1,0.7889197468757629,0.25842639803886414,0.5732658505439758,0.02718048170208931
62,26,False,0.0,1,0.7892293930053711,0.25830212235450745,0.5738464593887329,0.027216067537665367
62,27,True,0.04545454680919647,1,0.7887061834335327,0.2584851086139679,0.573359489440918,0.027143055573105812
62,28,True,0.12121212482452393,1,0.7885572910308838,0.2585292160511017,0.5729174613952637,0.027053939178586006
62,29,True,0.19696970283985138,1,0.7886008024215698,0.25847434997558594,0.5718072056770325,0.02679818496108055
62,30,True,0.27272728085517883,1,0.7888204455375671,0.2583901584148407,0.5719702243804932,0.0269270408898592
62,31,True,0.3484848439693451,1,0.7890921831130981,0.2584531009197235,0.571753740310669,0.026919038966298103
62,32,True,0.42424243688583374,1,0.7883481979370117,0.2587455213069916,0.5708925127983093,0.0266912542283535
62,33,True,0.5,1,0.788118302822113,0.2587003707885742,0.5708816647529602,0.026766769587993622
71,29,False,0.0,0,0.6519238948822021,0.12770211696624756,0.5337117314338684,0.013880912214517593
71,30,False,0.0,1,0.789924144744873,0.2595095932483673,0.5738143920898438,0.027000973001122475
71,31,False,0.0,1,0.789026141166687,0.2599174678325653,0.5734006762504578,0.02689453214406967
71,32,False,0.0,1,0.7895107865333557,0.25969743728637695,0.5735944509506226,0.02696250006556511
71,33,False,0.0,1,0.7895001173019409,0.25961270928382874,0.5731685161590576,0.026816105470061302
71,34,False,0.0,1,0.7894757986068726,0.25971662998199463,0.5731978416442871,0.02687722072005272
71,35,False,0.0,1,0.7893102169036865,0.2598464787006378,0.5737181901931763,0.02708389051258564
71,36,False,0.0,1,0.7899091243743896,0.25980791449546814,0.57286137342453,0.02676248736679554
71,37,False,0.0,1,0.7890139818191528,0.2599594295024872,0.5740841627120972,0.026913080364465714
71,38,False,0.0,1,0.7900255918502808,0.2597503364086151,0.5733833312988281,0.026714472100138664
71,39,False,0.0,1,0.7894746661186218,0.2600623369216919,0.5734381079673767,0.026757389307022095
71,40,False,0.0,1,0.790341317653656,0.2595382332801819,0.5730827450752258,0.026611285284161568
71,41,False,0.0,1,0.789918065071106,0.2594756782054901,0.5734099745750427,0.026740211993455887
71,42,False,0.0,1,0.7898520231246948,0.25938093662261963,0.5736397504806519,0.026776833459734917
71,43,False,0.0,1,0.789844274520874,0.2592654824256897,0.5732816457748413,0.026669027283787727
71,44,False,0.0,1,0.7898532152175903,0.2592402398586273,0.5729708671569824,0.02660769782960415
61,2,False,0.0,0,0.6497044563293457,0.12374131381511688,0.532282829284668,0.013025038875639439
61,3,False,0.0,1,0.7898699641227722,0.2592932879924774,0.5732744932174683,0.026601966470479965
61,4,False,0.0,1,0.7897080183029175,0.2590264678001404,0.572451651096344,0.026355570182204247
61,5,False,0.0,1,0.7895915508270264,0.25913435220718384,0.5731344819068909,0.026558641344308853
61,6,False,0.0,1,0.7899815440177917,0.2591700255870819,0.5730005502700806,0.026513682678341866
61,7,False,0.0,1,0.7894256711006165,0.2588112950325012,0.5728415846824646,0.026458751410245895
61,8,False,0.0,1,0.7894302606582642,0.25917211174964905,0.5734004378318787,0.026599658653140068
61,9,False,0.0,1,0.789512038230896,0.2590928375720978,0.5730755925178528,0.026537636294960976
61,10,False,0.0,1,0.7890627384185791,0.2594701051712036,0.5738028883934021,0.02668415755033493
61,11,False,0.0,1,0.7898181676864624,0.2588732838630676,0.5741110444068909,0.026773886755108833
61,12,False,0.0,1,0.7898995280265808,0.2589939534664154,0.5740455985069275,0.026764219626784325
61,13,False,0.0,1,0.7903423309326172,0.2592528164386749,0.5745227336883545,0.026897668838500977
61,14,False,0.0,1,0.7912886738777161,0.25878286361694336,0.5740388035774231,0.026753464713692665
61,15,False,0.0,1,0.7912483215332031,0.25893697142601013,0.5740536451339722,0.026779301464557648
61,16,False,0.0,1,0.7911680936813354,0.2589395046234131,0.5742974877357483,0.026799216866493225
61,17,False,0.0,1,0.7906484603881836,0.2589868903160095,0.5745429396629333,0.026902617886662483
20,20,False,0.0,0,0.6503643989562988,0.12547948956489563,0.5343286395072937,0.014048849232494831
20,21,False,0.0,1,0.7900210618972778,0.25946155190467834,0.5746172666549683,0.026933075860142708
20,22,False,0.0,1,0.7898865938186646,0.25946247577667236,0.5746067762374878,0.026972420513629913
20,23,False,0.0,1,0.790143609046936,0.25931766629219055,0.5747045874595642,0.0269987303763628
20,24,False,0.0,1,0.7905732989311218,0.25951212644577026,0.5750516057014465,0.027152715250849724
20,25,False,0.0,1,0.7905673980712891,0.2590705454349518,0.5744356513023376,0.026889534667134285
20,26,False,0.0,1,0.7905221581459045,0.2594088315963745,0.5750158429145813,0.027093403041362762
20,27,False,0.0,1,0.7903025150299072,0.25954920053482056,0.5750710964202881,0.027127794921398163
20,28,True,0.028985507786273956,1,0.7899799346923828,0.2593669891357422,0.5753229260444641,0.02726137824356556
20,29,True,0.10144927352666855,1,0.790519118309021,0.2590555250644684,0.5748188495635986,0.027104074135422707
20,30,True,0.17391304671764374,1,0.7896751165390015,0.2591555714607239,0.5742110013961792,0.026946552097797394
20,31,True,0.24637681245803833,1,0.7901835441589355,0.2594553828239441,0.5739662647247314,0.026971736922860146
20,32,True,0.3188405930995941,1,0.7898887395858765,0.25916826725006104,0.5740389227867126,0.02702849917113781
20,33,True,0.3913043439388275,1,0.7893328666687012,0.25905779004096985,0.5739441514015198,0.027036357671022415
20,34,True,0.4637681245803833,1,0.7886737585067749,0.25882020592689514,0.573780357837677,0.027021192014217377
20,35,True,0.5362318754196167,1,0.7872813940048218,0.25891250371932983,0.573028564453125,0.026880284771323204
182,124,False,0.0,0,0.6655192375183105,0.1462036520242691,0.5352455973625183,0.014161116443574429
182,125,False,0.0,1,0.7910241484642029,0.2624114453792572,0.5771582126617432,0.02752446010708809
182,126,False,0.0,1,0.7918220162391663,0.26229482889175415,0.5771507024765015,0.027480855584144592
182,127,False,0.0,1,0.7917096018791199,0.26250991225242615,0.5769113898277283,0.02736249752342701
182,128,False,0.0,1,0.7915940284729004,0.26226699352264404,0.5769820213317871,0.02742762677371502
182,129,False,0.0,1,0.7915873527526855,0.2624630033969879,0.577194094657898,0.02749493159353733
182,130,False,0.0,1,0.7929385304450989,0.26153314113616943,0.5769591331481934,0.027428194880485535
182,131,False,0.0,1,0.7933303117752075,0.2610010504722595,0.57669997215271,0.027384692803025246
182,132,False,0.0,1,0.7936846613883972,0.26067882776260376,0.5772639513015747,0.027651090174913406
182,133,False,0.0,1,0.7935788631439209,0.2607329487800598,0.5780274868011475,0.027879640460014343
182,134,False,0.0,1,0.793486475944519,0.2597421407699585,0.5772550702095032,0.027649497613310814
182,135,False,0.0,1,0.7931723594665527,0.2605997920036316,0.5772029757499695,0.027626333758234978
182,136,False,0.0,1,0.7934650182723999,0.2604154050350189,0.577674925327301,0.02775822952389717
182,137,False,0.0,1,0.7936946153640747,0.26065582036972046,0.5772957801818848,0.02763226069509983
182,138,False,0.0,1,0.7931542992591858,0.26054298877716064,0.5781261920928955,0.027862705290317535
182,139,False,0.0,1,0.7927576303482056,0.26047807931900024,0.577958345413208,0.027808355167508125
70,43,False,0.0,0,0.6534652709960938,0.12619444727897644,0.5363661646842957,0.014929261058568954
70,44,False,0.0,1,0.7904359102249146,0.25850293040275574,0.5773910284042358,0.027815081179142
70,45,False,0.0,1,0.7907886505126953,0.258673757314682,0.5770957469940186,0.027735628187656403
70,46,False,0.0,1,0.790266215801239,0.2586754262447357,0.5769892930984497,0.027699816972017288
70,47,False,0.0,1,0.7904303669929504,0.2587459981441498,0.5769462585449219,0.027680538594722748
70,48,False,0.0,1,0.7910935878753662,0.25846052169799805,0.5769751071929932,0.027742117643356323
70,49,False,0.0,1,0.7903674840927124,0.2584916949272156,0.5768887996673584,0.027657881379127502
70,50,False,0.0,1,0.7903561592102051,0.2584446966648102,0.5766192078590393,0.0276023056358099
70,51,True,0.007874015718698502,1,0.7914682626724243,0.25857335329055786,0.57737797498703,0.028086023405194283
70,52,True,0.04724409431219101,1,0.7912135124206543,0.2588815689086914,0.5753861665725708,0.027494443580508232
70,53,True,0.08661417663097382,1,0.7903132438659668,0.25888919830322266,0.5757973194122314,0.027647359296679497
70,54,True,0.12598425149917603,1,0.7898418307304382,0.2586471736431122,0.5759207606315613,0.027789084240794182
70,55,True,0.16535432636737823,1,0.7902902960777283,0.25840839743614197,0.5747920274734497,0.027480611577630043
70,56,True,0.20472441613674164,1,0.7894808053970337,0.2583759129047394,0.5749578475952148,0.027627956122159958
70,57,True,0.24409449100494385,1,0.789315938949585,0.25859981775283813,0.5748374462127686,0.02764606475830078
70,58,True,0.28346458077430725,1,0.7891548871994019,0.25849106907844543,0.5736722946166992,0.027319198474287987
164,112,False,0.0,0,0.669501781463623,0.14903274178504944,0.536334753036499,0.015215126797556877
164,113,False,0.0,1,0.7912774085998535,0.26270005106925964,0.5776861906051636,0.02817727066576481
164,114,False,0.0,1,0.7911741733551025,0.2626023590564728,0.5775681734085083,0.02812616527080536
164,115,False,0.0,1,0.7912623286247253,0.2624547481536865,0.5776140689849854,0.0281452015042305
164,116,False,0.0,1,0.7905673980712891,0.2630932927131653,0.5769725441932678,0.027939127758145332
164,117,False,0.0,1,0.7914544343948364,0.2629048526287079,0.5776457190513611,0.02815265767276287
164,118,False,0.0,1,0.7915277481079102,0.2624264061450958,0.576998233795166,0.027947014197707176
164,119,False,0.0,1,0.7914484739303589,0.2625534236431122,0.5773575305938721,0.02807709388434887
164,120,False,0.0,1,0.7921884655952454,0.2624019980430603,0.5776704549789429,0.028340240940451622
164,121,False,0.0,1,0.7921978235244751,0.26232001185417175,0.5772212743759155,0.02820187620818615
164,122,False,0.0,1,0.792839527130127,0.262054443359375,0.5777748823165894,0.02835325337946415
164,123,False,0.0,1,0.7930358648300171,0.26119565963745117,0.5768652558326721,0.02806979790329933
164,124,False,0.0,1,0.7939289808273315,0.26100704073905945,0.5765863656997681,0.027969393879175186
164,125,False,0.0,1,0.7936855554580688,0.26005011796951294,0.5771714448928833,0.028157560154795647
164,126,False,0.0,1,0.7933034896850586,0.26129117608070374,0.5770362615585327,0.028098784387111664
164,127,False,0.0,1,0.7930402159690857,0.261391818523407,0.5772873163223267,0.0282061155885458
92,36,False,0.0,0,0.6576352119445801,0.1288183182477951,0.5352014303207397,0.015110068954527378
92,37,False,0.0,1,0.7907743453979492,0.2591661810874939,0.575960099697113,0.028052901849150658
92,38,False,0.0,1,0.7916768193244934,0.25873371958732605,0.5757843255996704,0.02795523777604103
92,39,False,0.0,1,0.7902923822402954,0.25881266593933105,0.5759602785110474,0.028048327192664146
92,40,False,0.0,1,0.7912850975990295,0.2589721977710724,0.5762859582901001,0.02814241126179695
92,41,False,0.0,1,0.7906194925308228,0.2589363753795624,0.5761001110076904,0.028052518144249916
92,42,False,0.0,1,0.7913725972175598,0.25883400440216064,0.5759324431419373,0.028018703684210777
92,43,False,0.0,1,0.7904850244522095,0.259016215801239,0.5761761665344238,0.02811666950583458
92,44,True,0.01834862306714058,1,0.7905524969100952,0.25894227623939514,0.5755362510681152,0.028004782274365425
92,45,True,0.06422018259763718,1,0.7908324003219604,0.25870779156684875,0.5752786993980408,0.027941932901740074
92,46,True,0.11009174585342407,1,0.7904809713363647,0.2589509189128876,0.5746620893478394,0.02775561809539795
92,47,True,0.15596330165863037,1,0.7898330688476562,0.2588323652744293,0.5743682384490967,0.027737492695450783
92,48,True,0.20183485746383667,1,0.7897876501083374,0.25926700234413147,0.5732082724571228,0.027400009334087372
92,49,True,0.24770642817020416,1,0.7898684144020081,0.2591147720813751,0.5729372501373291,0.027444619685411453
92,50,True,0.29357796907424927,1,0.7897569537162781,0.25931641459465027,0.5730768442153931,0.027583947405219078
92,51,True,0.33944955468177795,1,0.7899024486541748,0.25884824991226196,0.573526918888092,0.027710875496268272
158,119,False,0.0,0,0.676722526550293,0.1530710607767105,0.5354084372520447,0.015117687173187733
158,120,False,0.0,1,0.7927093505859375,0.26215261220932007,0.5760993361473083,0.028163427487015724
158,121,False,0.0,1,0.7927086353302002,0.2617737054824829,0.5764927864074707,0.02828844077885151
158,122,False,0.0,1,0.7937006950378418,0.2617957890033722,0.5760939121246338,0.028077488765120506
158,123,False,0.0,1,0.7932077050209045,0.26157310605049133,0.5761580467224121,0.028082692995667458
158,124,False,0.0,1,0.7941892147064209,0.26146289706230164,0.5760500431060791,0.02807178534567356
158,125,False,0.0,1,0.7942659854888916,0.2614857256412506,0.5759154558181763,0.02802347205579281
158,126,False,0.0,1,0.7937136888504028,0.26148319244384766,0.576324462890625,0.028224468231201172
158,127,False,0.0,1,0.7926257252693176,0.2617999017238617,0.5762243866920471,0.028247378766536713
158,128,False,0.0,1,0.7923724055290222,0.2615309953689575,0.576117753982544,0.028190333396196365
158,129,False,0.0,1,0.7920798063278198,0.2613975703716278,0.576601505279541,0.02827245183289051
158,130,False,0.0,1,0.7921364307403564,0.26166343688964844,0.5770683288574219,0.028419427573680878
158,131,False,0.0,1,0.7925046682357788,0.2615759074687958,0.5755060911178589,0.027912285178899765
158,132,False,0.0,1,0.7921088933944702,0.2609820067882538,0.5761660933494568,0.028156466782093048
158,133,False,0.0,1,0.792075514793396,0.2611267864704132,0.5758374929428101,0.028030840680003166
158,134,False,0.0,1,0.792063295841217,0.26166844367980957,0.5753700137138367,0.027879493311047554
34,54,False,0.0,0,0.6393096446990967,0.11712122708559036,0.5344082117080688,0.01484517939388752
34,55,False,0.0,1,0.7888022661209106,0.2589731514453888,0.5757225751876831,0.028164125978946686
34,56,False,0.0,1,0.7890559434890747,0.2590072453022003,0.5754177570343018,0.028112994506955147
34,57,False,0.0,1,0.7889864444732666,0.2589201033115387,0.5754601955413818,0.02812265045940876
34,58,False,0.0,1,0.7909952402114868,0.25854042172431946,0.5752902030944824,0.028100943192839622
34,59,False,0.0,1,0.7899625301361084,0.2583647072315216,0.5751432180404663,0.028025902807712555
34,60,False,0.0,1,0.7901525497436523,0.2585783898830414,0.5752434730529785,0.02804885432124138
34,61,False,0.0,1,0.790900707244873,0.25860345363616943,0.5752798318862915,0.02806127443909645
34,62,True,0.006410256493836641,1,0.7910208702087402,0.2585708796977997,0.5766933560371399,0.028444504365324974
34,63,True,0.032258063554763794,1,0.7909808158874512,0.2584739029407501,0.5761520862579346,0.028224607929587364
34,64,True,0.06451612710952759,1,0.7906990051269531,0.2583341598510742,0.5761575698852539,0.028272299095988274
34,65,True,0.09677419066429138,1,0.7892040610313416,0.258671373128891,0.5759680271148682,0.02829308994114399
34,66,True,0.12903225421905518,1,0.7890439033508301,0.2588237226009369,0.5756000280380249,0.028191901743412018
34,67,True,0.16129031777381897,1,0.7891448140144348,0.25887784361839294,0.5752284526824951,0.028188621625304222
34,68,True,0.19354838132858276,1,0.7893030643463135,0.25875574350357056,0.5735902786254883,0.027672436088323593
34,69,True,0.22580644488334656,1,0.7896727323532104,0.2587168216705322,0.5736855268478394,0.027742542326450348
124,115,False,0.0,0,0.6719529628753662,0.14971809089183807,0.5349701642990112,0.014740422368049622
124,116,False,0.0,1,0.7918610572814941,0.26300689578056335,0.5776264071464539,0.02842661924660206
124,117,False,0.0,1,0.7925713062286377,0.2624976634979248,0.5776152610778809,0.0284262765198946
124,118,False,0.0,1,0.7922704219818115,0.26269519329071045,0.5774405002593994,0.028342315927147865
124,119,False,0.0,1,0.7927302122116089,0.2627783417701721,0.5779577493667603,0.028506074100732803
124,120,False,0.0,1,0.7926706075668335,0.26268935203552246,0.5772850513458252,0.028291206806898117
124,121,False,0.0,1,0.7933194637298584,0.26204895973205566,0.5776277184486389,0.02839578129351139
124,122,False,0.0,1,0.7934844493865967,0.26206228137016296,0.5776543021202087,0.02841811440885067
124,123,False,0.0,1,0.7936357259750366,0.26147744059562683,0.5783048868179321,0.028400247916579247
124,124,True,0.012987012974917889,1,0.7943451404571533,0.2613104581832886,0.5783790349960327,0.028467005118727684
124,125,True,0.02922077849507332,1,0.7944115996360779,0.2611544728279114,0.577136218547821,0.02809864841401577
124,126,True,0.04545454680919647,1,0.793959379196167,0.26130297780036926,0.5771316885948181,0.02811550535261631
124,127,True,0.06168831139802933,1,0.7934643626213074,0.2605895698070526,0.577591598033905,0.028344718739390373
124,128,True,0.07792207598686218,1,0.7939398884773254,0.2611203193664551,0.5773290395736694,0.02825942076742649
124,129,True,0.09415584057569504,1,0.7934423089027405,0.2609867453575134,0.5773950815200806,0.02827306278049946
124,130,True,0.11038961261510849,1,0.7920849323272705,0.2611002027988434,0.5773084163665771,0.028261279687285423
7,63,False,0.0,0,0.6579666137695312,0.1321105808019638,0.5357463359832764,0.01463325321674347
7,64,False,0.0,1,0.7916616201400757,0.2593459486961365,0.5766793489456177,0.027796627953648567
7,65,False,0.0,1,0.790863037109375,0.2598991394042969,0.5773302316665649,0.028010528534650803
7,66,False,0.0,1,0.7911742925643921,0.2599262595176697,0.5776209831237793,0.02808767557144165
7,67,False,0.0,1,0.7913978099822998,0.25972044467926025,0.5771526098251343,0.027961112558841705
7,68,False,0.0,1,0.7904402613639832,0.2598937451839447,0.5774867534637451,0.02804308570921421
7,69,False,0.0,1,0.7906849980354309,0.2597079873085022,0.577460765838623,0.028050223365426064
7,70,False,0.0,1,0.7907378673553467,0.2595158517360687,0.5777243375778198,0.028129521757364273
7,71,False,0.0,1,0.7913910150527954,0.2593822777271271,0.578496515750885,0.028110289946198463
7,72,False,0.0,1,0.7908176183700562,0.25907742977142334,0.5777325630187988,0.027906011790037155
7,73,False,0.0,1,0.791329026222229,0.2593068778514862,0.5783318281173706,0.028049692511558533
7,74,False,0.0,1,0.7909256219863892,0.25957682728767395,0.5785011053085327,0.02810939960181713
7,75,False,0.0,1,0.7915699481964111,0.25886937975883484,0.578264057636261,0.028026307001709938
7,76,False,0.0,1,0.7908071279525757,0.25959375500679016,0.5786547064781189,0.02812417410314083
7,77,False,0.0,1,0.7910699844360352,0.25947269797325134,0.5791361331939697,0.02830328978598118
7,78,False,0.0,1,0.7910025119781494,0.2593277096748352,0.578766942024231,0.028130875900387764
168,182,False,0.0,0,0.6591682434082031,0.13730482757091522,0.5367992520332336,0.015029164031147957
168,183,False,0.0,1,0.7890682220458984,0.2626250684261322,0.5788794755935669,0.028105931356549263
168,184,False,0.0,1,0.7886385917663574,0.26187533140182495,0.5786966681480408,0.028035005554556847
168,185,False,0.0,1,0.7889414429664612,0.26214757561683655,0.5781573057174683,0.027834473177790642
168,186,False,0.0,1,0.7888185977935791,0.262264609336853,0.5791093707084656,0.028140421956777573
168,187,False,0.0,1,0.7888354063034058,0.2620009481906891,0.5780432224273682,0.02782718650996685
168,188,False,0.0,1,0.788820743560791,0.2626590132713318,0.5788670778274536,0.02810605801641941
168,189,False,0.0,1,0.7892106771469116,0.26179608702659607,0.5789357423782349,0.028087668120861053
168,190,False,0.0,1,0.7889279127120972,0.2623971998691559,0.5787746906280518,0.028083499521017075
168,191,False,0.0,1,0.7890177965164185,0.26219406723976135,0.5788999795913696,0.028129911050200462
168,192,False,0.0,1,0.7889360189437866,0.26110562682151794,0.5778397917747498,0.027779605239629745
168,193,False,0.0,1,0.789190411567688,0.2608352303504944,0.5786048173904419,0.028021659702062607
168,194,False,0.0,1,0.7891372442245483,0.26016029715538025,0.5787696242332458,0.02807186171412468
168,195,False,0.0,1,0.7899539470672607,0.26018092036247253,0.5781548619270325,0.027882589027285576
168,196,False,0.0,1,0.7907481789588928,0.2598440945148468,0.5794137120246887,0.028345290571451187
168,197,False,0.0,1,0.7908344268798828,0.25968602299690247,0.5789851546287537,0.02821972407400608
172,177,False,0.0,0,0.6526327133178711,0.12941044569015503,0.5381019115447998,0.01547333411872387
172,178,False,0.0,1,0.790442705154419,0.25982865691185,0.579024076461792,0.028188714757561684
172,179,False,0.0,1,0.7905658483505249,0.2598075270652771,0.578745424747467,0.028163086622953415
172,180,False,0.0,1,0.7904527187347412,0.26023298501968384,0.5788280367851257,0.028213895857334137
172,181,False,0.0,1,0.789373517036438,0.26101917028427124,0.5789808630943298,0.028212467208504677
172,182,False,0.0,1,0.7890111207962036,0.2609819173812866,0.5786641240119934,0.028092285618185997
172,183,False,0.0,1,0.789253830909729,0.26153451204299927,0.5781979560852051,0.027942517772316933
172,184,False,0.0,1,0.7892683744430542,0.26161259412765503,0.5786293745040894,0.028118543326854706
172,185,False,0.0,1,0.7893949151039124,0.26216408610343933,0.5784919261932373,0.028094206005334854
172,186,True,0.008639308623969555,1,0.788703441619873,0.2625160217285156,0.5787926316261292,0.028242655098438263
172,187,True,0.019438445568084717,1,0.7893612384796143,0.26205694675445557,0.5780588388442993,0.028026409447193146
172,188,True,0.030237581580877304,1,0.789657473564148,0.2624671757221222,0.5783419013023376,0.0281381718814373
172,189,True,0.04103671759366989,1,0.7895380854606628,0.26256582140922546,0.5781456828117371,0.028099650517106056
172,190,True,0.05183585360646248,1,0.7895190715789795,0.26264509558677673,0.5784744620323181,0.02818853035569191
172,191,True,0.06263498961925507,1,0.7886301279067993,0.2622172236442566,0.5775707960128784,0.027914922684431076
172,192,True,0.07343412190675735,1,0.7893264293670654,0.2627551853656769,0.5775550603866577,0.027952412143349648
38,16,False,0.0,0,0.6571118831634521,0.12861330807209015,0.5351327061653137,0.014603025279939175
38,17,False,0.0,1,0.7916754484176636,0.25855451822280884,0.5767346024513245,0.027791006490588188
38,18,False,0.0,1,0.790797770023346,0.25904303789138794,0.5769920945167542,0.027862396091222763
38,19,False,0.0,1,0.7902415990829468,0.25901132822036743,0.5774528980255127,0.028085127472877502
38,20,False,0.0,1,0.7905809879302979,0.2586500644683838,0.577481210231781,0.028001032769680023
38,21,False,0.0,1,0.7906666994094849,0.25874313712120056,0.5773969292640686,0.027973903343081474
38,22,False,0.0,1,0.7905293703079224,0.25880247354507446,0.5772750377655029,0.027951115742325783
38,23,False,0.0,1,0.7909272909164429,0.25929227471351624,0.5770792365074158,0.027947526425123215
38,24,True,0.033898305147886276,1,0.7908430099487305,0.2588333487510681,0.5774298906326294,0.028052421286702156
38,25,True,0.11864406615495682,1,0.7905774116516113,0.2586624026298523,0.5771224498748779,0.027987565845251083
38,26,True,0.20338982343673706,1,0.7896921634674072,0.2587626576423645,0.5753805637359619,0.027435868978500366
38,27,True,0.2881355881690979,1,0.7890506982803345,0.2590140998363495,0.5756975412368774,0.027679888531565666
38,28,True,0.37288135290145874,1,0.7895405292510986,0.25910595059394836,0.575904905796051,0.02784041315317154
38,29,True,0.4576271176338196,1,0.7878606915473938,0.2589176893234253,0.572780966758728,0.026834815740585327
38,30,True,0.5423728823661804,1,0.7879807353019714,0.25898492336273193,0.5730364322662354,0.027051886543631554
38,31,True,0.6271186470985413,1,0.7878797054290771,0.2589639127254486,0.5717915296554565,0.026682008057832718
59,68,False,0.0,0,0.6569256782531738,0.12982210516929626,0.5344001650810242,0.014272870495915413
59,69,False,0.0,1,0.7910085916519165,0.25875481963157654,0.5776500105857849,0.028096996247768402
59,70,False,0.0,1,0.7919232845306396,0.25826963782310486,0.5769367218017578,0.02787643112242222
59,71,False,0.0,1,0.7916015386581421,0.258731871843338,0.5772196054458618,0.02796458825469017
59,72,False,0.0,1,0.7915234565734863,0.2587238550186157,0.5773601531982422,0.027967112138867378
59,73,False,0.0,1,0.790980339050293,0.25930625200271606,0.5766419172286987,0.027725230902433395
59,74,False,0.0,1,0.7910681962966919,0.2582125961780548,0.5768768191337585,0.027841998264193535
59,75,False,0.0,1,0.7914711236953735,0.2588731348514557,0.577448844909668,0.028029445558786392
59,76,True,0.010582010261714458,1,0.791711688041687,0.2585965692996979,0.5778296589851379,0.028148777782917023
59,77,True,0.03703703731298447,1,0.7923485040664673,0.25830012559890747,0.577378511428833,0.028005389496684074
59,78,True,0.0634920671582222,1,0.7915033102035522,0.25854575634002686,0.5767493844032288,0.02778473123908043
59,79,True,0.08994708955287933,1,0.7917599678039551,0.258388876914978,0.5762842297554016,0.027666131034493446
59,80,True,0.11640211939811707,1,0.7901303768157959,0.2582308351993561,0.5759464502334595,0.027605175971984863
59,81,True,0.1428571492433548,1,0.7903344631195068,0.25844088196754456,0.5760313272476196,0.02765384130179882
59,82,True,0.16931216418743134,1,0.7904642820358276,0.25819337368011475,0.575039267539978,0.0273441094905138
59,83,True,0.19576719403266907,1,0.7905377149581909,0.258248507976532,0.574967086315155,0.027413707226514816
133,176,False,0.0,0,0.6626310348510742,0.14289020001888275,0.5369530916213989,0.015201080590486526
133,177,False,0.0,1,0.7891377210617065,0.2620152533054352,0.5784809589385986,0.028127795085310936
133,178,False,0.0,1,0.7892555594444275,0.2624245285987854,0.578062891960144,0.02803492546081543
133,179,False,0.0,1,0.7894561290740967,0.26221200823783875,0.5781111717224121,0.02800501510500908
133,180,False,0.0,1,0.7893983125686646,0.2629546523094177,0.5778969526290894,0.027997883036732674
133,181,False,0.0,1,0.7891740202903748,0.2613666355609894,0.5776981115341187,0.027904236689209938
133,182,False,0.0,1,0.7892318964004517,0.26280996203422546,0.5786988139152527,0.028295248746871948
133,183,False,0.0,1,0.7892385721206665,0.2627335786819458,0.5776484608650208,0.027904925867915154
133,184,False,0.0,1,0.78909832239151,0.2624966502189636,0.5785900950431824,0.028162088245153427
133,185,False,0.0,1,0.7889725565910339,0.26223552227020264,0.5780541300773621,0.0280037522315979
133,186,False,0.0,1,0.7885472774505615,0.262168288230896,0.5792352557182312,0.028376581147313118
133,187,False,0.0,1,0.7888026237487793,0.2614649534225464,0.5780975818634033,0.02801474742591381
133,188,False,0.0,1,0.7889052629470825,0.26101988554000854,0.5781545639038086,0.028038665652275085
133,189,False,0.0,1,0.7891902327537537,0.2608635723590851,0.5786426663398743,0.02824471704661846
133,190,False,0.0,1,0.7888341546058655,0.2603294253349304,0.5782851576805115,0.028132379055023193
133,191,False,0.0,1,0.7898242473602295,0.2607783079147339,0.5783022046089172,0.02815200760960579
155,172,False,0.0,0,0.6613547801971436,0.14153192937374115,0.535531222820282,0.014545418322086334
155,173,False,0.0,1,0.788772702217102,0.2625122368335724,0.5786409378051758,0.028151031583547592
155,174,False,0.0,1,0.7888878583908081,0.2627483010292053,0.5783076286315918,0.028008151799440384
155,175,False,0.0,1,0.7883617281913757,0.26228153705596924,0.5778897404670715,0.027929995208978653
155,176,False,0.0,1,0.7891179323196411,0.26278796792030334,0.5785554647445679,0.02814706414937973
155,177,False,0.0,1,0.7893229722976685,0.2628129720687866,0.5780775547027588,0.027954978868365288
155,178,False,0.0,1,0.788044273853302,0.262344628572464,0.578154981136322,0.02802392840385437
155,179,False,0.0,1,0.7894370555877686,0.26271870732307434,0.5783802270889282,0.028034739196300507
155,180,False,0.0,1,0.7895382642745972,0.26297831535339355,0.5788853764533997,0.028161944821476936
155,181,False,0.0,1,0.7892276644706726,0.2628919780254364,0.5786614418029785,0.028149278834462166
155,182,False,0.0,1,0.7890646457672119,0.2626211643218994,0.5784785747528076,0.028002813458442688
155,183,False,0.0,1,0.789055347442627,0.26263168454170227,0.5783771872520447,0.028033718466758728
155,184,False,0.0,1,0.7888627052307129,0.2626171410083771,0.5785009264945984,0.02799173630774021
155,185,False,0.0,1,0.7890442609786987,0.2629110515117645,0.5782506465911865,0.027950605377554893
155,186,False,0.0,1,0.7883782386779785,0.2624676525592804,0.5782507061958313,0.02797037921845913
155,187,False,0.0,1,0.7890303134918213,0.2622145712375641,0.5788618922233582,0.02817096933722496
97,33,False,0.0,0,0.6522965431213379,0.12404140084981918,0.5348415374755859,0.014385081827640533
97,34,False,0.0,1,0.7912988662719727,0.25875145196914673,0.5782257914543152,0.02814798802137375
97,35,False,0.0,1,0.7916326522827148,0.2585271894931793,0.5778566598892212,0.028020434081554413
97,36,False,0.0,1,0.7906661629676819,0.2591751515865326,0.5780894160270691,0.028065040707588196
97,37,False,0.0,1,0.7911558151245117,0.2590726912021637,0.5783733129501343,0.02817472815513611
97,38,False,0.0,1,0.7907894849777222,0.2589581310749054,0.5779500007629395,0.0280618816614151
97,39,False,0.0,1,0.7905839681625366,0.2592591345310211,0.5787850022315979,0.028336333110928535
97,40,False,0.0,1,0.7899832725524902,0.2596898674964905,0.5784887075424194,0.028213514015078545
97,41,False,0.0,1,0.7901344895362854,0.2596884071826935,0.5790649056434631,0.0284115020185709
97,42,False,0.0,1,0.7910043597221375,0.25953343510627747,0.5795729756355286,0.028552867472171783
97,43,False,0.0,1,0.791301965713501,0.2594141364097595,0.5787783265113831,0.028265586122870445
97,44,False,0.0,1,0.7910095453262329,0.2595932185649872,0.5789316892623901,0.028336336836218834
97,45,False,0.0,1,0.7908658981323242,0.25949880480766296,0.5783068537712097,0.028130492195487022
97,46,False,0.0,1,0.791034996509552,0.2596856951713562,0.5789835453033447,0.028384525328874588
97,47,False,0.0,1,0.7909982204437256,0.2598739266395569,0.5787413716316223,0.028274718672037125
97,48,False,0.0,1,0.7907247543334961,0.2595379054546356,0.5785822868347168,0.028236236423254013
23,91,False,0.0,0,0.6632556915283203,0.133374884724617,0.5355440378189087,0.01442804280668497
23,92,False,0.0,1,0.7911349534988403,0.2597796618938446,0.5803137421607971,0.028773633763194084
23,93,False,0.0,1,0.7915344834327698,0.25951558351516724,0.5799798965454102,0.028627939522266388
23,94,False,0.0,1,0.7912383079528809,0.25922754406929016,0.579859733581543,0.028650332242250443
23,95,False,0.0,1,0.790928304195404,0.25948208570480347,0.5797869563102722,0.028642134740948677
23,96,False,0.0,1,0.7910764217376709,0.25923240184783936,0.5795508027076721,0.028559653088450432
23,97,False,0.0,1,0.7905123233795166,0.2596016228199005,0.5799805521965027,0.028696173802018166
23,98,False,0.0,1,0.7915328741073608,0.25944381952285767,0.5795429348945618,0.028569970279932022
23,99,False,0.0,1,0.7915470600128174,0.25919660925865173,0.5802294611930847,0.028845569118857384
23,100,True,0.016129031777381897,1,0.7913671135902405,0.25917235016822815,0.5806142091751099,0.028958044946193695
23,101,True,0.03629032149910927,1,0.7912912368774414,0.25928401947021484,0.580521821975708,0.028932372108101845
23,102,True,0.05645161122083664,1,0.7918105125427246,0.25933608412742615,0.5802456736564636,0.028879854828119278
23,103,True,0.07661290466785431,1,0.7917129993438721,0.2583041489124298,0.5793842077255249,0.02862442098557949
23,104,True,0.09677419066429138,1,0.792782187461853,0.2584563195705414,0.5801882147789001,0.028945887461304665
23,105,True,0.11693548411130905,1,0.7915555238723755,0.25896698236465454,0.5796470642089844,0.02876490168273449
23,106,True,0.13709677755832672,1,0.7904841899871826,0.2595354914665222,0.5802097916603088,0.02906031534075737
123,181,False,0.0,0,0.6529686450958252,0.1334153413772583,0.5375163555145264,0.015490468591451645
123,182,False,0.0,1,0.7896047830581665,0.26268452405929565,0.582082986831665,0.029404666274785995
123,183,False,0.0,1,0.7899796962738037,0.262455016374588,0.5813846588134766,0.029171975329518318
123,184,False,0.0,1,0.7886070609092712,0.2619533836841583,0.5815076231956482,0.02925299108028412
123,185,False,0.0,1,0.7887313365936279,0.26116716861724854,0.5816928744316101,0.029276488348841667
123,186,False,0.0,1,0.7890205383300781,0.2617805004119873,0.5810689330101013,0.029069537296891212
123,187,False,0.0,1,0.7883556485176086,0.2618797719478607,0.5815171003341675,0.029244977980852127
123,188,False,0.0,1,0.7887622117996216,0.26089048385620117,0.5808035135269165,0.02901560068130493
123,189,False,0.0,1,0.7880476713180542,0.26099324226379395,0.5817247033119202,0.029398160055279732
123,190,False,0.0,1,0.7884916067123413,0.2609897255897522,0.582179069519043,0.029542120173573494
123,191,False,0.0,1,0.7886132001876831,0.26077958941459656,0.5826789736747742,0.029739268124103546
123,192,False,0.0,1,0.7888568043708801,0.26049861311912537,0.5821322798728943,0.029520221054553986
123,193,False,0.0,1,0.7882335186004639,0.26070648431777954,0.5822197794914246,0.02957764081656933
123,194,False,0.0,1,0.7886837720870972,0.2606496512889862,0.582135796546936,0.029520055279135704
123,195,False,0.0,1,0.7882616519927979,0.2607346475124359,0.5825547575950623,0.029670290648937225
123,196,False,0.0,1,0.7889784574508667,0.26063764095306396,0.5828660726547241,0.02978607453405857
118,114,False,0.0,0,0.6590685844421387,0.13958361744880676,0.5361198782920837,0.014833957888185978
118,115,False,0.0,1,0.790825605392456,0.262565940618515,0.5808371305465698,0.02912682667374611
118,116,False,0.0,1,0.7903075218200684,0.2631641626358032,0.5816183686256409,0.02937633916735649
118,117,False,0.0,1,0.7910692691802979,0.26271456480026245,0.5813518762588501,0.029230892658233643
118,118,False,0.0,1,0.7912939786911011,0.2626854479312897,0.5818710923194885,0.029454654082655907
118,119,False,0.0,1,0.7907652854919434,0.2625201344490051,0.5817708969116211,0.02946782112121582
118,120,False,0.0,1,0.7915579676628113,0.2624730169773102,0.5807499885559082,0.029101792722940445
118,121,False,0.0,1,0.7912064790725708,0.26259464025497437,0.5803316831588745,0.028923198580741882
118,122,False,0.0,1,0.7911111116409302,0.26247701048851013,0.581396222114563,0.02925422601401806
118,123,False,0.0,1,0.7911921143531799,0.2626603841781616,0.5811190605163574,0.0291498601436615
118,124,False,0.0,1,0.7912045121192932,0.26237133145332336,0.5817705988883972,0.029410822317004204
118,125,False,0.0,1,0.7912019491195679,0.2628203332424164,0.5811328291893005,0.02913355641067028
118,126,False,0.0,1,0.7921384572982788,0.26243188977241516,0.5817171335220337,0.02938297763466835
118,127,False,0.0,1,0.792371928691864,0.261623740196228,0.5813605785369873,0.02928190305829048
118,128,False,0.0,1,0.7936140298843384,0.2612975239753723,0.5810508728027344,0.029194185510277748
118,129,False,0.0,1,0.7933731079101562,0.2611832022666931,0.581449568271637,0.02934318035840988
166,124,False,0.0,0,0.6657068729400635,0.1453624814748764,0.5366063117980957,0.014991963282227516
166,125,False,0.0,1,0.791761040687561,0.26265355944633484,0.5814552903175354,0.029283735901117325
166,126,False,0.0,1,0.7921994924545288,0.26238831877708435,0.5815300941467285,0.029289236292243004
166,127,False,0.0,1,0.7927218079566956,0.262195348739624,0.5822256803512573,0.02951342985033989
166,128,False,0.0,1,0.7929641008377075,0.2621377110481262,0.5819790363311768,0.02945992350578308
166,129,False,0.0,1,0.7932772636413574,0.2616206705570221,0.5818352103233337,0.029469400644302368
166,130,False,0.0,1,0.7939157485961914,0.26146864891052246,0.5814440250396729,0.029256224632263184
166,131,False,0.0,1,0.7939488887786865,0.2612656354904175,0.5818860530853271,0.029462238773703575
166,132,True,0.006079027429223061,1,0.7936593294143677,0.2615604102611542,0.5811963081359863,0.029288586229085922
166,133,True,0.021276595070958138,1,0.7935826182365417,0.2616179883480072,0.5814622044563293,0.029385989531874657
166,134,True,0.036474164575338364,1,0.7930808067321777,0.26137861609458923,0.5813288688659668,0.02943951077759266
166,135,True,0.05167173221707344,1,0.7923416495323181,0.2615593671798706,0.5820618271827698,0.0296896081417799
166,136,True,0.06686930358409882,1,0.7919154167175293,0.26163309812545776,0.5821374654769897,0.02960043027997017
166,137,True,0.08206687122583389,1,0.7914920449256897,0.26158058643341064,0.5808559656143188,0.029214782640337944
166,138,True,0.09726443886756897,1,0.7901977300643921,0.2614542543888092,0.5807318091392517,0.029315119609236717
166,139,True,0.11246200650930405,1,0.7904145121574402,0.261401504278183,0.5811668038368225,0.029442409053444862
125,122,False,0.0,0,0.6574997901916504,0.1388620138168335,0.5369405746459961,0.015202624723315239
125,123,False,0.0,1,0.7918365597724915,0.26289820671081543,0.5813827514648438,0.02929062768816948
125,124,False,0.0,1,0.791905403137207,0.2624625265598297,0.5810865759849548,0.029202863574028015
125,125,False,0.0,1,0.7922949194908142,0.2618938982486725,0.581203818321228,0.02922002598643303
125,126,False,0.0,1,0.7933565378189087,0.26170679926872253,0.5813251733779907,0.02923707105219364
125,127,False,0.0,1,0.7934274673461914,0.26165542006492615,0.5812783241271973,0.029226534068584442
125,128,False,0.0,1,0.7938061952590942,0.2607046067714691,0.5812863111495972,0.02923058532178402
125,129,False,0.0,1,0.792981743812561,0.2616668939590454,0.5814099907875061,0.02928757108747959
125,130,False,0.0,1,0.7936878204345703,0.26112988591194153,0.5809478759765625,0.028903700411319733
125,131,False,0.0,1,0.7935283780097961,0.26118791103363037,0.5807539820671082,0.028869502246379852
125,132,False,0.0,1,0.7926876544952393,0.2612524628639221,0.5811033844947815,0.029067959636449814
125,133,False,0.0,1,0.7921844720840454,0.2618730366230011,0.5811772346496582,0.029079537838697433
125,134,False,0.0,1,0.7907988429069519,0.2620423436164856,0.5812188386917114,0.029026329517364502
125,135,False,0.0,1,0.7907965183258057,0.26177340745925903,0.5810044407844543,0.028967542573809624
125,136,False,0.0,1,0.7910614013671875,0.26147204637527466,0.5803911685943604,0.028760571032762527
125,137,False,0.0,1,0.790840744972229,0.2615986168384552,0.5802990794181824,0.028742684051394463
82,28,False,0.0,0,0.6473491191864014,0.12389858067035675,0.5340613722801208,0.01378423348069191
82,29,False,0.0,1,0.790881872177124,0.25980353355407715,0.5802056789398193,0.02888171747326851
82,30,False,0.0,1,0.7907090783119202,0.2598484456539154,0.5789594650268555,0.02840082347393036
82,31,False,0.0,1,0.7904658317565918,0.2597811222076416,0.5792285799980164,0.02851293794810772
82,32,False,0.0,1,0.791365385055542,0.2600442171096802,0.579867959022522,0.02872970700263977
82,33,False,0.0,1,0.7905295491218567,0.25966957211494446,0.5799687504768372,0.028738344088196754
82,34,False,0.0,1,0.7907141447067261,0.26002204418182373,0.5796144008636475,0.02858472615480423
82,35,False,0.0,1,0.7907241582870483,0.260246604681015,0.5796599388122559,0.028604676946997643
82,36,True,0.02247191034257412,1,0.7900380492210388,0.26068538427352905,0.5794471502304077,0.02848498523235321
82,37,True,0.07865168899297714,1,0.7902148365974426,0.2606941759586334,0.5791460871696472,0.02839093841612339
82,38,True,0.13483145833015442,1,0.7902700901031494,0.26024600863456726,0.5786532759666443,0.02827133610844612
82,39,True,0.1910112351179123,1,0.7901877164840698,0.2600419819355011,0.5785497426986694,0.0282880961894989
82,40,True,0.24719101190567017,1,0.7898935079574585,0.26033082604408264,0.5776810050010681,0.028081584721803665
82,41,True,0.30337077379226685,1,0.7901097536087036,0.25990617275238037,0.5774710178375244,0.028106898069381714
82,42,True,0.3595505654811859,1,0.789971113204956,0.2603396773338318,0.5774054527282715,0.02814008668065071
82,43,True,0.4157303273677826,1,0.7900676727294922,0.2595633864402771,0.5766811370849609,0.02791871689260006
181,121,False,0.0,0,0.6668293476104736,0.14670239388942719,0.5377688407897949,0.015067698433995247
181,122,False,0.0,1,0.7913625240325928,0.26383358240127563,0.5818764567375183,0.028862152248620987
181,123,False,0.0,1,0.7918067574501038,0.263506144285202,0.5819986462593079,0.02889597788453102
181,124,False,0.0,1,0.791244626045227,0.2636853754520416,0.5803778171539307,0.028360197320580482
181,125,False,0.0,1,0.7917180061340332,0.2633451521396637,0.5819479823112488,0.02891317382454872
181,126,False,0.0,1,0.7916538715362549,0.26340413093566895,0.5816595554351807,0.028796494007110596
181,127,False,0.0,1,0.7918443083763123,0.26346173882484436,0.5804929137229919,0.02842181734740734
181,128,False,0.0,1,0.7921750545501709,0.2633753716945648,0.5811173915863037,0.028661109507083893
181,129,False,0.0,1,0.7931837439537048,0.2625402808189392,0.5823915600776672,0.028909089043736458
181,130,False,0.0,1,0.7935429811477661,0.2626205384731293,0.5818405747413635,0.02875686250627041
181,131,False,0.0,1,0.7936676144599915,0.26205527782440186,0.5814772248268127,0.02869286760687828
181,132,False,0.0,1,0.7937904000282288,0.26220643520355225,0.5819152593612671,0.028744498267769814
181,133,False,0.0,1,0.7943928837776184,0.2608841061592102,0.5818299055099487,0.028758930042386055
181,134,False,0.0,1,0.794296145439148,0.2618113160133362,0.5815989375114441,0.028646288439631462
181,135,False,0.0,1,0.7942817211151123,0.26128292083740234,0.5819582939147949,0.028800558298826218
181,136,False,0.0,1,0.7941384315490723,0.26142579317092896,0.5825811624526978,0.028981884941458702
132,115,False,0.0,0,0.661675214767456,0.14297109842300415,0.5382802486419678,0.015185072086751461
132,116,False,0.0,1,0.7914742827415466,0.26385965943336487,0.5827288627624512,0.02894248627126217
132,117,False,0.0,1,0.791120171546936,0.2634514272212982,0.5818080902099609,0.02866346761584282
132,118,False,0.0,1,0.7910147905349731,0.26321306824684143,0.5823975801467896,0.028874006122350693
132,119,False,0.0,1,0.7924743890762329,0.26305609941482544,0.5825068950653076,0.02889368310570717
132,120,False,0.0,1,0.7927581071853638,0.26302552223205566,0.5823560357093811,0.02885957807302475
132,121,False,0.0,1,0.7922148704528809,0.26269474625587463,0.5817736387252808,0.02867436781525612
132,122,False,0.0,1,0.7941052317619324,0.2621842920780182,0.5823050737380981,0.028811058029532433
132,123,False,0.0,1,0.7940505146980286,0.2617475092411041,0.5829576849937439,0.0290488600730896
132,124,True,0.012987012974917889,1,0.7942155599594116,0.2615058422088623,0.5823754072189331,0.028861351311206818
132,125,True,0.02922077849507332,1,0.7944273352622986,0.26135897636413574,0.5816680788993835,0.028672469779849052
132,126,True,0.04545454680919647,1,0.7943521738052368,0.2618257701396942,0.582919180393219,0.029054725542664528
132,127,True,0.06168831139802933,1,0.7938318252563477,0.2611751854419708,0.5825631618499756,0.028997894376516342
132,128,True,0.07792207598686218,1,0.7939280271530151,0.2612077295780182,0.5825209617614746,0.02897379919886589
132,129,True,0.09415584057569504,1,0.7925093173980713,0.2618270814418793,0.582115113735199,0.028848350048065186
132,130,True,0.11038961261510849,1,0.7924137115478516,0.26137834787368774,0.5819711685180664,0.028860384598374367
36,30,False,0.0,0,0.6413724422454834,0.11702237278223038,0.5370787382125854,0.015099888667464256
36,31,False,0.0,1,0.7912787199020386,0.2592082917690277,0.5824723243713379,0.029206953942775726
36,32,False,0.0,1,0.7919731736183167,0.2595996558666229,0.5824316143989563,0.029203932732343674
36,33,False,0.0,1,0.7901320457458496,0.25938141345977783,0.5819518566131592,0.02900724485516548
36,34,False,0.0,1,0.7918702363967896,0.2590249180793762,0.5819100737571716,0.028974313288927078
36,35,False,0.0,1,0.791851282119751,0.2590389847755432,0.5817139148712158,0.028944164514541626
36,36,False,0.0,1,0.7918659448623657,0.2591457664966583,0.5825970768928528,0.029212992638349533
36,37,False,0.0,1,0.7911157608032227,0.25895947217941284,0.5816833972930908,0.028901027515530586
36,38,True,0.010416666977107525,1,0.7921197414398193,0.2595147490501404,0.5825567245483398,0.029326988384127617
36,39,True,0.05263157933950424,1,0.7917654514312744,0.2591603994369507,0.5826278328895569,0.02942935936152935
36,40,True,0.10526315867900848,1,0.7919946312904358,0.25908297300338745,0.5802637338638306,0.028583796694874763
36,41,True,0.15789473056793213,1,0.7915720343589783,0.2591654360294342,0.5809528827667236,0.028912754729390144
36,42,True,0.21052631735801697,1,0.7905614376068115,0.2594854235649109,0.5801719427108765,0.02875874564051628
36,43,True,0.2631579041481018,1,0.79035484790802,0.2595783770084381,0.5801066160202026,0.028804268687963486
36,44,True,0.31578946113586426,1,0.7904563546180725,0.2598181664943695,0.578942596912384,0.028487050905823708
36,45,True,0.3684210479259491,1,0.7902238368988037,0.25978153944015503,0.5786067843437195,0.028411226347088814
8,21,False,0.0,0,0.6537671089172363,0.1263984888792038,0.5381617546081543,0.015578089281916618
8,22,False,0.0,1,0.7922171354293823,0.2593536376953125,0.5822616219520569,0.02924443408846855
8,23,False,0.0,1,0.7921236753463745,0.25961339473724365,0.5827435851097107,0.029454201459884644
8,24,False,0.0,1,0.792100191116333,0.25963592529296875,0.5829938650131226,0.029523519799113274
8,25,False,0.0,1,0.7916791439056396,0.25941628217697144,0.5822678804397583,0.029302053153514862
8,26,False,0.0,1,0.7921416759490967,0.2596161663532257,0.5831095576286316,0.02959553152322769
8,27,False,0.0,1,0.7909484505653381,0.2594480812549591,0.5826197862625122,0.029417775571346283
8,28,False,0.0,1,0.7914437055587769,0.2602894902229309,0.5832250714302063,0.029602626338601112
8,29,False,0.0,1,0.7903831601142883,0.2596043348312378,0.5817009806632996,0.02915310673415661
8,30,False,0.0,1,0.7905135750770569,0.2595098316669464,0.5811744332313538,0.02896334044635296
8,31,False,0.0,1,0.7920174598693848,0.25974246859550476,0.5828415751457214,0.02959677204489708
8,32,False,0.0,1,0.7909318208694458,0.2596243917942047,0.5822929739952087,0.02936774305999279
8,33,False,0.0,1,0.7920256853103638,0.2593933939933777,0.5824723839759827,0.029423952102661133
8,34,False,0.0,1,0.7915154695510864,0.2595583498477936,0.5826246738433838,0.029490826651453972
8,35,False,0.0,1,0.7917148470878601,0.2597459554672241,0.5825527906417847,0.029475776478648186
8,36,False,0.0,1,0.7919468283653259,0.2596559226512909,0.582858145236969,0.029550844803452492
96,5,False,0.0,0,0.6555318832397461,0.12994612753391266,0.5373697280883789,0.015353486873209476
96,6,False,0.0,1,0.7916840314865112,0.2609024941921234,0.581787109375,0.02925698459148407
96,7,False,0.0,1,0.7917792797088623,0.26076313853263855,0.5817217230796814,0.029259316623210907
96,8,False,0.0,1,0.7918909788131714,0.261040061712265,0.5820748209953308,0.029374640434980392
96,9,False,0.0,1,0.7916423678398132,0.2603744566440582,0.5821781754493713,0.029408210888504982
96,10,False,0.0,1,0.7918476462364197,0.26072168350219727,0.581840991973877,0.02930576354265213
96,11,False,0.0,1,0.792077362537384,0.260395348072052,0.5815610885620117,0.02921125665307045
96,12,False,0.0,1,0.7917554378509521,0.26029670238494873,0.5815417766571045,0.02921760454773903
96,13,False,0.0,1,0.7914168834686279,0.2609699070453644,0.5816215872764587,0.02933155559003353
96,14,False,0.0,1,0.7916207313537598,0.260824978351593,0.5811633467674255,0.029191376641392708
96,15,False,0.0,1,0.7913042902946472,0.2604020833969116,0.5816754102706909,0.02933601103723049
96,16,False,0.0,1,0.7911173105239868,0.26023322343826294,0.5808711647987366,0.029084989801049232
96,17,False,0.0,1,0.7908928990364075,0.2597951591014862,0.5809842944145203,0.029117917641997337
96,18,False,0.0,1,0.7910244464874268,0.2601184546947479,0.5811938643455505,0.029219022020697594
96,19,False,0.0,1,0.7906514406204224,0.2595480978488922,0.5804482102394104,0.028926078230142593
96,20,False,0.0,1,0.7908810377120972,0.25985613465309143,0.5814187526702881,0.029270274564623833
16,32,False,0.0,0,0.6511268615722656,0.1269593983888626,0.5386184453964233,0.016189005225896835
16,33,False,0.0,1,0.7912600636482239,0.26058003306388855,0.5809699892997742,0.029101865366101265
16,34,False,0.0,1,0.7915520071983337,0.2602081298828125,0.5809327363967896,0.02909095212817192
16,35,False,0.0,1,0.7912052869796753,0.26068824529647827,0.5815176963806152,0.029351120814681053
16,36,False,0.0,1,0.7916361093521118,0.2602342963218689,0.5807690620422363,0.02905019372701645
16,37,False,0.0,1,0.791959285736084,0.26018571853637695,0.5814456939697266,0.02936222217977047
16,38,False,0.0,1,0.7920130491256714,0.259969025850296,0.5812991857528687,0.029330087825655937
16,39,False,0.0,1,0.7916551828384399,0.26007789373397827,0.5814259648323059,0.02934529446065426
16,40,False,0.0,1,0.791447639465332,0.26039260625839233,0.580805778503418,0.029119564220309258
16,41,False,0.0,1,0.7909342050552368,0.26076385378837585,0.5814776420593262,0.02934187836945057
16,42,False,0.0,1,0.7904962301254272,0.2607256770133972,0.5811904072761536,0.029270334169268608
16,43,False,0.0,1,0.7917604446411133,0.260123610496521,0.5805983543395996,0.02901819348335266
16,44,False,0.0,1,0.7904150485992432,0.26122698187828064,0.5810878872871399,0.029280750080943108
16,45,False,0.0,1,0.7915653586387634,0.26090022921562195,0.5806331038475037,0.029023926705121994
16,46,False,0.0,1,0.7913784980773926,0.2608509659767151,0.5808082222938538,0.029062245041131973
16,47,False,0.0,1,0.7908542156219482,0.2604004442691803,0.5810380578041077,0.029162973165512085
46,15,False,0.0,0,0.6527929306030273,0.12816300988197327,0.5358140468597412,0.014870581217110157
46,16,False,0.0,1,0.7912569046020508,0.2604847848415375,0.5809334516525269,0.029032664373517036
46,17,False,0.0,1,0.7908285856246948,0.2604880928993225,0.5806596279144287,0.028920214623212814
46,18,False,0.0,1,0.7913086414337158,0.2605791985988617,0.5815126299858093,0.029197916388511658
46,19,False,0.0,1,0.7910875082015991,0.2607954442501068,0.5809792876243591,0.029026847332715988
46,20,False,0.0,1,0.7914533615112305,0.26068055629730225,0.5812517404556274,0.029091307893395424
46,21,False,0.0,1,0.7912488579750061,0.26055192947387695,0.5804521441459656,0.028876380994915962
46,22,False,0.0,1,0.7908059358596802,0.26104775071144104,0.5799644589424133,0.028687672689557076
46,23,False,0.0,1,0.7907913327217102,0.260778546333313,0.5813242793083191,0.029004715383052826
46,24,False,0.0,1,0.791124701499939,0.2611140012741089,0.5811247825622559,0.028906861320137978
46,25,False,0.0,1,0.790999710559845,0.26040446758270264,0.5806070566177368,0.02876840904355049
46,26,False,0.0,1,0.7908624410629272,0.2603124678134918,0.5807123780250549,0.028801050037145615
46,27,False,0.0,1,0.7912268042564392,0.26060447096824646,0.5813474059104919,0.02899913676083088
46,28,False,0.0,1,0.7905218601226807,0.2608899474143982,0.5798835754394531,0.028515541926026344
46,29,False,0.0,1,0.7909168004989624,0.2602855861186981,0.5814091563224792,0.029007231816649437
46,30,False,0.0,1,0.7908196449279785,0.2602464556694031,0.5809546709060669,0.028829550370573997
62,18,False,0.0,0,0.6404082775115967,0.11684885621070862,0.5362260341644287,0.014868125319480896
62,19,False,0.0,1,0.7898104190826416,0.25960880517959595,0.5803404450416565,0.02861770987510681
62,20,False,0.0,1,0.7897894978523254,0.25968697667121887,0.5809904336929321,0.028850603848695755
62,21,False,0.0,1,0.79011070728302,0.2595407962799072,0.5807748436927795,0.028785325586795807
62,22,False,0.0,1,0.7902476787567139,0.2596878707408905,0.5807487368583679,0.02877531573176384
62,23,False,0.0,1,0.7894140481948853,0.25947335362434387,0.5804771184921265,0.028692742809653282
62,24,False,0.0,1,0.789910078048706,0.2596290111541748,0.5809972882270813,0.028873424977064133
62,25,False,0.0,1,0.7902637720108032,0.2596499025821686,0.5807948708534241,0.0287900660187006
62,26,False,0.0,1,0.7899843454360962,0.25968265533447266,0.5814387202262878,0.028941938653588295
62,27,True,0.04545454680919647,1,0.7900969982147217,0.25975707173347473,0.580991804599762,0.02889052964746952
62,28,True,0.12121212482452393,1,0.7898404598236084,0.2597271502017975,0.5792053937911987,0.028367027640342712
62,29,True,0.19696970283985138,1,0.7897225618362427,0.2597859799861908,0.5783148407936096,0.02813607268035412
62,30,True,0.27272728085517883,1,0.79052734375,0.259520024061203,0.5787823796272278,0.028428947553038597
62,31,True,0.3484848439693451,1,0.7896487712860107,0.25965437293052673,0.5789286494255066,0.02851591445505619
62,32,True,0.42424243688583374,1,0.7901058197021484,0.25977104902267456,0.577695369720459,0.028141621500253677
62,33,True,0.5,1,0.7903317213058472,0.25955522060394287,0.5774252414703369,0.028099769726395607
143,177,False,0.0,0,0.6629793643951416,0.14388900995254517,0.5383754968643188,0.015373962931334972
143,178,False,0.0,1,0.7898675203323364,0.2638079524040222,0.583793580532074,0.029268577694892883
143,179,False,0.0,1,0.7898080348968506,0.26376044750213623,0.5834899544715881,0.029168372973799706
143,180,False,0.0,1,0.7897460460662842,0.26360416412353516,0.5834808945655823,0.029202230274677277
143,181,False,0.0,1,0.790196418762207,0.2638406455516815,0.5835971236228943,0.029214875772595406
143,182,False,0.0,1,0.7904328107833862,0.2639169991016388,0.5837478637695312,0.029289711266756058
143,183,False,0.0,1,0.7899936437606812,0.2636944651603699,0.5840583443641663,0.02938341163098812
143,184,False,0.0,1,0.7896420955657959,0.2638416886329651,0.5834662914276123,0.0291574839502573
143,185,True,0.0021645021624863148,1,0.7902960777282715,0.2643469274044037,0.5844904780387878,0.02944115549325943
143,186,True,0.012987012974917889,1,0.7902191877365112,0.2643401026725769,0.5846033692359924,0.02953317016363144
143,187,True,0.02380952425301075,1,0.7900272607803345,0.26377877593040466,0.5842176079750061,0.029389269649982452
143,188,True,0.034632034599781036,1,0.7902413606643677,0.26446273922920227,0.5845547318458557,0.029493458569049835
143,189,True,0.04545454680919647,1,0.7900583744049072,0.26375603675842285,0.5836089849472046,0.02921226993203163
143,190,True,0.05627705529332161,1,0.7905113697052002,0.26251497864723206,0.5831382274627686,0.029097681865096092
143,191,True,0.06709956377744675,1,0.7901875376701355,0.26328420639038086,0.5831395983695984,0.029173344373703003
143,192,True,0.07792207598686218,1,0.7903401255607605,0.26359590888023376,0.5838615298271179,0.029462385922670364
61,2,False,0.0,0,0.6524879932403564,0.12697911262512207,0.5355792045593262,0.014467188157141209
61,3,False,0.0,1,0.7923213243484497,0.2607610523700714,0.5827267169952393,0.02908640168607235
61,4,False,0.0,1,0.7919073700904846,0.26013484597206116,0.5824987292289734,0.028999054804444313
61,5,False,0.0,1,0.791986346244812,0.2607963979244232,0.5828263163566589,0.029101146385073662
61,6,False,0.0,1,0.7912737727165222,0.26042577624320984,0.5830188989639282,0.029160406440496445
61,7,False,0.0,1,0.7914391756057739,0.25996968150138855,0.582822322845459,0.029118819162249565
61,8,False,0.0,1,0.7919321656227112,0.26011550426483154,0.5830450057983398,0.029155036434531212
61,9,False,0.0,1,0.7911645174026489,0.2605004608631134,0.5832483768463135,0.029240192845463753
61,10,False,0.0,1,0.7908123731613159,0.26096394658088684,0.5841439366340637,0.02944990247488022
61,11,False,0.0,1,0.7917065620422363,0.26035329699516296,0.5838830471038818,0.02941732481122017
61,12,False,0.0,1,0.7918800711631775,0.260244756937027,0.5840715765953064,0.02947666496038437
61,13,False,0.0,1,0.7920429110527039,0.2598663866519928,0.5838960409164429,0.029429307207465172
61,14,False,0.0,1,0.7921997308731079,0.26045310497283936,0.583986759185791,0.029428869485855103
61,15,False,0.0,1,0.7928646206855774,0.25975823402404785,0.5833979845046997,0.029251541942358017
61,16,False,0.0,1,0.7922980785369873,0.2606382966041565,0.5841155648231506,0.02948707714676857
61,17,False,0.0,1,0.7921223044395447,0.2606527805328369,0.5845319628715515,0.029596665874123573
9,1,False,0.0,0,0.6536681652069092,0.12731729447841644,0.5385997295379639,0.01556421723216772
9,2,False,0.0,1,0.79213547706604,0.2596890926361084,0.5843935012817383,0.029620325192809105
9,3,False,0.0,1,0.7918281555175781,0.25998398661613464,0.5844404697418213,0.02962714061141014
9,4,False,0.0,1,0.7922568917274475,0.2605975568294525,0.5847980380058289,0.029750686138868332
9,5,False,0.0,1,0.7918063402175903,0.26032742857933044,0.584245502948761,0.029549289494752884
9,6,False,0.0,1,0.7925729751586914,0.2602342367172241,0.5840960144996643,0.029557110741734505
9,7,False,0.0,1,0.7929795980453491,0.26048168540000916,0.5842577219009399,0.029583023861050606
9,8,False,0.0,1,0.7928984761238098,0.2602391541004181,0.5838639736175537,0.029464485123753548
9,9,False,0.0,1,0.792400598526001,0.2605053186416626,0.5842812657356262,0.029591824859380722
9,10,True,0.17391304671764374,1,0.7912279367446899,0.25982269644737244,0.5820742249488831,0.02899361588060856
9,11,True,0.3913043439388275,1,0.7906824350357056,0.2593787908554077,0.58155357837677,0.02896208129823208
9,12,True,0.6086956262588501,1,0.7907834649085999,0.25932320952415466,0.57923823595047,0.028372712433338165
9,13,True,0.8260869383811951,1,0.7892553806304932,0.2594089210033417,0.5777159929275513,0.027900656685233116
9,14,True,1.0,1,0.7893366813659668,0.25960251688957214,0.5742211937904358,0.02677306905388832
9,15,True,1.0,1,0.7893671989440918,0.2596312165260315,0.5743331909179688,0.026928814128041267
9,16,True,1.0,1,0.7893627882003784,0.2596508264541626,0.5743315815925598,0.026988878846168518
129,124,False,0.0,0,0.6774840354919434,0.15147769451141357,0.5383723974227905,0.015258947387337685
129,125,False,0.0,1,0.7953500747680664,0.26239246129989624,0.5846794843673706,0.029638374224305153
129,126,False,0.0,1,0.7956657409667969,0.26244476437568665,0.584713876247406,0.02964390628039837
129,127,False,0.0,1,0.7958792448043823,0.2624455988407135,0.5852252244949341,0.029785513877868652
129,128,False,0.0,1,0.7958728075027466,0.26197654008865356,0.5850198864936829,0.02974989451467991
129,129,False,0.0,1,0.795430064201355,0.2619563937187195,0.5853391289710999,0.029812214896082878
129,130,False,0.0,1,0.7960475087165833,0.26201388239860535,0.5849380493164062,0.02965720370411873
129,131,False,0.0,1,0.7958803772926331,0.2619404196739197,0.5848461389541626,0.02960849739611149
129,132,False,0.0,1,0.7959456443786621,0.26174554228782654,0.5851212739944458,0.02976665273308754
129,133,False,0.0,1,0.7952002882957458,0.2608020603656769,0.5849559903144836,0.029670435935258865
129,134,False,0.0,1,0.7952454090118408,0.2619273364543915,0.5851563811302185,0.029786990955471992
129,135,False,0.0,1,0.7941454648971558,0.26180028915405273,0.5847836136817932,0.02966952510178089
129,136,False,0.0,1,0.7940716743469238,0.26162102818489075,0.5845346450805664,0.029598651453852654
129,137,False,0.0,1,0.7933197617530823,0.26158589124679565,0.5843132734298706,0.02950369007885456
129,138,False,0.0,1,0.7928099036216736,0.26181280612945557,0.5852989554405212,0.02982853353023529
129,139,False,0.0,1,0.7925543785095215,0.26233577728271484,0.5851898789405823,0.029777225106954575
34,54,False,0.0,0,0.641808271408081,0.11875630170106888,0.5391018390655518,0.015766620635986328
34,55,False,0.0,1,0.7907713651657104,0.2598592936992645,0.585181474685669,0.0301114022731781
34,56,False,0.0,1,0.7911825180053711,0.25952351093292236,0.5844828486442566,0.029912754893302917
34,57,False,0.0,1,0.7912999391555786,0.2594612240791321,0.584605872631073,0.029935043305158615
34,58,False,0.0,1,0.7918157577514648,0.2595367431640625,0.5840834975242615,0.029798118397593498
34,59,False,0.0,1,0.791982114315033,0.2592885196208954,0.5842615962028503,0.02980896085500717
34,60,False,0.0,1,0.7913421988487244,0.25957220792770386,0.5846734046936035,0.029948515817523003
34,61,False,0.0,1,0.7923824787139893,0.25985151529312134,0.584712564945221,0.029936987906694412
34,62,True,0.006410256493836641,1,0.79178386926651,0.25956061482429504,0.5848565101623535,0.030080117285251617
34,63,True,0.032258063554763794,1,0.7922384142875671,0.2594754993915558,0.584651529788971,0.03004671446979046
34,64,True,0.06451612710952759,1,0.7920095920562744,0.2592889070510864,0.5843022465705872,0.029936878010630608
34,65,True,0.09677419066429138,1,0.7921793460845947,0.25953856110572815,0.5844225883483887,0.030028682202100754
34,66,True,0.12903225421905518,1,0.7923406362533569,0.25954118371009827,0.5842534303665161,0.030027225613594055
34,67,True,0.16129031777381897,1,0.7912688255310059,0.25950464606285095,0.5819271802902222,0.029299726709723473
34,68,True,0.19354838132858276,1,0.7911421060562134,0.2597232162952423,0.5819237232208252,0.029376888647675514
34,69,True,0.22580644488334656,1,0.7913639545440674,0.2596276104450226,0.5816643834114075,0.029307283461093903
64,35,False,0.0,0,0.6480002403259277,0.12226727604866028,0.5372992753982544,0.01521874126046896
64,36,False,0.0,1,0.7925913333892822,0.2600404620170593,0.5839075446128845,0.029779627919197083
64,37,False,0.0,1,0.7919269800186157,0.2600895166397095,0.5838320255279541,0.029740966856479645
64,38,False,0.0,1,0.7921541929244995,0.25977152585983276,0.5838201642036438,0.029740994796156883
64,39,False,0.0,1,0.7924376726150513,0.26039573550224304,0.5835136771202087,0.029653729870915413
64,40,False,0.0,1,0.7918782234191895,0.26039525866508484,0.5840989947319031,0.029813973233103752
64,41,False,0.0,1,0.7923200726509094,0.26018086075782776,0.5835543274879456,0.02967022731900215
64,42,False,0.0,1,0.7917746305465698,0.26034924387931824,0.5839795470237732,0.02981436997652054
64,43,False,0.0,1,0.7920008897781372,0.25999659299850464,0.5836883783340454,0.029720524325966835
64,44,True,0.03703703731298447,1,0.7921823859214783,0.2598283290863037,0.5828373432159424,0.029504600912332535
64,45,True,0.0833333358168602,1,0.7916335463523865,0.2597895860671997,0.5829265713691711,0.029540715739130974
64,46,True,0.12962962687015533,1,0.791799008846283,0.25983211398124695,0.5825955867767334,0.02960846573114395
64,47,True,0.17592592537403107,1,0.7922785878181458,0.25939783453941345,0.58154296875,0.02930128201842308
64,48,True,0.2222222238779068,1,0.7919802665710449,0.25953906774520874,0.5809468030929565,0.02918267622590065
64,49,True,0.26851850748062134,1,0.791595995426178,0.25955405831336975,0.5815513730049133,0.02947632223367691
64,50,True,0.31481480598449707,1,0.7910943031311035,0.2597987949848175,0.5815341472625732,0.02943583019077778
79,51,False,0.0,0,0.6541285514831543,0.12572675943374634,0.5394413471221924,0.015938643366098404
79,52,False,0.0,1,0.7930564880371094,0.2598751187324524,0.5846731066703796,0.030047127977013588
79,53,False,0.0,1,0.7930524349212646,0.2597590684890747,0.5850358009338379,0.030181199312210083
79,54,False,0.0,1,0.7929720282554626,0.2602284550666809,0.584190845489502,0.02989150583744049
79,55,False,0.0,1,0.7926321625709534,0.26021045446395874,0.5850746631622314,0.03018292225897312
79,56,False,0.0,1,0.7926855087280273,0.26010024547576904,0.5847957730293274,0.03008924424648285
79,57,False,0.0,1,0.7930206060409546,0.2602076530456543,0.5848808288574219,0.030131366103887558
79,58,False,0.0,1,0.792563796043396,0.25995704531669617,0.5843847393989563,0.029963241890072823
79,59,False,0.0,1,0.7925869822502136,0.25950390100479126,0.5845263004302979,0.029977845028042793
79,60,True,0.027027027681469917,1,0.7935960292816162,0.2594951391220093,0.5841003656387329,0.029857197776436806
79,61,True,0.06081081181764603,1,0.7925606369972229,0.2602714002132416,0.5833742618560791,0.029658647254109383
79,62,True,0.09459459781646729,1,0.7924069166183472,0.2599896490573883,0.5833075046539307,0.02965410053730011
79,63,True,0.12837837636470795,1,0.7926925420761108,0.25953587889671326,0.5834885835647583,0.029713835567235947
79,64,True,0.1621621549129486,1,0.7921858429908752,0.25962114334106445,0.5838255286216736,0.029879774898290634
79,65,True,0.19594594836235046,1,0.7920806407928467,0.2597023844718933,0.5832048058509827,0.0297080185264349
79,66,True,0.22972972691059113,1,0.7915161848068237,0.2595598101615906,0.5821259021759033,0.029443657025694847
176,122,False,0.0,0,0.6736660003662109,0.15319590270519257,0.5387675762176514,0.015593978576362133
176,123,False,0.0,1,0.7948934435844421,0.2635810971260071,0.5847907662391663,0.029909364879131317
176,124,False,0.0,1,0.7949646711349487,0.2637813687324524,0.5854606628417969,0.030180735513567924
176,125,False,0.0,1,0.7952404022216797,0.2635454535484314,0.5849146842956543,0.029973145574331284
176,126,False,0.0,1,0.7956559658050537,0.2630062997341156,0.5849484205245972,0.02997472882270813
176,127,False,0.0,1,0.7967279553413391,0.26211103796958923,0.5848754644393921,0.02996646612882614
176,128,False,0.0,1,0.796772301197052,0.26216602325439453,0.5852196216583252,0.030078260228037834
176,129,False,0.0,1,0.7964109778404236,0.2617626488208771,0.5848163366317749,0.02990688942372799
176,130,False,0.0,1,0.7962130308151245,0.2619536817073822,0.5850741267204285,0.029972095042467117
176,131,True,0.00920245423913002,1,0.7965438365936279,0.26197531819343567,0.5850676894187927,0.03000824525952339
176,132,True,0.024539876729249954,1,0.7967398166656494,0.2617175877094269,0.5854466557502747,0.030157258734107018
176,133,True,0.03987729921936989,1,0.7961618900299072,0.26190468668937683,0.5853529572486877,0.030136235058307648
176,134,True,0.05521472543478012,1,0.7956827282905579,0.26152303814888,0.5849276781082153,0.030028708279132843
176,135,True,0.07055214792490005,1,0.7953857183456421,0.2613499164581299,0.5845348238945007,0.02992040105164051
176,136,True,0.08588957041501999,1,0.794147253036499,0.26139014959335327,0.5838849544525146,0.029711535200476646
176,137,True,0.10122699290513992,1,0.7940047979354858,0.2618228495121002,0.5839896202087402,0.02979172393679619
180,113,False,0.0,0,0.6677110195159912,0.15064769983291626,0.5380034446716309,0.015312250703573227
180,114,False,0.0,1,0.7926337122917175,0.2642132341861725,0.5844396352767944,0.02976633980870247
180,115,False,0.0,1,0.7927935123443604,0.2643900513648987,0.5845077633857727,0.02980823442339897
180,116,False,0.0,1,0.7930354475975037,0.2641880214214325,0.5846195816993713,0.02984139882028103
180,117,False,0.0,1,0.7926866412162781,0.26449427008628845,0.5847911238670349,0.029895056039094925
180,118,False,0.0,1,0.7933554649353027,0.2644195556640625,0.5844920873641968,0.029783766716718674
180,119,False,0.0,1,0.7930243015289307,0.2642519176006317,0.5844581127166748,0.029781615361571312
180,120,False,0.0,1,0.793860137462616,0.26423007249832153,0.5846868753433228,0.02987590990960598
180,121,False,0.0,1,0.7940012216567993,0.26416292786598206,0.5852492451667786,0.029977886006236076
180,122,True,0.013201320543885231,1,0.7945830821990967,0.2640605568885803,0.5855544209480286,0.030103055760264397
180,123,True,0.029702970758080482,1,0.7951443195343018,0.26350247859954834,0.5851672887802124,0.0299763772636652
180,124,True,0.046204619109630585,1,0.7953474521636963,0.26335445046424866,0.5846818685531616,0.029859723523259163
180,125,True,0.06270626932382584,1,0.7954626679420471,0.26350298523902893,0.5846737027168274,0.029918527230620384
180,126,True,0.07920791953802109,1,0.7960203289985657,0.26306062936782837,0.5839048624038696,0.029627375304698944
180,127,True,0.09570956975221634,1,0.7963778376579285,0.26267313957214355,0.5843065977096558,0.029795197769999504
180,128,True,0.11221121996641159,1,0.7965744733810425,0.2624722123146057,0.5847342610359192,0.02994784526526928
170,120,False,0.0,0,0.6726043224334717,0.15116648375988007,0.5390312075614929,0.015379776246845722
170,121,False,0.0,1,0.7938942909240723,0.2637716233730316,0.5861128568649292,0.030103648081421852
170,122,False,0.0,1,0.7941735982894897,0.26393264532089233,0.5861557126045227,0.030095642432570457
170,123,False,0.0,1,0.7949360013008118,0.2635639011859894,0.5859138369560242,0.029994063079357147
170,124,False,0.0,1,0.7955367565155029,0.2633011043071747,0.5858344435691833,0.029975300654768944
170,125,False,0.0,1,0.7959904074668884,0.26294705271720886,0.5864221453666687,0.030157871544361115
170,126,False,0.0,1,0.7963666915893555,0.26234322786331177,0.5859234929084778,0.0300309918820858
170,127,False,0.0,1,0.7959088087081909,0.2625233829021454,0.5866193771362305,0.03030436858534813
170,128,False,0.0,1,0.795866847038269,0.26197826862335205,0.5865857601165771,0.030155571177601814
170,129,True,0.009345794096589088,1,0.7962212562561035,0.2618474066257477,0.5866492390632629,0.030199160799384117
170,130,True,0.024922117590904236,1,0.7966540455818176,0.2621006667613983,0.5857599973678589,0.029897887259721756
170,131,True,0.04049844294786453,1,0.7964745759963989,0.26200607419013977,0.5861225724220276,0.030038313940167427
170,132,True,0.05607476457953453,1,0.7960577011108398,0.26183804869651794,0.5863494277000427,0.03012659028172493
170,133,True,0.07165109366178513,1,0.7957642078399658,0.2617238461971283,0.5858961343765259,0.02996230684220791
170,134,True,0.08722741156816483,1,0.7954186201095581,0.26190465688705444,0.5863045454025269,0.03009282983839512
170,135,True,0.10280373692512512,1,0.7948247194290161,0.262035071849823,0.5855482816696167,0.029885293915867805
194,117,False,0.0,0,0.6677343845367432,0.15018093585968018,0.5405091643333435,0.015810100361704826
194,118,False,0.0,1,0.7931969165802002,0.26446837186813354,0.5866885781288147,0.029919831082224846
194,119,False,0.0,1,0.7929792404174805,0.26450470089912415,0.5870616436004639,0.030008388683199883
194,120,False,0.0,1,0.7942387461662292,0.26407650113105774,0.5862473845481873,0.029763000085949898
194,121,False,0.0,1,0.7941109538078308,0.2641790509223938,0.5864035487174988,0.029842622578144073
194,122,False,0.0,1,0.7941403388977051,0.26380443572998047,0.5863621234893799,0.029824264347553253
194,123,False,0.0,1,0.7945253849029541,0.2637588679790497,0.5862367153167725,0.029758509248495102
194,124,False,0.0,1,0.7950543165206909,0.26376622915267944,0.5866652131080627,0.029907308518886566
194,125,True,0.0032051282469183207,1,0.7959268093109131,0.26277992129325867,0.5859674215316772,0.029650533571839333
194,126,True,0.01923076994717121,1,0.7965920567512512,0.2622533142566681,0.5864897966384888,0.029832221567630768
194,127,True,0.035256411880254745,1,0.7974743843078613,0.2619852125644684,0.5857797265052795,0.029630301520228386
194,128,True,0.05128205195069313,1,0.797478973865509,0.26180312037467957,0.5859161019325256,0.02972651645541191
194,129,True,0.06730769574642181,1,0.7971493005752563,0.2620229125022888,0.5857871174812317,0.029671773314476013
194,130,True,0.0833333358168602,1,0.797067403793335,0.2616468667984009,0.5852487683296204,0.029515529051423073
194,131,True,0.09935897588729858,1,0.7971354722976685,0.2612990140914917,0.5850459337234497,0.029479457065463066
194,132,True,0.11538461595773697,1,0.7967134714126587,0.26168718934059143,0.5852137207984924,0.029564961791038513
58,50,False,0.0,0,0.6577696800231934,0.12904413044452667,0.5407216548919678,0.0160403773188591
58,51,False,0.0,1,0.7945764064788818,0.2592051327228546,0.5858055949211121,0.029674535617232323
58,52,False,0.0,1,0.7936764359474182,0.2592925727367401,0.5859483480453491,0.029737630859017372
58,53,False,0.0,1,0.7926005125045776,0.2586999535560608,0.5860929489135742,0.02977576293051243
58,54,False,0.0,1,0.7932918071746826,0.25963589549064636,0.585379421710968,0.029560307040810585
58,55,False,0.0,1,0.7934978008270264,0.2598190903663635,0.5861316323280334,0.02979370579123497
58,56,False,0.0,1,0.7925501465797424,0.25971585512161255,0.5858322978019714,0.02968132123351097
58,57,False,0.0,1,0.7933517694473267,0.25971245765686035,0.5858427286148071,0.0296926386654377
58,58,True,0.013888888992369175,1,0.7935389280319214,0.2596255838871002,0.5847123265266418,0.02939586527645588
58,59,True,0.0486111119389534,1,0.7940935492515564,0.25948700308799744,0.5848380923271179,0.02945128083229065
58,60,True,0.0833333358168602,1,0.7931445837020874,0.25939759612083435,0.5847592949867249,0.02950194850564003
58,61,True,0.1180555522441864,1,0.7938596606254578,0.2594926357269287,0.5850113034248352,0.0295784343034029
58,62,True,0.1527777761220932,1,0.7922539710998535,0.2597898542881012,0.5844151973724365,0.02943262830376625
58,63,True,0.1875,1,0.793302059173584,0.25900882482528687,0.5830221176147461,0.02908802218735218
58,64,True,0.2222222238779068,1,0.7929628491401672,0.2588178515434265,0.5825686454772949,0.029012616723775864
58,65,True,0.2569444477558136,1,0.7935967445373535,0.2590095102787018,0.5835787057876587,0.02933388575911522
92,36,False,0.0,0,0.6500198841094971,0.12289020419120789,0.5399678945541382,0.016077570617198944
92,37,False,0.0,1,0.7929860949516296,0.2592413127422333,0.5857928395271301,0.029799381271004677
92,38,False,0.0,1,0.7939046621322632,0.2589281499385834,0.5856677889823914,0.02978408895432949
92,39,False,0.0,1,0.7934025526046753,0.25939086079597473,0.586277186870575,0.029982790350914
92,40,False,0.0,1,0.7929365634918213,0.25887331366539,0.5858179330825806,0.029813973233103752
92,41,False,0.0,1,0.7927884459495544,0.25907522439956665,0.5856538414955139,0.029781339690089226
92,42,False,0.0,1,0.7931514978408813,0.25931617617607117,0.5858078598976135,0.029839904978871346
92,43,False,0.0,1,0.7929682731628418,0.2593729794025421,0.5857328176498413,0.029832368716597557
92,44,True,0.01834862306714058,1,0.7938780784606934,0.25897711515426636,0.5858731269836426,0.029923662543296814
92,45,True,0.06422018259763718,1,0.7932927012443542,0.2590416967868805,0.5853409767150879,0.02975979819893837
92,46,True,0.11009174585342407,1,0.7938682436943054,0.259006142616272,0.583791971206665,0.029354050755500793
92,47,True,0.15596330165863037,1,0.7922873497009277,0.25858527421951294,0.5840384364128113,0.029481416568160057
92,48,True,0.20183485746383667,1,0.7922024726867676,0.25929781794548035,0.58266282081604,0.02913585491478443
92,49,True,0.24770642817020416,1,0.7930772304534912,0.2593836784362793,0.5827054977416992,0.02921660803258419
92,50,True,0.29357796907424927,1,0.7933889627456665,0.2590324580669403,0.582648754119873,0.029253043234348297
92,51,True,0.33944955468177795,1,0.7932876944541931,0.258910596370697,0.5826746821403503,0.029273847118020058
161,175,False,0.0,0,0.6625268459320068,0.13994815945625305,0.5410701036453247,0.016282014548778534
161,176,False,0.0,1,0.7933233380317688,0.2612580358982086,0.5877336859703064,0.03041572868824005
161,177,False,0.0,1,0.7931529879570007,0.261823832988739,0.5872296094894409,0.030222054570913315
161,178,False,0.0,1,0.7927446365356445,0.2613588869571686,0.5866846442222595,0.030055474489927292
161,179,False,0.0,1,0.7926355600357056,0.26130247116088867,0.5872926115989685,0.030233129858970642
161,180,False,0.0,1,0.7932777404785156,0.2613429129123688,0.5873143076896667,0.03028557263314724
161,181,False,0.0,1,0.79319167137146,0.26148533821105957,0.5869137048721313,0.030151890590786934
161,182,False,0.0,1,0.7931078672409058,0.26106226444244385,0.5866687297821045,0.030092649161815643
161,183,True,0.002188183832913637,1,0.7931510210037231,0.26104915142059326,0.5872909426689148,0.030260303989052773
161,184,True,0.013129102997481823,1,0.7931908369064331,0.26142019033432007,0.5871848464012146,0.03033093921840191
161,185,True,0.024070022627711296,1,0.7936840057373047,0.26134464144706726,0.5872316956520081,0.03035399690270424
161,186,True,0.035010941326618195,1,0.7932653427124023,0.26152852177619934,0.5864874720573425,0.03011990152299404
161,187,True,0.045951858162879944,1,0.7933286428451538,0.26103588938713074,0.5867557525634766,0.030256694182753563
161,188,True,0.05689277872443199,1,0.7932208776473999,0.26080450415611267,0.5859639644622803,0.030000023543834686
161,189,True,0.06783369928598404,1,0.7932954430580139,0.26190662384033203,0.5864249467849731,0.03017638809978962
161,190,True,0.07877461612224579,1,0.792710542678833,0.2620597779750824,0.584993839263916,0.029724029824137688
91,40,False,0.0,0,0.6517832279205322,0.12381639331579208,0.5392646193504333,0.015765966847538948
91,41,False,0.0,1,0.7934209108352661,0.25879836082458496,0.5869938731193542,0.030406352132558823
91,42,False,0.0,1,0.7934843301773071,0.2587740123271942,0.5869815349578857,0.030390914529561996
91,43,False,0.0,1,0.7934735417366028,0.2585655450820923,0.586712658405304,0.030308013781905174
91,44,False,0.0,1,0.7934108376502991,0.25848159193992615,0.5868682861328125,0.030351296067237854
91,45,False,0.0,1,0.7932631969451904,0.25851932168006897,0.5869359374046326,0.030359404161572456
91,46,False,0.0,1,0.7932419776916504,0.25852829217910767,0.5874451398849487,0.030501121655106544
91,47,False,0.0,1,0.7929129600524902,0.2585392892360687,0.586785614490509,0.03033331036567688
91,48,False,0.0,1,0.7926532030105591,0.2585292160511017,0.5867018103599548,0.03037218004465103
91,49,True,0.024793388321995735,1,0.7928711771965027,0.25871145725250244,0.5865639448165894,0.030392741784453392
91,50,True,0.06611569970846176,1,0.7924410104751587,0.2588617205619812,0.5856929421424866,0.0301254503428936
91,51,True,0.10743801295757294,1,0.7925173044204712,0.25881248712539673,0.5851974487304688,0.030055366456508636
91,52,True,0.1487603336572647,1,0.7919843196868896,0.2588454782962799,0.5853269696235657,0.0300595760345459
91,53,True,0.1900826394557953,1,0.7922738790512085,0.25866150856018066,0.5843601822853088,0.02979499287903309
91,54,True,0.23140496015548706,1,0.791858971118927,0.2589774429798126,0.584567666053772,0.029908692464232445
91,55,True,0.27272728085517883,1,0.7920150756835938,0.2588990330696106,0.5845198631286621,0.02993687428534031
29,30,False,0.0,0,0.6529784202575684,0.12411751598119736,0.5370293259620667,0.015144960954785347
29,31,False,0.0,1,0.7942512035369873,0.2588638663291931,0.5860072374343872,0.030358394607901573
29,32,False,0.0,1,0.7936608195304871,0.25875771045684814,0.5858410596847534,0.030285874381661415
29,33,False,0.0,1,0.7940421104431152,0.25898346304893494,0.5855052471160889,0.030135786160826683
29,34,False,0.0,1,0.7930989861488342,0.25908881425857544,0.5853487849235535,0.030080674216151237
29,35,False,0.0,1,0.793493390083313,0.2588855028152466,0.5861685276031494,0.030394915491342545
29,36,False,0.0,1,0.7942748069763184,0.25896933674812317,0.5859513282775879,0.030312011018395424
29,37,False,0.0,1,0.7943652868270874,0.2590026259422302,0.5857611298561096,0.03025173954665661
29,38,True,0.010416666977107525,1,0.7930152416229248,0.25926318764686584,0.5854312181472778,0.030193541198968887
29,39,True,0.05263157933950424,1,0.7940377593040466,0.258438378572464,0.5849696397781372,0.030073756352066994
29,40,True,0.10526315867900848,1,0.7940001487731934,0.2585211396217346,0.5851040482521057,0.030182287096977234
29,41,True,0.15789473056793213,1,0.7928760051727295,0.25893422961235046,0.5850375890731812,0.030216744169592857
29,42,True,0.21052631735801697,1,0.793100118637085,0.2590453326702118,0.5838687419891357,0.029904760420322418
29,43,True,0.2631579041481018,1,0.7925928831100464,0.2590251564979553,0.5849207043647766,0.030306652188301086
29,44,True,0.31578946113586426,1,0.7932523488998413,0.25856995582580566,0.5826042890548706,0.029573531821370125
29,45,True,0.3684210479259491,1,0.7936785221099854,0.2587187588214874,0.5837021470069885,0.029978929087519646
73,6,False,0.0,0,0.6514644622802734,0.12529517710208893,0.5394659638404846,0.01619693636894226
73,7,False,0.0,1,0.7932819128036499,0.25970590114593506,0.5868065357208252,0.030691957101225853
73,8,False,0.0,1,0.7930581569671631,0.25948256254196167,0.5867031812667847,0.0306115560233593
73,9,False,0.0,1,0.793039858341217,0.2595025897026062,0.5864669680595398,0.030527818948030472
73,10,False,0.0,1,0.7931512594223022,0.2595188021659851,0.586987316608429,0.030742008239030838
73,11,False,0.0,1,0.7929571866989136,0.259573370218277,0.5863624811172485,0.030491085723042488
73,12,False,0.0,1,0.7931627631187439,0.2593969404697418,0.5869477987289429,0.030721956863999367
73,13,False,0.0,1,0.793792724609375,0.25912266969680786,0.5865468978881836,0.030586594715714455
73,14,False,0.0,1,0.7928223609924316,0.2597050964832306,0.5867987275123596,0.0306866317987442
73,15,True,0.0833333358168602,1,0.7928690314292908,0.2592394948005676,0.5859559774398804,0.03040648251771927
73,16,True,0.2222222238779068,1,0.7922244071960449,0.25905555486679077,0.5850038528442383,0.030130796134471893
73,17,True,0.3611111044883728,1,0.7927922606468201,0.25889310240745544,0.5838729739189148,0.029893800616264343
73,18,True,0.5,1,0.792089581489563,0.2587253153324127,0.583638608455658,0.029940040782094002
73,19,True,0.6388888955116272,1,0.7913815379142761,0.2589264512062073,0.5821866989135742,0.02948065660893917
73,20,True,0.7777777910232544,1,0.7926496267318726,0.25847938656806946,0.5803636908531189,0.028860127553343773
73,21,True,0.9166666865348816,1,0.7908391952514648,0.2586079239845276,0.5804152488708496,0.0289521012455225
48,20,False,0.0,0,0.6501171588897705,0.12244940549135208,0.5379650592803955,0.01531958021223545
48,21,False,0.0,1,0.7941557168960571,0.25858408212661743,0.5867940187454224,0.03048938885331154
48,22,False,0.0,1,0.7940738201141357,0.2584497332572937,0.5861680507659912,0.030235640704631805
48,23,False,0.0,1,0.7940125465393066,0.25847572088241577,0.5854654312133789,0.030069386586546898
48,24,False,0.0,1,0.7948940992355347,0.25876107811927795,0.5865458250045776,0.030415235087275505
48,25,False,0.0,1,0.7935965061187744,0.2584998905658722,0.5861358642578125,0.030280334874987602
48,26,False,0.0,1,0.794125497341156,0.2586953043937683,0.5862904787063599,0.030326450243592262
48,27,False,0.0,1,0.7934638261795044,0.2586944103240967,0.586188793182373,0.030288897454738617
48,28,True,0.028985507786273956,1,0.794726550579071,0.25893616676330566,0.5860804915428162,0.030177278444170952
48,29,True,0.10144927352666855,1,0.7942571640014648,0.25912612676620483,0.5852741003036499,0.029943374916911125
48,30,True,0.17391304671764374,1,0.7933392524719238,0.25859886407852173,0.5842852592468262,0.029630115255713463
48,31,True,0.24637681245803833,1,0.7936376333236694,0.25890854001045227,0.5844225287437439,0.029819637537002563
48,32,True,0.3188405930995941,1,0.7935354709625244,0.2591140866279602,0.5849151015281677,0.03004029020667076
48,33,True,0.3913043439388275,1,0.7933927774429321,0.258502721786499,0.5830681920051575,0.029423600062727928
48,34,True,0.4637681245803833,1,0.7936573624610901,0.25855642557144165,0.5824184417724609,0.029263203963637352
48,35,True,0.5362318754196167,1,0.7942681312561035,0.25851720571517944,0.5825837850570679,0.029407639056444168
157,169,False,0.0,0,0.66914963722229,0.1485143005847931,0.5411626100540161,0.016352923586964607
157,170,False,0.0,1,0.7930259704589844,0.2622702717781067,0.5884584784507751,0.03056558221578598
157,171,False,0.0,1,0.7928799390792847,0.2624261975288391,0.5887411832809448,0.030693408101797104
157,172,False,0.0,1,0.7930200099945068,0.2628883421421051,0.5884326696395874,0.03057178296148777
157,173,False,0.0,1,0.7925097346305847,0.26252615451812744,0.5886243581771851,0.030626559630036354
157,174,False,0.0,1,0.7924605011940002,0.2622608244419098,0.5884105563163757,0.030574921518564224
157,175,False,0.0,1,0.7926949262619019,0.26230955123901367,0.5881261825561523,0.03046133741736412
157,176,False,0.0,1,0.7927834987640381,0.26240310072898865,0.5884053111076355,0.030603352934122086
157,177,False,0.0,1,0.7927889227867126,0.26276591420173645,0.5885813236236572,0.030486777424812317
157,178,False,0.0,1,0.7925193309783936,0.26334667205810547,0.5878380537033081,0.030237948521971703
157,179,False,0.0,1,0.7927522659301758,0.26286810636520386,0.5886991620063782,0.030502373352646828
157,180,False,0.0,1,0.7926217317581177,0.26298317313194275,0.5883423686027527,0.03041965141892433
157,181,False,0.0,1,0.7927007675170898,0.26288041472435,0.5886048674583435,0.030526118353009224
157,182,False,0.0,1,0.7928444743156433,0.2630968987941742,0.5886417627334595,0.03055415116250515
157,183,False,0.0,1,0.7924726009368896,0.2631476819515228,0.5877104997634888,0.03020198829472065
157,184,False,0.0,1,0.792039155960083,0.2633427083492279,0.5887441039085388,0.030578384175896645
60,20,False,0.0,0,0.6570050716400146,0.12908905744552612,0.5414445400238037,0.016348442062735558
60,21,False,0.0,1,0.7937538623809814,0.25945550203323364,0.5876185297966003,0.03023209050297737
60,22,False,0.0,1,0.7932147979736328,0.25993576645851135,0.5876994132995605,0.030247151851654053
60,23,False,0.0,1,0.7939316034317017,0.25919151306152344,0.5874837636947632,0.0302304495126009
60,24,False,0.0,1,0.7933353185653687,0.2594059705734253,0.5872296094894409,0.030165228992700577
60,25,False,0.0,1,0.7935036420822144,0.25951480865478516,0.5876623392105103,0.03032395988702774
60,26,False,0.0,1,0.7934666872024536,0.25940224528312683,0.5877420902252197,0.030328018590807915
60,27,False,0.0,1,0.7934130430221558,0.2592502534389496,0.5881528854370117,0.030448125675320625
60,28,False,0.0,1,0.7933508157730103,0.2594498097896576,0.5875077247619629,0.030288124457001686
60,29,False,0.0,1,0.7939897775650024,0.25901609659194946,0.5875876545906067,0.030363736674189568
60,30,False,0.0,1,0.7936699390411377,0.2595385015010834,0.5880956649780273,0.03050384856760502
60,31,False,0.0,1,0.793795108795166,0.25947779417037964,0.5878196358680725,0.030417563393712044
60,32,False,0.0,1,0.793556272983551,0.2595407962799072,0.5882153511047363,0.030514143407344818
60,33,False,0.0,1,0.793886661529541,0.25945642590522766,0.5872958898544312,0.030233444646000862
60,34,False,0.0,1,0.7931729555130005,0.25955578684806824,0.5878861546516418,0.030499497428536415
60,35,False,0.0,1,0.7939544916152954,0.25928065180778503,0.5876193046569824,0.030353957787156105
146,121,False,0.0,0,0.6747069358825684,0.15424661338329315,0.5412995219230652,0.016131993383169174
146,122,False,0.0,1,0.796055793762207,0.26296037435531616,0.5878381729125977,0.030352139845490456
146,123,False,0.0,1,0.795534610748291,0.2632322609424591,0.5874800086021423,0.03025485947728157
146,124,False,0.0,1,0.796435534954071,0.2627201974391937,0.5881791710853577,0.03048062138259411
146,125,False,0.0,1,0.7958910465240479,0.26287999749183655,0.5879136323928833,0.03042503073811531
146,126,False,0.0,1,0.796684980392456,0.2617768943309784,0.5878542065620422,0.030363691970705986
146,127,False,0.0,1,0.7967547178268433,0.262156218290329,0.587997317314148,0.030415736138820648
146,128,False,0.0,1,0.7973229885101318,0.2612531781196594,0.5878873467445374,0.030375510454177856
146,129,True,0.003105590119957924,1,0.7970530986785889,0.2618022859096527,0.5882074236869812,0.030634958297014236
146,130,True,0.018633540719747543,1,0.7974758744239807,0.26106366515159607,0.5874195694923401,0.03042605146765709
146,131,True,0.034161489456892014,1,0.7971557378768921,0.2614835798740387,0.5872923731803894,0.030407458543777466
146,132,True,0.04968944191932678,1,0.7969094514846802,0.2612294554710388,0.5872957706451416,0.03044651821255684
146,133,True,0.06521739065647125,1,0.7964267730712891,0.2613666355609894,0.5883023142814636,0.030757304280996323
146,134,True,0.08074533939361572,1,0.7960507869720459,0.2611149847507477,0.5878381133079529,0.030590595677495003
146,135,True,0.09627329558134079,1,0.795299768447876,0.26138144731521606,0.5878751873970032,0.030588017776608467
146,136,True,0.11180124431848526,1,0.7946288585662842,0.26116034388542175,0.5876227021217346,0.03054645285010338
27,55,False,0.0,0,0.6500141620635986,0.12563911080360413,0.5401003360748291,0.015958990901708603
27,56,False,0.0,1,0.79353928565979,0.2595786452293396,0.5868479013442993,0.030512088909745216
27,57,False,0.0,1,0.7927227020263672,0.25946885347366333,0.5869940519332886,0.030557336285710335
27,58,False,0.0,1,0.7931816577911377,0.2599376142024994,0.5875454545021057,0.030727457255125046
27,59,False,0.0,1,0.7932169437408447,0.25952449440956116,0.5872712135314941,0.030605262145400047
27,60,False,0.0,1,0.7933715581893921,0.2596721053123474,0.5874268412590027,0.030669931322336197
27,61,False,0.0,1,0.7936664819717407,0.25947457551956177,0.5874723792076111,0.030683182179927826
27,62,False,0.0,1,0.7933303117752075,0.25967657566070557,0.5864951014518738,0.030357444658875465
27,63,True,0.006369426846504211,1,0.7932502031326294,0.2595197856426239,0.5877552628517151,0.030933357775211334
27,64,True,0.03821656107902527,1,0.7932069301605225,0.25955843925476074,0.5876584649085999,0.030928606167435646
27,65,True,0.07006369531154633,1,0.7934561371803284,0.25916874408721924,0.587592363357544,0.030889643356204033
27,66,True,0.10191082954406738,1,0.7927160263061523,0.2595306634902954,0.5871074199676514,0.030725250020623207
27,67,True,0.13375796377658844,1,0.7927680015563965,0.2595571279525757,0.5862295031547546,0.030433140695095062
27,68,True,0.1656050980091095,1,0.7934058308601379,0.2592814862728119,0.5872868299484253,0.030835729092359543
27,69,True,0.19745223224163055,1,0.7931512594223022,0.2595099210739136,0.5868415832519531,0.030668623745441437
27,70,True,0.2292993664741516,1,0.7929389476776123,0.25907936692237854,0.5863712430000305,0.03053375706076622
1,17,False,0.0,0,0.6518895626068115,0.1269804835319519,0.5413110256195068,0.016896093264222145
1,18,False,0.0,1,0.7941099405288696,0.2592073082923889,0.5867547988891602,0.030652642250061035
1,19,False,0.0,1,0.7943512201309204,0.2589869797229767,0.586948573589325,0.030710766091942787
1,20,False,0.0,1,0.7939077615737915,0.25923556089401245,0.5869906544685364,0.030782008543610573
1,21,False,0.0,1,0.7946895956993103,0.25879815220832825,0.5872907638549805,0.03089389204978943
1,22,False,0.0,1,0.793855607509613,0.2589780390262604,0.5871153473854065,0.0308085810393095
1,23,False,0.0,1,0.793864369392395,0.2592415511608124,0.5871118307113647,0.03083815984427929
1,24,False,0.0,1,0.7941635251045227,0.2590557336807251,0.5872635841369629,0.03084147348999977
1,25,True,0.016129031777381897,1,0.7940531373023987,0.2592068910598755,0.5874837040901184,0.031011397019028664
1,26,True,0.09677419066429138,1,0.7935681939125061,0.259034663438797,0.5865371823310852,0.03070671297609806
1,27,True,0.17741934955120087,1,0.79331374168396,0.25878819823265076,0.5848768949508667,0.030267782509326935
1,28,True,0.25806450843811035,1,0.7931218147277832,0.2586289346218109,0.5855016112327576,0.030541973188519478
1,29,True,0.33870968222618103,1,0.7933931350708008,0.25905340909957886,0.5852085947990417,0.03052484057843685
1,30,True,0.4193548262119293,1,0.7922556400299072,0.2585527300834656,0.582598090171814,0.029648898169398308
1,31,True,0.5,1,0.7920607328414917,0.2585914433002472,0.5824848413467407,0.029702985659241676
1,32,True,0.5806451439857483,1,0.7925015687942505,0.25841113924980164,0.5819537043571472,0.029582470655441284
25,17,False,0.0,0,0.6521272659301758,0.12391207367181778,0.5409596562385559,0.01652403175830841
25,18,False,0.0,1,0.7943214178085327,0.2587864398956299,0.5872887372970581,0.030804840847849846
25,19,False,0.0,1,0.7938655614852905,0.2584168612957001,0.5876500010490417,0.03096919134259224
25,20,False,0.0,1,0.7936937808990479,0.2584057152271271,0.5868516564369202,0.030691033229231834
25,21,False,0.0,1,0.7938372492790222,0.25828683376312256,0.5884013772010803,0.031223444268107414
25,22,False,0.0,1,0.7935601472854614,0.2584303915500641,0.587250828742981,0.03078850544989109
25,23,False,0.0,1,0.7943497896194458,0.2584443986415863,0.5884872078895569,0.031217847019433975
25,24,False,0.0,1,0.7947490215301514,0.25867319107055664,0.5888785719871521,0.031379472464323044
25,25,True,0.016129031777381897,1,0.7937774658203125,0.2584379315376282,0.5876479744911194,0.030798453837633133
25,26,True,0.09677419066429138,1,0.7936749458312988,0.258430540561676,0.5864328145980835,0.030482182279229164
25,27,True,0.17741934955120087,1,0.793071985244751,0.2587149143218994,0.5854374766349792,0.030351607128977776
25,28,True,0.25806450843811035,1,0.7932478189468384,0.25882160663604736,0.584768533706665,0.030108172446489334
25,29,True,0.33870968222618103,1,0.7937665581703186,0.2588958442211151,0.5849717259407043,0.030237115919589996
25,30,True,0.4193548262119293,1,0.7931846976280212,0.25878092646598816,0.5841917395591736,0.03001788631081581
25,31,True,0.5,1,0.7932437658309937,0.2587568759918213,0.5836577415466309,0.02988547645509243
25,32,True,0.5806451439857483,1,0.7929183840751648,0.2585529386997223,0.5822088718414307,0.029415113851428032
35,30,False,0.0,0,0.6510169506072998,0.1276247203350067,0.539681613445282,0.01591547764837742
35,31,False,0.0,1,0.7930923700332642,0.26012417674064636,0.588145911693573,0.030843842774629593
35,32,False,0.0,1,0.7927419543266296,0.26009511947631836,0.587949275970459,0.03079250454902649
35,33,False,0.0,1,0.7932228446006775,0.2600850462913513,0.588206946849823,0.030869383364915848
35,34,False,0.0,1,0.7927510142326355,0.259931743144989,0.58784419298172,0.03079996258020401
35,35,False,0.0,1,0.7941270470619202,0.2596314251422882,0.5883015990257263,0.030874652788043022
35,36,False,0.0,1,0.7939962148666382,0.2596547305583954,0.5877948999404907,0.03072153776884079
35,37,False,0.0,1,0.7937716245651245,0.2596993148326874,0.5875691771507263,0.03061075322329998
35,38,False,0.0,1,0.7932190895080566,0.25984707474708557,0.588392436504364,0.030704570934176445
35,39,False,0.0,1,0.7940046787261963,0.2597220242023468,0.5883215665817261,0.03062986582517624
35,40,False,0.0,1,0.7940056920051575,0.25957897305488586,0.5884936451911926,0.03069259598851204
35,41,False,0.0,1,0.7945107221603394,0.2593216001987457,0.5874390006065369,0.030331797897815704
35,42,False,0.0,1,0.794372022151947,0.2592211663722992,0.5883681178092957,0.030697181820869446
35,43,False,0.0,1,0.794441819190979,0.25888752937316895,0.5881223678588867,0.030539730563759804
35,44,False,0.0,1,0.7946714162826538,0.2596254050731659,0.5878326296806335,0.030464474111795425
35,45,False,0.0,1,0.7946523427963257,0.25951841473579407,0.5882126092910767,0.030565541237592697
88,4,False,0.0,0,0.6534116268157959,0.12506256997585297,0.5407201051712036,0.01606687530875206
88,5,False,0.0,1,0.7940624952316284,0.25831761956214905,0.5881940722465515,0.030422458425164223
88,6,False,0.0,1,0.7937601804733276,0.25865423679351807,0.5889737010002136,0.03069220669567585
88,7,False,0.0,1,0.7960138916969299,0.25878265500068665,0.5898178815841675,0.030956760048866272
88,8,False,0.0,1,0.7955688834190369,0.2587558329105377,0.5894184112548828,0.030761566013097763
88,9,False,0.0,1,0.7965452671051025,0.2586512267589569,0.5892884731292725,0.030743978917598724
88,10,False,0.0,1,0.7959469556808472,0.2594355344772339,0.5895724892616272,0.030857820063829422
88,11,False,0.0,1,0.7957744002342224,0.2593095898628235,0.5897905826568604,0.030908191576600075
88,12,False,0.0,1,0.7961071133613586,0.25890645384788513,0.5894222855567932,0.030624238774180412
88,13,True,0.09677419066429138,1,0.7957455515861511,0.2580515444278717,0.5867472290992737,0.02978934720158577
88,14,True,0.25806450843811035,1,0.7936621308326721,0.2586668133735657,0.586612343788147,0.02986118011176586
88,15,True,0.4193548262119293,1,0.7938933372497559,0.2587434947490692,0.5852598547935486,0.02948824129998684
88,16,True,0.5806451439857483,1,0.7942749261856079,0.25861209630966187,0.5841057896614075,0.029168415814638138
88,17,True,0.7419354915618896,1,0.7940947413444519,0.25858673453330994,0.5838642120361328,0.02911800891160965
88,18,True,0.9032257795333862,1,0.7923731207847595,0.25863155722618103,0.5826727151870728,0.028776636347174644
88,19,True,1.0,1,0.7919254302978516,0.2585242688655853,0.5770574808120728,0.02695826254785061
114,117,False,0.0,0,0.6745944023132324,0.15397046506404877,0.5424418449401855,0.016421835869550705
114,118,False,0.0,1,0.7956811189651489,0.2632007598876953,0.590065062046051,0.030554870143532753
114,119,False,0.0,1,0.7958492040634155,0.2639201879501343,0.5913670063018799,0.030969256535172462
114,120,False,0.0,1,0.7955641746520996,0.2640860676765442,0.591010570526123,0.030815046280622482
114,121,False,0.0,1,0.7964133024215698,0.26346084475517273,0.5908442735671997,0.030764708295464516
114,122,False,0.0,1,0.7967262864112854,0.26240262389183044,0.5909569263458252,0.030845534056425095
114,123,False,0.0,1,0.797029972076416,0.26287734508514404,0.5909718871116638,0.030838051810860634
114,124,False,0.0,1,0.7968597412109375,0.26266229152679443,0.5908183455467224,0.03077450953423977
114,125,False,0.0,1,0.7970856428146362,0.2623956501483917,0.5914610624313354,0.030826015397906303
114,126,False,0.0,1,0.7972813844680786,0.26196548342704773,0.5909956693649292,0.030648713931441307
114,127,False,0.0,1,0.7968609929084778,0.26233962178230286,0.5912110209465027,0.030727414414286613
114,128,False,0.0,1,0.7961776256561279,0.26237866282463074,0.5916194915771484,0.030833303928375244
114,129,False,0.0,1,0.7963815927505493,0.2624451816082001,0.5917316675186157,0.030896270647644997
114,130,False,0.0,1,0.7957268357276917,0.26230448484420776,0.5909804701805115,0.030616600066423416
114,131,False,0.0,1,0.7950690984725952,0.26187193393707275,0.5910032391548157,0.030682651326060295
114,132,False,0.0,1,0.7940962314605713,0.2616213858127594,0.590564489364624,0.030574630945920944
167,186,False,0.0,0,0.6657280921936035,0.14576740562915802,0.5429401397705078,0.01639849692583084
167,187,False,0.0,1,0.7935010194778442,0.2628363370895386,0.591864287853241,0.0308151226490736
167,188,False,0.0,1,0.7926791906356812,0.26255521178245544,0.5909615755081177,0.03053104691207409
167,189,False,0.0,1,0.7936803102493286,0.2626444697380066,0.5920007228851318,0.030862998217344284
167,190,False,0.0,1,0.7934877276420593,0.26335224509239197,0.5914973616600037,0.030720191076397896
167,191,False,0.0,1,0.7935609817504883,0.26234540343284607,0.5914286375045776,0.030699683353304863
167,192,False,0.0,1,0.7924613952636719,0.2633844316005707,0.5909072756767273,0.03055303357541561
167,193,False,0.0,1,0.7916507720947266,0.26314637064933777,0.5910834670066833,0.0306372232735157
167,194,False,0.0,1,0.7924107909202576,0.2625599503517151,0.5912098288536072,0.030688295140862465
167,195,False,0.0,1,0.7919343709945679,0.2621156573295593,0.5919737815856934,0.030934132635593414
167,196,False,0.0,1,0.7925602197647095,0.2621104121208191,0.5916506052017212,0.030800171196460724
167,197,False,0.0,1,0.7923264503479004,0.26159602403640747,0.5921111702919006,0.030941281467676163
167,198,False,0.0,1,0.7921364307403564,0.2614646255970001,0.5916672945022583,0.030869778245687485
167,199,False,0.0,1,0.7922042608261108,0.26128867268562317,0.5924785137176514,0.031064040958881378
167,200,False,0.0,1,0.7921760082244873,0.2612365484237671,0.592198371887207,0.030967775732278824
167,201,False,0.0,1,0.7920175790786743,0.26162591576576233,0.5920970439910889,0.030911877751350403
24,32,False,0.0,0,0.6602778434753418,0.13253624737262726,0.5412915349006653,0.01619643159210682
24,33,False,0.0,1,0.7952634692192078,0.2596943974494934,0.5899893045425415,0.03058929368853569
24,34,False,0.0,1,0.7953173518180847,0.25978174805641174,0.5897647738456726,0.030532151460647583
24,35,False,0.0,1,0.7946601510047913,0.25986212491989136,0.5898168087005615,0.030523240566253662
24,36,False,0.0,1,0.7950605154037476,0.2599240839481354,0.5902177691459656,0.03063408099114895
24,37,False,0.0,1,0.7954415082931519,0.2599012553691864,0.5894291996955872,0.03036574088037014
24,38,False,0.0,1,0.7949314117431641,0.2602243423461914,0.5897631049156189,0.030476011335849762
24,39,False,0.0,1,0.7950735092163086,0.2599453032016754,0.5901089906692505,0.030578801408410072
24,40,True,0.009900989942252636,1,0.795272707939148,0.2599352300167084,0.5895583033561707,0.030569106340408325
24,41,True,0.05000000074505806,1,0.7952566146850586,0.2599170506000519,0.5893393158912659,0.030565110966563225
24,42,True,0.10000000149011612,1,0.7958955764770508,0.2598090171813965,0.5890310406684875,0.03046117164194584
24,43,True,0.15000000596046448,1,0.7959145903587341,0.259587824344635,0.5887519717216492,0.030371956527233124
24,44,True,0.20000000298023224,1,0.7956100106239319,0.25932034850120544,0.5879014134407043,0.03014485351741314
24,45,True,0.25,1,0.7957406044006348,0.2595455050468445,0.5878961682319641,0.03016769327223301
24,46,True,0.30000001192092896,1,0.7950918674468994,0.2590082883834839,0.5871486067771912,0.029918791726231575
24,47,True,0.3499999940395355,1,0.794623613357544,0.2591306269168854,0.5874794721603394,0.030089573934674263
37,20,False,0.0,0,0.650287389755249,0.12380535155534744,0.5390310883522034,0.01544134970754385
37,21,False,0.0,1,0.7936007976531982,0.259041428565979,0.5887063145637512,0.03046344965696335
37,22,False,0.0,1,0.7941181063652039,0.2590292692184448,0.5885511040687561,0.030483506619930267
37,23,False,0.0,1,0.7937295436859131,0.25887662172317505,0.589332103729248,0.03065209649503231
37,24,False,0.0,1,0.7940995693206787,0.25879383087158203,0.588121235370636,0.03031975030899048
37,25,False,0.0,1,0.7947525978088379,0.25894075632095337,0.5882073044776917,0.03038235381245613
37,26,False,0.0,1,0.7941629886627197,0.25873151421546936,0.5880569815635681,0.03029244765639305
37,27,False,0.0,1,0.7943869829177856,0.2591807246208191,0.5887853503227234,0.030522659420967102
37,28,False,0.0,1,0.7946150302886963,0.259128212928772,0.5880927443504333,0.03046184591948986
37,29,False,0.0,1,0.7944835424423218,0.25885024666786194,0.5884469151496887,0.03054819256067276
37,30,False,0.0,1,0.7942746877670288,0.25867190957069397,0.5881664752960205,0.030462315306067467
37,31,False,0.0,1,0.794476330280304,0.258809357881546,0.588325560092926,0.030517008155584335
37,32,False,0.0,1,0.7937915325164795,0.2588754892349243,0.5885059237480164,0.030564360320568085
37,33,False,0.0,1,0.7948206067085266,0.2590947151184082,0.5884683132171631,0.030602796003222466
37,34,False,0.0,1,0.7940726280212402,0.258652925491333,0.5879642963409424,0.030369535088539124
37,35,False,0.0,1,0.7941828966140747,0.2589958608150482,0.5882254242897034,0.030439577996730804
58,50,False,0.0,0,0.6529862880706787,0.12457139045000076,0.5418238043785095,0.016621338203549385
58,51,False,0.0,1,0.7961133718490601,0.2585766911506653,0.5892248749732971,0.030870715156197548
58,52,False,0.0,1,0.7961083650588989,0.25846195220947266,0.5893547534942627,0.030903169885277748
58,53,False,0.0,1,0.7950361967086792,0.25857236981391907,0.5894800424575806,0.03095095232129097
58,54,False,0.0,1,0.7947292327880859,0.2601112425327301,0.5905904769897461,0.031370460987091064
58,55,False,0.0,1,0.7953015565872192,0.2598101794719696,0.5897663831710815,0.03110058605670929
58,56,False,0.0,1,0.7946867942810059,0.2600061893463135,0.5897011160850525,0.031025975942611694
58,57,False,0.0,1,0.7950496673583984,0.2598634660243988,0.5896067023277283,0.03102778270840645
58,58,True,0.013888888992369175,1,0.7945798635482788,0.2597735822200775,0.5890042185783386,0.030991779640316963
58,59,True,0.0486111119389534,1,0.7946350574493408,0.25933894515037537,0.5888720154762268,0.030993780121207237
58,60,True,0.0833333358168602,1,0.7953567504882812,0.25869473814964294,0.5893276929855347,0.03118332102894783
58,61,True,0.1180555522441864,1,0.7948263883590698,0.25947263836860657,0.5896252989768982,0.031267907470464706
58,62,True,0.1527777761220932,1,0.7942994832992554,0.25912025570869446,0.5879873037338257,0.03075590543448925
58,63,True,0.1875,1,0.7940328121185303,0.25863274931907654,0.5871617197990417,0.03060024045407772
58,64,True,0.2222222238779068,1,0.7941750884056091,0.2586735486984253,0.5869326591491699,0.030564725399017334
58,65,True,0.2569444477558136,1,0.7938483953475952,0.258734792470932,0.5865799784660339,0.030450955033302307
54,22,False,0.0,0,0.6427822113037109,0.11831346899271011,0.5415017604827881,0.016829131171107292
54,23,False,0.0,1,0.7946811318397522,0.25845977663993835,0.5897737145423889,0.03148283064365387
54,24,False,0.0,1,0.7943211793899536,0.2584715783596039,0.5895377993583679,0.031416915357112885
54,25,False,0.0,1,0.7946795225143433,0.25836899876594543,0.5894133448600769,0.031401630491018295
54,26,False,0.0,1,0.7945493459701538,0.25856709480285645,0.5898244380950928,0.03154534474015236
54,27,False,0.0,1,0.7947559356689453,0.2585471570491791,0.5902877449989319,0.03166576474905014
54,28,False,0.0,1,0.795134425163269,0.25850528478622437,0.5901988744735718,0.03161082789301872
54,29,False,0.0,1,0.7945104241371155,0.25862836837768555,0.5895199775695801,0.03137999027967453
54,30,False,0.0,1,0.7950214743614197,0.2581728398799896,0.5898262858390808,0.03163430839776993
54,31,True,0.03947368264198303,1,0.7951315641403198,0.25829198956489563,0.5902727842330933,0.03179639205336571
54,32,True,0.10526315867900848,1,0.794966459274292,0.25858885049819946,0.5901735424995422,0.03171582892537117
54,33,True,0.17105263471603394,1,0.7933391332626343,0.258665531873703,0.5883255004882812,0.03108331561088562
54,34,True,0.2368421107530594,1,0.7939130067825317,0.25871872901916504,0.5876038670539856,0.030991321429610252
54,35,True,0.30263158679008484,1,0.7931502461433411,0.25875169038772583,0.5865970849990845,0.03066740743815899
54,36,True,0.3684210479259491,1,0.7941200733184814,0.2590334415435791,0.5861476063728333,0.030614098533988
54,37,True,0.43421053886413574,1,0.7934191823005676,0.2588331401348114,0.585996150970459,0.03058246336877346
21,34,False,0.0,0,0.650747537612915,0.12468379735946655,0.5396538972854614,0.01627308689057827
21,35,False,0.0,1,0.794793426990509,0.2592168152332306,0.589083731174469,0.03148399293422699
21,36,False,0.0,1,0.7945100665092468,0.2588880956172943,0.5889303684234619,0.03142950311303139
21,37,False,0.0,1,0.7939327955245972,0.258785218000412,0.5889236927032471,0.031480420380830765
21,38,False,0.0,1,0.7945245504379272,0.2591104507446289,0.5888822078704834,0.03143859654664993
21,39,False,0.0,1,0.7929796576499939,0.2587820589542389,0.5884718298912048,0.03127042576670647
21,40,False,0.0,1,0.794542670249939,0.2590128183364868,0.5883738398551941,0.03124113939702511
21,41,False,0.0,1,0.7936245203018188,0.25892502069473267,0.5890494585037231,0.0315210334956646
21,42,False,0.0,1,0.7942070960998535,0.2594086527824402,0.588586151599884,0.031399764120578766
21,43,False,0.0,1,0.7940256595611572,0.2588914930820465,0.5887046456336975,0.03142563998699188
21,44,False,0.0,1,0.7938390970230103,0.2589367926120758,0.5887033343315125,0.031409379094839096
21,45,False,0.0,1,0.7935104370117188,0.25900623202323914,0.5888355374336243,0.03147948533296585
21,46,False,0.0,1,0.7936707139015198,0.2591860592365265,0.5887234807014465,0.03147291764616966
21,47,False,0.0,1,0.7927043437957764,0.2587936222553253,0.588259220123291,0.0312763936817646
21,48,False,0.0,1,0.7929335236549377,0.258634090423584,0.5881578326225281,0.03125105798244476
21,49,False,0.0,1,0.79280686378479,0.25895512104034424,0.5885204672813416,0.03135937452316284
173,116,False,0.0,0,0.6672513484954834,0.1494014710187912,0.5424029231071472,0.01727699674665928
173,117,False,0.0,1,0.7933769226074219,0.2639409899711609,0.5903922319412231,0.0318332277238369
173,118,False,0.0,1,0.7941032648086548,0.2640354037284851,0.5904110074043274,0.03185480460524559
173,119,False,0.0,1,0.7944576740264893,0.26447832584381104,0.5905925035476685,0.03189051151275635
173,120,False,0.0,1,0.7946566939353943,0.2640188932418823,0.5905094146728516,0.031843580305576324
173,121,False,0.0,1,0.7942586541175842,0.26416802406311035,0.5911506414413452,0.032091107219457626
173,122,False,0.0,1,0.7947991490364075,0.26413875818252563,0.5908122658729553,0.03195694088935852
173,123,False,0.0,1,0.7952587604522705,0.2639925479888916,0.5904704928398132,0.031883519142866135
173,124,False,0.0,1,0.7954720258712769,0.2636989951133728,0.5913318991661072,0.03202686458826065
173,125,True,0.009646302089095116,1,0.7960874438285828,0.26314276456832886,0.5915350914001465,0.032114818692207336
173,126,True,0.025723472237586975,1,0.7970537543296814,0.2619103491306305,0.5909766554832458,0.03197120502591133
173,127,True,0.041800644248723984,1,0.7966484427452087,0.2625868618488312,0.590501606464386,0.03182992339134216
173,128,True,0.057877812534570694,1,0.797057032585144,0.2626280188560486,0.5906308889389038,0.0318971611559391
173,129,True,0.0739549845457077,1,0.7966712713241577,0.26188671588897705,0.5894501209259033,0.031468767672777176
173,130,True,0.09003215283155441,1,0.7968237996101379,0.26205679774284363,0.5897341370582581,0.031559057533741
173,131,True,0.10610932111740112,1,0.7973740100860596,0.26213473081588745,0.5901455283164978,0.031713567674160004
122,121,False,0.0,0,0.672161340713501,0.1535024642944336,0.5431475639343262,0.01726788468658924
122,122,False,0.0,1,0.7950515747070312,0.26412805914878845,0.591353178024292,0.03188307583332062
122,123,False,0.0,1,0.7949161529541016,0.26441696286201477,0.5912917256355286,0.03181774914264679
122,124,False,0.0,1,0.7956382036209106,0.2635406255722046,0.5911895632743835,0.03181484341621399
122,125,False,0.0,1,0.7957954406738281,0.26362788677215576,0.5917399525642395,0.0319850854575634
122,126,False,0.0,1,0.7961252331733704,0.26360440254211426,0.5918946862220764,0.032043758779764175
122,127,False,0.0,1,0.7964769005775452,0.2630026638507843,0.5912907719612122,0.03184468671679497
122,128,False,0.0,1,0.7965987920761108,0.262967973947525,0.5917806625366211,0.032018501311540604
122,129,False,0.0,1,0.7962086200714111,0.2628925144672394,0.5926678776741028,0.0321248397231102
122,130,False,0.0,1,0.7963752150535583,0.26252561807632446,0.5919210910797119,0.03190070390701294
122,131,False,0.0,1,0.7961611747741699,0.26244911551475525,0.5914697647094727,0.03175773844122887
122,132,False,0.0,1,0.7966955304145813,0.2623286247253418,0.5921515822410583,0.03200007230043411
122,133,False,0.0,1,0.7966548204421997,0.26194846630096436,0.5920988321304321,0.03198804706335068
122,134,False,0.0,1,0.7954590916633606,0.26226580142974854,0.5922257900238037,0.03202539309859276
122,135,False,0.0,1,0.7944331765174866,0.2616795599460602,0.592157244682312,0.03194437175989151
122,136,False,0.0,1,0.7951295375823975,0.262012243270874,0.592057466506958,0.031927093863487244
116,181,False,0.0,0,0.6623380184173584,0.14435656368732452,0.543697714805603,0.017366819083690643
116,182,False,0.0,1,0.7924849987030029,0.2630625069141388,0.5923604369163513,0.031891509890556335
116,183,False,0.0,1,0.7929737567901611,0.2634575366973877,0.5926402807235718,0.031997859477996826
116,184,False,0.0,1,0.7929576635360718,0.263772577047348,0.5924615263938904,0.03197269141674042
116,185,False,0.0,1,0.7928129434585571,0.26364919543266296,0.5921590924263,0.0318496897816658
116,186,False,0.0,1,0.7922691106796265,0.26328277587890625,0.5925391316413879,0.03197213262319565
116,187,False,0.0,1,0.792148768901825,0.26343899965286255,0.592736005783081,0.032063961029052734
116,188,False,0.0,1,0.79237961769104,0.2628259062767029,0.5935091376304626,0.03230585530400276
116,189,False,0.0,1,0.7923775911331177,0.2627839148044586,0.5930300951004028,0.03212057426571846
116,190,False,0.0,1,0.7916857004165649,0.26237496733665466,0.5922369956970215,0.031813908368349075
116,191,False,0.0,1,0.7920327186584473,0.26212379336357117,0.592512309551239,0.03195439651608467
116,192,False,0.0,1,0.7928891181945801,0.26187968254089355,0.5931094884872437,0.03210827335715294
116,193,False,0.0,1,0.7928783893585205,0.2618018388748169,0.5932909846305847,0.03216685727238655
116,194,False,0.0,1,0.7916940450668335,0.2618556022644043,0.5931400656700134,0.03210876137018204
116,195,False,0.0,1,0.7923681139945984,0.26197704672813416,0.5934146046638489,0.03221989795565605
116,196,False,0.0,1,0.7914469242095947,0.26239508390426636,0.5926175713539124,0.0319465808570385
65,17,False,0.0,0,0.6573646068572998,0.12917092442512512,0.541767418384552,0.016410885378718376
65,18,False,0.0,1,0.7952893972396851,0.25962233543395996,0.5910257697105408,0.031386807560920715
65,19,False,0.0,1,0.7947537899017334,0.25917768478393555,0.5911977291107178,0.03145304694771767
65,20,False,0.0,1,0.7947906851768494,0.2593275308609009,0.5907565951347351,0.031269416213035583
65,21,False,0.0,1,0.7949450016021729,0.25870266556739807,0.5908083915710449,0.03129585459828377
65,22,False,0.0,1,0.7948190569877625,0.2586921751499176,0.5900825262069702,0.031071951612830162
65,23,False,0.0,1,0.7953447699546814,0.25879573822021484,0.59050452709198,0.031241390854120255
65,24,False,0.0,1,0.7943312525749207,0.25863131880760193,0.5896950364112854,0.030954059213399887
65,25,False,0.0,1,0.7948710918426514,0.2593987286090851,0.5903902649879456,0.03113599680364132
65,26,True,0.0634920671582222,1,0.7936966419219971,0.25898241996765137,0.5896737575531006,0.03089711256325245
65,27,True,0.1428571492433548,1,0.794220507144928,0.25960105657577515,0.588695228099823,0.030594414100050926
65,28,True,0.2222222238779068,1,0.7939358949661255,0.259154349565506,0.5884202122688293,0.030540160834789276
65,29,True,0.30158731341362,1,0.7939703464508057,0.2595667243003845,0.5883626937866211,0.030586903914809227
65,30,True,0.380952388048172,1,0.7933898568153381,0.25880032777786255,0.5868459939956665,0.030073653906583786
65,31,True,0.460317462682724,1,0.7929231524467468,0.2587852478027344,0.5858420133590698,0.029765596613287926
65,32,True,0.5396825671195984,1,0.793402910232544,0.2587875723838806,0.5856454968452454,0.029775096103549004
73,6,False,0.0,0,0.6487085819244385,0.12597984075546265,0.5411061644554138,0.016153650358319283
73,7,False,0.0,1,0.7930871248245239,0.26060259342193604,0.5907683968544006,0.03112441673874855
73,8,False,0.0,1,0.7936684489250183,0.26067259907722473,0.590691089630127,0.031139612197875977
73,9,False,0.0,1,0.792820930480957,0.260463684797287,0.590208888053894,0.030939856544137
73,10,False,0.0,1,0.7927453517913818,0.26078444719314575,0.5906374454498291,0.031101347878575325
73,11,False,0.0,1,0.7925322651863098,0.26075077056884766,0.5905908942222595,0.031091440469026566
73,12,False,0.0,1,0.7935764193534851,0.26090168952941895,0.5907378792762756,0.03117068111896515
73,13,False,0.0,1,0.794013261795044,0.2603224515914917,0.5904062986373901,0.031036728993058205
73,14,False,0.0,1,0.7928511500358582,0.26074734330177307,0.590049684047699,0.03090294636785984
73,15,True,0.0833333358168602,1,0.7921448945999146,0.26044848561286926,0.5893450379371643,0.03070354461669922
73,16,True,0.2222222238779068,1,0.7936402559280396,0.2604108154773712,0.5879968404769897,0.0303140077739954
73,17,True,0.3611111044883728,1,0.7938863039016724,0.2595004737377167,0.5872154235839844,0.030105173587799072
73,18,True,0.5,1,0.7922122478485107,0.2588368356227875,0.5859487056732178,0.02970055304467678
73,19,True,0.6388888955116272,1,0.7922126054763794,0.25887244939804077,0.5848094820976257,0.02939426526427269
73,20,True,0.7777777910232544,1,0.7934002876281738,0.25845807790756226,0.5845634341239929,0.029341239482164383
73,21,True,0.9166666865348816,1,0.7919765114784241,0.25865915417671204,0.5839134454727173,0.029124634340405464
27,55,False,0.0,0,0.6549530029296875,0.1309468299150467,0.5410350561141968,0.016079740598797798
27,56,False,0.0,1,0.7942783832550049,0.2609004080295563,0.5902264714241028,0.030882470309734344
27,57,False,0.0,1,0.7943898439407349,0.26074615120887756,0.5906193256378174,0.031002255156636238
27,58,False,0.0,1,0.7939456701278687,0.2609879970550537,0.5904075503349304,0.03090633451938629
27,59,False,0.0,1,0.7940444946289062,0.2608245611190796,0.5903667211532593,0.030895667150616646
27,60,False,0.0,1,0.7938045263290405,0.260944664478302,0.5902469754219055,0.030910605564713478
27,61,False,0.0,1,0.794113039970398,0.2609459161758423,0.5904765725135803,0.030941979959607124
27,62,False,0.0,1,0.7947983741760254,0.2605883479118347,0.5907093286514282,0.031003441661596298
27,63,True,0.006369426846504211,1,0.7956176996231079,0.2598682641983032,0.5914562940597534,0.03125125542283058
27,64,True,0.03821656107902527,1,0.794649600982666,0.260664701461792,0.590859055519104,0.031066225841641426
27,65,True,0.07006369531154633,1,0.7941722869873047,0.26061132550239563,0.5909792184829712,0.031114032492041588
27,66,True,0.10191082954406738,1,0.7941816449165344,0.2605709433555603,0.5903525352478027,0.030879342928528786
27,67,True,0.13375796377658844,1,0.7945948839187622,0.2605997920036316,0.5897154211997986,0.030724486336112022
27,68,True,0.1656050980091095,1,0.7940906286239624,0.2605697512626648,0.5899381637573242,0.03078637272119522
27,69,True,0.19745223224163055,1,0.7939482927322388,0.26021960377693176,0.5892676711082458,0.03058718889951706
27,70,True,0.2292993664741516,1,0.793190598487854,0.2602687478065491,0.5886400938034058,0.030410917475819588
72,5,False,0.0,0,0.6552824974060059,0.12698017060756683,0.5413030982017517,0.016097571700811386
72,6,False,0.0,1,0.7965384721755981,0.25916963815689087,0.5905992984771729,0.03094756416976452
72,7,False,0.0,1,0.7963789701461792,0.25873467326164246,0.5904296636581421,0.030884750187397003
72,8,False,0.0,1,0.7963548898696899,0.2585667669773102,0.5907686948776245,0.030992338433861732
72,9,False,0.0,1,0.7966420650482178,0.2587323486804962,0.5912225842475891,0.031136363744735718
72,10,False,0.0,1,0.796130895614624,0.2586999535560608,0.5909305810928345,0.031034793704748154
72,11,False,0.0,1,0.7962818145751953,0.25876572728157043,0.590826690196991,0.031040506437420845
72,12,False,0.0,1,0.7959805727005005,0.25944945216178894,0.5911688804626465,0.031129881739616394
72,13,True,0.03125,1,0.7959441542625427,0.2588186264038086,0.5904039144515991,0.030849091708660126
72,14,True,0.1875,1,0.7945103645324707,0.2595742344856262,0.589030385017395,0.03049115091562271
72,15,True,0.34375,1,0.7956385016441345,0.2584609091281891,0.587664008140564,0.030166955664753914
72,16,True,0.5,1,0.7945558428764343,0.25823137164115906,0.5869750380516052,0.029950084164738655
72,17,True,0.65625,1,0.7941051721572876,0.25830090045928955,0.5859728455543518,0.029701463878154755
72,18,True,0.8125,1,0.7930662035942078,0.2583949863910675,0.5851747989654541,0.029480114579200745
72,19,True,0.96875,1,0.7923074960708618,0.25857385993003845,0.5840206146240234,0.029149925336241722
72,20,True,1.0,1,0.7923198938369751,0.25853168964385986,0.57893967628479,0.02742950990796089
176,122,False,0.0,0,0.6693575382232666,0.15188194811344147,0.5425646901130676,0.01650736667215824
176,123,False,0.0,1,0.7945847511291504,0.26455923914909363,0.5929022431373596,0.03158237040042877
176,124,False,0.0,1,0.7948724031448364,0.264469176530838,0.5925907492637634,0.031476348638534546
176,125,False,0.0,1,0.7957906723022461,0.26421549916267395,0.5933717489242554,0.03172675892710686
176,126,False,0.0,1,0.7964327335357666,0.26364320516586304,0.5925627946853638,0.031441580504179
176,127,False,0.0,1,0.7973592281341553,0.263053297996521,0.5930922031402588,0.0316326729953289
176,128,False,0.0,1,0.7970845699310303,0.262783020734787,0.5931863784790039,0.03168444707989693
176,129,False,0.0,1,0.7973297834396362,0.26208481192588806,0.5928117632865906,0.03153744712471962
176,130,False,0.0,1,0.796758770942688,0.26271408796310425,0.5931316018104553,0.03165636956691742
176,131,True,0.00920245423913002,1,0.7976405024528503,0.2615547180175781,0.5931519865989685,0.031693581491708755
176,132,True,0.024539876729249954,1,0.7977156639099121,0.2622090280056,0.5940239429473877,0.03200802952051163
176,133,True,0.03987729921936989,1,0.7973719835281372,0.26176491379737854,0.5932213068008423,0.03176692873239517
176,134,True,0.05521472543478012,1,0.7960162162780762,0.2618071436882019,0.593176543712616,0.03175177425146103
176,135,True,0.07055214792490005,1,0.7965068817138672,0.26150092482566833,0.5927130579948425,0.03162101283669472
176,136,True,0.08588957041501999,1,0.795973002910614,0.2613438665866852,0.5925040245056152,0.03154109790921211
176,137,True,0.10122699290513992,1,0.7942061424255371,0.26111072301864624,0.5912879705429077,0.031230585649609566
114,117,False,0.0,0,0.6693556308746338,0.14959196746349335,0.5444886088371277,0.0172970462590456
114,118,False,0.0,1,0.795573353767395,0.2636529803276062,0.5947741270065308,0.03218626603484154
114,119,False,0.0,1,0.795072615146637,0.2636364698410034,0.5945742726325989,0.03210258111357689
114,120,False,0.0,1,0.7953667640686035,0.2640877366065979,0.595156192779541,0.032278873026371
114,121,False,0.0,1,0.7969292402267456,0.26284393668174744,0.5941462516784668,0.031951047480106354
114,122,False,0.0,1,0.7968782186508179,0.2627706229686737,0.5943347811698914,0.03205613046884537
114,123,False,0.0,1,0.7967255115509033,0.2624216675758362,0.5949326157569885,0.03224629908800125
114,124,False,0.0,1,0.7966634035110474,0.2626882791519165,0.5951851606369019,0.03231343626976013
114,125,False,0.0,1,0.7970864772796631,0.26231878995895386,0.5947144031524658,0.032106466591358185
114,126,False,0.0,1,0.7975231409072876,0.26162049174308777,0.595625638961792,0.0323595255613327
114,127,False,0.0,1,0.796746015548706,0.2620999813079834,0.595035970211029,0.03220070153474808
114,128,False,0.0,1,0.7969464659690857,0.2618178427219391,0.5958249568939209,0.03243240341544151
114,129,False,0.0,1,0.7961902618408203,0.2622326612472534,0.5948120951652527,0.03209624066948891
114,130,False,0.0,1,0.7960703372955322,0.2620416581630707,0.5953801274299622,0.03232289105653763
114,131,False,0.0,1,0.7936866283416748,0.26192888617515564,0.5948071479797363,0.03212611749768257
114,132,False,0.0,1,0.7950260639190674,0.261415034532547,0.5945032238960266,0.032008811831474304
132,115,False,0.0,0,0.6736547946929932,0.15302520990371704,0.5440950393676758,0.017062710598111153
132,116,False,0.0,1,0.7953214645385742,0.2641223669052124,0.5945648550987244,0.03191493824124336
132,117,False,0.0,1,0.7951235771179199,0.2643400728702545,0.594835102558136,0.031993258744478226
132,118,False,0.0,1,0.7961841821670532,0.26377245783805847,0.5946878790855408,0.03198060765862465
132,119,False,0.0,1,0.7969169020652771,0.26335397362709045,0.5951136946678162,0.032118991017341614
132,120,False,0.0,1,0.7965248823165894,0.26353782415390015,0.5954568386077881,0.03222666680812836
132,121,False,0.0,1,0.7967002391815186,0.2634114623069763,0.5951714515686035,0.03212664648890495
132,122,False,0.0,1,0.7970139980316162,0.26245224475860596,0.5945619940757751,0.031945642083883286
132,123,False,0.0,1,0.7975542545318604,0.2628510594367981,0.5954674482345581,0.03209412097930908
132,124,True,0.012987012974917889,1,0.798000156879425,0.26232850551605225,0.5947868824005127,0.03190440312027931
132,125,True,0.02922077849507332,1,0.7981724143028259,0.2624894082546234,0.5949153900146484,0.03201445937156677
132,126,True,0.04545454680919647,1,0.7977612018585205,0.2621363699436188,0.595714271068573,0.03229653835296631
132,127,True,0.06168831139802933,1,0.7979642152786255,0.2616117000579834,0.5952765345573425,0.032128311693668365
132,128,True,0.07792207598686218,1,0.7975109815597534,0.2618364095687866,0.5951617360115051,0.03207451105117798
132,129,True,0.09415584057569504,1,0.7968341112136841,0.26147788763046265,0.5943942070007324,0.03181808441877365
132,130,True,0.11038961261510849,1,0.7964670658111572,0.2616550922393799,0.5937899947166443,0.031663816422224045
66,50,False,0.0,0,0.6580915451049805,0.1280365139245987,0.5415574908256531,0.01602069102227688
66,51,False,0.0,1,0.7962088584899902,0.2581188976764679,0.5948516130447388,0.031898532062768936
66,52,False,0.0,1,0.7959471344947815,0.25814348459243774,0.5939261317253113,0.03160560131072998
66,53,False,0.0,1,0.7956073880195618,0.2581157386302948,0.5947034358978271,0.031875211745500565
66,54,False,0.0,1,0.795892596244812,0.2581948935985565,0.5945117473602295,0.03184078633785248
66,55,False,0.0,1,0.7956993579864502,0.2583118975162506,0.5937578678131104,0.03156065195798874
66,56,False,0.0,1,0.7958823442459106,0.2582089602947235,0.5947864055633545,0.031912192702293396
66,57,False,0.0,1,0.79572594165802,0.2583591938018799,0.5945534706115723,0.031834062188863754
66,58,False,0.0,1,0.7960061430931091,0.25817611813545227,0.5941211581230164,0.03166702389717102
66,59,False,0.0,1,0.7959873080253601,0.2584384083747864,0.5936231017112732,0.03151090443134308
66,60,False,0.0,1,0.7955291271209717,0.25835534930229187,0.5939348936080933,0.031582705676555634
66,61,False,0.0,1,0.795957088470459,0.25831231474876404,0.5937211513519287,0.03155411779880524
66,62,False,0.0,1,0.7957166433334351,0.25832778215408325,0.5933200716972351,0.031438861042261124
66,63,False,0.0,1,0.7962580919265747,0.2582786977291107,0.5940364003181458,0.03166263923048973
66,64,False,0.0,1,0.7958101630210876,0.25840309262275696,0.5936104655265808,0.031503885984420776
66,65,False,0.0,1,0.7959411144256592,0.25813981890678406,0.5943551659584045,0.031775642186403275
174,119,False,0.0,0,0.6775112152099609,0.15402595698833466,0.5444457530975342,0.017000578343868256
174,120,False,0.0,1,0.797150731086731,0.2631922662258148,0.5951588153839111,0.031799111515283585
174,121,False,0.0,1,0.7972218990325928,0.2629495859146118,0.5946062207221985,0.03164149075746536
174,122,False,0.0,1,0.7977066040039062,0.263011634349823,0.5952403545379639,0.031869616359472275
174,123,False,0.0,1,0.7975285053253174,0.2627372443675995,0.5955260396003723,0.03196003660559654
174,124,False,0.0,1,0.7973343133926392,0.2622673213481903,0.5954468250274658,0.031904350966215134
174,125,False,0.0,1,0.7977641820907593,0.26219630241394043,0.5952571034431458,0.031875383108854294
174,126,False,0.0,1,0.7975382208824158,0.2619111239910126,0.5955871939659119,0.03193678706884384
174,127,False,0.0,1,0.7981292009353638,0.2620645761489868,0.5943843722343445,0.031618304550647736
174,128,False,0.0,1,0.7978358268737793,0.2621869444847107,0.5942041277885437,0.03156430274248123
174,129,False,0.0,1,0.7974129319190979,0.2615930736064911,0.5945653915405273,0.03171002119779587
174,130,False,0.0,1,0.7962548732757568,0.26199719309806824,0.5950473546981812,0.03182848542928696
174,131,False,0.0,1,0.7961922883987427,0.26131707429885864,0.5940940976142883,0.03155941516160965
174,132,False,0.0,1,0.7968602180480957,0.2612457275390625,0.5939875841140747,0.0315069817006588
174,133,False,0.0,1,0.795573353767395,0.2614402174949646,0.5937175750732422,0.031407177448272705
174,134,False,0.0,1,0.7951043844223022,0.261426717042923,0.5939992070198059,0.03151495382189751
31,74,False,0.0,0,0.6488277912139893,0.12117601931095123,0.53874671459198,0.01501272153109312
31,75,False,0.0,1,0.7954810857772827,0.25836920738220215,0.5910532474517822,0.030951375141739845
31,76,False,0.0,1,0.7948601245880127,0.2584640681743622,0.5908564329147339,0.030863814055919647
31,77,False,0.0,1,0.7955031991004944,0.2584419548511505,0.5909557938575745,0.030922263860702515
31,78,False,0.0,1,0.7953484654426575,0.2584518492221832,0.5914478898048401,0.03105655126273632
31,79,False,0.0,1,0.794692873954773,0.25849249958992004,0.5913928747177124,0.03105000965297222
31,80,False,0.0,1,0.7949545383453369,0.2584453225135803,0.5908496975898743,0.030817488208413124
31,81,False,0.0,1,0.7951785326004028,0.25835928320884705,0.5911704897880554,0.0309764351695776
31,82,False,0.0,1,0.7952842712402344,0.2583657205104828,0.5909066796302795,0.03109418787062168
31,83,True,0.014563106931746006,1,0.794708251953125,0.25886070728302,0.5906944870948792,0.03106638230383396
31,84,True,0.03883495181798935,1,0.7942503690719604,0.25853967666625977,0.5908449292182922,0.031124737113714218
31,85,True,0.06310679763555527,1,0.7952471375465393,0.2581722140312195,0.5910274982452393,0.031184611842036247
31,86,True,0.08737864345312119,1,0.7952651977539062,0.2585385739803314,0.5912687182426453,0.03126966953277588
31,87,True,0.1116504818201065,1,0.7953120470046997,0.2582649886608124,0.590644896030426,0.03102814592421055
31,88,True,0.13592232763767242,1,0.7952077388763428,0.2583168148994446,0.5901424884796143,0.030927613377571106
31,89,True,0.16019417345523834,1,0.7952162027359009,0.2584328055381775,0.5901162624359131,0.0309308934956789
57,19,False,0.0,0,0.655637264251709,0.1261768639087677,0.5406527519226074,0.016218703240156174
57,20,False,0.0,1,0.7965567708015442,0.2587096691131592,0.5908606052398682,0.031330421566963196
57,21,False,0.0,1,0.7963504791259766,0.25866639614105225,0.5915794968605042,0.031546443700790405
57,22,False,0.0,1,0.7964392900466919,0.2589525282382965,0.5914953351020813,0.03152698650956154
57,23,False,0.0,1,0.7963603734970093,0.25859713554382324,0.5907630920410156,0.0312846377491951
57,24,False,0.0,1,0.7969458103179932,0.25920355319976807,0.591187596321106,0.031487517058849335
57,25,False,0.0,1,0.7962518930435181,0.2586424648761749,0.5911334753036499,0.031407009810209274
57,26,False,0.0,1,0.7960820198059082,0.2589570879936218,0.5915401577949524,0.0315854549407959
57,27,False,0.0,1,0.7971370816230774,0.2588532567024231,0.5916012525558472,0.031695716083049774
57,28,False,0.0,1,0.7967761754989624,0.25859880447387695,0.5914385914802551,0.031666409224271774
57,29,False,0.0,1,0.7955256700515747,0.2583613991737366,0.5911197662353516,0.03151148185133934
57,30,False,0.0,1,0.796446681022644,0.2584853768348694,0.590927243232727,0.03146215155720711
57,31,False,0.0,1,0.7961392402648926,0.25873515009880066,0.5913451910018921,0.03160015866160393
57,32,False,0.0,1,0.797041118144989,0.2591214179992676,0.5913789868354797,0.03166142851114273
57,33,False,0.0,1,0.7964609861373901,0.25891536474227905,0.5921411514282227,0.031841326504945755
57,34,False,0.0,1,0.7965625524520874,0.2586268484592438,0.5912918448448181,0.03157560154795647
33,33,False,0.0,0,0.6645445823669434,0.1328933835029602,0.5420586466789246,0.016802098602056503
33,34,False,0.0,1,0.797161340713501,0.2592069208621979,0.5933428406715393,0.03219263628125191
33,35,False,0.0,1,0.7974212169647217,0.2585134506225586,0.5925915837287903,0.031934719532728195
33,36,False,0.0,1,0.7969912886619568,0.2593897581100464,0.5927380919456482,0.031975157558918
33,37,False,0.0,1,0.7967796325683594,0.25903722643852234,0.5927397608757019,0.031992364674806595
33,38,False,0.0,1,0.7969090342521667,0.2594897747039795,0.5928471684455872,0.032026201486587524
33,39,False,0.0,1,0.7967512607574463,0.25934675335884094,0.5930006504058838,0.03208546340465546
33,40,False,0.0,1,0.7973869442939758,0.2592005133628845,0.592932939529419,0.03206704929471016
33,41,False,0.0,1,0.7970795631408691,0.25947463512420654,0.5928803086280823,0.03194344416260719
33,42,True,0.03883495181798935,1,0.7968852519989014,0.25960400700569153,0.5932830572128296,0.03211680427193642
33,43,True,0.08737864345312119,1,0.7968250513076782,0.25915274024009705,0.5927047729492188,0.03195355087518692
33,44,True,0.13592232763767242,1,0.7969093322753906,0.259181410074234,0.5918198227882385,0.0317145399749279
33,45,True,0.18446601927280426,1,0.7960277795791626,0.25917789340019226,0.5911691188812256,0.03155198320746422
33,46,True,0.2330097109079361,1,0.7959225177764893,0.2594081461429596,0.5908201336860657,0.03151639923453331
33,47,True,0.28155338764190674,1,0.796384334564209,0.2589378356933594,0.5899192690849304,0.031231330707669258
33,48,True,0.3300970792770386,1,0.7959840297698975,0.258550226688385,0.5895034074783325,0.031153088435530663
95,56,False,0.0,0,0.660658597946167,0.1300322562456131,0.5435977578163147,0.017208056524395943
95,57,False,0.0,1,0.7970702648162842,0.2582318186759949,0.5931603908538818,0.03194452449679375
95,58,False,0.0,1,0.7972782254219055,0.258756548166275,0.5938483476638794,0.03219345584511757
95,59,False,0.0,1,0.7972019910812378,0.25813156366348267,0.5934544801712036,0.03207677602767944
95,60,False,0.0,1,0.7973151206970215,0.2582257091999054,0.593529224395752,0.03205206245183945
95,61,False,0.0,1,0.7971648573875427,0.2580486834049225,0.5935168266296387,0.03206580877304077
95,62,False,0.0,1,0.7966853380203247,0.25798046588897705,0.59416264295578,0.03227245807647705
95,63,False,0.0,1,0.7972829937934875,0.2580389380455017,0.5934706926345825,0.032031022012233734
95,64,False,0.0,1,0.7970160841941833,0.25792965292930603,0.5936089754104614,0.03208552673459053
95,65,False,0.0,1,0.7969338893890381,0.25808772444725037,0.5935392379760742,0.032080236822366714
95,66,False,0.0,1,0.7973642945289612,0.2579939663410187,0.5934762954711914,0.03201434388756752
95,67,False,0.0,1,0.7973073124885559,0.2580800950527191,0.5933685898780823,0.03202490881085396
95,68,False,0.0,1,0.7971290349960327,0.25798580050468445,0.5942419171333313,0.0322798490524292
95,69,False,0.0,1,0.7973600625991821,0.2586677670478821,0.5933866500854492,0.03200158104300499
95,70,False,0.0,1,0.7976517081260681,0.25823232531547546,0.5930572152137756,0.0319172702729702
95,71,False,0.0,1,0.7974904775619507,0.25798556208610535,0.592766523361206,0.031830668449401855
32,19,False,0.0,0,0.6575207710266113,0.12751246988773346,0.5430722236633301,0.0172310508787632
32,20,False,0.0,1,0.7972480058670044,0.25848978757858276,0.5939741134643555,0.03220125660300255
32,21,False,0.0,1,0.7964538931846619,0.25852906703948975,0.594160795211792,0.03217323124408722
32,22,False,0.0,1,0.7963800430297852,0.2588140368461609,0.5935449600219727,0.03196488693356514
32,23,False,0.0,1,0.7968282699584961,0.2591296136379242,0.5945148468017578,0.03227595239877701
32,24,False,0.0,1,0.7967132925987244,0.2588989734649658,0.5941593050956726,0.03217792883515358
32,25,False,0.0,1,0.796043872833252,0.2588033080101013,0.5935396552085876,0.031983278691768646
32,26,False,0.0,1,0.7965566515922546,0.2588309645652771,0.5944676995277405,0.032310884445905685
32,27,True,0.014925372786819935,1,0.7966691255569458,0.2586631178855896,0.5927658081054688,0.03174842894077301
32,28,True,0.08955223858356476,1,0.7963259220123291,0.2588268518447876,0.5920963883399963,0.03155965730547905
32,29,True,0.16417910158634186,1,0.7965311408042908,0.2586875855922699,0.5921052098274231,0.03160359337925911
32,30,True,0.23880596458911896,1,0.7968591451644897,0.2589103877544403,0.5908708572387695,0.03134475648403168
32,31,True,0.31343284249305725,1,0.796291708946228,0.2588043510913849,0.5905560255050659,0.03128761798143387
32,32,True,0.38805970549583435,1,0.7960466742515564,0.25890085101127625,0.590321958065033,0.031229399144649506
32,33,True,0.46268656849861145,1,0.7959508895874023,0.25852707028388977,0.5896689891815186,0.03101469576358795
32,34,True,0.5373134613037109,1,0.7953654527664185,0.258278489112854,0.5904269814491272,0.031314752995967865
107,172,False,0.0,0,0.6571211814880371,0.1356385499238968,0.5456038117408752,0.017941931262612343
107,173,False,0.0,1,0.7958091497421265,0.2609216570854187,0.5946825742721558,0.03211295232176781
107,174,False,0.0,1,0.7957543134689331,0.2616940438747406,0.5937955975532532,0.03182739391922951
107,175,False,0.0,1,0.7956494688987732,0.2611815929412842,0.5945344567298889,0.032063789665699005
107,176,False,0.0,1,0.7955484986305237,0.2618335485458374,0.5938292741775513,0.03183720260858536
107,177,False,0.0,1,0.7950913310050964,0.26194560527801514,0.5946047902107239,0.03207587078213692
107,178,False,0.0,1,0.7947319746017456,0.2616339921951294,0.5943554639816284,0.031970880925655365
107,179,False,0.0,1,0.7950496673583984,0.26176390051841736,0.5935196280479431,0.03171541914343834
107,180,True,0.002217294881120324,1,0.795255184173584,0.2621619701385498,0.594655454158783,0.03203690052032471
107,181,True,0.011111111380159855,1,0.7952390909194946,0.2617185413837433,0.5947161316871643,0.03207390755414963
107,182,True,0.02222222276031971,1,0.7947930097579956,0.2616345286369324,0.593343198299408,0.03166472166776657
107,183,True,0.03333333507180214,1,0.7958307266235352,0.26173582673072815,0.5945656895637512,0.03209436312317848
107,184,True,0.04444444552063942,1,0.7958201169967651,0.2620276212692261,0.5947397351264954,0.03214826434850693
107,185,True,0.0555555559694767,1,0.7953295707702637,0.2620713710784912,0.5947914123535156,0.032132938504219055
107,186,True,0.06666667014360428,1,0.7958853244781494,0.2626676857471466,0.5940573811531067,0.03194459527730942
107,187,True,0.07777778059244156,1,0.7955894470214844,0.26222485303878784,0.5938476324081421,0.03191109746694565
177,175,False,0.0,0,0.6614456176757812,0.14072589576244354,0.5439150333404541,0.017114004120230675
177,176,False,0.0,1,0.7951417565345764,0.261974573135376,0.5949473977088928,0.0320824570953846
177,177,False,0.0,1,0.7946600317955017,0.2623009979724884,0.5947221517562866,0.032030150294303894
177,178,False,0.0,1,0.7947019934654236,0.26223981380462646,0.5949386358261108,0.03209306672215462
177,179,False,0.0,1,0.7949483394622803,0.2615324854850769,0.5952374339103699,0.032198913395404816
177,180,False,0.0,1,0.7949981689453125,0.26122623682022095,0.5942826867103577,0.031854692846536636
177,181,False,0.0,1,0.7950994968414307,0.2616492807865143,0.5953695774078369,0.03224123641848564
177,182,False,0.0,1,0.7955062389373779,0.2621663510799408,0.5946188569068909,0.03197670355439186
177,183,True,0.002188183832913637,1,0.7952519655227661,0.26210787892341614,0.5946767330169678,0.03190916031599045
177,184,True,0.013129102997481823,1,0.7953969240188599,0.2622351050376892,0.5948646664619446,0.03202444687485695
177,185,True,0.024070022627711296,1,0.7955303192138672,0.26203441619873047,0.5945423245429993,0.031892646104097366
177,186,True,0.035010941326618195,1,0.7957200407981873,0.2619995176792145,0.5949319005012512,0.032015085220336914
177,187,True,0.045951858162879944,1,0.7954608798027039,0.26248085498809814,0.5946568250656128,0.03199354559183121
177,188,True,0.05689277872443199,1,0.7955011129379272,0.262364000082016,0.5949503779411316,0.032049912959337234
177,189,True,0.06783369928598404,1,0.7955737113952637,0.262267529964447,0.5951608419418335,0.03212433308362961
177,190,True,0.07877461612224579,1,0.7955559492111206,0.2623506188392639,0.5943688154220581,0.03189639374613762
142,117,False,0.0,0,0.6797745227813721,0.15514418482780457,0.5447492003440857,0.017242982983589172
142,118,False,0.0,1,0.797681987285614,0.2630526125431061,0.594637393951416,0.03180791065096855
142,119,False,0.0,1,0.7976447343826294,0.26294758915901184,0.594565749168396,0.03177609667181969
142,120,False,0.0,1,0.7982686758041382,0.26282185316085815,0.5947245359420776,0.03183843195438385
142,121,False,0.0,1,0.7987960577011108,0.2618977427482605,0.5943840146064758,0.03174364194273949
142,122,False,0.0,1,0.7985447645187378,0.2621026635169983,0.5947445631027222,0.03187761828303337
142,123,False,0.0,1,0.7983987927436829,0.2622607350349426,0.595095157623291,0.03194313868880272
142,124,False,0.0,1,0.7984365224838257,0.2614797055721283,0.5952678322792053,0.03202730789780617
142,125,True,0.0032051282469183207,1,0.7989056706428528,0.2612684369087219,0.5948769450187683,0.03189244493842125
142,126,True,0.01923076994717121,1,0.7988956570625305,0.26125285029411316,0.5948570370674133,0.031938813626766205
142,127,True,0.035256411880254745,1,0.7987498044967651,0.2615647614002228,0.5949464440345764,0.03197924420237541
142,128,True,0.05128205195069313,1,0.7984886169433594,0.2609806954860687,0.5946587324142456,0.03191673383116722
142,129,True,0.06730769574642181,1,0.7984565496444702,0.2605311870574951,0.5944557189941406,0.03181632608175278
142,130,True,0.0833333358168602,1,0.7983710765838623,0.26096057891845703,0.5941285490989685,0.03172697126865387
142,131,True,0.09935897588729858,1,0.7979484796524048,0.2608282268047333,0.5937303304672241,0.03165038675069809
142,132,True,0.11538461595773697,1,0.7977997064590454,0.2602197825908661,0.5928098559379578,0.031393297016620636
45,14,False,0.0,0,0.6537313461303711,0.12588469684123993,0.5418941378593445,0.016192013397812843
45,15,False,0.0,1,0.7962900400161743,0.2588500380516052,0.5935967564582825,0.03166427090764046
45,16,False,0.0,1,0.7959652543067932,0.25857776403427124,0.5939931869506836,0.03177030384540558
45,17,False,0.0,1,0.7965807914733887,0.2589329481124878,0.5931783318519592,0.03150319680571556
45,18,False,0.0,1,0.7966241836547852,0.2588006854057312,0.59410160779953,0.031791944056749344
45,19,False,0.0,1,0.7965580224990845,0.25883859395980835,0.593932032585144,0.0317353829741478
45,20,False,0.0,1,0.7965753078460693,0.25864773988723755,0.5937182903289795,0.03165328502655029
45,21,False,0.0,1,0.7966498732566833,0.2590189278125763,0.5932677984237671,0.031511347740888596
45,22,False,0.0,1,0.7971333861351013,0.2594943642616272,0.5938493013381958,0.031704362481832504
45,23,False,0.0,1,0.7972116470336914,0.2586861848831177,0.5941429138183594,0.03183647245168686
45,24,False,0.0,1,0.7974454164505005,0.2591187655925751,0.5934762954711914,0.03163394331932068
45,25,False,0.0,1,0.7975773811340332,0.2596590518951416,0.5941779017448425,0.031858835369348526
45,26,False,0.0,1,0.7968666553497314,0.2594538629055023,0.5939671993255615,0.031751275062561035
45,27,False,0.0,1,0.7973928451538086,0.2594471573829651,0.5937691330909729,0.0317067913711071
45,28,False,0.0,1,0.7976604700088501,0.2590828239917755,0.5939949750900269,0.03176723048090935
45,29,False,0.0,1,0.7982218265533447,0.25911927223205566,0.5936575531959534,0.031676750630140305
135,180,False,0.0,0,0.6673424243927002,0.1437092274427414,0.5447618365287781,0.017232729122042656
135,181,False,0.0,1,0.7955002188682556,0.261684387922287,0.595050036907196,0.03199711814522743
135,182,False,0.0,1,0.7954627275466919,0.2617199718952179,0.5949940085411072,0.03197809308767319
135,183,False,0.0,1,0.795028567314148,0.2617051899433136,0.5946049094200134,0.03185223042964935
135,184,False,0.0,1,0.7951159477233887,0.2614354193210602,0.5945711135864258,0.031900014728307724
135,185,False,0.0,1,0.7948910593986511,0.2617814242839813,0.5943185091018677,0.03180331364274025
135,186,False,0.0,1,0.7947250604629517,0.26191481947898865,0.5949352979660034,0.03198032081127167
135,187,False,0.0,1,0.795133113861084,0.26225048303604126,0.5947655439376831,0.0319095104932785
135,188,False,0.0,1,0.7950818538665771,0.2618061304092407,0.5950613021850586,0.03197173401713371
135,189,False,0.0,1,0.7955688238143921,0.2619454562664032,0.595649242401123,0.032186705619096756
135,190,False,0.0,1,0.7956603765487671,0.26202622056007385,0.5951166749000549,0.032024018466472626
135,191,False,0.0,1,0.7952487468719482,0.2625367343425751,0.5953266024589539,0.032145801931619644
135,192,False,0.0,1,0.7955234050750732,0.262471467256546,0.5950379371643066,0.03198123723268509
135,193,False,0.0,1,0.7956808805465698,0.26243260502815247,0.5951567888259888,0.03203723579645157
135,194,False,0.0,1,0.7953619360923767,0.2623893618583679,0.5948218703269958,0.031915485858917236
135,195,False,0.0,1,0.7953363060951233,0.2619752287864685,0.5945597290992737,0.031838204711675644
78,35,False,0.0,0,0.6708471775054932,0.13898484408855438,0.5416513681411743,0.01616859622299671
78,36,False,0.0,1,0.7988427877426147,0.25986769795417786,0.5931650996208191,0.03147316724061966
78,37,False,0.0,1,0.7987130880355835,0.2594354748725891,0.5935842394828796,0.03162733092904091
78,38,False,0.0,1,0.798878014087677,0.2592232823371887,0.5930307507514954,0.03146255016326904
78,39,False,0.0,1,0.7990193367004395,0.2591387629508972,0.592833399772644,0.03141095116734505
78,40,False,0.0,1,0.7991485595703125,0.25931984186172485,0.5931628942489624,0.031500037759542465
78,41,False,0.0,1,0.7985644340515137,0.2595515549182892,0.5925827026367188,0.031345367431640625
78,42,False,0.0,1,0.7984738349914551,0.25958487391471863,0.5929092168807983,0.03145663067698479
78,43,False,0.0,1,0.7986987829208374,0.25901442766189575,0.5932391285896301,0.03145480528473854
78,44,False,0.0,1,0.7990787625312805,0.25975537300109863,0.593734085559845,0.0315963514149189
78,45,False,0.0,1,0.7989400029182434,0.25966542959213257,0.5935600996017456,0.031525325030088425
78,46,False,0.0,1,0.7980142831802368,0.2595626711845398,0.593518078327179,0.0315413735806942
78,47,False,0.0,1,0.7982784509658813,0.2593090534210205,0.5936402082443237,0.03155094385147095
78,48,False,0.0,1,0.7974865436553955,0.2590290904045105,0.5932174921035767,0.0314076729118824
78,49,False,0.0,1,0.7975460290908813,0.2590239346027374,0.5932124257087708,0.03141186013817787
78,50,False,0.0,1,0.7974122762680054,0.25896432995796204,0.5937521457672119,0.03160965070128441
96,5,False,0.0,0,0.6691124439239502,0.1368263214826584,0.5422781109809875,0.016155987977981567
96,6,False,0.0,1,0.7986032366752625,0.25896987318992615,0.5955106019973755,0.03201891481876373
96,7,False,0.0,1,0.798582911491394,0.25926780700683594,0.5953302383422852,0.03198135644197464
96,8,False,0.0,1,0.7986931800842285,0.2595311105251312,0.5953955054283142,0.03198762610554695
96,9,False,0.0,1,0.7979931831359863,0.259462833404541,0.5953521728515625,0.03195507824420929
96,10,False,0.0,1,0.7987241744995117,0.2593691051006317,0.5953343510627747,0.031967539340257645
96,11,False,0.0,1,0.7981160879135132,0.2594180405139923,0.595575213432312,0.03204616159200668
96,12,False,0.0,1,0.7983455657958984,0.2593611180782318,0.5956222414970398,0.0320579819381237
96,13,False,0.0,1,0.7975744009017944,0.25879448652267456,0.5951928496360779,0.03182061016559601
96,14,False,0.0,1,0.7976780533790588,0.25883790850639343,0.5949566960334778,0.03171819448471069
96,15,False,0.0,1,0.7983031272888184,0.2592029273509979,0.5955286622047424,0.03191402554512024
96,16,False,0.0,1,0.7982715368270874,0.25917893648147583,0.5958028435707092,0.03202012926340103
96,17,False,0.0,1,0.7976200580596924,0.25866082310676575,0.5955520272254944,0.03187838941812515
96,18,False,0.0,1,0.797788143157959,0.2586843967437744,0.5951045751571655,0.031739380210638046
96,19,False,0.0,1,0.7975531816482544,0.25844427943229675,0.5948700904846191,0.031671687960624695
96,20,False,0.0,1,0.7970064878463745,0.2585674524307251,0.595272958278656,0.03179293870925903
14,50,False,0.0,0,0.6613421440124512,0.13214172422885895,0.5451346635818481,0.01703825034201145
14,51,False,0.0,1,0.7972371578216553,0.2587987780570984,0.596979558467865,0.03215993195772171
14,52,False,0.0,1,0.7973109483718872,0.2590429186820984,0.5966634750366211,0.031999748200178146
14,53,False,0.0,1,0.7973277568817139,0.25884485244750977,0.597148060798645,0.03214527294039726
14,54,False,0.0,1,0.7972253561019897,0.2584470510482788,0.5967400670051575,0.03206505626440048
14,55,False,0.0,1,0.7968157529830933,0.2580850422382355,0.5962502360343933,0.031907498836517334
14,56,False,0.0,1,0.797183632850647,0.2581201493740082,0.5965773463249207,0.032030317932367325
14,57,False,0.0,1,0.7971535921096802,0.25790494680404663,0.5962285995483398,0.031901951879262924
14,58,False,0.0,1,0.797295868396759,0.25813716650009155,0.5957432985305786,0.03179647773504257
14,59,True,0.02054794505238533,1,0.7974035739898682,0.2585030496120453,0.596215546131134,0.03197643160820007
14,60,True,0.054794520139694214,1,0.7956845760345459,0.25784486532211304,0.5955680012702942,0.031819816678762436
14,61,True,0.0890410989522934,1,0.7954577207565308,0.257779985666275,0.5939633846282959,0.0314251109957695
14,62,True,0.12328767031431198,1,0.7957303524017334,0.2578003406524658,0.5932319164276123,0.03127129003405571
14,63,True,0.15753424167633057,1,0.7958216071128845,0.25775450468063354,0.5934078693389893,0.03139201179146767
14,64,True,0.19178082048892975,1,0.7957947850227356,0.25783771276474,0.5935701131820679,0.031444747000932693
14,65,True,0.22602739930152893,1,0.7956756949424744,0.2577224671840668,0.5928939580917358,0.031305138021707535
155,172,False,0.0,0,0.6668014526367188,0.1431744545698166,0.5460388660430908,0.017544720321893692
155,173,False,0.0,1,0.7966001033782959,0.26197895407676697,0.5980950593948364,0.032455187290906906
155,174,False,0.0,1,0.7961133718490601,0.26147377490997314,0.5978278517723083,0.03235321491956711
155,175,False,0.0,1,0.7963510155677795,0.26201191544532776,0.5979917645454407,0.03240809589624405
155,176,False,0.0,1,0.795818567276001,0.261549174785614,0.5972421169281006,0.03218875825405121
155,177,False,0.0,1,0.7966120839118958,0.2618888318538666,0.5974152088165283,0.03220636397600174
155,178,False,0.0,1,0.7966713905334473,0.26190972328186035,0.5976972579956055,0.032348308712244034
155,179,False,0.0,1,0.7961061000823975,0.2622729241847992,0.5974780321121216,0.032271843403577805
155,180,False,0.0,1,0.7965172529220581,0.2622944414615631,0.5966703295707703,0.03216329589486122
155,181,False,0.0,1,0.7962241768836975,0.26165828108787537,0.5966016054153442,0.03212249279022217
155,182,False,0.0,1,0.7964818477630615,0.262423574924469,0.5962531566619873,0.032050278037786484
155,183,False,0.0,1,0.7966509461402893,0.2622850239276886,0.5966554284095764,0.032166097313165665
155,184,False,0.0,1,0.7962408065795898,0.26218733191490173,0.5964568257331848,0.03210628032684326
155,185,False,0.0,1,0.7962494492530823,0.2625636160373688,0.596486508846283,0.03210167586803436
155,186,False,0.0,1,0.796420156955719,0.26211240887641907,0.5962594747543335,0.03203592821955681
155,187,False,0.0,1,0.7964596748352051,0.26207664608955383,0.5967493057250977,0.03219160437583923
5,14,False,0.0,0,0.6617765426635742,0.1283971667289734,0.5429732203483582,0.016767699271440506
5,15,False,0.0,1,0.798791766166687,0.25747543573379517,0.5955746173858643,0.0321393646299839
5,16,False,0.0,1,0.7988289594650269,0.25753533840179443,0.5951493382453918,0.03195375204086304
5,17,False,0.0,1,0.7977544069290161,0.25740179419517517,0.5950992703437805,0.031958531588315964
5,18,False,0.0,1,0.7983345985412598,0.25744733214378357,0.5951622724533081,0.032011523842811584
5,19,False,0.0,1,0.7974295020103455,0.2574327290058136,0.5945430397987366,0.03179827332496643
5,20,False,0.0,1,0.7986278533935547,0.2577503025531769,0.594533383846283,0.03180694580078125
5,21,False,0.0,1,0.798058271408081,0.2574770450592041,0.595241129398346,0.03205372020602226
5,22,False,0.0,1,0.7983695268630981,0.2577541172504425,0.5942359566688538,0.03185512125492096
5,23,False,0.0,1,0.7981808185577393,0.25762611627578735,0.594152569770813,0.03185833618044853
5,24,False,0.0,1,0.7981531620025635,0.25757014751434326,0.5934690833091736,0.03162593021988869
5,25,False,0.0,1,0.7981616854667664,0.2576913833618164,0.5940663814544678,0.03182290121912956
5,26,False,0.0,1,0.7984930276870728,0.25789928436279297,0.5936939120292664,0.031711481511592865
5,27,False,0.0,1,0.7989911437034607,0.25798293948173523,0.5939967036247253,0.03186691924929619
5,28,False,0.0,1,0.7980920672416687,0.2579018175601959,0.5939710140228271,0.0318300798535347
5,29,False,0.0,1,0.7986462116241455,0.2584422826766968,0.5946570038795471,0.032033372670412064
22,34,False,0.0,0,0.6489834785461426,0.12000856548547745,0.5398978590965271,0.01578536070883274
22,35,False,0.0,1,0.7963912487030029,0.2575121819972992,0.5930843353271484,0.03181624412536621
22,36,False,0.0,1,0.7975938320159912,0.25863391160964966,0.5918574929237366,0.031406112015247345
22,37,False,0.0,1,0.7977294325828552,0.258076012134552,0.5925712585449219,0.031623486429452896
22,38,False,0.0,1,0.7970662117004395,0.25856727361679077,0.5926811099052429,0.03164259344339371
22,39,False,0.0,1,0.7976065278053284,0.25794166326522827,0.5933849215507507,0.031850140541791916
22,40,False,0.0,1,0.7974706888198853,0.25836193561553955,0.5935496687889099,0.03189021348953247
22,41,False,0.0,1,0.7976588010787964,0.2587730288505554,0.5932323336601257,0.031806353479623795
22,42,True,0.01923076994717121,1,0.7977539300918579,0.2587704062461853,0.5938565731048584,0.03206474334001541
22,43,True,0.06730769574642181,1,0.7979663610458374,0.25767648220062256,0.5933672189712524,0.03201815485954285
22,44,True,0.11538461595773697,1,0.798072099685669,0.25774040818214417,0.5922489762306213,0.03166262060403824
22,45,True,0.16346153616905212,1,0.7979129552841187,0.25835558772087097,0.5922651290893555,0.031718116253614426
22,46,True,0.21153846383094788,1,0.7961732149124146,0.25762510299682617,0.5909406542778015,0.03132519870996475
22,47,True,0.25961539149284363,1,0.7963570356369019,0.2577875852584839,0.5907361507415771,0.03133607283234596
22,48,True,0.3076923191547394,1,0.7963606119155884,0.2576747536659241,0.5899601578712463,0.031112585216760635
22,49,True,0.35576921701431274,1,0.7964612245559692,0.2579110264778137,0.5896347165107727,0.030994223430752754
137,169,False,0.0,0,0.6564581394195557,0.13547414541244507,0.5451450347900391,0.017770184203982353
137,170,False,0.0,1,0.7964529395103455,0.26113390922546387,0.5949453115463257,0.03228286653757095
137,171,False,0.0,1,0.7964624166488647,0.26138824224472046,0.5944848656654358,0.032146938145160675
137,172,False,0.0,1,0.796501636505127,0.26152002811431885,0.5944156050682068,0.03213179111480713
137,173,False,0.0,1,0.7972102165222168,0.2619510293006897,0.5945833921432495,0.03218290954828262
137,174,False,0.0,1,0.79735267162323,0.2608642578125,0.5940219759941101,0.03199300915002823
137,175,False,0.0,1,0.7965713143348694,0.2610015273094177,0.5939806699752808,0.031995564699172974
137,176,False,0.0,1,0.7969269752502441,0.26168733835220337,0.5948166847229004,0.03228720650076866
137,177,False,0.0,1,0.7971146106719971,0.2616468667984009,0.595291018486023,0.032357700169086456
137,178,False,0.0,1,0.7972186803817749,0.2615991234779358,0.5951085090637207,0.032303739339113235
137,179,False,0.0,1,0.7966870069503784,0.26102808117866516,0.5946194529533386,0.032125074416399
137,180,False,0.0,1,0.7971915602684021,0.26140138506889343,0.5952263474464417,0.03236237168312073
137,181,False,0.0,1,0.796524167060852,0.2610516846179962,0.5941631197929382,0.03201252967119217
137,182,False,0.0,1,0.7965003848075867,0.2610381841659546,0.5946199297904968,0.03218762204051018
137,183,False,0.0,1,0.7969027161598206,0.2613551616668701,0.5947384238243103,0.03221505880355835
137,184,False,0.0,1,0.7964243292808533,0.2613534927368164,0.5946221947669983,0.0321732796728611
133,176,False,0.0,0,0.670933723449707,0.14573775231838226,0.5446495413780212,0.017408248037099838
133,177,False,0.0,1,0.7969914078712463,0.26057860255241394,0.5946428179740906,0.03218507394194603
133,178,False,0.0,1,0.797502875328064,0.261475533246994,0.5955454111099243,0.032490067183971405
133,179,False,0.0,1,0.7973053455352783,0.2609512507915497,0.5942493081092834,0.03203398361802101
133,180,False,0.0,1,0.7976703643798828,0.26129150390625,0.5947540998458862,0.032232508063316345
133,181,False,0.0,1,0.7974122762680054,0.26154452562332153,0.5956611633300781,0.032528042793273926
133,182,False,0.0,1,0.7976238131523132,0.2609633207321167,0.5949294567108154,0.032293688505887985
133,183,False,0.0,1,0.7973706722259521,0.26186713576316833,0.5948107242584229,0.03224516287446022
133,184,False,0.0,1,0.797329306602478,0.26176032423973083,0.5951988101005554,0.03233176842331886
133,185,False,0.0,1,0.7968064546585083,0.2615721523761749,0.5948763489723206,0.03225692734122276
133,186,False,0.0,1,0.7970688343048096,0.26190871000289917,0.5958490371704102,0.03258571773767471
133,187,False,0.0,1,0.7966517210006714,0.26195988059043884,0.5953177809715271,0.03241455927491188
133,188,False,0.0,1,0.796481728553772,0.2611766457557678,0.5955729484558105,0.032528601586818695
133,189,False,0.0,1,0.796264111995697,0.261364221572876,0.5951447486877441,0.03238812834024429
133,190,False,0.0,1,0.796029806137085,0.2610967755317688,0.5953952074050903,0.03245377913117409
133,191,False,0.0,1,0.7960655689239502,0.2613401710987091,0.5957913994789124,0.032605234533548355
69,4,False,0.0,0,0.6613972187042236,0.12942102551460266,0.5431356430053711,0.016852783039212227
69,5,False,0.0,1,0.7982995510101318,0.2586272060871124,0.5944154262542725,0.03218590468168259
69,6,False,0.0,1,0.7979042530059814,0.25783097743988037,0.593931257724762,0.0319979302585125
69,7,False,0.0,1,0.798255980014801,0.25849592685699463,0.5945004224777222,0.032183997333049774
69,8,False,0.0,1,0.7980899810791016,0.2577495276927948,0.5944800972938538,0.03219566121697426
69,9,False,0.0,1,0.7990455031394958,0.25840333104133606,0.5950455069541931,0.032382600009441376
69,10,False,0.0,1,0.7980271577835083,0.2577131688594818,0.5945318341255188,0.032208964228630066
69,11,False,0.0,1,0.7985652685165405,0.25850945711135864,0.5943441987037659,0.03213658556342125
69,12,False,0.0,1,0.798198938369751,0.2579275965690613,0.5954744219779968,0.032406292855739594
69,13,False,0.0,1,0.7982050180435181,0.257987380027771,0.5949236750602722,0.03220418095588684
69,14,False,0.0,1,0.7981394529342651,0.2581869065761566,0.5946452617645264,0.03215566277503967
69,15,False,0.0,1,0.7975400686264038,0.2579560875892639,0.5941241383552551,0.031953081488609314
69,16,False,0.0,1,0.7974480986595154,0.25764045119285583,0.5946739912033081,0.032121796160936356
69,17,False,0.0,1,0.7970076203346252,0.2574930489063263,0.5943194031715393,0.03204699978232384
69,18,False,0.0,1,0.7977940440177917,0.2577763795852661,0.594528079032898,0.03208717331290245
69,19,False,0.0,1,0.7970970869064331,0.2579309940338135,0.5940506458282471,0.03194504603743553
193,178,False,0.0,0,0.6654231548309326,0.14341634511947632,0.5452266931533813,0.017467312514781952
193,179,False,0.0,1,0.7957562208175659,0.2613470256328583,0.5957203507423401,0.032245833426713943
193,180,False,0.0,1,0.7960458993911743,0.261908620595932,0.596436083316803,0.032451972365379333
193,181,False,0.0,1,0.7958625555038452,0.2616230547428131,0.5964089632034302,0.03243880718946457
193,182,False,0.0,1,0.7959111928939819,0.2609387934207916,0.5964714288711548,0.0324733667075634
193,183,False,0.0,1,0.7960327863693237,0.26103082299232483,0.5963359475135803,0.03243605047464371
193,184,False,0.0,1,0.7963108420372009,0.2617364823818207,0.596267819404602,0.03235699236392975
193,185,False,0.0,1,0.796329140663147,0.26167646050453186,0.5966032147407532,0.03247654810547829
193,186,False,0.0,1,0.7957662343978882,0.26069194078445435,0.596134603023529,0.03223894536495209
193,187,False,0.0,1,0.7961605787277222,0.2619208097457886,0.5969388484954834,0.03254750370979309
193,188,False,0.0,1,0.7960546016693115,0.26175227761268616,0.596820592880249,0.032453104853630066
193,189,False,0.0,1,0.7959872484207153,0.26212814450263977,0.5964791774749756,0.032380860298871994
193,190,False,0.0,1,0.7963235378265381,0.26176029443740845,0.5966235399246216,0.03236934915184975
193,191,False,0.0,1,0.7958546876907349,0.2610880136489868,0.5961037874221802,0.03222642466425896
193,192,False,0.0,1,0.7963690757751465,0.26200422644615173,0.5971546769142151,0.032556284219026566
193,193,False,0.0,1,0.7960858345031738,0.2620845437049866,0.5959808826446533,0.03216246888041496
80,28,False,0.0,0,0.6547000408172607,0.12579700350761414,0.5425931215286255,0.016343824565410614
80,29,False,0.0,1,0.7965209484100342,0.2576121687889099,0.5946416258811951,0.031807392835617065
80,30,False,0.0,1,0.7974789142608643,0.25799867510795593,0.5946481227874756,0.0318564735352993
80,31,False,0.0,1,0.7972284555435181,0.25749146938323975,0.5944190621376038,0.03177109733223915
80,32,False,0.0,1,0.7966351509094238,0.2576996386051178,0.5947776436805725,0.03187045827507973
80,33,False,0.0,1,0.7970792055130005,0.2579626142978668,0.5947392582893372,0.031884606927633286
80,34,False,0.0,1,0.7965829372406006,0.2581337094306946,0.5949702858924866,0.031937792897224426
80,35,False,0.0,1,0.7974491715431213,0.2580939531326294,0.5946961641311646,0.03183699771761894
80,36,False,0.0,1,0.7966320514678955,0.25811541080474854,0.594670832157135,0.03180254250764847
80,37,False,0.0,1,0.7963265180587769,0.25786149501800537,0.5951524376869202,0.031943805515766144
80,38,False,0.0,1,0.7968546152114868,0.25811082124710083,0.5945510864257812,0.03172915056347847
80,39,False,0.0,1,0.7971985340118408,0.25828230381011963,0.5947165489196777,0.03177264705300331
80,40,False,0.0,1,0.7974538207054138,0.25862637162208557,0.5953531265258789,0.032008539885282516
80,41,False,0.0,1,0.7970997095108032,0.2590886056423187,0.595426619052887,0.031996697187423706
80,42,False,0.0,1,0.7971677780151367,0.25871503353118896,0.595210075378418,0.03196282684803009
80,43,False,0.0,1,0.7975548505783081,0.25882768630981445,0.5963947772979736,0.03228338435292244
30,32,False,0.0,0,0.6619164943695068,0.1290511041879654,0.5444532036781311,0.01717337593436241
30,33,False,0.0,1,0.7990062832832336,0.25719866156578064,0.5960198044776917,0.03215787187218666
30,34,False,0.0,1,0.7993096113204956,0.25718364119529724,0.5958597660064697,0.032166387885808945
30,35,False,0.0,1,0.7982692718505859,0.25804728269577026,0.5962568521499634,0.032236795872449875
30,36,False,0.0,1,0.7981969118118286,0.2575158476829529,0.5964536070823669,0.032339438796043396
30,37,False,0.0,1,0.7977515459060669,0.25850388407707214,0.5958206057548523,0.03212964907288551
30,38,False,0.0,1,0.7986533641815186,0.25765836238861084,0.5967003107070923,0.03241649270057678
30,39,False,0.0,1,0.7984680533409119,0.25778719782829285,0.5967801213264465,0.03240334615111351
30,40,False,0.0,1,0.7984685897827148,0.2579081654548645,0.5965542793273926,0.03240808844566345
30,41,True,0.029702970758080482,1,0.7985401153564453,0.25786325335502625,0.5969147682189941,0.032502688467502594
30,42,True,0.07920791953802109,1,0.7985175251960754,0.2577163875102997,0.5958184003829956,0.03213122487068176
30,43,True,0.12871287763118744,1,0.7985565662384033,0.2574921250343323,0.5953208804130554,0.03202339634299278
30,44,True,0.1782178282737732,1,0.7982150316238403,0.25718218088150024,0.5927623510360718,0.031344059854745865
30,45,True,0.22772277891635895,1,0.7967172265052795,0.2574406862258911,0.5931382179260254,0.03154376149177551
30,46,True,0.2772277295589447,1,0.7960764765739441,0.2574169337749481,0.5925233364105225,0.03138890117406845
30,47,True,0.32673266530036926,1,0.7961026430130005,0.25742238759994507,0.5920518636703491,0.031270332634449005
88,4,False,0.0,0,0.6514558792114258,0.12131550163030624,0.5421620011329651,0.016413703560829163
88,5,False,0.0,1,0.7993306517601013,0.2577575445175171,0.5970004796981812,0.03266508877277374
88,6,False,0.0,1,0.7972067594528198,0.25735101103782654,0.5952812433242798,0.03200311213731766
88,7,False,0.0,1,0.7982906699180603,0.25726819038391113,0.5955314636230469,0.03215783089399338
88,8,False,0.0,1,0.7996683716773987,0.2583222985267639,0.5968034863471985,0.03256530687212944
88,9,False,0.0,1,0.7990503907203674,0.25860968232154846,0.5959872007369995,0.03227110579609871
88,10,False,0.0,1,0.7999584674835205,0.25785624980926514,0.5949804782867432,0.031941212713718414
88,11,False,0.0,1,0.7991054654121399,0.25834277272224426,0.5963341593742371,0.032417625188827515
88,12,False,0.0,1,0.7996376752853394,0.25797998905181885,0.5951840281486511,0.03205787390470505
88,13,True,0.09677419066429138,1,0.7989764213562012,0.25769928097724915,0.5936095714569092,0.03162600100040436
88,14,True,0.25806450843811035,1,0.79625004529953,0.2573778033256531,0.5933289527893066,0.03174848482012749
88,15,True,0.4193548262119293,1,0.7959862947463989,0.25735604763031006,0.5907986164093018,0.03095724806189537
88,16,True,0.5806451439857483,1,0.7962850332260132,0.2576545476913452,0.5899266004562378,0.03076714091002941
88,17,True,0.7419354915618896,1,0.7955585718154907,0.2575075924396515,0.589397132396698,0.030652018263936043
88,18,True,0.9032257795333862,1,0.7955146431922913,0.2575663924217224,0.5894744396209717,0.030711356550455093
88,19,True,1.0,1,0.7942655682563782,0.2575618326663971,0.5817646384239197,0.0279926136136055
87,105,False,0.0,0,0.6601946353912354,0.12973466515541077,0.5415330529212952,0.016071965917944908
87,106,False,0.0,1,0.7970010042190552,0.2576027810573578,0.59529048204422,0.03212975710630417
87,107,False,0.0,1,0.7983804941177368,0.2576894462108612,0.5951353907585144,0.03207309544086456
87,108,False,0.0,1,0.7969205379486084,0.25770843029022217,0.5957689881324768,0.032275907695293427
87,109,False,0.0,1,0.7989349365234375,0.2577599287033081,0.5951611995697021,0.0320986770093441
87,110,False,0.0,1,0.7967180013656616,0.25783106684684753,0.5951612591743469,0.03209593519568443
87,111,False,0.0,1,0.7975627183914185,0.2576662003993988,0.5951904654502869,0.032084763050079346
87,112,False,0.0,1,0.7975610494613647,0.25758132338523865,0.5962932705879211,0.03247905522584915
87,113,False,0.0,1,0.7972351312637329,0.2577616274356842,0.5951461791992188,0.03204488754272461
87,114,False,0.0,1,0.7971042394638062,0.2576060891151428,0.5953788757324219,0.032132066786289215
87,115,False,0.0,1,0.7972983717918396,0.257641077041626,0.5952100157737732,0.03208361193537712
87,116,False,0.0,1,0.7986012697219849,0.25812825560569763,0.5947259664535522,0.0319502167403698
87,117,False,0.0,1,0.7975234985351562,0.2575915455818176,0.5949782133102417,0.03202395141124725
87,118,False,0.0,1,0.7983733415603638,0.25806641578674316,0.5945923924446106,0.03193506971001625
87,119,False,0.0,1,0.7981079816818237,0.2577762007713318,0.5946493148803711,0.031920433044433594
87,120,False,0.0,1,0.7971538305282593,0.25844380259513855,0.5940329432487488,0.031788408756256104
84,28,False,0.0,0,0.6563119888305664,0.12906016409397125,0.5424626469612122,0.016337202861905098
84,29,False,0.0,1,0.7972794771194458,0.2584512531757355,0.5943157076835632,0.031800366938114166
84,30,False,0.0,1,0.7980417013168335,0.25877654552459717,0.5944907069206238,0.031853411346673965
84,31,False,0.0,1,0.7975594997406006,0.25883546471595764,0.5948109030723572,0.031960248947143555
84,32,False,0.0,1,0.7970787286758423,0.2589007318019867,0.5948279500007629,0.03194725513458252
84,33,False,0.0,1,0.7971464395523071,0.25903040170669556,0.5944089293479919,0.03177805244922638
84,34,False,0.0,1,0.797935962677002,0.2585958242416382,0.5945323705673218,0.03187679499387741
84,35,False,0.0,1,0.7973968982696533,0.2586423456668854,0.5944647192955017,0.03180689737200737
84,36,True,0.010989011265337467,1,0.7975187301635742,0.2582906484603882,0.5945070385932922,0.03185209259390831
84,37,True,0.0555555559694767,1,0.7980952262878418,0.2587646543979645,0.5942063927650452,0.03176422417163849
84,38,True,0.1111111119389534,1,0.7966272830963135,0.2583135664463043,0.5932087898254395,0.03142329305410385
84,39,True,0.1666666716337204,1,0.7974052429199219,0.2582359313964844,0.5912095308303833,0.030905485153198242
84,40,True,0.2222222238779068,1,0.7970963716506958,0.25802040100097656,0.5918979048728943,0.031182657927274704
84,41,True,0.2777777910232544,1,0.7969416975975037,0.2579854726791382,0.5916318893432617,0.03118976764380932
84,42,True,0.3333333432674408,1,0.7966256141662598,0.2574354112148285,0.5907697081565857,0.030925536528229713
84,43,True,0.3888888955116272,1,0.7963415384292603,0.2573346793651581,0.5904258489608765,0.030822530388832092
161,175,False,0.0,0,0.664198637008667,0.14158965647220612,0.5454674363136292,0.017406869679689407
161,176,False,0.0,1,0.7972990274429321,0.26119714975357056,0.5962392687797546,0.03224620595574379
161,177,False,0.0,1,0.7972798943519592,0.26182135939598083,0.5963169932365417,0.03228893131017685
161,178,False,0.0,1,0.7968040704727173,0.26097890734672546,0.5958632826805115,0.032094262540340424
161,179,False,0.0,1,0.7964804172515869,0.2613426446914673,0.5959797501564026,0.032178204506635666
161,180,False,0.0,1,0.7965612411499023,0.2606177031993866,0.5958637595176697,0.03211052343249321
161,181,False,0.0,1,0.796502947807312,0.2604816257953644,0.5958606004714966,0.032114557921886444
161,182,False,0.0,1,0.7969016432762146,0.2610167860984802,0.5959998965263367,0.032182253897190094
161,183,True,0.002188183832913637,1,0.7969273924827576,0.2613149881362915,0.5962425470352173,0.032293956726789474
161,184,True,0.013129102997481823,1,0.7972894906997681,0.26118555665016174,0.5958678722381592,0.03222263604402542
161,185,True,0.024070022627711296,1,0.7970966100692749,0.26169025897979736,0.5961216688156128,0.03234126418828964
161,186,True,0.035010941326618195,1,0.7978007793426514,0.26181113719940186,0.5954344272613525,0.03210816904902458
161,187,True,0.045951858162879944,1,0.7974862456321716,0.2610987722873688,0.5953769087791443,0.03210078179836273
161,188,True,0.05689277872443199,1,0.7972131967544556,0.262051522731781,0.5952252149581909,0.03209715709090233
161,189,True,0.06783369928598404,1,0.7967297434806824,0.2620795965194702,0.5951688885688782,0.032125454396009445
161,190,True,0.07877461612224579,1,0.7968898415565491,0.2624017596244812,0.5941529870033264,0.03179126977920532
194,117,False,0.0,0,0.6717650890350342,0.15037177503108978,0.5438207387924194,0.016799326986074448
194,118,False,0.0,1,0.7976891398429871,0.2625735402107239,0.5962864756584167,0.032409124076366425
194,119,False,0.0,1,0.7978948354721069,0.26240360736846924,0.5965501070022583,0.03250099718570709
194,120,False,0.0,1,0.7981176376342773,0.26252660155296326,0.5962066650390625,0.032384242862463
194,121,False,0.0,1,0.798592209815979,0.2627480626106262,0.5960511565208435,0.032318342477083206
194,122,False,0.0,1,0.7979764938354492,0.2623561918735504,0.5962160229682922,0.03240721672773361
194,123,False,0.0,1,0.7990021705627441,0.26247623562812805,0.5957291126251221,0.03223071247339249
194,124,False,0.0,1,0.799176812171936,0.26252830028533936,0.5960767269134521,0.03232855722308159
194,125,True,0.0032051282469183207,1,0.8003054857254028,0.26206567883491516,0.596825361251831,0.03260194882750511
194,126,True,0.01923076994717121,1,0.8005587458610535,0.261535108089447,0.5973271727561951,0.032789818942546844
194,127,True,0.035256411880254745,1,0.8009805679321289,0.26134419441223145,0.5962936878204346,0.03247286379337311
194,128,True,0.05128205195069313,1,0.8006724119186401,0.2613508999347687,0.5967957973480225,0.03267967700958252
194,129,True,0.06730769574642181,1,0.8006676435470581,0.26134124398231506,0.5964286923408508,0.03252473101019859
194,130,True,0.0833333358168602,1,0.800345778465271,0.26113706827163696,0.5954113006591797,0.03223702311515808
194,131,True,0.09935897588729858,1,0.8009166717529297,0.2607272267341614,0.5962000489234924,0.03248200938105583
194,132,True,0.11538461595773697,1,0.8006480932235718,0.2604122757911682,0.5954015851020813,0.03224567696452141
117,122,False,0.0,0,0.6747457981109619,0.1513405293226242,0.5429090261459351,0.016401248052716255
117,123,False,0.0,1,0.7989983558654785,0.2623717784881592,0.5966686010360718,0.03250529244542122
117,124,False,0.0,1,0.799182653427124,0.262393593788147,0.5969914197921753,0.03259536623954773
117,125,False,0.0,1,0.7996716499328613,0.2622462511062622,0.5971717834472656,0.03264178708195686
117,126,False,0.0,1,0.8004893064498901,0.2618606686592102,0.5973663926124573,0.03272314742207527
117,127,False,0.0,1,0.8006585836410522,0.26154983043670654,0.5970252156257629,0.03260456770658493
117,128,False,0.0,1,0.8005112409591675,0.2615160048007965,0.5977418422698975,0.03283313661813736
117,129,False,0.0,1,0.8006644248962402,0.26127520203590393,0.5970979332923889,0.03261793404817581
117,130,False,0.0,1,0.8007645606994629,0.26114633679389954,0.5971564650535583,0.03258383274078369
117,131,False,0.0,1,0.8006564378738403,0.26083776354789734,0.5973089933395386,0.03261605277657509
117,132,False,0.0,1,0.8009500503540039,0.2603447437286377,0.5972403287887573,0.03257985785603523
117,133,False,0.0,1,0.800038754940033,0.26052427291870117,0.5974579453468323,0.03265887126326561
117,134,False,0.0,1,0.799856960773468,0.2603776752948761,0.5970714688301086,0.03254912793636322
117,135,False,0.0,1,0.7997147440910339,0.260738730430603,0.5979827046394348,0.032815221697092056
117,136,False,0.0,1,0.7986612319946289,0.2600204348564148,0.5970431566238403,0.032534729689359665
117,137,False,0.0,1,0.7975013256072998,0.26035693287849426,0.5978160500526428,0.03273315727710724
105,146,False,0.0,0,0.6618533134460449,0.13640639185905457,0.5442270636558533,0.01692456565797329
105,147,False,0.0,1,0.7983324527740479,0.2600361704826355,0.5978232026100159,0.032651323825120926
105,148,False,0.0,1,0.7986332178115845,0.25993335247039795,0.5972262024879456,0.03247087448835373
105,149,False,0.0,1,0.7992691993713379,0.260197252035141,0.5972962975502014,0.03248458355665207
105,150,False,0.0,1,0.7987633943557739,0.26029106974601746,0.5975043773651123,0.03257979080080986
105,151,False,0.0,1,0.7986574172973633,0.25996121764183044,0.5973407626152039,0.03255442529916763
105,152,False,0.0,1,0.798270046710968,0.2601213753223419,0.5978397130966187,0.03266676142811775
105,153,False,0.0,1,0.7990952134132385,0.25981053709983826,0.5977681875228882,0.03263402357697487
105,154,False,0.0,1,0.7988573312759399,0.25979092717170715,0.5974966287612915,0.032635774463415146
105,155,True,0.0077720205299556255,1,0.7986205816268921,0.2596997916698456,0.5969480872154236,0.03253527730703354
105,156,True,0.020725388079881668,1,0.7982814908027649,0.2599889039993286,0.5969924330711365,0.03253987058997154
105,157,True,0.03367875516414642,1,0.798906147480011,0.25962671637535095,0.5969834327697754,0.032578982412815094
105,158,True,0.04663212597370148,1,0.7994086146354675,0.2600046694278717,0.597376823425293,0.03262932226061821
105,159,True,0.05958549305796623,1,0.7999266386032104,0.25962620973587036,0.5974872708320618,0.03272915259003639
105,160,True,0.07253886014223099,1,0.7988551259040833,0.2597096860408783,0.5974067449569702,0.03268948569893837
105,161,True,0.08549223095178604,1,0.7999892234802246,0.2591691017150879,0.5967126488685608,0.032414231449365616
2,44,False,0.0,0,0.6617004871368408,0.1333063542842865,0.543010950088501,0.016693325713276863
2,45,False,0.0,1,0.7987614870071411,0.2593141198158264,0.5967735648155212,0.03257329389452934
2,46,False,0.0,1,0.7990819215774536,0.2589609622955322,0.5964066386222839,0.03250410407781601
2,47,False,0.0,1,0.7990492582321167,0.25882017612457275,0.5962495803833008,0.032430779188871384
2,48,False,0.0,1,0.7988215684890747,0.25907060503959656,0.5962728261947632,0.03242706134915352
2,49,False,0.0,1,0.7990025281906128,0.25893434882164,0.5958211421966553,0.032303035259246826
2,50,False,0.0,1,0.7986721992492676,0.2588588297367096,0.5961718559265137,0.03240254893898964
2,51,False,0.0,1,0.7989414930343628,0.25866934657096863,0.5965955257415771,0.03254648298025131
2,52,True,0.01550387591123581,1,0.7988131642341614,0.25879308581352234,0.5960544347763062,0.03247986361384392
2,53,True,0.05426356568932533,1,0.7983770370483398,0.2585722804069519,0.5964623093605042,0.03261754661798477
2,54,True,0.09302325546741486,1,0.7985237836837769,0.2588314414024353,0.5954411625862122,0.0322670117020607
2,55,True,0.13178294897079468,1,0.7990506291389465,0.25894269347190857,0.5956538915634155,0.032369088381528854
2,56,True,0.1705426424741745,1,0.7984699010848999,0.2588213384151459,0.5942028164863586,0.03192639723420143
2,57,True,0.20930232107639313,1,0.7977635860443115,0.25890976190567017,0.5927196741104126,0.03152922913432121
2,58,True,0.24806201457977295,1,0.7981826066970825,0.25840070843696594,0.5928640961647034,0.03162921965122223
2,59,True,0.2868216931819916,1,0.7982810735702515,0.25855734944343567,0.5928293466567993,0.03165527805685997
70,43,False,0.0,0,0.6516320705413818,0.12356004118919373,0.5436334013938904,0.017090756446123123
70,44,False,0.0,1,0.7978576421737671,0.2576383054256439,0.5965680480003357,0.03260268643498421
70,45,False,0.0,1,0.7978990077972412,0.25779086351394653,0.5966917872428894,0.032639071345329285
70,46,False,0.0,1,0.7978286743164062,0.2580054998397827,0.5965161323547363,0.032602157443761826
70,47,False,0.0,1,0.7984966039657593,0.2573871612548828,0.59621661901474,0.03251410275697708
70,48,False,0.0,1,0.7986185550689697,0.25728803873062134,0.5960425138473511,0.03244848549365997
70,49,False,0.0,1,0.7983967661857605,0.25739315152168274,0.596352756023407,0.03253788873553276
70,50,False,0.0,1,0.7988849878311157,0.2573150396347046,0.5968644618988037,0.0327288955450058
70,51,True,0.007874015718698502,1,0.798479437828064,0.2573961615562439,0.5957128405570984,0.03230656310915947
70,52,True,0.04724409431219101,1,0.7982432246208191,0.258217453956604,0.5954357981681824,0.03227696940302849
70,53,True,0.08661417663097382,1,0.7984601259231567,0.25842273235321045,0.5959215760231018,0.03250037506222725
70,54,True,0.12598425149917603,1,0.7981960773468018,0.2574675381183624,0.5946042537689209,0.03204234689474106
70,55,True,0.16535432636737823,1,0.797821044921875,0.2573590874671936,0.593540608882904,0.03176578879356384
70,56,True,0.20472441613674164,1,0.7983032464981079,0.257312536239624,0.5936509966850281,0.03190051391720772
70,57,True,0.24409449100494385,1,0.7974581718444824,0.25760573148727417,0.592933177947998,0.03168979287147522
70,58,True,0.28346458077430725,1,0.7979516983032227,0.2573387026786804,0.592917263507843,0.03177366405725479
20,20,False,0.0,0,0.6586215496063232,0.130689799785614,0.5444217324256897,0.017605386674404144
20,21,False,0.0,1,0.7980629205703735,0.25898662209510803,0.5965723395347595,0.03256599232554436
20,22,False,0.0,1,0.7983847856521606,0.2588127553462982,0.59658282995224,0.032542355358600616
20,23,False,0.0,1,0.7984517812728882,0.25903451442718506,0.5967738032341003,0.03261983394622803
20,24,False,0.0,1,0.7980776429176331,0.2588653862476349,0.5970624089241028,0.032701242715120316
20,25,False,0.0,1,0.7980712652206421,0.2589154541492462,0.59610515832901,0.032423149794340134
20,26,False,0.0,1,0.7989441156387329,0.25918054580688477,0.596447229385376,0.03254914656281471
20,27,False,0.0,1,0.7980785369873047,0.25913944840431213,0.5966565012931824,0.03257488086819649
20,28,True,0.028985507786273956,1,0.7982916831970215,0.25923123955726624,0.5971465706825256,0.03260914608836174
20,29,True,0.10144927352666855,1,0.7984117865562439,0.25873807072639465,0.5958786010742188,0.03222636133432388
20,30,True,0.17391304671764374,1,0.797645628452301,0.2588510811328888,0.5953987836837769,0.03208411857485771
20,31,True,0.24637681245803833,1,0.7979004979133606,0.2590372860431671,0.5935194492340088,0.031627412885427475
20,32,True,0.3188405930995941,1,0.7975263595581055,0.25868961215019226,0.5936275720596313,0.03168955445289612
20,33,True,0.3913043439388275,1,0.7970165014266968,0.2578643560409546,0.5935949683189392,0.031724076718091965
20,34,True,0.4637681245803833,1,0.7973906993865967,0.2578587234020233,0.5932726860046387,0.031683869659900665
20,35,True,0.5362318754196167,1,0.7962080240249634,0.2569445073604584,0.5914942026138306,0.031131455674767494
171,183,False,0.0,0,0.6657466888427734,0.14578759670257568,0.5455340147018433,0.017315950244665146
171,184,False,0.0,1,0.7972416877746582,0.26183396577835083,0.5987252593040466,0.03272175043821335
171,185,False,0.0,1,0.7967910170555115,0.26192763447761536,0.5972502827644348,0.03228529170155525
171,186,False,0.0,1,0.7966891527175903,0.26189637184143066,0.5972919464111328,0.03229506313800812
171,187,False,0.0,1,0.7964460253715515,0.26127153635025024,0.5981120467185974,0.03254586085677147
171,188,False,0.0,1,0.7966779470443726,0.2615779936313629,0.5977699160575867,0.03246171772480011
171,189,False,0.0,1,0.7965019941329956,0.26115891337394714,0.5977105498313904,0.03242170810699463
171,190,False,0.0,1,0.7973042130470276,0.26084795594215393,0.5976089835166931,0.032390493899583817
171,191,False,0.0,1,0.796658992767334,0.26025843620300293,0.5988244414329529,0.03261026740074158
171,192,True,0.008368200622498989,1,0.796432375907898,0.2601252794265747,0.5987144708633423,0.032555464655160904
171,193,True,0.01882845163345337,1,0.7969684600830078,0.2601570188999176,0.598698616027832,0.03261120244860649
171,194,True,0.029288703575730324,1,0.7960209846496582,0.25981879234313965,0.5996255278587341,0.032885871827602386
171,195,True,0.03974895551800728,1,0.796714186668396,0.25977882742881775,0.5992068648338318,0.032778311520814896
171,196,True,0.050209205597639084,1,0.7965925931930542,0.259512335062027,0.5988693833351135,0.03270329162478447
171,197,True,0.06066945567727089,1,0.7964465618133545,0.25966742634773254,0.5984727740287781,0.03254393860697746
171,198,True,0.071129709482193,1,0.7962766885757446,0.2595535218715668,0.5987557768821716,0.0326356403529644
143,177,False,0.0,0,0.6695306301116943,0.14851893484592438,0.5450011491775513,0.016815299168229103
143,178,False,0.0,1,0.7972215414047241,0.2614857852458954,0.5984287858009338,0.032393984496593475
143,179,False,0.0,1,0.7974802255630493,0.2617778480052948,0.5991911292076111,0.03259981796145439
143,180,False,0.0,1,0.7974123954772949,0.26168301701545715,0.5980668663978577,0.03224916756153107
143,181,False,0.0,1,0.7972621917724609,0.26165157556533813,0.5989459156990051,0.03252338618040085
143,182,False,0.0,1,0.797447919845581,0.26118528842926025,0.5992249846458435,0.03256544843316078
143,183,False,0.0,1,0.7971547842025757,0.26157885789871216,0.5988548398017883,0.032455768436193466
143,184,False,0.0,1,0.7973864078521729,0.2619464695453644,0.599090576171875,0.03255598247051239
143,185,True,0.0021645021624863148,1,0.7973119616508484,0.2621506154537201,0.5990135073661804,0.03253380209207535
143,186,True,0.012987012974917889,1,0.7975164651870728,0.26223793625831604,0.5993579626083374,0.03266260400414467
143,187,True,0.02380952425301075,1,0.7975330948829651,0.26219093799591064,0.5988690853118896,0.032507725059986115
143,188,True,0.034632034599781036,1,0.7973409295082092,0.262247234582901,0.5990889668464661,0.032575126737356186
143,189,True,0.04545454680919647,1,0.7971166372299194,0.26238030195236206,0.5985502600669861,0.03244129195809364
143,190,True,0.05627705529332161,1,0.7974862456321716,0.2621065378189087,0.5980827212333679,0.032296065241098404
143,191,True,0.06709956377744675,1,0.7970800399780273,0.26225173473358154,0.5984607934951782,0.03245699405670166
143,192,True,0.07792207598686218,1,0.7967324256896973,0.26230889558792114,0.5986211895942688,0.03254486247897148
