episode_id,timestep,occlusion_flag,occlusion_strength,history_size,cog_alpha_mean,cog_alpha_std,per_alpha_mean,per_alpha_std
0,0,False,0.0,0,0.7194056510925293,0.1776610016822815,0.5021522045135498,0.003291274653747678
0,1,False,0.0,1,0.800710916519165,0.2537024915218353,0.506511390209198,0.014125112444162369
0,2,False,0.0,2,0.8012005090713501,0.2530917525291443,0.5067236423492432,0.01418064534664154
0,3,False,0.0,3,0.8015158176422119,0.2531302273273468,0.5069385766983032,0.014293940737843513
0,4,False,0.0,4,0.8026199340820312,0.2525569200515747,0.5068575143814087,0.01446467638015747
0,5,False,0.0,5,0.8031311631202698,0.25289201736450195,0.5066797733306885,0.014682739041745663
0,6,False,0.0,6,0.802890419960022,0.25333359837532043,0.5059937238693237,0.014833515509963036
0,7,False,0.0,7,0.801794171333313,0.2539554834365845,0.5059300661087036,0.014693438075482845
0,8,False,0.0,8,0.8013635277748108,0.2531658411026001,0.5065988302230835,0.013953314162790775
0,9,False,0.0,9,0.8004723787307739,0.2545853555202484,0.5065426826477051,0.013816368766129017
0,10,False,0.0,10,0.7995114922523499,0.25560393929481506,0.5064926147460938,0.013767360709607601
0,11,False,0.0,11,0.7975867986679077,0.2566218376159668,0.506441593170166,0.01383694726973772
0,12,False,0.0,12,0.7955210208892822,0.25809454917907715,0.506476640701294,0.013831733725965023
0,13,False,0.0,13,0.792600691318512,0.26008495688438416,0.5067678689956665,0.013758295215666294
0,14,False,0.0,14,0.789663553237915,0.2618343234062195,0.5066887140274048,0.01360215712338686
0,15,False,0.0,15,0.786813497543335,0.26379984617233276,0.5067002177238464,0.013559610582888126
0,16,False,0.0,16,0.78326016664505,0.2666442096233368,0.5058066844940186,0.013819161802530289
0,17,False,0.0,16,0.7806735038757324,0.2697812020778656,0.506370484828949,0.013816948048770428
0,18,False,0.0,16,0.7791414260864258,0.2720695734024048,0.5067756175994873,0.013839684426784515
0,19,False,0.0,16,0.7768546342849731,0.2743503451347351,0.5073010921478271,0.01397583819925785
0,20,False,0.0,16,0.7764151096343994,0.27432382106781006,0.5075123310089111,0.014095761813223362
0,21,False,0.0,16,0.775953471660614,0.2749793231487274,0.5077425241470337,0.014103200286626816
0,22,False,0.0,16,0.7748327255249023,0.27548807859420776,0.5077646970748901,0.014075645245611668
0,23,False,0.0,16,0.7738099098205566,0.2763362526893616,0.5082119703292847,0.01425468735396862
0,24,False,0.0,16,0.7739983797073364,0.2757259011268616,0.5077770352363586,0.014431613497436047
0,25,False,0.0,16,0.7732062935829163,0.2761387526988983,0.5079472064971924,0.014386151917278767
0,26,False,0.0,16,0.7727276086807251,0.27714258432388306,0.508185088634491,0.014394419267773628
0,27,False,0.0,16,0.7733138203620911,0.2773224413394928,0.5085018277168274,0.01437450386583805
0,28,False,0.0,16,0.7736226916313171,0.27781960368156433,0.5088311433792114,0.014417875558137894
0,29,False,0.0,16,0.7742254734039307,0.27674320340156555,0.5089069604873657,0.014452507719397545
0,30,False,0.0,16,0.774956226348877,0.27657365798950195,0.5084846615791321,0.01441050972789526
0,31,False,0.0,16,0.7753274440765381,0.2777588665485382,0.5083246231079102,0.014415201731026173
0,32,False,0.0,16,0.7762013673782349,0.27805155515670776,0.5081608295440674,0.014516184106469154
0,33,False,0.0,16,0.7765425443649292,0.2786242365837097,0.5081967115402222,0.014470596797764301
0,34,False,0.0,16,0.7765125036239624,0.2783932685852051,0.5082966089248657,0.014500477351248264
0,35,False,0.0,16,0.7762453556060791,0.2777421772480011,0.5086538791656494,0.014544405974447727
0,36,False,0.0,16,0.7768529653549194,0.27637410163879395,0.5087352991104126,0.014491298235952854
0,37,False,0.0,16,0.7780283689498901,0.2760516405105591,0.5087707042694092,0.01437410619109869
0,38,False,0.0,16,0.7784626483917236,0.2756144106388092,0.5090107917785645,0.014344538561999798
0,39,False,0.0,16,0.7786858677864075,0.27428680658340454,0.5092734098434448,0.014345516450703144
0,40,False,0.0,16,0.7797926664352417,0.27200400829315186,0.5085177421569824,0.01487597543746233
0,41,False,0.0,16,0.7795170545578003,0.2711595892906189,0.5085037350654602,0.014929933473467827
0,42,False,0.0,16,0.7794064283370972,0.27032506465911865,0.5084590315818787,0.014964906498789787
0,43,False,0.0,16,0.7794733047485352,0.27016007900238037,0.5082571506500244,0.014962349086999893
0,44,False,0.0,16,0.779390811920166,0.26984018087387085,0.5081336498260498,0.01499147992581129
0,45,False,0.0,16,0.7794218063354492,0.26959407329559326,0.5078678727149963,0.015026051551103592
0,46,False,0.0,16,0.7795132398605347,0.2691926658153534,0.5077563524246216,0.015015746466815472
0,47,False,0.0,16,0.7798415422439575,0.26835525035858154,0.5076969861984253,0.014978831633925438
0,48,False,0.0,16,0.7812988758087158,0.2666034400463104,0.5059189796447754,0.01568085327744484
0,49,False,0.0,16,0.7831501960754395,0.264300137758255,0.5057883262634277,0.01576242223381996
0,50,False,0.0,16,0.7842410802841187,0.2628919780254364,0.5058832168579102,0.015760088339447975
0,51,False,0.0,16,0.7841907739639282,0.26279932260513306,0.5060504674911499,0.015734238550066948
0,52,False,0.0,16,0.7848182916641235,0.26353779435157776,0.5056582093238831,0.01566268503665924
0,53,False,0.0,16,0.7863678932189941,0.2628386616706848,0.5055503845214844,0.015645841136574745
0,54,False,0.0,16,0.7862629294395447,0.26263803243637085,0.5056194067001343,0.0156404972076416
0,55,False,0.0,16,0.7854229211807251,0.26274973154067993,0.5058165788650513,0.015716172754764557
0,56,False,0.0,16,0.7854564189910889,0.2626429796218872,0.5047085881233215,0.01640866883099079
0,57,False,0.0,16,0.7858313918113708,0.2614181637763977,0.5048663020133972,0.016434650868177414
0,58,False,0.0,16,0.7869488000869751,0.2610606849193573,0.5049797892570496,0.01652752235531807
0,59,False,0.0,16,0.7892441749572754,0.2597571611404419,0.5051401853561401,0.016525698825716972
0,60,False,0.0,16,0.7917338609695435,0.2582785189151764,0.504967451095581,0.01648813858628273
0,61,False,0.0,16,0.7946275472640991,0.2565127909183502,0.5050492286682129,0.016465557739138603
0,62,False,0.0,16,0.7968197464942932,0.2554429769515991,0.5052535533905029,0.016406651586294174
0,63,False,0.0,16,0.8001514673233032,0.2538130581378937,0.505803108215332,0.016352124512195587
0,64,False,0.0,16,0.8019326329231262,0.25244107842445374,0.5048218369483948,0.01690586470067501
0,65,False,0.0,16,0.802952766418457,0.2523289620876312,0.504897952079773,0.016874469816684723
0,66,False,0.0,16,0.8036534786224365,0.252075731754303,0.5048337578773499,0.01686660572886467
0,67,False,0.0,16,0.8039166927337646,0.2521444857120514,0.505034327507019,0.01683325693011284
0,68,False,0.0,16,0.803378701210022,0.25275105237960815,0.505214273929596,0.016846375539898872
0,69,False,0.0,16,0.8015471696853638,0.2537647485733032,0.5055665969848633,0.016828909516334534
0,70,False,0.0,16,0.799609899520874,0.25438904762268066,0.5054380893707275,0.01685497723519802
0,71,False,0.0,16,0.7994163036346436,0.2546951174736023,0.5053936839103699,0.016859207302331924
0,72,False,0.0,16,0.7997161746025085,0.2545459568500519,0.5048395395278931,0.017468206584453583
0,73,False,0.0,16,0.7988542318344116,0.2550716698169708,0.5047205686569214,0.017426922917366028
0,74,False,0.0,16,0.797404408454895,0.2562597095966339,0.5046877264976501,0.017476782202720642
0,75,False,0.0,16,0.7944470643997192,0.2581923007965088,0.5044084787368774,0.017507147043943405
0,76,False,0.0,16,0.791964054107666,0.2595701217651367,0.504209578037262,0.017378507182002068
0,77,False,0.0,16,0.789742112159729,0.26051896810531616,0.5041511654853821,0.017269546166062355
0,78,False,0.0,16,0.787274181842804,0.2621421217918396,0.5039209127426147,0.017342833802103996
0,79,False,0.0,16,0.7850303053855896,0.26442331075668335,0.5039835572242737,0.01731877774000168
0,80,False,0.0,16,0.7821712493896484,0.26649168133735657,0.5034281611442566,0.017804114148020744
0,81,False,0.0,16,0.7801648378372192,0.2687958776950836,0.5030430555343628,0.01769123412668705
0,82,False,0.0,16,0.7777903079986572,0.27095699310302734,0.5028955936431885,0.01764805242419243
0,83,False,0.0,16,0.7768577337265015,0.2717949450016022,0.5031442642211914,0.017544545233249664
0,84,False,0.0,16,0.7760211229324341,0.27206194400787354,0.5028948783874512,0.017716456204652786
0,85,False,0.0,16,0.776207685470581,0.27136293053627014,0.5029147863388062,0.01788286305963993
0,86,False,0.0,16,0.7759977579116821,0.2705509066581726,0.503235936164856,0.017776457592844963
0,87,False,0.0,16,0.7763597965240479,0.2701968252658844,0.5036979913711548,0.017713917419314384
0,88,False,0.0,16,0.7762723565101624,0.2697133421897888,0.5042476654052734,0.017911750823259354
0,89,False,0.0,16,0.7767278552055359,0.2695687711238861,0.5045772194862366,0.017888648435473442
0,90,False,0.0,16,0.7773938775062561,0.26996996998786926,0.5049943923950195,0.01786205731332302
0,91,False,0.0,16,0.7771371603012085,0.2704433500766754,0.5050435066223145,0.017897125333547592
0,92,False,0.0,16,0.7773907780647278,0.2709502577781677,0.5050427317619324,0.01793230138719082
0,93,False,0.0,16,0.7776251435279846,0.2708161175251007,0.5047946572303772,0.017956584692001343
0,94,False,0.0,16,0.7781714200973511,0.2705581486225128,0.504716157913208,0.017952922731637955
0,95,False,0.0,16,0.7789336442947388,0.2699100375175476,0.5046086311340332,0.0179084911942482
0,96,False,0.0,16,0.7798606157302856,0.2694796919822693,0.5050703287124634,0.01791008561849594
0,97,False,0.0,16,0.7796630859375,0.26859721541404724,0.5049006938934326,0.017900614067912102
0,98,False,0.0,16,0.7787878513336182,0.2686314582824707,0.5047006607055664,0.017857618629932404
0,99,False,0.0,16,0.7787898182868958,0.2693852484226227,0.5043432712554932,0.017835494130849838
0,100,False,0.0,16,0.7790945768356323,0.2702070474624634,0.5039533376693726,0.017988910898566246
0,101,False,0.0,16,0.7798542380332947,0.26971548795700073,0.5041204690933228,0.017950192093849182
0,102,False,0.0,16,0.7792414426803589,0.26959139108657837,0.5041341185569763,0.01792318746447563
0,103,False,0.0,16,0.7787396907806396,0.27002546191215515,0.504014790058136,0.017835551872849464
0,104,False,0.0,16,0.7778052091598511,0.27107471227645874,0.5049265623092651,0.01761302351951599
0,105,False,0.0,16,0.7771493196487427,0.2716748118400574,0.5049949288368225,0.017594685778021812
0,106,False,0.0,16,0.7759888172149658,0.27204209566116333,0.5051273107528687,0.01755174621939659
0,107,False,0.0,16,0.7750344276428223,0.27248331904411316,0.5052623748779297,0.017527630552649498
0,108,False,0.0,16,0.7735344171524048,0.2726866602897644,0.5052646994590759,0.017445968464016914
0,109,False,0.0,16,0.7726017236709595,0.27184513211250305,0.5057467818260193,0.01731565035879612
0,110,False,0.0,16,0.7734200954437256,0.2711091637611389,0.5055894255638123,0.017242126166820526
0,111,False,0.0,16,0.7740257978439331,0.27054929733276367,0.5049605369567871,0.01744184084236622
0,112,False,0.0,16,0.7734593152999878,0.2695089280605316,0.5059938430786133,0.017205914482474327
0,113,False,0.0,16,0.7743259072303772,0.26880255341529846,0.5063894987106323,0.01709834113717079
0,114,False,0.0,16,0.775519847869873,0.2675686180591583,0.5069305896759033,0.01702137105166912
0,115,False,0.0,16,0.7767846584320068,0.2666208744049072,0.5070850849151611,0.017028402537107468
1,0,False,0.0,0,0.7268335819244385,0.20302844047546387,0.5025030374526978,0.005243247374892235
1,1,False,0.0,1,0.7987531423568726,0.2596936821937561,0.5089616775512695,0.018558252602815628
1,2,False,0.0,2,0.7992509603500366,0.2586742341518402,0.5088003873825073,0.018647685647010803
1,3,False,0.0,3,0.7977489829063416,0.25594088435173035,0.5088083744049072,0.01879546418786049
1,4,False,0.0,4,0.7968640327453613,0.25656136870384216,0.5103699564933777,0.018527980893850327
1,5,False,0.0,5,0.7975811958312988,0.25536277890205383,0.5107995867729187,0.018436798825860023
1,6,False,0.0,6,0.7976064682006836,0.25440990924835205,0.510746955871582,0.018459659069776535
1,7,False,0.0,7,0.7976059913635254,0.2545222342014313,0.5103880167007446,0.01844063214957714
1,8,False,0.0,8,0.7975527048110962,0.2552662491798401,0.5097801685333252,0.018464989960193634
1,9,False,0.0,9,0.796833872795105,0.2574630081653595,0.5096185207366943,0.01845203898847103
1,10,False,0.0,10,0.7953951358795166,0.25970548391342163,0.5097653865814209,0.018450388684868813
1,11,False,0.0,11,0.7943533658981323,0.2618512213230133,0.5104547739028931,0.018336664885282516
1,12,False,0.0,12,0.7933447360992432,0.26439711451530457,0.5122531056404114,0.018163753673434258
1,13,False,0.0,13,0.7926429510116577,0.26678475737571716,0.5124361515045166,0.018259216099977493
1,14,False,0.0,14,0.7909296751022339,0.2699457108974457,0.512539267539978,0.01832236535847187
1,15,False,0.0,15,0.7894108295440674,0.271399587392807,0.5127118825912476,0.018246104940772057
1,16,False,0.0,16,0.7866538763046265,0.2729644477367401,0.5126019716262817,0.018223900347948074
1,17,False,0.0,16,0.7837007641792297,0.2745802700519562,0.5126044750213623,0.018223721534013748
1,18,False,0.0,16,0.782665491104126,0.27464717626571655,0.5126930475234985,0.018247466534376144
1,19,False,0.0,16,0.7808552980422974,0.27504974603652954,0.5123469829559326,0.018374022096395493
1,20,False,0.0,16,0.7806594371795654,0.2753918170928955,0.513758659362793,0.018258893862366676
1,21,False,0.0,16,0.7800033092498779,0.27560245990753174,0.5137344598770142,0.018233781680464745
1,22,False,0.0,16,0.7804864048957825,0.2755061984062195,0.513475775718689,0.01822131872177124
1,23,False,0.0,16,0.7806146144866943,0.2750953435897827,0.513420581817627,0.018139414489269257
1,24,False,0.0,16,0.781221866607666,0.27469515800476074,0.5132695436477661,0.018040942028164864
1,25,False,0.0,16,0.7818946838378906,0.2736645042896271,0.5132394433021545,0.018085414543747902
1,26,False,0.0,16,0.7827446460723877,0.27312859892845154,0.5131697058677673,0.018086133524775505
1,27,False,0.0,16,0.783933162689209,0.27235928177833557,0.5130294561386108,0.01798618957400322
1,28,False,0.0,16,0.7846190929412842,0.27192774415016174,0.5144015550613403,0.017876995727419853
1,29,False,0.0,16,0.7854182720184326,0.2709283232688904,0.5145537853240967,0.017881108447909355
1,30,False,0.0,16,0.7857411503791809,0.2700158357620239,0.5149258375167847,0.01786617934703827
1,31,False,0.0,16,0.7878105044364929,0.26996859908103943,0.5149609446525574,0.017805416136980057
1,32,False,0.0,16,0.7883185148239136,0.26992067694664,0.5148619413375854,0.017792843282222748
1,33,False,0.0,16,0.7881783246994019,0.2702522575855255,0.5150409936904907,0.017757432535290718
1,34,False,0.0,16,0.787651777267456,0.2702445685863495,0.5150799751281738,0.017765402793884277
1,35,False,0.0,16,0.787749171257019,0.27037960290908813,0.5150700211524963,0.017825040966272354
1,36,False,0.0,16,0.7884622812271118,0.2698003053665161,0.5161980390548706,0.01776217482984066
1,37,False,0.0,16,0.7886401414871216,0.26953938603401184,0.516019344329834,0.017753522843122482
1,38,False,0.0,16,0.7886972427368164,0.26932305097579956,0.5160809755325317,0.01773354783654213
1,39,True,0.035433072596788406,16,0.7893350720405579,0.2674165666103363,0.5161901712417603,0.017678378149867058
1,40,True,0.07480315119028091,16,0.7910443544387817,0.26507070660591125,0.5166128277778625,0.017909137532114983
1,41,True,0.11417322605848312,16,0.7913521528244019,0.2632889449596405,0.5167480707168579,0.01785176433622837
1,42,True,0.15354330837726593,16,0.7914873361587524,0.2632223069667816,0.5166712999343872,0.017633264884352684
1,43,True,0.19291338324546814,16,0.7922022938728333,0.26247623562812805,0.5169442892074585,0.017773661762475967
1,44,True,0.23228345811367035,16,0.7930440902709961,0.2614128589630127,0.5177930593490601,0.01773623563349247
1,45,True,0.27165353298187256,16,0.7929993867874146,0.26155033707618713,0.5179646015167236,0.01773984730243683
1,46,True,0.31102362275123596,16,0.7927224636077881,0.26138225197792053,0.517800509929657,0.017687315121293068
1,47,True,0.35039371252059937,16,0.7935001850128174,0.2619289457798004,0.5178031921386719,0.017629757523536682
1,48,True,0.3897637724876404,16,0.7943375110626221,0.2616605758666992,0.5176073908805847,0.01764114946126938
1,49,True,0.4291338622570038,16,0.795805811882019,0.26044347882270813,0.517031192779541,0.01756153628230095
1,50,True,0.4685039222240448,16,0.7957993745803833,0.26008257269859314,0.517062783241272,0.01754559576511383
1,51,True,0.5078740119934082,16,0.7966059446334839,0.2583567500114441,0.517241895198822,0.017481502145528793
1,52,True,0.5472440719604492,16,0.7972978949546814,0.25896918773651123,0.517265260219574,0.017430046573281288
1,53,True,0.586614191532135,16,0.7979099750518799,0.25607365369796753,0.5172531008720398,0.017413711175322533
1,54,True,0.625984251499176,16,0.7984054088592529,0.25437453389167786,0.5171540379524231,0.017361275851726532
1,55,True,0.665354311466217,16,0.7970556020736694,0.2554221451282501,0.5168487429618835,0.01731056720018387
1,56,True,0.7047244310379028,16,0.7970132827758789,0.2552613914012909,0.5168697834014893,0.01724918559193611
1,57,True,0.7440944910049438,16,0.7968542575836182,0.2549021244049072,0.517223596572876,0.017273372039198875
1,58,True,0.7834645509719849,16,0.7964670658111572,0.25536152720451355,0.517514705657959,0.017327988520264626
1,59,True,0.8228346705436707,16,0.797768771648407,0.255387544631958,0.5178410410881042,0.01735956221818924
1,60,True,0.8622047305107117,16,0.7987047433853149,0.2561277151107788,0.5184053778648376,0.017346106469631195
1,61,True,0.9015747904777527,16,0.7991877794265747,0.2544786334037781,0.5178040266036987,0.017183562740683556
1,62,True,0.9409449100494385,16,0.7995880842208862,0.2535199522972107,0.5174530148506165,0.01714320294559002
1,63,True,0.9803149700164795,16,0.796754777431488,0.25256943702697754,0.5195357799530029,0.017275601625442505
1,64,True,1.0,16,0.7964010238647461,0.2541510760784149,0.5199635028839111,0.01727612502872944
1,65,True,1.0,16,0.796379566192627,0.25399938225746155,0.5198935270309448,0.01725374534726143
1,66,True,1.0,16,0.7963636517524719,0.25390341877937317,0.5198935270309448,0.01725374534726143
1,67,True,1.0,16,0.7963433861732483,0.25384321808815,0.5198935270309448,0.01725374534726143
1,68,True,1.0,16,0.7961745262145996,0.2547888159751892,0.5197476148605347,0.017275411635637283
1,69,True,1.0,16,0.7961481809616089,0.25476646423339844,0.5197449922561646,0.01727793924510479
1,70,True,1.0,16,0.7961306571960449,0.25476139783859253,0.5197440385818481,0.01727844960987568
1,71,True,1.0,16,0.7961254119873047,0.254749596118927,0.5197421312332153,0.01727931946516037
1,72,True,1.0,16,0.7961225509643555,0.25475335121154785,0.5197421908378601,0.0172792449593544
1,73,True,1.0,16,0.7961099147796631,0.25475698709487915,0.5197435617446899,0.01727909781038761
1,74,True,1.0,16,0.7961159944534302,0.25476399064064026,0.5197427272796631,0.01727868802845478
1,75,True,1.0,16,0.7961108684539795,0.25475364923477173,0.5197424292564392,0.01727823168039322
1,76,True,1.0,16,0.7958167791366577,0.2551901936531067,0.519586980342865,0.017287438735365868
1,77,True,1.0,16,0.7958018183708191,0.25520825386047363,0.5195752382278442,0.017286501824855804
1,78,True,1.0,16,0.7957958579063416,0.25520947575569153,0.5195767879486084,0.017288127914071083
1,79,True,1.0,16,0.7957929968833923,0.25521719455718994,0.5195754766464233,0.01728866621851921
1,80,True,1.0,16,0.7958062291145325,0.25521597266197205,0.5195742845535278,0.01728861778974533
1,81,True,1.0,16,0.7957924008369446,0.2552257478237152,0.5195717811584473,0.017286967486143112
1,82,True,1.0,16,0.7957976460456848,0.2552259564399719,0.5195721387863159,0.01728924922645092
1,83,True,1.0,16,0.7957938313484192,0.25522518157958984,0.5195719003677368,0.01728922873735428
1,84,True,1.0,16,0.7956438660621643,0.2555728852748871,0.5193434357643127,0.017430633306503296
1,85,True,1.0,16,0.7956339716911316,0.2556007206439972,0.5193393230438232,0.01743151620030403
1,86,True,1.0,16,0.7956065535545349,0.25560876727104187,0.5193396806716919,0.017432833090424538
1,87,True,1.0,16,0.795595109462738,0.2556055784225464,0.519343376159668,0.01743343099951744
1,88,True,1.0,16,0.7955998778343201,0.25560981035232544,0.5193442106246948,0.01743335649371147
1,89,True,1.0,16,0.7956002354621887,0.2556096613407135,0.5193452835083008,0.01743297465145588
1,90,True,1.0,16,0.795587956905365,0.255607932806015,0.5193458795547485,0.017433207482099533
1,91,True,1.0,16,0.7955889105796814,0.2556111216545105,0.519345223903656,0.017432700842618942
1,92,True,1.0,16,0.7955281138420105,0.25590890645980835,0.5190941095352173,0.017616016790270805
1,93,True,1.0,16,0.7955145239830017,0.25593695044517517,0.5190994739532471,0.017616620287299156
1,94,True,1.0,16,0.7954995036125183,0.25593307614326477,0.5191049575805664,0.017619287595152855
1,95,True,1.0,16,0.7954954504966736,0.25594010949134827,0.5191056728363037,0.01762101612985134
1,96,False,0.0,16,0.7893674373626709,0.26970574259757996,0.5161569118499756,0.017292603850364685
1,97,False,0.0,16,0.7868548631668091,0.27118685841560364,0.5162404775619507,0.017360540106892586
1,98,False,0.0,16,0.7861349582672119,0.2723161280155182,0.5166223049163818,0.0173609871417284
1,99,False,0.0,16,0.7857946753501892,0.27284950017929077,0.5170315504074097,0.017293574288487434
1,100,False,0.0,16,0.7848963141441345,0.2736365795135498,0.517035961151123,0.017375487834215164
1,101,False,0.0,16,0.7840310335159302,0.2737372815608978,0.5171633958816528,0.0173945352435112
1,102,False,0.0,16,0.7831246256828308,0.27368003129959106,0.5173192620277405,0.01740792952477932
1,103,False,0.0,16,0.7818325757980347,0.2735964357852936,0.5176267027854919,0.017379993572831154
1,104,False,0.0,16,0.7805194854736328,0.2736033499240875,0.5175970792770386,0.017322363331913948
1,105,False,0.0,16,0.7800471186637878,0.2734300196170807,0.5172508955001831,0.017285365611314774
1,106,False,0.0,16,0.7806501388549805,0.27304691076278687,0.5170141458511353,0.01727909967303276
1,107,False,0.0,16,0.7812237739562988,0.2726100981235504,0.5168237686157227,0.017284756526350975
1,108,False,0.0,16,0.7810009717941284,0.2720690369606018,0.5166352987289429,0.017371222376823425
1,109,False,0.0,16,0.7817983627319336,0.2708745300769806,0.5165860652923584,0.01735762134194374
1,110,False,0.0,16,0.7822243571281433,0.26981911063194275,0.5163862705230713,0.017363831400871277
1,111,False,0.0,16,0.7817416787147522,0.269479364156723,0.5163766145706177,0.017426228150725365
1,112,False,0.0,16,0.7809872627258301,0.2692461311817169,0.5162971019744873,0.017401190474629402
1,113,False,0.0,16,0.7806122899055481,0.26912054419517517,0.5162614583969116,0.017397655174136162
1,114,False,0.0,16,0.7804852724075317,0.2690344452857971,0.5162723064422607,0.017405807971954346
1,115,False,0.0,16,0.7804291248321533,0.2690061926841736,0.5162720680236816,0.017418241128325462
1,116,False,0.0,16,0.7811861038208008,0.2690182328224182,0.5164690613746643,0.017525624483823776
1,117,False,0.0,16,0.7818801403045654,0.2684381902217865,0.516502320766449,0.017519483342766762
1,118,False,0.0,16,0.7828499674797058,0.2666145861148834,0.5165984630584717,0.017528560012578964
1,119,False,0.0,16,0.7845869064331055,0.26507431268692017,0.5167480111122131,0.017485180869698524
1,120,False,0.0,16,0.7881691455841064,0.2651873826980591,0.516940176486969,0.017447857186198235
1,121,False,0.0,16,0.789030909538269,0.2653835117816925,0.5172392129898071,0.017459554597735405
1,122,False,0.0,16,0.7889018058776855,0.2655334174633026,0.5174379944801331,0.01749955490231514
1,123,False,0.0,16,0.7887030243873596,0.2655254900455475,0.5176212191581726,0.01756068877875805
1,124,False,0.0,16,0.7884867191314697,0.2655673921108246,0.5181455016136169,0.017563654109835625
1,125,False,0.0,16,0.7881743311882019,0.2653619349002838,0.5183513760566711,0.017559019848704338
1,126,False,0.0,16,0.7883744239807129,0.2651548385620117,0.5184318423271179,0.017555473372340202
1,127,False,0.0,16,0.7886905670166016,0.2648800015449524,0.5185316205024719,0.01753683015704155
2,0,False,0.0,0,0.7500243186950684,0.19156771898269653,0.505541980266571,0.006008367519825697
2,1,False,0.0,1,0.8137645721435547,0.2505411207675934,0.5185967683792114,0.017730114981532097
2,2,False,0.0,2,0.8137750625610352,0.2502015233039856,0.5184834003448486,0.017756963148713112
2,3,False,0.0,3,0.8132208585739136,0.25021257996559143,0.5182927846908569,0.017751075327396393
2,4,False,0.0,4,0.8123640418052673,0.2512131929397583,0.5190877318382263,0.01776648499071598
2,5,False,0.0,5,0.8108363747596741,0.25236332416534424,0.5189346075057983,0.017735138535499573
2,6,False,0.0,6,0.8094855546951294,0.2533719837665558,0.518673300743103,0.01765831559896469
2,7,False,0.0,7,0.8077068328857422,0.25440743565559387,0.5184811353683472,0.01763966493308544
2,8,False,0.0,8,0.8049196004867554,0.25508779287338257,0.5181742906570435,0.017672888934612274
2,9,False,0.0,9,0.8018264770507812,0.25677117705345154,0.5176424980163574,0.017646988853812218
2,10,False,0.0,10,0.7988719940185547,0.25849053263664246,0.5175065398216248,0.01759825460612774
2,11,False,0.0,11,0.7968395948410034,0.26030945777893066,0.5175358653068542,0.0175050999969244
2,12,False,0.0,12,0.7948575019836426,0.26385587453842163,0.5181764364242554,0.017382515594363213
2,13,False,0.0,13,0.7924100756645203,0.2675304412841797,0.5181477069854736,0.017456624656915665
2,14,False,0.0,14,0.789819061756134,0.2695537507534027,0.5181664228439331,0.017546342685818672
2,15,False,0.0,15,0.787297248840332,0.2714644968509674,0.518505871295929,0.017571022734045982
2,16,False,0.0,16,0.7852752804756165,0.27330470085144043,0.5184555053710938,0.017509788274765015
2,17,False,0.0,16,0.7835145592689514,0.2747434079647064,0.5183502435684204,0.017463553696870804
2,18,False,0.0,16,0.7817911505699158,0.2759150266647339,0.518467903137207,0.017516126856207848
2,19,False,0.0,16,0.7809110283851624,0.2762813866138458,0.5182147026062012,0.017515530809760094
2,20,False,0.0,16,0.7810664176940918,0.2764255106449127,0.5186981558799744,0.017386019229888916
2,21,False,0.0,16,0.7808870673179626,0.27653956413269043,0.5186511278152466,0.017409678548574448
2,22,False,0.0,16,0.7813625335693359,0.2760636806488037,0.518451988697052,0.017361605539917946
2,23,False,0.0,16,0.782048225402832,0.2754414677619934,0.5184189081192017,0.017237724736332893
2,24,False,0.0,16,0.7819724082946777,0.27463996410369873,0.5181825160980225,0.017278296872973442
2,25,False,0.0,16,0.7819554209709167,0.2742796242237091,0.5183702707290649,0.017315000295639038
2,26,False,0.0,16,0.7830257415771484,0.273421049118042,0.5185964107513428,0.01728692464530468
2,27,False,0.0,16,0.7845276594161987,0.2733261287212372,0.5187935829162598,0.017244085669517517
2,28,False,0.0,16,0.7851055860519409,0.2733638882637024,0.5194183588027954,0.017173053696751595
2,29,False,0.0,16,0.7850095629692078,0.27435019612312317,0.5195865631103516,0.017209600657224655
2,30,False,0.0,16,0.7858803272247314,0.27449870109558105,0.5196484923362732,0.01718493551015854
2,31,False,0.0,16,0.785488486289978,0.2747853696346283,0.5198842287063599,0.017178600654006004
2,32,False,0.0,16,0.785550594329834,0.2743431031703949,0.5200170278549194,0.017173079773783684
2,33,True,0.013761468231678009,16,0.784937858581543,0.2743724584579468,0.5199559330940247,0.017115481197834015
2,34,True,0.059633027762174606,16,0.7832951545715332,0.27299413084983826,0.5196031332015991,0.017249174416065216
2,35,True,0.1055045872926712,16,0.7850358486175537,0.2702200710773468,0.5206090807914734,0.017347289249300957
2,36,True,0.1513761430978775,16,0.7882934808731079,0.26643118262290955,0.520890474319458,0.016927845776081085
2,37,True,0.197247713804245,16,0.7884770631790161,0.2652730941772461,0.5214138031005859,0.016993289813399315
2,38,True,0.2431192696094513,16,0.7892855405807495,0.26197606325149536,0.5216256380081177,0.017119714990258217
2,39,True,0.2889908254146576,16,0.7907956838607788,0.2593677043914795,0.521685779094696,0.01729382760822773
2,40,True,0.3348623812198639,16,0.7913498878479004,0.25848135352134705,0.5215370655059814,0.017334045842289925
2,41,True,0.3807339370250702,16,0.7911996841430664,0.2583813965320587,0.5212370157241821,0.017177613452076912
2,42,True,0.4266054928302765,16,0.7913357019424438,0.25750261545181274,0.5212056040763855,0.017176268622279167
2,43,True,0.4724770784378052,16,0.7912318706512451,0.25777366757392883,0.5209795236587524,0.017122067511081696
2,44,True,0.5183486342430115,16,0.7918095588684082,0.25602802634239197,0.5212907791137695,0.016900712624192238
2,45,True,0.5642201900482178,16,0.7920395135879517,0.2561549246311188,0.5212832689285278,0.01689133793115616
2,46,True,0.6100917458534241,16,0.7930230498313904,0.256982684135437,0.5218340158462524,0.01700965128839016
2,47,True,0.6559633016586304,16,0.7930935025215149,0.2572251260280609,0.5215907096862793,0.01698482781648636
2,48,True,0.7018348574638367,16,0.7929636240005493,0.2573842704296112,0.5211985111236572,0.01688366010785103
2,49,True,0.747706413269043,16,0.793085515499115,0.25706419348716736,0.521131694316864,0.016833359375596046
2,50,True,0.7935779690742493,16,0.7930799722671509,0.25657525658607483,0.5211340188980103,0.01681358367204666
2,51,True,0.8394495248794556,16,0.7929280996322632,0.25653475522994995,0.5209306478500366,0.016726301982998848
2,52,True,0.8853210806846619,16,0.7942260503768921,0.25623464584350586,0.5213634371757507,0.016601724550127983
2,53,True,0.9311926364898682,16,0.792045533657074,0.25689420104026794,0.5217769145965576,0.016674665734171867
2,54,True,0.9770641922950745,16,0.790642261505127,0.25602102279663086,0.5228184461593628,0.01657836139202118
2,55,True,1.0,16,0.7908886671066284,0.25508278608322144,0.5220719575881958,0.016474811360239983
2,56,True,1.0,16,0.7907062768936157,0.2550758421421051,0.5220708847045898,0.016470327973365784
2,57,True,1.0,16,0.7905694246292114,0.25509586930274963,0.5220767259597778,0.016468578949570656
2,58,True,1.0,16,0.7904727458953857,0.2551230490207672,0.5220798254013062,0.016467463225126266
2,59,True,1.0,16,0.7904300689697266,0.25514233112335205,0.5220853090286255,0.01646674983203411
2,60,True,1.0,16,0.7903006076812744,0.25509804487228394,0.5222642421722412,0.016508733853697777
2,61,True,1.0,16,0.7902911901473999,0.2551018297672272,0.5222505331039429,0.016500510275363922
2,62,True,1.0,16,0.7902829051017761,0.25510039925575256,0.5222474336624146,0.01650054194033146
2,63,True,1.0,16,0.790274441242218,0.25511735677719116,0.5222445130348206,0.01650242879986763
2,64,True,1.0,16,0.7902707457542419,0.25511178374290466,0.5222433805465698,0.01650128699839115
2,65,True,1.0,16,0.7902727723121643,0.2551196813583374,0.5222424268722534,0.01650075614452362
2,66,True,1.0,16,0.7902689576148987,0.25511378049850464,0.5222430229187012,0.016501251608133316
2,67,True,1.0,16,0.7902694344520569,0.2551168203353882,0.5222429037094116,0.0165004413574934
2,68,True,1.0,16,0.7904874086380005,0.2551128566265106,0.522484540939331,0.0165779497474432
2,69,True,1.0,16,0.7904812097549438,0.25511497259140015,0.5224817991256714,0.016578396782279015
2,70,True,1.0,16,0.7904835939407349,0.2551265358924866,0.5224802494049072,0.016578594222664833
2,71,True,1.0,16,0.790482759475708,0.25513967871665955,0.5224794149398804,0.016577864065766335
2,72,True,1.0,16,0.7904869318008423,0.2551420331001282,0.5224829912185669,0.01657976768910885
2,73,True,1.0,16,0.7904849052429199,0.255126029253006,0.5224826335906982,0.016578707844018936
2,74,True,1.0,16,0.7904850244522095,0.2551308870315552,0.5224841833114624,0.016579005867242813
2,75,True,1.0,16,0.7904868125915527,0.25513172149658203,0.5224823355674744,0.01657930016517639
2,76,True,1.0,16,0.7907216548919678,0.25478312373161316,0.522361159324646,0.016549360007047653
2,77,True,1.0,16,0.7906911969184875,0.25477245450019836,0.522370457649231,0.016552641987800598
2,78,True,1.0,16,0.7907043695449829,0.25479209423065186,0.5223697423934937,0.01655210740864277
2,79,True,1.0,16,0.7907095551490784,0.25480562448501587,0.522369384765625,0.01655181124806404
2,80,True,1.0,16,0.7907145619392395,0.25481274724006653,0.5223656892776489,0.01655125617980957
2,81,True,1.0,16,0.7907070517539978,0.25480857491493225,0.5223642587661743,0.01655040867626667
2,82,False,0.0,16,0.7770830392837524,0.27852165699005127,0.5214162468910217,0.016735168173909187
2,83,False,0.0,16,0.7757207155227661,0.2785937190055847,0.5213309526443481,0.016771623864769936
2,84,False,0.0,16,0.77652907371521,0.277917742729187,0.5210621953010559,0.01657732203602791
2,85,False,0.0,16,0.7777227759361267,0.27695372700691223,0.5209264755249023,0.016569633036851883
2,86,False,0.0,16,0.7793030738830566,0.2737973630428314,0.5209283232688904,0.016660310328006744
2,87,False,0.0,16,0.7805629372596741,0.2707482576370239,0.5207027196884155,0.01665642485022545
2,88,False,0.0,16,0.7811989784240723,0.26901230216026306,0.5203723311424255,0.016637558117508888
2,89,False,0.0,16,0.7826037406921387,0.267156720161438,0.5202721953392029,0.016612524166703224
2,90,False,0.0,16,0.7838513851165771,0.2642059028148651,0.5203694105148315,0.01658119447529316
2,91,False,0.0,16,0.7840580940246582,0.26301059126853943,0.5203206539154053,0.016559232026338577
2,92,False,0.0,16,0.7838386297225952,0.2621236741542816,0.5199048519134521,0.016361402347683907
2,93,False,0.0,16,0.7836970090866089,0.26125451922416687,0.5198829174041748,0.016378266736865044
2,94,False,0.0,16,0.7837579846382141,0.26036885380744934,0.5198030471801758,0.016374066472053528
2,95,False,0.0,16,0.784479022026062,0.25973936915397644,0.5198866128921509,0.01639505662024021
2,96,False,0.0,16,0.7866259813308716,0.26015326380729675,0.5199035406112671,0.016393888741731644
2,97,False,0.0,16,0.7881448864936829,0.2606924772262573,0.5197675228118896,0.01638207584619522
2,98,False,0.0,16,0.7888156771659851,0.2616358995437622,0.5199652910232544,0.016356194391846657
2,99,False,0.0,16,0.7887153625488281,0.26178762316703796,0.5201112627983093,0.0164163988083601
2,100,False,0.0,16,0.7888942956924438,0.2617592215538025,0.5200209617614746,0.0162267554551363
2,101,False,0.0,16,0.7885732650756836,0.2622506022453308,0.5199464559555054,0.016237443313002586
2,102,False,0.0,16,0.7881432771682739,0.26296764612197876,0.5199426412582397,0.016270790249109268
2,103,False,0.0,16,0.7877118587493896,0.2639998495578766,0.5199620723724365,0.016281411051750183
2,104,False,0.0,16,0.7875715494155884,0.2650226652622223,0.5199095606803894,0.016286149621009827
2,105,False,0.0,16,0.7873225212097168,0.26585131883621216,0.5198642015457153,0.01626736670732498
2,106,False,0.0,16,0.7873698472976685,0.26619115471839905,0.5199060440063477,0.01621776819229126
2,107,False,0.0,16,0.7874950766563416,0.2662861943244934,0.5199640989303589,0.016170669347047806
2,108,False,0.0,16,0.7877146005630493,0.2663959562778473,0.5199814438819885,0.01608668826520443
2,109,False,0.0,16,0.7876391410827637,0.2661376893520355,0.5200477838516235,0.016034990549087524
3,0,False,0.0,0,0.7374434471130371,0.1749306470155716,0.5069881677627563,0.005815430078655481
3,1,False,0.0,1,0.8159701824188232,0.24628016352653503,0.5175143480300903,0.01597847044467926
3,2,False,0.0,2,0.8163590431213379,0.24610455334186554,0.5174566507339478,0.015952151268720627
3,3,False,0.0,3,0.8161658048629761,0.2453574389219284,0.5172022581100464,0.01592758111655712
3,4,False,0.0,4,0.8159819841384888,0.24553337693214417,0.517133355140686,0.015907974913716316
3,5,False,0.0,5,0.8154953122138977,0.2455456256866455,0.5170329213142395,0.015876885503530502
3,6,False,0.0,6,0.8150126934051514,0.24614256620407104,0.5174450874328613,0.015889491885900497
3,7,False,0.0,7,0.81514573097229,0.2466607242822647,0.5177444815635681,0.01590730994939804
3,8,False,0.0,8,0.8157411813735962,0.24638238549232483,0.5180424451828003,0.015877939760684967
3,9,False,0.0,9,0.8163503408432007,0.24520088732242584,0.5181000828742981,0.015899673104286194
3,10,False,0.0,10,0.8165568113327026,0.2447385936975479,0.5178031325340271,0.015866344794631004
3,11,False,0.0,11,0.815077006816864,0.24670429527759552,0.5175508260726929,0.015793342143297195
3,12,False,0.0,12,0.8139481544494629,0.24797028303146362,0.5175907611846924,0.01577565260231495
3,13,False,0.0,13,0.812711238861084,0.24906182289123535,0.5174652338027954,0.015775252133607864
3,14,False,0.0,14,0.8119409084320068,0.250276118516922,0.5176865458488464,0.015780426561832428
3,15,False,0.0,15,0.8114213943481445,0.25086143612861633,0.517699122428894,0.015736328437924385
3,16,False,0.0,16,0.8110091686248779,0.2513929307460785,0.5174751281738281,0.015742817893624306
3,17,False,0.0,16,0.8109369277954102,0.25155243277549744,0.5174983739852905,0.01570165529847145
3,18,False,0.0,16,0.8105354309082031,0.2517712116241455,0.5174484252929688,0.015653938055038452
3,19,False,0.0,16,0.8104819655418396,0.2518746852874756,0.5173349976539612,0.015685351565480232
3,20,False,0.0,16,0.8107689619064331,0.25201377272605896,0.517099916934967,0.015674687922000885
3,21,False,0.0,16,0.8110849857330322,0.2522752583026886,0.5169930458068848,0.015722544863820076
3,22,False,0.0,16,0.8115684986114502,0.2521749436855316,0.5172157883644104,0.015835033729672432
3,23,False,0.0,16,0.8116110563278198,0.2521531581878662,0.5170983076095581,0.015834009274840355
3,24,False,0.0,16,0.8113001585006714,0.252393513917923,0.5172630548477173,0.015835946425795555
3,25,False,0.0,16,0.8115038871765137,0.25239667296409607,0.5171043276786804,0.01579423062503338
3,26,False,0.0,16,0.8106709718704224,0.2531259059906006,0.5169188976287842,0.01578841544687748
3,27,False,0.0,16,0.8092446327209473,0.25395527482032776,0.5169482827186584,0.01581624522805214
3,28,False,0.0,16,0.8085431456565857,0.2545545995235443,0.5169593095779419,0.015834609046578407
3,29,False,0.0,16,0.8070622086524963,0.2554973065853119,0.5167845487594604,0.015888500958681107
3,30,False,0.0,16,0.8057050704956055,0.25660815834999084,0.5169308185577393,0.016064316034317017
3,31,False,0.0,16,0.8033533096313477,0.2581299841403961,0.5167659521102905,0.01607045717537403
3,32,False,0.0,16,0.8010251522064209,0.2596825063228607,0.5166852474212646,0.016013426706194878
3,33,False,0.0,16,0.7986886501312256,0.26156195998191833,0.516703724861145,0.015918197110295296
3,34,False,0.0,16,0.7970722913742065,0.26294633746147156,0.516490638256073,0.01579526625573635
3,35,False,0.0,16,0.7957531809806824,0.26448947191238403,0.5165174603462219,0.01585954986512661
3,36,False,0.0,16,0.7943507432937622,0.26536211371421814,0.5168616771697998,0.01574128121137619
3,37,False,0.0,16,0.7926867604255676,0.26683494448661804,0.5169995427131653,0.01568959467113018
3,38,False,0.0,16,0.7909351587295532,0.268586128950119,0.5175631046295166,0.015884308144450188
3,39,False,0.0,16,0.7889301180839539,0.26978611946105957,0.5173678398132324,0.015906356275081635
3,40,False,0.0,16,0.7862448692321777,0.272274911403656,0.5174002051353455,0.015954168513417244
3,41,False,0.0,16,0.7850395441055298,0.27301546931266785,0.5176184177398682,0.01602192409336567
3,42,False,0.0,16,0.7837374210357666,0.27411749958992004,0.5178523659706116,0.016021057963371277
3,43,False,0.0,16,0.7825640439987183,0.274884432554245,0.5181443691253662,0.016084516420960426
3,44,False,0.0,16,0.7813581228256226,0.2754438817501068,0.5183331966400146,0.016172980889678
3,45,False,0.0,16,0.7804907560348511,0.27561357617378235,0.5186498165130615,0.01624530740082264
3,46,False,0.0,16,0.7804909944534302,0.275199830532074,0.5195329189300537,0.01658710092306137
3,47,False,0.0,16,0.7804400324821472,0.2747054696083069,0.5195116400718689,0.016535736620426178
3,48,False,0.0,16,0.7803589701652527,0.2736887037754059,0.5193756818771362,0.016493331640958786
3,49,False,0.0,16,0.7803966999053955,0.2734944820404053,0.5192112922668457,0.016411051154136658
3,50,False,0.0,16,0.7805517911911011,0.2735080420970917,0.519206702709198,0.01639583893120289
3,51,False,0.0,16,0.7809289693832397,0.2728617191314697,0.5190631747245789,0.0163255762308836
3,52,False,0.0,16,0.781368613243103,0.272259920835495,0.519047737121582,0.016266947612166405
3,53,False,0.0,16,0.7821330428123474,0.2721448838710785,0.519064724445343,0.016221556812524796
3,54,False,0.0,16,0.7837567329406738,0.271548330783844,0.5202659368515015,0.01645192690193653
3,55,False,0.0,16,0.7830790281295776,0.2705528736114502,0.5204172134399414,0.01641569659113884
3,56,False,0.0,16,0.784130334854126,0.26998263597488403,0.5203515291213989,0.016344279050827026
3,57,False,0.0,16,0.7855891585350037,0.2682698369026184,0.520209789276123,0.016357626765966415
3,58,False,0.0,16,0.7872204780578613,0.26694461703300476,0.5200681686401367,0.016330821439623833
3,59,False,0.0,16,0.7872848510742188,0.26610827445983887,0.5200329422950745,0.016323518007993698
3,60,False,0.0,16,0.7869457006454468,0.2666628360748291,0.5201549530029297,0.01638397015631199
3,61,False,0.0,16,0.786165714263916,0.2666231691837311,0.5201436877250671,0.01637573540210724
3,62,False,0.0,16,0.7862290740013123,0.26590695977211,0.5213077068328857,0.01659809984266758
3,63,False,0.0,16,0.7853884696960449,0.26592159271240234,0.5213996171951294,0.01656239479780197
3,64,False,0.0,16,0.78459632396698,0.26599037647247314,0.5215465426445007,0.0165165476500988
3,65,False,0.0,16,0.7853685617446899,0.2659566402435303,0.5214024782180786,0.016460776329040527
3,66,False,0.0,16,0.785876452922821,0.2664170265197754,0.5214363932609558,0.01648017391562462
3,67,False,0.0,16,0.7858119010925293,0.267078161239624,0.5211983919143677,0.016430361196398735
3,68,False,0.0,16,0.7861868143081665,0.26733821630477905,0.521120548248291,0.01639626920223236
3,69,False,0.0,16,0.7860629558563232,0.26839351654052734,0.5211520195007324,0.01646096631884575
3,70,False,0.0,16,0.7863667607307434,0.2687263488769531,0.5219529867172241,0.016616789624094963
3,71,False,0.0,16,0.7864021062850952,0.2696917951107025,0.5215339660644531,0.016480887308716774
3,72,False,0.0,16,0.7859463691711426,0.2705903649330139,0.5212215185165405,0.016416363418102264
3,73,False,0.0,16,0.78619384765625,0.27091285586357117,0.520936131477356,0.01634921506047249
3,74,False,0.0,16,0.786336362361908,0.27145886421203613,0.5206263065338135,0.01630287431180477
3,75,False,0.0,16,0.7865151166915894,0.27168986201286316,0.5202385187149048,0.01627029851078987
3,76,False,0.0,16,0.7861940860748291,0.2723532021045685,0.5206406712532043,0.016334637999534607
3,77,False,0.0,16,0.7862059473991394,0.27254071831703186,0.520680844783783,0.016339676454663277
3,78,False,0.0,16,0.7864696979522705,0.27293720841407776,0.521228551864624,0.0163415540009737
3,79,False,0.0,16,0.7871000170707703,0.27313873171806335,0.5214248299598694,0.016470888629555702
3,80,False,0.0,16,0.7878698110580444,0.27229055762290955,0.5215811729431152,0.016431894153356552
3,81,False,0.0,16,0.788585901260376,0.2717507779598236,0.5215939283370972,0.01633812114596367
3,82,False,0.0,16,0.7894519567489624,0.2714685797691345,0.5215492844581604,0.01632920280098915
3,83,False,0.0,16,0.7913212776184082,0.27004459500312805,0.5217498540878296,0.01632470265030861
3,84,False,0.0,16,0.7929896712303162,0.26875290274620056,0.5217920541763306,0.016255086287856102
3,85,False,0.0,16,0.7942255735397339,0.26801228523254395,0.5216344594955444,0.01619233936071396
3,86,False,0.0,16,0.7954976558685303,0.2669595181941986,0.5218905806541443,0.016060693189501762
3,87,False,0.0,16,0.7959319353103638,0.26643094420433044,0.5219703912734985,0.01614966243505478
3,88,False,0.0,16,0.7967011332511902,0.26623421907424927,0.5218152403831482,0.016141971573233604
3,89,False,0.0,16,0.7968514561653137,0.265510618686676,0.5216708183288574,0.016206413507461548
3,90,False,0.0,16,0.796948254108429,0.2645050883293152,0.5216958522796631,0.01629645936191082
3,91,False,0.0,16,0.7967287302017212,0.264169305562973,0.5215505361557007,0.01634194329380989
3,92,False,0.0,16,0.79599529504776,0.264654278755188,0.5218099355697632,0.01647966541349888
3,93,False,0.0,16,0.7950320243835449,0.26462143659591675,0.521952748298645,0.01649719662964344
3,94,False,0.0,16,0.793926477432251,0.26535549759864807,0.5223327875137329,0.0164633896201849
3,95,False,0.0,16,0.7929970622062683,0.2658398449420929,0.5225623846054077,0.01652907207608223
3,96,False,0.0,16,0.7909263968467712,0.26784220337867737,0.5225915908813477,0.01654484122991562
3,97,False,0.0,16,0.7905337810516357,0.26811784505844116,0.5225993394851685,0.016595689579844475
3,98,False,0.0,16,0.7899720072746277,0.2685854732990265,0.5225818753242493,0.016555728390812874
3,99,False,0.0,16,0.7891477346420288,0.2683420479297638,0.5227105021476746,0.016578976064920425
3,100,False,0.0,16,0.7888532876968384,0.26742398738861084,0.5225378274917603,0.016522077843546867
3,101,False,0.0,16,0.7891473174095154,0.2666439116001129,0.5225108861923218,0.016518142074346542
3,102,False,0.0,16,0.7902263402938843,0.26551422476768494,0.522674560546875,0.01607014425098896
3,103,False,0.0,16,0.7902567982673645,0.2646213471889496,0.522835910320282,0.016070270910859108
3,104,False,0.0,16,0.7904082536697388,0.2649792730808258,0.5229098796844482,0.015997158363461494
3,105,False,0.0,16,0.7911927700042725,0.2649330496788025,0.5229524374008179,0.016007348895072937
3,106,False,0.0,16,0.791237473487854,0.2654237747192383,0.5228520035743713,0.0159462783485651
3,107,False,0.0,16,0.7905848026275635,0.26586824655532837,0.5228582620620728,0.01592937856912613
3,108,False,0.0,16,0.790616512298584,0.26566389203071594,0.5228366851806641,0.01595267653465271
3,109,False,0.0,16,0.7902873158454895,0.26543036103248596,0.5226233005523682,0.01595815271139145
3,110,False,0.0,16,0.7896265983581543,0.26600828766822815,0.5221573114395142,0.015622117556631565
3,111,False,0.0,16,0.7885606288909912,0.266754150390625,0.5220799446105957,0.015673909336328506
3,112,False,0.0,16,0.7864095568656921,0.26770472526550293,0.5222241878509521,0.015616487711668015
3,113,False,0.0,16,0.7846300005912781,0.2676866948604584,0.5223047733306885,0.015845824033021927
3,114,False,0.0,16,0.7835009694099426,0.26854851841926575,0.5218367576599121,0.01584896631538868
3,115,False,0.0,16,0.7833812832832336,0.26856327056884766,0.5217122435569763,0.015799539163708687
3,116,False,0.0,16,0.7835916876792908,0.2688395082950592,0.521796464920044,0.01584944874048233
3,117,False,0.0,16,0.7835778594017029,0.26896825432777405,0.5217095613479614,0.01590239629149437
3,118,False,0.0,16,0.7835513353347778,0.2689764201641083,0.5219906568527222,0.01575440913438797
3,119,False,0.0,16,0.7839588522911072,0.26871421933174133,0.5220184326171875,0.015717297792434692
3,120,False,0.0,16,0.7844396233558655,0.2683556079864502,0.5222235321998596,0.015629082918167114
3,121,False,0.0,16,0.7847236394882202,0.2683990001678467,0.5224291086196899,0.015573148615658283
3,122,False,0.0,16,0.7850649356842041,0.2683384120464325,0.5224504470825195,0.015531452372670174
3,123,False,0.0,16,0.7855418920516968,0.2686680555343628,0.5224364399909973,0.015443265438079834
3,124,False,0.0,16,0.7851195931434631,0.26936811208724976,0.5225638151168823,0.015453155152499676
3,125,False,0.0,16,0.7844611406326294,0.2703932523727417,0.5225855112075806,0.01540750078856945
3,126,False,0.0,16,0.78416508436203,0.2708842158317566,0.522223711013794,0.015321378596127033
3,127,False,0.0,16,0.7840520739555359,0.27139970660209656,0.5221917629241943,0.015298811718821526
3,128,False,0.0,16,0.7835187911987305,0.2717883586883545,0.5220856666564941,0.015272343531250954
3,129,False,0.0,16,0.7829222083091736,0.27259141206741333,0.5221256613731384,0.015294353477656841
3,130,False,0.0,16,0.7831459045410156,0.2734576165676117,0.5221635699272156,0.015272645279765129
3,131,False,0.0,16,0.7825825214385986,0.27424415946006775,0.5221326947212219,0.015296250581741333
3,132,False,0.0,16,0.781920313835144,0.27538955211639404,0.522273063659668,0.015333423390984535
3,133,False,0.0,16,0.7809280157089233,0.27605944871902466,0.5223041772842407,0.01536865346133709
3,134,False,0.0,16,0.7803541421890259,0.2768043875694275,0.5221337080001831,0.01567252166569233
3,135,False,0.0,16,0.7800793647766113,0.27765321731567383,0.5222960710525513,0.0157114677131176
3,136,False,0.0,16,0.7803399562835693,0.27740979194641113,0.5223884582519531,0.015787770971655846
3,137,False,0.0,16,0.7807611227035522,0.2768568694591522,0.5224390029907227,0.015861591324210167
3,138,False,0.0,16,0.7808244228363037,0.2761860191822052,0.5225113034248352,0.015898078680038452
3,139,False,0.0,16,0.7812843918800354,0.2748798131942749,0.5224399566650391,0.01590767130255699
3,140,False,0.0,16,0.781718909740448,0.27401959896087646,0.5222320556640625,0.015881679952144623
3,141,False,0.0,16,0.7837997674942017,0.2728908658027649,0.5222477316856384,0.01585467904806137
3,142,False,0.0,16,0.7846246361732483,0.2722029685974121,0.5220738649368286,0.016393162310123444
3,143,False,0.0,16,0.784824013710022,0.2715843617916107,0.5219683051109314,0.01636098138988018
3,144,False,0.0,16,0.7844899296760559,0.27150702476501465,0.5218245983123779,0.016318703070282936
3,145,False,0.0,16,0.7840263843536377,0.272461473941803,0.521756112575531,0.016319027170538902
3,146,False,0.0,16,0.783831000328064,0.2727750241756439,0.5216025114059448,0.016281794756650925
3,147,False,0.0,16,0.7838764190673828,0.2727241516113281,0.5214824676513672,0.016248278319835663
3,148,False,0.0,16,0.7840449810028076,0.27274131774902344,0.5214877724647522,0.016266830265522003
3,149,False,0.0,16,0.7844767570495605,0.27243804931640625,0.5215111970901489,0.016284717246890068
3,150,False,0.0,16,0.7849041819572449,0.2722282111644745,0.5217639803886414,0.01713387481868267
3,151,False,0.0,16,0.7852143049240112,0.27192050218582153,0.5216925144195557,0.017110716551542282
3,152,False,0.0,16,0.7856470346450806,0.2715764343738556,0.5216896533966064,0.017107157036662102
3,153,False,0.0,16,0.7859393954277039,0.2712656855583191,0.5216665267944336,0.01709812320768833
3,154,False,0.0,16,0.7862985730171204,0.2711280286312103,0.5217114686965942,0.017105529084801674
3,155,False,0.0,16,0.7866311073303223,0.2709480822086334,0.52168869972229,0.01708892546594143
3,156,False,0.0,16,0.7871401309967041,0.27067556977272034,0.5217293500900269,0.017092159017920494
3,157,False,0.0,16,0.7874282002449036,0.2704019248485565,0.5218150615692139,0.01707298867404461
3,158,False,0.0,16,0.7880254983901978,0.26979678869247437,0.5220650434494019,0.01778227835893631
3,159,False,0.0,16,0.7888158559799194,0.2692321836948395,0.5220533013343811,0.017782466486096382
3,160,False,0.0,16,0.7908580899238586,0.2676715552806854,0.5221227407455444,0.01778814196586609
3,161,False,0.0,16,0.7918710708618164,0.266167014837265,0.5223476886749268,0.01779748685657978
3,162,False,0.0,16,0.79194575548172,0.26526182889938354,0.5225963592529297,0.017878450453281403
3,163,False,0.0,16,0.7921297550201416,0.2651539146900177,0.5226337909698486,0.017906781286001205
3,164,False,0.0,16,0.7922548651695251,0.26472389698028564,0.5226489305496216,0.017956335097551346
3,165,False,0.0,16,0.7922416925430298,0.26383018493652344,0.522517204284668,0.017967790365219116
3,166,False,0.0,16,0.7925160527229309,0.26298636198043823,0.5227954387664795,0.018793636932969093
3,167,False,0.0,16,0.7926353812217712,0.262586772441864,0.5227928757667542,0.018846575170755386
3,168,False,0.0,16,0.7930066585540771,0.2623520493507385,0.5228317975997925,0.018839072436094284
4,0,False,0.0,0,0.7395621538162231,0.1809605062007904,0.5086158514022827,0.007761850953102112
4,1,False,0.0,1,0.8181382417678833,0.25120991468429565,0.5220451354980469,0.018301550298929214
4,2,False,0.0,2,0.8181387186050415,0.2512817084789276,0.5218722224235535,0.01822028122842312
4,3,False,0.0,3,0.8174229860305786,0.2516043484210968,0.5221276879310608,0.018179524689912796
4,4,False,0.0,4,0.8181809782981873,0.25054270029067993,0.5222769975662231,0.01804518885910511
4,5,False,0.0,5,0.8202521204948425,0.24997849762439728,0.5227315425872803,0.018366260454058647
4,6,False,0.0,6,0.819537878036499,0.250359445810318,0.5226312875747681,0.018317462876439095
4,7,False,0.0,7,0.8181909322738647,0.2507449984550476,0.5227512121200562,0.018346231430768967
4,8,False,0.0,8,0.8173428773880005,0.25098785758018494,0.5226113796234131,0.018284251913428307
4,9,False,0.0,9,0.8165480494499207,0.2511299252510071,0.522520899772644,0.01826084405183792
4,10,False,0.0,10,0.8171533346176147,0.25130829215049744,0.5227124094963074,0.018244029954075813
4,11,False,0.0,11,0.8175394535064697,0.2513487637042999,0.5229986310005188,0.018321534618735313
4,12,False,0.0,12,0.8168315291404724,0.25137779116630554,0.5230633020401001,0.018287846818566322
4,13,False,0.0,13,0.8168717622756958,0.2514984607696533,0.522998571395874,0.018259722739458084
4,14,False,0.0,14,0.8165368437767029,0.25166136026382446,0.5233142375946045,0.018350983038544655
4,15,False,0.0,15,0.8155949115753174,0.25195765495300293,0.5234729051589966,0.018465841189026833
4,16,False,0.0,16,0.8157919049263,0.25186651945114136,0.5236657857894897,0.018590133637189865
4,17,False,0.0,16,0.8155829906463623,0.2516618072986603,0.5240743160247803,0.018724825233221054
4,18,False,0.0,16,0.8150447607040405,0.2516953945159912,0.5239512920379639,0.018715765327215195
4,19,False,0.0,16,0.8140577077865601,0.25224950909614563,0.5238550901412964,0.01881142519414425
4,20,False,0.0,16,0.8137011528015137,0.2528328597545624,0.5236217379570007,0.018735326826572418
4,21,False,0.0,16,0.8129207491874695,0.2533876299858093,0.5235241651535034,0.018671048805117607
4,22,False,0.0,16,0.8122736215591431,0.25411397218704224,0.5233947038650513,0.01859026402235031
4,23,False,0.0,16,0.8115270137786865,0.25514066219329834,0.523332953453064,0.018550993874669075
4,24,False,0.0,16,0.8113896250724792,0.25516659021377563,0.5232535600662231,0.018557915464043617
4,25,False,0.0,16,0.810265064239502,0.2558938264846802,0.5232539176940918,0.018605103716254234
4,26,False,0.0,16,0.8099581599235535,0.2563380002975464,0.5232464671134949,0.01862100139260292
4,27,False,0.0,16,0.8086583614349365,0.2572936713695526,0.5233505964279175,0.01854022778570652
4,28,False,0.0,16,0.8072171211242676,0.2578888535499573,0.5231410264968872,0.018473295494914055
4,29,False,0.0,16,0.8056668043136597,0.25901544094085693,0.5226045846939087,0.018313460052013397
4,30,False,0.0,16,0.8031164407730103,0.25978147983551025,0.5227020382881165,0.018401676788926125
4,31,False,0.0,16,0.801047146320343,0.2605527639389038,0.5230151414871216,0.018521888181567192
4,32,False,0.0,16,0.7992757558822632,0.2620502710342407,0.5230392813682556,0.01863493211567402
4,33,False,0.0,16,0.7980390191078186,0.2632588744163513,0.5231406688690186,0.01872432790696621
4,34,False,0.0,16,0.796237587928772,0.2648753821849823,0.5235329270362854,0.0187804214656353
4,35,False,0.0,16,0.794379472732544,0.2673485577106476,0.5231729745864868,0.018689623102545738
4,36,False,0.0,16,0.7925246953964233,0.2689377963542938,0.5230253338813782,0.018752198666334152
4,37,False,0.0,16,0.7900877594947815,0.26984408497810364,0.5223034620285034,0.018441958352923393
4,38,False,0.0,16,0.7888453602790833,0.27039211988449097,0.5219489336013794,0.018466420471668243
4,39,False,0.0,16,0.7876921892166138,0.2721465826034546,0.5217467546463013,0.01836879551410675
4,40,False,0.0,16,0.78715580701828,0.2729441225528717,0.5217283964157104,0.0183546282351017
4,41,False,0.0,16,0.7861922979354858,0.2738472521305084,0.52158522605896,0.01827622391283512
4,42,False,0.0,16,0.7847200632095337,0.2743542194366455,0.5217413902282715,0.018304208293557167
4,43,False,0.0,16,0.7841963768005371,0.2751544117927551,0.5216929316520691,0.018372727558016777
4,44,False,0.0,16,0.7844846844673157,0.27519717812538147,0.5217866897583008,0.01846419833600521
4,45,False,0.0,16,0.7841131687164307,0.2746482193470001,0.5207535028457642,0.018162215128540993
4,46,False,0.0,16,0.7845531702041626,0.27321502566337585,0.5206934213638306,0.01814819872379303
4,47,False,0.0,16,0.7848927974700928,0.2719971537590027,0.5206599235534668,0.018123002722859383
4,48,False,0.0,16,0.7859969139099121,0.27107930183410645,0.5204991102218628,0.018118152394890785
4,49,False,0.0,16,0.786231279373169,0.2721821367740631,0.5205097198486328,0.018097376450896263
4,50,False,0.0,16,0.7865239381790161,0.2726972997188568,0.5206015110015869,0.018067657947540283
4,51,False,0.0,16,0.786339521408081,0.2729871869087219,0.5206949710845947,0.018067609518766403
4,52,False,0.0,16,0.7852347493171692,0.27287808060646057,0.5209066867828369,0.01809866540133953
4,53,False,0.0,16,0.7861711978912354,0.2717599868774414,0.5201024413108826,0.017956489697098732
4,54,False,0.0,16,0.7868553400039673,0.2712806761264801,0.5200114846229553,0.017974015325307846
4,55,False,0.0,16,0.7875452041625977,0.2695332169532776,0.5199152231216431,0.018033575266599655
4,56,False,0.0,16,0.7880958318710327,0.26776179671287537,0.519951581954956,0.01811165176331997
4,57,False,0.0,16,0.7881877422332764,0.2668096721172333,0.5199938416481018,0.018177948892116547
4,58,False,0.0,16,0.7885752320289612,0.26645225286483765,0.5201200246810913,0.018250610679388046
4,59,False,0.0,16,0.7899832129478455,0.2655832767486572,0.520164430141449,0.0182271059602499
4,60,False,0.0,16,0.7919976711273193,0.26228007674217224,0.5201200246810913,0.01822686940431595
4,61,False,0.0,16,0.7933634519577026,0.26174280047416687,0.5193583369255066,0.018022682517766953
4,62,False,0.0,16,0.794597864151001,0.2603277266025543,0.5194088220596313,0.01795600727200508
4,63,False,0.0,16,0.7956817150115967,0.26035070419311523,0.5196723937988281,0.01804765686392784
4,64,False,0.0,16,0.7968896627426147,0.2608824670314789,0.5198603868484497,0.018127528950572014
4,65,False,0.0,16,0.7977558374404907,0.26094669103622437,0.5198969841003418,0.018118934705853462
4,66,False,0.0,16,0.7978399991989136,0.26138433814048767,0.5198755264282227,0.0181268360465765
4,67,False,0.0,16,0.7977885007858276,0.2617943286895752,0.5198302865028381,0.01803405210375786
4,68,False,0.0,16,0.7986664175987244,0.26216569542884827,0.519829273223877,0.01802653633058071
4,69,False,0.0,16,0.7993577718734741,0.26191776990890503,0.5191613435745239,0.01778022199869156
4,70,False,0.0,16,0.8000492453575134,0.2615475058555603,0.51911461353302,0.017696794122457504
4,71,False,0.0,16,0.7998006343841553,0.2615627646446228,0.5190109014511108,0.017550025135278702
4,72,False,0.0,16,0.7994050979614258,0.26174160838127136,0.5188142657279968,0.017463473603129387
4,73,False,0.0,16,0.7987633943557739,0.2622799873352051,0.5185930132865906,0.017404718324542046
4,74,False,0.0,16,0.7985198497772217,0.2627849280834198,0.5185112357139587,0.017382502555847168
4,75,False,0.0,16,0.7975907325744629,0.2643001973628998,0.5183396339416504,0.01730591058731079
4,76,False,0.0,16,0.7960283756256104,0.2654399573802948,0.5182795524597168,0.017226077616214752
4,77,False,0.0,16,0.7952865362167358,0.26660406589508057,0.5180255174636841,0.017108313739299774
4,78,False,0.0,16,0.7933392524719238,0.2680266797542572,0.5180477499961853,0.017151953652501106
4,79,False,0.0,16,0.7908826470375061,0.2694176435470581,0.5180612802505493,0.017161693423986435
4,80,False,0.0,16,0.7898035049438477,0.2692593038082123,0.5181939005851746,0.01723644509911537
4,81,False,0.0,16,0.7903697490692139,0.26897212862968445,0.5185860395431519,0.01734095625579357
4,82,False,0.0,16,0.7892292737960815,0.26939547061920166,0.5188440084457397,0.01741832308471203
4,83,False,0.0,16,0.7899675369262695,0.26974427700042725,0.5189180374145508,0.017328055575489998
4,84,False,0.0,16,0.7906810641288757,0.27076032757759094,0.51888108253479,0.017327679321169853
4,85,False,0.0,16,0.7884927988052368,0.2733997106552124,0.5195109248161316,0.017405282706022263
4,86,False,0.0,16,0.7878057956695557,0.2750694751739502,0.5193907618522644,0.017477523535490036
4,87,False,0.0,16,0.7867434620857239,0.2763746678829193,0.5193097591400146,0.017445199191570282
4,88,False,0.0,16,0.7867705225944519,0.27725905179977417,0.5194491147994995,0.017482714727520943
4,89,False,0.0,16,0.7870439291000366,0.2770872414112091,0.5195004343986511,0.017508594319224358
4,90,False,0.0,16,0.7874623537063599,0.2762601673603058,0.5194259881973267,0.01749168336391449
4,91,False,0.0,16,0.7875275611877441,0.2757732570171356,0.5195223093032837,0.017558157444000244
4,92,False,0.0,16,0.7881223559379578,0.27525633573532104,0.5195835828781128,0.01757967844605446
4,93,False,0.0,16,0.7883652448654175,0.2752145230770111,0.5208734273910522,0.01789787784218788
4,94,False,0.0,16,0.7887108325958252,0.274874210357666,0.5207517743110657,0.017878809943795204
4,95,False,0.0,16,0.7890312671661377,0.2742990255355835,0.5206496119499207,0.017811747267842293
4,96,False,0.0,16,0.7892888784408569,0.2740267813205719,0.5205479860305786,0.017768999561667442
4,97,False,0.0,16,0.789641261100769,0.2735321819782257,0.520413875579834,0.017741244286298752
4,98,False,0.0,16,0.7898401021957397,0.27268341183662415,0.5202803611755371,0.01774456724524498
4,99,False,0.0,16,0.790370523929596,0.2716159224510193,0.5201072692871094,0.01773056760430336
4,100,False,0.0,16,0.7908015251159668,0.27086004614830017,0.5200527906417847,0.017739025875926018
4,101,False,0.0,16,0.7913714051246643,0.2701968252658844,0.5212839841842651,0.01819232478737831
4,102,False,0.0,16,0.7915822863578796,0.26950758695602417,0.5211997032165527,0.018176067620515823
4,103,False,0.0,16,0.7916125059127808,0.26922592520713806,0.5211387872695923,0.01815461367368698
4,104,False,0.0,16,0.7913793921470642,0.2689249813556671,0.5211360454559326,0.018155435100197792
4,105,False,0.0,16,0.7913562655448914,0.26851794123649597,0.5211645364761353,0.01816711574792862
4,106,False,0.0,16,0.7920375466346741,0.2682334780693054,0.5211000442504883,0.01809910498559475
4,107,False,0.0,16,0.7933968901634216,0.26727941632270813,0.5212103724479675,0.018116818740963936
4,108,False,0.0,16,0.7938029766082764,0.266592413187027,0.5212106704711914,0.018070926889777184
4,109,False,0.0,16,0.7934201955795288,0.2670866549015045,0.5225560665130615,0.018552834168076515
4,110,False,0.0,16,0.7934081554412842,0.2672780156135559,0.5225376486778259,0.018569298088550568
4,111,False,0.0,16,0.793178141117096,0.26752299070358276,0.5224366784095764,0.018648846074938774
4,112,False,0.0,16,0.7929697036743164,0.26700520515441895,0.5223827362060547,0.018723098561167717
4,113,False,0.0,16,0.7937383651733398,0.26615917682647705,0.5223102569580078,0.01873929612338543
4,114,False,0.0,16,0.7941405773162842,0.2656170427799225,0.522266149520874,0.018697256222367287
4,115,False,0.0,16,0.7936620116233826,0.2651391625404358,0.522147536277771,0.018682781606912613
5,0,False,0.0,0,0.7140288352966309,0.18342502415180206,0.5099472999572754,0.008946763351559639
5,1,False,0.0,1,0.8074063062667847,0.2602628171443939,0.522347629070282,0.018698303028941154
5,2,False,0.0,2,0.8081949949264526,0.2597446143627167,0.5223987102508545,0.01878046616911888
5,3,False,0.0,3,0.8086755871772766,0.2586875855922699,0.5224774479866028,0.01886867731809616
5,4,False,0.0,4,0.8084936141967773,0.2584194540977478,0.5224761962890625,0.018966635689139366
5,5,False,0.0,5,0.8089704513549805,0.2583232820034027,0.5224102735519409,0.019018996506929398
5,6,False,0.0,6,0.8085896968841553,0.25866058468818665,0.5224148631095886,0.01909039355814457
5,7,False,0.0,7,0.8088663816452026,0.2590683400630951,0.5223819017410278,0.019150910899043083
5,8,False,0.0,8,0.8086572289466858,0.2594356834888458,0.5223451852798462,0.019257802516222
5,9,False,0.0,9,0.8087002038955688,0.2598687708377838,0.5234390497207642,0.019632305949926376
5,10,False,0.0,10,0.8088492751121521,0.2599426507949829,0.5234963893890381,0.019766375422477722
5,11,False,0.0,11,0.809246301651001,0.25976842641830444,0.5233539342880249,0.01986886002123356
5,12,False,0.0,12,0.8095532059669495,0.25991377234458923,0.5232381224632263,0.019843710586428642
5,13,False,0.0,13,0.8095651865005493,0.26006707549095154,0.5231724977493286,0.019773300737142563
5,14,False,0.0,14,0.8101083040237427,0.26017919182777405,0.523247241973877,0.01986880972981453
5,15,False,0.0,15,0.810478925704956,0.2599113881587982,0.523210883140564,0.019849563017487526
5,16,False,0.0,16,0.8105931282043457,0.2598668038845062,0.5230429172515869,0.019772406667470932
5,17,False,0.0,16,0.8107950091362,0.25918999314308167,0.5238432884216309,0.020000994205474854
5,18,False,0.0,16,0.8115267753601074,0.25878414511680603,0.5239154100418091,0.020064448937773705
5,19,False,0.0,16,0.8116523027420044,0.25852030515670776,0.5239713191986084,0.020075449720025063
5,20,False,0.0,16,0.8111639022827148,0.2586956024169922,0.5238174796104431,0.020059185102581978
5,21,False,0.0,16,0.8110102415084839,0.2585444152355194,0.5237847566604614,0.02006516605615616
5,22,False,0.0,16,0.8107991218566895,0.2586468458175659,0.523887038230896,0.02016681246459484
5,23,False,0.0,16,0.81081223487854,0.2590261995792389,0.5240392684936523,0.020183788612484932
5,24,False,0.0,16,0.8101850748062134,0.2598256468772888,0.5240731239318848,0.02016683854162693
5,25,False,0.0,16,0.8098244667053223,0.2603909969329834,0.5247076749801636,0.02017955482006073
5,26,False,0.0,16,0.8093323707580566,0.26092565059661865,0.5247831344604492,0.020178159698843956
5,27,False,0.0,16,0.8082112073898315,0.26088404655456543,0.524891197681427,0.020162584260106087
5,28,False,0.0,16,0.8067604303359985,0.2610938847064972,0.5249210596084595,0.020214634016156197
5,29,False,0.0,16,0.8065255284309387,0.26175495982170105,0.5248924493789673,0.020186401903629303
5,30,False,0.0,16,0.8053354024887085,0.26190662384033203,0.5248275399208069,0.020207101479172707
5,31,False,0.0,16,0.8044163584709167,0.26253098249435425,0.5248074531555176,0.02014371193945408
5,32,False,0.0,16,0.8015543818473816,0.2633049190044403,0.524908721446991,0.020246319472789764
5,33,False,0.0,16,0.7985999584197998,0.26433616876602173,0.525488018989563,0.02028777450323105
5,34,False,0.0,16,0.7982363700866699,0.26477643847465515,0.5253615379333496,0.020262284204363823
5,35,False,0.0,16,0.7984577417373657,0.2654196321964264,0.5254977941513062,0.020319346338510513
5,36,False,0.0,16,0.7974358797073364,0.2661297023296356,0.525396466255188,0.020296594128012657
5,37,False,0.0,16,0.7971969842910767,0.2669643461704254,0.5251451730728149,0.020264381542801857
5,38,False,0.0,16,0.7965579032897949,0.26777881383895874,0.5251020193099976,0.020269449800252914
5,39,False,0.0,16,0.7952979803085327,0.2688558101654053,0.5250638723373413,0.020293286070227623
5,40,False,0.0,16,0.7943742871284485,0.2687799036502838,0.5249854922294617,0.02026422694325447
5,41,False,0.0,16,0.7938131093978882,0.2695002853870392,0.5249893069267273,0.020445378497242928
5,42,False,0.0,16,0.7930086851119995,0.2703542113304138,0.5249268412590027,0.02053830213844776
5,43,False,0.0,16,0.7919162511825562,0.2696968913078308,0.5249060392379761,0.02056100219488144
5,44,False,0.0,16,0.7915015816688538,0.26897335052490234,0.5249925851821899,0.02057022415101528
5,45,False,0.0,16,0.7908941507339478,0.2681068181991577,0.524763822555542,0.0204287301748991
5,46,False,0.0,16,0.7892519235610962,0.2682396173477173,0.5245703458786011,0.020410263910889626
5,47,False,0.0,16,0.7881882786750793,0.2691328525543213,0.5245296955108643,0.020444810390472412
5,48,False,0.0,16,0.7864878177642822,0.26989302039146423,0.5246121883392334,0.02052944153547287
5,49,False,0.0,16,0.7850280404090881,0.2707054913043976,0.5246321558952332,0.020460424944758415
5,50,False,0.0,16,0.7842745780944824,0.27178433537483215,0.5245381593704224,0.02035795897245407
5,51,False,0.0,16,0.7836087942123413,0.2725519835948944,0.5245524048805237,0.020332008600234985
5,52,False,0.0,16,0.7838646173477173,0.27348795533180237,0.5243571400642395,0.020258847624063492
5,53,False,0.0,16,0.7844671010971069,0.2738836109638214,0.5244133472442627,0.020223312079906464
5,54,False,0.0,16,0.7847852110862732,0.27545925974845886,0.5244699716567993,0.020206144079566002
5,55,False,0.0,16,0.7858042120933533,0.2759866416454315,0.5245543718338013,0.02014734596014023
5,56,False,0.0,16,0.7874879837036133,0.2749185264110565,0.5247038006782532,0.02015124447643757
5,57,False,0.0,16,0.7891496419906616,0.27334344387054443,0.5248663425445557,0.019897839054465294
5,58,False,0.0,16,0.7917090058326721,0.2705443799495697,0.5247571468353271,0.019862743094563484
5,59,False,0.0,16,0.7953842878341675,0.26433128118515015,0.524924635887146,0.01992136798799038
5,60,False,0.0,16,0.7964653968811035,0.2623121738433838,0.5250757336616516,0.020007694140076637
5,61,False,0.0,16,0.7964156866073608,0.2613382637500763,0.5251777768135071,0.02005729079246521
5,62,False,0.0,16,0.7965937852859497,0.26067519187927246,0.5252484083175659,0.02006758749485016
5,63,False,0.0,16,0.7969450950622559,0.26019370555877686,0.5253647565841675,0.020104529336094856
5,64,False,0.0,16,0.7978171706199646,0.25908663868904114,0.525389552116394,0.020159894600510597
5,65,False,0.0,16,0.7985225319862366,0.25782275199890137,0.5255829691886902,0.019895704463124275
5,66,False,0.0,16,0.7990986108779907,0.25723904371261597,0.5257346630096436,0.019943872466683388
5,67,False,0.0,16,0.7999988794326782,0.25681912899017334,0.5257285833358765,0.01991146430373192
5,68,False,0.0,16,0.8002345561981201,0.256077378988266,0.5260465145111084,0.020008385181427002
5,69,False,0.0,16,0.80201655626297,0.25517648458480835,0.526062548160553,0.019961906597018242
5,70,False,0.0,16,0.8029879331588745,0.2550431489944458,0.5261152982711792,0.019954003393650055
5,71,False,0.0,16,0.804497241973877,0.2551811933517456,0.5260553359985352,0.01985068991780281
5,72,False,0.0,16,0.8063583374023438,0.25521335005760193,0.5260960459709167,0.019849684089422226
5,73,False,0.0,16,0.8087291717529297,0.25451144576072693,0.5264133214950562,0.019697051495313644
5,74,False,0.0,16,0.8096277713775635,0.2549327313899994,0.5264626741409302,0.019713526591658592
5,75,False,0.0,16,0.8102713227272034,0.2549089193344116,0.5265111923217773,0.019722824916243553
5,76,False,0.0,16,0.8101991415023804,0.25534048676490784,0.5265915393829346,0.019791679456830025
5,77,False,0.0,16,0.8103421926498413,0.25523558259010315,0.5265324115753174,0.01974503882229328
5,78,False,0.0,16,0.8108574151992798,0.2549453675746918,0.5264152884483337,0.019707467406988144
5,79,False,0.0,16,0.8115293979644775,0.25511637330055237,0.5263086557388306,0.019637877121567726
5,80,False,0.0,16,0.8116913437843323,0.255434513092041,0.5263599157333374,0.019638655707240105
5,81,False,0.0,16,0.8114762306213379,0.2563551068305969,0.5261448621749878,0.019276883453130722
5,82,False,0.0,16,0.810768723487854,0.25719013810157776,0.5262736082077026,0.019249245524406433
5,83,False,0.0,16,0.8099139332771301,0.25775736570358276,0.5264813899993896,0.019302070140838623
5,84,False,0.0,16,0.808954656124115,0.2586248815059662,0.5265501737594604,0.019323410466313362
5,85,False,0.0,16,0.8073058128356934,0.260212242603302,0.5264717936515808,0.019317343831062317
5,86,False,0.0,16,0.8054006099700928,0.26206129789352417,0.5263220071792603,0.01934676431119442
5,87,False,0.0,16,0.8035008311271667,0.26342618465423584,0.526279866695404,0.019373225048184395
5,88,False,0.0,16,0.8017681837081909,0.2655281126499176,0.5258803367614746,0.019244423136115074
5,89,False,0.0,16,0.800217866897583,0.2667204439640045,0.5253589153289795,0.018820788711309433
5,90,False,0.0,16,0.7991671562194824,0.2681001126766205,0.5253101587295532,0.018674278631806374
5,91,False,0.0,16,0.7992591261863708,0.2686108648777008,0.5251275300979614,0.01862972415983677
5,92,False,0.0,16,0.7989507913589478,0.2692466974258423,0.5252557396888733,0.018632346764206886
5,93,False,0.0,16,0.7965277433395386,0.27097877860069275,0.5251137018203735,0.018480366095900536
5,94,False,0.0,16,0.7945092916488647,0.2726077437400818,0.5253127813339233,0.018552543595433235
5,95,False,0.0,16,0.7929152250289917,0.27391037344932556,0.5254734754562378,0.018598614260554314
5,96,False,0.0,16,0.7897944450378418,0.2752818465232849,0.5256465077400208,0.018620140850543976
5,97,False,0.0,16,0.7882517576217651,0.27604711055755615,0.5254355669021606,0.018560005351901054
5,98,False,0.0,16,0.7879927158355713,0.27608364820480347,0.5255753993988037,0.018562378361821175
5,99,False,0.0,16,0.7880865335464478,0.27577829360961914,0.5255084037780762,0.01851700432598591
5,100,False,0.0,16,0.7880633473396301,0.2756495773792267,0.5255911350250244,0.018613779917359352
5,101,False,0.0,16,0.7876520156860352,0.2746184170246124,0.5256215333938599,0.01862390525639057
5,102,False,0.0,16,0.7873989939689636,0.2737727165222168,0.5252643823623657,0.018530892208218575
5,103,False,0.0,16,0.7878563404083252,0.27310869097709656,0.5251851081848145,0.018534401431679726
5,104,False,0.0,16,0.7886965870857239,0.2719869017601013,0.5250436663627625,0.01856764405965805
5,105,False,0.0,16,0.790196418762207,0.2710050046443939,0.5250139832496643,0.01867660880088806
5,106,False,0.0,16,0.7898175120353699,0.2705457806587219,0.5249687433242798,0.018666652962565422
5,107,False,0.0,16,0.7883312702178955,0.27029654383659363,0.5249128341674805,0.0186640415340662
5,108,False,0.0,16,0.786582887172699,0.27076244354248047,0.5248731374740601,0.018661614507436752
5,109,False,0.0,16,0.7847480773925781,0.27133211493492126,0.5248641967773438,0.018655547872185707
5,110,False,0.0,16,0.7834652662277222,0.27159592509269714,0.5248475074768066,0.018674684688448906
5,111,False,0.0,16,0.7821333408355713,0.2716413140296936,0.5249245166778564,0.01869562827050686
5,112,False,0.0,16,0.7820708155632019,0.2716534435749054,0.524936318397522,0.018710827454924583
5,113,False,0.0,16,0.7820560336112976,0.27159836888313293,0.5256224274635315,0.019194623455405235
5,114,False,0.0,16,0.7826798558235168,0.27159202098846436,0.5256322026252747,0.01922089047729969
5,115,False,0.0,16,0.7849875688552856,0.27003854513168335,0.5255982279777527,0.019161967560648918
6,0,False,0.0,0,0.722296953201294,0.17166957259178162,0.5115458965301514,0.008971146307885647
6,1,False,0.0,1,0.8194402456283569,0.24923346936702728,0.5274292826652527,0.018729014322161674
6,2,False,0.0,2,0.8194724917411804,0.24917156994342804,0.5275018215179443,0.01869635097682476
6,3,False,0.0,3,0.8210718631744385,0.24811013042926788,0.5276997089385986,0.01871919259428978
6,4,False,0.0,4,0.8221276998519897,0.24784040451049805,0.5278555154800415,0.018757546320557594
6,5,False,0.0,5,0.820914626121521,0.24832315742969513,0.5285789966583252,0.019348645582795143
6,6,False,0.0,6,0.8197047710418701,0.24922747910022736,0.5284156203269958,0.019244875758886337
6,7,False,0.0,7,0.8187975883483887,0.2501292824745178,0.5283898115158081,0.019181974232196808
6,8,False,0.0,8,0.8185012340545654,0.2501773238182068,0.5281121730804443,0.01911337301135063
6,9,False,0.0,9,0.816966712474823,0.25117456912994385,0.5278089046478271,0.019017471000552177
6,10,False,0.0,10,0.8154773116111755,0.2523312568664551,0.5277041792869568,0.019028810784220695
6,11,False,0.0,11,0.8153890371322632,0.2530965209007263,0.5279478430747986,0.019038653001189232
6,12,False,0.0,12,0.8149112462997437,0.2542961835861206,0.5280593633651733,0.019081858918070793
6,13,False,0.0,13,0.8144761323928833,0.2552945911884308,0.528536319732666,0.019601261243224144
6,14,False,0.0,14,0.8141226768493652,0.25570374727249146,0.5284428596496582,0.01968538761138916
6,15,False,0.0,15,0.8143284320831299,0.2553586959838867,0.5284658670425415,0.019779184833168983
6,16,False,0.0,16,0.8145834803581238,0.25491568446159363,0.5283857583999634,0.019803697243332863
6,17,False,0.0,16,0.8144434094429016,0.25484558939933777,0.5284132361412048,0.019789472222328186
6,18,False,0.0,16,0.814049243927002,0.2550636827945709,0.5283243060112,0.019800012931227684
6,19,False,0.0,16,0.8138818740844727,0.2554636597633362,0.5284539461135864,0.019829416647553444
6,20,False,0.0,16,0.8131072521209717,0.2563599646091461,0.5284912586212158,0.019817322492599487
6,21,False,0.0,16,0.8124786615371704,0.25710242986679077,0.5291509628295898,0.020142581313848495
6,22,False,0.0,16,0.811308741569519,0.25819990038871765,0.529340386390686,0.020128220319747925
6,23,False,0.0,16,0.8105837106704712,0.2587783634662628,0.5294234156608582,0.020112603902816772
6,24,False,0.0,16,0.8107439279556274,0.2593552768230438,0.5295358896255493,0.020129460841417313
6,25,False,0.0,16,0.8108919858932495,0.26008233428001404,0.5295451283454895,0.020100045949220657
6,26,False,0.0,16,0.8097463250160217,0.26049742102622986,0.5295524597167969,0.020063742995262146
6,27,False,0.0,16,0.8083598613739014,0.26101961731910706,0.5295310020446777,0.020030038431286812
6,28,False,0.0,16,0.8072075247764587,0.26150307059288025,0.5295082926750183,0.020100964233279228
6,29,False,0.0,16,0.8063937425613403,0.26165953278541565,0.5299460887908936,0.020463885739445686
6,30,False,0.0,16,0.8057803511619568,0.2624261677265167,0.5299681425094604,0.02057643048465252
6,31,False,0.0,16,0.8041412234306335,0.2639465928077698,0.5301539897918701,0.020645638927817345
6,32,False,0.0,16,0.8017656803131104,0.26565444469451904,0.5301339626312256,0.020696531981229782
6,33,False,0.0,16,0.7992202043533325,0.2681373953819275,0.5302608013153076,0.02079060673713684
6,34,False,0.0,16,0.7967499494552612,0.26909422874450684,0.5300723314285278,0.020743971690535545
6,35,True,0.021739130839705467,16,0.7960979342460632,0.2702479362487793,0.5299124717712402,0.020527074113488197
6,36,True,0.06521739065647125,16,0.7940563559532166,0.27155014872550964,0.5300129652023315,0.020550543442368507
6,37,True,0.10869564861059189,16,0.7907947897911072,0.273359090089798,0.5301821231842041,0.02073170430958271
6,38,True,0.15217390656471252,16,0.7894629240036011,0.2745112478733063,0.5300717353820801,0.020643191412091255
6,39,True,0.19565217196941376,16,0.7888314127922058,0.27409589290618896,0.5301501750946045,0.020625457167625427
6,40,True,0.239130437374115,16,0.7872529029846191,0.2744653522968292,0.5302128195762634,0.020719846710562706
6,41,True,0.28260868787765503,16,0.7877103090286255,0.27387019991874695,0.5302265882492065,0.0206768661737442
6,42,True,0.32608696818351746,16,0.7883859276771545,0.2721552848815918,0.5302813053131104,0.02062533050775528
6,43,True,0.3695652186870575,16,0.7905824184417725,0.2699923813343048,0.5302681922912598,0.02066086046397686
6,44,True,0.41304346919059753,16,0.7923341393470764,0.2683887779712677,0.5301946997642517,0.02066674269735813
6,45,True,0.45652174949645996,16,0.793939471244812,0.2663206160068512,0.5302045345306396,0.02065211348235607
6,46,True,0.5,16,0.7948811054229736,0.265369713306427,0.5299971103668213,0.020544184371829033
6,47,True,0.54347825050354,16,0.7958743572235107,0.2641107439994812,0.5296418070793152,0.020326655358076096
6,48,True,0.5869565010070801,16,0.7955112457275391,0.2647412419319153,0.5293362140655518,0.02023226022720337
6,49,True,0.6304348111152649,16,0.7946367859840393,0.26398181915283203,0.5291696786880493,0.020189685747027397
6,50,True,0.6739130616188049,16,0.7942996025085449,0.2636890113353729,0.5290853381156921,0.02016475796699524
6,51,True,0.717391312122345,16,0.7948127388954163,0.2625008821487427,0.5290799736976624,0.020195506513118744
6,52,True,0.760869562625885,16,0.7974350452423096,0.2574668824672699,0.5292487144470215,0.02039838209748268
6,53,True,0.804347813129425,16,0.8000857830047607,0.2532274127006531,0.5295913219451904,0.02035757340490818
6,54,True,0.8478260636329651,16,0.8022153377532959,0.2528080940246582,0.5295482873916626,0.02031455934047699
6,55,True,0.8913043737411499,16,0.8060426115989685,0.2527617812156677,0.5295628309249878,0.020293720066547394
6,56,True,0.9347826242446899,16,0.8075759410858154,0.25146281719207764,0.529585599899292,0.020145537331700325
6,57,True,0.97826087474823,16,0.8071227073669434,0.25109949707984924,0.529707670211792,0.020045503973960876
6,58,True,1.0,16,0.8053594827651978,0.2500919699668884,0.5280362963676453,0.019405366852879524
6,59,True,1.0,16,0.8056995868682861,0.2488420605659485,0.5280267000198364,0.019432540982961655
6,60,True,1.0,16,0.8056995868682861,0.2488420605659485,0.5280267000198364,0.019432540982961655
6,61,True,1.0,16,0.8056662678718567,0.24501191079616547,0.528152346611023,0.019404450431466103
6,62,True,1.0,16,0.805639922618866,0.24505819380283356,0.5281573534011841,0.019408611580729485
6,63,True,1.0,16,0.8056514859199524,0.24506637454032898,0.5281569957733154,0.01940913312137127
6,64,True,1.0,16,0.805650532245636,0.24508868157863617,0.5281562805175781,0.01941140554845333
6,65,True,1.0,16,0.8056483864784241,0.24505558609962463,0.5281559228897095,0.019411366432905197
6,66,True,1.0,16,0.805653989315033,0.24504415690898895,0.5281581878662109,0.01941215619444847
6,67,True,1.0,16,0.80563884973526,0.24504026770591736,0.5281583070755005,0.019413437694311142
6,68,True,1.0,16,0.8056475520133972,0.2450466901063919,0.5281593203544617,0.019413061439990997
6,69,True,1.0,16,0.8052176237106323,0.24402770400047302,0.5281515121459961,0.019373534247279167
6,70,True,1.0,16,0.8052322864532471,0.24409694969654083,0.5281534194946289,0.019371652975678444
6,71,True,1.0,16,0.8052183389663696,0.24412190914154053,0.5281513333320618,0.019372299313545227
6,72,True,1.0,16,0.805221676826477,0.2440790981054306,0.5281494855880737,0.019373374059796333
6,73,True,1.0,16,0.8052095174789429,0.2440672069787979,0.5281498432159424,0.01937214657664299
6,74,True,1.0,16,0.805208683013916,0.24406732618808746,0.5281481742858887,0.019370954483747482
6,75,True,1.0,16,0.805205225944519,0.24407650530338287,0.5281485915184021,0.019372930750250816
6,76,True,1.0,16,0.8052144050598145,0.2441016137599945,0.5281491279602051,0.019372127950191498
6,77,True,1.0,16,0.8047173023223877,0.2415352463722229,0.5282938480377197,0.01944752410054207
6,78,True,1.0,16,0.8047069311141968,0.2415664941072464,0.5283023118972778,0.019449790939688683
6,79,True,1.0,16,0.8047237396240234,0.24162207543849945,0.5283027291297913,0.019449574872851372
6,80,True,1.0,16,0.8047191500663757,0.24162597954273224,0.5283043384552002,0.019448885694146156
6,81,True,1.0,16,0.80471271276474,0.24162498116493225,0.5283056497573853,0.019447950646281242
6,82,True,1.0,16,0.804707944393158,0.2416279911994934,0.5283055305480957,0.019447773694992065
6,83,True,1.0,16,0.8046975135803223,0.24162286520004272,0.5283063650131226,0.01944732293486595
6,84,True,1.0,16,0.8047025203704834,0.2416258454322815,0.5283052921295166,0.01944764330983162
6,85,True,1.0,16,0.8032633066177368,0.2364286482334137,0.528427004814148,0.01940777525305748
6,86,True,1.0,16,0.8032376170158386,0.2364557385444641,0.5284318923950195,0.0194065123796463
6,87,False,0.0,16,0.7942577600479126,0.2672681212425232,0.532599925994873,0.021602172404527664
6,88,False,0.0,16,0.7911581993103027,0.2676355838775635,0.5324684381484985,0.02146349661052227
6,89,False,0.0,16,0.7912862300872803,0.26687371730804443,0.5323855876922607,0.021386802196502686
6,90,False,0.0,16,0.7911994457244873,0.26661524176597595,0.5323740839958191,0.021342894062399864
6,91,False,0.0,16,0.7903475165367126,0.2666797935962677,0.5324116349220276,0.021374288946390152
6,92,False,0.0,16,0.7891238927841187,0.2665981650352478,0.5325825810432434,0.021442459896206856
6,93,False,0.0,16,0.7879114747047424,0.2667821943759918,0.5331587791442871,0.021399423480033875
6,94,False,0.0,16,0.7867411375045776,0.2663493752479553,0.5330911874771118,0.021423464640975
6,95,False,0.0,16,0.7865574359893799,0.2656538486480713,0.5331249833106995,0.02148994617164135
6,96,False,0.0,16,0.7854404449462891,0.26600202918052673,0.5329761505126953,0.02137812413275242
6,97,False,0.0,16,0.7842360138893127,0.26736918091773987,0.5328971147537231,0.021335743367671967
6,98,False,0.0,16,0.7836536765098572,0.26972854137420654,0.5328050851821899,0.02129441872239113
6,99,False,0.0,16,0.7831588983535767,0.2714148461818695,0.5327858924865723,0.021336393430829048
6,100,False,0.0,16,0.7837778329849243,0.27158626914024353,0.5327305197715759,0.021277880296111107
6,101,False,0.0,16,0.7846461534500122,0.2717702388763428,0.5332678556442261,0.020999576896429062
6,102,False,0.0,16,0.7847978472709656,0.2722559869289398,0.5332611799240112,0.02102000080049038
6,103,False,0.0,16,0.7854325175285339,0.2729812562465668,0.5331341028213501,0.020902130752801895
6,104,False,0.0,16,0.7876032590866089,0.27317577600479126,0.5328783988952637,0.020781803876161575
6,105,False,0.0,16,0.791012167930603,0.27231714129447937,0.5328428149223328,0.02077760547399521
6,106,False,0.0,16,0.791829526424408,0.27060505747795105,0.5327708125114441,0.020768417045474052
6,107,False,0.0,16,0.7924364805221558,0.2702806890010834,0.5326052904129028,0.020718567073345184
6,108,False,0.0,16,0.7920231819152832,0.26918265223503113,0.5325005054473877,0.020652424544095993
6,109,False,0.0,16,0.7914789915084839,0.26906338334083557,0.5326945185661316,0.020295733585953712
6,110,False,0.0,16,0.791169285774231,0.26903584599494934,0.532637357711792,0.020237058401107788
6,111,False,0.0,16,0.7910036444664001,0.2688648998737335,0.5326082706451416,0.020210087299346924
6,112,False,0.0,16,0.7917017936706543,0.26838213205337524,0.5325871109962463,0.020166713744401932
6,113,False,0.0,16,0.7928817272186279,0.2682906985282898,0.5325652360916138,0.020177435129880905
6,114,False,0.0,16,0.7937048673629761,0.26730722188949585,0.532569408416748,0.020212160423398018
6,115,False,0.0,16,0.7944401502609253,0.2667563259601593,0.5325481295585632,0.02014313079416752
7,0,False,0.0,0,0.7169589996337891,0.17817096412181854,0.5150514245033264,0.011048054322600365
7,1,False,0.0,1,0.8110052347183228,0.25730574131011963,0.5338542461395264,0.02041061781346798
7,2,False,0.0,2,0.8113323450088501,0.25742107629776,0.5337039232254028,0.02037256956100464
7,3,False,0.0,3,0.8109052181243896,0.2581769526004791,0.5338362455368042,0.02041461132466793
7,4,False,0.0,4,0.8105884790420532,0.25873735547065735,0.5339212417602539,0.02048913948237896
7,5,False,0.0,5,0.8111954927444458,0.25875043869018555,0.5338506698608398,0.020524978637695312
7,6,False,0.0,6,0.8103901147842407,0.25941842794418335,0.5339769124984741,0.020594168454408646
7,7,False,0.0,7,0.8096819519996643,0.25987669825553894,0.5340402126312256,0.020645229145884514
7,8,False,0.0,8,0.8100692629814148,0.25976014137268066,0.5341044068336487,0.020744867622852325
7,9,False,0.0,9,0.8103874921798706,0.25973647832870483,0.5344491004943848,0.02070612460374832
7,10,False,0.0,10,0.8108419179916382,0.25959891080856323,0.5345073938369751,0.020818771794438362
7,11,False,0.0,11,0.8109238147735596,0.25936874747276306,0.5345741510391235,0.02087051421403885
7,12,False,0.0,12,0.8114105463027954,0.2590429484844208,0.5343884229660034,0.02079276740550995
7,13,False,0.0,13,0.811558723449707,0.25889092683792114,0.534335732460022,0.02078765630722046
7,14,False,0.0,14,0.8121381998062134,0.25893497467041016,0.5342755317687988,0.020860495045781136
7,15,False,0.0,15,0.812372088432312,0.2586158215999603,0.5342482328414917,0.020899364724755287
7,16,False,0.0,16,0.8127316832542419,0.2581990957260132,0.5341710448265076,0.02087048813700676
7,17,False,0.0,16,0.8131680488586426,0.2578512728214264,0.534517765045166,0.020773863419890404
7,18,False,0.0,16,0.8132165670394897,0.2574525773525238,0.5346361398696899,0.02078905887901783
7,19,False,0.0,16,0.8132306337356567,0.25755101442337036,0.5344895124435425,0.020759673789143562
7,20,False,0.0,16,0.8132534027099609,0.25739869475364685,0.534645140171051,0.020797815173864365
7,21,False,0.0,16,0.8134915232658386,0.2578164041042328,0.5347483158111572,0.020769648253917694
7,22,False,0.0,16,0.8127153515815735,0.25819239020347595,0.5349549055099487,0.020839855074882507
7,23,False,0.0,16,0.8125442862510681,0.2584993243217468,0.5349701046943665,0.020906878635287285
7,24,False,0.0,16,0.8125035166740417,0.2583252489566803,0.534844696521759,0.020874563604593277
7,25,False,0.0,16,0.8117251396179199,0.2587019205093384,0.5352816581726074,0.020782332867383957
7,26,False,0.0,16,0.8114343881607056,0.2593185305595398,0.5354543924331665,0.020870983600616455
7,27,False,0.0,16,0.8114663362503052,0.2600773870944977,0.5354416966438293,0.02087525650858879
7,28,False,0.0,16,0.8105468153953552,0.26115575432777405,0.535510778427124,0.020905010402202606
7,29,False,0.0,16,0.8068848252296448,0.26306965947151184,0.5356169939041138,0.02099403738975525
7,30,False,0.0,16,0.8041964173316956,0.2640286386013031,0.5355106592178345,0.02100463956594467
7,31,False,0.0,16,0.8020508289337158,0.2653358578681946,0.5355490446090698,0.021025869995355606
7,32,False,0.0,16,0.7990574836730957,0.2666935324668884,0.5353845953941345,0.020862609148025513
7,33,False,0.0,16,0.7970877885818481,0.26747265458106995,0.535396933555603,0.020630482584238052
7,34,False,0.0,16,0.797058641910553,0.26803693175315857,0.5353212356567383,0.02067412994801998
7,35,False,0.0,16,0.7973525524139404,0.2675836682319641,0.5353673696517944,0.020707519724965096
7,36,False,0.0,16,0.7967824339866638,0.2675507962703705,0.535621702671051,0.02083643712103367
7,37,False,0.0,16,0.7955361008644104,0.2680463194847107,0.5354492664337158,0.020834585651755333
7,38,False,0.0,16,0.795317530632019,0.2679762542247772,0.5351522564888,0.020733168348670006
7,39,False,0.0,16,0.7953883409500122,0.2677493095397949,0.5351715683937073,0.020705778151750565
7,40,False,0.0,16,0.795221209526062,0.26765918731689453,0.535145103931427,0.02066989429295063
7,41,False,0.0,16,0.7958049774169922,0.26594993472099304,0.5351419448852539,0.02059023641049862
7,42,False,0.0,16,0.7964717149734497,0.2643683850765228,0.535175621509552,0.02055131271481514
7,43,False,0.0,16,0.7957470417022705,0.26361119747161865,0.5351182222366333,0.020492397248744965
7,44,False,0.0,16,0.7951042652130127,0.26411616802215576,0.535069465637207,0.02040124125778675
7,45,False,0.0,16,0.7943259477615356,0.2629455327987671,0.5349808931350708,0.020320260897278786
7,46,False,0.0,16,0.7932860851287842,0.26223793625831604,0.5348381400108337,0.020198658108711243
7,47,False,0.0,16,0.7922609448432922,0.26195797324180603,0.5346384644508362,0.02011018432676792
7,48,False,0.0,16,0.79227614402771,0.2632259726524353,0.5345637798309326,0.02007339335978031
7,49,False,0.0,16,0.7923160791397095,0.2652794420719147,0.5344581604003906,0.019840182736516
7,50,False,0.0,16,0.7925683259963989,0.26643049716949463,0.5343894958496094,0.019849520176649094
7,51,False,0.0,16,0.7927953600883484,0.2674923539161682,0.5342991352081299,0.01986534707248211
7,52,False,0.0,16,0.7929619550704956,0.26812681555747986,0.5343773365020752,0.019883397966623306
7,53,False,0.0,16,0.7928543090820312,0.26874372363090515,0.5342211723327637,0.01980419270694256
7,54,False,0.0,16,0.7926355600357056,0.26925501227378845,0.5342729687690735,0.0197935551404953
7,55,False,0.0,16,0.7932271957397461,0.26925063133239746,0.5341713428497314,0.019752386957406998
7,56,False,0.0,16,0.7886579036712646,0.2685728669166565,0.5342410802841187,0.019737791270017624
7,57,False,0.0,16,0.788419246673584,0.2689284682273865,0.5341894030570984,0.01952049322426319
7,58,False,0.0,16,0.7888072729110718,0.27117839455604553,0.5342248678207397,0.01950858347117901
7,59,False,0.0,16,0.7872809171676636,0.2730073928833008,0.5342082977294922,0.019476333633065224
7,60,False,0.0,16,0.7869975566864014,0.2746995687484741,0.5342279076576233,0.019496263936161995
7,61,False,0.0,16,0.7870741486549377,0.27434638142585754,0.5342432260513306,0.019500048831105232
7,62,False,0.0,16,0.7876837253570557,0.2734701335430145,0.5342918634414673,0.019503982737660408
7,63,False,0.0,16,0.7883862257003784,0.27327853441238403,0.5342578291893005,0.01951025240123272
7,64,False,0.0,16,0.789881706237793,0.27259352803230286,0.5341929197311401,0.019494647160172462
7,65,False,0.0,16,0.7909018993377686,0.26970145106315613,0.534075140953064,0.019466709345579147
7,66,False,0.0,16,0.7927150726318359,0.26638734340667725,0.5341891050338745,0.019573407247662544
7,67,False,0.0,16,0.7931534051895142,0.26490649580955505,0.5342426300048828,0.019573472440242767
7,68,False,0.0,16,0.7937610149383545,0.2644292414188385,0.5341449975967407,0.01953522302210331
7,69,False,0.0,16,0.7942159175872803,0.264024943113327,0.5341476202011108,0.01956292614340782
7,70,False,0.0,16,0.7948764562606812,0.26415351033210754,0.5341805219650269,0.019623905420303345
7,71,False,0.0,16,0.7950922250747681,0.26358985900878906,0.5341795682907104,0.019626149907708168
7,72,False,0.0,16,0.7970691323280334,0.26263365149497986,0.5341470241546631,0.019624896347522736
7,73,False,0.0,16,0.7977955937385559,0.2625701129436493,0.5339214205741882,0.019727235659956932
7,74,False,0.0,16,0.8007040023803711,0.26016536355018616,0.5337876081466675,0.01965520903468132
7,75,False,0.0,16,0.8029311895370483,0.258925199508667,0.5338185429573059,0.019666684791445732
7,76,False,0.0,16,0.8046114444732666,0.2574341893196106,0.5337592959403992,0.01961386948823929
7,77,False,0.0,16,0.8058829307556152,0.25592681765556335,0.5338197350502014,0.019639670848846436
7,78,False,0.0,16,0.8061615824699402,0.25498220324516296,0.5338330268859863,0.019658638164401054
7,79,False,0.0,16,0.8072572946548462,0.25535959005355835,0.5338082909584045,0.01968424580991268
7,80,False,0.0,16,0.8084287643432617,0.2560131847858429,0.533673882484436,0.019652731716632843
7,81,False,0.0,16,0.8084471821784973,0.2565695345401764,0.5333350896835327,0.019732097163796425
7,82,False,0.0,16,0.8084211945533752,0.25695592164993286,0.5335472226142883,0.01975524052977562
7,83,False,0.0,16,0.8087332248687744,0.2569471299648285,0.5335661172866821,0.01976091042160988
7,84,False,0.0,16,0.8082875609397888,0.25792956352233887,0.5335114598274231,0.019759122282266617
7,85,False,0.0,16,0.807985782623291,0.2582661509513855,0.5335162878036499,0.019736595451831818
7,86,False,0.0,16,0.8074601888656616,0.2587462067604065,0.5335903167724609,0.01980646885931492
7,87,False,0.0,16,0.8071054220199585,0.2594221830368042,0.5336012840270996,0.019808020442724228
7,88,False,0.0,16,0.8062960505485535,0.2601451873779297,0.5335416793823242,0.019789282232522964
7,89,False,0.0,16,0.8052884340286255,0.2617768943309784,0.5328512191772461,0.019619403406977654
7,90,False,0.0,16,0.8041646480560303,0.26277926564216614,0.5328065156936646,0.01961851306259632
7,91,False,0.0,16,0.8032335042953491,0.2635701298713684,0.5329146385192871,0.019721178337931633
7,92,False,0.0,16,0.8016493320465088,0.2645689845085144,0.5327446460723877,0.019634762778878212
7,93,False,0.0,16,0.8008145689964294,0.26525309681892395,0.5327651500701904,0.01975308544933796
7,94,False,0.0,16,0.8001675605773926,0.2660157382488251,0.5330081582069397,0.01982606202363968
7,95,False,0.0,16,0.8002628087997437,0.26652494072914124,0.5330737829208374,0.019893396645784378
7,96,False,0.0,16,0.8001680374145508,0.2669263184070587,0.532685399055481,0.01972264051437378
7,97,False,0.0,16,0.7994630336761475,0.26847246289253235,0.5321034789085388,0.019727613776922226
7,98,False,0.0,16,0.7991400957107544,0.26863130927085876,0.5320369005203247,0.019679469987750053
7,99,False,0.0,16,0.7979868650436401,0.2692486345767975,0.5318329334259033,0.019498245790600777
7,100,False,0.0,16,0.7967661023139954,0.2710907459259033,0.5317456126213074,0.019455447793006897
7,101,False,0.0,16,0.7955250144004822,0.2722283899784088,0.5318020582199097,0.01943323388695717
7,102,False,0.0,16,0.7939839363098145,0.272800087928772,0.5316531658172607,0.01937435008585453
7,103,False,0.0,16,0.7922296524047852,0.273266464471817,0.5314726233482361,0.01927618868649006
7,104,False,0.0,16,0.7913811206817627,0.2739082872867584,0.5314071178436279,0.01917455345392227
7,105,False,0.0,16,0.7906659841537476,0.2750714123249054,0.5313050746917725,0.019249185919761658
7,106,False,0.0,16,0.7895373702049255,0.27554625272750854,0.5312535762786865,0.019237324595451355
7,107,False,0.0,16,0.7887477874755859,0.2761878967285156,0.5312381982803345,0.019148528575897217
7,108,False,0.0,16,0.7879829406738281,0.27711185812950134,0.5312720537185669,0.019201181828975677
7,109,False,0.0,16,0.7883672714233398,0.27710118889808655,0.5313384532928467,0.019237946718931198
7,110,False,0.0,16,0.7887725830078125,0.27698156237602234,0.531437337398529,0.019276300445199013
7,111,False,0.0,16,0.7892869710922241,0.2769477665424347,0.5313795804977417,0.0192971583455801
7,112,False,0.0,16,0.790412425994873,0.2763477563858032,0.5312961339950562,0.019230065867304802
7,113,False,0.0,16,0.7921441793441772,0.2752718925476074,0.5312547087669373,0.01927787810564041
7,114,False,0.0,16,0.7933995127677917,0.27386704087257385,0.531206488609314,0.019213387742638588
7,115,False,0.0,16,0.794701337814331,0.2713344395160675,0.531032383441925,0.019164860248565674
7,116,False,0.0,16,0.7953599691390991,0.27077728509902954,0.5309844017028809,0.019155913963913918
7,117,False,0.0,16,0.7958638668060303,0.26994943618774414,0.5308951735496521,0.019111409783363342
7,118,False,0.0,16,0.7959164977073669,0.26913151144981384,0.5309908986091614,0.019134053960442543
7,119,False,0.0,16,0.796151876449585,0.2688869833946228,0.5310573577880859,0.01917889341711998
7,120,False,0.0,16,0.7961801290512085,0.26843681931495667,0.5312032699584961,0.019242748618125916
7,121,False,0.0,16,0.7963151931762695,0.26799461245536804,0.5312480926513672,0.01934070698916912
7,122,False,0.0,16,0.7964006066322327,0.2675953209400177,0.5312647819519043,0.019348345696926117
7,123,False,0.0,16,0.7963785529136658,0.2675172686576843,0.5312769412994385,0.019373074173927307
7,124,False,0.0,16,0.7968912124633789,0.2671318054199219,0.5312365293502808,0.019382158294320107
7,125,False,0.0,16,0.7971864342689514,0.2668299376964569,0.5312447547912598,0.019382337108254433
7,126,False,0.0,16,0.7970726490020752,0.2671678364276886,0.5311585664749146,0.01932700350880623
7,127,False,0.0,16,0.7966526746749878,0.26792722940444946,0.5310915112495422,0.019327491521835327
7,128,False,0.0,16,0.7955450415611267,0.2688634395599365,0.5310273766517639,0.019324656575918198
7,129,False,0.0,16,0.7955204248428345,0.26874038577079773,0.531183123588562,0.019349178299307823
7,130,False,0.0,16,0.7940323948860168,0.26967599987983704,0.5313839316368103,0.01940375193953514
7,131,False,0.0,16,0.7962156534194946,0.26560211181640625,0.5313619375228882,0.01934996247291565
7,132,False,0.0,16,0.7961038947105408,0.2657345235347748,0.5314275026321411,0.01936664991080761
7,133,False,0.0,16,0.7970833778381348,0.26612743735313416,0.5313445329666138,0.019342849031090736
7,134,False,0.0,16,0.7977249622344971,0.2661716639995575,0.5313471555709839,0.01934482343494892
7,135,False,0.0,16,0.7974791526794434,0.2662484049797058,0.5313091278076172,0.01936711184680462
7,136,False,0.0,16,0.7977913618087769,0.2659309208393097,0.5313180685043335,0.019388535991311073
7,137,False,0.0,16,0.7986446619033813,0.2657383382320404,0.5321871042251587,0.01974516548216343
7,138,False,0.0,16,0.7986287474632263,0.2655598819255829,0.5321781635284424,0.019712291657924652
7,139,False,0.0,16,0.7987961769104004,0.2653343379497528,0.532236635684967,0.019734656438231468
7,140,False,0.0,16,0.7992595434188843,0.265057235956192,0.5322309136390686,0.01973923109471798
8,0,False,0.0,0,0.7260594367980957,0.16970811784267426,0.5153332948684692,0.010527064092457294
8,1,False,0.0,1,0.8218443989753723,0.24849438667297363,0.5333173871040344,0.020126719027757645
8,2,False,0.0,2,0.8221193552017212,0.2477804571390152,0.5334357023239136,0.02014961838722229
8,3,False,0.0,3,0.8232009410858154,0.24720636010169983,0.5335750579833984,0.02018643543124199
8,4,False,0.0,4,0.8231328725814819,0.24767959117889404,0.5344366431236267,0.02044510655105114
8,5,False,0.0,5,0.8220951557159424,0.2473275512456894,0.534429669380188,0.020567558705806732
8,6,False,0.0,6,0.8268821239471436,0.24364933371543884,0.534567654132843,0.0206393301486969
8,7,False,0.0,7,0.8266986608505249,0.24399366974830627,0.5349422097206116,0.020720578730106354
8,8,False,0.0,8,0.8261246681213379,0.24480140209197998,0.5349052548408508,0.020644932985305786
8,9,False,0.0,9,0.8273918628692627,0.2440066635608673,0.5350068807601929,0.02067556604743004
8,10,False,0.0,10,0.8279639482498169,0.24352025985717773,0.5350892543792725,0.02065053954720497
8,11,False,0.0,11,0.827728271484375,0.2437470406293869,0.5350940823554993,0.020672420039772987
8,12,False,0.0,12,0.8266441822052002,0.24486416578292847,0.535767674446106,0.020765632390975952
8,13,False,0.0,13,0.8257300853729248,0.24529866874217987,0.5358248949050903,0.020760148763656616
8,14,False,0.0,14,0.8227510452270508,0.24717478454113007,0.5358124375343323,0.020706601440906525
8,15,False,0.0,15,0.8208836317062378,0.2484205812215805,0.5358750224113464,0.020763784646987915
8,16,False,0.0,16,0.8187668323516846,0.24974596500396729,0.5359464287757874,0.020829737186431885
8,17,False,0.0,16,0.8173633813858032,0.25084519386291504,0.5358037352561951,0.02084050141274929
8,18,False,0.0,16,0.8156472444534302,0.2524349093437195,0.5358284711837769,0.02084348164498806
8,19,False,0.0,16,0.8121273517608643,0.25466910004615784,0.5356250405311584,0.020806798711419106
8,20,False,0.0,16,0.8094393610954285,0.2556703984737396,0.5361036062240601,0.020765088498592377
8,21,False,0.0,16,0.8072040677070618,0.2570686340332031,0.5359671115875244,0.020738422870635986
8,22,False,0.0,16,0.8046013116836548,0.2586801052093506,0.5357348918914795,0.020639508962631226
8,23,False,0.0,16,0.802842915058136,0.2600961923599243,0.5354925394058228,0.020541107282042503
8,24,False,0.0,16,0.8014906644821167,0.26065361499786377,0.5352574586868286,0.02047109231352806
8,25,False,0.0,16,0.8002339005470276,0.262474000453949,0.5352842807769775,0.02047230303287506
8,26,False,0.0,16,0.7991101741790771,0.2639601230621338,0.5351544618606567,0.020402124151587486
8,27,False,0.0,16,0.798716127872467,0.2648082673549652,0.5352053642272949,0.020451636984944344
8,28,False,0.0,16,0.7982386350631714,0.2659246027469635,0.5356733798980713,0.020284144207835197
8,29,False,0.0,16,0.79774010181427,0.26699298620224,0.5357314348220825,0.02030341513454914
8,30,False,0.0,16,0.7965916991233826,0.2686295807361603,0.5358390212059021,0.020346863195300102
8,31,False,0.0,16,0.7952936887741089,0.2696485221385956,0.5358096361160278,0.02036244049668312
8,32,False,0.0,16,0.7941064834594727,0.2704375684261322,0.5356693863868713,0.020293906331062317
8,33,False,0.0,16,0.7935760021209717,0.2704279124736786,0.535638689994812,0.020310193300247192
8,34,False,0.0,16,0.7925978899002075,0.27068793773651123,0.5352828502655029,0.020247481763362885
8,35,False,0.0,16,0.7921679019927979,0.27007991075515747,0.5351903438568115,0.020250670611858368
8,36,False,0.0,16,0.7919284105300903,0.27067244052886963,0.535509467124939,0.020157214254140854
8,37,False,0.0,16,0.7915546894073486,0.2716068625450134,0.5355718731880188,0.02023644559085369
8,38,False,0.0,16,0.7917491793632507,0.2723776400089264,0.5356420874595642,0.02028767392039299
8,39,False,0.0,16,0.7912976145744324,0.27308937907218933,0.5356823205947876,0.02031858265399933
8,40,False,0.0,16,0.7910619974136353,0.27382174134254456,0.5359182357788086,0.020419536158442497
8,41,False,0.0,16,0.7907078266143799,0.2742191255092621,0.5359461903572083,0.020441167056560516
8,42,False,0.0,16,0.7898116707801819,0.27466121315956116,0.5362309217453003,0.020532293245196342
8,43,False,0.0,16,0.7883195877075195,0.27480602264404297,0.5361180305480957,0.020423782989382744
8,44,False,0.0,16,0.7887362837791443,0.27588847279548645,0.536375880241394,0.02033056505024433
8,45,False,0.0,16,0.7889941930770874,0.27540960907936096,0.5363823175430298,0.020316636189818382
8,46,False,0.0,16,0.7909625172615051,0.27339494228363037,0.5364512205123901,0.020344754680991173
8,47,False,0.0,16,0.7940195202827454,0.2727418541908264,0.5365819931030273,0.0203972440212965
8,48,False,0.0,16,0.7949663996696472,0.2718604505062103,0.53659987449646,0.02038634940981865
8,49,False,0.0,16,0.7953046560287476,0.27145957946777344,0.5364933013916016,0.02032233215868473
8,50,False,0.0,16,0.7956876754760742,0.27069348096847534,0.5364210605621338,0.020291779190301895
8,51,False,0.0,16,0.7954181432723999,0.27011048793792725,0.5364037752151489,0.020304037258028984
8,52,False,0.0,16,0.7963433265686035,0.26831701397895813,0.536890983581543,0.020398544147610664
8,53,False,0.0,16,0.7991594076156616,0.26563751697540283,0.5369586944580078,0.02041628770530224
8,54,False,0.0,16,0.7997562885284424,0.26434800028800964,0.5370374321937561,0.020444191992282867
8,55,False,0.0,16,0.8005541563034058,0.26375848054885864,0.5370632410049438,0.02044837735593319
8,56,False,0.0,16,0.8008018732070923,0.2633621096611023,0.5370725989341736,0.020451772958040237
8,57,False,0.0,16,0.8018355965614319,0.2625698149204254,0.5371116399765015,0.020460832864046097
8,58,False,0.0,16,0.8028787970542908,0.26230958104133606,0.5371047258377075,0.020463934168219566
8,59,False,0.0,16,0.8044826984405518,0.2616516053676605,0.5372084379196167,0.02050943113863468
8,60,False,0.0,16,0.8063029646873474,0.26135826110839844,0.5372714996337891,0.02038051187992096
8,61,False,0.0,16,0.8078051805496216,0.258515328168869,0.5374445915222168,0.020449640229344368
8,62,False,0.0,16,0.8114344477653503,0.2566247880458832,0.5373101234436035,0.020308375358581543
8,63,False,0.0,16,0.8122208118438721,0.2560928463935852,0.5374326705932617,0.020339444279670715
8,64,False,0.0,16,0.8118922114372253,0.2558745741844177,0.5373243689537048,0.020297158509492874
8,65,False,0.0,16,0.8102226257324219,0.2567727863788605,0.5372611284255981,0.020275069400668144
8,66,False,0.0,16,0.808027446269989,0.25820663571357727,0.5371497273445129,0.020236428827047348
8,67,False,0.0,16,0.8061436414718628,0.25972968339920044,0.5371023416519165,0.020254211500287056
8,68,False,0.0,16,0.8036127686500549,0.2615318298339844,0.5374554395675659,0.020469924435019493
8,69,False,0.0,16,0.7998456954956055,0.2643754780292511,0.5373403429985046,0.02044724114239216
8,70,False,0.0,16,0.7980258464813232,0.26643121242523193,0.5370226502418518,0.020286502316594124
8,71,False,0.0,16,0.7959235310554504,0.26823511719703674,0.536791980266571,0.020163699984550476
8,72,False,0.0,16,0.7934868931770325,0.26972758769989014,0.5366947054862976,0.020162999629974365
8,73,False,0.0,16,0.7918940782546997,0.2710458040237427,0.5368196964263916,0.020203156396746635
8,74,False,0.0,16,0.7897666692733765,0.2726254165172577,0.5368648171424866,0.02021077647805214
8,75,False,0.0,16,0.7902806997299194,0.2714867889881134,0.536709189414978,0.020097002387046814
8,76,False,0.0,16,0.7908729910850525,0.2719185948371887,0.5369995832443237,0.020325196906924248
8,77,False,0.0,16,0.7900600433349609,0.27269473671913147,0.5368742942810059,0.020291417837142944
8,78,False,0.0,16,0.7878901958465576,0.27491649985313416,0.5369864702224731,0.020354516804218292
8,79,False,0.0,16,0.7875608205795288,0.275584876537323,0.5369737148284912,0.020388703793287277
8,80,False,0.0,16,0.7873070240020752,0.2747729420661926,0.5369901061058044,0.020446546375751495
8,81,False,0.0,16,0.787769079208374,0.2741907238960266,0.5371571183204651,0.02055569924414158
8,82,False,0.0,16,0.7885027527809143,0.27218466997146606,0.5372275114059448,0.020657064393162727
8,83,False,0.0,16,0.7900247573852539,0.2704339623451233,0.5371028780937195,0.02059909887611866
8,84,False,0.0,16,0.791470468044281,0.27005401253700256,0.5368683338165283,0.020734312012791634
8,85,False,0.0,16,0.7936083078384399,0.26856130361557007,0.5368069410324097,0.02064831368625164
8,86,False,0.0,16,0.7939286231994629,0.2675873637199402,0.5366830825805664,0.0205515269190073
8,87,False,0.0,16,0.794714629650116,0.2672348916530609,0.5366058945655823,0.020525692030787468
8,88,False,0.0,16,0.7947061061859131,0.2672383785247803,0.5364993810653687,0.02048642933368683
8,89,False,0.0,16,0.7957229614257812,0.26669296622276306,0.5365158915519714,0.020506951957941055
8,90,False,0.0,16,0.7959912419319153,0.26598286628723145,0.536424994468689,0.02047675848007202
8,91,False,0.0,16,0.7966050505638123,0.26385265588760376,0.5363604426383972,0.020442767068743706
8,92,False,0.0,16,0.7971398234367371,0.2622327208518982,0.5362870693206787,0.020743483677506447
8,93,False,0.0,16,0.7971819043159485,0.26071086525917053,0.5365342497825623,0.020831294357776642
8,94,False,0.0,16,0.7978182435035706,0.25937679409980774,0.5366871356964111,0.02089644782245159
8,95,False,0.0,16,0.7976990938186646,0.25847336649894714,0.5367605090141296,0.02093006856739521
8,96,False,0.0,16,0.7972705364227295,0.25774648785591125,0.5368651151657104,0.021003510802984238
8,97,False,0.0,16,0.7968988418579102,0.25806117057800293,0.5368015766143799,0.020988496020436287
8,98,False,0.0,16,0.7963820695877075,0.25790226459503174,0.5367181301116943,0.02093106135725975
8,99,False,0.0,16,0.7936803102493286,0.25821781158447266,0.5362409353256226,0.020711684599518776
8,100,False,0.0,16,0.7902500629425049,0.25794121623039246,0.5362216234207153,0.02089540660381317
8,101,False,0.0,16,0.7916034460067749,0.26180964708328247,0.5363043546676636,0.020949937403202057
8,102,False,0.0,16,0.7937469482421875,0.26397353410720825,0.5362017154693604,0.020886674523353577
8,103,False,0.0,16,0.795947253704071,0.2634298801422119,0.5361504554748535,0.020825568586587906
8,104,False,0.0,16,0.7969363927841187,0.2641403079032898,0.5361846685409546,0.02079256810247898
8,105,False,0.0,16,0.7977647185325623,0.26407650113105774,0.5361125469207764,0.02070600725710392
8,106,False,0.0,16,0.7978596091270447,0.26403430104255676,0.5360177755355835,0.020674781873822212
8,107,False,0.0,16,0.7976964116096497,0.2644813358783722,0.5361525416374207,0.020755646750330925
8,108,False,0.0,16,0.7985093593597412,0.26485490798950195,0.5365772247314453,0.0210389643907547
8,109,False,0.0,16,0.7982115149497986,0.26719850301742554,0.5367680788040161,0.021186551079154015
8,110,False,0.0,16,0.7979416847229004,0.2678380012512207,0.5366930961608887,0.021160025149583817
8,111,False,0.0,16,0.7980459928512573,0.2680779993534088,0.5365408658981323,0.02111094444990158
8,112,False,0.0,16,0.7982800006866455,0.2680633068084717,0.5364536046981812,0.021123796701431274
9,0,False,0.0,0,0.7179343700408936,0.16820669174194336,0.5175521373748779,0.011878862977027893
9,1,False,0.0,1,0.8186017274856567,0.2491004765033722,0.5342177152633667,0.020813539624214172
9,2,False,0.0,2,0.8185017704963684,0.24899068474769592,0.5342727303504944,0.020834624767303467
9,3,False,0.0,3,0.8203037977218628,0.2481570988893509,0.5346132516860962,0.021004250273108482
9,4,False,0.0,4,0.8227322101593018,0.2474599927663803,0.534473180770874,0.020944911986589432
9,5,False,0.0,5,0.8218518495559692,0.247865691781044,0.5344799757003784,0.020983580499887466
9,6,False,0.0,6,0.821345329284668,0.24769125878810883,0.534391462802887,0.02093621715903282
9,7,False,0.0,7,0.8221412897109985,0.2474873960018158,0.534361720085144,0.020889857783913612
9,8,False,0.0,8,0.822394847869873,0.247320756316185,0.5344774127006531,0.020944153890013695
9,9,False,0.0,9,0.8221546411514282,0.247761070728302,0.5345726013183594,0.0210025142878294
9,10,False,0.0,10,0.8223389387130737,0.24765726923942566,0.5345867872238159,0.021003521978855133
9,11,False,0.0,11,0.8232054710388184,0.24735376238822937,0.5348916053771973,0.021280350163578987
9,12,False,0.0,12,0.8226507902145386,0.24765194952487946,0.53481125831604,0.021209610626101494
9,13,False,0.0,13,0.8229837417602539,0.24758167564868927,0.534750759601593,0.021178049966692924
9,14,False,0.0,14,0.8234808444976807,0.24762047827243805,0.5348011255264282,0.021184489130973816
9,15,False,0.0,15,0.824074923992157,0.24748073518276215,0.5347809791564941,0.02117004245519638
9,16,False,0.0,16,0.8246970176696777,0.24762380123138428,0.5347915887832642,0.021182173863053322
9,17,False,0.0,16,0.8247189521789551,0.24814832210540771,0.5346357822418213,0.02110438421368599
9,18,False,0.0,16,0.8242009878158569,0.24853116273880005,0.5346222519874573,0.021073296666145325
9,19,False,0.0,16,0.8237189650535583,0.24897687137126923,0.534575343132019,0.021304549649357796
9,20,False,0.0,16,0.8232729434967041,0.249267116189003,0.5343630313873291,0.021215811371803284
9,21,False,0.0,16,0.8229252099990845,0.24933984875679016,0.5343320369720459,0.02118109166622162
9,22,False,0.0,16,0.8225167989730835,0.24928151071071625,0.5342251062393188,0.021111810579895973
9,23,False,0.0,16,0.8224350214004517,0.249186173081398,0.5341521501541138,0.021090146154165268
9,24,False,0.0,16,0.8221490383148193,0.24905122816562653,0.5341496467590332,0.02108190767467022
9,25,False,0.0,16,0.8217090368270874,0.24895977973937988,0.5342882871627808,0.0211101733148098
9,26,False,0.0,16,0.8207775950431824,0.24918407201766968,0.5341559648513794,0.021006343886256218
9,27,False,0.0,16,0.8199062943458557,0.24959887564182281,0.5347766876220703,0.02145787887275219
9,28,False,0.0,16,0.818493127822876,0.2503059208393097,0.5348682403564453,0.021480591967701912
9,29,False,0.0,16,0.8174470663070679,0.25112733244895935,0.5348237752914429,0.021452104672789574
9,30,False,0.0,16,0.8154120445251465,0.2528311610221863,0.5347827076911926,0.021379094570875168
9,31,False,0.0,16,0.8129670023918152,0.25359588861465454,0.5349301099777222,0.021489812061190605
9,32,False,0.0,16,0.8117132782936096,0.2541812062263489,0.535148024559021,0.021551745012402534
9,33,False,0.0,16,0.8111923933029175,0.2547447085380554,0.5351755023002625,0.021513549610972404
9,34,False,0.0,16,0.8100154399871826,0.2562151551246643,0.5351932644844055,0.021563788875937462
9,35,False,0.0,16,0.8090910911560059,0.2573959529399872,0.5354932546615601,0.021885868161916733
9,36,False,0.0,16,0.8074705600738525,0.2588942050933838,0.5356026887893677,0.021967507898807526
9,37,False,0.0,16,0.8066167831420898,0.25944292545318604,0.5358096361160278,0.02209433540701866
9,38,False,0.0,16,0.806106686592102,0.26011964678764343,0.5361310243606567,0.022262537851929665
9,39,False,0.0,16,0.8046295642852783,0.2617117762565613,0.5361051559448242,0.022353453561663628
9,40,False,0.0,16,0.803506076335907,0.26280704140663147,0.5359824895858765,0.022267796099185944
9,41,False,0.0,16,0.8029600381851196,0.2646833658218384,0.5358200669288635,0.022216880694031715
9,42,False,0.0,16,0.8016073703765869,0.26546111702919006,0.5360361933708191,0.022293196991086006
9,43,False,0.0,16,0.8008055686950684,0.26601138710975647,0.5365743637084961,0.022520121186971664
9,44,False,0.0,16,0.799756646156311,0.26654118299484253,0.5370326042175293,0.022728070616722107
9,45,False,0.0,16,0.798134446144104,0.2678080201148987,0.537312388420105,0.02284306287765503
9,46,False,0.0,16,0.797469437122345,0.2684479355812073,0.5375621318817139,0.02292964793741703
9,47,False,0.0,16,0.796097993850708,0.26969265937805176,0.5374877452850342,0.022874752059578896
9,48,True,0.02866242080926895,16,0.7958084344863892,0.2698245048522949,0.5374352931976318,0.022839423269033432
9,49,True,0.06050955504179001,16,0.7953917384147644,0.26997894048690796,0.5377416610717773,0.02291233092546463
9,50,True,0.09235668927431107,16,0.7945290803909302,0.26888731122016907,0.5373804569244385,0.022505778819322586
9,51,True,0.12420382350683212,16,0.7937533855438232,0.2689359486103058,0.5378324389457703,0.022504232823848724
9,52,True,0.15605095028877258,16,0.7928932905197144,0.2680129110813141,0.537872850894928,0.022489197552204132
9,53,True,0.18789808452129364,16,0.7926785945892334,0.2677694261074066,0.5381025075912476,0.022611862048506737
9,54,True,0.2197452187538147,16,0.7906235456466675,0.26645392179489136,0.5381524562835693,0.02258019521832466
9,55,True,0.25159236788749695,16,0.7850966453552246,0.2629711329936981,0.5378659963607788,0.022368934005498886
9,56,True,0.2834394872188568,16,0.784796416759491,0.26091456413269043,0.538398027420044,0.022685838863253593
9,57,True,0.31528663635253906,16,0.7844783067703247,0.25784096121788025,0.5379546880722046,0.022543566301465034
9,58,True,0.3471337556838989,16,0.7887716293334961,0.2564272880554199,0.5374720692634583,0.022364776581525803
9,59,True,0.3789809048175812,16,0.8011159300804138,0.24542908370494843,0.5379998683929443,0.022425305098295212
9,60,True,0.41082802414894104,16,0.8128089904785156,0.24763017892837524,0.5384081602096558,0.022597793489694595
9,61,True,0.4426751732826233,16,0.8140892386436462,0.24501359462738037,0.5382651686668396,0.02253684774041176
9,62,True,0.47452229261398315,16,0.8104358911514282,0.24881811439990997,0.5381209850311279,0.022443672642111778
9,63,True,0.506369411945343,16,0.8078638315200806,0.2517215311527252,0.5383325815200806,0.022486872971057892
9,64,True,0.5382165312767029,16,0.8067630529403687,0.253445029258728,0.5382793545722961,0.022399870678782463
9,65,True,0.5700637102127075,16,0.8078311681747437,0.2517860531806946,0.5381351709365845,0.022365082055330276
9,66,True,0.6019108295440674,16,0.8080545663833618,0.2519834339618683,0.5379205346107483,0.022364508360624313
9,67,True,0.6337579488754272,16,0.8075716495513916,0.25007277727127075,0.538579523563385,0.022414198145270348
9,68,True,0.6656050682067871,16,0.8072793483734131,0.2511255145072937,0.538569450378418,0.022308887913823128
9,69,True,0.6974522471427917,16,0.8062127232551575,0.2537505328655243,0.5384424924850464,0.02221512235701084
9,70,True,0.7292993664741516,16,0.804993748664856,0.2560492157936096,0.5382656455039978,0.022155337035655975
9,71,True,0.7611464858055115,16,0.8028120994567871,0.25907042622566223,0.5384564995765686,0.022155756130814552
9,72,True,0.7929936051368713,16,0.8034428358078003,0.2573361098766327,0.5383204221725464,0.022087056189775467
9,73,True,0.824840784072876,16,0.8030391931533813,0.2588728964328766,0.538008451461792,0.021883534267544746
9,74,True,0.8566879034042358,16,0.804302453994751,0.2565574645996094,0.5380829572677612,0.021905949339270592
9,75,True,0.8885350227355957,16,0.804430365562439,0.25104615092277527,0.5385153293609619,0.021873969584703445
9,76,True,0.9203821420669556,16,0.8050614595413208,0.24479159712791443,0.5376574993133545,0.02136436477303505
9,77,True,0.9522293210029602,16,0.8058538436889648,0.2428899109363556,0.5375769138336182,0.021107127889990807
9,78,True,0.9840764403343201,16,0.8049859404563904,0.2402622103691101,0.5376091003417969,0.02096432074904442
9,79,True,1.0,16,0.8026657104492188,0.23818695545196533,0.5344196557998657,0.01924358494579792
9,80,True,1.0,16,0.7992239594459534,0.23200136423110962,0.5345562696456909,0.019276650622487068
9,81,True,1.0,16,0.7992239594459534,0.23200136423110962,0.5345562696456909,0.019276650622487068
9,82,True,1.0,16,0.7992239594459534,0.23200136423110962,0.5345562696456909,0.019276650622487068
9,83,True,1.0,16,0.8006011843681335,0.23573295772075653,0.5348947048187256,0.01925296150147915
9,84,True,1.0,16,0.8004342317581177,0.23555512726306915,0.5348948240280151,0.01925302855670452
9,85,True,1.0,16,0.800403356552124,0.23558178544044495,0.5348914861679077,0.019254222512245178
9,86,True,1.0,16,0.800384521484375,0.2355867177248001,0.5348911285400391,0.019253773614764214
9,87,True,1.0,16,0.8003865480422974,0.2355642318725586,0.5348911285400391,0.019254403188824654
9,88,True,1.0,16,0.800376296043396,0.23554182052612305,0.5348913669586182,0.019253617152571678
9,89,True,1.0,16,0.8003634214401245,0.2355199009180069,0.5348919630050659,0.01925486885011196
9,90,True,1.0,16,0.8003640174865723,0.2355850338935852,0.5348921418190002,0.01925479993224144
9,91,True,1.0,16,0.8022659420967102,0.24220220744609833,0.5352658033370972,0.019222119823098183
9,92,True,1.0,16,0.8022084832191467,0.24220818281173706,0.5352688431739807,0.019222617149353027
9,93,True,1.0,16,0.8021826148033142,0.242242693901062,0.5352717638015747,0.01922319270670414
9,94,True,1.0,16,0.8021751046180725,0.24220353364944458,0.535274863243103,0.0192225594073534
9,95,True,1.0,16,0.8021638989448547,0.24224720895290375,0.5352745056152344,0.019223259761929512
9,96,True,1.0,16,0.8021607995033264,0.24218551814556122,0.5352757573127747,0.01922324299812317
9,97,True,1.0,16,0.8021659255027771,0.24217426776885986,0.5352754592895508,0.01922438107430935
9,98,True,1.0,16,0.8021491169929504,0.24222378432750702,0.5352756977081299,0.019223937764763832
9,99,True,1.0,16,0.8031425476074219,0.24779169261455536,0.5353883504867554,0.019155865535140038
9,100,True,1.0,16,0.8031172752380371,0.24781358242034912,0.5353859663009644,0.019154585897922516
9,101,True,1.0,16,0.803104043006897,0.2478567212820053,0.5353895425796509,0.019155412912368774
9,102,True,1.0,16,0.8031023740768433,0.2478739321231842,0.535389244556427,0.01915603317320347
9,103,True,1.0,16,0.8030961751937866,0.24788141250610352,0.5353896617889404,0.019154027104377747
9,104,True,1.0,16,0.8030843734741211,0.2478928416967392,0.5353904962539673,0.019153794273734093
9,105,True,1.0,16,0.8030825853347778,0.24790658056735992,0.535391092300415,0.019153600558638573
9,106,True,1.0,16,0.8030740022659302,0.24786250293254852,0.5353916883468628,0.019153615459799767
9,107,True,1.0,16,0.8032653331756592,0.2508089542388916,0.5354387760162354,0.019182367250323296
9,108,True,1.0,16,0.8032402396202087,0.25084078311920166,0.5354404449462891,0.019183702766895294
9,109,True,1.0,16,0.803229808807373,0.25087565183639526,0.5354431867599487,0.019182264804840088
9,110,True,1.0,16,0.8032484650611877,0.25092437863349915,0.5354418754577637,0.019181519746780396
9,111,True,1.0,16,0.8032437562942505,0.25090956687927246,0.5354422926902771,0.019181212410330772
9,112,True,1.0,16,0.8032358288764954,0.2509009838104248,0.535442590713501,0.019180485978722572
9,113,True,1.0,16,0.8032351136207581,0.25089192390441895,0.5354404449462891,0.019180089235305786
9,114,True,1.0,16,0.8032395839691162,0.25088414549827576,0.5354416370391846,0.019179988652467728
9,115,True,1.0,16,0.8036211133003235,0.25173693895339966,0.5353915095329285,0.019119352102279663
9,116,True,1.0,16,0.8036470413208008,0.2518015503883362,0.5353919267654419,0.01911831460893154
9,117,True,1.0,16,0.8036304712295532,0.2518184781074524,0.535393238067627,0.019116979092359543
9,118,False,0.0,16,0.8003332018852234,0.2669661343097687,0.5416016578674316,0.022813206538558006
9,119,False,0.0,16,0.7958011031150818,0.26825788617134094,0.5417101383209229,0.02286125160753727
9,120,False,0.0,16,0.79527747631073,0.2686253488063812,0.5416052341461182,0.022674353793263435
9,121,False,0.0,16,0.7949143648147583,0.26948580145835876,0.5415844917297363,0.022660158574581146
9,122,False,0.0,16,0.7944210767745972,0.27053236961364746,0.5414719581604004,0.022643115371465683
9,123,False,0.0,16,0.7936359643936157,0.2710837721824646,0.5413140058517456,0.022399699315428734
9,124,False,0.0,16,0.7927921414375305,0.2711223363876343,0.541142463684082,0.02230331115424633
9,125,False,0.0,16,0.7930988073348999,0.27123206853866577,0.5413618087768555,0.022463170811533928
9,126,False,0.0,16,0.7927333116531372,0.271865576505661,0.5416469573974609,0.022595370188355446
9,127,False,0.0,16,0.7923902273178101,0.2724594473838806,0.541653037071228,0.022654131054878235
9,128,False,0.0,16,0.791946291923523,0.27344566583633423,0.5420088768005371,0.022892795503139496
9,129,False,0.0,16,0.7910007238388062,0.27433618903160095,0.5421110391616821,0.022958451882004738
9,130,False,0.0,16,0.789658784866333,0.27551862597465515,0.5420714616775513,0.02301972731947899
9,131,False,0.0,16,0.7884782552719116,0.2767292261123657,0.5417892932891846,0.02308514527976513
9,132,False,0.0,16,0.7876793146133423,0.2770830988883972,0.5420269966125488,0.023223044350743294
9,133,False,0.0,16,0.7870050668716431,0.2775820791721344,0.5420130491256714,0.02315054088830948
9,134,False,0.0,16,0.7864304780960083,0.2785376310348511,0.5421373844146729,0.023171251639723778
9,135,False,0.0,16,0.7862361669540405,0.27908435463905334,0.5422044396400452,0.023156510666012764
9,136,False,0.0,16,0.7863437533378601,0.2791517674922943,0.5422626733779907,0.023145044222474098
9,137,False,0.0,16,0.7864298820495605,0.2785743772983551,0.5423198938369751,0.02317018434405327
9,138,False,0.0,16,0.7867878675460815,0.27888569235801697,0.5424158573150635,0.02320653200149536
9,139,False,0.0,16,0.7864503264427185,0.27838999032974243,0.5421444177627563,0.02316928841173649
9,140,False,0.0,16,0.7860780954360962,0.2783108651638031,0.5421530604362488,0.023145129904150963
9,141,False,0.0,16,0.7860419154167175,0.2776714861392975,0.5421329736709595,0.023156655952334404
9,142,False,0.0,16,0.7866768836975098,0.276189923286438,0.542181134223938,0.0231853686273098
9,143,False,0.0,16,0.7882219552993774,0.2743130922317505,0.5422453284263611,0.023218637332320213
9,144,False,0.0,16,0.7897874116897583,0.2725882828235626,0.5422940254211426,0.023249773308634758
9,145,False,0.0,16,0.7910903692245483,0.27156656980514526,0.5423442721366882,0.023288972675800323
9,146,False,0.0,16,0.7924274206161499,0.2705801725387573,0.5423489809036255,0.023319777101278305
9,147,False,0.0,16,0.7932631969451904,0.270292729139328,0.5420584678649902,0.023314423859119415
9,148,False,0.0,16,0.7942163944244385,0.2695784568786621,0.5420987606048584,0.023381398990750313
9,149,False,0.0,16,0.7947049140930176,0.26923879981040955,0.5420083403587341,0.02337605319917202
9,150,False,0.0,16,0.796177327632904,0.2688504755496979,0.5419995784759521,0.02336987666785717
9,151,False,0.0,16,0.7986943125724792,0.26738736033439636,0.5417128801345825,0.02322339080274105
9,152,False,0.0,16,0.798608660697937,0.2669978141784668,0.541443943977356,0.023138977587223053
9,153,False,0.0,16,0.7975343465805054,0.26726919412612915,0.5413250923156738,0.023085881024599075
9,154,False,0.0,16,0.7965155839920044,0.26741012930870056,0.5412893295288086,0.023058557882905006
9,155,False,0.0,16,0.7956583499908447,0.26770806312561035,0.5410836935043335,0.022965895012021065
9,156,False,0.0,16,0.7951046228408813,0.2677898406982422,0.5410091876983643,0.022942831739783287
9,157,False,0.0,16,0.7949073910713196,0.26780280470848083,0.5409315228462219,0.02291078492999077
10,0,False,0.0,0,0.736772894859314,0.17951172590255737,0.5216624736785889,0.0136282192543149
10,1,False,0.0,1,0.8232535123825073,0.24990306794643402,0.5429218411445618,0.02341865561902523
10,2,False,0.0,2,0.8239967823028564,0.2491331398487091,0.5429855585098267,0.023484406992793083
10,3,False,0.0,3,0.8247131705284119,0.2483135163784027,0.5431270003318787,0.023550793528556824
10,4,False,0.0,4,0.8252955675125122,0.24747850000858307,0.5432485342025757,0.02361685410141945
10,5,False,0.0,5,0.8261447548866272,0.24648915231227875,0.5435138940811157,0.023477472364902496
10,6,False,0.0,6,0.8267284631729126,0.24609892070293427,0.5436084270477295,0.023544887080788612
10,7,False,0.0,7,0.827622652053833,0.24569620192050934,0.5434588193893433,0.02344459295272827
10,8,False,0.0,8,0.8278632164001465,0.2458570897579193,0.5432910323143005,0.023391298949718475
10,9,False,0.0,9,0.8281329870223999,0.2462811917066574,0.5431947708129883,0.023389481008052826
10,10,False,0.0,10,0.8283862471580505,0.24639174342155457,0.5430348515510559,0.0233418308198452
10,11,False,0.0,11,0.8279925584793091,0.24673515558242798,0.5429782867431641,0.023304345086216927
10,12,False,0.0,12,0.8286005258560181,0.24634042382240295,0.5428962111473083,0.023320278152823448
10,13,False,0.0,13,0.8278388977050781,0.2466689795255661,0.5428237915039062,0.02299118973314762
10,14,False,0.0,14,0.827234148979187,0.2468714565038681,0.5427563190460205,0.022926876321434975
10,15,False,0.0,15,0.8258054852485657,0.2475164532661438,0.542491614818573,0.022817328572273254
10,16,False,0.0,16,0.8263289928436279,0.24699676036834717,0.5424257516860962,0.022762469947338104
10,17,False,0.0,16,0.825239896774292,0.24819950759410858,0.5423888564109802,0.02280556783080101
10,18,False,0.0,16,0.8237006664276123,0.2497715801000595,0.5422660112380981,0.022821415215730667
10,19,False,0.0,16,0.8218498229980469,0.25082024931907654,0.5419446229934692,0.022677790373563766
10,20,False,0.0,16,0.8201375007629395,0.2518177032470703,0.5420619249343872,0.022673100233078003
10,21,False,0.0,16,0.8176090121269226,0.2534644901752472,0.5420311093330383,0.022325459867715836
10,22,False,0.0,16,0.8159411549568176,0.2546132206916809,0.5419049263000488,0.022309402003884315
10,23,False,0.0,16,0.8142532110214233,0.25573018193244934,0.5417548418045044,0.02228369005024433
10,24,False,0.0,16,0.8126100301742554,0.256801575422287,0.5417208671569824,0.022294271737337112
10,25,False,0.0,16,0.8110825419425964,0.25825920701026917,0.5418768525123596,0.022386247292160988
10,26,False,0.0,16,0.8090075850486755,0.26107245683670044,0.5417599678039551,0.02227284200489521
10,27,False,0.0,16,0.806043803691864,0.26386311650276184,0.5417994856834412,0.02224445529282093
10,28,False,0.0,16,0.8027900457382202,0.268161416053772,0.5415961742401123,0.022124530747532845
10,29,False,0.0,16,0.8004822134971619,0.2698128819465637,0.5409996509552002,0.021534668281674385
10,30,True,0.030612245202064514,16,0.8002625107765198,0.2678747773170471,0.5407546758651733,0.0214175283908844
10,31,True,0.08163265138864517,16,0.8011099100112915,0.2643415331840515,0.5405318737030029,0.021266473457217216
10,32,True,0.13265305757522583,16,0.8079341650009155,0.2600005865097046,0.5409238934516907,0.02140370011329651
10,33,True,0.18367347121238708,16,0.8093175888061523,0.25101909041404724,0.5402764678001404,0.021253999322652817
10,34,True,0.23469388484954834,16,0.8082261085510254,0.2444845587015152,0.5397663116455078,0.020978815853595734
10,35,True,0.2857142984867096,16,0.8031810522079468,0.23934750258922577,0.5402917265892029,0.021213768050074577
10,36,True,0.33673468232154846,16,0.7980353236198425,0.23387756943702698,0.5405504703521729,0.021340271458029747
10,37,True,0.3877550959587097,16,0.7975935935974121,0.23341713845729828,0.5402843952178955,0.02096293866634369
10,38,True,0.43877550959587097,16,0.7985092997550964,0.2324204295873642,0.5399773120880127,0.020769916474819183
10,39,True,0.4897959232330322,16,0.7995173931121826,0.2338591367006302,0.5395214557647705,0.020480895414948463
10,40,True,0.5408163070678711,16,0.8002132177352905,0.23745855689048767,0.53947514295578,0.02046648971736431
10,41,True,0.5918367505073547,16,0.8012080788612366,0.2398543804883957,0.5391467213630676,0.02037034183740616
10,42,True,0.6428571343421936,16,0.8027300834655762,0.23727057874202728,0.5388216972351074,0.02023681253194809
10,43,True,0.6938775777816772,16,0.8069717884063721,0.23306885361671448,0.5391103029251099,0.02038871869444847
10,44,True,0.7448979616165161,16,0.8069792985916138,0.2341269999742508,0.5392645597457886,0.02040383219718933
10,45,True,0.795918345451355,16,0.8089803457260132,0.24259251356124878,0.5390788316726685,0.020121244713664055
10,46,True,0.8469387888908386,16,0.8096593618392944,0.24735301733016968,0.5388827323913574,0.020086398348212242
10,47,True,0.8979591727256775,16,0.8084670305252075,0.24873799085617065,0.538451075553894,0.01980491355061531
10,48,True,0.9489796161651611,16,0.8094578385353088,0.2440253347158432,0.5376089215278625,0.019220538437366486
10,49,True,1.0,16,0.8081892728805542,0.2492413967847824,0.5339813232421875,0.0171683169901371
10,50,True,1.0,16,0.8074746131896973,0.24315792322158813,0.5340534448623657,0.017193177714943886
10,51,True,1.0,16,0.8074746131896973,0.24315792322158813,0.5340534448623657,0.017193177714943886
10,52,True,1.0,16,0.8074746131896973,0.24315792322158813,0.5340534448623657,0.017193177714943886
10,53,True,1.0,16,0.8078012466430664,0.24620060622692108,0.5341213941574097,0.017166538164019585
10,54,True,1.0,16,0.8078351020812988,0.24620205163955688,0.5341225266456604,0.017167365178465843
10,55,True,1.0,16,0.8078534603118896,0.24624228477478027,0.5341240167617798,0.017167681828141212
10,56,True,1.0,16,0.8078396320343018,0.2462635636329651,0.5341235399246216,0.01716635562479496
10,57,True,1.0,16,0.8078529834747314,0.2462504655122757,0.5341234803199768,0.017167167738080025
10,58,True,1.0,16,0.8078510761260986,0.24625544250011444,0.5341236591339111,0.01716744340956211
10,59,True,1.0,16,0.8078407049179077,0.24628683924674988,0.5341243743896484,0.01716788485646248
10,60,True,1.0,16,0.8078426122665405,0.2462606132030487,0.5341241359710693,0.017167935147881508
10,61,True,1.0,16,0.8079950213432312,0.24870890378952026,0.5343071818351746,0.01712629944086075
10,62,True,1.0,16,0.8080193996429443,0.24883128702640533,0.5343152284622192,0.017128372564911842
10,63,True,1.0,16,0.8079997301101685,0.24888667464256287,0.5343126058578491,0.01712743565440178
10,64,True,1.0,16,0.808010458946228,0.24885013699531555,0.534314751625061,0.01712864823639393
10,65,True,1.0,16,0.8080189228057861,0.24890929460525513,0.5343143939971924,0.017128167673945427
10,66,True,1.0,16,0.8080211877822876,0.248914435505867,0.5343143939971924,0.017129356041550636
10,67,True,1.0,16,0.8080240488052368,0.24891643226146698,0.534313440322876,0.01712918095290661
10,68,True,1.0,16,0.8080226182937622,0.24891458451747894,0.5343135595321655,0.017129061743617058
10,69,True,1.0,16,0.8085556030273438,0.24939653277397156,0.5345802307128906,0.017153261229395866
10,70,True,1.0,16,0.808528482913971,0.24941092729568481,0.5345809459686279,0.017153384163975716
10,71,True,1.0,16,0.8084964752197266,0.24948562681674957,0.5345795750617981,0.017153915017843246
10,72,True,1.0,16,0.8085151314735413,0.24946998059749603,0.5345779657363892,0.017153719440102577
10,73,True,1.0,16,0.808512270450592,0.24945327639579773,0.5345768928527832,0.01715363748371601
10,74,False,0.0,16,0.7959825992584229,0.27035287022590637,0.5408390760421753,0.02172788977622986
10,75,False,0.0,16,0.7942520976066589,0.2684682011604309,0.540875256061554,0.02172849141061306
10,76,False,0.0,16,0.792407751083374,0.26983994245529175,0.5410336256027222,0.021736297756433487
10,77,False,0.0,16,0.7920804023742676,0.27171358466148376,0.5414351224899292,0.022059205919504166
10,78,False,0.0,16,0.7935130596160889,0.271972119808197,0.5413237810134888,0.02197405882179737
10,79,False,0.0,16,0.7947560548782349,0.27208420634269714,0.5413374900817871,0.021967407315969467
10,80,False,0.0,16,0.795311689376831,0.27150705456733704,0.5412185192108154,0.021951310336589813
10,81,False,0.0,16,0.7961656451225281,0.27134060859680176,0.5410460233688354,0.021956507116556168
10,82,False,0.0,16,0.7959634065628052,0.2712392508983612,0.540886640548706,0.021906325593590736
10,83,False,0.0,16,0.7953301668167114,0.2718121111392975,0.5407350659370422,0.021939633414149284
10,84,False,0.0,16,0.7950973510742188,0.2717263102531433,0.5406721830368042,0.021923668682575226
10,85,False,0.0,16,0.7953394055366516,0.2715263068675995,0.5409769415855408,0.02231447398662567
10,86,False,0.0,16,0.7960357069969177,0.2709282338619232,0.5409961938858032,0.022308794781565666
10,87,False,0.0,16,0.796733558177948,0.2709164321422577,0.5409879088401794,0.0222491268068552
10,88,False,0.0,16,0.7981231212615967,0.26844295859336853,0.541067898273468,0.022223183885216713
10,89,False,0.0,16,0.7986294627189636,0.2678552567958832,0.5415760278701782,0.02237698622047901
10,90,False,0.0,16,0.7993998527526855,0.2674238085746765,0.541474461555481,0.02229468524456024
10,91,False,0.0,16,0.8005651235580444,0.2674325108528137,0.5413878560066223,0.02221214585006237
10,92,False,0.0,16,0.8019193410873413,0.2675086557865143,0.5412206649780273,0.022164706140756607
10,93,False,0.0,16,0.8022990226745605,0.26758503913879395,0.5415222644805908,0.022351399064064026
10,94,False,0.0,16,0.8030797243118286,0.26730960607528687,0.5414315462112427,0.022330602630972862
10,95,False,0.0,16,0.8037377595901489,0.26740315556526184,0.5413351655006409,0.022304484620690346
10,96,False,0.0,16,0.8034799098968506,0.26752448081970215,0.5413472652435303,0.022374261170625687
10,97,False,0.0,16,0.8033051490783691,0.26769235730171204,0.541414737701416,0.022437941282987595
10,98,False,0.0,16,0.8032314777374268,0.2678435146808624,0.5413572192192078,0.022404620423913002
11,0,False,0.0,0,0.714739203453064,0.18076938390731812,0.5222124457359314,0.013947843573987484
11,1,False,0.0,1,0.8125362396240234,0.2609327435493469,0.5433007478713989,0.023156655952334404
11,2,False,0.0,2,0.8125386238098145,0.2611386477947235,0.5435621738433838,0.023177368566393852
11,3,False,0.0,3,0.8127108216285706,0.26155200600624084,0.543764591217041,0.023304544389247894
11,4,False,0.0,4,0.8129187822341919,0.26118701696395874,0.5440559387207031,0.023506376892328262
11,5,False,0.0,5,0.8133894801139832,0.2608882486820221,0.5444173812866211,0.023718660697340965
11,6,False,0.0,6,0.8135436773300171,0.2612150013446808,0.544503927230835,0.023724393919110298
11,7,False,0.0,7,0.8136671781539917,0.26099446415901184,0.544461190700531,0.023720260709524155
11,8,False,0.0,8,0.813730001449585,0.26125195622444153,0.5443347692489624,0.023678747937083244
11,9,False,0.0,9,0.8141872882843018,0.26112064719200134,0.5444903373718262,0.02375907637178898
11,10,False,0.0,10,0.8145105242729187,0.2615043520927429,0.5443729162216187,0.023632291704416275
11,11,False,0.0,11,0.8144735097885132,0.2612815797328949,0.5445281267166138,0.023772206157445908
11,12,False,0.0,12,0.8147927522659302,0.2613235116004944,0.544586181640625,0.023814484477043152
11,13,False,0.0,13,0.8154371976852417,0.2609565556049347,0.5445759296417236,0.023854147642850876
11,14,False,0.0,14,0.8159765601158142,0.26055294275283813,0.5444813370704651,0.023831287398934364
11,15,False,0.0,15,0.8163565993309021,0.2600734829902649,0.544427752494812,0.02384539321064949
11,16,False,0.0,16,0.8164011240005493,0.2600722908973694,0.5444197654724121,0.023843709379434586
11,17,False,0.0,16,0.8163617849349976,0.25985953211784363,0.5444137454032898,0.023917127400636673
11,18,False,0.0,16,0.8164693713188171,0.2596975266933441,0.544096052646637,0.023644525557756424
11,19,False,0.0,16,0.8165574669837952,0.2596634030342102,0.5441362857818604,0.023719869554042816
11,20,False,0.0,16,0.8160655498504639,0.2597618103027344,0.5441532135009766,0.02375321090221405
11,21,False,0.0,16,0.8158960938453674,0.25971975922584534,0.5441175699234009,0.02368662878870964
11,22,False,0.0,16,0.8158124685287476,0.25972113013267517,0.5440685749053955,0.023623205721378326
11,23,False,0.0,16,0.815726637840271,0.2596057653427124,0.544042706489563,0.02362053096294403
11,24,False,0.0,16,0.8161234855651855,0.26008883118629456,0.5441880226135254,0.023663656786084175
11,25,False,0.0,16,0.815949559211731,0.2601626515388489,0.5443651676177979,0.02369835041463375
11,26,False,0.0,16,0.8159540891647339,0.2610929608345032,0.5440067052841187,0.023458098992705345
11,27,False,0.0,16,0.815588116645813,0.26111575961112976,0.5439268350601196,0.02337338589131832
11,28,False,0.0,16,0.8146400451660156,0.26149114966392517,0.5440375208854675,0.023365197703242302
11,29,False,0.0,16,0.8144065141677856,0.26114553213119507,0.5441088676452637,0.023394247516989708
11,30,False,0.0,16,0.8138012886047363,0.2612592279911041,0.5441229343414307,0.023397400975227356
11,31,False,0.0,16,0.8124008178710938,0.2618515193462372,0.5441168546676636,0.023376161232590675
11,32,False,0.0,16,0.8122347593307495,0.2621500492095947,0.5440938472747803,0.023359224200248718
11,33,False,0.0,16,0.8100059032440186,0.2635049819946289,0.5445136427879333,0.02364705130457878
11,34,False,0.0,16,0.8087602853775024,0.2642532289028168,0.5440955758094788,0.023381000384688377
11,35,False,0.0,16,0.8064507246017456,0.26528385281562805,0.5444878935813904,0.02357187494635582
11,36,False,0.0,16,0.8046848773956299,0.26571011543273926,0.5444103479385376,0.023488080129027367
11,37,False,0.0,16,0.8046883344650269,0.26586538553237915,0.544686496257782,0.023644519969820976
11,38,False,0.0,16,0.8043071627616882,0.2664843499660492,0.5445986986160278,0.023609964177012444
11,39,False,0.0,16,0.8031817078590393,0.2666422128677368,0.5446110963821411,0.023552684113383293
11,40,False,0.0,16,0.8025046586990356,0.26705124974250793,0.5448483228683472,0.023643512278795242
11,41,False,0.0,16,0.802565336227417,0.26680198311805725,0.5446996092796326,0.023622769862413406
11,42,False,0.0,16,0.8023010492324829,0.2674978971481323,0.5446510314941406,0.023501519113779068
11,43,False,0.0,16,0.8011310696601868,0.26770922541618347,0.5446979403495789,0.023605139926075935
11,44,False,0.0,16,0.8003575205802917,0.26768070459365845,0.5448442697525024,0.023689134046435356
11,45,False,0.0,16,0.8001511693000793,0.2678043842315674,0.5446171760559082,0.023602470755577087
11,46,False,0.0,16,0.7998005151748657,0.2680707275867462,0.5446631908416748,0.02363336645066738
11,47,False,0.0,16,0.7991117835044861,0.26879727840423584,0.5443924069404602,0.023497486487030983
11,48,False,0.0,16,0.7986303567886353,0.26929908990859985,0.5440990328788757,0.02328548952937126
11,49,False,0.0,16,0.7975238561630249,0.2713010013103485,0.54412841796875,0.02324504964053631
11,50,False,0.0,16,0.7972977161407471,0.27175816893577576,0.543724536895752,0.022889869287610054
11,51,False,0.0,16,0.7968302369117737,0.2725577652454376,0.5434427261352539,0.022686220705509186
11,52,False,0.0,16,0.7968723773956299,0.272212415933609,0.5432562828063965,0.022564666345715523
11,53,False,0.0,16,0.7969087362289429,0.27218097448349,0.5432239770889282,0.022584009915590286
11,54,False,0.0,16,0.7964307069778442,0.27369266748428345,0.5430596470832825,0.022485315799713135
11,55,False,0.0,16,0.7946884036064148,0.2754562497138977,0.54289710521698,0.02239159494638443
11,56,False,0.0,16,0.7931649684906006,0.2768090069293976,0.5427240133285522,0.02224525436758995
11,57,False,0.0,16,0.7927168607711792,0.276902973651886,0.5426086187362671,0.0221541840583086
11,58,False,0.0,16,0.7928641438484192,0.27699241042137146,0.5424161553382874,0.02185937389731407
11,59,False,0.0,16,0.793636679649353,0.27655091881752014,0.5423856377601624,0.021821580827236176
11,60,False,0.0,16,0.7940825819969177,0.27562862634658813,0.5423996448516846,0.02183031104505062
11,61,False,0.0,16,0.7945879697799683,0.2748604118824005,0.5424461364746094,0.02184784598648548
11,62,False,0.0,16,0.7955633401870728,0.27354922890663147,0.5425691604614258,0.021934986114501953
11,63,False,0.0,16,0.7966693639755249,0.2724609971046448,0.5427419543266296,0.021998828276991844
11,64,False,0.0,16,0.7974685430526733,0.2718268632888794,0.5427833795547485,0.022005336359143257
11,65,False,0.0,16,0.7984054684638977,0.2706253230571747,0.5428274869918823,0.022016962990164757
11,66,False,0.0,16,0.7996818423271179,0.2693369686603546,0.5428363084793091,0.021610839292407036
11,67,False,0.0,16,0.8004041910171509,0.26850226521492004,0.5430192947387695,0.021758059039711952
11,68,False,0.0,16,0.8016200065612793,0.2677995264530182,0.5430772304534912,0.021826013922691345
11,69,False,0.0,16,0.802162766456604,0.2669839560985565,0.5432838201522827,0.021954050287604332
11,70,False,0.0,16,0.8030210137367249,0.2667286992073059,0.543455958366394,0.022074704989790916
11,71,False,0.0,16,0.8046010136604309,0.26552924513816833,0.5435575246810913,0.022150876000523567
11,72,False,0.0,16,0.8061025738716125,0.26400670409202576,0.5434701442718506,0.0221946332603693
11,73,False,0.0,16,0.8077632784843445,0.2626743018627167,0.5432783365249634,0.02213246375322342
11,74,False,0.0,16,0.8088297843933105,0.2608480155467987,0.5432648062705994,0.021525977179408073
11,75,False,0.0,16,0.8101038932800293,0.2600788176059723,0.5430643558502197,0.021443836390972137
11,76,False,0.0,16,0.8105298280715942,0.2603550851345062,0.5428342819213867,0.02139337919652462
11,77,False,0.0,16,0.8115068674087524,0.26041126251220703,0.5428916811943054,0.021361391991376877
11,78,False,0.0,16,0.8117070198059082,0.2602393627166748,0.5429064035415649,0.021371660754084587
11,79,False,0.0,16,0.8113744258880615,0.26026418805122375,0.5429991483688354,0.021433020010590553
11,80,False,0.0,16,0.8111730813980103,0.26014214754104614,0.5428983569145203,0.021414104849100113
11,81,False,0.0,16,0.8109303712844849,0.26068511605262756,0.5427674651145935,0.021280772984027863
11,82,False,0.0,16,0.8113387823104858,0.2605432868003845,0.5429897308349609,0.020944876596331596
11,83,False,0.0,16,0.8111065030097961,0.26117628812789917,0.5430126786231995,0.020891577005386353
11,84,False,0.0,16,0.8106441497802734,0.26153311133384705,0.5431334972381592,0.020870717242360115
11,85,False,0.0,16,0.8100119829177856,0.26205524802207947,0.542824387550354,0.02072179690003395
11,86,False,0.0,16,0.810380220413208,0.26191219687461853,0.5429010391235352,0.020815962925553322
11,87,False,0.0,16,0.8088030815124512,0.2633739709854126,0.5428174734115601,0.020798537880182266
11,88,False,0.0,16,0.8076059818267822,0.2647332549095154,0.5428545475006104,0.020835498347878456
11,89,False,0.0,16,0.8070202469825745,0.26580676436424255,0.5429702997207642,0.020916219800710678
11,90,False,0.0,16,0.8058305978775024,0.26745444536209106,0.5430586338043213,0.020592160522937775
11,91,False,0.0,16,0.8041225671768188,0.2683999240398407,0.5431678891181946,0.020588161423802376
11,92,False,0.0,16,0.80203777551651,0.269403338432312,0.5434061884880066,0.020676717162132263
11,93,False,0.0,16,0.7980310916900635,0.2719414532184601,0.5430810451507568,0.02051667496562004
11,94,False,0.0,16,0.7953921556472778,0.27322304248809814,0.5428915023803711,0.020296333357691765
11,95,False,0.0,16,0.7949507832527161,0.2739180028438568,0.542963981628418,0.020314915105700493
11,96,False,0.0,16,0.7945206761360168,0.274825781583786,0.5432676672935486,0.020446136593818665
11,97,False,0.0,16,0.7941301465034485,0.27573445439338684,0.5432699918746948,0.020452508702874184
11,98,False,0.0,16,0.7947063446044922,0.2757965326309204,0.5433362722396851,0.02033713273704052
11,99,False,0.0,16,0.7951143980026245,0.27535781264305115,0.5433138012886047,0.020316358655691147
11,100,False,0.0,16,0.795497477054596,0.275205135345459,0.543309211730957,0.020341597497463226
11,101,False,0.0,16,0.7955693006515503,0.27492982149124146,0.5432943105697632,0.020400678738951683
11,102,False,0.0,16,0.7961896657943726,0.2749454975128174,0.5430159568786621,0.02032511495053768
11,103,False,0.0,16,0.7962362766265869,0.2750985324382782,0.542670488357544,0.020140424370765686
11,104,False,0.0,16,0.7965050935745239,0.27481508255004883,0.5426551103591919,0.020156214013695717
11,105,False,0.0,16,0.7975261211395264,0.273425817489624,0.542716383934021,0.020218536257743835
11,106,False,0.0,16,0.7974679470062256,0.272725909948349,0.5430014133453369,0.020240623503923416
11,107,False,0.0,16,0.7966411709785461,0.2724621295928955,0.543056070804596,0.02026507444679737
11,108,False,0.0,16,0.7963569164276123,0.2724865972995758,0.5430616736412048,0.020291056483983994
11,109,False,0.0,16,0.7961972951889038,0.2723473608493805,0.5431506633758545,0.02032794989645481
11,110,False,0.0,16,0.795752763748169,0.2723449468612671,0.5433090925216675,0.02039203979074955
11,111,False,0.0,16,0.7962173819541931,0.27139320969581604,0.5433005094528198,0.020429620519280434
11,112,False,0.0,16,0.799105167388916,0.2676031291484833,0.5433158278465271,0.020428389310836792
11,113,False,0.0,16,0.8004633784294128,0.2677689790725708,0.5431497693061829,0.02028592862188816
12,0,False,0.0,0,0.7181470394134521,0.18509900569915771,0.5201715230941772,0.011036287993192673
12,1,False,0.0,1,0.8132081031799316,0.2623179256916046,0.5430546998977661,0.020347008481621742
12,2,False,0.0,2,0.8130939602851868,0.2624436914920807,0.5429545044898987,0.020278964191675186
12,3,False,0.0,3,0.8141723871231079,0.2627895176410675,0.5433473587036133,0.02047022059559822
12,4,False,0.0,4,0.8145301342010498,0.26257097721099854,0.543742299079895,0.020670363679528236
12,5,False,0.0,5,0.8149456977844238,0.2624533772468567,0.5438865423202515,0.020760945975780487
12,6,False,0.0,6,0.8147900104522705,0.26222264766693115,0.543984055519104,0.02073323354125023
12,7,False,0.0,7,0.8146430253982544,0.2622082531452179,0.5440770387649536,0.02078978903591633
12,8,False,0.0,8,0.814781665802002,0.2622194290161133,0.5443894267082214,0.02112765982747078
12,9,False,0.0,9,0.814476490020752,0.26248520612716675,0.5444914102554321,0.021176926791667938
12,10,False,0.0,10,0.8143056631088257,0.2629569470882416,0.5445340871810913,0.02125643379986286
12,11,False,0.0,11,0.8144052028656006,0.2629634737968445,0.544535756111145,0.02129586599767208
12,12,False,0.0,12,0.8148993253707886,0.26286235451698303,0.5444534420967102,0.021303893998265266
12,13,False,0.0,13,0.8153759241104126,0.26238447427749634,0.5443716049194336,0.021276339888572693
12,14,False,0.0,14,0.8152614831924438,0.2624116539955139,0.5443617701530457,0.021335458382964134
12,15,False,0.0,15,0.8157380819320679,0.26209405064582825,0.5441654920578003,0.02124849706888199
12,16,False,0.0,16,0.8157916069030762,0.2621658444404602,0.5446587204933167,0.021688289940357208
12,17,False,0.0,16,0.8159964084625244,0.26176437735557556,0.5447599291801453,0.021713292226195335
12,18,False,0.0,16,0.8163459300994873,0.26172494888305664,0.5447679162025452,0.021762484684586525
12,19,False,0.0,16,0.8164398670196533,0.26194339990615845,0.5448814630508423,0.021829210221767426
12,20,False,0.0,16,0.8165112733840942,0.2618551254272461,0.5447649359703064,0.021844137459993362
12,21,False,0.0,16,0.8165481686592102,0.26103314757347107,0.5446316003799438,0.02175154536962509
12,22,False,0.0,16,0.8162976503372192,0.2616622745990753,0.5445661544799805,0.02173629030585289
12,23,False,0.0,16,0.815923810005188,0.26227664947509766,0.5445997714996338,0.021748606115579605
12,24,False,0.0,16,0.8160666823387146,0.2627309262752533,0.5449118614196777,0.02208700403571129
12,25,False,0.0,16,0.815760612487793,0.2629813253879547,0.5450161099433899,0.022102687507867813
12,26,False,0.0,16,0.8155958652496338,0.26353931427001953,0.5450049638748169,0.02205689437687397
12,27,False,0.0,16,0.815819501876831,0.26388171315193176,0.5450025200843811,0.022056184709072113
12,28,False,0.0,16,0.816043496131897,0.2640896141529083,0.5450253486633301,0.02205974981188774
12,29,False,0.0,16,0.815139889717102,0.2648441195487976,0.5451503992080688,0.022025668993592262
12,30,False,0.0,16,0.8141162395477295,0.2648785710334778,0.5453822612762451,0.02209184318780899
12,31,False,0.0,16,0.8127855062484741,0.26488032937049866,0.5454399585723877,0.02208179421722889
12,32,False,0.0,16,0.8114824295043945,0.2650398015975952,0.5458047986030579,0.022317692637443542
12,33,False,0.0,16,0.8107724189758301,0.26509028673171997,0.5459812879562378,0.022391384467482567
12,34,False,0.0,16,0.8103485107421875,0.26446476578712463,0.5456995368003845,0.022285128012299538
12,35,False,0.0,16,0.8095700740814209,0.2642618715763092,0.5459209680557251,0.022367432713508606
12,36,True,0.012605042196810246,16,0.8081803321838379,0.2645542323589325,0.5459187030792236,0.022368034347891808
12,37,True,0.054621849209070206,16,0.8076128959655762,0.2644580006599426,0.5459601283073425,0.022431105375289917
12,38,True,0.09663865715265274,16,0.807328462600708,0.26480841636657715,0.545848548412323,0.022398822009563446
12,39,True,0.13865546882152557,16,0.8076654672622681,0.2650734484195709,0.545745849609375,0.022359825670719147
12,40,True,0.1806722730398178,16,0.8080695867538452,0.2651423513889313,0.5457446575164795,0.0223898533731699
12,41,True,0.22268907725811005,16,0.8077774047851562,0.2658604681491852,0.5457515716552734,0.022362202405929565
12,42,True,0.2647058963775635,16,0.8071284294128418,0.26744768023490906,0.545353889465332,0.022234467789530754
12,43,True,0.3067227005958557,16,0.8053826093673706,0.26903438568115234,0.5456427931785583,0.022341188043355942
12,44,True,0.34873950481414795,16,0.8040404915809631,0.2694840133190155,0.5454503297805786,0.02229848876595497
12,45,True,0.3907563090324402,16,0.8029552102088928,0.2697943150997162,0.5456173419952393,0.02228080853819847
12,46,True,0.4327731132507324,16,0.8007811307907104,0.26934635639190674,0.5453714728355408,0.022093500941991806
12,47,True,0.47478991746902466,16,0.799522340297699,0.2700134813785553,0.5450862050056458,0.02196425013244152
12,48,True,0.5168067216873169,16,0.7984591722488403,0.2692771852016449,0.5451632738113403,0.021910827606916428
12,49,True,0.5588235259056091,16,0.7984621524810791,0.26882699131965637,0.5452355146408081,0.021917419508099556
12,50,True,0.6008403301239014,16,0.7987722158432007,0.2679864168167114,0.5451256036758423,0.021670088171958923
12,51,True,0.6428571343421936,16,0.7983444929122925,0.2670441269874573,0.5449066758155823,0.021489517763257027
12,52,True,0.6848739385604858,16,0.8003866076469421,0.2639753520488739,0.5446257591247559,0.021369125694036484
12,53,True,0.7268907427787781,16,0.8022967576980591,0.26355817914009094,0.5439705848693848,0.021059641614556313
12,54,True,0.7689075469970703,16,0.8022063970565796,0.2636231482028961,0.5439010858535767,0.021002138033509254
12,55,True,0.8109243512153625,16,0.7999445199966431,0.2615627348423004,0.5443015098571777,0.021203765645623207
12,56,True,0.8529411554336548,16,0.7970308065414429,0.2572915256023407,0.5442245006561279,0.020915906876325607
12,57,True,0.894957959651947,16,0.8000173568725586,0.2545595169067383,0.5440570116043091,0.02081003226339817
12,58,True,0.9369747638702393,16,0.8040178418159485,0.2491244524717331,0.542991578578949,0.020163733512163162
12,59,True,0.9789915680885315,16,0.8055849671363831,0.24905113875865936,0.542438805103302,0.019632920622825623
12,60,True,1.0,16,0.8067549467086792,0.24176248908042908,0.5367687940597534,0.017094923183321953
12,61,True,1.0,16,0.8077908158302307,0.24160552024841309,0.5368232727050781,0.017107101157307625
12,62,True,1.0,16,0.8077908158302307,0.24160552024841309,0.5368232727050781,0.017107101157307625
12,63,True,1.0,16,0.8077908158302307,0.24160552024841309,0.5368232727050781,0.017107101157307625
12,64,True,1.0,16,0.8077787160873413,0.2423797994852066,0.5372265577316284,0.0170464925467968
12,65,True,1.0,16,0.8077710866928101,0.2423582524061203,0.5372282266616821,0.017046822234988213
12,66,True,1.0,16,0.8077517747879028,0.2423834502696991,0.5372300148010254,0.017047125846147537
12,67,True,1.0,16,0.8077614307403564,0.24231813848018646,0.5372270345687866,0.01704624854028225
12,68,True,1.0,16,0.8077459335327148,0.2423381805419922,0.5372276902198792,0.017046891152858734
12,69,True,1.0,16,0.8077507019042969,0.24234424531459808,0.5372281074523926,0.017045769840478897
12,70,True,1.0,16,0.8077490329742432,0.24234499037265778,0.5372281670570374,0.01704563945531845
12,71,True,1.0,16,0.807753324508667,0.24229225516319275,0.5372276902198792,0.017046207562088966
12,72,True,1.0,16,0.8075166940689087,0.24335435032844543,0.5377563238143921,0.017130400985479355
12,73,True,1.0,16,0.8075249195098877,0.24319638311862946,0.5377599000930786,0.017131667584180832
12,74,True,1.0,16,0.8075008392333984,0.24319006502628326,0.5377554893493652,0.01712905801832676
12,75,True,1.0,16,0.8075110912322998,0.24316644668579102,0.5377559661865234,0.017130624502897263
12,76,True,1.0,16,0.8074938058853149,0.24318350851535797,0.5377569198608398,0.017131267115473747
12,77,True,1.0,16,0.807499885559082,0.24318237602710724,0.5377565622329712,0.017131751403212547
12,78,True,1.0,16,0.8074988126754761,0.24318960309028625,0.5377566814422607,0.017131440341472626
12,79,True,1.0,16,0.8075083494186401,0.2431408166885376,0.5377569198608398,0.01713213510811329
12,80,True,1.0,16,0.8072448968887329,0.24507659673690796,0.5381574630737305,0.017250921577215195
12,81,True,1.0,16,0.8072402477264404,0.2449517548084259,0.5381524562835693,0.017250848934054375
12,82,True,1.0,16,0.8072097897529602,0.24492476880550385,0.5381494760513306,0.017252691090106964
12,83,True,1.0,16,0.8072426915168762,0.2448963075876236,0.5381510257720947,0.017250627279281616
12,84,True,1.0,16,0.8072345852851868,0.2449013888835907,0.5381522178649902,0.017250673845410347
12,85,True,1.0,16,0.8072295784950256,0.24490657448768616,0.5381540060043335,0.01725165918469429
12,86,True,1.0,16,0.8072217106819153,0.24490761756896973,0.5381520986557007,0.017251426354050636
12,87,True,1.0,16,0.8072356581687927,0.24488511681556702,0.5381522178649902,0.017251400277018547
12,88,True,1.0,16,0.8071377873420715,0.24673089385032654,0.5383909940719604,0.017380110919475555
12,89,True,1.0,16,0.807123064994812,0.24665567278862,0.5383905172348022,0.01738140918314457
12,90,False,0.0,16,0.8119955062866211,0.26227518916130066,0.5463594794273376,0.022379374131560326
12,91,False,0.0,16,0.8085061311721802,0.2634444832801819,0.5464742183685303,0.022421978414058685
12,92,False,0.0,16,0.8076204061508179,0.2642606496810913,0.5464537143707275,0.022469189018011093
12,93,False,0.0,16,0.8073230981826782,0.2647784948348999,0.5463204979896545,0.022338273003697395
12,94,False,0.0,16,0.8063168525695801,0.26536664366722107,0.5462293028831482,0.022344017401337624
12,95,False,0.0,16,0.8058121204376221,0.26547858119010925,0.546318531036377,0.022380614653229713
12,96,False,0.0,16,0.8045445680618286,0.26649466156959534,0.5457836389541626,0.02204187400639057
12,97,False,0.0,16,0.8020930886268616,0.2683064043521881,0.5461540222167969,0.02221287414431572
12,98,False,0.0,16,0.7987514138221741,0.26999613642692566,0.5462379455566406,0.022176966071128845
12,99,False,0.0,16,0.7961235046386719,0.27138784527778625,0.546257734298706,0.022133395075798035
12,100,False,0.0,16,0.7945984601974487,0.27265992760658264,0.546277642250061,0.022156095132231712
12,101,False,0.0,16,0.7933453917503357,0.27457261085510254,0.5465006828308105,0.022279487922787666
12,102,False,0.0,16,0.7921617031097412,0.2757357954978943,0.5465331077575684,0.02228621020913124
12,103,False,0.0,16,0.7920221090316772,0.2760918140411377,0.5464940667152405,0.02224387414753437
12,104,False,0.0,16,0.7921104431152344,0.2757454216480255,0.5461987853050232,0.021969597786664963
12,105,False,0.0,16,0.7919200658798218,0.2755949795246124,0.5462796688079834,0.02203548699617386
12,106,False,0.0,16,0.7923569679260254,0.2749476134777069,0.54639732837677,0.022132588550448418
12,107,False,0.0,16,0.7926570177078247,0.27493661642074585,0.5465735197067261,0.022274406626820564
12,108,False,0.0,16,0.7936371564865112,0.2749888300895691,0.5465570688247681,0.02235063724219799
12,109,False,0.0,16,0.7945066690444946,0.2747909128665924,0.5465214252471924,0.022352496162056923
12,110,False,0.0,16,0.7951555252075195,0.2738001048564911,0.5465139150619507,0.022398043423891068
12,111,False,0.0,16,0.7952368259429932,0.27334463596343994,0.5464714169502258,0.022356774657964706
12,112,False,0.0,16,0.7949851155281067,0.2731676399707794,0.5462051630020142,0.022071143612265587
12,113,False,0.0,16,0.7941078543663025,0.2732480466365814,0.5463064908981323,0.022095832973718643
12,114,False,0.0,16,0.7942274808883667,0.27283674478530884,0.5463162064552307,0.022096525877714157
12,115,False,0.0,16,0.7956340312957764,0.27073782682418823,0.5463485717773438,0.02208773046731949
12,116,False,0.0,16,0.7974046468734741,0.26992133259773254,0.5464297533035278,0.022070061415433884
12,117,False,0.0,16,0.7992486953735352,0.2689998745918274,0.546424150466919,0.022029204294085503
12,118,False,0.0,16,0.7985872030258179,0.2690224349498749,0.5461714267730713,0.021905843168497086
12,119,False,0.0,16,0.8008862733840942,0.26894494891166687,0.5460328459739685,0.021813523024320602
13,0,False,0.0,0,0.7424119710922241,0.18062099814414978,0.5242952704429626,0.013217386789619923
13,1,False,0.0,1,0.8226155638694763,0.25638094544410706,0.5464913249015808,0.021739965304732323
13,2,False,0.0,2,0.8234843015670776,0.2557016611099243,0.5466504693031311,0.021798433735966682
13,3,False,0.0,3,0.8240611553192139,0.25468653440475464,0.5467699766159058,0.021825581789016724
13,4,False,0.0,4,0.8252472877502441,0.253516286611557,0.5469757318496704,0.021883469074964523
13,5,False,0.0,5,0.8255319595336914,0.25306636095046997,0.5470542907714844,0.021911459043622017
13,6,False,0.0,6,0.825567364692688,0.2526739835739136,0.5471274852752686,0.021893681958317757
13,7,False,0.0,7,0.8263137340545654,0.252015084028244,0.5471556186676025,0.02190070040524006
13,8,False,0.0,8,0.8276239633560181,0.2513681650161743,0.5467108488082886,0.021583469584584236
13,9,False,0.0,9,0.8282927870750427,0.2513657510280609,0.5466132164001465,0.021551238372921944
13,10,False,0.0,10,0.8284112811088562,0.25127896666526794,0.5464540123939514,0.021502895280718803
13,11,False,0.0,11,0.8278419971466064,0.25123709440231323,0.546038031578064,0.021349217742681503
13,12,False,0.0,12,0.828243613243103,0.25111714005470276,0.5459098815917969,0.021329250186681747
13,13,False,0.0,13,0.8282328844070435,0.25122103095054626,0.5455209016799927,0.02123037725687027
13,14,False,0.0,14,0.8280778527259827,0.25149235129356384,0.5451593399047852,0.021149061620235443
13,15,False,0.0,15,0.8274513483047485,0.25178104639053345,0.5450141429901123,0.021115582436323166
13,16,False,0.0,16,0.8265026211738586,0.2523546814918518,0.5447776913642883,0.020968526601791382
13,17,False,0.0,16,0.8256890773773193,0.2529760003089905,0.5447814464569092,0.020980089902877808
13,18,False,0.0,16,0.8241168856620789,0.25397172570228577,0.544775128364563,0.02094724401831627
13,19,False,0.0,16,0.8226879835128784,0.25481104850769043,0.5447585582733154,0.021065158769488335
13,20,False,0.0,16,0.8217931985855103,0.25539350509643555,0.5446841716766357,0.02109181135892868
13,21,False,0.0,16,0.820214569568634,0.2562302350997925,0.544498085975647,0.02102511376142502
13,22,False,0.0,16,0.8186511993408203,0.25735172629356384,0.5444388389587402,0.02098832093179226
13,23,False,0.0,16,0.8156163692474365,0.25927403569221497,0.5441681146621704,0.02090747468173504
13,24,False,0.0,16,0.8139967918395996,0.26051923632621765,0.5438932776451111,0.020811449736356735
13,25,False,0.0,16,0.8125907182693481,0.2611900866031647,0.5436294078826904,0.020708879455924034
13,26,False,0.0,16,0.8103663921356201,0.2628340721130371,0.5435327291488647,0.020730603486299515
13,27,False,0.0,16,0.8087215423583984,0.2652421295642853,0.5435969829559326,0.02069094404578209
13,28,False,0.0,16,0.8067153692245483,0.26852476596832275,0.5436426401138306,0.02066313661634922
13,29,False,0.0,16,0.8046602010726929,0.2708338797092438,0.5436288118362427,0.020572684705257416
13,30,True,0.030612245202064514,16,0.8038187026977539,0.27073734998703003,0.5442099571228027,0.02072228491306305
13,31,True,0.08163265138864517,16,0.8005475997924805,0.2714848816394806,0.5447522401809692,0.02073131874203682
13,32,True,0.13265305757522583,16,0.7992069125175476,0.26885873079299927,0.5455836653709412,0.021122127771377563
13,33,True,0.18367347121238708,16,0.8057972192764282,0.2609904706478119,0.5452300310134888,0.02097739465534687
13,34,True,0.23469388484954834,16,0.8075001835823059,0.25908273458480835,0.5451527833938599,0.02092050015926361
13,35,True,0.2857142984867096,16,0.808075487613678,0.258793443441391,0.5448089838027954,0.020770473405718803
13,36,True,0.33673468232154846,16,0.8089304566383362,0.2592257261276245,0.5443860292434692,0.0206340029835701
13,37,True,0.3877550959587097,16,0.8076629638671875,0.26033487915992737,0.5444562435150146,0.020620394498109818
13,38,True,0.43877550959587097,16,0.8081375360488892,0.2598815858364105,0.544365406036377,0.020564693957567215
13,39,True,0.4897959232330322,16,0.8073852062225342,0.2600279450416565,0.5441087484359741,0.02042323164641857
13,40,True,0.5408163070678711,16,0.8072943687438965,0.2595885992050171,0.5446399450302124,0.02067304030060768
13,41,True,0.5918367505073547,16,0.8065736889839172,0.25904107093811035,0.5442785024642944,0.02056036703288555
13,42,True,0.6428571343421936,16,0.8057054877281189,0.25908204913139343,0.5441177487373352,0.02051299251616001
13,43,True,0.6938775777816772,16,0.8067851066589355,0.259072482585907,0.5443059206008911,0.020579062402248383
13,44,True,0.7448979616165161,16,0.8070079684257507,0.2596793472766876,0.5440651178359985,0.020461635664105415
13,45,True,0.795918345451355,16,0.8086901903152466,0.2589694559574127,0.5437617301940918,0.020277196541428566
13,46,True,0.8469387888908386,16,0.8072185516357422,0.25949132442474365,0.5436089634895325,0.02022279053926468
13,47,True,0.8979591727256775,16,0.8090876936912537,0.2581619918346405,0.5431662797927856,0.019988637417554855
13,48,True,0.9489796161651611,16,0.8115328550338745,0.2561766505241394,0.5432236194610596,0.019952086731791496
13,49,True,1.0,16,0.8072094917297363,0.25764861702919006,0.5359624624252319,0.017040813341736794
13,50,True,1.0,16,0.808013916015625,0.2557213604450226,0.5360028743743896,0.017077095806598663
13,51,True,1.0,16,0.808013916015625,0.2557213604450226,0.5360028743743896,0.017077095806598663
13,52,True,1.0,16,0.808013916015625,0.2557213604450226,0.5360028743743896,0.017077095806598663
13,53,True,1.0,16,0.808013916015625,0.2557213604450226,0.5360028743743896,0.017077095806598663
13,54,True,1.0,16,0.808013916015625,0.2557213604450226,0.5360028743743896,0.017077095806598663
13,55,True,1.0,16,0.808013916015625,0.2557213604450226,0.5360028743743896,0.017077095806598663
13,56,True,1.0,16,0.8081576824188232,0.2556307911872864,0.5364818572998047,0.017185084521770477
13,57,True,1.0,16,0.8081533908843994,0.2556641399860382,0.5364871025085449,0.01718478836119175
13,58,True,1.0,16,0.8081591129302979,0.25568634271621704,0.5364891290664673,0.017185859382152557
13,59,True,1.0,16,0.8081374168395996,0.25567901134490967,0.5364871025085449,0.01718532107770443
13,60,True,1.0,16,0.8081480264663696,0.25568443536758423,0.5364863276481628,0.017185509204864502
13,61,True,1.0,16,0.8081437349319458,0.2556830942630768,0.5364866256713867,0.017184972763061523
13,62,True,1.0,16,0.8081374168395996,0.25567999482154846,0.5364863872528076,0.017186207696795464
13,63,True,1.0,16,0.8081409931182861,0.2556813359260559,0.5364866256713867,0.01718638278543949
13,64,True,1.0,16,0.808332085609436,0.2552800476551056,0.5366790294647217,0.01733778975903988
13,65,True,1.0,16,0.8083173036575317,0.2553381621837616,0.5366889238357544,0.01734011247754097
13,66,True,1.0,16,0.8083263039588928,0.25536099076271057,0.5366909503936768,0.01734214462339878
13,67,True,1.0,16,0.8083071112632751,0.2553817331790924,0.5366930365562439,0.01734194904565811
13,68,True,1.0,16,0.8083040118217468,0.2553797662258148,0.536689281463623,0.017342280596494675
13,69,True,1.0,16,0.8082966208457947,0.2553783059120178,0.5366878509521484,0.017341231927275658
13,70,True,1.0,16,0.8082968592643738,0.25538209080696106,0.5366886854171753,0.01734190247952938
13,71,True,1.0,16,0.8082954287528992,0.25537967681884766,0.5366896390914917,0.017342308536171913
13,72,True,1.0,16,0.8085651397705078,0.25494295358657837,0.5366997718811035,0.017455631867051125
13,73,True,1.0,16,0.8085589408874512,0.2549929618835449,0.5367021560668945,0.0174550823867321
13,74,False,0.0,16,0.8025821447372437,0.27153828740119934,0.5473936796188354,0.02225002832710743
13,75,False,0.0,16,0.7952771186828613,0.2754170000553131,0.5476852655410767,0.02233908697962761
13,76,False,0.0,16,0.7945183515548706,0.27530163526535034,0.5478221774101257,0.022379077970981598
13,77,False,0.0,16,0.7940458059310913,0.2754150927066803,0.547882080078125,0.02236047014594078
13,78,False,0.0,16,0.7944298386573792,0.27492663264274597,0.547961950302124,0.022449243813753128
13,79,False,0.0,16,0.7949340343475342,0.27503105998039246,0.5476667881011963,0.022313036024570465
13,80,False,0.0,16,0.7952461242675781,0.2750937044620514,0.5479889512062073,0.022647354751825333
13,81,False,0.0,16,0.7956147193908691,0.27440547943115234,0.5479426383972168,0.02271117828786373
13,82,False,0.0,16,0.7953216433525085,0.27363941073417664,0.5479685664176941,0.022801833227276802
13,83,False,0.0,16,0.795678436756134,0.2735443413257599,0.5479406118392944,0.0228120107203722
13,84,False,0.0,16,0.7961770296096802,0.27353864908218384,0.5477357506752014,0.02276989258825779
13,85,False,0.0,16,0.7950223684310913,0.2740539610385895,0.547696053981781,0.022748490795493126
13,86,False,0.0,16,0.7944296598434448,0.2743256390094757,0.5476422309875488,0.022710077464580536
13,87,False,0.0,16,0.793395459651947,0.27487584948539734,0.5477001667022705,0.02269221469759941
13,88,False,0.0,16,0.794128954410553,0.27440953254699707,0.5481634140014648,0.022878771647810936
13,89,False,0.0,16,0.796302855014801,0.2729884684085846,0.5480456352233887,0.022813666611909866
13,90,False,0.0,16,0.7979739904403687,0.27155858278274536,0.5482012629508972,0.022879905998706818
13,91,False,0.0,16,0.797217607498169,0.2717660069465637,0.5483360290527344,0.022849703207612038
13,92,False,0.0,16,0.7965642809867859,0.27152305841445923,0.548349142074585,0.02280900441110134
13,93,False,0.0,16,0.7960007190704346,0.2716256380081177,0.5485028028488159,0.022857703268527985
13,94,False,0.0,16,0.7968106269836426,0.27184849977493286,0.5484729409217834,0.022853605449199677
13,95,False,0.0,16,0.7972955107688904,0.270776629447937,0.5487231016159058,0.022999074310064316
13,96,False,0.0,16,0.7991350889205933,0.26986029744148254,0.5491846799850464,0.02318001352250576
13,97,False,0.0,16,0.7993621230125427,0.26944097876548767,0.5490264892578125,0.023143092170357704
13,98,False,0.0,16,0.7995197176933289,0.26920050382614136,0.5490597486495972,0.023180987685918808
14,0,False,0.0,0,0.7330359220504761,0.17842882871627808,0.5236082077026367,0.013055802322924137
14,1,False,0.0,1,0.8238089084625244,0.25336405634880066,0.5500768423080444,0.023809241130948067
14,2,False,0.0,2,0.8239298462867737,0.25360316038131714,0.5500293374061584,0.023813612759113312
14,3,False,0.0,3,0.8237036466598511,0.2535731792449951,0.5502139329910278,0.02389911748468876
14,4,False,0.0,4,0.8244255781173706,0.2530903220176697,0.5504041910171509,0.024040721356868744
14,5,False,0.0,5,0.8255795836448669,0.251506507396698,0.5507901906967163,0.024178165942430496
14,6,False,0.0,6,0.8269526362419128,0.2513795495033264,0.5510212182998657,0.02424529939889908
14,7,False,0.0,7,0.8271849155426025,0.25161367654800415,0.5512489080429077,0.024313287809491158
14,8,False,0.0,8,0.8283802270889282,0.2514021694660187,0.5512948036193848,0.024355687201023102
14,9,False,0.0,9,0.8287177085876465,0.25126439332962036,0.5512303709983826,0.024367891252040863
14,10,False,0.0,10,0.828157901763916,0.25184082984924316,0.5513874292373657,0.02445259317755699
14,11,False,0.0,11,0.8274217247962952,0.2525908350944519,0.5513947010040283,0.024446427822113037
14,12,False,0.0,12,0.82813960313797,0.2521662414073944,0.5514376163482666,0.02453797683119774
14,13,False,0.0,13,0.82811439037323,0.2525133192539215,0.5519556999206543,0.024843396618962288
14,14,False,0.0,14,0.8275569677352905,0.25323259830474854,0.5519307851791382,0.02483075112104416
14,15,False,0.0,15,0.826067328453064,0.2538580000400543,0.5519534349441528,0.024870283901691437
14,16,False,0.0,16,0.8262395858764648,0.2536678910255432,0.5520606637001038,0.02496918849647045
14,17,False,0.0,16,0.8252629637718201,0.2540663778781891,0.5521312952041626,0.02498605102300644
14,18,False,0.0,16,0.8244286775588989,0.2543999254703522,0.5519202947616577,0.02494262531399727
14,19,False,0.0,16,0.8238701820373535,0.2548423111438751,0.5518999099731445,0.025010785087943077
14,20,False,0.0,16,0.8234903812408447,0.2549315094947815,0.5519576072692871,0.02500327304005623
14,21,False,0.0,16,0.823104202747345,0.25492921471595764,0.552055299282074,0.025129394605755806
14,22,False,0.0,16,0.8223347663879395,0.2549479901790619,0.5520110130310059,0.02509150095283985
14,23,False,0.0,16,0.821700394153595,0.2554277777671814,0.5521252751350403,0.02512347511947155
14,24,False,0.0,16,0.8207725882530212,0.2559111416339874,0.5522857904434204,0.025152087211608887
14,25,False,0.0,16,0.8192545175552368,0.2569723427295685,0.5518890619277954,0.02493821084499359
14,26,False,0.0,16,0.8167098760604858,0.2582623362541199,0.5520451068878174,0.02495136857032776
14,27,False,0.0,16,0.8149954676628113,0.2593310475349426,0.5522434711456299,0.02504468336701393
14,28,False,0.0,16,0.812970757484436,0.26063162088394165,0.5521993637084961,0.02496548369526863
14,29,False,0.0,16,0.8111990690231323,0.26156532764434814,0.5525121092796326,0.02496247924864292
14,30,False,0.0,16,0.8094185590744019,0.2627272605895996,0.5526962876319885,0.024994900450110435
14,31,False,0.0,16,0.8073488473892212,0.26359793543815613,0.5530507564544678,0.025121750310063362
14,32,False,0.0,16,0.8062611818313599,0.2645041048526764,0.5530902147293091,0.02512545697391033
14,33,True,0.02777777798473835,16,0.8052130937576294,0.2654445171356201,0.5529356002807617,0.02496945671737194
14,34,True,0.07407407462596893,16,0.8040598630905151,0.26627227663993835,0.5529794692993164,0.024903954938054085
14,35,True,0.12037037312984467,16,0.8028813600540161,0.26842305064201355,0.5522201657295227,0.024531766772270203
14,36,True,0.1666666716337204,16,0.8023477792739868,0.2695348560810089,0.5521606802940369,0.024488180875778198
14,37,True,0.21296297013759613,16,0.8017814755439758,0.27012816071510315,0.5520370006561279,0.024302203208208084
14,38,True,0.25925925374031067,16,0.800387442111969,0.2705404460430145,0.5521358251571655,0.0243053175508976
14,39,True,0.3055555522441864,16,0.7993011474609375,0.27102917432785034,0.5520329475402832,0.024241071194410324
14,40,True,0.35185185074806213,16,0.7987059354782104,0.27043816447257996,0.5517381429672241,0.024090241640806198
14,41,True,0.39814814925193787,16,0.7987880110740662,0.26971107721328735,0.5512844324111938,0.02378934435546398
14,42,True,0.4444444477558136,16,0.7985953092575073,0.2697090208530426,0.5518619418144226,0.024068964645266533
14,43,True,0.49074074625968933,16,0.7978248000144958,0.26976731419563293,0.551662802696228,0.02399333193898201
14,44,True,0.5370370149612427,16,0.7971938848495483,0.2680671513080597,0.55153888463974,0.023923134431242943
14,45,True,0.5833333134651184,16,0.7977535724639893,0.26532867550849915,0.5513331890106201,0.023832863196730614
14,46,True,0.6296296119689941,16,0.7983025312423706,0.2617424428462982,0.5513561367988586,0.02383420057594776
14,47,True,0.6759259104728699,16,0.7993066310882568,0.25221768021583557,0.5505801439285278,0.02344089187681675
14,48,True,0.7222222089767456,16,0.7992904782295227,0.24272958934307098,0.5504884719848633,0.023356085643172264
14,49,True,0.7685185074806213,16,0.7944929599761963,0.23345674574375153,0.5498906373977661,0.023075737059116364
14,50,True,0.8148148059844971,16,0.7970069050788879,0.24163928627967834,0.550252377986908,0.0231913011521101
14,51,True,0.8611111044883728,16,0.7647074460983276,0.1978820115327835,0.5497245192527771,0.022954653948545456
14,52,True,0.9074074029922485,16,0.750184178352356,0.18043003976345062,0.548876166343689,0.022441698238253593
14,53,True,0.9537037014961243,16,0.7832214832305908,0.20367160439491272,0.5481188297271729,0.0218077190220356
14,54,True,1.0,16,0.6929219961166382,0.14019544422626495,0.5399767160415649,0.017911577597260475
14,55,True,1.0,16,0.6939218044281006,0.14024977385997772,0.5401746034622192,0.017969777807593346
14,56,True,1.0,16,0.6939218044281006,0.14024977385997772,0.5401746034622192,0.017969777807593346
14,57,True,1.0,16,0.6939218044281006,0.14024977385997772,0.5401746034622192,0.017969777807593346
14,58,True,1.0,16,0.6939218044281006,0.14024977385997772,0.5401746034622192,0.017969777807593346
14,59,True,1.0,16,0.6939218044281006,0.14024977385997772,0.5401746034622192,0.017969777807593346
14,60,True,1.0,16,0.6939218044281006,0.14024977385997772,0.5401746034622192,0.017969777807593346
14,61,True,1.0,16,0.7730423212051392,0.18840716779232025,0.5401064157485962,0.017895860597491264
14,62,True,1.0,16,0.7729063034057617,0.18828247487545013,0.5401086807250977,0.0178966224193573
14,63,True,1.0,16,0.7729010581970215,0.18827039003372192,0.5401097536087036,0.01789615862071514
14,64,True,1.0,16,0.7728586196899414,0.1882316917181015,0.5401091575622559,0.017896022647619247
14,65,True,1.0,16,0.7728278636932373,0.18820032477378845,0.5401092171669006,0.017896661534905434
14,66,True,1.0,16,0.7727934122085571,0.18815594911575317,0.5401084423065186,0.01789715141057968
14,67,True,1.0,16,0.7727698087692261,0.18813465535640717,0.5401087403297424,0.017896106466650963
14,68,True,1.0,16,0.7728115320205688,0.18816685676574707,0.5401087999343872,0.01789635606110096
14,69,True,1.0,16,0.8054505586624146,0.22521282732486725,0.539905309677124,0.017792370170354843
14,70,True,1.0,16,0.8053064942359924,0.22494709491729736,0.5399054884910583,0.017792092636227608
14,71,True,1.0,16,0.8053147196769714,0.22497379779815674,0.5399028658866882,0.017791427671909332
14,72,True,1.0,16,0.8052777647972107,0.22478947043418884,0.5399041771888733,0.01779128983616829
14,73,True,1.0,16,0.805320680141449,0.224989116191864,0.539904773235321,0.01779329404234886
14,74,True,1.0,16,0.8053005337715149,0.22495748102664948,0.5399034023284912,0.017792271450161934
14,75,True,1.0,16,0.8052804470062256,0.22488254308700562,0.5399057865142822,0.017792312428355217
14,76,True,1.0,16,0.8052383065223694,0.22472403943538666,0.5399049520492554,0.017791783437132835
14,77,True,1.0,16,0.8088874816894531,0.2331903725862503,0.5395318865776062,0.01764071360230446
14,78,True,1.0,16,0.8089073896408081,0.2332550287246704,0.5395371317863464,0.017641784623265266
14,79,True,1.0,16,0.8089065551757812,0.23325206339359283,0.5395386219024658,0.0176408514380455
14,80,True,1.0,16,0.8088735342025757,0.23317056894302368,0.5395379066467285,0.017641626298427582
14,81,False,0.0,16,0.8034626841545105,0.27138417959213257,0.5524593591690063,0.024539494886994362
14,82,False,0.0,16,0.79845130443573,0.27229899168014526,0.5525499582290649,0.02458273619413376
14,83,False,0.0,16,0.7963542938232422,0.2736012637615204,0.5527942776679993,0.024708794429898262
14,84,False,0.0,16,0.7951263189315796,0.273917555809021,0.552759051322937,0.024631410837173462
14,85,False,0.0,16,0.7939934730529785,0.27512693405151367,0.5529114007949829,0.024735143408179283
14,86,False,0.0,16,0.7932260632514954,0.2761994004249573,0.5525825619697571,0.024471882730722427
14,87,False,0.0,16,0.79291170835495,0.27669134736061096,0.5527911186218262,0.024527374655008316
14,88,False,0.0,16,0.7924334406852722,0.27732017636299133,0.5528265237808228,0.024523138999938965
14,89,False,0.0,16,0.7912641763687134,0.27778077125549316,0.5529546737670898,0.02454441599547863
14,90,False,0.0,16,0.7915647029876709,0.27762725949287415,0.5531151294708252,0.024648204445838928
14,91,False,0.0,16,0.7920117378234863,0.2779168486595154,0.5529977083206177,0.024704262614250183
14,92,False,0.0,16,0.7929579019546509,0.2779802680015564,0.5524711608886719,0.024489982053637505
14,93,False,0.0,16,0.794816255569458,0.2772713601589203,0.5520191192626953,0.024289952591061592
14,94,False,0.0,16,0.7957174777984619,0.27678877115249634,0.5516021847724915,0.02415178343653679
14,95,False,0.0,16,0.7966760396957397,0.27607253193855286,0.551205039024353,0.02399076521396637
14,96,False,0.0,16,0.7976505756378174,0.27518409490585327,0.5512173175811768,0.024010317400097847
14,97,False,0.0,16,0.798030436038971,0.2748284935951233,0.5512974262237549,0.024077046662569046
14,98,False,0.0,16,0.7979831099510193,0.2747471332550049,0.5511682629585266,0.024009237065911293
14,99,False,0.0,16,0.7981749773025513,0.2745196521282196,0.5511225461959839,0.023994002491235733
14,100,False,0.0,16,0.7981241941452026,0.27432510256767273,0.5511113405227661,0.02400638349354267
14,101,False,0.0,16,0.7973506450653076,0.27486032247543335,0.5510061979293823,0.02388283982872963
14,102,False,0.0,16,0.7969346046447754,0.2750093340873718,0.550861656665802,0.02381209097802639
14,103,False,0.0,16,0.7967230081558228,0.27501001954078674,0.5507529973983765,0.023756274953484535
14,104,False,0.0,16,0.7963675260543823,0.275074303150177,0.5507164001464844,0.023738078773021698
14,105,False,0.0,16,0.7963488101959229,0.27463895082473755,0.550773561000824,0.023739751428365707
14,106,False,0.0,16,0.7964763641357422,0.2740660011768341,0.550834059715271,0.02375669777393341
14,107,False,0.0,16,0.7968656420707703,0.27275151014328003,0.5510181784629822,0.023816578090190887
14,108,False,0.0,16,0.7975270748138428,0.2714168131351471,0.5511682033538818,0.023850079625844955
15,0,False,0.0,0,0.7194325923919678,0.18107305467128754,0.5261111259460449,0.01428139116615057
15,1,False,0.0,1,0.8244051933288574,0.2462979108095169,0.5529760122299194,0.024467235431075096
15,2,False,0.0,2,0.8243029713630676,0.24516130983829498,0.5528302788734436,0.024397308006882668
15,3,False,0.0,3,0.8243124485015869,0.24520212411880493,0.5529100298881531,0.02443389594554901
15,4,False,0.0,4,0.8263069987297058,0.24233554303646088,0.5527281761169434,0.024283571168780327
15,5,False,0.0,5,0.8272380232810974,0.2413707673549652,0.5526138544082642,0.02424771338701248
15,6,False,0.0,6,0.8279380798339844,0.24227501451969147,0.5527358055114746,0.02433420717716217
15,7,False,0.0,7,0.8288582563400269,0.24374310672283173,0.5529195070266724,0.02446180023252964
15,8,False,0.0,8,0.8297969102859497,0.24442754685878754,0.5521469116210938,0.024275025352835655
15,9,False,0.0,9,0.8300154209136963,0.24436907470226288,0.5520876049995422,0.024329235777258873
15,10,False,0.0,10,0.8301145434379578,0.24453814327716827,0.5519483089447021,0.02437661774456501
15,11,False,0.0,11,0.8299713134765625,0.24538585543632507,0.551714301109314,0.024373289197683334
15,12,False,0.0,12,0.8298040628433228,0.24614524841308594,0.5516902208328247,0.024458378553390503
15,13,False,0.0,13,0.8289347887039185,0.2472747415304184,0.5514261722564697,0.024460796266794205
15,14,False,0.0,14,0.8282182812690735,0.2474610060453415,0.5512552261352539,0.02440873347222805
15,15,False,0.0,15,0.8278789520263672,0.24796034395694733,0.5510567426681519,0.024383865296840668
15,16,False,0.0,16,0.8269845843315125,0.24883514642715454,0.5502786636352539,0.024243684485554695
15,17,False,0.0,16,0.8267325162887573,0.2489195317029953,0.5502806901931763,0.02429366484284401
15,18,False,0.0,16,0.8257129788398743,0.24996718764305115,0.5499278903007507,0.02410171926021576
15,19,False,0.0,16,0.8246651887893677,0.2513551712036133,0.5496978759765625,0.023972423747181892
15,20,False,0.0,16,0.8236023187637329,0.2519879639148712,0.5496584177017212,0.023963112384080887
15,21,False,0.0,16,0.8235996961593628,0.2528226971626282,0.5498153567314148,0.02398732863366604
15,22,False,0.0,16,0.8227274417877197,0.25355759263038635,0.5497621893882751,0.02388206124305725
15,23,False,0.0,16,0.8220011591911316,0.25470536947250366,0.5498568415641785,0.02385941706597805
15,24,False,0.0,16,0.8214797973632812,0.2550617456436157,0.5496060252189636,0.023975975811481476
15,25,False,0.0,16,0.8211828470230103,0.25565922260284424,0.5495799779891968,0.02401832677423954
15,26,False,0.0,16,0.8197619915008545,0.2571588158607483,0.5496865510940552,0.024094248190522194
15,27,False,0.0,16,0.8175127506256104,0.25881168246269226,0.54991614818573,0.024201160296797752
15,28,False,0.0,16,0.8141119480133057,0.2614724040031433,0.5503198504447937,0.024307530373334885
15,29,False,0.0,16,0.8116998672485352,0.26321130990982056,0.550566554069519,0.024364948272705078
15,30,False,0.0,16,0.8095889091491699,0.26473504304885864,0.5506685972213745,0.024429332464933395
15,31,False,0.0,16,0.807224452495575,0.26716768741607666,0.5508067011833191,0.024554410949349403
15,32,False,0.0,16,0.8049064874649048,0.2694889008998871,0.5507270097732544,0.0244810301810503
15,33,False,0.0,16,0.8028805255889893,0.27160942554473877,0.550861656665802,0.024558912962675095
15,34,False,0.0,16,0.802125096321106,0.2719057500362396,0.5511981248855591,0.0247663464397192
15,35,False,0.0,16,0.8002011775970459,0.2736361622810364,0.5512195825576782,0.02478153631091118
15,36,False,0.0,16,0.7983130216598511,0.27482879161834717,0.5511746406555176,0.024655194953083992
15,37,False,0.0,16,0.7972097396850586,0.27540522813796997,0.5510786771774292,0.02450459636747837
15,38,False,0.0,16,0.7960242629051208,0.27634742856025696,0.5509443283081055,0.02445325255393982
15,39,False,0.0,16,0.7947858572006226,0.2771519720554352,0.5508795976638794,0.024498846381902695
15,40,False,0.0,16,0.7942293882369995,0.27800875902175903,0.5503246188163757,0.024075573310256004
15,41,False,0.0,16,0.7928022146224976,0.2772166430950165,0.5502623915672302,0.0240088552236557
15,42,False,0.0,16,0.7903639078140259,0.27713850140571594,0.5501391887664795,0.023935656994581223
15,43,False,0.0,16,0.7896169424057007,0.27792853116989136,0.5498558282852173,0.023769676685333252
15,44,False,0.0,16,0.7888343930244446,0.2775014340877533,0.5496470928192139,0.023630203679203987
15,45,False,0.0,16,0.788986086845398,0.27670425176620483,0.5493588447570801,0.0234663188457489
15,46,False,0.0,16,0.7888915538787842,0.27552318572998047,0.5494182109832764,0.023429332301020622
15,47,False,0.0,16,0.7897405624389648,0.27534982562065125,0.5490337610244751,0.0232968982309103
15,48,False,0.0,16,0.790158748626709,0.27501189708709717,0.5489600300788879,0.023049937561154366
15,49,False,0.0,16,0.7891637086868286,0.27450674772262573,0.5489740371704102,0.02301955409348011
15,50,False,0.0,16,0.7893304824829102,0.2740655839443207,0.5488500595092773,0.022938845679163933
15,51,False,0.0,16,0.7903067469596863,0.27376115322113037,0.5490082502365112,0.02302052639424801
15,52,False,0.0,16,0.7906188368797302,0.2733502984046936,0.549236536026001,0.023187998682260513
15,53,False,0.0,16,0.7920560836791992,0.27336135506629944,0.5492514371871948,0.023232944309711456
15,54,False,0.0,16,0.7944906949996948,0.2729174494743347,0.5493854284286499,0.023351963609457016
15,55,False,0.0,16,0.798140823841095,0.27268677949905396,0.549523115158081,0.023442812263965607
15,56,False,0.0,16,0.7994416952133179,0.2732669711112976,0.5498486757278442,0.02344924956560135
15,57,False,0.0,16,0.7998324036598206,0.2732657492160797,0.5501259565353394,0.023582039400935173
15,58,False,0.0,16,0.8005017638206482,0.2731757164001465,0.5501773953437805,0.0236196331679821
15,59,False,0.0,16,0.800626277923584,0.2738425135612488,0.5501461029052734,0.023693280294537544
15,60,False,0.0,16,0.8021227121353149,0.27372971177101135,0.5496471524238586,0.023524049669504166
15,61,False,0.0,16,0.8028187155723572,0.2735978066921234,0.5494780540466309,0.02353219874203205
15,62,False,0.0,16,0.8037513494491577,0.27296656370162964,0.549534797668457,0.0236067958176136
15,63,False,0.0,16,0.804466187953949,0.27218854427337646,0.5496925115585327,0.023656101897358894
15,64,False,0.0,16,0.804887056350708,0.27092862129211426,0.5493720769882202,0.02340075559914112
15,65,False,0.0,16,0.8055422306060791,0.27071958780288696,0.5490666627883911,0.02329206094145775
15,66,False,0.0,16,0.8055681586265564,0.27068325877189636,0.5493463277816772,0.023318994790315628
15,67,False,0.0,16,0.805201530456543,0.2710094451904297,0.5489660501480103,0.02304074540734291
15,68,False,0.0,16,0.8053995370864868,0.2710088789463043,0.5485586524009705,0.022848626598715782
15,69,False,0.0,16,0.8055003881454468,0.27088719606399536,0.5487121343612671,0.022853458300232887
15,70,False,0.0,16,0.8061218857765198,0.2707854211330414,0.5487693548202515,0.02285599336028099
15,71,False,0.0,16,0.8062477111816406,0.27053406834602356,0.5491237640380859,0.022994397208094597
15,72,False,0.0,16,0.8066173791885376,0.27041932940483093,0.5493566989898682,0.022819697856903076
15,73,False,0.0,16,0.8075541257858276,0.2695912718772888,0.5490527153015137,0.022662848234176636
15,74,False,0.0,16,0.8078992366790771,0.2691126763820648,0.5494692325592041,0.022872449830174446
15,75,False,0.0,16,0.8085178732872009,0.2687421441078186,0.5497888326644897,0.02299943007528782
15,76,False,0.0,16,0.8093949556350708,0.2676621973514557,0.5499355792999268,0.02305695228278637
15,77,False,0.0,16,0.81029212474823,0.2664748728275299,0.5500474572181702,0.023044079542160034
15,78,False,0.0,16,0.8110249042510986,0.2648102939128876,0.5495680570602417,0.022846531122922897
15,79,False,0.0,16,0.8106500506401062,0.2646304965019226,0.5495040416717529,0.02276819571852684
15,80,False,0.0,16,0.8105266094207764,0.2643219828605652,0.5497725009918213,0.022701367735862732
15,81,False,0.0,16,0.8111011981964111,0.26354390382766724,0.5497219562530518,0.022747522220015526
15,82,False,0.0,16,0.8120516538619995,0.2632995843887329,0.5497922897338867,0.022787204012274742
15,83,False,0.0,16,0.812456488609314,0.2626867890357971,0.549550473690033,0.022676894441246986
15,84,False,0.0,16,0.8125714063644409,0.26214635372161865,0.5497444868087769,0.02278541959822178
15,85,False,0.0,16,0.8129580020904541,0.2611343264579773,0.5495048761367798,0.022712374106049538
15,86,False,0.0,16,0.8124349117279053,0.26046955585479736,0.5499081611633301,0.02292058989405632
15,87,False,0.0,16,0.8120977878570557,0.26018616557121277,0.5498327612876892,0.022896146401762962
15,88,False,0.0,16,0.8124956488609314,0.26021715998649597,0.5502005815505981,0.0228396225720644
15,89,False,0.0,16,0.8110281229019165,0.26065292954444885,0.5501708984375,0.02285604178905487
15,90,False,0.0,16,0.8098816275596619,0.2615077495574951,0.5502442717552185,0.022890781983733177
15,91,False,0.0,16,0.8086937069892883,0.2623366713523865,0.5502608418464661,0.022872578352689743
15,92,False,0.0,16,0.8081055879592896,0.263467401266098,0.5503596067428589,0.022833015769720078
15,93,False,0.0,16,0.8074135780334473,0.26453468203544617,0.5501744747161865,0.022756552323698997
15,94,False,0.0,16,0.8072357177734375,0.2646116614341736,0.5503138303756714,0.022770477458834648
15,95,False,0.0,16,0.8044388890266418,0.2656301259994507,0.5498136878013611,0.02258131466805935
15,96,False,0.0,16,0.8041035532951355,0.26547756791114807,0.5499508380889893,0.022531356662511826
15,97,False,0.0,16,0.8031274080276489,0.26696377992630005,0.5494417548179626,0.022336801514029503
15,98,False,0.0,16,0.802308976650238,0.26839008927345276,0.5493404865264893,0.02232024259865284
15,99,False,0.0,16,0.8021169900894165,0.2689295709133148,0.5494714975357056,0.022315002977848053
15,100,False,0.0,16,0.802484393119812,0.26996833086013794,0.5491348505020142,0.02220570296049118
15,101,False,0.0,16,0.8026432991027832,0.2702448070049286,0.5493266582489014,0.022282445803284645
15,102,False,0.0,16,0.8029972910881042,0.27094605565071106,0.549098014831543,0.022184068337082863
15,103,False,0.0,16,0.8021743893623352,0.27183830738067627,0.5489118099212646,0.022195646539330482
15,104,False,0.0,16,0.8011640906333923,0.2718687057495117,0.5492783784866333,0.02237335592508316
15,105,False,0.0,16,0.8005281686782837,0.27161046862602234,0.5494464039802551,0.022415734827518463
15,106,False,0.0,16,0.8003079891204834,0.2716214656829834,0.5498690605163574,0.02257961593568325
15,107,False,0.0,16,0.7997570633888245,0.2716987729072571,0.5499232411384583,0.022581055760383606
15,108,False,0.0,16,0.8000392913818359,0.2721550166606903,0.5500159859657288,0.022606588900089264
15,109,False,0.0,16,0.7998529672622681,0.2728634178638458,0.550240159034729,0.022698961198329926
15,110,False,0.0,16,0.799274206161499,0.27291059494018555,0.5498928427696228,0.022616088390350342
15,111,False,0.0,16,0.7988549470901489,0.27268221974372864,0.5498258471488953,0.02263294719159603
15,112,False,0.0,16,0.7989886999130249,0.2723679542541504,0.5498428344726562,0.02275742031633854
15,113,False,0.0,16,0.7991471886634827,0.2720401883125305,0.5501019954681396,0.022882025688886642
15,114,False,0.0,16,0.7990989685058594,0.270749032497406,0.5499821901321411,0.022848602384328842
15,115,False,0.0,16,0.7994493842124939,0.2701687812805176,0.550032377243042,0.022814368829131126
15,116,False,0.0,16,0.7998788356781006,0.27024775743484497,0.5500904321670532,0.022848866879940033
15,117,False,0.0,16,0.7996917963027954,0.27012452483177185,0.5500816702842712,0.02283133566379547
15,118,False,0.0,16,0.7996677756309509,0.2699117362499237,0.5500417351722717,0.02280721440911293
15,119,False,0.0,16,0.8001422882080078,0.26971280574798584,0.5501326322555542,0.02282194420695305
15,120,False,0.0,16,0.7999029159545898,0.2692575454711914,0.5504779815673828,0.0230464655905962
15,121,False,0.0,16,0.7999228239059448,0.2682042121887207,0.5505061149597168,0.023045271635055542
15,122,False,0.0,16,0.800831139087677,0.26677945256233215,0.5506260991096497,0.023060815408825874
15,123,False,0.0,16,0.8010129928588867,0.26619672775268555,0.5508670806884766,0.02314663492143154
16,0,False,0.0,0,0.7535252571105957,0.18322890996932983,0.528529167175293,0.015084496699273586
16,1,False,0.0,1,0.8255138397216797,0.2570541501045227,0.5526483058929443,0.02392839826643467
16,2,False,0.0,2,0.825925886631012,0.2566905617713928,0.552831768989563,0.02398381382226944
16,3,False,0.0,3,0.8264481425285339,0.25636008381843567,0.5529173612594604,0.02400147169828415
16,4,False,0.0,4,0.8266687393188477,0.2562390863895416,0.5526596903800964,0.023876521736383438
16,5,False,0.0,5,0.8264424800872803,0.25639939308166504,0.5528016090393066,0.023907765746116638
16,6,False,0.0,6,0.8252236843109131,0.2569253444671631,0.5526371598243713,0.023836063221096992
16,7,False,0.0,7,0.824172854423523,0.2569441497325897,0.5523972511291504,0.02375882677733898
16,8,False,0.0,8,0.8236325979232788,0.2570333778858185,0.5521421432495117,0.023661721497774124
16,9,False,0.0,9,0.8232128024101257,0.25732067227363586,0.5522463321685791,0.023686472326517105
16,10,False,0.0,10,0.8227399587631226,0.25748252868652344,0.5526489019393921,0.023850074037909508
16,11,False,0.0,11,0.8215105533599854,0.2582765221595764,0.5524730682373047,0.02379942685365677
16,12,False,0.0,12,0.8194960355758667,0.25985124707221985,0.5520337820053101,0.023671017959713936
16,13,False,0.0,13,0.817711353302002,0.26116976141929626,0.5516657829284668,0.023520078510046005
16,14,False,0.0,14,0.8163584470748901,0.26188552379608154,0.551521897315979,0.023444736376404762
16,15,False,0.0,15,0.8157758712768555,0.2625614106655121,0.5517346262931824,0.02353762276470661
16,16,False,0.0,16,0.8144924640655518,0.26330310106277466,0.5517250299453735,0.02358017861843109
16,17,False,0.0,16,0.812725305557251,0.2647733688354492,0.5516283512115479,0.02357371151447296
16,18,False,0.0,16,0.811444103717804,0.2656317949295044,0.5514024496078491,0.023480931296944618
16,19,False,0.0,16,0.8106440305709839,0.266617089509964,0.5512981414794922,0.023446813225746155
16,20,False,0.0,16,0.8097822666168213,0.26716098189353943,0.5509387850761414,0.023483142256736755
16,21,False,0.0,16,0.809314489364624,0.2669832408428192,0.5507252812385559,0.023386245593428612
16,22,False,0.0,16,0.808799684047699,0.26769810914993286,0.5507385730743408,0.02335321344435215
16,23,False,0.0,16,0.808739960193634,0.26836350560188293,0.5508097410202026,0.023338889703154564
16,24,False,0.0,16,0.8085424304008484,0.2683774530887604,0.5511151552200317,0.023471415042877197
16,25,False,0.0,16,0.8079180121421814,0.26886728405952454,0.5514658689498901,0.023581059649586678
16,26,False,0.0,16,0.8078163862228394,0.2689971327781677,0.5514519810676575,0.023550888523459435
16,27,False,0.0,16,0.8082090616226196,0.2687169015407562,0.5522021055221558,0.023852016776800156
16,28,False,0.0,16,0.8084567785263062,0.2684021294116974,0.5522031188011169,0.024146495386958122
16,29,False,0.0,16,0.8079793453216553,0.26889243721961975,0.5521358251571655,0.024071890860795975
16,30,False,0.0,16,0.8069218397140503,0.26967504620552063,0.5523255467414856,0.024122128263115883
16,31,False,0.0,16,0.8056528568267822,0.2710501253604889,0.552361249923706,0.024152204394340515
16,32,False,0.0,16,0.8049455881118774,0.27183887362480164,0.552192747592926,0.024089889600872993
16,33,False,0.0,16,0.8042709231376648,0.2730810344219208,0.5521335601806641,0.02410370483994484
16,34,False,0.0,16,0.8039262294769287,0.2740490138530731,0.5522404909133911,0.02417408861219883
16,35,False,0.0,16,0.8033273220062256,0.27492403984069824,0.5522153973579407,0.024162927642464638
16,36,False,0.0,16,0.801878809928894,0.2768150866031647,0.5520036220550537,0.024428393691778183
16,37,False,0.0,16,0.8010461330413818,0.2776290476322174,0.5517778396606445,0.02431405894458294
16,38,False,0.0,16,0.8013466000556946,0.2774171829223633,0.5514767169952393,0.024178681895136833
16,39,False,0.0,16,0.8012608289718628,0.277324914932251,0.5514457821846008,0.024126814678311348
16,40,False,0.0,16,0.8013526797294617,0.27764374017715454,0.5514841079711914,0.024127967655658722
16,41,False,0.0,16,0.8011704683303833,0.27816149592399597,0.5514386892318726,0.024067332968115807
16,42,False,0.0,16,0.8003566265106201,0.2788058817386627,0.5513293147087097,0.024007020518183708
16,43,False,0.0,16,0.8007122874259949,0.2782416045665741,0.5515626668930054,0.0241325031965971
16,44,False,0.0,16,0.80097496509552,0.27695855498313904,0.551194965839386,0.02434273436665535
16,45,False,0.0,16,0.8001059889793396,0.2772403061389923,0.5509775876998901,0.024290893226861954
16,46,False,0.0,16,0.800498366355896,0.2774471640586853,0.5506488084793091,0.02421034872531891
16,47,False,0.0,16,0.8018420934677124,0.2761121392250061,0.5503759384155273,0.024161646142601967
16,48,False,0.0,16,0.8032445311546326,0.2739774286746979,0.5498937368392944,0.023883884772658348
16,49,False,0.0,16,0.8036656975746155,0.2728442847728729,0.5500012636184692,0.0239122174680233
16,50,False,0.0,16,0.804774284362793,0.27191492915153503,0.5501047968864441,0.023974735289812088
16,51,False,0.0,16,0.8055529594421387,0.2714386582374573,0.5500390529632568,0.023929785937070847
16,52,False,0.0,16,0.8066363334655762,0.27071070671081543,0.5498337149620056,0.024129046127200127
16,53,False,0.0,16,0.8066556453704834,0.2704109847545624,0.5499672293663025,0.024187177419662476
16,54,False,0.0,16,0.8073022365570068,0.2695540487766266,0.550034761428833,0.024183006957173347
16,55,False,0.0,16,0.8087692260742188,0.2687331736087799,0.5500712990760803,0.024192994460463524
16,56,False,0.0,16,0.8108834624290466,0.2671877443790436,0.549884557723999,0.0240713469684124
16,57,False,0.0,16,0.811802864074707,0.26614317297935486,0.5497409105300903,0.023939356207847595
16,58,False,0.0,16,0.8125389814376831,0.2653038799762726,0.5496547818183899,0.023796582594513893
16,59,False,0.0,16,0.813599169254303,0.2646186351776123,0.5497087836265564,0.023820996284484863
16,60,False,0.0,16,0.8146759867668152,0.26379328966140747,0.549160361289978,0.023769918829202652
16,61,False,0.0,16,0.8152611255645752,0.26338809728622437,0.5493535995483398,0.023883013054728508
16,62,False,0.0,16,0.8155165910720825,0.26348966360092163,0.5494611263275146,0.023965902626514435
16,63,False,0.0,16,0.8159712553024292,0.2638084292411804,0.5494488477706909,0.02396407350897789
16,64,False,0.0,16,0.8161641359329224,0.2638203799724579,0.5494418144226074,0.02392725460231304
16,65,False,0.0,16,0.8162559270858765,0.2638273537158966,0.5491287708282471,0.02382492460310459
16,66,False,0.0,16,0.8157052397727966,0.26398032903671265,0.5491765737533569,0.023983972147107124
16,67,False,0.0,16,0.8149174451828003,0.2644349932670593,0.5490410327911377,0.023968307301402092
16,68,False,0.0,16,0.8148694038391113,0.26463496685028076,0.5492134094238281,0.023956939578056335
16,69,False,0.0,16,0.8138685822486877,0.2653973698616028,0.549233615398407,0.02400447241961956
16,70,False,0.0,16,0.8128663897514343,0.26659420132637024,0.5491459965705872,0.02385946549475193
16,71,False,0.0,16,0.8122180700302124,0.26765531301498413,0.5492981672286987,0.023853778839111328
16,72,False,0.0,16,0.8114299774169922,0.2681036591529846,0.5493777990341187,0.02386525832116604
16,73,False,0.0,16,0.8108624815940857,0.26814353466033936,0.5494464635848999,0.023852329701185226
16,74,False,0.0,16,0.8096908926963806,0.2685665786266327,0.548827052116394,0.02356548234820366
16,75,False,0.0,16,0.8086029887199402,0.26905056834220886,0.5488826036453247,0.02363172359764576
16,76,False,0.0,16,0.807045042514801,0.26998525857925415,0.549014687538147,0.023449480533599854
16,77,False,0.0,16,0.8052862882614136,0.2714003622531891,0.5490415096282959,0.02338900975883007
16,78,False,0.0,16,0.8039259910583496,0.2721930742263794,0.5489806532859802,0.023384151980280876
16,79,False,0.0,16,0.8028646111488342,0.27295082807540894,0.5488376021385193,0.02334016188979149
16,80,False,0.0,16,0.8015810251235962,0.27381449937820435,0.5493406653404236,0.023552879691123962
16,81,False,0.0,16,0.8003251552581787,0.2748678922653198,0.549737811088562,0.023689694702625275
16,82,False,0.0,16,0.7987229228019714,0.276074081659317,0.5498748421669006,0.023801984265446663
16,83,False,0.0,16,0.7971015572547913,0.2769470810890198,0.5499476194381714,0.023775892332196236
16,84,False,0.0,16,0.7963621616363525,0.2771260738372803,0.5506777763366699,0.02371128275990486
16,85,False,0.0,16,0.7962396144866943,0.27797093987464905,0.5506058931350708,0.02363523840904236
16,86,False,0.0,16,0.795763373374939,0.2778558135032654,0.5504772663116455,0.023570310324430466
16,87,False,0.0,16,0.7956424355506897,0.2778049111366272,0.5503427982330322,0.02357843890786171
16,88,False,0.0,16,0.796170711517334,0.27756136655807495,0.5501978397369385,0.023608246818184853
16,89,False,0.0,16,0.7971862554550171,0.2772863507270813,0.5506930351257324,0.023890962824225426
16,90,False,0.0,16,0.7986547946929932,0.27691081166267395,0.5505579710006714,0.023920970037579536
16,91,False,0.0,16,0.7995352745056152,0.2765108644962311,0.5502359867095947,0.023829836398363113
16,92,False,0.0,16,0.8015394806861877,0.2751370072364807,0.5507844686508179,0.023543305695056915
16,93,False,0.0,16,0.8030298352241516,0.2740520238876343,0.5507587194442749,0.02354065515100956
16,94,False,0.0,16,0.803737998008728,0.27357637882232666,0.5507981181144714,0.023591089993715286
16,95,False,0.0,16,0.804092526435852,0.27310606837272644,0.550899863243103,0.02363072894513607
16,96,False,0.0,16,0.804779052734375,0.27282366156578064,0.5508689880371094,0.023623738437891006
16,97,False,0.0,16,0.8049356937408447,0.27233269810676575,0.5508524179458618,0.02364780195057392
16,98,False,0.0,16,0.8052430152893066,0.27204224467277527,0.5506259799003601,0.02354743704199791
16,99,False,0.0,16,0.805382251739502,0.27187129855155945,0.5506497621536255,0.023570895195007324
16,100,False,0.0,16,0.8056164979934692,0.2718132734298706,0.5509419441223145,0.02330642193555832
16,101,False,0.0,16,0.8057449460029602,0.2715781033039093,0.5509872436523438,0.023311128839850426
16,102,False,0.0,16,0.8059401512145996,0.27122387290000916,0.5509791374206543,0.023282159119844437
16,103,False,0.0,16,0.8063309192657471,0.2707585096359253,0.5509663820266724,0.02323272079229355
16,104,False,0.0,16,0.8068671822547913,0.26974087953567505,0.5510127544403076,0.02319241128861904
16,105,False,0.0,16,0.8069167733192444,0.2695976793766022,0.5513190627098083,0.023286134004592896
16,106,False,0.0,16,0.8066681623458862,0.2692872881889343,0.5512804985046387,0.023213718086481094
16,107,False,0.0,16,0.8062450885772705,0.2689114809036255,0.5513871908187866,0.023223506286740303
16,108,False,0.0,16,0.8062419891357422,0.26866185665130615,0.5515345931053162,0.02296183817088604
17,0,False,0.0,0,0.7137305736541748,0.17740359902381897,0.525665283203125,0.013294581323862076
17,1,False,0.0,1,0.8227276802062988,0.25619998574256897,0.5530858039855957,0.023580027744174004
17,2,False,0.0,2,0.8230549693107605,0.25599077343940735,0.5530459880828857,0.02354939468204975
17,3,False,0.0,3,0.8231953382492065,0.2557491660118103,0.5530589818954468,0.023549485951662064
17,4,False,0.0,4,0.8246713876724243,0.25499919056892395,0.5529928207397461,0.023526465520262718
17,5,False,0.0,5,0.8249266147613525,0.2550674080848694,0.5529601573944092,0.02351645939052105
17,6,False,0.0,6,0.8260444402694702,0.25451502203941345,0.5528025031089783,0.023454206064343452
17,7,False,0.0,7,0.8265161514282227,0.25431156158447266,0.5523383617401123,0.023225605487823486
17,8,False,0.0,8,0.8271094560623169,0.25409969687461853,0.5523272156715393,0.023187443614006042
17,9,False,0.0,9,0.8278679847717285,0.2533961534500122,0.5524386167526245,0.023251628503203392
17,10,False,0.0,10,0.8278611302375793,0.25336670875549316,0.5526074767112732,0.0233055017888546
17,11,False,0.0,11,0.8275958895683289,0.2540087103843689,0.552718997001648,0.02337552048265934
17,12,False,0.0,12,0.8278659582138062,0.25412118434906006,0.5528112649917603,0.02346213161945343
17,13,False,0.0,13,0.827897310256958,0.2538759410381317,0.5528790950775146,0.023600397631525993
17,14,False,0.0,14,0.8278104066848755,0.25394052267074585,0.552812933921814,0.023659491911530495
17,15,False,0.0,15,0.8285151124000549,0.25340500473976135,0.5525684356689453,0.023662038147449493
17,16,False,0.0,16,0.82867032289505,0.25320979952812195,0.5522940158843994,0.0236175786703825
17,17,False,0.0,16,0.8290686011314392,0.2529045641422272,0.5522037744522095,0.02369757927954197
17,18,False,0.0,16,0.829423189163208,0.2523278594017029,0.5522314310073853,0.02373088151216507
17,19,False,0.0,16,0.8301934003829956,0.2519126236438751,0.5522766709327698,0.023767350241541862
17,20,False,0.0,16,0.8296497464179993,0.2514815330505371,0.5524516105651855,0.023846536874771118
17,21,False,0.0,16,0.8298709392547607,0.2514182925224304,0.552308201789856,0.02379138022661209
17,22,False,0.0,16,0.8299501538276672,0.2513847351074219,0.5520961284637451,0.02379089593887329
17,23,False,0.0,16,0.8297374248504639,0.2516452670097351,0.5518991947174072,0.02373865246772766
17,24,False,0.0,16,0.8292633295059204,0.25204843282699585,0.5517942309379578,0.023706119507551193
17,25,False,0.0,16,0.828742504119873,0.2525783181190491,0.5518538951873779,0.02371540479362011
17,26,False,0.0,16,0.828765869140625,0.2531546652317047,0.5520262718200684,0.023724377155303955
17,27,False,0.0,16,0.8274340629577637,0.2540437579154968,0.5521097183227539,0.023734603077173233
17,28,False,0.0,16,0.8265299797058105,0.25470611453056335,0.5521297454833984,0.02368645928800106
17,29,False,0.0,16,0.8257866501808167,0.255019873380661,0.5523780584335327,0.02373647689819336
17,30,False,0.0,16,0.824691653251648,0.25578007102012634,0.5524075031280518,0.023758282884955406
17,31,False,0.0,16,0.82315993309021,0.2568199038505554,0.552485466003418,0.02388695254921913
17,32,False,0.0,16,0.8212380409240723,0.2576773166656494,0.5527456998825073,0.02407851628959179
17,33,False,0.0,16,0.8199524283409119,0.2582383155822754,0.5529819130897522,0.024229275062680244
17,34,False,0.0,16,0.8171795010566711,0.25931522250175476,0.5533995628356934,0.024370845407247543
17,35,False,0.0,16,0.8161916732788086,0.26042652130126953,0.5535160899162292,0.02440076507627964
17,36,False,0.0,16,0.8143744468688965,0.2622212767601013,0.5538338422775269,0.024548029527068138
17,37,False,0.0,16,0.813008725643158,0.2640937566757202,0.5542765855789185,0.024704284965991974
17,38,False,0.0,16,0.8107543587684631,0.2668495774269104,0.5544075965881348,0.024647144600749016
17,39,False,0.0,16,0.8094912767410278,0.26895371079444885,0.5543016195297241,0.024677541106939316
17,40,False,0.0,16,0.8082793951034546,0.27037617564201355,0.5545134544372559,0.024590257555246353
17,41,False,0.0,16,0.8071509599685669,0.27136412262916565,0.5541789531707764,0.02436540462076664
17,42,False,0.0,16,0.8047669529914856,0.2728406488895416,0.5545916557312012,0.02443763241171837
17,43,False,0.0,16,0.8032658100128174,0.27409037947654724,0.5545098185539246,0.02427540346980095
17,44,False,0.0,16,0.8027618527412415,0.27329450845718384,0.5541596412658691,0.024044577032327652
17,45,False,0.0,16,0.8021771907806396,0.273487389087677,0.5537111759185791,0.02387271076440811
17,46,False,0.0,16,0.8010249137878418,0.274547815322876,0.5534853935241699,0.023815130814909935
17,47,False,0.0,16,0.8008924722671509,0.2745009660720825,0.5535455942153931,0.02397855371236801
17,48,False,0.0,16,0.8010046482086182,0.2741623520851135,0.5534820556640625,0.024004435166716576
17,49,False,0.0,16,0.8016699552536011,0.27304521203041077,0.553386926651001,0.023980000987648964
17,50,False,0.0,16,0.8025118708610535,0.2721012532711029,0.5534822940826416,0.024057654663920403
17,51,False,0.0,16,0.8031760454177856,0.27120253443717957,0.5533257722854614,0.02397608943283558
17,52,False,0.0,16,0.8039619326591492,0.27046555280685425,0.553499698638916,0.023990461602807045
17,53,False,0.0,16,0.8051024675369263,0.26963210105895996,0.5537935495376587,0.024044405668973923
17,54,False,0.0,16,0.8057835102081299,0.2692022919654846,0.5536841154098511,0.02393156848847866
17,55,False,0.0,16,0.8065482378005981,0.2695218622684479,0.5542047023773193,0.02399541810154915
17,56,False,0.0,16,0.8072322607040405,0.27039843797683716,0.5540960431098938,0.02390853688120842
17,57,False,0.0,16,0.8080217242240906,0.27022644877433777,0.5540744066238403,0.02393368072807789
17,58,False,0.0,16,0.8070099353790283,0.2715071737766266,0.5538271069526672,0.02388676628470421
17,59,False,0.0,16,0.8065239191055298,0.2716216444969177,0.5536462068557739,0.023835882544517517
17,60,False,0.0,16,0.8062155246734619,0.2714845538139343,0.5536189079284668,0.023843737319111824
17,61,False,0.0,16,0.8066651225090027,0.27105674147605896,0.5536710023880005,0.02384696714580059
17,62,False,0.0,16,0.806623101234436,0.2713843286037445,0.5536802411079407,0.02387581393122673
17,63,False,0.0,16,0.8070997595787048,0.27149051427841187,0.5543872117996216,0.023877838626503944
17,64,False,0.0,16,0.8078516721725464,0.27169087529182434,0.553956151008606,0.023709017783403397
17,65,False,0.0,16,0.8078255653381348,0.272090345621109,0.5543810129165649,0.023948926478624344
17,66,False,0.0,16,0.8077107667922974,0.2722874581813812,0.5546510219573975,0.02417648769915104
17,67,False,0.0,16,0.8079044222831726,0.27217695116996765,0.5548180341720581,0.024331551045179367
17,68,False,0.0,16,0.8078583478927612,0.2715575397014618,0.5549404621124268,0.024451032280921936
17,69,False,0.0,16,0.8076715469360352,0.27194496989250183,0.5549607872962952,0.02445617876946926
17,70,False,0.0,16,0.8081165552139282,0.27204692363739014,0.5554096102714539,0.02463160827755928
17,71,False,0.0,16,0.8087737560272217,0.27164018154144287,0.556395411491394,0.024862036108970642
17,72,False,0.0,16,0.8089169859886169,0.2713956832885742,0.5565594434738159,0.024941779673099518
17,73,False,0.0,16,0.8088407516479492,0.2715774476528168,0.5565212965011597,0.024878963828086853
17,74,False,0.0,16,0.8095371723175049,0.2707890570163727,0.5564042329788208,0.024859081953763962
17,75,False,0.0,16,0.8095029592514038,0.27062851190567017,0.5559985637664795,0.02464943751692772
17,76,False,0.0,16,0.809547483921051,0.27103301882743835,0.5559425354003906,0.02463715150952339
17,77,False,0.0,16,0.8102880120277405,0.27047789096832275,0.5555114150047302,0.0244574137032032
17,78,False,0.0,16,0.8114825487136841,0.2699258029460907,0.5554625988006592,0.024435240775346756
17,79,False,0.0,16,0.8119112253189087,0.2699488699436188,0.5558419823646545,0.02431010827422142
17,80,False,0.0,16,0.8112074732780457,0.27008169889450073,0.5556781888008118,0.024294933304190636
17,81,False,0.0,16,0.8114585876464844,0.26987650990486145,0.5555435419082642,0.024209260940551758
17,82,False,0.0,16,0.8119238615036011,0.2694191336631775,0.5554307699203491,0.02409873530268669
17,83,False,0.0,16,0.8122904300689697,0.2689180076122284,0.5556386709213257,0.02410373091697693
17,84,False,0.0,16,0.8120107650756836,0.26857873797416687,0.5555770993232727,0.02405458129942417
17,85,False,0.0,16,0.8122536540031433,0.26842209696769714,0.555098831653595,0.023831306025385857
17,86,False,0.0,16,0.8128666281700134,0.2678706645965576,0.5553940534591675,0.023944243788719177
17,87,False,0.0,16,0.8129125833511353,0.26720136404037476,0.5560919642448425,0.02406303770840168
17,88,False,0.0,16,0.8134258985519409,0.2665514647960663,0.55580735206604,0.02392784133553505
17,89,False,0.0,16,0.8137305974960327,0.2661166489124298,0.5555702447891235,0.023834936320781708
17,90,False,0.0,16,0.8139487504959106,0.26603761315345764,0.5556427240371704,0.02387111820280552
17,91,False,0.0,16,0.8143606185913086,0.26568636298179626,0.5555437803268433,0.02381080389022827
17,92,False,0.0,16,0.8146371841430664,0.2655666172504425,0.5556962490081787,0.023920048028230667
17,93,False,0.0,16,0.8154387474060059,0.2653263509273529,0.5557080507278442,0.023951081559062004
17,94,False,0.0,16,0.8152235746383667,0.2656138241291046,0.5557605624198914,0.02398659475147724
17,95,False,0.0,16,0.8157808780670166,0.2656177282333374,0.5563362836837769,0.02411656267940998
17,96,False,0.0,16,0.8160840272903442,0.2658649981021881,0.5563552379608154,0.02414257824420929
17,97,False,0.0,16,0.8163241147994995,0.26582977175712585,0.5563013553619385,0.024154633283615112
17,98,False,0.0,16,0.8165894746780396,0.26575350761413574,0.5559911131858826,0.024040544405579567
17,99,False,0.0,16,0.8167238235473633,0.26590198278427124,0.5561168193817139,0.02410626783967018
17,100,False,0.0,16,0.8162667751312256,0.265590637922287,0.5558795928955078,0.02405758574604988
17,101,False,0.0,16,0.8163986802101135,0.26519373059272766,0.5559718608856201,0.02412741631269455
17,102,False,0.0,16,0.8161131143569946,0.26563164591789246,0.5559968948364258,0.02418762817978859
17,103,False,0.0,16,0.8149387836456299,0.2651561498641968,0.5561786890029907,0.024267947301268578
17,104,False,0.0,16,0.8142870664596558,0.26477164030075073,0.5567988753318787,0.024515727534890175
17,105,False,0.0,16,0.813971996307373,0.26493188738822937,0.5566549301147461,0.024439694359898567
17,106,False,0.0,16,0.8135191202163696,0.26572543382644653,0.5568187236785889,0.024563530460000038
17,107,False,0.0,16,0.812023937702179,0.267436683177948,0.5565523505210876,0.02444629743695259
17,108,False,0.0,16,0.8119176030158997,0.2681453227996826,0.5562716126441956,0.024358712136745453
17,109,False,0.0,16,0.8119512796401978,0.2675696313381195,0.5560779571533203,0.024293484166264534
17,110,False,0.0,16,0.8097761869430542,0.2710164189338684,0.5561113357543945,0.024383440613746643
17,111,False,0.0,16,0.8077232837677002,0.27197980880737305,0.5559242963790894,0.024423746392130852
17,112,False,0.0,16,0.8072892427444458,0.2719384431838989,0.5561038255691528,0.02451356314122677
17,113,False,0.0,16,0.8070021867752075,0.2724739909172058,0.5556772947311401,0.02433859556913376
17,114,False,0.0,16,0.8066926598548889,0.27238526940345764,0.5554487705230713,0.0241621732711792
17,115,False,0.0,16,0.8065164089202881,0.2724245488643646,0.5552084445953369,0.02410752885043621
17,116,False,0.0,16,0.8059029579162598,0.27288416028022766,0.5553016066551208,0.0240151509642601
17,117,False,0.0,16,0.8050916194915771,0.27369454503059387,0.5552315711975098,0.02391807921230793
17,118,False,0.0,16,0.8044965267181396,0.27452653646469116,0.5551774501800537,0.023876162245869637
17,119,False,0.0,16,0.8034282326698303,0.27512210607528687,0.5552276372909546,0.023866822943091393
17,120,False,0.0,16,0.8024479150772095,0.27529239654541016,0.5550284385681152,0.02379560098052025
17,121,False,0.0,16,0.8024083375930786,0.27528515458106995,0.5550239086151123,0.023761872202157974
17,122,False,0.0,16,0.8015714287757874,0.27616459131240845,0.5548713207244873,0.0236835815012455
17,123,False,0.0,16,0.8011108636856079,0.2765999734401703,0.5547676086425781,0.023647552356123924
17,124,False,0.0,16,0.8007365465164185,0.2769615054130554,0.5548332929611206,0.023671137169003487
17,125,False,0.0,16,0.800623893737793,0.2774478793144226,0.5548276305198669,0.02365254983305931
17,126,False,0.0,16,0.8001784682273865,0.2780083119869232,0.5545861721038818,0.02354741096496582
17,127,False,0.0,16,0.7988396883010864,0.27854064106941223,0.5543537139892578,0.023369409143924713
17,128,False,0.0,16,0.7972832918167114,0.2793080508708954,0.554235577583313,0.023337049409747124
17,129,False,0.0,16,0.7954789400100708,0.2794930040836334,0.5539685487747192,0.023267712444067
17,130,False,0.0,16,0.7942453026771545,0.278192937374115,0.5540604591369629,0.023299191147089005
17,131,False,0.0,16,0.7946988940238953,0.2768080234527588,0.5542129874229431,0.023362137377262115
17,132,False,0.0,16,0.7960057258605957,0.2758163511753082,0.5546340942382812,0.023524519056081772
17,133,False,0.0,16,0.7972979545593262,0.2748771011829376,0.5546461343765259,0.02350335754454136
17,134,False,0.0,16,0.7980452179908752,0.2742314338684082,0.5546809434890747,0.023504776880145073
17,135,False,0.0,16,0.7990508079528809,0.27378588914871216,0.5541888475418091,0.02330583706498146
17,136,False,0.0,16,0.8006571531295776,0.27308011054992676,0.5544881820678711,0.02340812422335148
17,137,False,0.0,16,0.8022572994232178,0.2721525728702545,0.554878830909729,0.02352236397564411
17,138,False,0.0,16,0.8035114407539368,0.27131229639053345,0.5552705526351929,0.02366967312991619
17,139,False,0.0,16,0.804182767868042,0.2714467942714691,0.5554348230361938,0.023722898215055466
17,140,False,0.0,16,0.8042569756507874,0.27139222621917725,0.5552123785018921,0.023649850860238075
17,141,False,0.0,16,0.8050224184989929,0.27163559198379517,0.5550848841667175,0.02359728515148163
17,142,False,0.0,16,0.8054108619689941,0.2696859836578369,0.55486661195755,0.023474952206015587
17,143,False,0.0,16,0.806981086730957,0.2680203318595886,0.5544993281364441,0.02322499081492424
18,0,False,0.0,0,0.7255501747131348,0.18098995089530945,0.5295961499214172,0.014558873139321804
18,1,False,0.0,1,0.8251838684082031,0.2567964494228363,0.5544048547744751,0.023826658725738525
18,2,False,0.0,2,0.8260643482208252,0.2565276026725769,0.5543553829193115,0.023819997906684875
18,3,False,0.0,3,0.8283616304397583,0.2555575966835022,0.5544689893722534,0.02384830452501774
18,4,False,0.0,4,0.8291840553283691,0.255180299282074,0.5543661117553711,0.023820864036679268
18,5,False,0.0,5,0.829920768737793,0.2548101246356964,0.5545972585678101,0.023899022489786148
18,6,False,0.0,6,0.8304020166397095,0.25471624732017517,0.554667055606842,0.023983942344784737
18,7,False,0.0,7,0.8304886817932129,0.2547314167022705,0.5545223951339722,0.02389172837138176
18,8,False,0.0,8,0.8303138017654419,0.2544124722480774,0.5542528033256531,0.023833343759179115
18,9,False,0.0,9,0.8302241563796997,0.25419536232948303,0.554052472114563,0.023796141147613525
18,10,False,0.0,10,0.8305922746658325,0.2538558840751648,0.5539124011993408,0.02381831780076027
18,11,False,0.0,11,0.8315463066101074,0.2535116970539093,0.5537358522415161,0.02382322959601879
18,12,False,0.0,12,0.8323177695274353,0.2528015673160553,0.5535687804222107,0.023784691467881203
18,13,False,0.0,13,0.8321048021316528,0.2525539994239807,0.5537073612213135,0.02389204129576683
18,14,False,0.0,14,0.8326702117919922,0.25210657715797424,0.5535998344421387,0.023857446387410164
18,15,False,0.0,15,0.8325881958007812,0.2522645890712738,0.5532715320587158,0.02369118295609951
18,16,False,0.0,16,0.8318377137184143,0.2523777484893799,0.5530615448951721,0.023650413379073143
18,17,False,0.0,16,0.8315825462341309,0.2522457242012024,0.553005576133728,0.023662565276026726
18,18,False,0.0,16,0.831859827041626,0.2524871230125427,0.5531070232391357,0.023707304149866104
18,19,False,0.0,16,0.8311437368392944,0.2530922293663025,0.5533085465431213,0.023806065320968628
18,20,False,0.0,16,0.8296298980712891,0.2540890574455261,0.5534168481826782,0.02382555603981018
18,21,False,0.0,16,0.828380286693573,0.2544783651828766,0.5536273717880249,0.02387324534356594
18,22,False,0.0,16,0.8270460963249207,0.2553124725818634,0.5536379814147949,0.023872869089245796
18,23,False,0.0,16,0.8262963891029358,0.25572875142097473,0.5533524751663208,0.023830538615584373
18,24,False,0.0,16,0.8244096636772156,0.2570272982120514,0.5533297061920166,0.023792995139956474
18,25,False,0.0,16,0.822658896446228,0.25890299677848816,0.5535717606544495,0.02386157028377056
18,26,False,0.0,16,0.8206758499145508,0.2608126401901245,0.5537053942680359,0.023948367685079575
18,27,False,0.0,16,0.8191940784454346,0.2623104453086853,0.5540097951889038,0.02406761609017849
18,28,False,0.0,16,0.8175638318061829,0.2638186514377594,0.5541173815727234,0.0241052508354187
18,29,False,0.0,16,0.8156186938285828,0.26554563641548157,0.5542088150978088,0.02417425438761711
18,30,False,0.0,16,0.8140723705291748,0.26696649193763733,0.5544986724853516,0.02428518235683441
18,31,False,0.0,16,0.8121702671051025,0.2688041627407074,0.5542347431182861,0.024290097877383232
18,32,False,0.0,16,0.810580849647522,0.27008235454559326,0.5549153089523315,0.02449643239378929
18,33,False,0.0,16,0.8090441823005676,0.2715579867362976,0.5551828145980835,0.024499261751770973
18,34,False,0.0,16,0.8076056241989136,0.27271172404289246,0.5553287267684937,0.024559790268540382
18,35,False,0.0,16,0.8062112331390381,0.2730105221271515,0.5549546480178833,0.024348268285393715
18,36,False,0.0,16,0.8062906861305237,0.2723630368709564,0.5547930002212524,0.024242421612143517
18,37,False,0.0,16,0.8060746788978577,0.272644966840744,0.5549754500389099,0.024264797568321228
18,38,False,0.0,16,0.8046117424964905,0.27330201864242554,0.5549108982086182,0.024214116856455803
18,39,False,0.0,16,0.8041555881500244,0.2734017074108124,0.5545240640640259,0.024134522303938866
18,40,False,0.0,16,0.8038870096206665,0.27296578884124756,0.5541748404502869,0.023986510932445526
18,41,False,0.0,16,0.8037072420120239,0.2727321982383728,0.5538699626922607,0.023895643651485443
18,42,False,0.0,16,0.8042019009590149,0.27237942814826965,0.5538604855537415,0.02386477403342724
18,43,False,0.0,16,0.8051173686981201,0.27203598618507385,0.553743302822113,0.02382701262831688
18,44,False,0.0,16,0.8049029111862183,0.2727113366127014,0.5537471771240234,0.02379368245601654
18,45,False,0.0,16,0.8049609065055847,0.2728838622570038,0.5536584258079529,0.023725269362330437
18,46,False,0.0,16,0.804900050163269,0.2732223868370056,0.5535531044006348,0.02366836741566658
18,47,False,0.0,16,0.805152416229248,0.27326926589012146,0.553677499294281,0.023773064836859703
18,48,False,0.0,16,0.8050896525382996,0.2736438512802124,0.5537823438644409,0.02375580370426178
18,49,False,0.0,16,0.8046810626983643,0.27449190616607666,0.5537331104278564,0.023726442828774452
18,50,False,0.0,16,0.8050283789634705,0.27493995428085327,0.5537258386611938,0.023729568347334862
18,51,False,0.0,16,0.8061631917953491,0.2742122709751129,0.5537464618682861,0.023754531517624855
18,52,False,0.0,16,0.8068408370018005,0.2739684283733368,0.5537363290786743,0.023742761462926865
18,53,False,0.0,16,0.8078655004501343,0.2733182907104492,0.5533139705657959,0.023572400212287903
18,54,False,0.0,16,0.8080243468284607,0.2733275592327118,0.5532887578010559,0.023564111441373825
18,55,False,0.0,16,0.8090698719024658,0.2726789712905884,0.5533633232116699,0.023596039041876793
18,56,False,0.0,16,0.8097105026245117,0.2719860374927521,0.5533990859985352,0.02366413176059723
18,57,False,0.0,16,0.8089510798454285,0.27274855971336365,0.5534250736236572,0.0237291157245636
18,58,False,0.0,16,0.8096842765808105,0.27216392755508423,0.5534563064575195,0.023843800649046898
18,59,False,0.0,16,0.8097211122512817,0.2720053195953369,0.553704559803009,0.023994503542780876
18,60,False,0.0,16,0.8096582889556885,0.27177363634109497,0.5536947846412659,0.02399555779993534
18,61,False,0.0,16,0.8098629713058472,0.27189162373542786,0.5539782047271729,0.02409266121685505
18,62,False,0.0,16,0.8092098236083984,0.2725048363208771,0.5543897151947021,0.02431877702474594
18,63,False,0.0,16,0.8092892169952393,0.27267423272132874,0.554789662361145,0.02441542223095894
18,64,False,0.0,16,0.8091362714767456,0.2728220522403717,0.5546433925628662,0.02428778074681759
18,65,False,0.0,16,0.8094728589057922,0.27310416102409363,0.554621696472168,0.02430214174091816
18,66,False,0.0,16,0.8098264932632446,0.27304789423942566,0.5539819002151489,0.024061501026153564
18,67,False,0.0,16,0.8105490207672119,0.2725839912891388,0.5536038875579834,0.02386286109685898
18,68,False,0.0,16,0.8108879327774048,0.27230367064476013,0.5535550117492676,0.023732129484415054
18,69,False,0.0,16,0.8111273050308228,0.2716716527938843,0.5535089373588562,0.02366245910525322
18,70,False,0.0,16,0.8119711875915527,0.27079662680625916,0.553561270236969,0.023653659969568253
18,71,False,0.0,16,0.8127095699310303,0.2705216407775879,0.553637683391571,0.023659667000174522
18,72,False,0.0,16,0.8129017353057861,0.2701888680458069,0.5534971356391907,0.023554328829050064
18,73,False,0.0,16,0.8131327629089355,0.2697991132736206,0.5532728433609009,0.023403501138091087
18,74,False,0.0,16,0.8135604858398438,0.2691448926925659,0.5531203746795654,0.02331211045384407
18,75,False,0.0,16,0.813556432723999,0.2687053382396698,0.5530486702919006,0.023263156414031982
18,76,False,0.0,16,0.8137589693069458,0.2681455612182617,0.5531219244003296,0.02330244705080986
18,77,False,0.0,16,0.8145004510879517,0.26794517040252686,0.5532938838005066,0.023349136114120483
18,78,False,0.0,16,0.8148974180221558,0.26772162318229675,0.5529724955558777,0.023214174434542656
18,79,False,0.0,16,0.8155214786529541,0.26717185974121094,0.5534254312515259,0.02343134768307209
18,80,False,0.0,16,0.8159624338150024,0.2672891318798065,0.5535414218902588,0.023462515324354172
18,81,False,0.0,16,0.8164308667182922,0.2664250433444977,0.5532587766647339,0.023341020569205284
18,82,False,0.0,16,0.8173798322677612,0.26592394709587097,0.553364634513855,0.02339351363480091
18,83,False,0.0,16,0.8178768157958984,0.2655113637447357,0.5533126592636108,0.023420048877596855
18,84,False,0.0,16,0.817898154258728,0.2652505040168762,0.5531454086303711,0.023385632783174515
18,85,False,0.0,16,0.8181361556053162,0.2652216851711273,0.5533087253570557,0.023478282615542412
18,86,False,0.0,16,0.8187686204910278,0.26445066928863525,0.552990734577179,0.023350106552243233
18,87,False,0.0,16,0.8188724517822266,0.26464980840682983,0.5534213781356812,0.023744601756334305
18,88,False,0.0,16,0.818863034248352,0.26487788558006287,0.5533468723297119,0.02372538112103939
18,89,False,0.0,16,0.8182840943336487,0.2650425136089325,0.5534384250640869,0.023782670497894287
18,90,False,0.0,16,0.8175399899482727,0.26480603218078613,0.5538457036018372,0.02399268187582493
18,91,False,0.0,16,0.8179255723953247,0.26465854048728943,0.5536379814147949,0.023906124755740166
18,92,False,0.0,16,0.8173509240150452,0.26460790634155273,0.5537444353103638,0.023968880996108055
18,93,False,0.0,16,0.8172367811203003,0.2644546926021576,0.5538383722305298,0.024021141231060028
18,94,False,0.0,16,0.81703782081604,0.264474481344223,0.5539981126785278,0.02408730983734131
18,95,False,0.0,16,0.8166719675064087,0.26498088240623474,0.5542930960655212,0.024372512474656105
18,96,False,0.0,16,0.8171160817146301,0.2648773491382599,0.5540157556533813,0.02426404133439064
18,97,False,0.0,16,0.8164174556732178,0.26557475328445435,0.5540779829025269,0.024285826832056046
18,98,False,0.0,16,0.8157609701156616,0.2654300630092621,0.5540165901184082,0.024220777675509453
18,99,False,0.0,16,0.8156241774559021,0.2659474015235901,0.5540468096733093,0.024253373965620995
18,100,False,0.0,16,0.8145940899848938,0.2663974463939667,0.5537222623825073,0.02409488707780838
18,101,False,0.0,16,0.8138986825942993,0.2670361399650574,0.5536495447158813,0.024010974913835526
18,102,False,0.0,16,0.8133909106254578,0.26823505759239197,0.553328275680542,0.023863332346081734
18,103,False,0.0,16,0.8126893043518066,0.2686518430709839,0.5537028312683105,0.024193860590457916
18,104,False,0.0,16,0.8113994598388672,0.26981785893440247,0.5539191365242004,0.02422787994146347
18,105,False,0.0,16,0.810389518737793,0.27047407627105713,0.5539693832397461,0.024236351251602173
18,106,False,0.0,16,0.809431254863739,0.27120453119277954,0.5541085004806519,0.024298660457134247
18,107,False,0.0,16,0.8072919845581055,0.27261900901794434,0.5542365312576294,0.024291567504405975
18,108,False,0.0,16,0.8056581020355225,0.2753041088581085,0.5539969205856323,0.0242001973092556
18,109,False,0.0,16,0.804977297782898,0.277312695980072,0.5538114905357361,0.02419610694050789
18,110,False,0.0,16,0.8042269945144653,0.27760934829711914,0.5539718270301819,0.024196648970246315
18,111,False,0.0,16,0.8034179210662842,0.2785634994506836,0.5544869899749756,0.024698449298739433
18,112,False,0.0,16,0.80253005027771,0.27998268604278564,0.5542404651641846,0.024639170616865158
18,113,False,0.0,16,0.80190110206604,0.28009605407714844,0.5542986392974854,0.024657174944877625
18,114,False,0.0,16,0.8015321493148804,0.279930979013443,0.5546150207519531,0.02482607588171959
18,115,False,0.0,16,0.8023797869682312,0.2799129784107208,0.5548936128616333,0.024952054023742676
18,116,False,0.0,16,0.8029996156692505,0.2799482047557831,0.554678201675415,0.02490122802555561
18,117,False,0.0,16,0.8043369054794312,0.2786707580089569,0.5545903444290161,0.02491578832268715
18,118,False,0.0,16,0.8052739500999451,0.27640435099601746,0.5543134808540344,0.02485477551817894
18,119,False,0.0,16,0.80628502368927,0.2750706672668457,0.554397702217102,0.025228556245565414
18,120,False,0.0,16,0.8067996501922607,0.27395668625831604,0.5546281337738037,0.025342248380184174
18,121,False,0.0,16,0.8073074817657471,0.27333202958106995,0.5546137094497681,0.025345157831907272
18,122,False,0.0,16,0.8066571950912476,0.27301254868507385,0.5546109676361084,0.02535664662718773
18,123,False,0.0,16,0.805580735206604,0.27288171648979187,0.554518461227417,0.025304904207587242
18,124,False,0.0,16,0.8052593469619751,0.27190467715263367,0.5543323755264282,0.025176558643579483
18,125,False,0.0,16,0.8046457767486572,0.2719288766384125,0.5542421340942383,0.02511955052614212
18,126,False,0.0,16,0.8043246269226074,0.2722547650337219,0.5539756417274475,0.0249787624925375
18,127,False,0.0,16,0.8047966957092285,0.2730862498283386,0.553818941116333,0.025073818862438202
18,128,False,0.0,16,0.8062464594841003,0.27238398790359497,0.5538114309310913,0.025061393156647682
18,129,False,0.0,16,0.80740886926651,0.27180659770965576,0.5542548894882202,0.02531178668141365
18,130,False,0.0,16,0.8084080219268799,0.27092400193214417,0.554230272769928,0.025342348963022232
18,131,False,0.0,16,0.8083744645118713,0.2710268795490265,0.554579496383667,0.025527942925691605
18,132,False,0.0,16,0.8084036111831665,0.270969420671463,0.5548276901245117,0.025664206594228745
18,133,False,0.0,16,0.8082807064056396,0.27065157890319824,0.5550033450126648,0.025713998824357986
18,134,False,0.0,16,0.8098965883255005,0.26949039101600647,0.5548662543296814,0.0256354883313179
18,135,False,0.0,16,0.8107531070709229,0.2682887613773346,0.5548706650733948,0.025744110345840454
18,136,False,0.0,16,0.8104557991027832,0.2689419984817505,0.5549560189247131,0.025730185210704803
18,137,False,0.0,16,0.8098903894424438,0.269253671169281,0.5550654530525208,0.025741156190633774
18,138,False,0.0,16,0.809403657913208,0.2692711353302002,0.5551794767379761,0.025727659463882446
18,139,False,0.0,16,0.8089991807937622,0.2689136862754822,0.555134654045105,0.02567324787378311
18,140,False,0.0,16,0.8087118864059448,0.26844075322151184,0.5553065538406372,0.025720547884702682
18,141,False,0.0,16,0.8084515333175659,0.26789528131484985,0.555385172367096,0.025718949735164642
18,142,False,0.0,16,0.8085516095161438,0.2674204111099243,0.5552747845649719,0.025687357410788536
18,143,False,0.0,16,0.8086642026901245,0.2669464349746704,0.5554896593093872,0.025784840807318687
18,144,False,0.0,16,0.8091368675231934,0.2667805552482605,0.555081307888031,0.025662118569016457
19,0,False,0.0,0,0.7486764192581177,0.18577219545841217,0.5278302431106567,0.015117218717932701
19,1,False,0.0,1,0.8304437398910522,0.2565901279449463,0.5561100244522095,0.02590627782046795
19,2,False,0.0,2,0.8312411904335022,0.2561262845993042,0.5562289953231812,0.025946753099560738
19,3,False,0.0,3,0.8315271735191345,0.2553340494632721,0.5563775300979614,0.02599126286804676
19,4,False,0.0,4,0.8309590220451355,0.25531598925590515,0.5565022230148315,0.025975393131375313
19,5,False,0.0,5,0.830224871635437,0.25597745180130005,0.5564379692077637,0.025967439636588097
19,6,False,0.0,6,0.8284473419189453,0.2571062445640564,0.5569908022880554,0.02601001411676407
19,7,False,0.0,7,0.8277904987335205,0.25786063075065613,0.5568591356277466,0.02593846060335636
19,8,False,0.0,8,0.8271268010139465,0.25848665833473206,0.5568490028381348,0.025936277583241463
19,9,False,0.0,9,0.8252736926078796,0.2599824070930481,0.5567559003829956,0.025857411324977875
19,10,False,0.0,10,0.8236159086227417,0.26105281710624695,0.556464433670044,0.025708314031362534
19,11,False,0.0,11,0.8217435479164124,0.262225478887558,0.5564653277397156,0.02570401504635811
19,12,False,0.0,12,0.8198239803314209,0.2633991837501526,0.5561765432357788,0.025596465915441513
19,13,False,0.0,13,0.8187087774276733,0.2645282447338104,0.5561891794204712,0.025604208931326866
19,14,False,0.0,14,0.8176069855690002,0.2658979296684265,0.5568029880523682,0.025513602420687675
19,15,False,0.0,15,0.8164018392562866,0.26745522022247314,0.5569157600402832,0.02556946873664856
19,16,False,0.0,16,0.8147517442703247,0.2690783441066742,0.5574055910110474,0.025745047256350517
19,17,False,0.0,16,0.8126819133758545,0.2706415355205536,0.5574318170547485,0.025759637355804443
19,18,False,0.0,16,0.8104571104049683,0.2722657024860382,0.5572900772094727,0.025642791762948036
19,19,False,0.0,16,0.8090672492980957,0.27375027537345886,0.5575143694877625,0.02570817805826664
19,20,False,0.0,16,0.8071937561035156,0.2757274806499481,0.5575278401374817,0.025700686499476433
19,21,False,0.0,16,0.8062834739685059,0.27641046047210693,0.5575515031814575,0.02570619247853756
19,22,False,0.0,16,0.8059641122817993,0.27684393525123596,0.5579341650009155,0.025561904534697533
19,23,False,0.0,16,0.8057793378829956,0.27728453278541565,0.5575752258300781,0.025364236906170845
19,24,False,0.0,16,0.8051361441612244,0.278069406747818,0.5574048757553101,0.025306174531579018
19,25,False,0.0,16,0.8056026697158813,0.27765074372291565,0.5573164820671082,0.025308938696980476
19,26,False,0.0,16,0.8055720329284668,0.27821123600006104,0.5571473836898804,0.025269625708460808
19,27,False,0.0,16,0.8055116534233093,0.27835944294929504,0.5573139190673828,0.02539926767349243
19,28,False,0.0,16,0.8058465123176575,0.2776188254356384,0.557131826877594,0.025337714701890945
19,29,False,0.0,16,0.8062623739242554,0.2772970199584961,0.5570349097251892,0.025351231917738914
19,30,False,0.0,16,0.8060498237609863,0.27808651328086853,0.5571698546409607,0.025173252448439598
19,31,False,0.0,16,0.8056875467300415,0.2782771587371826,0.5572155714035034,0.025177499279379845
19,32,False,0.0,16,0.8054987192153931,0.2782658040523529,0.5573742389678955,0.025226393714547157
19,33,False,0.0,16,0.8053708672523499,0.2779788672924042,0.5574191808700562,0.025228897109627724
19,34,False,0.0,16,0.8056526780128479,0.27739807963371277,0.557537317276001,0.025281712412834167
19,35,False,0.0,16,0.8057852983474731,0.27659329771995544,0.557557225227356,0.025285111740231514
19,36,False,0.0,16,0.8060308694839478,0.27576911449432373,0.5577239990234375,0.02536245994269848
19,37,False,0.0,16,0.8067617416381836,0.2747037708759308,0.5575363636016846,0.02527359500527382
19,38,False,0.0,16,0.8072028160095215,0.27404502034187317,0.5575110912322998,0.025168471038341522
19,39,False,0.0,16,0.807906448841095,0.2729620933532715,0.5575283765792847,0.02516241930425167
19,40,False,0.0,16,0.8087426424026489,0.2718433141708374,0.5573985576629639,0.025163762271404266
19,41,False,0.0,16,0.80973219871521,0.27086135745048523,0.5575164556503296,0.025266019627451897
19,42,False,0.0,16,0.8106335401535034,0.2698014974594116,0.5574959516525269,0.025274736806750298
19,43,False,0.0,16,0.8116024136543274,0.2694641947746277,0.5575176477432251,0.025290874764323235
19,44,False,0.0,16,0.8122472763061523,0.26934245228767395,0.5577298998832703,0.02542239986360073
19,45,False,0.0,16,0.81307053565979,0.26917093992233276,0.5576425790786743,0.02541951835155487
19,46,False,0.0,16,0.8141754269599915,0.26870277523994446,0.5576143264770508,0.025320911779999733
19,47,False,0.0,16,0.8147749900817871,0.2685750722885132,0.5576539039611816,0.025376949459314346
19,48,False,0.0,16,0.8159955739974976,0.2681991457939148,0.5580034255981445,0.02553102746605873
19,49,False,0.0,16,0.8169881105422974,0.2670588791370392,0.5583392977714539,0.02569509856402874
19,50,False,0.0,16,0.818467915058136,0.2658386826515198,0.558385968208313,0.025725115090608597
19,51,False,0.0,16,0.819091796875,0.26503339409828186,0.5583012700080872,0.025689557194709778
19,52,False,0.0,16,0.8198214173316956,0.2642899751663208,0.5580568313598633,0.025584707036614418
19,53,False,0.0,16,0.8206566572189331,0.26378318667411804,0.5575685501098633,0.02536437287926674
19,54,False,0.0,16,0.8214381337165833,0.2632589638233185,0.556713342666626,0.024929039180278778
19,55,False,0.0,16,0.8218958377838135,0.2629958689212799,0.5563691258430481,0.024773400276899338
19,56,False,0.0,16,0.8219523429870605,0.2627819776535034,0.5563642978668213,0.02478073351085186
19,57,False,0.0,16,0.8219397664070129,0.2626882791519165,0.5561543107032776,0.02472113072872162
19,58,False,0.0,16,0.8220088481903076,0.2623082399368286,0.5562008619308472,0.024731416255235672
19,59,False,0.0,16,0.8219990134239197,0.26185837388038635,0.5562940835952759,0.024810226634144783
19,60,False,0.0,16,0.8220089673995972,0.26142993569374084,0.5563094615936279,0.024831894785165787
19,61,False,0.0,16,0.8220381140708923,0.2610768973827362,0.5562609434127808,0.024806516245007515
19,62,False,0.0,16,0.8215347528457642,0.2611239552497864,0.555694580078125,0.024476749822497368
19,63,False,0.0,16,0.820627748966217,0.2611762583255768,0.555794358253479,0.02447880245745182
19,64,False,0.0,16,0.8190896511077881,0.2618435025215149,0.5557959079742432,0.024461504071950912
19,65,False,0.0,16,0.8179755210876465,0.2626800537109375,0.5554648637771606,0.02432919293642044
19,66,False,0.0,16,0.8168615102767944,0.263640433549881,0.5554218888282776,0.02437601611018181
19,67,False,0.0,16,0.8156895637512207,0.2643178105354309,0.555849015712738,0.024590324610471725
19,68,False,0.0,16,0.8149065971374512,0.2647848129272461,0.5556344985961914,0.02444833517074585
19,69,False,0.0,16,0.8135677576065063,0.2658311128616333,0.5554021596908569,0.024278271943330765
19,70,False,0.0,16,0.8126490116119385,0.2666318416595459,0.554936408996582,0.0239403173327446
19,71,False,0.0,16,0.8111467957496643,0.26743438839912415,0.55510413646698,0.023963045328855515
19,72,False,0.0,16,0.8096401691436768,0.26892411708831787,0.5548756122589111,0.023881250992417336
19,73,False,0.0,16,0.8086994290351868,0.27026164531707764,0.5547104477882385,0.02374866232275963
19,74,False,0.0,16,0.8070821166038513,0.27185648679733276,0.5548853874206543,0.023754918947815895
19,75,False,0.0,16,0.8051613569259644,0.2737121880054474,0.555252194404602,0.02389795519411564
19,76,False,0.0,16,0.8030743598937988,0.2764119505882263,0.5553373098373413,0.023978035897016525
19,77,False,0.0,16,0.8023945093154907,0.2770242989063263,0.5559196472167969,0.02414936013519764
19,78,False,0.0,16,0.8023763298988342,0.27679678797721863,0.5560990571975708,0.024074383080005646
19,79,False,0.0,16,0.8024470806121826,0.2770019769668579,0.5560425519943237,0.024050964042544365
19,80,False,0.0,16,0.8027201890945435,0.2773686647415161,0.5561151504516602,0.02411079779267311
19,81,False,0.0,16,0.8024810552597046,0.27780184149742126,0.5563071966171265,0.024134263396263123
19,82,False,0.0,16,0.8025513887405396,0.27759963274002075,0.5562698245048523,0.02410314977169037
19,83,False,0.0,16,0.8025813698768616,0.27713778614997864,0.556228518486023,0.02409256063401699
19,84,False,0.0,16,0.8029709458351135,0.27644696831703186,0.5565263628959656,0.024216044694185257
19,85,False,0.0,16,0.8035292029380798,0.27494749426841736,0.5565382242202759,0.02422676607966423
19,86,False,0.0,16,0.8044435977935791,0.2729021906852722,0.5565544366836548,0.024169476702809334
19,87,False,0.0,16,0.8056303858757019,0.271110862493515,0.5563912391662598,0.02408563904464245
19,88,False,0.0,16,0.8070484399795532,0.26962408423423767,0.5563591718673706,0.024056462571024895
19,89,False,0.0,16,0.807945966720581,0.2690132260322571,0.5563465356826782,0.024056918919086456
19,90,False,0.0,16,0.8090426325798035,0.268392950296402,0.5564662218093872,0.02408568561077118
19,91,False,0.0,16,0.8093885183334351,0.2684604823589325,0.5565720796585083,0.024126410484313965
19,92,False,0.0,16,0.8083025217056274,0.2695004940032959,0.5567135810852051,0.02421361207962036
19,93,False,0.0,16,0.8081700801849365,0.2694997489452362,0.5566179752349854,0.024164335802197456
19,94,False,0.0,16,0.8084187507629395,0.2697906792163849,0.5570348501205444,0.024340789765119553
19,95,False,0.0,16,0.8086534142494202,0.2695552408695221,0.556782066822052,0.02420048601925373
19,96,False,0.0,16,0.8086416721343994,0.2687877416610718,0.5567762851715088,0.024218760430812836
19,97,False,0.0,16,0.8082444667816162,0.26855093240737915,0.5570569038391113,0.024291567504405975
19,98,False,0.0,16,0.807672381401062,0.26818588376045227,0.5571091175079346,0.024335462599992752
19,99,False,0.0,16,0.8074773550033569,0.26794183254241943,0.5573087930679321,0.024446897208690643
19,100,False,0.0,16,0.8076902627944946,0.2676229774951935,0.5571533441543579,0.024407025426626205
20,0,False,0.0,0,0.756911039352417,0.17442545294761658,0.530148983001709,0.015256940387189388
20,1,False,0.0,1,0.8384559750556946,0.2490394115447998,0.5581958889961243,0.024925166741013527
20,2,False,0.0,2,0.8390306234359741,0.24794262647628784,0.5581930875778198,0.024903779849410057
20,3,False,0.0,3,0.8390772342681885,0.24702788889408112,0.55837082862854,0.024932049214839935
20,4,False,0.0,4,0.8378783464431763,0.24729272723197937,0.5584880113601685,0.024951962754130363
20,5,False,0.0,5,0.838034987449646,0.24728189408779144,0.5581907629966736,0.02479889802634716
20,6,False,0.0,6,0.8382168412208557,0.24753279983997345,0.5580447912216187,0.02479073405265808
20,7,False,0.0,7,0.8380554914474487,0.24789388477802277,0.5577646493911743,0.024708859622478485
20,8,False,0.0,8,0.8375304937362671,0.2480815052986145,0.5577100515365601,0.024685299023985863
20,9,False,0.0,9,0.8355807065963745,0.24967919290065765,0.55800461769104,0.024738823994994164
20,10,False,0.0,10,0.8333542943000793,0.25097978115081787,0.5580629110336304,0.02475953847169876
20,11,False,0.0,11,0.8308345079421997,0.25264406204223633,0.5577387809753418,0.024639125913381577
20,12,False,0.0,12,0.828538179397583,0.2542040944099426,0.5575422048568726,0.024590833112597466
20,13,False,0.0,13,0.8253809213638306,0.25605031847953796,0.5575411915779114,0.024611836299300194
20,14,False,0.0,14,0.8227934837341309,0.2572382092475891,0.5574908256530762,0.024626342579722404
20,15,False,0.0,15,0.8211690187454224,0.2576780617237091,0.5570979118347168,0.024547068402171135
20,16,False,0.0,16,0.8191185593605042,0.25934627652168274,0.5563546419143677,0.02431836724281311
20,17,False,0.0,16,0.8178246021270752,0.26142507791519165,0.5569819211959839,0.02462656795978546
20,18,False,0.0,16,0.8170952200889587,0.2638830244541168,0.5571444034576416,0.02472577802836895
20,19,False,0.0,16,0.8161075711250305,0.2658529579639435,0.5569063425064087,0.024604730308055878
20,20,False,0.0,16,0.8147784471511841,0.2674767076969147,0.5575200319290161,0.024723149836063385
20,21,False,0.0,16,0.8129606246948242,0.26931482553482056,0.5572276711463928,0.02452816255390644
20,22,False,0.0,16,0.8117418885231018,0.27045634388923645,0.557415246963501,0.024447457864880562
20,23,False,0.0,16,0.8098068833351135,0.2724514603614807,0.5574256181716919,0.024425741285085678
20,24,False,0.0,16,0.8093278408050537,0.272785484790802,0.5572352409362793,0.024396095424890518
20,25,False,0.0,16,0.8085144758224487,0.27184635400772095,0.5581364631652832,0.024733733385801315
20,26,True,0.0476190485060215,16,0.811420202255249,0.2651953399181366,0.5579150915145874,0.024601759389042854
20,27,True,0.1071428582072258,16,0.8132210969924927,0.2612747848033905,0.5578486919403076,0.024535125121474266
20,28,True,0.1666666716337204,16,0.8126425743103027,0.26216399669647217,0.5582388043403625,0.024670029059052467
20,29,True,0.2261904776096344,16,0.8149665594100952,0.25968068838119507,0.558817982673645,0.024861695244908333
20,30,True,0.2857142984867096,16,0.8173860907554626,0.25600314140319824,0.5580586194992065,0.024744991213083267
20,31,True,0.3452380895614624,16,0.8234978318214417,0.2539898455142975,0.5576637983322144,0.02462083473801613
20,32,True,0.4047619104385376,16,0.8235580921173096,0.2532672584056854,0.5569204688072205,0.024250807240605354
20,33,True,0.4642857015132904,16,0.8222050666809082,0.2540701627731323,0.5576337575912476,0.024700678884983063
20,34,True,0.523809552192688,16,0.821250855922699,0.25489142537117004,0.5573024749755859,0.02450219728052616
20,35,True,0.5833333134651184,16,0.8211617469787598,0.25501778721809387,0.5572817325592041,0.024469949305057526
20,36,True,0.6428571343421936,16,0.8216077089309692,0.2545660138130188,0.556865930557251,0.024285277351737022
20,37,True,0.7023809552192688,16,0.8220064640045166,0.25395527482032776,0.5563254356384277,0.02403205633163452
20,38,True,0.761904776096344,16,0.8216451406478882,0.25362563133239746,0.5556125640869141,0.02372228540480137
20,39,True,0.8214285969734192,16,0.8200985789299011,0.25339871644973755,0.5564027428627014,0.024129590019583702
20,40,True,0.8809523582458496,16,0.8203678727149963,0.2532919645309448,0.5555096864700317,0.023744303733110428
20,41,True,0.9404761791229248,16,0.8212953805923462,0.253100723028183,0.5543678402900696,0.023379744961857796
20,42,True,1.0,16,0.8204903602600098,0.2508821487426758,0.5422755479812622,0.019445503130555153
20,43,True,1.0,16,0.8208246827125549,0.24996165931224823,0.5423356294631958,0.019507016986608505
20,44,True,1.0,16,0.8208246827125549,0.24996165931224823,0.5423356294631958,0.019507016986608505
20,45,True,1.0,16,0.8208246827125549,0.24996165931224823,0.5423356294631958,0.019507016986608505
20,46,True,1.0,16,0.8208246827125549,0.24996165931224823,0.5423356294631958,0.019507016986608505
20,47,True,1.0,16,0.8208246827125549,0.24996165931224823,0.5423356294631958,0.019507016986608505
20,48,True,1.0,16,0.8208246827125549,0.24996165931224823,0.5423356294631958,0.019507016986608505
20,49,True,1.0,16,0.8210107088088989,0.24996623396873474,0.5428783893585205,0.019618699327111244
20,50,True,1.0,16,0.8210074305534363,0.24995066225528717,0.5428775548934937,0.01961999572813511
20,51,True,1.0,16,0.8210174441337585,0.2499532550573349,0.5428774356842041,0.019618986174464226
20,52,True,1.0,16,0.8210307359695435,0.24997283518314362,0.5428762435913086,0.019619159400463104
20,53,True,1.0,16,0.8210228681564331,0.24996477365493774,0.5428759455680847,0.019618913531303406
20,54,True,1.0,16,0.8210265636444092,0.2499709576368332,0.5428775548934937,0.01961936429142952
20,55,True,1.0,16,0.821029782295227,0.2499743402004242,0.5428772568702698,0.01961996965110302
20,56,True,1.0,16,0.8210307359695435,0.2499743402004242,0.5428774356842041,0.019620273262262344
20,57,True,1.0,16,0.8210684657096863,0.2502281665802002,0.5434421896934509,0.01963731087744236
20,58,True,1.0,16,0.8210877776145935,0.2502116560935974,0.5434445142745972,0.019635936245322227
20,59,True,1.0,16,0.8210882544517517,0.25020498037338257,0.5434470176696777,0.01963667944073677
20,60,True,1.0,16,0.821094810962677,0.2502022087574005,0.5434466004371643,0.019637707620859146
20,61,True,1.0,16,0.8210883736610413,0.2502075135707855,0.5434472560882568,0.01963585801422596
20,62,True,1.0,16,0.8210881352424622,0.2502061128616333,0.5434471964836121,0.019636569544672966
20,63,False,0.0,16,0.8110243678092957,0.27232101559638977,0.5590357780456543,0.026169242337346077
20,64,False,0.0,16,0.8089607954025269,0.27244141697883606,0.5599062442779541,0.026507709175348282
20,65,False,0.0,16,0.8094955682754517,0.27198678255081177,0.5607302188873291,0.026961708441376686
20,66,False,0.0,16,0.8100773096084595,0.27138566970825195,0.5609519481658936,0.02705652080476284
20,67,False,0.0,16,0.8102760314941406,0.2707246243953705,0.5608417987823486,0.0270047839730978
20,68,False,0.0,16,0.8105825185775757,0.27069368958473206,0.5609292387962341,0.02705463394522667
20,69,False,0.0,16,0.8109853863716125,0.26950135827064514,0.5610215663909912,0.027074666693806648
20,70,False,0.0,16,0.8115779757499695,0.26854175329208374,0.5612509250640869,0.027226751670241356
20,71,False,0.0,16,0.8127360343933105,0.2668999135494232,0.5610642433166504,0.027141347527503967
20,72,False,0.0,16,0.8138604164123535,0.2653222382068634,0.5608956813812256,0.027079910039901733
20,73,False,0.0,16,0.8142364025115967,0.2647760510444641,0.5614069700241089,0.02724401466548443
20,74,False,0.0,16,0.8141977190971375,0.2643256187438965,0.5610620975494385,0.027070144191384315
20,75,False,0.0,16,0.8140197396278381,0.2646019756793976,0.5607240200042725,0.026981862261891365
20,76,False,0.0,16,0.8131258487701416,0.2663341164588928,0.5609129667282104,0.02699996344745159
20,77,False,0.0,16,0.8128849267959595,0.26694509387016296,0.5606757402420044,0.026873543858528137
20,78,False,0.0,16,0.8123376369476318,0.2674756944179535,0.5607223510742188,0.02687958814203739
20,79,False,0.0,16,0.8119959235191345,0.26754316687583923,0.5609263777732849,0.02691890485584736
20,80,False,0.0,16,0.812063455581665,0.26752933859825134,0.561309814453125,0.027137326076626778
20,81,False,0.0,16,0.8123068809509277,0.26736241579055786,0.5621517896652222,0.027445901185274124
20,82,False,0.0,16,0.8124467134475708,0.267257422208786,0.561993420124054,0.0273787472397089
20,83,False,0.0,16,0.8123108148574829,0.2665468156337738,0.5620254278182983,0.027435816824436188
20,84,False,0.0,16,0.8136197328567505,0.2659919261932373,0.5619971752166748,0.027381980791687965
21,0,False,0.0,0,0.7500287294387817,0.18379414081573486,0.5316029191017151,0.01619790308177471
21,1,False,0.0,1,0.8340794444084167,0.25413358211517334,0.5611777901649475,0.026900896802544594
21,2,False,0.0,2,0.8343412280082703,0.253488689661026,0.5614093542098999,0.027005596086382866
21,3,False,0.0,3,0.8342965841293335,0.25265055894851685,0.5614728927612305,0.027032405138015747
21,4,False,0.0,4,0.834441065788269,0.2522849142551422,0.5623503923416138,0.027292249724268913
21,5,False,0.0,5,0.8343300223350525,0.2522273063659668,0.5623286962509155,0.0272397231310606
21,6,False,0.0,6,0.8345699310302734,0.2521653175354004,0.5625307559967041,0.027292856946587563
21,7,False,0.0,7,0.8346667289733887,0.2524176239967346,0.5624974966049194,0.027232859283685684
21,8,False,0.0,8,0.8350703120231628,0.25255897641181946,0.5622738599777222,0.02715698629617691
21,9,False,0.0,9,0.8358123302459717,0.2522885203361511,0.5623366832733154,0.027177317067980766
21,10,False,0.0,10,0.8353356719017029,0.2523654103279114,0.5621254444122314,0.027074292302131653
21,11,False,0.0,11,0.8354182243347168,0.2525878846645355,0.5621085166931152,0.027068691328167915
21,12,False,0.0,12,0.8355662822723389,0.25207188725471497,0.562279462814331,0.026927514001727104
21,13,False,0.0,13,0.8358545303344727,0.25194478034973145,0.5623866319656372,0.027059590443968773
21,14,False,0.0,14,0.835694432258606,0.25211378931999207,0.5624067783355713,0.027152394875884056
21,15,False,0.0,15,0.8350333571434021,0.25233760476112366,0.5626119375228882,0.027286747470498085
21,16,False,0.0,16,0.8340259194374084,0.25274476408958435,0.562860369682312,0.02743919938802719
21,17,False,0.0,16,0.8338625431060791,0.2527375817298889,0.5627541542053223,0.027371840551495552
21,18,False,0.0,16,0.8331156969070435,0.2530519664287567,0.56303870677948,0.027467181906104088
21,19,False,0.0,16,0.832911491394043,0.25341323018074036,0.562904953956604,0.027499528601765633
21,20,False,0.0,16,0.8322727680206299,0.25413385033607483,0.5628712177276611,0.027193039655685425
21,21,False,0.0,16,0.8321354389190674,0.25442641973495483,0.5627081394195557,0.02710365317761898
21,22,False,0.0,16,0.831384539604187,0.2547800838947296,0.562650203704834,0.027171485126018524
21,23,False,0.0,16,0.8306171894073486,0.2548074424266815,0.562039315700531,0.026895463466644287
21,24,False,0.0,16,0.8290016055107117,0.2552453875541687,0.5618216395378113,0.026741813868284225
21,25,False,0.0,16,0.8267918229103088,0.2565388083457947,0.561634361743927,0.026664935052394867
21,26,False,0.0,16,0.8249647617340088,0.25771984457969666,0.5610288381576538,0.026432670652866364
21,27,False,0.0,16,0.8237442374229431,0.2587822675704956,0.5610229969024658,0.02652621455490589
21,28,False,0.0,16,0.8226240873336792,0.26035478711128235,0.5612072944641113,0.02644456923007965
21,29,False,0.0,16,0.8215459585189819,0.26179417967796326,0.5613603591918945,0.0265013687312603
21,30,False,0.0,16,0.819068431854248,0.2641489803791046,0.5610899925231934,0.026390371844172478
21,31,False,0.0,16,0.8172388076782227,0.2657473087310791,0.5612883567810059,0.026368312537670135
21,32,False,0.0,16,0.8146660923957825,0.2678977847099304,0.5609688758850098,0.02616422437131405
21,33,False,0.0,16,0.812717080116272,0.2700765132904053,0.5605047941207886,0.026004668325185776
21,34,False,0.0,16,0.8114079236984253,0.2714481055736542,0.560340404510498,0.025954999029636383
21,35,False,0.0,16,0.8101595640182495,0.27178826928138733,0.5602646470069885,0.025937234982848167
21,36,False,0.0,16,0.8091177940368652,0.27252742648124695,0.5605320930480957,0.02583394944667816
21,37,False,0.0,16,0.807890772819519,0.2727534770965576,0.5608436465263367,0.025902992114424706
21,38,False,0.0,16,0.8068761229515076,0.27314403653144836,0.5611346960067749,0.02601776272058487
21,39,False,0.0,16,0.8070113658905029,0.2736462950706482,0.5611925721168518,0.026056461036205292
21,40,False,0.0,16,0.8069663047790527,0.2738493084907532,0.5612519383430481,0.02607535757124424
21,41,False,0.0,16,0.8072234392166138,0.27349597215652466,0.5612225532531738,0.02603042684495449
21,42,False,0.0,16,0.8072203993797302,0.27334198355674744,0.5617539882659912,0.026200229302048683
21,43,False,0.0,16,0.8070476055145264,0.27284133434295654,0.5620698928833008,0.026291726157069206
21,44,False,0.0,16,0.8063758611679077,0.2730259895324707,0.5618125200271606,0.026234006509184837
21,45,False,0.0,16,0.8058143258094788,0.27303963899612427,0.5618991851806641,0.026285892352461815
21,46,False,0.0,16,0.8066164255142212,0.2715176045894623,0.5617152452468872,0.026180336251854897
21,47,False,0.0,16,0.8069553375244141,0.27050310373306274,0.5616298913955688,0.026140602305531502
21,48,False,0.0,16,0.8074861764907837,0.27034953236579895,0.5615725517272949,0.026126602664589882
21,49,False,0.0,16,0.8076686263084412,0.27128034830093384,0.56177818775177,0.026233894750475883
21,50,False,0.0,16,0.8078193664550781,0.2719480097293854,0.5617743134498596,0.02625221759080887
21,51,False,0.0,16,0.8084952235221863,0.27065181732177734,0.561872124671936,0.026293544098734856
21,52,False,0.0,16,0.8084707260131836,0.27017876505851746,0.5616682767868042,0.026337100192904472
21,53,False,0.0,16,0.8089904189109802,0.2695809602737427,0.5616990327835083,0.026365337893366814
21,54,False,0.0,16,0.8098016977310181,0.26903921365737915,0.5618201494216919,0.026443783193826675
21,55,False,0.0,16,0.8108711242675781,0.26807278394699097,0.5618462562561035,0.02652372233569622
21,56,False,0.0,16,0.8115456700325012,0.26661330461502075,0.5617339611053467,0.026526503264904022
21,57,False,0.0,16,0.8139833211898804,0.2641189694404602,0.5617567300796509,0.026545332744717598
21,58,False,0.0,16,0.8149237036705017,0.2643176317214966,0.561738133430481,0.026501180604100227
21,59,False,0.0,16,0.813554048538208,0.26489153504371643,0.5616984963417053,0.026488710194826126
21,60,False,0.0,16,0.8146328330039978,0.26455047726631165,0.56110680103302,0.026234440505504608
21,61,False,0.0,16,0.8150590658187866,0.26450788974761963,0.560829758644104,0.026148395612835884
21,62,False,0.0,16,0.8154860138893127,0.26446259021759033,0.5603410601615906,0.025916488841176033
21,63,False,0.0,16,0.8157377243041992,0.26491695642471313,0.5604552626609802,0.02593320980668068
21,64,False,0.0,16,0.8169647455215454,0.2653600573539734,0.5604937672615051,0.025953814387321472
21,65,False,0.0,16,0.8179141283035278,0.2648810148239136,0.5601375102996826,0.02582724019885063
21,66,False,0.0,16,0.8187122941017151,0.26442545652389526,0.5598258972167969,0.025690961629152298
21,67,False,0.0,16,0.818884015083313,0.26449137926101685,0.5597943067550659,0.025710083544254303
21,68,False,0.0,16,0.8192163705825806,0.26448723673820496,0.5594544410705566,0.025755470618605614
21,69,False,0.0,16,0.8186603784561157,0.26458311080932617,0.5597218871116638,0.025889117270708084
21,70,False,0.0,16,0.818572461605072,0.26459598541259766,0.5599126815795898,0.025996524840593338
21,71,False,0.0,16,0.8184011578559875,0.26467788219451904,0.5597295761108398,0.025927845388650894
21,72,False,0.0,16,0.8181066513061523,0.2649170756340027,0.5597953796386719,0.025949489325284958
21,73,False,0.0,16,0.8178215026855469,0.2652871906757355,0.5593194961547852,0.02573285810649395
21,74,False,0.0,16,0.8171124458312988,0.265849769115448,0.5594008564949036,0.02573584020137787
21,75,False,0.0,16,0.816623330116272,0.2659416198730469,0.5593878030776978,0.025677431374788284
21,76,False,0.0,16,0.8161196708679199,0.2663029432296753,0.5585926175117493,0.025488032028079033
21,77,False,0.0,16,0.8149635791778564,0.2674920856952667,0.5591843724250793,0.0257603470236063
21,78,False,0.0,16,0.8135510087013245,0.2698271572589874,0.5594105124473572,0.02586277201771736
21,79,False,0.0,16,0.8121792078018188,0.2715713381767273,0.5597469806671143,0.025934893637895584
21,80,False,0.0,16,0.8102368712425232,0.2736552953720093,0.5596727728843689,0.02589297853410244
21,81,False,0.0,16,0.808474600315094,0.275054931640625,0.5594788789749146,0.025751596316695213
21,82,False,0.0,16,0.8077642917633057,0.27571621537208557,0.560014009475708,0.025955237448215485
21,83,False,0.0,16,0.8071526288986206,0.27647778391838074,0.5605558156967163,0.0262155644595623
21,84,False,0.0,16,0.8071790933609009,0.27676302194595337,0.5604994297027588,0.02634095773100853
21,85,False,0.0,16,0.8072987794876099,0.2761879563331604,0.5606345534324646,0.02640194445848465
21,86,False,0.0,16,0.8076561689376831,0.2754073441028595,0.5607872009277344,0.026519501581788063
21,87,False,0.0,16,0.8077336549758911,0.2744491994380951,0.5610215067863464,0.026638491079211235
21,88,False,0.0,16,0.807975172996521,0.2734147012233734,0.5614219307899475,0.026878997683525085
21,89,False,0.0,16,0.8085063695907593,0.27221065759658813,0.5611811876296997,0.02684660069644451
21,90,False,0.0,16,0.8091884255409241,0.27145588397979736,0.5612048506736755,0.026925744488835335
21,91,False,0.0,16,0.8096821308135986,0.27112793922424316,0.5612436532974243,0.026970060542225838
21,92,False,0.0,16,0.8101310729980469,0.27090683579444885,0.5612775087356567,0.027013566344976425
21,93,False,0.0,16,0.8094037175178528,0.2716456651687622,0.5611029863357544,0.026909610256552696
21,94,False,0.0,16,0.8089969158172607,0.2716718912124634,0.5613237619400024,0.027012629434466362
21,95,False,0.0,16,0.8091152310371399,0.27149251103401184,0.5613486766815186,0.02698552794754505
21,96,False,0.0,16,0.8087312579154968,0.2713509202003479,0.5614829063415527,0.027020176872611046
21,97,False,0.0,16,0.8081915378570557,0.271104633808136,0.5616009831428528,0.027064461261034012
21,98,False,0.0,16,0.80803382396698,0.27125582098960876,0.5614614486694336,0.02699354849755764
21,99,False,0.0,16,0.8076468110084534,0.2715263366699219,0.5613611936569214,0.026945671066641808
21,100,False,0.0,16,0.806970477104187,0.27228426933288574,0.5608436465263367,0.026722576469182968
21,101,False,0.0,16,0.8060513138771057,0.2738090455532074,0.5606309771537781,0.026612266898155212
21,102,False,0.0,16,0.8060353994369507,0.2749146819114685,0.5603097677230835,0.026459040120244026
21,103,False,0.0,16,0.8058757781982422,0.27508699893951416,0.5602288246154785,0.02642417699098587
21,104,False,0.0,16,0.8057506084442139,0.27524977922439575,0.560297966003418,0.02648560330271721
21,105,False,0.0,16,0.8053869009017944,0.2753666341304779,0.5603729486465454,0.026515522971749306
21,106,False,0.0,16,0.8046004176139832,0.27588096261024475,0.5599321126937866,0.02631949633359909
21,107,False,0.0,16,0.8039042949676514,0.2762424945831299,0.5596605539321899,0.026199307292699814
21,108,False,0.0,16,0.803682804107666,0.27603426575660706,0.5593341588973999,0.026061207056045532
21,109,False,0.0,16,0.8035302758216858,0.27591773867607117,0.5593339204788208,0.026070212945342064
21,110,False,0.0,16,0.8040221333503723,0.275763601064682,0.5590436458587646,0.025927076116204262
21,111,False,0.0,16,0.8054280281066895,0.2752581536769867,0.558709979057312,0.025795456022024155
21,112,False,0.0,16,0.8064265847206116,0.27467697858810425,0.5586825609207153,0.025797439739108086
21,113,False,0.0,16,0.8071812391281128,0.2737623155117035,0.558600664138794,0.02576407417654991
21,114,False,0.0,16,0.8081110119819641,0.273057758808136,0.5587450265884399,0.02580786496400833
21,115,False,0.0,16,0.8094174265861511,0.27247434854507446,0.5588935017585754,0.025860605761408806
21,116,False,0.0,16,0.8111242651939392,0.27127182483673096,0.5589470267295837,0.025902369990944862
21,117,False,0.0,16,0.8116959929466248,0.27082398533821106,0.5588341355323792,0.02584272250533104
21,118,False,0.0,16,0.8121315240859985,0.2705363929271698,0.5589890480041504,0.025890618562698364
21,119,False,0.0,16,0.8117369413375854,0.2703911066055298,0.5590565204620361,0.025916293263435364
21,120,False,0.0,16,0.8115882873535156,0.2697981595993042,0.5591747164726257,0.02597018890082836
21,121,False,0.0,16,0.8114222288131714,0.2692546844482422,0.5592938661575317,0.02602587454020977
21,122,False,0.0,16,0.8109911680221558,0.26896318793296814,0.5592256784439087,0.02599472738802433
21,123,False,0.0,16,0.810546338558197,0.2683507800102234,0.5597447156906128,0.026225632056593895
21,124,False,0.0,16,0.8105665445327759,0.2677448093891144,0.5600396394729614,0.02641157992184162
22,0,False,0.0,0,0.7355427742004395,0.19246457517147064,0.5327286720275879,0.016648810356855392
22,1,False,0.0,1,0.8269386291503906,0.2617238461971283,0.5628544688224792,0.026961922645568848
22,2,False,0.0,2,0.8268877267837524,0.2619372606277466,0.5629938840866089,0.02701253443956375
22,3,False,0.0,3,0.8272525072097778,0.2615495026111603,0.56324702501297,0.027129076421260834
22,4,False,0.0,4,0.8275477886199951,0.26110926270484924,0.5632723569869995,0.027161575853824615
22,5,False,0.0,5,0.8277005553245544,0.2611967921257019,0.5633289813995361,0.02718677558004856
22,6,False,0.0,6,0.8276352882385254,0.2609984874725342,0.5633274912834167,0.027206238359212875
22,7,False,0.0,7,0.8274585604667664,0.2608436048030853,0.5634893178939819,0.027260152623057365
22,8,False,0.0,8,0.8272300958633423,0.2612416446208954,0.5635619163513184,0.027316508814692497
22,9,False,0.0,9,0.827257513999939,0.2614508271217346,0.5636512637138367,0.027393674477934837
22,10,False,0.0,10,0.8272597789764404,0.2617126703262329,0.5639462471008301,0.02751994878053665
22,11,False,0.0,11,0.8273853659629822,0.2615167498588562,0.5638265609741211,0.02752106450498104
22,12,False,0.0,12,0.8275302648544312,0.2612634599208832,0.5639803409576416,0.027602341026067734
22,13,False,0.0,13,0.8279438614845276,0.2610723674297333,0.5638710856437683,0.027569767087697983
22,14,False,0.0,14,0.8283116817474365,0.2607825994491577,0.5638262629508972,0.02754257805645466
22,15,False,0.0,15,0.8283593654632568,0.26059162616729736,0.5641971826553345,0.027668632566928864
22,16,False,0.0,16,0.8282277584075928,0.2601286768913269,0.564007043838501,0.02766474336385727
22,17,False,0.0,16,0.8286658525466919,0.2595949172973633,0.5638538599014282,0.02761955000460148
22,18,False,0.0,16,0.82891845703125,0.25977566838264465,0.5638118982315063,0.0275723859667778
22,19,False,0.0,16,0.8289411067962646,0.25966280698776245,0.5634897947311401,0.027422089129686356
22,20,False,0.0,16,0.8282022476196289,0.25963836908340454,0.5634799003601074,0.027423208579421043
22,21,False,0.0,16,0.8280259966850281,0.25988420844078064,0.5633501410484314,0.027336757630109787
22,22,False,0.0,16,0.8274349570274353,0.26045751571655273,0.5634661912918091,0.027362849563360214
22,23,False,0.0,16,0.8271130323410034,0.26140034198760986,0.5639394521713257,0.027377288788557053
22,24,False,0.0,16,0.8265639543533325,0.2617102563381195,0.5639415979385376,0.027351124212145805
22,25,False,0.0,16,0.8255854845046997,0.26150044798851013,0.5637795925140381,0.027231542393565178
22,26,False,0.0,16,0.8250532150268555,0.2626160681247711,0.5638377666473389,0.027226464822888374
22,27,False,0.0,16,0.8243584632873535,0.26257383823394775,0.5638556480407715,0.027172576636075974
22,28,False,0.0,16,0.8236393332481384,0.2631258964538574,0.5638738870620728,0.02716071531176567
22,29,False,0.0,16,0.8222305178642273,0.26337113976478577,0.5639731884002686,0.02719823271036148
22,30,False,0.0,16,0.8207963109016418,0.26350751519203186,0.5639116764068604,0.027122335508465767
22,31,False,0.0,16,0.8208945393562317,0.26411792635917664,0.5650765895843506,0.027331870049238205
22,32,False,0.0,16,0.8216400742530823,0.2637770473957062,0.565569281578064,0.027562236413359642
22,33,True,0.009009009227156639,16,0.8210002183914185,0.2639316916465759,0.565646231174469,0.02758559212088585
22,34,True,0.04545454680919647,16,0.8209704756736755,0.2651173174381256,0.5654283761978149,0.02746381051838398
22,35,True,0.09090909361839294,16,0.8201482892036438,0.2656542658805847,0.5654451847076416,0.02745249681174755
22,36,True,0.13636364042758942,16,0.8192110061645508,0.2658765912055969,0.5654621124267578,0.027475064620375633
22,37,True,0.1818181872367859,16,0.8188804388046265,0.26597416400909424,0.5647318959236145,0.02710888721048832
22,38,True,0.22727273404598236,16,0.8186394572257996,0.2663487195968628,0.5652202367782593,0.027314918115735054
22,39,True,0.27272728085517883,16,0.8178902268409729,0.26648303866386414,0.5659923553466797,0.027439910918474197
22,40,True,0.3181818127632141,16,0.817426323890686,0.26559028029441833,0.5652700662612915,0.0271687600761652
22,41,True,0.3636363744735718,16,0.8175939321517944,0.2649664878845215,0.5648887157440186,0.027041368186473846
22,42,True,0.40909090638160706,16,0.8172500133514404,0.26425793766975403,0.5635899305343628,0.026443712413311005
22,43,True,0.4545454680919647,16,0.8172496557235718,0.2642926275730133,0.5643454790115356,0.026757389307022095
22,44,True,0.5,16,0.8176629543304443,0.2634844183921814,0.5643306374549866,0.026728376746177673
22,45,True,0.5454545617103577,16,0.8163529634475708,0.26521047949790955,0.5649299025535583,0.026943227276206017
22,46,True,0.5909090638160706,16,0.8160326480865479,0.265071302652359,0.5642777681350708,0.026569072157144547
22,47,True,0.6363636255264282,16,0.8160408735275269,0.26553893089294434,0.5639150142669678,0.026348594576120377
22,48,True,0.6818181872367859,16,0.8176151514053345,0.26143550872802734,0.5626630783081055,0.025889098644256592
22,49,True,0.7272727489471436,16,0.8189253807067871,0.2586469054222107,0.5618100166320801,0.025477994233369827
22,50,True,0.7727272510528564,16,0.8208552002906799,0.2559150159358978,0.5617774128913879,0.02543095126748085
22,51,True,0.8181818127632141,16,0.8212829232215881,0.2564428448677063,0.5617419481277466,0.025433342903852463
22,52,True,0.8636363744735718,16,0.8211580514907837,0.25584501028060913,0.5612711906433105,0.025218797847628593
22,53,True,0.9090909361839294,16,0.820756196975708,0.25619643926620483,0.5610483884811401,0.02507035806775093
22,54,True,0.9545454382896423,16,0.8220553398132324,0.25466638803482056,0.5597223043441772,0.024405520409345627
22,55,True,1.0,16,0.8211641311645508,0.2541337013244629,0.5498870611190796,0.020098425447940826
22,56,True,1.0,16,0.8213554620742798,0.2539040446281433,0.5500062704086304,0.020129676908254623
22,57,True,1.0,16,0.8213554620742798,0.2539040446281433,0.5500062704086304,0.020129676908254623
22,58,True,1.0,16,0.8213554620742798,0.2539040446281433,0.5500062704086304,0.020129676908254623
22,59,True,1.0,16,0.8213554620742798,0.2539040446281433,0.5500062704086304,0.020129676908254623
22,60,True,1.0,16,0.8213554620742798,0.2539040446281433,0.5500062704086304,0.020129676908254623
22,61,True,1.0,16,0.8213554620742798,0.2539040446281433,0.5500062704086304,0.020129676908254623
22,62,True,1.0,16,0.8213554620742798,0.2539040446281433,0.5500062704086304,0.020129676908254623
22,63,True,1.0,16,0.8213024139404297,0.25384244322776794,0.5503682494163513,0.020197268575429916
22,64,True,1.0,16,0.8213168382644653,0.25385838747024536,0.550367534160614,0.02019963599741459
22,65,True,1.0,16,0.821317195892334,0.25385284423828125,0.5503712892532349,0.020199723541736603
22,66,True,1.0,16,0.8213133811950684,0.2538490295410156,0.5503736734390259,0.02019825391471386
22,67,True,1.0,16,0.8213145732879639,0.2538488507270813,0.5503734350204468,0.020198959857225418
22,68,True,1.0,16,0.8213143348693848,0.25384947657585144,0.5503742694854736,0.020199382677674294
22,69,True,1.0,16,0.8213188648223877,0.25385284423828125,0.5503740310668945,0.020199444144964218
22,70,True,1.0,16,0.8213186264038086,0.2538529336452484,0.5503743290901184,0.020199283957481384
22,71,True,1.0,16,0.8213826417922974,0.2537217140197754,0.550545871257782,0.02029663324356079
22,72,True,1.0,16,0.8213827610015869,0.25372299551963806,0.5505484342575073,0.020296186208724976
22,73,True,1.0,16,0.8213797807693481,0.2537197172641754,0.5505499839782715,0.0202969778329134
22,74,True,1.0,16,0.8213804960250854,0.25372418761253357,0.5505518317222595,0.0202977005392313
22,75,True,1.0,16,0.8213783502578735,0.2537212073802948,0.5505515933036804,0.02029823139309883
22,76,True,1.0,16,0.8213800191879272,0.25372061133384705,0.5505523085594177,0.020296577364206314
22,77,True,1.0,16,0.8213781118392944,0.2537219226360321,0.5505527257919312,0.020297285169363022
22,78,True,1.0,16,0.8213804960250854,0.253721684217453,0.550552487373352,0.020297450944781303
22,79,True,1.0,16,0.8215082287788391,0.2535882890224457,0.550726056098938,0.020404592156410217
22,80,True,1.0,16,0.8215044140815735,0.2535894513130188,0.5507324934005737,0.020407777279615402
22,81,True,1.0,16,0.8215086460113525,0.2535921633243561,0.550734281539917,0.020406607538461685
22,82,True,1.0,16,0.8215103149414062,0.2535907030105591,0.5507344007492065,0.02040809951722622
22,83,False,0.0,16,0.8209181427955627,0.2646421194076538,0.5685827732086182,0.029018353670835495
22,84,False,0.0,16,0.8192313313484192,0.2643706798553467,0.5681160688400269,0.028813060373067856
22,85,False,0.0,16,0.8190866708755493,0.26549237966537476,0.567863941192627,0.028673620894551277
22,86,False,0.0,16,0.8180019855499268,0.2672145366668701,0.5674917101860046,0.02847185730934143
22,87,False,0.0,16,0.8159732818603516,0.2689555883407593,0.5678972601890564,0.028680242598056793
22,88,False,0.0,16,0.8134678602218628,0.2713553011417389,0.5682045817375183,0.028788987547159195
22,89,False,0.0,16,0.8116536736488342,0.2722572088241577,0.5680935978889465,0.028719939291477203
22,90,False,0.0,16,0.8097525835037231,0.2733913064002991,0.5681837797164917,0.028747888281941414
22,91,False,0.0,16,0.8086885809898376,0.2746245861053467,0.5685619115829468,0.02891545370221138
22,92,False,0.0,16,0.8075733184814453,0.275404155254364,0.5687084197998047,0.028963787481188774
22,93,False,0.0,16,0.8076758980751038,0.2758012115955353,0.5688531994819641,0.029000822454690933
22,94,False,0.0,16,0.8075301051139832,0.2765016257762909,0.568841814994812,0.02904273197054863
22,95,False,0.0,16,0.8075901865959167,0.2767227292060852,0.5685105919837952,0.028803350403904915
22,96,False,0.0,16,0.8079862594604492,0.276194304227829,0.5682650804519653,0.02868516743183136
22,97,False,0.0,16,0.8081945180892944,0.27528831362724304,0.568398118019104,0.028774650767445564
22,98,False,0.0,16,0.8089019060134888,0.27445411682128906,0.5683311223983765,0.028773464262485504
22,99,False,0.0,16,0.8094791173934937,0.2735614478588104,0.567947268486023,0.028621481731534004
22,100,False,0.0,16,0.8105224370956421,0.27237287163734436,0.5677445530891418,0.028550084680318832
22,101,False,0.0,16,0.8110092282295227,0.27101507782936096,0.567827582359314,0.02862386405467987
22,102,False,0.0,16,0.8115963339805603,0.2703242897987366,0.5678237676620483,0.02865166775882244
22,103,False,0.0,16,0.8122712969779968,0.2699669897556305,0.567882776260376,0.028628811240196228
22,104,False,0.0,16,0.8126150965690613,0.2697228491306305,0.5677776336669922,0.028585880994796753
22,105,False,0.0,16,0.813208818435669,0.2689206302165985,0.5677642822265625,0.028573865070939064
22,106,False,0.0,16,0.8135281801223755,0.2677770256996155,0.567958652973175,0.028643272817134857
22,107,False,0.0,16,0.8143845796585083,0.266950786113739,0.5678960680961609,0.02858312427997589
22,108,False,0.0,16,0.8150568008422852,0.26681628823280334,0.5679281949996948,0.0286150723695755
22,109,False,0.0,16,0.8155683875083923,0.266014039516449,0.5678830742835999,0.028573617339134216
22,110,False,0.0,16,0.8168485760688782,0.26503968238830566,0.5677446722984314,0.028513846918940544
23,0,False,0.0,0,0.7481675148010254,0.17620708048343658,0.5345404148101807,0.017084745690226555
23,1,False,0.0,1,0.8333744406700134,0.25514650344848633,0.565794825553894,0.02785065956413746
23,2,False,0.0,2,0.8334063291549683,0.2550768256187439,0.5658085346221924,0.027869341894984245
23,3,False,0.0,3,0.8335102200508118,0.2549794018268585,0.5658419132232666,0.027887361124157906
23,4,False,0.0,4,0.8331996202468872,0.255233496427536,0.5658043622970581,0.02788059413433075
23,5,False,0.0,5,0.8336658477783203,0.2549879252910614,0.5657612085342407,0.02790272794663906
23,6,False,0.0,6,0.8336666822433472,0.2548317015171051,0.5657832026481628,0.02794570103287697
23,7,False,0.0,7,0.8334615230560303,0.2545287013053894,0.5659418106079102,0.02797924168407917
23,8,False,0.0,8,0.8332738876342773,0.2546466886997223,0.5659463405609131,0.02800595946609974
23,9,False,0.0,9,0.8334453105926514,0.25471585988998413,0.5660742521286011,0.028042957186698914
23,10,False,0.0,10,0.8327920436859131,0.2552127540111542,0.5659129619598389,0.027966003865003586
23,11,False,0.0,11,0.8322126865386963,0.2555139660835266,0.5659775733947754,0.02801472693681717
23,12,False,0.0,12,0.8311872482299805,0.25671353936195374,0.5659795999526978,0.028022971004247665
23,13,False,0.0,13,0.832218587398529,0.2571469247341156,0.566429615020752,0.028191225603222847
23,14,False,0.0,14,0.8314779996871948,0.2581711411476135,0.566513180732727,0.0282148327678442
23,15,False,0.0,15,0.8306819200515747,0.25884538888931274,0.5668395757675171,0.028353193774819374
23,16,False,0.0,16,0.8305409550666809,0.2591572105884552,0.5669386386871338,0.02843474969267845
23,17,False,0.0,16,0.8300594091415405,0.25990554690361023,0.5671038627624512,0.028483407571911812
23,18,False,0.0,16,0.828586757183075,0.2605622708797455,0.5666458606719971,0.028314556926488876
23,19,False,0.0,16,0.826448917388916,0.26169708371162415,0.5665845274925232,0.028316078707575798
23,20,False,0.0,16,0.8256078362464905,0.2624325454235077,0.5667246580123901,0.02840280719101429
23,21,False,0.0,16,0.824385404586792,0.2632671594619751,0.5665484666824341,0.02831919677555561
23,22,False,0.0,16,0.82346510887146,0.26435309648513794,0.5663719177246094,0.028262585401535034
23,23,False,0.0,16,0.8229081630706787,0.264896959066391,0.5665683150291443,0.028295235708355904
23,24,False,0.0,16,0.821973443031311,0.26579388976097107,0.5665040016174316,0.028252121061086655
23,25,False,0.0,16,0.8206835389137268,0.2662785053253174,0.5666283369064331,0.028276601806282997
23,26,False,0.0,16,0.8194989562034607,0.2671748399734497,0.5668062567710876,0.02834286540746689
23,27,False,0.0,16,0.818453848361969,0.2680792808532715,0.5670357346534729,0.028434500098228455
23,28,False,0.0,16,0.8175963163375854,0.2683071792125702,0.5671471357345581,0.028459295630455017
23,29,False,0.0,16,0.8168292045593262,0.26895660161972046,0.567226767539978,0.028487470000982285
23,30,False,0.0,16,0.8154915571212769,0.2694050967693329,0.5670625567436218,0.0283626988530159
23,31,False,0.0,16,0.8149120211601257,0.26992619037628174,0.567091166973114,0.028367485851049423
23,32,False,0.0,16,0.8139597177505493,0.2702207863330841,0.5672950744628906,0.0283454991877079
23,33,False,0.0,16,0.8126895427703857,0.2703286409378052,0.566827654838562,0.02820032648742199
23,34,True,0.008771929889917374,16,0.8135213851928711,0.2702212929725647,0.5667241811752319,0.028151318430900574
23,35,True,0.048672568053007126,16,0.8192530274391174,0.26409026980400085,0.5656701326370239,0.027751155197620392
23,36,True,0.09292035549879074,16,0.8174901604652405,0.26351431012153625,0.5648436546325684,0.027313033118844032
23,37,True,0.13716813921928406,16,0.8160536885261536,0.26296553015708923,0.5638515949249268,0.026913050562143326
23,38,True,0.18141593039035797,16,0.8169683218002319,0.26232969760894775,0.563369631767273,0.02678610198199749
23,39,True,0.22566372156143188,16,0.8170633316040039,0.26232945919036865,0.564393162727356,0.027239235118031502
23,40,True,0.2699114978313446,16,0.8167281746864319,0.263285756111145,0.5655888319015503,0.027660910040140152
23,41,True,0.3141593039035797,16,0.8166916966438293,0.2633988559246063,0.5654357671737671,0.027592739090323448
23,42,True,0.35840708017349243,16,0.8169232606887817,0.26333490014076233,0.5651350021362305,0.027453385293483734
23,43,True,0.40265485644340515,16,0.8174164891242981,0.2630070745944977,0.5647310018539429,0.027320126071572304
23,44,True,0.44690266251564026,16,0.8180158138275146,0.26233232021331787,0.565274715423584,0.027545351535081863
23,45,True,0.491150438785553,16,0.8183241486549377,0.26198405027389526,0.5655068755149841,0.02766340970993042
23,46,True,0.5353982448577881,16,0.818596363067627,0.26162686944007874,0.5653010606765747,0.027599189430475235
23,47,True,0.5796459913253784,16,0.8179211616516113,0.2619456648826599,0.5653289556503296,0.027547752484679222
23,48,True,0.6238937973976135,16,0.8182665109634399,0.2623777687549591,0.5656362771987915,0.027408400550484657
23,49,True,0.6681416034698486,16,0.8187105059623718,0.26217883825302124,0.5654376745223999,0.027317598462104797
23,50,True,0.7123894095420837,16,0.8188198804855347,0.2618727385997772,0.5646636486053467,0.0269582848995924
23,51,True,0.7566371560096741,16,0.8185420632362366,0.2614156901836395,0.5644478797912598,0.02687782049179077
23,52,True,0.8008849620819092,16,0.8181286454200745,0.26082706451416016,0.5643408298492432,0.02684280090034008
23,53,True,0.8451327681541443,16,0.8188031911849976,0.25938647985458374,0.5637853145599365,0.02663065679371357
23,54,True,0.8893805146217346,16,0.8187031745910645,0.2579537034034729,0.5630443096160889,0.02629770152270794
23,55,True,0.9336283206939697,16,0.8207448720932007,0.2541092336177826,0.5617167353630066,0.025714978575706482
23,56,True,0.9778761267662048,16,0.8214057683944702,0.2536737620830536,0.5595502853393555,0.024355636909604073
23,57,True,1.0,16,0.8197975158691406,0.25337937474250793,0.5517169237136841,0.021092530339956284
23,58,True,1.0,16,0.8203485012054443,0.2506023049354553,0.5519344210624695,0.021146489307284355
23,59,True,1.0,16,0.8203485012054443,0.2506023049354553,0.5519344210624695,0.021146489307284355
23,60,True,1.0,16,0.8203485012054443,0.2506023049354553,0.5519344210624695,0.021146489307284355
23,61,True,1.0,16,0.8203485012054443,0.2506023049354553,0.5519344210624695,0.021146489307284355
23,62,True,1.0,16,0.8203485012054443,0.2506023049354553,0.5519344210624695,0.021146489307284355
23,63,True,1.0,16,0.8203485012054443,0.2506023049354553,0.5519344210624695,0.021146489307284355
23,64,True,1.0,16,0.8203425407409668,0.25058016180992126,0.5515913963317871,0.02080247551202774
23,65,True,1.0,16,0.8203192949295044,0.2505970299243927,0.5515941381454468,0.020803170278668404
23,66,True,1.0,16,0.820358395576477,0.2505588233470917,0.5515933036804199,0.020801063627004623
23,67,True,1.0,16,0.8203606605529785,0.2505674958229065,0.5515943169593811,0.02080211043357849
23,68,True,1.0,16,0.8203612565994263,0.2505680322647095,0.551596462726593,0.020801978185772896
23,69,True,1.0,16,0.8203638792037964,0.2505689263343811,0.5515955686569214,0.020801516249775887
23,70,True,1.0,16,0.8203616142272949,0.250568687915802,0.5515953302383423,0.02080104500055313
23,71,True,1.0,16,0.8203530311584473,0.2505691945552826,0.5515957474708557,0.020801343023777008
23,72,True,1.0,16,0.8203550577163696,0.2504839599132538,0.5510412454605103,0.020398398861289024
23,73,True,1.0,16,0.8203670978546143,0.2504734694957733,0.5510340332984924,0.020394274964928627
23,74,True,1.0,16,0.8203500509262085,0.25052690505981445,0.5510320067405701,0.020393380895256996
23,75,True,1.0,16,0.8203529119491577,0.2505268454551697,0.5510331988334656,0.020394282415509224
23,76,True,1.0,16,0.8203485012054443,0.25052934885025024,0.5510354042053223,0.020393505692481995
23,77,True,1.0,16,0.8203489780426025,0.2505277097225189,0.5510346293449402,0.020393770188093185
23,78,True,1.0,16,0.820347785949707,0.2505301535129547,0.5510353446006775,0.02039315365254879
23,79,True,1.0,16,0.8203492164611816,0.2505301535129547,0.5510352253913879,0.020393773913383484
23,80,True,1.0,16,0.8205932378768921,0.25052526593208313,0.550337553024292,0.02011653035879135
23,81,True,1.0,16,0.8205821514129639,0.2505258023738861,0.5503420233726501,0.020117195323109627
23,82,True,1.0,16,0.8205769062042236,0.25052860379219055,0.550346851348877,0.020119572058320045
23,83,True,1.0,16,0.8205716609954834,0.2505252957344055,0.5503476858139038,0.020118411630392075
23,84,True,1.0,16,0.8205592632293701,0.25052809715270996,0.550348162651062,0.02011791244149208
23,85,False,0.0,16,0.8176723718643188,0.26902249455451965,0.5663542151451111,0.026644933968782425
23,86,False,0.0,16,0.812059223651886,0.2714216113090515,0.5664408206939697,0.02664976939558983
23,87,False,0.0,16,0.8107684850692749,0.27287986874580383,0.5660194158554077,0.026458987966179848
23,88,False,0.0,16,0.8094905018806458,0.27464234828948975,0.5657974481582642,0.026283493265509605
23,89,False,0.0,16,0.808708667755127,0.27596381306648254,0.56587815284729,0.026370786130428314
23,90,False,0.0,16,0.8085651993751526,0.2770249545574188,0.5659513473510742,0.02646755799651146
23,91,False,0.0,16,0.8083564043045044,0.2781832218170166,0.5667182803153992,0.026752766221761703
23,92,False,0.0,16,0.8075921535491943,0.2795178294181824,0.566756010055542,0.026752805337309837
23,93,False,0.0,16,0.806786298751831,0.28027260303497314,0.5668295621871948,0.026782073080539703
23,94,False,0.0,16,0.8056160807609558,0.28084203600883484,0.5665698051452637,0.02670910768210888
23,95,False,0.0,16,0.8049865961074829,0.28072476387023926,0.5664634704589844,0.026690268889069557
23,96,False,0.0,16,0.8051354885101318,0.2804010212421417,0.5661405324935913,0.026555171236395836
23,97,False,0.0,16,0.8054118156433105,0.2799602150917053,0.5659196972846985,0.02645278349518776
23,98,False,0.0,16,0.8058315515518188,0.27925294637680054,0.5658400058746338,0.026415344327688217
23,99,False,0.0,16,0.8065227270126343,0.2782333791255951,0.5658245086669922,0.02637711726129055
23,100,False,0.0,16,0.8073256015777588,0.27777206897735596,0.5659428834915161,0.026406409218907356
23,101,False,0.0,16,0.8079485893249512,0.2768373489379883,0.5661996603012085,0.026450766250491142
23,102,False,0.0,16,0.8087905645370483,0.27581650018692017,0.5664821267127991,0.026561914011836052
23,103,False,0.0,16,0.8092902302742004,0.275373637676239,0.5664900541305542,0.026572193950414658
23,104,False,0.0,16,0.8103273510932922,0.27377739548683167,0.5658444762229919,0.026358988136053085
23,105,False,0.0,16,0.8112057447433472,0.27264168858528137,0.5658388733863831,0.02635432966053486
23,106,False,0.0,16,0.8118110299110413,0.27204713225364685,0.5657488107681274,0.02631377801299095
23,107,False,0.0,16,0.8121417760848999,0.2713993489742279,0.5657234191894531,0.026304548606276512
23,108,False,0.0,16,0.8122472763061523,0.27098631858825684,0.5655642151832581,0.02624555677175522
23,109,False,0.0,16,0.8125271797180176,0.270751029253006,0.5657424330711365,0.026320716366171837
23,110,False,0.0,16,0.8127284646034241,0.27040478587150574,0.56559157371521,0.026246327906847
23,111,False,0.0,16,0.8129080533981323,0.2701600193977356,0.5654420852661133,0.026194032281637192
23,112,False,0.0,16,0.813143253326416,0.27024126052856445,0.5650441646575928,0.026018962264060974
23,113,False,0.0,16,0.8132511377334595,0.2701472043991089,0.5649864673614502,0.025993017479777336
24,0,False,0.0,0,0.7258920669555664,0.18140575289726257,0.5349690914154053,0.016587737947702408
24,1,False,0.0,1,0.8305790424346924,0.2563919723033905,0.566748857498169,0.026944320648908615
24,2,False,0.0,2,0.8308022022247314,0.25637057423591614,0.5665524005889893,0.026892738416790962
24,3,False,0.0,3,0.8322433233261108,0.25579166412353516,0.5663634538650513,0.026879584416747093
24,4,False,0.0,4,0.8327162861824036,0.25507885217666626,0.5662031173706055,0.026849258691072464
24,5,False,0.0,5,0.8336923122406006,0.25436288118362427,0.5664153695106506,0.02692020870745182
24,6,False,0.0,6,0.8341885209083557,0.2542750835418701,0.5659581422805786,0.026608826592564583
24,7,False,0.0,7,0.8346341848373413,0.2539452016353607,0.5661343932151794,0.026695962995290756
24,8,False,0.0,8,0.8348403573036194,0.2538951337337494,0.5664435625076294,0.02679293230175972
24,9,False,0.0,9,0.8347316980361938,0.2539790868759155,0.566402792930603,0.02676270343363285
24,10,False,0.0,10,0.8345978260040283,0.25374457240104675,0.5663056373596191,0.02675694227218628
24,11,False,0.0,11,0.8349508047103882,0.2533387839794159,0.5663255453109741,0.026827936992049217
24,12,False,0.0,12,0.8355063199996948,0.25292715430259705,0.5662351846694946,0.026853200048208237
24,13,False,0.0,13,0.8363739252090454,0.25246381759643555,0.5662987232208252,0.026914045214653015
24,14,False,0.0,14,0.8363504409790039,0.2527856230735779,0.5656599998474121,0.026612883433699608
24,15,False,0.0,15,0.8363941311836243,0.2531019151210785,0.5653947591781616,0.026531727984547615
24,16,False,0.0,16,0.8357138633728027,0.25329282879829407,0.5653371214866638,0.02652910351753235
24,17,False,0.0,16,0.8357977867126465,0.25306904315948486,0.5652276873588562,0.0264583732932806
24,18,False,0.0,16,0.8357017040252686,0.25351566076278687,0.5650578737258911,0.0264216847717762
24,19,False,0.0,16,0.8354594707489014,0.2541709840297699,0.5646411180496216,0.026281315833330154
24,20,False,0.0,16,0.8348019123077393,0.2547766864299774,0.564507007598877,0.026247577741742134
24,21,False,0.0,16,0.8337404727935791,0.25575175881385803,0.564358651638031,0.026190225034952164
24,22,False,0.0,16,0.8322982788085938,0.2564384639263153,0.5639286041259766,0.025982458144426346
24,23,False,0.0,16,0.8318262696266174,0.2567438781261444,0.5639796257019043,0.02599407359957695
24,24,False,0.0,16,0.831628143787384,0.25652268528938293,0.5643175840377808,0.026108844205737114
24,25,False,0.0,16,0.8310407400131226,0.25636041164398193,0.5640711784362793,0.02610570378601551
24,26,False,0.0,16,0.8303600549697876,0.2563830018043518,0.5643944144248962,0.026039009913802147
24,27,False,0.0,16,0.8291743993759155,0.2570229172706604,0.5648143291473389,0.02613985911011696
24,28,False,0.0,16,0.8284627199172974,0.25779199600219727,0.5652037858963013,0.026328852400183678
24,29,False,0.0,16,0.8281122446060181,0.2589290738105774,0.565609335899353,0.026456424966454506
24,30,False,0.0,16,0.827104926109314,0.26064297556877136,0.5652921795845032,0.02634514681994915
24,31,False,0.0,16,0.8262222409248352,0.2618611454963684,0.5655539035797119,0.026444638147950172
24,32,False,0.0,16,0.8247601389884949,0.2633058726787567,0.5657591223716736,0.026529565453529358
24,33,False,0.0,16,0.8234819173812866,0.26571112871170044,0.5657675862312317,0.026537427678704262
24,34,False,0.0,16,0.8221233487129211,0.2672487795352936,0.56565922498703,0.02646879479289055
24,35,False,0.0,16,0.8208705186843872,0.26929911971092224,0.5656522512435913,0.026529015973210335
24,36,False,0.0,16,0.8185548782348633,0.27110758423805237,0.5650885105133057,0.026256168261170387
24,37,False,0.0,16,0.8169108033180237,0.27203306555747986,0.5651977062225342,0.026236575096845627
24,38,False,0.0,16,0.8153254985809326,0.27308547496795654,0.5654299259185791,0.02637312561273575
24,39,False,0.0,16,0.8134241700172424,0.2741623520851135,0.5653419494628906,0.026276111602783203
24,40,True,0.02671755664050579,16,0.8122596740722656,0.27466776967048645,0.5646287202835083,0.026019137352705002
24,41,True,0.06488549709320068,16,0.811641275882721,0.27326342463493347,0.5644873380661011,0.025733008980751038
24,42,True,0.10305343568325043,16,0.8115829825401306,0.27194440364837646,0.5646879076957703,0.025758666917681694
24,43,True,0.14122137427330017,16,0.8119907379150391,0.27008381485939026,0.5646307468414307,0.025690974667668343
24,44,True,0.17938931286334991,16,0.8122242093086243,0.2690636217594147,0.5639971494674683,0.025379996746778488
24,45,True,0.21755725145339966,16,0.8102205395698547,0.2712761163711548,0.5647455453872681,0.025613851845264435
24,46,True,0.2557252049446106,16,0.8096185922622681,0.27150827646255493,0.5639169216156006,0.025368375703692436
24,47,True,0.29389312863349915,16,0.8096927404403687,0.27078986167907715,0.5635969042778015,0.025241240859031677
24,48,True,0.3320610821247101,16,0.8114036321640015,0.2688199579715729,0.5634485483169556,0.025195365771651268
24,49,True,0.37022900581359863,16,0.8118033409118652,0.26868563890457153,0.5632510185241699,0.025118546560406685
24,50,True,0.40839695930480957,16,0.8110399842262268,0.2683653235435486,0.5627965927124023,0.024787455797195435
24,51,True,0.4465648829936981,16,0.811927318572998,0.26792457699775696,0.562501072883606,0.02468867599964142
24,52,True,0.48473283648490906,16,0.8124421238899231,0.26373013854026794,0.5625237226486206,0.024683363735675812
24,53,True,0.5229007601737976,16,0.8128718137741089,0.2623269557952881,0.5621594190597534,0.024555599316954613
24,54,True,0.5610687136650085,16,0.8132487535476685,0.2597475051879883,0.5615904927253723,0.02436794340610504
24,55,True,0.5992366671562195,16,0.8151894211769104,0.2551766335964203,0.5608944296836853,0.024113895371556282
24,56,True,0.6374045610427856,16,0.8167432546615601,0.25359269976615906,0.5599580407142639,0.023807061836123466
24,57,True,0.6755725145339966,16,0.8185491561889648,0.2525254487991333,0.5598925352096558,0.023803429678082466
24,58,True,0.7137404680252075,16,0.8182491064071655,0.25071945786476135,0.5598816871643066,0.023761751130223274
24,59,True,0.7519084215164185,16,0.8162347078323364,0.2504602372646332,0.5596650838851929,0.023642508313059807
24,60,True,0.7900763154029846,16,0.8167605996131897,0.2495737224817276,0.5596417188644409,0.023617349565029144
24,61,True,0.8282442688941956,16,0.8166003227233887,0.24910062551498413,0.5586473345756531,0.023221276700496674
24,62,True,0.8664122223854065,16,0.8176306486129761,0.24710366129875183,0.5589712262153625,0.023368893191218376
24,63,True,0.9045801758766174,16,0.8177393674850464,0.24653127789497375,0.5588895082473755,0.023304592818021774
24,64,True,0.9427480697631836,16,0.8174844980239868,0.2446591705083847,0.5585612058639526,0.02311544679105282
24,65,True,0.9809160232543945,16,0.819351077079773,0.24592554569244385,0.5568535327911377,0.02231478877365589
24,66,True,1.0,16,0.8191429376602173,0.2435542345046997,0.547490656375885,0.01978609897196293
24,67,True,1.0,16,0.8191452026367188,0.24326282739639282,0.5476013422012329,0.019823038950562477
24,68,True,1.0,16,0.8191452026367188,0.24326282739639282,0.5476013422012329,0.019823038950562477
24,69,True,1.0,16,0.8191452026367188,0.24326282739639282,0.5476013422012329,0.019823038950562477
24,70,True,1.0,16,0.8190230131149292,0.24385538697242737,0.5482054948806763,0.019858792424201965
24,71,True,1.0,16,0.8190063238143921,0.24385468661785126,0.5481996536254883,0.019857309758663177
24,72,True,1.0,16,0.819008469581604,0.24385294318199158,0.5482017993927002,0.01985805667936802
24,73,True,1.0,16,0.8190070390701294,0.2438565045595169,0.5481988191604614,0.019856855273246765
24,74,True,1.0,16,0.8190031051635742,0.243861585855484,0.5482009053230286,0.01985795609652996
24,75,True,1.0,16,0.8190016746520996,0.24386338889598846,0.5481998920440674,0.0198578592389822
24,76,True,1.0,16,0.8190016746520996,0.24385860562324524,0.5481997132301331,0.019857041537761688
24,77,True,1.0,16,0.8190046548843384,0.24385397136211395,0.5482000112533569,0.019856879487633705
24,78,True,1.0,16,0.8189935684204102,0.2449297308921814,0.5487005710601807,0.0198888648301363
24,79,True,1.0,16,0.8190004825592041,0.24493663012981415,0.5486980080604553,0.019888248294591904
24,80,True,1.0,16,0.8190004825592041,0.24494041502475739,0.5486979484558105,0.019886797294020653
24,81,True,1.0,16,0.8190016746520996,0.2449413537979126,0.5486969947814941,0.019888173788785934
24,82,True,1.0,16,0.8189990520477295,0.24493639171123505,0.5486963987350464,0.019887439906597137
24,83,True,1.0,16,0.8190004825592041,0.24493829905986786,0.5486968755722046,0.019887443631887436
24,84,True,1.0,16,0.8189997673034668,0.24493807554244995,0.548697829246521,0.01988728530704975
24,85,True,1.0,16,0.8190009593963623,0.24493657052516937,0.5486975908279419,0.01988757587969303
24,86,True,1.0,16,0.8189957141876221,0.24553020298480988,0.5486983060836792,0.019936474040150642
24,87,True,1.0,16,0.8189899921417236,0.24552017450332642,0.5486965179443359,0.01993582770228386
24,88,True,1.0,16,0.8189717531204224,0.24558261036872864,0.5486978888511658,0.01993742026388645
24,89,True,1.0,16,0.8189918994903564,0.24552655220031738,0.5486962795257568,0.019934989511966705
24,90,True,1.0,16,0.8189715147018433,0.24562563002109528,0.5486969947814941,0.019934937357902527
24,91,True,1.0,16,0.8189883232116699,0.24553163349628448,0.5486987233161926,0.019937822595238686
24,92,True,1.0,16,0.8189868927001953,0.24553517997264862,0.548698902130127,0.019937321543693542
24,93,True,1.0,16,0.8189876079559326,0.24553599953651428,0.5486987233161926,0.019937682896852493
24,94,True,1.0,16,0.8191636204719543,0.24618811905384064,0.5484068393707275,0.01991010643541813
24,95,True,1.0,16,0.8191484808921814,0.24619236588478088,0.5484054088592529,0.019910668954253197
24,96,True,1.0,16,0.8191453814506531,0.2462039291858673,0.5484048128128052,0.019910598173737526
24,97,True,1.0,16,0.8191414475440979,0.24619483947753906,0.5484059453010559,0.019912701100111008
24,98,True,1.0,16,0.8191373944282532,0.24619705975055695,0.5484054088592529,0.0199108999222517
24,99,False,0.0,16,0.8165969848632812,0.26775553822517395,0.5631757974624634,0.0253054928034544
24,100,False,0.0,16,0.8150850534439087,0.2667328119277954,0.5634008646011353,0.025324733927845955
24,101,False,0.0,16,0.8144039511680603,0.26711249351501465,0.5636590719223022,0.0254533514380455
24,102,False,0.0,16,0.8132408261299133,0.2681598365306854,0.5649299621582031,0.025929667055606842
24,103,False,0.0,16,0.8118743896484375,0.26854971051216125,0.5650596022605896,0.025989225134253502
24,104,False,0.0,16,0.8107102513313293,0.2689287066459656,0.5652657747268677,0.026059219613671303
24,105,False,0.0,16,0.8096301555633545,0.26945599913597107,0.5653700828552246,0.026121899485588074
24,106,False,0.0,16,0.8083847165107727,0.26915279030799866,0.5654215812683105,0.026106571778655052
24,107,False,0.0,16,0.8069573640823364,0.2702845633029938,0.5655560493469238,0.0261603482067585
24,108,False,0.0,16,0.8064993619918823,0.2709614932537079,0.5656619071960449,0.026251398026943207
24,109,False,0.0,16,0.8061908483505249,0.27249786257743835,0.5651256442070007,0.026034481823444366
24,110,False,0.0,16,0.8058935403823853,0.27406811714172363,0.5664087533950806,0.026480618864297867
24,111,False,0.0,16,0.8061455488204956,0.2744881510734558,0.5663635730743408,0.02649618126451969
24,112,False,0.0,16,0.8073417544364929,0.2754831910133362,0.5661748647689819,0.026445910334587097
24,113,False,0.0,16,0.8073770403862,0.27630120515823364,0.566270112991333,0.026534294709563255
24,114,False,0.0,16,0.8068028092384338,0.2766893208026886,0.5658460855484009,0.026558633893728256
24,115,False,0.0,16,0.8068823218345642,0.27595704793930054,0.5656676292419434,0.026488421484827995
24,116,False,0.0,16,0.8073971271514893,0.2746053636074066,0.5659446716308594,0.02655823715031147
24,117,False,0.0,16,0.8073962926864624,0.27366358041763306,0.5660361051559448,0.026591192930936813
24,118,False,0.0,16,0.8080770969390869,0.27319732308387756,0.566521406173706,0.02687603048980236
24,119,False,0.0,16,0.8089137077331543,0.2727731764316559,0.5662860870361328,0.02676228992640972
24,120,False,0.0,16,0.8095855712890625,0.27266302704811096,0.5669327974319458,0.026996217668056488
24,121,False,0.0,16,0.8102589249610901,0.27188652753829956,0.5670294761657715,0.027071353048086166
24,122,False,0.0,16,0.810398280620575,0.27155420184135437,0.5671038031578064,0.02709711156785488
24,123,False,0.0,16,0.8111044764518738,0.2713196575641632,0.5665026307106018,0.026876483112573624
24,124,False,0.0,16,0.8113665580749512,0.2711419463157654,0.5662374496459961,0.026754362508654594
24,125,False,0.0,16,0.8115983009338379,0.2712182104587555,0.5662596225738525,0.026745913550257683
24,126,False,0.0,16,0.8118417859077454,0.2707645893096924,0.5668288469314575,0.02696177549660206
24,127,False,0.0,16,0.8125500679016113,0.2696954905986786,0.5669757127761841,0.0269843190908432
24,128,False,0.0,16,0.8131856918334961,0.26898398995399475,0.5669213533401489,0.026934273540973663
24,129,False,0.0,16,0.8140764236450195,0.2686634957790375,0.5669605731964111,0.02693147026002407
24,130,False,0.0,16,0.8135838508605957,0.2689462900161743,0.5666353106498718,0.02673320285975933
24,131,False,0.0,16,0.8137127757072449,0.2686789929866791,0.5671986937522888,0.026916200295090675
25,0,False,0.0,0,0.7657046318054199,0.18551112711429596,0.5352003574371338,0.01646205596625805
25,1,False,0.0,1,0.8353455662727356,0.2563822567462921,0.5680162906646729,0.02707129903137684
25,2,False,0.0,2,0.8354309797286987,0.2564545273780823,0.5683028697967529,0.027330216020345688
25,3,False,0.0,3,0.8355410099029541,0.25617146492004395,0.5682919025421143,0.02735736407339573
25,4,False,0.0,4,0.8353561162948608,0.2562357485294342,0.5682281255722046,0.02732585370540619
25,5,False,0.0,5,0.8352727890014648,0.25639086961746216,0.5682744979858398,0.02736769989132881
25,6,False,0.0,6,0.8357477784156799,0.25633180141448975,0.568446695804596,0.027475889772176743
25,7,False,0.0,7,0.8354597687721252,0.25651466846466064,0.5684226751327515,0.02749750204384327
25,8,False,0.0,8,0.8348830342292786,0.25631505250930786,0.5683071613311768,0.027465853840112686
25,9,False,0.0,9,0.8340348601341248,0.2569000720977783,0.5681372880935669,0.0274182315915823
25,10,False,0.0,10,0.833015501499176,0.2579486668109894,0.5686413049697876,0.02785983495414257
25,11,False,0.0,11,0.8323855400085449,0.2590765953063965,0.5683398246765137,0.027724722400307655
25,12,False,0.0,12,0.8314335942268372,0.2600178122520447,0.5687103867530823,0.02790326066315174
25,13,False,0.0,13,0.8305101990699768,0.2609807848930359,0.5689705014228821,0.028009479865431786
25,14,False,0.0,14,0.8296676874160767,0.2618081867694855,0.5687833428382874,0.027978811413049698
25,15,False,0.0,15,0.828322172164917,0.26284968852996826,0.5686734914779663,0.027918996289372444
25,16,False,0.0,16,0.82695072889328,0.2637459635734558,0.5688220262527466,0.02798742614686489
25,17,False,0.0,16,0.824986457824707,0.26478520035743713,0.5684962272644043,0.027953658252954483
25,18,False,0.0,16,0.8239068984985352,0.26560595631599426,0.5687907338142395,0.028305064886808395
25,19,False,0.0,16,0.8230384588241577,0.26629123091697693,0.5685063600540161,0.028174903243780136
25,20,False,0.0,16,0.8218976259231567,0.26685404777526855,0.5683770775794983,0.02813003771007061
25,21,False,0.0,16,0.8210848569869995,0.2673577666282654,0.5683963894844055,0.028133558109402657
25,22,False,0.0,16,0.8201716542243958,0.2684520184993744,0.568503737449646,0.028159411624073982
25,23,False,0.0,16,0.819517970085144,0.2691623270511627,0.5684347152709961,0.028047306463122368
25,24,False,0.0,16,0.8182151317596436,0.26989591121673584,0.5686604976654053,0.0281007569283247
25,25,False,0.0,16,0.817173957824707,0.2705654203891754,0.5685733556747437,0.02802802063524723
25,26,False,0.0,16,0.8160272836685181,0.2708827555179596,0.5686991214752197,0.028204942122101784
25,27,False,0.0,16,0.8144763112068176,0.27220091223716736,0.5686327219009399,0.028163477778434753
25,28,False,0.0,16,0.813217043876648,0.27284663915634155,0.56864333152771,0.028168171644210815
25,29,False,0.0,16,0.812264621257782,0.2742425203323364,0.5688565969467163,0.028263473883271217
25,30,False,0.0,16,0.8111067414283752,0.2756195366382599,0.5686411261558533,0.028210025280714035
25,31,False,0.0,16,0.8092452883720398,0.27743014693260193,0.5685659646987915,0.028132906183600426
25,32,False,0.0,16,0.8085021376609802,0.2782117426395416,0.5684774518013,0.028091484680771828
25,33,False,0.0,16,0.8074570894241333,0.27926507592201233,0.5688342452049255,0.02820691652595997
25,34,False,0.0,16,0.8067803382873535,0.2797050178050995,0.5691748261451721,0.028393875807523727
25,35,False,0.0,16,0.8065052628517151,0.27988293766975403,0.5691540241241455,0.02837412990629673
25,36,False,0.0,16,0.8070852756500244,0.2790813744068146,0.5692018270492554,0.02839132957160473
25,37,True,0.028925620019435883,16,0.808515191078186,0.27693048119544983,0.5699162483215332,0.028751101344823837
25,38,True,0.07024793326854706,16,0.812453031539917,0.2698221206665039,0.5688381195068359,0.028161002323031425
25,39,True,0.11157024651765823,16,0.8133442401885986,0.2684166431427002,0.5673571825027466,0.027471577748656273
25,40,True,0.1528925597667694,16,0.8131436705589294,0.26849454641342163,0.5675832033157349,0.02750977873802185
25,41,True,0.19421488046646118,16,0.814068078994751,0.26857712864875793,0.5673537254333496,0.027449490502476692
25,42,True,0.23553718626499176,16,0.8141763210296631,0.2681678533554077,0.5677194595336914,0.027585940435528755
25,43,True,0.27685949206352234,16,0.8142714500427246,0.2684369385242462,0.5676267743110657,0.027569584548473358
25,44,True,0.3181818127632141,16,0.814399003982544,0.2682379186153412,0.5668325424194336,0.02721378020942211
25,45,True,0.3595041334629059,16,0.8141246438026428,0.26830750703811646,0.5666683912277222,0.027164440602064133
25,46,True,0.40082645416259766,16,0.8142475485801697,0.2685733437538147,0.5667029619216919,0.027209807187318802
25,47,True,0.44214877486228943,16,0.8145248293876648,0.26829439401626587,0.5670764446258545,0.027392789721488953
25,48,True,0.4834710657596588,16,0.814865231513977,0.26792094111442566,0.5671370029449463,0.02743411436676979
25,49,True,0.5247933864593506,16,0.8154243230819702,0.2671446204185486,0.5670278072357178,0.027363844215869904
25,50,True,0.56611567735672,16,0.8155033588409424,0.26730242371559143,0.567234218120575,0.02733987756073475
25,51,True,0.6074380278587341,16,0.8161242604255676,0.2660290002822876,0.5676165819168091,0.0274671521037817
25,52,True,0.6487603187561035,16,0.8164169788360596,0.26574400067329407,0.5669018030166626,0.02712366357445717
25,53,True,0.6900826692581177,16,0.8166056275367737,0.2656855583190918,0.5663046836853027,0.026857424527406693
25,54,True,0.7314049601554871,16,0.8167918920516968,0.26550865173339844,0.566024899482727,0.026686575263738632
25,55,True,0.7727272510528564,16,0.8168580532073975,0.2650412619113922,0.5659059286117554,0.02660457417368889
25,56,True,0.8140496015548706,16,0.8170080780982971,0.2644115090370178,0.5662671327590942,0.026818981394171715
25,57,True,0.85537189245224,16,0.8183004856109619,0.26249364018440247,0.565854012966156,0.026593221351504326
25,58,True,0.8966942429542542,16,0.8194911479949951,0.25829923152923584,0.5654892921447754,0.026354432106018066
25,59,True,0.9380165338516235,16,0.8214390277862549,0.25647178292274475,0.5633425712585449,0.025392824783921242
25,60,True,0.9793388247489929,16,0.8206894397735596,0.2570132613182068,0.5609607100486755,0.024258334189653397
25,61,True,1.0,16,0.8206371665000916,0.25561416149139404,0.5502114295959473,0.020339947193861008
25,62,True,1.0,16,0.8208097219467163,0.25466325879096985,0.5504366159439087,0.02038104645907879
25,63,True,1.0,16,0.8208097219467163,0.25466325879096985,0.5504366159439087,0.02038104645907879
25,64,True,1.0,16,0.8208097219467163,0.25466325879096985,0.5504366159439087,0.02038104645907879
25,65,True,1.0,16,0.8208097219467163,0.25466325879096985,0.5504366159439087,0.02038104645907879
25,66,True,1.0,16,0.820634126663208,0.25470060110092163,0.5522022247314453,0.02068832889199257
25,67,True,1.0,16,0.8206539154052734,0.254678338766098,0.5522024631500244,0.020689914003014565
25,68,True,1.0,16,0.8206613063812256,0.2546701729297638,0.552198052406311,0.02068927139043808
25,69,True,1.0,16,0.8206832408905029,0.25464609265327454,0.5521987676620483,0.02069171331822872
25,70,True,1.0,16,0.8206827640533447,0.25464773178100586,0.5521976947784424,0.02068999409675598
25,71,True,1.0,16,0.8206844329833984,0.25464990735054016,0.5521973371505737,0.02068997360765934
25,72,True,1.0,16,0.8206906318664551,0.2546430826187134,0.5521979331970215,0.02068953588604927
25,73,True,1.0,16,0.8206875324249268,0.2546471059322357,0.5521991848945618,0.020689314231276512
25,74,True,1.0,16,0.8204715251922607,0.25371870398521423,0.5537528395652771,0.02101532369852066
25,75,True,1.0,16,0.8205642700195312,0.25362202525138855,0.5537503957748413,0.02101602405309677
25,76,True,1.0,16,0.8205916881561279,0.2535737454891205,0.5537523031234741,0.021013671532273293
25,77,True,1.0,16,0.8206000328063965,0.25356897711753845,0.5537495613098145,0.021014129742980003
25,78,True,1.0,16,0.8205968141555786,0.25362107157707214,0.5537506341934204,0.02101529762148857
25,79,True,1.0,16,0.820597767829895,0.2536225914955139,0.5537494421005249,0.02101476490497589
25,80,True,1.0,16,0.8205963373184204,0.25362205505371094,0.5537482500076294,0.021013708785176277
25,81,True,1.0,16,0.8205996751785278,0.2536177635192871,0.5537474155426025,0.021012641489505768
25,82,True,1.0,16,0.8206374645233154,0.25170084834098816,0.5556085109710693,0.021384982392191887
25,83,True,1.0,16,0.8206945657730103,0.25169697403907776,0.5556095242500305,0.021388376131653786
25,84,True,1.0,16,0.8207384347915649,0.25166454911231995,0.5556075572967529,0.021388260647654533
25,85,True,1.0,16,0.8207693099975586,0.2516564130783081,0.5556086301803589,0.021389761939644814
25,86,True,1.0,16,0.8207749128341675,0.25163909792900085,0.5556080341339111,0.021389536559581757
25,87,True,1.0,16,0.8207882642745972,0.2516493797302246,0.5556073188781738,0.021389314904808998
25,88,True,1.0,16,0.820791482925415,0.2516479194164276,0.5556089878082275,0.02139016054570675
25,89,True,1.0,16,0.8207943439483643,0.2516481578350067,0.5556097030639648,0.021390587091445923
25,90,True,1.0,16,0.8208621740341187,0.25097206234931946,0.5569682121276855,0.021701542660593987
25,91,False,0.0,16,0.8124189972877502,0.27645885944366455,0.570004403591156,0.028326911851763725
25,92,False,0.0,16,0.805192232131958,0.2814628481864929,0.5700504779815674,0.02836797945201397
25,93,False,0.0,16,0.8038983345031738,0.2824849486351013,0.5701546669006348,0.028436996042728424
25,94,False,0.0,16,0.803858757019043,0.2819131314754486,0.570406436920166,0.028570111840963364
25,95,False,0.0,16,0.8046352863311768,0.2806795537471771,0.570758044719696,0.028746720403432846
25,96,False,0.0,16,0.8071647882461548,0.2787005305290222,0.5704849362373352,0.02864687331020832
25,97,False,0.0,16,0.8052346706390381,0.27885472774505615,0.5704513788223267,0.02865624614059925
25,98,False,0.0,16,0.8052070140838623,0.2785148024559021,0.5705621242523193,0.028528330847620964
25,99,False,0.0,16,0.8050248026847839,0.2784777581691742,0.5705122947692871,0.028510181233286858
25,100,False,0.0,16,0.8049880862236023,0.27846089005470276,0.5703417062759399,0.02841242030262947
25,101,False,0.0,16,0.8058263063430786,0.278446763753891,0.5702027082443237,0.028313614428043365
25,102,False,0.0,16,0.8072404861450195,0.2782275974750519,0.5702295899391174,0.02828541025519371
25,103,False,0.0,16,0.8084884285926819,0.2773679196834564,0.5700340270996094,0.028210168704390526
25,104,False,0.0,16,0.8089577555656433,0.2768034040927887,0.5700452923774719,0.028204146772623062
25,105,False,0.0,16,0.8094120025634766,0.27604997158050537,0.570063591003418,0.028189970180392265
25,106,False,0.0,16,0.810422420501709,0.27563193440437317,0.5700796842575073,0.027991190552711487
25,107,False,0.0,16,0.8108932971954346,0.2750723958015442,0.5700262784957886,0.027975568547844887
25,108,False,0.0,16,0.8111735582351685,0.274727463722229,0.570149302482605,0.02804608643054962
25,109,False,0.0,16,0.8114293813705444,0.27416059374809265,0.5700573921203613,0.028002023696899414
25,110,False,0.0,16,0.811128556728363,0.2742933928966522,0.5699868202209473,0.027977580204606056
25,111,False,0.0,16,0.8109853863716125,0.273799329996109,0.5700340270996094,0.028014836832880974
25,112,False,0.0,16,0.8113806247711182,0.2732503414154053,0.5699852705001831,0.027964619919657707
25,113,False,0.0,16,0.812384843826294,0.2727290093898773,0.5700764060020447,0.027968423441052437
25,114,False,0.0,16,0.8130395412445068,0.2727264165878296,0.5695852041244507,0.027669768780469894
25,115,False,0.0,16,0.8128317594528198,0.2728370726108551,0.569595217704773,0.02766389027237892
25,116,False,0.0,16,0.8122157454490662,0.27283260226249695,0.5696005821228027,0.02768176607787609
25,117,False,0.0,16,0.8118179440498352,0.27277761697769165,0.5696207284927368,0.0276995450258255
25,118,False,0.0,16,0.811055064201355,0.27258843183517456,0.5696383714675903,0.027710309252142906
25,119,False,0.0,16,0.8103858232498169,0.2723180949687958,0.56946861743927,0.02763051725924015
25,120,False,0.0,16,0.8096511363983154,0.27209046483039856,0.5696419477462769,0.027681810781359673
25,121,False,0.0,16,0.809350311756134,0.2717125713825226,0.5696882009506226,0.02770107425749302
26,0,False,0.0,0,0.7620749473571777,0.18242616951465607,0.5378760099411011,0.018067434430122375
26,1,False,0.0,1,0.8380070924758911,0.2544032335281372,0.5711275339126587,0.02858506143093109
26,2,False,0.0,2,0.8383345603942871,0.2537778615951538,0.5711508393287659,0.028562994673848152
26,3,False,0.0,3,0.838951826095581,0.25290533900260925,0.5713649988174438,0.02861611358821392
26,4,False,0.0,4,0.8396955728530884,0.2524428963661194,0.5715065002441406,0.028674932196736336
26,5,False,0.0,5,0.8396984338760376,0.25231632590293884,0.5714626312255859,0.028653347864747047
26,6,False,0.0,6,0.8394501209259033,0.2526257038116455,0.5709494352340698,0.02844090573489666
26,7,False,0.0,7,0.8398154377937317,0.25235599279403687,0.5709161758422852,0.028445174917578697
26,8,False,0.0,8,0.8393237590789795,0.25242358446121216,0.5704211592674255,0.028194082900881767
26,9,False,0.0,9,0.8390007019042969,0.2523597180843353,0.5703134536743164,0.02816840633749962
26,10,False,0.0,10,0.8385916948318481,0.25252917408943176,0.5703569650650024,0.028172193095088005
26,11,False,0.0,11,0.8380703330039978,0.2528865933418274,0.5701686143875122,0.028073729947209358
26,12,False,0.0,12,0.83688884973526,0.25355294346809387,0.5699971318244934,0.02801750786602497
26,13,False,0.0,13,0.8357752561569214,0.25383907556533813,0.5699187517166138,0.027995510026812553
26,14,False,0.0,14,0.8344928622245789,0.25434815883636475,0.5698944330215454,0.02798260562121868
26,15,False,0.0,15,0.8347041010856628,0.25462400913238525,0.569701075553894,0.027984827756881714
26,16,False,0.0,16,0.8348003625869751,0.2548622488975525,0.5691550970077515,0.027583686634898186
26,17,False,0.0,16,0.8343454599380493,0.25474634766578674,0.568869948387146,0.027395205572247505
26,18,False,0.0,16,0.8327500820159912,0.25536298751831055,0.5688146352767944,0.027366861701011658
26,19,False,0.0,16,0.8310465812683105,0.2559822201728821,0.5685559511184692,0.02726484276354313
26,20,False,0.0,16,0.8294994831085205,0.2567327320575714,0.5683222413063049,0.027182161808013916
26,21,False,0.0,16,0.8277466297149658,0.25770530104637146,0.5681794881820679,0.027153709903359413
26,22,False,0.0,16,0.8266856670379639,0.2585131525993347,0.5679864883422852,0.02711220644414425
26,23,False,0.0,16,0.8263907432556152,0.25913766026496887,0.5678434371948242,0.027102427557110786
26,24,False,0.0,16,0.8255552053451538,0.2594451606273651,0.5678490400314331,0.026950636878609657
26,25,False,0.0,16,0.8243246078491211,0.2605409622192383,0.5679937601089478,0.026978012174367905
26,26,False,0.0,16,0.8232645392417908,0.2625425159931183,0.5683552026748657,0.02709200419485569
26,27,False,0.0,16,0.8221962451934814,0.26485636830329895,0.5679023265838623,0.02694656327366829
26,28,False,0.0,16,0.8211209774017334,0.2666236460208893,0.5675113201141357,0.026769524440169334
26,29,True,0.042553190141916275,16,0.8198341131210327,0.26822739839553833,0.568763792514801,0.027140924707055092
26,30,True,0.09574468433856964,16,0.8192638158798218,0.26790475845336914,0.5700591802597046,0.027497602626681328
26,31,True,0.1489361673593521,16,0.8134319186210632,0.2720952332019806,0.5705755949020386,0.027574853971600533
26,32,True,0.20212766528129578,16,0.8177030086517334,0.26415395736694336,0.570069432258606,0.02731626108288765
26,33,True,0.25531914830207825,16,0.8221948146820068,0.25776323676109314,0.569566011428833,0.027099207043647766
26,34,True,0.3085106313228607,16,0.8224377632141113,0.25705161690711975,0.5696051716804504,0.02712286449968815
26,35,True,0.3617021143436432,16,0.8226900696754456,0.2572464048862457,0.5692681074142456,0.026972219347953796
26,36,True,0.41489362716674805,16,0.8218035697937012,0.2573348581790924,0.5686930418014526,0.02666027657687664
26,37,True,0.4680851101875305,16,0.8209131956100464,0.25835099816322327,0.5688070058822632,0.026646003127098083
26,38,True,0.521276593208313,16,0.8196163773536682,0.25841662287712097,0.5686464309692383,0.026518801227211952
26,39,True,0.5744680762290955,16,0.818817138671875,0.2589418292045593,0.5685696601867676,0.02643614448606968
26,40,True,0.6276595592498779,16,0.8180615901947021,0.2593233287334442,0.5684411525726318,0.02634339965879917
26,41,True,0.6808510422706604,16,0.8180416226387024,0.2595190405845642,0.5683700442314148,0.026268867775797844
26,42,True,0.7340425252914429,16,0.8186564445495605,0.2595489025115967,0.56810462474823,0.026132967323064804
26,43,True,0.7872340679168701,16,0.8201099634170532,0.2594955265522003,0.5680718421936035,0.026122642681002617
26,44,True,0.8404255509376526,16,0.8215129971504211,0.25624167919158936,0.568261981010437,0.026279162615537643
26,45,True,0.8936170339584351,16,0.8215193748474121,0.2550373375415802,0.5672302842140198,0.025749854743480682
26,46,True,0.9468085169792175,16,0.8241065740585327,0.25195538997650146,0.5667979717254639,0.025471685454249382
26,47,True,1.0,16,0.8216028213500977,0.253071665763855,0.5615261793136597,0.022869287058711052
26,48,True,1.0,16,0.822392463684082,0.24995270371437073,0.5616837739944458,0.02296588011085987
26,49,True,1.0,16,0.8223905563354492,0.249957874417305,0.5616791844367981,0.02296292968094349
26,50,True,1.0,16,0.822388768196106,0.24995271861553192,0.561677873134613,0.02296515181660652
26,51,True,1.0,16,0.8223894834518433,0.24995402991771698,0.5616799592971802,0.022965077310800552
26,52,True,1.0,16,0.8223875761032104,0.24994808435440063,0.5616791248321533,0.022963812574744225
26,53,True,1.0,16,0.822390079498291,0.2499518096446991,0.5616778135299683,0.022963522002100945
26,54,True,1.0,16,0.8223892450332642,0.24994824826717377,0.5616778135299683,0.022963522002100945
26,55,True,1.0,16,0.8223906755447388,0.2499479353427887,0.5616782903671265,0.0229635089635849
26,56,True,1.0,16,0.8221291303634644,0.25055667757987976,0.561505913734436,0.022998187690973282
26,57,True,1.0,16,0.8221246004104614,0.25056692957878113,0.5615051984786987,0.02299845777451992
26,58,True,1.0,16,0.8221162557601929,0.25057029724121094,0.561500072479248,0.022994885221123695
26,59,True,1.0,16,0.8221124410629272,0.250569224357605,0.5615003108978271,0.02299576625227928
26,60,True,1.0,16,0.822119951248169,0.2505922317504883,0.5614972114562988,0.02299484796822071
26,61,True,1.0,16,0.8221213817596436,0.25059956312179565,0.5614984035491943,0.02299545519053936
26,62,True,1.0,16,0.8221096992492676,0.25057902932167053,0.5614985227584839,0.02299605682492256
26,63,True,1.0,16,0.8221182823181152,0.2505894601345062,0.5614989995956421,0.022995460778474808
26,64,True,1.0,16,0.822134792804718,0.25026488304138184,0.5610175728797913,0.02287369593977928
26,65,True,1.0,16,0.8221404552459717,0.2502955496311188,0.5610155463218689,0.02287612296640873
26,66,True,1.0,16,0.8221404552459717,0.2502917945384979,0.5610157251358032,0.022874468937516212
26,67,True,1.0,16,0.8221388459205627,0.25030583143234253,0.5610142946243286,0.022874291986227036
26,68,True,1.0,16,0.8221375346183777,0.25031766295433044,0.5610144138336182,0.022874740883708
26,69,True,1.0,16,0.8221417665481567,0.25030985474586487,0.5610135793685913,0.022876668721437454
26,70,True,1.0,16,0.8221407532691956,0.25030651688575745,0.5610131025314331,0.022876087576150894
26,71,False,0.0,16,0.8137884736061096,0.271322637796402,0.5678991079330444,0.026169754564762115
26,72,False,0.0,16,0.8085240125656128,0.27401003241539,0.5678450465202332,0.026107242330908775
26,73,False,0.0,16,0.8062679767608643,0.27618351578712463,0.5680646896362305,0.026133453473448753
26,74,False,0.0,16,0.8052445650100708,0.2776295244693756,0.5681458711624146,0.026100581511855125
26,75,False,0.0,16,0.8064770102500916,0.27794766426086426,0.5681922435760498,0.026105929166078568
26,76,False,0.0,16,0.8068031072616577,0.2782759368419647,0.5681368112564087,0.026092689484357834
26,77,False,0.0,16,0.8069096803665161,0.2784014940261841,0.5683622360229492,0.026229681447148323
26,78,False,0.0,16,0.807113528251648,0.27912628650665283,0.5680769681930542,0.026164740324020386
26,79,False,0.0,16,0.8076006174087524,0.2792346477508545,0.5680492520332336,0.0261444803327322
26,80,False,0.0,16,0.8089938163757324,0.27730706334114075,0.568122923374176,0.02609601430594921
26,81,False,0.0,16,0.8096200823783875,0.2765779197216034,0.5684130191802979,0.02620425634086132
26,82,False,0.0,16,0.8098093867301941,0.27578139305114746,0.5684630870819092,0.026219891384243965
26,83,False,0.0,16,0.8107728958129883,0.2745535671710968,0.5686359405517578,0.026271559298038483
26,84,False,0.0,16,0.8114109039306641,0.2739354372024536,0.5690106749534607,0.02641291357576847
26,85,False,0.0,16,0.8115718960762024,0.27372804284095764,0.5690606832504272,0.02642880566418171
26,86,False,0.0,16,0.8117122650146484,0.27346235513687134,0.569190502166748,0.026486439630389214
26,87,False,0.0,16,0.8116133809089661,0.273420125246048,0.5692223310470581,0.02648577094078064
26,88,False,0.0,16,0.8117119669914246,0.2731316387653351,0.5693738460540771,0.026473015546798706
26,89,False,0.0,16,0.8122968077659607,0.2725224792957306,0.5692493915557861,0.026435764506459236
26,90,False,0.0,16,0.8126258850097656,0.2721595764160156,0.5692387819290161,0.026420367881655693
26,91,False,0.0,16,0.8126248121261597,0.27137041091918945,0.56910240650177,0.026363248005509377
26,92,False,0.0,16,0.8126912117004395,0.2705199718475342,0.5689703226089478,0.026313306763768196
26,93,False,0.0,16,0.811996340751648,0.2699202001094818,0.5688328742980957,0.026240643113851547
26,94,False,0.0,16,0.8114491105079651,0.26947030425071716,0.5690425634384155,0.026324834674596786
27,0,False,0.0,0,0.760237455368042,0.17778614163398743,0.5348392724990845,0.015236156061291695
27,1,False,0.0,1,0.8381524085998535,0.25428783893585205,0.5688095092773438,0.026074156165122986
27,2,False,0.0,2,0.8382933139801025,0.2542032301425934,0.5686732530593872,0.026048874482512474
27,3,False,0.0,3,0.8399938344955444,0.25234782695770264,0.5686704516410828,0.02603277936577797
27,4,False,0.0,4,0.8410645127296448,0.2514442801475525,0.5685967206954956,0.02599690668284893
27,5,False,0.0,5,0.8411819338798523,0.25115254521369934,0.5686417818069458,0.025968242436647415
27,6,False,0.0,6,0.8401838541030884,0.2515465319156647,0.5687991380691528,0.02599530853331089
27,7,False,0.0,7,0.8401472568511963,0.25161033868789673,0.5686287879943848,0.02591940574347973
27,8,False,0.0,8,0.8400043249130249,0.2518303096294403,0.5688045024871826,0.02596043422818184
27,9,False,0.0,9,0.8404803276062012,0.25181877613067627,0.5695591568946838,0.026249071583151817
27,10,False,0.0,10,0.840529203414917,0.2520524859428406,0.5697199106216431,0.026301030069589615
27,11,False,0.0,11,0.8405290842056274,0.25241318345069885,0.5696067810058594,0.026268238201737404
27,12,False,0.0,12,0.8403546214103699,0.25254949927330017,0.5696588754653931,0.026282796636223793
27,13,False,0.0,13,0.840054988861084,0.2528132498264313,0.5697295069694519,0.026347151026129723
27,14,False,0.0,14,0.8397324085235596,0.2529636025428772,0.5697673559188843,0.026333037763834
27,15,False,0.0,15,0.8394042253494263,0.2530752718448639,0.5699843168258667,0.02644885703921318
27,16,False,0.0,16,0.8388261198997498,0.2533477246761322,0.5699970722198486,0.026471689343452454
27,17,False,0.0,16,0.8394405841827393,0.2532252371311188,0.5704582929611206,0.02678459882736206
27,18,False,0.0,16,0.8379855155944824,0.2543192505836487,0.5704044103622437,0.026743557304143906
27,19,False,0.0,16,0.8367672562599182,0.2552472651004791,0.5703759789466858,0.026724370196461678
27,20,False,0.0,16,0.8368688821792603,0.2558681070804596,0.5701819062232971,0.026683485135436058
27,21,False,0.0,16,0.8358283042907715,0.25643473863601685,0.5701974630355835,0.0267221387475729
27,22,False,0.0,16,0.8350035548210144,0.25700628757476807,0.5699770450592041,0.02665431797504425
27,23,False,0.0,16,0.833375096321106,0.2578220069408417,0.5701598525047302,0.02679089643061161
27,24,False,0.0,16,0.8317299485206604,0.2585262060165405,0.5701354742050171,0.026910314336419106
27,25,False,0.0,16,0.8305026292800903,0.25893139839172363,0.5708009004592896,0.02742336131632328
27,26,False,0.0,16,0.8294269442558289,0.25974276661872864,0.5705739259719849,0.027405114844441414
27,27,False,0.0,16,0.8275182843208313,0.2609100043773651,0.5706506967544556,0.027578765526413918
27,28,False,0.0,16,0.826650857925415,0.26103445887565613,0.5709552764892578,0.027621397748589516
27,29,False,0.0,16,0.8264341354370117,0.2613554000854492,0.5702303051948547,0.027299871668219566
27,30,False,0.0,16,0.826269805431366,0.2619893252849579,0.5696266889572144,0.027208322659134865
27,31,False,0.0,16,0.8260908722877502,0.2627585232257843,0.5695782899856567,0.027222054079174995
27,32,False,0.0,16,0.8251771926879883,0.26378363370895386,0.5695308446884155,0.02717401087284088
27,33,True,0.009009009227156639,16,0.8238226175308228,0.2645605504512787,0.569913387298584,0.027403978630900383
27,34,True,0.04545454680919647,16,0.8215955495834351,0.266280859708786,0.5707050561904907,0.027543898671865463
27,35,True,0.09090909361839294,16,0.8226771950721741,0.26349154114723206,0.5696005821228027,0.026935027912259102
27,36,True,0.13636364042758942,16,0.8276419639587402,0.25971582531929016,0.5700297355651855,0.026982381939888
27,37,True,0.1818181872367859,16,0.8267594575881958,0.25593236088752747,0.570938229560852,0.02743205614387989
27,38,True,0.22727273404598236,16,0.8242475390434265,0.2560393810272217,0.571559488773346,0.027630863711237907
27,39,True,0.27272728085517883,16,0.8181218504905701,0.2646164000034332,0.5713951587677002,0.02756475657224655
27,40,True,0.3181818127632141,16,0.817252516746521,0.2635725736618042,0.570448100566864,0.02726190909743309
27,41,True,0.3636363744735718,16,0.8192036151885986,0.2545689642429352,0.5708671808242798,0.02746165730059147
27,42,True,0.40909090638160706,16,0.8196241855621338,0.25358152389526367,0.5702948570251465,0.027183614671230316
27,43,True,0.4545454680919647,16,0.8220623731613159,0.2504342496395111,0.5705928206443787,0.027234256267547607
27,44,True,0.5,16,0.8237842917442322,0.25052571296691895,0.5691218376159668,0.02666277065873146
27,45,True,0.5454545617103577,16,0.824934720993042,0.24970543384552002,0.569436252117157,0.026858221739530563
27,46,True,0.5909090638160706,16,0.82453453540802,0.24902977049350739,0.5697952508926392,0.02700706198811531
27,47,True,0.6363636255264282,16,0.8241743445396423,0.24742895364761353,0.5692540407180786,0.026791563257575035
27,48,True,0.6818181872367859,16,0.8233374953269958,0.2477564811706543,0.5690617561340332,0.026681136339902878
27,49,True,0.7272727489471436,16,0.8240602016448975,0.2496071755886078,0.5696980953216553,0.02698935754597187
27,50,True,0.7727272510528564,16,0.8244342803955078,0.2496086061000824,0.5692287683486938,0.02673911489546299
27,51,True,0.8181818127632141,16,0.8241124749183655,0.24907004833221436,0.5692095756530762,0.02675287052989006
27,52,True,0.8636363744735718,16,0.8249828219413757,0.24827632308006287,0.5685082674026489,0.02645714394748211
27,53,True,0.9090909361839294,16,0.8253322839736938,0.24822774529457092,0.5680869817733765,0.02623254619538784
27,54,True,0.9545454382896423,16,0.8253356218338013,0.24746544659137726,0.5675622224807739,0.02597072534263134
27,55,True,1.0,16,0.8234685659408569,0.24551042914390564,0.5569353103637695,0.02188403718173504
27,56,True,1.0,16,0.823583722114563,0.24299800395965576,0.5570921897888184,0.02195872738957405
27,57,True,1.0,16,0.8234671950340271,0.24407640099525452,0.5571743249893188,0.02201068215072155
27,58,True,1.0,16,0.8234618902206421,0.24407735466957092,0.5571794509887695,0.022013965994119644
27,59,True,1.0,16,0.8234753012657166,0.24407662451267242,0.5571798086166382,0.022012189030647278
27,60,True,1.0,16,0.8234597444534302,0.24407488107681274,0.5571815967559814,0.022012174129486084
27,61,True,1.0,16,0.8234628438949585,0.24407434463500977,0.5571821928024292,0.022012174129486084
27,62,True,1.0,16,0.8234680891036987,0.24407139420509338,0.5571819543838501,0.022012613713741302
27,63,True,1.0,16,0.823461651802063,0.24406751990318298,0.5571825504302979,0.022012673318386078
27,64,True,1.0,16,0.8234604597091675,0.24407297372817993,0.5571819543838501,0.02201259136199951
27,65,True,1.0,16,0.8232201337814331,0.24599267542362213,0.5575134754180908,0.02210596203804016
27,66,True,1.0,16,0.8232005834579468,0.24601326882839203,0.5575124025344849,0.022107653319835663
27,67,True,1.0,16,0.8231981992721558,0.24602016806602478,0.5575125813484192,0.022105535492300987
27,68,True,1.0,16,0.8232096433639526,0.24596835672855377,0.5575157403945923,0.022107712924480438
27,69,True,1.0,16,0.8232113122940063,0.24596789479255676,0.5575141906738281,0.02210826240479946
27,70,True,1.0,16,0.8232091665267944,0.2459692656993866,0.55751633644104,0.02210780791938305
27,71,True,1.0,16,0.8232120275497437,0.24596638977527618,0.5575160980224609,0.02210834063589573
27,72,True,1.0,16,0.8232108354568481,0.24596694111824036,0.5575152039527893,0.022108303382992744
27,73,True,1.0,16,0.8226155042648315,0.2483106106519699,0.5578444004058838,0.022062642499804497
27,74,True,1.0,16,0.8226009607315063,0.24833816289901733,0.5578461289405823,0.022061530500650406
27,75,True,1.0,16,0.8226007223129272,0.24834635853767395,0.5578460693359375,0.02206183597445488
27,76,True,1.0,16,0.822604775428772,0.24834206700325012,0.5578432679176331,0.02206127531826496
27,77,True,1.0,16,0.822608232498169,0.2483476847410202,0.557843804359436,0.022062113508582115
27,78,True,1.0,16,0.8226022720336914,0.2483435869216919,0.5578440427780151,0.022061662748456
27,79,True,1.0,16,0.8226101398468018,0.24834638833999634,0.557843804359436,0.02206304483115673
27,80,True,1.0,16,0.8226015567779541,0.24834339320659637,0.5578433275222778,0.022062936797738075
27,81,True,1.0,16,0.8220637440681458,0.24996531009674072,0.558209240436554,0.02208069898188114
27,82,True,1.0,16,0.8220634460449219,0.24997122585773468,0.558208703994751,0.02207876183092594
27,83,False,0.0,16,0.820488452911377,0.2695883512496948,0.5717883110046387,0.02837226539850235
27,84,False,0.0,16,0.8181125521659851,0.27037355303764343,0.5719109773635864,0.028450757265090942
27,85,False,0.0,16,0.8167616128921509,0.27099505066871643,0.5721548795700073,0.02846347540616989
27,86,False,0.0,16,0.8153071403503418,0.27153444290161133,0.5723806619644165,0.02855302020907402
27,87,False,0.0,16,0.8139678835868835,0.2721509635448456,0.5721125602722168,0.028433306142687798
27,88,False,0.0,16,0.8127633333206177,0.2728184461593628,0.5725104212760925,0.02856958843767643
27,89,False,0.0,16,0.8119120597839355,0.2738242447376251,0.5728541612625122,0.028617065399885178
27,90,False,0.0,16,0.8109831213951111,0.27543631196022034,0.5728956460952759,0.028575804084539413
27,91,False,0.0,16,0.809421181678772,0.2771936357021332,0.5726921558380127,0.028433598577976227
27,92,False,0.0,16,0.8076000213623047,0.2791888415813446,0.5727531909942627,0.028470169752836227
27,93,False,0.0,16,0.8068090677261353,0.28004565834999084,0.5732027292251587,0.028641410171985626
27,94,False,0.0,16,0.8061020374298096,0.2804509103298187,0.5733902454376221,0.028723066672682762
27,95,False,0.0,16,0.8052769899368286,0.28036460280418396,0.5735996961593628,0.0288295466452837
27,96,False,0.0,16,0.8046177625656128,0.28001242876052856,0.5739175081253052,0.028947340324521065
27,97,False,0.0,16,0.8042639493942261,0.2793182134628296,0.5741130113601685,0.029046345502138138
27,98,False,0.0,16,0.8041665554046631,0.27895593643188477,0.5745052099227905,0.029252152889966965
27,99,False,0.0,16,0.8035401701927185,0.27807384729385376,0.574966549873352,0.029471656307578087
27,100,False,0.0,16,0.8037760257720947,0.27753356099128723,0.5747929811477661,0.02940637245774269
27,101,False,0.0,16,0.804497241973877,0.27698656916618347,0.5743710994720459,0.02922469936311245
27,102,False,0.0,16,0.8046332001686096,0.27663275599479675,0.5742989778518677,0.029193652793765068
27,103,False,0.0,16,0.8048831820487976,0.2758330702781677,0.5742581486701965,0.029194766655564308
27,104,False,0.0,16,0.8049548864364624,0.27550992369651794,0.5741856098175049,0.029185917228460312
27,105,False,0.0,16,0.8049811124801636,0.27554064989089966,0.5744558572769165,0.029290253296494484
27,106,False,0.0,16,0.805001974105835,0.2753916084766388,0.5742628574371338,0.02920081652700901
27,107,False,0.0,16,0.8050563335418701,0.2751781940460205,0.5741740465164185,0.029183290898799896
27,108,False,0.0,16,0.8055287599563599,0.27465447783470154,0.5741697549819946,0.029197631403803825
27,109,False,0.0,16,0.8059689402580261,0.27353933453559875,0.5740447640419006,0.029193952679634094
27,110,False,0.0,16,0.8061303496360779,0.27216342091560364,0.5739758014678955,0.029196608811616898
28,0,False,0.0,0,0.7602163553237915,0.18187983334064484,0.5408245325088501,0.0190158411860466
28,1,False,0.0,1,0.8377805948257446,0.25492411851882935,0.5749306678771973,0.029470279812812805
28,2,False,0.0,2,0.8382357954978943,0.2544219493865967,0.5748264789581299,0.029461929574608803
28,3,False,0.0,3,0.8385847806930542,0.2538709342479706,0.5748441219329834,0.02948157489299774
28,4,False,0.0,4,0.8397623896598816,0.2531392574310303,0.5748895406723022,0.029514823108911514
28,5,False,0.0,5,0.8404749631881714,0.25267234444618225,0.5748094320297241,0.029486555606126785
28,6,False,0.0,6,0.8414527177810669,0.2519092261791229,0.5746618509292603,0.029393283650279045
28,7,False,0.0,7,0.8415737152099609,0.251731276512146,0.5743914842605591,0.029275421053171158
28,8,False,0.0,8,0.8413416147232056,0.2516779899597168,0.5741479396820068,0.029185056686401367
28,9,False,0.0,9,0.8413442969322205,0.25165095925331116,0.5737749338150024,0.02903742901980877
28,10,False,0.0,10,0.8409104943275452,0.2519086003303528,0.5738041996955872,0.028847208246588707
28,11,False,0.0,11,0.8401800394058228,0.2521858513355255,0.5737462043762207,0.028811974450945854
28,12,False,0.0,12,0.8395968675613403,0.2524547874927521,0.5735389590263367,0.02871207520365715
28,13,False,0.0,13,0.8388073444366455,0.2527988851070404,0.5734671354293823,0.02867657132446766
28,14,False,0.0,14,0.8377249240875244,0.2536163628101349,0.573241651058197,0.028565820306539536
28,15,False,0.0,15,0.8365838527679443,0.254573255777359,0.5731029510498047,0.028512466698884964
28,16,False,0.0,16,0.8350735306739807,0.255435973405838,0.573046863079071,0.028535926714539528
28,17,False,0.0,16,0.8346233367919922,0.2552988827228546,0.5730999112129211,0.028630772605538368
28,18,False,0.0,16,0.8331015706062317,0.25573164224624634,0.5733279585838318,0.028625039383769035
28,19,False,0.0,16,0.8303600549697876,0.25751471519470215,0.5733614563941956,0.028674127534031868
28,20,False,0.0,16,0.8302890062332153,0.2585856318473816,0.572896420955658,0.028519386425614357
28,21,False,0.0,16,0.8285977244377136,0.2606005072593689,0.5727019309997559,0.02844071574509144
28,22,False,0.0,16,0.8268213272094727,0.2621428668498993,0.5726418495178223,0.02846834994852543
28,23,False,0.0,16,0.8256680965423584,0.26396769285202026,0.57237708568573,0.028320616111159325
28,24,False,0.0,16,0.8240107297897339,0.2660578787326813,0.5723538994789124,0.028262261301279068
28,25,False,0.0,16,0.8220818042755127,0.2675830125808716,0.571814239025116,0.028041712939739227
28,26,False,0.0,16,0.8194132447242737,0.27051785588264465,0.5723201036453247,0.02809694968163967
28,27,False,0.0,16,0.8176311254501343,0.2718200385570526,0.5720851421356201,0.02795199491083622
28,28,False,0.0,16,0.8154013156890869,0.27311792969703674,0.5719547271728516,0.027907194569706917
28,29,False,0.0,16,0.813447892665863,0.27431344985961914,0.572043776512146,0.027938876301050186
28,30,False,0.0,16,0.8120315074920654,0.27568474411964417,0.5724679231643677,0.028132669627666473
28,31,False,0.0,16,0.8110174536705017,0.2768458127975464,0.5721777081489563,0.02807999961078167
28,32,False,0.0,16,0.8104630708694458,0.2763366401195526,0.572376012802124,0.02821887470781803
28,33,False,0.0,16,0.8091186285018921,0.27761876583099365,0.5723501443862915,0.028276074677705765
28,34,False,0.0,16,0.8081897497177124,0.2788802683353424,0.5724213123321533,0.028292905539274216
28,35,False,0.0,16,0.8067646026611328,0.27983415126800537,0.5724552869796753,0.028334883973002434
28,36,False,0.0,16,0.8052934408187866,0.2804359793663025,0.572326123714447,0.02833814173936844
28,37,False,0.0,16,0.804840087890625,0.2802808880805969,0.5727661848068237,0.02858235500752926
28,38,False,0.0,16,0.8047658205032349,0.2796638309955597,0.5729018449783325,0.02864260785281658
28,39,False,0.0,16,0.8050262928009033,0.27893975377082825,0.5728166699409485,0.028619451448321342
28,40,False,0.0,16,0.8052847385406494,0.27830517292022705,0.5727901458740234,0.028586065396666527
28,41,False,0.0,16,0.8056838512420654,0.27694860100746155,0.5726678371429443,0.028516491875052452
28,42,False,0.0,16,0.8070176243782043,0.2756039798259735,0.5729437470436096,0.02847430109977722
28,43,False,0.0,16,0.8076341152191162,0.2753775715827942,0.5732993483543396,0.02860116772353649
28,44,False,0.0,16,0.8080418705940247,0.2755444049835205,0.573404848575592,0.028636809438467026
28,45,False,0.0,16,0.8074373602867126,0.2762734293937683,0.5729402303695679,0.028470870107412338
28,46,False,0.0,16,0.8076198697090149,0.2762022316455841,0.5729466676712036,0.028498759493231773
28,47,False,0.0,16,0.8086154460906982,0.27519264817237854,0.5731784105300903,0.028578616678714752
28,48,False,0.0,16,0.8087784051895142,0.27530407905578613,0.5729824900627136,0.02851645089685917
28,49,False,0.0,16,0.8092707395553589,0.27477139234542847,0.5728563070297241,0.028478100895881653
28,50,False,0.0,16,0.8098156452178955,0.2745421230792999,0.5732043981552124,0.028403347358107567
28,51,False,0.0,16,0.8113466501235962,0.27342134714126587,0.573119044303894,0.02833261713385582
28,52,False,0.0,16,0.8135098218917847,0.2724836766719818,0.5733888149261475,0.028385471552610397
28,53,False,0.0,16,0.8151386976242065,0.2715737819671631,0.5735506415367126,0.0284082293510437
28,54,False,0.0,16,0.8169089555740356,0.2703574299812317,0.5734238624572754,0.02837592177093029
28,55,False,0.0,16,0.8173495531082153,0.2689265310764313,0.5732182860374451,0.02830546535551548
28,56,False,0.0,16,0.8174819350242615,0.26835179328918457,0.572965681552887,0.028233246877789497
28,57,False,0.0,16,0.8182483911514282,0.26743283867836,0.5733247995376587,0.028394091874361038
28,58,False,0.0,16,0.8196359276771545,0.2672363221645355,0.5734202861785889,0.028195032849907875
28,59,False,0.0,16,0.8199961185455322,0.26699480414390564,0.5731594562530518,0.0281293373554945
28,60,False,0.0,16,0.8191676735877991,0.26733288168907166,0.5734525322914124,0.028199991211295128
28,61,False,0.0,16,0.8172406554222107,0.268701434135437,0.5733338594436646,0.028092294931411743
28,62,False,0.0,16,0.8140618801116943,0.2693352699279785,0.5733173489570618,0.028093308210372925
28,63,False,0.0,16,0.8131065964698792,0.2705378830432892,0.5730782151222229,0.028070108965039253
28,64,False,0.0,16,0.8125123381614685,0.2710881233215332,0.573465883731842,0.028188567608594894
28,65,False,0.0,16,0.8114540576934814,0.27232226729393005,0.5734564065933228,0.028199536725878716
28,66,False,0.0,16,0.8111078143119812,0.27378401160240173,0.5738272666931152,0.02823985181748867
28,67,False,0.0,16,0.8095225095748901,0.27493518590927124,0.573883056640625,0.028240446001291275
28,68,False,0.0,16,0.809406042098999,0.27496910095214844,0.5742923021316528,0.028385646641254425
28,69,False,0.0,16,0.8099586367607117,0.2745549976825714,0.5737693309783936,0.0282380860298872
28,70,False,0.0,16,0.8102196455001831,0.2740524113178253,0.5737704038619995,0.028271891176700592
28,71,False,0.0,16,0.8106385469436646,0.2732241451740265,0.5735634565353394,0.0282458309084177
28,72,False,0.0,16,0.8119776248931885,0.27142852544784546,0.5734565854072571,0.028246277943253517
28,73,False,0.0,16,0.8120879530906677,0.2712633013725281,0.573837161064148,0.028382105752825737
28,74,False,0.0,16,0.8127497434616089,0.2711327075958252,0.5746963620185852,0.02857554331421852
28,75,False,0.0,16,0.8127821683883667,0.2710224986076355,0.574721097946167,0.028583703562617302
28,76,False,0.0,16,0.8130555152893066,0.27099108695983887,0.5745892524719238,0.02851841039955616
28,77,False,0.0,16,0.8130679130554199,0.27097806334495544,0.5746004581451416,0.0285225547850132
28,78,False,0.0,16,0.8131588697433472,0.2711856961250305,0.574589192867279,0.028507854789495468
28,79,False,0.0,16,0.812781572341919,0.2715153694152832,0.5745134353637695,0.02844664454460144
28,80,False,0.0,16,0.8128690719604492,0.27177467942237854,0.574720025062561,0.02849714830517769
28,81,False,0.0,16,0.8134428262710571,0.2719202935695648,0.5748649835586548,0.028495434671640396
28,82,False,0.0,16,0.8138270974159241,0.27190688252449036,0.5755708813667297,0.028660474345088005
28,83,False,0.0,16,0.8142995834350586,0.2714034914970398,0.5755332708358765,0.028649212792515755
28,84,False,0.0,16,0.8150914311408997,0.2707075774669647,0.5755526423454285,0.028633911162614822
28,85,False,0.0,16,0.8160867691040039,0.26996490359306335,0.5756748914718628,0.028665561228990555
28,86,False,0.0,16,0.8168394565582275,0.2695469260215759,0.5754858255386353,0.02859930321574211
28,87,False,0.0,16,0.8170621395111084,0.26941928267478943,0.5753757953643799,0.0285479836165905
28,88,False,0.0,16,0.8172928094863892,0.2693202495574951,0.5752424001693726,0.028501762077212334
29,0,False,0.0,0,0.7238245010375977,0.17963576316833496,0.5429337024688721,0.01907486282289028
29,1,False,0.0,1,0.8320915699005127,0.2572089731693268,0.5784203410148621,0.029755186289548874
29,2,False,0.0,2,0.8326002359390259,0.2566266357898712,0.5781849026679993,0.029629360884428024
29,3,False,0.0,3,0.8346442580223083,0.25534164905548096,0.5784721374511719,0.02974773943424225
29,4,False,0.0,4,0.835326075553894,0.2545679807662964,0.5784581899642944,0.029814178124070168
29,5,False,0.0,5,0.835017740726471,0.2542952597141266,0.5784534215927124,0.02981662005186081
29,6,False,0.0,6,0.8348833322525024,0.25451549887657166,0.5787773728370667,0.029937464743852615
29,7,False,0.0,7,0.8347030878067017,0.25446486473083496,0.5789110660552979,0.029986651614308357
29,8,False,0.0,8,0.83516526222229,0.254248708486557,0.5785708427429199,0.02988533489406109
29,9,False,0.0,9,0.835478663444519,0.2539387345314026,0.5781140923500061,0.02974080480635166
29,10,False,0.0,10,0.835784375667572,0.2538478970527649,0.5778127312660217,0.029741089791059494
29,11,False,0.0,11,0.8357062339782715,0.2537585496902466,0.5777406692504883,0.02973184362053871
29,12,False,0.0,12,0.8363927602767944,0.2535800039768219,0.5779089331626892,0.029853934422135353
29,13,False,0.0,13,0.8367125391960144,0.2533702552318573,0.5780361294746399,0.029916025698184967
29,14,False,0.0,14,0.837092399597168,0.2531711459159851,0.5781476497650146,0.030040470883250237
29,15,False,0.0,15,0.8371570706367493,0.2537437975406647,0.5778499841690063,0.029963096603751183
29,16,False,0.0,16,0.8373075127601624,0.25418195128440857,0.5777690410614014,0.030006438493728638
29,17,False,0.0,16,0.8367103338241577,0.2539554238319397,0.5776819586753845,0.0299494918435812
29,18,False,0.0,16,0.836079478263855,0.2543039619922638,0.5774914026260376,0.029899636283516884
29,19,False,0.0,16,0.8345969915390015,0.2554565370082855,0.5778001546859741,0.029981305822730064
29,20,False,0.0,16,0.8333913087844849,0.2562977373600006,0.5777832269668579,0.029952552169561386
29,21,False,0.0,16,0.8324040770530701,0.2572949230670929,0.577778697013855,0.02995605580508709
29,22,False,0.0,16,0.8312035799026489,0.25864723324775696,0.5777039527893066,0.030042074620723724
29,23,False,0.0,16,0.8309760689735413,0.25946876406669617,0.5780671834945679,0.03018816001713276
29,24,False,0.0,16,0.8299484252929688,0.2607714533805847,0.5785582065582275,0.03038945235311985
29,25,False,0.0,16,0.8282226324081421,0.2624368369579315,0.578266441822052,0.030264154076576233
29,26,False,0.0,16,0.8247876763343811,0.2652047276496887,0.5784167051315308,0.03035164624452591
29,27,False,0.0,16,0.8209905624389648,0.26780033111572266,0.578994631767273,0.030524659901857376
29,28,False,0.0,16,0.8189417123794556,0.2697272300720215,0.5792346000671387,0.03064565546810627
29,29,False,0.0,16,0.8173877000808716,0.2712242603302002,0.5790874361991882,0.030592698603868484
29,30,False,0.0,16,0.8156532049179077,0.27252060174942017,0.5786502361297607,0.030360450968146324
29,31,False,0.0,16,0.8148965835571289,0.2727997303009033,0.5789097547531128,0.030450135469436646
29,32,False,0.0,16,0.8145315647125244,0.2730197310447693,0.5788567662239075,0.030343005433678627
29,33,False,0.0,16,0.8136518001556396,0.2735545039176941,0.5785846710205078,0.03013431653380394
29,34,False,0.0,16,0.8117159605026245,0.2738039791584015,0.5781511068344116,0.02985016442835331
29,35,False,0.0,16,0.811244010925293,0.2730386555194855,0.5778944492340088,0.02962331287562847
29,36,False,0.0,16,0.8112950921058655,0.27254316210746765,0.5776651501655579,0.02957264333963394
29,37,False,0.0,16,0.8108738660812378,0.2725447416305542,0.5774911642074585,0.02951042726635933
29,38,True,0.019999999552965164,16,0.810948371887207,0.27261537313461304,0.5778080224990845,0.02958691120147705
29,39,True,0.05999999865889549,16,0.811071515083313,0.2722542881965637,0.5778254270553589,0.029597552493214607
29,40,True,0.10000000149011612,16,0.8112574815750122,0.27204182744026184,0.5778318643569946,0.029601851478219032
29,41,True,0.14000000059604645,16,0.8115687370300293,0.2711264491081238,0.5779223442077637,0.02960727922618389
29,42,True,0.18000000715255737,16,0.8119349479675293,0.27118122577667236,0.5775071382522583,0.02925744466483593
29,43,True,0.2199999988079071,16,0.8133964538574219,0.27046269178390503,0.5773577094078064,0.02916085533797741
29,44,True,0.25999999046325684,16,0.8152828216552734,0.2694101333618164,0.5765945911407471,0.028852375224232674
29,45,True,0.30000001192092896,16,0.8144718408584595,0.2701566815376282,0.5761762261390686,0.02858421765267849
29,46,True,0.3400000035762787,16,0.8136214017868042,0.2711741030216217,0.5759012699127197,0.028407171368598938
29,47,True,0.3799999952316284,16,0.8125403523445129,0.272641658782959,0.5753778219223022,0.028188450261950493
29,48,True,0.41999998688697815,16,0.8116194009780884,0.27288082242012024,0.5756530165672302,0.028286149725317955
29,49,True,0.46000000834465027,16,0.8128713369369507,0.271324098110199,0.5745391249656677,0.027900896966457367
29,50,True,0.5,16,0.813525378704071,0.27058646082878113,0.574495255947113,0.02788105420768261
29,51,True,0.5400000214576721,16,0.8151363134384155,0.26962822675704956,0.5733234286308289,0.02748274989426136
29,52,True,0.5799999833106995,16,0.8147683143615723,0.26895931363105774,0.5727862119674683,0.027228957042098045
29,53,True,0.6200000047683716,16,0.8153910040855408,0.268945574760437,0.5721599459648132,0.027006516233086586
29,54,True,0.6600000262260437,16,0.8162217736244202,0.26765382289886475,0.5721836090087891,0.026974106207489967
29,55,True,0.699999988079071,16,0.8168944120407104,0.26676374673843384,0.5717278718948364,0.026822449639439583
29,56,True,0.7400000095367432,16,0.8172743320465088,0.26576319336891174,0.5714583396911621,0.026683390140533447
29,57,True,0.7799999713897705,16,0.8161546587944031,0.2666909396648407,0.5707593560218811,0.02645985595881939
29,58,True,0.8199999928474426,16,0.8180181980133057,0.2659454047679901,0.5710399150848389,0.026635026559233665
29,59,True,0.8600000143051147,16,0.8171219229698181,0.2657875716686249,0.5704387426376343,0.026399821043014526
29,60,True,0.8999999761581421,16,0.8190116286277771,0.2634319067001343,0.5703418254852295,0.026264550164341927
29,61,True,0.9399999976158142,16,0.822526752948761,0.25277262926101685,0.5693759918212891,0.0257674939930439
29,62,True,0.9800000190734863,16,0.8225507736206055,0.25131064653396606,0.5674024820327759,0.02485346794128418
29,63,True,1.0,16,0.8221837878227234,0.2503504157066345,0.5579549074172974,0.021213671192526817
29,64,True,1.0,16,0.8227713108062744,0.24806615710258484,0.5581474304199219,0.0212598517537117
29,65,True,1.0,16,0.822843074798584,0.24830316007137299,0.55768883228302,0.021184980869293213
29,66,True,1.0,16,0.8228356838226318,0.24835531413555145,0.5576891899108887,0.02118397317826748
29,67,True,1.0,16,0.8228256702423096,0.24833695590496063,0.5576900243759155,0.021185146644711494
29,68,True,1.0,16,0.8228318095207214,0.24832622706890106,0.5576928853988647,0.021184032782912254
29,69,True,1.0,16,0.8228338956832886,0.24830882251262665,0.5576930642127991,0.02118440344929695
29,70,True,1.0,16,0.8228474259376526,0.24828284978866577,0.5576925873756409,0.02118401788175106
29,71,True,1.0,16,0.8228305578231812,0.2483035773038864,0.5576930046081543,0.021183758974075317
29,72,True,1.0,16,0.8228312730789185,0.24831202626228333,0.5576928853988647,0.021184049546718597
29,73,True,1.0,16,0.822723925113678,0.24908547103405,0.557159960269928,0.021139785647392273
29,74,True,1.0,16,0.8227221369743347,0.24910451471805573,0.5571640729904175,0.021140046417713165
29,75,True,1.0,16,0.8227123618125916,0.2491108626127243,0.55716472864151,0.021141400560736656
29,76,True,1.0,16,0.8227216601371765,0.2491009533405304,0.5571651458740234,0.021141748875379562
29,77,True,1.0,16,0.8227192759513855,0.24910612404346466,0.5571663975715637,0.021142104640603065
29,78,True,1.0,16,0.8227198719978333,0.24909581243991852,0.5571656823158264,0.021141374483704567
29,79,True,1.0,16,0.822719395160675,0.2490983009338379,0.5571662187576294,0.021141985431313515
29,80,True,1.0,16,0.8227179646492004,0.2490963488817215,0.5571660995483398,0.021142154932022095
29,81,True,1.0,16,0.8226085901260376,0.250046044588089,0.5566533207893372,0.021091239526867867
29,82,True,1.0,16,0.8225980997085571,0.2500404715538025,0.5566571950912476,0.02109430730342865
29,83,True,1.0,16,0.8226068019866943,0.2500142455101013,0.5566576719284058,0.02109406888484955
29,84,True,1.0,16,0.8226079940795898,0.2500147819519043,0.5566580295562744,0.02109370566904545
29,85,True,1.0,16,0.8225958347320557,0.2500540614128113,0.5566577911376953,0.021093610674142838
29,86,True,1.0,16,0.8225953578948975,0.25005483627319336,0.5566580295562744,0.021093374118208885
29,87,True,1.0,16,0.8225936889648438,0.25005805492401123,0.5566596984863281,0.0210934579372406
29,88,True,1.0,16,0.8225958347320557,0.250055730342865,0.5566592216491699,0.021093184128403664
29,89,True,1.0,16,0.8224419355392456,0.25089913606643677,0.5562394857406616,0.021062050014734268
29,90,True,1.0,16,0.8224432468414307,0.2508898973464966,0.5562398433685303,0.021063655614852905
29,91,True,1.0,16,0.8224440813064575,0.25088486075401306,0.5562421083450317,0.021063782274723053
29,92,True,1.0,16,0.8224411010742188,0.250885933637619,0.5562430620193481,0.021062955260276794
29,93,True,1.0,16,0.822454571723938,0.25088900327682495,0.5562440156936646,0.021063709631562233
29,94,False,0.0,16,0.8174565434455872,0.27431362867355347,0.5689644813537598,0.026231177151203156
29,95,False,0.0,16,0.8110644221305847,0.2778577506542206,0.5688278675079346,0.026147661730647087
29,96,False,0.0,16,0.8094381093978882,0.278735488653183,0.5691718459129333,0.026292335242033005
29,97,False,0.0,16,0.8085073232650757,0.2799733579158783,0.5685986280441284,0.02615426480770111
29,98,False,0.0,16,0.8060331344604492,0.28197890520095825,0.5689635276794434,0.02630019187927246
29,99,False,0.0,16,0.8040963411331177,0.28318023681640625,0.569334864616394,0.026416374370455742
29,100,False,0.0,16,0.8034905195236206,0.2831413149833679,0.569164514541626,0.026364784687757492
29,101,False,0.0,16,0.8031350374221802,0.2826482057571411,0.5690374374389648,0.02632259763777256
29,102,False,0.0,16,0.8031221628189087,0.28292715549468994,0.5693241357803345,0.026403330266475677
29,103,False,0.0,16,0.8036302328109741,0.28206878900527954,0.5688103437423706,0.02623557671904564
29,104,False,0.0,16,0.8036669492721558,0.28156551718711853,0.5689963102340698,0.026334643363952637
29,105,False,0.0,16,0.8042734861373901,0.2803118824958801,0.5689080953598022,0.026392703875899315
29,106,False,0.0,16,0.8053064942359924,0.27909547090530396,0.5683828592300415,0.02619619108736515
29,107,False,0.0,16,0.8061614632606506,0.2777688503265381,0.5685158967971802,0.026244988664984703
29,108,False,0.0,16,0.8070642948150635,0.2766636908054352,0.5684852600097656,0.026258833706378937
29,109,False,0.0,16,0.8081689476966858,0.2753336727619171,0.5688295364379883,0.02637234702706337
29,110,False,0.0,16,0.8092796802520752,0.2741696834564209,0.5685485601425171,0.02627178467810154
29,111,False,0.0,16,0.8114328384399414,0.2731831967830658,0.5688788890838623,0.026375146582722664
29,112,False,0.0,16,0.8120555877685547,0.27289465069770813,0.5687682628631592,0.026324117556214333
29,113,False,0.0,16,0.812067449092865,0.2730104923248291,0.5688035488128662,0.026335274800658226
29,114,False,0.0,16,0.8124097585678101,0.2725071310997009,0.5691453814506531,0.026470491662621498
29,115,False,0.0,16,0.8126351237297058,0.2719610333442688,0.5694422721862793,0.026511697098612785
29,116,False,0.0,16,0.8135263323783875,0.271508127450943,0.5696344375610352,0.026553170755505562
29,117,False,0.0,16,0.8151447772979736,0.2717300355434418,0.5693438649177551,0.026419607922434807
29,118,False,0.0,16,0.8160659074783325,0.27197104692459106,0.5692949891090393,0.02636880613863468
29,119,False,0.0,16,0.8170313835144043,0.271578848361969,0.5691090822219849,0.02629532851278782
29,120,False,0.0,16,0.8179994821548462,0.27094709873199463,0.5694034099578857,0.026389090344309807
29,121,False,0.0,16,0.8182363510131836,0.2703441083431244,0.5700966715812683,0.026677541434764862
29,122,False,0.0,16,0.81838059425354,0.2696717083454132,0.5702413320541382,0.026740320026874542
29,123,False,0.0,16,0.8185498714447021,0.26960843801498413,0.570258617401123,0.02676597610116005
29,124,False,0.0,16,0.8181988596916199,0.269681841135025,0.5702530741691589,0.02677488699555397
29,125,False,0.0,16,0.8180463910102844,0.26987171173095703,0.5702743530273438,0.026789888739585876
30,0,False,0.0,0,0.7623823881149292,0.18097470700740814,0.5383655428886414,0.01709706149995327
30,1,False,0.0,1,0.8386441469192505,0.2550511360168457,0.572601318359375,0.02778415009379387
30,2,False,0.0,2,0.8391672372817993,0.2543654441833496,0.572652280330658,0.027769774198532104
30,3,False,0.0,3,0.8399406671524048,0.25328412652015686,0.5733057260513306,0.02798675186932087
30,4,False,0.0,4,0.8404536843299866,0.2527805268764496,0.5734019875526428,0.028021514415740967
30,5,False,0.0,5,0.840609610080719,0.2527509033679962,0.5732904672622681,0.0279757771641016
30,6,False,0.0,6,0.8404780030250549,0.25310632586479187,0.5726953148841858,0.027772467583417892
30,7,False,0.0,7,0.8409366011619568,0.2527395188808441,0.5726587772369385,0.027763618156313896
30,8,False,0.0,8,0.8400614261627197,0.25305411219596863,0.5726077556610107,0.027761656790971756
30,9,False,0.0,9,0.839211106300354,0.25340667366981506,0.5724217891693115,0.0277353934943676
30,10,False,0.0,10,0.8384325504302979,0.2536830008029938,0.5724313855171204,0.027740029618144035
30,11,False,0.0,11,0.8375812768936157,0.2539943754673004,0.5729135274887085,0.027980322018265724
30,12,False,0.0,12,0.8370105028152466,0.25429657101631165,0.5727100372314453,0.027916911989450455
30,13,False,0.0,13,0.8362526893615723,0.2546981871128082,0.5726504325866699,0.027905378490686417
30,14,False,0.0,14,0.8351534605026245,0.255402535200119,0.5726044178009033,0.027891486883163452
30,15,False,0.0,15,0.8348879814147949,0.2556351125240326,0.5724251866340637,0.0278827715665102
30,16,False,0.0,16,0.8347520232200623,0.2557830512523651,0.5721266269683838,0.0277511328458786
30,17,False,0.0,16,0.8347290754318237,0.25578853487968445,0.5718034505844116,0.02760240249335766
30,18,False,0.0,16,0.8343377113342285,0.2558915317058563,0.5717564821243286,0.02758350409567356
30,19,False,0.0,16,0.8334163427352905,0.2562199831008911,0.5724612474441528,0.027936190366744995
30,20,False,0.0,16,0.8324819803237915,0.2566725015640259,0.5722364187240601,0.02787296287715435
30,21,False,0.0,16,0.8312926292419434,0.25737476348876953,0.5721168518066406,0.027851322665810585
30,22,False,0.0,16,0.829662561416626,0.25747162103652954,0.5719029307365417,0.02782926708459854
30,23,False,0.0,16,0.8283136487007141,0.25749409198760986,0.5717769861221313,0.027799075469374657
30,24,False,0.0,16,0.8270583152770996,0.257757306098938,0.5718172788619995,0.027827823534607887
30,25,False,0.0,16,0.8255454301834106,0.2585444152355194,0.5720574855804443,0.02788405679166317
30,26,False,0.0,16,0.8239685297012329,0.26060208678245544,0.5724120736122131,0.02800849638879299
30,27,False,0.0,16,0.8228577375411987,0.26240697503089905,0.5729663372039795,0.02834250032901764
30,28,False,0.0,16,0.822212815284729,0.264434814453125,0.5725293159484863,0.028130758553743362
30,29,True,0.042553190141916275,16,0.8200676441192627,0.26705196499824524,0.5737773180007935,0.028510818257927895
30,30,True,0.09574468433856964,16,0.8161948323249817,0.27038636803627014,0.5752440690994263,0.028984375298023224
30,31,True,0.1489361673593521,16,0.8119181394577026,0.2742157280445099,0.5758755803108215,0.029149185866117477
30,32,True,0.20212766528129578,16,0.8184006214141846,0.26371538639068604,0.5755144357681274,0.02915192022919655
30,33,True,0.25531914830207825,16,0.8220561742782593,0.25852900743484497,0.5748274326324463,0.028875451534986496
30,34,True,0.3085106313228607,16,0.8229135870933533,0.2581929564476013,0.575020968914032,0.028992464765906334
30,35,True,0.3617021143436432,16,0.8232371211051941,0.2577874958515167,0.5755412578582764,0.02928396314382553
30,36,True,0.41489362716674805,16,0.8223718404769897,0.2576793432235718,0.57485032081604,0.028905121609568596
30,37,True,0.4680851101875305,16,0.8213398456573486,0.2582511305809021,0.5749390721321106,0.028883451595902443
30,38,True,0.521276593208313,16,0.8202451467514038,0.2579033672809601,0.5747467279434204,0.028750477358698845
30,39,True,0.5744680762290955,16,0.8191487789154053,0.25814560055732727,0.5746080875396729,0.028675589710474014
30,40,True,0.6276595592498779,16,0.8189496994018555,0.25839391350746155,0.5746667981147766,0.028733359649777412
30,41,True,0.6808510422706604,16,0.8186246156692505,0.25904592871665955,0.5745187997817993,0.028638698160648346
30,42,True,0.7340425252914429,16,0.8183711171150208,0.2609154284000397,0.5742025375366211,0.028464792296290398
30,43,True,0.7872340679168701,16,0.8201419115066528,0.2612001299858093,0.5748435258865356,0.028815535828471184
30,44,True,0.8404255509376526,16,0.8206448554992676,0.2616105079650879,0.575282096862793,0.029082266613841057
30,45,True,0.8936170339584351,16,0.8212441205978394,0.26031121611595154,0.5736415982246399,0.028298716992139816
30,46,True,0.9468085169792175,16,0.8233017921447754,0.2579919099807739,0.5724862813949585,0.027718933299183846
30,47,True,1.0,16,0.8205066919326782,0.25808849930763245,0.5587668418884277,0.021841011941432953
30,48,True,1.0,16,0.8218111991882324,0.2555599808692932,0.5589522123336792,0.02187192440032959
30,49,True,1.0,16,0.8218111991882324,0.2555599808692932,0.5589522123336792,0.02187192440032959
30,50,True,1.0,16,0.8218111991882324,0.2555599808692932,0.5589522123336792,0.02187192440032959
30,51,True,1.0,16,0.8217501044273376,0.2557075321674347,0.5593934655189514,0.02202395536005497
30,52,True,1.0,16,0.8217461109161377,0.25572022795677185,0.5593973398208618,0.022022690623998642
30,53,True,1.0,16,0.8217458724975586,0.25572633743286133,0.5593973398208618,0.022021623328328133
30,54,True,1.0,16,0.8217223882675171,0.25572243332862854,0.5593969821929932,0.022022662684321404
30,55,True,1.0,16,0.8217219114303589,0.2557232677936554,0.5593969821929932,0.022021932527422905
30,56,True,1.0,16,0.8217209577560425,0.25572124123573303,0.5593956708908081,0.022022150456905365
30,57,True,1.0,16,0.8217191696166992,0.2557222247123718,0.5593961477279663,0.022021789103746414
30,58,True,1.0,16,0.8217196464538574,0.2557219862937927,0.5593968629837036,0.022021517157554626
30,59,True,1.0,16,0.8217486143112183,0.2557407319545746,0.5597240924835205,0.022213028743863106
30,60,True,1.0,16,0.8217270374298096,0.2557399868965149,0.5597248673439026,0.022214844822883606
30,61,True,1.0,16,0.8217297792434692,0.25575849413871765,0.559726893901825,0.022214334458112717
30,62,True,1.0,16,0.8217209577560425,0.2557630240917206,0.5597284436225891,0.022214721888303757
30,63,True,1.0,16,0.8217188119888306,0.2557660937309265,0.559727668762207,0.022213811054825783
30,64,True,1.0,16,0.8217180967330933,0.2557688057422638,0.559728741645813,0.022214043885469437
30,65,True,1.0,16,0.8217142820358276,0.25576284527778625,0.559729278087616,0.022215142846107483
30,66,True,1.0,16,0.8217147588729858,0.2557620704174042,0.5597286224365234,0.022213947027921677
30,67,True,1.0,16,0.8217160701751709,0.25569069385528564,0.5597976446151733,0.02229025959968567
30,68,True,1.0,16,0.8217161893844604,0.2557053864002228,0.5597977042198181,0.02228996716439724
30,69,True,1.0,16,0.8217254877090454,0.25572893023490906,0.5597960948944092,0.022290945053100586
30,70,True,1.0,16,0.8217180967330933,0.25572624802589417,0.5597959160804749,0.022291487082839012
30,71,False,0.0,16,0.8161696791648865,0.2706963121891022,0.5771620273590088,0.030653944239020348
30,72,False,0.0,16,0.8118583559989929,0.27260395884513855,0.5774610042572021,0.030804039910435677
30,73,False,0.0,16,0.8099719285964966,0.27449023723602295,0.577742338180542,0.030857237055897713
30,74,False,0.0,16,0.8089888095855713,0.2762063145637512,0.5777972936630249,0.030819742009043694
30,75,False,0.0,16,0.8097814321517944,0.27681031823158264,0.5779128074645996,0.03103133849799633
30,76,False,0.0,16,0.8095880746841431,0.27742642164230347,0.5777504444122314,0.031005939468741417
30,77,False,0.0,16,0.8095883727073669,0.2778908610343933,0.5780507326126099,0.031174831092357635
30,78,False,0.0,16,0.8098045587539673,0.2783587872982025,0.5777904987335205,0.03109678626060486
30,79,False,0.0,16,0.8101593852043152,0.27814409136772156,0.5777831077575684,0.031075742095708847
30,80,False,0.0,16,0.8109474778175354,0.27652910351753235,0.5780149698257446,0.031140470877289772
30,81,False,0.0,16,0.8120094537734985,0.27534788846969604,0.5784214735031128,0.031336236745119095
30,82,False,0.0,16,0.8128467798233032,0.2744331359863281,0.578461766242981,0.03138647601008415
30,83,False,0.0,16,0.814096212387085,0.27320146560668945,0.5787866115570068,0.031678274273872375
30,84,False,0.0,16,0.8149283528327942,0.2723328471183777,0.5792685747146606,0.03188878670334816
30,85,False,0.0,16,0.8151993751525879,0.2718968987464905,0.5792872905731201,0.0319024920463562
30,86,False,0.0,16,0.8155147433280945,0.2715582251548767,0.5794942378997803,0.03199024870991707
30,87,False,0.0,16,0.8154056072235107,0.2714412212371826,0.5795440673828125,0.03200577199459076
30,88,False,0.0,16,0.8156226873397827,0.2711732089519501,0.5794573426246643,0.031971193850040436
30,89,False,0.0,16,0.8159224987030029,0.2706954777240753,0.579314112663269,0.03191986307501793
30,90,False,0.0,16,0.8161496520042419,0.27014464139938354,0.5792462825775146,0.031870994716882706
30,91,False,0.0,16,0.8160657286643982,0.26927581429481506,0.5791000127792358,0.0318465419113636
30,92,False,0.0,16,0.8160438537597656,0.2683914303779602,0.5788825750350952,0.03174666315317154
30,93,False,0.0,16,0.8154674768447876,0.267884761095047,0.5785970687866211,0.031601205468177795
30,94,False,0.0,16,0.8146791458129883,0.2674557566642761,0.5787839293479919,0.031692538410425186
31,0,False,0.0,0,0.7445329427719116,0.1900932639837265,0.5423744916915894,0.020591434091329575
31,1,False,0.0,1,0.8315796852111816,0.2607177793979645,0.5780000686645508,0.03145606443285942
31,2,False,0.0,2,0.8321073055267334,0.2601235806941986,0.5780986547470093,0.031474869698286057
31,3,False,0.0,3,0.8332817554473877,0.258561909198761,0.5780572891235352,0.031409189105033875
31,4,False,0.0,4,0.8341153264045715,0.25757071375846863,0.5781612396240234,0.03138331323862076
31,5,False,0.0,5,0.8352105617523193,0.25642943382263184,0.5779819488525391,0.031248269602656364
31,6,False,0.0,6,0.8352747559547424,0.2563179135322571,0.5778070688247681,0.031159432604908943
31,7,False,0.0,7,0.8338727951049805,0.2569091022014618,0.5775893926620483,0.03104367107152939
31,8,False,0.0,8,0.8331364989280701,0.2570330798625946,0.5773283243179321,0.030888933688402176
31,9,False,0.0,9,0.8322024345397949,0.2569986581802368,0.5770336389541626,0.03077918291091919
31,10,False,0.0,10,0.8313455581665039,0.25722429156303406,0.5768665671348572,0.03074428252875805
31,11,False,0.0,11,0.8305013179779053,0.2573338449001312,0.5768593549728394,0.03081599250435829
31,12,False,0.0,12,0.8296725153923035,0.25804707407951355,0.5768622159957886,0.030729539692401886
31,13,False,0.0,13,0.8279646039009094,0.25952526926994324,0.5766016244888306,0.030632255598902702
31,14,False,0.0,14,0.8269291520118713,0.26087018847465515,0.5763461589813232,0.030551109462976456
31,15,False,0.0,15,0.825748860836029,0.26110702753067017,0.5759118795394897,0.030340326949954033
31,16,False,0.0,16,0.824853241443634,0.26093965768814087,0.5759210586547852,0.030357345938682556
31,17,False,0.0,16,0.8227155804634094,0.26207172870635986,0.5765066146850586,0.030576150864362717
31,18,False,0.0,16,0.8210427761077881,0.26508593559265137,0.5769127011299133,0.030809441581368446
31,19,False,0.0,16,0.8193535804748535,0.2667590081691742,0.5770310759544373,0.03075897879898548
31,20,False,0.0,16,0.8171277642250061,0.2690684497356415,0.5770430564880371,0.03063085861504078
31,21,False,0.0,16,0.8155933618545532,0.2710574269294739,0.5775299668312073,0.030738554894924164
31,22,False,0.0,16,0.8138880729675293,0.27279791235923767,0.5774404406547546,0.03068718872964382
31,23,False,0.0,16,0.8128868341445923,0.274520605802536,0.5777528285980225,0.03083154372870922
31,24,False,0.0,16,0.8119163513183594,0.27559995651245117,0.5778849124908447,0.03088264912366867
31,25,False,0.0,16,0.8112999200820923,0.2760871648788452,0.5779053568840027,0.030876651406288147
31,26,False,0.0,16,0.8093973398208618,0.2771802544593811,0.5780051946640015,0.030954621732234955
31,27,False,0.0,16,0.8086099624633789,0.2770662307739258,0.5781846046447754,0.03101029247045517
31,28,False,0.0,16,0.8079860210418701,0.2774759531021118,0.5779749155044556,0.030796701088547707
31,29,False,0.0,16,0.8074770569801331,0.2772360146045685,0.5779580473899841,0.030834587290883064
31,30,False,0.0,16,0.808387815952301,0.2770110070705414,0.5777043104171753,0.030759137123823166
31,31,False,0.0,16,0.8080156445503235,0.2774120271205902,0.5774179697036743,0.030645009130239487
31,32,False,0.0,16,0.8083539605140686,0.2776402235031128,0.5774526596069336,0.030649350956082344
31,33,False,0.0,16,0.808748722076416,0.2787820100784302,0.5771681070327759,0.030501248314976692
31,34,False,0.0,16,0.8090183734893799,0.2787005305290222,0.5772015452384949,0.030510874465107918
31,35,False,0.0,16,0.8096975088119507,0.2779562175273895,0.5773147344589233,0.030570831149816513
31,36,False,0.0,16,0.8108123540878296,0.27605682611465454,0.5775275826454163,0.030530713498592377
31,37,False,0.0,16,0.8114107847213745,0.2742086946964264,0.5775482654571533,0.030565205961465836
31,38,False,0.0,16,0.8121532201766968,0.2727186977863312,0.5777509212493896,0.0306557584553957
31,39,True,0.0234375,16,0.8127620220184326,0.27241674065589905,0.5781581997871399,0.03082316555082798
31,40,True,0.0625,16,0.8132361173629761,0.2720980942249298,0.5785295963287354,0.031026000156998634
31,41,True,0.1015625,16,0.8148862719535828,0.2715805172920227,0.5790207386016846,0.031187132000923157
31,42,True,0.140625,16,0.8147556781768799,0.2712741494178772,0.5783056020736694,0.030851438641548157
31,43,True,0.1796875,16,0.8166946768760681,0.26812171936035156,0.576623797416687,0.030187008902430534
31,44,True,0.21875,16,0.8166741132736206,0.2670634090900421,0.576740562915802,0.030177971348166466
31,45,True,0.2578125,16,0.8160334229469299,0.26395002007484436,0.5770220756530762,0.030291162431240082
31,46,True,0.296875,16,0.8179576992988586,0.26171350479125977,0.5774819850921631,0.03050156682729721
31,47,True,0.3359375,16,0.8188461661338806,0.2611491084098816,0.5768664479255676,0.03018002212047577
31,48,True,0.375,16,0.8186520338058472,0.26203349232673645,0.5769704580307007,0.030122505500912666
31,49,True,0.4140625,16,0.8185989856719971,0.2612033486366272,0.5768709778785706,0.030070099979639053
31,50,True,0.453125,16,0.8188115358352661,0.26099711656570435,0.5758652687072754,0.029674246907234192
31,51,True,0.4921875,16,0.8186619281768799,0.2603202164173126,0.5753518342971802,0.02949386090040207
31,52,True,0.53125,16,0.8187849521636963,0.25945332646369934,0.5743196606636047,0.028956543654203415
31,53,True,0.5703125,16,0.8191869258880615,0.259904682636261,0.5740461349487305,0.028818489983677864
31,54,True,0.609375,16,0.8189358711242676,0.2593666911125183,0.5735735893249512,0.02861289121210575
31,55,True,0.6484375,16,0.8187829852104187,0.2593189775943756,0.5735424757003784,0.028654921799898148
31,56,True,0.6875,16,0.8189841508865356,0.26013121008872986,0.5735489130020142,0.028687186539173126
31,57,True,0.7265625,16,0.819918155670166,0.26008039712905884,0.5742055177688599,0.028994238004088402
31,58,True,0.765625,16,0.8197525143623352,0.2596486508846283,0.5736703872680664,0.02876431867480278
31,59,True,0.8046875,16,0.8192212581634521,0.2597607374191284,0.5739631056785583,0.028947606682777405
31,60,True,0.84375,16,0.8199760913848877,0.2585202157497406,0.5743131637573242,0.029073506593704224
31,61,True,0.8828125,16,0.8210157752037048,0.2578781545162201,0.5743781328201294,0.02905198559165001
31,62,True,0.921875,16,0.8211889266967773,0.2573200464248657,0.5732364058494568,0.028474144637584686
31,63,True,0.9609375,16,0.8232144117355347,0.2539407014846802,0.5716865062713623,0.02781328558921814
31,64,True,1.0,16,0.8221548795700073,0.25461310148239136,0.560190737247467,0.022754618898034096
31,65,True,1.0,16,0.8226567506790161,0.25308576226234436,0.560350239276886,0.022797971963882446
31,66,True,1.0,16,0.8226567506790161,0.25308576226234436,0.560350239276886,0.022797971963882446
31,67,True,1.0,16,0.8226567506790161,0.25308576226234436,0.560350239276886,0.022797971963882446
31,68,True,1.0,16,0.8227778673171997,0.2527158260345459,0.5605154037475586,0.02283831499516964
31,69,True,1.0,16,0.8227767944335938,0.25274458527565,0.5605170130729675,0.022840049117803574
31,70,True,1.0,16,0.8227593898773193,0.2527286112308502,0.5605167150497437,0.022838536649942398
31,71,True,1.0,16,0.8227598667144775,0.2527293562889099,0.5605170130729675,0.022838439792394638
31,72,True,1.0,16,0.8227651119232178,0.2527298033237457,0.5605179071426392,0.02283882535994053
31,73,True,1.0,16,0.8227578997612,0.252726286649704,0.5605185031890869,0.022837834432721138
31,74,True,1.0,16,0.8227607011795044,0.2527267336845398,0.5605190992355347,0.022837301716208458
31,75,True,1.0,16,0.8227616548538208,0.2527236342430115,0.5605188608169556,0.022836977615952492
31,76,True,1.0,16,0.8228071928024292,0.25195369124412537,0.5604966878890991,0.02284703403711319
31,77,True,1.0,16,0.8228093981742859,0.2519553303718567,0.5604982972145081,0.022847630083560944
31,78,True,1.0,16,0.8228045701980591,0.25198328495025635,0.5604996085166931,0.02284754067659378
31,79,True,1.0,16,0.8228083848953247,0.2519659698009491,0.5604987144470215,0.022848891094326973
31,80,True,1.0,16,0.8228084444999695,0.25196895003318787,0.5605007410049438,0.022847682237625122
31,81,True,1.0,16,0.8228052854537964,0.25196680426597595,0.5604984164237976,0.022848404943943024
31,82,True,1.0,16,0.8228070139884949,0.2519680857658386,0.5604985356330872,0.022847620770335197
31,83,True,1.0,16,0.8228093981742859,0.2519696056842804,0.560498833656311,0.022848108783364296
31,84,True,1.0,16,0.8229905366897583,0.25084519386291504,0.560215950012207,0.02279643900692463
31,85,True,1.0,16,0.822995662689209,0.25085580348968506,0.5602238178253174,0.022797513753175735
31,86,True,1.0,16,0.8229973316192627,0.25085845589637756,0.5602239370346069,0.022798510268330574
31,87,True,1.0,16,0.8229823112487793,0.2508651912212372,0.5602244138717651,0.02279825694859028
31,88,True,1.0,16,0.822982668876648,0.25086885690689087,0.56022709608078,0.022799503058195114
31,89,True,1.0,16,0.822980523109436,0.2508625388145447,0.5602264404296875,0.0227984506636858
31,90,True,1.0,16,0.8229836225509644,0.250865638256073,0.5602256655693054,0.022798582911491394
31,91,True,1.0,16,0.8229802846908569,0.25086265802383423,0.5602259635925293,0.022799449041485786
31,92,True,1.0,16,0.8231121897697449,0.2494119256734848,0.5598505735397339,0.022660857066512108
31,93,True,1.0,16,0.8231192827224731,0.24940358102321625,0.559859037399292,0.022663041949272156
31,94,True,1.0,16,0.8231250047683716,0.24940843880176544,0.559860110282898,0.022664440795779228
31,95,True,1.0,16,0.8231202363967896,0.24941302835941315,0.559860348701477,0.022665200755000114
31,96,False,0.0,16,0.8220095634460449,0.26554787158966064,0.574541449546814,0.02945576421916485
31,97,False,0.0,16,0.817954421043396,0.26672860980033875,0.574312686920166,0.029313089326024055
31,98,False,0.0,16,0.8163762092590332,0.26863160729408264,0.5742970108985901,0.029349161311984062
31,99,False,0.0,16,0.8147071003913879,0.2702972888946533,0.5745776295661926,0.029507223516702652
31,100,False,0.0,16,0.8131715059280396,0.27207303047180176,0.5741778612136841,0.029318880289793015
31,101,False,0.0,16,0.8127899169921875,0.2733731269836426,0.5739641189575195,0.029256774112582207
31,102,False,0.0,16,0.8114423751831055,0.27458012104034424,0.5738832950592041,0.029273683205246925
31,103,False,0.0,16,0.8105666041374207,0.27564871311187744,0.574302077293396,0.029503164812922478
31,104,False,0.0,16,0.8095725774765015,0.2765084505081177,0.5742522478103638,0.029509440064430237
31,105,False,0.0,16,0.809141993522644,0.27697819471359253,0.5742621421813965,0.029530614614486694
31,106,False,0.0,16,0.8096351027488708,0.27706992626190186,0.5745328664779663,0.029600068926811218
31,107,False,0.0,16,0.8103747367858887,0.2766655385494232,0.5749505162239075,0.029754841700196266
31,108,False,0.0,16,0.8109473586082458,0.2760331928730011,0.5752602219581604,0.029735373333096504
31,109,False,0.0,16,0.8114449381828308,0.2748427391052246,0.5753946304321289,0.02979246713221073
31,110,False,0.0,16,0.8119820356369019,0.27410733699798584,0.5754719972610474,0.0298557598143816
31,111,False,0.0,16,0.8124980926513672,0.27331218123435974,0.5757635831832886,0.029974086210131645
31,112,False,0.0,16,0.8129383325576782,0.2729211151599884,0.5757343173027039,0.029941827058792114
31,113,False,0.0,16,0.8130385279655457,0.27268946170806885,0.5758771300315857,0.030008455738425255
31,114,False,0.0,16,0.8132952451705933,0.27202627062797546,0.5762637257575989,0.030182819813489914
31,115,False,0.0,16,0.8135263919830322,0.27179569005966187,0.5763052701950073,0.03021344542503357
31,116,False,0.0,16,0.8135523200035095,0.271761029958725,0.5763121247291565,0.03011210821568966
31,117,False,0.0,16,0.8140169382095337,0.27136319875717163,0.5759613513946533,0.030001362785696983
31,118,False,0.0,16,0.814530611038208,0.2712897062301636,0.576081395149231,0.030054716393351555
31,119,False,0.0,16,0.8148883581161499,0.27155259251594543,0.576118528842926,0.030094176530838013
31,120,False,0.0,16,0.8147913217544556,0.271781325340271,0.5761173963546753,0.03013021871447563
31,121,False,0.0,16,0.8149003982543945,0.2721633017063141,0.5761176347732544,0.03013686090707779
31,122,False,0.0,16,0.8148074150085449,0.27236172556877136,0.5759904384613037,0.030063677579164505
31,123,False,0.0,16,0.8145760893821716,0.2723028361797333,0.5757927894592285,0.029957933351397514
31,124,False,0.0,16,0.8134161233901978,0.2724122107028961,0.57630854845047,0.03003067709505558
31,125,False,0.0,16,0.8127050995826721,0.27201297879219055,0.5759745240211487,0.029909763485193253
31,126,False,0.0,16,0.8122233152389526,0.2721373736858368,0.5755441188812256,0.029637400060892105
31,127,False,0.0,16,0.8119739294052124,0.27260884642601013,0.5755751132965088,0.029648860916495323
31,128,False,0.0,16,0.8120884895324707,0.2730756103992462,0.5756574869155884,0.02965601161122322
32,0,False,0.0,0,0.7557587623596191,0.1848601996898651,0.5394310355186462,0.018177324905991554
32,1,False,0.0,1,0.8346774578094482,0.2595148980617523,0.575883686542511,0.02951778657734394
32,2,False,0.0,2,0.8346377611160278,0.2595273554325104,0.5758731365203857,0.029516728594899178
32,3,False,0.0,3,0.8346341848373413,0.25950029492378235,0.5764064788818359,0.029503842815756798
32,4,False,0.0,4,0.8352301716804504,0.2585413455963135,0.57668137550354,0.029598895460367203
32,5,False,0.0,5,0.8357793092727661,0.2579876780509949,0.5767942070960999,0.02963913045823574
32,6,False,0.0,6,0.8361856937408447,0.25740134716033936,0.5767724514007568,0.029601505026221275
32,7,False,0.0,7,0.8359658122062683,0.2572920620441437,0.57694011926651,0.029634419828653336
32,8,False,0.0,8,0.8362855911254883,0.2567652761936188,0.5770887136459351,0.029671186581254005
32,9,False,0.0,9,0.8364421129226685,0.2560423016548157,0.5770199298858643,0.029669195413589478
32,10,False,0.0,10,0.8363942503929138,0.2561928331851959,0.5766652822494507,0.029540877789258957
32,11,False,0.0,11,0.8360083699226379,0.2561594247817993,0.576988160610199,0.029395652934908867
32,12,False,0.0,12,0.8352441787719727,0.256985068321228,0.5767099857330322,0.029317431151866913
32,13,False,0.0,13,0.8337873220443726,0.2577311396598816,0.576744794845581,0.029357092455029488
32,14,False,0.0,14,0.8324803113937378,0.2587445080280304,0.5767126083374023,0.029346516355872154
32,15,False,0.0,15,0.83114093542099,0.25943052768707275,0.5763773322105408,0.02924177423119545
32,16,False,0.0,16,0.8295987844467163,0.2596323490142822,0.5756720304489136,0.029025088995695114
32,17,False,0.0,16,0.8281981348991394,0.26093190908432007,0.5758092403411865,0.029087550938129425
32,18,False,0.0,16,0.8267077803611755,0.26259690523147583,0.5753148198127747,0.02892436645925045
32,19,False,0.0,16,0.826006293296814,0.2640431225299835,0.5764554142951965,0.029085291549563408
32,20,False,0.0,16,0.8249496221542358,0.2655150890350342,0.5764808058738708,0.029095401987433434
32,21,False,0.0,16,0.8240863680839539,0.2663595676422119,0.5763708353042603,0.02911067195236683
32,22,False,0.0,16,0.8227791786193848,0.2679844796657562,0.5760369896888733,0.028956957161426544
32,23,False,0.0,16,0.821746826171875,0.2689885199069977,0.575961709022522,0.028874441981315613
32,24,False,0.0,16,0.8210482597351074,0.26938214898109436,0.5761317014694214,0.02897089533507824
32,25,False,0.0,16,0.820497989654541,0.2698315680027008,0.5759623646736145,0.028897786512970924
32,26,False,0.0,16,0.8197731971740723,0.27064090967178345,0.5756455659866333,0.028782064095139503
32,27,False,0.0,16,0.8191983699798584,0.2712557017803192,0.5766382813453674,0.028839800506830215
32,28,False,0.0,16,0.8189226388931274,0.27141425013542175,0.5767203569412231,0.02887505292892456
32,29,False,0.0,16,0.8178644180297852,0.2724539041519165,0.5763194561004639,0.0287276953458786
32,30,False,0.0,16,0.8168556690216064,0.2733755111694336,0.5767757892608643,0.028877267614006996
32,31,False,0.0,16,0.8144161701202393,0.2746811509132385,0.5767155885696411,0.02881287783384323
32,32,False,0.0,16,0.8129837512969971,0.27648887038230896,0.5770211219787598,0.028895018622279167
32,33,False,0.0,16,0.8112504482269287,0.2784719467163086,0.5773781538009644,0.02898106724023819
32,34,True,0.008771929889917374,16,0.8088897466659546,0.2793273329734802,0.5780653357505798,0.029249493032693863
32,35,True,0.048672568053007126,16,0.8215377330780029,0.2658518850803375,0.5794522762298584,0.02950730361044407
32,36,True,0.09292035549879074,16,0.8233642578125,0.2600797712802887,0.5795701146125793,0.02941560372710228
32,37,True,0.13716813921928406,16,0.8227789402008057,0.26048240065574646,0.5784189701080322,0.02897770330309868
32,38,True,0.18141593039035797,16,0.8220926523208618,0.25729620456695557,0.5775855183601379,0.02873404696583748
32,39,True,0.22566372156143188,16,0.82143235206604,0.2547335922718048,0.5775009393692017,0.02872760035097599
32,40,True,0.2699114978313446,16,0.8207970857620239,0.256855309009552,0.5782582759857178,0.029026102274656296
32,41,True,0.3141593039035797,16,0.8205244541168213,0.2534946799278259,0.578750729560852,0.029173605144023895
32,42,True,0.35840708017349243,16,0.8205693960189819,0.2527206242084503,0.578438401222229,0.029019398614764214
32,43,True,0.40265485644340515,16,0.8214840888977051,0.2549285292625427,0.5793255567550659,0.02919839136302471
32,44,True,0.44690266251564026,16,0.8194243907928467,0.2536599040031433,0.5795925855636597,0.02928626723587513
32,45,True,0.491150438785553,16,0.8168540596961975,0.2521209716796875,0.5803236961364746,0.02956700697541237
32,46,True,0.5353982448577881,16,0.8158756494522095,0.25212112069129944,0.5799678564071655,0.029425786808133125
32,47,True,0.5796459913253784,16,0.8159752488136292,0.25204595923423767,0.5796756744384766,0.029311131685972214
32,48,True,0.6238937973976135,16,0.8169786930084229,0.2528594434261322,0.5789804458618164,0.029047168791294098
32,49,True,0.6681416034698486,16,0.8167043924331665,0.25266894698143005,0.5787684917449951,0.02895067073404789
32,50,True,0.7123894095420837,16,0.8162703514099121,0.2520071864128113,0.5777435302734375,0.028563708066940308
32,51,True,0.7566371560096741,16,0.8159154653549194,0.2513976991176605,0.5783507823944092,0.028634967282414436
32,52,True,0.8008849620819092,16,0.817047119140625,0.2522980272769928,0.5794849395751953,0.029075702652335167
32,53,True,0.8451327681541443,16,0.8194310665130615,0.25165754556655884,0.5788643956184387,0.02886379323899746
32,54,True,0.8893805146217346,16,0.8211455345153809,0.25204235315322876,0.5781786441802979,0.02856392227113247
32,55,True,0.9336283206939697,16,0.8228253126144409,0.2515728771686554,0.5772205591201782,0.028143620118498802
32,56,True,0.9778761267662048,16,0.82262122631073,0.2523399889469147,0.5737824440002441,0.026617232710123062
32,57,True,1.0,16,0.8216999769210815,0.25428661704063416,0.5608399510383606,0.0217406265437603
32,58,True,1.0,16,0.8220372200012207,0.2473825067281723,0.5609983205795288,0.021769829094409943
32,59,True,1.0,16,0.822145938873291,0.24770835041999817,0.5615257620811462,0.02190086618065834
32,60,True,1.0,16,0.8221471309661865,0.24772943556308746,0.5615265369415283,0.0219010841101408
32,61,True,1.0,16,0.8221455812454224,0.24774394929409027,0.561526358127594,0.02189982682466507
32,62,True,1.0,16,0.8221529722213745,0.24774007499217987,0.5615278482437134,0.021899275481700897
32,63,True,1.0,16,0.822152853012085,0.247743621468544,0.5615285634994507,0.02189868688583374
32,64,True,1.0,16,0.8221561908721924,0.24774424731731415,0.5615279078483582,0.021899830549955368
32,65,True,1.0,16,0.8221523761749268,0.2477460503578186,0.561527669429779,0.02189868688583374
32,66,True,1.0,16,0.8221578598022461,0.24774451553821564,0.5615278482437134,0.021899322047829628
32,67,True,1.0,16,0.8222756385803223,0.24750196933746338,0.5621132850646973,0.022075410932302475
32,68,True,1.0,16,0.8222767114639282,0.2475661188364029,0.5621078610420227,0.022074127569794655
32,69,True,1.0,16,0.8222826719284058,0.2475806027650833,0.5621024370193481,0.02207355573773384
32,70,True,1.0,16,0.8222604990005493,0.24764657020568848,0.5621026754379272,0.022072918713092804
32,71,True,1.0,16,0.8222699165344238,0.24765439331531525,0.5621037483215332,0.022074302658438683
32,72,True,1.0,16,0.8222669363021851,0.2476666271686554,0.5621025562286377,0.02207343839108944
32,73,True,1.0,16,0.8222687244415283,0.24766148626804352,0.562100887298584,0.02207333594560623
32,74,True,1.0,16,0.8222682476043701,0.2476644515991211,0.5621011257171631,0.022073404863476753
32,75,True,1.0,16,0.8222997188568115,0.2467048317193985,0.5625871419906616,0.022247256711125374
32,76,True,1.0,16,0.822303295135498,0.24678270518779755,0.562582790851593,0.022247936576604843
32,77,True,1.0,16,0.8223172426223755,0.24681225419044495,0.562584638595581,0.022247744724154472
32,78,True,1.0,16,0.822327733039856,0.2468218356370926,0.562584400177002,0.02224864810705185
32,79,True,1.0,16,0.8223321437835693,0.24682386219501495,0.5625852346420288,0.022248929366469383
32,80,True,1.0,16,0.8223251104354858,0.24681727588176727,0.5625854134559631,0.02224920131266117
32,81,True,1.0,16,0.8223251104354858,0.2468160092830658,0.5625839233398438,0.02224651351571083
32,82,True,1.0,16,0.822323203086853,0.2468174695968628,0.5625826120376587,0.02224639430642128
32,83,True,1.0,16,0.8224319219589233,0.2465692162513733,0.5628553628921509,0.022359194234013557
32,84,True,1.0,16,0.822444498538971,0.24662038683891296,0.5628537535667419,0.022358305752277374
32,85,False,0.0,16,0.8237849473953247,0.266329824924469,0.5836938619613647,0.030613180249929428
32,86,False,0.0,16,0.8177065849304199,0.2695663869380951,0.5838279724121094,0.03063800558447838
32,87,False,0.0,16,0.8160940408706665,0.2707679271697998,0.5833141803741455,0.030426813289523125
32,88,False,0.0,16,0.8145241737365723,0.27251869440078735,0.5839371681213379,0.03070056065917015
32,89,False,0.0,16,0.8113714456558228,0.2756180763244629,0.5833396911621094,0.030557630583643913
32,90,False,0.0,16,0.8108543753623962,0.2763141691684723,0.5832542181015015,0.030535908415913582
32,91,False,0.0,16,0.8109235763549805,0.27692365646362305,0.5833430290222168,0.030547942966222763
32,92,False,0.0,16,0.8104929327964783,0.2774256467819214,0.5834112167358398,0.03059600293636322
32,93,False,0.0,16,0.8101763129234314,0.27727293968200684,0.5838429927825928,0.030723173171281815
32,94,False,0.0,16,0.8099391460418701,0.27765458822250366,0.5845836997032166,0.03103550337255001
32,95,False,0.0,16,0.8098168969154358,0.277108758687973,0.5847036838531494,0.031005682423710823
32,96,False,0.0,16,0.8096828460693359,0.2769416570663452,0.5848228931427002,0.031146585941314697
32,97,False,0.0,16,0.8092501163482666,0.2763592302799225,0.5852251052856445,0.031281933188438416
32,98,False,0.0,16,0.8085986375808716,0.27600523829460144,0.5852068662643433,0.03128381818532944
32,99,False,0.0,16,0.8098872900009155,0.2752797603607178,0.5848197937011719,0.031148824840784073
32,100,False,0.0,16,0.8109369277954102,0.27480748295783997,0.5845084190368652,0.031041225418448448
32,101,False,0.0,16,0.8117870092391968,0.2741968631744385,0.584543764591217,0.031054014340043068
32,102,False,0.0,16,0.8124499320983887,0.2736644744873047,0.5847474932670593,0.031116075813770294
32,103,False,0.0,16,0.8124095797538757,0.2733213007450104,0.5842764377593994,0.030925709754228592
32,104,False,0.0,16,0.8128486275672913,0.27274906635284424,0.584148108959198,0.03088480792939663
32,105,False,0.0,16,0.8128933906555176,0.2716309130191803,0.5844743847846985,0.03103794902563095
32,106,False,0.0,16,0.8134795427322388,0.2713142931461334,0.584608793258667,0.031067095696926117
32,107,False,0.0,16,0.8137046098709106,0.2716846168041229,0.584198534488678,0.030980149284005165
32,108,False,0.0,16,0.8133805394172668,0.2719082832336426,0.5840600728988647,0.0309307761490345
32,109,False,0.0,16,0.8129314184188843,0.2721003293991089,0.584114134311676,0.030897600576281548
32,110,False,0.0,16,0.8127962350845337,0.2724013924598694,0.5842840671539307,0.030908597633242607
32,111,False,0.0,16,0.8126111030578613,0.27257293462753296,0.584518313407898,0.030938751995563507
32,112,False,0.0,16,0.812422513961792,0.2727257311344147,0.5843777060508728,0.030897213146090508
32,113,False,0.0,16,0.811920166015625,0.27234989404678345,0.5844833850860596,0.03094640001654625
33,0,False,0.0,0,0.7562294006347656,0.18054501712322235,0.5493789911270142,0.021552566438913345
33,1,False,0.0,1,0.8370665907859802,0.25647348165512085,0.5851348638534546,0.03145882859826088
33,2,False,0.0,2,0.837708055973053,0.2558504641056061,0.5849302411079407,0.031388603150844574
33,3,False,0.0,3,0.8381140232086182,0.2550167739391327,0.5847839117050171,0.031334150582551956
33,4,False,0.0,4,0.8384654521942139,0.25468480587005615,0.5846517086029053,0.03131229430437088
33,5,False,0.0,5,0.8389373421669006,0.2542456090450287,0.5845520496368408,0.03127584233880043
33,6,False,0.0,6,0.8389486074447632,0.25391098856925964,0.5843641757965088,0.031189274042844772
33,7,False,0.0,7,0.8389798402786255,0.25384774804115295,0.5843071341514587,0.031184419989585876
33,8,False,0.0,8,0.8390083312988281,0.2537795901298523,0.5840710401535034,0.031095419079065323
33,9,False,0.0,9,0.8390156030654907,0.25374025106430054,0.5829050540924072,0.030829373747110367
33,10,False,0.0,10,0.8389137983322144,0.25375792384147644,0.5825909376144409,0.03070281632244587
33,11,False,0.0,11,0.8384419679641724,0.25390374660491943,0.5822740793228149,0.030592534691095352
33,12,False,0.0,12,0.8385345935821533,0.25406166911125183,0.582105815410614,0.030547471717000008
33,13,False,0.0,13,0.8380959033966064,0.2545585334300995,0.5817922353744507,0.03045632503926754
33,14,False,0.0,14,0.8375983238220215,0.25503501296043396,0.5815402269363403,0.030368803068995476
33,15,False,0.0,15,0.8363856673240662,0.2556837201118469,0.5814703702926636,0.03034343756735325
33,16,False,0.0,16,0.8358710408210754,0.25586941838264465,0.5814602375030518,0.030353926122188568
33,17,False,0.0,16,0.835358738899231,0.25626200437545776,0.5806106328964233,0.0301539096981287
33,18,False,0.0,16,0.8341212272644043,0.2569301128387451,0.5805127620697021,0.03013024292886257
33,19,False,0.0,16,0.8328720927238464,0.257639080286026,0.5805147290229797,0.030129197984933853
33,20,False,0.0,16,0.8314245939254761,0.2581664025783539,0.5804481506347656,0.030132412910461426
33,21,False,0.0,16,0.8300594091415405,0.2587784230709076,0.5803543329238892,0.030116716399788857
33,22,False,0.0,16,0.8290233612060547,0.259400874376297,0.5806812047958374,0.03027678094804287
33,23,False,0.0,16,0.8275749683380127,0.26044341921806335,0.5806541442871094,0.030276460573077202
33,24,False,0.0,16,0.8264411687850952,0.26131394505500793,0.5809151530265808,0.03041054867208004
33,25,False,0.0,16,0.8253157138824463,0.26253050565719604,0.580165445804596,0.03018992953002453
33,26,False,0.0,16,0.824498176574707,0.26333388686180115,0.5797123908996582,0.030025700107216835
33,27,False,0.0,16,0.8239050507545471,0.2639458477497101,0.5792751312255859,0.029822789132595062
33,28,False,0.0,16,0.8235443830490112,0.26478442549705505,0.5788592100143433,0.029664259403944016
33,29,False,0.0,16,0.8225183486938477,0.2653747797012329,0.5787164568901062,0.029644744470715523
33,30,False,0.0,16,0.8220361471176147,0.2659819722175598,0.5789108872413635,0.029759634286165237
33,31,False,0.0,16,0.8212106227874756,0.26686638593673706,0.5786423683166504,0.029669828712940216
33,32,False,0.0,16,0.8199054002761841,0.2678564190864563,0.5789836645126343,0.029783857986330986
33,33,False,0.0,16,0.8189796209335327,0.2687641680240631,0.5783131718635559,0.029566016048192978
33,34,False,0.0,16,0.8181341290473938,0.26945602893829346,0.578485369682312,0.029635006561875343
33,35,False,0.0,16,0.817229688167572,0.27056846022605896,0.578784704208374,0.029734544456005096
33,36,False,0.0,16,0.8164437413215637,0.27137503027915955,0.5789083242416382,0.029747234657406807
33,37,False,0.0,16,0.815827488899231,0.2721148729324341,0.5794775485992432,0.02998199686408043
33,38,False,0.0,16,0.8154118061065674,0.2728050947189331,0.579857349395752,0.030143462121486664
33,39,False,0.0,16,0.815315842628479,0.27294617891311646,0.5800777673721313,0.03017883375287056
33,40,False,0.0,16,0.814857006072998,0.27410081028938293,0.5796729326248169,0.030040089040994644
33,41,False,0.0,16,0.8143436908721924,0.2746772766113281,0.5789598226547241,0.029709987342357635
33,42,False,0.0,16,0.8135772347450256,0.275042325258255,0.5786345601081848,0.02959306538105011
33,43,False,0.0,16,0.813062846660614,0.2750866115093231,0.5784876346588135,0.029553212225437164
33,44,False,0.0,16,0.8126814961433411,0.27503061294555664,0.5782440900802612,0.02948782779276371
33,45,False,0.0,16,0.8127806186676025,0.274435818195343,0.5781309604644775,0.02946239337325096
33,46,False,0.0,16,0.8129668235778809,0.27351319789886475,0.5783736705780029,0.02957307919859886
33,47,False,0.0,16,0.8129867315292358,0.272994726896286,0.5785770416259766,0.029661796987056732
33,48,False,0.0,16,0.812703013420105,0.27257591485977173,0.5785337686538696,0.029630526900291443
33,49,False,0.0,16,0.8114498257637024,0.27305173873901367,0.5783079862594604,0.02955813892185688
33,50,True,0.024390242993831635,16,0.8123821020126343,0.27177393436431885,0.5786393880844116,0.029705630615353584
33,51,True,0.05487804859876633,16,0.8128358125686646,0.27089816331863403,0.5787668228149414,0.029750877991318703
33,52,True,0.08536585420370102,16,0.8137165307998657,0.26770612597465515,0.5776513814926147,0.029269728809595108
33,53,True,0.11585365980863571,16,0.8137133121490479,0.2667856812477112,0.5774843096733093,0.029113685712218285
33,54,True,0.1463414579629898,16,0.8220946788787842,0.2583885192871094,0.5771857500076294,0.02897326461970806
33,55,True,0.1768292635679245,16,0.8198944330215454,0.2611978054046631,0.57658851146698,0.02870703488588333
33,56,True,0.2073170691728592,16,0.8207283020019531,0.25972720980644226,0.5767251253128052,0.028779229149222374
33,57,True,0.23780487477779388,16,0.8199599981307983,0.25957629084587097,0.5766454935073853,0.02878279611468315
33,58,True,0.26829269528388977,16,0.8195234537124634,0.26017701625823975,0.5769710540771484,0.028883477672934532
33,59,True,0.29878050088882446,16,0.8190568089485168,0.2611313462257385,0.5772204399108887,0.029008615761995316
33,60,True,0.32926830649375916,16,0.8190714716911316,0.2616383731365204,0.5772045850753784,0.028956495225429535
33,61,True,0.35975611209869385,16,0.8200806975364685,0.25628408789634705,0.5770349502563477,0.02883647382259369
33,62,True,0.39024388790130615,16,0.8200899362564087,0.25619977712631226,0.5767664909362793,0.028731703758239746
33,63,True,0.42073169350624084,16,0.8201563358306885,0.25560280680656433,0.57683926820755,0.028781548142433167
33,64,True,0.45121949911117554,16,0.8207378387451172,0.2542051076889038,0.5769054293632507,0.02879238873720169
33,65,True,0.48170730471611023,16,0.8217958211898804,0.2530616521835327,0.5758979320526123,0.0285162553191185
33,66,True,0.5121951103210449,16,0.8231981992721558,0.2525416910648346,0.5757182240486145,0.02844010666012764
33,67,True,0.542682945728302,16,0.825050950050354,0.25268760323524475,0.5758317708969116,0.028510086238384247
33,68,True,0.5731707215309143,16,0.825655460357666,0.2541968524456024,0.575546383857727,0.02832060679793358
33,69,True,0.6036585569381714,16,0.8245155811309814,0.2558217942714691,0.5759555101394653,0.028429856523871422
33,70,True,0.6341463327407837,16,0.8243485689163208,0.25831082463264465,0.5753350257873535,0.028223853558301926
33,71,True,0.6646341681480408,16,0.8236351609230042,0.258429616689682,0.575078010559082,0.0281051117926836
33,72,True,0.6951219439506531,16,0.822085440158844,0.25967976450920105,0.5745787620544434,0.02790938876569271
33,73,True,0.7256097793579102,16,0.8212856650352478,0.2600032091140747,0.5732404589653015,0.027525391429662704
33,74,True,0.7560975551605225,16,0.8210687041282654,0.2598753273487091,0.5725442171096802,0.02730100229382515
33,75,True,0.7865853905677795,16,0.8219253420829773,0.25886306166648865,0.572293758392334,0.027173681184649467
33,76,True,0.8170731663703918,16,0.8217494487762451,0.25949007272720337,0.5724631547927856,0.02727656252682209
33,77,True,0.8475610017776489,16,0.8212344646453857,0.26015719771385193,0.5725381374359131,0.027304524555802345
33,78,True,0.8780487775802612,16,0.8212989568710327,0.259723037481308,0.5727273225784302,0.027324071153998375
33,79,True,0.9085366129875183,16,0.8213841319084167,0.259317547082901,0.5719597339630127,0.02704213745892048
33,80,True,0.9390243887901306,16,0.8209733963012695,0.2592296898365021,0.5716035962104797,0.026846343651413918
33,81,True,0.9695122241973877,16,0.8208589553833008,0.2594844400882721,0.5709635019302368,0.026523638516664505
33,82,True,1.0,16,0.8201203942298889,0.26130345463752747,0.5595459938049316,0.021904461085796356
33,83,True,1.0,16,0.8203685879707336,0.2604992687702179,0.5596655607223511,0.02194623462855816
33,84,True,1.0,16,0.8203685879707336,0.2604992687702179,0.5596655607223511,0.02194623462855816
33,85,True,1.0,16,0.8203685879707336,0.2604992687702179,0.5596655607223511,0.02194623462855816
33,86,True,1.0,16,0.8203685879707336,0.2604992687702179,0.5596655607223511,0.02194623462855816
33,87,True,1.0,16,0.8203685879707336,0.2604992687702179,0.5596655607223511,0.02194623462855816
33,88,True,1.0,16,0.8203685879707336,0.2604992687702179,0.5596655607223511,0.02194623462855816
33,89,True,1.0,16,0.8204352855682373,0.26007258892059326,0.5600324273109436,0.021976515650749207
33,90,True,1.0,16,0.8204483985900879,0.2600741982460022,0.5600361824035645,0.021978452801704407
33,91,True,1.0,16,0.8204503059387207,0.2600734829902649,0.5600390434265137,0.021978771314024925
33,92,True,1.0,16,0.8204689025878906,0.26010093092918396,0.5600390434265137,0.021978069096803665
33,93,True,1.0,16,0.8204712867736816,0.26009833812713623,0.5600382089614868,0.021979568526148796
33,94,True,1.0,16,0.8204613924026489,0.2600950300693512,0.5600396394729614,0.021979665383696556
33,95,True,1.0,16,0.8204652070999146,0.26009663939476013,0.5600399971008301,0.02197979763150215
33,96,True,1.0,16,0.8204628229141235,0.26009491086006165,0.5600396990776062,0.021979235112667084
33,97,True,1.0,16,0.8205962181091309,0.25958260893821716,0.5601413249969482,0.021943731233477592
33,98,True,1.0,16,0.820609450340271,0.2595864534378052,0.5601423978805542,0.021944349631667137
33,99,True,1.0,16,0.8206022381782532,0.25960710644721985,0.5601437091827393,0.021945126354694366
33,100,True,1.0,16,0.8205977082252502,0.25960564613342285,0.5601442456245422,0.0219448059797287
33,101,True,1.0,16,0.8205999732017517,0.2596052885055542,0.5601434707641602,0.021944250911474228
33,102,True,1.0,16,0.8206016421318054,0.2596023380756378,0.5601441860198975,0.021945325657725334
33,103,True,1.0,16,0.8206009268760681,0.2596043646335602,0.5601447820663452,0.021946417167782784
33,104,True,1.0,16,0.8206018805503845,0.2596037983894348,0.560144305229187,0.02194611355662346
