episode_id,timestep,occlusion_flag,occlusion_strength,history_size,cog_alpha_mean,cog_alpha_std,per_alpha_mean,per_alpha_std
0,0,False,0.0,0,0.7331323623657227,0.1803007274866104,0.5024343729019165,0.0031319684349000454
0,1,False,0.0,1,0.8047133684158325,0.25195103883743286,0.5087085962295532,0.014027439057826996
0,2,False,0.0,2,0.8047446012496948,0.25205737352371216,0.5089523792266846,0.013982495293021202
0,3,False,0.0,3,0.8048202395439148,0.25307366251945496,0.5088851451873779,0.014127629809081554
0,4,False,0.0,4,0.8049157857894897,0.2541654407978058,0.5087716579437256,0.01420548651367426
0,5,False,0.0,5,0.8036059141159058,0.2553866505622864,0.5085701942443848,0.01432754285633564
0,6,False,0.0,6,0.8017308712005615,0.2568928599357605,0.5080835819244385,0.014174047857522964
0,7,False,0.0,7,0.8000002503395081,0.2579209506511688,0.507692277431488,0.014215662144124508
0,8,False,0.0,8,0.7991904020309448,0.25799378752708435,0.5081431865692139,0.013643703423440456
0,9,False,0.0,9,0.7970419526100159,0.25967034697532654,0.5086201429367065,0.013560962863266468
0,10,False,0.0,10,0.7946768999099731,0.2619813084602356,0.5079582929611206,0.013597908429801464
0,11,False,0.0,11,0.7920442819595337,0.26398709416389465,0.5086650252342224,0.013642415404319763
0,12,False,0.0,12,0.7900826930999756,0.26591384410858154,0.5088638067245483,0.013558412902057171
0,13,False,0.0,13,0.7880278825759888,0.26798930764198303,0.5088591575622559,0.013496859930455685
0,14,False,0.0,14,0.7857261896133423,0.2700381577014923,0.5089923739433289,0.013539479114115238
0,15,False,0.0,15,0.7837578654289246,0.2717255651950836,0.5088135600090027,0.01342670526355505
0,16,False,0.0,16,0.7820125222206116,0.2732197344303131,0.5077547430992126,0.013619200326502323
0,17,False,0.0,16,0.7798916101455688,0.274990439414978,0.5078370571136475,0.013606449589133263
0,18,False,0.0,16,0.7788661122322083,0.27569296956062317,0.5082863569259644,0.013678773306310177
0,19,False,0.0,16,0.777286171913147,0.2768760025501251,0.5087125301361084,0.01368694007396698
0,20,False,0.0,16,0.7754462361335754,0.27840927243232727,0.509125828742981,0.013753148727118969
0,21,False,0.0,16,0.7752113342285156,0.27815619111061096,0.5090482234954834,0.01379095297306776
0,22,False,0.0,16,0.7743412852287292,0.2778339385986328,0.5088508725166321,0.013844375498592854
0,23,False,0.0,16,0.7736517190933228,0.2786707580089569,0.5091812014579773,0.013861545361578465
0,24,False,0.0,16,0.7740674018859863,0.2777092754840851,0.508660078048706,0.01408297847956419
0,25,False,0.0,16,0.7743892073631287,0.2768455147743225,0.5088191032409668,0.014107130467891693
0,26,False,0.0,16,0.7748386859893799,0.2769591212272644,0.5089370012283325,0.01411379873752594
0,27,False,0.0,16,0.7754644751548767,0.27654144167900085,0.508866548538208,0.014171961694955826
0,28,False,0.0,16,0.7771624326705933,0.27575770020484924,0.5087036490440369,0.014305777847766876
0,29,False,0.0,16,0.7773078680038452,0.2761509418487549,0.5086118578910828,0.014286874793469906
0,30,False,0.0,16,0.7769712209701538,0.2762223482131958,0.5084774494171143,0.014232294633984566
0,31,False,0.0,16,0.7768458724021912,0.27625131607055664,0.5083326101303101,0.01416869554668665
0,32,False,0.0,16,0.7768430709838867,0.27657267451286316,0.5082089304924011,0.014224076643586159
0,33,False,0.0,16,0.7769261002540588,0.2761910557746887,0.5082303285598755,0.014191114343702793
0,34,False,0.0,16,0.7776968479156494,0.27600690722465515,0.5082961916923523,0.014194568619132042
0,35,False,0.0,16,0.777600884437561,0.2756682336330414,0.5085766315460205,0.014155631884932518
0,36,False,0.0,16,0.7778557538986206,0.27519655227661133,0.5087372064590454,0.014157754369080067
0,37,False,0.0,16,0.7779215574264526,0.27447572350502014,0.5088582634925842,0.014156104996800423
0,38,False,0.0,16,0.7782291769981384,0.27397027611732483,0.5087335109710693,0.014203994534909725
0,39,False,0.0,16,0.7787683010101318,0.27268192172050476,0.5086418390274048,0.014289201237261295
0,40,False,0.0,16,0.7794939279556274,0.27120241522789,0.5079066753387451,0.014666411094367504
0,41,False,0.0,16,0.7803018093109131,0.27022865414619446,0.5079385042190552,0.01469296496361494
0,42,False,0.0,16,0.7817745208740234,0.269059956073761,0.5078703165054321,0.014702334068715572
0,43,False,0.0,16,0.7825137376785278,0.26835429668426514,0.507816731929779,0.014739635400474072
0,44,False,0.0,16,0.7835737466812134,0.26725584268569946,0.5078713297843933,0.014797247014939785
0,45,False,0.0,16,0.7857450246810913,0.26658838987350464,0.5076404213905334,0.01481366902589798
0,46,False,0.0,16,0.7867185473442078,0.26609471440315247,0.5077342391014099,0.014707167632877827
0,47,False,0.0,16,0.7874871492385864,0.26536300778388977,0.5075533390045166,0.014680854044854641
0,48,False,0.0,16,0.7885124683380127,0.2651073634624481,0.5061506032943726,0.015269828960299492
0,49,False,0.0,16,0.7897805571556091,0.2643516957759857,0.506424069404602,0.01519143395125866
0,50,False,0.0,16,0.7916094064712524,0.26317837834358215,0.5066190958023071,0.01524064689874649
0,51,False,0.0,16,0.7928221225738525,0.2623489201068878,0.5066127777099609,0.015242887660861015
0,52,False,0.0,16,0.7940123677253723,0.2610853314399719,0.5065869092941284,0.015268425457179546
0,53,False,0.0,16,0.7953855991363525,0.2605849802494049,0.5069929361343384,0.015237390995025635
0,54,False,0.0,16,0.796290397644043,0.2599439322948456,0.506507396697998,0.01524963416159153
0,55,False,0.0,16,0.797127366065979,0.2594637870788574,0.5066057443618774,0.015300391241908073
0,56,False,0.0,16,0.7974423170089722,0.25939223170280457,0.5057200193405151,0.01596185192465782
0,57,False,0.0,16,0.7976932525634766,0.2591326832771301,0.5059642195701599,0.015818839892745018
0,58,False,0.0,16,0.7978933453559875,0.25895392894744873,0.5060872435569763,0.015811018645763397
0,59,False,0.0,16,0.7985937595367432,0.2583843469619751,0.5059190988540649,0.01581435091793537
0,60,False,0.0,16,0.7990382313728333,0.25754913687705994,0.5056819915771484,0.015832414850592613
0,61,False,0.0,16,0.7990044355392456,0.2571047842502594,0.5053800940513611,0.015813032165169716
0,62,False,0.0,16,0.7977305054664612,0.2572358250617981,0.5050914883613586,0.015771381556987762
0,63,False,0.0,16,0.7956670522689819,0.25782865285873413,0.5053411722183228,0.015710121020674706
0,64,False,0.0,16,0.7935148477554321,0.25861790776252747,0.5047305822372437,0.01625490002334118
0,65,False,0.0,16,0.7911832332611084,0.2597963213920593,0.504869282245636,0.01616928167641163
0,66,False,0.0,16,0.7892040014266968,0.261332243680954,0.5045292377471924,0.01600758358836174
0,67,False,0.0,16,0.7873740196228027,0.26240673661231995,0.5042313933372498,0.01592586375772953
0,68,False,0.0,16,0.7845240831375122,0.26386725902557373,0.5043597221374512,0.015897493809461594
0,69,False,0.0,16,0.781865119934082,0.26579949259757996,0.5048094391822815,0.015795473009347916
0,70,False,0.0,16,0.7816814184188843,0.2668943405151367,0.5047932863235474,0.015724357217550278
0,71,False,0.0,16,0.7807407379150391,0.26747679710388184,0.504975438117981,0.015807263553142548
0,72,False,0.0,16,0.7796053886413574,0.26882457733154297,0.5042221546173096,0.01637408509850502
0,73,False,0.0,16,0.7798857092857361,0.27028730511665344,0.5043904781341553,0.016390429809689522
0,74,False,0.0,16,0.7779089212417603,0.27222785353660583,0.5046318769454956,0.01653444394469261
0,75,False,0.0,16,0.7755337953567505,0.27445709705352783,0.5045913457870483,0.016720404848456383
0,76,False,0.0,16,0.7728003263473511,0.2771443724632263,0.5045086145401001,0.016813265159726143
0,77,False,0.0,16,0.7719809412956238,0.27827122807502747,0.5045682191848755,0.016829917207360268
0,78,False,0.0,16,0.7716517448425293,0.27872365713119507,0.5047338008880615,0.01693870685994625
0,79,False,0.0,16,0.7719660997390747,0.27866747975349426,0.5046172142028809,0.016969062387943268
0,80,False,0.0,16,0.7723017334938049,0.27895841002464294,0.5044464468955994,0.017257733270525932
0,81,False,0.0,16,0.7721404433250427,0.2795386016368866,0.5046789646148682,0.017229219898581505
0,82,False,0.0,16,0.7722509503364563,0.27974653244018555,0.5049684047698975,0.01722172647714615
0,83,False,0.0,16,0.7723546028137207,0.2791122496128082,0.5052732825279236,0.017212795093655586
0,84,False,0.0,16,0.7727084159851074,0.27756816148757935,0.504951536655426,0.01714433915913105
0,85,False,0.0,16,0.773872435092926,0.27497032284736633,0.5045843124389648,0.017171338200569153
0,86,False,0.0,16,0.775550365447998,0.27317696809768677,0.5043823719024658,0.017220884561538696
0,87,False,0.0,16,0.7763866186141968,0.27210310101509094,0.5039423704147339,0.017268698662519455
0,88,False,0.0,16,0.7775962352752686,0.27099281549453735,0.5043205618858337,0.01744581013917923
0,89,False,0.0,16,0.7782509326934814,0.2701568901538849,0.5041959285736084,0.017468823119997978
0,90,False,0.0,16,0.7785808444023132,0.26953384280204773,0.5040757060050964,0.017464060336351395
0,91,False,0.0,16,0.7785848379135132,0.2699911892414093,0.5044766068458557,0.01736464351415634
0,92,False,0.0,16,0.7776063680648804,0.2700561583042145,0.5047177076339722,0.017384974285960197
0,93,False,0.0,16,0.7768052816390991,0.26943355798721313,0.504729151725769,0.01732550375163555
0,94,False,0.0,16,0.7749070525169373,0.2696758508682251,0.5046602487564087,0.01735937036573887
0,95,False,0.0,16,0.7750216722488403,0.26916852593421936,0.5043213367462158,0.017265070229768753
0,96,False,0.0,16,0.7745406627655029,0.26826125383377075,0.5046420097351074,0.0173660758882761
0,97,False,0.0,16,0.7760214805603027,0.2677212953567505,0.5045883655548096,0.017292629927396774
0,98,False,0.0,16,0.7761343717575073,0.26718392968177795,0.5045638680458069,0.017216671258211136
0,99,False,0.0,16,0.7762888073921204,0.26687002182006836,0.5045565962791443,0.017239799723029137
0,100,False,0.0,16,0.7772260904312134,0.2663501501083374,0.5048670768737793,0.017151949927210808
1,0,False,0.0,0,0.6986795663833618,0.18694478273391724,0.5019952058792114,0.005032884422689676
1,1,False,0.0,1,0.7983052730560303,0.22508807480335236,0.5076807737350464,0.018663333728909492
1,2,False,0.0,2,0.7994199991226196,0.2237699180841446,0.5075303316116333,0.018656056374311447
1,3,False,0.0,3,0.8034331202507019,0.2274380624294281,0.5089626312255859,0.018455861136317253
1,4,False,0.0,4,0.8073031902313232,0.23494163155555725,0.5085062980651855,0.01834195666015148
1,5,False,0.0,5,0.8080543279647827,0.242851123213768,0.5080130100250244,0.018316082656383514
1,6,False,0.0,6,0.807068407535553,0.24497683346271515,0.5079857110977173,0.0182954054325819
1,7,False,0.0,7,0.8075531125068665,0.24483980238437653,0.5077333450317383,0.01831331104040146
1,8,False,0.0,8,0.8086711764335632,0.24415323138237,0.5078864097595215,0.018370572477579117
1,9,False,0.0,9,0.81010901927948,0.24313786625862122,0.5082847476005554,0.018352067098021507
1,10,False,0.0,10,0.8099311590194702,0.24524866044521332,0.5084335803985596,0.018250076100230217
1,11,False,0.0,11,0.8096762895584106,0.24506892263889313,0.5094776153564453,0.01808830536901951
1,12,False,0.0,12,0.8092734813690186,0.24588023126125336,0.5097062587738037,0.01818837970495224
1,13,False,0.0,13,0.8105437755584717,0.2453961819410324,0.5095006227493286,0.01810072921216488
1,14,False,0.0,14,0.8120975494384766,0.24560433626174927,0.5091396570205688,0.018137533217668533
1,15,False,0.0,15,0.8117681741714478,0.24654144048690796,0.5092843770980835,0.018078826367855072
1,16,False,0.0,16,0.8114012479782104,0.24780862033367157,0.5092486143112183,0.0181292612105608
1,17,False,0.0,16,0.8111852407455444,0.247476264834404,0.5091295838356018,0.01823793351650238
1,18,False,0.0,16,0.8116083145141602,0.24708768725395203,0.5092172026634216,0.01823250576853752
1,19,False,0.0,16,0.812169075012207,0.24589572846889496,0.5105628967285156,0.018172549083828926
1,20,False,0.0,16,0.8117042779922485,0.2462156116962433,0.5107958316802979,0.018228525295853615
1,21,False,0.0,16,0.8115724325180054,0.24701544642448425,0.5107107162475586,0.01825438253581524
1,22,False,0.0,16,0.8110830783843994,0.24821172654628754,0.510880708694458,0.018148593604564667
1,23,False,0.0,16,0.8107567429542542,0.24976880848407745,0.510839581489563,0.018144376575946808
1,24,False,0.0,16,0.8100627660751343,0.2512121796607971,0.5109624862670898,0.01808406226336956
1,25,False,0.0,16,0.8096564412117004,0.2523464262485504,0.5110819935798645,0.018076086416840553
1,26,False,0.0,16,0.8082128763198853,0.2530142664909363,0.5113581418991089,0.018038831651210785
1,27,False,0.0,16,0.8070236444473267,0.25409263372421265,0.5129917860031128,0.01792125217616558
1,28,False,0.0,16,0.8057003021240234,0.2547452449798584,0.5128364562988281,0.017905225977301598
1,29,False,0.0,16,0.803108811378479,0.25654447078704834,0.5127423405647278,0.018006304278969765
1,30,False,0.0,16,0.8006207942962646,0.25832459330558777,0.5125902891159058,0.018033547326922417
1,31,False,0.0,16,0.7975811958312988,0.260377436876297,0.5127984285354614,0.01797453872859478
1,32,False,0.0,16,0.7961231470108032,0.2612566351890564,0.5129762887954712,0.017973847687244415
1,33,False,0.0,16,0.7940446138381958,0.26247188448905945,0.5133447647094727,0.0179482102394104
1,34,False,0.0,16,0.7917765378952026,0.2640756368637085,0.5137203931808472,0.017884690314531326
1,35,False,0.0,16,0.7903100252151489,0.2650800943374634,0.5151386260986328,0.01783137395977974
1,36,False,0.0,16,0.788557767868042,0.2667146623134613,0.5151853561401367,0.017867621034383774
1,37,False,0.0,16,0.7874009609222412,0.2680670917034149,0.5152503252029419,0.017846280708909035
1,38,False,0.0,16,0.7873868942260742,0.26950913667678833,0.514983057975769,0.017924387007951736
1,39,False,0.0,16,0.7864962816238403,0.2706631124019623,0.5147596001625061,0.017908211797475815
1,40,False,0.0,16,0.784629225730896,0.2715684175491333,0.5147978067398071,0.017885683104395866
1,41,False,0.0,16,0.7830191850662231,0.27160871028900146,0.514992356300354,0.017942199483513832
1,42,True,0.010791366919875145,16,0.7826097011566162,0.2719217836856842,0.514927327632904,0.01786559447646141
1,43,True,0.04676258936524391,16,0.7806268930435181,0.2726086676120758,0.5166547298431396,0.017870664596557617
1,44,True,0.08273380994796753,16,0.7805473208427429,0.27226248383522034,0.5167780518531799,0.017857231199741364
1,45,True,0.11870503425598145,16,0.7799912095069885,0.271911084651947,0.5167232751846313,0.017913660034537315
1,46,True,0.15467625856399536,16,0.7797241806983948,0.2711608111858368,0.5170338153839111,0.018009716644883156
1,47,True,0.19064748287200928,16,0.7802996635437012,0.26881399750709534,0.5169082283973694,0.018178017809987068
1,48,True,0.2266187071800232,16,0.7799962162971497,0.26817840337753296,0.5172327756881714,0.01818976178765297
1,49,True,0.2625899314880371,16,0.7794102430343628,0.2683996260166168,0.5175326466560364,0.018178174272179604
1,50,True,0.298561155796051,16,0.7796425819396973,0.2681518495082855,0.5175496339797974,0.01817401312291622
1,51,True,0.33453238010406494,16,0.7810707092285156,0.26834455132484436,0.5185227394104004,0.018144935369491577
1,52,True,0.37050360441207886,16,0.7837464213371277,0.2674228549003601,0.5185925364494324,0.0181695856153965
1,53,True,0.4064748287200928,16,0.7851800322532654,0.26696979999542236,0.5188102722167969,0.018241070210933685
1,54,True,0.4424460530281067,16,0.7858521342277527,0.26714715361595154,0.5194228887557983,0.01816166192293167
1,55,True,0.4784172773361206,16,0.7854119539260864,0.2667900323867798,0.5194586515426636,0.01796872168779373
1,56,True,0.5143885016441345,16,0.7850863933563232,0.26701265573501587,0.5197634696960449,0.017920060083270073
1,57,True,0.5503597259521484,16,0.7850236892700195,0.26694586873054504,0.5199453830718994,0.017951959744095802
1,58,True,0.5863309502601624,16,0.7852737903594971,0.26663151383399963,0.5202780961990356,0.017784755676984787
1,59,True,0.6223021745681763,16,0.7863023281097412,0.26548564434051514,0.5208545327186584,0.01770278811454773
1,60,True,0.6582733988761902,16,0.7859342098236084,0.26566699147224426,0.5206084251403809,0.017706075683236122
1,61,True,0.6942446231842041,16,0.7857107520103455,0.264828085899353,0.5201154947280884,0.01775125041604042
1,62,True,0.730215847492218,16,0.7862865924835205,0.2638639807701111,0.5194865465164185,0.017649535089731216
1,63,True,0.7661870718002319,16,0.7866604328155518,0.26287126541137695,0.51888108253479,0.017767736688256264
1,64,True,0.8021582961082458,16,0.7908945083618164,0.25594621896743774,0.5195447206497192,0.01776709221303463
1,65,True,0.8381295204162598,16,0.7916098833084106,0.2537725567817688,0.5191417932510376,0.01762741059064865
1,66,True,0.8741007447242737,16,0.7930731773376465,0.2523192763328552,0.5192533135414124,0.01764395646750927
1,67,True,0.9100719690322876,16,0.7964276075363159,0.24089670181274414,0.5196614265441895,0.017612749710679054
1,68,True,0.9460431933403015,16,0.7973494529724121,0.23749864101409912,0.5180830955505371,0.017177794128656387
1,69,True,0.9820144176483154,16,0.7962234020233154,0.23884718120098114,0.5194129943847656,0.01733621396124363
1,70,True,1.0,16,0.796791672706604,0.23740915954113007,0.5203548073768616,0.017344167456030846
1,71,True,1.0,16,0.7971168756484985,0.23372942209243774,0.520309329032898,0.017324253916740417
1,72,True,1.0,16,0.7971168756484985,0.23372942209243774,0.520309329032898,0.017324253916740417
1,73,True,1.0,16,0.7971168756484985,0.23372942209243774,0.520309329032898,0.017324253916740417
1,74,True,1.0,16,0.7971168756484985,0.23372942209243774,0.520309329032898,0.017324253916740417
1,75,True,1.0,16,0.7977583408355713,0.23620598018169403,0.5202231407165527,0.017319289967417717
1,76,True,1.0,16,0.7975492477416992,0.23614700138568878,0.5202149152755737,0.017320269718766212
1,77,True,1.0,16,0.7974909543991089,0.23618076741695404,0.5202182531356812,0.01732073724269867
1,78,True,1.0,16,0.7974355816841125,0.23618356883525848,0.5202195048332214,0.01732090301811695
1,79,True,1.0,16,0.7974109053611755,0.23615415394306183,0.5202213525772095,0.017322590574622154
1,80,True,1.0,16,0.7974083423614502,0.23624594509601593,0.5202217102050781,0.017320269718766212
1,81,True,1.0,16,0.7973926663398743,0.23622556030750275,0.5202227234840393,0.017322007566690445
1,82,True,1.0,16,0.7973849773406982,0.2362484484910965,0.5202232599258423,0.017321007326245308
1,83,True,1.0,16,0.7984111905097961,0.23507975041866302,0.5200589299201965,0.017336009070277214
1,84,True,1.0,16,0.7982333898544312,0.23436303436756134,0.5200463533401489,0.017337452620267868
1,85,True,1.0,16,0.7980986833572388,0.2340065985918045,0.5200446844100952,0.01733592338860035
1,86,True,1.0,16,0.7980830669403076,0.23382197320461273,0.5200420022010803,0.017337223514914513
1,87,True,1.0,16,0.7980341911315918,0.2338370829820633,0.5200416445732117,0.017337461933493614
1,88,True,1.0,16,0.7980194091796875,0.2337651401758194,0.5200405716896057,0.017337871715426445
1,89,True,1.0,16,0.7980196475982666,0.233777716755867,0.5200415849685669,0.017337344586849213
1,90,True,1.0,16,0.7980122566223145,0.23376904428005219,0.5200406312942505,0.01733773946762085
1,91,True,1.0,16,0.7977230548858643,0.23801177740097046,0.519883930683136,0.0173619594424963
1,92,True,1.0,16,0.7977333068847656,0.23706068098545074,0.5198855400085449,0.017364822328090668
1,93,True,1.0,16,0.7976346015930176,0.2365652322769165,0.5198879241943359,0.0173661969602108
1,94,True,1.0,16,0.7975984811782837,0.23623016476631165,0.5198901891708374,0.017366580665111542
1,95,True,1.0,16,0.7975917458534241,0.23610229790210724,0.5198904871940613,0.017365586012601852
1,96,True,1.0,16,0.7975816130638123,0.23609262704849243,0.5198901891708374,0.017366550862789154
1,97,True,1.0,16,0.7975807785987854,0.23607586324214935,0.5198909044265747,0.017366932705044746
1,98,True,1.0,16,0.7975752949714661,0.23608236014842987,0.5198909640312195,0.017366910353302956
1,99,True,1.0,16,0.7971124053001404,0.23961417376995087,0.5196546316146851,0.01751251518726349
1,100,True,1.0,16,0.797083854675293,0.2389814555644989,0.519655704498291,0.01750987581908703
1,101,True,1.0,16,0.7970162630081177,0.23861832916736603,0.5196571350097656,0.017512766644358635
1,102,True,1.0,16,0.7969939708709717,0.23862850666046143,0.5196627378463745,0.017513230443000793
1,103,True,1.0,16,0.7969859838485718,0.2383711040019989,0.5196629762649536,0.01751348003745079
1,104,True,1.0,16,0.7969646453857422,0.2384166419506073,0.5196624994277954,0.017514141276478767
1,105,False,0.0,16,0.7914876937866211,0.26682454347610474,0.5182104110717773,0.017302313819527626
1,106,False,0.0,16,0.7870517373085022,0.268950879573822,0.5181877613067627,0.017375672236084938
1,107,False,0.0,16,0.7852942943572998,0.2706141173839569,0.5182905197143555,0.017275363206863403
1,108,False,0.0,16,0.7830172777175903,0.27187052369117737,0.517907977104187,0.017130251973867416
1,109,False,0.0,16,0.7812045812606812,0.2736141085624695,0.517634391784668,0.017050255089998245
1,110,False,0.0,16,0.7782523036003113,0.2756618857383728,0.5174986124038696,0.017059726640582085
1,111,False,0.0,16,0.7754393815994263,0.27724355459213257,0.5175238847732544,0.0170915424823761
1,112,False,0.0,16,0.7741507291793823,0.2772487998008728,0.5173228979110718,0.017158478498458862
1,113,False,0.0,16,0.7727261781692505,0.27812889218330383,0.5174596309661865,0.017274634912610054
1,114,False,0.0,16,0.7729487419128418,0.27820006012916565,0.5176171064376831,0.01724987104535103
1,115,False,0.0,16,0.7722064852714539,0.2773094177246094,0.5177112221717834,0.017378557473421097
1,116,False,0.0,16,0.7722394466400146,0.27562475204467773,0.5181972980499268,0.01755140908062458
1,117,False,0.0,16,0.7730082273483276,0.27288851141929626,0.5185279250144958,0.017562182620167732
1,118,False,0.0,16,0.774329662322998,0.27125096321105957,0.5185575485229492,0.01753556914627552
1,119,False,0.0,16,0.7756249308586121,0.2709192633628845,0.5185140371322632,0.017521623522043228
1,120,False,0.0,16,0.7769464254379272,0.2702897787094116,0.51836097240448,0.017543302848935127
1,121,False,0.0,16,0.7773709893226624,0.2697983682155609,0.5183281898498535,0.017571857199072838
1,122,False,0.0,16,0.7782208919525146,0.2692660689353943,0.518276572227478,0.017551667988300323
1,123,False,0.0,16,0.778152346611023,0.26875099539756775,0.5183053016662598,0.01767762191593647
1,124,False,0.0,16,0.7766821980476379,0.2684040367603302,0.5182816386222839,0.017675520852208138
1,125,False,0.0,16,0.7744013071060181,0.26748430728912354,0.5183537006378174,0.01767135038971901
1,126,False,0.0,16,0.7729418277740479,0.26666155457496643,0.5183461904525757,0.017661741003394127
1,127,False,0.0,16,0.7707719802856445,0.2655930817127228,0.5183840394020081,0.01766275055706501
1,128,False,0.0,16,0.7692660093307495,0.2654232680797577,0.5183331966400146,0.017715604975819588
1,129,False,0.0,16,0.7697327136993408,0.2639654576778412,0.5180184841156006,0.017694342881441116
1,130,False,0.0,16,0.774903416633606,0.2655333876609802,0.5182125568389893,0.01766662672162056
1,131,False,0.0,16,0.7791688442230225,0.2654883563518524,0.5186548233032227,0.0178203321993351
1,132,False,0.0,16,0.7884040474891663,0.2641572952270508,0.5186845064163208,0.017852403223514557
1,133,False,0.0,16,0.7897547483444214,0.26468315720558167,0.5185894966125488,0.017904477193951607
1,134,False,0.0,16,0.7906004190444946,0.26431360840797424,0.518477201461792,0.017927099019289017
1,135,False,0.0,16,0.7910653352737427,0.2637634575366974,0.5182294249534607,0.01790492609143257
1,136,False,0.0,16,0.7907600402832031,0.2641260027885437,0.5181491374969482,0.01788370870053768
1,137,False,0.0,16,0.7905481457710266,0.2644054591655731,0.518000602722168,0.017853403463959694
1,138,False,0.0,16,0.7901735305786133,0.26453328132629395,0.5179962515830994,0.017833800986409187
1,139,False,0.0,16,0.7903733849525452,0.264676958322525,0.5185075998306274,0.017811978235840797
2,0,False,0.0,0,0.7408215999603271,0.17378957569599152,0.5056117177009583,0.005906275007873774
2,1,False,0.0,1,0.8167763948440552,0.2465261071920395,0.5186724662780762,0.017882850021123886
2,2,False,0.0,2,0.8174619078636169,0.2460779994726181,0.518669605255127,0.017858680337667465
2,3,False,0.0,3,0.8173750638961792,0.24619029462337494,0.5186666250228882,0.017822710797190666
2,4,False,0.0,4,0.8169151544570923,0.246310293674469,0.5185974836349487,0.017852354794740677
2,5,False,0.0,5,0.8173412084579468,0.24606472253799438,0.5185312032699585,0.017847426235675812
2,6,False,0.0,6,0.8177558779716492,0.24575209617614746,0.5181959867477417,0.01781013421714306
2,7,False,0.0,7,0.8184065818786621,0.24542729556560516,0.5187000632286072,0.017703834921121597
2,8,False,0.0,8,0.8191931247711182,0.24485573172569275,0.5187463164329529,0.017611170187592506
2,9,False,0.0,9,0.8190316557884216,0.24445569515228271,0.5186349153518677,0.01754980906844139
2,10,False,0.0,10,0.8167784214019775,0.2452671378850937,0.5185227394104004,0.01747829094529152
2,11,False,0.0,11,0.8156533241271973,0.24596700072288513,0.5184844732284546,0.017479313537478447
2,12,False,0.0,12,0.8153761625289917,0.2463805228471756,0.5186521410942078,0.017522435635328293
2,13,False,0.0,13,0.8141385912895203,0.24724800884723663,0.5184481143951416,0.01746603660285473
2,14,False,0.0,14,0.8129969835281372,0.24816392362117767,0.5183696746826172,0.017482513561844826
2,15,False,0.0,15,0.8119365572929382,0.2490374594926834,0.5186211466789246,0.01742539368569851
2,16,False,0.0,16,0.8124579191207886,0.24856075644493103,0.5185270309448242,0.017431076616048813
2,17,False,0.0,16,0.811097264289856,0.2488483190536499,0.5185009837150574,0.017418134957551956
2,18,False,0.0,16,0.8094235062599182,0.24977532029151917,0.5183430314064026,0.01741364412009716
2,19,False,0.0,16,0.8077729940414429,0.25046658515930176,0.5182780027389526,0.017393501475453377
2,20,False,0.0,16,0.8052908778190613,0.2520248591899872,0.517999529838562,0.017324669286608696
2,21,False,0.0,16,0.8036307096481323,0.25306785106658936,0.5182473659515381,0.017305484041571617
2,22,False,0.0,16,0.8016911745071411,0.254351943731308,0.5182977914810181,0.017236977815628052
2,23,False,0.0,16,0.7998415231704712,0.25637492537498474,0.5189180970191956,0.017085755243897438
2,24,False,0.0,16,0.7989016771316528,0.2583000063896179,0.5189361572265625,0.017055150121450424
2,25,False,0.0,16,0.7978005409240723,0.2594684064388275,0.5190222263336182,0.01705673709511757
2,26,False,0.0,16,0.7973422408103943,0.2610692083835602,0.5191984176635742,0.01699121855199337
2,27,False,0.0,16,0.796006441116333,0.2618308365345001,0.5192804336547852,0.01684563234448433
2,28,False,0.0,16,0.7950870990753174,0.26299941539764404,0.5193490982055664,0.016805535182356834
2,29,False,0.0,16,0.7925195097923279,0.2648138701915741,0.5196186304092407,0.016771433874964714
2,30,True,0.009900989942252636,16,0.790877103805542,0.2670212686061859,0.5199902057647705,0.016794094815850258
2,31,True,0.05000000074505806,16,0.7894313335418701,0.2686215341091156,0.5209110975265503,0.016818789765238762
2,32,True,0.10000000149011612,16,0.7857681512832642,0.2703518867492676,0.5212177038192749,0.01690116710960865
2,33,True,0.15000000596046448,16,0.7893050312995911,0.26211151480674744,0.5202798843383789,0.016910143196582794
2,34,True,0.20000000298023224,16,0.7939479351043701,0.26128658652305603,0.5203263163566589,0.017083479091525078
2,35,True,0.25,16,0.7968977689743042,0.2587636113166809,0.5210427045822144,0.017328856512904167
2,36,True,0.30000001192092896,16,0.7923845052719116,0.25855332612991333,0.5209790468215942,0.017437390983104706
2,37,True,0.3499999940395355,16,0.7951726913452148,0.2584134042263031,0.5214033722877502,0.017609544098377228
2,38,True,0.4000000059604645,16,0.7943365573883057,0.25873640179634094,0.5215744376182556,0.017543621361255646
2,39,True,0.44999998807907104,16,0.7932835817337036,0.2585418224334717,0.5219985246658325,0.01734975539147854
2,40,True,0.5,16,0.79317307472229,0.25783801078796387,0.5219922661781311,0.017360704019665718
2,41,True,0.550000011920929,16,0.7933176755905151,0.2572844326496124,0.5214093327522278,0.01729477569460869
2,42,True,0.6000000238418579,16,0.7954075336456299,0.2565491497516632,0.5214319825172424,0.017209988087415695
2,43,True,0.6499999761581421,16,0.7986606359481812,0.2551734149456024,0.5217767953872681,0.017113327980041504
2,44,True,0.699999988079071,16,0.7996630668640137,0.2548665702342987,0.5210965275764465,0.016998181119561195
2,45,True,0.75,16,0.7994608283042908,0.25471892952919006,0.5210201740264893,0.016952693462371826
2,46,True,0.800000011920929,16,0.8003706932067871,0.25406181812286377,0.5210896730422974,0.016798080876469612
2,47,True,0.8500000238418579,16,0.8006190061569214,0.2540605664253235,0.5214967131614685,0.01657489873468876
2,48,True,0.8999999761581421,16,0.7981953620910645,0.2553987205028534,0.521446704864502,0.016633087769150734
2,49,True,0.949999988079071,16,0.8012839555740356,0.2533261775970459,0.5216268301010132,0.016756949946284294
2,50,True,1.0,16,0.7954994440078735,0.2543575167655945,0.5218571424484253,0.01658722385764122
2,51,True,1.0,16,0.7954209446907043,0.25396624207496643,0.5218372344970703,0.01658063940703869
2,52,True,1.0,16,0.7954209446907043,0.25396624207496643,0.5218206644058228,0.016579732298851013
2,53,True,1.0,16,0.7954209446907043,0.25396624207496643,0.5218198299407959,0.016574151813983917
2,54,True,1.0,16,0.7954209446907043,0.25396624207496643,0.5218212604522705,0.016574963927268982
2,55,True,1.0,16,0.7949045896530151,0.25411298871040344,0.5220749974250793,0.01646837219595909
2,56,True,1.0,16,0.7949077486991882,0.2540922164916992,0.5220634937286377,0.016465937718749046
2,57,True,1.0,16,0.7949197292327881,0.25409451127052307,0.5220603942871094,0.016465744003653526
2,58,True,1.0,16,0.7949219942092896,0.2540953457355499,0.5220534205436707,0.016463810577988625
2,59,True,1.0,16,0.7949204444885254,0.2541009485721588,0.5220481157302856,0.016462212428450584
2,60,True,1.0,16,0.7949094772338867,0.25410526990890503,0.5220469236373901,0.016464224085211754
2,61,True,1.0,16,0.7949333190917969,0.2541024088859558,0.5220475196838379,0.016462573781609535
2,62,True,1.0,16,0.7949061393737793,0.254106342792511,0.5220462083816528,0.01646215096116066
2,63,True,1.0,16,0.7947511672973633,0.2540775239467621,0.5222450494766235,0.01649138703942299
2,64,True,1.0,16,0.7947521209716797,0.25408872961997986,0.5222254395484924,0.01648368127644062
2,65,True,1.0,16,0.7947701215744019,0.2540665566921234,0.5222185254096985,0.01648363657295704
2,66,True,1.0,16,0.7947496175765991,0.25407421588897705,0.522216260433197,0.016481494531035423
2,67,True,1.0,16,0.7947531938552856,0.2540713846683502,0.5222156047821045,0.016483241692185402
2,68,True,1.0,16,0.7947707176208496,0.2540660798549652,0.5222151875495911,0.016482790932059288
2,69,True,1.0,16,0.7947735786437988,0.2540726065635681,0.5222156047821045,0.016483385115861893
2,70,True,1.0,16,0.7947560548782349,0.2540733814239502,0.5222154855728149,0.01648443005979061
2,71,True,1.0,16,0.7948476076126099,0.2539576292037964,0.5224726796150208,0.016554884612560272
2,72,True,1.0,16,0.7948555946350098,0.25395694375038147,0.5224828124046326,0.01655641943216324
2,73,True,1.0,16,0.7948585748672485,0.25395578145980835,0.5224786996841431,0.016554685309529305
2,74,True,1.0,16,0.7948620319366455,0.2539498805999756,0.5224788188934326,0.016556262969970703
2,75,False,0.0,16,0.7874555587768555,0.27141955494880676,0.5212565064430237,0.017067832872271538
2,76,False,0.0,16,0.7816022634506226,0.2743498682975769,0.5217839479446411,0.01712939329445362
2,77,False,0.0,16,0.7821153402328491,0.27317121624946594,0.5218026638031006,0.01706513576209545
2,78,False,0.0,16,0.7824325561523438,0.2727414667606354,0.5218026638031006,0.017099611461162567
2,79,False,0.0,16,0.7822384834289551,0.27235761284828186,0.5221265554428101,0.01709645800292492
2,80,False,0.0,16,0.7823500633239746,0.2716767489910126,0.5223110914230347,0.01703636720776558
2,81,False,0.0,16,0.7809988260269165,0.27163922786712646,0.5224002599716187,0.017085473984479904
2,82,False,0.0,16,0.7792209386825562,0.2724710702896118,0.5223244428634644,0.01708293706178665
2,83,False,0.0,16,0.7777059078216553,0.2735612988471985,0.522265613079071,0.017016060650348663
2,84,False,0.0,16,0.7774598002433777,0.27374619245529175,0.5223491787910461,0.017041878774762154
2,85,False,0.0,16,0.7776392698287964,0.27342793345451355,0.5222482681274414,0.017037969082593918
2,86,False,0.0,16,0.7782836556434631,0.2730550169944763,0.522164523601532,0.017084218561649323
2,87,False,0.0,16,0.7789161801338196,0.2724776864051819,0.5216983556747437,0.016939474269747734
2,88,False,0.0,16,0.779058039188385,0.27154362201690674,0.5217331051826477,0.01686430163681507
2,89,False,0.0,16,0.7794007062911987,0.271375447511673,0.5214624404907227,0.016765616834163666
2,90,False,0.0,16,0.7802678346633911,0.27133679389953613,0.5213537216186523,0.016752609983086586
2,91,False,0.0,16,0.7805792093276978,0.2719876766204834,0.5213884115219116,0.016825376078486443
2,92,False,0.0,16,0.780815601348877,0.2710343897342682,0.5212845802307129,0.016871672123670578
2,93,False,0.0,16,0.7806699872016907,0.2690877616405487,0.5212810039520264,0.016906416043639183
2,94,False,0.0,16,0.7799927592277527,0.2666850686073303,0.5214126110076904,0.016958825290203094
2,95,False,0.0,16,0.7792249917984009,0.26485976576805115,0.5210232734680176,0.01671081967651844
2,96,False,0.0,16,0.7790998220443726,0.26321321725845337,0.5211706161499023,0.016730112954974174
2,97,False,0.0,16,0.7792381048202515,0.2622613310813904,0.5211999416351318,0.016754060983657837
2,98,False,0.0,16,0.780888557434082,0.26269200444221497,0.521172821521759,0.016753260046243668
2,99,False,0.0,16,0.783388614654541,0.26292097568511963,0.5210816860198975,0.01672786846756935
2,100,False,0.0,16,0.787067174911499,0.2627245783805847,0.5208942890167236,0.016636451706290245
3,0,False,0.0,0,0.721045732498169,0.19697724282741547,0.5077246427536011,0.0062050907872617245
3,1,False,0.0,1,0.8010507822036743,0.2603819966316223,0.5189778208732605,0.01665671356022358
3,2,False,0.0,2,0.8012161254882812,0.2603481411933899,0.5187421441078186,0.016447152942419052
3,3,False,0.0,3,0.8015438318252563,0.26019415259361267,0.5189055800437927,0.016481101512908936
3,4,False,0.0,4,0.801887035369873,0.2601492702960968,0.5186753869056702,0.016506560146808624
3,5,False,0.0,5,0.8015356063842773,0.26065075397491455,0.5187762975692749,0.016520479694008827
3,6,False,0.0,6,0.801357090473175,0.2610311806201935,0.5186646580696106,0.016491005197167397
3,7,False,0.0,7,0.8008615970611572,0.26164233684539795,0.5187476873397827,0.016504226252436638
3,8,False,0.0,8,0.8010247945785522,0.2621791362762451,0.5187773704528809,0.01654006354510784
3,9,False,0.0,9,0.8008063435554504,0.2624107599258423,0.5187268257141113,0.01660308428108692
3,10,False,0.0,10,0.8008414506912231,0.2627558410167694,0.5186808109283447,0.016511954367160797
3,11,False,0.0,11,0.7997550964355469,0.2631469666957855,0.5185971260070801,0.016501709818840027
3,12,False,0.0,12,0.7989781498908997,0.2639702558517456,0.5187259912490845,0.016457896679639816
3,13,False,0.0,13,0.7980223894119263,0.2648383378982544,0.5190963745117188,0.016476476565003395
3,14,False,0.0,14,0.7977713346481323,0.2651171386241913,0.5190867185592651,0.016437968239188194
3,15,False,0.0,15,0.796924889087677,0.26591306924819946,0.518996000289917,0.016342774033546448
3,16,False,0.0,16,0.796635091304779,0.26643136143684387,0.5189839601516724,0.016328487545251846
3,17,False,0.0,16,0.7959126234054565,0.26738202571868896,0.5188066959381104,0.01627529039978981
3,18,False,0.0,16,0.7952821850776672,0.26786738634109497,0.5186855792999268,0.016269169747829437
3,19,False,0.0,16,0.7946527600288391,0.26849034428596497,0.5184928178787231,0.0162398349493742
3,20,False,0.0,16,0.7940912246704102,0.26939454674720764,0.5186996459960938,0.016164924949407578
3,21,False,0.0,16,0.7934699058532715,0.27050817012786865,0.5187686681747437,0.016208212822675705
3,22,False,0.0,16,0.792707085609436,0.27130210399627686,0.5187884569168091,0.01620657369494438
3,23,False,0.0,16,0.7910882830619812,0.27259910106658936,0.5185636281967163,0.01619589701294899
3,24,False,0.0,16,0.7895257472991943,0.27308326959609985,0.5184587836265564,0.01619761995971203
3,25,False,0.0,16,0.7882024049758911,0.2728990316390991,0.5183244347572327,0.01622355729341507
3,26,False,0.0,16,0.7873199582099915,0.2729807198047638,0.5182709693908691,0.01627275161445141
3,27,False,0.0,16,0.7868787050247192,0.27324965596199036,0.5181502103805542,0.016237352043390274
3,28,False,0.0,16,0.7865484356880188,0.27385202050209045,0.518080472946167,0.01622520573437214
3,29,False,0.0,16,0.7854422330856323,0.2748160660266876,0.5180004835128784,0.016193145886063576
3,30,False,0.0,16,0.7844552993774414,0.27608829736709595,0.5179470777511597,0.016213124617934227
3,31,False,0.0,16,0.7837772369384766,0.27584028244018555,0.5180217623710632,0.016214819625020027
3,32,False,0.0,16,0.7834904193878174,0.2755405604839325,0.5178142786026001,0.016236798837780952
3,33,False,0.0,16,0.7851797342300415,0.2742457985877991,0.5174508094787598,0.01622273400425911
3,34,False,0.0,16,0.7861765623092651,0.2734557092189789,0.5176061391830444,0.016214732080698013
3,35,False,0.0,16,0.7869903445243835,0.27292725443840027,0.5174145698547363,0.016194360330700874
3,36,False,0.0,16,0.7879664301872253,0.2716684341430664,0.5174902677536011,0.016192512586712837
3,37,False,0.0,16,0.7894743084907532,0.2702540457248688,0.5175701379776001,0.016228025779128075
3,38,False,0.0,16,0.7902034521102905,0.26941215991973877,0.5177401304244995,0.016256408765912056
3,39,False,0.0,16,0.7901198863983154,0.26951363682746887,0.5177683234214783,0.016251401975750923
3,40,False,0.0,16,0.790306806564331,0.2693977952003479,0.5177991986274719,0.016257980838418007
3,41,False,0.0,16,0.7908582091331482,0.2688237130641937,0.5178993940353394,0.016254078596830368
3,42,False,0.0,16,0.7900671362876892,0.2680351138114929,0.5181535482406616,0.01637343317270279
3,43,False,0.0,16,0.790459394454956,0.2676527202129364,0.5182092189788818,0.016372142359614372
3,44,False,0.0,16,0.7908501029014587,0.2671602964401245,0.5181174874305725,0.016380729153752327
3,45,False,0.0,16,0.7910202741622925,0.26695317029953003,0.517963171005249,0.01636182703077793
3,46,False,0.0,16,0.7905011773109436,0.2664938271045685,0.5180732011795044,0.016375238075852394
3,47,False,0.0,16,0.7886921167373657,0.26556289196014404,0.518001139163971,0.016392627730965614
3,48,False,0.0,16,0.7887876033782959,0.2651749849319458,0.5179190635681152,0.016357818618416786
3,49,False,0.0,16,0.7883306741714478,0.26594942808151245,0.5179308652877808,0.0163780115544796
3,50,False,0.0,16,0.7879568934440613,0.26593437790870667,0.5184217691421509,0.01655503921210766
3,51,False,0.0,16,0.787298321723938,0.26600900292396545,0.518479585647583,0.016586242243647575
3,52,False,0.0,16,0.7880462408065796,0.2650003731250763,0.5184363126754761,0.016542285680770874
3,53,False,0.0,16,0.787773609161377,0.26463234424591064,0.5183343887329102,0.016523921862244606
3,54,False,0.0,16,0.788127064704895,0.26422181725502014,0.5183520913124084,0.016510317102074623
3,55,False,0.0,16,0.7880975008010864,0.26416322588920593,0.5184166431427002,0.016516512259840965
3,56,False,0.0,16,0.7883579134941101,0.26429489254951477,0.5185402631759644,0.016552800312638283
3,57,False,0.0,16,0.7884291410446167,0.26441681385040283,0.5185906291007996,0.01659144088625908
3,58,False,0.0,16,0.7882934212684631,0.2638321816921234,0.519370436668396,0.016982629895210266
3,59,False,0.0,16,0.7897738218307495,0.26283928751945496,0.5193472504615784,0.016989227384328842
3,60,False,0.0,16,0.7908276319503784,0.2630700469017029,0.5192857980728149,0.016989221796393394
3,61,False,0.0,16,0.7920835614204407,0.26290616393089294,0.5191896557807922,0.01692923903465271
3,62,False,0.0,16,0.7923402786254883,0.26334357261657715,0.5189641714096069,0.016884921118617058
3,63,False,0.0,16,0.7925628423690796,0.2637121379375458,0.5189496278762817,0.01684611104428768
3,64,False,0.0,16,0.7931492328643799,0.2639992833137512,0.5186825394630432,0.01678561046719551
3,65,False,0.0,16,0.7935353517532349,0.26378333568573,0.51861572265625,0.016719339415431023
3,66,False,0.0,16,0.7943177223205566,0.2636173963546753,0.5197187662124634,0.0169072225689888
3,67,False,0.0,16,0.7949314713478088,0.26376602053642273,0.5200970768928528,0.01692790724337101
3,68,False,0.0,16,0.796149730682373,0.26297837495803833,0.5202397704124451,0.016955841332674026
3,69,False,0.0,16,0.7972050905227661,0.26211458444595337,0.5203676223754883,0.016946405172348022
3,70,False,0.0,16,0.7996025085449219,0.2606772780418396,0.5208519697189331,0.016947152093052864
3,71,False,0.0,16,0.8011298179626465,0.2600865066051483,0.5210072994232178,0.017037205398082733
3,72,False,0.0,16,0.8017453551292419,0.25969043374061584,0.5207469463348389,0.016924506053328514
3,73,False,0.0,16,0.8018326759338379,0.25947490334510803,0.5206277370452881,0.01682897098362446
3,74,False,0.0,16,0.8013553619384766,0.25944867730140686,0.5214865207672119,0.01706002838909626
3,75,False,0.0,16,0.8018099069595337,0.25937697291374207,0.5214591026306152,0.017044970765709877
3,76,False,0.0,16,0.8020047545433044,0.2600856423377991,0.5214380621910095,0.016968652606010437
3,77,False,0.0,16,0.8021557331085205,0.260457307100296,0.5213668942451477,0.016995912417769432
3,78,False,0.0,16,0.8022037744522095,0.2606361210346222,0.5215080976486206,0.017086578533053398
3,79,False,0.0,16,0.8024313449859619,0.2607223093509674,0.5214431285858154,0.017097875475883484
3,80,False,0.0,16,0.8020123243331909,0.26099133491516113,0.5213574767112732,0.0169722530990839
3,81,False,0.0,16,0.8018189668655396,0.2611684203147888,0.521459698677063,0.016893520951271057
3,82,False,0.0,16,0.8017628192901611,0.2613651156425476,0.5224065780639648,0.016975032165646553
3,83,False,0.0,16,0.8017756938934326,0.2613827884197235,0.5222033858299255,0.017134185880422592
3,84,False,0.0,16,0.8013761043548584,0.26114293932914734,0.5219356417655945,0.0170704647898674
3,85,False,0.0,16,0.8017085790634155,0.2607773244380951,0.5217840075492859,0.01708199828863144
3,86,False,0.0,16,0.8020424246788025,0.2609318494796753,0.5215139389038086,0.016974864527583122
3,87,False,0.0,16,0.802253246307373,0.2609102427959442,0.5212751626968384,0.016918107867240906
3,88,False,0.0,16,0.8024754524230957,0.2605266869068146,0.5211467742919922,0.016914432868361473
3,89,False,0.0,16,0.802771806716919,0.2604888379573822,0.5211036205291748,0.01692049950361252
3,90,False,0.0,16,0.8035509586334229,0.2604553997516632,0.5218138098716736,0.016859320923686028
3,91,False,0.0,16,0.8047744035720825,0.2598479092121124,0.5215656161308289,0.016773661598563194
3,92,False,0.0,16,0.8048185110092163,0.2594349682331085,0.5217136144638062,0.016768336296081543
3,93,False,0.0,16,0.8045152425765991,0.2590060532093048,0.5215508937835693,0.01673612929880619
3,94,False,0.0,16,0.8039960265159607,0.25866812467575073,0.5212585926055908,0.01665002480149269
3,95,False,0.0,16,0.8039065599441528,0.25888416171073914,0.5212113857269287,0.016678009182214737
3,96,False,0.0,16,0.8035342693328857,0.25896865129470825,0.521312952041626,0.01677456684410572
3,97,False,0.0,16,0.8026608228683472,0.25929582118988037,0.5213143825531006,0.016815051436424255
3,98,False,0.0,16,0.8021010756492615,0.2600885331630707,0.5215146541595459,0.01668606884777546
3,99,False,0.0,16,0.8005295991897583,0.26058149337768555,0.5210049152374268,0.01657617837190628
3,100,False,0.0,16,0.7986997365951538,0.2617122530937195,0.5209431052207947,0.016546636819839478
3,101,False,0.0,16,0.7969442009925842,0.26333510875701904,0.5206443071365356,0.016556719318032265
3,102,False,0.0,16,0.795460045337677,0.26503199338912964,0.5208896994590759,0.016543403267860413
3,103,False,0.0,16,0.7946066856384277,0.2660413384437561,0.5208626985549927,0.016491971909999847
3,104,False,0.0,16,0.7934430837631226,0.2669954001903534,0.5207769870758057,0.016505228355526924
3,105,False,0.0,16,0.7923530340194702,0.2680392563343048,0.5207440853118896,0.016516543924808502
3,106,False,0.0,16,0.7916494607925415,0.2688406705856323,0.5211896896362305,0.01635800674557686
3,107,False,0.0,16,0.7914348244667053,0.26959648728370667,0.5214431285858154,0.016228731721639633
3,108,False,0.0,16,0.7918397188186646,0.26990237832069397,0.521679162979126,0.016228070482611656
3,109,False,0.0,16,0.7905393838882446,0.27101433277130127,0.5216100215911865,0.01622142642736435
3,110,False,0.0,16,0.7907843589782715,0.271392285823822,0.5216668844223022,0.01623796857893467
3,111,False,0.0,16,0.7893906831741333,0.2720947563648224,0.5217454433441162,0.016286980360746384
3,112,False,0.0,16,0.787915825843811,0.27304959297180176,0.5220533609390259,0.016287365928292274
3,113,False,0.0,16,0.7863459587097168,0.2740737497806549,0.5220730900764465,0.016313757747411728
3,114,False,0.0,16,0.7857852578163147,0.2745324373245239,0.5220289826393127,0.016020404174923897
3,115,False,0.0,16,0.7852771282196045,0.27506306767463684,0.5221085548400879,0.01608193665742874
3,116,False,0.0,16,0.7848894596099854,0.27525100111961365,0.5222891569137573,0.016159454360604286
3,117,False,0.0,16,0.7851172685623169,0.2747742533683777,0.5225259065628052,0.01633484661579132
3,118,False,0.0,16,0.7860375642776489,0.2735939025878906,0.5225768089294434,0.01630544662475586
3,119,False,0.0,16,0.7874031662940979,0.2728404104709625,0.5226360559463501,0.016345232725143433
3,120,False,0.0,16,0.7880978584289551,0.2715279459953308,0.5225244760513306,0.016354097053408623
3,121,False,0.0,16,0.7892856597900391,0.26955029368400574,0.5226877331733704,0.016369566321372986
3,122,False,0.0,16,0.791075587272644,0.26768171787261963,0.522371768951416,0.015990182757377625
3,123,False,0.0,16,0.7912057042121887,0.2673119902610779,0.5222551822662354,0.01599341817200184
3,124,False,0.0,16,0.79140704870224,0.26721206307411194,0.5222722291946411,0.016001908108592033
3,125,False,0.0,16,0.7915825843811035,0.26708143949508667,0.5222523212432861,0.01600496657192707
3,126,False,0.0,16,0.7918358445167542,0.26696860790252686,0.5222422480583191,0.016019364818930626
3,127,False,0.0,16,0.7920856475830078,0.26689261198043823,0.5222035050392151,0.01600797288119793
3,128,False,0.0,16,0.7919788956642151,0.26671460270881653,0.5222181081771851,0.016012955456972122
3,129,False,0.0,16,0.7920243740081787,0.26688870787620544,0.5222762823104858,0.016047464683651924
3,130,False,0.0,16,0.7925075888633728,0.2665599584579468,0.5221728086471558,0.01582299917936325
3,131,False,0.0,16,0.7933812141418457,0.2655145525932312,0.5221115946769714,0.015806302428245544
3,132,False,0.0,16,0.7945838570594788,0.264245867729187,0.521909773349762,0.015795718878507614
4,0,False,0.0,0,0.698800802230835,0.1787501573562622,0.5085265636444092,0.0064658899791538715
4,1,False,0.0,1,0.8092432022094727,0.24622446298599243,0.5195767879486084,0.015059143304824829
4,2,False,0.0,2,0.8097466826438904,0.2457767277956009,0.5195212364196777,0.01505062822252512
4,3,False,0.0,3,0.8125731945037842,0.2420179694890976,0.5197625160217285,0.015111715532839298
4,4,False,0.0,4,0.8130142092704773,0.2432536780834198,0.5198246240615845,0.01525893248617649
4,5,False,0.0,5,0.814246654510498,0.24393396079540253,0.5197092294692993,0.015206350944936275
4,6,False,0.0,6,0.8149969577789307,0.24412477016448975,0.5198159217834473,0.015202436596155167
4,7,False,0.0,7,0.814457356929779,0.2449575513601303,0.5196039080619812,0.015248069539666176
4,8,False,0.0,8,0.8142166137695312,0.24566464126110077,0.5196215510368347,0.015317436307668686
4,9,False,0.0,9,0.8141175508499146,0.24609185755252838,0.5194541215896606,0.015316727571189404
4,10,False,0.0,10,0.8145325183868408,0.24597932398319244,0.5195095539093018,0.015339570119976997
4,11,False,0.0,11,0.8160253763198853,0.2455632984638214,0.5194520950317383,0.015351345762610435
4,12,False,0.0,12,0.8169373273849487,0.24545437097549438,0.518929123878479,0.015376078896224499
4,13,False,0.0,13,0.8166015148162842,0.24616587162017822,0.5184028744697571,0.01565716229379177
4,14,False,0.0,14,0.8165988326072693,0.24645477533340454,0.5182974338531494,0.015610489062964916
4,15,False,0.0,15,0.816457986831665,0.24687165021896362,0.5182030200958252,0.015514865517616272
4,16,False,0.0,16,0.816836953163147,0.24655470252037048,0.5183297395706177,0.015564844012260437
4,17,False,0.0,16,0.8165268898010254,0.24702592194080353,0.5184107422828674,0.015458276495337486
4,18,False,0.0,16,0.8159569501876831,0.24764838814735413,0.5185835361480713,0.015445273369550705
4,19,False,0.0,16,0.8163396716117859,0.24789026379585266,0.5184923410415649,0.015433532185852528
4,20,False,0.0,16,0.8169721961021423,0.24844759702682495,0.5182416439056396,0.015457605011761189
4,21,False,0.0,16,0.8164660930633545,0.24910417199134827,0.5183727741241455,0.016082901507616043
4,22,False,0.0,16,0.8163273930549622,0.2493637651205063,0.5188063383102417,0.016141345724463463
4,23,False,0.0,16,0.8162236213684082,0.250058114528656,0.5190150737762451,0.016209112480282784
4,24,False,0.0,16,0.8150573372840881,0.25136205554008484,0.5192840099334717,0.016232719644904137
4,25,False,0.0,16,0.8139796853065491,0.25179681181907654,0.5194214582443237,0.016215065494179726
4,26,False,0.0,16,0.813065767288208,0.2524309456348419,0.5196287631988525,0.016184169799089432
4,27,False,0.0,16,0.8116493821144104,0.25307905673980713,0.5195096731185913,0.01611371897161007
4,28,False,0.0,16,0.8088874816894531,0.2542575001716614,0.5198360085487366,0.016057247295975685
4,29,False,0.0,16,0.8067514896392822,0.25580155849456787,0.5207535028457642,0.01706825941801071
4,30,False,0.0,16,0.8062009811401367,0.2574259042739868,0.5204858779907227,0.017054224386811256
4,31,False,0.0,16,0.8054676055908203,0.2583414316177368,0.5205966234207153,0.017117438837885857
4,32,False,0.0,16,0.8037501573562622,0.25915101170539856,0.5208286046981812,0.017146918922662735
4,33,False,0.0,16,0.8026360869407654,0.2599974274635315,0.5208730697631836,0.017192283645272255
4,34,False,0.0,16,0.8005661964416504,0.2618445158004761,0.5210174322128296,0.017272185534238815
4,35,False,0.0,16,0.7970274686813354,0.26455599069595337,0.520799458026886,0.01728368178009987
4,36,False,0.0,16,0.7938508987426758,0.266656756401062,0.5210376977920532,0.01733785681426525
4,37,False,0.0,16,0.7919865250587463,0.26936328411102295,0.5215066075325012,0.018163327127695084
4,38,False,0.0,16,0.7891198396682739,0.2728964686393738,0.5215411186218262,0.01813943311572075
4,39,False,0.0,16,0.7872055768966675,0.2747526168823242,0.5215448141098022,0.01810900680720806
4,40,False,0.0,16,0.7850550413131714,0.2756751775741577,0.5213999152183533,0.018113696947693825
4,41,False,0.0,16,0.7821264266967773,0.2771921157836914,0.5210987329483032,0.017927775159478188
4,42,False,0.0,16,0.781347393989563,0.27663177251815796,0.5212968587875366,0.017981426790356636
4,43,False,0.0,16,0.7810425162315369,0.27657192945480347,0.5213238000869751,0.017960241064429283
4,44,False,0.0,16,0.781592845916748,0.2755430340766907,0.5211766958236694,0.01791326142847538
4,45,False,0.0,16,0.7825518846511841,0.2744542956352234,0.5216268301010132,0.018750227987766266
4,46,False,0.0,16,0.7829959392547607,0.27412480115890503,0.5214657783508301,0.01871366612613201
4,47,False,0.0,16,0.7836284041404724,0.27372094988822937,0.5214009284973145,0.01874259114265442
4,48,False,0.0,16,0.7840413451194763,0.2732735276222229,0.5213707685470581,0.018720148131251335
4,49,False,0.0,16,0.7842862606048584,0.2729293406009674,0.5215208530426025,0.01871669478714466
4,50,False,0.0,16,0.7841584086418152,0.27200210094451904,0.5215540528297424,0.018706200644373894
4,51,False,0.0,16,0.7825902700424194,0.2719157934188843,0.5214633941650391,0.018617942929267883
4,52,False,0.0,16,0.7819317579269409,0.2721315324306488,0.5213074684143066,0.018468102440238
4,53,False,0.0,16,0.7808376550674438,0.27286526560783386,0.5215242505073547,0.018707135692238808
4,54,False,0.0,16,0.7807595729827881,0.27226412296295166,0.5217956304550171,0.018724532797932625
4,55,False,0.0,16,0.7791942358016968,0.2738400399684906,0.521920919418335,0.01864900067448616
4,56,False,0.0,16,0.7799232006072998,0.27323612570762634,0.5220314860343933,0.018623216077685356
4,57,False,0.0,16,0.7807073593139648,0.272619366645813,0.5219123363494873,0.01857299543917179
4,58,False,0.0,16,0.7823288440704346,0.27227139472961426,0.5217381119728088,0.018543558195233345
4,59,False,0.0,16,0.7840889692306519,0.27235108613967896,0.5215127468109131,0.018426887691020966
4,60,False,0.0,16,0.7856295704841614,0.27267494797706604,0.5213596820831299,0.01835961826145649
4,61,False,0.0,16,0.7858474254608154,0.27181077003479004,0.5215644836425781,0.01833462342619896
4,62,False,0.0,16,0.7858816385269165,0.27103880047798157,0.5216572880744934,0.018368037417531013
4,63,False,0.0,16,0.786146879196167,0.270494282245636,0.5216609239578247,0.01836457848548889
4,64,False,0.0,16,0.786494255065918,0.269911527633667,0.5216385126113892,0.018372057005763054
4,65,False,0.0,16,0.7865778803825378,0.270043283700943,0.5215902924537659,0.018348559737205505
4,66,False,0.0,16,0.7889407277107239,0.2687937021255493,0.5216690897941589,0.01839112490415573
4,67,False,0.0,16,0.7903934717178345,0.26852619647979736,0.5217395424842834,0.018396588042378426
4,68,False,0.0,16,0.7907602787017822,0.26819053292274475,0.5217893123626709,0.018461214378476143
4,69,False,0.0,16,0.7923725843429565,0.2670873999595642,0.5217198133468628,0.01840142533183098
4,70,False,0.0,16,0.7931322455406189,0.26678991317749023,0.5217901468276978,0.018445411697030067
4,71,False,0.0,16,0.7935152053833008,0.2665535509586334,0.5218448638916016,0.018474888056516647
4,72,False,0.0,16,0.7946391105651855,0.2659450173377991,0.5218851566314697,0.018490450456738472
4,73,False,0.0,16,0.795875072479248,0.2653888165950775,0.5217227935791016,0.018465356901288033
4,74,False,0.0,16,0.7961059808731079,0.2658505439758301,0.5218266248703003,0.018600262701511383
4,75,False,0.0,16,0.7964640855789185,0.26581519842147827,0.5218113660812378,0.018534045666456223
4,76,False,0.0,16,0.796225905418396,0.2656034231185913,0.5220332741737366,0.018569959327578545
4,77,False,0.0,16,0.7965476512908936,0.2658792734146118,0.5219122171401978,0.018511755391955376
4,78,False,0.0,16,0.7968392372131348,0.26622334122657776,0.5219303369522095,0.018565738573670387
4,79,False,0.0,16,0.7971451282501221,0.2658426761627197,0.5219245553016663,0.018556930124759674
4,80,False,0.0,16,0.7978085279464722,0.2657051384449005,0.5219176411628723,0.018478384241461754
4,81,False,0.0,16,0.7983051538467407,0.26530909538269043,0.5215902328491211,0.018340179696679115
4,82,False,0.0,16,0.7990405559539795,0.2650977671146393,0.5214198231697083,0.018380772322416306
4,83,False,0.0,16,0.7988978624343872,0.2650919556617737,0.5212881565093994,0.01829213835299015
4,84,False,0.0,16,0.7990901470184326,0.26512521505355835,0.5211646556854248,0.018233830109238625
4,85,False,0.0,16,0.7995078563690186,0.2648238241672516,0.5206252336502075,0.017976244911551476
4,86,False,0.0,16,0.7998826503753662,0.26405057311058044,0.5206061601638794,0.017888706177473068
4,87,False,0.0,16,0.7998884916305542,0.2632249891757965,0.5204108953475952,0.01776753179728985
4,88,False,0.0,16,0.7994052171707153,0.26307469606399536,0.5201364755630493,0.01765323244035244
4,89,False,0.0,16,0.7992123365402222,0.26274555921554565,0.5202741622924805,0.017676668241620064
4,90,False,0.0,16,0.7993508577346802,0.26219820976257324,0.5202610492706299,0.01768624410033226
4,91,False,0.0,16,0.7999837398529053,0.26118358969688416,0.5201991200447083,0.017803696915507317
4,92,False,0.0,16,0.799758791923523,0.26026830077171326,0.5199809074401855,0.01771702989935875
4,93,False,0.0,16,0.7996408939361572,0.26000839471817017,0.5192525386810303,0.01740926131606102
4,94,False,0.0,16,0.8003370761871338,0.25910425186157227,0.5191581845283508,0.01735570654273033
4,95,False,0.0,16,0.800081729888916,0.25906607508659363,0.5191094875335693,0.01725848577916622
4,96,False,0.0,16,0.8006452322006226,0.2590181231498718,0.5191507339477539,0.017339205369353294
4,97,False,0.0,16,0.7998419404029846,0.25924721360206604,0.5191097259521484,0.017334215342998505
4,98,False,0.0,16,0.7999427914619446,0.2592596709728241,0.5193109512329102,0.017414065077900887
4,99,False,0.0,16,0.799342930316925,0.2592845559120178,0.5191167593002319,0.017334695905447006
4,100,False,0.0,16,0.79856276512146,0.2597358226776123,0.5191934108734131,0.017367932945489883
4,101,False,0.0,16,0.7980775833129883,0.259675532579422,0.5186065435409546,0.017368769273161888
4,102,False,0.0,16,0.7984759211540222,0.25954926013946533,0.5186880826950073,0.017384938895702362
4,103,False,0.0,16,0.7983722686767578,0.2604563236236572,0.5187397003173828,0.017462948337197304
4,104,False,0.0,16,0.7974038124084473,0.26137474179267883,0.5186164379119873,0.01741361804306507
4,105,False,0.0,16,0.7971268892288208,0.261704683303833,0.5185744762420654,0.017446396872401237
4,106,False,0.0,16,0.7965925931930542,0.26273274421691895,0.5185463428497314,0.01748470589518547
4,107,False,0.0,16,0.7953610420227051,0.2635210454463959,0.5186256170272827,0.01753654144704342
4,108,False,0.0,16,0.7951772809028625,0.2639811933040619,0.5184891223907471,0.017571188509464264
4,109,False,0.0,16,0.794458270072937,0.2647852301597595,0.5178124308586121,0.0175428818911314
4,110,False,0.0,16,0.7947984933853149,0.2651910185813904,0.5179086923599243,0.017581338062882423
4,111,False,0.0,16,0.793480396270752,0.2659982144832611,0.5178782343864441,0.0176163949072361
4,112,False,0.0,16,0.7922475337982178,0.2675265669822693,0.5178262591362,0.017625683918595314
4,113,False,0.0,16,0.7917606830596924,0.26846566796302795,0.517831563949585,0.017556466162204742
4,114,False,0.0,16,0.7897956967353821,0.2690701186656952,0.5179175138473511,0.017520807683467865
4,115,False,0.0,16,0.7886927723884583,0.26965293288230896,0.51799476146698,0.017542973160743713
4,116,False,0.0,16,0.7871133685112,0.27018609642982483,0.5180774331092834,0.017545094713568687
4,117,False,0.0,16,0.7857975959777832,0.2716366648674011,0.5175341367721558,0.01722300983965397
4,118,False,0.0,16,0.7847397327423096,0.27278223633766174,0.5173782706260681,0.017141519114375114
4,119,False,0.0,16,0.7837765216827393,0.2744089365005493,0.5175299644470215,0.017212286591529846
4,120,False,0.0,16,0.7824656963348389,0.27510157227516174,0.5176527500152588,0.01722174882888794
4,121,False,0.0,16,0.7824156284332275,0.274681031703949,0.5175154209136963,0.017156323418021202
4,122,False,0.0,16,0.7827339172363281,0.27401942014694214,0.5174735188484192,0.017084958031773567
4,123,False,0.0,16,0.7817742824554443,0.2751215696334839,0.5174369812011719,0.01702444814145565
4,124,False,0.0,16,0.7819980382919312,0.27406609058380127,0.517351508140564,0.01704823598265648
4,125,False,0.0,16,0.7826328277587891,0.27165529131889343,0.5170944929122925,0.017012041062116623
4,126,False,0.0,16,0.7832946181297302,0.27029165625572205,0.5169900059700012,0.01701492629945278
4,127,False,0.0,16,0.7843769788742065,0.268905371427536,0.5168486833572388,0.017052581533789635
4,128,False,0.0,16,0.7858741879463196,0.26642411947250366,0.5165665149688721,0.017009224742650986
4,129,False,0.0,16,0.7860734462738037,0.2631646990776062,0.5164682865142822,0.01698070764541626
4,130,False,0.0,16,0.7852162718772888,0.2580684721469879,0.5163917541503906,0.016959073022007942
4,131,False,0.0,16,0.782416582107544,0.2502242922782898,0.5163733959197998,0.01692664995789528
4,132,False,0.0,16,0.777247965335846,0.2399139404296875,0.5163543224334717,0.01690802536904812
4,133,False,0.0,16,0.7802072167396545,0.24222633242607117,0.5170313119888306,0.01695130206644535
4,134,False,0.0,16,0.7822920083999634,0.24212852120399475,0.5170729160308838,0.01697678305208683
4,135,False,0.0,16,0.7841087579727173,0.24265360832214355,0.5170531272888184,0.01696731150150299
4,136,False,0.0,16,0.7860229015350342,0.2426869124174118,0.5170979499816895,0.01699901930987835
4,137,False,0.0,16,0.7849154472351074,0.24646589159965515,0.517320990562439,0.017016207799315453
5,0,False,0.0,0,0.7147116661071777,0.1802539825439453,0.5071201324462891,0.007308741565793753
5,1,False,0.0,1,0.8148228526115417,0.24823348224163055,0.5169925689697266,0.017278430983424187
5,2,False,0.0,2,0.815423846244812,0.2479964941740036,0.5171265602111816,0.017358968034386635
5,3,False,0.0,3,0.8155528903007507,0.24719220399856567,0.5183590054512024,0.017583277076482773
5,4,False,0.0,4,0.8164054751396179,0.24675777554512024,0.5180359482765198,0.01751025952398777
5,5,False,0.0,5,0.8171327114105225,0.2460988312959671,0.5178897380828857,0.01750814914703369
5,6,False,0.0,6,0.8173602819442749,0.24597908556461334,0.517865002155304,0.01754573918879032
5,7,False,0.0,7,0.8181023001670837,0.2459597885608673,0.5179237127304077,0.01759081333875656
5,8,False,0.0,8,0.8185900449752808,0.2455592155456543,0.5181779861450195,0.017667802050709724
5,9,False,0.0,9,0.8193484544754028,0.2455359399318695,0.5180257558822632,0.017643041908740997
5,10,False,0.0,10,0.8202837705612183,0.2453753501176834,0.5178362727165222,0.01765950210392475
5,11,False,0.0,11,0.8205587267875671,0.2454729825258255,0.5189246535301208,0.018119174987077713
5,12,False,0.0,12,0.8205190896987915,0.2456023395061493,0.5188339352607727,0.018113059923052788
5,13,False,0.0,13,0.8205665349960327,0.24592281877994537,0.5186828374862671,0.018106693401932716
5,14,False,0.0,14,0.8206583261489868,0.24652041494846344,0.5185874700546265,0.01807575859129429
5,15,False,0.0,15,0.8200591206550598,0.24740271270275116,0.5184016823768616,0.01801471784710884
5,16,False,0.0,16,0.819446325302124,0.24797242879867554,0.5182626843452454,0.017918843775987625
5,17,False,0.0,16,0.8187961578369141,0.24889475107192993,0.5184210538864136,0.017801674082875252
5,18,False,0.0,16,0.8178360462188721,0.24913173913955688,0.5185850858688354,0.017825523391366005
5,19,False,0.0,16,0.8165510892868042,0.24974171817302704,0.519855260848999,0.018305759876966476
5,20,False,0.0,16,0.8152903318405151,0.2505667805671692,0.5198858976364136,0.018284641206264496
5,21,False,0.0,16,0.8130823373794556,0.2524186372756958,0.5199179649353027,0.018244363367557526
5,22,False,0.0,16,0.8108258247375488,0.2546134293079376,0.5201362371444702,0.018228167667984962
5,23,False,0.0,16,0.8093247413635254,0.2562059164047241,0.5203803777694702,0.018278153613209724
5,24,False,0.0,16,0.8074199557304382,0.2581942677497864,0.5203021764755249,0.018247010186314583
5,25,False,0.0,16,0.8056939840316772,0.25881993770599365,0.5204739570617676,0.018329309299588203
5,26,False,0.0,16,0.8041167855262756,0.2604029178619385,0.5207778215408325,0.018451262265443802
5,27,False,0.0,16,0.801681637763977,0.26223185658454895,0.5220011472702026,0.01903349533677101
5,28,False,0.0,16,0.7997310161590576,0.264525443315506,0.5220699310302734,0.019094090908765793
5,29,False,0.0,16,0.7973217964172363,0.2669021785259247,0.5222005844116211,0.01913551241159439
5,30,False,0.0,16,0.7942153215408325,0.269067645072937,0.5222264528274536,0.0191478431224823
5,31,False,0.0,16,0.7924535274505615,0.2710057199001312,0.5222297310829163,0.019249681383371353
5,32,False,0.0,16,0.7902333736419678,0.27232393622398376,0.522489070892334,0.019287606701254845
5,33,False,0.0,16,0.7880816459655762,0.27378028631210327,0.5224242210388184,0.019366201013326645
5,34,False,0.0,16,0.7866986989974976,0.2741110026836395,0.5223228335380554,0.01945406012237072
5,35,False,0.0,16,0.7863838076591492,0.27428385615348816,0.5233641862869263,0.019787238910794258
5,36,False,0.0,16,0.7856464982032776,0.27479201555252075,0.5234032869338989,0.01977483369410038
5,37,False,0.0,16,0.784578263759613,0.2751838266849518,0.5234584808349609,0.019823262467980385
5,38,False,0.0,16,0.7835748195648193,0.2753678858280182,0.5234796404838562,0.01987963728606701
5,39,False,0.0,16,0.7838879823684692,0.27336984872817993,0.5234661102294922,0.01990843378007412
5,40,False,0.0,16,0.7844547033309937,0.2720071077346802,0.5235438346862793,0.019844161346554756
5,41,False,0.0,16,0.7845210433006287,0.27141404151916504,0.5234931707382202,0.01967783086001873
5,42,False,0.0,16,0.7846705913543701,0.27170395851135254,0.5233197212219238,0.019648967310786247
5,43,False,0.0,16,0.7853913903236389,0.2722336947917938,0.5241791009902954,0.01987837813794613
5,44,False,0.0,16,0.7861526012420654,0.27257490158081055,0.5241446495056152,0.019907893612980843
5,45,False,0.0,16,0.7864477634429932,0.27283287048339844,0.5241292715072632,0.019893977791070938
5,46,False,0.0,16,0.7861533761024475,0.27265462279319763,0.5241526365280151,0.019892551004886627
5,47,False,0.0,16,0.7866048812866211,0.27212128043174744,0.5240349173545837,0.019866252318024635
5,48,False,0.0,16,0.7882387638092041,0.27100804448127747,0.5240248441696167,0.01982773095369339
5,49,False,0.0,16,0.7894937992095947,0.27063047885894775,0.5240244269371033,0.0197902899235487
5,50,False,0.0,16,0.7911405563354492,0.2694617807865143,0.5240648984909058,0.019802937284111977
5,51,False,0.0,16,0.7919622659683228,0.2686707079410553,0.5245405435562134,0.01971293054521084
5,52,False,0.0,16,0.7926744818687439,0.2679869830608368,0.5245810747146606,0.019714903086423874
5,53,False,0.0,16,0.793298602104187,0.2672557830810547,0.5246109962463379,0.019732538610696793
5,54,False,0.0,16,0.7944626808166504,0.26667970418930054,0.5245973467826843,0.019761739298701286
5,55,False,0.0,16,0.7946327328681946,0.2670113444328308,0.5245872735977173,0.01975724846124649
5,56,False,0.0,16,0.7942972183227539,0.26759591698646545,0.5245535373687744,0.01968255080282688
5,57,False,0.0,16,0.7937923669815063,0.2684144675731659,0.524732232093811,0.01976843923330307
5,58,False,0.0,16,0.7943164110183716,0.2691105306148529,0.5250169038772583,0.01982703246176243
5,59,False,0.0,16,0.7947814464569092,0.26908397674560547,0.5255243182182312,0.019947927445173264
5,60,False,0.0,16,0.7951785326004028,0.2694323658943176,0.5251978039741516,0.01978018879890442
5,61,False,0.0,16,0.7953512072563171,0.26867181062698364,0.5252974033355713,0.019811810925602913
5,62,False,0.0,16,0.7965672016143799,0.26848477125167847,0.5254391431808472,0.019800769165158272
5,63,False,0.0,16,0.7967658638954163,0.26846417784690857,0.5254638195037842,0.019824888557195663
5,64,False,0.0,16,0.7976036071777344,0.2678179144859314,0.5254698991775513,0.019766708835959435
5,65,False,0.0,16,0.7975118160247803,0.26816612482070923,0.5254478454589844,0.01969500258564949
5,66,False,0.0,16,0.7982079982757568,0.2675638794898987,0.5252289772033691,0.01943475380539894
5,67,False,0.0,16,0.7983908653259277,0.2679065763950348,0.5254706144332886,0.0195174477994442
5,68,False,0.0,16,0.7985217571258545,0.26765477657318115,0.5249593257904053,0.019311141222715378
5,69,False,0.0,16,0.7991805672645569,0.26742804050445557,0.5249691605567932,0.01924198865890503
5,70,False,0.0,16,0.7993908524513245,0.26708605885505676,0.5248619318008423,0.019205255433917046
5,71,False,0.0,16,0.8004323244094849,0.266520619392395,0.5247126817703247,0.019134387373924255
5,72,False,0.0,16,0.8007730841636658,0.26585936546325684,0.524336576461792,0.01902288757264614
5,73,False,0.0,16,0.8011996150016785,0.2646462023258209,0.5240064859390259,0.01880812831223011
5,74,False,0.0,16,0.8025531768798828,0.26351338624954224,0.5240144729614258,0.018838148564100266
5,75,False,0.0,16,0.8028972148895264,0.2633569836616516,0.5242735743522644,0.018843770027160645
5,76,False,0.0,16,0.802827000617981,0.2632176876068115,0.5241457223892212,0.018743010237812996
5,77,False,0.0,16,0.8028367757797241,0.26325440406799316,0.5240907669067383,0.018745839595794678
5,78,False,0.0,16,0.8034999966621399,0.2626498341560364,0.5243580341339111,0.018962789326906204
5,79,False,0.0,16,0.8037183880805969,0.2621733248233795,0.5243414640426636,0.018953371793031693
5,80,False,0.0,16,0.8039361834526062,0.2622138261795044,0.524381160736084,0.018964750692248344
5,81,False,0.0,16,0.8036738634109497,0.2624357342720032,0.5243982076644897,0.018951518461108208
5,82,False,0.0,16,0.8036538362503052,0.26259809732437134,0.5244499444961548,0.0189705491065979
5,83,False,0.0,16,0.803166925907135,0.26264849305152893,0.5246350169181824,0.018863439559936523
5,84,False,0.0,16,0.8027973175048828,0.26327839493751526,0.5248715877532959,0.018944058567285538
5,85,False,0.0,16,0.8018801212310791,0.2642112076282501,0.5249529480934143,0.019011663272976875
5,86,False,0.0,16,0.8005744218826294,0.2651166021823883,0.5250616073608398,0.019095661118626595
5,87,False,0.0,16,0.7982074022293091,0.2663324475288391,0.5253871083259583,0.019209710881114006
5,88,False,0.0,16,0.7979496121406555,0.2665172815322876,0.525389552116394,0.019217833876609802
5,89,False,0.0,16,0.7968484163284302,0.2671862542629242,0.5255906581878662,0.019303128123283386
5,90,False,0.0,16,0.7968393564224243,0.2663450539112091,0.5257099866867065,0.019433198496699333
5,91,False,0.0,16,0.7967430353164673,0.26654309034347534,0.5257657766342163,0.019146228209137917
5,92,False,0.0,16,0.7964264154434204,0.26760759949684143,0.5254855751991272,0.01910352148115635
5,93,False,0.0,16,0.7960654497146606,0.26753655076026917,0.5253617167472839,0.01902901381254196
5,94,False,0.0,16,0.795515775680542,0.26820802688598633,0.5253095030784607,0.019054189324378967
5,95,False,0.0,16,0.7947589159011841,0.2692904472351074,0.5250873565673828,0.018945951014757156
5,96,False,0.0,16,0.7941628098487854,0.26924702525138855,0.5249226093292236,0.01896047033369541
5,97,False,0.0,16,0.7937654256820679,0.269928514957428,0.524791955947876,0.018864385783672333
5,98,False,0.0,16,0.792149007320404,0.2711951434612274,0.5247963666915894,0.018887486308813095
5,99,False,0.0,16,0.7915037274360657,0.2718048095703125,0.5249284505844116,0.018774984404444695
5,100,False,0.0,16,0.7902336120605469,0.2722102105617523,0.5247189402580261,0.018655531108379364
5,101,False,0.0,16,0.7904240489006042,0.2730481028556824,0.5248304009437561,0.0186283178627491
5,102,False,0.0,16,0.788802444934845,0.27115461230278015,0.5250076651573181,0.01865587756037712
5,103,False,0.0,16,0.7858118414878845,0.27294889092445374,0.5248016119003296,0.01849016174674034
5,104,False,0.0,16,0.7849887609481812,0.2733575701713562,0.5249282121658325,0.018564842641353607
5,105,False,0.0,16,0.7845137119293213,0.2736574709415436,0.5250686407089233,0.018644511699676514
5,106,False,0.0,16,0.7843525409698486,0.2735634744167328,0.5250622034072876,0.018719831481575966
5,107,False,0.0,16,0.7842695713043213,0.27352920174598694,0.5250366926193237,0.018426816910505295
5,108,False,0.0,16,0.7847680449485779,0.27302610874176025,0.524954080581665,0.018389081582427025
5,109,False,0.0,16,0.785044252872467,0.2734418511390686,0.5248990058898926,0.018381286412477493
5,110,False,0.0,16,0.7852301597595215,0.2737645208835602,0.5247957706451416,0.018397996202111244
5,111,False,0.0,16,0.7863994240760803,0.2724066972732544,0.52466881275177,0.01839577779173851
5,112,False,0.0,16,0.7851726412773132,0.27195504307746887,0.5245047807693481,0.018326595425605774
5,113,False,0.0,16,0.7861015200614929,0.27052703499794006,0.5244851112365723,0.018312282860279083
5,114,False,0.0,16,0.7871391177177429,0.27084779739379883,0.5242858529090881,0.01823708601295948
5,115,False,0.0,16,0.7871485948562622,0.27040883898735046,0.5240638852119446,0.0180368572473526
5,116,False,0.0,16,0.7854570150375366,0.2690117657184601,0.5241497159004211,0.018050096929073334
5,117,False,0.0,16,0.7853549122810364,0.2688356935977936,0.5240973234176636,0.018051614984869957
5,118,False,0.0,16,0.7845848798751831,0.26771649718284607,0.5240296125411987,0.01802605204284191
5,119,False,0.0,16,0.785965085029602,0.267098605632782,0.5240457057952881,0.018026981502771378
5,120,False,0.0,16,0.7883665561676025,0.26698556542396545,0.5240838527679443,0.017987724393606186
5,121,False,0.0,16,0.7922338247299194,0.2657468020915985,0.5240848064422607,0.017956074327230453
5,122,False,0.0,16,0.793572187423706,0.26598918437957764,0.5241942405700684,0.017952056601643562
5,123,False,0.0,16,0.7930207252502441,0.2656225860118866,0.524349570274353,0.01793493516743183
5,124,False,0.0,16,0.7935800552368164,0.2653485834598541,0.5244035124778748,0.01785787008702755
6,0,False,0.0,0,0.7361328601837158,0.18351493775844574,0.511974573135376,0.009302705526351929
6,1,False,0.0,1,0.817507266998291,0.25145405530929565,0.5267543792724609,0.018410172313451767
6,2,False,0.0,2,0.8170811533927917,0.2519133687019348,0.5268418788909912,0.01843462884426117
6,3,False,0.0,3,0.8167583346366882,0.2526189088821411,0.5268896818161011,0.018463632091879845
6,4,False,0.0,4,0.8167654871940613,0.25225529074668884,0.5268028378486633,0.018499229103326797
6,5,False,0.0,5,0.8168089389801025,0.25160497426986694,0.5268398523330688,0.018574489280581474
6,6,False,0.0,6,0.8166760206222534,0.25080546736717224,0.5268589854240417,0.0187288336455822
6,7,False,0.0,7,0.8166061043739319,0.2500193417072296,0.5266185998916626,0.01865767315030098
6,8,False,0.0,8,0.8159077167510986,0.24870985746383667,0.5264134407043457,0.018571877852082253
6,9,False,0.0,9,0.8163760900497437,0.24847173690795898,0.5263373851776123,0.01854402758181095
6,10,False,0.0,10,0.8151329159736633,0.24780979752540588,0.5262193083763123,0.018613869324326515
6,11,False,0.0,11,0.813647985458374,0.2476051300764084,0.5261397361755371,0.01857113651931286
6,12,False,0.0,12,0.8118512034416199,0.24969975650310516,0.5261107683181763,0.018549436703324318
6,13,False,0.0,13,0.8103852272033691,0.2516773045063019,0.5263692140579224,0.018585264682769775
6,14,False,0.0,14,0.8079671859741211,0.25312933325767517,0.5268809795379639,0.01905134506523609
6,15,False,0.0,15,0.8046327233314514,0.25634071230888367,0.5267754793167114,0.019049229100346565
6,16,False,0.0,16,0.8019524812698364,0.2597825229167938,0.5266896486282349,0.01903911866247654
6,17,False,0.0,16,0.7999728322029114,0.2621663808822632,0.5268321633338928,0.01904916949570179
6,18,False,0.0,16,0.7966400384902954,0.2645125091075897,0.5268001556396484,0.019041115418076515
6,19,False,0.0,16,0.7941228151321411,0.2666679322719574,0.5270293951034546,0.019161663949489594
6,20,False,0.0,16,0.7919002771377563,0.2692715525627136,0.5271602869033813,0.01914162188768387
6,21,False,0.0,16,0.7906526327133179,0.2708205580711365,0.5271775722503662,0.019085779786109924
6,22,False,0.0,16,0.78984534740448,0.272945761680603,0.5278375148773193,0.019689444452524185
6,23,False,0.0,16,0.7893184423446655,0.27521637082099915,0.5279369950294495,0.019669564440846443
6,24,False,0.0,16,0.7877892255783081,0.27765780687332153,0.5281080007553101,0.019695118069648743
6,25,False,0.0,16,0.7865266799926758,0.27880358695983887,0.5282576084136963,0.019695734605193138
6,26,False,0.0,16,0.7850024700164795,0.27959907054901123,0.5283298492431641,0.019758695736527443
6,27,False,0.0,16,0.7837960720062256,0.27941322326660156,0.5283223390579224,0.019757837057113647
6,28,False,0.0,16,0.7836581468582153,0.27929115295410156,0.5282618999481201,0.01971038430929184
6,29,False,0.0,16,0.7840081453323364,0.2791064381599426,0.5283048152923584,0.01974940299987793
6,30,False,0.0,16,0.7842344641685486,0.2802342474460602,0.5288397073745728,0.020366789773106575
6,31,False,0.0,16,0.7849644422531128,0.2810084819793701,0.5286916494369507,0.020337004214525223
6,32,False,0.0,16,0.7850655913352966,0.28150150179862976,0.528668999671936,0.02035783790051937
6,33,False,0.0,16,0.785712718963623,0.28144651651382446,0.528680682182312,0.02039850503206253
6,34,True,0.03153153136372566,16,0.7858027219772339,0.2807864844799042,0.5285266041755676,0.020364074036478996
6,35,True,0.07657657563686371,16,0.7888059616088867,0.2734861373901367,0.5288514494895935,0.02069026790559292
6,36,True,0.12162162363529205,16,0.790020763874054,0.2711186408996582,0.5287370085716248,0.020617635920643806
6,37,True,0.1666666716337204,16,0.7924982309341431,0.26741570234298706,0.5282506346702576,0.020273299887776375
6,38,True,0.21171170473098755,16,0.7950745820999146,0.26422297954559326,0.528745174407959,0.020388277247548103
6,39,True,0.2567567527294159,16,0.7956514358520508,0.26190105080604553,0.5288587808609009,0.02043772116303444
6,40,True,0.30180180072784424,16,0.7951915264129639,0.2603510022163391,0.5287052392959595,0.02036079578101635
6,41,True,0.3468468487262726,16,0.7947554588317871,0.2591775059700012,0.5283321142196655,0.020219264551997185
6,42,True,0.3918918967247009,16,0.7939938306808472,0.2584417760372162,0.5282081365585327,0.020122740417718887
6,43,True,0.4369369447231293,16,0.7934263944625854,0.25707241892814636,0.5279382467269897,0.0200005192309618
6,44,True,0.4819819927215576,16,0.7946906089782715,0.2548113465309143,0.5275890231132507,0.019810544326901436
6,45,True,0.5270270109176636,16,0.7968569993972778,0.253673255443573,0.5273401737213135,0.019704021513462067
6,46,True,0.5720720887184143,16,0.7978085279464722,0.248152494430542,0.527565598487854,0.019936027005314827
6,47,True,0.6171171069145203,16,0.7991211414337158,0.2490684688091278,0.5276719331741333,0.02000635862350464
6,48,True,0.662162184715271,16,0.8001021146774292,0.24973717331886292,0.5278019905090332,0.020121395587921143
6,49,True,0.707207202911377,16,0.800085186958313,0.2510468661785126,0.5276287794113159,0.020205752924084663
6,50,True,0.7522522807121277,16,0.7993619441986084,0.2512545585632324,0.5275454521179199,0.020256124436855316
6,51,True,0.7972972989082336,16,0.7994354963302612,0.2500216066837311,0.5276815295219421,0.020277883857488632
6,52,True,0.8423423171043396,16,0.7999505996704102,0.2511154115200043,0.527800977230072,0.02018025331199169
6,53,True,0.8873873949050903,16,0.8003400564193726,0.25142619013786316,0.5279707908630371,0.020052142441272736
6,54,True,0.9324324131011963,16,0.7982643842697144,0.24569101631641388,0.527773380279541,0.019900165498256683
6,55,True,0.977477490901947,16,0.7991204857826233,0.24516311287879944,0.5278232097625732,0.019849391654133797
6,56,True,1.0,16,0.7978525161743164,0.24294760823249817,0.5260454416275024,0.019189320504665375
6,57,True,1.0,16,0.7977840900421143,0.24270136654376984,0.5260955095291138,0.01921990141272545
6,58,True,1.0,16,0.7977840900421143,0.24270136654376984,0.5260955095291138,0.01921990141272545
6,59,True,1.0,16,0.7977840900421143,0.24270136654376984,0.5260955095291138,0.01921990141272545
6,60,True,1.0,16,0.7977840900421143,0.24270136654376984,0.5260955095291138,0.01921990141272545
6,61,True,1.0,16,0.7977840900421143,0.24270136654376984,0.5260955095291138,0.01921990141272545
6,62,True,1.0,16,0.7959986925125122,0.23718714714050293,0.5264597535133362,0.01924961805343628
6,63,True,1.0,16,0.7961032390594482,0.23712067306041718,0.5264620184898376,0.019254444167017937
6,64,True,1.0,16,0.7961404323577881,0.23719266057014465,0.5264632701873779,0.019253842532634735
6,65,True,1.0,16,0.7961803674697876,0.23722721636295319,0.5264647603034973,0.01925641857087612
6,66,True,1.0,16,0.7961989641189575,0.23730015754699707,0.526465892791748,0.01925463229417801
6,67,True,1.0,16,0.7962026596069336,0.23725317418575287,0.526466965675354,0.01925581879913807
6,68,True,1.0,16,0.7962127923965454,0.23728175461292267,0.5264673829078674,0.019256072118878365
6,69,True,1.0,16,0.7962121963500977,0.23731109499931335,0.526465892791748,0.019254976883530617
6,70,True,1.0,16,0.7755144834518433,0.20369070768356323,0.5269126296043396,0.01919224113225937
6,71,True,1.0,16,0.7751957178115845,0.2031472772359848,0.5269126296043396,0.01919490285217762
6,72,True,1.0,16,0.7752186059951782,0.2030174732208252,0.5269120931625366,0.01919645629823208
6,73,True,1.0,16,0.7753522396087646,0.20317813754081726,0.5269126892089844,0.019199712201952934
6,74,True,1.0,16,0.7754340171813965,0.20322497189044952,0.5269132852554321,0.01919812336564064
6,75,True,1.0,16,0.775107741355896,0.20279857516288757,0.5269126892089844,0.019199181348085403
6,76,True,1.0,16,0.7753919363021851,0.20313335955142975,0.5269132852554321,0.019199760630726814
6,77,True,1.0,16,0.7753945589065552,0.20312990248203278,0.5269126892089844,0.019200056791305542
6,78,True,1.0,16,0.5898234844207764,0.09283323585987091,0.5270478129386902,0.019197262823581696
6,79,True,1.0,16,0.5912723541259766,0.0928250327706337,0.5270532369613647,0.01920210011303425
6,80,True,1.0,16,0.5909576416015625,0.0928284302353859,0.5270575284957886,0.01920524798333645
6,81,True,1.0,16,0.5919284820556641,0.09284986555576324,0.527060329914093,0.019203562289476395
6,82,True,1.0,16,0.5933394432067871,0.0928506851196289,0.5270606875419617,0.019203191623091698
6,83,True,1.0,16,0.5931277275085449,0.09285271912813187,0.5270605087280273,0.0192029420286417
6,84,False,0.0,16,0.7936728000640869,0.2708534300327301,0.5313290357589722,0.021518630906939507
6,85,False,0.0,16,0.7852476835250854,0.26989710330963135,0.5312706232070923,0.02141946367919445
6,86,False,0.0,16,0.7852587699890137,0.268723726272583,0.5311211347579956,0.02124178782105446
6,87,False,0.0,16,0.7841790914535522,0.2685762643814087,0.5309343338012695,0.021132510155439377
6,88,False,0.0,16,0.7820212841033936,0.26852405071258545,0.5308040380477905,0.021079301834106445
6,89,False,0.0,16,0.7830967307090759,0.27041885256767273,0.5308842658996582,0.021163275465369225
6,90,False,0.0,16,0.7836694121360779,0.2710154354572296,0.5308730602264404,0.021052075549960136
6,91,False,0.0,16,0.7849068641662598,0.2711469829082489,0.5308889150619507,0.0209498293697834
6,92,False,0.0,16,0.7861384749412537,0.27093416452407837,0.5308150053024292,0.02091134898364544
6,93,False,0.0,16,0.7862058877944946,0.27044400572776794,0.5308064818382263,0.02085830457508564
6,94,False,0.0,16,0.7859725952148438,0.27034226059913635,0.5310027599334717,0.020932378247380257
6,95,False,0.0,16,0.7861891388893127,0.26962998509407043,0.531100869178772,0.020933611318469048
6,96,False,0.0,16,0.7864327430725098,0.2680431306362152,0.5311006307601929,0.020911814644932747
6,97,False,0.0,16,0.7862119674682617,0.2678277790546417,0.5311570763587952,0.020904410630464554
6,98,False,0.0,16,0.7849884033203125,0.26757341623306274,0.5311628580093384,0.02090463973581791
6,99,False,0.0,16,0.7847316265106201,0.2669426500797272,0.5312138199806213,0.02085772529244423
6,100,False,0.0,16,0.7838428020477295,0.2672625780105591,0.5311378836631775,0.020822536200284958
6,101,False,0.0,16,0.7841815948486328,0.2675328850746155,0.5310901403427124,0.020819541066884995
6,102,False,0.0,16,0.7849341034889221,0.26869872212409973,0.5312730669975281,0.02075994201004505
6,103,False,0.0,16,0.7534607648849487,0.25973114371299744,0.5311163663864136,0.020702095702290535
6,104,False,0.0,16,0.7217607498168945,0.24583739042282104,0.5309803485870361,0.020599396899342537
6,105,False,0.0,16,0.6814619302749634,0.2258906364440918,0.5308442115783691,0.020535888150334358
6,106,False,0.0,16,0.6531271934509277,0.21168635785579681,0.5308123826980591,0.020545009523630142
6,107,False,0.0,16,0.6758003234863281,0.2252238541841507,0.5306845903396606,0.020523618906736374
6,108,False,0.0,16,0.7046796679496765,0.24146218597888947,0.5307196378707886,0.02053372748196125
6,109,False,0.0,16,0.7195560932159424,0.24975572526454926,0.5307093858718872,0.020543038845062256
6,110,False,0.0,16,0.7699723243713379,0.2710462510585785,0.5311309695243835,0.020382752642035484
6,111,False,0.0,16,0.7749894857406616,0.2704806625843048,0.5312345027923584,0.020465152338147163
7,0,False,0.0,0,0.7315620183944702,0.1759340614080429,0.5150716304779053,0.011870982125401497
7,1,False,0.0,1,0.8238875865936279,0.24102135002613068,0.5325194001197815,0.021324535831809044
7,2,False,0.0,2,0.8237801194190979,0.24152541160583496,0.5325636863708496,0.02135082520544529
7,3,False,0.0,3,0.8268986940383911,0.2359849512577057,0.5326462984085083,0.02138284035027027
7,4,False,0.0,4,0.8301299214363098,0.23477493226528168,0.5328541994094849,0.02147543616592884
7,5,False,0.0,5,0.8307434916496277,0.2331176996231079,0.5329555869102478,0.021591180935502052
7,6,False,0.0,6,0.8308569192886353,0.23577620089054108,0.5336841344833374,0.02126913331449032
7,7,False,0.0,7,0.8321080207824707,0.23473306000232697,0.533832311630249,0.021256260573863983
7,8,False,0.0,8,0.8329325914382935,0.23496383428573608,0.5336859226226807,0.0211962703615427
7,9,False,0.0,9,0.8327392339706421,0.2349480837583542,0.5334970951080322,0.02103338949382305
7,10,False,0.0,10,0.8311634063720703,0.2354929894208908,0.5336774587631226,0.021147161722183228
7,11,False,0.0,11,0.8279148936271667,0.2380700707435608,0.533676266670227,0.02120100148022175
7,12,False,0.0,12,0.8246822357177734,0.24059487879276276,0.5337024927139282,0.021182792261242867
7,13,False,0.0,13,0.8213814496994019,0.24424242973327637,0.5338605642318726,0.0212682094424963
7,14,False,0.0,14,0.8193332552909851,0.24558387696743011,0.5342240929603577,0.021032769232988358
7,15,False,0.0,15,0.817386269569397,0.2465396523475647,0.5340423583984375,0.020926350727677345
7,16,False,0.0,16,0.8137173056602478,0.24884997308254242,0.5339652895927429,0.020877385511994362
7,17,False,0.0,16,0.8085178136825562,0.25199779868125916,0.5339277982711792,0.020838726311922073
7,18,False,0.0,16,0.8039717674255371,0.2550576329231262,0.534086287021637,0.020890645682811737
7,19,False,0.0,16,0.8022557497024536,0.25709131360054016,0.5337324142456055,0.02077951841056347
7,20,False,0.0,16,0.8000099658966064,0.25943297147750854,0.5333114862442017,0.020533185452222824
7,21,False,0.0,16,0.798836886882782,0.2616548240184784,0.5331727266311646,0.02046951837837696
7,22,False,0.0,16,0.7975538372993469,0.26355621218681335,0.5331710577011108,0.020295975729823112
7,23,False,0.0,16,0.7968101501464844,0.26473546028137207,0.5329816341400146,0.020275600254535675
7,24,False,0.0,16,0.7952734231948853,0.26670321822166443,0.5332287549972534,0.020298203453421593
7,25,False,0.0,16,0.7940093278884888,0.2689984142780304,0.5334061980247498,0.020349252969026566
7,26,False,0.0,16,0.7930647134780884,0.27069932222366333,0.5332915782928467,0.02027357742190361
7,27,False,0.0,16,0.791562557220459,0.27177688479423523,0.5329355001449585,0.020123379305005074
7,28,False,0.0,16,0.7904908657073975,0.2721005976200104,0.5328578948974609,0.02010815218091011
7,29,False,0.0,16,0.789462149143219,0.2728825509548187,0.5327432155609131,0.020090315490961075
7,30,False,0.0,16,0.7887290716171265,0.27364930510520935,0.5332968235015869,0.02019955776631832
7,31,False,0.0,16,0.787798285484314,0.2740905284881592,0.5333234071731567,0.020190881565213203
7,32,False,0.0,16,0.7867313027381897,0.2744954824447632,0.5331705808639526,0.020150847733020782
7,33,False,0.0,16,0.7863737940788269,0.274844765663147,0.5331816673278809,0.02017197757959366
7,34,False,0.0,16,0.7862676382064819,0.27479586005210876,0.5330991744995117,0.020147403702139854
7,35,False,0.0,16,0.7871165871620178,0.2742046117782593,0.5329911708831787,0.020152073353528976
7,36,False,0.0,16,0.7875666618347168,0.2729692757129669,0.5330215692520142,0.020141534507274628
7,37,False,0.0,16,0.7850704789161682,0.2722194790840149,0.5328788757324219,0.020090773701667786
7,38,False,0.0,16,0.7870621681213379,0.27234962582588196,0.533173680305481,0.020004887133836746
7,39,False,0.0,16,0.7889541387557983,0.27198097109794617,0.533203125,0.020033668726682663
7,40,False,0.0,16,0.7911785244941711,0.2712384760379791,0.5333194732666016,0.020024167373776436
7,41,False,0.0,16,0.7921960949897766,0.2714843153953552,0.5331655144691467,0.019901400431990623
7,42,False,0.0,16,0.7923358678817749,0.27170243859291077,0.5330981612205505,0.019810957834124565
7,43,False,0.0,16,0.7930187582969666,0.271814227104187,0.5331413745880127,0.01979384571313858
7,44,False,0.0,16,0.7939213514328003,0.27091169357299805,0.5330818891525269,0.019749615341424942
7,45,False,0.0,16,0.7929176092147827,0.2672465741634369,0.5329796671867371,0.019732827320694923
7,46,False,0.0,16,0.7936344742774963,0.26608356833457947,0.5331315398216248,0.019584549590945244
7,47,False,0.0,16,0.7951118350028992,0.26267924904823303,0.5332143306732178,0.01964835822582245
7,48,False,0.0,16,0.7974457740783691,0.25850751996040344,0.5332885980606079,0.01964239776134491
7,49,False,0.0,16,0.7987163066864014,0.25763505697250366,0.5332534313201904,0.019649585708975792
7,50,False,0.0,16,0.8018131256103516,0.2567213773727417,0.5334012508392334,0.019808003678917885
7,51,False,0.0,16,0.8019500374794006,0.25560182332992554,0.5332297086715698,0.019871925935149193
7,52,False,0.0,16,0.8030625581741333,0.25509148836135864,0.5332272052764893,0.019968150183558464
7,53,False,0.0,16,0.804157018661499,0.2550109028816223,0.5331964492797852,0.019955333322286606
7,54,False,0.0,16,0.8043844103813171,0.25676584243774414,0.5333755016326904,0.01988218165934086
7,55,False,0.0,16,0.804182231426239,0.2577735185623169,0.533310055732727,0.019870417192578316
7,56,False,0.0,16,0.8035480976104736,0.25986024737358093,0.5333466529846191,0.019839828833937645
7,57,False,0.0,16,0.8008182048797607,0.2615901529788971,0.5337444543838501,0.01988615095615387
7,58,False,0.0,16,0.797105610370636,0.26391512155532837,0.5339346528053284,0.01992003619670868
7,59,False,0.0,16,0.7939667701721191,0.2666744589805603,0.5340114831924438,0.01996448263525963
7,60,False,0.0,16,0.7923771739006042,0.2690947949886322,0.5339067578315735,0.01996133290231228
7,61,False,0.0,16,0.7908933758735657,0.2714722454547882,0.5337018966674805,0.019866380840539932
7,62,False,0.0,16,0.7884190082550049,0.2735137939453125,0.5338144898414612,0.019839903339743614
7,63,False,0.0,16,0.7876877784729004,0.2736279368400574,0.5336776971817017,0.0197199285030365
7,64,False,0.0,16,0.7872824668884277,0.27493828535079956,0.5334612131118774,0.01958429254591465
7,65,False,0.0,16,0.7844317555427551,0.27613094449043274,0.5332385301589966,0.019466141238808632
7,66,False,0.0,16,0.7835375666618347,0.27626752853393555,0.533227264881134,0.019458098337054253
7,67,False,0.0,16,0.7845653295516968,0.274991899728775,0.5332204699516296,0.01944383606314659
7,68,False,0.0,16,0.7853710055351257,0.2743890583515167,0.5332667827606201,0.01943914033472538
7,69,False,0.0,16,0.7862435579299927,0.2732580006122589,0.5331270098686218,0.01944064162671566
7,70,False,0.0,16,0.7865106463432312,0.27158141136169434,0.5331598520278931,0.01932607591152191
7,71,False,0.0,16,0.7864898443222046,0.27016034722328186,0.5334014892578125,0.019481150433421135
7,72,False,0.0,16,0.7855443954467773,0.2686346173286438,0.5334724187850952,0.01944710500538349
7,73,False,0.0,16,0.7852014899253845,0.26787829399108887,0.5334400534629822,0.01946069300174713
7,74,False,0.0,16,0.7853476405143738,0.2667982578277588,0.5335658192634583,0.01954522915184498
7,75,False,0.0,16,0.7860788106918335,0.26588016748428345,0.5334033370018005,0.019475629553198814
7,76,False,0.0,16,0.785223126411438,0.26599767804145813,0.5333966612815857,0.01950240693986416
7,77,False,0.0,16,0.7828829288482666,0.2658555209636688,0.5333298444747925,0.01948980800807476
7,78,False,0.0,16,0.7805588245391846,0.26558104157447815,0.5334025025367737,0.0193952489644289
7,79,False,0.0,16,0.7779520750045776,0.2663971185684204,0.5332469940185547,0.019326692447066307
7,80,False,0.0,16,0.7759438753128052,0.26654893159866333,0.5332931280136108,0.019371576607227325
7,81,False,0.0,16,0.7751633524894714,0.2684548497200012,0.5331940054893494,0.019271068274974823
7,82,False,0.0,16,0.7747650146484375,0.27056464552879333,0.5330569744110107,0.019200297072529793
7,83,False,0.0,16,0.7756789326667786,0.2726159989833832,0.5330792665481567,0.019196024164557457
7,84,False,0.0,16,0.7790611386299133,0.2736005187034607,0.5330508947372437,0.01916911080479622
7,85,False,0.0,16,0.7813155055046082,0.2742844820022583,0.5329667329788208,0.019114263355731964
7,86,False,0.0,16,0.7833012938499451,0.27394211292266846,0.5327110290527344,0.01904243789613247
7,87,False,0.0,16,0.7840317487716675,0.2730746269226074,0.5327937602996826,0.01907559111714363
7,88,False,0.0,16,0.785099983215332,0.27240368723869324,0.5328803062438965,0.019102273508906364
7,89,False,0.0,16,0.7857899069786072,0.27169913053512573,0.53300940990448,0.019126107916235924
7,90,False,0.0,16,0.7866473197937012,0.27191662788391113,0.5329723954200745,0.01911228895187378
7,91,False,0.0,16,0.7871415615081787,0.2708679735660553,0.5330260992050171,0.019054189324378967
7,92,False,0.0,16,0.7866694927215576,0.27043265104293823,0.5329995155334473,0.018968697637319565
7,93,False,0.0,16,0.7877649068832397,0.27001506090164185,0.5323476791381836,0.018693987280130386
7,94,False,0.0,16,0.7892764210700989,0.26613128185272217,0.5319555997848511,0.018745694309473038
7,95,False,0.0,16,0.7916977405548096,0.26301640272140503,0.5319679975509644,0.018737001344561577
7,96,False,0.0,16,0.7954598665237427,0.26121485233306885,0.5318180322647095,0.018702959641814232
7,97,False,0.0,16,0.7976868748664856,0.2578851282596588,0.5317801833152771,0.018700869753956795
7,98,False,0.0,16,0.799956202507019,0.2551445960998535,0.5319052934646606,0.018686167895793915
7,99,False,0.0,16,0.8007547855377197,0.25410833954811096,0.5319350957870483,0.018642041832208633
7,100,False,0.0,16,0.8013393878936768,0.25290578603744507,0.5321933031082153,0.018743911758065224
7,101,False,0.0,16,0.8019653558731079,0.2538558542728424,0.5323246717453003,0.018783867359161377
7,102,False,0.0,16,0.8024202585220337,0.25550326704978943,0.5318269729614258,0.018815966323018074
7,103,False,0.0,16,0.8017379641532898,0.2557258903980255,0.5318678617477417,0.01889183558523655
7,104,False,0.0,16,0.8006532788276672,0.257058322429657,0.5319883823394775,0.01902521774172783
7,105,False,0.0,16,0.7989228963851929,0.25861290097236633,0.5319530963897705,0.01907755248248577
7,106,False,0.0,16,0.7967410087585449,0.26006391644477844,0.5319515466690063,0.019086642190814018
7,107,False,0.0,16,0.7943841814994812,0.26199832558631897,0.5320858359336853,0.01914813742041588
7,108,False,0.0,16,0.7926515340805054,0.26353317499160767,0.532153844833374,0.019154652953147888
7,109,False,0.0,16,0.791241466999054,0.26485270261764526,0.5322240591049194,0.01915324665606022
7,110,False,0.0,16,0.7902759909629822,0.2665334641933441,0.5320653915405273,0.019192662090063095
7,111,False,0.0,16,0.7892981767654419,0.2676340937614441,0.5321462750434875,0.019176457077264786
7,112,False,0.0,16,0.7898217439651489,0.26696786284446716,0.5323118567466736,0.01922198385000229
7,113,False,0.0,16,0.7881379723548889,0.2679852247238159,0.5323765873908997,0.019255978986620903
7,114,False,0.0,16,0.7867116928100586,0.26941564679145813,0.5323304533958435,0.019208572804927826
7,115,False,0.0,16,0.786723256111145,0.2696792185306549,0.5322344303131104,0.019200341776013374
7,116,False,0.0,16,0.7898507118225098,0.26892027258872986,0.5321040153503418,0.019199388101696968
7,117,False,0.0,16,0.789003849029541,0.26814788579940796,0.5317517518997192,0.01909397728741169
7,118,False,0.0,16,0.7852820158004761,0.26819494366645813,0.531474232673645,0.019074400886893272
7,119,False,0.0,16,0.785163164138794,0.26873162388801575,0.5314757823944092,0.019081415608525276
7,120,False,0.0,16,0.7853511571884155,0.2687189280986786,0.5314834117889404,0.019066285341978073
7,121,False,0.0,16,0.7860971689224243,0.2687481641769409,0.5315528512001038,0.019105879589915276
7,122,False,0.0,16,0.78678297996521,0.2684144377708435,0.531575083732605,0.019110357388854027
7,123,False,0.0,16,0.7885079383850098,0.26783090829849243,0.5317349433898926,0.019161012023687363
7,124,False,0.0,16,0.7903172373771667,0.26765066385269165,0.5317541360855103,0.01916034333407879
7,125,False,0.0,16,0.7916595935821533,0.2676110863685608,0.5317295789718628,0.01908407174050808
7,126,False,0.0,16,0.7932441234588623,0.26802968978881836,0.5317555069923401,0.019169814884662628
7,127,False,0.0,16,0.7941208481788635,0.2679741084575653,0.5318270325660706,0.019179601222276688
7,128,False,0.0,16,0.794554591178894,0.26748746633529663,0.5318453311920166,0.0191786028444767
7,129,False,0.0,16,0.7948082685470581,0.26664820313453674,0.5318539142608643,0.019160890951752663
7,130,False,0.0,16,0.7952153086662292,0.2659522593021393,0.5318781733512878,0.01917320303618908
7,131,False,0.0,16,0.7954795360565186,0.2648738622665405,0.5318424701690674,0.019148798659443855
7,132,False,0.0,16,0.7956655621528625,0.2637630105018616,0.5317456722259521,0.01910906285047531
7,133,False,0.0,16,0.7956125140190125,0.2629912197589874,0.5318715572357178,0.01917118951678276
8,0,False,0.0,0,0.7238156795501709,0.17259885370731354,0.5146511793136597,0.010158408433198929
8,1,False,0.0,1,0.8191127181053162,0.24855081737041473,0.5314910411834717,0.019726570695638657
8,2,False,0.0,2,0.8208504915237427,0.24699552357196808,0.5314295291900635,0.01967933215200901
8,3,False,0.0,3,0.8213980197906494,0.24678610265254974,0.531376838684082,0.01966455765068531
8,4,False,0.0,4,0.8210760354995728,0.2473902702331543,0.5313141942024231,0.019624244421720505
8,5,False,0.0,5,0.8220990300178528,0.24663014709949493,0.5312397480010986,0.019572431221604347
8,6,False,0.0,6,0.8220036029815674,0.24686607718467712,0.5312447547912598,0.019557591527700424
8,7,False,0.0,7,0.8218469023704529,0.24671727418899536,0.531173586845398,0.019571298733353615
8,8,False,0.0,8,0.8230053186416626,0.24647855758666992,0.5311932563781738,0.019683275371789932
8,9,False,0.0,9,0.8222626447677612,0.24713115394115448,0.5312587022781372,0.019698744639754295
8,10,False,0.0,10,0.8222361207008362,0.24743929505348206,0.5312432050704956,0.019654439762234688
8,11,False,0.0,11,0.8221969604492188,0.2475271075963974,0.5312390327453613,0.01964504085481167
8,12,False,0.0,12,0.8218456506729126,0.24809983372688293,0.5313001871109009,0.019640685990452766
8,13,False,0.0,13,0.8220181465148926,0.24821828305721283,0.5312663316726685,0.01960724964737892
8,14,False,0.0,14,0.8220280408859253,0.2487841695547104,0.5310912132263184,0.019531890749931335
8,15,False,0.0,15,0.821747362613678,0.2487344741821289,0.5311577320098877,0.019568517804145813
8,16,False,0.0,16,0.821587085723877,0.24868732690811157,0.5312702655792236,0.019688477739691734
8,17,False,0.0,16,0.8212317228317261,0.24800238013267517,0.5310678482055664,0.019618716090917587
8,18,False,0.0,16,0.8202721476554871,0.24813400208950043,0.5310311913490295,0.019634714350104332
8,19,False,0.0,16,0.8205908536911011,0.24808208644390106,0.5311383008956909,0.019627118483185768
8,20,False,0.0,16,0.8194655776023865,0.24903656542301178,0.5313806533813477,0.019669560715556145
8,21,False,0.0,16,0.8187960982322693,0.24915991723537445,0.5315308570861816,0.019720569252967834
8,22,False,0.0,16,0.8160731196403503,0.251087486743927,0.5317476987838745,0.01978716440498829
8,23,False,0.0,16,0.8137203454971313,0.25306329131126404,0.5316406488418579,0.01976257935166359
8,24,False,0.0,16,0.8127533793449402,0.2533554136753082,0.532604455947876,0.020180346444249153
8,25,False,0.0,16,0.8121809959411621,0.2542167007923126,0.5328381061553955,0.020300181582570076
8,26,False,0.0,16,0.8115717172622681,0.25526896119117737,0.5328226089477539,0.020289679989218712
8,27,False,0.0,16,0.8100705146789551,0.2573074698448181,0.5330533981323242,0.020436879247426987
8,28,False,0.0,16,0.8077303171157837,0.2590707540512085,0.5333318114280701,0.020454777404665947
8,29,False,0.0,16,0.8060891628265381,0.260057657957077,0.5333173871040344,0.020463107153773308
8,30,False,0.0,16,0.8048648834228516,0.2611476480960846,0.533270001411438,0.020472414791584015
8,31,False,0.0,16,0.80434250831604,0.2626962959766388,0.5333566665649414,0.02054615505039692
8,32,False,0.0,16,0.8040549755096436,0.26318734884262085,0.5340720415115356,0.02091784030199051
8,33,False,0.0,16,0.8031377792358398,0.26427164673805237,0.5343277454376221,0.021101854741573334
8,34,False,0.0,16,0.802318274974823,0.26514679193496704,0.5344992876052856,0.021193908527493477
8,35,False,0.0,16,0.8012723922729492,0.26578882336616516,0.5347305536270142,0.021320002153515816
8,36,False,0.0,16,0.7991823554039001,0.26778319478034973,0.534911036491394,0.021458901464939117
8,37,False,0.0,16,0.7978377938270569,0.26917973160743713,0.5350896120071411,0.02154337801039219
8,38,False,0.0,16,0.7961418628692627,0.27037906646728516,0.5351970195770264,0.021728411316871643
8,39,False,0.0,16,0.7954938411712646,0.27048060297966003,0.5352208018302917,0.021709876134991646
8,40,False,0.0,16,0.7949820756912231,0.2695021629333496,0.5358738899230957,0.021683791652321815
8,41,False,0.0,16,0.7939161062240601,0.2692864239215851,0.5358997583389282,0.021674027666449547
8,42,False,0.0,16,0.7922085523605347,0.2710326910018921,0.5356928706169128,0.0215870663523674
8,43,False,0.0,16,0.7919161319732666,0.2715567648410797,0.5354976058006287,0.02149835042655468
8,44,False,0.0,16,0.792197585105896,0.2717544436454773,0.5353690385818481,0.021396048367023468
8,45,False,0.0,16,0.7925643920898438,0.27171602845191956,0.535178005695343,0.021226780489087105
8,46,False,0.0,16,0.7926084995269775,0.27157875895500183,0.5351153612136841,0.021147431805729866
8,47,False,0.0,16,0.7924759387969971,0.2715912163257599,0.534955620765686,0.02102995105087757
8,48,False,0.0,16,0.792137861251831,0.2712869644165039,0.5351877212524414,0.02084905467927456
8,49,False,0.0,16,0.7923215627670288,0.27144870162010193,0.5350457429885864,0.02073243074119091
8,50,False,0.0,16,0.7932140231132507,0.27045536041259766,0.5348989963531494,0.0206349678337574
8,51,False,0.0,16,0.7933506965637207,0.26869553327560425,0.5347586870193481,0.020529454573988914
8,52,False,0.0,16,0.7935307025909424,0.2667267322540283,0.5346552133560181,0.02043960988521576
8,53,False,0.0,16,0.7931942343711853,0.2654271721839905,0.5345104932785034,0.020369257777929306
8,54,False,0.0,16,0.7936879396438599,0.2642725110054016,0.5342977046966553,0.020278841257095337
8,55,False,0.0,16,0.7951687574386597,0.2633887827396393,0.534186601638794,0.02024681866168976
8,56,False,0.0,16,0.7956440448760986,0.2626546323299408,0.5346678495407104,0.02021421305835247
8,57,False,0.0,16,0.7976425290107727,0.26275452971458435,0.5343701839447021,0.020090244710445404
8,58,False,0.0,16,0.7999899387359619,0.26368334889411926,0.53434157371521,0.020012594759464264
8,59,False,0.0,16,0.801190972328186,0.2651229202747345,0.5342340469360352,0.019948501139879227
8,60,False,0.0,16,0.8008427023887634,0.2650599181652069,0.5341513156890869,0.01981367915868759
8,61,False,0.0,16,0.8013554811477661,0.2659269869327545,0.534088134765625,0.019816827028989792
8,62,False,0.0,16,0.8012588024139404,0.26534485816955566,0.5343117117881775,0.01993074081838131
8,63,False,0.0,16,0.8006514310836792,0.2656630277633667,0.5344864726066589,0.02002096176147461
8,64,False,0.0,16,0.8015835285186768,0.26537197828292847,0.5345950126647949,0.01977999322116375
8,65,False,0.0,16,0.8011598587036133,0.2661028802394867,0.5346534252166748,0.019849421456456184
8,66,False,0.0,16,0.8010272979736328,0.26658645272254944,0.5345735549926758,0.01974949799478054
8,67,False,0.0,16,0.8015171885490417,0.2662466764450073,0.5344772338867188,0.019740965217351913
8,68,False,0.0,16,0.8007656335830688,0.266817182302475,0.5343884825706482,0.019712207838892937
8,69,False,0.0,16,0.8015685677528381,0.2667366564273834,0.5344828367233276,0.01975369267165661
8,70,False,0.0,16,0.801336407661438,0.26696956157684326,0.5344744920730591,0.019752327352762222
8,71,False,0.0,16,0.8016471862792969,0.26724448800086975,0.5345708131790161,0.019800305366516113
8,72,False,0.0,16,0.8011193871498108,0.2678300440311432,0.5349069237709045,0.019722970202565193
8,73,False,0.0,16,0.8004587888717651,0.26825278997421265,0.5348432064056396,0.019648578017950058
8,74,False,0.0,16,0.8005954027175903,0.26839327812194824,0.5344589948654175,0.01947592943906784
8,75,False,0.0,16,0.8013144731521606,0.26789045333862305,0.5346701145172119,0.01957450807094574
8,76,False,0.0,16,0.8010882139205933,0.2680632174015045,0.5348634123802185,0.0196402445435524
8,77,False,0.0,16,0.8019394278526306,0.26816239953041077,0.5346335172653198,0.019659090787172318
8,78,False,0.0,16,0.8025439977645874,0.26763471961021423,0.534400224685669,0.019648512825369835
8,79,False,0.0,16,0.8037031888961792,0.2666800618171692,0.5342801809310913,0.01960025541484356
8,80,False,0.0,16,0.8039875626564026,0.2669069170951843,0.5345362424850464,0.0196013692766428
8,81,False,0.0,16,0.8041853308677673,0.26623615622520447,0.534530520439148,0.019659612327814102
8,82,False,0.0,16,0.8044841289520264,0.26638567447662354,0.5345853567123413,0.019681602716445923
8,83,False,0.0,16,0.8044238686561584,0.2656862139701843,0.5347585678100586,0.019737035036087036
8,84,False,0.0,16,0.803929328918457,0.2650517523288727,0.5348098874092102,0.019795168191194534
8,85,False,0.0,16,0.8034942150115967,0.2652021050453186,0.5348998308181763,0.019785573706030846
8,86,False,0.0,16,0.8032618761062622,0.2648433744907379,0.5348936319351196,0.01981077343225479
8,87,False,0.0,16,0.8028220534324646,0.2652047574520111,0.5347486734390259,0.019712936133146286
8,88,False,0.0,16,0.8037131428718567,0.26450467109680176,0.5350289344787598,0.019655901938676834
8,89,False,0.0,16,0.8025900721549988,0.2650414705276489,0.5350015163421631,0.019715560600161552
8,90,False,0.0,16,0.7996780872344971,0.26629847288131714,0.5349406003952026,0.019661959260702133
8,91,False,0.0,16,0.796366810798645,0.268815815448761,0.5347793102264404,0.019658885896205902
8,92,False,0.0,16,0.7942129373550415,0.27075499296188354,0.534489631652832,0.01959238015115261
8,93,False,0.0,16,0.7928191423416138,0.27239274978637695,0.5342336893081665,0.019541354849934578
8,94,False,0.0,16,0.7927815914154053,0.27233460545539856,0.5343810319900513,0.019590914249420166
8,95,False,0.0,16,0.7915451526641846,0.27326130867004395,0.5343759059906006,0.019564136862754822
8,96,False,0.0,16,0.7913140654563904,0.2740107476711273,0.5346505641937256,0.01964969001710415
8,97,False,0.0,16,0.7918163537979126,0.27530792355537415,0.5345847606658936,0.01955442875623703
8,98,False,0.0,16,0.7913848161697388,0.2754327356815338,0.5346417427062988,0.01960446499288082
8,99,False,0.0,16,0.7922326922416687,0.2757168710231781,0.5347800254821777,0.019684821367263794
8,100,False,0.0,16,0.7924344539642334,0.2754358649253845,0.534812331199646,0.01964973844587803
8,101,False,0.0,16,0.7920314073562622,0.27569010853767395,0.5348873138427734,0.019674062728881836
8,102,False,0.0,16,0.792616605758667,0.2757590413093567,0.5350173711776733,0.01970944181084633
8,103,False,0.0,16,0.7928749918937683,0.2758942246437073,0.5350019335746765,0.019670818001031876
8,104,False,0.0,16,0.7938536405563354,0.2754560708999634,0.5353243350982666,0.01992235891520977
8,105,False,0.0,16,0.7950618267059326,0.27452245354652405,0.5354041457176208,0.02001042850315571
8,106,False,0.0,16,0.7961040139198303,0.2740927040576935,0.5354551076889038,0.020023075863718987
8,107,False,0.0,16,0.7968195676803589,0.27359461784362793,0.5353548526763916,0.02001921832561493
8,108,False,0.0,16,0.7967467904090881,0.27303725481033325,0.5353253483772278,0.019947025924921036
8,109,False,0.0,16,0.7968363761901855,0.27243244647979736,0.5353865623474121,0.019935864955186844
8,110,False,0.0,16,0.7963756322860718,0.27190962433815,0.5354518890380859,0.019917858764529228
8,111,False,0.0,16,0.7949762344360352,0.271598756313324,0.5354551076889038,0.019923854619264603
8,112,False,0.0,16,0.7944624423980713,0.2706787586212158,0.5354037284851074,0.0202174112200737
8,113,False,0.0,16,0.7932274341583252,0.2699410021305084,0.5353890657424927,0.020228510722517967
8,114,False,0.0,16,0.791291356086731,0.2703849971294403,0.5354388952255249,0.02026944048702717
8,115,False,0.0,16,0.7891798615455627,0.2706899344921112,0.5354620814323425,0.020278403535485268
8,116,False,0.0,16,0.790352463722229,0.2708336412906647,0.535510778427124,0.02031279355287552
8,117,False,0.0,16,0.7915617823600769,0.2705789804458618,0.5354843139648438,0.020304497331380844
8,118,False,0.0,16,0.7923052310943604,0.27065107226371765,0.5355100631713867,0.020319469273090363
8,119,False,0.0,16,0.7929868698120117,0.27060192823410034,0.5354676246643066,0.020288310945034027
8,120,False,0.0,16,0.7937875986099243,0.2705698013305664,0.5352160930633545,0.020494872704148293
8,121,False,0.0,16,0.7954210042953491,0.27015557885169983,0.5351055860519409,0.020479300990700722
8,122,False,0.0,16,0.7958192825317383,0.26994797587394714,0.5350502133369446,0.020464394241571426
8,123,False,0.0,16,0.7959768772125244,0.26966825127601624,0.5351109504699707,0.02052091434597969
8,124,False,0.0,16,0.796120822429657,0.26932528614997864,0.5351320505142212,0.02055996283888817
8,125,False,0.0,16,0.7965885400772095,0.2689538598060608,0.5351310968399048,0.020564241334795952
8,126,False,0.0,16,0.7969689965248108,0.2685282528400421,0.5351446866989136,0.02055438607931137
8,127,False,0.0,16,0.7978076338768005,0.267496258020401,0.5351159572601318,0.020510423928499222
8,128,False,0.0,16,0.7983620166778564,0.26690420508384705,0.5350863933563232,0.020595733076334
8,129,False,0.0,16,0.7989092469215393,0.2661370038986206,0.5351042747497559,0.020588845014572144
8,130,False,0.0,16,0.7983701825141907,0.26577940583229065,0.5352208018302917,0.020644227042794228
9,0,False,0.0,0,0.7392208576202393,0.17554374039173126,0.5183247327804565,0.012144245207309723
9,1,False,0.0,1,0.8232231140136719,0.2497861534357071,0.5350396633148193,0.020866189152002335
9,2,False,0.0,2,0.8234637975692749,0.24965208768844604,0.5351355075836182,0.020904235541820526
9,3,False,0.0,3,0.8238941431045532,0.24907167255878448,0.535262405872345,0.020916135981678963
9,4,False,0.0,4,0.8250058889389038,0.248370960354805,0.5353667736053467,0.020978447049856186
9,5,False,0.0,5,0.8261342644691467,0.24769024550914764,0.5356162786483765,0.021117083728313446
9,6,False,0.0,6,0.826835572719574,0.24726353585720062,0.5355042219161987,0.02114439196884632
9,7,False,0.0,7,0.827184796333313,0.2466924637556076,0.5352209210395813,0.021043626591563225
9,8,False,0.0,8,0.8275536298751831,0.24661417305469513,0.5350342988967896,0.020983640104532242
9,9,False,0.0,9,0.8268373012542725,0.2471417635679245,0.5351334810256958,0.021054478362202644
9,10,False,0.0,10,0.8250826597213745,0.24800948798656464,0.5348871350288391,0.02099688909947872
9,11,False,0.0,11,0.8240407705307007,0.24865764379501343,0.5348415374755859,0.02101527713239193
9,12,False,0.0,12,0.8230928778648376,0.24939456582069397,0.5347824096679688,0.020990196615457535
9,13,False,0.0,13,0.8227506875991821,0.2499392181634903,0.5351406335830688,0.021192455664277077
9,14,False,0.0,14,0.8220809698104858,0.25021159648895264,0.5351383686065674,0.02124890126287937
9,15,False,0.0,15,0.8215307593345642,0.24993856251239777,0.5349998474121094,0.021242789924144745
9,16,False,0.0,16,0.8209984302520752,0.2504320442676544,0.5348493456840515,0.02119004912674427
9,17,False,0.0,16,0.8180997967720032,0.252029687166214,0.5347878932952881,0.02116762101650238
9,18,False,0.0,16,0.8152869939804077,0.25352832674980164,0.5343378186225891,0.02104112133383751
9,19,False,0.0,16,0.8120993375778198,0.25475773215293884,0.5342849493026733,0.021015487611293793
9,20,False,0.0,16,0.8109606504440308,0.2558037042617798,0.5341553092002869,0.02090468630194664
9,21,False,0.0,16,0.8126229643821716,0.2556159794330597,0.5342442989349365,0.021068282425403595
9,22,False,0.0,16,0.8120349645614624,0.25613823533058167,0.5340107083320618,0.020904788747429848
9,23,False,0.0,16,0.8114463686943054,0.2559123635292053,0.5338151454925537,0.020809901878237724
9,24,False,0.0,16,0.8108021020889282,0.25623294711112976,0.5338724851608276,0.020805204287171364
9,25,False,0.0,16,0.8093401789665222,0.2571857273578644,0.5336969494819641,0.020693596452474594
9,26,False,0.0,16,0.808496356010437,0.2578609585762024,0.5336390733718872,0.02058073692023754
9,27,False,0.0,16,0.8076673746109009,0.2575937509536743,0.5336043238639832,0.020513318479061127
9,28,False,0.0,16,0.8069658875465393,0.258565217256546,0.5335082411766052,0.020397817716002464
9,29,False,0.0,16,0.8049280643463135,0.2598092555999756,0.5336921215057373,0.020592207089066505
9,30,True,0.009900989942252636,16,0.8034795522689819,0.2624559700489044,0.5338283777236938,0.02063646912574768
9,31,True,0.05000000074505806,16,0.8033447265625,0.264070987701416,0.5341967344284058,0.02105766534805298
9,32,True,0.10000000149011612,16,0.8013036251068115,0.2658321261405945,0.5347206592559814,0.021052977070212364
9,33,True,0.15000000596046448,16,0.8023258447647095,0.2616138160228729,0.5344094038009644,0.020761635154485703
9,34,True,0.20000000298023224,16,0.810091495513916,0.2591051161289215,0.5347205400466919,0.02113710716366768
9,35,True,0.25,16,0.8104974031448364,0.25852856040000916,0.5347094535827637,0.021181512624025345
9,36,True,0.30000001192092896,16,0.8064256906509399,0.2600591480731964,0.5349094867706299,0.021324390545487404
9,37,True,0.3499999940395355,16,0.8063560724258423,0.25994056463241577,0.5351569652557373,0.021651476621627808
9,38,True,0.4000000059604645,16,0.8042086362838745,0.2603556215763092,0.5351144075393677,0.02160879410803318
9,39,True,0.44999998807907104,16,0.8033978343009949,0.26001498103141785,0.5350238084793091,0.02145960181951523
9,40,True,0.5,16,0.803095817565918,0.25960421562194824,0.5347337126731873,0.021325213834643364
9,41,True,0.550000011920929,16,0.8027100563049316,0.25909480452537537,0.5345067381858826,0.02117757312953472
9,42,True,0.6000000238418579,16,0.8046329617500305,0.25673529505729675,0.5346425175666809,0.021187521517276764
9,43,True,0.6499999761581421,16,0.8089959621429443,0.25594839453697205,0.5345011949539185,0.021254194900393486
9,44,True,0.699999988079071,16,0.8136062622070312,0.24760252237319946,0.5340757369995117,0.021151946857571602
9,45,True,0.75,16,0.8142517805099487,0.24724647402763367,0.5341012477874756,0.021221617236733437
9,46,True,0.800000011920929,16,0.8124257326126099,0.2469104528427124,0.5338650941848755,0.021016191691160202
9,47,True,0.8500000238418579,16,0.8090742826461792,0.2476615160703659,0.5339064598083496,0.020917825400829315
9,48,True,0.8999999761581421,16,0.8079280853271484,0.24925905466079712,0.5337332487106323,0.020746871829032898
9,49,True,0.949999988079071,16,0.8106363415718079,0.2447710484266281,0.5339899063110352,0.02071014791727066
9,50,True,1.0,16,0.8066686987876892,0.2477363497018814,0.5305401682853699,0.0188122745603323
9,51,True,1.0,16,0.8056060075759888,0.24138228595256805,0.5307353138923645,0.018902407959103584
9,52,True,1.0,16,0.8056060075759888,0.24138228595256805,0.5307353138923645,0.018902407959103584
9,53,True,1.0,16,0.8057640790939331,0.24280232191085815,0.531097412109375,0.019009703770279884
9,54,True,1.0,16,0.8057624101638794,0.24284423887729645,0.5311058759689331,0.019010337069630623
9,55,True,1.0,16,0.8057606220245361,0.24287471175193787,0.5311100482940674,0.019010378047823906
9,56,True,1.0,16,0.805762529373169,0.24288567900657654,0.5311106443405151,0.01901211217045784
9,57,True,1.0,16,0.8057560920715332,0.24287886917591095,0.5311144590377808,0.01901303417980671
9,58,True,1.0,16,0.8057543039321899,0.24288244545459747,0.5311126708984375,0.019011320546269417
9,59,True,1.0,16,0.8057475686073303,0.24291269481182098,0.531113862991333,0.01901240460574627
9,60,True,1.0,16,0.8057589530944824,0.2429085373878479,0.5311131477355957,0.019011730328202248
9,61,True,1.0,16,0.8058156967163086,0.24324974417686462,0.5315738916397095,0.019045017659664154
9,62,True,1.0,16,0.8058103322982788,0.24324043095111847,0.531588077545166,0.019047211855649948
9,63,True,1.0,16,0.8057936429977417,0.24323131144046783,0.5315941572189331,0.01904659904539585
9,64,True,1.0,16,0.8057910203933716,0.24323053658008575,0.5315930843353271,0.019046643748879433
9,65,True,1.0,16,0.8058003187179565,0.24323999881744385,0.5315952301025391,0.019045179709792137
9,66,True,1.0,16,0.805801510810852,0.243238627910614,0.5315934419631958,0.019045818597078323
9,67,True,1.0,16,0.8057998418807983,0.24324443936347961,0.5315935611724854,0.01904536597430706
9,68,True,1.0,16,0.8057974576950073,0.24323934316635132,0.5315936207771301,0.019046813249588013
9,69,True,1.0,16,0.8059278130531311,0.2421627938747406,0.5321019887924194,0.019065948203206062
9,70,True,1.0,16,0.805878758430481,0.24208185076713562,0.5321097373962402,0.019066059961915016
9,71,True,1.0,16,0.805860698223114,0.24202652275562286,0.5321171283721924,0.019065411761403084
9,72,True,1.0,16,0.8058480620384216,0.24197982251644135,0.532119631767273,0.01906551979482174
9,73,True,1.0,16,0.8058463931083679,0.24197794497013092,0.5321215391159058,0.019065527245402336
9,74,True,1.0,16,0.8058401942253113,0.2420216053724289,0.5321218967437744,0.019066166132688522
9,75,False,0.0,16,0.8009364604949951,0.26881563663482666,0.5373713970184326,0.02273755706846714
9,76,False,0.0,16,0.7968546748161316,0.26791900396347046,0.5375958681106567,0.02260138839483261
9,77,False,0.0,16,0.7970161437988281,0.2676820755004883,0.5380288362503052,0.02257051318883896
9,78,False,0.0,16,0.796364963054657,0.2674281597137451,0.538195788860321,0.022588437423110008
9,79,False,0.0,16,0.7959792613983154,0.2675251066684723,0.5384957790374756,0.022750116884708405
9,80,False,0.0,16,0.7953714728355408,0.2685356140136719,0.5384954214096069,0.022723209112882614
9,81,False,0.0,16,0.7940034866333008,0.26886236667633057,0.538491427898407,0.02269580401480198
9,82,False,0.0,16,0.7920086979866028,0.2699859142303467,0.5385622382164001,0.022738179191946983
9,83,False,0.0,16,0.789580225944519,0.27228933572769165,0.5384308099746704,0.022692980244755745
9,84,False,0.0,16,0.7886536121368408,0.2728768289089203,0.5387518405914307,0.02274235337972641
9,85,False,0.0,16,0.7888978719711304,0.2736358344554901,0.5395501852035522,0.02279622294008732
9,86,False,0.0,16,0.7892941236495972,0.27381831407546997,0.5398645401000977,0.022919336333870888
9,87,False,0.0,16,0.7893269658088684,0.27412256598472595,0.5396842956542969,0.02285700850188732
9,88,False,0.0,16,0.789740800857544,0.2733252942562103,0.5392597913742065,0.02263125218451023
9,89,False,0.0,16,0.790151059627533,0.27305856347084045,0.5390254855155945,0.022493885830044746
9,90,False,0.0,16,0.7917954325675964,0.2719081938266754,0.5390298366546631,0.022463658824563026
9,91,False,0.0,16,0.7924056053161621,0.2721402049064636,0.5388367176055908,0.02239786647260189
9,92,False,0.0,16,0.7934869527816772,0.27144959568977356,0.5387370586395264,0.02236950770020485
9,93,False,0.0,16,0.7938641905784607,0.2709086239337921,0.5392951369285583,0.022385388612747192
9,94,False,0.0,16,0.7943598628044128,0.2701888978481293,0.5393128395080566,0.02238329127430916
9,95,False,0.0,16,0.7945641279220581,0.26939454674720764,0.5393178462982178,0.022370420396327972
9,96,False,0.0,16,0.7953108549118042,0.26863542199134827,0.5392835140228271,0.022346844896674156
9,97,False,0.0,16,0.795613169670105,0.26839518547058105,0.5392613410949707,0.022327931597828865
9,98,False,0.0,16,0.796085000038147,0.26761171221733093,0.5392560362815857,0.022323232144117355
9,99,False,0.0,16,0.7976349592208862,0.2667481303215027,0.5392373204231262,0.02230251207947731
9,100,False,0.0,16,0.7984485626220703,0.26586535573005676,0.5391372442245483,0.022199083119630814
10,0,False,0.0,0,0.7385432720184326,0.1733960062265396,0.5217940807342529,0.013690222054719925
10,1,False,0.0,1,0.822266161441803,0.24982628226280212,0.5436693429946899,0.023430880159139633
10,2,False,0.0,2,0.8227972984313965,0.24934419989585876,0.5435776710510254,0.02336799167096615
10,3,False,0.0,3,0.8232077360153198,0.2490433007478714,0.543588399887085,0.023372681811451912
10,4,False,0.0,4,0.823860228061676,0.24863705039024353,0.5435749292373657,0.02336112968623638
10,5,False,0.0,5,0.824310302734375,0.248387411236763,0.543484091758728,0.023304536938667297
10,6,False,0.0,6,0.8245513439178467,0.2484159916639328,0.5433882474899292,0.023240378126502037
10,7,False,0.0,7,0.8245254158973694,0.24850259721279144,0.5433003306388855,0.023178324103355408
10,8,False,0.0,8,0.8244134187698364,0.24900077283382416,0.5435633063316345,0.02303379401564598
10,9,False,0.0,9,0.8239166736602783,0.24985814094543457,0.543359637260437,0.02290719747543335
10,10,False,0.0,10,0.8235506415367126,0.2502821981906891,0.5433662533760071,0.022889818996191025
10,11,False,0.0,11,0.8232518434524536,0.2506605386734009,0.5433091521263123,0.02284994162619114
10,12,False,0.0,12,0.8225290179252625,0.25116127729415894,0.5432736873626709,0.022843360900878906
10,13,False,0.0,13,0.8224918246269226,0.2513977885246277,0.5431066751480103,0.022796466946601868
10,14,False,0.0,14,0.822512149810791,0.2514747679233551,0.5431416034698486,0.022827645763754845
10,15,False,0.0,15,0.8225723505020142,0.2513389587402344,0.5431915521621704,0.022870179265737534
10,16,False,0.0,16,0.8221569061279297,0.25154608488082886,0.543323278427124,0.022965986281633377
10,17,False,0.0,16,0.8220212459564209,0.2509998679161072,0.5433707237243652,0.023014236241579056
10,18,False,0.0,16,0.8212507963180542,0.2507775127887726,0.5434800386428833,0.023097950965166092
10,19,False,0.0,16,0.8209936022758484,0.2509971857070923,0.543421745300293,0.023107701912522316
10,20,False,0.0,16,0.8213404417037964,0.2508247196674347,0.5433568358421326,0.023109788075089455
10,21,False,0.0,16,0.8212490677833557,0.2507331967353821,0.5433178544044495,0.023031815886497498
10,22,False,0.0,16,0.820556640625,0.2510198652744293,0.5434103012084961,0.02307720109820366
10,23,False,0.0,16,0.8199998140335083,0.2516303062438965,0.5433208346366882,0.023063475266098976
10,24,False,0.0,16,0.8181929588317871,0.25224196910858154,0.5433253049850464,0.023108500987291336
10,25,False,0.0,16,0.8158604502677917,0.2530982494354248,0.5432823300361633,0.023047437891364098
10,26,False,0.0,16,0.8133125305175781,0.2540965676307678,0.5434317588806152,0.023063305765390396
10,27,False,0.0,16,0.8112744688987732,0.25603553652763367,0.5435567498207092,0.02308718115091324
10,28,False,0.0,16,0.809606671333313,0.2576236426830292,0.5437499284744263,0.02320031449198723
10,29,False,0.0,16,0.8073858022689819,0.259600430727005,0.5436829328536987,0.02320423349738121
10,30,False,0.0,16,0.8061099052429199,0.2609221935272217,0.5434577465057373,0.023143673315644264
10,31,False,0.0,16,0.8044109344482422,0.2627837061882019,0.543316125869751,0.023024745285511017
10,32,False,0.0,16,0.8037240505218506,0.26318392157554626,0.5432518124580383,0.023025110363960266
10,33,False,0.0,16,0.80353844165802,0.2640252411365509,0.5432930588722229,0.023049434646964073
10,34,False,0.0,16,0.8027991056442261,0.2644607722759247,0.5434730052947998,0.023057779297232628
10,35,False,0.0,16,0.8012929558753967,0.26567354798316956,0.5436956882476807,0.023240862414240837
10,36,False,0.0,16,0.8012644052505493,0.26495471596717834,0.5438871383666992,0.023372769355773926
10,37,False,0.0,16,0.8003361225128174,0.26594069600105286,0.5438741445541382,0.02345254458487034
10,38,False,0.0,16,0.8005646467208862,0.26538732647895813,0.5442008972167969,0.02366563118994236
10,39,False,0.0,16,0.8002741932868958,0.2655363976955414,0.5442435145378113,0.023723546415567398
10,40,False,0.0,16,0.8003702163696289,0.2654547691345215,0.5440701842308044,0.023847442120313644
10,41,False,0.0,16,0.8003018498420715,0.26535579562187195,0.5444097518920898,0.024038158357143402
10,42,False,0.0,16,0.8001868724822998,0.26558157801628113,0.5445599555969238,0.024151654914021492
10,43,False,0.0,16,0.8007436990737915,0.2652254104614258,0.5447365641593933,0.024216603487730026
10,44,False,0.0,16,0.8015398979187012,0.26464465260505676,0.5449122190475464,0.024325722828507423
10,45,True,0.020270269364118576,16,0.8025586009025574,0.2639002501964569,0.5447964072227478,0.024268971756100655
10,46,True,0.054054055362939835,16,0.8025955557823181,0.26186180114746094,0.5445175170898438,0.024124890565872192
10,47,True,0.0878378376364708,16,0.8027526140213013,0.25987863540649414,0.5439784526824951,0.02370084822177887
10,48,True,0.12162162363529205,16,0.8033015727996826,0.2571852505207062,0.5435916781425476,0.023661574348807335
10,49,True,0.15540540218353271,16,0.8032166361808777,0.25620606541633606,0.5430393218994141,0.02320338413119316
10,50,True,0.18918919563293457,16,0.8030807971954346,0.2521457374095917,0.5426946878433228,0.022818004712462425
10,51,True,0.22297297418117523,16,0.802386999130249,0.25058358907699585,0.5424699187278748,0.022665899246931076
10,52,True,0.2567567527294159,16,0.8045905828475952,0.2501811683177948,0.5420165061950684,0.022463267669081688
10,53,True,0.29054054617881775,16,0.8058223128318787,0.2448665350675583,0.5419718027114868,0.02260369248688221
10,54,True,0.3243243098258972,16,0.803667426109314,0.24896132946014404,0.5420832633972168,0.022699769586324692
10,55,True,0.3581081032752991,16,0.8035358190536499,0.2495335042476654,0.5421112179756165,0.02272728830575943
10,56,True,0.3918918967247009,16,0.8049972057342529,0.24625131487846375,0.5417276620864868,0.02259896695613861
10,57,True,0.4256756901741028,16,0.806056797504425,0.24773235619068146,0.5416897535324097,0.022577481344342232
10,58,True,0.45945945382118225,16,0.8063689470291138,0.24676980078220367,0.5415308475494385,0.02236771769821644
10,59,True,0.4932432472705841,16,0.806365966796875,0.24869394302368164,0.5415184497833252,0.022282136604189873
10,60,True,0.5270270109176636,16,0.8067566156387329,0.24962593615055084,0.54112708568573,0.022074706852436066
10,61,True,0.5608108043670654,16,0.8049407601356506,0.24612580239772797,0.541107177734375,0.02211252972483635
10,62,True,0.5945945978164673,16,0.8055115342140198,0.24940121173858643,0.541089653968811,0.022231468930840492
10,63,True,0.6283783912658691,16,0.8039019107818604,0.25350117683410645,0.5410479307174683,0.02231176197528839
10,64,True,0.662162184715271,16,0.8042082786560059,0.2515676021575928,0.5409201979637146,0.02217971906065941
10,65,True,0.6959459185600281,16,0.8046925067901611,0.25140732526779175,0.5408974885940552,0.02214885503053665
10,66,True,0.7297297120094299,16,0.8051402568817139,0.25072142481803894,0.5408830642700195,0.022053398191928864
10,67,True,0.7635135054588318,16,0.80412757396698,0.25190138816833496,0.5411521196365356,0.022083351388573647
10,68,True,0.7972972989082336,16,0.8044347763061523,0.2512057423591614,0.5410303473472595,0.021926328539848328
10,69,True,0.8310810923576355,16,0.8038522601127625,0.2530193328857422,0.5409623980522156,0.02193150296807289
10,70,True,0.8648648858070374,16,0.8037887811660767,0.2504194974899292,0.5407536029815674,0.021779876202344894
10,71,True,0.8986486196517944,16,0.8026450872421265,0.25258681178092957,0.5408170819282532,0.0217649657279253
10,72,True,0.9324324131011963,16,0.8039116263389587,0.25015705823898315,0.5401169061660767,0.021059056743979454
10,73,True,0.9662162065505981,16,0.8058403730392456,0.2451958805322647,0.5402206182479858,0.020934386178851128
10,74,True,1.0,16,0.805551290512085,0.24810953438282013,0.5366729497909546,0.018618296831846237
10,75,True,1.0,16,0.8055728673934937,0.24791201949119568,0.5366517305374146,0.01861673593521118
10,76,True,1.0,16,0.8055728673934937,0.24791201949119568,0.5366517305374146,0.01861673593521118
10,77,True,1.0,16,0.8055728673934937,0.24791201949119568,0.5366517305374146,0.01861673593521118
10,78,True,1.0,16,0.8055728673934937,0.24791201949119568,0.5366517305374146,0.01861673593521118
10,79,True,1.0,16,0.8055728673934937,0.24791201949119568,0.5366517305374146,0.01861673593521118
10,80,True,1.0,16,0.805753231048584,0.24753320217132568,0.5366210341453552,0.018429448828101158
10,81,True,1.0,16,0.8057596683502197,0.24753449857234955,0.5366162061691284,0.018427513539791107
10,82,True,1.0,16,0.8057538270950317,0.24755078554153442,0.5366133451461792,0.01842585951089859
10,83,True,1.0,16,0.8057457804679871,0.24752867221832275,0.5366114377975464,0.018424836918711662
10,84,True,1.0,16,0.8057500720024109,0.2475913166999817,0.5366126894950867,0.018425116315484047
10,85,True,1.0,16,0.8057462573051453,0.24754977226257324,0.5366100072860718,0.01842385344207287
10,86,True,1.0,16,0.8057495951652527,0.24755977094173431,0.5366114377975464,0.01842355541884899
10,87,True,1.0,16,0.8057498335838318,0.24758656322956085,0.5366119146347046,0.018423840403556824
10,88,True,1.0,16,0.8057929277420044,0.2482500970363617,0.536584734916687,0.018221741542220116
10,89,True,1.0,16,0.8057857751846313,0.24828846752643585,0.5365813374519348,0.01822097972035408
10,90,True,1.0,16,0.8057889342308044,0.2482801377773285,0.5365802049636841,0.01822006143629551
10,91,True,1.0,16,0.8057945966720581,0.24828819930553436,0.5365792512893677,0.01821976527571678
10,92,True,1.0,16,0.8057928085327148,0.24828946590423584,0.5365791916847229,0.01822051592171192
10,93,True,1.0,16,0.8057906627655029,0.24829313158988953,0.5365785360336304,0.018220823258161545
10,94,True,1.0,16,0.8057920336723328,0.2482900619506836,0.5365782976150513,0.018219824880361557
10,95,True,1.0,16,0.8057937622070312,0.24829132854938507,0.5365787744522095,0.018219443038105965
10,96,True,1.0,16,0.8058991432189941,0.24921971559524536,0.5362350940704346,0.01793411187827587
10,97,True,1.0,16,0.8059099912643433,0.24928328394889832,0.5362347364425659,0.017934521660208702
10,98,True,1.0,16,0.8059054613113403,0.24929670989513397,0.5362265110015869,0.017931949347257614
10,99,True,1.0,16,0.8059028387069702,0.24928316473960876,0.5362237691879272,0.017932994291186333
10,100,True,1.0,16,0.8058987259864807,0.24931709468364716,0.5362241268157959,0.0179319828748703
10,101,True,1.0,16,0.8058958649635315,0.2493104338645935,0.536220908164978,0.017933189868927002
10,102,True,1.0,16,0.8058963418006897,0.24931180477142334,0.5362229943275452,0.01793404296040535
10,103,True,1.0,16,0.8058975338935852,0.24931320548057556,0.5362221002578735,0.017933642491698265
10,104,True,1.0,16,0.8058450818061829,0.2501663267612457,0.5361583232879639,0.01774386316537857
10,105,True,1.0,16,0.8058539032936096,0.250180184841156,0.5361557602882385,0.017741484567523003
10,106,True,1.0,16,0.8058561682701111,0.2501370906829834,0.5361541509628296,0.0177412498742342
10,107,True,1.0,16,0.8058598637580872,0.2501417398452759,0.5361531972885132,0.01774042472243309
10,108,True,1.0,16,0.8058575987815857,0.2501482665538788,0.5361522436141968,0.01774124801158905
10,109,True,1.0,16,0.8058536648750305,0.2501498758792877,0.53615403175354,0.01773918978869915
10,110,True,1.0,16,0.8058575987815857,0.25014981627464294,0.5361526608467102,0.017739849165081978
10,111,False,0.0,16,0.796884298324585,0.2746998369693756,0.5408120155334473,0.02110128104686737
10,112,False,0.0,16,0.7903872728347778,0.27344226837158203,0.5408352017402649,0.021043924614787102
10,113,False,0.0,16,0.7905496954917908,0.27356693148612976,0.5409764051437378,0.021122710779309273
10,114,False,0.0,16,0.7894434332847595,0.2727145850658417,0.5410293936729431,0.02119073085486889
10,115,False,0.0,16,0.7896777391433716,0.2723923921585083,0.5413049459457397,0.02133452706038952
10,116,False,0.0,16,0.7902697324752808,0.2709929943084717,0.5413323640823364,0.021338988095521927
10,117,False,0.0,16,0.7908298969268799,0.2715039551258087,0.5415835380554199,0.02143523097038269
10,118,False,0.0,16,0.7901054620742798,0.2739604711532593,0.5417983531951904,0.0215204656124115
10,119,False,0.0,16,0.7892490029335022,0.2766396999359131,0.5419254302978516,0.02154967375099659
10,120,False,0.0,16,0.7888599634170532,0.27876290678977966,0.541942834854126,0.021616380661725998
10,121,False,0.0,16,0.7877005338668823,0.2785838544368744,0.5420747995376587,0.021651029586791992
10,122,False,0.0,16,0.7873784303665161,0.2772470712661743,0.5420445203781128,0.021589187905192375
10,123,False,0.0,16,0.7883403301239014,0.2754378318786621,0.5420795679092407,0.02155238389968872
10,124,False,0.0,16,0.7898787260055542,0.2750095725059509,0.5419926643371582,0.021491767838597298
10,125,False,0.0,16,0.7906808853149414,0.27400386333465576,0.5419656038284302,0.021474145352840424
10,126,False,0.0,16,0.7915046215057373,0.2729819118976593,0.5418713092803955,0.021414514631032944
10,127,False,0.0,16,0.7924860715866089,0.2721896469593048,0.5417560935020447,0.02136240340769291
10,128,False,0.0,16,0.7935060262680054,0.27109330892562866,0.5418933629989624,0.021483683958649635
10,129,False,0.0,16,0.7944020628929138,0.27020788192749023,0.5419983863830566,0.02155383490025997
10,130,False,0.0,16,0.7948141098022461,0.26988545060157776,0.5419464111328125,0.021538294851779938
10,131,False,0.0,16,0.7952350378036499,0.2694641649723053,0.5418506264686584,0.0215037539601326
10,132,False,0.0,16,0.7958834171295166,0.26908349990844727,0.5418258905410767,0.021487245336174965
10,133,False,0.0,16,0.7965036630630493,0.2689615786075592,0.5418705940246582,0.02153443545103073
10,134,False,0.0,16,0.7967085838317871,0.26895445585250854,0.5419203042984009,0.021551841869950294
10,135,False,0.0,16,0.7966961860656738,0.2691075801849365,0.5418519377708435,0.021526429802179337
10,136,False,0.0,16,0.7971622943878174,0.2690221071243286,0.5423197150230408,0.021827030926942825
10,137,False,0.0,16,0.7975082397460938,0.26886922121047974,0.5424785614013672,0.02188986912369728
10,138,False,0.0,16,0.7981377840042114,0.26876968145370483,0.542580246925354,0.021926457062363625
10,139,False,0.0,16,0.7989013195037842,0.2678585648536682,0.5426766872406006,0.022008519619703293
10,140,False,0.0,16,0.7985801696777344,0.2671002149581909,0.5428084135055542,0.02212262712419033
10,141,False,0.0,16,0.7981426119804382,0.26716920733451843,0.542887806892395,0.022140176966786385
10,142,False,0.0,16,0.7991275787353516,0.2668563425540924,0.5428524017333984,0.022163398563861847
10,143,False,0.0,16,0.799568772315979,0.26667678356170654,0.5428566336631775,0.02218172326683998
10,144,False,0.0,16,0.7996938824653625,0.26658177375793457,0.5434789657592773,0.022633517161011696
10,145,False,0.0,16,0.7993490695953369,0.26665234565734863,0.543410062789917,0.022608628496527672
10,146,False,0.0,16,0.7991663217544556,0.2667742371559143,0.5434157848358154,0.022631138563156128
10,147,False,0.0,16,0.7991091012954712,0.2668670117855072,0.5433417558670044,0.022608086466789246
10,148,False,0.0,16,0.7991251945495605,0.2671821117401123,0.5434046387672424,0.022650763392448425
11,0,False,0.0,0,0.7107530832290649,0.18400068581104279,0.5217389464378357,0.013637157157063484
11,1,False,0.0,1,0.8180575370788574,0.24948151409626007,0.5415908694267273,0.022539494559168816
11,2,False,0.0,2,0.8186168670654297,0.2486996203660965,0.541561484336853,0.02253797836601734
11,3,False,0.0,3,0.8193448781967163,0.2489505261182785,0.5419334173202515,0.023003386333584785
11,4,False,0.0,4,0.8205941319465637,0.2487829178571701,0.541962742805481,0.023090774193406105
11,5,False,0.0,5,0.8215086460113525,0.248649001121521,0.5419117212295532,0.023075180128216743
11,6,False,0.0,6,0.8224490880966187,0.24816292524337769,0.5420305728912354,0.023201437667012215
11,7,False,0.0,7,0.823642909526825,0.24829983711242676,0.5420233011245728,0.02324686199426651
11,8,False,0.0,8,0.8244337439537048,0.24744820594787598,0.5421923398971558,0.023319728672504425
11,9,False,0.0,9,0.825252115726471,0.24715656042099,0.5422773957252502,0.023322898894548416
11,10,False,0.0,10,0.8252484798431396,0.24747660756111145,0.5421926975250244,0.02333025261759758
11,11,False,0.0,11,0.8254508972167969,0.2473348081111908,0.5424675941467285,0.023499442264437675
11,12,False,0.0,12,0.8254083395004272,0.2469964176416397,0.5423229932785034,0.023479249328374863
11,13,False,0.0,13,0.8260924816131592,0.24700050055980682,0.5424190759658813,0.023536833003163338
11,14,False,0.0,14,0.8261182308197021,0.2479676902294159,0.5423439145088196,0.023542556911706924
11,15,False,0.0,15,0.8249965906143188,0.2492266148328781,0.542365312576294,0.02359982207417488
11,16,False,0.0,16,0.8232983350753784,0.25103506445884705,0.5424774289131165,0.023634932935237885
11,17,False,0.0,16,0.821526825428009,0.2519838213920593,0.5426621437072754,0.0236340444535017
11,18,False,0.0,16,0.8207924365997314,0.252501517534256,0.5425022840499878,0.023536499589681625
11,19,False,0.0,16,0.8192017078399658,0.2534482479095459,0.5427852869033813,0.02356685698032379
11,20,False,0.0,16,0.8172826766967773,0.25445088744163513,0.5429327487945557,0.02358761988580227
11,21,False,0.0,16,0.8162592649459839,0.25510522723197937,0.5429428815841675,0.02351801097393036
11,22,False,0.0,16,0.8139548301696777,0.2579880654811859,0.5428980588912964,0.023481296375393867
11,23,False,0.0,16,0.8118780851364136,0.26027005910873413,0.543002724647522,0.023586172610521317
11,24,False,0.0,16,0.8093828558921814,0.262858122587204,0.5429842472076416,0.023617418482899666
11,25,False,0.0,16,0.8074896931648254,0.263535737991333,0.542939305305481,0.023598628118634224
11,26,False,0.0,16,0.8055367469787598,0.26403990387916565,0.5432724952697754,0.02376469224691391
11,27,False,0.0,16,0.8021447658538818,0.2675694525241852,0.543349027633667,0.02372867241501808
11,28,False,0.0,16,0.7997851371765137,0.2705206274986267,0.5433250665664673,0.02373437210917473
11,29,False,0.0,16,0.7976602911949158,0.27219805121421814,0.5437096357345581,0.023794610053300858
11,30,False,0.0,16,0.7958192825317383,0.2734754681587219,0.5439823865890503,0.023877615109086037
11,31,False,0.0,16,0.795116662979126,0.2736920118331909,0.5444532632827759,0.024021655321121216
11,32,False,0.0,16,0.7940371036529541,0.2743346393108368,0.5444108843803406,0.02396487258374691
11,33,False,0.0,16,0.7921881675720215,0.2748110592365265,0.5443805456161499,0.023911578580737114
11,34,False,0.0,16,0.7908836007118225,0.2753901183605194,0.544581413269043,0.02401796169579029
11,35,False,0.0,16,0.7902479767799377,0.2755240797996521,0.5444326400756836,0.023802021518349648
11,36,False,0.0,16,0.7889719605445862,0.2754248380661011,0.5443832278251648,0.02376551553606987
11,37,False,0.0,16,0.789338231086731,0.2737290859222412,0.5443646907806396,0.023779939860105515
11,38,False,0.0,16,0.7873846292495728,0.27427372336387634,0.543958842754364,0.023558272048830986
11,39,False,0.0,16,0.7877011299133301,0.2746923267841339,0.5437449216842651,0.023441223427653313
11,40,False,0.0,16,0.7858091592788696,0.2745627760887146,0.5436989068984985,0.02340942807495594
11,41,False,0.0,16,0.7832514047622681,0.27578240633010864,0.5434287190437317,0.023288710042834282
11,42,False,0.0,16,0.7832804918289185,0.27656275033950806,0.5433825850486755,0.023231741040945053
11,43,False,0.0,16,0.7846975922584534,0.2768353223800659,0.5428126454353333,0.022891497239470482
11,44,False,0.0,16,0.7859437465667725,0.276900053024292,0.5426234006881714,0.022772429510951042
11,45,False,0.0,16,0.787452757358551,0.27591773867607117,0.5423468947410583,0.022633591666817665
11,46,False,0.0,16,0.7888820171356201,0.27433839440345764,0.5421125888824463,0.022514497861266136
11,47,False,0.0,16,0.7902731895446777,0.27354344725608826,0.5421442985534668,0.022471241652965546
11,48,False,0.0,16,0.7913917303085327,0.272491455078125,0.5422683954238892,0.02253700979053974
11,49,False,0.0,16,0.7919387221336365,0.2721705436706543,0.5423798561096191,0.02254968136548996
11,50,False,0.0,16,0.7949365377426147,0.27139511704444885,0.5423651337623596,0.02252245508134365
11,51,False,0.0,16,0.7945457696914673,0.27248135209083557,0.5422676801681519,0.022434936836361885
11,52,False,0.0,16,0.795715868473053,0.2720347046852112,0.5422996878623962,0.022471372038125992
11,53,False,0.0,16,0.7967593669891357,0.2714618146419525,0.5422273874282837,0.022470448166131973
11,54,False,0.0,16,0.7989776730537415,0.2710389792919159,0.5422792434692383,0.02258719503879547
11,55,False,0.0,16,0.7999564409255981,0.27067500352859497,0.5423984527587891,0.022639447823166847
11,56,False,0.0,16,0.8016427755355835,0.2696473300457001,0.542533278465271,0.022725990042090416
11,57,False,0.0,16,0.803155779838562,0.2688648998737335,0.5426622033119202,0.022787034511566162
11,58,False,0.0,16,0.8039699196815491,0.2684980034828186,0.5426586866378784,0.0228473749011755
11,59,False,0.0,16,0.8052113056182861,0.2675214409828186,0.5428860783576965,0.02288154698908329
11,60,False,0.0,16,0.8060870170593262,0.26713505387306213,0.5425642728805542,0.022716142237186432
11,61,False,0.0,16,0.8065769672393799,0.26646772027015686,0.5424940586090088,0.022570528090000153
11,62,False,0.0,16,0.8065855503082275,0.26668399572372437,0.5424765348434448,0.022630123421549797
11,63,False,0.0,16,0.8068255186080933,0.26638275384902954,0.5423448085784912,0.02248416468501091
11,64,False,0.0,16,0.8069864511489868,0.26568803191185,0.5422035455703735,0.02245733141899109
11,65,False,0.0,16,0.8077566623687744,0.2652589678764343,0.5419799089431763,0.0222611241042614
11,66,False,0.0,16,0.8073156476020813,0.26515358686447144,0.541779637336731,0.022109389305114746
11,67,False,0.0,16,0.8076530694961548,0.2644396424293518,0.5413923263549805,0.02186654880642891
11,68,False,0.0,16,0.8073935508728027,0.2643892765045166,0.5413239002227783,0.021842941641807556
11,69,False,0.0,16,0.8074849247932434,0.26420050859451294,0.5414580702781677,0.02183896116912365
11,70,False,0.0,16,0.8068636655807495,0.2643258273601532,0.5416492223739624,0.021911922842264175
11,71,False,0.0,16,0.8067700862884521,0.2633937895298004,0.5414315462112427,0.021841317415237427
11,72,False,0.0,16,0.8069577217102051,0.26320043206214905,0.5414873957633972,0.021941613405942917
11,73,False,0.0,16,0.8058201670646667,0.26452308893203735,0.5416697859764099,0.022017978131771088
11,74,False,0.0,16,0.8056544065475464,0.26348617672920227,0.5417559146881104,0.022031094878911972
11,75,False,0.0,16,0.8060541152954102,0.26285991072654724,0.5416762828826904,0.021746933460235596
11,76,False,0.0,16,0.8062310814857483,0.2618611752986908,0.541671872138977,0.02177402563393116
11,77,False,0.0,16,0.8064594268798828,0.26087021827697754,0.541559100151062,0.021744228899478912
11,78,False,0.0,16,0.8076265454292297,0.2595222294330597,0.5416910648345947,0.021838625892996788
11,79,False,0.0,16,0.8072718381881714,0.25924602150917053,0.5417311787605286,0.021908823400735855
11,80,False,0.0,16,0.8071013689041138,0.25799816846847534,0.5417746305465698,0.021983355283737183
11,81,False,0.0,16,0.8071063756942749,0.25777754187583923,0.5420063734054565,0.02203359827399254
11,82,False,0.0,16,0.805612325668335,0.25951632857322693,0.5418961048126221,0.022059962153434753
11,83,False,0.0,16,0.8047650456428528,0.2599177062511444,0.5417802333831787,0.021552423015236855
11,84,False,0.0,16,0.8047029376029968,0.2601238489151001,0.5416776537895203,0.021506894379854202
11,85,False,0.0,16,0.803510308265686,0.2608099579811096,0.5414540767669678,0.021475598216056824
11,86,False,0.0,16,0.8023922443389893,0.26167482137680054,0.5414637327194214,0.02138107642531395
11,87,False,0.0,16,0.8020257949829102,0.26206958293914795,0.5413417816162109,0.021460022777318954
11,88,False,0.0,16,0.8010268211364746,0.2622544467449188,0.5411936044692993,0.021461470052599907
11,89,False,0.0,16,0.8003053665161133,0.2621380686759949,0.5412641763687134,0.021514320746064186
11,90,False,0.0,16,0.7995655536651611,0.26211681962013245,0.540816068649292,0.021152786910533905
11,91,False,0.0,16,0.7994115948677063,0.26453807950019836,0.5409203171730042,0.020742394030094147
11,92,False,0.0,16,0.7991652488708496,0.2663631737232208,0.5409041047096252,0.020621931180357933
11,93,False,0.0,16,0.7987874746322632,0.2679755389690399,0.5410526990890503,0.020692171528935432
11,94,False,0.0,16,0.7975648641586304,0.2690355181694031,0.5408209562301636,0.02051229402422905
11,95,False,0.0,16,0.7960628867149353,0.2698798179626465,0.5411932468414307,0.02070806361734867
11,96,False,0.0,16,0.7948898673057556,0.2704457640647888,0.5411813259124756,0.020644573494791985
11,97,False,0.0,16,0.7936308979988098,0.2705436646938324,0.5414057970046997,0.020685171708464622
11,98,False,0.0,16,0.7923684120178223,0.2720015347003937,0.5417395830154419,0.020822640508413315
11,99,False,0.0,16,0.7919932007789612,0.2726511061191559,0.5416157245635986,0.020346149802207947
11,100,False,0.0,16,0.7915488481521606,0.2736485004425049,0.5415250062942505,0.020268192514777184
11,101,False,0.0,16,0.791276752948761,0.2738010883331299,0.5413482189178467,0.02019624598324299
11,102,False,0.0,16,0.7921164035797119,0.2728055417537689,0.5413670539855957,0.020255044102668762
11,103,False,0.0,16,0.7956398725509644,0.2701593339443207,0.5413541197776794,0.02026022970676422
11,104,False,0.0,16,0.7974958419799805,0.2696506381034851,0.540974497795105,0.020054444670677185
11,105,False,0.0,16,0.7977416515350342,0.2690636217594147,0.5404854416847229,0.019815517589449883
11,106,False,0.0,16,0.7994503974914551,0.26838424801826477,0.5402416586875916,0.019727827981114388
11,107,False,0.0,16,0.7992517948150635,0.26899272203445435,0.5407220721244812,0.019645869731903076
11,108,False,0.0,16,0.8000249862670898,0.2683153748512268,0.5409399271011353,0.019833318889141083
11,109,False,0.0,16,0.7995911836624146,0.268900603055954,0.5411475896835327,0.019934020936489105
11,110,False,0.0,16,0.7987224459648132,0.26916268467903137,0.541061520576477,0.019922325387597084
11,111,False,0.0,16,0.7990468740463257,0.2687762975692749,0.5408209562301636,0.019742194563150406
11,112,False,0.0,16,0.8000783920288086,0.2678971290588379,0.5406813621520996,0.01961585320532322
11,113,False,0.0,16,0.8015886545181274,0.26832807064056396,0.5408357381820679,0.019561171531677246
11,114,False,0.0,16,0.8025271892547607,0.2679288387298584,0.54087233543396,0.019540807232260704
11,115,False,0.0,16,0.801960289478302,0.2673760652542114,0.5412590503692627,0.01957804150879383
11,116,False,0.0,16,0.8026911020278931,0.26728835701942444,0.5412530303001404,0.019606932997703552
12,0,False,0.0,0,0.7444074153900146,0.1806371659040451,0.5200110673904419,0.011028279550373554
12,1,False,0.0,1,0.8200682401657104,0.2566557824611664,0.5429292917251587,0.020229032263159752
12,2,False,0.0,2,0.820212721824646,0.2565222978591919,0.5428730845451355,0.02019648812711239
12,3,False,0.0,3,0.820412278175354,0.2564120590686798,0.5428874492645264,0.020197268575429916
12,4,False,0.0,4,0.8206844925880432,0.25632524490356445,0.5428788661956787,0.020198753103613853
12,5,False,0.0,5,0.8208560943603516,0.25599798560142517,0.5428687930107117,0.02020450495183468
12,6,False,0.0,6,0.8212083578109741,0.2559305727481842,0.5432555079460144,0.020298462361097336
12,7,False,0.0,7,0.8210781216621399,0.25619158148765564,0.5432884693145752,0.020307889208197594
12,8,False,0.0,8,0.8205546736717224,0.2563585340976715,0.5432553291320801,0.020325014367699623
12,9,False,0.0,9,0.8195894956588745,0.25678279995918274,0.5433900356292725,0.020389003679156303
12,10,False,0.0,10,0.8189640045166016,0.25690963864326477,0.5434618592262268,0.02042078599333763
12,11,False,0.0,11,0.8177727460861206,0.2570786774158478,0.5435220003128052,0.0204609464854002
12,12,False,0.0,12,0.8159029483795166,0.258250892162323,0.5431468486785889,0.020384276285767555
12,13,False,0.0,13,0.8149229288101196,0.2587287724018097,0.542953372001648,0.02032216265797615
12,14,False,0.0,14,0.8145585060119629,0.2596816420555115,0.5432690382003784,0.02054905705153942
12,15,False,0.0,15,0.8135091066360474,0.2601809501647949,0.5431166887283325,0.020505517721176147
12,16,False,0.0,16,0.8133851885795593,0.26038897037506104,0.5433247089385986,0.020577004179358482
12,17,False,0.0,16,0.8122661113739014,0.26110970973968506,0.5430471897125244,0.020456401631236076
12,18,False,0.0,16,0.8109702467918396,0.26095831394195557,0.5431230068206787,0.020465685054659843
12,19,False,0.0,16,0.8100777268409729,0.261458158493042,0.5429649353027344,0.020460911095142365
12,20,False,0.0,16,0.8097900748252869,0.2619032859802246,0.5428297519683838,0.020384490489959717
12,21,False,0.0,16,0.8088454604148865,0.2631140649318695,0.542809784412384,0.020396098494529724
12,22,False,0.0,16,0.8082033395767212,0.2645992934703827,0.5433069467544556,0.020689669996500015
12,23,False,0.0,16,0.8082622289657593,0.26541101932525635,0.543595552444458,0.020776599645614624
12,24,False,0.0,16,0.8072783946990967,0.26694193482398987,0.5436029434204102,0.020748941227793694
12,25,False,0.0,16,0.806228756904602,0.2683943808078766,0.5437377691268921,0.020839808508753777
12,26,False,0.0,16,0.8052897453308105,0.2692199945449829,0.5437301993370056,0.02078445628285408
12,27,False,0.0,16,0.8032782077789307,0.2700255513191223,0.5438598394393921,0.020772280171513557
12,28,False,0.0,16,0.8027165532112122,0.27109530568122864,0.5437575578689575,0.020702965557575226
12,29,False,0.0,16,0.8004002571105957,0.27080950140953064,0.5437797904014587,0.020690929144620895
12,30,False,0.0,16,0.7995467185974121,0.27115416526794434,0.5442887544631958,0.021086983382701874
12,31,False,0.0,16,0.799391508102417,0.2709589898586273,0.5443904399871826,0.02112535387277603
12,32,False,0.0,16,0.7987364530563354,0.27063053846359253,0.5441831350326538,0.02104521542787552
12,33,False,0.0,16,0.7991971969604492,0.2718510925769806,0.5441461801528931,0.021049166098237038
12,34,False,0.0,16,0.799024760723114,0.2730809152126312,0.5443145632743835,0.021149303764104843
12,35,False,0.0,16,0.7996021509170532,0.2729943096637726,0.5443255305290222,0.02114836871623993
12,36,False,0.0,16,0.799416720867157,0.2733074426651001,0.5443072319030762,0.021145861595869064
12,37,True,0.008064515888690948,16,0.79914391040802,0.2729417383670807,0.5444326400756836,0.021112121641635895
12,38,True,0.04471544548869133,16,0.8054324388504028,0.2669405937194824,0.544380784034729,0.02145637571811676
12,39,True,0.08536585420370102,16,0.8035632967948914,0.26704466342926025,0.5437712669372559,0.02113298326730728
12,40,True,0.1260162591934204,16,0.800004243850708,0.2669941186904907,0.5435919165611267,0.021017760038375854
12,41,True,0.1666666716337204,16,0.8005015850067139,0.2672633230686188,0.5430635213851929,0.020891744643449783
12,42,True,0.2073170691728592,16,0.8009651899337769,0.26712578535079956,0.5429648756980896,0.02092282846570015
12,43,True,0.24796748161315918,16,0.8006840944290161,0.2671087384223938,0.5431680679321289,0.021029513329267502
12,44,True,0.288617879152298,16,0.8005727529525757,0.26795873045921326,0.5434765219688416,0.02123958058655262
12,45,True,0.32926830649375916,16,0.8002229928970337,0.26792892813682556,0.5430852770805359,0.02100830152630806
12,46,True,0.36991870403289795,16,0.8003590106964111,0.2682756781578064,0.5433624982833862,0.021230407059192657
12,47,True,0.41056910157203674,16,0.800370454788208,0.2683071494102478,0.5433173179626465,0.021239018067717552
12,48,True,0.45121949911117554,16,0.8002433180809021,0.26793625950813293,0.543269157409668,0.021280622109770775
12,49,True,0.4918699264526367,16,0.8006812334060669,0.2673553228378296,0.5431413650512695,0.021307984367012978
12,50,True,0.5325203537940979,16,0.8013684153556824,0.26639828085899353,0.5430431365966797,0.021283645182847977
12,51,True,0.5731707215309143,16,0.8031910061836243,0.2646010220050812,0.5430958867073059,0.021336941048502922
12,52,True,0.6138211488723755,16,0.8028978109359741,0.26153063774108887,0.5430667400360107,0.021292688325047493
12,53,True,0.6544715166091919,16,0.8034300804138184,0.26175379753112793,0.5428717732429504,0.021138468757271767
12,54,True,0.6951219439506531,16,0.803992748260498,0.2615719437599182,0.5431292057037354,0.02121422439813614
12,55,True,0.7357723712921143,16,0.8041328191757202,0.26138150691986084,0.5430700778961182,0.021115045994520187
12,56,True,0.7764227390289307,16,0.8045505285263062,0.2613483667373657,0.5431993007659912,0.02112467773258686
12,57,True,0.8170731663703918,16,0.8034895658493042,0.2604420781135559,0.5433490872383118,0.021233996376395226
12,58,True,0.857723593711853,16,0.8026660680770874,0.2600497007369995,0.5431502461433411,0.021022580564022064
12,59,True,0.8983739614486694,16,0.8035377860069275,0.2597830295562744,0.5431498289108276,0.020921742543578148
12,60,True,0.9390243887901306,16,0.8072112798690796,0.25931331515312195,0.5417174696922302,0.020063059404492378
12,61,True,0.9796748161315918,16,0.8075133562088013,0.2593722939491272,0.541226863861084,0.019511960446834564
12,62,True,1.0,16,0.8088558912277222,0.2571410536766052,0.5362513065338135,0.01714092120528221
12,63,True,1.0,16,0.8091327548027039,0.2572331130504608,0.5363991856575012,0.017175721004605293
12,64,True,1.0,16,0.8091327548027039,0.2572331130504608,0.5363991856575012,0.017175721004605293
12,65,True,1.0,16,0.8091327548027039,0.2572331130504608,0.5363991856575012,0.017175721004605293
12,66,True,1.0,16,0.8091327548027039,0.2572331130504608,0.5363991856575012,0.017175721004605293
12,67,True,1.0,16,0.8091327548027039,0.2572331130504608,0.5363991856575012,0.017175721004605293
12,68,True,1.0,16,0.8091327548027039,0.2572331130504608,0.5363991856575012,0.017175721004605293
12,69,True,1.0,16,0.8091327548027039,0.2572331130504608,0.5363991856575012,0.017175721004605293
12,70,True,1.0,16,0.8091362714767456,0.257318377494812,0.5366697907447815,0.01711885817348957
12,71,True,1.0,16,0.809136152267456,0.2572988271713257,0.5366706848144531,0.0171202365309
12,72,True,1.0,16,0.8091470003128052,0.2573033571243286,0.5366702079772949,0.017119280993938446
12,73,True,1.0,16,0.8091325163841248,0.25728705525398254,0.5366679430007935,0.017119327560067177
12,74,True,1.0,16,0.8091347217559814,0.2573026418685913,0.5366691946983337,0.017121000215411186
12,75,True,1.0,16,0.8091340065002441,0.2573017179965973,0.5366682410240173,0.017121069133281708
12,76,True,1.0,16,0.809139609336853,0.25730517506599426,0.5366683006286621,0.017121342942118645
12,77,True,1.0,16,0.8091337084770203,0.25728780031204224,0.5366671085357666,0.017121022567152977
12,78,True,1.0,16,0.8090626001358032,0.2574816942214966,0.5370387434959412,0.01705753616988659
12,79,True,1.0,16,0.8090530633926392,0.2574809491634369,0.537037193775177,0.017059551551938057
12,80,True,1.0,16,0.8090622425079346,0.257470965385437,0.5370422005653381,0.017062200233340263
12,81,True,1.0,16,0.8090583086013794,0.2574726343154907,0.5370428562164307,0.017061438411474228
12,82,True,1.0,16,0.8090524673461914,0.25747790932655334,0.5370432138442993,0.017061734572052956
12,83,True,1.0,16,0.8090506792068481,0.2574792802333832,0.5370428562164307,0.0170612670481205
12,84,True,1.0,16,0.809052586555481,0.2574705481529236,0.5370422601699829,0.01706106588244438
12,85,True,1.0,16,0.8090475797653198,0.2574692964553833,0.5370426177978516,0.01706118881702423
12,86,True,1.0,16,0.808869481086731,0.25756487250328064,0.5376071929931641,0.017139960080385208
12,87,True,1.0,16,0.8088575005531311,0.2575485110282898,0.537602424621582,0.0171401035040617
12,88,True,1.0,16,0.8088434338569641,0.2575339674949646,0.5376023054122925,0.017139766365289688
12,89,True,1.0,16,0.8088400363922119,0.25753456354141235,0.537604570388794,0.01714128442108631
12,90,True,1.0,16,0.808840811252594,0.2575373649597168,0.5376077890396118,0.017141062766313553
12,91,True,1.0,16,0.8088372349739075,0.2575368285179138,0.5376062393188477,0.01714092493057251
12,92,True,1.0,16,0.8088329434394836,0.2575393617153168,0.5376060605049133,0.017142223194241524
12,93,False,0.0,16,0.8017313480377197,0.27581170201301575,0.5463998317718506,0.02260790765285492
12,94,False,0.0,16,0.7987802624702454,0.27730995416641235,0.546657145023346,0.022942176088690758
12,95,False,0.0,16,0.7996346950531006,0.27643099427223206,0.5468021035194397,0.023007730022072792
12,96,False,0.0,16,0.8008430004119873,0.2755222022533417,0.5466914176940918,0.023005345836281776
12,97,False,0.0,16,0.8018418550491333,0.2742154598236084,0.5466679334640503,0.023032119497656822
12,98,False,0.0,16,0.8028401732444763,0.27335870265960693,0.546642541885376,0.02302532084286213
12,99,False,0.0,16,0.8037241697311401,0.2724423408508301,0.5465736985206604,0.022981205955147743
12,100,False,0.0,16,0.8041410446166992,0.27180802822113037,0.5465975999832153,0.023018602281808853
12,101,False,0.0,16,0.8045414686203003,0.2713884711265564,0.5465055704116821,0.02300977148115635
12,102,False,0.0,16,0.8046546578407288,0.27127155661582947,0.5465551614761353,0.023176513612270355
12,103,False,0.0,16,0.8047906756401062,0.2709839940071106,0.54653000831604,0.02315550111234188
12,104,False,0.0,16,0.8045737743377686,0.2707124948501587,0.5463429689407349,0.023104645311832428
12,105,False,0.0,16,0.804304838180542,0.2706238925457001,0.5461872220039368,0.02299528941512108
12,106,False,0.0,16,0.8038690686225891,0.27057597041130066,0.5461926460266113,0.023008232936263084
12,107,False,0.0,16,0.8036835193634033,0.27047768235206604,0.5462388396263123,0.023016206920146942
12,108,False,0.0,16,0.803692102432251,0.27031001448631287,0.5462641716003418,0.022999465465545654
12,109,False,0.0,16,0.8032109141349792,0.27058205008506775,0.5462415218353271,0.022975251078605652
12,110,False,0.0,16,0.8031402826309204,0.27049127221107483,0.5457438230514526,0.02256348356604576
12,111,False,0.0,16,0.8032044768333435,0.27012959122657776,0.5456157326698303,0.022510511800646782
12,112,False,0.0,16,0.8030980825424194,0.27039164304733276,0.5455960035324097,0.022489558905363083
12,113,False,0.0,16,0.8025270700454712,0.2701273262500763,0.5457600355148315,0.022479336708784103
12,114,False,0.0,16,0.8021436929702759,0.27058863639831543,0.5459331274032593,0.022506728768348694
12,115,False,0.0,16,0.8020626306533813,0.27089861035346985,0.5458366870880127,0.02248944155871868
12,116,False,0.0,16,0.8016596436500549,0.2711106240749359,0.5457273721694946,0.022429967299103737
12,117,False,0.0,16,0.8016469478607178,0.27123233675956726,0.5457250475883484,0.022452445700764656
12,118,False,0.0,16,0.8016826510429382,0.2713082730770111,0.5453563928604126,0.02216794341802597
12,119,False,0.0,16,0.801388680934906,0.2713986337184906,0.5455029010772705,0.022253314033150673
12,120,False,0.0,16,0.8012045621871948,0.27151113748550415,0.5454604625701904,0.022236783057451248
12,121,False,0.0,16,0.8004908561706543,0.27112245559692383,0.5454166531562805,0.022224683314561844
12,122,False,0.0,16,0.8002053499221802,0.27091923356056213,0.5453043580055237,0.022170353680849075
12,123,False,0.0,16,0.7998774647712708,0.2705131769180298,0.5451928973197937,0.022117843851447105
13,0,False,0.0,0,0.7277798652648926,0.19096140563488007,0.5248069167137146,0.013600165955722332
13,1,False,0.0,1,0.8154478669166565,0.2623313367366791,0.5471845269203186,0.0220976360142231
13,2,False,0.0,2,0.815209150314331,0.2628089487552643,0.547102689743042,0.021921344101428986
13,3,False,0.0,3,0.8153901696205139,0.26282501220703125,0.5473010540008545,0.022003745660185814
13,4,False,0.0,4,0.8150163888931274,0.26264259219169617,0.5474118590354919,0.02204347774386406
13,5,False,0.0,5,0.8150523900985718,0.2633129358291626,0.5473685264587402,0.02201923169195652
13,6,False,0.0,6,0.8146695494651794,0.2631761431694031,0.547454833984375,0.022074852138757706
13,7,False,0.0,7,0.8150582909584045,0.2629407048225403,0.5473543405532837,0.022067148238420486
13,8,False,0.0,8,0.8152493238449097,0.26296213269233704,0.5475020408630371,0.02215646207332611
13,9,False,0.0,9,0.8154333829879761,0.26302170753479004,0.5474715232849121,0.022219227626919746
13,10,False,0.0,10,0.8152716755867004,0.2628834545612335,0.5473107099533081,0.022026026621460915
13,11,False,0.0,11,0.8154670596122742,0.2628222703933716,0.5472201108932495,0.022040292620658875
13,12,False,0.0,12,0.816010057926178,0.26261475682258606,0.5471704006195068,0.02205302193760872
13,13,False,0.0,13,0.8162717819213867,0.2625090479850769,0.5470914840698242,0.022036084905266762
13,14,False,0.0,14,0.8165768384933472,0.2623080909252167,0.5470724105834961,0.022043239325284958
13,15,False,0.0,15,0.8167577981948853,0.261994332075119,0.547030508518219,0.022045888006687164
13,16,False,0.0,16,0.8169272541999817,0.261800080537796,0.5469508171081543,0.02201809734106064
13,17,False,0.0,16,0.8166789412498474,0.26154154539108276,0.5468354225158691,0.022026630118489265
13,18,False,0.0,16,0.8172298073768616,0.2612893581390381,0.5464667081832886,0.021772950887680054
13,19,False,0.0,16,0.8171358108520508,0.2612092196941376,0.5463811159133911,0.02175428904592991
13,20,False,0.0,16,0.8171868324279785,0.26080673933029175,0.5462374687194824,0.02170819789171219
13,21,False,0.0,16,0.8169447779655457,0.26019495725631714,0.5460836887359619,0.021648427471518517
13,22,False,0.0,16,0.8173799514770508,0.259945273399353,0.545967161655426,0.021576708182692528
13,23,False,0.0,16,0.8176906704902649,0.25976142287254333,0.5461421608924866,0.021625064313411713
13,24,False,0.0,16,0.817670464515686,0.2598646283149719,0.5461168885231018,0.02160005085170269
13,25,False,0.0,16,0.8173323273658752,0.26010239124298096,0.5462686419487,0.02165570668876171
13,26,False,0.0,16,0.8176454305648804,0.2605655789375305,0.5463539361953735,0.021587366238236427
13,27,False,0.0,16,0.8179675340652466,0.2608707845211029,0.5463663339614868,0.021543512120842934
13,28,False,0.0,16,0.8180587291717529,0.2614966928958893,0.5464887619018555,0.02160220593214035
13,29,False,0.0,16,0.8178087472915649,0.26200810074806213,0.5466845035552979,0.02168966270983219
13,30,False,0.0,16,0.8181463479995728,0.2622830867767334,0.5466798543930054,0.021664056926965714
13,31,False,0.0,16,0.8169021010398865,0.2628571093082428,0.5469460487365723,0.021735526621341705
13,32,False,0.0,16,0.8155063390731812,0.2633150517940521,0.5467591285705566,0.0216178297996521
13,33,False,0.0,16,0.8143759965896606,0.26389598846435547,0.5467700958251953,0.021643618121743202
13,34,False,0.0,16,0.8143664598464966,0.26354560256004333,0.5468305349349976,0.021667856723070145
13,35,False,0.0,16,0.8134581446647644,0.2634730637073517,0.5470157861709595,0.0217405017465353
13,36,False,0.0,16,0.8118515014648438,0.2642759680747986,0.5468913316726685,0.021650202572345734
13,37,False,0.0,16,0.8104619979858398,0.26511719822883606,0.5469068884849548,0.021669108420610428
13,38,False,0.0,16,0.8101507425308228,0.265596866607666,0.5469194650650024,0.021714817732572556
13,39,False,0.0,16,0.8092865943908691,0.2661445736885071,0.5470110177993774,0.021710434928536415
13,40,True,0.007462686393409967,16,0.8078219890594482,0.2674276530742645,0.547083854675293,0.021767523139715195
13,41,True,0.04135338217020035,16,0.8068633675575256,0.2686210572719574,0.5465540885925293,0.02155439369380474
13,42,True,0.07894736528396606,16,0.805863082408905,0.26996558904647827,0.5464267134666443,0.021671688184142113
13,43,True,0.11654135584831238,16,0.8048977851867676,0.2703756093978882,0.5460449457168579,0.021540576592087746
13,44,True,0.1541353315114975,16,0.8038977384567261,0.2707093060016632,0.5461685657501221,0.021564850583672523
13,45,True,0.1917293220758438,16,0.8025272488594055,0.27044203877449036,0.5458999872207642,0.021425137296319008
13,46,True,0.22932331264019012,16,0.801163375377655,0.2703196406364441,0.5463464856147766,0.02163546159863472
13,47,True,0.26691728830337524,16,0.8002903461456299,0.27050691843032837,0.5458208918571472,0.02133869007229805
13,48,True,0.30451127886772156,16,0.8001480102539062,0.2702732980251312,0.545090913772583,0.02104194462299347
13,49,True,0.34210526943206787,16,0.7998266220092773,0.27047616243362427,0.5442553758621216,0.020603414624929428
13,50,True,0.3796992599964142,16,0.7987889647483826,0.2714102864265442,0.5450253486633301,0.02110810950398445
13,51,True,0.4172932207584381,16,0.7979254722595215,0.2714812457561493,0.5454933047294617,0.021227916702628136
13,52,True,0.4548872113227844,16,0.7981182336807251,0.2708870768547058,0.5451234579086304,0.02092442661523819
13,53,True,0.49248120188713074,16,0.7981744408607483,0.2714821994304657,0.5453588366508484,0.020979590713977814
13,54,True,0.530075192451477,16,0.7983458638191223,0.27011838555336,0.5453926920890808,0.020935937762260437
13,55,True,0.567669153213501,16,0.7999224662780762,0.26832127571105957,0.5452101230621338,0.020926903933286667
13,56,True,0.6052631735801697,16,0.7992409467697144,0.26734447479248047,0.5449932813644409,0.020877351984381676
13,57,True,0.6428571343421936,16,0.7995810508728027,0.26298004388809204,0.5443871021270752,0.020627461373806
13,58,True,0.6804511547088623,16,0.798301100730896,0.26110151410102844,0.544143795967102,0.02053217589855194
13,59,True,0.7180451154708862,16,0.799632728099823,0.25305184721946716,0.5442428588867188,0.02056996338069439
13,60,True,0.7556390762329102,16,0.802383303642273,0.25207850337028503,0.5445295572280884,0.02065511979162693
13,61,True,0.7932330965995789,16,0.8029603362083435,0.24987617135047913,0.5444402694702148,0.02059781551361084
13,62,True,0.8308270573616028,16,0.8043762445449829,0.250718355178833,0.5443997383117676,0.020581087097525597
13,63,True,0.8684210777282715,16,0.802786648273468,0.24809923768043518,0.5438038110733032,0.020269226282835007
13,64,True,0.9060150384902954,16,0.804027795791626,0.25115591287612915,0.5437799096107483,0.020208261907100677
13,65,True,0.9436089992523193,16,0.804566502571106,0.25094935297966003,0.5427169799804688,0.01967950537800789
13,66,True,0.981203019618988,16,0.805006742477417,0.2525947690010071,0.5428169965744019,0.019538087770342827
13,67,True,1.0,16,0.8051786422729492,0.2486983984708786,0.536094069480896,0.017060041427612305
13,68,True,1.0,16,0.8055713176727295,0.24938955903053284,0.5361642837524414,0.01709546521306038
13,69,True,1.0,16,0.8055713176727295,0.24938955903053284,0.5361642837524414,0.01709546521306038
13,70,True,1.0,16,0.8055713176727295,0.24938955903053284,0.5361642837524414,0.01709546521306038
13,71,True,1.0,16,0.8055713176727295,0.24938955903053284,0.5361642837524414,0.01709546521306038
13,72,True,1.0,16,0.8055713176727295,0.24938955903053284,0.5361642837524414,0.01709546521306038
13,73,True,1.0,16,0.8055713176727295,0.24938955903053284,0.5361642837524414,0.01709546521306038
13,74,True,1.0,16,0.8052739500999451,0.24974486231803894,0.5363731384277344,0.017237627878785133
13,75,True,1.0,16,0.8052775263786316,0.24974507093429565,0.5363750457763672,0.0172360148280859
13,76,True,1.0,16,0.805276095867157,0.24976977705955505,0.5363766551017761,0.017238188534975052
13,77,True,1.0,16,0.8052763342857361,0.24979153275489807,0.536380410194397,0.017239321023225784
13,78,True,1.0,16,0.8052787184715271,0.2497870773077011,0.5363810062408447,0.017239555716514587
13,79,True,1.0,16,0.805271327495575,0.24978064000606537,0.5363810062408447,0.0172383114695549
13,80,True,1.0,16,0.805285632610321,0.24978700280189514,0.5363826751708984,0.01723853498697281
13,81,True,1.0,16,0.8052744269371033,0.24978478252887726,0.5363823175430298,0.017238367348909378
13,82,True,1.0,16,0.8048635721206665,0.24947811663150787,0.536404013633728,0.017320582643151283
13,83,True,1.0,16,0.8048608303070068,0.24947306513786316,0.5364110469818115,0.017322329804301262
13,84,True,1.0,16,0.804863452911377,0.24948064982891083,0.5364160537719727,0.017322605475783348
13,85,True,1.0,16,0.8048630952835083,0.24948750436306,0.5364172458648682,0.017323115840554237
13,86,True,1.0,16,0.8048592805862427,0.24948616325855255,0.5364189147949219,0.017322134226560593
13,87,True,1.0,16,0.8048573732376099,0.24946406483650208,0.5364210605621338,0.017323508858680725
13,88,True,1.0,16,0.8048574924468994,0.24947062134742737,0.5364201068878174,0.017325373366475105
13,89,True,1.0,16,0.8048573732376099,0.24946805834770203,0.5364199876785278,0.017324423417448997
13,90,True,1.0,16,0.8034454584121704,0.24486134946346283,0.5365617275238037,0.017440732568502426
13,91,True,1.0,16,0.8034651279449463,0.2449178248643875,0.5365675687789917,0.017441721633076668
13,92,True,1.0,16,0.8034675121307373,0.24493660032749176,0.5365689396858215,0.01744212955236435
13,93,True,1.0,16,0.8034807443618774,0.24492302536964417,0.5365708470344543,0.017443181946873665
13,94,True,1.0,16,0.8034578561782837,0.24486534297466278,0.5365707278251648,0.01744232326745987
13,95,True,1.0,16,0.8034802675247192,0.24491192400455475,0.5365700721740723,0.01744336634874344
13,96,True,1.0,16,0.8034820556640625,0.24491551518440247,0.5365701913833618,0.017442677170038223
13,97,True,1.0,16,0.8034793138504028,0.24494756758213043,0.53657066822052,0.0174428541213274
13,98,True,1.0,16,0.7993110418319702,0.23580136895179749,0.536872148513794,0.017542308196425438
13,99,True,1.0,16,0.799301028251648,0.2357780635356903,0.536873459815979,0.017542418092489243
13,100,False,0.0,16,0.8065202236175537,0.27049314975738525,0.5501331090927124,0.023837871849536896
13,101,False,0.0,16,0.7988780736923218,0.27220675349235535,0.550096869468689,0.023735452443361282
13,102,False,0.0,16,0.7968897223472595,0.2735432982444763,0.5499522686004639,0.023604050278663635
13,103,False,0.0,16,0.7956511378288269,0.274046927690506,0.5498394966125488,0.023543158546090126
13,104,False,0.0,16,0.794762134552002,0.2743552327156067,0.5498865842819214,0.023494405671954155
13,105,False,0.0,16,0.7937991619110107,0.275294691324234,0.5500268936157227,0.02360725775361061
13,106,False,0.0,16,0.792653501033783,0.27690476179122925,0.5503963828086853,0.023730820044875145
13,107,False,0.0,16,0.7925740480422974,0.2775684595108032,0.550177276134491,0.023620298132300377
13,108,False,0.0,16,0.7931230664253235,0.27778366208076477,0.5501257181167603,0.023621656000614166
13,109,False,0.0,16,0.794226884841919,0.27746281027793884,0.5501974821090698,0.023713368922472
13,110,False,0.0,16,0.7944891452789307,0.2772088050842285,0.5503798127174377,0.02386307343840599
13,111,False,0.0,16,0.7948261499404907,0.27711987495422363,0.5502263903617859,0.02384323813021183
13,112,False,0.0,16,0.795348048210144,0.2767903804779053,0.5502968430519104,0.02389097586274147
13,113,False,0.0,16,0.7954519987106323,0.2763548791408539,0.550410270690918,0.023964114487171173
13,114,False,0.0,16,0.7958856821060181,0.27563342452049255,0.5507769584655762,0.02414471097290516
13,115,False,0.0,16,0.7963064908981323,0.2750571072101593,0.5507651567459106,0.0241559911519289
13,116,False,0.0,16,0.7961941361427307,0.2747873067855835,0.5506364107131958,0.024146515876054764
13,117,False,0.0,16,0.7966679930686951,0.27346688508987427,0.5506752729415894,0.02416769601404667
13,118,False,0.0,16,0.7966665625572205,0.27300333976745605,0.5506122708320618,0.02414604462683201
13,119,False,0.0,16,0.7960509061813354,0.273232102394104,0.5506556034088135,0.024155322462320328
13,120,False,0.0,16,0.7951456904411316,0.27396160364151,0.5506844520568848,0.02418162301182747
13,121,False,0.0,16,0.7948631048202515,0.27417099475860596,0.5508913993835449,0.02428411692380905
13,122,False,0.0,16,0.7952694892883301,0.273916631937027,0.5509228706359863,0.024236740544438362
13,123,False,0.0,16,0.7951560020446777,0.27375897765159607,0.5509505867958069,0.024220580235123634
13,124,False,0.0,16,0.797429084777832,0.27252197265625,0.550987720489502,0.024204913526773453
13,125,False,0.0,16,0.7995731830596924,0.27198606729507446,0.5513256788253784,0.024367019534111023
13,126,False,0.0,16,0.8008627891540527,0.27168431878089905,0.5510395765304565,0.024199536070227623
13,127,False,0.0,16,0.8013392686843872,0.27159491181373596,0.5511167645454407,0.024195555597543716
13,128,False,0.0,16,0.8012791275978088,0.2716328203678131,0.5511331558227539,0.024183232337236404
13,129,False,0.0,16,0.8010005950927734,0.271791934967041,0.5511100888252258,0.02419520728290081
13,130,False,0.0,16,0.8009915947914124,0.27201980352401733,0.5514009594917297,0.02436879277229309
13,131,False,0.0,16,0.8006626963615417,0.27200382947921753,0.5516496896743774,0.024503126740455627
13,132,False,0.0,16,0.8007457852363586,0.271876722574234,0.5516493916511536,0.024529708549380302
13,133,False,0.0,16,0.800815224647522,0.27175045013427734,0.5515060424804688,0.024467172101140022
14,0,False,0.0,0,0.7427048683166504,0.18671868741512299,0.5244051218032837,0.013299011625349522
14,1,False,0.0,1,0.8256118297576904,0.2542323172092438,0.551177978515625,0.024107471108436584
14,2,False,0.0,2,0.8259742856025696,0.25385960936546326,0.5511987209320068,0.024116359651088715
14,3,False,0.0,3,0.8260489702224731,0.25354713201522827,0.5512810349464417,0.024152444675564766
14,4,False,0.0,4,0.8262356519699097,0.2528994679450989,0.5516166687011719,0.024207524955272675
14,5,False,0.0,5,0.8271117210388184,0.25139185786247253,0.5520387887954712,0.024382874369621277
14,6,False,0.0,6,0.8272724151611328,0.2508925199508667,0.5524458289146423,0.024576401337981224
14,7,False,0.0,7,0.8282599449157715,0.2504829168319702,0.5526605844497681,0.024562356993556023
14,8,False,0.0,8,0.8279550671577454,0.2509373426437378,0.5528618097305298,0.024630071595311165
14,9,False,0.0,9,0.8275299668312073,0.2514949142932892,0.5528793931007385,0.02463783510029316
14,10,False,0.0,10,0.827786922454834,0.25184717774391174,0.5528829097747803,0.024623816832900047
14,11,False,0.0,11,0.8273380994796753,0.2523674964904785,0.5529836416244507,0.024693366140127182
14,12,False,0.0,12,0.8277119398117065,0.252004474401474,0.5530651211738586,0.024746807292103767
14,13,False,0.0,13,0.8274440169334412,0.25239190459251404,0.5532671213150024,0.024863282218575478
14,14,False,0.0,14,0.8268439769744873,0.25290432572364807,0.5532279014587402,0.024917105212807655
14,15,False,0.0,15,0.8263265490531921,0.2535010278224945,0.553417444229126,0.025040121749043465
14,16,False,0.0,16,0.8262127637863159,0.25378042459487915,0.5535329580307007,0.02513553760945797
14,17,False,0.0,16,0.8252602219581604,0.2544928193092346,0.5535660982131958,0.025158489122986794
14,18,False,0.0,16,0.8245505094528198,0.2547484338283539,0.553512692451477,0.025164026767015457
14,19,False,0.0,16,0.823621392250061,0.25494396686553955,0.5531343221664429,0.024966558441519737
14,20,False,0.0,16,0.8236256837844849,0.2548506259918213,0.5529327392578125,0.02492498978972435
14,21,False,0.0,16,0.8233680725097656,0.2549746036529541,0.5527105331420898,0.024777907878160477
14,22,False,0.0,16,0.8228152990341187,0.25505125522613525,0.5525697469711304,0.02473476156592369
14,23,False,0.0,16,0.8217780590057373,0.2555141746997833,0.5524517297744751,0.024713674560189247
14,24,False,0.0,16,0.8205990791320801,0.2559569776058197,0.5522799491882324,0.024561507627367973
14,25,False,0.0,16,0.8192794322967529,0.2565496265888214,0.5518083572387695,0.024255897849798203
14,26,False,0.0,16,0.8175556659698486,0.25747033953666687,0.551744818687439,0.02420121245086193
14,27,False,0.0,16,0.8151510953903198,0.2590104639530182,0.5518254041671753,0.024278869852423668
14,28,False,0.0,16,0.8128234148025513,0.26044946908950806,0.5517809391021729,0.024254782125353813
14,29,False,0.0,16,0.8108048439025879,0.26202452182769775,0.5522533655166626,0.02443605475127697
14,30,False,0.0,16,0.8088663816452026,0.2624460756778717,0.5524331331253052,0.02442954294383526
14,31,False,0.0,16,0.8074747323989868,0.2633861005306244,0.5527136325836182,0.02451454848051071
14,32,False,0.0,16,0.805486798286438,0.2638997435569763,0.553049623966217,0.024655049666762352
14,33,False,0.0,16,0.8049427270889282,0.26456379890441895,0.5529766082763672,0.024657314643263817
14,34,True,0.008771929889917374,16,0.8037434220314026,0.26541051268577576,0.5527504086494446,0.024497367441654205
14,35,True,0.048672568053007126,16,0.8024760484695435,0.2664085924625397,0.5525882840156555,0.024451330304145813
14,36,True,0.09292035549879074,16,0.8023436665534973,0.2673000991344452,0.5525527000427246,0.02437165565788746
14,37,True,0.13716813921928406,16,0.8020180463790894,0.26772019267082214,0.5525488257408142,0.02432207018136978
14,38,True,0.18141593039035797,16,0.8013240098953247,0.26726505160331726,0.5528750419616699,0.024533122777938843
14,39,True,0.22566372156143188,16,0.8011516332626343,0.2674656808376312,0.5528551340103149,0.024505354464054108
14,40,True,0.2699114978313446,16,0.8015924096107483,0.2669800817966461,0.5527393817901611,0.02442130446434021
14,41,True,0.3141593039035797,16,0.8016775846481323,0.2665424346923828,0.5523221492767334,0.024182097986340523
14,42,True,0.35840708017349243,16,0.8018035888671875,0.26656508445739746,0.5520886778831482,0.02401030994951725
14,43,True,0.40265485644340515,16,0.8017207980155945,0.2662186026573181,0.5520843863487244,0.02396596409380436
14,44,True,0.44690266251564026,16,0.8021291494369507,0.26668238639831543,0.5520291328430176,0.023895110934972763
14,45,True,0.491150438785553,16,0.8017836809158325,0.2659214437007904,0.5515601634979248,0.023666908964514732
14,46,True,0.5353982448577881,16,0.8019293546676636,0.26623445749282837,0.5515551567077637,0.023715678602457047
14,47,True,0.5796459913253784,16,0.8003009557723999,0.2683887779712677,0.5514349937438965,0.02362898550927639
14,48,True,0.6238937973976135,16,0.8007370233535767,0.2653461992740631,0.5514493584632874,0.023580286651849747
14,49,True,0.6681416034698486,16,0.8014332056045532,0.26498857140541077,0.5514405965805054,0.023618320003151894
14,50,True,0.7123894095420837,16,0.8057587146759033,0.2600986063480377,0.5513416528701782,0.023596445098519325
14,51,True,0.7566371560096741,16,0.805188775062561,0.2568510174751282,0.5506269931793213,0.023185662925243378
14,52,True,0.8008849620819092,16,0.8049663305282593,0.2517176866531372,0.5503311157226562,0.0228396225720644
14,53,True,0.8451327681541443,16,0.8074237108230591,0.2522813677787781,0.549938440322876,0.022575058043003082
14,54,True,0.8893805146217346,16,0.8062434196472168,0.25141826272010803,0.5497082471847534,0.022434895858168602
14,55,True,0.9336283206939697,16,0.8085995316505432,0.24541649222373962,0.5487314462661743,0.021904518827795982
14,56,True,0.9778761267662048,16,0.8109458684921265,0.2444068044424057,0.547823429107666,0.02108992636203766
14,57,True,1.0,16,0.8095726370811462,0.23591017723083496,0.5403810739517212,0.01781303994357586
14,58,True,1.0,16,0.8107441663742065,0.23789288103580475,0.5405036211013794,0.017853079363703728
14,59,True,1.0,16,0.8107441663742065,0.23789288103580475,0.5405036211013794,0.017853079363703728
14,60,True,1.0,16,0.8111651539802551,0.24110890924930573,0.5405845642089844,0.017814381048083305
14,61,True,1.0,16,0.8111695647239685,0.24119336903095245,0.5405888557434082,0.01781548373401165
14,62,True,1.0,16,0.8111580014228821,0.24110111594200134,0.5405905246734619,0.017815636470913887
14,63,True,1.0,16,0.8111698031425476,0.2411550134420395,0.5405917763710022,0.017816463485360146
14,64,True,1.0,16,0.8111602663993835,0.24113276600837708,0.5405913591384888,0.01781621016561985
14,65,True,1.0,16,0.8111700415611267,0.24115431308746338,0.5405917167663574,0.017815882340073586
14,66,True,1.0,16,0.8111540675163269,0.24113062024116516,0.5405911207199097,0.017815494909882545
14,67,True,1.0,16,0.8111559748649597,0.24111363291740417,0.5405911207199097,0.01781516894698143
14,68,True,1.0,16,0.8110244274139404,0.24159911274909973,0.5406061410903931,0.01776338927447796
14,69,True,1.0,16,0.8110288381576538,0.24166996777057648,0.5406109094619751,0.017765961587429047
14,70,True,1.0,16,0.8110247850418091,0.24167871475219727,0.5406131744384766,0.01776517927646637
14,71,True,1.0,16,0.811016321182251,0.24160180985927582,0.5406146049499512,0.01776747964322567
14,72,True,1.0,16,0.8110092878341675,0.24160663783550262,0.5406136512756348,0.017765142023563385
14,73,True,1.0,16,0.8110324144363403,0.24167150259017944,0.5406140089035034,0.017766915261745453
14,74,True,1.0,16,0.8110256791114807,0.24167472124099731,0.5406126976013184,0.017766155302524567
14,75,True,1.0,16,0.811010479927063,0.24160419404506683,0.5406128764152527,0.017766457051038742
14,76,True,1.0,16,0.8107552528381348,0.240390345454216,0.540580153465271,0.017752032727003098
14,77,True,1.0,16,0.8107565641403198,0.24039119482040405,0.5405822992324829,0.017753999680280685
14,78,True,1.0,16,0.8107630014419556,0.2404014617204666,0.5405840873718262,0.01775369606912136
14,79,True,1.0,16,0.8107627630233765,0.24039208889007568,0.5405853986740112,0.017755113542079926
14,80,True,1.0,16,0.810763955116272,0.2403998076915741,0.5405845642089844,0.017754407599568367
14,81,True,1.0,16,0.8107646703720093,0.2404097616672516,0.5405845046043396,0.017754629254341125
14,82,True,1.0,16,0.8107653856277466,0.240408793091774,0.5405844449996948,0.017755070701241493
14,83,True,1.0,16,0.8107627630233765,0.24040457606315613,0.540583074092865,0.017754174768924713
14,84,True,1.0,16,0.8103314638137817,0.23868754506111145,0.5402970314025879,0.01776237040758133
14,85,False,0.0,16,0.80943763256073,0.26683297753334045,0.5535695552825928,0.024635259062051773
14,86,False,0.0,16,0.8056294918060303,0.26902273297309875,0.5535016059875488,0.02453574538230896
14,87,False,0.0,16,0.8045961260795593,0.2711640000343323,0.5536813735961914,0.024647241458296776
14,88,False,0.0,16,0.8042548298835754,0.27279534935951233,0.5539793968200684,0.024791419506072998
14,89,False,0.0,16,0.802722156047821,0.2734210789203644,0.5538042783737183,0.02468579262495041
14,90,False,0.0,16,0.8019684553146362,0.2735462486743927,0.5539554357528687,0.024727582931518555
14,91,False,0.0,16,0.8004387617111206,0.27393874526023865,0.5538508296012878,0.024645637720823288
14,92,False,0.0,16,0.799053430557251,0.2752080261707306,0.5535719394683838,0.02467111125588417
14,93,False,0.0,16,0.7983133792877197,0.2750985622406006,0.5533021688461304,0.02453368529677391
14,94,False,0.0,16,0.7976199388504028,0.27522459626197815,0.5530991554260254,0.024476762861013412
14,95,False,0.0,16,0.7967914938926697,0.275637149810791,0.5529314279556274,0.02437652461230755
14,96,False,0.0,16,0.7966158986091614,0.2778284251689911,0.552691638469696,0.02427656203508377
14,97,False,0.0,16,0.7966803908348083,0.2781258821487427,0.5525200366973877,0.024149687960743904
14,98,False,0.0,16,0.7961363792419434,0.27820339798927307,0.5527681708335876,0.02430114522576332
14,99,False,0.0,16,0.7953816652297974,0.27763983607292175,0.5528014898300171,0.024362221360206604
14,100,False,0.0,16,0.7946547269821167,0.2765409052371979,0.5521494150161743,0.024233879521489143
14,101,False,0.0,16,0.7937795519828796,0.27588701248168945,0.5518697500228882,0.024098766967654228
14,102,False,0.0,16,0.7938245534896851,0.2754178047180176,0.5516910552978516,0.024012979120016098
14,103,False,0.0,16,0.7937232255935669,0.2756081223487854,0.5516769289970398,0.023980623111128807
14,104,False,0.0,16,0.7939174175262451,0.27613595128059387,0.5516654253005981,0.02396467700600624
14,105,False,0.0,16,0.7947750091552734,0.276754766702652,0.5515161752700806,0.023870989680290222
14,106,False,0.0,16,0.7967731952667236,0.2762141227722168,0.5513899922370911,0.02379932440817356
14,107,False,0.0,16,0.7982387542724609,0.27562248706817627,0.5514909029006958,0.02383311465382576
14,108,False,0.0,16,0.7983729839324951,0.2757183015346527,0.5509613752365112,0.023818224668502808
14,109,False,0.0,16,0.7976008653640747,0.2758569121360779,0.5509377717971802,0.02381095476448536
14,110,False,0.0,16,0.7969375848770142,0.2761475443840027,0.550803542137146,0.023755112662911415
14,111,False,0.0,16,0.7976265549659729,0.27491772174835205,0.5507508516311646,0.023716505616903305
14,112,False,0.0,16,0.7990856170654297,0.2726289927959442,0.5507383346557617,0.023674728348851204
14,113,False,0.0,16,0.7997157573699951,0.27148908376693726,0.5507484674453735,0.023634476587176323
15,0,False,0.0,0,0.749392032623291,0.18916574120521545,0.5257232189178467,0.01469659898430109
15,1,False,0.0,1,0.8243280649185181,0.25745484232902527,0.5506356954574585,0.024271344766020775
15,2,False,0.0,2,0.8244940042495728,0.25728440284729004,0.5505712032318115,0.024205977097153664
15,3,False,0.0,3,0.8251885771751404,0.2562497556209564,0.550442099571228,0.024200590327382088
15,4,False,0.0,4,0.8250279426574707,0.25599825382232666,0.5504907965660095,0.024231132119894028
15,5,False,0.0,5,0.8235517144203186,0.2565322816371918,0.5505207777023315,0.024206673726439476
15,6,False,0.0,6,0.8229677677154541,0.25679126381874084,0.550453782081604,0.02415728010237217
15,7,False,0.0,7,0.8221213817596436,0.2573760151863098,0.5502763986587524,0.024052640423178673
15,8,False,0.0,8,0.8208253383636475,0.2580595016479492,0.5501515865325928,0.02399425208568573
15,9,False,0.0,9,0.8187154531478882,0.2590414583683014,0.5502495765686035,0.024047598242759705
15,10,False,0.0,10,0.8169186115264893,0.26109665632247925,0.5498816967010498,0.02380315586924553
15,11,False,0.0,11,0.8152621984481812,0.2614252269268036,0.5501314401626587,0.02388092130422592
15,12,False,0.0,12,0.8133943676948547,0.26296356320381165,0.5502617359161377,0.023923145607113838
15,13,False,0.0,13,0.8125374913215637,0.2648589015007019,0.550165057182312,0.0238758847117424
15,14,False,0.0,14,0.8105332851409912,0.2668495178222656,0.5502316951751709,0.02385241538286209
15,15,False,0.0,15,0.8085017204284668,0.26862141489982605,0.5501976013183594,0.02382753975689411
15,16,False,0.0,16,0.8063942193984985,0.26945000886917114,0.5503000020980835,0.02383364923298359
15,17,False,0.0,16,0.8041297197341919,0.27090930938720703,0.5504531264305115,0.023890454322099686
15,18,False,0.0,16,0.802985668182373,0.2729436159133911,0.5503808259963989,0.0236695297062397
15,19,False,0.0,16,0.8018481731414795,0.2735258638858795,0.5503311157226562,0.023624271154403687
15,20,False,0.0,16,0.8003706932067871,0.2747395634651184,0.5503195524215698,0.023661063984036446
15,21,False,0.0,16,0.7996535301208496,0.27562063932418823,0.5504283905029297,0.02371637336909771
15,22,False,0.0,16,0.7994270324707031,0.2763134837150574,0.5505489110946655,0.023774800822138786
15,23,False,0.0,16,0.7994017601013184,0.276500940322876,0.5510295629501343,0.023913050070405006
15,24,False,0.0,16,0.7996686100959778,0.2764236032962799,0.5511287450790405,0.02393612265586853
15,25,False,0.0,16,0.7997795343399048,0.2767362892627716,0.550916314125061,0.023793257772922516
15,26,False,0.0,16,0.799973726272583,0.27629798650741577,0.5512858629226685,0.02375302091240883
15,27,False,0.0,16,0.7993433475494385,0.2766599953174591,0.5511760711669922,0.023772723972797394
15,28,False,0.0,16,0.7989717125892639,0.2771170735359192,0.5509304404258728,0.023717455565929413
15,29,False,0.0,16,0.7985413074493408,0.27754101157188416,0.5508975982666016,0.02371096797287464
15,30,False,0.0,16,0.7984564304351807,0.2783624529838562,0.5509869456291199,0.02376200444996357
15,31,False,0.0,16,0.7984811067581177,0.2785434424877167,0.5510801076889038,0.023827319964766502
15,32,False,0.0,16,0.7981146574020386,0.27889198064804077,0.5510579943656921,0.02381923981010914
15,33,False,0.0,16,0.7982455492019653,0.27888861298561096,0.5511893033981323,0.023890728130936623
15,34,False,0.0,16,0.7987041473388672,0.2785664200782776,0.5514615774154663,0.023807549849152565
15,35,False,0.0,16,0.7982953786849976,0.2792394757270813,0.5515093803405762,0.02383590303361416
15,36,False,0.0,16,0.7974263429641724,0.2797825038433075,0.5515230298042297,0.023825008422136307
15,37,False,0.0,16,0.7966101765632629,0.28011634945869446,0.5516979694366455,0.023893168196082115
15,38,False,0.0,16,0.7963488101959229,0.27900204062461853,0.5516196489334106,0.023837860673666
15,39,False,0.0,16,0.7953397035598755,0.27875128388404846,0.5514882802963257,0.023775802925229073
15,40,False,0.0,16,0.795387327671051,0.27808937430381775,0.5513584613800049,0.023749912157654762
15,41,False,0.0,16,0.7951210141181946,0.27799856662750244,0.551234245300293,0.02371537685394287
15,42,False,0.0,16,0.7953270077705383,0.2777434289455414,0.5515879988670349,0.023617349565029144
15,43,False,0.0,16,0.7952802777290344,0.2775566577911377,0.5514702796936035,0.02358768694102764
15,44,False,0.0,16,0.7964562177658081,0.27659380435943604,0.551669180393219,0.023699959740042686
15,45,False,0.0,16,0.798147439956665,0.2751634418964386,0.5516475439071655,0.023709943518042564
15,46,False,0.0,16,0.7997850179672241,0.27412399649620056,0.5520044565200806,0.023866936564445496
15,47,False,0.0,16,0.8007453680038452,0.27282246947288513,0.5524976253509521,0.024081991985440254
15,48,False,0.0,16,0.8018397092819214,0.27227160334587097,0.5524436235427856,0.024074828252196312
15,49,False,0.0,16,0.8032385110855103,0.271438330411911,0.5524426102638245,0.024083252996206284
15,50,False,0.0,16,0.803507924079895,0.27101314067840576,0.5528756380081177,0.02400250919163227
15,51,False,0.0,16,0.8039077520370483,0.2708394527435303,0.5524821281433105,0.023837517946958542
15,52,False,0.0,16,0.8043091297149658,0.26976898312568665,0.5528020262718201,0.023939011618494987
15,53,False,0.0,16,0.8045068979263306,0.2689608037471771,0.5532380938529968,0.024084363132715225
15,54,False,0.0,16,0.8062260150909424,0.2682112455368042,0.5529530048370361,0.023938491940498352
15,55,False,0.0,16,0.8083981275558472,0.2667113244533539,0.552706241607666,0.023850092664361
15,56,False,0.0,16,0.8098767399787903,0.26527726650238037,0.5525789260864258,0.023806437849998474
15,57,False,0.0,16,0.8108504414558411,0.2641306221485138,0.5522051453590393,0.023641956970095634
15,58,False,0.0,16,0.8118143081665039,0.26321282982826233,0.5522799491882324,0.02347259595990181
15,59,False,0.0,16,0.8134555220603943,0.26182442903518677,0.5521515607833862,0.0234465841203928
15,60,False,0.0,16,0.8143628835678101,0.2612403929233551,0.552257776260376,0.0234778244048357
15,61,False,0.0,16,0.8149460554122925,0.261238157749176,0.5523163080215454,0.023506052792072296
15,62,False,0.0,16,0.8152003288269043,0.26074668765068054,0.5520731210708618,0.02339475229382515
15,63,False,0.0,16,0.8165289163589478,0.2596033811569214,0.5518864393234253,0.023335842415690422
15,64,False,0.0,16,0.8177820444107056,0.2584691643714905,0.5517662763595581,0.02326856181025505
15,65,False,0.0,16,0.8181573152542114,0.2580620348453522,0.5516204833984375,0.023206651210784912
15,66,False,0.0,16,0.8185917139053345,0.2577823996543884,0.5515869855880737,0.023095613345503807
15,67,False,0.0,16,0.8180177211761475,0.2580372989177704,0.5518698692321777,0.02328304387629032
15,68,False,0.0,16,0.8175551891326904,0.2582857310771942,0.5519049763679504,0.02328004129230976
15,69,False,0.0,16,0.8168187141418457,0.258614718914032,0.5519909262657166,0.023294584825634956
15,70,False,0.0,16,0.8157480955123901,0.2592398524284363,0.5522722005844116,0.023465024307370186
15,71,False,0.0,16,0.8142545223236084,0.2604469358921051,0.5524332523345947,0.023561058565974236
15,72,False,0.0,16,0.8122069835662842,0.2620604336261749,0.5521615147590637,0.023496171459555626
15,73,False,0.0,16,0.8107686042785645,0.2634914815425873,0.5523213148117065,0.023616809397935867
15,74,False,0.0,16,0.8095731735229492,0.2642787992954254,0.5521758794784546,0.0235989298671484
15,75,False,0.0,16,0.8090109825134277,0.26551541686058044,0.5522593259811401,0.023626113310456276
15,76,False,0.0,16,0.8078000545501709,0.26641473174095154,0.552168071269989,0.023619141429662704
15,77,False,0.0,16,0.8068233728408813,0.2671895921230316,0.5519334077835083,0.02354728989303112
15,78,False,0.0,16,0.8060745000839233,0.26820167899131775,0.552352786064148,0.023807141929864883
15,79,False,0.0,16,0.8050888776779175,0.26905879378318787,0.5526158809661865,0.023934131488204002
15,80,False,0.0,16,0.802925705909729,0.2710026502609253,0.5523005723953247,0.023727186024188995
15,81,False,0.0,16,0.8013471364974976,0.27193719148635864,0.5521343350410461,0.023629523813724518
15,82,False,0.0,16,0.8004865646362305,0.27240365743637085,0.55244380235672,0.023791629821062088
15,83,False,0.0,16,0.8001233339309692,0.2724851369857788,0.5524793863296509,0.023801613599061966
15,84,False,0.0,16,0.7993528842926025,0.2730224132537842,0.5522841215133667,0.023717446252703667
15,85,False,0.0,16,0.7989720106124878,0.273358017206192,0.5520070791244507,0.023574868217110634
15,86,False,0.0,16,0.7987620830535889,0.27305012941360474,0.5519068241119385,0.023496419191360474
15,87,False,0.0,16,0.7987951040267944,0.27303236722946167,0.5516665577888489,0.023364758118987083
15,88,False,0.0,16,0.7988675832748413,0.27299562096595764,0.5514239072799683,0.02324453368782997
15,89,False,0.0,16,0.7987124919891357,0.27279964089393616,0.5516440868377686,0.023346250876784325
15,90,False,0.0,16,0.7988847494125366,0.27147176861763,0.55243980884552,0.02381945215165615
15,91,False,0.0,16,0.7992427349090576,0.27011987566947937,0.5518319606781006,0.02356312982738018
15,92,False,0.0,16,0.7975079417228699,0.2712842524051666,0.5514581799507141,0.02345932461321354
15,93,False,0.0,16,0.7960018515586853,0.27256664633750916,0.5513351559638977,0.023391302675008774
15,94,False,0.0,16,0.7948057055473328,0.2736499011516571,0.5509756207466125,0.023273376747965813
15,95,False,0.0,16,0.7934191823005676,0.2750241756439209,0.5509551763534546,0.02326393686234951
15,96,False,0.0,16,0.7937328219413757,0.27503588795661926,0.5508351922035217,0.023247577250003815
15,97,False,0.0,16,0.7937350273132324,0.2752379775047302,0.5507952570915222,0.023235302418470383
15,98,False,0.0,16,0.7929973006248474,0.2759034037590027,0.5507165193557739,0.023251740261912346
15,99,False,0.0,16,0.7917460203170776,0.2764234244823456,0.551079273223877,0.023361366242170334
15,100,False,0.0,16,0.7925703525543213,0.27626076340675354,0.5513557195663452,0.0234711691737175
15,101,False,0.0,16,0.7939708232879639,0.275190144777298,0.5515114068984985,0.023467285558581352
15,102,False,0.0,16,0.795601487159729,0.27418413758277893,0.5512748956680298,0.02336469106376171
15,103,False,0.0,16,0.7965236902236938,0.27327826619148254,0.5513471364974976,0.023366443812847137
15,104,False,0.0,16,0.79688560962677,0.27307775616645813,0.5512592792510986,0.023316575214266777
15,105,False,0.0,16,0.797597348690033,0.27269861102104187,0.5512151718139648,0.023315249010920525
15,106,False,0.0,16,0.7981494069099426,0.2727741003036499,0.5513566732406616,0.023488910868763924
15,107,False,0.0,16,0.7988102436065674,0.2721611559391022,0.5513571500778198,0.0234927199780941
15,108,False,0.0,16,0.8002410531044006,0.27090081572532654,0.5513967275619507,0.023538922891020775
15,109,False,0.0,16,0.8012490272521973,0.2700304388999939,0.550923764705658,0.023337190970778465
15,110,False,0.0,16,0.8018443584442139,0.2699659764766693,0.5502617955207825,0.023011378943920135
15,111,False,0.0,16,0.8034780025482178,0.269866943359375,0.5507106781005859,0.02312510833144188
15,112,False,0.0,16,0.8040817975997925,0.26998618245124817,0.5505685806274414,0.02302512526512146
15,113,False,0.0,16,0.8047592639923096,0.27035409212112427,0.550485372543335,0.023001333698630333
15,114,False,0.0,16,0.8055120706558228,0.2703535854816437,0.5500624179840088,0.023029135540127754
15,115,False,0.0,16,0.8057852387428284,0.2700493335723877,0.5497133135795593,0.02292211353778839
15,116,False,0.0,16,0.8062445521354675,0.2699374854564667,0.5496755242347717,0.022960614413022995
15,117,False,0.0,16,0.8064373135566711,0.26946207880973816,0.5498432517051697,0.02305377647280693
15,118,False,0.0,16,0.8063105940818787,0.2693867087364197,0.5496079325675964,0.022969277575612068
16,0,False,0.0,0,0.7315073013305664,0.19108641147613525,0.5257861614227295,0.013674859888851643
16,1,False,0.0,1,0.8187255859375,0.2627117931842804,0.5519583821296692,0.023537136614322662
16,2,False,0.0,2,0.8189501166343689,0.26263532042503357,0.5520501136779785,0.023547936230897903
16,3,False,0.0,3,0.8191301822662354,0.26242125034332275,0.5517811179161072,0.023741357028484344
16,4,False,0.0,4,0.8185429573059082,0.26262137293815613,0.5518766641616821,0.02372491918504238
16,5,False,0.0,5,0.8182645440101624,0.2626175880432129,0.5520070195198059,0.02377420663833618
16,6,False,0.0,6,0.8191453218460083,0.2624180018901825,0.5519503355026245,0.023759812116622925
16,7,False,0.0,7,0.8189700841903687,0.2626066207885742,0.5521177649497986,0.02384587563574314
16,8,False,0.0,8,0.8189859986305237,0.26287320256233215,0.5520927906036377,0.023861071094870567
16,9,False,0.0,9,0.819124162197113,0.26281607151031494,0.5520384311676025,0.023876477032899857
16,10,False,0.0,10,0.8191983699798584,0.262668251991272,0.5519781708717346,0.02391728013753891
16,11,False,0.0,11,0.8193022608757019,0.2625506520271301,0.5517781376838684,0.0241794865578413
16,12,False,0.0,12,0.8193340301513672,0.2624339461326599,0.5517104864120483,0.024168219417333603
16,13,False,0.0,13,0.8195436596870422,0.26224908232688904,0.5515994429588318,0.024107201024889946
16,14,False,0.0,14,0.8197472095489502,0.26203998923301697,0.5514254570007324,0.02406764030456543
16,15,False,0.0,15,0.8194926381111145,0.262042373418808,0.5516384840011597,0.024201609194278717
16,16,False,0.0,16,0.8197048306465149,0.26195964217185974,0.5514957904815674,0.024159645661711693
16,17,False,0.0,16,0.820252537727356,0.26195982098579407,0.5514642000198364,0.024132834747433662
16,18,False,0.0,16,0.8200879096984863,0.261622816324234,0.5514374375343323,0.02410980872809887
16,19,False,0.0,16,0.8195081353187561,0.2615079879760742,0.5513501763343811,0.02439078502357006
16,20,False,0.0,16,0.8194764256477356,0.26172009110450745,0.5512585043907166,0.024358602240681648
16,21,False,0.0,16,0.8194360733032227,0.2620560824871063,0.5513635277748108,0.024368803948163986
16,22,False,0.0,16,0.8195031881332397,0.26231884956359863,0.5514278411865234,0.024342147633433342
16,23,False,0.0,16,0.8194903135299683,0.26296430826187134,0.5515040159225464,0.02436702884733677
16,24,False,0.0,16,0.819287896156311,0.26307690143585205,0.5514859557151794,0.0243309885263443
16,25,False,0.0,16,0.8197458982467651,0.26350173354148865,0.5516400337219238,0.024335267022252083
16,26,False,0.0,16,0.8197579979896545,0.26331502199172974,0.5517565608024597,0.024365698918700218
16,27,False,0.0,16,0.8190488815307617,0.2629515528678894,0.5515191555023193,0.024464407935738564
16,28,False,0.0,16,0.8190659284591675,0.26282957196235657,0.5515364408493042,0.02447979710996151
16,29,False,0.0,16,0.8182373046875,0.263317734003067,0.551845908164978,0.02458878792822361
16,30,False,0.0,16,0.8169107437133789,0.2634313404560089,0.551769495010376,0.02454208955168724
16,31,False,0.0,16,0.815563440322876,0.2640804946422577,0.5520418882369995,0.024699047207832336
16,32,False,0.0,16,0.8142049312591553,0.2637949287891388,0.5521109700202942,0.024709640070796013
16,33,False,0.0,16,0.8135895133018494,0.26495569944381714,0.5523843765258789,0.024862585589289665
16,34,False,0.0,16,0.8130587339401245,0.2646803855895996,0.5522470474243164,0.02482040412724018
16,35,False,0.0,16,0.8119251728057861,0.26555803418159485,0.5522968173027039,0.025001220405101776
16,36,False,0.0,16,0.8103958964347839,0.2663992643356323,0.5524119138717651,0.025069018825888634
16,37,False,0.0,16,0.8097965717315674,0.2675408720970154,0.5525431632995605,0.025103693827986717
16,38,False,0.0,16,0.8098315000534058,0.2679500877857208,0.5527819395065308,0.02519955113530159
16,39,False,0.0,16,0.8098907470703125,0.2688472867012024,0.5527194738388062,0.025180699303746223
16,40,False,0.0,16,0.8092412948608398,0.26902374625205994,0.5526649951934814,0.02514292113482952
16,41,False,0.0,16,0.8084908723831177,0.26950088143348694,0.5526432991027832,0.025257008150219917
16,42,False,0.0,16,0.806633472442627,0.2697049677371979,0.5523537397384644,0.0250978022813797
16,43,False,0.0,16,0.8054840564727783,0.2701055705547333,0.5525206327438354,0.02506321668624878
16,44,False,0.0,16,0.8046149015426636,0.27031049132347107,0.5519578456878662,0.0248455498367548
16,45,False,0.0,16,0.8037157654762268,0.27076271176338196,0.5520106554031372,0.02481767348945141
16,46,False,0.0,16,0.8025983572006226,0.2710115909576416,0.5520299673080444,0.024792131036520004
16,47,False,0.0,16,0.8008906841278076,0.2714487612247467,0.5523141622543335,0.02491396851837635
16,48,False,0.0,16,0.7994505167007446,0.2731107771396637,0.5524376630783081,0.024999283254146576
16,49,False,0.0,16,0.7995066046714783,0.27429285645484924,0.5525311827659607,0.025011299178004265
16,50,False,0.0,16,0.7998851537704468,0.2740875482559204,0.5524321794509888,0.024937668815255165
16,51,False,0.0,16,0.799750566482544,0.2741796672344208,0.5526305437088013,0.024862349033355713
16,52,False,0.0,16,0.7994526624679565,0.273960679769516,0.5524394512176514,0.02477080561220646
16,53,False,0.0,16,0.800180971622467,0.272830992937088,0.5519999265670776,0.02460077591240406
16,54,False,0.0,16,0.8012868165969849,0.27233684062957764,0.5519806742668152,0.024576371535658836
16,55,False,0.0,16,0.8020870685577393,0.2717995345592499,0.5519355535507202,0.024575337767601013
16,56,False,0.0,16,0.8031463623046875,0.2713543772697449,0.5517183542251587,0.02449702098965645
16,57,False,0.0,16,0.803973913192749,0.27092912793159485,0.5515806674957275,0.02445090189576149
16,58,False,0.0,16,0.804989218711853,0.27058500051498413,0.5514928102493286,0.0244298093020916
16,59,False,0.0,16,0.8059906363487244,0.2704097032546997,0.5517712831497192,0.02419176697731018
16,60,False,0.0,16,0.8069267272949219,0.2697615921497345,0.5517700910568237,0.02421487867832184
16,61,False,0.0,16,0.8080066442489624,0.2693503201007843,0.5516884326934814,0.024161163717508316
16,62,False,0.0,16,0.8100636005401611,0.26815322041511536,0.5519999265670776,0.024333322420716286
16,63,False,0.0,16,0.8129358291625977,0.2663808763027191,0.5519646406173706,0.02430999092757702
16,64,False,0.0,16,0.8153527975082397,0.2638498842716217,0.5517749786376953,0.02421748638153076
16,65,False,0.0,16,0.8171289563179016,0.2624363899230957,0.5518298745155334,0.024238647893071175
16,66,False,0.0,16,0.8184504508972168,0.2615489065647125,0.5517981052398682,0.02421536110341549
16,67,False,0.0,16,0.8198014497756958,0.2604764699935913,0.5522680282592773,0.02387448400259018
16,68,False,0.0,16,0.8200902938842773,0.2595198452472687,0.5523393750190735,0.023907599970698357
16,69,False,0.0,16,0.8206906914710999,0.2583557069301605,0.5523831844329834,0.023880552500486374
16,70,False,0.0,16,0.8204711675643921,0.2579183876514435,0.5522900819778442,0.023842575028538704
16,71,False,0.0,16,0.8202368021011353,0.2573026418685913,0.5524343252182007,0.023899560794234276
16,72,False,0.0,16,0.8201528787612915,0.25718954205513,0.5523393750190735,0.023853763937950134
16,73,False,0.0,16,0.8198290467262268,0.2575480341911316,0.5526441335678101,0.023931901901960373
16,74,False,0.0,16,0.8205959796905518,0.25740402936935425,0.5526683926582336,0.02392289601266384
16,75,False,0.0,16,0.8211502432823181,0.2572941482067108,0.5530205368995667,0.023664012551307678
16,76,False,0.0,16,0.820868730545044,0.2578932046890259,0.5528650283813477,0.02359202317893505
16,77,False,0.0,16,0.8208006620407104,0.25809797644615173,0.5529210567474365,0.02363291196525097
16,78,False,0.0,16,0.8200796842575073,0.25850754976272583,0.5529124736785889,0.023644033819437027
16,79,False,0.0,16,0.8179742097854614,0.2596578896045685,0.5528780817985535,0.023681892082095146
16,80,False,0.0,16,0.8168519735336304,0.2604665756225586,0.5528064966201782,0.023668376728892326
16,81,False,0.0,16,0.8153785467147827,0.26209011673927307,0.5531101822853088,0.023840229958295822
16,82,False,0.0,16,0.8140031695365906,0.26336032152175903,0.5527448654174805,0.023717692121863365
16,83,False,0.0,16,0.8133070468902588,0.2642986476421356,0.5524052381515503,0.023310313001275063
16,84,False,0.0,16,0.8116629719734192,0.26571881771087646,0.5519915819168091,0.023173632100224495
16,85,False,0.0,16,0.8104888200759888,0.26702961325645447,0.552104115486145,0.023222200572490692
16,86,False,0.0,16,0.8097419738769531,0.26761242747306824,0.5519150495529175,0.02316189929842949
16,87,False,0.0,16,0.8092150688171387,0.26931333541870117,0.5517440438270569,0.02308054082095623
16,88,False,0.0,16,0.8084493279457092,0.27083536982536316,0.5515387058258057,0.022852115333080292
16,89,False,0.0,16,0.8076040744781494,0.2719549536705017,0.551649808883667,0.022889278829097748
16,90,False,0.0,16,0.8049067854881287,0.27373775839805603,0.5523538589477539,0.02312302775681019
16,91,False,0.0,16,0.8022602796554565,0.2752605974674225,0.5525126457214355,0.023132558912038803
16,92,False,0.0,16,0.7997431755065918,0.2765825092792511,0.5527553558349609,0.023201504722237587
16,93,False,0.0,16,0.7981089949607849,0.27725377678871155,0.5527253746986389,0.023168714717030525
16,94,False,0.0,16,0.7970148921012878,0.2778129279613495,0.552740216255188,0.023145247250795364
16,95,False,0.0,16,0.7969449162483215,0.2780006527900696,0.5529196262359619,0.02318960800766945
16,96,False,0.0,16,0.7966843843460083,0.27843862771987915,0.5524798631668091,0.02305256389081478
16,97,False,0.0,16,0.7962148189544678,0.27849656343460083,0.5524624586105347,0.023024888709187508
16,98,False,0.0,16,0.7960878014564514,0.277994841337204,0.5523619055747986,0.02295622043311596
16,99,False,0.0,16,0.7967957258224487,0.27727416157722473,0.5520884394645691,0.02279682271182537
16,100,False,0.0,16,0.7975192070007324,0.2772630453109741,0.5522275567054749,0.022963201627135277
16,101,False,0.0,16,0.7982842922210693,0.2780047655105591,0.5521087646484375,0.022962087765336037
16,102,False,0.0,16,0.7977219223976135,0.2777145504951477,0.5519756078720093,0.022922566160559654
16,103,False,0.0,16,0.7970740795135498,0.27725791931152344,0.5520020127296448,0.02292993851006031
16,104,False,0.0,16,0.7970507144927979,0.2770964801311493,0.5519411563873291,0.022920235991477966
16,105,False,0.0,16,0.7971839308738708,0.276699036359787,0.5519307851791382,0.022885717451572418
16,106,False,0.0,16,0.7980477809906006,0.27552124857902527,0.5519428253173828,0.02286025509238243
16,107,False,0.0,16,0.7988266944885254,0.27420127391815186,0.5518796443939209,0.02278892695903778
16,108,False,0.0,16,0.8010549545288086,0.2712969481945038,0.5520360469818115,0.022830067202448845
16,109,False,0.0,16,0.8029648661613464,0.2700594663619995,0.5519458055496216,0.022722817957401276
16,110,False,0.0,16,0.8066058158874512,0.2683849036693573,0.5517327785491943,0.02267179638147354
16,111,False,0.0,16,0.8072953224182129,0.2681872844696045,0.5518158674240112,0.022670863196253777
16,112,False,0.0,16,0.8095236420631409,0.2679542303085327,0.5517985224723816,0.022655369713902473
16,113,False,0.0,16,0.8101155161857605,0.2679465711116791,0.5517495274543762,0.022627411410212517
16,114,False,0.0,16,0.8101013898849487,0.2679688632488251,0.5517730712890625,0.02262117899954319
16,115,False,0.0,16,0.810745120048523,0.26814004778862,0.5519962310791016,0.022835105657577515
16,116,False,0.0,16,0.8107872009277344,0.26836544275283813,0.5519188046455383,0.022817222401499748
16,117,False,0.0,16,0.8109444975852966,0.2686022222042084,0.5519289970397949,0.022833120077848434
16,118,False,0.0,16,0.8108277320861816,0.2688409090042114,0.5518898963928223,0.02282251976430416
16,119,False,0.0,16,0.8104525804519653,0.2690388858318329,0.5518766641616821,0.02281155250966549
17,0,False,0.0,0,0.7428267002105713,0.17851939797401428,0.525845468044281,0.013616916723549366
17,1,False,0.0,1,0.8276196122169495,0.25523027777671814,0.5522372126579285,0.023463519290089607
17,2,False,0.0,2,0.8279021382331848,0.2550550401210785,0.5522352457046509,0.023462221026420593
17,3,False,0.0,3,0.8286068439483643,0.25445395708084106,0.552649974822998,0.023754389956593513
17,4,False,0.0,4,0.829063892364502,0.25376051664352417,0.5525584816932678,0.023708319291472435
17,5,False,0.0,5,0.8291569948196411,0.25300684571266174,0.552648663520813,0.023738788440823555
17,6,False,0.0,6,0.8300821185112,0.2520657479763031,0.5528005361557007,0.023807238787412643
17,7,False,0.0,7,0.8306632041931152,0.25182902812957764,0.552915096282959,0.02386014722287655
17,8,False,0.0,8,0.8307170271873474,0.25142771005630493,0.5529149770736694,0.023869501426815987
17,9,False,0.0,9,0.8311983346939087,0.25094300508499146,0.5529345870018005,0.02389754168689251
17,10,False,0.0,10,0.8315336108207703,0.25049224495887756,0.5528332591056824,0.023853108286857605
17,11,False,0.0,11,0.8314119577407837,0.2507585883140564,0.5530331134796143,0.024019388481974602
17,12,False,0.0,12,0.8306848406791687,0.2512376010417938,0.5529127717018127,0.02394566312432289
17,13,False,0.0,13,0.8299614191055298,0.25169411301612854,0.5526156425476074,0.02378583326935768
17,14,False,0.0,14,0.8293392658233643,0.2523779571056366,0.5526726841926575,0.023793291300535202
17,15,False,0.0,15,0.8289346694946289,0.25294241309165955,0.5525324940681458,0.023719290271401405
17,16,False,0.0,16,0.8281295299530029,0.25321298837661743,0.5524094104766846,0.02365908771753311
17,17,False,0.0,16,0.8270801305770874,0.2537888288497925,0.5522708892822266,0.0235550906509161
17,18,False,0.0,16,0.8267431855201721,0.25415414571762085,0.5523185729980469,0.02355712652206421
17,19,False,0.0,16,0.8263707756996155,0.25438034534454346,0.5528615713119507,0.02370653674006462
17,20,False,0.0,16,0.8256207704544067,0.2546738088130951,0.5528483390808105,0.02372603677213192
17,21,False,0.0,16,0.8252215385437012,0.2550189197063446,0.5524269342422485,0.023582346737384796
17,22,False,0.0,16,0.8240262866020203,0.2555481791496277,0.5525456070899963,0.023665478453040123
17,23,False,0.0,16,0.8225661516189575,0.2560713589191437,0.5522993206977844,0.02353910729289055
17,24,False,0.0,16,0.8217993974685669,0.2566748857498169,0.5521532297134399,0.02347542904317379
17,25,False,0.0,16,0.8212862014770508,0.2572372257709503,0.5520070791244507,0.023451533168554306
17,26,False,0.0,16,0.8204529285430908,0.2579750120639801,0.5517755746841431,0.023422496393322945
17,27,False,0.0,16,0.8195176720619202,0.25881943106651306,0.5523834228515625,0.023463299497961998
17,28,False,0.0,16,0.8183615207672119,0.2594663202762604,0.5525059700012207,0.023534882813692093
17,29,False,0.0,16,0.817570686340332,0.26015982031822205,0.5522615909576416,0.023453887552022934
17,30,False,0.0,16,0.8165736794471741,0.26045119762420654,0.552253007888794,0.023432455956935883
17,31,False,0.0,16,0.8157719373703003,0.26148301362991333,0.5523620247840881,0.02349267154932022
17,32,False,0.0,16,0.8148255348205566,0.2632243037223816,0.552720844745636,0.023673348128795624
17,33,False,0.0,16,0.8134479522705078,0.2647427022457123,0.5532463788986206,0.023840289562940598
17,34,False,0.0,16,0.8123281598091125,0.2659335136413574,0.553602397441864,0.023932771757245064
17,35,False,0.0,16,0.8114544153213501,0.266731858253479,0.554808497428894,0.024273693561553955
17,36,False,0.0,16,0.810749888420105,0.26741284132003784,0.55488520860672,0.02429300546646118
17,37,False,0.0,16,0.8102330565452576,0.26755544543266296,0.5546419620513916,0.024194275960326195
17,38,False,0.0,16,0.8095424771308899,0.26817452907562256,0.5549342036247253,0.02428230084478855
17,39,False,0.0,16,0.8092761039733887,0.2682840824127197,0.5547643899917603,0.024131445214152336
17,40,False,0.0,16,0.808220624923706,0.2686275243759155,0.5544768571853638,0.023971788585186005
17,41,False,0.0,16,0.8072820901870728,0.26854100823402405,0.5546684265136719,0.02409309707581997
17,42,False,0.0,16,0.8057055473327637,0.2696857452392578,0.5548404455184937,0.024140264838933945
17,43,False,0.0,16,0.8044506311416626,0.27076664566993713,0.5553721189498901,0.02420567348599434
17,44,False,0.0,16,0.8035318851470947,0.27128952741622925,0.5549192428588867,0.024035412818193436
17,45,False,0.0,16,0.8017846941947937,0.2720280885696411,0.5548940896987915,0.02408142201602459
17,46,False,0.0,16,0.8020963072776794,0.27231600880622864,0.554832935333252,0.024045655503869057
17,47,False,0.0,16,0.8020762205123901,0.2723632752895355,0.5547590255737305,0.024036996066570282
17,48,False,0.0,16,0.8022624254226685,0.27243244647979736,0.5546921491622925,0.024048887193202972
17,49,False,0.0,16,0.802836537361145,0.271964430809021,0.5546141862869263,0.024025509133934975
17,50,False,0.0,16,0.8031429052352905,0.27093565464019775,0.554816484451294,0.02407393418252468
17,51,False,0.0,16,0.8044772148132324,0.26968759298324585,0.5555458068847656,0.024172471836209297
17,52,False,0.0,16,0.8040120005607605,0.26940977573394775,0.5556026697158813,0.024165812879800797
17,53,False,0.0,16,0.8042217493057251,0.26937440037727356,0.5556265115737915,0.024183621630072594
17,54,False,0.0,16,0.8039532899856567,0.26930928230285645,0.5556516647338867,0.024223702028393745
17,55,False,0.0,16,0.8043237924575806,0.2680375874042511,0.555551290512085,0.02423406019806862
17,56,False,0.0,16,0.8057806491851807,0.2674441635608673,0.5552758574485779,0.024152131751179695
17,57,False,0.0,16,0.806862473487854,0.2671835720539093,0.5550333857536316,0.02411579340696335
17,58,False,0.0,16,0.8067530989646912,0.26787012815475464,0.5549137592315674,0.024098476395010948
17,59,False,0.0,16,0.8072909116744995,0.26875150203704834,0.555160641670227,0.024112194776535034
17,60,False,0.0,16,0.8078230619430542,0.26969364285469055,0.5551036596298218,0.024033674970269203
17,61,False,0.0,16,0.8092795610427856,0.26984110474586487,0.5551811456680298,0.024011829867959023
17,62,False,0.0,16,0.8088698983192444,0.26993635296821594,0.5554170608520508,0.02409527450799942
17,63,False,0.0,16,0.8092666864395142,0.2701089084148407,0.5551037788391113,0.023946091532707214
17,64,False,0.0,16,0.8092642426490784,0.27067700028419495,0.5551600456237793,0.024011069908738136
17,65,False,0.0,16,0.8086963891983032,0.27122414112091064,0.5551843643188477,0.024032115936279297
17,66,False,0.0,16,0.8080775737762451,0.27173078060150146,0.5553444623947144,0.024180380627512932
17,67,False,0.0,16,0.808693528175354,0.2714689373970032,0.554640531539917,0.023930683732032776
17,68,False,0.0,16,0.8080172538757324,0.2727392017841339,0.5541723966598511,0.023815937340259552
17,69,False,0.0,16,0.8084239959716797,0.27244389057159424,0.5539846420288086,0.02367674931883812
17,70,False,0.0,16,0.8084268569946289,0.2721375524997711,0.554137110710144,0.023780057206749916
17,71,False,0.0,16,0.808783233165741,0.2718260586261749,0.5540890693664551,0.02378898486495018
17,72,False,0.0,16,0.8094524145126343,0.27053016424179077,0.5537441968917847,0.02364494651556015
17,73,False,0.0,16,0.8097999095916748,0.2702791690826416,0.5538296699523926,0.023647623136639595
17,74,False,0.0,16,0.8106918931007385,0.2699158787727356,0.5540741086006165,0.02371341362595558
17,75,False,0.0,16,0.8116998672485352,0.2692830264568329,0.5535985231399536,0.023538103327155113
17,76,False,0.0,16,0.8119697570800781,0.26886212825775146,0.5535516738891602,0.02351660095155239
17,77,False,0.0,16,0.8119566440582275,0.2688509225845337,0.5536937117576599,0.023559898138046265
17,78,False,0.0,16,0.8119039535522461,0.268663614988327,0.5534708499908447,0.023482274264097214
17,79,False,0.0,16,0.8119553327560425,0.2682960033416748,0.5535494089126587,0.023493200540542603
17,80,False,0.0,16,0.8117674589157104,0.26844504475593567,0.5533151626586914,0.02345261536538601
17,81,False,0.0,16,0.8118091821670532,0.26864853501319885,0.55330491065979,0.023441001772880554
17,82,False,0.0,16,0.8119879961013794,0.2683779001235962,0.5534554719924927,0.02348700724542141
17,83,False,0.0,16,0.8118939399719238,0.26834896206855774,0.553062915802002,0.02335197478532791
17,84,False,0.0,16,0.811947226524353,0.26826053857803345,0.5531207323074341,0.0233442559838295
17,85,False,0.0,16,0.8114351034164429,0.26846790313720703,0.5532444715499878,0.02343583293259144
17,86,False,0.0,16,0.8109890222549438,0.268604040145874,0.5529918074607849,0.023360883817076683
17,87,False,0.0,16,0.8104638457298279,0.2689642608165741,0.5530875325202942,0.02348681539297104
17,88,False,0.0,16,0.8101657629013062,0.26854759454727173,0.5526778101921082,0.023394426330924034
17,89,False,0.0,16,0.808937668800354,0.2690821588039398,0.5527542233467102,0.02337532490491867
17,90,False,0.0,16,0.8082095384597778,0.26947349309921265,0.5528260469436646,0.023484641686081886
17,91,False,0.0,16,0.8073067665100098,0.2700289487838745,0.5521539449691772,0.0230938158929348
17,92,False,0.0,16,0.8064596652984619,0.27073705196380615,0.5523936748504639,0.02312624827027321
17,93,False,0.0,16,0.8064415454864502,0.2712332308292389,0.5520908832550049,0.023064469918608665
17,94,False,0.0,16,0.8059765100479126,0.2718697786331177,0.5521901845932007,0.023100104182958603
17,95,False,0.0,16,0.805497944355011,0.2720951437950134,0.5520022511482239,0.023136833682656288
17,96,False,0.0,16,0.8058686256408691,0.27254748344421387,0.5525542497634888,0.023273002356290817
17,97,False,0.0,16,0.8056163787841797,0.27309104800224304,0.5524275898933411,0.023216048255562782
17,98,False,0.0,16,0.8064695000648499,0.2730119526386261,0.5526992082595825,0.023309461772441864
17,99,False,0.0,16,0.8052460551261902,0.27363887429237366,0.5526336431503296,0.02318941242992878
17,100,False,0.0,16,0.8047081232070923,0.27312272787094116,0.552710235118866,0.02322860062122345
17,101,False,0.0,16,0.8039858937263489,0.273371160030365,0.5527183413505554,0.02323775738477707
17,102,False,0.0,16,0.8042752742767334,0.27359074354171753,0.55287766456604,0.023227110505104065
17,103,False,0.0,16,0.803825855255127,0.2740049958229065,0.5529889464378357,0.02322661131620407
17,104,False,0.0,16,0.803842306137085,0.27420634031295776,0.5530143976211548,0.02326183021068573
17,105,False,0.0,16,0.8045549392700195,0.2734479606151581,0.5531324148178101,0.02330216020345688
17,106,False,0.0,16,0.8046699166297913,0.27339664101600647,0.5533461570739746,0.023353280499577522
17,107,False,0.0,16,0.8048517107963562,0.2732219398021698,0.5533541440963745,0.023257911205291748
17,108,False,0.0,16,0.8045722246170044,0.2731155753135681,0.5534806251525879,0.023351676762104034
17,109,False,0.0,16,0.8049594163894653,0.27295157313346863,0.5535728931427002,0.023337746039032936
17,110,False,0.0,16,0.8049573302268982,0.2728821933269501,0.553644597530365,0.023336011916399002
17,111,False,0.0,16,0.8045952320098877,0.2731090784072876,0.5537149310112,0.023325597867369652
17,112,False,0.0,16,0.8037158250808716,0.2734919786453247,0.5539583563804626,0.023401519283652306
17,113,False,0.0,16,0.8031564354896545,0.2736160457134247,0.5539101958274841,0.023371892049908638
17,114,False,0.0,16,0.8032101988792419,0.2734144330024719,0.5536930561065674,0.023303842172026634
17,115,False,0.0,16,0.803627610206604,0.2729926109313965,0.5536273121833801,0.023211922496557236
17,116,False,0.0,16,0.8036263585090637,0.27257347106933594,0.5534849762916565,0.023179220035672188
17,117,False,0.0,16,0.8038870096206665,0.2721695005893707,0.5533632040023804,0.023116232827305794
17,118,False,0.0,16,0.8043602108955383,0.2711699306964874,0.5534300804138184,0.023152243345975876
17,119,False,0.0,16,0.8051833510398865,0.2701723277568817,0.5534715056419373,0.02320580743253231
17,120,False,0.0,16,0.8056524395942688,0.26942384243011475,0.5534806251525879,0.023227684199810028
17,121,False,0.0,16,0.8053324222564697,0.2691459357738495,0.553567111492157,0.023257490247488022
17,122,False,0.0,16,0.8037482500076294,0.26862749457359314,0.5537327527999878,0.02332262136042118
17,123,False,0.0,16,0.800747275352478,0.27068647742271423,0.5535353422164917,0.023219605907797813
17,124,False,0.0,16,0.799690842628479,0.27127963304519653,0.5535315275192261,0.023286759853363037
17,125,False,0.0,16,0.7988697290420532,0.2719578742980957,0.5535756349563599,0.023325523361563683
17,126,False,0.0,16,0.7982649207115173,0.2723167836666107,0.5535217523574829,0.023289555683732033
17,127,False,0.0,16,0.7978121042251587,0.27269983291625977,0.553528904914856,0.0232564527541399
17,128,False,0.0,16,0.7981545925140381,0.2722632586956024,0.5534412860870361,0.023218361660838127
17,129,False,0.0,16,0.7981859445571899,0.27267852425575256,0.5534085035324097,0.02320529706776142
17,130,False,0.0,16,0.7983210682868958,0.2728026509284973,0.5533283352851868,0.02316550724208355
17,131,False,0.0,16,0.7987687587738037,0.2728160321712494,0.5529676675796509,0.02309354953467846
17,132,False,0.0,16,0.799198567867279,0.2727377414703369,0.5528556108474731,0.023065699264407158
17,133,False,0.0,16,0.7999656200408936,0.2726186513900757,0.5529507398605347,0.023123668506741524
17,134,False,0.0,16,0.801156759262085,0.27258580923080444,0.5529118776321411,0.023082982748746872
17,135,False,0.0,16,0.8024071455001831,0.27240023016929626,0.5529508590698242,0.02306927740573883
17,136,False,0.0,16,0.803571343421936,0.2727341651916504,0.553301215171814,0.023212948814034462
17,137,False,0.0,16,0.8036552667617798,0.27278512716293335,0.5533896684646606,0.023257015272974968
17,138,False,0.0,16,0.8038561344146729,0.2722148299217224,0.5535744428634644,0.023335179314017296
17,139,False,0.0,16,0.8038976192474365,0.27204596996307373,0.5532649755477905,0.02325674146413803
17,140,False,0.0,16,0.8061450123786926,0.27031177282333374,0.5531406402587891,0.023155800998210907
17,141,False,0.0,16,0.8070433735847473,0.2695600092411041,0.5530625581741333,0.023035665974020958
17,142,False,0.0,16,0.8068156838417053,0.26914453506469727,0.553423285484314,0.023137670010328293
17,143,False,0.0,16,0.8067816495895386,0.26878392696380615,0.5537441372871399,0.02323266863822937
17,144,False,0.0,16,0.8065465688705444,0.26823970675468445,0.553706705570221,0.023217618465423584
17,145,False,0.0,16,0.8070846199989319,0.2670002579689026,0.5538284778594971,0.023274805396795273
17,146,False,0.0,16,0.8074182271957397,0.2655166685581207,0.5537796020507812,0.0232730470597744
18,0,False,0.0,0,0.7508442401885986,0.17641708254814148,0.5259361863136292,0.013184218667447567
18,1,False,0.0,1,0.8336141109466553,0.2522592544555664,0.5529718399047852,0.023199819028377533
18,2,False,0.0,2,0.8363299369812012,0.24991096556186676,0.5530744791030884,0.02325449511408806
18,3,False,0.0,3,0.8369354605674744,0.24964621663093567,0.5529874563217163,0.023235753178596497
18,4,False,0.0,4,0.8376078605651855,0.24952077865600586,0.5529180765151978,0.023195946589112282
18,5,False,0.0,5,0.8375871777534485,0.2495560348033905,0.5528268814086914,0.023148370906710625
18,6,False,0.0,6,0.8378037214279175,0.24980118870735168,0.5527614951133728,0.023068726062774658
18,7,False,0.0,7,0.8378796577453613,0.2497502565383911,0.5526735782623291,0.02303658425807953
18,8,False,0.0,8,0.8375382423400879,0.24976664781570435,0.5529521107673645,0.023201268166303635
18,9,False,0.0,9,0.8377971649169922,0.24993816018104553,0.5529889464378357,0.02321762964129448
18,10,False,0.0,10,0.8375043869018555,0.2503066062927246,0.5530164241790771,0.02320059947669506
18,11,False,0.0,11,0.8367315530776978,0.2508576512336731,0.5530188083648682,0.023206837475299835
18,12,False,0.0,12,0.8365249633789062,0.25082188844680786,0.553026020526886,0.023185091093182564
18,13,False,0.0,13,0.8358033895492554,0.25108474493026733,0.5531055927276611,0.02316252887248993
18,14,False,0.0,14,0.8347181081771851,0.25130462646484375,0.5534282326698303,0.023315994068980217
18,15,False,0.0,15,0.8349088430404663,0.2513521611690521,0.5533753633499146,0.023344187065958977
18,16,False,0.0,16,0.8348763585090637,0.2516604959964752,0.5533434152603149,0.023326076567173004
18,17,False,0.0,16,0.8342642188072205,0.2521923780441284,0.5532674789428711,0.023316403850913048
18,18,False,0.0,16,0.8325182199478149,0.2528069019317627,0.5532039403915405,0.023340120911598206
18,19,False,0.0,16,0.8308680057525635,0.25344952940940857,0.5531262159347534,0.023343626409769058
18,20,False,0.0,16,0.8298385143280029,0.2538796365261078,0.553004264831543,0.023285089060664177
18,21,False,0.0,16,0.8287997245788574,0.25467297434806824,0.55295729637146,0.023273061960935593
18,22,False,0.0,16,0.8280045390129089,0.25529640913009644,0.5528736114501953,0.023250935599207878
18,23,False,0.0,16,0.8269060850143433,0.25584566593170166,0.5526122450828552,0.023235734552145004
18,24,False,0.0,16,0.8254909515380859,0.256977379322052,0.5529046058654785,0.02339235693216324
18,25,False,0.0,16,0.8244180679321289,0.257669597864151,0.5529760122299194,0.02341066673398018
18,26,False,0.0,16,0.8236833214759827,0.257995069026947,0.5529135465621948,0.023360010236501694
18,27,False,0.0,16,0.8230870366096497,0.25895336270332336,0.5531624555587769,0.02354559302330017
18,28,False,0.0,16,0.8222614526748657,0.2594347894191742,0.5536988377571106,0.023685723543167114
18,29,False,0.0,16,0.8220653533935547,0.25976699590682983,0.5534874200820923,0.023569824174046516
18,30,False,0.0,16,0.8211784362792969,0.2602391541004181,0.5538493394851685,0.02377372793853283
18,31,False,0.0,16,0.8201069831848145,0.26121482253074646,0.5541311502456665,0.023793041706085205
18,32,False,0.0,16,0.8185309171676636,0.26289838552474976,0.5542871952056885,0.023854264989495277
18,33,False,0.0,16,0.8164898157119751,0.2655569016933441,0.5545629858970642,0.02391829527914524
18,34,False,0.0,16,0.815726101398468,0.2670934796333313,0.5549511909484863,0.02402833290398121
18,35,False,0.0,16,0.8137138485908508,0.26937592029571533,0.5549887418746948,0.023972025141119957
18,36,False,0.0,16,0.8125932812690735,0.27045249938964844,0.5551994442939758,0.024064473807811737
18,37,False,0.0,16,0.8115318417549133,0.27050432562828064,0.5553255081176758,0.024138011038303375
18,38,False,0.0,16,0.8110289573669434,0.2701859474182129,0.5554438829421997,0.024211809039115906
18,39,False,0.0,16,0.8108540773391724,0.270559161901474,0.5555146336555481,0.024237487465143204
18,40,False,0.0,16,0.8108832836151123,0.2705136239528656,0.5556836128234863,0.024385865777730942
18,41,False,0.0,16,0.8100223541259766,0.2707935571670532,0.5555180907249451,0.024308249354362488
18,42,False,0.0,16,0.8093675374984741,0.2707631289958954,0.5558339953422546,0.02442144602537155
18,43,False,0.0,16,0.8090159296989441,0.2707986831665039,0.5560054779052734,0.024492662400007248
18,44,False,0.0,16,0.8087728023529053,0.2706855535507202,0.5563932657241821,0.024630820378661156
18,45,False,0.0,16,0.8079559206962585,0.2705240547657013,0.5562578439712524,0.024513645097613335
18,46,False,0.0,16,0.8066167235374451,0.27085044980049133,0.5557680726051331,0.02431377023458481
18,47,False,0.0,16,0.805742621421814,0.2724155783653259,0.5554225444793701,0.024140892550349236
18,48,False,0.0,16,0.8037149906158447,0.27330872416496277,0.555624783039093,0.024330995976924896
18,49,False,0.0,16,0.8011067509651184,0.2757323980331421,0.5556502342224121,0.024287451058626175
18,50,False,0.0,16,0.8012000322341919,0.2760449945926666,0.5554856657981873,0.02419055625796318
18,51,False,0.0,16,0.8014075756072998,0.2759383022785187,0.5553708672523499,0.024113427847623825
18,52,False,0.0,16,0.8014126420021057,0.2759791612625122,0.555304765701294,0.02407345362007618
18,53,False,0.0,16,0.801766037940979,0.27625909447669983,0.5551657676696777,0.023991646245121956
18,54,False,0.0,16,0.8015981912612915,0.27655813097953796,0.5552107095718384,0.024003412574529648
18,55,False,0.0,16,0.8013631105422974,0.2768722176551819,0.5551065802574158,0.023986881598830223
18,56,False,0.0,16,0.8018368482589722,0.2771048843860626,0.5551279187202454,0.024272825568914413
18,57,False,0.0,16,0.8013089299201965,0.27694109082221985,0.5549501776695251,0.024248866364359856
18,58,False,0.0,16,0.7997766733169556,0.27661898732185364,0.555031955242157,0.0242984090000391
18,59,False,0.0,16,0.800786018371582,0.27634426951408386,0.5549725294113159,0.02429039031267166
18,60,False,0.0,16,0.80210942029953,0.2759230434894562,0.5543975830078125,0.02405972220003605
18,61,False,0.0,16,0.8035566210746765,0.2749783992767334,0.5539654493331909,0.023856205865740776
18,62,False,0.0,16,0.804450273513794,0.2740951478481293,0.553955078125,0.02385277859866619
18,63,False,0.0,16,0.8057111501693726,0.27303799986839294,0.5537725687026978,0.023853054270148277
18,64,False,0.0,16,0.806304931640625,0.27291417121887207,0.5543022751808167,0.02425343170762062
18,65,False,0.0,16,0.8061140179634094,0.27359679341316223,0.5541040897369385,0.02416400797665119
18,66,False,0.0,16,0.8063035011291504,0.2738622725009918,0.5543806552886963,0.024188974872231483
18,67,False,0.0,16,0.8061679601669312,0.2742728292942047,0.5544625520706177,0.024260785430669785
18,68,False,0.0,16,0.807425856590271,0.2740011215209961,0.5541360378265381,0.02415408380329609
18,69,False,0.0,16,0.8080931901931763,0.27387890219688416,0.5540027618408203,0.02406783401966095
18,70,False,0.0,16,0.8088734149932861,0.2735735774040222,0.5541353225708008,0.0241540540009737
18,71,False,0.0,16,0.8106386661529541,0.27262258529663086,0.5543094873428345,0.024217944592237473
18,72,False,0.0,16,0.8108551502227783,0.27277225255966187,0.554305374622345,0.024537421762943268
18,73,False,0.0,16,0.8121727705001831,0.2720387578010559,0.5543555021286011,0.024539249017834663
18,74,False,0.0,16,0.8130605220794678,0.27098527550697327,0.5544644594192505,0.024599747732281685
18,75,False,0.0,16,0.8146006464958191,0.26969486474990845,0.5545123219490051,0.024669406935572624
18,76,False,0.0,16,0.8156471252441406,0.26859474182128906,0.5546460747718811,0.02474680356681347
18,77,False,0.0,16,0.8169133067131042,0.26738297939300537,0.5550534129142761,0.024958858266472816
18,78,False,0.0,16,0.8174105882644653,0.2662481963634491,0.554804801940918,0.024993732571601868
18,79,False,0.0,16,0.8182165026664734,0.26528409123420715,0.554957389831543,0.0251309834420681
18,80,False,0.0,16,0.8177745342254639,0.2649794816970825,0.5547477006912231,0.02529059536755085
18,81,False,0.0,16,0.8175668716430664,0.2645697295665741,0.5548496246337891,0.025261301547288895
18,82,False,0.0,16,0.8175835609436035,0.26449429988861084,0.5548112392425537,0.02521379105746746
18,83,False,0.0,16,0.8170702457427979,0.26448625326156616,0.554898738861084,0.025206902995705605
18,84,False,0.0,16,0.8163524866104126,0.26501739025115967,0.554978609085083,0.025165308266878128
18,85,False,0.0,16,0.8157395124435425,0.2655397653579712,0.5552573800086975,0.025335099548101425
18,86,False,0.0,16,0.8144243955612183,0.2665233314037323,0.5553945302963257,0.025427596643567085
18,87,False,0.0,16,0.8126842975616455,0.26762476563453674,0.5551506876945496,0.02528381533920765
18,88,False,0.0,16,0.8106473684310913,0.26899799704551697,0.5550068020820618,0.025435468181967735
18,89,False,0.0,16,0.8084179759025574,0.270996630191803,0.555076003074646,0.025492820888757706
18,90,False,0.0,16,0.8062417507171631,0.27328479290008545,0.554986834526062,0.025385437533259392
18,91,False,0.0,16,0.8038760423660278,0.27533259987831116,0.5552524328231812,0.025400789454579353
18,92,False,0.0,16,0.8024060130119324,0.2762431502342224,0.5556609630584717,0.025580544024705887
18,93,False,0.0,16,0.8017079830169678,0.2766326665878296,0.555741548538208,0.025636810809373856
18,94,False,0.0,16,0.801419198513031,0.2768648862838745,0.5556091070175171,0.025634096935391426
18,95,False,0.0,16,0.8020895719528198,0.27615678310394287,0.5555585026741028,0.025608202442526817
18,96,False,0.0,16,0.8029458522796631,0.2753998637199402,0.555578351020813,0.02570696547627449
18,97,False,0.0,16,0.8035736083984375,0.27455398440361023,0.5555301308631897,0.02569127082824707
18,98,False,0.0,16,0.803921103477478,0.27418041229248047,0.5554666519165039,0.02564091421663761
18,99,False,0.0,16,0.8043137192726135,0.2734811305999756,0.5555408000946045,0.025691062211990356
18,100,False,0.0,16,0.8051457405090332,0.27259159088134766,0.555776834487915,0.025791801512241364
18,101,False,0.0,16,0.8057771921157837,0.2719701826572418,0.5560279488563538,0.025934718549251556
18,102,False,0.0,16,0.8061630129814148,0.27149492502212524,0.5560034513473511,0.025920379906892776
18,103,False,0.0,16,0.806843101978302,0.2711075246334076,0.555417537689209,0.025635123252868652
18,104,False,0.0,16,0.8067620396614075,0.27075204253196716,0.5557483434677124,0.025786656886339188
18,105,False,0.0,16,0.8071163892745972,0.27052149176597595,0.5558340549468994,0.0258357971906662
18,106,False,0.0,16,0.8067235350608826,0.27067819237709045,0.5558584928512573,0.025850294157862663
18,107,False,0.0,16,0.8064445853233337,0.2707633972167969,0.5558701753616333,0.0258646197617054
18,108,False,0.0,16,0.8062254190444946,0.27107346057891846,0.5558834075927734,0.025873759761452675
18,109,False,0.0,16,0.8063654899597168,0.27134084701538086,0.5557555556297302,0.02580883540213108
18,110,False,0.0,16,0.8070511817932129,0.27068260312080383,0.5553628206253052,0.025523828342556953
18,111,False,0.0,16,0.8094756603240967,0.2690224051475525,0.5559293031692505,0.02565613016486168
18,112,False,0.0,16,0.810706377029419,0.26839789748191833,0.5565185546875,0.025662289932370186
19,0,False,0.0,0,0.7329533100128174,0.17705363035202026,0.5301002264022827,0.01598813198506832
19,1,False,0.0,1,0.8304765224456787,0.2544430196285248,0.5576180219650269,0.02640158124268055
19,2,False,0.0,2,0.8301787376403809,0.25442972779273987,0.5577433109283447,0.02645707316696644
19,3,False,0.0,3,0.8306598663330078,0.25393301248550415,0.5575330257415771,0.02636531926691532
19,4,False,0.0,4,0.8322979211807251,0.25257039070129395,0.5577000379562378,0.02646065503358841
19,5,False,0.0,5,0.8333706259727478,0.25244075059890747,0.5581053495407104,0.026663346216082573
19,6,False,0.0,6,0.8337979316711426,0.2525278329849243,0.5585948824882507,0.026839300990104675
19,7,False,0.0,7,0.8332890868186951,0.2534688115119934,0.5589427351951599,0.026561453938484192
19,8,False,0.0,8,0.8335894346237183,0.25383806228637695,0.5587528347969055,0.026400132104754448
19,9,False,0.0,9,0.8340824246406555,0.2532765865325928,0.5586334466934204,0.026339203119277954
19,10,False,0.0,10,0.8343180418014526,0.25312870740890503,0.5585428476333618,0.026322539895772934
19,11,False,0.0,11,0.8336134552955627,0.253489226102829,0.558607816696167,0.026256097480654716
19,12,False,0.0,12,0.8326570987701416,0.2536448836326599,0.558681070804596,0.026332557201385498
19,13,False,0.0,13,0.8324474096298218,0.25410714745521545,0.5584968328475952,0.026258768513798714
19,14,False,0.0,14,0.8319229483604431,0.25469550490379333,0.5586984753608704,0.026350760832428932
19,15,False,0.0,15,0.8316553831100464,0.25485607981681824,0.5593432784080505,0.026364954188466072
19,16,False,0.0,16,0.8308588266372681,0.25524550676345825,0.5591188669204712,0.026285238564014435
19,17,False,0.0,16,0.8301329612731934,0.25520506501197815,0.559289813041687,0.026412494480609894
19,18,False,0.0,16,0.8291242122650146,0.2557896673679352,0.559352695941925,0.02649061009287834
19,19,False,0.0,16,0.8287427425384521,0.25588706135749817,0.5589385628700256,0.02637394331395626
19,20,False,0.0,16,0.8278290629386902,0.2560913562774658,0.5587426424026489,0.026323162019252777
19,21,False,0.0,16,0.827732264995575,0.25602641701698303,0.5587555170059204,0.026397913694381714
19,22,False,0.0,16,0.8273512721061707,0.2561742961406708,0.55864417552948,0.026348106563091278
19,23,False,0.0,16,0.827132523059845,0.25649788975715637,0.5585206747055054,0.026133941486477852
19,24,False,0.0,16,0.8260079026222229,0.2571745216846466,0.5582979917526245,0.026062654331326485
19,25,False,0.0,16,0.8252907991409302,0.25771254301071167,0.557698130607605,0.025824805721640587
19,26,False,0.0,16,0.8235911726951599,0.2585110664367676,0.5571956038475037,0.02559223398566246
19,27,False,0.0,16,0.8221290111541748,0.25929492712020874,0.5568584203720093,0.025483587756752968
19,28,False,0.0,16,0.8210142254829407,0.2601468861103058,0.5568934679031372,0.02549082413315773
19,29,False,0.0,16,0.8199849128723145,0.26120761036872864,0.5568364262580872,0.02549264393746853
19,30,False,0.0,16,0.8181096315383911,0.2629672884941101,0.5568807125091553,0.025430778041481972
19,31,False,0.0,16,0.8174833059310913,0.2638048231601715,0.5569069385528564,0.02522864006459713
19,32,False,0.0,16,0.8156349658966064,0.26564571261405945,0.5574557185173035,0.02535105310380459
19,33,False,0.0,16,0.8136667013168335,0.2667323350906372,0.5580391883850098,0.025451820343732834
19,34,False,0.0,16,0.8126459717750549,0.26713332533836365,0.5577570199966431,0.02527276612818241
19,35,False,0.0,16,0.8120725750923157,0.26774275302886963,0.5576668381690979,0.02520519122481346
19,36,False,0.0,16,0.8114577531814575,0.2689456045627594,0.5577410459518433,0.025244003161787987
19,37,False,0.0,16,0.8104413747787476,0.2702808380126953,0.5579540133476257,0.025358643382787704
19,38,False,0.0,16,0.8095318675041199,0.2711982727050781,0.5578632354736328,0.025345811620354652
19,39,False,0.0,16,0.8086464405059814,0.27206122875213623,0.557601809501648,0.025173014029860497
19,40,False,0.0,16,0.807567834854126,0.2735678255558014,0.5575567483901978,0.02514554373919964
19,41,False,0.0,16,0.8061596751213074,0.2745843529701233,0.557996392250061,0.02535898983478546
19,42,False,0.0,16,0.8053950667381287,0.2753552496433258,0.5585806965827942,0.025613076984882355
19,43,False,0.0,16,0.8053206205368042,0.2756336033344269,0.5593171715736389,0.025893183425068855
19,44,False,0.0,16,0.8048539757728577,0.27568933367729187,0.5594899654388428,0.025947513058781624
19,45,False,0.0,16,0.804246723651886,0.2758292257785797,0.5598196983337402,0.026100145652890205
19,46,False,0.0,16,0.8035645484924316,0.2761175036430359,0.5601462125778198,0.026231613010168076
19,47,False,0.0,16,0.8032345771789551,0.2762492597103119,0.5596860647201538,0.025920988991856575
19,48,False,0.0,16,0.8028630614280701,0.27667662501335144,0.5596306920051575,0.025890538468956947
19,49,False,0.0,16,0.8026298880577087,0.2768937349319458,0.5595507621765137,0.025860371068120003
19,50,False,0.0,16,0.8024557828903198,0.2767600417137146,0.5595128536224365,0.025840304791927338
19,51,False,0.0,16,0.802174985408783,0.27654898166656494,0.5593400597572327,0.025747263804078102
19,52,False,0.0,16,0.8023855090141296,0.27563998103141785,0.5593472719192505,0.025741413235664368
19,53,False,0.0,16,0.8025577068328857,0.27467215061187744,0.5593299865722656,0.025738295167684555
19,54,False,0.0,16,0.8030346632003784,0.2740617096424103,0.5592200756072998,0.025705857202410698
19,55,False,0.0,16,0.8052735328674316,0.27159038186073303,0.5584949254989624,0.025228291749954224
19,56,False,0.0,16,0.8062353730201721,0.2719844579696655,0.5583180785179138,0.025196578353643417
19,57,False,0.0,16,0.8066158890724182,0.27254927158355713,0.5583190321922302,0.025242166593670845
19,58,False,0.0,16,0.8068321347236633,0.2719235420227051,0.5581582188606262,0.025248201563954353
19,59,False,0.0,16,0.8075169324874878,0.27095726132392883,0.5581583380699158,0.02529895305633545
19,60,False,0.0,16,0.8085894584655762,0.26983654499053955,0.5580228567123413,0.025275228545069695
19,61,False,0.0,16,0.809826135635376,0.268987238407135,0.5579209327697754,0.025217732414603233
19,62,False,0.0,16,0.8115123510360718,0.267708957195282,0.5577845573425293,0.0251306239515543
19,63,False,0.0,16,0.813122034072876,0.2665173411369324,0.5572631359100342,0.024796098470687866
19,64,False,0.0,16,0.8136581182479858,0.2658993899822235,0.5571570992469788,0.02473522536456585
19,65,False,0.0,16,0.8149657249450684,0.2648962438106537,0.5567529201507568,0.024574242532253265
19,66,False,0.0,16,0.8169659376144409,0.2639959752559662,0.5564959049224854,0.02445194125175476
19,67,False,0.0,16,0.8181030750274658,0.26314616203308105,0.5563672780990601,0.024363236501812935
19,68,False,0.0,16,0.8184252977371216,0.26316937804222107,0.5564554929733276,0.02437390759587288
19,69,False,0.0,16,0.8191839456558228,0.2627604305744171,0.5560221076011658,0.024209873750805855
19,70,False,0.0,16,0.8197230100631714,0.26274144649505615,0.5557693243026733,0.024140633642673492
19,71,False,0.0,16,0.8197599649429321,0.2632509768009186,0.5552171468734741,0.02383073791861534
19,72,False,0.0,16,0.8195759654045105,0.2637970447540283,0.5553221702575684,0.02387472242116928
19,73,False,0.0,16,0.8191812634468079,0.26425549387931824,0.5551130771636963,0.023836027830839157
19,74,False,0.0,16,0.8187966346740723,0.26471972465515137,0.5548025369644165,0.023710276931524277
19,75,False,0.0,16,0.8182803392410278,0.2653282880783081,0.5546572208404541,0.023651139810681343
19,76,False,0.0,16,0.8170198202133179,0.2666451036930084,0.5547212362289429,0.023674078285694122
19,77,False,0.0,16,0.8158923387527466,0.2673984467983246,0.5547809600830078,0.023682473227381706
19,78,False,0.0,16,0.8143643140792847,0.2683115303516388,0.5548837184906006,0.02371491678059101
19,79,False,0.0,16,0.8132262229919434,0.26933711767196655,0.554914116859436,0.02373656816780567
19,80,False,0.0,16,0.8117613792419434,0.27049529552459717,0.5550886392593384,0.02380591817200184
19,81,False,0.0,16,0.8102840781211853,0.27178871631622314,0.5554006099700928,0.02393081597983837
19,82,False,0.0,16,0.8082775473594666,0.2735956609249115,0.5557515621185303,0.02408227138221264
19,83,False,0.0,16,0.8055087327957153,0.27654320001602173,0.5560203194618225,0.024197297170758247
19,84,False,0.0,16,0.8049999475479126,0.2771978974342346,0.5565277338027954,0.024344448000192642
19,85,False,0.0,16,0.8053566217422485,0.277099072933197,0.5567392110824585,0.024405626580119133
19,86,False,0.0,16,0.8061485290527344,0.2763080298900604,0.5565989017486572,0.024295667186379433
19,87,False,0.0,16,0.8064221143722534,0.27566832304000854,0.5569090843200684,0.024366231635212898
19,88,False,0.0,16,0.8061939477920532,0.2747030556201935,0.5570569038391113,0.02443641796708107
19,89,False,0.0,16,0.8059961199760437,0.27365419268608093,0.5572268962860107,0.024489637464284897
19,90,False,0.0,16,0.8062815070152283,0.27272480726242065,0.5572502613067627,0.02445290982723236
19,91,False,0.0,16,0.8067961931228638,0.27167510986328125,0.5573070049285889,0.02444317564368248
19,92,False,0.0,16,0.8081352114677429,0.27033570408821106,0.5569382905960083,0.024296721443533897
19,93,False,0.0,16,0.8096112012863159,0.2685127258300781,0.5571427345275879,0.02439902350306511
19,94,False,0.0,16,0.8098024129867554,0.26747384667396545,0.5571084022521973,0.02439703792333603
19,95,False,0.0,16,0.8096996545791626,0.2671334147453308,0.5574917793273926,0.024546941742300987
19,96,False,0.0,16,0.8090355396270752,0.2673785984516144,0.5575301647186279,0.02456296980381012
19,97,False,0.0,16,0.8084191679954529,0.26764458417892456,0.5575056076049805,0.024543780833482742
19,98,False,0.0,16,0.8081732988357544,0.26793092489242554,0.5574735403060913,0.024529412388801575
19,99,False,0.0,16,0.8081551790237427,0.26792213320732117,0.5574005842208862,0.024503447115421295
19,100,False,0.0,16,0.808489203453064,0.2675097584724426,0.5573908090591431,0.024511678144335747
19,101,False,0.0,16,0.8092753887176514,0.26699745655059814,0.5577409267425537,0.02464485540986061
19,102,False,0.0,16,0.8103668689727783,0.26593339443206787,0.5576909780502319,0.024676308035850525
19,103,False,0.0,16,0.8123866319656372,0.265202134847641,0.558147668838501,0.024805573746562004
20,0,False,0.0,0,0.7617388963699341,0.18414925038814545,0.5306611061096191,0.015340735204517841
20,1,False,0.0,1,0.8336695432662964,0.2544785439968109,0.5590499043464661,0.02504551224410534
20,2,False,0.0,2,0.8336781859397888,0.254418283700943,0.5589946508407593,0.02503129653632641
20,3,False,0.0,3,0.8337887525558472,0.25440356135368347,0.5590478181838989,0.02505495771765709
20,4,False,0.0,4,0.8335225582122803,0.2543088495731354,0.559127926826477,0.025090787559747696
20,5,False,0.0,5,0.8332754969596863,0.2540551722049713,0.5591670274734497,0.025072770193219185
20,6,False,0.0,6,0.8334037065505981,0.2539086937904358,0.5592353343963623,0.025123337283730507
20,7,False,0.0,7,0.8333574533462524,0.25379127264022827,0.5599162578582764,0.025430884212255478
20,8,False,0.0,8,0.8324815034866333,0.25422948598861694,0.5596776008605957,0.025380581617355347
20,9,False,0.0,9,0.8311948776245117,0.2550301253795624,0.5595550537109375,0.025310756638646126
20,10,False,0.0,10,0.8304497599601746,0.25580352544784546,0.5594108700752258,0.02528204768896103
20,11,False,0.0,11,0.8305641412734985,0.2559899091720581,0.5592741966247559,0.025190459564328194
20,12,False,0.0,12,0.8300718665122986,0.25633174180984497,0.5589921474456787,0.025136711075901985
20,13,False,0.0,13,0.8274776339530945,0.2576717734336853,0.5583657622337341,0.024873999878764153
20,14,False,0.0,14,0.8265564441680908,0.25841641426086426,0.558057427406311,0.024784820154309273
20,15,False,0.0,15,0.8263809084892273,0.25883132219314575,0.5588819980621338,0.025158029049634933
20,16,False,0.0,16,0.825840413570404,0.2595524489879608,0.5590366125106812,0.02526535838842392
20,17,False,0.0,16,0.8241358995437622,0.26033785939216614,0.5589873790740967,0.025219164788722992
20,18,False,0.0,16,0.8225964307785034,0.2621914744377136,0.55907142162323,0.02525564283132553
20,19,False,0.0,16,0.8213438391685486,0.2635664939880371,0.5593657493591309,0.025388281792402267
20,20,False,0.0,16,0.8197656869888306,0.26485663652420044,0.5593980550765991,0.025367174297571182
20,21,False,0.0,16,0.818358302116394,0.2663081884384155,0.5594043731689453,0.0254024900496006
20,22,False,0.0,16,0.8179150819778442,0.26718348264694214,0.5594272613525391,0.02540437877178192
20,23,False,0.0,16,0.8169988393783569,0.26805487275123596,0.5600005984306335,0.025782620534300804
20,24,False,0.0,16,0.8158289194107056,0.26867830753326416,0.5601851344108582,0.02578447014093399
20,25,False,0.0,16,0.8155706524848938,0.26871463656425476,0.5604565739631653,0.02584192343056202
20,26,False,0.0,16,0.8142781257629395,0.2682526111602783,0.560505211353302,0.025832761079072952
20,27,False,0.0,16,0.8129558563232422,0.26873889565467834,0.560725748538971,0.025887303054332733
20,28,False,0.0,16,0.8116917014122009,0.2699477970600128,0.56035315990448,0.0257223229855299
20,29,False,0.0,16,0.8105634450912476,0.2711048722267151,0.5603768825531006,0.02576933614909649
20,30,False,0.0,16,0.8102777600288391,0.2721139192581177,0.5605946183204651,0.025878319516777992
20,31,False,0.0,16,0.8100321292877197,0.272556334733963,0.5609153509140015,0.026280416175723076
20,32,False,0.0,16,0.8089666366577148,0.27337226271629333,0.5602399110794067,0.026014573872089386
20,33,False,0.0,16,0.8077707290649414,0.2753638029098511,0.5599523782730103,0.02591283991932869
20,34,False,0.0,16,0.8067740201950073,0.27625980973243713,0.560153067111969,0.02595975250005722
20,35,False,0.0,16,0.807563304901123,0.2755776047706604,0.5601385831832886,0.025930406525731087
20,36,False,0.0,16,0.8078136444091797,0.2753832936286926,0.560198187828064,0.025952380150556564
20,37,True,0.028925620019435883,16,0.8079774379730225,0.27316027879714966,0.5603165626525879,0.026191186159849167
20,38,True,0.07024793326854706,16,0.81470787525177,0.26553893089294434,0.5589826107025146,0.025499127805233
20,39,True,0.11157024651765823,16,0.814723014831543,0.26481688022613525,0.5583430528640747,0.02538907900452614
20,40,True,0.1528925597667694,16,0.8140690326690674,0.2655213177204132,0.5579912662506104,0.02520705573260784
20,41,True,0.19421488046646118,16,0.8149973750114441,0.26525795459747314,0.5580768585205078,0.02524445578455925
20,42,True,0.23553718626499176,16,0.8156595230102539,0.2650953531265259,0.5585373640060425,0.025445356965065002
20,43,True,0.27685949206352234,16,0.8153488039970398,0.26547569036483765,0.5584086179733276,0.025369370356202126
20,44,True,0.3181818127632141,16,0.8151029944419861,0.2656109929084778,0.5581989884376526,0.025281095877289772
20,45,True,0.3595041334629059,16,0.8144739866256714,0.26609137654304504,0.558049201965332,0.02518322877585888
20,46,True,0.40082645416259766,16,0.8146270513534546,0.26626771688461304,0.5579413771629333,0.02514851838350296
20,47,True,0.44214877486228943,16,0.8141238689422607,0.26628413796424866,0.5581170320510864,0.025447487831115723
20,48,True,0.4834710657596588,16,0.8140546083450317,0.26575642824172974,0.5581581592559814,0.025489404797554016
20,49,True,0.5247933864593506,16,0.8147525787353516,0.2647029757499695,0.5580191612243652,0.025460362434387207
20,50,True,0.56611567735672,16,0.8165155649185181,0.263845294713974,0.5578481554985046,0.025401730090379715
20,51,True,0.6074380278587341,16,0.8167648315429688,0.2631050646305084,0.5582573413848877,0.025566523894667625
20,52,True,0.6487603187561035,16,0.8175904750823975,0.2620275914669037,0.5578161478042603,0.025343038141727448
20,53,True,0.6900826692581177,16,0.8176881670951843,0.2617478370666504,0.5574918985366821,0.02512092888355255
20,54,True,0.7314049601554871,16,0.8184164762496948,0.26118412613868713,0.5573050379753113,0.024985581636428833
20,55,True,0.7727272510528564,16,0.8188216686248779,0.2610376179218292,0.5574799180030823,0.02512609213590622
20,56,True,0.8140496015548706,16,0.8174477815628052,0.260776162147522,0.5581569671630859,0.025457540526986122
20,57,True,0.85537189245224,16,0.8180558085441589,0.2605562210083008,0.5578835010528564,0.02528373897075653
20,58,True,0.8966942429542542,16,0.8189400434494019,0.25928375124931335,0.5576125383377075,0.02510283887386322
20,59,True,0.9380165338516235,16,0.8199082612991333,0.2590828239917755,0.5553386211395264,0.02403007633984089
20,60,True,0.9793388247489929,16,0.8200068473815918,0.2579287886619568,0.5537892580032349,0.02322331629693508
20,61,True,1.0,16,0.8202368021011353,0.25597211718559265,0.5440179109573364,0.01960950531065464
20,62,True,1.0,16,0.820676326751709,0.2554555833339691,0.5441678762435913,0.019683565944433212
20,63,True,1.0,16,0.8205347061157227,0.25579339265823364,0.5446252822875977,0.019551249220967293
20,64,True,1.0,16,0.8205289840698242,0.2558014988899231,0.54461669921875,0.019546758383512497
20,65,True,1.0,16,0.8205200433731079,0.2558126151561737,0.5446119904518127,0.019547414034605026
20,66,True,1.0,16,0.8205205202102661,0.2558155953884125,0.5446121096611023,0.01954677142202854
20,67,True,1.0,16,0.8205112218856812,0.2558175027370453,0.5446117520332336,0.019546186551451683
20,68,True,1.0,16,0.820510983467102,0.25581684708595276,0.5446113348007202,0.01954660378396511
20,69,True,1.0,16,0.8205121755599976,0.25581786036491394,0.5446105003356934,0.019545260816812515
20,70,True,1.0,16,0.820510745048523,0.2558174431324005,0.5446101427078247,0.01954592391848564
20,71,True,1.0,16,0.8203859329223633,0.25599750876426697,0.5450907945632935,0.019420666620135307
20,72,True,1.0,16,0.8203798532485962,0.25601544976234436,0.5450853109359741,0.019417747855186462
20,73,True,1.0,16,0.8203688859939575,0.25601378083229065,0.5450771450996399,0.01941845193505287
20,74,True,1.0,16,0.8203672170639038,0.25602036714553833,0.5450727939605713,0.01941726915538311
20,75,True,1.0,16,0.8203691244125366,0.25601819157600403,0.5450743436813354,0.019416503608226776
20,76,True,1.0,16,0.8203641176223755,0.2560117542743683,0.545074462890625,0.019416050985455513
20,77,True,1.0,16,0.8203679323196411,0.2560198903083801,0.5450742244720459,0.019415995106101036
20,78,True,1.0,16,0.8203662633895874,0.2560226023197174,0.5450729727745056,0.01941611059010029
20,79,True,1.0,16,0.820275068283081,0.25611886382102966,0.5454375147819519,0.019351745024323463
20,80,True,1.0,16,0.8202806711196899,0.2561120092868805,0.5454295873641968,0.019347405061125755
20,81,True,1.0,16,0.8202746510505676,0.2561076581478119,0.5454251766204834,0.019347062334418297
20,82,True,1.0,16,0.8202676177024841,0.25610819458961487,0.5454224348068237,0.019345149397850037
20,83,True,1.0,16,0.8202633261680603,0.25610727071762085,0.5454217195510864,0.019345741719007492
20,84,True,1.0,16,0.8202664256095886,0.25610095262527466,0.5454201698303223,0.019346358254551888
20,85,True,1.0,16,0.8202643394470215,0.2561170756816864,0.5454198122024536,0.019345693290233612
20,86,True,1.0,16,0.8202614188194275,0.2561086118221283,0.5454186201095581,0.019345754757523537
20,87,True,1.0,16,0.8199813961982727,0.256143718957901,0.5456591844558716,0.019277473911643028
20,88,True,1.0,16,0.8199747800827026,0.25614699721336365,0.5456529855728149,0.019274402409791946
20,89,True,1.0,16,0.8199679851531982,0.2561381459236145,0.5456509590148926,0.019274545833468437
20,90,True,1.0,16,0.8199383020401001,0.2561432719230652,0.5456494092941284,0.01927446760237217
20,91,False,0.0,16,0.8097084760665894,0.2701896131038666,0.5626133680343628,0.027312111109495163
20,92,False,0.0,16,0.8083726763725281,0.26939308643341064,0.563107430934906,0.027505075559020042
20,93,False,0.0,16,0.8086377382278442,0.26858916878700256,0.5630863904953003,0.02751106582581997
20,94,False,0.0,16,0.8089422583580017,0.26775598526000977,0.5631656050682068,0.027571367099881172
20,95,False,0.0,16,0.8088562488555908,0.2673935294151306,0.5629395246505737,0.027251068502664566
20,96,False,0.0,16,0.8088943362236023,0.26696887612342834,0.5628588199615479,0.027236439287662506
20,97,False,0.0,16,0.8086656332015991,0.26676833629608154,0.5628814101219177,0.027246475219726562
20,98,False,0.0,16,0.8085047006607056,0.26681387424468994,0.5627665519714355,0.027193337678909302
20,99,False,0.0,16,0.8087455630302429,0.26671841740608215,0.5625817775726318,0.027117153629660606
20,100,False,0.0,16,0.8092767000198364,0.266825795173645,0.5622795224189758,0.026968397200107574
20,101,False,0.0,16,0.8094435930252075,0.26746129989624023,0.5620748400688171,0.02686050906777382
20,102,False,0.0,16,0.8096000552177429,0.26844191551208496,0.5620611906051636,0.02683909609913826
20,103,False,0.0,16,0.8100496530532837,0.2694612741470337,0.5620885491371155,0.02666972391307354
20,104,False,0.0,16,0.810499906539917,0.27002763748168945,0.5619535446166992,0.026592683047056198
20,105,False,0.0,16,0.8109389543533325,0.2701317369937897,0.562131404876709,0.026676161214709282
20,106,False,0.0,16,0.8114140033721924,0.27019572257995605,0.5621761083602905,0.026715725660324097
20,107,False,0.0,16,0.8120228052139282,0.27030035853385925,0.5623883008956909,0.0268025454133749
20,108,False,0.0,16,0.813339352607727,0.27016007900238037,0.5623274445533752,0.026760071516036987
20,109,False,0.0,16,0.8146045207977295,0.26951414346694946,0.5622991323471069,0.026786724105477333
20,110,False,0.0,16,0.8152283430099487,0.268845796585083,0.5623259544372559,0.026814626529812813
20,111,False,0.0,16,0.8160111904144287,0.26870298385620117,0.561958372592926,0.026511890813708305
20,112,False,0.0,16,0.8167832493782043,0.2684856057167053,0.5621027946472168,0.026545682922005653
20,113,False,0.0,16,0.8166601657867432,0.26807305216789246,0.5623523592948914,0.026588059961795807
20,114,False,0.0,16,0.8168172240257263,0.2678951323032379,0.5623228549957275,0.026590192690491676
20,115,False,0.0,16,0.8166410326957703,0.26808789372444153,0.5622093677520752,0.026522502303123474
20,116,False,0.0,16,0.8163092136383057,0.2680993378162384,0.5622126460075378,0.026522444561123848
20,117,False,0.0,16,0.8163729906082153,0.26802727580070496,0.5622434616088867,0.026530858129262924
20,118,False,0.0,16,0.8160666227340698,0.26798006892204285,0.5624211430549622,0.026587845757603645
20,119,False,0.0,16,0.8157739639282227,0.26800063252449036,0.5620837211608887,0.026478976011276245
20,120,False,0.0,16,0.8154762983322144,0.26795312762260437,0.5619503259658813,0.026419831439852715
20,121,False,0.0,16,0.815077543258667,0.26782819628715515,0.5620536804199219,0.02644800953567028
21,0,False,0.0,0,0.7333165407180786,0.19055865705013275,0.5336343050003052,0.016379674896597862
21,1,False,0.0,1,0.8260225057601929,0.2613318860530853,0.5624175071716309,0.026603955775499344
21,2,False,0.0,2,0.826022207736969,0.26136210560798645,0.5624159574508667,0.0265961941331625
21,3,False,0.0,3,0.8258686065673828,0.2614752948284149,0.5624433755874634,0.026597224175930023
21,4,False,0.0,4,0.8261078000068665,0.26152700185775757,0.5623982548713684,0.02657601237297058
21,5,False,0.0,5,0.8260120153427124,0.2618347108364105,0.5620359182357788,0.02651316672563553
21,6,False,0.0,6,0.8258931636810303,0.2620544135570526,0.562262773513794,0.02663034200668335
21,7,False,0.0,7,0.8259222507476807,0.2620478868484497,0.5624291896820068,0.026727400720119476
21,8,False,0.0,8,0.8258654475212097,0.26196399331092834,0.5626417398452759,0.02685236744582653
21,9,False,0.0,9,0.8259341716766357,0.2619466781616211,0.5626187324523926,0.02687305398285389
21,10,False,0.0,10,0.8262585401535034,0.26197534799575806,0.5627013444900513,0.02693893201649189
21,11,False,0.0,11,0.8266313076019287,0.261606365442276,0.5625631809234619,0.026877867057919502
21,12,False,0.0,12,0.8268046379089355,0.26130661368370056,0.5626484155654907,0.026956621557474136
21,13,False,0.0,13,0.8270137906074524,0.2612440884113312,0.5622631311416626,0.026856793090701103
21,14,False,0.0,14,0.8272227048873901,0.2609875500202179,0.5624653697013855,0.027021080255508423
21,15,False,0.0,15,0.8272376656532288,0.2607992887496948,0.562518835067749,0.027040785178542137
21,16,False,0.0,16,0.8275901079177856,0.2608034610748291,0.562498152256012,0.02704956755042076
21,17,False,0.0,16,0.8276307582855225,0.2605140805244446,0.5623093843460083,0.026933075860142708
21,18,False,0.0,16,0.8274978399276733,0.26008275151252747,0.562472939491272,0.027069512754678726
21,19,False,0.0,16,0.8274967670440674,0.2598578929901123,0.5622379779815674,0.026981918141245842
21,20,False,0.0,16,0.8275395035743713,0.25973671674728394,0.5620732307434082,0.0268647912889719
21,21,False,0.0,16,0.8274016380310059,0.2600415349006653,0.5616347789764404,0.026810292154550552
21,22,False,0.0,16,0.8273106217384338,0.26021283864974976,0.5616699457168579,0.02678033709526062
21,23,False,0.0,16,0.8271197080612183,0.26039376854896545,0.5615313053131104,0.026698091998696327
21,24,False,0.0,16,0.8268419504165649,0.26065751910209656,0.5617923736572266,0.026765860617160797
21,25,False,0.0,16,0.8263895511627197,0.26129382848739624,0.5619986653327942,0.026796776801347733
21,26,False,0.0,16,0.825912594795227,0.26150840520858765,0.5620164275169373,0.026765020564198494
21,27,False,0.0,16,0.8252995610237122,0.2611006796360016,0.5620692372322083,0.026766346767544746
21,28,False,0.0,16,0.8252190351486206,0.26063600182533264,0.5621843338012695,0.02680276893079281
21,29,False,0.0,16,0.8243285417556763,0.26136040687561035,0.5621315836906433,0.026921942830085754
21,30,False,0.0,16,0.8240155577659607,0.2612845003604889,0.5622714757919312,0.02697521448135376
21,31,False,0.0,16,0.8229140639305115,0.2615450918674469,0.5624858736991882,0.027061106637120247
21,32,False,0.0,16,0.8221633434295654,0.26204556226730347,0.5627225637435913,0.027118129655718803
21,33,False,0.0,16,0.8211034536361694,0.26285994052886963,0.5623406767845154,0.026923885568976402
21,34,False,0.0,16,0.8211424350738525,0.2630917429924011,0.5622248649597168,0.02686939388513565
21,35,False,0.0,16,0.820770263671875,0.2641026973724365,0.5623522400856018,0.026943163946270943
21,36,False,0.0,16,0.8201770782470703,0.2648322880268097,0.5622283220291138,0.026886876672506332
21,37,False,0.0,16,0.8192691802978516,0.2659708261489868,0.5619040131568909,0.026878375560045242
21,38,False,0.0,16,0.8186861276626587,0.2670174241065979,0.5622294545173645,0.027013137936592102
21,39,False,0.0,16,0.8175896406173706,0.267993688583374,0.561968207359314,0.026923688128590584
21,40,False,0.0,16,0.816644549369812,0.2681872546672821,0.5620245933532715,0.02694518491625786
21,41,False,0.0,16,0.8156766891479492,0.26770150661468506,0.5620049238204956,0.02696998603641987
21,42,False,0.0,16,0.8151623010635376,0.26644203066825867,0.5619902610778809,0.027008526027202606
21,43,False,0.0,16,0.814597487449646,0.2663363218307495,0.5618240237236023,0.026909802109003067
21,44,False,0.0,16,0.8136847019195557,0.2662445902824402,0.5615451335906982,0.026798730716109276
21,45,False,0.0,16,0.8137691020965576,0.26629891991615295,0.5611904859542847,0.02671268954873085
21,46,False,0.0,16,0.8140400648117065,0.2661582827568054,0.5613749027252197,0.02676796168088913
21,47,False,0.0,16,0.813331127166748,0.2668188214302063,0.5612430572509766,0.02669563516974449
21,48,False,0.0,16,0.8123722076416016,0.268900603055954,0.561345100402832,0.026758357882499695
21,49,False,0.0,16,0.8097369074821472,0.2723032832145691,0.5612301230430603,0.026714248582720757
21,50,False,0.0,16,0.8086063861846924,0.27409303188323975,0.5611510872840881,0.026718663051724434
21,51,False,0.0,16,0.808229923248291,0.2747354209423065,0.5612344741821289,0.026750562712550163
21,52,False,0.0,16,0.8079463243484497,0.27554863691329956,0.5611549615859985,0.02672964707016945
21,53,False,0.0,16,0.8083992004394531,0.2750704884529114,0.5609279870986938,0.026685744524002075
21,54,False,0.0,16,0.8083856105804443,0.2750779390335083,0.5609048008918762,0.02665519528090954
21,55,False,0.0,16,0.8091878294944763,0.2747058570384979,0.560730516910553,0.0266101211309433
21,56,False,0.0,16,0.809821605682373,0.2737829387187958,0.5607101917266846,0.026607738807797432
21,57,False,0.0,16,0.8102468252182007,0.2731994688510895,0.5605207085609436,0.026520323008298874
21,58,False,0.0,16,0.8116236925125122,0.27177226543426514,0.5605549812316895,0.026517033576965332
21,59,False,0.0,16,0.8142075538635254,0.26927945017814636,0.5608539581298828,0.026672877371311188
21,60,False,0.0,16,0.814838171005249,0.26899510622024536,0.5609883069992065,0.026714574545621872
21,61,False,0.0,16,0.8166060447692871,0.26741865277290344,0.5609663724899292,0.026704171672463417
21,62,False,0.0,16,0.8191479444503784,0.2640364170074463,0.5611751079559326,0.026782505214214325
21,63,False,0.0,16,0.8206808567047119,0.26298901438713074,0.5614171028137207,0.026927603408694267
21,64,False,0.0,16,0.8214991092681885,0.2618323266506195,0.5614730715751648,0.02697744220495224
21,65,False,0.0,16,0.8219504952430725,0.2614170014858246,0.5615917444229126,0.027016358450055122
21,66,False,0.0,16,0.8233482837677002,0.26040753722190857,0.5613914728164673,0.026920713484287262
21,67,False,0.0,16,0.82451331615448,0.25963956117630005,0.5614956021308899,0.026969341561198235
21,68,False,0.0,16,0.8255363702774048,0.25875645875930786,0.5610607266426086,0.026823652908205986
21,69,False,0.0,16,0.825947642326355,0.2586219608783722,0.5610650777816772,0.026873821392655373
21,70,False,0.0,16,0.8261016011238098,0.25889939069747925,0.5610398650169373,0.026875436305999756
21,71,False,0.0,16,0.8266626000404358,0.2592403292655945,0.560552716255188,0.026658667251467705
21,72,False,0.0,16,0.8272558450698853,0.25950175523757935,0.5604315996170044,0.02659892477095127
21,73,False,0.0,16,0.8279037475585938,0.2594650089740753,0.5604207515716553,0.026548003777861595
21,74,False,0.0,16,0.8286914825439453,0.2593707740306854,0.5602816343307495,0.026449866592884064
21,75,False,0.0,16,0.8290659785270691,0.2592976987361908,0.5603624582290649,0.026441849768161774
21,76,False,0.0,16,0.8287546634674072,0.25945600867271423,0.5604828596115112,0.02646191418170929
21,77,False,0.0,16,0.8282217383384705,0.2594251036643982,0.5608206391334534,0.026604963466525078
21,78,False,0.0,16,0.8284709453582764,0.2591550946235657,0.5607477426528931,0.026585502550005913
21,79,False,0.0,16,0.8292170166969299,0.2590291202068329,0.5609429478645325,0.026680991053581238
21,80,False,0.0,16,0.8293063640594482,0.25899964570999146,0.5612403750419617,0.026846198365092278
21,81,False,0.0,16,0.8285542130470276,0.25933265686035156,0.5610870122909546,0.02676495723426342
21,82,False,0.0,16,0.8274977207183838,0.26006773114204407,0.5611820220947266,0.026784289628267288
21,83,False,0.0,16,0.8265448808670044,0.2606862187385559,0.5609755516052246,0.026682889088988304
21,84,False,0.0,16,0.8252232074737549,0.261448472738266,0.5611003637313843,0.02673909440636635
21,85,False,0.0,16,0.824255645275116,0.26198258996009827,0.5612417459487915,0.026737907901406288
21,86,False,0.0,16,0.8235857486724854,0.2625102698802948,0.5612204670906067,0.026730097830295563
21,87,False,0.0,16,0.8227107524871826,0.26312968134880066,0.5607659816741943,0.0265494491904974
21,88,False,0.0,16,0.8218077421188354,0.26346829533576965,0.5606800317764282,0.026500841602683067
21,89,False,0.0,16,0.8215094804763794,0.26394039392471313,0.5608724355697632,0.026454081758856773
21,90,False,0.0,16,0.8200154304504395,0.26533734798431396,0.5606578588485718,0.026252442970871925
21,91,False,0.0,16,0.8180798292160034,0.26702162623405457,0.5606976747512817,0.02631942555308342
21,92,False,0.0,16,0.8164040446281433,0.2686222195625305,0.5609513521194458,0.026393016800284386
21,93,False,0.0,16,0.8146305680274963,0.2700483500957489,0.5609629154205322,0.026225926354527473
21,94,False,0.0,16,0.8119850158691406,0.27147191762924194,0.5608458518981934,0.026173390448093414
21,95,False,0.0,16,0.8104968667030334,0.27229899168014526,0.5608697533607483,0.0262433048337698
21,96,False,0.0,16,0.8092971444129944,0.2729358673095703,0.561287522315979,0.02644495479762554
21,97,False,0.0,16,0.8088833093643188,0.27379128336906433,0.5611040592193604,0.026347462087869644
21,98,False,0.0,16,0.8083899021148682,0.2741144001483917,0.5610352754592896,0.026330970227718353
21,99,False,0.0,16,0.8082175254821777,0.27423927187919617,0.561164915561676,0.026408882811665535
21,100,False,0.0,16,0.8085227012634277,0.2738674283027649,0.5611032843589783,0.0264197438955307
21,101,False,0.0,16,0.8092243671417236,0.27339068055152893,0.5618817806243896,0.026673434302210808
21,102,False,0.0,16,0.8102443218231201,0.2728089690208435,0.5624708533287048,0.026941785588860512
21,103,False,0.0,16,0.811069130897522,0.2724302113056183,0.5627676844596863,0.027073156088590622
21,104,False,0.0,16,0.8114843964576721,0.2721896469593048,0.5629347562789917,0.027143128216266632
21,105,False,0.0,16,0.8116872310638428,0.2718389332294464,0.5629727840423584,0.027132419869303703
21,106,False,0.0,16,0.8143404722213745,0.2694016993045807,0.5630002617835999,0.027139650657773018
21,107,False,0.0,16,0.8173700571060181,0.26635992527008057,0.5630832314491272,0.027174372225999832
21,108,False,0.0,16,0.816066324710846,0.26681870222091675,0.563210129737854,0.027234630659222603
21,109,False,0.0,16,0.8161399960517883,0.2663656175136566,0.5639731287956238,0.02734222076833248
21,110,False,0.0,16,0.8157997131347656,0.2662220001220703,0.5641317367553711,0.02741084434092045
21,111,False,0.0,16,0.8154439926147461,0.26635247468948364,0.5640608668327332,0.027358798310160637
21,112,False,0.0,16,0.8153635263442993,0.2664472162723541,0.564113974571228,0.02737588621675968
21,113,False,0.0,16,0.8145972490310669,0.26712462306022644,0.5640031099319458,0.027269909158349037
21,114,False,0.0,16,0.8148818016052246,0.2671170234680176,0.5637052059173584,0.02707359381020069
21,115,False,0.0,16,0.8169538974761963,0.26566842198371887,0.5630342960357666,0.026710381731390953
21,116,False,0.0,16,0.8171913623809814,0.26597899198532104,0.5629304647445679,0.02665717899799347
21,117,False,0.0,16,0.8173602819442749,0.2659718692302704,0.5635876059532166,0.02673090249300003
21,118,False,0.0,16,0.817010760307312,0.266525000333786,0.5633296966552734,0.02663801610469818
21,119,False,0.0,16,0.8166179656982422,0.2670154869556427,0.5632176399230957,0.026608936488628387
21,120,False,0.0,16,0.8164692521095276,0.26723912358283997,0.5629866719245911,0.026526637375354767
21,121,False,0.0,16,0.8165470361709595,0.2674509882926941,0.563077449798584,0.02658676728606224
21,122,False,0.0,16,0.8167567253112793,0.2676209807395935,0.5630064606666565,0.026589054614305496
21,123,False,0.0,16,0.8168544769287109,0.26773470640182495,0.562812328338623,0.02652859129011631
21,124,False,0.0,16,0.8172400593757629,0.2677510678768158,0.5628117322921753,0.026549212634563446
21,125,False,0.0,16,0.8172551393508911,0.2678084969520569,0.5634302496910095,0.026669424027204514
22,0,False,0.0,0,0.7534409761428833,0.18659113347530365,0.5320467948913574,0.015783287584781647
22,1,False,0.0,1,0.8355144262313843,0.25418636202812195,0.5633957386016846,0.026716992259025574
22,2,False,0.0,2,0.8359463214874268,0.2532516121864319,0.5636200904846191,0.026814542710781097
22,3,False,0.0,3,0.8362847566604614,0.2523750066757202,0.5637365579605103,0.026846712455153465
22,4,False,0.0,4,0.8363250494003296,0.2519550919532776,0.5640244483947754,0.026948174461722374
22,5,False,0.0,5,0.8366037607192993,0.25161850452423096,0.5640411376953125,0.02691744826734066
22,6,False,0.0,6,0.8365347385406494,0.25160571932792664,0.5642265677452087,0.02697014808654785
22,7,False,0.0,7,0.8364503383636475,0.25205743312835693,0.564845085144043,0.02717301994562149
22,8,False,0.0,8,0.8369462490081787,0.25233519077301025,0.5645754337310791,0.027101930230855942
22,9,False,0.0,9,0.8373591899871826,0.2521306574344635,0.5646097660064697,0.027110032737255096
22,10,False,0.0,10,0.8371838927268982,0.25212374329566956,0.5644712448120117,0.0270488690584898
22,11,False,0.0,11,0.8369359970092773,0.252489298582077,0.5644387006759644,0.027049323543906212
22,12,False,0.0,12,0.8372513055801392,0.2519851624965668,0.5644128322601318,0.027041146531701088
22,13,False,0.0,13,0.837593138217926,0.2518013119697571,0.5645140409469604,0.027153708040714264
22,14,False,0.0,14,0.8374277353286743,0.2519345283508301,0.5645880699157715,0.02725493349134922
22,15,False,0.0,15,0.8369908332824707,0.2520252764225006,0.5654487609863281,0.02771870791912079
22,16,False,0.0,16,0.8356188535690308,0.2524654269218445,0.5656886100769043,0.02786293253302574
22,17,False,0.0,16,0.8352583646774292,0.2526356279850006,0.5656399726867676,0.027831057086586952
22,18,False,0.0,16,0.8344238996505737,0.2530081868171692,0.5658109188079834,0.02792290784418583
22,19,False,0.0,16,0.8341445922851562,0.25357723236083984,0.5656797289848328,0.027944514527916908
22,20,False,0.0,16,0.8331214785575867,0.2544637620449066,0.5656487941741943,0.027877163141965866
22,21,False,0.0,16,0.8330402970314026,0.2547575831413269,0.565510630607605,0.027778849005699158
22,22,False,0.0,16,0.8322598934173584,0.2550748884677887,0.5653469562530518,0.02784581296145916
22,23,False,0.0,16,0.8317974805831909,0.25498634576797485,0.5654634237289429,0.02793572098016739
22,24,False,0.0,16,0.8301568627357483,0.2553171217441559,0.5652049779891968,0.02777727134525776
22,25,False,0.0,16,0.8275219202041626,0.2567453980445862,0.5649834871292114,0.027674037963151932
22,26,False,0.0,16,0.8258500099182129,0.2575482130050659,0.5643108487129211,0.027420975267887115
22,27,False,0.0,16,0.8242926001548767,0.2590765953063965,0.5643061399459839,0.02749134972691536
22,28,False,0.0,16,0.822629451751709,0.26068800687789917,0.5644081830978394,0.027576126158237457
22,29,False,0.0,16,0.820950984954834,0.26261094212532043,0.5645085573196411,0.027622845023870468
22,30,False,0.0,16,0.8195682764053345,0.26430052518844604,0.5641738176345825,0.027488255873322487
22,31,False,0.0,16,0.8181889057159424,0.26578137278556824,0.5648804903030396,0.02778119593858719
22,32,False,0.0,16,0.8157753348350525,0.26737022399902344,0.5645096302032471,0.027563251554965973
22,33,False,0.0,16,0.8135313987731934,0.26898863911628723,0.5641660690307617,0.027378972619771957
22,34,False,0.0,16,0.8115496635437012,0.2700272500514984,0.5639494061470032,0.027296865358948708
22,35,False,0.0,16,0.8100034594535828,0.2702852487564087,0.5639039874076843,0.027291512116789818
22,36,False,0.0,16,0.8083209991455078,0.2713804244995117,0.5642415285110474,0.0273548886179924
22,37,False,0.0,16,0.8068313598632812,0.2711102366447449,0.5645459890365601,0.027426209300756454
22,38,True,0.032258063554763794,16,0.8054566383361816,0.2717609107494354,0.5645022988319397,0.027397282421588898
22,39,True,0.07258064299821854,16,0.8048819303512573,0.2728698253631592,0.5646862983703613,0.027470963075757027
22,40,True,0.11290322244167328,16,0.8041146993637085,0.2740718424320221,0.564427375793457,0.02735387533903122
22,41,True,0.15322580933570862,16,0.8024395704269409,0.27292710542678833,0.5640394687652588,0.02719816565513611
22,42,True,0.19354838132858276,16,0.8047589659690857,0.2725368142127991,0.564753532409668,0.02754904143512249
22,43,True,0.2338709682226181,16,0.8052152395248413,0.2719039022922516,0.564984142780304,0.027670420706272125
22,44,True,0.27419355511665344,16,0.8067303895950317,0.2708832621574402,0.565039873123169,0.027696814388036728
22,45,True,0.3145161271095276,16,0.8071087598800659,0.26933586597442627,0.5640954971313477,0.02722318284213543
22,46,True,0.35483869910240173,16,0.8078017830848694,0.2678391635417938,0.5646174550056458,0.027410726994276047
22,47,True,0.39516130089759827,16,0.810331404209137,0.267019659280777,0.5649743676185608,0.02738095261156559
22,48,True,0.4354838728904724,16,0.811307430267334,0.26714280247688293,0.565441906452179,0.027544094249606133
22,49,True,0.47580644488334656,16,0.8137715458869934,0.2636851966381073,0.5656979084014893,0.02765105664730072
22,50,True,0.5161290168762207,16,0.8154870867729187,0.26138052344322205,0.5657960176467896,0.027665790170431137
22,51,True,0.5564516186714172,16,0.816463828086853,0.26113635301589966,0.5654678344726562,0.027526631951332092
22,52,True,0.5967742204666138,16,0.8173714876174927,0.26080068945884705,0.5643455386161804,0.027046212926506996
22,53,True,0.6370967626571655,16,0.8172760009765625,0.261685311794281,0.5635795593261719,0.026674482971429825
22,54,True,0.6774193644523621,16,0.8181889057159424,0.26260462403297424,0.5631664991378784,0.026524236425757408
22,55,True,0.7177419066429138,16,0.8192331194877625,0.2594861388206482,0.5629755258560181,0.026420680806040764
22,56,True,0.7580645084381104,16,0.8194212913513184,0.25648149847984314,0.5629926919937134,0.026434270665049553
22,57,True,0.7983871102333069,16,0.8216605186462402,0.2551707625389099,0.5638738870620728,0.026775874197483063
22,58,True,0.8387096524238586,16,0.8231917023658752,0.2533033490180969,0.5634202361106873,0.026542555540800095
22,59,True,0.8790322542190552,16,0.8242027759552002,0.2529788017272949,0.5634208917617798,0.026544250547885895
22,60,True,0.9193548560142517,16,0.8248011469841003,0.2528133988380432,0.5618196725845337,0.025819169357419014
22,61,True,0.9596773982048035,16,0.8251158595085144,0.2521939277648926,0.5610591173171997,0.025496700778603554
22,62,True,1.0,16,0.8230959177017212,0.24935640394687653,0.5493534803390503,0.02035069465637207
22,63,True,1.0,16,0.8235741853713989,0.24880114197731018,0.549447774887085,0.020529668778181076
22,64,True,1.0,16,0.8235563039779663,0.24880149960517883,0.5494511723518372,0.020527774468064308
22,65,True,1.0,16,0.823574423789978,0.24881285429000854,0.5494545698165894,0.02052750624716282
22,66,True,1.0,16,0.8235673904418945,0.2488202452659607,0.5494542121887207,0.02052791230380535
22,67,True,1.0,16,0.8235642910003662,0.24881640076637268,0.5494552254676819,0.020528508350253105
22,68,True,1.0,16,0.8235634565353394,0.24882106482982635,0.5494553446769714,0.020528780296444893
22,69,True,1.0,16,0.8235605955123901,0.24881651997566223,0.5494551658630371,0.02052890509366989
22,70,True,1.0,16,0.8235629796981812,0.2488166242837906,0.5494554042816162,0.02052876353263855
22,71,True,1.0,16,0.823588490486145,0.24771146476268768,0.5496456623077393,0.02065490558743477
22,72,True,1.0,16,0.8235756158828735,0.24772842228412628,0.5496475696563721,0.020658159628510475
22,73,True,1.0,16,0.8235677480697632,0.24772685766220093,0.5496495366096497,0.020656907930970192
22,74,True,1.0,16,0.823572039604187,0.2477286159992218,0.5496516227722168,0.02065650001168251
22,75,True,1.0,16,0.8235682249069214,0.24772796034812927,0.5496531128883362,0.02065592259168625
22,76,True,1.0,16,0.8235682249069214,0.24772821366786957,0.5496544241905212,0.020657937973737717
22,77,True,1.0,16,0.823564887046814,0.24772945046424866,0.5496541857719421,0.020657168701291084
22,78,True,1.0,16,0.8235634565353394,0.24773135781288147,0.5496542453765869,0.020656757056713104
22,79,True,1.0,16,0.8236877918243408,0.2468680739402771,0.5499870777130127,0.020871270447969437
22,80,True,1.0,16,0.8236973285675049,0.2468813955783844,0.5499929189682007,0.020873090252280235
22,81,True,1.0,16,0.8236865997314453,0.2468932420015335,0.5499939322471619,0.020874224603176117
22,82,True,1.0,16,0.8236908912658691,0.2468951791524887,0.5499924421310425,0.020873887464404106
22,83,True,1.0,16,0.8236932754516602,0.246906578540802,0.5499928593635559,0.02087279036641121
22,84,True,1.0,16,0.823695182800293,0.24690762162208557,0.5499930381774902,0.020873356610536575
22,85,True,1.0,16,0.8236945867538452,0.24691012501716614,0.5499923825263977,0.020873645320534706
22,86,True,1.0,16,0.8236943483352661,0.24691142141819,0.5499914884567261,0.02087407000362873
22,87,True,1.0,16,0.8237378597259521,0.24658598005771637,0.5505377054214478,0.021063370630145073
22,88,True,1.0,16,0.8237537145614624,0.24662747979164124,0.5505379438400269,0.021064190194010735
22,89,True,1.0,16,0.8237559795379639,0.24664448201656342,0.5505352020263672,0.021061372011899948
22,90,True,1.0,16,0.8237498998641968,0.24665071070194244,0.5505341291427612,0.021061690524220467
22,91,True,1.0,16,0.8237529993057251,0.2466527670621872,0.5505348443984985,0.021061766892671585
22,92,True,1.0,16,0.823747992515564,0.24664920568466187,0.5505363941192627,0.021062150597572327
22,93,False,0.0,16,0.8182265758514404,0.26617181301116943,0.5676029920578003,0.028894128277897835
22,94,False,0.0,16,0.8129866123199463,0.26952192187309265,0.5678180456161499,0.029004616662859917
22,95,False,0.0,16,0.8132555484771729,0.2694011628627777,0.568044126033783,0.028940096497535706
22,96,False,0.0,16,0.8129017353057861,0.2694214880466461,0.5681806802749634,0.028978256508708
22,97,False,0.0,16,0.8119733333587646,0.26926445960998535,0.5682947635650635,0.029028374701738358
22,98,False,0.0,16,0.8114553689956665,0.2694709300994873,0.5681699514389038,0.02896861359477043
22,99,False,0.0,16,0.8107588887214661,0.2697131335735321,0.5680492520332336,0.02892743982374668
22,100,False,0.0,16,0.8096510767936707,0.27055299282073975,0.5677176713943481,0.028754660859704018
22,101,False,0.0,16,0.8087618350982666,0.2721068561077118,0.5674211978912354,0.02863169088959694
22,102,False,0.0,16,0.8084450364112854,0.27331483364105225,0.5670636892318726,0.02847597748041153
22,103,False,0.0,16,0.808091402053833,0.2737007439136505,0.5673070549964905,0.02853110246360302
22,104,False,0.0,16,0.8075686097145081,0.27384379506111145,0.5674088001251221,0.02860090509057045
22,105,False,0.0,16,0.8068550825119019,0.27408692240715027,0.5674992799758911,0.028638828545808792
22,106,False,0.0,16,0.805871844291687,0.27458134293556213,0.5670061707496643,0.028420230373740196
22,107,False,0.0,16,0.8055564165115356,0.27451688051223755,0.5667281150817871,0.028304118663072586
22,108,False,0.0,16,0.8060727715492249,0.2742421329021454,0.5665690898895264,0.028244366869330406
22,109,False,0.0,16,0.8070406317710876,0.2740190625190735,0.566521406173706,0.02823696844279766
22,110,False,0.0,16,0.8075765371322632,0.2737763822078705,0.5662015676498413,0.028098614886403084
22,111,False,0.0,16,0.8084883689880371,0.27356091141700745,0.5662150382995605,0.027883484959602356
22,112,False,0.0,16,0.8091908693313599,0.273135244846344,0.5661933422088623,0.02787385880947113
22,113,False,0.0,16,0.8098510503768921,0.2723627984523773,0.5661108493804932,0.02784970961511135
22,114,False,0.0,16,0.8108330965042114,0.2716715633869171,0.5662949681282043,0.02790934592485428
22,115,False,0.0,16,0.8118635416030884,0.2712443172931671,0.5664026737213135,0.02795223891735077
22,116,False,0.0,16,0.8131132125854492,0.2705254554748535,0.566589891910553,0.02799077145755291
22,117,False,0.0,16,0.8135167360305786,0.2701343595981598,0.5664501190185547,0.027925590053200722
22,118,False,0.0,16,0.8135266304016113,0.27007269859313965,0.5665915012359619,0.027968622744083405
22,119,False,0.0,16,0.8129602670669556,0.2699829041957855,0.566840648651123,0.027665888890624046
22,120,False,0.0,16,0.8128658533096313,0.2694545388221741,0.566943883895874,0.027699831873178482
22,121,False,0.0,16,0.8128136396408081,0.26890990138053894,0.5671197175979614,0.027771716937422752
22,122,False,0.0,16,0.8126336336135864,0.2685837149620056,0.5670433640480042,0.02772591821849346
22,123,False,0.0,16,0.8120723962783813,0.2680157423019409,0.5675742030143738,0.027950596064329147
22,124,False,0.0,16,0.8116430044174194,0.26768049597740173,0.5677065849304199,0.02805432304739952
23,0,False,0.0,0,0.7477290630340576,0.17632801830768585,0.5371105074882507,0.018486393615603447
23,1,False,0.0,1,0.8352728486061096,0.2535289525985718,0.5681798458099365,0.028551120311021805
23,2,False,0.0,2,0.8371436595916748,0.2516361474990845,0.568250298500061,0.02829432673752308
23,3,False,0.0,3,0.8378500938415527,0.25096559524536133,0.5684319734573364,0.02838989906013012
23,4,False,0.0,4,0.8379089832305908,0.2511588931083679,0.5684112310409546,0.028385689482092857
23,5,False,0.0,5,0.8372736573219299,0.2515307366847992,0.5680997967720032,0.028220854699611664
23,6,False,0.0,6,0.8368953466415405,0.2518942058086395,0.5679851770401001,0.02812482789158821
23,7,False,0.0,7,0.8367993235588074,0.25183337926864624,0.5675172805786133,0.027883926406502724
23,8,False,0.0,8,0.8367215394973755,0.25178787112236023,0.5672032833099365,0.027758747339248657
23,9,False,0.0,9,0.8365335464477539,0.2519786059856415,0.5669564008712769,0.027618473395705223
23,10,False,0.0,10,0.8360248804092407,0.2522401213645935,0.5667164325714111,0.02721642702817917
23,11,False,0.0,11,0.8356224894523621,0.2525237202644348,0.5666784048080444,0.027217822149395943
23,12,False,0.0,12,0.8355763554573059,0.2525753378868103,0.5667767524719238,0.027270596474409103
23,13,False,0.0,13,0.835236132144928,0.2527567148208618,0.5668530464172363,0.027328141033649445
23,14,False,0.0,14,0.8344364166259766,0.2531398832798004,0.5670754909515381,0.027403617277741432
23,15,False,0.0,15,0.8338042497634888,0.2534714341163635,0.5673205852508545,0.027506791055202484
23,16,False,0.0,16,0.8333525657653809,0.25384238362312317,0.5674558877944946,0.02751137688755989
23,17,False,0.0,16,0.8327285051345825,0.25426480174064636,0.5675734281539917,0.027571022510528564
23,18,False,0.0,16,0.8323413133621216,0.2548265755176544,0.5675227046012878,0.027362624183297157
23,19,False,0.0,16,0.8312346935272217,0.2553684711456299,0.56744384765625,0.027288271114230156
23,20,False,0.0,16,0.8295671343803406,0.2559622824192047,0.5672122836112976,0.027158210054039955
23,21,False,0.0,16,0.8284378051757812,0.25695154070854187,0.5671254396438599,0.027141809463500977
23,22,False,0.0,16,0.8277833461761475,0.2575390934944153,0.5670135021209717,0.02713390812277794
23,23,False,0.0,16,0.8255897164344788,0.25899696350097656,0.5667322278022766,0.02707195095717907
23,24,False,0.0,16,0.8241339325904846,0.25965189933776855,0.566787838935852,0.027101021260023117
23,25,False,0.0,16,0.823387622833252,0.26053664088249207,0.5665993094444275,0.02705332078039646
23,26,False,0.0,16,0.8224990367889404,0.2612302005290985,0.5671635866165161,0.02720649354159832
23,27,False,0.0,16,0.8215234875679016,0.26213350892066956,0.5675215721130371,0.027309583500027657
23,28,False,0.0,16,0.8206050395965576,0.2631533145904541,0.5676451921463013,0.027295643463730812
23,29,False,0.0,16,0.8189699649810791,0.2642475366592407,0.5679066777229309,0.027319656684994698
23,30,False,0.0,16,0.8177353143692017,0.2648646831512451,0.5686912536621094,0.027616657316684723
23,31,False,0.0,16,0.8163652420043945,0.26553666591644287,0.5694055557250977,0.027837060391902924
23,32,False,0.0,16,0.8164265155792236,0.2648564875125885,0.5697635412216187,0.02799055352807045
23,33,False,0.0,16,0.8162062168121338,0.2645266056060791,0.5692144632339478,0.027760079130530357
23,34,False,0.0,16,0.8154469132423401,0.2646673917770386,0.5688490867614746,0.02770058810710907
23,35,False,0.0,16,0.8140489459037781,0.2649631202220917,0.5687655806541443,0.02771303988993168
23,36,False,0.0,16,0.8133547306060791,0.2648313343524933,0.5690878629684448,0.027889441698789597
23,37,False,0.0,16,0.8131967782974243,0.2649146616458893,0.5687974691390991,0.027823030948638916
23,38,False,0.0,16,0.8129356503486633,0.26629096269607544,0.568254292011261,0.027632322162389755
23,39,False,0.0,16,0.8133084774017334,0.266287237405777,0.5675578117370605,0.02737521566450596
23,40,False,0.0,16,0.8131221532821655,0.2652973234653473,0.5676836967468262,0.027384797111153603
23,41,False,0.0,16,0.8138332366943359,0.2645972669124603,0.5671466588973999,0.027131205424666405
23,42,False,0.0,16,0.8138920068740845,0.2642366588115692,0.566756010055542,0.027062810957431793
23,43,True,0.024822695180773735,16,0.8137192726135254,0.2641880214214325,0.5666641592979431,0.026975804939866066
23,44,True,0.060283686965703964,16,0.8143539428710938,0.26169827580451965,0.5663360357284546,0.026802994310855865
23,45,True,0.09574468433856964,16,0.8154333233833313,0.2598124146461487,0.5664471983909607,0.02679668366909027
23,46,True,0.13120567798614502,16,0.8166413307189941,0.2562808692455292,0.5663546323776245,0.02665233425796032
23,47,True,0.1666666716337204,16,0.8221039772033691,0.253194659948349,0.5655063390731812,0.026237882673740387
23,48,True,0.20212766528129578,16,0.8236881494522095,0.2512773871421814,0.5650386810302734,0.026031555607914925
23,49,True,0.23758865892887115,16,0.8217504024505615,0.25196748971939087,0.5654592514038086,0.026176944375038147
23,50,True,0.27304965257644653,16,0.8209584951400757,0.25320199131965637,0.5652675628662109,0.02610865794122219
23,51,True,0.3085106313228607,16,0.8208779096603394,0.2523869276046753,0.5659865140914917,0.0264012161642313
23,52,True,0.3439716398715973,16,0.8211932182312012,0.25236788392066956,0.5657651424407959,0.026280639693140984
23,53,True,0.3794326186180115,16,0.8210232257843018,0.25262102484703064,0.565889298915863,0.026297198608517647
23,54,True,0.41489362716674805,16,0.8221237063407898,0.2519645392894745,0.5656262636184692,0.026190029457211494
23,55,True,0.45035460591316223,16,0.823566198348999,0.2525821626186371,0.5650652647018433,0.02596627175807953
23,56,True,0.4858156144618988,16,0.8248174786567688,0.2524747848510742,0.5641152262687683,0.025591528043150902
23,57,True,0.521276593208313,16,0.8244457244873047,0.25194913148880005,0.5630306005477905,0.025154000148177147
23,58,True,0.5567376017570496,16,0.8255610466003418,0.25171664357185364,0.5618331432342529,0.024598250165581703
23,59,True,0.5921986103057861,16,0.8244673013687134,0.2512233257293701,0.5624713897705078,0.02485605888068676
23,60,True,0.6276595592498779,16,0.8239986896514893,0.25166136026382446,0.561637282371521,0.024555513635277748
23,61,True,0.6631205677986145,16,0.8233352899551392,0.2534034252166748,0.5611639022827148,0.024381617084145546
23,62,True,0.6985815763473511,16,0.8219799995422363,0.253707617521286,0.5616034865379333,0.02450416050851345
23,63,True,0.7340425252914429,16,0.8223901391029358,0.2530055046081543,0.561324954032898,0.024356553331017494
23,64,True,0.7695035338401794,16,0.8223598003387451,0.25452569127082825,0.5606482028961182,0.024078452959656715
23,65,True,0.804964542388916,16,0.8215035200119019,0.2533506453037262,0.5614657402038574,0.024398621171712875
23,66,True,0.8404255509376526,16,0.8219640254974365,0.25333428382873535,0.5611064434051514,0.024190258234739304
23,67,True,0.8758864998817444,16,0.8219810128211975,0.25336968898773193,0.5604442358016968,0.023885468021035194
23,68,True,0.911347508430481,16,0.8220923542976379,0.2525936961174011,0.5599693655967712,0.023648640140891075
23,69,True,0.9468085169792175,16,0.821712076663971,0.25270548462867737,0.5588953495025635,0.023164836689829826
23,70,True,0.9822695255279541,16,0.8212785720825195,0.2527373433113098,0.557274580001831,0.02250952646136284
23,71,True,1.0,16,0.8205764293670654,0.2530386447906494,0.547024667263031,0.01952667161822319
23,72,True,1.0,16,0.8206082582473755,0.2523435354232788,0.5472121834754944,0.01956595852971077
23,73,True,1.0,16,0.8206082582473755,0.2523435354232788,0.5472121834754944,0.01956595852971077
23,74,True,1.0,16,0.8206678628921509,0.25170615315437317,0.5465413331985474,0.019479727372527122
23,75,True,1.0,16,0.820650041103363,0.25173670053482056,0.5465409755706787,0.019479865208268166
23,76,True,1.0,16,0.8206544518470764,0.2517598867416382,0.5465397834777832,0.019479693844914436
23,77,True,1.0,16,0.8206529021263123,0.2517627775669098,0.5465395450592041,0.019480345770716667
23,78,True,1.0,16,0.8206495642662048,0.25175702571868896,0.5465387105941772,0.01947927661240101
23,79,True,1.0,16,0.8206461071968079,0.25176313519477844,0.5465385913848877,0.01947917602956295
23,80,True,1.0,16,0.8206513524055481,0.2517489194869995,0.5465381145477295,0.019478689879179
23,81,True,1.0,16,0.8206506371498108,0.2517643868923187,0.5465376377105713,0.019479146227240562
23,82,True,1.0,16,0.8209930062294006,0.24997511506080627,0.5460506677627563,0.01950191706418991
23,83,True,1.0,16,0.820996105670929,0.25003764033317566,0.546049952507019,0.019499342888593674
23,84,True,1.0,16,0.8209795355796814,0.25005874037742615,0.5460493564605713,0.01949990913271904
23,85,True,1.0,16,0.8209773898124695,0.2500574290752411,0.5460504293441772,0.01949947513639927
23,86,True,1.0,16,0.820977509021759,0.2500610053539276,0.5460500121116638,0.019500721246004105
23,87,True,1.0,16,0.8209694027900696,0.25005871057510376,0.546051025390625,0.019500169903039932
23,88,True,1.0,16,0.820967972278595,0.2500675618648529,0.5460510849952698,0.01949940249323845
23,89,True,1.0,16,0.8209741711616516,0.25006771087646484,0.5460501909255981,0.019500212743878365
23,90,True,1.0,16,0.8212719559669495,0.24744300544261932,0.5458532571792603,0.01958882249891758
23,91,True,1.0,16,0.8212857842445374,0.24749495089054108,0.5458579659461975,0.019585924223065376
23,92,True,1.0,16,0.8212780952453613,0.24750012159347534,0.5458557605743408,0.019587824121117592
23,93,True,1.0,16,0.8212679028511047,0.2475408911705017,0.5458556413650513,0.019585194066166878
23,94,True,1.0,16,0.8212748765945435,0.2475622296333313,0.5458551645278931,0.019586101174354553
23,95,True,1.0,16,0.8212721347808838,0.2475563883781433,0.5458540916442871,0.01958630420267582
23,96,True,1.0,16,0.8212704658508301,0.24755749106407166,0.5458546876907349,0.01958652399480343
23,97,True,1.0,16,0.8212690353393555,0.2475554645061493,0.5458542108535767,0.01958594098687172
23,98,True,1.0,16,0.8211740255355835,0.24358364939689636,0.546107292175293,0.01964833028614521
23,99,True,1.0,16,0.8211885690689087,0.24367043375968933,0.5461028814315796,0.01964549906551838
23,100,True,1.0,16,0.8211959600448608,0.24367709457874298,0.5461035966873169,0.019643157720565796
23,101,True,1.0,16,0.8212014436721802,0.2436980903148651,0.5461019277572632,0.0196421779692173
23,102,True,1.0,16,0.8212062120437622,0.24370037019252777,0.5461009740829468,0.019643228501081467
23,103,True,1.0,16,0.8211992979049683,0.24370695650577545,0.5461006164550781,0.019644135609269142
23,104,True,1.0,16,0.8211995363235474,0.24370074272155762,0.5461004972457886,0.019642774015665054
23,105,True,1.0,16,0.8211990594863892,0.24369840323925018,0.5461013317108154,0.019642246887087822
23,106,False,0.0,16,0.8107928037643433,0.2739555537700653,0.5624144077301025,0.025081932544708252
23,107,False,0.0,16,0.8057374358177185,0.27595987915992737,0.5625938177108765,0.025139732286334038
23,108,False,0.0,16,0.8056184649467468,0.27559277415275574,0.5625642538070679,0.025133302435278893
23,109,False,0.0,16,0.8060547113418579,0.27546197175979614,0.5625839233398438,0.025164589285850525
23,110,False,0.0,16,0.806481122970581,0.2755393087863922,0.5625947713851929,0.025179849937558174
23,111,False,0.0,16,0.806183934211731,0.27548885345458984,0.562807559967041,0.025271466001868248
23,112,False,0.0,16,0.8063534498214722,0.27482807636260986,0.562930166721344,0.02538161911070347
23,113,False,0.0,16,0.8064240217208862,0.27417024970054626,0.5630766153335571,0.025449639186263084
23,114,False,0.0,16,0.8061184287071228,0.27397745847702026,0.5629280209541321,0.0254242941737175
23,115,False,0.0,16,0.805915355682373,0.27349328994750977,0.5626341700553894,0.02533644437789917
23,116,False,0.0,16,0.8058269023895264,0.273088663816452,0.562528669834137,0.02531297132372856
23,117,False,0.0,16,0.8058980703353882,0.2730237543582916,0.5625481605529785,0.025317436084151268
23,118,False,0.0,16,0.8057271838188171,0.27311766147613525,0.5626996159553528,0.02537190169095993
23,119,False,0.0,16,0.8051334619522095,0.2729031443595886,0.562669038772583,0.025378411635756493
23,120,False,0.0,16,0.8048136234283447,0.27278637886047363,0.5627000331878662,0.025371123105287552
23,121,False,0.0,16,0.8049578666687012,0.2728075683116913,0.5625573992729187,0.025336317718029022
23,122,False,0.0,16,0.8051555156707764,0.27290618419647217,0.5627723932266235,0.025371067225933075
23,123,False,0.0,16,0.8053103685379028,0.273037314414978,0.5626795291900635,0.025309322401881218
23,124,False,0.0,16,0.8060719966888428,0.27304762601852417,0.5627306699752808,0.025311989709734917
23,125,False,0.0,16,0.8073452711105347,0.271716833114624,0.5626854300498962,0.02520786039531231
23,126,False,0.0,16,0.8088123798370361,0.27087855339050293,0.5628860592842102,0.025210369378328323
23,127,False,0.0,16,0.809761106967926,0.2706342339515686,0.5632819533348083,0.02532496675848961
23,128,False,0.0,16,0.8102971315383911,0.27056440711021423,0.5631362199783325,0.025259556248784065
23,129,False,0.0,16,0.809552788734436,0.27089887857437134,0.5632823705673218,0.02529633231461048
23,130,False,0.0,16,0.8100007772445679,0.27115458250045776,0.5638890266418457,0.025555426254868507
23,131,False,0.0,16,0.8106516599655151,0.2715050280094147,0.563948392868042,0.025575846433639526
23,132,False,0.0,16,0.8103077411651611,0.2719695568084717,0.5640368461608887,0.02558080106973648
23,133,False,0.0,16,0.8103495836257935,0.27188774943351746,0.5642426609992981,0.025637714192271233
23,134,False,0.0,16,0.8112753629684448,0.27133408188819885,0.5642951130867004,0.025653623044490814
23,135,False,0.0,16,0.8119601607322693,0.270709365606308,0.5642012357711792,0.025597142055630684
23,136,False,0.0,16,0.8122526407241821,0.26971369981765747,0.5642270445823669,0.02557850256562233
23,137,False,0.0,16,0.8118325471878052,0.2693535387516022,0.5644536018371582,0.025655031204223633
23,138,False,0.0,16,0.8110395073890686,0.2695058584213257,0.5651752948760986,0.02595415897667408
23,139,False,0.0,16,0.8103092312812805,0.268435537815094,0.5651883482933044,0.025940388441085815
23,140,False,0.0,16,0.8110841512680054,0.2682558596134186,0.5651755332946777,0.02592184953391552
23,141,False,0.0,16,0.8109433650970459,0.2682708203792572,0.5647271871566772,0.025744695216417313
24,0,False,0.0,0,0.7237613201141357,0.18132588267326355,0.5322695374488831,0.014858581125736237
24,1,False,0.0,1,0.8318183422088623,0.253738671541214,0.5647765398025513,0.025764059275388718
24,2,False,0.0,2,0.8316174745559692,0.2536638379096985,0.5647962093353271,0.02577189914882183
24,3,False,0.0,3,0.832190990447998,0.2529321312904358,0.5647553205490112,0.02574470266699791
24,4,False,0.0,4,0.8353667259216309,0.25104641914367676,0.5656403303146362,0.026167839765548706
24,5,False,0.0,5,0.8360806703567505,0.25100117921829224,0.5654323101043701,0.026126237586140633
24,6,False,0.0,6,0.8361561298370361,0.25104066729545593,0.5656155347824097,0.026176340878009796
24,7,False,0.0,7,0.8356993198394775,0.25130394101142883,0.5657702684402466,0.02624446153640747
24,8,False,0.0,8,0.8357894420623779,0.2514837086200714,0.5661149024963379,0.026355022564530373
24,9,False,0.0,9,0.8362044095993042,0.25164976716041565,0.5663378834724426,0.026468612253665924
24,10,False,0.0,10,0.8363386392593384,0.25126615166664124,0.5662764310836792,0.026532817631959915
24,11,False,0.0,11,0.8365326523780823,0.2510850131511688,0.5658200979232788,0.026459582149982452
24,12,False,0.0,12,0.837041437625885,0.2509610950946808,0.566075325012207,0.026661613956093788
24,13,False,0.0,13,0.8365283012390137,0.25099101662635803,0.565849781036377,0.026620512828230858
24,14,False,0.0,14,0.8356345891952515,0.25136786699295044,0.5657335519790649,0.026581715792417526
24,15,False,0.0,15,0.8355565667152405,0.25132864713668823,0.5655943751335144,0.02653481438755989
24,16,False,0.0,16,0.8353836536407471,0.25182998180389404,0.5654482841491699,0.026504142209887505
24,17,False,0.0,16,0.8343878984451294,0.252702921628952,0.5655449628829956,0.02657216787338257
24,18,False,0.0,16,0.8337637186050415,0.25383317470550537,0.5656988024711609,0.02664141356945038
24,19,False,0.0,16,0.833984375,0.2536773681640625,0.5652338266372681,0.026522696018218994
24,20,False,0.0,16,0.8335949182510376,0.2544025182723999,0.5664589405059814,0.026882683858275414
24,21,False,0.0,16,0.8327322602272034,0.2556108832359314,0.5662845373153687,0.02677956037223339
24,22,False,0.0,16,0.8333036303520203,0.25549614429473877,0.5662050247192383,0.026766272261738777
24,23,False,0.0,16,0.8325957655906677,0.25609496235847473,0.5661519765853882,0.026731526479125023
24,24,False,0.0,16,0.8316521048545837,0.25702276825904846,0.5663920640945435,0.026837855577468872
24,25,False,0.0,16,0.8288435339927673,0.2592516243457794,0.5664775371551514,0.026901859790086746
24,26,False,0.0,16,0.8282676935195923,0.25987911224365234,0.5667468309402466,0.026989394798874855
24,27,False,0.0,16,0.8249645233154297,0.2611846625804901,0.5665908455848694,0.02692740224301815
24,28,False,0.0,16,0.8226263523101807,0.2626560926437378,0.5675544738769531,0.027373291552066803
24,29,False,0.0,16,0.8208418488502502,0.26364773511886597,0.5678989887237549,0.027416691184043884
24,30,False,0.0,16,0.8198020458221436,0.2645328938961029,0.5681851506233215,0.027503270655870438
24,31,False,0.0,16,0.8183431029319763,0.26676902174949646,0.5685492753982544,0.0276208333671093
24,32,False,0.0,16,0.8166806697845459,0.26857855916023254,0.5689197778701782,0.02770037017762661
24,33,False,0.0,16,0.8146376609802246,0.2708253264427185,0.5685215592384338,0.027498623356223106
24,34,False,0.0,16,0.8140907287597656,0.2709108293056488,0.5683339834213257,0.02740795724093914
24,35,False,0.0,16,0.8136327266693115,0.2704905569553375,0.5684664249420166,0.027388732880353928
24,36,False,0.0,16,0.8132200241088867,0.2709038257598877,0.5686604976654053,0.027495436370372772
24,37,False,0.0,16,0.8123419880867004,0.2715933918952942,0.5685039162635803,0.02739715948700905
24,38,False,0.0,16,0.8103386163711548,0.27247750759124756,0.5685352683067322,0.02741970494389534
24,39,False,0.0,16,0.8100087642669678,0.27210044860839844,0.5686600208282471,0.027478374540805817
24,40,False,0.0,16,0.8108174800872803,0.2707298994064331,0.568333625793457,0.02730332873761654
24,41,False,0.0,16,0.8122258186340332,0.2689686715602875,0.5685978531837463,0.02736850269138813
24,42,True,0.021739130839705467,16,0.8138011693954468,0.26685288548469543,0.5681220293045044,0.027227958664298058
24,43,True,0.05797101557254791,16,0.8146684169769287,0.2658342123031616,0.5684794187545776,0.027306372299790382
24,44,True,0.09420289844274521,16,0.8152065277099609,0.26523640751838684,0.5684612393379211,0.02741245925426483
24,45,True,0.1304347813129425,16,0.8153663873672485,0.26498281955718994,0.568243145942688,0.02730863355100155
24,46,True,0.1666666716337204,16,0.8156843185424805,0.2638551890850067,0.5682762861251831,0.02726893313229084
24,47,True,0.2028985470533371,16,0.8156845569610596,0.2632846534252167,0.5686427354812622,0.02735145203769207
24,48,True,0.239130437374115,16,0.8155885338783264,0.26266172528266907,0.5691102743148804,0.027518535032868385
24,49,True,0.2753623127937317,16,0.8153759241104126,0.2633264362812042,0.5686011910438538,0.027295580133795738
24,50,True,0.3115941882133484,16,0.8136491179466248,0.26692381501197815,0.5681043267250061,0.027059519663453102
24,51,True,0.3478260934352875,16,0.8119521141052246,0.2690155506134033,0.5677451491355896,0.02691972628235817
24,52,True,0.3840579688549042,16,0.8106552362442017,0.27024519443511963,0.5682622194290161,0.02739322930574417
24,53,True,0.4202898442745209,16,0.8111337423324585,0.2696417570114136,0.56812584400177,0.0273149274289608
24,54,True,0.45652174949645996,16,0.8115143775939941,0.2693879008293152,0.5680519938468933,0.02725132741034031
24,55,True,0.49275362491607666,16,0.8116762042045593,0.2698777914047241,0.5674329996109009,0.027064746245741844
24,56,True,0.5289855003356934,16,0.8120874166488647,0.26876622438430786,0.5666259527206421,0.026738766580820084
24,57,True,0.5652173757553101,16,0.8123724460601807,0.2688077390193939,0.5670870542526245,0.026928439736366272
24,58,True,0.6014492511749268,16,0.8139549493789673,0.2644486725330353,0.565453290939331,0.02630525641143322
24,59,True,0.6376811861991882,16,0.8155663013458252,0.2607743740081787,0.563946008682251,0.02568967081606388
24,60,True,0.6739130616188049,16,0.8166394233703613,0.26009175181388855,0.5640857219696045,0.025853371247649193
24,61,True,0.7101449370384216,16,0.8165879249572754,0.26090431213378906,0.5639446973800659,0.025827547535300255
24,62,True,0.7463768124580383,16,0.8160930871963501,0.2608025372028351,0.5645036697387695,0.02601449377834797
24,63,True,0.782608687877655,16,0.8161067366600037,0.25860223174095154,0.5648642182350159,0.02611735835671425
24,64,True,0.8188405632972717,16,0.8191350698471069,0.2547161281108856,0.5644758343696594,0.02589316852390766
24,65,True,0.8550724387168884,16,0.8200893402099609,0.25093692541122437,0.5646750926971436,0.026009028777480125
24,66,True,0.8913043737411499,16,0.8204818964004517,0.25031065940856934,0.5643612742424011,0.025831446051597595
24,67,True,0.9275362491607666,16,0.81993567943573,0.2514702081680298,0.5637754201889038,0.025549573823809624
24,68,True,0.9637681245803833,16,0.8212267160415649,0.2499496042728424,0.562350869178772,0.02489638514816761
24,69,True,1.0,16,0.8213105201721191,0.24535703659057617,0.547295093536377,0.019638262689113617
24,70,True,1.0,16,0.8214583396911621,0.24482226371765137,0.5474321842193604,0.019666241481900215
24,71,True,1.0,16,0.8214583396911621,0.24482226371765137,0.5474321842193604,0.019666241481900215
24,72,True,1.0,16,0.8214583396911621,0.24482226371765137,0.5474321842193604,0.019666241481900215
24,73,True,1.0,16,0.8214583396911621,0.24482226371765137,0.5474321842193604,0.019666241481900215
24,74,True,1.0,16,0.8214583396911621,0.24482226371765137,0.5474321842193604,0.019666241481900215
24,75,True,1.0,16,0.8214583396911621,0.24482226371765137,0.5474321842193604,0.019666241481900215
24,76,True,1.0,16,0.8215752840042114,0.2444751262664795,0.5476495027542114,0.01968720741569996
24,77,True,1.0,16,0.8215764760971069,0.2444697767496109,0.5476494431495667,0.019685542210936546
24,78,True,1.0,16,0.8215800523757935,0.24446940422058105,0.5476490259170532,0.019685029983520508
24,79,True,1.0,16,0.8215795755386353,0.2444707751274109,0.5476482510566711,0.019684744998812675
24,80,True,1.0,16,0.8215802907943726,0.24447154998779297,0.5476491451263428,0.01968439668416977
24,81,True,1.0,16,0.8215793371200562,0.24446874856948853,0.5476497411727905,0.01968509890139103
24,82,True,1.0,16,0.8215755224227905,0.24446740746498108,0.5476495623588562,0.01968606747686863
24,83,True,1.0,16,0.8215783834457397,0.2444681078195572,0.5476491451263428,0.019686102867126465
24,84,True,1.0,16,0.8217857480049133,0.2434779405593872,0.54836106300354,0.01984451711177826
24,85,True,1.0,16,0.8217931389808655,0.24347971379756927,0.5483598113059998,0.019844189286231995
24,86,True,1.0,16,0.8217957615852356,0.2434764951467514,0.5483603477478027,0.01984390988945961
24,87,True,1.0,16,0.8217998147010803,0.24348720908164978,0.5483585596084595,0.01984512433409691
24,88,True,1.0,16,0.8217987418174744,0.24348758161067963,0.5483570694923401,0.019843820482492447
24,89,True,1.0,16,0.8217987418174744,0.24348759651184082,0.5483587384223938,0.019844939932227135
24,90,True,1.0,16,0.8217970728874207,0.24348554015159607,0.5483582615852356,0.01984400674700737
24,91,True,1.0,16,0.8217996954917908,0.24348372220993042,0.5483583807945251,0.019843822345137596
24,92,True,1.0,16,0.8218834400177002,0.24346916377544403,0.5494962334632874,0.02010437659919262
24,93,True,1.0,16,0.8218892812728882,0.243433877825737,0.5494948625564575,0.020102258771657944
24,94,True,1.0,16,0.8219001293182373,0.24344120919704437,0.5494920015335083,0.020103976130485535
24,95,True,1.0,16,0.821900486946106,0.24343882501125336,0.5494906306266785,0.020103581249713898
24,96,True,1.0,16,0.8218954801559448,0.24344728887081146,0.5494920611381531,0.020104896277189255
24,97,True,1.0,16,0.8219033479690552,0.2434464693069458,0.5494908094406128,0.020103491842746735
24,98,True,1.0,16,0.8218953609466553,0.2434476912021637,0.5494899749755859,0.02010432817041874
24,99,True,1.0,16,0.8219025135040283,0.24344199895858765,0.5494905114173889,0.02010427974164486
24,100,True,1.0,16,0.8218847513198853,0.24495752155780792,0.5509672164916992,0.02038598619401455
24,101,True,1.0,16,0.8218798637390137,0.24490347504615784,0.5509711503982544,0.020385516807436943
24,102,True,1.0,16,0.8218872547149658,0.24489180743694305,0.5509749054908752,0.020385557785630226
24,103,True,1.0,16,0.8218896389007568,0.244864821434021,0.5509738922119141,0.020385337993502617
24,104,False,0.0,16,0.8125077486038208,0.27461081743240356,0.5672774314880371,0.02746760845184326
24,105,False,0.0,16,0.8090723752975464,0.27536556124687195,0.5671414136886597,0.02747085876762867
24,106,False,0.0,16,0.8097288012504578,0.2745139002799988,0.5666244626045227,0.027248401194810867
24,107,False,0.0,16,0.8099929690361023,0.2740367650985718,0.566376805305481,0.027166087180376053
24,108,False,0.0,16,0.8107910752296448,0.27396413683891296,0.5664435625076294,0.02713804319500923
24,109,False,0.0,16,0.8110215663909912,0.2736753821372986,0.5666223764419556,0.02721327729523182
24,110,False,0.0,16,0.8105101585388184,0.27383357286453247,0.5670841932296753,0.027332104742527008
24,111,False,0.0,16,0.8094878196716309,0.2740272879600525,0.5673537254333496,0.027428023517131805
24,112,False,0.0,16,0.8087154626846313,0.2741162180900574,0.5673086643218994,0.02738131955265999
24,113,False,0.0,16,0.8075461983680725,0.27445271611213684,0.5674291253089905,0.027412744238972664
24,114,False,0.0,16,0.8066601753234863,0.2748575806617737,0.5678398013114929,0.02759242244064808
24,115,False,0.0,16,0.8057885766029358,0.27494052052497864,0.568189263343811,0.027711912989616394
24,116,False,0.0,16,0.8054631352424622,0.27502715587615967,0.5685602426528931,0.027725692838430405
24,117,False,0.0,16,0.8052148818969727,0.27473026514053345,0.5687995553016663,0.027797460556030273
24,118,False,0.0,16,0.8047761917114258,0.27455028891563416,0.568841814994812,0.02781989984214306
24,119,False,0.0,16,0.804714560508728,0.2745119035243988,0.5690549612045288,0.027924668043851852
24,120,False,0.0,16,0.8050587177276611,0.27470555901527405,0.569171667098999,0.027977054938673973
24,121,False,0.0,16,0.8054865598678589,0.27503135800361633,0.5691708922386169,0.027973446995019913
24,122,False,0.0,16,0.8058133721351624,0.2749789357185364,0.5695071220397949,0.028139732778072357
24,123,False,0.0,16,0.8068698644638062,0.27444541454315186,0.5693461894989014,0.028073308989405632
24,124,False,0.0,16,0.8078981637954712,0.2738659977912903,0.5697109699249268,0.028156016021966934
24,125,False,0.0,16,0.8088544607162476,0.2734552323818207,0.5698550343513489,0.02823226898908615
24,126,False,0.0,16,0.8103890419006348,0.27243712544441223,0.5700249671936035,0.028285739943385124
24,127,False,0.0,16,0.8113858699798584,0.2719615697860718,0.5702465772628784,0.028384709730744362
24,128,False,0.0,16,0.8115800619125366,0.27145230770111084,0.5702396631240845,0.02837405540049076
24,129,False,0.0,16,0.8108620643615723,0.2708365023136139,0.5699722170829773,0.02827025018632412
24,130,False,0.0,16,0.8109738230705261,0.2708921730518341,0.5695257782936096,0.02803616411983967
24,131,False,0.0,16,0.8126453161239624,0.2709617018699646,0.569195032119751,0.027865519747138023
24,132,False,0.0,16,0.8136107921600342,0.27107080817222595,0.5695769786834717,0.027893081307411194
24,133,False,0.0,16,0.8137829899787903,0.2710750997066498,0.5697898864746094,0.0279899463057518
24,134,False,0.0,16,0.8143761157989502,0.27077698707580566,0.5697174072265625,0.027986673638224602
24,135,False,0.0,16,0.8144173622131348,0.2708277106285095,0.5697053670883179,0.02798592858016491
24,136,False,0.0,16,0.8145992755889893,0.2706926167011261,0.5695481300354004,0.02797243371605873
24,137,False,0.0,16,0.8145062923431396,0.2707504630088806,0.569438099861145,0.027959566563367844
24,138,False,0.0,16,0.8140817284584045,0.27090415358543396,0.5694143176078796,0.027987126260995865
25,0,False,0.0,0,0.753509521484375,0.17392587661743164,0.5373271703720093,0.018155457451939583
25,1,False,0.0,1,0.8374180197715759,0.2537240982055664,0.5712786912918091,0.02906719408929348
25,2,False,0.0,2,0.8378655910491943,0.2535266876220703,0.571247398853302,0.02908720262348652
25,3,False,0.0,3,0.8385912179946899,0.2529017925262451,0.571271538734436,0.029087243601679802
25,4,False,0.0,4,0.8400936126708984,0.2515738010406494,0.5714181661605835,0.029153145849704742
25,5,False,0.0,5,0.8400753736495972,0.25145503878593445,0.5715926885604858,0.029217969626188278
25,6,False,0.0,6,0.84016352891922,0.2515116333961487,0.5716254711151123,0.02923806756734848
25,7,False,0.0,7,0.8395776748657227,0.2517227828502655,0.5715270042419434,0.029210753738880157
25,8,False,0.0,8,0.8400262594223022,0.2515622079372406,0.5711132287979126,0.029056649655103683
25,9,False,0.0,9,0.8399130702018738,0.25170662999153137,0.5705339908599854,0.028625156730413437
25,10,False,0.0,10,0.8408122658729553,0.2514592111110687,0.5702515840530396,0.02852359600365162
25,11,False,0.0,11,0.8413752913475037,0.25157415866851807,0.5703362226486206,0.028550321236252785
25,12,False,0.0,12,0.8416570425033569,0.25152212381362915,0.5703850984573364,0.028595631942152977
25,13,False,0.0,13,0.8412669897079468,0.25192388892173767,0.5705142021179199,0.02863791584968567
25,14,False,0.0,14,0.8404985666275024,0.25262725353240967,0.5704279541969299,0.028606628999114037
25,15,False,0.0,15,0.8401609659194946,0.25300851464271545,0.5706331729888916,0.028692079707980156
25,16,False,0.0,16,0.8393263220787048,0.25370141863822937,0.5706781148910522,0.028664780780673027
25,17,False,0.0,16,0.8387118577957153,0.254130095243454,0.5703297853469849,0.028431382030248642
25,18,False,0.0,16,0.8380956053733826,0.2545522451400757,0.5703179836273193,0.02842332236468792
25,19,False,0.0,16,0.8368834257125854,0.2553344666957855,0.5702295303344727,0.02837718464434147
25,20,False,0.0,16,0.835806667804718,0.25582048296928406,0.5701084733009338,0.028313884511590004
25,21,False,0.0,16,0.8342370390892029,0.2569042146205902,0.5699905753135681,0.028240768238902092
25,22,False,0.0,16,0.8331775069236755,0.2576492428779602,0.5698221921920776,0.028137963265180588
25,23,False,0.0,16,0.8317728042602539,0.25843289494514465,0.5699034929275513,0.028210926800966263
25,24,False,0.0,16,0.8306185007095337,0.2588183283805847,0.5695339441299438,0.028114115819334984
25,25,False,0.0,16,0.8287067413330078,0.2598077356815338,0.5692557096481323,0.02797463908791542
25,26,False,0.0,16,0.8278419375419617,0.2604672908782959,0.5696008205413818,0.028129197657108307
25,27,False,0.0,16,0.8261163234710693,0.26161375641822815,0.5697116851806641,0.02819952182471752
25,28,False,0.0,16,0.8249956369400024,0.26272818446159363,0.5701587796211243,0.02844780497252941
25,29,False,0.0,16,0.8243057131767273,0.2639475166797638,0.5697431564331055,0.02821057103574276
25,30,False,0.0,16,0.8236950635910034,0.26481613516807556,0.5696142315864563,0.028141964226961136
25,31,False,0.0,16,0.8229376077651978,0.265421062707901,0.5697665214538574,0.02827262319624424
25,32,False,0.0,16,0.8225512504577637,0.26566508412361145,0.569832980632782,0.028313374146819115
25,33,False,0.0,16,0.8215528726577759,0.26719871163368225,0.569442868232727,0.028021743521094322
25,34,False,0.0,16,0.8202551603317261,0.2687307894229889,0.5696240663528442,0.02807839773595333
25,35,False,0.0,16,0.818214476108551,0.27036941051483154,0.5694929361343384,0.028008414432406425
25,36,False,0.0,16,0.8169991374015808,0.2713076174259186,0.5694266557693481,0.027960196137428284
25,37,True,0.008064515888690948,16,0.8165842294692993,0.27184638381004333,0.5697454810142517,0.027961760759353638
25,38,True,0.04471544548869133,16,0.8151739835739136,0.27117422223091125,0.5691754221916199,0.027638031169772148
25,39,True,0.08536585420370102,16,0.8148145079612732,0.27122604846954346,0.568331241607666,0.027288345620036125
25,40,True,0.1260162591934204,16,0.8138888478279114,0.27238327264785767,0.5678138136863708,0.027091151103377342
25,41,True,0.1666666716337204,16,0.8132237792015076,0.2716701924800873,0.5681461095809937,0.027018584311008453
25,42,True,0.2073170691728592,16,0.8177497386932373,0.26462095975875854,0.5695765018463135,0.02742687240242958
25,43,True,0.24796748161315918,16,0.8161325454711914,0.26609304547309875,0.5694054365158081,0.027344366535544395
25,44,True,0.288617879152298,16,0.81590735912323,0.2660829722881317,0.5694398880004883,0.027446139603853226
25,45,True,0.32926830649375916,16,0.817219614982605,0.26196104288101196,0.5690858364105225,0.02728966809809208
25,46,True,0.36991870403289795,16,0.8196007609367371,0.2583094835281372,0.5691025257110596,0.027244864031672478
25,47,True,0.41056910157203674,16,0.8214221596717834,0.2559482157230377,0.5680125951766968,0.026741329580545425
25,48,True,0.45121949911117554,16,0.8223147392272949,0.2562944293022156,0.5679067373275757,0.02665339596569538
25,49,True,0.4918699264526367,16,0.8236707448959351,0.25574156641960144,0.5679328441619873,0.02658136934041977
25,50,True,0.5325203537940979,16,0.8238909244537354,0.25547587871551514,0.5675091743469238,0.02638056129217148
25,51,True,0.5731707215309143,16,0.8250079154968262,0.2537112236022949,0.5681039094924927,0.026594113558530807
25,52,True,0.6138211488723755,16,0.8244730234146118,0.2532857656478882,0.5680041313171387,0.026531508192420006
25,53,True,0.6544715166091919,16,0.8248416185379028,0.2524432837963104,0.5677319765090942,0.026374349370598793
25,54,True,0.6951219439506531,16,0.8253442049026489,0.25120824575424194,0.5671746730804443,0.026140529662370682
25,55,True,0.7357723712921143,16,0.8250088691711426,0.2509392201900482,0.5672315359115601,0.026122288778424263
25,56,True,0.7764227390289307,16,0.824603796005249,0.2512079179286957,0.5669169425964355,0.025933844968676567
25,57,True,0.8170731663703918,16,0.8247013688087463,0.2509330213069916,0.5669447779655457,0.025864632800221443
25,58,True,0.857723593711853,16,0.8249813318252563,0.2509651184082031,0.5667263269424438,0.02578260563313961
25,59,True,0.8983739614486694,16,0.826086163520813,0.2506707012653351,0.5668599605560303,0.025790661573410034
25,60,True,0.9390243887901306,16,0.8274034261703491,0.24992531538009644,0.566360354423523,0.025557754561305046
25,61,True,0.9796748161315918,16,0.826533317565918,0.24904322624206543,0.5659002065658569,0.02522522397339344
25,62,True,1.0,16,0.8237021565437317,0.2504653036594391,0.5613256692886353,0.022997502237558365
25,63,True,1.0,16,0.8242493867874146,0.24826905131340027,0.5614960193634033,0.02306392416357994
25,64,True,1.0,16,0.8242493867874146,0.24826905131340027,0.5614960193634033,0.02306392416357994
25,65,True,1.0,16,0.8241384029388428,0.24816982448101044,0.5615770816802979,0.023092173039913177
25,66,True,1.0,16,0.8241195678710938,0.24816375970840454,0.5615764856338501,0.023092960938811302
25,67,True,1.0,16,0.8241196870803833,0.24815991520881653,0.561572790145874,0.02309124357998371
25,68,True,1.0,16,0.824115514755249,0.24815455079078674,0.5615721344947815,0.023091116920113564
25,69,True,1.0,16,0.8241180181503296,0.2481546700000763,0.5615725517272949,0.023089049383997917
25,70,True,1.0,16,0.8241173028945923,0.24815459549427032,0.5615730285644531,0.02309049852192402
25,71,True,1.0,16,0.8241182565689087,0.24815605580806732,0.5615723133087158,0.023089997470378876
25,72,True,1.0,16,0.8241158723831177,0.2481505423784256,0.5615720748901367,0.023089604452252388
25,73,True,1.0,16,0.8241239786148071,0.2476763129234314,0.5615508556365967,0.02312159724533558
25,74,True,1.0,16,0.8241268396377563,0.24767014384269714,0.5615513324737549,0.023119201883673668
25,75,True,1.0,16,0.8241286873817444,0.2476842850446701,0.5615508556365967,0.0231193657964468
25,76,True,1.0,16,0.824135422706604,0.24766570329666138,0.5615496039390564,0.02311864122748375
25,77,True,1.0,16,0.8241347074508667,0.2476600706577301,0.5615497827529907,0.023117315024137497
25,78,True,1.0,16,0.8241370916366577,0.2476566582918167,0.5615501403808594,0.02311841771006584
25,79,True,1.0,16,0.8241337537765503,0.24765954911708832,0.5615504384040833,0.023118631914258003
25,80,True,1.0,16,0.8241356611251831,0.24765953421592712,0.5615499019622803,0.023118266835808754
25,81,True,1.0,16,0.8238447904586792,0.24798408150672913,0.5614149570465088,0.023133857175707817
25,82,True,1.0,16,0.8238322734832764,0.2479511946439743,0.5614102482795715,0.023132627829909325
25,83,True,1.0,16,0.8238377571105957,0.24794642627239227,0.5614067912101746,0.02313240058720112
25,84,True,1.0,16,0.8238351345062256,0.24794387817382812,0.5614066123962402,0.02313263528048992
25,85,True,1.0,16,0.8238389492034912,0.24793997406959534,0.5614057779312134,0.023131651803851128
25,86,True,1.0,16,0.8238390684127808,0.24793674051761627,0.5614056587219238,0.023133253678679466
25,87,True,1.0,16,0.8238382339477539,0.24793820083141327,0.5614062547683716,0.02313327230513096
25,88,True,1.0,16,0.8238389492034912,0.24794010818004608,0.5614060163497925,0.023132814094424248
25,89,True,1.0,16,0.8238840103149414,0.24717606604099274,0.560952365398407,0.022983882576227188
25,90,True,1.0,16,0.8238983154296875,0.24717022478580475,0.5609484314918518,0.02298477478325367
25,91,True,1.0,16,0.8239021301269531,0.24717184901237488,0.5609439611434937,0.022985242307186127
25,92,True,1.0,16,0.8239047527313232,0.24717864394187927,0.5609444379806519,0.022986536845564842
25,93,False,0.0,16,0.8214587569236755,0.26768651604652405,0.5676193237304688,0.02619938738644123
25,94,False,0.0,16,0.8163249492645264,0.27050963044166565,0.5676611661911011,0.02624155580997467
25,95,False,0.0,16,0.8155179023742676,0.27100086212158203,0.56745445728302,0.026143664494156837
25,96,False,0.0,16,0.8145543336868286,0.27147743105888367,0.567880392074585,0.026285937055945396
25,97,False,0.0,16,0.8138492107391357,0.2720199227333069,0.5674100518226624,0.026038669049739838
25,98,False,0.0,16,0.8129763603210449,0.2728786766529083,0.5676445960998535,0.02612178958952427
25,99,False,0.0,16,0.8119310140609741,0.2736974060535431,0.5675351619720459,0.026031240820884705
25,100,False,0.0,16,0.8103570342063904,0.27512162923812866,0.5679899454116821,0.026169130578637123
25,101,False,0.0,16,0.8091465830802917,0.27627140283584595,0.5678921937942505,0.026146886870265007
25,102,False,0.0,16,0.8075845241546631,0.27735796570777893,0.5678949952125549,0.02612687274813652
25,103,False,0.0,16,0.8067091703414917,0.27801910042762756,0.5680170655250549,0.02616223320364952
25,104,False,0.0,16,0.805827260017395,0.2784433960914612,0.5679721832275391,0.026140155270695686
25,105,False,0.0,16,0.8050222396850586,0.27952703833580017,0.5678268671035767,0.025994131341576576
25,106,False,0.0,16,0.8046805262565613,0.28051134943962097,0.5678167939186096,0.02597050741314888
25,107,False,0.0,16,0.8040026426315308,0.28079667687416077,0.5681617259979248,0.026051970198750496
25,108,False,0.0,16,0.8039358854293823,0.2805303633213043,0.5683525800704956,0.026104934513568878
25,109,False,0.0,16,0.8041150569915771,0.28019535541534424,0.5683594942092896,0.02609771117568016
25,110,False,0.0,16,0.8043864965438843,0.2799427807331085,0.5684082508087158,0.026135411113500595
25,111,False,0.0,16,0.8047831058502197,0.27965855598449707,0.5683386325836182,0.02611902542412281
25,112,False,0.0,16,0.8053930997848511,0.27900972962379456,0.5681648254394531,0.026096636429429054
25,113,False,0.0,16,0.8061023354530334,0.2782978117465973,0.5685445070266724,0.02615964226424694
25,114,False,0.0,16,0.8070122003555298,0.27807050943374634,0.5684529542922974,0.026157166808843613
25,115,False,0.0,16,0.8079464435577393,0.2778533399105072,0.5683102011680603,0.026137089356780052
25,116,False,0.0,16,0.8084748983383179,0.2773529887199402,0.5683090686798096,0.02614501491189003
25,117,False,0.0,16,0.8085612058639526,0.277107834815979,0.5683108568191528,0.026147447526454926
25,118,False,0.0,16,0.8087460994720459,0.2768189609050751,0.5682642459869385,0.026125332340598106
25,119,False,0.0,16,0.8089779615402222,0.27658921480178833,0.5681710839271545,0.026111215353012085
25,120,False,0.0,16,0.8092728853225708,0.2761131227016449,0.5681698322296143,0.026098759844899178
25,121,False,0.0,16,0.8112387657165527,0.27377384901046753,0.5684962868690491,0.026150068268179893
25,122,False,0.0,16,0.8125700950622559,0.2728418707847595,0.5686774253845215,0.026197148486971855
25,123,False,0.0,16,0.8129108548164368,0.27251535654067993,0.5687366127967834,0.02619798108935356
26,0,False,0.0,0,0.7488665580749512,0.19128622114658356,0.5358350276947021,0.015473529696464539
26,1,False,0.0,1,0.8329408168792725,0.2579227387905121,0.5691684484481812,0.026061173528432846
26,2,False,0.0,2,0.8331120610237122,0.25741297006607056,0.5692219138145447,0.026082558557391167
26,3,False,0.0,3,0.8330061435699463,0.2575291097164154,0.5692606568336487,0.02609209157526493
26,4,False,0.0,4,0.834086000919342,0.25639140605926514,0.5693038702011108,0.026113687083125114
26,5,False,0.0,5,0.8349270820617676,0.25591686367988586,0.5697588920593262,0.026366299018263817
26,6,False,0.0,6,0.8349557518959045,0.25584736466407776,0.5696358680725098,0.026370836421847343
26,7,False,0.0,7,0.8347812294960022,0.25538215041160583,0.5697193145751953,0.026396270841360092
26,8,False,0.0,8,0.8340610265731812,0.2555288076400757,0.5694774985313416,0.026331352069973946
26,9,False,0.0,9,0.8338712453842163,0.2550933361053467,0.5690609812736511,0.026157669723033905
26,10,False,0.0,10,0.8338477611541748,0.25467199087142944,0.5689141750335693,0.026087254285812378
26,11,False,0.0,11,0.8328367471694946,0.2546710968017578,0.5689874887466431,0.026071494445204735
26,12,False,0.0,12,0.8307691812515259,0.25591418147087097,0.568984866142273,0.026051467284560204
26,13,False,0.0,13,0.8284255862236023,0.25737491250038147,0.5700058937072754,0.026494765654206276
26,14,False,0.0,14,0.8258345127105713,0.25865498185157776,0.569817304611206,0.026460757479071617
26,15,False,0.0,15,0.8238808512687683,0.25940656661987305,0.5693349838256836,0.026277998462319374
26,16,False,0.0,16,0.8217414617538452,0.26049503684043884,0.5695857405662537,0.026298174634575844
26,17,False,0.0,16,0.8191043138504028,0.2620377242565155,0.5696738958358765,0.02631494775414467
26,18,False,0.0,16,0.8162176012992859,0.2651025056838989,0.5700825452804565,0.026513800024986267
26,19,False,0.0,16,0.8133947253227234,0.26790693402290344,0.5701367855072021,0.02652205526828766
26,20,False,0.0,16,0.811316967010498,0.27039164304733276,0.5699580907821655,0.026402054354548454
26,21,False,0.0,16,0.8101527690887451,0.2721337676048279,0.5708826780319214,0.02692331001162529
26,22,False,0.0,16,0.8089578747749329,0.2727668881416321,0.5709763765335083,0.026953021064400673
26,23,False,0.0,16,0.8086037039756775,0.27412113547325134,0.5718262195587158,0.027221111580729485
26,24,False,0.0,16,0.8088207244873047,0.273987352848053,0.5720416307449341,0.027316516265273094
26,25,False,0.0,16,0.8072981834411621,0.27562952041625977,0.571773111820221,0.02720155566930771
26,26,False,0.0,16,0.8064997792243958,0.2775169014930725,0.5716599225997925,0.027123359963297844
26,27,False,0.0,16,0.806481122970581,0.27817514538764954,0.5713937878608704,0.027021389454603195
26,28,False,0.0,16,0.8063411712646484,0.2792052924633026,0.5715689659118652,0.027084074914455414
26,29,False,0.0,16,0.8063750863075256,0.2791520655155182,0.5723311901092529,0.027606410905718803
26,30,False,0.0,16,0.8059678673744202,0.27910467982292175,0.5722606182098389,0.027635447680950165
26,31,False,0.0,16,0.8031318783760071,0.28188595175743103,0.5723282098770142,0.027700603008270264
26,32,False,0.0,16,0.803093671798706,0.2831806242465973,0.5722709894180298,0.027689119800925255
26,33,False,0.0,16,0.8036434054374695,0.2833959460258484,0.5720617771148682,0.027637578547000885
26,34,False,0.0,16,0.8035156726837158,0.2832132577896118,0.5722295641899109,0.027728727087378502
26,35,True,0.021739130839705467,16,0.8033052682876587,0.2826475203037262,0.5727167129516602,0.02798778936266899
26,36,True,0.06521739065647125,16,0.811851978302002,0.2747986912727356,0.5741079449653625,0.02858739160001278
26,37,True,0.10869564861059189,16,0.8107860684394836,0.27327707409858704,0.5739357471466064,0.028693590313196182
26,38,True,0.15217390656471252,16,0.8088067173957825,0.27154529094696045,0.5723768472671509,0.028071576729416847
26,39,True,0.19565217196941376,16,0.8087266087532043,0.2588748633861542,0.5719529390335083,0.02782888524234295
26,40,True,0.239130437374115,16,0.8090835809707642,0.24692218005657196,0.5720381736755371,0.027816733345389366
26,41,True,0.28260868787765503,16,0.8094713091850281,0.24548396468162537,0.5716276168823242,0.02769230119884014
26,42,True,0.32608696818351746,16,0.8131228685379028,0.23751012980937958,0.5707546472549438,0.02735351398587227
26,43,True,0.3695652186870575,16,0.8133480548858643,0.23786142468452454,0.570244550704956,0.027167944237589836
26,44,True,0.41304346919059753,16,0.8137401342391968,0.23948080837726593,0.5696172714233398,0.026881230995059013
26,45,True,0.45652174949645996,16,0.8152311444282532,0.2431858628988266,0.5698572397232056,0.027011718600988388
26,46,True,0.5,16,0.8155450820922852,0.24324391782283783,0.5694797039031982,0.026825927197933197
26,47,True,0.54347825050354,16,0.8181177973747253,0.24464735388755798,0.5689244270324707,0.026627013459801674
26,48,True,0.5869565010070801,16,0.8185368776321411,0.2449781894683838,0.5687028169631958,0.02652807906270027
26,49,True,0.6304348111152649,16,0.8183803558349609,0.24627721309661865,0.5692397356033325,0.026730842888355255
26,50,True,0.6739130616188049,16,0.8182196021080017,0.2465609461069107,0.5692732334136963,0.026737846434116364
26,51,True,0.717391312122345,16,0.8180652856826782,0.24686333537101746,0.5692261457443237,0.026724042370915413
26,52,True,0.760869562625885,16,0.8182277679443359,0.24661219120025635,0.5695395469665527,0.02689051255583763
26,53,True,0.804347813129425,16,0.8186312317848206,0.2511560022830963,0.570446252822876,0.027360575273633003
26,54,True,0.8478260636329651,16,0.818659782409668,0.24904097616672516,0.5701846480369568,0.027264464646577835
26,55,True,0.8913043737411499,16,0.8202879428863525,0.2486008256673813,0.5699605941772461,0.02707473188638687
26,56,True,0.9347826242446899,16,0.8208377957344055,0.24535803496837616,0.5676174163818359,0.02605585567653179
26,57,True,0.97826087474823,16,0.822014570236206,0.24430736899375916,0.5661002397537231,0.02531616762280464
26,58,True,1.0,16,0.821772575378418,0.2446877360343933,0.5571969747543335,0.021951716393232346
26,59,True,1.0,16,0.8221031427383423,0.2445644587278366,0.5573616027832031,0.02204178273677826
26,60,True,1.0,16,0.8221031427383423,0.2445644587278366,0.5573616027832031,0.02204178273677826
26,61,True,1.0,16,0.822095513343811,0.2460356056690216,0.5576990842819214,0.02213531918823719
26,62,True,1.0,16,0.8220781087875366,0.24601732194423676,0.5577015280723572,0.022134311497211456
26,63,True,1.0,16,0.8220765590667725,0.24601268768310547,0.5577012896537781,0.022134866565465927
26,64,True,1.0,16,0.8220751285552979,0.24601039290428162,0.5577023029327393,0.022135479375720024
26,65,True,1.0,16,0.8220729827880859,0.24600276350975037,0.5577014684677124,0.02213412895798683
26,66,True,1.0,16,0.8220710754394531,0.24600696563720703,0.557701051235199,0.022135701030492783
26,67,True,1.0,16,0.8220725059509277,0.24600598216056824,0.5577016472816467,0.02213577926158905
26,68,True,1.0,16,0.8220734596252441,0.24600693583488464,0.5577012896537781,0.022134803235530853
26,69,True,1.0,16,0.8219845294952393,0.2479538917541504,0.5580220222473145,0.022096196189522743
26,70,True,1.0,16,0.8219729065895081,0.24794505536556244,0.5580258369445801,0.022096330299973488
26,71,True,1.0,16,0.8219698071479797,0.24794742465019226,0.5580281615257263,0.02209579385817051
26,72,True,1.0,16,0.8219698071479797,0.2479383498430252,0.5580303072929382,0.02209709957242012
26,73,True,1.0,16,0.8219628930091858,0.24793900549411774,0.5580312013626099,0.022098489105701447
26,74,True,1.0,16,0.8219619393348694,0.24793951213359833,0.55803382396698,0.022099178284406662
26,75,True,1.0,16,0.8219640851020813,0.24793961644172668,0.5580339431762695,0.02209807187318802
26,76,True,1.0,16,0.821963369846344,0.24793919920921326,0.5580337643623352,0.022098010405898094
26,77,True,1.0,16,0.821800947189331,0.24893060326576233,0.5583950281143188,0.022129962220788002
26,78,True,1.0,16,0.8218106031417847,0.24893134832382202,0.5583949089050293,0.022130737081170082
26,79,True,1.0,16,0.8218196630477905,0.2489277571439743,0.5583971738815308,0.02212940901517868
26,80,True,1.0,16,0.8218163251876831,0.24892455339431763,0.55839604139328,0.02212977595627308
26,81,True,1.0,16,0.8218178749084473,0.24893148243427277,0.5583956837654114,0.02213071472942829
26,82,True,1.0,16,0.8218163251876831,0.24893130362033844,0.5583953857421875,0.022129811346530914
26,83,True,1.0,16,0.821819543838501,0.24893547594547272,0.5583966970443726,0.022129999473690987
26,84,True,1.0,16,0.821818470954895,0.24892985820770264,0.5583980083465576,0.02212984301149845
26,85,True,1.0,16,0.8217301368713379,0.24911536276340485,0.5588697791099548,0.02215687744319439
26,86,True,1.0,16,0.8217272758483887,0.2491237372159958,0.5588704943656921,0.022157197818160057
26,87,False,0.0,16,0.8134801387786865,0.27156326174736023,0.573074460029602,0.02866823598742485
26,88,False,0.0,16,0.8097528219223022,0.27299946546554565,0.5728404521942139,0.028647402301430702
26,89,False,0.0,16,0.8090274930000305,0.27324485778808594,0.5729184746742249,0.028646960854530334
26,90,False,0.0,16,0.8085402846336365,0.2740786075592041,0.5733155012130737,0.028816159814596176
26,91,False,0.0,16,0.8083651065826416,0.2748909890651703,0.5737577080726624,0.02903139218688011
26,92,False,0.0,16,0.8079367876052856,0.27545279264450073,0.5737119913101196,0.02897620014846325
26,93,False,0.0,16,0.8077372312545776,0.2757016718387604,0.5737082958221436,0.0289443526417017
26,94,False,0.0,16,0.8078376054763794,0.2755414545536041,0.5739697217941284,0.0290162842720747
26,95,False,0.0,16,0.8079994320869446,0.27521029114723206,0.5741453170776367,0.029043857008218765
26,96,False,0.0,16,0.8083469867706299,0.27432137727737427,0.5741719007492065,0.029005365446209908
26,97,False,0.0,16,0.8083180785179138,0.27321264147758484,0.5742995738983154,0.028978494927287102
26,98,False,0.0,16,0.8083548545837402,0.2725816071033478,0.5731961131095886,0.02856096439063549
26,99,False,0.0,16,0.8089815378189087,0.27274981141090393,0.5732660293579102,0.02859559841454029
26,100,False,0.0,16,0.809146523475647,0.2731759250164032,0.574082612991333,0.028931699693202972
26,101,False,0.0,16,0.8094115257263184,0.2730257511138916,0.5743459463119507,0.029156863689422607
26,102,False,0.0,16,0.8089115023612976,0.27373936772346497,0.5741875171661377,0.02911301888525486
26,103,False,0.0,16,0.8091640472412109,0.2741713225841522,0.5743452310562134,0.02915925346314907
26,104,False,0.0,16,0.8089887499809265,0.2748858332633972,0.5744044184684753,0.029146358370780945
26,105,False,0.0,16,0.8091179132461548,0.2751437723636627,0.5743893384933472,0.029096001759171486
26,106,False,0.0,16,0.8090307712554932,0.2754347026348114,0.5744066834449768,0.029065387323498726
26,107,False,0.0,16,0.8087325096130371,0.27515095472335815,0.5742995142936707,0.028972085565328598
26,108,False,0.0,16,0.8086932897567749,0.27411919832229614,0.5740647912025452,0.028815634548664093
26,109,False,0.0,16,0.80913245677948,0.27301162481307983,0.5736297965049744,0.028660444542765617
26,110,False,0.0,16,0.8093405961990356,0.27262091636657715,0.5731754302978516,0.02846776694059372
26,111,False,0.0,16,0.8097338080406189,0.27228280901908875,0.5735269784927368,0.028587425127625465
26,112,False,0.0,16,0.8095417618751526,0.2722213566303253,0.5734341740608215,0.028559155762195587
26,113,False,0.0,16,0.8093905448913574,0.2721535861492157,0.5732648968696594,0.028490355238318443
26,114,False,0.0,16,0.8091658353805542,0.27178874611854553,0.5732806921005249,0.028503557667136192
26,115,False,0.0,16,0.8095070123672485,0.2714385986328125,0.5737378597259521,0.02871541492640972
27,0,False,0.0,0,0.7544702291488647,0.19117243587970734,0.5362841486930847,0.016610752791166306
27,1,False,0.0,1,0.8363081812858582,0.25688931345939636,0.5728895664215088,0.028510114178061485
27,2,False,0.0,2,0.8366463780403137,0.25653213262557983,0.572861909866333,0.02852705866098404
27,3,False,0.0,3,0.8369370698928833,0.2562219202518463,0.5728727579116821,0.02854236215353012
27,4,False,0.0,4,0.8368515968322754,0.25597918033599854,0.5729827880859375,0.0285663865506649
27,5,False,0.0,5,0.8363294005393982,0.2554265856742859,0.5733274221420288,0.028720533475279808
27,6,False,0.0,6,0.8363504409790039,0.2550991475582123,0.573657751083374,0.028828879818320274
27,7,False,0.0,7,0.8368512988090515,0.2547977566719055,0.5736892223358154,0.028769459575414658
27,8,False,0.0,8,0.8370407819747925,0.2547069489955902,0.5738097429275513,0.028788166120648384
27,9,False,0.0,9,0.8369524478912354,0.25485721230506897,0.5740667581558228,0.0287571270018816
27,10,False,0.0,10,0.8366093635559082,0.2550450563430786,0.573966383934021,0.028705628588795662
27,11,False,0.0,11,0.8361910581588745,0.25512710213661194,0.5740065574645996,0.02873811684548855
27,12,False,0.0,12,0.8366720676422119,0.2547486424446106,0.5738363265991211,0.028722722083330154
27,13,False,0.0,13,0.8373765349388123,0.2544323205947876,0.5740489363670349,0.028789453208446503
27,14,False,0.0,14,0.837594747543335,0.25496941804885864,0.5739228129386902,0.028786204755306244
27,15,False,0.0,15,0.8375236392021179,0.25484907627105713,0.5740973949432373,0.028892571106553078
27,16,False,0.0,16,0.8376137018203735,0.2546442449092865,0.5741558074951172,0.028975533321499825
27,17,False,0.0,16,0.8367208242416382,0.255504846572876,0.5742735862731934,0.0289154015481472
27,18,False,0.0,16,0.8360161185264587,0.255883127450943,0.5740731954574585,0.028907133266329765
27,19,False,0.0,16,0.8352122902870178,0.256061315536499,0.5734937191009521,0.028709078207612038
27,20,False,0.0,16,0.8346179723739624,0.2562209665775299,0.5732110142707825,0.02863279916346073
27,21,False,0.0,16,0.8337216377258301,0.2567678987979889,0.5727549195289612,0.028457535430788994
27,22,False,0.0,16,0.8329946994781494,0.2569807767868042,0.5725752115249634,0.02840052917599678
27,23,False,0.0,16,0.832222580909729,0.2574196755886078,0.5723885297775269,0.028359336778521538
27,24,False,0.0,16,0.8314648866653442,0.2575596272945404,0.5719027519226074,0.0281295757740736
27,25,False,0.0,16,0.8299709558486938,0.2583945691585541,0.5713391304016113,0.02785380557179451
27,26,False,0.0,16,0.8282894492149353,0.25879621505737305,0.5711028575897217,0.027781087905168533
27,27,False,0.0,16,0.8264502286911011,0.2600769102573395,0.5711880922317505,0.02784743160009384
27,28,False,0.0,16,0.8246732354164124,0.26131367683410645,0.5706881284713745,0.027697017416357994
27,29,False,0.0,16,0.8230376243591309,0.26271915435791016,0.5710753202438354,0.027869930490851402
27,30,False,0.0,16,0.8210757970809937,0.26396119594573975,0.5711329579353333,0.027845533564686775
27,31,False,0.0,16,0.8194690942764282,0.2643187344074249,0.5713176131248474,0.027868133038282394
27,32,False,0.0,16,0.81804358959198,0.26516956090927124,0.5716775059700012,0.028046865016222
27,33,False,0.0,16,0.8173657655715942,0.2656335234642029,0.5718241930007935,0.027955524623394012
27,34,True,0.008771929889917374,16,0.8164461255073547,0.26657482981681824,0.5714731216430664,0.027794521301984787
27,35,True,0.048672568053007126,16,0.8156958222389221,0.2675818204879761,0.5713634490966797,0.02777676098048687
27,36,True,0.09292035549879074,16,0.8151491284370422,0.2686311900615692,0.5713692307472229,0.02781464345753193
27,37,True,0.13716813921928406,16,0.8152853846549988,0.26895564794540405,0.5715172290802002,0.02784482017159462
27,38,True,0.18141593039035797,16,0.8147133588790894,0.26903003454208374,0.572259783744812,0.028209956362843513
27,39,True,0.22566372156143188,16,0.8143750429153442,0.26877760887145996,0.5723698735237122,0.02824433334171772
27,40,True,0.2699114978313446,16,0.8137337565422058,0.2686840891838074,0.572360098361969,0.028188355267047882
27,41,True,0.3141593039035797,16,0.813664436340332,0.2684376537799835,0.572443425655365,0.027945537120103836
27,42,True,0.35840708017349243,16,0.8140155076980591,0.2673032283782959,0.5722188949584961,0.02772993966937065
27,43,True,0.40265485644340515,16,0.8136882781982422,0.2684675455093384,0.5723926424980164,0.02774864248931408
27,44,True,0.44690266251564026,16,0.8127555251121521,0.26978155970573425,0.5728269815444946,0.02791876532137394
27,45,True,0.491150438785553,16,0.8122515678405762,0.2703878879547119,0.572517991065979,0.027781464159488678
27,46,True,0.5353982448577881,16,0.8120694160461426,0.2705084979534149,0.5728325843811035,0.02793530374765396
27,47,True,0.5796459913253784,16,0.8108890652656555,0.2711345851421356,0.5729113817214966,0.027925806120038033
27,48,True,0.6238937973976135,16,0.8109322190284729,0.27146202325820923,0.5730909705162048,0.027997387573122978
27,49,True,0.6681416034698486,16,0.811845600605011,0.270590603351593,0.5738016366958618,0.02808563783764839
27,50,True,0.7123894095420837,16,0.8158970475196838,0.2660004198551178,0.5739532709121704,0.028145682066679
27,51,True,0.7566371560096741,16,0.8180679678916931,0.2632637619972229,0.5730518102645874,0.027712533250451088
27,52,True,0.8008849620819092,16,0.817426860332489,0.2630084753036499,0.5728463530540466,0.02760826237499714
27,53,True,0.8451327681541443,16,0.8211162090301514,0.26038792729377747,0.5725067853927612,0.027421658858656883
27,54,True,0.8893805146217346,16,0.8200796246528625,0.26019856333732605,0.5726523399353027,0.027487322688102722
27,55,True,0.9336283206939697,16,0.8226011991500854,0.257404625415802,0.5717077851295471,0.027088947594165802
27,56,True,0.9778761267662048,16,0.823768138885498,0.2543928921222687,0.5704649090766907,0.02638162299990654
27,57,True,1.0,16,0.8232482075691223,0.25155195593833923,0.5620536208152771,0.02240198850631714
27,58,True,1.0,16,0.8237773180007935,0.2506292462348938,0.5621484518051147,0.02244071662425995
27,59,True,1.0,16,0.8237773180007935,0.2506292462348938,0.5621484518051147,0.02244071662425995
27,60,True,1.0,16,0.8237773180007935,0.2506292462348938,0.5621484518051147,0.02244071662425995
27,61,True,1.0,16,0.8237773180007935,0.2506292462348938,0.5621484518051147,0.02244071662425995
27,62,True,1.0,16,0.8237773180007935,0.2506292462348938,0.5621484518051147,0.02244071662425995
27,63,True,1.0,16,0.8237773180007935,0.2506292462348938,0.5621484518051147,0.02244071662425995
27,64,True,1.0,16,0.8237773180007935,0.2506292462348938,0.5621484518051147,0.02244071662425995
27,65,True,1.0,16,0.8238216042518616,0.2504384517669678,0.5625510215759277,0.022459404543042183
27,66,True,1.0,16,0.8238246440887451,0.2504352629184723,0.5625521540641785,0.022459521889686584
27,67,True,1.0,16,0.8238211870193481,0.25041261315345764,0.5625520944595337,0.022460056468844414
27,68,True,1.0,16,0.8238257169723511,0.2504130005836487,0.5625523328781128,0.022458383813500404
27,69,True,1.0,16,0.8238207101821899,0.25041261315345764,0.5625506043434143,0.022458797320723534
27,70,True,1.0,16,0.8238269090652466,0.2504114508628845,0.5625508427619934,0.022458208724856377
27,71,True,1.0,16,0.8238219022750854,0.2504110038280487,0.5625504851341248,0.022458283230662346
27,72,True,1.0,16,0.8238183259963989,0.2504078149795532,0.5625501871109009,0.022459108382463455
27,73,True,1.0,16,0.8239043354988098,0.24986061453819275,0.5627056360244751,0.02244604006409645
27,74,True,1.0,16,0.8238958716392517,0.24986089766025543,0.5627073645591736,0.02244429849088192
27,75,True,1.0,16,0.8238993287086487,0.2498643845319748,0.5627093315124512,0.022444020956754684
27,76,True,1.0,16,0.8238999247550964,0.24987100064754486,0.5627092719078064,0.022447101771831512
27,77,True,1.0,16,0.8239008784294128,0.2498714178800583,0.562708854675293,0.022446876391768456
27,78,True,1.0,16,0.8239011168479919,0.24986954033374786,0.5627098083496094,0.02244529314339161
27,79,True,1.0,16,0.8238996863365173,0.24987107515335083,0.5627096891403198,0.02244521677494049
27,80,True,1.0,16,0.8238953948020935,0.24986329674720764,0.5627100467681885,0.022444352507591248
27,81,True,1.0,16,0.8239761590957642,0.24952061474323273,0.5625318288803101,0.022370824590325356
27,82,True,1.0,16,0.8239703178405762,0.24953468143939972,0.5625342130661011,0.022371074184775352
27,83,True,1.0,16,0.8239625692367554,0.24952220916748047,0.562535285949707,0.0223698653280735
27,84,True,1.0,16,0.8239558935165405,0.24952051043510437,0.5625371336936951,0.022370019927620888
27,85,False,0.0,16,0.822760820388794,0.26744574308395386,0.576163113117218,0.028737522661685944
27,86,False,0.0,16,0.8189147710800171,0.2704102396965027,0.5760611295700073,0.028706979006528854
27,87,False,0.0,16,0.817318320274353,0.27286234498023987,0.5764248371124268,0.02885255217552185
27,88,False,0.0,16,0.8163882493972778,0.2743162214756012,0.576697826385498,0.028980737552046776
27,89,False,0.0,16,0.8152360916137695,0.27456632256507874,0.5764643549919128,0.028855718672275543
27,90,False,0.0,16,0.8146235346794128,0.2753031253814697,0.5767555236816406,0.028958160430192947
27,91,False,0.0,16,0.8132875561714172,0.2760572135448456,0.576685905456543,0.02893049456179142
27,92,False,0.0,16,0.81203693151474,0.2769487500190735,0.5771914720535278,0.029147977009415627
27,93,False,0.0,16,0.8117511868476868,0.27677005529403687,0.5767959356307983,0.02900967374444008
27,94,False,0.0,16,0.81153404712677,0.2768113613128662,0.5766156911849976,0.028967440128326416
27,95,False,0.0,16,0.8115146160125732,0.2767142057418823,0.5764373540878296,0.02892770990729332
27,96,False,0.0,16,0.8116011023521423,0.27804040908813477,0.5763236284255981,0.028943248093128204
27,97,False,0.0,16,0.8112740516662598,0.27832597494125366,0.5762125253677368,0.028750242665410042
27,98,False,0.0,16,0.8103460073471069,0.2785494029521942,0.5768485069274902,0.028981458395719528
27,99,False,0.0,16,0.8096760511398315,0.2781154215335846,0.5770888328552246,0.02906642109155655
27,100,False,0.0,16,0.8090065717697144,0.2774837613105774,0.5772044658660889,0.02910298854112625
27,101,False,0.0,16,0.8082464933395386,0.2770443558692932,0.5769637823104858,0.028975719586014748
27,102,False,0.0,16,0.8081638216972351,0.27702629566192627,0.5766550302505493,0.02888694778084755
27,103,False,0.0,16,0.8079303503036499,0.2773702144622803,0.576656699180603,0.028868114575743675
27,104,False,0.0,16,0.8080942034721375,0.27801811695098877,0.576653003692627,0.028856148943305016
27,105,False,0.0,16,0.8087048530578613,0.2778513431549072,0.5761233568191528,0.028590384870767593
27,106,False,0.0,16,0.8104798197746277,0.27671194076538086,0.5760288238525391,0.02855967916548252
27,107,False,0.0,16,0.8120831251144409,0.2753467559814453,0.5761899948120117,0.02860717661678791
27,108,False,0.0,16,0.8125823736190796,0.27499109506607056,0.5762577056884766,0.028636116534471512
27,109,False,0.0,16,0.8123141527175903,0.27496421337127686,0.5762438774108887,0.02862166427075863
27,110,False,0.0,16,0.8120381832122803,0.275125652551651,0.5760195255279541,0.028554759919643402
27,111,False,0.0,16,0.8124933838844299,0.27395832538604736,0.5759252309799194,0.02851361222565174
27,112,False,0.0,16,0.8131751418113708,0.27202555537223816,0.5758886337280273,0.02847510762512684
27,113,False,0.0,16,0.8134762048721313,0.27124473452568054,0.5753257274627686,0.028238562867045403
28,0,False,0.0,0,0.7478437423706055,0.1847783327102661,0.5407291650772095,0.017727958038449287
28,1,False,0.0,1,0.8344554901123047,0.25645068287849426,0.5768311023712158,0.02857484109699726
28,2,False,0.0,2,0.8349927663803101,0.2561441659927368,0.576873779296875,0.028576960787177086
28,3,False,0.0,3,0.8356436491012573,0.25543108582496643,0.5769931674003601,0.028610222041606903
28,4,False,0.0,4,0.8357448577880859,0.25477150082588196,0.5768925547599792,0.028531337156891823
28,5,False,0.0,5,0.8353376388549805,0.2546638548374176,0.5767762660980225,0.028499450534582138
28,6,False,0.0,6,0.8354148864746094,0.25437432527542114,0.576590895652771,0.028422478586435318
28,7,False,0.0,7,0.8355939388275146,0.2546484172344208,0.5763553380966187,0.028290003538131714
28,8,False,0.0,8,0.8351421356201172,0.2550794780254364,0.5762298703193665,0.028212621808052063
28,9,False,0.0,9,0.8343144059181213,0.2557331323623657,0.5760015249252319,0.028127558529376984
28,10,False,0.0,10,0.8331366777420044,0.2564339339733124,0.5758790373802185,0.028068074956536293
28,11,False,0.0,11,0.832053542137146,0.2564988434314728,0.5757677555084229,0.028011398389935493
28,12,False,0.0,12,0.8304215669631958,0.25714096426963806,0.5755923986434937,0.027962230145931244
28,13,False,0.0,13,0.830245852470398,0.2578556537628174,0.5756173133850098,0.027984749525785446
28,14,False,0.0,14,0.828068733215332,0.259243369102478,0.57545006275177,0.027903007343411446
28,15,False,0.0,15,0.8267630338668823,0.26004061102867126,0.5746974945068359,0.027623113244771957
28,16,False,0.0,16,0.8265511989593506,0.259831041097641,0.5742809772491455,0.02746545523405075
28,17,False,0.0,16,0.825421929359436,0.2603958547115326,0.5744069218635559,0.027472542598843575
28,18,False,0.0,16,0.8243502378463745,0.2619895339012146,0.5748264789581299,0.027592642232775688
28,19,False,0.0,16,0.8224203586578369,0.26412323117256165,0.5747087001800537,0.027531582862138748
28,20,False,0.0,16,0.8205138444900513,0.26674753427505493,0.5748789310455322,0.027575502172112465
28,21,False,0.0,16,0.8197230696678162,0.2676878571510315,0.575111985206604,0.027662336826324463
28,22,False,0.0,16,0.818983793258667,0.26869893074035645,0.5752974152565002,0.027655743062496185
28,23,False,0.0,16,0.8179422616958618,0.27023443579673767,0.5746021866798401,0.027390172705054283
28,24,False,0.0,16,0.816801905632019,0.2713790535926819,0.5745651721954346,0.027349496260285378
28,25,False,0.0,16,0.8150618076324463,0.27344515919685364,0.5746138095855713,0.02736598066985607
28,26,False,0.0,16,0.8146437406539917,0.2739754021167755,0.57486891746521,0.027431685477495193
28,27,False,0.0,16,0.813744068145752,0.2744712829589844,0.5750370025634766,0.02749907597899437
28,28,False,0.0,16,0.8135138154029846,0.27459391951560974,0.575225830078125,0.027596214786171913
28,29,False,0.0,16,0.8131467700004578,0.27447059750556946,0.5750490427017212,0.027524398639798164
28,30,False,0.0,16,0.8130062818527222,0.27420565485954285,0.5750309228897095,0.02752828039228916
28,31,False,0.0,16,0.8128871917724609,0.27433669567108154,0.5743067264556885,0.027350328862667084
28,32,False,0.0,16,0.8139117360115051,0.2738616168498993,0.5737987756729126,0.02721974067389965
28,33,False,0.0,16,0.8152972459793091,0.2734408676624298,0.5738433599472046,0.027270495891571045
28,34,False,0.0,16,0.8169464468955994,0.27265843749046326,0.5737882852554321,0.027275098487734795
28,35,False,0.0,16,0.819097638130188,0.27160608768463135,0.5738941431045532,0.027306262403726578
28,36,False,0.0,16,0.8204212188720703,0.27069228887557983,0.57390296459198,0.02731422707438469
28,37,False,0.0,16,0.8216195702552795,0.2697259783744812,0.5737706422805786,0.027248965576291084
28,38,False,0.0,16,0.8207604885101318,0.26977887749671936,0.5735158324241638,0.02719176933169365
28,39,False,0.0,16,0.8201476335525513,0.27019423246383667,0.5729014873504639,0.027045592665672302
28,40,False,0.0,16,0.8199503421783447,0.27021461725234985,0.5731066465377808,0.027114830911159515
28,41,False,0.0,16,0.8193999528884888,0.27046599984169006,0.5730109214782715,0.027062078937888145
28,42,False,0.0,16,0.8192006349563599,0.2706914246082306,0.5729167461395264,0.027031900361180305
28,43,False,0.0,16,0.8192393779754639,0.27073347568511963,0.5730249881744385,0.027061473578214645
28,44,False,0.0,16,0.8187553286552429,0.27087730169296265,0.573176920413971,0.027106918394565582
28,45,False,0.0,16,0.8184902667999268,0.2708227038383484,0.5732635259628296,0.02713550254702568
28,46,False,0.0,16,0.8175147771835327,0.2714451253414154,0.5733029842376709,0.027151910588145256
28,47,False,0.0,16,0.8165916204452515,0.27206936478614807,0.5723608732223511,0.026893392205238342
28,48,False,0.0,16,0.8164599537849426,0.27281197905540466,0.5724939107894897,0.02692168392241001
28,49,False,0.0,16,0.8154611587524414,0.2735929489135742,0.5723056793212891,0.02686953730881214
28,50,False,0.0,16,0.8136867880821228,0.2749609053134918,0.5723994970321655,0.026881329715251923
28,51,False,0.0,16,0.8128133416175842,0.27541276812553406,0.5724282264709473,0.026905251666903496
28,52,False,0.0,16,0.812381386756897,0.27560955286026,0.5724308490753174,0.026899581775069237
28,53,False,0.0,16,0.812129557132721,0.2754429876804352,0.5721904039382935,0.02680225297808647
28,54,False,0.0,16,0.8123960494995117,0.27438533306121826,0.5723198652267456,0.0268364530056715
28,55,False,0.0,16,0.8123876452445984,0.27411726117134094,0.5722506642341614,0.02688782289624214
28,56,False,0.0,16,0.8123188614845276,0.2741343677043915,0.5724172592163086,0.02694508247077465
28,57,False,0.0,16,0.8126186728477478,0.27398011088371277,0.5726069808006287,0.027016032487154007
28,58,False,0.0,16,0.8126921653747559,0.2738191783428192,0.5727063417434692,0.02704784646630287
28,59,False,0.0,16,0.8123189210891724,0.2737223505973816,0.5727906227111816,0.02707088552415371
28,60,False,0.0,16,0.8132019639015198,0.27323436737060547,0.5727866888046265,0.027103150263428688
28,61,False,0.0,16,0.8138524293899536,0.27242937684059143,0.5731192827224731,0.027228476479649544
28,62,False,0.0,16,0.8144733309745789,0.27155500650405884,0.5731824040412903,0.027257170528173447
28,63,False,0.0,16,0.815049409866333,0.27078065276145935,0.5727555155754089,0.027222037315368652
28,64,False,0.0,16,0.8159946203231812,0.27010777592658997,0.5730470418930054,0.02734811045229435
28,65,False,0.0,16,0.8175329566001892,0.2686848044395447,0.5731421709060669,0.02734154649078846
28,66,False,0.0,16,0.8191725015640259,0.2673962414264679,0.5730798244476318,0.027278896421194077
28,67,False,0.0,16,0.821324348449707,0.2660129964351654,0.5732110738754272,0.027316823601722717
28,68,False,0.0,16,0.8231513500213623,0.26450687646865845,0.5730786323547363,0.027270682156085968
28,69,False,0.0,16,0.8243779540061951,0.2636151611804962,0.5729762315750122,0.027234142646193504
28,70,False,0.0,16,0.8266316652297974,0.26178932189941406,0.5730109810829163,0.027282333001494408
28,71,False,0.0,16,0.8286600112915039,0.26012372970581055,0.5728254318237305,0.027295175939798355
28,72,False,0.0,16,0.8299185633659363,0.2590569853782654,0.5729056596755981,0.027330029755830765
28,73,False,0.0,16,0.8307440280914307,0.25836071372032166,0.5727831125259399,0.027322614565491676
28,74,False,0.0,16,0.8307878375053406,0.2582509219646454,0.5724444389343262,0.027237769216299057
28,75,False,0.0,16,0.8307437896728516,0.2580276429653168,0.572318434715271,0.02720455452799797
28,76,False,0.0,16,0.8299404382705688,0.25803670287132263,0.5723991394042969,0.0272679403424263
28,77,False,0.0,16,0.8285183906555176,0.25855007767677307,0.5724084973335266,0.027307530865073204
28,78,False,0.0,16,0.8266974687576294,0.259294718503952,0.5726749897003174,0.0274257343262434
28,79,False,0.0,16,0.824532151222229,0.2605932950973511,0.5726516246795654,0.02738877758383751
28,80,False,0.0,16,0.8222060799598694,0.2618294358253479,0.5721811056137085,0.02721577137708664
28,81,False,0.0,16,0.8203445672988892,0.2631569504737854,0.5724194049835205,0.027382588014006615
28,82,False,0.0,16,0.8189208507537842,0.26421117782592773,0.5719811916351318,0.027248768135905266
28,83,False,0.0,16,0.817590594291687,0.26566046476364136,0.5716714262962341,0.02710382081568241
28,84,False,0.0,16,0.8170443773269653,0.2663159966468811,0.5713639259338379,0.026962745934724808
28,85,False,0.0,16,0.8165958523750305,0.2672518789768219,0.5717706084251404,0.02718951180577278
28,86,False,0.0,16,0.8165236711502075,0.26853904128074646,0.5720283389091492,0.027223004028201103
28,87,False,0.0,16,0.8159013986587524,0.2698087990283966,0.5720217227935791,0.027225252240896225
28,88,False,0.0,16,0.8143062591552734,0.271268755197525,0.5724114179611206,0.02739165723323822
28,89,False,0.0,16,0.8129029273986816,0.2721980810165405,0.5727056264877319,0.027484118938446045
28,90,False,0.0,16,0.8127243518829346,0.27351927757263184,0.5724248886108398,0.027436301112174988
28,91,False,0.0,16,0.8123241662979126,0.2737642228603363,0.5726903676986694,0.027505798265337944
28,92,False,0.0,16,0.8127217292785645,0.27377110719680786,0.5727605819702148,0.02753337472677231
28,93,False,0.0,16,0.813389003276825,0.2737160623073578,0.5724481344223022,0.027469461783766747
28,94,False,0.0,16,0.8128601312637329,0.2741139233112335,0.5722647309303284,0.027408596128225327
28,95,False,0.0,16,0.8120934963226318,0.27459031343460083,0.572767972946167,0.027656160295009613
28,96,False,0.0,16,0.8118101358413696,0.2743169665336609,0.5728146433830261,0.027682699263095856
28,97,False,0.0,16,0.8125341534614563,0.27383729815483093,0.5728247165679932,0.027673516422510147
28,98,False,0.0,16,0.8129589557647705,0.27342653274536133,0.5727951526641846,0.027661139145493507
28,99,False,0.0,16,0.8135356903076172,0.2727745473384857,0.5728293657302856,0.027649201452732086
28,100,False,0.0,16,0.8138123750686646,0.2720697522163391,0.5729527473449707,0.02764120325446129
28,101,False,0.0,16,0.8133316040039062,0.2715841233730316,0.5727995038032532,0.027565935626626015
28,102,False,0.0,16,0.8111761808395386,0.27136853337287903,0.5726940035820007,0.027529720216989517
28,103,False,0.0,16,0.810897946357727,0.27214404940605164,0.5729391574859619,0.0276913084089756
28,104,False,0.0,16,0.8118448257446289,0.2730562090873718,0.5727548003196716,0.027677778154611588
28,105,False,0.0,16,0.8123070597648621,0.27209267020225525,0.5729482769966125,0.02775282971560955
28,106,False,0.0,16,0.8130878806114197,0.2715344727039337,0.5729133486747742,0.027675811201334
28,107,False,0.0,16,0.8130242824554443,0.2711242735385895,0.5726672410964966,0.027540983632206917
28,108,False,0.0,16,0.812808096408844,0.27144524455070496,0.5726215243339539,0.027512704953551292
28,109,False,0.0,16,0.8128119111061096,0.27132371068000793,0.5727225542068481,0.02750447206199169
28,110,False,0.0,16,0.8126936554908752,0.27098900079727173,0.5727723836898804,0.027517449110746384
28,111,False,0.0,16,0.8130315542221069,0.2706102728843689,0.5738687515258789,0.0279709305614233
28,112,False,0.0,16,0.8135135769844055,0.2700820565223694,0.573599636554718,0.027859417721629143
28,113,False,0.0,16,0.8138972520828247,0.2696625888347626,0.5733855962753296,0.02777600660920143
28,114,False,0.0,16,0.814498245716095,0.27006739377975464,0.5743114948272705,0.028037196025252342
28,115,False,0.0,16,0.8144202828407288,0.2701144218444824,0.5741919279098511,0.027966680005192757
28,116,False,0.0,16,0.8143070936203003,0.2706840932369232,0.5741239190101624,0.027922727167606354
28,117,False,0.0,16,0.8143389225006104,0.2712465226650238,0.5741703510284424,0.027996528893709183
28,118,False,0.0,16,0.8148059248924255,0.27188923954963684,0.5740580558776855,0.027988433837890625
28,119,False,0.0,16,0.8149722218513489,0.2722020745277405,0.5750604271888733,0.028527576476335526
28,120,False,0.0,16,0.8154465556144714,0.27202752232551575,0.5751187801361084,0.02856387384235859
28,121,False,0.0,16,0.8160068988800049,0.27189144492149353,0.5752059817314148,0.02861584722995758
28,122,False,0.0,16,0.8161492347717285,0.27169573307037354,0.5752066373825073,0.028628503903746605
29,0,False,0.0,0,0.7391643524169922,0.19401735067367554,0.542020320892334,0.018525265157222748
29,1,False,0.0,1,0.826935887336731,0.2654033303260803,0.5771493911743164,0.029384294524788857
29,2,False,0.0,2,0.8265743851661682,0.2655777037143707,0.5772010087966919,0.029391497373580933
29,3,False,0.0,3,0.8267713785171509,0.26517683267593384,0.5771855711936951,0.029383797198534012
29,4,False,0.0,4,0.8269808292388916,0.26517143845558167,0.5780799388885498,0.02984551340341568
29,5,False,0.0,5,0.8270186185836792,0.2651020586490631,0.5779731869697571,0.02982279844582081
29,6,False,0.0,6,0.8270850777626038,0.26547473669052124,0.5778412818908691,0.029796849936246872
29,7,False,0.0,7,0.8275106549263,0.2654190957546234,0.5778933167457581,0.02983665280044079
29,8,False,0.0,8,0.827704131603241,0.2651495933532715,0.5778855681419373,0.02986512891948223
29,9,False,0.0,9,0.8277806043624878,0.26498648524284363,0.5779178738594055,0.029933325946331024
29,10,False,0.0,10,0.8277323842048645,0.2648692727088928,0.5778445601463318,0.029939133673906326
29,11,False,0.0,11,0.8281841278076172,0.2645273208618164,0.5776089429855347,0.0298444963991642
29,12,False,0.0,12,0.8282520174980164,0.26454636454582214,0.5784326791763306,0.030337782576680183
29,13,False,0.0,13,0.8284255862236023,0.2646832764148712,0.5785059928894043,0.030398767441511154
29,14,False,0.0,14,0.8284417390823364,0.2643449604511261,0.5785229206085205,0.03045204095542431
29,15,False,0.0,15,0.8286386728286743,0.26411309838294983,0.578601598739624,0.03049086034297943
29,16,False,0.0,16,0.8290573358535767,0.26402798295021057,0.5784132480621338,0.030397698283195496
29,17,False,0.0,16,0.8295490741729736,0.26377367973327637,0.5781220197677612,0.030348703265190125
29,18,False,0.0,16,0.830138623714447,0.26354748010635376,0.5778512954711914,0.03027632273733616
29,19,False,0.0,16,0.8302553296089172,0.26331010460853577,0.5777091383934021,0.030193079262971878
29,20,False,0.0,16,0.830295979976654,0.2634572386741638,0.57813960313797,0.030595911666750908
29,21,False,0.0,16,0.8300396203994751,0.2636244297027588,0.5781468152999878,0.030608339235186577
29,22,False,0.0,16,0.8294932842254639,0.2638465166091919,0.5781229734420776,0.03059590421617031
29,23,False,0.0,16,0.8288758993148804,0.2639758288860321,0.5781304836273193,0.030529215931892395
29,24,False,0.0,16,0.8285999298095703,0.26436448097229004,0.5776568651199341,0.030346687883138657
29,25,False,0.0,16,0.8277373313903809,0.2647852599620819,0.5775561332702637,0.03026423044502735
29,26,False,0.0,16,0.8271867036819458,0.2646644413471222,0.5776902437210083,0.03031054697930813
29,27,False,0.0,16,0.8266561031341553,0.2645898163318634,0.5779743194580078,0.030398981645703316
29,28,False,0.0,16,0.8266524076461792,0.2645876705646515,0.5789433717727661,0.031003443524241447
29,29,False,0.0,16,0.8262900114059448,0.2643880844116211,0.5789061784744263,0.030979424715042114
29,30,False,0.0,16,0.8255759477615356,0.2645130157470703,0.578677773475647,0.03083387017250061
29,31,False,0.0,16,0.8248516321182251,0.2651582658290863,0.5784525871276855,0.0307806134223938
29,32,False,0.0,16,0.8234790563583374,0.26655077934265137,0.5783312320709229,0.030823390930891037
29,33,False,0.0,16,0.8218879103660583,0.26866614818573,0.5781360864639282,0.03079081140458584
29,34,False,0.0,16,0.8206110596656799,0.2695433795452118,0.5780472159385681,0.030772095546126366
29,35,False,0.0,16,0.8193552494049072,0.27095305919647217,0.578194260597229,0.030829593539237976
29,36,False,0.0,16,0.8181807994842529,0.2724245488643646,0.5785448551177979,0.03117937035858631
29,37,False,0.0,16,0.8171988725662231,0.2735399603843689,0.5783584117889404,0.031047232449054718
29,38,False,0.0,16,0.8161381483078003,0.2740245759487152,0.578472912311554,0.03107878938317299
29,39,False,0.0,16,0.8149434924125671,0.2741805613040924,0.5787292122840881,0.031115321442484856
29,40,False,0.0,16,0.8138896226882935,0.2745029032230377,0.5790625810623169,0.03119136206805706
29,41,False,0.0,16,0.8136513233184814,0.27397817373275757,0.5789008140563965,0.031093474477529526
29,42,False,0.0,16,0.8129817843437195,0.27501386404037476,0.5786204934120178,0.030927766114473343
29,43,False,0.0,16,0.8129718899726868,0.2753506004810333,0.5784074068069458,0.030744340270757675
29,44,True,0.02777777798473835,16,0.8122248649597168,0.27548906207084656,0.577883780002594,0.03061632439494133
29,45,True,0.0625,16,0.8116306662559509,0.2764638066291809,0.5782555341720581,0.030746813863515854
29,46,True,0.0972222238779068,16,0.8113083839416504,0.276692658662796,0.5783683061599731,0.03076193295419216
29,47,True,0.1319444477558136,16,0.8115133047103882,0.27635136246681213,0.578513503074646,0.030884435400366783
29,48,True,0.1666666716337204,16,0.8105177879333496,0.27742886543273926,0.5781976580619812,0.03077511675655842
29,49,True,0.2013888955116272,16,0.8105290532112122,0.27745577692985535,0.5785295963287354,0.030941713601350784
29,50,True,0.2361111044883728,16,0.8108856678009033,0.2769339382648468,0.577965497970581,0.030676309019327164
29,51,True,0.2708333432674408,16,0.8088555932044983,0.2785339951515198,0.5784258842468262,0.03093842789530754
29,52,True,0.3055555522441864,16,0.8097646236419678,0.27723827958106995,0.5784236192703247,0.031040780246257782
29,53,True,0.3402777910232544,16,0.810065507888794,0.27731209993362427,0.5781416893005371,0.03092578984797001
29,54,True,0.375,16,0.8099576234817505,0.27748388051986694,0.5780845880508423,0.030899127945303917
29,55,True,0.4097222089767456,16,0.8105229139328003,0.2768690586090088,0.5775777101516724,0.030601341277360916
29,56,True,0.4444444477558136,16,0.8102464079856873,0.27701011300086975,0.5773871541023254,0.03045218624174595
29,57,True,0.4791666567325592,16,0.8118115067481995,0.27652859687805176,0.5772539377212524,0.03037865087389946
29,58,True,0.5138888955116272,16,0.8120530843734741,0.27560216188430786,0.5772615671157837,0.030423855409026146
29,59,True,0.5486111044883728,16,0.8130788803100586,0.2734481394290924,0.5777888894081116,0.030654750764369965
29,60,True,0.5833333134651184,16,0.8131328821182251,0.2719659209251404,0.5776355266571045,0.030646363273262978
29,61,True,0.6180555820465088,16,0.8168050646781921,0.2663542926311493,0.5769910216331482,0.030393758788704872
29,62,True,0.6527777910232544,16,0.8171051740646362,0.26435384154319763,0.5759344100952148,0.0299121905118227
29,63,True,0.6875,16,0.8173207640647888,0.262777179479599,0.5755394697189331,0.02975163236260414
29,64,True,0.7222222089767456,16,0.8180927038192749,0.25911837816238403,0.5751906633377075,0.029613174498081207
29,65,True,0.7569444179534912,16,0.8190511465072632,0.25896698236465454,0.5753952264785767,0.02971453033387661
29,66,True,0.7916666865348816,16,0.8200001120567322,0.25855228304862976,0.5760331153869629,0.030023913830518723
29,67,True,0.8263888955116272,16,0.8194539546966553,0.25841349363327026,0.576688826084137,0.0303183626383543
29,68,True,0.8611111044883728,16,0.8199774026870728,0.25696805119514465,0.5757474303245544,0.029910076409578323
29,69,True,0.8958333134651184,16,0.8209024667739868,0.256963312625885,0.5762666463851929,0.030137673020362854
29,70,True,0.9305555820465088,16,0.8210893273353577,0.2566443085670471,0.5746951103210449,0.02940773032605648
29,71,True,0.9652777910232544,16,0.821564793586731,0.2550126612186432,0.573989987373352,0.028942802920937538
29,72,True,1.0,16,0.822085976600647,0.2556449770927429,0.5598862171173096,0.022416116669774055
29,73,True,1.0,16,0.8238515853881836,0.251321017742157,0.5600296258926392,0.022447645664215088
29,74,True,1.0,16,0.8238515853881836,0.251321017742157,0.5600296258926392,0.022447645664215088
29,75,True,1.0,16,0.8238515853881836,0.251321017742157,0.5600296258926392,0.022447645664215088
29,76,True,1.0,16,0.8239240646362305,0.25122326612472534,0.5599853992462158,0.0224665068089962
29,77,True,1.0,16,0.8239138126373291,0.2512240707874298,0.5599828958511353,0.022467782720923424
29,78,True,1.0,16,0.8239090442657471,0.2512485384941101,0.5599834322929382,0.0224667489528656
29,79,True,1.0,16,0.8239054679870605,0.2512466311454773,0.5599825978279114,0.022466549649834633
29,80,True,1.0,16,0.8239068984985352,0.251250296831131,0.5599826574325562,0.0224680807441473
29,81,True,1.0,16,0.8239052295684814,0.2512487769126892,0.5599834322929382,0.022467125207185745
29,82,True,1.0,16,0.8239052295684814,0.25124964118003845,0.5599826574325562,0.022466257214546204
29,83,True,1.0,16,0.8239052295684814,0.25124847888946533,0.5599822998046875,0.02246619574725628
29,84,True,1.0,16,0.8240116834640503,0.25115013122558594,0.5600031614303589,0.022511908784508705
29,85,True,1.0,16,0.8240152597427368,0.25116515159606934,0.5600029230117798,0.022511638700962067
29,86,True,1.0,16,0.8240216970443726,0.2511763274669647,0.5600007772445679,0.02251104824244976
29,87,True,1.0,16,0.8240313529968262,0.2511809170246124,0.560002326965332,0.02251112461090088
29,88,True,1.0,16,0.8240276575088501,0.25117436051368713,0.5599997043609619,0.022510718554258347
29,89,True,1.0,16,0.8240314722061157,0.2511760890483856,0.5600000619888306,0.022509530186653137
29,90,True,1.0,16,0.8240281343460083,0.2511788010597229,0.5600003004074097,0.022509608417749405
29,91,True,1.0,16,0.8240271806716919,0.25117650628089905,0.5600002408027649,0.02250942587852478
29,92,True,1.0,16,0.8241264820098877,0.25129857659339905,0.5600553750991821,0.022555390372872353
29,93,True,1.0,16,0.8241297006607056,0.2513114809989929,0.5600535869598389,0.02255500853061676
29,94,True,1.0,16,0.8241294622421265,0.25132304430007935,0.5600525736808777,0.02255358174443245
29,95,True,1.0,16,0.8241280317306519,0.2513185739517212,0.5600519776344299,0.022555645555257797
29,96,True,1.0,16,0.8241246938705444,0.25131744146347046,0.5600496530532837,0.02255421131849289
29,97,True,1.0,16,0.8241251707077026,0.25132113695144653,0.5600498914718628,0.02255389466881752
29,98,True,1.0,16,0.8241246938705444,0.2513197660446167,0.5600497126579285,0.02255232445895672
29,99,True,1.0,16,0.8241254091262817,0.2513178586959839,0.5600496530532837,0.022553076967597008
29,100,True,1.0,16,0.8240886330604553,0.2516085207462311,0.5603799819946289,0.022658690810203552
29,101,True,1.0,16,0.8240995407104492,0.25157883763313293,0.5603795647621155,0.022658634930849075
29,102,True,1.0,16,0.824098527431488,0.2515724301338196,0.5603796243667603,0.022657839581370354
29,103,True,1.0,16,0.8241009712219238,0.25157615542411804,0.5603768825531006,0.022657135501503944
29,104,True,1.0,16,0.8241028785705566,0.2515740990638733,0.5603786706924438,0.022657349705696106
29,105,True,1.0,16,0.8241003155708313,0.25158101320266724,0.5603787899017334,0.022657154127955437
29,106,True,1.0,16,0.8240978717803955,0.2515754997730255,0.5603786706924438,0.022656958550214767
29,107,True,1.0,16,0.8240988850593567,0.2515801191329956,0.5603793263435364,0.022657344117760658
29,108,False,0.0,16,0.8167170286178589,0.2665157914161682,0.578984260559082,0.031128956004977226
29,109,False,0.0,16,0.8132274150848389,0.2686014175415039,0.5787873268127441,0.03105722740292549
29,110,False,0.0,16,0.8136389851570129,0.26810529828071594,0.578691840171814,0.030989203602075577
29,111,False,0.0,16,0.8138999938964844,0.26769694685935974,0.5785034894943237,0.03092033602297306
29,112,False,0.0,16,0.81361985206604,0.2676979601383209,0.5785874128341675,0.030946657061576843
29,113,False,0.0,16,0.8132897615432739,0.2693845331668854,0.5795055031776428,0.031372811645269394
29,114,False,0.0,16,0.8130511045455933,0.26989731192588806,0.5795340538024902,0.031398240476846695
29,115,False,0.0,16,0.8123738765716553,0.2703166604042053,0.5795683860778809,0.03145236149430275
29,116,False,0.0,16,0.8119148015975952,0.2710167467594147,0.5790268182754517,0.03115190751850605
29,117,False,0.0,16,0.8112849593162537,0.27171608805656433,0.5786386728286743,0.03098341077566147
29,118,False,0.0,16,0.8114391565322876,0.2720356583595276,0.5783638954162598,0.030859515070915222
29,119,False,0.0,16,0.8117431998252869,0.27239298820495605,0.578079104423523,0.03073875978589058
29,120,False,0.0,16,0.811987042427063,0.2731498181819916,0.5781667232513428,0.03078043833374977
29,121,False,0.0,16,0.8120391368865967,0.2735263407230377,0.5784417390823364,0.030921826139092445
29,122,False,0.0,16,0.8113893866539001,0.2740650773048401,0.5784071087837219,0.03089192323386669
29,123,False,0.0,16,0.8106962442398071,0.274766743183136,0.5784912705421448,0.0309685617685318
29,124,False,0.0,16,0.8094437122344971,0.275555819272995,0.5780900716781616,0.030831385403871536
29,125,False,0.0,16,0.809002161026001,0.27574843168258667,0.5780692100524902,0.030829761177301407
29,126,False,0.0,16,0.8091303110122681,0.27529197931289673,0.5780001878738403,0.030790282413363457
29,127,False,0.0,16,0.8092906475067139,0.27493253350257874,0.5778522491455078,0.03069017268717289
29,128,False,0.0,16,0.8097127676010132,0.27448177337646484,0.5782468318939209,0.030832447111606598
29,129,False,0.0,16,0.8103182315826416,0.2738121747970581,0.5783730745315552,0.03086470067501068
29,130,False,0.0,16,0.8112849593162537,0.27202314138412476,0.5785372257232666,0.03094456158578396
29,131,False,0.0,16,0.8118716478347778,0.27118945121765137,0.5787376165390015,0.03102273866534233
29,132,False,0.0,16,0.8121163845062256,0.270401269197464,0.5783973932266235,0.030895128846168518
29,133,False,0.0,16,0.8121818900108337,0.27062568068504333,0.578516960144043,0.030963461846113205
29,134,False,0.0,16,0.8123499155044556,0.27000439167022705,0.5783021450042725,0.03084200993180275
29,135,False,0.0,16,0.8128305077552795,0.2691628932952881,0.5779819488525391,0.030723463743925095
29,136,False,0.0,16,0.813507080078125,0.2703147828578949,0.5780834555625916,0.030749913305044174
29,137,False,0.0,16,0.8126950263977051,0.271757572889328,0.5779808759689331,0.030692970380187035
29,138,False,0.0,16,0.8122068047523499,0.2718648910522461,0.5779119729995728,0.03059111349284649
29,139,False,0.0,16,0.8115469217300415,0.27210527658462524,0.5777662992477417,0.030544359236955643
29,140,False,0.0,16,0.8110463619232178,0.27267077565193176,0.5770891308784485,0.030347604304552078
29,141,False,0.0,16,0.8105591535568237,0.273004412651062,0.5770329833030701,0.030341360718011856
29,142,False,0.0,16,0.8103055357933044,0.27323123812675476,0.5772049427032471,0.03045663796365261
29,143,False,0.0,16,0.8100787401199341,0.2730214595794678,0.577053427696228,0.030440088361501694
29,144,False,0.0,16,0.8095872402191162,0.2726120352745056,0.5768331289291382,0.03035563789308071
30,0,False,0.0,0,0.7613401412963867,0.1786801964044571,0.5416195392608643,0.020444754511117935
30,1,False,0.0,1,0.8387583494186401,0.2543419301509857,0.5760811567306519,0.030576514080166817
30,2,False,0.0,2,0.8391604423522949,0.2539043128490448,0.5761541724205017,0.03058278188109398
30,3,False,0.0,3,0.8396251797676086,0.2534027397632599,0.5758890509605408,0.030494963750243187
30,4,False,0.0,4,0.8397350311279297,0.253201425075531,0.5760554671287537,0.030530210584402084
30,5,False,0.0,5,0.8398385643959045,0.25314515829086304,0.5761343836784363,0.03052029199898243
30,6,False,0.0,6,0.8397330641746521,0.25328242778778076,0.5760765075683594,0.030457232147455215
30,7,False,0.0,7,0.8397108912467957,0.25338277220726013,0.5758733749389648,0.030404439195990562
30,8,False,0.0,8,0.8395901918411255,0.2535983920097351,0.5757269859313965,0.03032728098332882
30,9,False,0.0,9,0.8393734693527222,0.2538391649723053,0.5756844878196716,0.030288059264421463
30,10,False,0.0,10,0.8390794396400452,0.25391122698783875,0.575523853302002,0.0302369836717844
30,11,False,0.0,11,0.8389333486557007,0.25409525632858276,0.5749251842498779,0.030027519911527634
30,12,False,0.0,12,0.8386629819869995,0.2541920244693756,0.574761152267456,0.029949326068162918
30,13,False,0.0,13,0.8383690118789673,0.2542499899864197,0.5746418833732605,0.029952120035886765
30,14,False,0.0,14,0.8382363319396973,0.2541957199573517,0.5745267868041992,0.029913509264588356
30,15,False,0.0,15,0.8378119468688965,0.25444698333740234,0.5746007561683655,0.02998737059533596
30,16,False,0.0,16,0.8374511003494263,0.25456342101097107,0.5743933320045471,0.029948299750685692
30,17,False,0.0,16,0.8370716571807861,0.2543819844722748,0.5743033289909363,0.029945380985736847
30,18,False,0.0,16,0.8364942073822021,0.25443610548973083,0.5743241310119629,0.029998095706105232
30,19,False,0.0,16,0.8361600637435913,0.25459063053131104,0.5741096138954163,0.02994268387556076
30,20,False,0.0,16,0.8357785940170288,0.25487789511680603,0.5740174055099487,0.02993515320122242
30,21,False,0.0,16,0.8349385261535645,0.2556028366088867,0.5740463733673096,0.029987623915076256
30,22,False,0.0,16,0.834707498550415,0.2558576166629791,0.5740376710891724,0.02996860072016716
30,23,False,0.0,16,0.8341709971427917,0.25597718358039856,0.5739216804504395,0.029967982321977615
30,24,False,0.0,16,0.8335450887680054,0.25599685311317444,0.5739001035690308,0.030012382194399834
30,25,False,0.0,16,0.832410454750061,0.2563175559043884,0.5739200711250305,0.030073650181293488
30,26,False,0.0,16,0.8315516710281372,0.25654155015945435,0.5740834474563599,0.030174050480127335
30,27,False,0.0,16,0.8308485746383667,0.2564913332462311,0.5739790201187134,0.030014991760253906
30,28,False,0.0,16,0.829500675201416,0.25680628418922424,0.5737844705581665,0.02995421551167965
30,29,False,0.0,16,0.8290507793426514,0.25703445076942444,0.5737447738647461,0.029929708689451218
30,30,False,0.0,16,0.8279533982276917,0.25773581862449646,0.5744123458862305,0.03006310760974884
30,31,False,0.0,16,0.8264071941375732,0.25873252749443054,0.5741068720817566,0.029886722564697266
30,32,False,0.0,16,0.825788140296936,0.2601891756057739,0.5735233426094055,0.029684143140912056
30,33,False,0.0,16,0.8236180543899536,0.2619484066963196,0.5726772546768188,0.0293287206441164
30,34,False,0.0,16,0.8225996494293213,0.2638227641582489,0.5722835063934326,0.029260067269206047
30,35,False,0.0,16,0.8205386996269226,0.2662738561630249,0.5725117921829224,0.029285022988915443
30,36,False,0.0,16,0.8186626434326172,0.26732897758483887,0.572674572467804,0.02930351160466671
30,37,False,0.0,16,0.8165342211723328,0.2697887122631073,0.5736111402511597,0.02971533313393593
30,38,False,0.0,16,0.8146239519119263,0.2725844085216522,0.5738291144371033,0.029783351346850395
30,39,False,0.0,16,0.8131434321403503,0.2738760709762573,0.5737525820732117,0.029756056144833565
30,40,False,0.0,16,0.812653660774231,0.27471208572387695,0.573906660079956,0.029759246855974197
30,41,False,0.0,16,0.810855507850647,0.274711012840271,0.5743732452392578,0.029907017946243286
30,42,False,0.0,16,0.8102056980133057,0.27552834153175354,0.5742996335029602,0.02986699901521206
30,43,False,0.0,16,0.8096174597740173,0.27647334337234497,0.5749443769454956,0.029934171587228775
30,44,False,0.0,16,0.809585452079773,0.274058073759079,0.5750069618225098,0.02994849532842636
30,45,False,0.0,16,0.8102540373802185,0.2733666002750397,0.5752246379852295,0.029984083026647568
30,46,False,0.0,16,0.8111749887466431,0.2725050151348114,0.575352668762207,0.030050257220864296
30,47,False,0.0,16,0.810480535030365,0.27245035767555237,0.5752654075622559,0.03002362884581089
30,48,False,0.0,16,0.8094651103019714,0.27234944701194763,0.5751775503158569,0.029985064640641212
30,49,False,0.0,16,0.8099663257598877,0.2711361050605774,0.5751007795333862,0.02992764301598072
30,50,False,0.0,16,0.8102268576622009,0.2702977657318115,0.5751839876174927,0.02996099181473255
30,51,False,0.0,16,0.8094637393951416,0.2716567814350128,0.575633704662323,0.02987094223499298
30,52,True,0.020467836409807205,16,0.8110806345939636,0.27185970544815063,0.5754030346870422,0.02968568168580532
30,53,True,0.049707602709531784,16,0.8117225766181946,0.26878198981285095,0.5765189528465271,0.030052095651626587
30,54,True,0.07894736528396606,16,0.8121388554573059,0.2619662880897522,0.5765825510025024,0.02998608537018299
30,55,True,0.10818713158369064,16,0.814015805721283,0.2576168179512024,0.5756525993347168,0.029540536925196648
30,56,True,0.13742689788341522,16,0.8159646391868591,0.25408828258514404,0.5747982263565063,0.02915877290070057
30,57,True,0.1666666716337204,16,0.8167508840560913,0.25343140959739685,0.5740151405334473,0.028735868632793427
30,58,True,0.19590643048286438,16,0.8246755003929138,0.24418221414089203,0.5729747414588928,0.028354765847325325
30,59,True,0.22514620423316956,16,0.8243118524551392,0.24232618510723114,0.5740424394607544,0.028455909341573715
30,60,True,0.25438597798347473,16,0.8246614336967468,0.24226322770118713,0.5739530324935913,0.02843792364001274
30,61,True,0.2836257219314575,16,0.8229691982269287,0.242370143532753,0.5746116638183594,0.02866929955780506
30,62,True,0.3128654956817627,16,0.8221060037612915,0.24382208287715912,0.5753204822540283,0.028940938413143158
30,63,True,0.34210526943206787,16,0.8220183849334717,0.2448875457048416,0.5754735469818115,0.028935853391885757
30,64,True,0.37134504318237305,16,0.8207913637161255,0.24358150362968445,0.575492799282074,0.028919467702507973
30,65,True,0.40058478713035583,16,0.820806622505188,0.24289542436599731,0.5762654542922974,0.029245082288980484
30,66,True,0.429824560880661,16,0.821707010269165,0.24238386750221252,0.5762221217155457,0.02922663278877735
30,67,True,0.4590643346309662,16,0.8220994472503662,0.2427891492843628,0.5770002603530884,0.02921229787170887
30,68,True,0.48830410838127136,16,0.8228087425231934,0.24439266324043274,0.5767451524734497,0.029123874381184578
30,69,True,0.5175438523292542,16,0.8233357667922974,0.24353279173374176,0.5766927003860474,0.029094411060214043
30,70,True,0.5467836260795593,16,0.8266950845718384,0.24659228324890137,0.5769932270050049,0.02916720137000084
30,71,True,0.5760233998298645,16,0.8253892660140991,0.2512405812740326,0.5763005018234253,0.028843455016613007
30,72,True,0.6052631735801697,16,0.8252632021903992,0.2502230107784271,0.576435923576355,0.028885459527373314
30,73,True,0.6345029473304749,16,0.8254578113555908,0.25193458795547485,0.5767473578453064,0.029023487120866776
30,74,True,0.6637426614761353,16,0.8240737915039062,0.25031110644340515,0.5758658051490784,0.028635326772928238
30,75,True,0.6929824352264404,16,0.8233271241188049,0.24989601969718933,0.5757700204849243,0.02826509438455105
30,76,True,0.7222222089767456,16,0.8225526809692383,0.2505497932434082,0.5746067762374878,0.02783508226275444
30,77,True,0.7514619827270508,16,0.822172999382019,0.24918809533119202,0.5749666690826416,0.027973722666502
30,78,True,0.780701756477356,16,0.8220230937004089,0.24876829981803894,0.5745257139205933,0.027791384607553482
30,79,True,0.8099415302276611,16,0.8230339288711548,0.24983789026737213,0.5743292570114136,0.027708159759640694
30,80,True,0.8391813039779663,16,0.8213315010070801,0.25098684430122375,0.5740470886230469,0.027594057843089104
30,81,True,0.8684210777282715,16,0.8212773203849792,0.25017160177230835,0.5739325284957886,0.027554858475923538
30,82,True,0.8976607918739319,16,0.8215633034706116,0.25050222873687744,0.5743719339370728,0.027729179710149765
30,83,True,0.9269005656242371,16,0.8225053548812866,0.2513456344604492,0.5735948085784912,0.027123652398586273
30,84,True,0.9561403393745422,16,0.8225703239440918,0.25185737013816833,0.5730695724487305,0.026855330914258957
30,85,True,0.9853801131248474,16,0.8229936957359314,0.2510758638381958,0.5716296434402466,0.026248546317219734
30,86,True,1.0,16,0.8230672478675842,0.25174790620803833,0.5593875646591187,0.021566594019532204
30,87,True,1.0,16,0.8232107162475586,0.24872805178165436,0.5596119165420532,0.021616213023662567
30,88,True,1.0,16,0.8232107162475586,0.24872805178165436,0.5596119165420532,0.021616213023662567
30,89,True,1.0,16,0.8232107162475586,0.24872805178165436,0.5596119165420532,0.021616213023662567
30,90,True,1.0,16,0.8232107162475586,0.24872805178165436,0.5596119165420532,0.021616213023662567
30,91,True,1.0,16,0.8231230974197388,0.2496502548456192,0.5599578619003296,0.021619800478219986
30,92,True,1.0,16,0.82310950756073,0.24971693754196167,0.5599592924118042,0.021619655191898346
30,93,True,1.0,16,0.8231005668640137,0.24975530803203583,0.5599589943885803,0.021619245409965515
30,94,True,1.0,16,0.8230980634689331,0.24976660311222076,0.5599588751792908,0.021620141342282295
30,95,True,1.0,16,0.8230946063995361,0.24977466464042664,0.5599584579467773,0.021619131788611412
30,96,True,1.0,16,0.8230981230735779,0.2497720718383789,0.5599578619003296,0.021618427708745003
30,97,True,1.0,16,0.8230957388877869,0.24977165460586548,0.5599578619003296,0.021619189530611038
30,98,True,1.0,16,0.8230962157249451,0.24977271258831024,0.5599579811096191,0.02161908522248268
30,99,True,1.0,16,0.8229948282241821,0.25157618522644043,0.5605673789978027,0.021740829572081566
30,100,True,1.0,16,0.8229990005493164,0.2515828311443329,0.5605658292770386,0.021741777658462524
30,101,True,1.0,16,0.8230071663856506,0.25160911679267883,0.5605677962303162,0.021742096170783043
30,102,True,1.0,16,0.8230100274085999,0.2516087591648102,0.5605670809745789,0.021742094308137894
30,103,True,1.0,16,0.8230138421058655,0.25160786509513855,0.5605675578117371,0.02174212597310543
30,104,True,1.0,16,0.8230124115943909,0.2516084313392639,0.5605677962303162,0.021741792559623718
30,105,True,1.0,16,0.8230155110359192,0.25161096453666687,0.5605679750442505,0.02174237184226513
30,106,True,1.0,16,0.82301265001297,0.2516101896762848,0.5605676770210266,0.021742340177297592
30,107,True,1.0,16,0.8229148387908936,0.2526302635669708,0.5610824823379517,0.021887537091970444
30,108,True,1.0,16,0.8229202032089233,0.2526502013206482,0.5610815286636353,0.021885279566049576
30,109,True,1.0,16,0.8229070901870728,0.2526630163192749,0.5610821843147278,0.021888481453061104
30,110,True,1.0,16,0.8228927850723267,0.2526499330997467,0.5610814094543457,0.021889736875891685
30,111,True,1.0,16,0.822895884513855,0.2526589035987854,0.5610819458961487,0.021887781098484993
30,112,True,1.0,16,0.8228973150253296,0.25266072154045105,0.5610802173614502,0.021886833012104034
30,113,True,1.0,16,0.8228992223739624,0.2526634633541107,0.561082124710083,0.02188704162836075
30,114,True,1.0,16,0.8228999376296997,0.25265946984291077,0.5610820055007935,0.021886546164751053
30,115,True,1.0,16,0.8227392435073853,0.25343042612075806,0.5616253018379211,0.022061653435230255
30,116,True,1.0,16,0.8227393627166748,0.25339648127555847,0.5616216659545898,0.02206309698522091
30,117,True,1.0,16,0.8227273225784302,0.25338417291641235,0.5616178512573242,0.022061677649617195
30,118,True,1.0,16,0.8227224349975586,0.25338107347488403,0.5616167783737183,0.02206137217581272
30,119,True,1.0,16,0.8227202892303467,0.25337448716163635,0.5616171360015869,0.022061960771679878
30,120,True,1.0,16,0.8227188587188721,0.2533743381500244,0.5616148710250854,0.02206176146864891
30,121,True,1.0,16,0.8227161169052124,0.25337114930152893,0.5616161227226257,0.022062545642256737
30,122,True,1.0,16,0.8227189779281616,0.25337404012680054,0.5616163015365601,0.02206272818148136
30,123,True,1.0,16,0.8225107192993164,0.2539967894554138,0.5620740056037903,0.022264352068305016
30,124,True,1.0,16,0.8225142955780029,0.25398749113082886,0.5620693564414978,0.022264745086431503
30,125,True,1.0,16,0.8225013017654419,0.2539956271648407,0.5620697140693665,0.02226300537586212
30,126,True,1.0,16,0.8225075006484985,0.2539956569671631,0.5620700716972351,0.022264882922172546
30,127,True,1.0,16,0.8225133419036865,0.25399136543273926,0.5620669722557068,0.022261861711740494
30,128,True,1.0,16,0.8225133419036865,0.2539951503276825,0.5620676279067993,0.022263020277023315
30,129,False,0.0,16,0.8155500888824463,0.2741471230983734,0.582427978515625,0.030566908419132233
30,130,False,0.0,16,0.8081116676330566,0.28005748987197876,0.5822190046310425,0.03045632317662239
30,131,False,0.0,16,0.8078175187110901,0.2792782783508301,0.5823533535003662,0.030432699248194695
30,132,False,0.0,16,0.8078296780586243,0.2788693904876709,0.5822033286094666,0.030368711799383163
30,133,False,0.0,16,0.8074337244033813,0.2789759039878845,0.5822538137435913,0.030375730246305466
30,134,False,0.0,16,0.8072208762168884,0.2788026034832001,0.5821309089660645,0.030319564044475555
30,135,False,0.0,16,0.8071359395980835,0.2788521945476532,0.5819524526596069,0.030254878103733063
30,136,False,0.0,16,0.8073461055755615,0.2785130739212036,0.5819441080093384,0.030316723510622978
30,137,False,0.0,16,0.8073541522026062,0.2777903079986572,0.5819265842437744,0.030333347618579865
30,138,False,0.0,16,0.8081989884376526,0.2771587073802948,0.5819949507713318,0.030364928767085075
30,139,False,0.0,16,0.8086689710617065,0.2768438160419464,0.5821654796600342,0.030451467260718346
30,140,False,0.0,16,0.8098325133323669,0.27572548389434814,0.5822897553443909,0.030516942963004112
30,141,False,0.0,16,0.8105534315109253,0.27520644664764404,0.5824403762817383,0.03059552051126957
30,142,False,0.0,16,0.811853289604187,0.27460962533950806,0.582563579082489,0.030651545152068138
30,143,False,0.0,16,0.8123483657836914,0.27400484681129456,0.5829538106918335,0.030780646950006485
30,144,False,0.0,16,0.8129556775093079,0.27344924211502075,0.5831021070480347,0.03083757497370243
30,145,False,0.0,16,0.8139204978942871,0.27283766865730286,0.5830273628234863,0.030769985169172287
30,146,False,0.0,16,0.814383864402771,0.27250832319259644,0.5831469297409058,0.03082408383488655
30,147,False,0.0,16,0.8141068816184998,0.27256348729133606,0.5829533338546753,0.030721312388777733
30,148,False,0.0,16,0.8141487240791321,0.2724582254886627,0.5828730463981628,0.030677108094096184
30,149,False,0.0,16,0.8134949207305908,0.2723253667354584,0.5826335549354553,0.030583739280700684
30,150,False,0.0,16,0.813475489616394,0.271841824054718,0.5826634168624878,0.030599970370531082
30,151,False,0.0,16,0.813161313533783,0.271108478307724,0.5827590227127075,0.03064764104783535
30,152,False,0.0,16,0.8137552738189697,0.27038946747779846,0.58316969871521,0.030777614563703537
30,153,False,0.0,16,0.8143015503883362,0.2695053517818451,0.5833995938301086,0.030828604474663734
30,154,False,0.0,16,0.8136863112449646,0.26996973156929016,0.5832855701446533,0.03076278790831566
30,155,False,0.0,16,0.8132578730583191,0.27080732583999634,0.5828911662101746,0.030692828819155693
30,156,False,0.0,16,0.8129409551620483,0.271634578704834,0.5831905603408813,0.030796276405453682
30,157,False,0.0,16,0.8119441866874695,0.27286267280578613,0.5834876298904419,0.030896948650479317
30,158,False,0.0,16,0.8120549917221069,0.27328696846961975,0.5835369825363159,0.030949117615818977
30,159,False,0.0,16,0.8121039271354675,0.27303290367126465,0.5835292339324951,0.03093140758574009
30,160,False,0.0,16,0.8124409317970276,0.2730518877506256,0.5835513472557068,0.03092750906944275
30,161,False,0.0,16,0.8127188682556152,0.27269068360328674,0.583506166934967,0.030880413949489594
30,162,False,0.0,16,0.8124970197677612,0.27272704243659973,0.5835588574409485,0.03089044615626335
30,163,False,0.0,16,0.8123871088027954,0.27259397506713867,0.5826308131217957,0.03076903708279133
30,164,False,0.0,16,0.8119016289710999,0.27279186248779297,0.5822453498840332,0.030615007504820824
30,165,False,0.0,16,0.8112991452217102,0.2724939286708832,0.581720232963562,0.030425403267145157
30,166,False,0.0,16,0.8101874589920044,0.27263492345809937,0.5816015601158142,0.030420735478401184
30,167,False,0.0,16,0.8089642524719238,0.27257731556892395,0.5814010500907898,0.0303487628698349
30,168,False,0.0,16,0.8083161115646362,0.2728085517883301,0.5812581777572632,0.030331920832395554
30,169,False,0.0,16,0.807841420173645,0.27263543009757996,0.5810534954071045,0.030240042135119438
30,170,False,0.0,16,0.807780385017395,0.27234405279159546,0.5810375213623047,0.030207492411136627
30,171,False,0.0,16,0.8075194358825684,0.27226197719573975,0.5800569653511047,0.030040528625249863
31,0,False,0.0,0,0.7753219604492188,0.18716245889663696,0.5429502725601196,0.019208567216992378
31,1,False,0.0,1,0.8391496539115906,0.25683677196502686,0.5815019607543945,0.030421182513237
31,2,False,0.0,2,0.839866042137146,0.2561928927898407,0.5815253257751465,0.03042980469763279
31,3,False,0.0,3,0.8404923677444458,0.2556703984737396,0.5815268754959106,0.030451234430074692
31,4,False,0.0,4,0.8407101035118103,0.254983514547348,0.5816907286643982,0.030509622767567635
31,5,False,0.0,5,0.8406254053115845,0.2546858787536621,0.5816832184791565,0.030481453984975815
31,6,False,0.0,6,0.8403711318969727,0.25476908683776855,0.5817570090293884,0.030488846823573112
31,7,False,0.0,7,0.8399534225463867,0.25474485754966736,0.5807034373283386,0.030154239386320114
31,8,False,0.0,8,0.8399404883384705,0.2546444535255432,0.5805431008338928,0.030101556330919266
31,9,False,0.0,9,0.8401414155960083,0.2546147406101227,0.5805256366729736,0.030067594721913338
31,10,False,0.0,10,0.8402853012084961,0.25489717721939087,0.5806381702423096,0.030141063034534454
31,11,False,0.0,11,0.8399483561515808,0.25508707761764526,0.5809293985366821,0.030215095728635788
31,12,False,0.0,12,0.8396401405334473,0.2554607391357422,0.5810476541519165,0.03025074675679207
31,13,False,0.0,13,0.8391296863555908,0.25599977374076843,0.5810932517051697,0.0302620567381382
31,14,False,0.0,14,0.8386452198028564,0.2565435767173767,0.5809829235076904,0.030232002958655357
31,15,False,0.0,15,0.8383370041847229,0.2569613456726074,0.5802079439163208,0.029971206560730934
31,16,False,0.0,16,0.8381525874137878,0.2573665380477905,0.5803210735321045,0.030007192865014076
31,17,False,0.0,16,0.8374942541122437,0.257820188999176,0.5801788568496704,0.029957732185721397
31,18,False,0.0,16,0.8374723792076111,0.2579026520252228,0.5797187089920044,0.0298185795545578
31,19,False,0.0,16,0.836556613445282,0.25846758484840393,0.5798470973968506,0.029826808720827103
31,20,False,0.0,16,0.8355770111083984,0.2591058909893036,0.5796381831169128,0.02976454794406891
31,21,False,0.0,16,0.8338958024978638,0.2596878707408905,0.5795954465866089,0.029782015830278397
31,22,False,0.0,16,0.8323630094528198,0.26022228598594666,0.5797592997550964,0.02989944815635681
31,23,False,0.0,16,0.83114093542099,0.2605755925178528,0.5788086652755737,0.02963068149983883
31,24,False,0.0,16,0.8304668664932251,0.26089420914649963,0.5786645412445068,0.029692698270082474
31,25,False,0.0,16,0.8292962312698364,0.26160305738449097,0.5789209008216858,0.029833059757947922
31,26,False,0.0,16,0.8280760049819946,0.26215770840644836,0.5794935822486877,0.03001255914568901
31,27,False,0.0,16,0.8269215822219849,0.26300108432769775,0.5796364545822144,0.030013909563422203
31,28,False,0.0,16,0.8264945149421692,0.26342371106147766,0.5797022581100464,0.030042141675949097
31,29,False,0.0,16,0.8256253004074097,0.2639143764972687,0.5794378519058228,0.02989521622657776
31,30,False,0.0,16,0.8243991136550903,0.26467564702033997,0.5792297124862671,0.02979578636586666
31,31,False,0.0,16,0.8237731456756592,0.26506829261779785,0.5788345336914062,0.029640737920999527
31,32,False,0.0,16,0.8228472471237183,0.26589450240135193,0.5786477327346802,0.029617443680763245
31,33,False,0.0,16,0.8224046230316162,0.26690196990966797,0.5787874460220337,0.02965637668967247
31,34,True,0.01785714365541935,16,0.820928692817688,0.2686891555786133,0.579177737236023,0.029747512191534042
31,35,True,0.0625,16,0.8197436332702637,0.2677120864391327,0.577181875705719,0.028948582708835602
31,36,True,0.1071428582072258,16,0.82206130027771,0.26471003890037537,0.5758816003799438,0.02840328961610794
31,37,True,0.1517857164144516,16,0.8262021541595459,0.26139751076698303,0.5762865543365479,0.028513753786683083
31,38,True,0.1964285671710968,16,0.8266916275024414,0.26105445623397827,0.5765082836151123,0.02867129258811474
31,39,True,0.2410714328289032,16,0.823046088218689,0.2610107362270355,0.5765126943588257,0.02865424193441868
31,40,True,0.2857142984867096,16,0.8186487555503845,0.26391762495040894,0.5774531960487366,0.028990941122174263
31,41,True,0.3303571343421936,16,0.8188778162002563,0.25997740030288696,0.577078104019165,0.028802383691072464
31,42,True,0.375,16,0.8198657035827637,0.2580331265926361,0.5763540267944336,0.028506191447377205
31,43,True,0.4196428656578064,16,0.8200068473815918,0.25869518518447876,0.5766340494155884,0.028549272567033768
31,44,True,0.4642857015132904,16,0.820257306098938,0.2585732340812683,0.5761233568191528,0.028287464752793312
31,45,True,0.5089285969734192,16,0.8209023475646973,0.25925928354263306,0.575078010559082,0.027914268895983696
31,46,True,0.5535714030265808,16,0.8214110732078552,0.25949275493621826,0.574012815952301,0.027546867728233337
31,47,True,0.5982142686843872,16,0.8212180137634277,0.2595733404159546,0.5751835107803345,0.02805538848042488
31,48,True,0.6428571343421936,16,0.8215938806533813,0.25931063294410706,0.5753579139709473,0.028147565200924873
31,49,True,0.6875,16,0.8216105699539185,0.25866031646728516,0.575427770614624,0.0282207690179348
31,50,True,0.7321428656578064,16,0.8205175399780273,0.2587650716304779,0.5750875473022461,0.02809884399175644
31,51,True,0.7767857313156128,16,0.8206256628036499,0.25719818472862244,0.5739181041717529,0.027637118473649025
31,52,True,0.8214285969734192,16,0.8224977254867554,0.2561900317668915,0.5731686353683472,0.02737884782254696
31,53,True,0.8660714030265808,16,0.8241130113601685,0.25515031814575195,0.5730490684509277,0.027270561084151268
31,54,True,0.9107142686843872,16,0.8239134550094604,0.25691667199134827,0.5724117755889893,0.026988886296749115
31,55,True,0.9553571343421936,16,0.8234504461288452,0.2569531798362732,0.5718012452125549,0.026781179010868073
31,56,True,1.0,16,0.8210887908935547,0.2579975426197052,0.5586742162704468,0.02175046131014824
31,57,True,1.0,16,0.821427583694458,0.25777989625930786,0.5587073564529419,0.02177719585597515
31,58,True,1.0,16,0.821427583694458,0.25777989625930786,0.5587073564529419,0.02177719585597515
31,59,True,1.0,16,0.821427583694458,0.25777989625930786,0.5587073564529419,0.02177719585597515
31,60,True,1.0,16,0.821427583694458,0.25777989625930786,0.5587073564529419,0.02177719585597515
31,61,True,1.0,16,0.821427583694458,0.25777989625930786,0.5587073564529419,0.02177719585597515
31,62,True,1.0,16,0.821427583694458,0.25777989625930786,0.5587073564529419,0.02177719585597515
31,63,True,1.0,16,0.8214370012283325,0.25734004378318787,0.5592826008796692,0.02186477743089199
31,64,True,1.0,16,0.8214439153671265,0.2573191821575165,0.5592858791351318,0.02186340093612671
31,65,True,1.0,16,0.8214449882507324,0.2573001980781555,0.5592889785766602,0.021864095702767372
31,66,True,1.0,16,0.8214477300643921,0.25729554891586304,0.5592881441116333,0.02186514064669609
31,67,True,1.0,16,0.8214460611343384,0.25729647278785706,0.5592882037162781,0.021864905953407288
31,68,True,1.0,16,0.8214515447616577,0.2573015093803406,0.5592902898788452,0.021865207701921463
31,69,True,1.0,16,0.8214459419250488,0.2572981119155884,0.5592912435531616,0.021864796057343483
31,70,True,1.0,16,0.8214461803436279,0.2572958171367645,0.5592904686927795,0.021865399554371834
31,71,True,1.0,16,0.8216731548309326,0.2564083933830261,0.5598084330558777,0.021956251934170723
31,72,True,1.0,16,0.8216743469238281,0.25639936327934265,0.5598140954971313,0.021957535296678543
31,73,True,1.0,16,0.8216873407363892,0.2564087510108948,0.5598176121711731,0.02195785939693451
31,74,True,1.0,16,0.821691632270813,0.25640448927879333,0.5598182082176208,0.021957198157906532
31,75,True,1.0,16,0.8216944932937622,0.2564001679420471,0.5598177909851074,0.021957509219646454
31,76,True,1.0,16,0.8216973543167114,0.2563950717449188,0.5598188042640686,0.021957766264677048
31,77,True,1.0,16,0.821698784828186,0.25639837980270386,0.5598177909851074,0.021957702934741974
31,78,True,1.0,16,0.8216938972473145,0.2564086318016052,0.5598184466362,0.02195858396589756
31,79,True,1.0,16,0.8217892646789551,0.25556761026382446,0.5602107048034668,0.02198958583176136
31,80,True,1.0,16,0.8217827081680298,0.25556057691574097,0.5602158308029175,0.021989749744534492
31,81,True,1.0,16,0.8217934370040894,0.2555560767650604,0.5602177977561951,0.021989908069372177
31,82,True,1.0,16,0.8218002319335938,0.25552770495414734,0.5602193474769592,0.02199072763323784
31,83,True,1.0,16,0.8218051195144653,0.25553226470947266,0.5602174401283264,0.021990632638335228
31,84,False,0.0,16,0.8216089010238647,0.26848170161247253,0.5768929719924927,0.029357492923736572
31,85,False,0.0,16,0.8185004591941833,0.27054864168167114,0.5769885778427124,0.029398832470178604
31,86,False,0.0,16,0.8181254863739014,0.2711349129676819,0.57713782787323,0.029475243762135506
31,87,False,0.0,16,0.8175950646400452,0.2714250683784485,0.577339768409729,0.02957409992814064
31,88,False,0.0,16,0.8165692687034607,0.27252402901649475,0.5772042870521545,0.02951677516102791
31,89,False,0.0,16,0.8150655031204224,0.2740022540092468,0.5775125622749329,0.02962322346866131
31,90,False,0.0,16,0.8131700754165649,0.2754424214363098,0.5771613121032715,0.02951892651617527
31,91,False,0.0,16,0.8111132979393005,0.2770738899707794,0.577396035194397,0.029581809416413307
31,92,False,0.0,16,0.8093448281288147,0.2786508798599243,0.5768144130706787,0.02932681143283844
31,93,False,0.0,16,0.807873010635376,0.27981576323509216,0.5768097639083862,0.02932065539062023
31,94,False,0.0,16,0.8058080673217773,0.28136923909187317,0.577106237411499,0.029494795948266983
