episode_id,timestep,occlusion_flag,occlusion_strength,history_size,cog_alpha_mean,cog_alpha_std,per_alpha_mean,per_alpha_std
0,0,False,0.0,0,0.7266072034835815,0.1789936125278473,0.5027141571044922,0.003439625259488821
0,1,False,0.0,1,0.8070427775382996,0.2504795789718628,0.5076138377189636,0.014354199171066284
0,2,False,0.0,2,0.8070353269577026,0.2503938376903534,0.5077181458473206,0.014354226179420948
0,3,False,0.0,3,0.8070231676101685,0.25043705105781555,0.5077389478683472,0.014311036095023155
0,4,False,0.0,4,0.8071011304855347,0.2502685785293579,0.5080770254135132,0.014289467595517635
0,5,False,0.0,5,0.8077232837677002,0.24996988475322723,0.5080263614654541,0.014290648512542248
0,6,False,0.0,6,0.8084737062454224,0.24921734631061554,0.5086637735366821,0.014445019885897636
0,7,False,0.0,7,0.8070599436759949,0.24972841143608093,0.5096415281295776,0.01460609957575798
0,8,False,0.0,8,0.8041796088218689,0.2510248124599457,0.5105452537536621,0.014245385304093361
0,9,False,0.0,9,0.8037110567092896,0.2516978085041046,0.510033130645752,0.014352207072079182
0,10,False,0.0,10,0.803302526473999,0.25212034583091736,0.5096890926361084,0.014275128953158855
0,11,False,0.0,11,0.8031573295593262,0.2522115111351013,0.5097157955169678,0.014260686002671719
0,12,False,0.0,12,0.8027582168579102,0.2526925504207611,0.5100767016410828,0.014182467013597488
0,13,False,0.0,13,0.8021633625030518,0.2535504400730133,0.510219395160675,0.014160369522869587
0,14,False,0.0,14,0.8016990423202515,0.25408676266670227,0.5101510286331177,0.014147807843983173
0,15,False,0.0,15,0.8010566234588623,0.2546449601650238,0.5105540752410889,0.014142036437988281
0,16,False,0.0,16,0.8021293878555298,0.2541704773902893,0.5099329948425293,0.014349106699228287
0,17,False,0.0,16,0.8027725219726562,0.254287451505661,0.5100467801094055,0.014356158673763275
0,18,False,0.0,16,0.8032997846603394,0.25443437695503235,0.5102963447570801,0.014324845746159554
0,19,False,0.0,16,0.8037235736846924,0.2547033429145813,0.5104511976242065,0.014392135664820671
0,20,False,0.0,16,0.8040041327476501,0.2549983561038971,0.5101144313812256,0.014285940676927567
0,21,False,0.0,16,0.8047295212745667,0.25471019744873047,0.5098174810409546,0.014099006541073322
0,22,False,0.0,16,0.8046810626983643,0.25441309809684753,0.5097702741622925,0.014075562357902527
0,23,False,0.0,16,0.8048976063728333,0.2541654109954834,0.5096026659011841,0.014037900604307652
0,24,False,0.0,16,0.806451678276062,0.2535538375377655,0.5084244012832642,0.014180918224155903
0,25,False,0.0,16,0.8063544034957886,0.2536434531211853,0.5080165863037109,0.014111237600445747
0,26,False,0.0,16,0.8064576387405396,0.25362613797187805,0.507606029510498,0.014016589149832726
0,27,False,0.0,16,0.8065592050552368,0.2536826729774475,0.5077109932899475,0.013981202617287636
0,28,False,0.0,16,0.8059870004653931,0.25385379791259766,0.5078765749931335,0.013963238336145878
0,29,False,0.0,16,0.8055189251899719,0.2542060613632202,0.5079938173294067,0.01395834144204855
0,30,False,0.0,16,0.8041322827339172,0.2543916404247284,0.5078743696212769,0.013847031630575657
0,31,False,0.0,16,0.8024783134460449,0.2550778388977051,0.5079985857009888,0.013877103105187416
0,32,False,0.0,16,0.8003799319267273,0.255588173866272,0.5077586770057678,0.014048746787011623
0,33,False,0.0,16,0.7977969646453857,0.25714144110679626,0.5079130530357361,0.014021137729287148
0,34,False,0.0,16,0.7942038774490356,0.25945964455604553,0.507847249507904,0.01403149776160717
0,35,False,0.0,16,0.79112309217453,0.26177358627319336,0.5079448819160461,0.014058568514883518
0,36,False,0.0,16,0.7883644700050354,0.2637270987033844,0.5079889893531799,0.014015805907547474
0,37,False,0.0,16,0.7867399454116821,0.2643873989582062,0.5081080794334412,0.013871701434254646
0,38,False,0.0,16,0.7847880125045776,0.26528313755989075,0.5079883337020874,0.013845998793840408
0,39,False,0.0,16,0.783746600151062,0.26626744866371155,0.5073167085647583,0.01391742005944252
0,40,False,0.0,16,0.7827917337417603,0.2675555944442749,0.5065537095069885,0.014187542721629143
0,41,False,0.0,16,0.7825185060501099,0.2687520980834961,0.5069237947463989,0.014244427904486656
0,42,False,0.0,16,0.78098064661026,0.27078819274902344,0.5069681406021118,0.01416074950248003
0,43,False,0.0,16,0.7797787189483643,0.27221810817718506,0.5074648857116699,0.014156173914670944
0,44,False,0.0,16,0.7781106233596802,0.27373605966567993,0.5078438520431519,0.014277922920882702
0,45,False,0.0,16,0.7750276327133179,0.2759956419467926,0.5084295272827148,0.014236223883926868
0,46,False,0.0,16,0.7731106281280518,0.2770446538925171,0.5087326765060425,0.014371995814144611
0,47,False,0.0,16,0.7715440988540649,0.27768391370773315,0.5089915990829468,0.014569987542927265
0,48,False,0.0,16,0.7711930274963379,0.27821460366249084,0.5079978704452515,0.015148825943470001
0,49,False,0.0,16,0.7710374593734741,0.2786034047603607,0.5082944631576538,0.015254688449203968
0,50,False,0.0,16,0.7710330486297607,0.27883824706077576,0.508446455001831,0.015313048847019672
0,51,False,0.0,16,0.7716549634933472,0.2787298560142517,0.5080891847610474,0.015310571528971195
0,52,False,0.0,16,0.7719734311103821,0.2783241868019104,0.5078867077827454,0.015272480435669422
0,53,False,0.0,16,0.7719001770019531,0.2776776850223541,0.5074982643127441,0.015219567343592644
0,54,False,0.0,16,0.7724380493164062,0.27692046761512756,0.5073118209838867,0.015188736841082573
0,55,False,0.0,16,0.7740331888198853,0.275373250246048,0.506995439529419,0.015216520987451077
0,56,False,0.0,16,0.7753082513809204,0.2736257314682007,0.505982518196106,0.01580238714814186
0,57,False,0.0,16,0.7766333818435669,0.27323850989341736,0.5058711171150208,0.015743529424071312
0,58,False,0.0,16,0.7771732807159424,0.2732096314430237,0.5055575370788574,0.015614817850291729
0,59,False,0.0,16,0.777233362197876,0.2728506922721863,0.5052316188812256,0.015580368228256702
0,60,False,0.0,16,0.7772607803344727,0.27321454882621765,0.5048985481262207,0.01559676043689251
0,61,False,0.0,16,0.777074933052063,0.2737424671649933,0.504920482635498,0.01552696991711855
0,62,False,0.0,16,0.777387261390686,0.2735864818096161,0.5049608945846558,0.015533817000687122
0,63,False,0.0,16,0.7784777879714966,0.27316975593566895,0.5050570368766785,0.015613016672432423
0,64,False,0.0,16,0.7791576385498047,0.2717134356498718,0.5041109323501587,0.016289979219436646
0,65,False,0.0,16,0.779400110244751,0.27146482467651367,0.5041882991790771,0.016361335292458534
0,66,False,0.0,16,0.7804521322250366,0.27078455686569214,0.5040988922119141,0.016370683908462524
0,67,False,0.0,16,0.7811377048492432,0.2701887786388397,0.5037743449211121,0.01641368307173252
0,68,False,0.0,16,0.7815958857536316,0.2689284682273865,0.5037471055984497,0.01649073325097561
0,69,False,0.0,16,0.782011866569519,0.2684904932975769,0.5036319494247437,0.016598083078861237
0,70,False,0.0,16,0.7824352979660034,0.26859399676322937,0.5036766529083252,0.01660693995654583
0,71,False,0.0,16,0.7829113006591797,0.2685716450214386,0.5035854578018188,0.01652270182967186
0,72,False,0.0,16,0.7845622301101685,0.26808077096939087,0.5035789608955383,0.01693631336092949
0,73,False,0.0,16,0.7864267230033875,0.2668702006340027,0.5038226842880249,0.016903037205338478
0,74,False,0.0,16,0.7879278659820557,0.2658287286758423,0.503627359867096,0.016934700310230255
0,75,False,0.0,16,0.7892966270446777,0.26444005966186523,0.5039989948272705,0.016979629173874855
0,76,False,0.0,16,0.7903207540512085,0.26344719529151917,0.5047690868377686,0.017020292580127716
0,77,False,0.0,16,0.79114830493927,0.2632634937763214,0.5048185586929321,0.01700551249086857
0,78,False,0.0,16,0.7914637923240662,0.26334336400032043,0.5048494338989258,0.01696285419166088
0,79,False,0.0,16,0.7916488647460938,0.263393372297287,0.504562497138977,0.016892943531274796
0,80,False,0.0,16,0.7917683720588684,0.2635563910007477,0.5045977830886841,0.017239658161997795
0,81,False,0.0,16,0.7913086414337158,0.26414722204208374,0.5043280124664307,0.017118873074650764
0,82,False,0.0,16,0.7905711531639099,0.2648753821849823,0.5040976405143738,0.017037948593497276
0,83,False,0.0,16,0.7902166247367859,0.2657615840435028,0.5039167404174805,0.01698976755142212
0,84,False,0.0,16,0.7895751595497131,0.2668791115283966,0.5037230253219604,0.016912825405597687
0,85,False,0.0,16,0.7886946797370911,0.2677430808544159,0.5034759640693665,0.016931725665926933
0,86,False,0.0,16,0.7882528305053711,0.2686520218849182,0.5034283399581909,0.016899360343813896
0,87,False,0.0,16,0.7877117395401001,0.2695854902267456,0.5032658576965332,0.016881778836250305
0,88,False,0.0,16,0.786344587802887,0.27082502841949463,0.503682017326355,0.017219001427292824
0,89,False,0.0,16,0.7846679091453552,0.27197861671447754,0.5036985874176025,0.017320305109024048
0,90,False,0.0,16,0.782721757888794,0.27308619022369385,0.5041177272796631,0.01731863245368004
0,91,False,0.0,16,0.7800263166427612,0.2752235233783722,0.5041050910949707,0.017328213900327682
0,92,False,0.0,16,0.7782010436058044,0.2767062187194824,0.5042228698730469,0.017376665025949478
0,93,False,0.0,16,0.777567982673645,0.27790284156799316,0.5045108795166016,0.017387578263878822
0,94,False,0.0,16,0.7758232355117798,0.27853691577911377,0.50433349609375,0.017430948093533516
0,95,False,0.0,16,0.7760323286056519,0.2782951295375824,0.504410982131958,0.017435641959309578
0,96,False,0.0,16,0.7763700485229492,0.278026282787323,0.504936933517456,0.017422834411263466
0,97,False,0.0,16,0.776412844657898,0.27785155177116394,0.5052443146705627,0.017499983310699463
0,98,False,0.0,16,0.7770090103149414,0.27668529748916626,0.5051816701889038,0.017514679580926895
0,99,False,0.0,16,0.777765154838562,0.2750210165977478,0.5050790309906006,0.017503710463643074
0,100,False,0.0,16,0.7786622047424316,0.2729044258594513,0.5051212310791016,0.017503606155514717
0,101,False,0.0,16,0.7792545557022095,0.27116158604621887,0.5048708319664001,0.017559019848704338
0,102,False,0.0,16,0.7793992757797241,0.2706359922885895,0.5046923160552979,0.01757877878844738
0,103,False,0.0,16,0.7789316177368164,0.2702445089817047,0.5044972896575928,0.01761782169342041
0,104,False,0.0,16,0.7780822515487671,0.2702520191669464,0.5051851272583008,0.01749245822429657
0,105,False,0.0,16,0.7778159379959106,0.269557923078537,0.5049439668655396,0.017451249063014984
0,106,False,0.0,16,0.7780047655105591,0.26894980669021606,0.5049598813056946,0.01738518476486206
0,107,False,0.0,16,0.7777742147445679,0.26841676235198975,0.5049796104431152,0.01733783818781376
0,108,False,0.0,16,0.7777576446533203,0.2679947316646576,0.5050744414329529,0.017288943752646446
0,109,False,0.0,16,0.7783873081207275,0.2677313983440399,0.505462110042572,0.017289990559220314
0,110,False,0.0,16,0.7787393927574158,0.2672475576400757,0.505664587020874,0.01719755120575428
0,111,False,0.0,16,0.7792694568634033,0.2668823003768921,0.5056858062744141,0.01714027114212513
0,112,False,0.0,16,0.7795243263244629,0.2667379081249237,0.5068104267120361,0.016967741772532463
0,113,False,0.0,16,0.7797282338142395,0.2667676508426666,0.5068963766098022,0.016930198296904564
0,114,False,0.0,16,0.7796624898910522,0.26681050658226013,0.506837010383606,0.0169309601187706
0,115,False,0.0,16,0.7792065143585205,0.2665994465351105,0.5067400932312012,0.01694916933774948
0,116,False,0.0,16,0.7786828279495239,0.26625826954841614,0.5066440105438232,0.016964562237262726
0,117,False,0.0,16,0.7750416994094849,0.2614807188510895,0.5061479806900024,0.017002055421471596
0,118,False,0.0,16,0.7767370939254761,0.26113927364349365,0.5061975717544556,0.016848450526595116
0,119,False,0.0,16,0.7836719751358032,0.26345768570899963,0.50625079870224,0.016751615330576897
0,120,False,0.0,16,0.7840596437454224,0.26400282979011536,0.5077247619628906,0.016494572162628174
0,121,False,0.0,16,0.7846507430076599,0.2645987272262573,0.5077627897262573,0.016533249989151955
0,122,False,0.0,16,0.7854481935501099,0.2649921774864197,0.5077409744262695,0.01655048318207264
0,123,False,0.0,16,0.7848708629608154,0.2652970850467682,0.5075774192810059,0.016621997579932213
0,124,False,0.0,16,0.784985363483429,0.2653322219848633,0.5074735879898071,0.016672974452376366
1,0,False,0.0,0,0.7184133529663086,0.18345218896865845,0.502597451210022,0.004572413396090269
1,1,False,0.0,1,0.47993409633636475,0.18176470696926117,0.510717511177063,0.017523547634482384
1,2,False,0.0,2,0.6105842590332031,0.13555565476417542,0.5110695362091064,0.01764562726020813
1,3,False,0.0,3,0.8058319091796875,0.24180594086647034,0.5123751163482666,0.017495734617114067
1,4,False,0.0,4,0.8062310218811035,0.2434447556734085,0.5123841762542725,0.017490224912762642
1,5,False,0.0,5,0.8062283992767334,0.24454429745674133,0.5124731659889221,0.017474574968218803
1,6,False,0.0,6,0.8058302402496338,0.24743926525115967,0.5125105381011963,0.01741771027445793
1,7,False,0.0,7,0.8052130341529846,0.24825628101825714,0.5127499103546143,0.017372839152812958
1,8,False,0.0,8,0.8046544790267944,0.25005415081977844,0.5126450061798096,0.017374688759446144
1,9,False,0.0,9,0.8041357398033142,0.2516957223415375,0.512630820274353,0.01740814745426178
1,10,False,0.0,10,0.8038884997367859,0.2532702684402466,0.5123192667961121,0.01748090609908104
1,11,False,0.0,11,0.803611159324646,0.2556458115577698,0.513715922832489,0.017348475754261017
1,12,False,0.0,12,0.8037757873535156,0.25563302636146545,0.5136356353759766,0.01729276031255722
1,13,False,0.0,13,0.8037506937980652,0.25608396530151367,0.5133343935012817,0.017325719818472862
1,14,False,0.0,14,0.8034151196479797,0.2569834589958191,0.51295006275177,0.017369108274579048
1,15,False,0.0,15,0.8030785322189331,0.25813186168670654,0.5128841400146484,0.01740260235965252
1,16,False,0.0,16,0.8026907444000244,0.2587226927280426,0.5126922130584717,0.01745438016951084
1,17,False,0.0,16,0.8025380373001099,0.25899648666381836,0.5128126740455627,0.017439616844058037
1,18,False,0.0,16,0.8028264045715332,0.25916191935539246,0.513335108757019,0.017373692244291306
1,19,False,0.0,16,0.802631139755249,0.2592148184776306,0.5146892070770264,0.017386239022016525
1,20,False,0.0,16,0.802842378616333,0.25891581177711487,0.5146474838256836,0.01743367686867714
1,21,False,0.0,16,0.8034549355506897,0.2581329345703125,0.5147229433059692,0.01743875816464424
1,22,False,0.0,16,0.8034371137619019,0.25788459181785583,0.5147589445114136,0.017525263130664825
1,23,False,0.0,16,0.8034459352493286,0.25782671570777893,0.5150195360183716,0.017570335417985916
1,24,False,0.0,16,0.8032974004745483,0.2580402195453644,0.5151558518409729,0.017628055065870285
1,25,False,0.0,16,0.8027632236480713,0.25845950841903687,0.5152824521064758,0.017693769186735153
1,26,False,0.0,16,0.8022505640983582,0.25928762555122375,0.5156282186508179,0.017717301845550537
1,27,False,0.0,16,0.8021472692489624,0.2600044906139374,0.516688883304596,0.017576588317751884
1,28,False,0.0,16,0.8014999628067017,0.25999635457992554,0.5165780782699585,0.01753292791545391
1,29,False,0.0,16,0.800564169883728,0.26043277978897095,0.516437292098999,0.01748291216790676
1,30,False,0.0,16,0.7987277507781982,0.2609890401363373,0.5164494514465332,0.01735510304570198
1,31,False,0.0,16,0.7978649139404297,0.26069319248199463,0.5163061618804932,0.01734798215329647
1,32,False,0.0,16,0.7964571714401245,0.26048868894577026,0.5162687301635742,0.01723363809287548
1,33,False,0.0,16,0.7944689393043518,0.26104480028152466,0.5157684087753296,0.017184678465127945
1,34,False,0.0,16,0.792503833770752,0.2624983489513397,0.5157546997070312,0.01727466471493244
1,35,False,0.0,16,0.792265772819519,0.2633078098297119,0.5165410041809082,0.017339341342449188
1,36,False,0.0,16,0.790795087814331,0.26488104462623596,0.5166134238243103,0.01738722436130047
1,37,False,0.0,16,0.7900424003601074,0.2656303644180298,0.5166325569152832,0.017611095681786537
1,38,False,0.0,16,0.7898225784301758,0.26606011390686035,0.5169065594673157,0.017560560256242752
1,39,False,0.0,16,0.7899333238601685,0.2669573426246643,0.5175307989120483,0.01760231889784336
1,40,False,0.0,16,0.7889553904533386,0.2684449553489685,0.5175607800483704,0.01769477315247059
1,41,False,0.0,16,0.7878398299217224,0.2695038616657257,0.5173752903938293,0.0176229327917099
1,42,False,0.0,16,0.785986065864563,0.27120184898376465,0.5173777341842651,0.017555581405758858
1,43,False,0.0,16,0.7857812643051147,0.2717542052268982,0.5179417133331299,0.017421070486307144
1,44,False,0.0,16,0.7849968671798706,0.2729273736476898,0.5180768966674805,0.017288751900196075
1,45,False,0.0,16,0.7830827236175537,0.27366194128990173,0.5179628133773804,0.017367640510201454
1,46,True,0.023178808391094208,16,0.7814438939094543,0.2742871046066284,0.5182716846466064,0.0173049196600914
1,47,True,0.05629139021039009,16,0.781512975692749,0.2746163606643677,0.5186053514480591,0.01729542389512062
1,48,True,0.08940397202968597,16,0.780764639377594,0.27377066016197205,0.5188034176826477,0.0172974094748497
1,49,True,0.12251655757427216,16,0.7811949253082275,0.27322918176651,0.519145131111145,0.01732279360294342
1,50,True,0.15562914311885834,16,0.7801445126533508,0.2719958424568176,0.5189275145530701,0.017414458096027374
1,51,True,0.18874172866344452,16,0.7791410684585571,0.2715547978878021,0.5191140174865723,0.017396802082657814
1,52,True,0.2218542993068695,16,0.7783057689666748,0.2740936875343323,0.5190531015396118,0.017542174085974693
1,53,True,0.2549668848514557,16,0.7781274318695068,0.2768314778804779,0.5189783573150635,0.017574908211827278
1,54,True,0.28807947039604187,16,0.7792784571647644,0.2754814326763153,0.5185050368309021,0.017427366226911545
1,55,True,0.32119205594062805,16,0.7800761461257935,0.2749359905719757,0.5180891752243042,0.017329348251223564
1,56,True,0.35430464148521423,16,0.7812249660491943,0.27492260932922363,0.5180301666259766,0.01731627620756626
1,57,True,0.3874172270298004,16,0.7813498973846436,0.27455994486808777,0.5177954435348511,0.017349354922771454
1,58,True,0.4205298125743866,16,0.7824438214302063,0.2733592689037323,0.5179533958435059,0.01731294021010399
1,59,True,0.4536423981189728,16,0.7827270030975342,0.27270567417144775,0.5180379152297974,0.017250409349799156
1,60,True,0.4867549538612366,16,0.7834655046463013,0.27181509137153625,0.5181781053543091,0.017215853556990623
1,61,True,0.5198675394058228,16,0.7855967283248901,0.26940909028053284,0.5184788703918457,0.017059480771422386
1,62,True,0.5529801249504089,16,0.788198709487915,0.2664170563220978,0.51865553855896,0.016994744539260864
1,63,True,0.5860927104949951,16,0.7914903163909912,0.2614101767539978,0.5197161436080933,0.01721300557255745
1,64,True,0.6192052960395813,16,0.7916538715362549,0.2605424225330353,0.5200784802436829,0.017331793904304504
1,65,True,0.6523178815841675,16,0.7907716035842896,0.26030391454696655,0.5201883316040039,0.017346497625112534
1,66,True,0.6854304671287537,16,0.7888801097869873,0.2602171003818512,0.5206947326660156,0.017486102879047394
1,67,True,0.7185430526733398,16,0.7912790775299072,0.2579105496406555,0.5209130048751831,0.017462315037846565
1,68,True,0.751655638217926,16,0.7921702861785889,0.2568574547767639,0.5206906795501709,0.017485834658145905
1,69,True,0.7847682237625122,16,0.7955096960067749,0.25347021222114563,0.5207646489143372,0.017585070803761482
1,70,True,0.8178808093070984,16,0.7946192026138306,0.2555534839630127,0.5198724269866943,0.017360858619213104
1,71,True,0.8509933948516846,16,0.792688250541687,0.25646674633026123,0.5191766023635864,0.017146702855825424
1,72,True,0.8841059803962708,16,0.793565034866333,0.25565144419670105,0.5194541215896606,0.01717141643166542
1,73,True,0.9172185659408569,16,0.7946698665618896,0.2555229067802429,0.5190402269363403,0.017141303047537804
1,74,True,0.9503311514854431,16,0.7950421571731567,0.2551553249359131,0.518881618976593,0.01725870557129383
1,75,True,0.9834437370300293,16,0.7943997383117676,0.25582951307296753,0.5193569660186768,0.017421482130885124
1,76,True,1.0,16,0.7925726175308228,0.2560119330883026,0.5194956064224243,0.01746494136750698
1,77,True,1.0,16,0.7925517559051514,0.2558753788471222,0.5195095539093018,0.01746351830661297
1,78,True,1.0,16,0.7925399541854858,0.2558329999446869,0.5195052027702332,0.01746194437146187
1,79,True,1.0,16,0.7925491333007812,0.25582319498062134,0.5195033550262451,0.017459454014897346
1,80,True,1.0,16,0.7925407886505127,0.2558080554008484,0.5195029973983765,0.017458725720643997
1,81,True,1.0,16,0.7925335168838501,0.2557966709136963,0.5195043087005615,0.017459621652960777
1,82,True,1.0,16,0.7925302982330322,0.2558020055294037,0.5195045471191406,0.017459247261285782
1,83,True,1.0,16,0.7922788262367249,0.25611764192581177,0.5192259550094604,0.01763373427093029
1,84,True,1.0,16,0.7922505736351013,0.2561315596103668,0.5192346572875977,0.01763436570763588
1,85,True,1.0,16,0.7922341227531433,0.25614532828330994,0.519231379032135,0.017633430659770966
1,86,True,1.0,16,0.7922198176383972,0.2561675012111664,0.5192328691482544,0.01763422228395939
1,87,True,1.0,16,0.7922260761260986,0.2561664581298828,0.5192334651947021,0.017636161297559738
1,88,True,1.0,16,0.7922285795211792,0.2561693489551544,0.5192352533340454,0.017636306583881378
1,89,True,1.0,16,0.7922277450561523,0.256166011095047,0.5192341804504395,0.017635304480791092
1,90,True,1.0,16,0.792229175567627,0.2561681568622589,0.519234299659729,0.017634684219956398
1,91,True,1.0,16,0.7919514179229736,0.2562878429889679,0.5190179347991943,0.017850972712039948
1,92,True,1.0,16,0.7919334173202515,0.2562924027442932,0.519027054309845,0.017854100093245506
1,93,True,1.0,16,0.7919036149978638,0.25631245970726013,0.5190300345420837,0.017854541540145874
1,94,True,1.0,16,0.7919285297393799,0.25632745027542114,0.5190355777740479,0.017856689170002937
1,95,True,1.0,16,0.7919085025787354,0.2563335597515106,0.5190388560295105,0.017854928970336914
1,96,True,1.0,16,0.7919069528579712,0.2563396394252777,0.5190386176109314,0.017855996266007423
1,97,True,1.0,16,0.7919055223464966,0.25634026527404785,0.5190368890762329,0.01785566285252571
1,98,True,1.0,16,0.791907548904419,0.25633886456489563,0.5190381407737732,0.01785571686923504
1,99,True,1.0,16,0.7915509939193726,0.2566210925579071,0.5190762281417847,0.018060708418488503
1,100,True,1.0,16,0.7915081977844238,0.2566278278827667,0.5190820693969727,0.01806594803929329
1,101,True,1.0,16,0.791521430015564,0.2566354274749756,0.5190736055374146,0.01806464232504368
1,102,True,1.0,16,0.7915096282958984,0.256675124168396,0.5190761089324951,0.018066653981804848
1,103,True,1.0,16,0.7915091514587402,0.25667548179626465,0.5190758109092712,0.018066836521029472
1,104,True,1.0,16,0.7915045022964478,0.25664272904396057,0.519076943397522,0.01806623488664627
1,105,True,1.0,16,0.7914997339248657,0.25664186477661133,0.5190773010253906,0.018066901713609695
1,106,True,1.0,16,0.791500449180603,0.2566409409046173,0.5190761089324951,0.018066590651869774
1,107,True,1.0,16,0.7912865877151489,0.257006973028183,0.5192078351974487,0.018188344314694405
1,108,True,1.0,16,0.7912720441818237,0.2570066750049591,0.5192103981971741,0.0181894414126873
1,109,True,1.0,16,0.7912522554397583,0.2570054233074188,0.5192087888717651,0.018187662586569786
1,110,True,1.0,16,0.7912486791610718,0.25700974464416504,0.5192105770111084,0.01818791776895523
1,111,True,1.0,16,0.7912496328353882,0.25701433420181274,0.5192131400108337,0.018188240006566048
1,112,True,1.0,16,0.7912522554397583,0.2570071518421173,0.5192129611968994,0.01818833127617836
1,113,True,1.0,16,0.791251540184021,0.2570130527019501,0.5192116498947144,0.01818791590631008
1,114,False,0.0,16,0.7887117862701416,0.2702885866165161,0.5172931551933289,0.017428524792194366
1,115,False,0.0,16,0.786267101764679,0.2706858217716217,0.5173682570457458,0.01738254353404045
1,116,False,0.0,16,0.7861734628677368,0.2703782021999359,0.5173824429512024,0.01738869398832321
1,117,False,0.0,16,0.7861514091491699,0.26987117528915405,0.5173851251602173,0.017377395182847977
1,118,False,0.0,16,0.7865694761276245,0.269144743680954,0.5173490643501282,0.017388833686709404
1,119,False,0.0,16,0.7877682447433472,0.2682842016220093,0.5173883438110352,0.017441025003790855
1,120,False,0.0,16,0.7901935577392578,0.2677428424358368,0.5175199508666992,0.017426716163754463
1,121,False,0.0,16,0.7928832769393921,0.26643040776252747,0.5179740786552429,0.01746239885687828
1,122,False,0.0,16,0.7943906784057617,0.2652488350868225,0.5181187391281128,0.01747114211320877
1,123,False,0.0,16,0.7951452732086182,0.2642436921596527,0.5187777280807495,0.017435837537050247
1,124,False,0.0,16,0.7940616607666016,0.2638474702835083,0.518723726272583,0.017442986369132996
1,125,False,0.0,16,0.7941007018089294,0.26349401473999023,0.5187408924102783,0.017440907657146454
1,126,False,0.0,16,0.7942554354667664,0.26347634196281433,0.5187118053436279,0.01743537187576294
1,127,False,0.0,16,0.7937847375869751,0.2637290954589844,0.518555223941803,0.0174538716673851
1,128,False,0.0,16,0.7936747074127197,0.2641027867794037,0.5185028910636902,0.017340192571282387
1,129,False,0.0,16,0.7935891151428223,0.2644813656806946,0.5183548927307129,0.017272353172302246
1,130,False,0.0,16,0.7935043573379517,0.2647056579589844,0.5183374881744385,0.01722986251115799
1,131,False,0.0,16,0.7936825752258301,0.26491546630859375,0.5188381671905518,0.01710604317486286
1,132,False,0.0,16,0.7936535477638245,0.2651599049568176,0.518798828125,0.017099939286708832
1,133,False,0.0,16,0.7932041883468628,0.2653360366821289,0.5187258720397949,0.01710488274693489
1,134,False,0.0,16,0.7930542230606079,0.2655926048755646,0.5186713933944702,0.017136121168732643
1,135,False,0.0,16,0.7928466796875,0.26575255393981934,0.5186598300933838,0.017114924266934395
1,136,False,0.0,16,0.7925475835800171,0.2658880054950714,0.5185976028442383,0.017119111493229866
1,137,False,0.0,16,0.7922388911247253,0.26616689562797546,0.5185763835906982,0.01711270771920681
1,138,False,0.0,16,0.7916655540466309,0.26646727323532104,0.5186372995376587,0.01712152734398842
1,139,False,0.0,16,0.7909030914306641,0.2668057382106781,0.5193223357200623,0.017028432339429855
1,140,False,0.0,16,0.7901357412338257,0.26725417375564575,0.5193957686424255,0.01704476773738861
1,141,False,0.0,16,0.789458155632019,0.26765960454940796,0.5194925665855408,0.01704259216785431
1,142,False,0.0,16,0.7887940406799316,0.2677502930164337,0.5195943713188171,0.017081022262573242
1,143,False,0.0,16,0.788936972618103,0.2680175006389618,0.5198195576667786,0.017096009105443954
1,144,False,0.0,16,0.7887722253799438,0.26805049180984497,0.5199577808380127,0.017032423987984657
1,145,False,0.0,16,0.7884904146194458,0.26792311668395996,0.5199670195579529,0.017053820192813873
1,146,False,0.0,16,0.78836989402771,0.26789405941963196,0.5200628042221069,0.01706758700311184
1,147,False,0.0,16,0.7883429527282715,0.26764610409736633,0.520771861076355,0.017050955444574356
1,148,False,0.0,16,0.7882331609725952,0.26729685068130493,0.5208780765533447,0.01703404262661934
1,149,False,0.0,16,0.7884584665298462,0.26697009801864624,0.5209702253341675,0.017011111602187157
1,150,False,0.0,16,0.788509726524353,0.2663780450820923,0.5210617184638977,0.01705261506140232
1,151,False,0.0,16,0.7885551452636719,0.26574161648750305,0.5212036371231079,0.017078442499041557
2,0,False,0.0,0,0.7130100727081299,0.18726304173469543,0.5061943531036377,0.005645300727337599
2,1,False,0.0,1,0.7999757528305054,0.2614326477050781,0.5193846821784973,0.01657073013484478
2,2,False,0.0,2,0.800238847732544,0.2611871361732483,0.5190366506576538,0.016507333144545555
2,3,False,0.0,3,0.8005099296569824,0.2611052095890045,0.5196365118026733,0.016486402601003647
2,4,False,0.0,4,0.8009545803070068,0.26101770997047424,0.5193353295326233,0.016536053270101547
2,5,False,0.0,5,0.8010635375976562,0.260943740606308,0.5192631483078003,0.016521327197551727
2,6,False,0.0,6,0.801396906375885,0.2613299489021301,0.5192971229553223,0.016472775489091873
2,7,False,0.0,7,0.8015468120574951,0.2613355219364166,0.519091010093689,0.01652897335588932
2,8,False,0.0,8,0.8019318580627441,0.26097196340560913,0.5192197561264038,0.016563428565859795
2,9,False,0.0,9,0.8021752834320068,0.260628342628479,0.5191829204559326,0.016645358875393867
2,10,False,0.0,10,0.8027520179748535,0.26043057441711426,0.5188108682632446,0.01667359098792076
2,11,False,0.0,11,0.8019798994064331,0.26087334752082825,0.5197696685791016,0.016561517491936684
2,12,False,0.0,12,0.8023874759674072,0.26103904843330383,0.5202126502990723,0.016731159761548042
2,13,False,0.0,13,0.803124189376831,0.26105356216430664,0.5204963088035583,0.01685268059372902
2,14,False,0.0,14,0.8029433488845825,0.2607344388961792,0.5200841426849365,0.016679368913173676
2,15,False,0.0,15,0.8028802275657654,0.260581910610199,0.5200619697570801,0.016725856810808182
2,16,False,0.0,16,0.8028243780136108,0.2601875066757202,0.519749104976654,0.016667183488607407
2,17,False,0.0,16,0.8034062385559082,0.2596452534198761,0.5198326110839844,0.0166317205876112
2,18,False,0.0,16,0.8036561012268066,0.25941702723503113,0.5198724865913391,0.01672186702489853
2,19,False,0.0,16,0.8041143417358398,0.259107381105423,0.5204564332962036,0.016963116824626923
2,20,False,0.0,16,0.8040815591812134,0.2584497034549713,0.5203494429588318,0.016987446695566177
2,21,False,0.0,16,0.8044657707214355,0.25826287269592285,0.5203879475593567,0.017057565972208977
2,22,False,0.0,16,0.8042927980422974,0.2584407329559326,0.5206878185272217,0.017171870917081833
2,23,False,0.0,16,0.80377197265625,0.2587191164493561,0.5208420753479004,0.017254726961255074
2,24,False,0.0,16,0.8033103942871094,0.2596273422241211,0.5209230780601501,0.017265191301703453
2,25,False,0.0,16,0.8036316633224487,0.2602539658546448,0.5212306976318359,0.017347941175103188
2,26,False,0.0,16,0.8034492135047913,0.2606014609336853,0.5211218595504761,0.0172597486525774
2,27,False,0.0,16,0.8025211691856384,0.2607322037220001,0.5212600827217102,0.017392002046108246
2,28,False,0.0,16,0.800441324710846,0.2617417871952057,0.5215972661972046,0.017383670434355736
2,29,False,0.0,16,0.7992247939109802,0.262556254863739,0.5213832855224609,0.01733008399605751
2,30,False,0.0,16,0.7973201274871826,0.26313111186027527,0.5212118625640869,0.01729215495288372
2,31,False,0.0,16,0.7958693504333496,0.2638798952102661,0.5211857557296753,0.017326485365629196
2,32,False,0.0,16,0.7946721315383911,0.2649354338645935,0.5210415720939636,0.01727200299501419
2,33,False,0.0,16,0.7936590909957886,0.26556888222694397,0.521058201789856,0.017322663217782974
2,34,False,0.0,16,0.7929409742355347,0.2659609913825989,0.5211352109909058,0.017371537163853645
2,35,False,0.0,16,0.7919470071792603,0.2668113708496094,0.5214488506317139,0.017460817471146584
2,36,False,0.0,16,0.7915539741516113,0.26744544506073,0.5213356018066406,0.017365485429763794
2,37,False,0.0,16,0.791012704372406,0.2682713568210602,0.521299421787262,0.017367755994200706
2,38,False,0.0,16,0.7897124886512756,0.2691674530506134,0.521136999130249,0.01734052039682865
2,39,False,0.0,16,0.7883262634277344,0.26970118284225464,0.5209634304046631,0.017352869734168053
2,40,False,0.0,16,0.7871239185333252,0.2700725197792053,0.520837128162384,0.0173293799161911
2,41,False,0.0,16,0.786742091178894,0.2696985900402069,0.5206385850906372,0.01715819723904133
2,42,True,0.010791366919875145,16,0.7866394519805908,0.2698710560798645,0.5205436944961548,0.0171158779412508
2,43,True,0.04676258936524391,16,0.7868008613586426,0.26989224553108215,0.5207183957099915,0.017123887315392494
2,44,True,0.08273380994796753,16,0.7857067584991455,0.2706363797187805,0.5210058093070984,0.017266057431697845
2,45,True,0.11870503425598145,16,0.7851467132568359,0.27169644832611084,0.5206934213638306,0.017160959541797638
2,46,True,0.15467625856399536,16,0.782874345779419,0.27252572774887085,0.5204020738601685,0.017192412167787552
2,47,True,0.19064748287200928,16,0.7809654474258423,0.2722202241420746,0.5202548503875732,0.01731114275753498
2,48,True,0.2266187071800232,16,0.7792909145355225,0.27383899688720703,0.5203944444656372,0.01730874925851822
2,49,True,0.2625899314880371,16,0.778998851776123,0.27564534544944763,0.5209991931915283,0.017357638105750084
2,50,True,0.298561155796051,16,0.7794243693351746,0.2765519320964813,0.5213885307312012,0.01748030073940754
2,51,True,0.33453238010406494,16,0.7799258232116699,0.27633488178253174,0.5209064483642578,0.017181674018502235
2,52,True,0.37050360441207886,16,0.782219648361206,0.27491557598114014,0.5211483240127563,0.01720467023551464
2,53,True,0.4064748287200928,16,0.783653974533081,0.27301326394081116,0.5214173793792725,0.017208144068717957
2,54,True,0.4424460530281067,16,0.7855103611946106,0.2687413990497589,0.5214821100234985,0.017172330990433693
2,55,True,0.4784172773361206,16,0.7864119410514832,0.26707637310028076,0.5218071937561035,0.017143603414297104
2,56,True,0.5143885016441345,16,0.7875790596008301,0.2651014029979706,0.5216530561447144,0.017153210937976837
2,57,True,0.5503597259521484,16,0.788611650466919,0.26383039355278015,0.5215561389923096,0.01711895875632763
2,58,True,0.5863309502601624,16,0.7893401384353638,0.2621297836303711,0.5212912559509277,0.017081620171666145
2,59,True,0.6223021745681763,16,0.7907328605651855,0.2601030468940735,0.5210573673248291,0.01678183116018772
2,60,True,0.6582733988761902,16,0.7914966344833374,0.2584056556224823,0.521124005317688,0.01674000173807144
2,61,True,0.6942446231842041,16,0.792455792427063,0.257573664188385,0.520896852016449,0.0165520291775465
2,62,True,0.730215847492218,16,0.7938916683197021,0.2575429379940033,0.5207844972610474,0.016558334231376648
2,63,True,0.7661870718002319,16,0.7951666116714478,0.25755295157432556,0.5202368497848511,0.016399959102272987
2,64,True,0.8021582961082458,16,0.7929030656814575,0.2570978105068207,0.5203820466995239,0.016448473557829857
2,65,True,0.8381295204162598,16,0.793519914150238,0.25669482350349426,0.52016282081604,0.016342367976903915
2,66,True,0.8741007447242737,16,0.7930323481559753,0.25686654448509216,0.5200661420822144,0.016379855573177338
2,67,True,0.9100719690322876,16,0.7935959100723267,0.2564781904220581,0.5197005271911621,0.01608523167669773
2,68,True,0.9460431933403015,16,0.7925090789794922,0.2567008137702942,0.5195513963699341,0.016032861545681953
2,69,True,0.9820144176483154,16,0.7926632165908813,0.25743433833122253,0.5197751522064209,0.01577904261648655
2,70,True,1.0,16,0.7912421822547913,0.25695666670799255,0.5193986296653748,0.015749355778098106
2,71,True,1.0,16,0.7911761999130249,0.2568475902080536,0.5191976428031921,0.015723157674074173
2,72,True,1.0,16,0.7911460399627686,0.2568265199661255,0.5191976428031921,0.015723157674074173
2,73,True,1.0,16,0.7911093235015869,0.2567938566207886,0.5191976428031921,0.015723157674074173
2,74,True,1.0,16,0.7910935878753662,0.256794273853302,0.5191976428031921,0.015723157674074173
2,75,True,1.0,16,0.7913253903388977,0.25666940212249756,0.5188246965408325,0.015680808573961258
2,76,True,1.0,16,0.7913286685943604,0.25666430592536926,0.5188212990760803,0.015681013464927673
2,77,True,1.0,16,0.7913281321525574,0.25666239857673645,0.5188158750534058,0.015680545940995216
2,78,True,1.0,16,0.7913220524787903,0.256661981344223,0.5188138484954834,0.0156809501349926
2,79,True,1.0,16,0.7913326025009155,0.25666671991348267,0.5188117027282715,0.015680555254220963
2,80,True,1.0,16,0.791334867477417,0.2566691040992737,0.51880943775177,0.0156802199780941
2,81,True,1.0,16,0.791334867477417,0.2566688656806946,0.5188096761703491,0.015680335462093353
2,82,True,1.0,16,0.7913320660591125,0.25666505098342896,0.5188088417053223,0.01568041369318962
2,83,True,1.0,16,0.7915989756584167,0.256452739238739,0.5185575485229492,0.01572013832628727
2,84,True,1.0,16,0.7916189432144165,0.25647643208503723,0.5185469388961792,0.015720365568995476
2,85,True,1.0,16,0.7916179895401001,0.25647521018981934,0.5185409784317017,0.015718799084424973
2,86,True,1.0,16,0.7916148900985718,0.2564718425273895,0.5185394883155823,0.015719003975391388
2,87,True,1.0,16,0.791608452796936,0.2564752399921417,0.518539309501648,0.015720747411251068
2,88,True,1.0,16,0.7916136980056763,0.2564774751663208,0.518539547920227,0.015720022842288017
2,89,True,1.0,16,0.791617751121521,0.2564787268638611,0.5185403823852539,0.015719586983323097
2,90,True,1.0,16,0.7916103601455688,0.2564747929573059,0.5185413360595703,0.01571977324783802
2,91,True,1.0,16,0.7917841672897339,0.2562520205974579,0.5185382962226868,0.01577920839190483
2,92,True,1.0,16,0.7917865514755249,0.25624051690101624,0.5185422897338867,0.015780121088027954
2,93,True,1.0,16,0.7917884588241577,0.25624212622642517,0.5185458660125732,0.01578197255730629
2,94,True,1.0,16,0.7917917370796204,0.25623494386672974,0.5185470581054688,0.015782883390784264
2,95,True,1.0,16,0.7917921543121338,0.25624650716781616,0.5185483694076538,0.015782013535499573
2,96,True,1.0,16,0.7917941808700562,0.2562411427497864,0.518549919128418,0.015782905742526054
2,97,True,1.0,16,0.7917913198471069,0.2562428414821625,0.5185483694076538,0.015781885012984276
2,98,True,1.0,16,0.7917917966842651,0.2562400996685028,0.5185476541519165,0.015781734138727188
2,99,True,1.0,16,0.7920178174972534,0.25607743859291077,0.5184707641601562,0.015912652015686035
2,100,True,1.0,16,0.7920194864273071,0.25607821345329285,0.5184678435325623,0.015910247340798378
2,101,True,1.0,16,0.7920131683349609,0.2560791075229645,0.5184610486030579,0.015910889953374863
2,102,True,1.0,16,0.7920210361480713,0.2560742497444153,0.5184623003005981,0.015909722074866295
2,103,True,1.0,16,0.7920163869857788,0.2560747563838959,0.5184614062309265,0.01590937003493309
2,104,True,1.0,16,0.792021632194519,0.2560743987560272,0.5184611082077026,0.015908250585198402
2,105,False,0.0,16,0.7843306064605713,0.2680387496948242,0.5187522172927856,0.01591917686164379
2,106,False,0.0,16,0.7791256904602051,0.2698749899864197,0.5186042785644531,0.015881625935435295
2,107,False,0.0,16,0.7773681879043579,0.2714857757091522,0.5189666152000427,0.01600860059261322
2,108,False,0.0,16,0.775853157043457,0.2738756835460663,0.5191248059272766,0.01607321761548519
2,109,False,0.0,16,0.7748730182647705,0.27506130933761597,0.5192577838897705,0.016044963151216507
2,110,False,0.0,16,0.775266170501709,0.27500566840171814,0.5192908048629761,0.016057617962360382
2,111,False,0.0,16,0.7756228446960449,0.27436596155166626,0.5193381309509277,0.016056543216109276
2,112,False,0.0,16,0.7759253978729248,0.2734138071537018,0.5194980502128601,0.015993306413292885
2,113,False,0.0,16,0.7765214443206787,0.27380141615867615,0.5195512771606445,0.015994442626833916
2,114,False,0.0,16,0.7783432602882385,0.2734287679195404,0.519472062587738,0.015978222712874413
2,115,False,0.0,16,0.7808228731155396,0.2723507285118103,0.5198731422424316,0.016195913776755333
2,116,False,0.0,16,0.7818653583526611,0.2722100615501404,0.5199037790298462,0.01627511903643608
2,117,False,0.0,16,0.7827435731887817,0.2717992067337036,0.5198550224304199,0.016281401738524437
2,118,False,0.0,16,0.7832112312316895,0.2713416516780853,0.5199587941169739,0.016258321702480316
2,119,False,0.0,16,0.7838729023933411,0.2704203724861145,0.519861102104187,0.01623830571770668
2,120,False,0.0,16,0.7848280668258667,0.26998209953308105,0.5198297500610352,0.016257621347904205
2,121,False,0.0,16,0.7853602766990662,0.2696467936038971,0.5198907256126404,0.016294311732053757
2,122,False,0.0,16,0.7858949899673462,0.2692641317844391,0.5200175046920776,0.016309672966599464
2,123,False,0.0,16,0.7867391705513,0.26865851879119873,0.5209064483642578,0.016677450388669968
2,124,False,0.0,16,0.7870819568634033,0.2682541012763977,0.5209712982177734,0.016656069085001945
2,125,False,0.0,16,0.7876538038253784,0.2676325738430023,0.5210983753204346,0.016638359054923058
2,126,False,0.0,16,0.7885469198226929,0.26678821444511414,0.5210627317428589,0.0165831558406353
2,127,False,0.0,16,0.7891730666160583,0.26578524708747864,0.5210784673690796,0.016577208414673805
2,128,False,0.0,16,0.7896803021430969,0.2650720477104187,0.5210464000701904,0.016557317227125168
2,129,False,0.0,16,0.7900546789169312,0.26459044218063354,0.5209473371505737,0.016529493033885956
2,130,False,0.0,16,0.7904584407806396,0.264253705739975,0.5208949446678162,0.016486968845129013
2,131,False,0.0,16,0.7908948659896851,0.2646661698818207,0.5219006538391113,0.01681821420788765
2,132,False,0.0,16,0.7911217212677002,0.2649209201335907,0.5219013690948486,0.01676158420741558
2,133,False,0.0,16,0.7906863689422607,0.26570501923561096,0.5218584537506104,0.016724806278944016
2,134,False,0.0,16,0.7901710271835327,0.26631686091423035,0.5217976570129395,0.01671004854142666
2,135,False,0.0,16,0.7895567417144775,0.2663091719150543,0.5216606855392456,0.01667768694460392
2,136,False,0.0,16,0.7890968918800354,0.2657742202281952,0.5215405225753784,0.016700925305485725
2,137,False,0.0,16,0.7885038256645203,0.2649650275707245,0.5214911699295044,0.016688451170921326
2,138,False,0.0,16,0.7883206605911255,0.26449429988861084,0.5214970707893372,0.016744257882237434
2,139,False,0.0,16,0.7884312868118286,0.26416316628456116,0.5225285291671753,0.017043065279722214
3,0,False,0.0,0,0.7219284772872925,0.18410083651542664,0.509175181388855,0.00728543009608984
3,1,False,0.0,1,0.8051766157150269,0.2590223252773285,0.5213224291801453,0.016803203150629997
3,2,False,0.0,2,0.8053104877471924,0.25880131125450134,0.5213202238082886,0.01676262356340885
3,3,False,0.0,3,0.8053651452064514,0.2587333917617798,0.5213937163352966,0.01682295836508274
3,4,False,0.0,4,0.8052607178688049,0.2588348388671875,0.5211262702941895,0.01687590777873993
3,5,False,0.0,5,0.8054836988449097,0.2585037648677826,0.521255612373352,0.016947144642472267
3,6,False,0.0,6,0.8056018352508545,0.2583248019218445,0.5212767124176025,0.016946149989962578
3,7,False,0.0,7,0.8060394525527954,0.25874707102775574,0.5223807096481323,0.01718580350279808
3,8,False,0.0,8,0.8060125112533569,0.2591302692890167,0.5222187042236328,0.017273802310228348
3,9,False,0.0,9,0.8060868978500366,0.25953909754753113,0.5219016671180725,0.01743244007229805
3,10,False,0.0,10,0.8055742383003235,0.2596283257007599,0.5220635533332825,0.017517726868391037
3,11,False,0.0,11,0.8052926063537598,0.25996530055999756,0.5222312211990356,0.017569582909345627
3,12,False,0.0,12,0.8049507141113281,0.26056620478630066,0.5223625898361206,0.01761532574892044
3,13,False,0.0,13,0.8053488731384277,0.261153906583786,0.5226901769638062,0.017680950462818146
3,14,False,0.0,14,0.8050369024276733,0.2614576518535614,0.5224874019622803,0.017623772844672203
3,15,False,0.0,15,0.8047535419464111,0.26115334033966064,0.5229986906051636,0.01770872436463833
3,16,False,0.0,16,0.8047669529914856,0.2605711817741394,0.5229029059410095,0.01769399456679821
3,17,False,0.0,16,0.8047117590904236,0.26030004024505615,0.5225028395652771,0.01769408769905567
3,18,False,0.0,16,0.8049482107162476,0.25973859429359436,0.5225111842155457,0.01781480945646763
3,19,False,0.0,16,0.8049497604370117,0.25933048129081726,0.5223597288131714,0.017881421372294426
3,20,False,0.0,16,0.8047842383384705,0.25964489579200745,0.5223322510719299,0.01792057231068611
3,21,False,0.0,16,0.8042259812355042,0.2604033648967743,0.5224719047546387,0.018019596114754677
3,22,False,0.0,16,0.8035836815834045,0.26103928685188293,0.522477388381958,0.017981799319386482
3,23,False,0.0,16,0.8027554750442505,0.2615717351436615,0.522921085357666,0.017932167276740074
3,24,False,0.0,16,0.8012077808380127,0.2620501220226288,0.5230095386505127,0.017934134230017662
3,25,False,0.0,16,0.8006786704063416,0.26254504919052124,0.5232652425765991,0.017922310158610344
3,26,False,0.0,16,0.7987264394760132,0.2636493444442749,0.5232164263725281,0.01788794808089733
3,27,False,0.0,16,0.7972212433815002,0.26405635476112366,0.5231742262840271,0.017910879105329514
3,28,False,0.0,16,0.7956072092056274,0.2651594281196594,0.5230826139450073,0.01794588193297386
3,29,False,0.0,16,0.7943735718727112,0.2665036618709564,0.5228796005249023,0.0178858432918787
3,30,False,0.0,16,0.7929196953773499,0.26743021607398987,0.5231289863586426,0.017876116558909416
3,31,False,0.0,16,0.7920018434524536,0.26822125911712646,0.5234007835388184,0.01764935813844204
3,32,False,0.0,16,0.792289674282074,0.26847949624061584,0.523414671421051,0.017700405791401863
3,33,False,0.0,16,0.7921907901763916,0.2685556411743164,0.5235452651977539,0.01772950403392315
3,34,False,0.0,16,0.7924149036407471,0.2688542306423187,0.5234930515289307,0.017666518688201904
3,35,False,0.0,16,0.7919372320175171,0.26889804005622864,0.5236551761627197,0.017651962116360664
3,36,False,0.0,16,0.7912615537643433,0.2692190706729889,0.5236153602600098,0.017691398039460182
3,37,False,0.0,16,0.7900259494781494,0.2687390446662903,0.5236510634422302,0.017704693600535393
3,38,False,0.0,16,0.7895615100860596,0.2686156630516052,0.5237082242965698,0.017754031345248222
3,39,False,0.0,16,0.7888568639755249,0.26864323019981384,0.5234849452972412,0.01734335348010063
3,40,False,0.0,16,0.7883025407791138,0.26869308948516846,0.5234557390213013,0.017306366935372353
3,41,False,0.0,16,0.7879955172538757,0.26902487874031067,0.523507833480835,0.01727990433573723
3,42,False,0.0,16,0.7876512408256531,0.26876312494277954,0.5232985019683838,0.017217811197042465
3,43,False,0.0,16,0.786695659160614,0.26899534463882446,0.5230430960655212,0.0171658992767334
3,44,False,0.0,16,0.7855727672576904,0.2693294882774353,0.5230676531791687,0.017146266996860504
3,45,False,0.0,16,0.7846719026565552,0.2699772119522095,0.5229477882385254,0.017071645706892014
3,46,False,0.0,16,0.7839383482933044,0.27098748087882996,0.5228842496871948,0.017049266025424004
3,47,False,0.0,16,0.7839229106903076,0.2710188031196594,0.5227186679840088,0.016663480550050735
3,48,False,0.0,16,0.783995509147644,0.271141916513443,0.5227231979370117,0.016703084111213684
3,49,False,0.0,16,0.7842943668365479,0.2709164619445801,0.5227481126785278,0.01668504998087883
3,50,False,0.0,16,0.7846560478210449,0.2713676691055298,0.5227043032646179,0.016632292419672012
3,51,False,0.0,16,0.7854295969009399,0.2708350419998169,0.5225282311439514,0.01661469228565693
3,52,False,0.0,16,0.7868820428848267,0.27005916833877563,0.5227037668228149,0.01656356081366539
3,53,False,0.0,16,0.7877026796340942,0.26979774236679077,0.522578239440918,0.016553489491343498
3,54,False,0.0,16,0.7875264883041382,0.2698077857494354,0.5226152539253235,0.016578979790210724
3,55,False,0.0,16,0.7877798080444336,0.2693387567996979,0.5225424766540527,0.016355814412236214
3,56,False,0.0,16,0.787961483001709,0.26913636922836304,0.5225324034690857,0.016345879063010216
3,57,False,0.0,16,0.7885315418243408,0.2692807614803314,0.5223996639251709,0.016287842765450478
3,58,False,0.0,16,0.7879346609115601,0.26980268955230713,0.522183895111084,0.016215646639466286
3,59,False,0.0,16,0.78729248046875,0.2700147330760956,0.5219609141349792,0.01617284305393696
3,60,False,0.0,16,0.7885086536407471,0.26906225085258484,0.5218610763549805,0.016172701492905617
3,61,False,0.0,16,0.7905888557434082,0.2677561044692993,0.521560788154602,0.01609654724597931
3,62,False,0.0,16,0.7924396991729736,0.26628124713897705,0.5215684175491333,0.01605820283293724
3,63,False,0.0,16,0.7939291596412659,0.26498517394065857,0.5214678645133972,0.01589077338576317
3,64,False,0.0,16,0.7957378625869751,0.264072984457016,0.5217578411102295,0.015902267768979073
3,65,False,0.0,16,0.7974921464920044,0.2636050283908844,0.5217150449752808,0.015827784314751625
3,66,False,0.0,16,0.7995380163192749,0.2616487443447113,0.521697998046875,0.015782911330461502
3,67,False,0.0,16,0.800195574760437,0.26085349917411804,0.5218650102615356,0.015805231407284737
3,68,False,0.0,16,0.8010358810424805,0.2603059709072113,0.5220285654067993,0.015855394303798676
3,69,False,0.0,16,0.8012197017669678,0.2597240209579468,0.5223253965377808,0.01595073565840721
3,70,False,0.0,16,0.8011497259140015,0.25902917981147766,0.5224856734275818,0.01600576378405094
3,71,False,0.0,16,0.8016490936279297,0.25858187675476074,0.5223383903503418,0.016267620027065277
3,72,False,0.0,16,0.8024468421936035,0.2580362558364868,0.5225085020065308,0.016332047060132027
3,73,False,0.0,16,0.802762508392334,0.2573172450065613,0.5225169658660889,0.016346612945199013
3,74,False,0.0,16,0.8033586740493774,0.2568418085575104,0.5225422382354736,0.01635781116783619
3,75,False,0.0,16,0.8038588762283325,0.2563408613204956,0.5226635932922363,0.016434429213404655
3,76,False,0.0,16,0.8044872283935547,0.2559475898742676,0.5227177143096924,0.016455044969916344
3,77,False,0.0,16,0.8052358627319336,0.25584107637405396,0.522795557975769,0.016543738543987274
3,78,False,0.0,16,0.8052577972412109,0.25620973110198975,0.5226926803588867,0.016523482277989388
3,79,False,0.0,16,0.8053602576255798,0.2565322816371918,0.5224973559379578,0.01709003373980522
3,80,False,0.0,16,0.8049935698509216,0.25693798065185547,0.5226887464523315,0.0171380415558815
3,81,False,0.0,16,0.8045660257339478,0.2570749819278717,0.5227094888687134,0.017129521816968918
3,82,False,0.0,16,0.8041626811027527,0.2574024796485901,0.5228238105773926,0.017124613747000694
3,83,False,0.0,16,0.8039838671684265,0.25745096802711487,0.5228960514068604,0.01707533374428749
3,84,False,0.0,16,0.8035502433776855,0.2576521337032318,0.5229440331459045,0.017040234059095383
3,85,False,0.0,16,0.802941083908081,0.2577279806137085,0.5228978395462036,0.016994301229715347
3,86,False,0.0,16,0.8018667697906494,0.2579476237297058,0.5229620933532715,0.01697784848511219
3,87,False,0.0,16,0.800344705581665,0.258999764919281,0.5229744911193848,0.01777852512896061
3,88,False,0.0,16,0.798009991645813,0.2604301869869232,0.5227147936820984,0.017590345814824104
3,89,False,0.0,16,0.7957504987716675,0.2610284984111786,0.5224359035491943,0.017511636018753052
3,90,False,0.0,16,0.7947750091552734,0.2625789940357208,0.5219423770904541,0.017329508438706398
3,91,False,0.0,16,0.7936397790908813,0.2638375759124756,0.5214940309524536,0.017389288172125816
3,92,False,0.0,16,0.7923104763031006,0.2650619149208069,0.52143394947052,0.017381824553012848
3,93,False,0.0,16,0.7913014888763428,0.2653038501739502,0.5216616988182068,0.017430897802114487
3,94,False,0.0,16,0.789880633354187,0.26573875546455383,0.5219340324401855,0.01756587252020836
3,95,False,0.0,16,0.7883799076080322,0.26638033986091614,0.5223573446273804,0.018369976431131363
3,96,False,0.0,16,0.7868038415908813,0.26808395981788635,0.5224272012710571,0.018371475860476494
3,97,False,0.0,16,0.7854655981063843,0.2690903842449188,0.522413432598114,0.018366074189543724
3,98,False,0.0,16,0.7848019599914551,0.26988309621810913,0.5224562883377075,0.0183205958455801
3,99,False,0.0,16,0.7839125394821167,0.2706414461135864,0.5223388671875,0.01826425828039646
3,100,False,0.0,16,0.7836247682571411,0.27125364542007446,0.5222988128662109,0.018279824405908585
3,101,False,0.0,16,0.7837519645690918,0.2713750898838043,0.5220486521720886,0.018262023106217384
3,102,False,0.0,16,0.7838330268859863,0.2712242305278778,0.5218769311904907,0.0182147566229105
3,103,False,0.0,16,0.7838083505630493,0.27064213156700134,0.522119402885437,0.0189447533339262
3,104,False,0.0,16,0.7837094068527222,0.27077481150627136,0.5219230651855469,0.018836406990885735
3,105,False,0.0,16,0.7836291790008545,0.26992398500442505,0.5218214988708496,0.01876075379550457
3,106,False,0.0,16,0.784031867980957,0.269254207611084,0.5217454433441162,0.01871955581009388
3,107,False,0.0,16,0.7849243879318237,0.2679475247859955,0.5215774774551392,0.0186915285885334
3,108,False,0.0,16,0.7859005928039551,0.2669835090637207,0.5213931798934937,0.01862911321222782
3,109,False,0.0,16,0.786751389503479,0.2665446400642395,0.521243691444397,0.018590744584798813
3,110,False,0.0,16,0.7870855331420898,0.26633328199386597,0.5212013721466064,0.018559610471129417
3,111,False,0.0,16,0.7875620126724243,0.26620617508888245,0.5214961767196655,0.01881268620491028
3,112,False,0.0,16,0.7881032228469849,0.2659991383552551,0.5213906764984131,0.018754122778773308
3,113,False,0.0,16,0.7885667681694031,0.2661224901676178,0.5213556289672852,0.018739139661192894
3,114,False,0.0,16,0.7891433238983154,0.26640820503234863,0.521329402923584,0.01872558705508709
3,115,False,0.0,16,0.7889988422393799,0.26622501015663147,0.5213617086410522,0.018746018409729004
3,116,False,0.0,16,0.789543628692627,0.26557260751724243,0.5213216543197632,0.018734926357865334
3,117,False,0.0,16,0.7923603057861328,0.2644575238227844,0.5213841199874878,0.01867435686290264
3,118,False,0.0,16,0.7940933704376221,0.2634625732898712,0.5214795470237732,0.018648816272616386
3,119,False,0.0,16,0.7939572334289551,0.26304927468299866,0.5214554071426392,0.01861683279275894
4,0,False,0.0,0,0.7484872341156006,0.17345157265663147,0.5094412565231323,0.008275706321001053
4,1,False,0.0,1,0.822994589805603,0.244764506816864,0.5235428810119629,0.018527645617723465
4,2,False,0.0,2,0.8227510452270508,0.24534574151039124,0.523675799369812,0.018518200144171715
4,3,False,0.0,3,0.8227863311767578,0.24618536233901978,0.523629903793335,0.018534140661358833
4,4,False,0.0,4,0.8218306303024292,0.24715374410152435,0.5236330032348633,0.01859872043132782
4,5,False,0.0,5,0.8205307722091675,0.24795836210250854,0.5235521793365479,0.018652677536010742
4,6,False,0.0,6,0.8191083669662476,0.24855023622512817,0.5236005783081055,0.01869182661175728
4,7,False,0.0,7,0.8185036182403564,0.24864332377910614,0.5233230590820312,0.018640998750925064
4,8,False,0.0,8,0.8157780170440674,0.24983347952365875,0.5235401391983032,0.018654463812708855
4,9,False,0.0,9,0.8138505220413208,0.2504195272922516,0.5236116647720337,0.01866871304810047
4,10,False,0.0,10,0.8124000430107117,0.25121691823005676,0.5235792398452759,0.018664054572582245
4,11,False,0.0,11,0.8102431297302246,0.2531062364578247,0.5235271453857422,0.01862657256424427
4,12,False,0.0,12,0.8081004619598389,0.25452783703804016,0.5236263275146484,0.018697792664170265
4,13,False,0.0,13,0.8047823905944824,0.257013201713562,0.5238054990768433,0.018770815804600716
4,14,False,0.0,14,0.8019483089447021,0.25898465514183044,0.5237140655517578,0.018808098509907722
4,15,False,0.0,15,0.7991762161254883,0.26057925820350647,0.5233103632926941,0.018682293593883514
4,16,False,0.0,16,0.7972509860992432,0.2623230814933777,0.5233175158500671,0.018698526546359062
4,17,False,0.0,16,0.7955085039138794,0.26430803537368774,0.5231547355651855,0.018688462674617767
4,18,False,0.0,16,0.7937321662902832,0.26620274782180786,0.5231553912162781,0.01873077265918255
4,19,False,0.0,16,0.7925645112991333,0.2672403156757355,0.5229883193969727,0.018620479851961136
4,20,False,0.0,16,0.7911344170570374,0.2683682143688202,0.5230953693389893,0.018694041296839714
4,21,False,0.0,16,0.7896443605422974,0.2702779471874237,0.5232099890708923,0.01871412992477417
4,22,False,0.0,16,0.7873902320861816,0.2720671594142914,0.5232027769088745,0.018669797107577324
4,23,False,0.0,16,0.7858268022537231,0.2737862765789032,0.5222494602203369,0.01823301799595356
4,24,False,0.0,16,0.7843583822250366,0.274132639169693,0.5221100449562073,0.01817096769809723
4,25,False,0.0,16,0.7851235866546631,0.27315831184387207,0.521904468536377,0.018205314874649048
4,26,False,0.0,16,0.7845327854156494,0.2735913097858429,0.5218271017074585,0.01828659698367119
4,27,False,0.0,16,0.7831906080245972,0.27399078011512756,0.5218479037284851,0.018198421224951744
4,28,False,0.0,16,0.7831605672836304,0.2732422351837158,0.5218703746795654,0.018188346177339554
4,29,False,0.0,16,0.7835814952850342,0.27234509587287903,0.5218251943588257,0.018157826736569405
4,30,False,0.0,16,0.7843204140663147,0.27127304673194885,0.5217314958572388,0.018138108775019646
4,31,False,0.0,16,0.7853481769561768,0.27030283212661743,0.5208907127380371,0.017849691212177277
4,32,False,0.0,16,0.78639817237854,0.2700396776199341,0.5207605361938477,0.01780623011291027
4,33,False,0.0,16,0.7882052063941956,0.269797146320343,0.5206657648086548,0.017778238281607628
4,34,False,0.0,16,0.7891119718551636,0.2691062092781067,0.5206480622291565,0.017732487991452217
4,35,False,0.0,16,0.7898296117782593,0.2683524489402771,0.5206899642944336,0.017741946503520012
4,36,False,0.0,16,0.7917015552520752,0.26809537410736084,0.520718514919281,0.01767509989440441
4,37,False,0.0,16,0.7924374341964722,0.26707592606544495,0.520611047744751,0.017708340659737587
4,38,False,0.0,16,0.7930180430412292,0.26602110266685486,0.5203603506088257,0.017682859674096107
4,39,False,0.0,16,0.7943121194839478,0.265383243560791,0.5194668173789978,0.017504151910543442
4,40,False,0.0,16,0.796835720539093,0.26357489824295044,0.5194762945175171,0.017526859417557716
4,41,False,0.0,16,0.7980479001998901,0.2625356912612915,0.5195784568786621,0.01757865399122238
4,42,False,0.0,16,0.7982773780822754,0.26137775182724,0.5194501280784607,0.017611294984817505
4,43,False,0.0,16,0.7985879182815552,0.26020416617393494,0.5194718837738037,0.017588535323739052
4,44,False,0.0,16,0.7999720573425293,0.2591438293457031,0.5195942521095276,0.01766219735145569
4,45,False,0.0,16,0.8003751635551453,0.2590620219707489,0.5197011232376099,0.017606940120458603
4,46,False,0.0,16,0.8010002374649048,0.2589802145957947,0.5196937918663025,0.01756225898861885
4,47,False,0.0,16,0.8005228638648987,0.25941523909568787,0.5189706087112427,0.017375398427248
4,48,False,0.0,16,0.8005552291870117,0.25931626558303833,0.5189354419708252,0.017404841259121895
4,49,False,0.0,16,0.8001255989074707,0.2592689096927643,0.5187528729438782,0.017376122996211052
4,50,False,0.0,16,0.7996373176574707,0.2595161497592926,0.5186764597892761,0.017397098243236542
4,51,False,0.0,16,0.7995949983596802,0.2591383755207062,0.5186464786529541,0.01741543784737587
4,52,False,0.0,16,0.7992469072341919,0.2592213451862335,0.5186450481414795,0.017418328672647476
4,53,False,0.0,16,0.7980738878250122,0.2594856023788452,0.5186353921890259,0.01741800084710121
4,54,False,0.0,16,0.7954413890838623,0.2604495882987976,0.5187404155731201,0.017353160306811333
4,55,False,0.0,16,0.7929855585098267,0.26343730092048645,0.518190860748291,0.01718265563249588
4,56,False,0.0,16,0.7910399436950684,0.2658294141292572,0.5182827711105347,0.017204435542225838
4,57,False,0.0,16,0.78853440284729,0.2671123445034027,0.5184110403060913,0.017298344522714615
4,58,False,0.0,16,0.785669207572937,0.2690320312976837,0.5183693766593933,0.017223898321390152
4,59,False,0.0,16,0.7840563058853149,0.2707613706588745,0.5185381174087524,0.017230918630957603
4,60,False,0.0,16,0.7838441729545593,0.2710484564304352,0.5185308456420898,0.01726936735212803
4,61,False,0.0,16,0.7840499877929688,0.27161285281181335,0.5185327529907227,0.017237622290849686
4,62,False,0.0,16,0.7840859889984131,0.2712857723236084,0.5183718204498291,0.01718783937394619
4,63,False,0.0,16,0.7830544114112854,0.2712203562259674,0.5181344747543335,0.01711185835301876
4,64,False,0.0,16,0.7833213806152344,0.27007654309272766,0.5179499983787537,0.017111387103796005
4,65,False,0.0,16,0.7839004993438721,0.26860034465789795,0.5178066492080688,0.017061201855540276
4,66,False,0.0,16,0.7851921319961548,0.26773422956466675,0.5176233649253845,0.017022641375660896
4,67,False,0.0,16,0.7861646413803101,0.2668154537677765,0.5175337791442871,0.017016062512993813
4,68,False,0.0,16,0.7873475551605225,0.26596787571907043,0.5174925327301025,0.017020653933286667
4,69,False,0.0,16,0.7891658544540405,0.26460662484169006,0.5175079107284546,0.017122482880949974
4,70,False,0.0,16,0.7905031442642212,0.2632850706577301,0.5175290107727051,0.017051849514245987
4,71,False,0.0,16,0.7911733388900757,0.2612297534942627,0.5181514024734497,0.01714584417641163
4,72,False,0.0,16,0.7896535992622375,0.2552025318145752,0.5181518793106079,0.0171063132584095
4,73,False,0.0,16,0.7793932557106018,0.23972468078136444,0.5181009769439697,0.017081305384635925
4,74,False,0.0,16,0.7569182515144348,0.2178560346364975,0.5180929899215698,0.017044980078935623
4,75,False,0.0,16,0.7633101940155029,0.22370415925979614,0.5180988311767578,0.017049085348844528
4,76,False,0.0,16,0.7874961495399475,0.2503717541694641,0.5183391571044922,0.017081288620829582
4,77,False,0.0,16,0.7923882007598877,0.25963661074638367,0.5185481309890747,0.01709865964949131
4,78,False,0.0,16,0.7932172417640686,0.2613615095615387,0.518706202507019,0.01708526723086834
5,0,False,0.0,0,0.6998465061187744,0.17162340879440308,0.5085781812667847,0.008403484709560871
5,1,False,0.0,1,0.8131833672523499,0.24437105655670166,0.5185458064079285,0.017955357208848
5,2,False,0.0,2,0.8138928413391113,0.2434358447790146,0.5184521079063416,0.017923709005117416
5,3,False,0.0,3,0.8136945962905884,0.24471671879291534,0.5184623003005981,0.017920341342687607
5,4,False,0.0,4,0.8156704902648926,0.24279692769050598,0.5182910561561584,0.017881672829389572
5,5,False,0.0,5,0.8168857097625732,0.24273681640625,0.5181756019592285,0.017825409770011902
5,6,False,0.0,6,0.8181777596473694,0.24006618559360504,0.5178310871124268,0.01775248721241951
5,7,False,0.0,7,0.8187974691390991,0.24106766283512115,0.5178260207176208,0.017780497670173645
5,8,False,0.0,8,0.820575475692749,0.24196293950080872,0.5192590951919556,0.018327541649341583
5,9,False,0.0,9,0.8192338347434998,0.24415695667266846,0.5194271802902222,0.018406448885798454
5,10,False,0.0,10,0.8196492195129395,0.24553744494915009,0.5195392966270447,0.018484942615032196
5,11,False,0.0,11,0.8200531601905823,0.2461525946855545,0.5195075273513794,0.018492441624403
5,12,False,0.0,12,0.8207136988639832,0.24574322998523712,0.5191640853881836,0.01847790740430355
5,13,False,0.0,13,0.8216876983642578,0.24514400959014893,0.5190461874008179,0.018483363091945648
5,14,False,0.0,14,0.8219045996665955,0.24476678669452667,0.5188196897506714,0.018488602712750435
5,15,False,0.0,15,0.8220679759979248,0.2440721094608307,0.5185434818267822,0.018525810912251472
5,16,False,0.0,16,0.8212769031524658,0.2445782870054245,0.5198217034339905,0.019062625244259834
5,17,False,0.0,16,0.8209694623947144,0.24466152489185333,0.5197550058364868,0.01901889033615589
5,18,False,0.0,16,0.8209426999092102,0.24474580585956573,0.5198741555213928,0.018963554874062538
5,19,False,0.0,16,0.8200410008430481,0.24508602917194366,0.5199970006942749,0.01885661669075489
5,20,False,0.0,16,0.8185762763023376,0.2458639144897461,0.5201523303985596,0.018885144963860512
5,21,False,0.0,16,0.817546010017395,0.24684849381446838,0.5201116800308228,0.018799668177962303
5,22,False,0.0,16,0.8170342445373535,0.24803361296653748,0.5200129151344299,0.018621766939759254
5,23,False,0.0,16,0.8148319721221924,0.2499733865261078,0.5200220346450806,0.018518367782235146
5,24,False,0.0,16,0.8131324052810669,0.25187698006629944,0.521385908126831,0.019040683284401894
5,25,False,0.0,16,0.8114567995071411,0.25346773862838745,0.5211271047592163,0.01891282945871353
5,26,False,0.0,16,0.8096795678138733,0.25543901324272156,0.5213385820388794,0.018942320719361305
5,27,False,0.0,16,0.8074727058410645,0.257363885641098,0.521496593952179,0.01907224953174591
5,28,False,0.0,16,0.8064412474632263,0.2579319477081299,0.5216281414031982,0.01913207396864891
5,29,False,0.0,16,0.8049379587173462,0.2588541805744171,0.5217493176460266,0.019214222207665443
5,30,False,0.0,16,0.8027119636535645,0.2594752609729767,0.521705150604248,0.01928364671766758
5,31,False,0.0,16,0.8007303476333618,0.26038050651550293,0.5220471620559692,0.019448067992925644
5,32,False,0.0,16,0.7988619804382324,0.26227083802223206,0.5231999158859253,0.01987900212407112
5,33,False,0.0,16,0.7969870567321777,0.2644495666027069,0.5234272480010986,0.019975582137703896
5,34,False,0.0,16,0.7932344675064087,0.26736244559288025,0.523506224155426,0.019958913326263428
5,35,False,0.0,16,0.7911400198936462,0.26929134130477905,0.5234308242797852,0.019968397915363312
5,36,False,0.0,16,0.7893581390380859,0.27175214886665344,0.5237810611724854,0.019996080547571182
5,37,False,0.0,16,0.7876677513122559,0.27319544553756714,0.5238228440284729,0.019993508234620094
5,38,False,0.0,16,0.7865086793899536,0.2738957107067108,0.5238117575645447,0.019872987642884254
5,39,False,0.0,16,0.7862299680709839,0.2742450535297394,0.5235438346862793,0.01975880190730095
5,40,False,0.0,16,0.7857241630554199,0.27493488788604736,0.5245137214660645,0.020097434520721436
5,41,False,0.0,16,0.7851084470748901,0.2752681076526642,0.5244064331054688,0.020162668079137802
5,42,False,0.0,16,0.7850586771965027,0.27491098642349243,0.5243864059448242,0.020215369760990143
5,43,False,0.0,16,0.7854499220848083,0.27420955896377563,0.5243693590164185,0.020106028765439987
5,44,False,0.0,16,0.7827900648117065,0.2736128866672516,0.5242655277252197,0.02010330744087696
5,45,False,0.0,16,0.7818785905838013,0.2737439274787903,0.5242825746536255,0.02023131027817726
5,46,False,0.0,16,0.7823822498321533,0.27373355627059937,0.5240917205810547,0.02006378024816513
5,47,False,0.0,16,0.7818962335586548,0.274474561214447,0.5240134596824646,0.01998010464012623
5,48,False,0.0,16,0.7815802097320557,0.27422770857810974,0.5243330597877502,0.019787155091762543
5,49,False,0.0,16,0.7819369435310364,0.2742134928703308,0.5242166519165039,0.01966216415166855
5,50,False,0.0,16,0.781916081905365,0.2737930715084076,0.524302065372467,0.019620457664132118
5,51,False,0.0,16,0.7820301055908203,0.2738214433193207,0.5243474841117859,0.019577527418732643
5,52,False,0.0,16,0.7831165790557861,0.2737734019756317,0.5244317054748535,0.019523173570632935
5,53,False,0.0,16,0.7831916809082031,0.2730288803577423,0.5244749784469604,0.019463015720248222
5,54,False,0.0,16,0.7846742868423462,0.2721825838088989,0.5244063138961792,0.019444603472948074
5,55,False,0.0,16,0.7846075892448425,0.2718595266342163,0.5244127511978149,0.019418297335505486
5,56,False,0.0,16,0.785765528678894,0.27015915513038635,0.5247288942337036,0.019414853304624557
5,57,False,0.0,16,0.7879165410995483,0.26838696002960205,0.5246254801750183,0.019377321004867554
5,58,False,0.0,16,0.7882207632064819,0.2677697241306305,0.5246395468711853,0.019427912309765816
5,59,False,0.0,16,0.7891687154769897,0.26583752036094666,0.5245001316070557,0.01933593675494194
5,60,False,0.0,16,0.7887600064277649,0.2647903859615326,0.5245670676231384,0.019332820549607277
5,61,False,0.0,16,0.7887008190155029,0.26443856954574585,0.524610161781311,0.019323155283927917
5,62,False,0.0,16,0.7905155420303345,0.2642354667186737,0.5247360467910767,0.019378522410988808
5,63,False,0.0,16,0.7941040992736816,0.26383790373802185,0.5246621370315552,0.0193143580108881
5,64,False,0.0,16,0.7965084314346313,0.26259365677833557,0.5248467922210693,0.019302386790513992
5,65,False,0.0,16,0.7975119352340698,0.2636168599128723,0.5249223709106445,0.019296804443001747
5,66,False,0.0,16,0.7983983755111694,0.26417213678359985,0.5251083374023438,0.01938030868768692
5,67,False,0.0,16,0.79863041639328,0.26534196734428406,0.525120735168457,0.01939729042351246
5,68,False,0.0,16,0.7970095872879028,0.2674853503704071,0.5253939628601074,0.01944061741232872
5,69,False,0.0,16,0.7965692281723022,0.26712891459465027,0.5252439975738525,0.01943807862699032
5,70,False,0.0,16,0.7969099283218384,0.2675299346446991,0.5256177186965942,0.019598079845309258
5,71,False,0.0,16,0.796489417552948,0.2675570845603943,0.5259396433830261,0.01964682899415493
5,72,False,0.0,16,0.7974957823753357,0.2676973044872284,0.5261585116386414,0.019543282687664032
5,73,False,0.0,16,0.7975460290908813,0.2673746347427368,0.5260004997253418,0.019512176513671875
5,74,False,0.0,16,0.7973612546920776,0.26767465472221375,0.5256860852241516,0.019382771104574203
5,75,False,0.0,16,0.7975667715072632,0.26741647720336914,0.5257264375686646,0.019281040877103806
5,76,False,0.0,16,0.797351598739624,0.26743176579475403,0.5257741808891296,0.019253870472311974
5,77,False,0.0,16,0.7975186109542847,0.26730602979660034,0.5255190134048462,0.01916840486228466
5,78,False,0.0,16,0.7977879047393799,0.2672145366668701,0.5254517793655396,0.019093871116638184
5,79,False,0.0,16,0.7984527349472046,0.267067015171051,0.5254017114639282,0.01903526298701763
5,80,False,0.0,16,0.7987619638442993,0.2670283913612366,0.5255534648895264,0.01884111389517784
5,81,False,0.0,16,0.7996101379394531,0.26663047075271606,0.5253695249557495,0.018792014569044113
5,82,False,0.0,16,0.8001137971878052,0.26604390144348145,0.5252658128738403,0.01877336949110031
5,83,False,0.0,16,0.8001490235328674,0.2654840350151062,0.5252465009689331,0.01879664696753025
5,84,False,0.0,16,0.8008377552032471,0.2644354999065399,0.525172770023346,0.018769698217511177
5,85,False,0.0,16,0.8015861511230469,0.26349616050720215,0.5251052379608154,0.018759727478027344
5,86,False,0.0,16,0.8017977476119995,0.26287412643432617,0.5251771211624146,0.018815267831087112
5,87,False,0.0,16,0.802183985710144,0.26267656683921814,0.52508544921875,0.01871255412697792
5,88,False,0.0,16,0.8025953769683838,0.2621401846408844,0.5253400802612305,0.018520977348089218
5,89,False,0.0,16,0.8026083707809448,0.26194480061531067,0.5252958536148071,0.018564296886324883
5,90,False,0.0,16,0.802993655204773,0.2617599666118622,0.5251691341400146,0.01854873076081276
5,91,False,0.0,16,0.8028119802474976,0.2613358795642853,0.5251835584640503,0.018599485978484154
5,92,False,0.0,16,0.8032045960426331,0.2603197693824768,0.5252642631530762,0.01867326721549034
5,93,False,0.0,16,0.8033504486083984,0.26054513454437256,0.5252828598022461,0.018758026883006096
5,94,False,0.0,16,0.8029636144638062,0.26058101654052734,0.5251961946487427,0.018796922639012337
5,95,False,0.0,16,0.8014245629310608,0.26164063811302185,0.5250964164733887,0.01887405849993229
5,96,False,0.0,16,0.7992128133773804,0.262982040643692,0.5252188444137573,0.01872769370675087
5,97,False,0.0,16,0.7980475425720215,0.2635745108127594,0.5250253677368164,0.01862300932407379
5,98,False,0.0,16,0.7978038787841797,0.2634795010089874,0.5250803232192993,0.018607407808303833
5,99,False,0.0,16,0.796719491481781,0.26413241028785706,0.5250535011291504,0.018681444227695465
5,100,False,0.0,16,0.7956180572509766,0.2659161686897278,0.5248533487319946,0.01869671791791916
5,101,False,0.0,16,0.7954963445663452,0.26665350794792175,0.5246440768241882,0.01866750791668892
5,102,False,0.0,16,0.7944983243942261,0.26833632588386536,0.5244128108024597,0.018741006031632423
5,103,False,0.0,16,0.7934218049049377,0.2696903944015503,0.5241409540176392,0.018709799274802208
5,104,False,0.0,16,0.7938355207443237,0.2701111435890198,0.5239823460578918,0.018508516252040863
5,105,False,0.0,16,0.7931457757949829,0.2706511914730072,0.5240002870559692,0.018515856936573982
5,106,False,0.0,16,0.7929276823997498,0.2708977162837982,0.5242702960968018,0.018499886617064476
5,107,False,0.0,16,0.7923992276191711,0.2701120972633362,0.5243778228759766,0.01836012862622738
5,108,False,0.0,16,0.7913045883178711,0.2691779136657715,0.5246179103851318,0.01831008680164814
5,109,False,0.0,16,0.7881319522857666,0.2696339786052704,0.5245728492736816,0.018251052126288414
5,110,False,0.0,16,0.7881066799163818,0.2695089280605316,0.5248185396194458,0.018290361389517784
5,111,False,0.0,16,0.7884948253631592,0.2690128684043884,0.5248436331748962,0.018181342631578445
5,112,False,0.0,16,0.7888752222061157,0.2684634327888489,0.5246028900146484,0.0178925059735775
5,113,False,0.0,16,0.7899806499481201,0.26791220903396606,0.5245422124862671,0.017842235043644905
5,114,False,0.0,16,0.7904941439628601,0.2676396071910858,0.5247042775154114,0.01789100095629692
5,115,False,0.0,16,0.7918396592140198,0.2678180932998657,0.5248279571533203,0.01790463924407959
5,116,False,0.0,16,0.7927600145339966,0.2678171992301941,0.5249276161193848,0.017920535057783127
5,117,False,0.0,16,0.7928100824356079,0.26775336265563965,0.5249171257019043,0.017915869131684303
5,118,False,0.0,16,0.7929338216781616,0.2679145634174347,0.5251111388206482,0.018021125346422195
5,119,False,0.0,16,0.7944706678390503,0.2674812376499176,0.5250883102416992,0.018180284649133682
5,120,False,0.0,16,0.7948501110076904,0.26724275946617126,0.5249810814857483,0.018222317099571228
5,121,False,0.0,16,0.7947418689727783,0.26713624596595764,0.5247662663459778,0.018199633806943893
5,122,False,0.0,16,0.7938998937606812,0.26688456535339355,0.5246479511260986,0.018205692991614342
5,123,False,0.0,16,0.7932469248771667,0.2667672336101532,0.5245043039321899,0.018232300877571106
5,124,False,0.0,16,0.7923934459686279,0.26629868149757385,0.5244172811508179,0.018273228779435158
5,125,False,0.0,16,0.7916626334190369,0.2654935121536255,0.5244072079658508,0.018260400742292404
5,126,False,0.0,16,0.793378472328186,0.2647830545902252,0.5243818759918213,0.0182407908141613
5,127,False,0.0,16,0.7951606512069702,0.26425042748451233,0.5243210792541504,0.018152737990021706
5,128,False,0.0,16,0.7963476181030273,0.26398807764053345,0.5245027542114258,0.018303055316209793
5,129,False,0.0,16,0.7970317602157593,0.26364487409591675,0.5244724750518799,0.018268337473273277
5,130,False,0.0,16,0.7965942025184631,0.263660192489624,0.5245802402496338,0.01833205111324787
5,131,False,0.0,16,0.7962940335273743,0.2636842429637909,0.5245996713638306,0.018375050276517868
5,132,False,0.0,16,0.7962624430656433,0.26413944363594055,0.524614691734314,0.018405623733997345
5,133,False,0.0,16,0.7959675192832947,0.2644313871860504,0.5245797634124756,0.018403738737106323
5,134,False,0.0,16,0.795811653137207,0.2647518217563629,0.524563193321228,0.018412647768855095
6,0,False,0.0,0,0.7439725399017334,0.1693926751613617,0.5132129788398743,0.010126842185854912
6,1,False,0.0,1,0.8287522196769714,0.24051028490066528,0.528058648109436,0.01927371509373188
6,2,False,0.0,2,0.828697681427002,0.24027520418167114,0.5281622409820557,0.019223976880311966
6,3,False,0.0,3,0.8272476196289062,0.24263542890548706,0.5282803773880005,0.019223343580961227
6,4,False,0.0,4,0.828630268573761,0.240874245762825,0.5281670093536377,0.01915358006954193
6,5,False,0.0,5,0.8282398581504822,0.2413521260023117,0.5279531478881836,0.019061774015426636
6,6,False,0.0,6,0.8271828889846802,0.2422405332326889,0.527843713760376,0.019040875136852264
6,7,False,0.0,7,0.8259451389312744,0.24326853454113007,0.5275577306747437,0.018939100205898285
6,8,False,0.0,8,0.8233547210693359,0.24514679610729218,0.5276240110397339,0.018928855657577515
6,9,False,0.0,9,0.8209787607192993,0.24685554206371307,0.5279171466827393,0.019433146342635155
6,10,False,0.0,10,0.8190499544143677,0.24797382950782776,0.52774977684021,0.019365457817912102
6,11,False,0.0,11,0.8157445192337036,0.25071772933006287,0.5277129411697388,0.019314773380756378
6,12,False,0.0,12,0.8115477561950684,0.25413766503334045,0.5276789665222168,0.019362417981028557
6,13,False,0.0,13,0.8078854084014893,0.25699806213378906,0.5276985764503479,0.01938697323203087
6,14,False,0.0,14,0.8044983148574829,0.2587084174156189,0.5277117490768433,0.01940474845468998
6,15,False,0.0,15,0.8021412491798401,0.259739488363266,0.5274837017059326,0.019333746284246445
6,16,False,0.0,16,0.7995861768722534,0.2619263827800751,0.5272029638290405,0.019307300448417664
6,17,False,0.0,16,0.7988873720169067,0.26401522755622864,0.52791428565979,0.019789787009358406
6,18,False,0.0,16,0.7984180450439453,0.26671674847602844,0.5279952883720398,0.019757390022277832
6,19,False,0.0,16,0.7973303198814392,0.2687360644340515,0.5280860662460327,0.019767222926020622
6,20,False,0.0,16,0.7958883047103882,0.2708944082260132,0.5282250642776489,0.019737033173441887
6,21,False,0.0,16,0.7942320108413696,0.2725144028663635,0.5284193754196167,0.019760841503739357
6,22,False,0.0,16,0.7931240797042847,0.27347132563591003,0.5285459756851196,0.01975283771753311
6,23,False,0.0,16,0.7910088300704956,0.2746536433696747,0.5285794138908386,0.01978558674454689
6,24,False,0.0,16,0.7894620895385742,0.27586135268211365,0.5284410119056702,0.01974879950284958
6,25,False,0.0,16,0.7891584634780884,0.2765671908855438,0.5283976793289185,0.020006593316793442
6,26,False,0.0,16,0.7886537909507751,0.27641043066978455,0.5284537672996521,0.02005576342344284
6,27,False,0.0,16,0.7879906892776489,0.2762817144393921,0.5284733772277832,0.020151199772953987
6,28,False,0.0,16,0.7873572707176208,0.27603277564048767,0.5287653207778931,0.02035031095147133
6,29,True,0.02631578966975212,16,0.7859014272689819,0.2757233679294586,0.5290031433105469,0.020590409636497498
6,30,True,0.07894736528396606,16,0.7892398834228516,0.27003419399261475,0.5290699005126953,0.020444612950086594
6,31,True,0.1315789520740509,16,0.7874640226364136,0.27145135402679443,0.5288304090499878,0.020266007632017136
6,32,True,0.18421052396297455,16,0.7987733483314514,0.26058709621429443,0.5294155478477478,0.020426692441105843
6,33,True,0.2368421107530594,16,0.8014559149742126,0.2548808455467224,0.5295825004577637,0.020532259717583656
6,34,True,0.28947368264198303,16,0.8016191720962524,0.25140252709388733,0.5295705199241638,0.020527204498648643
6,35,True,0.34210526943206787,16,0.8034505844116211,0.2508709728717804,0.5290437936782837,0.02024819888174534
6,36,True,0.3947368562221527,16,0.8052167892456055,0.251986026763916,0.5289364457130432,0.020178381353616714
6,37,True,0.44736841320991516,16,0.8048064708709717,0.24928857386112213,0.5287253856658936,0.020246729254722595
6,38,True,0.5,16,0.8033635020256042,0.24634107947349548,0.5284510850906372,0.02013825625181198
6,39,True,0.5526315569877625,16,0.8017921447753906,0.24700544774532318,0.5283432006835938,0.020125243812799454
6,40,True,0.6052631735801697,16,0.8028774261474609,0.2452007234096527,0.5281225442886353,0.020016033202409744
6,41,True,0.6578947305679321,16,0.8029367327690125,0.24268615245819092,0.5283396244049072,0.02012183517217636
6,42,True,0.7105262875556946,16,0.8032845258712769,0.24149230122566223,0.5282444953918457,0.020046979188919067
6,43,True,0.7631579041481018,16,0.8046497106552124,0.24389423429965973,0.5281016826629639,0.01996840350329876
6,44,True,0.8157894611358643,16,0.8034706115722656,0.24451971054077148,0.5281744003295898,0.020104724913835526
6,45,True,0.8684210777282715,16,0.805276095867157,0.24724873900413513,0.5280437469482422,0.020000401884317398
6,46,True,0.9210526347160339,16,0.8042705059051514,0.2480728179216385,0.5280670523643494,0.019927429035305977
6,47,True,0.9736841917037964,16,0.8047369718551636,0.2478681057691574,0.5282011032104492,0.019858159124851227
6,48,True,1.0,16,0.8044686317443848,0.24629174172878265,0.5264427661895752,0.019163135439157486
6,49,True,1.0,16,0.8040205836296082,0.2421121448278427,0.5268373489379883,0.019223583862185478
6,50,True,1.0,16,0.804021954536438,0.24220311641693115,0.5268369913101196,0.019227104261517525
6,51,True,1.0,16,0.804041862487793,0.24221724271774292,0.5268417000770569,0.019228428602218628
6,52,True,1.0,16,0.8040480613708496,0.24220715463161469,0.5268433094024658,0.019229860976338387
6,53,True,1.0,16,0.8040487766265869,0.24221473932266235,0.5268468856811523,0.0192300695925951
6,54,True,1.0,16,0.8040656447410583,0.24216210842132568,0.5268467664718628,0.01922908052802086
6,55,True,1.0,16,0.8040723204612732,0.2421528398990631,0.5268473625183105,0.0192295890301466
6,56,True,1.0,16,0.804076611995697,0.24215693771839142,0.5268459320068359,0.019229507073760033
6,57,True,1.0,16,0.8033469915390015,0.23047463595867157,0.5273025035858154,0.019170744344592094
6,58,True,1.0,16,0.8033908605575562,0.2308329939842224,0.5273011922836304,0.019174382090568542
6,59,True,1.0,16,0.8034158945083618,0.2309245765209198,0.52730393409729,0.019175805151462555
6,60,True,1.0,16,0.8034510612487793,0.2310364693403244,0.5273072719573975,0.019177643582224846
6,61,True,1.0,16,0.8034567832946777,0.23102712631225586,0.5273104310035706,0.019179722294211388
6,62,True,1.0,16,0.8034420013427734,0.2310999631881714,0.5273112058639526,0.01917911134660244
6,63,True,1.0,16,0.8034526109695435,0.23104047775268555,0.5273114442825317,0.019179049879312515
6,64,True,1.0,16,0.803443193435669,0.23107273876667023,0.5273117423057556,0.019179213792085648
6,65,True,1.0,16,0.7934545278549194,0.2045074850320816,0.5274442434310913,0.01916237361729145
6,66,True,1.0,16,0.7934626340866089,0.20454730093479156,0.5274509191513062,0.01916690729558468
6,67,True,1.0,16,0.7936720848083496,0.20497922599315643,0.5274488925933838,0.019167786464095116
6,68,True,1.0,16,0.7936722040176392,0.20497314631938934,0.5274505615234375,0.01916811242699623
6,69,True,1.0,16,0.7938529253005981,0.205215185880661,0.5274515151977539,0.019168807193636894
6,70,True,1.0,16,0.7938030958175659,0.20514366030693054,0.5274519324302673,0.0191702451556921
6,71,True,1.0,16,0.7936879396438599,0.2049357146024704,0.5274515151977539,0.019170384854078293
6,72,False,0.0,16,0.7935163974761963,0.2688414454460144,0.5296149253845215,0.020282099023461342
6,73,False,0.0,16,0.7904337644577026,0.27009880542755127,0.5297577381134033,0.02040180191397667
6,74,False,0.0,16,0.7903364896774292,0.26988735795021057,0.5298463106155396,0.020433465018868446
6,75,False,0.0,16,0.7901293039321899,0.2693641185760498,0.5300115942955017,0.020512109622359276
6,76,False,0.0,16,0.790532112121582,0.268743634223938,0.5300079584121704,0.020460404455661774
6,77,False,0.0,16,0.7910393476486206,0.26787495613098145,0.5299336314201355,0.02039209008216858
6,78,False,0.0,16,0.7916597127914429,0.2670883238315582,0.5299192667007446,0.02037074789404869
6,79,False,0.0,16,0.7916942238807678,0.2662743330001831,0.5299445390701294,0.020346809178590775
6,80,False,0.0,16,0.7912267446517944,0.26525914669036865,0.5299832820892334,0.020322192460298538
6,81,False,0.0,16,0.7906481027603149,0.26375681161880493,0.5303570032119751,0.020467078313231468
6,82,False,0.0,16,0.7891714572906494,0.26281484961509705,0.5303142666816711,0.020350858569145203
6,83,False,0.0,16,0.7845550179481506,0.26062822341918945,0.5303469896316528,0.020363643765449524
6,84,False,0.0,16,0.7816988229751587,0.25940313935279846,0.5302847623825073,0.020318975672125816
6,85,False,0.0,16,0.7810969352722168,0.25976112484931946,0.5303469896316528,0.020388362929224968
6,86,False,0.0,16,0.7771483063697815,0.2588881552219391,0.5304401516914368,0.02039303258061409
6,87,False,0.0,16,0.7730354070663452,0.25737014412879944,0.5304790139198303,0.020443854853510857
6,88,False,0.0,16,0.7860273718833923,0.26495274901390076,0.530211329460144,0.020347960293293
6,89,False,0.0,16,0.7913071513175964,0.2674297094345093,0.5304486155509949,0.0203904677182436
6,90,False,0.0,16,0.7923579812049866,0.26761889457702637,0.530379056930542,0.02039688639342785
6,91,False,0.0,16,0.7929232120513916,0.2676844000816345,0.5301892757415771,0.020376168191432953
6,92,False,0.0,16,0.793979287147522,0.2675682604312897,0.5302647352218628,0.020404405891895294
6,93,False,0.0,16,0.7949761748313904,0.26774656772613525,0.5302661657333374,0.02052125334739685
6,94,False,0.0,16,0.7961490750312805,0.26792487502098083,0.5302833318710327,0.02053254283964634
6,95,False,0.0,16,0.7965288162231445,0.2678304612636566,0.5304772853851318,0.02070624940097332
7,0,False,0.0,0,0.7379245758056641,0.1744784414768219,0.5138677358627319,0.011177262291312218
7,1,False,0.0,1,0.8210042715072632,0.24784450232982635,0.5318338871002197,0.02114122174680233
7,2,False,0.0,2,0.8213174343109131,0.2475317418575287,0.5318847894668579,0.0211481936275959
7,3,False,0.0,3,0.8234903812408447,0.24612590670585632,0.5319762229919434,0.02121434547007084
7,4,False,0.0,4,0.8251289129257202,0.24467775225639343,0.5320868492126465,0.021303443238139153
7,5,False,0.0,5,0.8260684013366699,0.2434762418270111,0.5322661399841309,0.021414026618003845
7,6,False,0.0,6,0.8272519111633301,0.2426968663930893,0.5324814915657043,0.02149955742061138
7,7,False,0.0,7,0.827750563621521,0.2430552989244461,0.5324231386184692,0.021427659317851067
7,8,False,0.0,8,0.82762610912323,0.2440049648284912,0.5324645042419434,0.02143431454896927
7,9,False,0.0,9,0.8272844552993774,0.24483740329742432,0.533048152923584,0.021145319566130638
7,10,False,0.0,10,0.8269500732421875,0.24535299837589264,0.5330597758293152,0.021130012348294258
7,11,False,0.0,11,0.82575523853302,0.24626260995864868,0.5329947471618652,0.021052498370409012
7,12,False,0.0,12,0.824394702911377,0.24726074934005737,0.5330081582069397,0.021064946427941322
7,13,False,0.0,13,0.8217698931694031,0.2484963834285736,0.5329523086547852,0.0210359375923872
7,14,False,0.0,14,0.8214800357818604,0.2487500011920929,0.5329210758209229,0.021067308261990547
7,15,False,0.0,15,0.8210757970809937,0.24892257153987885,0.5328563451766968,0.02104758657515049
7,16,False,0.0,16,0.8205839395523071,0.24904543161392212,0.5329697728157043,0.02107616327702999
7,17,False,0.0,16,0.8203296661376953,0.2488251030445099,0.5334316492080688,0.020872822031378746
7,18,False,0.0,16,0.8210775256156921,0.24848943948745728,0.5333980321884155,0.02083534561097622
7,19,False,0.0,16,0.8201736211776733,0.24936841428279877,0.5333685278892517,0.020843151956796646
7,20,False,0.0,16,0.8189826011657715,0.2500654458999634,0.5331591367721558,0.02072342485189438
7,21,False,0.0,16,0.8187073469161987,0.25025680661201477,0.5331739187240601,0.020702209323644638
7,22,False,0.0,16,0.8172954320907593,0.25122737884521484,0.5330837965011597,0.02066834084689617
7,23,False,0.0,16,0.8170790672302246,0.2512763440608978,0.533098578453064,0.020683232694864273
7,24,False,0.0,16,0.8177146315574646,0.2505347430706024,0.5329169034957886,0.020613329485058784
7,25,False,0.0,16,0.8176383972167969,0.2501830756664276,0.5329728126525879,0.020426463335752487
7,26,False,0.0,16,0.8173208236694336,0.2505250573158264,0.532802164554596,0.02038254775106907
7,27,False,0.0,16,0.8167635798454285,0.25084224343299866,0.5326661467552185,0.020389314740896225
7,28,False,0.0,16,0.8160145282745361,0.25149238109588623,0.5325329303741455,0.02034536935389042
7,29,False,0.0,16,0.8137257695198059,0.2519596815109253,0.5321612358093262,0.020161785185337067
7,30,False,0.0,16,0.8118958473205566,0.25272417068481445,0.5322086215019226,0.02014506235718727
7,31,False,0.0,16,0.810528039932251,0.25353431701660156,0.5322120189666748,0.02024601772427559
7,32,False,0.0,16,0.8089349269866943,0.2550581693649292,0.5321429371833801,0.020235836505889893
7,33,False,0.0,16,0.807626485824585,0.2558005452156067,0.5324022769927979,0.02027467079460621
7,34,False,0.0,16,0.8066493272781372,0.25679346919059753,0.5322672128677368,0.02017359994351864
7,35,False,0.0,16,0.8061238527297974,0.2579427659511566,0.5323741436004639,0.020190512761473656
7,36,False,0.0,16,0.8056334257125854,0.2598993480205536,0.5323375463485718,0.02018580585718155
7,37,False,0.0,16,0.804370641708374,0.26220130920410156,0.5323785543441772,0.020215626806020737
7,38,False,0.0,16,0.8034197092056274,0.2643047571182251,0.5324867963790894,0.02020271122455597
7,39,False,0.0,16,0.8029764890670776,0.26645421981811523,0.5325599908828735,0.02020956203341484
7,40,False,0.0,16,0.8025718331336975,0.2683272361755371,0.5325924158096313,0.020159509032964706
7,41,False,0.0,16,0.8014941811561584,0.2697121500968933,0.5329357385635376,0.020078806206583977
7,42,False,0.0,16,0.7998279333114624,0.2697421908378601,0.5328701734542847,0.020101262256503105
7,43,False,0.0,16,0.798652172088623,0.2704082727432251,0.5328909158706665,0.020035341382026672
7,44,False,0.0,16,0.7968341112136841,0.27082666754722595,0.5329812169075012,0.01999843493103981
7,45,False,0.0,16,0.7951668500900269,0.27067479491233826,0.533001184463501,0.019987527281045914
7,46,False,0.0,16,0.7943520545959473,0.2711730897426605,0.5331553220748901,0.020052017644047737
7,47,False,0.0,16,0.7931499481201172,0.27160972356796265,0.5331753492355347,0.02004370279610157
7,48,False,0.0,16,0.7920840978622437,0.27147722244262695,0.5332707166671753,0.020090900361537933
7,49,False,0.0,16,0.791041374206543,0.2721146047115326,0.5336928367614746,0.019964978098869324
7,50,False,0.0,16,0.790819525718689,0.27137747406959534,0.5338699817657471,0.0200487207621336
7,51,False,0.0,16,0.7915401458740234,0.2704595923423767,0.5339453220367432,0.020155102014541626
7,52,False,0.0,16,0.7925626039505005,0.26920995116233826,0.5340336561203003,0.02021399512887001
7,53,False,0.0,16,0.7939983606338501,0.26890671253204346,0.5339603424072266,0.020229417830705643
7,54,False,0.0,16,0.793967604637146,0.268420934677124,0.5339210033416748,0.0202032458037138
7,55,False,0.0,16,0.7938073873519897,0.268019437789917,0.5338497757911682,0.020159054547548294
7,56,False,0.0,16,0.7934156060218811,0.2679544687271118,0.5336833000183105,0.020102597773075104
7,57,False,0.0,16,0.7930465936660767,0.26847365498542786,0.5338378548622131,0.019972417503595352
7,58,False,0.0,16,0.7912617325782776,0.26968032121658325,0.5338075160980225,0.019932100549340248
7,59,False,0.0,16,0.7885570526123047,0.27149733901023865,0.5338248014450073,0.019892681390047073
7,60,False,0.0,16,0.7884223461151123,0.2727139890193939,0.5338680744171143,0.019855845719575882
7,61,False,0.0,16,0.7872071862220764,0.27289044857025146,0.5339051485061646,0.019885851070284843
7,62,False,0.0,16,0.7865270376205444,0.27296414971351624,0.5338479280471802,0.019849667325615883
7,63,False,0.0,16,0.7859617471694946,0.2727334797382355,0.5337672233581543,0.01978246681392193
7,64,False,0.0,16,0.7851234674453735,0.27299708127975464,0.5336586236953735,0.019699204713106155
7,65,False,0.0,16,0.7839027643203735,0.27581483125686646,0.5336378216743469,0.019572248682379723
7,66,False,0.0,16,0.7850105166435242,0.2743939161300659,0.5335795283317566,0.01953083463013172
7,67,False,0.0,16,0.7863919734954834,0.27364811301231384,0.5335928201675415,0.019518177956342697
7,68,False,0.0,16,0.7880587577819824,0.27315545082092285,0.5335229635238647,0.01949581876397133
7,69,False,0.0,16,0.790558934211731,0.27240532636642456,0.5336584448814392,0.01956311985850334
7,70,False,0.0,16,0.7922244071960449,0.27194276452064514,0.5337867140769958,0.019608957692980766
7,71,False,0.0,16,0.7926719784736633,0.2709982693195343,0.5336944460868835,0.019534509629011154
7,72,False,0.0,16,0.7933242321014404,0.27026957273483276,0.5336382389068604,0.019497711211442947
7,73,False,0.0,16,0.794225811958313,0.2696691155433655,0.533553421497345,0.019356029108166695
7,74,False,0.0,16,0.7955895662307739,0.2686397433280945,0.533336877822876,0.01933865062892437
7,75,False,0.0,16,0.7959108352661133,0.26792487502098083,0.5334094762802124,0.019296612590551376
7,76,False,0.0,16,0.7951797842979431,0.26895439624786377,0.5333345532417297,0.01937098242342472
7,77,False,0.0,16,0.7959414124488831,0.26792407035827637,0.5331502556800842,0.01926233619451523
7,78,False,0.0,16,0.796970546245575,0.2669190764427185,0.5330939292907715,0.01917499676346779
7,79,False,0.0,16,0.7978546619415283,0.26599058508872986,0.5331627726554871,0.01915918104350567
7,80,False,0.0,16,0.7985241413116455,0.26588311791419983,0.5332269668579102,0.019189713522791862
7,81,False,0.0,16,0.7995178699493408,0.26524999737739563,0.5332520008087158,0.019087815657258034
7,82,False,0.0,16,0.800557553768158,0.26438388228416443,0.5333837866783142,0.019153764471411705
7,83,False,0.0,16,0.8006947040557861,0.264735609292984,0.5333074331283569,0.019133998081088066
7,84,False,0.0,16,0.800339937210083,0.2656364440917969,0.5334069728851318,0.0191960409283638
7,85,False,0.0,16,0.8012542724609375,0.2657381296157837,0.5334064960479736,0.0192253515124321
7,86,False,0.0,16,0.8021758794784546,0.265705406665802,0.5333558320999146,0.01919657550752163
7,87,False,0.0,16,0.802819013595581,0.26565876603126526,0.5334484577178955,0.01926974393427372
7,88,False,0.0,16,0.8028198480606079,0.2652197480201721,0.5335407257080078,0.01936439424753189
7,89,False,0.0,16,0.8033058643341064,0.2649022340774536,0.5334454774856567,0.019394874572753906
7,90,False,0.0,16,0.803317666053772,0.26487070322036743,0.5333155393600464,0.01935070939362049
7,91,False,0.0,16,0.8025748133659363,0.2655350863933563,0.533255934715271,0.019379358738660812
7,92,False,0.0,16,0.801651120185852,0.26616165041923523,0.5332808494567871,0.019384995102882385
7,93,False,0.0,16,0.800750195980072,0.266836941242218,0.5333694219589233,0.019425710663199425
7,94,False,0.0,16,0.7993960380554199,0.2672821581363678,0.533319354057312,0.019428137689828873
7,95,False,0.0,16,0.7986577153205872,0.26807811856269836,0.5333487391471863,0.0194323118776083
7,96,False,0.0,16,0.7973629236221313,0.26837554574012756,0.5333675146102905,0.01940879598259926
7,97,False,0.0,16,0.7963261604309082,0.2688220143318176,0.5328738689422607,0.01937471330165863
7,98,False,0.0,16,0.7944642305374146,0.26936230063438416,0.5326935052871704,0.019338075071573257
7,99,False,0.0,16,0.7937098145484924,0.26988714933395386,0.5326461791992188,0.01931927725672722
7,100,False,0.0,16,0.7933353185653687,0.2706124782562256,0.532831072807312,0.019364187493920326
7,101,False,0.0,16,0.7928697466850281,0.27145329117774963,0.5330215096473694,0.019417472183704376
7,102,False,0.0,16,0.7927323579788208,0.2719854414463043,0.5330955982208252,0.019421016797423363
7,103,False,0.0,16,0.7924544215202332,0.2730955183506012,0.5330274105072021,0.01937730237841606
7,104,False,0.0,16,0.7925735116004944,0.27357161045074463,0.533007025718689,0.019361769780516624
7,105,False,0.0,16,0.7927507162094116,0.2736514210700989,0.5324087738990784,0.019195009022951126
7,106,False,0.0,16,0.7923624515533447,0.27427688241004944,0.532271683216095,0.019096868112683296
7,107,False,0.0,16,0.7918475866317749,0.2744375765323639,0.5321441888809204,0.019046077504754066
7,108,False,0.0,16,0.7912029027938843,0.27447912096977234,0.532204270362854,0.01906493864953518
7,109,False,0.0,16,0.7906244397163391,0.27459070086479187,0.5321977138519287,0.019086500629782677
7,110,False,0.0,16,0.7904190421104431,0.2746584117412567,0.5323307514190674,0.01915360987186432
7,111,False,0.0,16,0.7905592322349548,0.27448078989982605,0.5323419570922852,0.01915922202169895
7,112,False,0.0,16,0.7917277812957764,0.273702472448349,0.532201886177063,0.019126003608107567
7,113,False,0.0,16,0.7923353910446167,0.27330848574638367,0.5314936637878418,0.0189447533339262
7,114,False,0.0,16,0.7925739288330078,0.27288055419921875,0.5314449071884155,0.018893053755164146
7,115,False,0.0,16,0.7924251556396484,0.2726806700229645,0.5314671993255615,0.01895623840391636
7,116,False,0.0,16,0.7925992012023926,0.2726411521434784,0.5314598679542542,0.01894209161400795
7,117,False,0.0,16,0.7921783328056335,0.27205774188041687,0.5315566062927246,0.01901511289179325
7,118,False,0.0,16,0.7919638752937317,0.2708510756492615,0.5315661430358887,0.019101431593298912
7,119,False,0.0,16,0.7918252348899841,0.26964664459228516,0.5314703583717346,0.019092638045549393
7,120,False,0.0,16,0.7924569845199585,0.2681191563606262,0.5312566161155701,0.01906125433743
7,121,False,0.0,16,0.7925615906715393,0.2674606740474701,0.5307843089103699,0.018958061933517456
7,122,False,0.0,16,0.7922872304916382,0.2672123312950134,0.5307109355926514,0.01894494891166687
7,123,False,0.0,16,0.7918305397033691,0.2671279311180115,0.5306822657585144,0.0189425777643919
7,124,False,0.0,16,0.7920064926147461,0.26701128482818604,0.5306650400161743,0.018978025764226913
7,125,False,0.0,16,0.7919977307319641,0.2668854594230652,0.5307133793830872,0.018962392583489418
7,126,False,0.0,16,0.7921547293663025,0.26662206649780273,0.5306951999664307,0.018943611532449722
7,127,False,0.0,16,0.792686939239502,0.26694291830062866,0.5306639075279236,0.018935302272439003
7,128,False,0.0,16,0.7923933267593384,0.2675335705280304,0.5306007266044617,0.018899139016866684
7,129,False,0.0,16,0.7949844002723694,0.2675183415412903,0.5306393504142761,0.0188592616468668
7,130,False,0.0,16,0.7967772483825684,0.26772743463516235,0.5305498838424683,0.018776411190629005
7,131,False,0.0,16,0.7967450618743896,0.2677428722381592,0.5305153131484985,0.01879965327680111
7,132,False,0.0,16,0.7966447472572327,0.26723650097846985,0.530400276184082,0.01876194402575493
8,0,False,0.0,0,0.7364015579223633,0.18936143815517426,0.5155009031295776,0.010536763817071915
8,1,False,0.0,1,0.8161585330963135,0.25686708092689514,0.532162070274353,0.019661415368318558
8,2,False,0.0,2,0.8156809210777283,0.25656071305274963,0.53215491771698,0.019684232771396637
8,3,False,0.0,3,0.8152575492858887,0.2563166618347168,0.5322180390357971,0.019691649824380875
8,4,False,0.0,4,0.8157597780227661,0.255527526140213,0.5321919918060303,0.019839191809296608
8,5,False,0.0,5,0.8153365850448608,0.25541549921035767,0.5323243141174316,0.019941264763474464
8,6,False,0.0,6,0.8155084848403931,0.2552008330821991,0.5321826934814453,0.01990819163620472
8,7,False,0.0,7,0.8163352608680725,0.25485721230506897,0.5320432186126709,0.01988888345658779
8,8,False,0.0,8,0.8160251379013062,0.2545129656791687,0.5318185091018677,0.01997954770922661
8,9,False,0.0,9,0.8149515390396118,0.2548067271709442,0.5317590236663818,0.019925137981772423
8,10,False,0.0,10,0.8127307891845703,0.25579559803009033,0.531697154045105,0.019913028925657272
8,11,False,0.0,11,0.8105664253234863,0.25665220618247986,0.5316480398178101,0.019886313006281853
8,12,False,0.0,12,0.8081728219985962,0.2584179937839508,0.5314540266990662,0.01992356963455677
8,13,False,0.0,13,0.8055633306503296,0.26092255115509033,0.5315393209457397,0.019913604483008385
8,14,False,0.0,14,0.8041571378707886,0.2619238793849945,0.5315747261047363,0.01995709538459778
8,15,False,0.0,15,0.8019260764122009,0.2643168568611145,0.5317556858062744,0.01994936726987362
8,16,False,0.0,16,0.7985424995422363,0.267195463180542,0.5320335626602173,0.02000313065946102
8,17,False,0.0,16,0.7961491346359253,0.26937150955200195,0.5320175886154175,0.01999337039887905
8,18,False,0.0,16,0.7950561046600342,0.27095040678977966,0.5319786071777344,0.01998809166252613
8,19,False,0.0,16,0.7937277555465698,0.27202388644218445,0.5319700241088867,0.01999257132411003
8,20,False,0.0,16,0.7928022146224976,0.27304190397262573,0.5321433544158936,0.02008984051644802
8,21,False,0.0,16,0.791631281375885,0.2750436067581177,0.5321902632713318,0.02006719447672367
8,22,False,0.0,16,0.7911518216133118,0.2765863835811615,0.532235860824585,0.02008279412984848
8,23,False,0.0,16,0.7907767295837402,0.2769618332386017,0.5325064659118652,0.02023494616150856
8,24,False,0.0,16,0.7904859781265259,0.2770170569419861,0.5326237082481384,0.02032415010035038
8,25,False,0.0,16,0.7897768020629883,0.27672892808914185,0.5327264070510864,0.020402679219841957
8,26,False,0.0,16,0.7886979579925537,0.2779811918735504,0.5326197147369385,0.020382486283779144
8,27,False,0.0,16,0.7887650728225708,0.277994304895401,0.5323270559310913,0.0202543493360281
8,28,False,0.0,16,0.7890467643737793,0.27834346890449524,0.5329793095588684,0.02061876840889454
8,29,False,0.0,16,0.7887430191040039,0.2785881757736206,0.532609760761261,0.020524101331830025
8,30,False,0.0,16,0.788946807384491,0.2779964208602905,0.5324109792709351,0.02047586441040039
8,31,False,0.0,16,0.788813591003418,0.2782609462738037,0.5323588848114014,0.0203535333275795
8,32,False,0.0,16,0.7885845303535461,0.2780350148677826,0.5324047803878784,0.02028162218630314
8,33,False,0.0,16,0.7884448766708374,0.27731528878211975,0.5323525667190552,0.020134244114160538
8,34,False,0.0,16,0.7885791063308716,0.276428759098053,0.5323886871337891,0.020144088193774223
8,35,False,0.0,16,0.7890591621398926,0.2757759392261505,0.5324015617370605,0.020124390721321106
8,36,False,0.0,16,0.789544403553009,0.2756323218345642,0.5332769155502319,0.020341388881206512
8,37,False,0.0,16,0.7899919748306274,0.2752942442893982,0.5333102941513062,0.02033945359289646
8,38,False,0.0,16,0.7905882596969604,0.2746242582798004,0.533340334892273,0.020321164280176163
8,39,False,0.0,16,0.7877122759819031,0.27507928013801575,0.5333228707313538,0.020279984921216965
8,40,False,0.0,16,0.7867108583450317,0.2753898501396179,0.5333157777786255,0.020280582830309868
8,41,False,0.0,16,0.7874250411987305,0.2750844359397888,0.5333036184310913,0.02030804008245468
8,42,False,0.0,16,0.7894200682640076,0.27329835295677185,0.5331940650939941,0.020237889140844345
8,43,False,0.0,16,0.7904170751571655,0.2721809446811676,0.5331720113754272,0.0202462337911129
8,44,False,0.0,16,0.7918469309806824,0.2707306742668152,0.5337281227111816,0.020326565951108932
8,45,False,0.0,16,0.7920215725898743,0.270587295293808,0.5337755680084229,0.02042839303612709
8,46,False,0.0,16,0.7923741340637207,0.27075013518333435,0.5338844060897827,0.020525921136140823
8,47,False,0.0,16,0.7929197549819946,0.27041923999786377,0.5339671969413757,0.02053767628967762
8,48,False,0.0,16,0.793572723865509,0.26978030800819397,0.5340878963470459,0.02059796079993248
8,49,False,0.0,16,0.7959653735160828,0.26829439401626587,0.5343080163002014,0.0206998772919178
8,50,False,0.0,16,0.7962689399719238,0.2670234441757202,0.5343121290206909,0.02070806734263897
8,51,False,0.0,16,0.798200249671936,0.2651061415672302,0.5344209671020508,0.020733295008540154
8,52,False,0.0,16,0.8004904389381409,0.2621397078037262,0.5349820852279663,0.020757382735610008
8,53,False,0.0,16,0.8031175136566162,0.25994938611984253,0.534934401512146,0.02064744010567665
8,54,False,0.0,16,0.8046742677688599,0.25921961665153503,0.5350140333175659,0.020727915689349174
8,55,False,0.0,16,0.8066216707229614,0.258654922246933,0.5349195599555969,0.02069358341395855
8,56,False,0.0,16,0.8083656430244446,0.2580813765525818,0.5347459316253662,0.020612671971321106
8,57,False,0.0,16,0.8101115822792053,0.2573985755443573,0.5346676111221313,0.02056058682501316
8,58,False,0.0,16,0.8109877705574036,0.2571227252483368,0.5347628593444824,0.020597858354449272
8,59,False,0.0,16,0.8121787309646606,0.2568730115890503,0.5348111391067505,0.020572926849126816
8,60,False,0.0,16,0.8131518363952637,0.2564545273780823,0.5351880788803101,0.020470665767788887
8,61,False,0.0,16,0.8136622309684753,0.25585535168647766,0.5351079702377319,0.020414860919117928
8,62,False,0.0,16,0.8137780427932739,0.25566357374191284,0.5350455045700073,0.020329544320702553
8,63,False,0.0,16,0.8133119344711304,0.2561192214488983,0.5351080894470215,0.020347291603684425
8,64,False,0.0,16,0.8118758201599121,0.2572460174560547,0.5350675582885742,0.020321698859333992
8,65,False,0.0,16,0.809525728225708,0.2592727243900299,0.534957230091095,0.020271535962820053
8,66,False,0.0,16,0.8078688979148865,0.26064103841781616,0.5349823236465454,0.020301682874560356
8,67,False,0.0,16,0.8060535192489624,0.2619316577911377,0.5351270437240601,0.020298892632126808
8,68,False,0.0,16,0.8044007420539856,0.263438880443573,0.5354674458503723,0.020136499777436256
8,69,False,0.0,16,0.8029252290725708,0.2641776204109192,0.5355194807052612,0.02013644389808178
8,70,False,0.0,16,0.8019710779190063,0.2648235559463501,0.5353631973266602,0.020086226984858513
8,71,False,0.0,16,0.8008320331573486,0.2657773196697235,0.5352201461791992,0.020105021074414253
8,72,False,0.0,16,0.7999895811080933,0.26618340611457825,0.5352005958557129,0.020081043243408203
8,73,False,0.0,16,0.7996940016746521,0.26696205139160156,0.5353223085403442,0.0201114472001791
8,74,False,0.0,16,0.7989929914474487,0.26808249950408936,0.5351605415344238,0.020080648362636566
8,75,False,0.0,16,0.796586275100708,0.27064070105552673,0.5349977016448975,0.01999165117740631
8,76,False,0.0,16,0.7944422364234924,0.2729819118976593,0.5353657007217407,0.01990422047674656
8,77,False,0.0,16,0.7920364737510681,0.2750737965106964,0.5353085994720459,0.019875992089509964
8,78,False,0.0,16,0.7909788489341736,0.2757839262485504,0.535241961479187,0.019890327006578445
8,79,False,0.0,16,0.7899394035339355,0.2760149836540222,0.5351772308349609,0.01987435854971409
8,80,False,0.0,16,0.7899012565612793,0.27609649300575256,0.535114049911499,0.01983494497835636
8,81,False,0.0,16,0.7909939289093018,0.27649155259132385,0.5351586937904358,0.019806532189249992
8,82,False,0.0,16,0.7903980016708374,0.27647268772125244,0.5351309776306152,0.01976909674704075
8,83,False,0.0,16,0.7896624803543091,0.2763507664203644,0.5350962281227112,0.01978130266070366
8,84,False,0.0,16,0.7888491153717041,0.27608683705329895,0.5356241464614868,0.01987757720053196
8,85,False,0.0,16,0.7880362868309021,0.2749382257461548,0.5357040166854858,0.01990807242691517
8,86,False,0.0,16,0.7878705859184265,0.27368250489234924,0.5357280373573303,0.0199638269841671
8,87,False,0.0,16,0.7886242866516113,0.27163347601890564,0.5358850955963135,0.01995963416993618
8,88,False,0.0,16,0.7899069786071777,0.2719890773296356,0.5358140468597412,0.019910695031285286
8,89,False,0.0,16,0.7905058860778809,0.2725068926811218,0.5356060862541199,0.01981591247022152
8,90,False,0.0,16,0.7915315628051758,0.2714979350566864,0.5353862643241882,0.01973266713321209
8,91,False,0.0,16,0.7936809062957764,0.2702418863773346,0.5353921055793762,0.01975933462381363
8,92,False,0.0,16,0.7927500605583191,0.2708747982978821,0.5355980396270752,0.019765913486480713
8,93,False,0.0,16,0.7924690246582031,0.2709543704986572,0.5355309247970581,0.019743241369724274
8,94,False,0.0,16,0.7924665212631226,0.27096647024154663,0.5354129672050476,0.0196828730404377
8,95,False,0.0,16,0.7926996946334839,0.2706204950809479,0.5353717803955078,0.019621310755610466
8,96,False,0.0,16,0.7944426536560059,0.26896247267723083,0.5354681015014648,0.019626572728157043
8,97,False,0.0,16,0.7958607077598572,0.2686283588409424,0.5355224609375,0.019561177119612694
8,98,False,0.0,16,0.7968274354934692,0.26809796690940857,0.5355494022369385,0.019579624757170677
8,99,False,0.0,16,0.7970421314239502,0.26847195625305176,0.5356311798095703,0.019648894667625427
8,100,False,0.0,16,0.7977644801139832,0.26876527070999146,0.5358328819274902,0.0198674276471138
8,101,False,0.0,16,0.7989446520805359,0.2686476707458496,0.5358351469039917,0.019938519224524498
8,102,False,0.0,16,0.7998786568641663,0.26815056800842285,0.5357216596603394,0.019908534362912178
8,103,False,0.0,16,0.8007803559303284,0.26732587814331055,0.5356871485710144,0.019912494346499443
8,104,False,0.0,16,0.8004656434059143,0.26712068915367126,0.5356358289718628,0.019881438463926315
8,105,False,0.0,16,0.8001846075057983,0.26700153946876526,0.5355682373046875,0.019825879484415054
9,0,False,0.0,0,0.7255817651748657,0.1856800764799118,0.5176364183425903,0.011149141006171703
9,1,False,0.0,1,0.8118196725845337,0.2604864835739136,0.5353105664253235,0.019832385703921318
9,2,False,0.0,2,0.8113641738891602,0.2605951726436615,0.5356347560882568,0.019954709336161613
9,3,False,0.0,3,0.81117844581604,0.2606107294559479,0.535464882850647,0.019937438890337944
9,4,False,0.0,4,0.8115832805633545,0.2604699730873108,0.5352010130882263,0.01989133283495903
9,5,False,0.0,5,0.8113404512405396,0.2608352601528168,0.5352575778961182,0.019951654598116875
9,6,False,0.0,6,0.8121539354324341,0.26092836260795593,0.5350979566574097,0.01991087943315506
9,7,False,0.0,7,0.8121882081031799,0.26087620854377747,0.5351259708404541,0.019966674968600273
9,8,False,0.0,8,0.8121957778930664,0.2607501745223999,0.5350732803344727,0.020032132044434547
9,9,False,0.0,9,0.812908411026001,0.26077401638031006,0.5351038575172424,0.020039182156324387
9,10,False,0.0,10,0.813238263130188,0.2606443464756012,0.535065233707428,0.020272620022296906
9,11,False,0.0,11,0.8132525682449341,0.2602764368057251,0.5348608493804932,0.02023695409297943
9,12,False,0.0,12,0.8134101629257202,0.2600836157798767,0.5348295569419861,0.020215479657053947
9,13,False,0.0,13,0.8135446310043335,0.25982993841171265,0.5348643064498901,0.02023826166987419
9,14,False,0.0,14,0.8137462139129639,0.2598414719104767,0.5348801612854004,0.020256012678146362
9,15,False,0.0,15,0.8141854405403137,0.2595544457435608,0.5350310802459717,0.020370418205857277
9,16,False,0.0,16,0.8144725561141968,0.2592160105705261,0.5349897146224976,0.020372701808810234
9,17,False,0.0,16,0.8140224814414978,0.25909122824668884,0.5348309278488159,0.02033087983727455
9,18,False,0.0,16,0.8140068054199219,0.2588913142681122,0.5348291397094727,0.020512385293841362
9,19,False,0.0,16,0.8139532804489136,0.25926005840301514,0.5349085927009583,0.02061653882265091
9,20,False,0.0,16,0.8143349289894104,0.2597079277038574,0.5349061489105225,0.020596139132976532
9,21,False,0.0,16,0.8144831657409668,0.259906142950058,0.5350660085678101,0.020684625953435898
9,22,False,0.0,16,0.8144350051879883,0.26024743914604187,0.5351107716560364,0.020740743726491928
9,23,False,0.0,16,0.8145055770874023,0.2604333460330963,0.5350816249847412,0.020727379247546196
9,24,False,0.0,16,0.8143899440765381,0.26026666164398193,0.5349746942520142,0.020702168345451355
9,25,False,0.0,16,0.8140774965286255,0.2603335678577423,0.535065770149231,0.020766738802194595
9,26,False,0.0,16,0.8129830360412598,0.26058799028396606,0.5348939895629883,0.020770972594618797
9,27,False,0.0,16,0.8121152520179749,0.26101967692375183,0.5350546836853027,0.02088070847094059
9,28,False,0.0,16,0.8108102083206177,0.2615443766117096,0.5349743366241455,0.02081027254462242
9,29,False,0.0,16,0.8089390993118286,0.2625640630722046,0.5350326299667358,0.02080877125263214
9,30,False,0.0,16,0.8070186376571655,0.26348942518234253,0.535244345664978,0.02094961144030094
9,31,False,0.0,16,0.8066515326499939,0.2634562849998474,0.5355021953582764,0.02108154073357582
9,32,False,0.0,16,0.806074857711792,0.26381492614746094,0.535452663898468,0.02097395434975624
9,33,False,0.0,16,0.8056057095527649,0.2637273371219635,0.535559892654419,0.021055161952972412
9,34,False,0.0,16,0.8055390119552612,0.2639245390892029,0.5358011722564697,0.0212039053440094
9,35,False,0.0,16,0.804450511932373,0.2651599049568176,0.5355945825576782,0.021083081141114235
9,36,False,0.0,16,0.8039544820785522,0.2655957341194153,0.5357177257537842,0.021136905997991562
9,37,False,0.0,16,0.8031277656555176,0.2662881910800934,0.5355745553970337,0.021097932010889053
9,38,True,0.032258063554763794,16,0.802146315574646,0.2662260830402374,0.5351707935333252,0.02088940143585205
9,39,True,0.07258064299821854,16,0.801621675491333,0.26721224188804626,0.5349920988082886,0.02085293084383011
9,40,True,0.11290322244167328,16,0.8002481460571289,0.26745644211769104,0.5351588726043701,0.020983543246984482
9,41,True,0.15322580933570862,16,0.7986983060836792,0.268791526556015,0.5350189208984375,0.021034734323620796
9,42,True,0.19354838132858276,16,0.7963458299636841,0.26996979117393494,0.5352102518081665,0.021180856972932816
9,43,True,0.2338709682226181,16,0.7950703501701355,0.270464152097702,0.5350222587585449,0.021035954356193542
9,44,True,0.27419355511665344,16,0.7944897413253784,0.27059003710746765,0.5350050926208496,0.02099299244582653
9,45,True,0.3145161271095276,16,0.7934881448745728,0.271020770072937,0.534565806388855,0.020915571600198746
9,46,True,0.35483869910240173,16,0.793073296546936,0.2711317539215088,0.5341387987136841,0.02080671302974224
9,47,True,0.39516130089759827,16,0.7937272787094116,0.27078667283058167,0.5338021516799927,0.020664505660533905
9,48,True,0.4354838728904724,16,0.7948985695838928,0.2704617381095886,0.5336334705352783,0.02045879326760769
9,49,True,0.47580644488334656,16,0.794883668422699,0.26981014013290405,0.534226655960083,0.020630376413464546
9,50,True,0.5161290168762207,16,0.795703113079071,0.2691982686519623,0.5346705913543701,0.020896974951028824
9,51,True,0.5564516186714172,16,0.7967901825904846,0.2677147686481476,0.5351195335388184,0.02099805325269699
9,52,True,0.5967742204666138,16,0.7953891754150391,0.26720258593559265,0.5346565842628479,0.020744087174534798
9,53,True,0.6370967626571655,16,0.7953497171401978,0.26457479596138,0.5340471863746643,0.020495183765888214
9,54,True,0.6774193644523621,16,0.7959582805633545,0.26318106055259705,0.5337104797363281,0.020405983552336693
9,55,True,0.7177419066429138,16,0.7974635362625122,0.26069992780685425,0.5331111550331116,0.019995134323835373
9,56,True,0.7580645084381104,16,0.800571084022522,0.2545466125011444,0.5331428647041321,0.02003825455904007
9,57,True,0.7983871102333069,16,0.7998295426368713,0.24912190437316895,0.5334851145744324,0.020193414762616158
9,58,True,0.8387096524238586,16,0.7976345419883728,0.24967509508132935,0.5335474610328674,0.02034720778465271
9,59,True,0.8790322542190552,16,0.7976936101913452,0.24786338210105896,0.5333441495895386,0.02022518776357174
9,60,True,0.9193548560142517,16,0.7990193963050842,0.24827146530151367,0.532840371131897,0.019852198660373688
9,61,True,0.9596773982048035,16,0.80013108253479,0.24555224180221558,0.5328972935676575,0.019761381670832634
9,62,True,1.0,16,0.7957313060760498,0.23303568363189697,0.5294239521026611,0.01802917569875717
9,63,True,1.0,16,0.7945219874382019,0.23061542212963104,0.5296080112457275,0.018113140016794205
9,64,True,1.0,16,0.7945219874382019,0.23061542212963104,0.5296080112457275,0.018113140016794205
9,65,True,1.0,16,0.7945219874382019,0.23061542212963104,0.5296080112457275,0.018113140016794205
9,66,True,1.0,16,0.796794056892395,0.23504523932933807,0.529830276966095,0.01833186112344265
9,67,True,1.0,16,0.7968053817749023,0.2350161373615265,0.5298372507095337,0.0183351282030344
9,68,True,1.0,16,0.796804666519165,0.2350611686706543,0.5298396944999695,0.01833433285355568
9,69,True,1.0,16,0.7967949509620667,0.2349434345960617,0.5298406481742859,0.018335863947868347
9,70,True,1.0,16,0.7968117594718933,0.23499414324760437,0.5298429727554321,0.018335243687033653
9,71,True,1.0,16,0.7968131899833679,0.2349916696548462,0.5298440456390381,0.018335485830903053
9,72,True,1.0,16,0.7967901825904846,0.23493237793445587,0.5298455953598022,0.01833612658083439
9,73,True,1.0,16,0.7968084216117859,0.23498030006885529,0.5298450589179993,0.01833631470799446
9,74,True,1.0,16,0.7991199493408203,0.24004210531711578,0.5299490094184875,0.018522463738918304
9,75,True,1.0,16,0.7991157174110413,0.24001112580299377,0.5299586057662964,0.018523678183555603
9,76,True,1.0,16,0.7991058826446533,0.23991544544696808,0.5299659967422485,0.018524805083870888
9,77,True,1.0,16,0.7991199493408203,0.2399345338344574,0.5299664735794067,0.018526222556829453
9,78,True,1.0,16,0.799105167388916,0.23988234996795654,0.5299660563468933,0.018525611609220505
9,79,True,1.0,16,0.7991058826446533,0.239871546626091,0.529967725276947,0.018525617197155952
9,80,True,1.0,16,0.799118161201477,0.23992399871349335,0.5299670696258545,0.0185246542096138
9,81,True,1.0,16,0.7991153001785278,0.23993229866027832,0.5299673080444336,0.01852431148290634
9,82,True,1.0,16,0.8004345893859863,0.2435462325811386,0.5303092002868652,0.01863119751214981
9,83,True,1.0,16,0.8003959655761719,0.24343037605285645,0.5303187370300293,0.018631964921951294
9,84,True,1.0,16,0.8004001975059509,0.24347293376922607,0.5303239822387695,0.018632909283041954
9,85,True,1.0,16,0.8003946542739868,0.24344606697559357,0.5303230285644531,0.018631046637892723
9,86,True,1.0,16,0.8003842830657959,0.24342960119247437,0.5303248167037964,0.01863124594092369
9,87,True,1.0,16,0.8003870844841003,0.24346302449703217,0.5303236842155457,0.01863330602645874
9,88,True,1.0,16,0.800384521484375,0.2434304654598236,0.530324399471283,0.018632639199495316
9,89,True,1.0,16,0.8003892302513123,0.24346362054347992,0.5303245782852173,0.018632784485816956
9,90,True,1.0,16,0.8009322881698608,0.24466641247272491,0.5307826399803162,0.018682431429624557
9,91,True,1.0,16,0.8009284734725952,0.24462918937206268,0.5307844281196594,0.018683094531297684
9,92,True,1.0,16,0.8009158372879028,0.24464429914951324,0.5307959318161011,0.018683914095163345
9,93,False,0.0,16,0.8028251528739929,0.2695874571800232,0.5361319780349731,0.022047845646739006
9,94,False,0.0,16,0.795790433883667,0.2724662125110626,0.5364801287651062,0.022154660895466805
9,95,False,0.0,16,0.7928321361541748,0.27401307225227356,0.5367494821548462,0.022183313965797424
9,96,False,0.0,16,0.7910009622573853,0.27497902512550354,0.536865234375,0.022215737029910088
9,97,False,0.0,16,0.7890372276306152,0.2760615348815918,0.5369731187820435,0.02228582464158535
9,98,False,0.0,16,0.7873644828796387,0.2766391336917877,0.5377548933029175,0.02242789790034294
9,99,False,0.0,16,0.7858595252037048,0.27717238664627075,0.5380353927612305,0.022532682865858078
9,100,False,0.0,16,0.7859584093093872,0.2771120071411133,0.53806072473526,0.022519657388329506
9,101,False,0.0,16,0.7857668399810791,0.27758628129959106,0.5379866361618042,0.02252255193889141
9,102,False,0.0,16,0.7854165434837341,0.27816981077194214,0.5382121801376343,0.022722233086824417
9,103,False,0.0,16,0.7851735949516296,0.2786441445350647,0.5382596254348755,0.02276485227048397
9,104,False,0.0,16,0.785362720489502,0.2784789502620697,0.5381520986557007,0.02273019589483738
9,105,False,0.0,16,0.7863011956214905,0.2779177725315094,0.5379106402397156,0.022630177438259125
9,106,False,0.0,16,0.7882645130157471,0.27569857239723206,0.5380628705024719,0.022460516542196274
9,107,False,0.0,16,0.789483904838562,0.27433860301971436,0.5380212068557739,0.022443944588303566
9,108,False,0.0,16,0.7905665040016174,0.2733169496059418,0.5379999876022339,0.022427888587117195
9,109,False,0.0,16,0.7910652160644531,0.27270326018333435,0.5380139946937561,0.022429415956139565
9,110,False,0.0,16,0.7922646403312683,0.27174854278564453,0.5380348563194275,0.02245328202843666
9,111,False,0.0,16,0.7943457961082458,0.2704184055328369,0.5381395816802979,0.02255275472998619
9,112,False,0.0,16,0.795181393623352,0.26991018652915955,0.5381715297698975,0.0225982628762722
9,113,False,0.0,16,0.7961236238479614,0.26955389976501465,0.5382307767868042,0.022687988355755806
9,114,False,0.0,16,0.7971928119659424,0.2691233456134796,0.5388534069061279,0.02268476039171219
9,115,False,0.0,16,0.7974057197570801,0.269383043050766,0.5388931632041931,0.022712647914886475
9,116,False,0.0,16,0.7968796491622925,0.27003014087677,0.5389465093612671,0.022771649062633514
9,117,False,0.0,16,0.7980788350105286,0.2693919837474823,0.5390663146972656,0.022845014929771423
9,118,False,0.0,16,0.7996711730957031,0.2688045799732208,0.5387841463088989,0.022653264924883842
9,119,False,0.0,16,0.79941725730896,0.2684730291366577,0.5387495756149292,0.022561216726899147
9,120,False,0.0,16,0.7993959188461304,0.26833343505859375,0.538507878780365,0.022389618679881096
9,121,False,0.0,16,0.8001735806465149,0.2682308256626129,0.5385638475418091,0.02248336933553219
9,122,False,0.0,16,0.8008361458778381,0.2681484818458557,0.5392744541168213,0.022533206269145012
9,123,False,0.0,16,0.8010953068733215,0.268143892288208,0.5393164753913879,0.022519119083881378
9,124,False,0.0,16,0.8013736009597778,0.26817575097084045,0.5393104553222656,0.022513462230563164
10,0,False,0.0,0,0.7409331798553467,0.17858463525772095,0.521682620048523,0.013816572725772858
10,1,False,0.0,1,0.8178709745407104,0.25635531544685364,0.5437413454055786,0.02347087301313877
10,2,False,0.0,2,0.8179659247398376,0.25624141097068787,0.5437418222427368,0.023478509858250618
10,3,False,0.0,3,0.817907452583313,0.2562527060508728,0.543731689453125,0.023470396175980568
10,4,False,0.0,4,0.8179068565368652,0.25628888607025146,0.5437660217285156,0.02349318005144596
10,5,False,0.0,5,0.8183419704437256,0.2559095323085785,0.544270396232605,0.0234631709754467
10,6,False,0.0,6,0.8189789056777954,0.25530195236206055,0.5443260669708252,0.023519083857536316
10,7,False,0.0,7,0.8188085556030273,0.2552160322666168,0.5443546772003174,0.02354901283979416
10,8,False,0.0,8,0.8185804486274719,0.2552419900894165,0.5444480180740356,0.023612644523382187
10,9,False,0.0,9,0.8185634613037109,0.25515055656433105,0.544533908367157,0.023632125928997993
10,10,False,0.0,10,0.8177328109741211,0.2553320825099945,0.5443583130836487,0.02357497811317444
10,11,False,0.0,11,0.8177228569984436,0.2553616464138031,0.5443769693374634,0.02360404282808304
10,12,False,0.0,12,0.8181040287017822,0.2555200159549713,0.5443071126937866,0.023584095761179924
10,13,False,0.0,13,0.8176639080047607,0.2561664879322052,0.5445965528488159,0.023519247770309448
10,14,False,0.0,14,0.81769859790802,0.2564169466495514,0.5446350574493408,0.023507196456193924
10,15,False,0.0,15,0.8172076940536499,0.2572232782840729,0.5446728467941284,0.023532357066869736
10,16,False,0.0,16,0.8165017366409302,0.25854387879371643,0.5446639060974121,0.023555539548397064
10,17,False,0.0,16,0.8154786825180054,0.25937619805336,0.5449910163879395,0.023682214319705963
10,18,False,0.0,16,0.8133137822151184,0.2609875500202179,0.5451269149780273,0.02373543195426464
10,19,False,0.0,16,0.8114442825317383,0.2622193992137909,0.5449970960617065,0.023746788501739502
10,20,False,0.0,16,0.81083083152771,0.26315537095069885,0.5450892448425293,0.02379865013062954
10,21,False,0.0,16,0.8092622756958008,0.2638000249862671,0.5453699231147766,0.02384340763092041
10,22,False,0.0,16,0.808962345123291,0.26479730010032654,0.5454275608062744,0.02385096624493599
10,23,False,0.0,16,0.808031439781189,0.26636892557144165,0.5452955961227417,0.023790623992681503
10,24,False,0.0,16,0.8066235780715942,0.26753443479537964,0.5452439188957214,0.023772887885570526
10,25,False,0.0,16,0.8054226636886597,0.2682872712612152,0.5453046560287476,0.02373952604830265
10,26,False,0.0,16,0.8036975264549255,0.26940202713012695,0.5451787710189819,0.023693164810538292
10,27,False,0.0,16,0.801887571811676,0.2709278166294098,0.5449014902114868,0.023472830653190613
10,28,False,0.0,16,0.8004440069198608,0.27197974920272827,0.5451471209526062,0.023605477064847946
10,29,False,0.0,16,0.7987942695617676,0.2723976671695709,0.5449143648147583,0.023416049778461456
10,30,False,0.0,16,0.7977228760719299,0.2725653648376465,0.5448011755943298,0.02335887774825096
10,31,False,0.0,16,0.7963606715202332,0.27371859550476074,0.5447816848754883,0.023374518379569054
10,32,True,0.009433962404727936,16,0.7952252626419067,0.2742449939250946,0.5452297925949097,0.02361997589468956
10,33,True,0.056603774428367615,16,0.8039683103561401,0.26490238308906555,0.5443453788757324,0.023212218657135963
10,34,True,0.1037735864520073,16,0.8030699491500854,0.2637467682361603,0.5438401699066162,0.022865453734993935
10,35,True,0.15094339847564697,16,0.8019579648971558,0.2632315158843994,0.5427827835083008,0.022379761561751366
10,36,True,0.19811320304870605,16,0.7999985814094543,0.26361364126205444,0.5429821014404297,0.02246023714542389
10,37,True,0.24528302252292633,16,0.7993457317352295,0.2639673948287964,0.5429134368896484,0.02247128263115883
10,38,True,0.2924528419971466,16,0.7992050647735596,0.2656208872795105,0.5427733659744263,0.02238992601633072
10,39,True,0.3396226465702057,16,0.7992455363273621,0.2647327780723572,0.5426127910614014,0.022264447063207626
10,40,True,0.38679245114326477,16,0.8006277084350586,0.2646615505218506,0.54243004322052,0.022174343466758728
10,41,True,0.43396225571632385,16,0.8010867834091187,0.2640456259250641,0.5424529314041138,0.022225219756364822
10,42,True,0.4811320900917053,16,0.8003968000411987,0.2628272473812103,0.5424327850341797,0.022298965603113174
10,43,True,0.5283018946647644,16,0.8011770844459534,0.26048123836517334,0.5424727201461792,0.02227250672876835
10,44,True,0.5754716992378235,16,0.8014034032821655,0.2609996497631073,0.5427088141441345,0.022412385791540146
10,45,True,0.6226415038108826,16,0.8022074699401855,0.26119089126586914,0.5420173406600952,0.022228479385375977
10,46,True,0.6698113083839417,16,0.8030118942260742,0.26109448075294495,0.5417771935462952,0.022100461646914482
10,47,True,0.7169811129570007,16,0.8037110567092896,0.26036760210990906,0.541287899017334,0.021766670048236847
10,48,True,0.7641509175300598,16,0.8047025203704834,0.2596704661846161,0.5409461855888367,0.021470271050930023
10,49,True,0.8113207817077637,16,0.8042606115341187,0.2598526179790497,0.5416110754013062,0.021852487698197365
10,50,True,0.8584905862808228,16,0.8048422932624817,0.258957177400589,0.5412664413452148,0.021669398993253708
10,51,True,0.9056603908538818,16,0.8054027557373047,0.2594943642616272,0.540743887424469,0.02121581882238388
10,52,True,0.9528301954269409,16,0.8058269023895264,0.25950202345848083,0.5403411388397217,0.020759612321853638
10,53,True,1.0,16,0.8051338195800781,0.25875428318977356,0.5367150902748108,0.01874961331486702
10,54,True,1.0,16,0.8051342368125916,0.25891706347465515,0.5367332696914673,0.01875952258706093
10,55,True,1.0,16,0.8051342368125916,0.25891706347465515,0.5367332696914673,0.01875952258706093
10,56,True,1.0,16,0.8051342368125916,0.25891706347465515,0.5367332696914673,0.01875952258706093
10,57,True,1.0,16,0.8051342368125916,0.25891706347465515,0.5367332696914673,0.01875952258706093
10,58,True,1.0,16,0.8051342368125916,0.25891706347465515,0.5367332696914673,0.01875952258706093
10,59,True,1.0,16,0.8051342368125916,0.25891706347465515,0.5367332696914673,0.01875952258706093
10,60,True,1.0,16,0.8051342368125916,0.25891706347465515,0.5367332696914673,0.01875952258706093
10,61,True,1.0,16,0.8054975271224976,0.2587336003780365,0.5366159081459045,0.018746454268693924
10,62,True,1.0,16,0.8055044412612915,0.2587413787841797,0.5366144180297852,0.01874786987900734
10,63,True,1.0,16,0.805518388748169,0.2587588131427765,0.5366106033325195,0.01874595321714878
10,64,True,1.0,16,0.8055318593978882,0.258768767118454,0.5366067886352539,0.018745603039860725
10,65,True,1.0,16,0.8055297136306763,0.2587655484676361,0.5366087555885315,0.018746020272374153
10,66,True,1.0,16,0.8055285215377808,0.25876709818840027,0.5366079807281494,0.018745118752121925
10,67,True,1.0,16,0.8055297136306763,0.2587660253047943,0.5366084575653076,0.018745796754956245
10,68,True,1.0,16,0.8055287599563599,0.2587665319442749,0.536608099937439,0.018745526671409607
10,69,True,1.0,16,0.8057198524475098,0.2584531307220459,0.5365828275680542,0.018682966008782387
10,70,True,1.0,16,0.8057436347007751,0.2584901452064514,0.5365801453590393,0.018681392073631287
10,71,True,1.0,16,0.8057489991188049,0.25848326086997986,0.5365790128707886,0.018681326881051064
10,72,True,1.0,16,0.8057467341423035,0.2584977149963379,0.5365793704986572,0.01867980882525444
10,73,True,1.0,16,0.8057586550712585,0.25850215554237366,0.5365776419639587,0.01868005096912384
10,74,True,1.0,16,0.8057534098625183,0.2584967315196991,0.5365779399871826,0.01867976225912571
10,75,True,1.0,16,0.8057531714439392,0.25849658250808716,0.5365781784057617,0.018680503591895103
10,76,True,1.0,16,0.8057475686073303,0.2584763169288635,0.5365781784057617,0.018680617213249207
10,77,True,1.0,16,0.8059088587760925,0.2580224871635437,0.5366570353507996,0.018552392721176147
10,78,True,1.0,16,0.8059396743774414,0.2580283284187317,0.536650538444519,0.018550977110862732
10,79,True,1.0,16,0.80594402551651,0.258032888174057,0.5366430282592773,0.018550187349319458
10,80,False,0.0,16,0.799568235874176,0.2696472704410553,0.5432769656181335,0.0229165218770504
10,81,False,0.0,16,0.7934195399284363,0.2693760097026825,0.5433024168014526,0.02294798567891121
10,82,False,0.0,16,0.7929122447967529,0.26942041516304016,0.5431792736053467,0.022939642891287804
10,83,False,0.0,16,0.7926177382469177,0.2690389156341553,0.5430507659912109,0.02285129204392433
10,84,False,0.0,16,0.7933592200279236,0.2688581645488739,0.5430996417999268,0.022789467126131058
10,85,False,0.0,16,0.7914711236953735,0.2697591781616211,0.5430856347084045,0.022549306973814964
10,86,False,0.0,16,0.7917557954788208,0.27081507444381714,0.5427672863006592,0.022333620116114616
10,87,False,0.0,16,0.7919197082519531,0.2710226774215698,0.5428388118743896,0.022332506254315376
10,88,False,0.0,16,0.7924483418464661,0.27101972699165344,0.5427510738372803,0.022266875952482224
10,89,False,0.0,16,0.7922143340110779,0.2708124816417694,0.5426140427589417,0.022225843742489815
10,90,False,0.0,16,0.7927587032318115,0.2702889144420624,0.5423898696899414,0.022127296775579453
10,91,False,0.0,16,0.7944796681404114,0.26972758769989014,0.5420829653739929,0.021972881630063057
10,92,False,0.0,16,0.7954807281494141,0.2701084613800049,0.5420080423355103,0.021959960460662842
10,93,False,0.0,16,0.7951350212097168,0.2713281810283661,0.5419974327087402,0.02175646647810936
10,94,False,0.0,16,0.7956060171127319,0.27147355675697327,0.541840672492981,0.021750997751951218
10,95,False,0.0,16,0.7963424921035767,0.27092570066452026,0.5417661666870117,0.021732546389102936
10,96,False,0.0,16,0.7975171804428101,0.27051377296447754,0.5417702198028564,0.021744504570961
10,97,False,0.0,16,0.7987486124038696,0.2704881727695465,0.5417704582214355,0.021730586886405945
10,98,False,0.0,16,0.7991875410079956,0.27026045322418213,0.5416440963745117,0.021698283031582832
10,99,False,0.0,16,0.7997680902481079,0.2701932191848755,0.5416233539581299,0.021694758906960487
10,100,False,0.0,16,0.8006484508514404,0.2697010636329651,0.54164057970047,0.021672479808330536
10,101,False,0.0,16,0.8002341985702515,0.2699941396713257,0.5411356687545776,0.02118925005197525
10,102,False,0.0,16,0.8005268573760986,0.26954203844070435,0.5411415100097656,0.021208783611655235
10,103,False,0.0,16,0.8007317781448364,0.26960310339927673,0.5410786867141724,0.02118523418903351
10,104,False,0.0,16,0.8007510900497437,0.26943954825401306,0.5410075783729553,0.02113308198750019
10,105,False,0.0,16,0.801383912563324,0.2694232165813446,0.5411996841430664,0.021214991807937622
10,106,False,0.0,16,0.8014345169067383,0.26956743001937866,0.5412643551826477,0.021259576082229614
11,0,False,0.0,0,0.7272137403488159,0.17517368495464325,0.5222033262252808,0.013310306705534458
11,1,False,0.0,1,0.8221321105957031,0.25038138031959534,0.541694164276123,0.022042084485292435
11,2,False,0.0,2,0.8234742879867554,0.2486974000930786,0.5416193008422852,0.02183918096125126
11,3,False,0.0,3,0.825323760509491,0.24680617451667786,0.5416416525840759,0.021831026300787926
11,4,False,0.0,4,0.8270637392997742,0.24506640434265137,0.541806697845459,0.021876998245716095
11,5,False,0.0,5,0.827431321144104,0.24430540204048157,0.5418862700462341,0.021890848875045776
11,6,False,0.0,6,0.8278176784515381,0.24465428292751312,0.5419470071792603,0.021912559866905212
11,7,False,0.0,7,0.8279284238815308,0.24476560950279236,0.5419456958770752,0.02188369631767273
11,8,False,0.0,8,0.8279592990875244,0.24507081508636475,0.5418675541877747,0.021804675459861755
11,9,False,0.0,9,0.8283756375312805,0.24502646923065186,0.5418864488601685,0.021800098940730095
11,10,False,0.0,10,0.8273774981498718,0.24662898480892181,0.5417726039886475,0.02168022096157074
11,11,False,0.0,11,0.8273320198059082,0.24643464386463165,0.5418431162834167,0.02168947458267212
11,12,False,0.0,12,0.8260444402694702,0.24631711840629578,0.5419734716415405,0.02174484357237816
11,13,False,0.0,13,0.8245353698730469,0.24664455652236938,0.5419535636901855,0.021758567541837692
11,14,False,0.0,14,0.8233097195625305,0.24767816066741943,0.541904091835022,0.02177872322499752
11,15,False,0.0,15,0.8212319612503052,0.24881725013256073,0.5418075919151306,0.02180861122906208
11,16,False,0.0,16,0.8194990754127502,0.24976375699043274,0.541649341583252,0.021760743111371994
11,17,False,0.0,16,0.8159080743789673,0.2516893446445465,0.5415488481521606,0.021738847717642784
11,18,False,0.0,16,0.8121172785758972,0.2547924816608429,0.5417475700378418,0.02184659242630005
11,19,False,0.0,16,0.808089017868042,0.257608562707901,0.5414741039276123,0.021795831620693207
11,20,False,0.0,16,0.8058261871337891,0.25820934772491455,0.5410627126693726,0.021643877029418945
11,21,False,0.0,16,0.8045803308486938,0.2595309913158417,0.5410622358322144,0.02166152372956276
11,22,False,0.0,16,0.8037099242210388,0.26180869340896606,0.5409035682678223,0.021588895469903946
11,23,False,0.0,16,0.8026523590087891,0.26410502195358276,0.5410070419311523,0.02160114422440529
11,24,False,0.0,16,0.8020983338356018,0.266940712928772,0.5411083698272705,0.021662363782525063
11,25,False,0.0,16,0.8013447523117065,0.268074631690979,0.5408718585968018,0.021586788818240166
11,26,False,0.0,16,0.8011705875396729,0.2693457305431366,0.5414618253707886,0.021939599886536598
11,27,False,0.0,16,0.8001438975334167,0.27051424980163574,0.541483998298645,0.021952446550130844
11,28,False,0.0,16,0.7993125319480896,0.27083614468574524,0.5414555072784424,0.02190892957150936
11,29,False,0.0,16,0.7979510426521301,0.27154314517974854,0.5416588187217712,0.02191726490855217
11,30,False,0.0,16,0.7974531650543213,0.2713680565357208,0.5418341159820557,0.021967953070998192
11,31,False,0.0,16,0.7972071766853333,0.2704436779022217,0.5418527126312256,0.021930968388915062
11,32,False,0.0,16,0.7966165542602539,0.26957324147224426,0.5418928861618042,0.021992957219481468
11,33,False,0.0,16,0.7960365414619446,0.26817935705184937,0.5418450236320496,0.022054854780435562
11,34,False,0.0,16,0.796059250831604,0.26822373270988464,0.5421551465988159,0.022380130365490913
11,35,False,0.0,16,0.7954399585723877,0.26840540766716003,0.5418758392333984,0.022300800308585167
11,36,False,0.0,16,0.7954891324043274,0.26829856634140015,0.5416171550750732,0.022252580150961876
11,37,False,0.0,16,0.7954016923904419,0.26862725615501404,0.5412877202033997,0.022141139954328537
11,38,False,0.0,16,0.795147716999054,0.26928240060806274,0.5412260890007019,0.02212093397974968
11,39,False,0.0,16,0.7933095693588257,0.2690727114677429,0.5411134958267212,0.022076930850744247
11,40,False,0.0,16,0.7919348478317261,0.2695435881614685,0.5410585403442383,0.022042272612452507
11,41,False,0.0,16,0.7912707328796387,0.2692760229110718,0.5412899851799011,0.022204020991921425
11,42,False,0.0,16,0.791929304599762,0.26909610629081726,0.5419588088989258,0.022705761715769768
11,43,False,0.0,16,0.7916595935821533,0.269983172416687,0.5419654846191406,0.022674880921840668
11,44,False,0.0,16,0.7916877865791321,0.27108675241470337,0.5420617461204529,0.02270762249827385
11,45,False,0.0,16,0.7933423519134521,0.2717408239841461,0.5422216653823853,0.022762661799788475
11,46,False,0.0,16,0.7924126386642456,0.2738761007785797,0.5421724319458008,0.022693173959851265
11,47,False,0.0,16,0.7931170463562012,0.2740926444530487,0.542151927947998,0.022675102576613426
11,48,False,0.0,16,0.7947162985801697,0.27330201864242554,0.5421977639198303,0.022680189460515976
11,49,False,0.0,16,0.7961388230323792,0.27287253737449646,0.5420528650283813,0.022627808153629303
11,50,False,0.0,16,0.7985357046127319,0.2696847915649414,0.5424712896347046,0.02309955470263958
11,51,False,0.0,16,0.8005391359329224,0.26786085963249207,0.5423496961593628,0.023120323196053505
11,52,False,0.0,16,0.8003126978874207,0.26696839928627014,0.5426104664802551,0.02331124059855938
11,53,False,0.0,16,0.8009521961212158,0.2659626603126526,0.5427015423774719,0.023388851433992386
11,54,False,0.0,16,0.8017077445983887,0.26501646637916565,0.54290771484375,0.023472953587770462
11,55,False,0.0,16,0.8023853302001953,0.26446354389190674,0.5428251624107361,0.02342868223786354
11,56,False,0.0,16,0.802925705909729,0.26354044675827026,0.5429724454879761,0.023459600284695625
11,57,False,0.0,16,0.803912878036499,0.2624722123146057,0.5429083704948425,0.02340838685631752
11,58,False,0.0,16,0.8052036762237549,0.26184457540512085,0.5433199405670166,0.023525508120656013
11,59,False,0.0,16,0.8065701723098755,0.2600328028202057,0.5430736541748047,0.023340292274951935
11,60,False,0.0,16,0.8066718578338623,0.2595199644565582,0.5431299209594727,0.023377008736133575
11,61,False,0.0,16,0.8071721792221069,0.25889870524406433,0.5430563688278198,0.02340015396475792
11,62,False,0.0,16,0.8059788346290588,0.2607470452785492,0.5428112745285034,0.023320449516177177
11,63,False,0.0,16,0.8041937351226807,0.26267293095588684,0.5427851676940918,0.02336958795785904
11,64,False,0.0,16,0.8012892007827759,0.265830934047699,0.5429709553718567,0.02355380356311798
11,65,False,0.0,16,0.7986401319503784,0.2675481140613556,0.5427817106246948,0.023420309647917747
11,66,False,0.0,16,0.7966946363449097,0.26920634508132935,0.5429210662841797,0.023331433534622192
11,67,False,0.0,16,0.7925379276275635,0.2725694179534912,0.5430282354354858,0.023210370913147926
11,68,False,0.0,16,0.7893139123916626,0.2744944989681244,0.5425902605056763,0.02291325107216835
11,69,False,0.0,16,0.7885407209396362,0.27446219325065613,0.5425872206687927,0.022890768945217133
11,70,False,0.0,16,0.7885030508041382,0.27373287081718445,0.5420619249343872,0.02261512354016304
11,71,False,0.0,16,0.7895708680152893,0.27264904975891113,0.5420560836791992,0.022514408454298973
11,72,False,0.0,16,0.7903939485549927,0.271057665348053,0.5422564744949341,0.022601798176765442
11,73,False,0.0,16,0.7915662527084351,0.2702692151069641,0.5424685478210449,0.022721825167536736
11,74,False,0.0,16,0.7913740277290344,0.269654244184494,0.5428063869476318,0.02281486988067627
11,75,False,0.0,16,0.7908117771148682,0.2692088782787323,0.5428842902183533,0.022863809019327164
11,76,False,0.0,16,0.7912222743034363,0.26820796728134155,0.5424225330352783,0.022603143006563187
11,77,False,0.0,16,0.7918634414672852,0.26865145564079285,0.5423169732093811,0.022567806765437126
11,78,False,0.0,16,0.7948746681213379,0.26616591215133667,0.542626142501831,0.02274056151509285
11,79,False,0.0,16,0.7950114607810974,0.26675254106521606,0.5428854823112488,0.022927911952137947
11,80,False,0.0,16,0.7952100038528442,0.2667507231235504,0.5424385070800781,0.02267344854772091
11,81,False,0.0,16,0.794780433177948,0.2672404646873474,0.5425437688827515,0.0227469764649868
11,82,False,0.0,16,0.7951133847236633,0.2672120928764343,0.5421730279922485,0.02244696207344532
11,83,False,0.0,16,0.7950442433357239,0.267593652009964,0.542198896408081,0.02245914749801159
11,84,False,0.0,16,0.7952566742897034,0.26744136214256287,0.5422223806381226,0.022445380687713623
11,85,False,0.0,16,0.7970031499862671,0.26766541600227356,0.5418860912322998,0.022242186591029167
11,86,False,0.0,16,0.798157811164856,0.2681441605091095,0.5416456460952759,0.02201973833143711
11,87,False,0.0,16,0.7981612086296082,0.268542617559433,0.5417652130126953,0.0219899732619524
11,88,False,0.0,16,0.7982690334320068,0.26837268471717834,0.5418823957443237,0.022015199065208435
11,89,False,0.0,16,0.7988284826278687,0.2677431106567383,0.5417805910110474,0.021936727687716484
11,90,False,0.0,16,0.799687922000885,0.26749932765960693,0.5414672493934631,0.021722983568906784
11,91,False,0.0,16,0.800729513168335,0.26760849356651306,0.5412650108337402,0.021684912964701653
11,92,False,0.0,16,0.8013303279876709,0.2678106427192688,0.5412625074386597,0.021759795024991035
11,93,False,0.0,16,0.8023003935813904,0.26752740144729614,0.5409920811653137,0.021698782220482826
11,94,False,0.0,16,0.802538275718689,0.26724502444267273,0.5409677028656006,0.021743785589933395
11,95,False,0.0,16,0.8022098541259766,0.26699918508529663,0.5409876108169556,0.02182024158537388
12,0,False,0.0,0,0.721161961555481,0.18564826250076294,0.5231597423553467,0.0144523149356246
12,1,False,0.0,1,0.813361406326294,0.26172327995300293,0.5440956950187683,0.023174814879894257
12,2,False,0.0,2,0.8132472038269043,0.26256871223449707,0.5438196659088135,0.0230181235820055
12,3,False,0.0,3,0.8134952187538147,0.26209333539009094,0.544054388999939,0.023158961907029152
12,4,False,0.0,4,0.8134803771972656,0.2614186704158783,0.544164776802063,0.023244276642799377
12,5,False,0.0,5,0.8134506940841675,0.2619518041610718,0.5441553592681885,0.023214494809508324
12,6,False,0.0,6,0.813094973564148,0.2623227834701538,0.5441873073577881,0.023269789293408394
12,7,False,0.0,7,0.813571572303772,0.26210805773735046,0.5441036224365234,0.023288344964385033
12,8,False,0.0,8,0.8137344121932983,0.26226407289505005,0.5442541241645813,0.023384295403957367
12,9,False,0.0,9,0.813807487487793,0.2624705135822296,0.5442391037940979,0.02346331998705864
12,10,False,0.0,10,0.8137208223342896,0.26258862018585205,0.5443176031112671,0.023455210030078888
12,11,False,0.0,11,0.813899040222168,0.2626148462295532,0.5442788600921631,0.02348993718624115
12,12,False,0.0,12,0.8143060207366943,0.26255130767822266,0.5442386865615845,0.023503856733441353
12,13,False,0.0,13,0.8144468069076538,0.2627224624156952,0.5441716909408569,0.023483848199248314
12,14,False,0.0,14,0.8146463632583618,0.2626712918281555,0.5441410541534424,0.023483509197831154
12,15,False,0.0,15,0.8144667744636536,0.26233527064323425,0.5441529750823975,0.02351677604019642
12,16,False,0.0,16,0.8146604299545288,0.26218050718307495,0.5440702438354492,0.023479562252759933
12,17,False,0.0,16,0.8148437142372131,0.2619297504425049,0.5440468788146973,0.023521196097135544
12,18,False,0.0,16,0.8150497674942017,0.26175838708877563,0.5434487462043762,0.023076970130205154
12,19,False,0.0,16,0.8149753212928772,0.26147523522377014,0.5433959364891052,0.023077918216586113
12,20,False,0.0,16,0.8150784373283386,0.260784387588501,0.543292760848999,0.023031242191791534
12,21,False,0.0,16,0.814921498298645,0.26004019379615784,0.5431863069534302,0.02292488142848015
12,22,False,0.0,16,0.8154213428497314,0.2597637474536896,0.5431041121482849,0.0228688046336174
12,23,False,0.0,16,0.8156440854072571,0.25957348942756653,0.5432523488998413,0.0229171235114336
12,24,False,0.0,16,0.8158069849014282,0.2595033645629883,0.543241024017334,0.022908182814717293
12,25,False,0.0,16,0.8156166076660156,0.2599358856678009,0.5433999300003052,0.022970909252762794
12,26,False,0.0,16,0.815995454788208,0.2604694068431854,0.5432708859443665,0.022652318701148033
12,27,False,0.0,16,0.8162491917610168,0.26108989119529724,0.5432789325714111,0.022610682994127274
12,28,False,0.0,16,0.8160831928253174,0.2613546550273895,0.5434603095054626,0.022676579654216766
12,29,False,0.0,16,0.8158408999443054,0.2619137763977051,0.5436537265777588,0.022791612893342972
12,30,False,0.0,16,0.8157721161842346,0.2622872591018677,0.5436816215515137,0.022784817963838577
12,31,False,0.0,16,0.8137192726135254,0.2633163034915924,0.543907880783081,0.02287580817937851
12,32,False,0.0,16,0.8118107318878174,0.26400434970855713,0.5437790751457214,0.022776540368795395
12,33,False,0.0,16,0.8102964162826538,0.2644372880458832,0.5438502430915833,0.02280653640627861
12,34,False,0.0,16,0.8101114630699158,0.26386821269989014,0.5437561869621277,0.022229863330721855
12,35,False,0.0,16,0.8100441694259644,0.26352834701538086,0.5439494848251343,0.022325320169329643
12,36,False,0.0,16,0.8088918924331665,0.26406168937683105,0.5439183712005615,0.022246552631258965
12,37,False,0.0,16,0.8077986240386963,0.2647857964038849,0.5439242124557495,0.02228391170501709
12,38,False,0.0,16,0.8077622652053833,0.2651771306991577,0.5439575910568237,0.02232741191983223
12,39,False,0.0,16,0.8069239854812622,0.2657286524772644,0.5440555810928345,0.022321956232190132
12,40,True,0.007462686393409967,16,0.8058146238327026,0.2672240734100342,0.5441358089447021,0.02237197756767273
12,41,True,0.04135338217020035,16,0.8045234680175781,0.26797667145729065,0.543603777885437,0.02215719409286976
12,42,True,0.07894736528396606,16,0.8031556010246277,0.26901522278785706,0.5432904958724976,0.02157924696803093
12,43,True,0.11654135584831238,16,0.8018669486045837,0.2691650986671448,0.5428744554519653,0.021433545276522636
12,44,True,0.1541353315114975,16,0.8008424639701843,0.2697483003139496,0.5429811477661133,0.0214590672403574
12,45,True,0.1917293220758438,16,0.7995380759239197,0.2694507837295532,0.5427213311195374,0.021347807720303535
12,46,True,0.22932331264019012,16,0.7989921569824219,0.2693220376968384,0.5430164337158203,0.021536123007535934
12,47,True,0.26691728830337524,16,0.7982742190361023,0.26898232102394104,0.5426103472709656,0.021247556433081627
12,48,True,0.30451127886772156,16,0.7979380488395691,0.2690017521381378,0.5419719219207764,0.020929984748363495
12,49,True,0.34210526943206787,16,0.7976080179214478,0.2696027457714081,0.541284441947937,0.020504819229245186
12,50,True,0.3796992599964142,16,0.7972126007080078,0.27135005593299866,0.5414109230041504,0.020289558917284012
12,51,True,0.4172932207584381,16,0.7963978052139282,0.2718104124069214,0.5418677926063538,0.020359797403216362
12,52,True,0.4548872113227844,16,0.7975018620491028,0.2709658443927765,0.5417572855949402,0.02007753774523735
12,53,True,0.49248120188713074,16,0.7977554798126221,0.2715092599391937,0.541904091835022,0.020068004727363586
12,54,True,0.530075192451477,16,0.7981891632080078,0.2700892686843872,0.5420395135879517,0.020087165758013725
12,55,True,0.567669153213501,16,0.8002976179122925,0.26821017265319824,0.5418534874916077,0.020063331350684166
12,56,True,0.6052631735801697,16,0.800225019454956,0.26730385422706604,0.5415906310081482,0.02003372460603714
12,57,True,0.6428571343421936,16,0.8012198209762573,0.26427945494651794,0.5410945415496826,0.019807815551757812
12,58,True,0.6804511547088623,16,0.800560474395752,0.26270967721939087,0.5406287908554077,0.019223904237151146
12,59,True,0.7180451154708862,16,0.8024263978004456,0.2588719129562378,0.5407758355140686,0.019247768446803093
12,60,True,0.7556390762329102,16,0.8040392398834229,0.25729525089263916,0.5410563945770264,0.019327666610479355
12,61,True,0.7932330965995789,16,0.8045668601989746,0.2590108811855316,0.5409805178642273,0.019274648278951645
12,62,True,0.8308270573616028,16,0.8046249151229858,0.2563040256500244,0.54094398021698,0.01925486885011196
12,63,True,0.8684210777282715,16,0.8039100766181946,0.25620684027671814,0.5404786467552185,0.01899932511150837
12,64,True,0.9060150384902954,16,0.8045542240142822,0.25662681460380554,0.5405044555664062,0.018946228548884392
12,65,True,0.9436089992523193,16,0.8050546646118164,0.2554948031902313,0.5398052930831909,0.018501002341508865
12,66,True,0.981203019618988,16,0.8051488399505615,0.2554527521133423,0.5398163795471191,0.018208155408501625
12,67,True,1.0,16,0.8063057661056519,0.25468096137046814,0.5355672836303711,0.016661468893289566
12,68,True,1.0,16,0.8068302273750305,0.2529226541519165,0.5356312990188599,0.016682220622897148
12,69,True,1.0,16,0.8068302273750305,0.2529226541519165,0.5356312990188599,0.016682220622897148
12,70,True,1.0,16,0.8068302273750305,0.2529226541519165,0.5356312990188599,0.016682220622897148
12,71,True,1.0,16,0.8068302273750305,0.2529226541519165,0.5356312990188599,0.016682220622897148
12,72,True,1.0,16,0.8068302273750305,0.2529226541519165,0.5356312990188599,0.016682220622897148
12,73,True,1.0,16,0.8068302273750305,0.2529226541519165,0.5356312990188599,0.016682220622897148
12,74,True,1.0,16,0.8069006204605103,0.252787321805954,0.535822868347168,0.016692496836185455
12,75,True,1.0,16,0.8068984746932983,0.2527775764465332,0.5358269214630127,0.01669352687895298
12,76,True,1.0,16,0.8069107532501221,0.2527534067630768,0.5358276963233948,0.01669284887611866
12,77,True,1.0,16,0.8069124221801758,0.25275686383247375,0.5358309745788574,0.016694188117980957
12,78,True,1.0,16,0.806917667388916,0.25275376439094543,0.5358313322067261,0.01669393666088581
12,79,True,1.0,16,0.8069169521331787,0.2527562081813812,0.5358304977416992,0.016693880781531334
12,80,True,1.0,16,0.8069140911102295,0.2527562975883484,0.5358312129974365,0.01669326238334179
12,81,True,1.0,16,0.8069167137145996,0.2527529001235962,0.5358313322067261,0.01669362001121044
12,82,True,1.0,16,0.8075776100158691,0.25060033798217773,0.5359216928482056,0.01678747497498989
12,83,True,1.0,16,0.8075844049453735,0.25058963894844055,0.5359265804290771,0.01678815297782421
12,84,True,1.0,16,0.8075870275497437,0.25058189034461975,0.5359299182891846,0.016789661720395088
12,85,True,1.0,16,0.8075802326202393,0.250572144985199,0.5359326601028442,0.016791068017482758
12,86,True,1.0,16,0.8075833320617676,0.2505947947502136,0.535932183265686,0.01678919605910778
12,87,True,1.0,16,0.8075776100158691,0.25057318806648254,0.5359322428703308,0.016790073364973068
12,88,True,1.0,16,0.8075778484344482,0.25058215856552124,0.5359327793121338,0.01679007150232792
12,89,True,1.0,16,0.8075757026672363,0.250578910112381,0.5359328985214233,0.016790177673101425
12,90,True,1.0,16,0.8078902959823608,0.24816209077835083,0.5360525846481323,0.016938185319304466
12,91,True,1.0,16,0.8079191446304321,0.24813784658908844,0.5360572338104248,0.016939271241426468
12,92,True,1.0,16,0.8079147338867188,0.24809829890727997,0.5360593795776367,0.016939295455813408
12,93,True,1.0,16,0.8079116344451904,0.24807478487491608,0.5360598564147949,0.01694016344845295
12,94,True,1.0,16,0.8079137802124023,0.24809600412845612,0.5360594987869263,0.01693904586136341
12,95,True,1.0,16,0.8079131841659546,0.2480940818786621,0.5360598564147949,0.01693977601826191
12,96,True,1.0,16,0.8079119920730591,0.24809370934963226,0.536060094833374,0.016939125955104828
12,97,True,1.0,16,0.8079086542129517,0.24809129536151886,0.536060094833374,0.016939030960202217
12,98,True,1.0,16,0.8081390261650085,0.24502938985824585,0.5361641645431519,0.017092276364564896
12,99,True,1.0,16,0.8081444501876831,0.24497298896312714,0.5361703634262085,0.017093781381845474
12,100,False,0.0,16,0.8051797151565552,0.270533949136734,0.5449385643005371,0.021668815985322
12,101,False,0.0,16,0.7986774444580078,0.27180394530296326,0.5449444055557251,0.021564112976193428
12,102,False,0.0,16,0.7969110012054443,0.2730000615119934,0.5448398590087891,0.021437594667077065
12,103,False,0.0,16,0.7957947254180908,0.273288756608963,0.5447071194648743,0.02136123552918434
12,104,False,0.0,16,0.7951687574386597,0.27359434962272644,0.5447876453399658,0.02132340334355831
12,105,False,0.0,16,0.7943158149719238,0.274455189704895,0.5449384450912476,0.021414155140519142
12,106,False,0.0,16,0.7931158542633057,0.2759624421596527,0.5451220273971558,0.021647542715072632
12,107,False,0.0,16,0.7931368350982666,0.2766701877117157,0.5449236631393433,0.02156250551342964
12,108,False,0.0,16,0.7934331893920898,0.2769126892089844,0.5448452830314636,0.021529335528612137
12,109,False,0.0,16,0.7941169738769531,0.2765967845916748,0.5449326038360596,0.021615564823150635
12,110,False,0.0,16,0.7941785454750061,0.2765260338783264,0.5450499057769775,0.0217173732817173
12,111,False,0.0,16,0.7942858338356018,0.2766563296318054,0.5449108481407166,0.021700408309698105
12,112,False,0.0,16,0.7947190999984741,0.2761446535587311,0.5449695587158203,0.02171941101551056
12,113,False,0.0,16,0.7949057817459106,0.2756942808628082,0.5450226068496704,0.021771572530269623
12,114,False,0.0,16,0.7954886555671692,0.27487725019454956,0.5451751947402954,0.0220022052526474
12,115,False,0.0,16,0.7960416674613953,0.27407675981521606,0.5451417565345764,0.021996086463332176
12,116,False,0.0,16,0.7964047789573669,0.2732637822628021,0.5449701547622681,0.021985460072755814
12,117,False,0.0,16,0.7972487211227417,0.2717193365097046,0.5450291633605957,0.022021591663360596
12,118,False,0.0,16,0.7980616092681885,0.27078014612197876,0.5449738502502441,0.02202548086643219
12,119,False,0.0,16,0.7981179356575012,0.2706502676010132,0.5450122356414795,0.022052645683288574
12,120,False,0.0,16,0.7975733280181885,0.27114707231521606,0.5450212955474854,0.022092333063483238
12,121,False,0.0,16,0.7972497940063477,0.27138394117355347,0.5452146530151367,0.022170990705490112
12,122,False,0.0,16,0.7974660396575928,0.2713392972946167,0.5452392101287842,0.022243250161409378
12,123,False,0.0,16,0.7973764538764954,0.2711723744869232,0.5452614426612854,0.02222711592912674
12,124,False,0.0,16,0.7992302179336548,0.2701953649520874,0.5453014969825745,0.022222602739930153
12,125,False,0.0,16,0.8006154298782349,0.2699275612831116,0.5456122159957886,0.022333955392241478
12,126,False,0.0,16,0.8014692068099976,0.26982325315475464,0.545392632484436,0.02216540463268757
12,127,False,0.0,16,0.8015358448028564,0.2701052725315094,0.545417308807373,0.02212739735841751
12,128,False,0.0,16,0.8010272979736328,0.2702793776988983,0.5454689264297485,0.022116443142294884
12,129,False,0.0,16,0.8006581664085388,0.2705482840538025,0.5454347133636475,0.022112293168902397
12,130,False,0.0,16,0.800360381603241,0.2707075774669647,0.545770525932312,0.02219892293214798
12,131,False,0.0,16,0.7999628782272339,0.2709140181541443,0.5459433794021606,0.02229219861328602
12,132,False,0.0,16,0.7999703884124756,0.2709025740623474,0.5459160208702087,0.022298891097307205
12,133,False,0.0,16,0.800098180770874,0.27087339758872986,0.5458251237869263,0.02225595712661743
13,0,False,0.0,0,0.7118124961853027,0.16290414333343506,0.5253233909606934,0.014267217367887497
13,1,False,0.0,1,0.8185156583786011,0.25497323274612427,0.5473003387451172,0.022808808833360672
13,2,False,0.0,2,0.8196983337402344,0.25431153178215027,0.5472081899642944,0.022767161950469017
13,3,False,0.0,3,0.8199453949928284,0.25396469235420227,0.5472478866577148,0.02276547998189926
13,4,False,0.0,4,0.8211820125579834,0.2530727982521057,0.547714114189148,0.022813981398940086
13,5,False,0.0,5,0.8239214420318604,0.251422643661499,0.5477890968322754,0.02284383960068226
13,6,False,0.0,6,0.826495885848999,0.24984802305698395,0.547954261302948,0.022954372689127922
13,7,False,0.0,7,0.8286609053611755,0.24837753176689148,0.5482079982757568,0.023041358217597008
13,8,False,0.0,8,0.829682469367981,0.24702797830104828,0.5482455492019653,0.022986652329564095
13,9,False,0.0,9,0.8288576006889343,0.24737665057182312,0.5483179092407227,0.022976655513048172
13,10,False,0.0,10,0.8275058269500732,0.24862663447856903,0.5481672286987305,0.022850334644317627
13,11,False,0.0,11,0.8275102972984314,0.24938437342643738,0.5480078458786011,0.022768832743167877
13,12,False,0.0,12,0.8268584609031677,0.25010019540786743,0.5483028888702393,0.022720877081155777
13,13,False,0.0,13,0.826185941696167,0.2504183053970337,0.5484145283699036,0.02276228368282318
13,14,False,0.0,14,0.8249435424804688,0.2504432499408722,0.548501193523407,0.022802619263529778
13,15,False,0.0,15,0.8240827322006226,0.25021815299987793,0.5484952926635742,0.022831298410892487
13,16,False,0.0,16,0.8230066299438477,0.25052428245544434,0.5484251976013184,0.022814638912677765
13,17,False,0.0,16,0.8206191062927246,0.25223657488822937,0.5482632517814636,0.022783411666750908
13,18,False,0.0,16,0.8191914558410645,0.25343096256256104,0.5482617616653442,0.02281402237713337
13,19,False,0.0,16,0.8171379566192627,0.25495848059654236,0.5481706261634827,0.022757312282919884
13,20,False,0.0,16,0.8142095804214478,0.25668713450431824,0.548524022102356,0.022948630154132843
13,21,False,0.0,16,0.8108212351799011,0.2589547038078308,0.5482833385467529,0.022848986089229584
13,22,False,0.0,16,0.8088148832321167,0.2608793079853058,0.5483067035675049,0.0228642076253891
13,23,False,0.0,16,0.8078153133392334,0.2614326477050781,0.5482255816459656,0.022903433069586754
13,24,False,0.0,16,0.8071099519729614,0.2621726393699646,0.5479852557182312,0.022842401638627052
13,25,False,0.0,16,0.8065366148948669,0.2632107734680176,0.5476511716842651,0.022683333605527878
13,26,False,0.0,16,0.8049980998039246,0.2642945647239685,0.5475838780403137,0.022585144266486168
13,27,False,0.0,16,0.8043530583381653,0.26604175567626953,0.547650933265686,0.022613175213336945
13,28,False,0.0,16,0.8036882281303406,0.26719045639038086,0.5481582880020142,0.023074619472026825
13,29,False,0.0,16,0.8030627965927124,0.26829883456230164,0.5485071539878845,0.023179061710834503
13,30,False,0.0,16,0.8024342060089111,0.26836878061294556,0.548559308052063,0.02320987544953823
13,31,False,0.0,16,0.8018801808357239,0.26852431893348694,0.549172043800354,0.023427138105034828
13,32,True,0.03846153989434242,16,0.8014731407165527,0.26870542764663696,0.548895001411438,0.023290349170565605
13,33,True,0.08653846383094788,16,0.800899863243103,0.26748818159103394,0.5489751100540161,0.023250162601470947
13,34,True,0.13461539149284363,16,0.8002184629440308,0.26628804206848145,0.548545777797699,0.023009929805994034
13,35,True,0.18269230425357819,16,0.8000352382659912,0.26472559571266174,0.548082709312439,0.022785788401961327
13,36,True,0.23076923191547394,16,0.7990478277206421,0.2637072503566742,0.54791259765625,0.02266465313732624
13,37,True,0.2788461446762085,16,0.8074406981468201,0.2573606073856354,0.5464730262756348,0.022232336923480034
13,38,True,0.32692307233810425,16,0.811981737613678,0.2512589395046234,0.546040415763855,0.022035228088498116
13,39,True,0.375,16,0.8125694394111633,0.2527092397212982,0.5458586812019348,0.021822229027748108
13,40,True,0.42307692766189575,16,0.8122067451477051,0.2510325610637665,0.5457509756088257,0.021761856973171234
13,41,True,0.4711538553237915,16,0.808559238910675,0.2528204023838043,0.5452872514724731,0.021602032706141472
13,42,True,0.5192307829856873,16,0.8112173080444336,0.250154584646225,0.5452456474304199,0.021522801369428635
13,43,True,0.567307710647583,16,0.8114893436431885,0.25099170207977295,0.5452189445495605,0.021484438329935074
13,44,True,0.6153846383094788,16,0.8110599517822266,0.2506847679615021,0.5445979833602905,0.021085262298583984
13,45,True,0.6634615659713745,16,0.8115977644920349,0.2499985545873642,0.5446118116378784,0.021059859544038773
13,46,True,0.7115384340286255,16,0.8119028210639954,0.24946580827236176,0.5444779396057129,0.02091998979449272
13,47,True,0.7596153616905212,16,0.8121283054351807,0.24857120215892792,0.5443120002746582,0.0208811666816473
13,48,True,0.807692289352417,16,0.809972882270813,0.24854736030101776,0.5442883968353271,0.020850729197263718
13,49,True,0.8557692170143127,16,0.8105549812316895,0.24708397686481476,0.5441100001335144,0.02073618210852146
13,50,True,0.9038461446762085,16,0.8098195195198059,0.25095608830451965,0.5437073111534119,0.020463507622480392
13,51,True,0.9519230723381042,16,0.8106921315193176,0.25099650025367737,0.5430358648300171,0.01991347037255764
13,52,True,1.0,16,0.8094692230224609,0.2509041130542755,0.5374331474304199,0.017090270295739174
13,53,True,1.0,16,0.8106721043586731,0.2465335726737976,0.5374960899353027,0.017108427360653877
13,54,True,1.0,16,0.8106721043586731,0.2465335726737976,0.5374960899353027,0.017108427360653877
13,55,True,1.0,16,0.8106721043586731,0.2465335726737976,0.5374960899353027,0.017108427360653877
13,56,True,1.0,16,0.8106721043586731,0.2465335726737976,0.5374960899353027,0.017108427360653877
13,57,True,1.0,16,0.8106721043586731,0.2465335726737976,0.5374960899353027,0.017108427360653877
13,58,True,1.0,16,0.8106721043586731,0.2465335726737976,0.5374960899353027,0.017108427360653877
13,59,True,1.0,16,0.8106721043586731,0.2465335726737976,0.5374960899353027,0.017108427360653877
13,60,True,1.0,16,0.8103338479995728,0.2473791092634201,0.5373525023460388,0.017104497179389
13,61,True,1.0,16,0.81035977602005,0.24725866317749023,0.5373460054397583,0.017100568860769272
13,62,True,1.0,16,0.810387372970581,0.24723458290100098,0.5373479127883911,0.017096523195505142
13,63,True,1.0,16,0.8103851675987244,0.24721598625183105,0.5373477935791016,0.017096178606152534
13,64,True,1.0,16,0.8103786110877991,0.24720382690429688,0.5373457074165344,0.017096800729632378
13,65,True,1.0,16,0.8103823661804199,0.24718979001045227,0.5373472571372986,0.017097467556595802
13,66,True,1.0,16,0.8103837966918945,0.2471906989812851,0.5373477935791016,0.017097193747758865
13,67,True,1.0,16,0.8103854656219482,0.24719779193401337,0.5373473167419434,0.017096927389502525
13,68,True,1.0,16,0.8100587129592896,0.2483009696006775,0.537081241607666,0.017050569877028465
13,69,True,1.0,16,0.8100675344467163,0.24827434122562408,0.5370814204216003,0.017048126086592674
13,70,True,1.0,16,0.8100615739822388,0.2482943832874298,0.5370813012123108,0.01704883761703968
13,71,True,1.0,16,0.8100675344467163,0.24829435348510742,0.5370796918869019,0.017047811299562454
13,72,True,1.0,16,0.8100647926330566,0.2482972890138626,0.5370806455612183,0.017047999426722527
13,73,True,1.0,16,0.8100688457489014,0.2482980191707611,0.537081241607666,0.017047947272658348
13,74,True,1.0,16,0.8100652694702148,0.24829551577568054,0.5370817184448242,0.017047829926013947
13,75,True,1.0,16,0.810065746307373,0.24828484654426575,0.5370814800262451,0.017047284170985222
13,76,True,1.0,16,0.8101847171783447,0.24826249480247498,0.5367205739021301,0.01702839881181717
13,77,True,1.0,16,0.8101842403411865,0.24828650057315826,0.5367192625999451,0.017029646784067154
13,78,False,0.0,16,0.8024720549583435,0.26859766244888306,0.5463907718658447,0.02167539671063423
13,79,False,0.0,16,0.7978805303573608,0.2702208161354065,0.5464292764663696,0.021706601604819298
13,80,False,0.0,16,0.7961703538894653,0.2710522711277008,0.5466446280479431,0.02178981341421604
13,81,False,0.0,16,0.7940070629119873,0.27219682931900024,0.5464539527893066,0.02167074754834175
13,82,False,0.0,16,0.7918083667755127,0.27353134751319885,0.546454668045044,0.021645784378051758
13,83,False,0.0,16,0.7908428311347961,0.2742946743965149,0.5464402437210083,0.02158736065030098
13,84,False,0.0,16,0.7897703647613525,0.27514976263046265,0.5466362237930298,0.021515730768442154
13,85,False,0.0,16,0.7904564738273621,0.2753947079181671,0.5468204617500305,0.021641632542014122
13,86,False,0.0,16,0.7907211780548096,0.274234801530838,0.5468235611915588,0.021610522642731667
13,87,False,0.0,16,0.7921508550643921,0.27255454659461975,0.546450138092041,0.021397480741143227
13,88,False,0.0,16,0.7952265739440918,0.2697612941265106,0.5460402369499207,0.021235134452581406
13,89,False,0.0,16,0.7990140914916992,0.26716989278793335,0.5458341836929321,0.021153632551431656
13,90,False,0.0,16,0.8001284599304199,0.2656364440917969,0.5458018779754639,0.0211144108325243
13,91,False,0.0,16,0.8005837202072144,0.2654094398021698,0.5457147359848022,0.02107519470155239
13,92,False,0.0,16,0.8010697960853577,0.2654651701450348,0.5459102988243103,0.021164754405617714
13,93,False,0.0,16,0.8013024926185608,0.2658015489578247,0.54584139585495,0.021167704835534096
13,94,False,0.0,16,0.8007301092147827,0.2666829824447632,0.5459883213043213,0.02123761549592018
13,95,False,0.0,16,0.8007299900054932,0.2650257647037506,0.5461377501487732,0.02125909924507141
13,96,False,0.0,16,0.8004420399665833,0.2658858895301819,0.5463006496429443,0.021331043913960457
13,97,False,0.0,16,0.8006067276000977,0.2668851912021637,0.5465014576911926,0.021402090787887573
13,98,False,0.0,16,0.8004533052444458,0.26731160283088684,0.546602189540863,0.021417448297142982
13,99,False,0.0,16,0.800430953502655,0.2679764926433563,0.546554446220398,0.021415041759610176
13,100,False,0.0,16,0.8008004426956177,0.2688469886779785,0.5464733839035034,0.021466262638568878
13,101,False,0.0,16,0.8017067313194275,0.26945698261260986,0.546438992023468,0.021521346643567085
13,102,False,0.0,16,0.80268394947052,0.2696574926376343,0.5468029975891113,0.02168276533484459
13,103,False,0.0,16,0.8031041026115417,0.2693816125392914,0.5468510985374451,0.021716656163334846
13,104,False,0.0,16,0.8027501106262207,0.2694705128669739,0.5466821193695068,0.021665042266249657
14,0,False,0.0,0,0.7519645690917969,0.1830865442752838,0.5233267545700073,0.012764117680490017
14,1,False,0.0,1,0.8234814405441284,0.2561722993850708,0.5459933280944824,0.021339651197195053
14,2,False,0.0,2,0.8234628438949585,0.2560344934463501,0.5461304187774658,0.021396085619926453
14,3,False,0.0,3,0.8237800002098083,0.2560768127441406,0.5469232797622681,0.021834591403603554
14,4,False,0.0,4,0.8234714269638062,0.256244033575058,0.5470197200775146,0.02188834547996521
14,5,False,0.0,5,0.8228616118431091,0.25598642230033875,0.5468761920928955,0.021833593025803566
14,6,False,0.0,6,0.8225791454315186,0.25657668709754944,0.5469362139701843,0.02188120409846306
14,7,False,0.0,7,0.8223870396614075,0.2569635808467865,0.5468785762786865,0.021890172734856606
14,8,False,0.0,8,0.8214923143386841,0.25808659195899963,0.5469791889190674,0.021939804777503014
14,9,False,0.0,9,0.8202399015426636,0.25843295454978943,0.5467449426651001,0.021794091910123825
14,10,False,0.0,10,0.8197650909423828,0.2591383159160614,0.546929121017456,0.021938718855381012
14,11,False,0.0,11,0.8190234899520874,0.26001372933387756,0.5478310585021973,0.02230357937514782
14,12,False,0.0,12,0.8183172941207886,0.2607969343662262,0.5477454662322998,0.022288285195827484
14,13,False,0.0,13,0.8178647756576538,0.26133087277412415,0.5478291511535645,0.022283557802438736
14,14,False,0.0,14,0.8171592354774475,0.26234039664268494,0.5479745864868164,0.022415943443775177
14,15,False,0.0,15,0.8161667585372925,0.26372188329696655,0.5478845238685608,0.02240757644176483
14,16,False,0.0,16,0.81450355052948,0.26528120040893555,0.5479244589805603,0.022452030330896378
14,17,False,0.0,16,0.8129419088363647,0.2668741047382355,0.5479442477226257,0.022442124783992767
14,18,False,0.0,16,0.8113481998443604,0.2676844596862793,0.548027753829956,0.022464442998170853
14,19,False,0.0,16,0.809559166431427,0.2688358724117279,0.5490286350250244,0.02298547700047493
14,20,False,0.0,16,0.8078023791313171,0.26987823843955994,0.5492528676986694,0.023118605837225914
14,21,False,0.0,16,0.8061610460281372,0.27059924602508545,0.5492476224899292,0.023102877661585808
14,22,False,0.0,16,0.8050305843353271,0.27120259404182434,0.5490481853485107,0.023004429414868355
14,23,False,0.0,16,0.8042905926704407,0.27168795466423035,0.5491381883621216,0.023006493225693703
14,24,False,0.0,16,0.8032747507095337,0.27260011434555054,0.549208402633667,0.023023273795843124
14,25,False,0.0,16,0.8019628524780273,0.2731567919254303,0.5490241050720215,0.022911833599209785
14,26,False,0.0,16,0.8004598021507263,0.2731323838233948,0.5489976406097412,0.02284909598529339
14,27,False,0.0,16,0.7986822724342346,0.273287832736969,0.5497982501983643,0.023261208087205887
14,28,False,0.0,16,0.797808051109314,0.27481332421302795,0.5503149032592773,0.023514939472079277
14,29,False,0.0,16,0.7966612577438354,0.27657249569892883,0.5501208305358887,0.02341374382376671
14,30,True,0.01515151560306549,16,0.7937270998954773,0.2795239984989166,0.5491583347320557,0.023025255650281906
14,31,True,0.06565656512975693,16,0.8013855814933777,0.2679867744445801,0.5480290651321411,0.022558769211173058
14,32,True,0.11616161465644836,16,0.8017290830612183,0.2681099772453308,0.5472335815429688,0.02222583070397377
14,33,True,0.1666666716337204,16,0.8006834983825684,0.2690834701061249,0.546794056892395,0.022060424089431763
14,34,True,0.21717171370983124,16,0.8003990650177002,0.2690996527671814,0.5470690727233887,0.022204656153917313
14,35,True,0.26767677068710327,16,0.8017348647117615,0.26901036500930786,0.5473592877388,0.02244109846651554
14,36,True,0.3181818127632141,16,0.8021329641342163,0.26886507868766785,0.5468665361404419,0.022217389196157455
14,37,True,0.36868685483932495,16,0.8022379875183105,0.2690976560115814,0.5465684533119202,0.02208060212433338
14,38,True,0.4191919267177582,16,0.8023030757904053,0.26883959770202637,0.5463559627532959,0.021964550018310547
14,39,True,0.469696968793869,16,0.8026899099349976,0.26815861463546753,0.5464524626731873,0.02208399958908558
14,40,True,0.5202020406723022,16,0.8030596375465393,0.26734182238578796,0.5468051433563232,0.02233467623591423
14,41,True,0.5707070827484131,16,0.8036972284317017,0.2665800154209137,0.5472135543823242,0.02246992662549019
14,42,True,0.6212121248245239,16,0.8044376373291016,0.2658417224884033,0.5474260449409485,0.02251702919602394
14,43,True,0.6717171669006348,16,0.8050669431686401,0.26569005846977234,0.5475121736526489,0.022575218230485916
14,44,True,0.7222222089767456,16,0.8053761720657349,0.2654891312122345,0.5469735860824585,0.0222720168530941
14,45,True,0.7727272510528564,16,0.8051050901412964,0.2654603123664856,0.5465540885925293,0.02197863906621933
14,46,True,0.8232323527336121,16,0.8047086000442505,0.26497921347618103,0.5466146469116211,0.022069891914725304
14,47,True,0.8737373948097229,16,0.8041189312934875,0.2643056809902191,0.5459500551223755,0.021713361144065857
14,48,True,0.9242424368858337,16,0.8055639266967773,0.26399075984954834,0.544903039932251,0.021080024540424347
14,49,True,0.9747474789619446,16,0.80463707447052,0.2628033757209778,0.5435786843299866,0.020258581265807152
14,50,True,1.0,16,0.8050637245178223,0.2610746920108795,0.5365794897079468,0.01759122684597969
14,51,True,1.0,16,0.805560290813446,0.2594437003135681,0.5370044708251953,0.017716895788908005
14,52,True,1.0,16,0.8055606484413147,0.25942710041999817,0.5370085835456848,0.017715970054268837
14,53,True,1.0,16,0.8055705428123474,0.2594156861305237,0.5370100736618042,0.017717301845550537
14,54,True,1.0,16,0.8055800795555115,0.25942155718803406,0.5370107293128967,0.017716312780976295
14,55,True,1.0,16,0.8055785298347473,0.2594206631183624,0.5370118618011475,0.017716946080327034
14,56,True,1.0,16,0.8055779933929443,0.259425550699234,0.5370115041732788,0.017716610804200172
14,57,True,1.0,16,0.8055768013000488,0.2594316303730011,0.5370116233825684,0.017716296017169952
14,58,True,1.0,16,0.8055809736251831,0.25942713022232056,0.537011444568634,0.017715750262141228
14,59,True,1.0,16,0.8052622079849243,0.26012998819351196,0.5374367237091064,0.017821619287133217
14,60,True,1.0,16,0.8052711486816406,0.26010793447494507,0.5374391078948975,0.01782357506453991
14,61,True,1.0,16,0.8052886724472046,0.2601248025894165,0.5374419093132019,0.0178243238478899
14,62,True,1.0,16,0.8052747249603271,0.26009154319763184,0.5374441146850586,0.017823463305830956
14,63,True,1.0,16,0.8052711486816406,0.260101854801178,0.5374460220336914,0.01782308705151081
14,64,True,1.0,16,0.8052762746810913,0.2601017653942108,0.5374459028244019,0.01782394014298916
14,65,True,1.0,16,0.805275559425354,0.26010364294052124,0.5374453067779541,0.01782364398241043
14,66,True,1.0,16,0.8052760362625122,0.2601015865802765,0.5374453663825989,0.017823997884988785
14,67,True,1.0,16,0.8052589893341064,0.2599705159664154,0.537739634513855,0.01787503995001316
14,68,True,1.0,16,0.8052597045898438,0.25996553897857666,0.5377423763275146,0.01787717267870903
14,69,True,1.0,16,0.8052568435668945,0.25996875762939453,0.5377395153045654,0.017876017838716507
14,70,True,1.0,16,0.8052499294281006,0.2599709928035736,0.5377379655838013,0.01787545531988144
14,71,True,1.0,16,0.8052560091018677,0.2599668800830841,0.5377375483512878,0.017875930294394493
14,72,True,1.0,16,0.805253267288208,0.2599681615829468,0.5377379655838013,0.017876479774713516
14,73,True,1.0,16,0.80525803565979,0.2599819004535675,0.5377377271652222,0.017876313999295235
14,74,True,1.0,16,0.8052530288696289,0.2599725127220154,0.5377376079559326,0.017876261845231056
14,75,False,0.0,16,0.80517578125,0.2710916996002197,0.5511666536331177,0.024113381281495094
14,76,False,0.0,16,0.7985618114471436,0.2738523483276367,0.5512519478797913,0.024161173030734062
14,77,False,0.0,16,0.7977091670036316,0.2746536135673523,0.5510584115982056,0.024091344326734543
14,78,False,0.0,16,0.7962244749069214,0.27585574984550476,0.5509065985679626,0.024073505774140358
14,79,False,0.0,16,0.7957455515861511,0.2771259546279907,0.5510658025741577,0.0241859033703804
14,80,False,0.0,16,0.7964009046554565,0.2780284881591797,0.5511813163757324,0.024242326617240906
14,81,False,0.0,16,0.7967113256454468,0.2781718969345093,0.5510815382003784,0.024157391861081123
14,82,False,0.0,16,0.7968449592590332,0.2783314883708954,0.5509397983551025,0.024078963324427605
14,83,False,0.0,16,0.7970046997070312,0.278209388256073,0.5510696768760681,0.024121716618537903
14,84,False,0.0,16,0.7970058917999268,0.27813708782196045,0.550957441329956,0.02406097762286663
14,85,False,0.0,16,0.7968955039978027,0.27821993827819824,0.5505614876747131,0.02383897639811039
14,86,False,0.0,16,0.7965734601020813,0.2781458795070648,0.5503721237182617,0.023720886558294296
14,87,False,0.0,16,0.7959234714508057,0.2780417203903198,0.5501457452774048,0.023617014288902283
14,88,False,0.0,16,0.795617938041687,0.2773943543434143,0.5501101613044739,0.023602882400155067
14,89,False,0.0,16,0.7957436442375183,0.2764887511730194,0.550039529800415,0.0236628707498312
14,90,False,0.0,16,0.7962318658828735,0.2761111557483673,0.5502035617828369,0.0238228477537632
14,91,False,0.0,16,0.7976836562156677,0.27528801560401917,0.5503705739974976,0.023773742839694023
14,92,False,0.0,16,0.7978234887123108,0.27524539828300476,0.5502057075500488,0.023690707981586456
14,93,False,0.0,16,0.7978305220603943,0.27526620030403137,0.5500304102897644,0.023620599880814552
14,94,False,0.0,16,0.7984716296195984,0.2748446762561798,0.5499964952468872,0.02362818270921707
14,95,False,0.0,16,0.8005485534667969,0.2726437449455261,0.5499177575111389,0.02358659915626049
14,96,False,0.0,16,0.8013724684715271,0.27185505628585815,0.5500308275222778,0.023589186370372772
14,97,False,0.0,16,0.8014589548110962,0.2712656259536743,0.5501052141189575,0.023579491302371025
14,98,False,0.0,16,0.80088210105896,0.2707616984844208,0.5501749515533447,0.0235811248421669
14,99,False,0.0,16,0.8002246618270874,0.2703244388103485,0.5503244996070862,0.023552725091576576
15,0,False,0.0,0,0.742816686630249,0.18236592411994934,0.5274513959884644,0.015163213945925236
15,1,False,0.0,1,0.8235154747962952,0.25519946217536926,0.5533668994903564,0.02488188073039055
15,2,False,0.0,2,0.8238043189048767,0.25502797961235046,0.5534452199935913,0.024904340505599976
15,3,False,0.0,3,0.8242474794387817,0.25456008315086365,0.5535863637924194,0.024955298751592636
15,4,False,0.0,4,0.8239003419876099,0.2543500065803528,0.5536090135574341,0.024943344295024872
15,5,False,0.0,5,0.8238482475280762,0.2542678117752075,0.553608775138855,0.024922838434576988
15,6,False,0.0,6,0.8239575028419495,0.254127562046051,0.5535613298416138,0.02491656132042408
15,7,False,0.0,7,0.8231837749481201,0.2545316815376282,0.5538859963417053,0.02501506544649601
15,8,False,0.0,8,0.823229193687439,0.2544955611228943,0.5539150834083557,0.025014331564307213
15,9,False,0.0,9,0.8229186534881592,0.25458455085754395,0.5538672208786011,0.024985214695334435
15,10,False,0.0,10,0.8217074871063232,0.2554396390914917,0.5538192987442017,0.02497480809688568
15,11,False,0.0,11,0.820431113243103,0.2560766041278839,0.5538562536239624,0.024972958490252495
15,12,False,0.0,12,0.8173430562019348,0.2577247619628906,0.5538437962532043,0.025011539459228516
15,13,False,0.0,13,0.8152592778205872,0.25978878140449524,0.5538498759269714,0.025058498606085777
15,14,False,0.0,14,0.813196063041687,0.26071494817733765,0.5538220405578613,0.02498973160982132
15,15,False,0.0,15,0.8116506338119507,0.2616119086742401,0.5540716052055359,0.02508264034986496
15,16,False,0.0,16,0.8111287951469421,0.2624629735946655,0.5538448095321655,0.024928897619247437
15,17,False,0.0,16,0.8094066381454468,0.2633918225765228,0.5539582967758179,0.024931488558650017
15,18,False,0.0,16,0.8081401586532593,0.26422733068466187,0.554273247718811,0.02506801299750805
15,19,False,0.0,16,0.8061752319335938,0.2658478319644928,0.5541985034942627,0.02499011531472206
15,20,False,0.0,16,0.8043519258499146,0.2683326005935669,0.5542696714401245,0.025026468560099602
15,21,False,0.0,16,0.8039346933364868,0.2693379521369934,0.5544331669807434,0.025143450126051903
15,22,False,0.0,16,0.802879273891449,0.2709636390209198,0.5546141862869263,0.02517247572541237
15,23,False,0.0,16,0.8019824624061584,0.27241435647010803,0.5544720888137817,0.02502109482884407
15,24,False,0.0,16,0.8016552329063416,0.27354294061660767,0.5545226335525513,0.02500481717288494
15,25,False,0.0,16,0.801244854927063,0.2742389738559723,0.5544813871383667,0.025015337392687798
15,26,False,0.0,16,0.8008872866630554,0.2745373249053955,0.5546894073486328,0.0250864140689373
15,27,False,0.0,16,0.8006454706192017,0.27422043681144714,0.5547363758087158,0.025135817006230354
15,28,False,0.0,16,0.8009078502655029,0.27392977476119995,0.5547574758529663,0.025197289884090424
15,29,False,0.0,16,0.8012097477912903,0.27295032143592834,0.5545424222946167,0.025104058906435966
15,30,False,0.0,16,0.8016622066497803,0.27236297726631165,0.5544849634170532,0.02510613203048706
15,31,False,0.0,16,0.8022403717041016,0.2717777490615845,0.5541939735412598,0.024912657216191292
15,32,False,0.0,16,0.8036903738975525,0.2710522413253784,0.5538108944892883,0.024762500077486038
15,33,False,0.0,16,0.8047534227371216,0.2703487277030945,0.5537092089653015,0.024748649448156357
15,34,False,0.0,16,0.8058213591575623,0.2695252597332001,0.5535982847213745,0.02471851371228695
15,35,False,0.0,16,0.8069397807121277,0.26858285069465637,0.5536414384841919,0.024722259491682053
15,36,False,0.0,16,0.8077041506767273,0.26783016324043274,0.5535780787467957,0.024687334895133972
15,37,False,0.0,16,0.8094347715377808,0.2671360373497009,0.5534648895263672,0.02459792234003544
15,38,False,0.0,16,0.8084669709205627,0.2671569585800171,0.5532313585281372,0.024508826434612274
15,39,False,0.0,16,0.8076224327087402,0.2677077651023865,0.5530253648757935,0.02435825951397419
15,40,False,0.0,16,0.807243287563324,0.2677905261516571,0.5532103180885315,0.024448338896036148
15,41,False,0.0,16,0.8064391613006592,0.2685588300228119,0.5531808137893677,0.02440056949853897
15,42,False,0.0,16,0.8061724901199341,0.2687804400920868,0.5531045794487,0.0243638027459383
15,43,False,0.0,16,0.8059438467025757,0.2689836025238037,0.5531913638114929,0.02440129965543747
15,44,False,0.0,16,0.8048416376113892,0.2697286307811737,0.5533255338668823,0.024452704936265945
15,45,False,0.0,16,0.8047821521759033,0.27072322368621826,0.5534131526947021,0.024474892765283585
15,46,False,0.0,16,0.8029742240905762,0.27193760871887207,0.5534439086914062,0.02446904219686985
15,47,False,0.0,16,0.8025078773498535,0.2727481424808502,0.5534750819206238,0.024542974308133125
15,48,False,0.0,16,0.8018773794174194,0.27300962805747986,0.5535560846328735,0.024584515020251274
15,49,False,0.0,16,0.8009569644927979,0.27342846989631653,0.5534204244613647,0.02453908696770668
15,50,False,0.0,16,0.7999441027641296,0.27329716086387634,0.5534313321113586,0.024577375501394272
15,51,False,0.0,16,0.8004696369171143,0.2725293040275574,0.5534325838088989,0.024579964578151703
15,52,False,0.0,16,0.8004727959632874,0.2720172107219696,0.5534306168556213,0.02458876185119152
15,53,False,0.0,16,0.8009552955627441,0.27143585681915283,0.5532183647155762,0.024468399584293365
15,54,False,0.0,16,0.8008149862289429,0.2708551287651062,0.5533427000045776,0.02450479380786419
15,55,False,0.0,16,0.8008830547332764,0.2707746922969818,0.5537979602813721,0.02470514550805092
15,56,False,0.0,16,0.801249623298645,0.2708887457847595,0.553955614566803,0.024766243994235992
15,57,False,0.0,16,0.8013597726821899,0.27093544602394104,0.5541549921035767,0.02485341578722
15,58,False,0.0,16,0.8012272715568542,0.27097851037979126,0.5542339086532593,0.024899251759052277
15,59,False,0.0,16,0.8005286455154419,0.27138686180114746,0.5543209314346313,0.024930212646722794
15,60,False,0.0,16,0.8014029264450073,0.27107512950897217,0.5542925596237183,0.02493472956120968
15,61,False,0.0,16,0.8019556999206543,0.2701221704483032,0.5545287132263184,0.025070931762456894
15,62,False,0.0,16,0.8027693033218384,0.2692958414554596,0.5546476244926453,0.02513708919286728
15,63,False,0.0,16,0.8037275075912476,0.2686800956726074,0.5546078681945801,0.025040406733751297
15,64,False,0.0,16,0.8043051958084106,0.26818495988845825,0.5549927949905396,0.025196824222803116
15,65,False,0.0,16,0.8047879338264465,0.2677385210990906,0.5551782846450806,0.02521659806370735
15,66,False,0.0,16,0.8053057193756104,0.2667413055896759,0.5551543235778809,0.025180872529745102
15,67,False,0.0,16,0.8065515756607056,0.2659793496131897,0.5553295612335205,0.025230105966329575
15,68,False,0.0,16,0.8079110383987427,0.26493287086486816,0.5552694797515869,0.025187071412801743
15,69,False,0.0,16,0.8089414834976196,0.2642115652561188,0.5551586747169495,0.025145262479782104
15,70,False,0.0,16,0.8105261325836182,0.2630482017993927,0.5552366375923157,0.02520648203790188
15,71,False,0.0,16,0.8134846687316895,0.260600209236145,0.5549061298370361,0.025067947804927826
15,72,False,0.0,16,0.8158653974533081,0.2585392892360687,0.5549863576889038,0.025123056024312973
15,73,False,0.0,16,0.8174414038658142,0.2569465935230255,0.5549547672271729,0.02511979080736637
15,74,False,0.0,16,0.8180645704269409,0.2565724551677704,0.5547021627426147,0.025024205446243286
15,75,False,0.0,16,0.8175901174545288,0.2564307153224945,0.5546422004699707,0.02500213123857975
15,76,False,0.0,16,0.8166745901107788,0.25646287202835083,0.5547090768814087,0.025032997131347656
15,77,False,0.0,16,0.8152797222137451,0.2571299374103546,0.5546332001686096,0.02505311369895935
15,78,False,0.0,16,0.8136180639266968,0.2574181854724884,0.5547142624855042,0.02514830231666565
15,79,False,0.0,16,0.8101914525032043,0.25923168659210205,0.5537651181221008,0.024873606860637665
15,80,False,0.0,16,0.8077150583267212,0.2597489058971405,0.5533597469329834,0.024715565145015717
15,81,False,0.0,16,0.8059549331665039,0.2614381015300751,0.5535591840744019,0.02481924183666706
15,82,False,0.0,16,0.8043667078018188,0.2628296911716461,0.5530750155448914,0.02458997815847397
15,83,False,0.0,16,0.8034100532531738,0.2642034590244293,0.5528866052627563,0.024464154615998268
15,84,False,0.0,16,0.8022212982177734,0.26490044593811035,0.5525355339050293,0.024288523942232132
15,85,False,0.0,16,0.8017983436584473,0.2659045159816742,0.5527794361114502,0.02447727881371975
15,86,False,0.0,16,0.8018420934677124,0.26662927865982056,0.5528975129127502,0.02451418526470661
15,87,False,0.0,16,0.8007723689079285,0.2681574523448944,0.5518782138824463,0.024185530841350555
15,88,False,0.0,16,0.7990182638168335,0.2695983350276947,0.5521653294563293,0.024356072768568993
15,89,False,0.0,16,0.7980117797851562,0.2699219882488251,0.5523096323013306,0.024410545825958252
15,90,False,0.0,16,0.7973529100418091,0.27027028799057007,0.5521120429039001,0.024328134953975677
15,91,False,0.0,16,0.7963554859161377,0.27007368206977844,0.5522679090499878,0.024316763505339622
15,92,False,0.0,16,0.7959627509117126,0.2701037526130676,0.5523460507392883,0.024325072765350342
15,93,False,0.0,16,0.7966501712799072,0.27041396498680115,0.5520281791687012,0.02416721172630787
15,94,False,0.0,16,0.7960702180862427,0.2709885239601135,0.5518083572387695,0.02406943216919899
15,95,False,0.0,16,0.7954570651054382,0.2714146375656128,0.5512734651565552,0.02403924986720085
15,96,False,0.0,16,0.7947714328765869,0.2712650001049042,0.5512782335281372,0.024055002257227898
15,97,False,0.0,16,0.7950024604797363,0.27124494314193726,0.551210880279541,0.024007385596632957
15,98,False,0.0,16,0.79535973072052,0.27034714818000793,0.5511517524719238,0.023956285789608955
15,99,False,0.0,16,0.7963380813598633,0.26740196347236633,0.5511088371276855,0.023919301107525826
15,100,False,0.0,16,0.7959690093994141,0.2645717263221741,0.5511829853057861,0.023909470066428185
15,101,False,0.0,16,0.7937992811203003,0.26442182064056396,0.5510959029197693,0.023841693997383118
15,102,False,0.0,16,0.7946962714195251,0.26474466919898987,0.5510020852088928,0.023787153884768486
15,103,False,0.0,16,0.7974588871002197,0.26795801520347595,0.5503840446472168,0.0235116146504879
15,104,False,0.0,16,0.7972395420074463,0.2716911733150482,0.5500551462173462,0.023504776880145073
15,105,False,0.0,16,0.7980777621269226,0.27113550901412964,0.5501673817634583,0.023579683154821396
15,106,False,0.0,16,0.7984305620193481,0.2720381021499634,0.5501055717468262,0.023536084219813347
15,107,False,0.0,16,0.7978541254997253,0.27260512113571167,0.5499772429466248,0.023405391722917557
15,108,False,0.0,16,0.7982584238052368,0.2728060781955719,0.549981951713562,0.023371759802103043
15,109,False,0.0,16,0.7982501983642578,0.2728091776371002,0.5500394105911255,0.02336234785616398
15,110,False,0.0,16,0.7983330488204956,0.27248018980026245,0.5500319004058838,0.0233627799898386
15,111,False,0.0,16,0.7986812591552734,0.2721015512943268,0.5499731302261353,0.02315044403076172
15,112,False,0.0,16,0.7991588115692139,0.27135351300239563,0.5497709512710571,0.023073675110936165
15,113,False,0.0,16,0.7995433211326599,0.2709996998310089,0.5495771765708923,0.023012008517980576
15,114,False,0.0,16,0.8006141781806946,0.2709868550300598,0.5504071116447449,0.023291869089007378
15,115,False,0.0,16,0.8014465570449829,0.2706364691257477,0.5503172874450684,0.023129455745220184
15,116,False,0.0,16,0.8016223907470703,0.2710364758968353,0.5502969026565552,0.023065531626343727
15,117,False,0.0,16,0.8021425008773804,0.27140769362449646,0.5501136183738708,0.02306273579597473
15,118,False,0.0,16,0.8024241924285889,0.272379994392395,0.549998939037323,0.023066487163305283
15,119,False,0.0,16,0.802984356880188,0.2724445164203644,0.5501314997673035,0.022976206615567207
15,120,False,0.0,16,0.8034471869468689,0.2720758318901062,0.5501593351364136,0.023025812581181526
15,121,False,0.0,16,0.8041585683822632,0.2717483341693878,0.5501807928085327,0.02310367114841938
15,122,False,0.0,16,0.8046815395355225,0.27140265703201294,0.550161600112915,0.02312890999019146
16,0,False,0.0,0,0.7466813325881958,0.18777160346508026,0.5245848894119263,0.013776917941868305
16,1,False,0.0,1,0.8243429064750671,0.25703489780426025,0.5489892959594727,0.023458844050765038
16,2,False,0.0,2,0.8245921730995178,0.25661495327949524,0.5489963889122009,0.023450175300240517
16,3,False,0.0,3,0.8251299858093262,0.2555277943611145,0.5490100383758545,0.023417899385094643
16,4,False,0.0,4,0.8260239958763123,0.25501301884651184,0.5494276285171509,0.023338576778769493
16,5,False,0.0,5,0.8253214955329895,0.2555372416973114,0.5495686531066895,0.02339792810380459
16,6,False,0.0,6,0.8245419263839722,0.25617989897727966,0.5494147539138794,0.023323586210608482
16,7,False,0.0,7,0.8230158090591431,0.2573215663433075,0.5490759015083313,0.02318691462278366
16,8,False,0.0,8,0.8209795355796814,0.25865989923477173,0.549152135848999,0.023135775700211525
16,9,False,0.0,9,0.819664478302002,0.2595944404602051,0.5490963459014893,0.023115718737244606
16,10,False,0.0,10,0.8172899484634399,0.2610889971256256,0.5490396022796631,0.023121541365981102
16,11,False,0.0,11,0.8154053688049316,0.262193500995636,0.5489344596862793,0.02306973561644554
16,12,False,0.0,12,0.8139510750770569,0.2633322775363922,0.5491650104522705,0.022950833663344383
16,13,False,0.0,13,0.8131405115127563,0.2642427980899811,0.5489048957824707,0.022895697504281998
16,14,False,0.0,14,0.8116697669029236,0.266202449798584,0.5489729642868042,0.02295599691569805
16,15,False,0.0,15,0.8093057870864868,0.26738622784614563,0.5491470098495483,0.022935418412089348
16,16,False,0.0,16,0.806987464427948,0.2685454785823822,0.5493426322937012,0.023017363622784615
16,17,False,0.0,16,0.8061546087265015,0.26961690187454224,0.5495580434799194,0.023170700296759605
16,18,False,0.0,16,0.8045598268508911,0.2713721990585327,0.5493783950805664,0.02308017387986183
16,19,False,0.0,16,0.8038170337677002,0.27227312326431274,0.5488178730010986,0.02283094823360443
16,20,False,0.0,16,0.8032158613204956,0.27210861444473267,0.5491957068443298,0.022782478481531143
16,21,False,0.0,16,0.8023293018341064,0.2727985680103302,0.5494636297225952,0.0228851530700922
16,22,False,0.0,16,0.8010166883468628,0.2736351191997528,0.5497922301292419,0.02302783541381359
16,23,False,0.0,16,0.8006160259246826,0.274440735578537,0.5500289797782898,0.023135732859373093
16,24,False,0.0,16,0.8009170889854431,0.27424025535583496,0.5501039028167725,0.023173464462161064
16,25,False,0.0,16,0.8006809949874878,0.2743271589279175,0.5498722791671753,0.02308596484363079
16,26,False,0.0,16,0.8007346391677856,0.2737978398799896,0.5495812892913818,0.022950051352381706
16,27,False,0.0,16,0.8014310598373413,0.27359551191329956,0.5491485595703125,0.02275601029396057
16,28,False,0.0,16,0.8008546233177185,0.27375224232673645,0.5492570400238037,0.022543486207723618
16,29,False,0.0,16,0.8001742362976074,0.27341538667678833,0.5491381883621216,0.022514360025525093
16,30,False,0.0,16,0.7994725704193115,0.27290576696395874,0.5490334033966064,0.02247123047709465
16,31,False,0.0,16,0.7994531989097595,0.2726077735424042,0.5488797426223755,0.02243068255484104
16,32,False,0.0,16,0.79954993724823,0.2720215320587158,0.5486786365509033,0.022347930818796158
16,33,False,0.0,16,0.7995353937149048,0.27258220314979553,0.5488001704216003,0.022383645176887512
16,34,False,0.0,16,0.7995350360870361,0.27319586277008057,0.5484204888343811,0.02227572724223137
16,35,False,0.0,16,0.8009034395217896,0.2737096846103668,0.5485011339187622,0.022314241155982018
16,36,False,0.0,16,0.8018831014633179,0.27371183037757874,0.5490989089012146,0.022377118468284607
16,37,False,0.0,16,0.8016800284385681,0.2738611400127411,0.5491687655448914,0.022417759522795677
16,38,False,0.0,16,0.8010785579681396,0.274723082780838,0.5492593050003052,0.02243693172931671
16,39,False,0.0,16,0.8001207113265991,0.2748107612133026,0.5492231845855713,0.022416699677705765
16,40,False,0.0,16,0.7989420890808105,0.2755010724067688,0.5494347214698792,0.022487519308924675
16,41,False,0.0,16,0.7985901832580566,0.27533701062202454,0.549446702003479,0.022497091442346573
16,42,False,0.0,16,0.7982004880905151,0.27474138140678406,0.5492384433746338,0.022410321980714798
16,43,False,0.0,16,0.7981559038162231,0.2737121284008026,0.5492492914199829,0.022448288276791573
16,44,False,0.0,16,0.7985936403274536,0.27334386110305786,0.5493260622024536,0.0224111657589674
16,45,False,0.0,16,0.798521876335144,0.27247464656829834,0.5495131611824036,0.022520219907164574
16,46,False,0.0,16,0.7986987233161926,0.2720174789428711,0.5497458577156067,0.02267720177769661
16,47,False,0.0,16,0.8003087043762207,0.2714766263961792,0.550037145614624,0.022822147235274315
16,48,False,0.0,16,0.8033267259597778,0.27017882466316223,0.5501734614372253,0.022883178666234016
16,49,False,0.0,16,0.8064857721328735,0.2676122188568115,0.5504593849182129,0.023014381527900696
16,50,False,0.0,16,0.8078328371047974,0.2667316496372223,0.5507376194000244,0.023117661476135254
16,51,False,0.0,16,0.8083969354629517,0.2653857469558716,0.5509281158447266,0.023201582953333855
16,52,False,0.0,16,0.809863269329071,0.2641863226890564,0.5510377883911133,0.023184645920991898
16,53,False,0.0,16,0.810882568359375,0.26385927200317383,0.5511544346809387,0.023226885125041008
16,54,False,0.0,16,0.8116848468780518,0.26311731338500977,0.5514146685600281,0.023335402831435204
16,55,False,0.0,16,0.8124406337738037,0.26217159628868103,0.5514891147613525,0.02336784452199936
16,56,False,0.0,16,0.8130896091461182,0.26182523369789124,0.5510838031768799,0.02325395680963993
16,57,False,0.0,16,0.8146236538887024,0.2611450254917145,0.5507990121841431,0.023114565759897232
16,58,False,0.0,16,0.8150739669799805,0.2607605457305908,0.5505540370941162,0.023020882159471512
16,59,False,0.0,16,0.8167350888252258,0.2601798176765442,0.5503624677658081,0.02296115644276142
16,60,False,0.0,16,0.8186637759208679,0.2592725157737732,0.5502801537513733,0.022994112223386765
16,61,False,0.0,16,0.8205877542495728,0.25876158475875854,0.5501469373703003,0.02296590991318226
16,62,False,0.0,16,0.8209809064865112,0.25937268137931824,0.5499951839447021,0.022910621017217636
16,63,False,0.0,16,0.8207857012748718,0.259631484746933,0.5498051047325134,0.02286982536315918
16,64,False,0.0,16,0.8204554915428162,0.26027169823646545,0.549811065196991,0.022834327071905136
16,65,False,0.0,16,0.8195623159408569,0.2605695426464081,0.5498024225234985,0.02275637537240982
16,66,False,0.0,16,0.8185470700263977,0.26118892431259155,0.5495985150337219,0.022648800164461136
16,67,False,0.0,16,0.8175630569458008,0.26190316677093506,0.5496139526367188,0.022736966609954834
16,68,False,0.0,16,0.8169070482254028,0.2628091275691986,0.549787163734436,0.022961633279919624
16,69,False,0.0,16,0.8153972625732422,0.2635694146156311,0.549569308757782,0.022837508469820023
16,70,False,0.0,16,0.8138976097106934,0.2646527588367462,0.549480140209198,0.022857585921883583
16,71,False,0.0,16,0.8121027946472168,0.2659533619880676,0.5495165586471558,0.022920645773410797
16,72,False,0.0,16,0.8108075857162476,0.2665316164493561,0.5493748784065247,0.02289646305143833
16,73,False,0.0,16,0.8096968531608582,0.2677953243255615,0.5495082139968872,0.022860420867800713
16,74,False,0.0,16,0.8087139129638672,0.2691723704338074,0.5494146347045898,0.022811200469732285
16,75,False,0.0,16,0.8078358173370361,0.2700047492980957,0.5496196746826172,0.022895101457834244
16,76,False,0.0,16,0.8071907758712769,0.27059969305992126,0.5494321584701538,0.02279774285852909
16,77,False,0.0,16,0.804182767868042,0.27283135056495667,0.5494307279586792,0.02271439880132675
16,78,False,0.0,16,0.8036991357803345,0.2734372913837433,0.5494952201843262,0.022814540192484856
16,79,False,0.0,16,0.802699089050293,0.2748023569583893,0.5491616725921631,0.022714020684361458
16,80,False,0.0,16,0.8001186847686768,0.27644091844558716,0.5489697456359863,0.022638492286205292
16,81,False,0.0,16,0.797213077545166,0.27794772386550903,0.5493606328964233,0.022786416113376617
16,82,False,0.0,16,0.7965353727340698,0.2779528498649597,0.5494340658187866,0.02284654602408409
16,83,False,0.0,16,0.7966201901435852,0.2776491343975067,0.5494571924209595,0.022834034636616707
16,84,False,0.0,16,0.796233057975769,0.27783527970314026,0.5495275855064392,0.022921213880181313
16,85,False,0.0,16,0.7959361672401428,0.27780523896217346,0.5494288802146912,0.022825509309768677
16,86,False,0.0,16,0.796027421951294,0.27794110774993896,0.5494309663772583,0.022814916446805
16,87,False,0.0,16,0.7961676716804504,0.2781725227832794,0.5495706796646118,0.022847404703497887
16,88,False,0.0,16,0.7969561815261841,0.2775937020778656,0.5495903491973877,0.022902507334947586
16,89,False,0.0,16,0.7975874543190002,0.2771889567375183,0.549748420715332,0.022990893572568893
16,90,False,0.0,16,0.7982834577560425,0.2764017879962921,0.5496183633804321,0.022981226444244385
16,91,False,0.0,16,0.7995002865791321,0.27487507462501526,0.5496660470962524,0.023030195385217667
16,92,False,0.0,16,0.801091730594635,0.27397820353507996,0.5495483875274658,0.023209618404507637
16,93,False,0.0,16,0.8018661737442017,0.27308011054992676,0.5497866272926331,0.02334160916507244
16,94,False,0.0,16,0.8017089366912842,0.27203747630119324,0.5500013828277588,0.02342952974140644
16,95,False,0.0,16,0.8010396361351013,0.2719270586967468,0.5500724911689758,0.023467350751161575
16,96,False,0.0,16,0.7997389435768127,0.27170678973197937,0.5499668121337891,0.023425566032528877
16,97,False,0.0,16,0.7988172769546509,0.271424800157547,0.549850344657898,0.02337484061717987
16,98,False,0.0,16,0.7981940507888794,0.27115926146507263,0.5496314167976379,0.023297758772969246
16,99,False,0.0,16,0.7984596490859985,0.27062588930130005,0.5491843223571777,0.02308008074760437
16,100,False,0.0,16,0.8004245758056641,0.27051758766174316,0.5489157438278198,0.023164179176092148
16,101,False,0.0,16,0.8014820218086243,0.27080267667770386,0.5486422777175903,0.023006092756986618
16,102,False,0.0,16,0.8014273643493652,0.2713479697704315,0.548820972442627,0.023020591586828232
16,103,False,0.0,16,0.801540195941925,0.27135157585144043,0.5484012365341187,0.022837946191430092
16,104,False,0.0,16,0.8018473386764526,0.2714628577232361,0.5485389232635498,0.022928932681679726
16,105,False,0.0,16,0.8021124601364136,0.27156898379325867,0.5484824180603027,0.02291186898946762
16,106,False,0.0,16,0.8022639751434326,0.2713151276111603,0.5483385920524597,0.022869674488902092
16,107,False,0.0,16,0.8026019334793091,0.27121052145957947,0.5484470129013062,0.022936252877116203
16,108,False,0.0,16,0.8028535842895508,0.27110400795936584,0.5481963157653809,0.023182669654488564
16,109,False,0.0,16,0.8029731512069702,0.27100586891174316,0.5480078458786011,0.023125868290662766
16,110,False,0.0,16,0.8028992414474487,0.27040985226631165,0.5479412078857422,0.023070070892572403
16,111,False,0.0,16,0.8026675581932068,0.2697810232639313,0.5478466749191284,0.02301224321126938
16,112,False,0.0,16,0.8030380010604858,0.2691209018230438,0.5477545261383057,0.02294168621301651
17,0,False,0.0,0,0.7101223468780518,0.1842200607061386,0.5258395075798035,0.014424318447709084
17,1,False,0.0,1,0.8220465183258057,0.2533438503742218,0.5513031482696533,0.02417897619307041
17,2,False,0.0,2,0.8223940134048462,0.2532291114330292,0.5512392520904541,0.024135200306773186
17,3,False,0.0,3,0.8228338360786438,0.25340327620506287,0.5509196519851685,0.024327442049980164
17,4,False,0.0,4,0.8228627443313599,0.2534435987472534,0.5509350299835205,0.02430596947669983
17,5,False,0.0,5,0.8236817121505737,0.25304579734802246,0.5509337186813354,0.024313991889357567
17,6,False,0.0,6,0.8245630264282227,0.2521921992301941,0.5509312152862549,0.024310654029250145
17,7,False,0.0,7,0.8271732330322266,0.25091251730918884,0.5509209632873535,0.024335356429219246
17,8,False,0.0,8,0.8286014795303345,0.25050413608551025,0.5510492920875549,0.0243914183229208
17,9,False,0.0,9,0.8291359543800354,0.2503136694431305,0.5512902736663818,0.024469776079058647
17,10,False,0.0,10,0.8294383883476257,0.25036272406578064,0.5512668490409851,0.024548692628741264
17,11,False,0.0,11,0.8292200565338135,0.25079968571662903,0.5508674383163452,0.02468334138393402
17,12,False,0.0,12,0.8293651342391968,0.25070855021476746,0.5506895780563354,0.024679681286215782
17,13,False,0.0,13,0.8300690650939941,0.2506271302700043,0.55042964220047,0.02463041990995407
17,14,False,0.0,14,0.8301312923431396,0.25065746903419495,0.5502990484237671,0.02457376755774021
17,15,False,0.0,15,0.8303779363632202,0.2508760392665863,0.5502465963363647,0.024601714685559273
17,16,False,0.0,16,0.8286426663398743,0.25177261233329773,0.5503982305526733,0.024663738906383514
17,17,False,0.0,16,0.8278234004974365,0.25213196873664856,0.5504002571105957,0.024695681408047676
17,18,False,0.0,16,0.8278132677078247,0.25268250703811646,0.5505224466323853,0.024738863110542297
17,19,False,0.0,16,0.8279106020927429,0.2528424859046936,0.5502264499664307,0.02479003556072712
17,20,False,0.0,16,0.8277614116668701,0.252759724855423,0.5502228736877441,0.024770395830273628
17,21,False,0.0,16,0.8277884721755981,0.25305506587028503,0.5503314733505249,0.02484925277531147
17,22,False,0.0,16,0.8274116516113281,0.2530270516872406,0.5502980947494507,0.02491353638470173
17,23,False,0.0,16,0.8255372643470764,0.2536490261554718,0.5501130819320679,0.024855537340044975
17,24,False,0.0,16,0.8243741989135742,0.25377729535102844,0.5501682758331299,0.024916043505072594
17,25,False,0.0,16,0.8238726854324341,0.25443848967552185,0.5502456426620483,0.02492782473564148
17,26,False,0.0,16,0.8237314224243164,0.25512975454330444,0.5504429340362549,0.02503599412739277
17,27,False,0.0,16,0.8228179216384888,0.25622308254241943,0.5507999062538147,0.02518206275999546
17,28,False,0.0,16,0.8213529586791992,0.2579062879085541,0.5511337518692017,0.025322841480374336
17,29,False,0.0,16,0.8200943470001221,0.2600913643836975,0.5513822436332703,0.025354797020554543
17,30,False,0.0,16,0.818855881690979,0.26114222407341003,0.5517196655273438,0.02548365481197834
17,31,False,0.0,16,0.8174014091491699,0.2614494264125824,0.5520167946815491,0.02562689408659935
17,32,False,0.0,16,0.8155848383903503,0.2631310820579529,0.5523459911346436,0.025816742330789566
17,33,False,0.0,16,0.8134602308273315,0.2644118666648865,0.5527912974357605,0.02602158673107624
17,34,False,0.0,16,0.8115372657775879,0.2653532326221466,0.5529097318649292,0.02607046812772751
17,35,False,0.0,16,0.8097094297409058,0.26668399572372437,0.5531461238861084,0.025947529822587967
17,36,False,0.0,16,0.8085717558860779,0.2676375210285187,0.5532447099685669,0.026012135669589043
17,37,False,0.0,16,0.8073866367340088,0.26863527297973633,0.5531609058380127,0.025909345597028732
17,38,False,0.0,16,0.8064730763435364,0.2697705626487732,0.5531259179115295,0.025868112221360207
17,39,False,0.0,16,0.8051247596740723,0.27201130986213684,0.553011417388916,0.02584824524819851
17,40,False,0.0,16,0.8040674924850464,0.27312204241752625,0.5528250932693481,0.02570893056690693
17,41,False,0.0,16,0.8033406138420105,0.27430275082588196,0.552634060382843,0.025623561814427376
17,42,False,0.0,16,0.8027331829071045,0.2741686701774597,0.552730917930603,0.025592010468244553
17,43,False,0.0,16,0.8025141954421997,0.2735406458377838,0.5530579090118408,0.02529795840382576
17,44,False,0.0,16,0.8019594550132751,0.2730492353439331,0.5526555180549622,0.025064414367079735
17,45,False,0.0,16,0.8015564680099487,0.2722778022289276,0.5523273944854736,0.024893993511795998
17,46,False,0.0,16,0.8020183444023132,0.2705446779727936,0.5523823499679565,0.0248173326253891
17,47,False,0.0,16,0.8020291328430176,0.27025890350341797,0.5522007942199707,0.024682532995939255
17,48,False,0.0,16,0.8046672344207764,0.2696237564086914,0.5516980886459351,0.024343091994524002
17,49,False,0.0,16,0.8055226802825928,0.2701789140701294,0.5511779189109802,0.024093186482787132
17,50,False,0.0,16,0.8047706484794617,0.27116280794143677,0.5513729453086853,0.02415682189166546
17,51,False,0.0,16,0.8046397566795349,0.27167391777038574,0.55205237865448,0.023919258266687393
17,52,False,0.0,16,0.8045777082443237,0.2720378339290619,0.5522551536560059,0.02398279681801796
17,53,False,0.0,16,0.8050799369812012,0.27223435044288635,0.5522359609603882,0.02396443486213684
17,54,False,0.0,16,0.8052958250045776,0.27282169461250305,0.5521217584609985,0.023914406076073647
17,55,False,0.0,16,0.8052077889442444,0.27329960465431213,0.551947832107544,0.02385256253182888
17,56,False,0.0,16,0.8047587275505066,0.27426931262016296,0.5518295168876648,0.023824471980333328
17,57,False,0.0,16,0.8037881255149841,0.2747862935066223,0.5516952276229858,0.02378382906317711
17,58,False,0.0,16,0.8037040829658508,0.2749468982219696,0.5514937043190002,0.02376418374478817
17,59,False,0.0,16,0.8023380637168884,0.2752563953399658,0.5523079633712769,0.023727677762508392
17,60,False,0.0,16,0.8022269010543823,0.2748583257198334,0.5523397922515869,0.0237747710198164
17,61,False,0.0,16,0.8022849559783936,0.2746485471725464,0.5523664951324463,0.023814039304852486
17,62,False,0.0,16,0.8018329739570618,0.2750491201877594,0.5524097084999084,0.02386433817446232
17,63,False,0.0,16,0.8017132878303528,0.27510061860084534,0.5525842905044556,0.023914014920592308
17,64,False,0.0,16,0.802120566368103,0.2742989957332611,0.5525848269462585,0.023909522220492363
17,65,False,0.0,16,0.8025363087654114,0.273945689201355,0.5525656938552856,0.023900067433714867
17,66,False,0.0,16,0.8026587963104248,0.273862361907959,0.5526012778282166,0.023930978029966354
17,67,False,0.0,16,0.8030630350112915,0.2723159193992615,0.5526733994483948,0.023673534393310547
17,68,False,0.0,16,0.8035718202590942,0.27144855260849,0.5528426170349121,0.02369026280939579
17,69,False,0.0,16,0.8041715025901794,0.27153557538986206,0.5531250238418579,0.023802563548088074
17,70,False,0.0,16,0.8048176765441895,0.27153798937797546,0.5525681972503662,0.023691782727837563
17,71,False,0.0,16,0.805286169052124,0.2715613842010498,0.552276074886322,0.02362196519970894
17,72,False,0.0,16,0.8065982460975647,0.2713247239589691,0.5520756244659424,0.023502163589000702
17,73,False,0.0,16,0.8074041604995728,0.27048879861831665,0.552165150642395,0.02347482740879059
17,74,False,0.0,16,0.80841463804245,0.2699168622493744,0.5520872473716736,0.023369258269667625
17,75,False,0.0,16,0.8094949126243591,0.2697097361087799,0.551814079284668,0.023210978135466576
17,76,False,0.0,16,0.8107430338859558,0.26910293102264404,0.5514130592346191,0.023027386516332626
17,77,False,0.0,16,0.8117345571517944,0.268283486366272,0.5515197515487671,0.023072415962815285
17,78,False,0.0,16,0.811880350112915,0.26812297105789185,0.551537275314331,0.023065663874149323
17,79,False,0.0,16,0.8123219609260559,0.26764729619026184,0.5514369010925293,0.023015405982732773
17,80,False,0.0,16,0.8121849298477173,0.26764556765556335,0.5513765811920166,0.022966573014855385
17,81,False,0.0,16,0.812319815158844,0.2677333652973175,0.5513948798179626,0.02296384982764721
17,82,False,0.0,16,0.8123035430908203,0.2676229178905487,0.5515300631523132,0.022998003289103508
17,83,False,0.0,16,0.8130561113357544,0.266897052526474,0.5514577031135559,0.02296159416437149
17,84,False,0.0,16,0.812626838684082,0.2670854926109314,0.5516553521156311,0.022986015304923058
17,85,False,0.0,16,0.8123613595962524,0.26708483695983887,0.5517455339431763,0.02301732264459133
17,86,False,0.0,16,0.8122377395629883,0.2670552134513855,0.5517596006393433,0.02307354100048542
17,87,False,0.0,16,0.8119901418685913,0.26710519194602966,0.5515992641448975,0.022952495142817497
17,88,False,0.0,16,0.8120782375335693,0.2664766013622284,0.5514709949493408,0.022966459393501282
17,89,False,0.0,16,0.811931312084198,0.26614636182785034,0.5515266060829163,0.023032134398818016
17,90,False,0.0,16,0.8121390342712402,0.26650238037109375,0.5517852902412415,0.023175092414021492
17,91,False,0.0,16,0.8116053342819214,0.2671559751033783,0.5519816279411316,0.02322573959827423
17,92,False,0.0,16,0.8109660148620605,0.26725995540618896,0.5520479679107666,0.023254793137311935
17,93,False,0.0,16,0.8107008337974548,0.2672991156578064,0.5515698194503784,0.02303333953022957
17,94,False,0.0,16,0.8098134994506836,0.26760333776474,0.5517629384994507,0.023225296288728714
17,95,False,0.0,16,0.8093980550765991,0.2679881751537323,0.5516488552093506,0.023234838619828224
17,96,False,0.0,16,0.8096056580543518,0.2675360143184662,0.5516470670700073,0.023204144090414047
17,97,False,0.0,16,0.8094972372055054,0.26760098338127136,0.5511960983276367,0.022999629378318787
17,98,False,0.0,16,0.8087306022644043,0.26778894662857056,0.5515578985214233,0.023167872801423073
17,99,False,0.0,16,0.8086017370223999,0.26827171444892883,0.5513434410095215,0.023171279579401016
17,100,False,0.0,16,0.8085416555404663,0.26870593428611755,0.5511326789855957,0.023041702806949615
17,101,False,0.0,16,0.8080701231956482,0.2687365710735321,0.5509530305862427,0.023047229275107384
17,102,False,0.0,16,0.8070105910301208,0.2693212926387787,0.5515530109405518,0.023289183154702187
17,103,False,0.0,16,0.8062559962272644,0.270168274641037,0.5515743494033813,0.023247767239809036
17,104,False,0.0,16,0.805833101272583,0.27031469345092773,0.5516660213470459,0.023314159363508224
17,105,False,0.0,16,0.8053725957870483,0.2709026038646698,0.5515997409820557,0.02324131689965725
17,106,False,0.0,16,0.803695797920227,0.2718459367752075,0.5515193343162537,0.023181777447462082
17,107,False,0.0,16,0.8025728464126587,0.27271920442581177,0.551883339881897,0.023427680134773254
17,108,False,0.0,16,0.8030576109886169,0.27284687757492065,0.5518497228622437,0.023373492062091827
17,109,False,0.0,16,0.8040344715118408,0.2735101580619812,0.5519053936004639,0.02332763932645321
17,110,False,0.0,16,0.8033024072647095,0.27381592988967896,0.5519130229949951,0.02332613803446293
17,111,False,0.0,16,0.803134560585022,0.2741747498512268,0.5520397424697876,0.02342219464480877
17,112,False,0.0,16,0.8027438521385193,0.27417051792144775,0.5520243644714355,0.023390602320432663
17,113,False,0.0,16,0.8027064800262451,0.2738609313964844,0.552103579044342,0.02338380366563797
17,114,False,0.0,16,0.8028391003608704,0.2733936309814453,0.5519282817840576,0.023285772651433945
17,115,False,0.0,16,0.8032782077789307,0.27311423420906067,0.5522364377975464,0.023493684828281403
17,116,False,0.0,16,0.8041092157363892,0.2724565267562866,0.5523715615272522,0.023537755012512207
17,117,False,0.0,16,0.8049389719963074,0.2714776396751404,0.5524187684059143,0.023549504578113556
17,118,False,0.0,16,0.8055445551872253,0.27090132236480713,0.5522872805595398,0.02349470742046833
17,119,False,0.0,16,0.8056960105895996,0.27086925506591797,0.5522003769874573,0.02345467358827591
17,120,False,0.0,16,0.8057886362075806,0.27075740694999695,0.5522174835205078,0.023495931178331375
17,121,False,0.0,16,0.8055307865142822,0.27053141593933105,0.5521950721740723,0.023487769067287445
17,122,False,0.0,16,0.8055093288421631,0.2703530192375183,0.5520666837692261,0.023450935259461403
17,123,False,0.0,16,0.8063040971755981,0.2708924114704132,0.5525423884391785,0.023625943809747696
17,124,False,0.0,16,0.8069997429847717,0.27176058292388916,0.5527569055557251,0.023740282282233238
17,125,False,0.0,16,0.8067409992218018,0.27186307311058044,0.553065299987793,0.02385595254600048
17,126,False,0.0,16,0.8070478439331055,0.2715837061405182,0.5534875392913818,0.024037467315793037
17,127,False,0.0,16,0.8071017861366272,0.27080225944519043,0.5533409118652344,0.023941023275256157
17,128,False,0.0,16,0.8074395656585693,0.2700539529323578,0.553359866142273,0.023926129564642906
17,129,False,0.0,16,0.8078125715255737,0.26920557022094727,0.5534076690673828,0.023954132571816444
17,130,False,0.0,16,0.8077144026756287,0.2685694396495819,0.5534275770187378,0.02397003397345543
17,131,False,0.0,16,0.8071295022964478,0.2676836848258972,0.5541921854019165,0.024096021428704262
17,132,False,0.0,16,0.8067243695259094,0.2674262225627899,0.5539088249206543,0.02401137724518776
18,0,False,0.0,0,0.7128860950469971,0.1739678978919983,0.5274425745010376,0.014361857436597347
18,1,False,0.0,1,0.8242351412773132,0.2548762857913971,0.554068386554718,0.024314070120453835
18,2,False,0.0,2,0.8249231576919556,0.2544287443161011,0.5540821552276611,0.024333417415618896
18,3,False,0.0,3,0.8263757228851318,0.2532386779785156,0.5540302991867065,0.024354420602321625
18,4,False,0.0,4,0.8268641233444214,0.25270554423332214,0.5539424419403076,0.024396268650889397
18,5,False,0.0,5,0.8269664645195007,0.25243452191352844,0.5539654493331909,0.024448389187455177
18,6,False,0.0,6,0.8265649080276489,0.25236985087394714,0.5548738241195679,0.02466690167784691
18,7,False,0.0,7,0.8268316984176636,0.25228753685951233,0.5549322366714478,0.02472754381597042
18,8,False,0.0,8,0.8274037837982178,0.2522916793823242,0.5551124811172485,0.024848023429512978
18,9,False,0.0,9,0.8274328708648682,0.25220987200737,0.5550850629806519,0.02488301694393158
18,10,False,0.0,10,0.8280080556869507,0.2519981861114502,0.5549160838127136,0.024901993572711945
18,11,False,0.0,11,0.8283213376998901,0.2520526647567749,0.5544865131378174,0.024810532107949257
18,12,False,0.0,12,0.8291455507278442,0.2518974542617798,0.5542571544647217,0.02477203868329525
18,13,False,0.0,13,0.8293749094009399,0.25193530321121216,0.5538676977157593,0.02462945505976677
18,14,False,0.0,14,0.8286954760551453,0.25252199172973633,0.5545392036437988,0.0247079748660326
18,15,False,0.0,15,0.828342080116272,0.2519974112510681,0.5540738105773926,0.02447904832661152
18,16,False,0.0,16,0.8284561634063721,0.25228002667427063,0.5537549257278442,0.024395080283284187
18,17,False,0.0,16,0.828675389289856,0.2520048916339874,0.5532078146934509,0.02412234991788864
18,18,False,0.0,16,0.8287146687507629,0.25223350524902344,0.5531653165817261,0.02420349419116974
18,19,False,0.0,16,0.8267825245857239,0.25326189398765564,0.5531796216964722,0.024191714823246002
18,20,False,0.0,16,0.8270244002342224,0.253743976354599,0.5531654357910156,0.024114465340971947
18,21,False,0.0,16,0.8265351057052612,0.254361629486084,0.553624153137207,0.024112273007631302
18,22,False,0.0,16,0.8255342245101929,0.2550143897533417,0.5542340278625488,0.024184662848711014
18,23,False,0.0,16,0.8252524137496948,0.2548735737800598,0.554194450378418,0.024096976965665817
18,24,False,0.0,16,0.8249160051345825,0.2553231418132782,0.5543575286865234,0.02419082075357437
18,25,False,0.0,16,0.8238877058029175,0.25575852394104004,0.5544403195381165,0.024253612384200096
18,26,False,0.0,16,0.8238396048545837,0.25593337416648865,0.5546976923942566,0.024369532242417336
18,27,False,0.0,16,0.8236382603645325,0.25595125555992126,0.5549260973930359,0.024421539157629013
18,28,False,0.0,16,0.8236634731292725,0.2563559412956238,0.5550676584243774,0.024435628205537796
18,29,False,0.0,16,0.8220957517623901,0.2569270133972168,0.5551286339759827,0.024434246122837067
18,30,False,0.0,16,0.8201955556869507,0.2577635645866394,0.5558838844299316,0.024650657549500465
18,31,False,0.0,16,0.819223940372467,0.25822746753692627,0.5563578009605408,0.024887265637516975
18,32,False,0.0,16,0.8180934190750122,0.2588239014148712,0.5563414096832275,0.024883128702640533
18,33,False,0.0,16,0.8164811134338379,0.26021793484687805,0.556372880935669,0.024993669241666794
18,34,False,0.0,16,0.8137949705123901,0.26263973116874695,0.5558611154556274,0.024850405752658844
18,35,False,0.0,16,0.8127177953720093,0.2645782232284546,0.5557853579521179,0.02480500563979149
18,36,False,0.0,16,0.8114027976989746,0.2665049135684967,0.5554687976837158,0.024650176987051964
18,37,False,0.0,16,0.8092319369316101,0.2689574360847473,0.5551731586456299,0.02450787089765072
18,38,False,0.0,16,0.8068199157714844,0.2723432183265686,0.5545560121536255,0.024324968457221985
18,39,False,0.0,16,0.8052082061767578,0.2740435004234314,0.5540170669555664,0.023938434198498726
18,40,False,0.0,16,0.8036734461784363,0.2749478220939636,0.5541003346443176,0.023985769599676132
18,41,False,0.0,16,0.802448034286499,0.2760031223297119,0.5539066791534424,0.023824339732527733
18,42,False,0.0,16,0.8010234832763672,0.2764902114868164,0.5540121793746948,0.023838941007852554
18,43,False,0.0,16,0.7994226217269897,0.2762395739555359,0.5543181896209717,0.0239233560860157
18,44,False,0.0,16,0.7991335988044739,0.2760397791862488,0.5543715357780457,0.023875795304775238
18,45,False,0.0,16,0.7992469072341919,0.2756347954273224,0.5543564558029175,0.023807467892766
18,46,False,0.0,16,0.7979518175125122,0.2768222987651825,0.5545324087142944,0.023841364309191704
18,47,False,0.0,16,0.7986007928848267,0.2761297821998596,0.5546000003814697,0.023811867460608482
18,48,False,0.0,16,0.7996484041213989,0.27509430050849915,0.554718554019928,0.02381959743797779
18,49,False,0.0,16,0.8003815412521362,0.2746633291244507,0.5548356771469116,0.02384270541369915
18,50,False,0.0,16,0.801228404045105,0.2741718888282776,0.5547316074371338,0.023769961670041084
18,51,False,0.0,16,0.801602840423584,0.2741991877555847,0.5544424057006836,0.023653419688344002
18,52,False,0.0,16,0.8024377226829529,0.2743929326534271,0.5543264150619507,0.023650474846363068
18,53,False,0.0,16,0.8035796284675598,0.2742602825164795,0.5543215274810791,0.02366950362920761
18,54,False,0.0,16,0.8034127354621887,0.2741259038448334,0.5540748834609985,0.02363080531358719
18,55,False,0.0,16,0.8037087917327881,0.2734305262565613,0.554154634475708,0.023650776594877243
18,56,False,0.0,16,0.8038612604141235,0.2735322117805481,0.5539827346801758,0.023533020168542862
18,57,False,0.0,16,0.8041484951972961,0.2736611068248749,0.5540357232093811,0.02353714406490326
18,58,False,0.0,16,0.8047611713409424,0.2732512354850769,0.5541917085647583,0.023619182407855988
18,59,False,0.0,16,0.8062939643859863,0.2720949053764343,0.5540098547935486,0.023613687604665756
18,60,False,0.0,16,0.8069730997085571,0.27181708812713623,0.5540001392364502,0.023662520572543144
18,61,False,0.0,16,0.8068646192550659,0.27207401394844055,0.5544437170028687,0.02388143725693226
18,62,False,0.0,16,0.8068816661834717,0.27195143699645996,0.553994357585907,0.023571094498038292
18,63,False,0.0,16,0.8070743083953857,0.27200621366500854,0.5541079044342041,0.023635167628526688
18,64,False,0.0,16,0.8071740865707397,0.2722214162349701,0.5547318458557129,0.023842373862862587
18,65,False,0.0,16,0.807519257068634,0.27259355783462524,0.5548882484436035,0.02396467700600624
18,66,False,0.0,16,0.8080204129219055,0.27210623025894165,0.5553183555603027,0.02413150854408741
18,67,False,0.0,16,0.8081414699554443,0.27165675163269043,0.5554145574569702,0.024086544290184975
18,68,False,0.0,16,0.8080039024353027,0.27153804898262024,0.5556055307388306,0.024108752608299255
18,69,False,0.0,16,0.8081648349761963,0.2713658809661865,0.5558041334152222,0.02417611889541149
18,70,False,0.0,16,0.8087397813796997,0.2713927626609802,0.5553462505340576,0.023905081674456596
18,71,False,0.0,16,0.8090305328369141,0.27129533886909485,0.5553252696990967,0.023818951100111008
18,72,False,0.0,16,0.8094959259033203,0.2709548771381378,0.5551208257675171,0.023761197924613953
18,73,False,0.0,16,0.8097528219223022,0.27086830139160156,0.5550203323364258,0.02374040149152279
18,74,False,0.0,16,0.8102545738220215,0.2707141637802124,0.5548572540283203,0.02363971248269081
18,75,False,0.0,16,0.81075119972229,0.2706611156463623,0.5545897483825684,0.023510953411459923
18,76,False,0.0,16,0.8111156225204468,0.27040809392929077,0.5545204877853394,0.023447947576642036
18,77,False,0.0,16,0.8114743232727051,0.27016541361808777,0.5546410083770752,0.0235153641551733
18,78,False,0.0,16,0.8117725849151611,0.2695579528808594,0.554023802280426,0.023159652948379517
18,79,False,0.0,16,0.8125072717666626,0.2687176764011383,0.5537720322608948,0.023086339235305786
18,80,False,0.0,16,0.8130548000335693,0.26789936423301697,0.5536715984344482,0.023061536252498627
18,81,False,0.0,16,0.8136987686157227,0.267250120639801,0.5535475015640259,0.023015569895505905
18,82,False,0.0,16,0.8140237331390381,0.26694175601005554,0.5535755157470703,0.023020539432764053
18,83,False,0.0,16,0.8140512108802795,0.2669542133808136,0.5535043478012085,0.022992508485913277
18,84,False,0.0,16,0.8146677613258362,0.266758531332016,0.5536306500434875,0.023037586361169815
18,85,False,0.0,16,0.8148374557495117,0.266393780708313,0.5535444021224976,0.022990182042121887
18,86,False,0.0,16,0.8155831694602966,0.266081303358078,0.5536848306655884,0.023019077256321907
18,87,False,0.0,16,0.815661609172821,0.2652633488178253,0.5534547567367554,0.022914718836545944
18,88,False,0.0,16,0.8162093758583069,0.2644535005092621,0.5532604455947876,0.022860635071992874
18,89,False,0.0,16,0.8164495825767517,0.2641351521015167,0.5534137487411499,0.022914594039320946
18,90,False,0.0,16,0.817017674446106,0.2635313868522644,0.5534152388572693,0.022979294881224632
18,91,False,0.0,16,0.8168708086013794,0.26296743750572205,0.5537644028663635,0.023094749078154564
18,92,False,0.0,16,0.8173380494117737,0.261860191822052,0.5540160536766052,0.023254893720149994
18,93,False,0.0,16,0.8175369501113892,0.26156413555145264,0.5543127059936523,0.023382287472486496
18,94,False,0.0,16,0.8177019357681274,0.26134997606277466,0.5545666813850403,0.023502986878156662
18,95,False,0.0,16,0.8175395727157593,0.2612818777561188,0.5543081760406494,0.02343147248029709
18,96,False,0.0,16,0.8167370557785034,0.2614585757255554,0.5544506311416626,0.023535598069429398
18,97,False,0.0,16,0.8160256147384644,0.2622808814048767,0.5545499324798584,0.023540295660495758
18,98,False,0.0,16,0.815165102481842,0.26315099000930786,0.5544240474700928,0.023514052852988243
18,99,False,0.0,16,0.8144412040710449,0.26386454701423645,0.5541836023330688,0.023403599858283997
18,100,False,0.0,16,0.8138834238052368,0.2647484242916107,0.5539534091949463,0.023348992690443993
18,101,False,0.0,16,0.8136523365974426,0.2663937211036682,0.5537911653518677,0.023332655429840088
18,102,False,0.0,16,0.812598705291748,0.2679844796657562,0.5531340837478638,0.023167431354522705
18,103,False,0.0,16,0.811286211013794,0.26885831356048584,0.5535186529159546,0.023351550102233887
18,104,False,0.0,16,0.8105953931808472,0.26956140995025635,0.5530517101287842,0.023120708763599396
18,105,False,0.0,16,0.809751570224762,0.2701299488544464,0.5529782772064209,0.0230267196893692
18,106,False,0.0,16,0.8088762760162354,0.27113762497901917,0.5527148246765137,0.022911181673407555
18,107,False,0.0,16,0.8082144260406494,0.27268069982528687,0.5527130365371704,0.02284705638885498
18,108,False,0.0,16,0.807698130607605,0.27392441034317017,0.5526734590530396,0.022847799584269524
18,109,False,0.0,16,0.8061085939407349,0.2749328315258026,0.5527427196502686,0.02283180132508278
18,110,False,0.0,16,0.8048174977302551,0.27543529868125916,0.5524532794952393,0.022739961743354797
18,111,False,0.0,16,0.8044936656951904,0.2755776047706604,0.5525880455970764,0.022797955200076103
18,112,False,0.0,16,0.8041708469390869,0.27581852674484253,0.5528239011764526,0.022891294211149216
18,113,False,0.0,16,0.8042914271354675,0.2759270966053009,0.5530705451965332,0.02297363616526127
18,114,False,0.0,16,0.8042681217193604,0.27679798007011414,0.5532770752906799,0.023079514503479004
18,115,False,0.0,16,0.8032134771347046,0.27739638090133667,0.5532196164131165,0.02306305430829525
18,116,False,0.0,16,0.8016279339790344,0.2784290611743927,0.552842378616333,0.022945120930671692
18,117,False,0.0,16,0.8011514544487,0.2795778214931488,0.5524803400039673,0.022843757644295692
18,118,False,0.0,16,0.8012509346008301,0.2796183228492737,0.5524447560310364,0.022915851324796677
18,119,False,0.0,16,0.8010684847831726,0.2788810729980469,0.5525904297828674,0.02297481708228588
18,120,False,0.0,16,0.8014208078384399,0.2771850824356079,0.5527783632278442,0.023020265623927116
18,121,False,0.0,16,0.8022231459617615,0.27566882967948914,0.5527517795562744,0.023003390058875084
18,122,False,0.0,16,0.8033654689788818,0.2738814949989319,0.5527305603027344,0.023005418479442596
18,123,False,0.0,16,0.8049759864807129,0.2723257541656494,0.5528297424316406,0.023076999932527542
18,124,False,0.0,16,0.8069696426391602,0.2707062065601349,0.5528504848480225,0.023115789517760277
18,125,False,0.0,16,0.8079965114593506,0.2697018086910248,0.5529711246490479,0.023220902308821678
18,126,False,0.0,16,0.8085445761680603,0.2693684995174408,0.5532371997833252,0.023397695273160934
18,127,False,0.0,16,0.8080507516860962,0.26916223764419556,0.5534583330154419,0.023481028154492378
18,128,False,0.0,16,0.8082384467124939,0.2689318358898163,0.5536667108535767,0.023546725511550903
18,129,False,0.0,16,0.8082767724990845,0.2686806321144104,0.5536560416221619,0.023530932143330574
18,130,False,0.0,16,0.8078945875167847,0.2684241533279419,0.5537232160568237,0.023547539487481117
18,131,False,0.0,16,0.8073209524154663,0.268102765083313,0.5537173748016357,0.023504288867115974
18,132,False,0.0,16,0.8078482747077942,0.2676153779029846,0.5537203550338745,0.023476731032133102
18,133,False,0.0,16,0.8092197179794312,0.2668704092502594,0.5534695386886597,0.023362204432487488
18,134,False,0.0,16,0.8099161982536316,0.26667481660842896,0.5538861751556396,0.023470045998692513
18,135,False,0.0,16,0.8102404475212097,0.2665445804595947,0.5537625551223755,0.02338331565260887
18,136,False,0.0,16,0.8106106519699097,0.2658848762512207,0.5537263751029968,0.02332308143377304
18,137,False,0.0,16,0.8107434511184692,0.2655111253261566,0.5537020564079285,0.023291416466236115
19,0,False,0.0,0,0.7355115413665771,0.1844138503074646,0.5271592140197754,0.013882683590054512
19,1,False,0.0,1,0.8280717730522156,0.2553556561470032,0.5545542240142822,0.02399001084268093
19,2,False,0.0,2,0.8289071321487427,0.2542606294155121,0.5548329949378967,0.02413012646138668
19,3,False,0.0,3,0.8294351100921631,0.2542479634284973,0.5552287101745605,0.024289457127451897
19,4,False,0.0,4,0.8298793435096741,0.25422173738479614,0.5556511878967285,0.02440778724849224
19,5,False,0.0,5,0.8304256200790405,0.25384366512298584,0.5557715892791748,0.02448270656168461
19,6,False,0.0,6,0.830683708190918,0.25343912839889526,0.5558021068572998,0.024512557312846184
19,7,False,0.0,7,0.8310953974723816,0.25304996967315674,0.5556409955024719,0.024455780163407326
19,8,False,0.0,8,0.8313595652580261,0.252657949924469,0.5555804967880249,0.0245209988206625
19,9,False,0.0,9,0.8326340913772583,0.2520304322242737,0.555320143699646,0.02448173798620701
19,10,False,0.0,10,0.833376944065094,0.2515910565853119,0.5551083087921143,0.02451189048588276
19,11,False,0.0,11,0.8336752653121948,0.25138697028160095,0.5547319650650024,0.02440546452999115
19,12,False,0.0,12,0.8332083225250244,0.25121042132377625,0.5545411109924316,0.024409310892224312
19,13,False,0.0,13,0.8323609828948975,0.25094231963157654,0.5541852712631226,0.02435050718486309
19,14,False,0.0,14,0.8317397236824036,0.2509782314300537,0.5541700124740601,0.024352503940463066
19,15,False,0.0,15,0.8304468989372253,0.25158190727233887,0.5541151762008667,0.02432606741786003
19,16,False,0.0,16,0.8293451070785522,0.25243639945983887,0.5537352561950684,0.024067677557468414
19,17,False,0.0,16,0.8278499841690063,0.25348180532455444,0.5537108778953552,0.024049388244748116
19,18,False,0.0,16,0.8266984224319458,0.2547813653945923,0.5536910891532898,0.02400640770792961
19,19,False,0.0,16,0.8257086873054504,0.2555790841579437,0.5537314414978027,0.023963769897818565
19,20,False,0.0,16,0.8245546817779541,0.2565915286540985,0.553973913192749,0.024209683761000633
19,21,False,0.0,16,0.8234952092170715,0.25803154706954956,0.5542762875556946,0.024321703240275383
19,22,False,0.0,16,0.8228963613510132,0.2594124972820282,0.5546318888664246,0.024482399225234985
19,23,False,0.0,16,0.8220703601837158,0.2604900300502777,0.5548226833343506,0.02461581490933895
19,24,False,0.0,16,0.8203569054603577,0.26176372170448303,0.5550134181976318,0.02472880855202675
19,25,False,0.0,16,0.8192522525787354,0.2625483572483063,0.5552760362625122,0.024891182780265808
19,26,False,0.0,16,0.8172426223754883,0.26361727714538574,0.5556842088699341,0.02507796511054039
19,27,False,0.0,16,0.8146202564239502,0.26541146636009216,0.5557331442832947,0.025170251727104187
19,28,False,0.0,16,0.8120951652526855,0.2679285407066345,0.5564460158348083,0.025642091408371925
19,29,False,0.0,16,0.8099801540374756,0.26964932680130005,0.5566045641899109,0.02555440180003643
19,30,False,0.0,16,0.8075025081634521,0.271685928106308,0.5564156770706177,0.02538924291729927
19,31,False,0.0,16,0.8059822916984558,0.2723635137081146,0.5568535327911377,0.025519294664263725
19,32,False,0.0,16,0.8041011691093445,0.2735394239425659,0.5572301149368286,0.025701213628053665
19,33,False,0.0,16,0.8023823499679565,0.2741085886955261,0.5567226409912109,0.025395534932613373
19,34,False,0.0,16,0.8014929294586182,0.2748863697052002,0.557064414024353,0.025447623804211617
19,35,False,0.0,16,0.8012295961380005,0.2751149535179138,0.5562996864318848,0.02498428151011467
19,36,False,0.0,16,0.8023072481155396,0.2750508189201355,0.5558946132659912,0.024959154427051544
19,37,False,0.0,16,0.8034924268722534,0.2745746076107025,0.5553926229476929,0.024691691622138023
19,38,False,0.0,16,0.8051087856292725,0.2735280692577362,0.5550829768180847,0.02448243647813797
19,39,False,0.0,16,0.8055585622787476,0.2723931074142456,0.5548138618469238,0.024369558319449425
19,40,False,0.0,16,0.8057558536529541,0.27134469151496887,0.5547877550125122,0.024385899305343628
19,41,False,0.0,16,0.8058537840843201,0.27179068326950073,0.554724931716919,0.024371035397052765
19,42,False,0.0,16,0.805851936340332,0.27181729674339294,0.5547688007354736,0.024370677769184113
19,43,False,0.0,16,0.8055697679519653,0.2719731032848358,0.5546755790710449,0.02434050664305687
19,44,False,0.0,16,0.8055654764175415,0.2721303105354309,0.5549582242965698,0.024620812386274338
19,45,False,0.0,16,0.8050972819328308,0.27315059304237366,0.5551260709762573,0.024640586227178574
19,46,False,0.0,16,0.8054683804512024,0.2731110453605652,0.5551450848579407,0.024604422971606255
19,47,False,0.0,16,0.8061216473579407,0.2723650336265564,0.5552529096603394,0.024612607434391975
19,48,False,0.0,16,0.8056101202964783,0.2727782130241394,0.5552414655685425,0.024603644385933876
19,49,False,0.0,16,0.8053315877914429,0.27222940325737,0.555688738822937,0.02477659285068512
19,50,False,0.0,16,0.8060733079910278,0.2701156437397003,0.5559837818145752,0.024853728711605072
19,51,False,0.0,16,0.8062911629676819,0.26880791783332825,0.5565929412841797,0.025238042697310448
19,52,False,0.0,16,0.807260274887085,0.2673744559288025,0.5573785901069641,0.026086457073688507
19,53,False,0.0,16,0.8074865341186523,0.2674209177494049,0.5573694705963135,0.026254432275891304
19,54,False,0.0,16,0.8071269392967224,0.26744985580444336,0.5571768283843994,0.026306308805942535
19,55,False,0.0,16,0.8074808120727539,0.26728665828704834,0.5570632219314575,0.026222866028547287
19,56,False,0.0,16,0.8073558807373047,0.26729702949523926,0.5573311448097229,0.026378681883215904
19,57,False,0.0,16,0.8075729608535767,0.2671207785606384,0.5576868057250977,0.02663305215537548
19,58,False,0.0,16,0.8083268404006958,0.2665995955467224,0.5579391121864319,0.026801805943250656
19,59,False,0.0,16,0.8090592622756958,0.2666812241077423,0.5583993196487427,0.027042469009757042
19,60,False,0.0,16,0.8097565770149231,0.26698973774909973,0.5585730075836182,0.0274744164198637
19,61,False,0.0,16,0.8101141452789307,0.2666831910610199,0.5587531328201294,0.027473781257867813
19,62,False,0.0,16,0.8102103471755981,0.26661527156829834,0.5582258701324463,0.027147000655531883
19,63,False,0.0,16,0.809882402420044,0.26726827025413513,0.5572977066040039,0.026619115844368935
19,64,False,0.0,16,0.8106756210327148,0.26737669110298157,0.5568961501121521,0.026412948966026306
19,65,False,0.0,16,0.8108785152435303,0.2687591016292572,0.5561248064041138,0.02584807388484478
19,66,False,0.0,16,0.8105347752571106,0.2696305811405182,0.5560780763626099,0.02570003643631935
19,67,False,0.0,16,0.8109144568443298,0.2698410153388977,0.5556793808937073,0.02546871267259121
19,68,False,0.0,16,0.8101757764816284,0.2705240845680237,0.5558400750160217,0.025710811838507652
19,69,False,0.0,16,0.8087509870529175,0.27121126651763916,0.5557324886322021,0.025712676346302032
19,70,False,0.0,16,0.8077582716941833,0.2713422179222107,0.5560712218284607,0.02585965394973755
19,71,False,0.0,16,0.8079267144203186,0.27132487297058105,0.5559400320053101,0.025863707065582275
19,72,False,0.0,16,0.80787193775177,0.27105745673179626,0.5563496351242065,0.02605983428657055
19,73,False,0.0,16,0.8075165748596191,0.27148526906967163,0.5565404295921326,0.026115311309695244
19,74,False,0.0,16,0.8076257705688477,0.271595299243927,0.557183027267456,0.02636629156768322
19,75,False,0.0,16,0.8076063394546509,0.27171817421913147,0.5573302507400513,0.02636709064245224
19,76,False,0.0,16,0.8073587417602539,0.2719050347805023,0.5575021505355835,0.02660922147333622
19,77,False,0.0,16,0.8064354062080383,0.2726350426673889,0.5572410821914673,0.02646336890757084
19,78,False,0.0,16,0.8050035238265991,0.2742535173892975,0.557020902633667,0.026336614042520523
19,79,False,0.0,16,0.803239107131958,0.27523073554039,0.556322455406189,0.025975286960601807
19,80,False,0.0,16,0.8024036288261414,0.2759113013744354,0.5558379888534546,0.0257527194917202
19,81,False,0.0,16,0.8026804327964783,0.2761106789112091,0.5556015968322754,0.02564830146729946
19,82,False,0.0,16,0.8020929098129272,0.27692604064941406,0.5554958581924438,0.025583837181329727
19,83,False,0.0,16,0.8025815486907959,0.2768467664718628,0.5554400682449341,0.025546826422214508
19,84,False,0.0,16,0.8042069673538208,0.27599936723709106,0.5558967590332031,0.025704938918352127
19,85,False,0.0,16,0.8055307865142822,0.2751881778240204,0.5562276840209961,0.025786014273762703
19,86,False,0.0,16,0.8065140247344971,0.27424871921539307,0.5562398433685303,0.025823652744293213
19,87,False,0.0,16,0.807395875453949,0.2728176712989807,0.5559441447257996,0.025691764429211617
19,88,False,0.0,16,0.8089789152145386,0.2711833417415619,0.5557493567466736,0.025625282898545265
19,89,False,0.0,16,0.8099150061607361,0.2704862654209137,0.5556647777557373,0.025622310116887093
19,90,False,0.0,16,0.8110436797142029,0.26953887939453125,0.555740475654602,0.02573896013200283
19,91,False,0.0,16,0.8105524778366089,0.2693638205528259,0.5555316209793091,0.025692857801914215
19,92,False,0.0,16,0.8113842606544495,0.2687627375125885,0.5562984943389893,0.025886233896017075
19,93,False,0.0,16,0.8122107982635498,0.2681579291820526,0.5564264059066772,0.02594812400639057
19,94,False,0.0,16,0.8131787776947021,0.26775842905044556,0.5563855767250061,0.025918206200003624
19,95,False,0.0,16,0.8138813972473145,0.2673377990722656,0.5564603805541992,0.025954002514481544
19,96,False,0.0,16,0.8150440454483032,0.26638564467430115,0.5568941235542297,0.02618630789220333
19,97,False,0.0,16,0.8155238628387451,0.2657935619354248,0.5569585561752319,0.0262162946164608
19,98,False,0.0,16,0.8170377016067505,0.26517853140830994,0.5568418502807617,0.02612539567053318
19,99,False,0.0,16,0.8177816271781921,0.2650093734264374,0.5571874380111694,0.02626664750277996
19,100,False,0.0,16,0.8185133934020996,0.2647233307361603,0.5576257705688477,0.0260316152125597
19,101,False,0.0,16,0.8186135292053223,0.26526981592178345,0.5577219724655151,0.026091499254107475
19,102,False,0.0,16,0.8183417916297913,0.2660650610923767,0.5574793815612793,0.025983458384871483
19,103,False,0.0,16,0.8175188302993774,0.2673565745353699,0.55771803855896,0.026047009974718094
19,104,False,0.0,16,0.8163986802101135,0.26813018321990967,0.5578106641769409,0.026099083945155144
19,105,False,0.0,16,0.8160579800605774,0.2685145139694214,0.557820200920105,0.026087502017617226
19,106,False,0.0,16,0.8159096240997314,0.26862645149230957,0.5576905012130737,0.025994669646024704
19,107,False,0.0,16,0.815170407295227,0.2692098319530487,0.5579692125320435,0.02612030878663063
19,108,False,0.0,16,0.8148341178894043,0.2694007456302643,0.5581855177879333,0.025878330692648888
19,109,False,0.0,16,0.8146812915802002,0.26940426230430603,0.5580354928970337,0.02584179677069187
19,110,False,0.0,16,0.8147086501121521,0.2691955864429474,0.558253288269043,0.025865182280540466
19,111,False,0.0,16,0.8150913715362549,0.268515020608902,0.558353066444397,0.02590077742934227
19,112,False,0.0,16,0.8157660961151123,0.26794037222862244,0.5583248734474182,0.025910058990120888
19,113,False,0.0,16,0.816626787185669,0.26695168018341064,0.5579378008842468,0.025720713660120964
19,114,False,0.0,16,0.8173376321792603,0.26625075936317444,0.5577667951583862,0.025648798793554306
19,115,False,0.0,16,0.8179106116294861,0.2651687562465668,0.5574439167976379,0.025559257715940475
19,116,False,0.0,16,0.8188419938087463,0.2638045847415924,0.5569792985916138,0.02521219477057457
19,117,False,0.0,16,0.8194807171821594,0.262755423784256,0.5569559335708618,0.025185661390423775
19,118,False,0.0,16,0.8202828764915466,0.26252028346061707,0.5572603344917297,0.02535649575293064
19,119,False,0.0,16,0.8206577897071838,0.26179707050323486,0.5571527481079102,0.025302013382315636
19,120,False,0.0,16,0.820866584777832,0.2614206075668335,0.5569990873336792,0.025248855352401733
19,121,False,0.0,16,0.8213405609130859,0.26160258054733276,0.5574404001235962,0.02548033371567726
19,122,False,0.0,16,0.8209757804870605,0.26181530952453613,0.5574305057525635,0.025468694046139717
19,123,False,0.0,16,0.8205651044845581,0.26173096895217896,0.557607889175415,0.025600096210837364
19,124,False,0.0,16,0.8205243349075317,0.26154303550720215,0.5574729442596436,0.02543681673705578
19,125,False,0.0,16,0.8197534680366516,0.26154616475105286,0.5579656362533569,0.025641662999987602
19,126,False,0.0,16,0.818633496761322,0.2615000605583191,0.5580793023109436,0.02570616640150547
19,127,False,0.0,16,0.8175771832466125,0.26253724098205566,0.5578906536102295,0.0256181787699461
19,128,False,0.0,16,0.8165091276168823,0.2631629407405853,0.5577383041381836,0.025562657043337822
19,129,False,0.0,16,0.8137129545211792,0.2652052044868469,0.5576091408729553,0.025457926094532013
19,130,False,0.0,16,0.812584638595581,0.26601243019104004,0.5572332143783569,0.02532900869846344
19,131,False,0.0,16,0.8118700981140137,0.2676010727882385,0.5564974546432495,0.025002753362059593
19,132,False,0.0,16,0.8106571435928345,0.26808685064315796,0.5559380650520325,0.024796804413199425
19,133,False,0.0,16,0.8105539679527283,0.26749423146247864,0.5563669204711914,0.025095175951719284
19,134,False,0.0,16,0.8105388879776001,0.26820486783981323,0.5558979511260986,0.024895088747143745
19,135,False,0.0,16,0.8099701404571533,0.26905298233032227,0.5558732748031616,0.02491704933345318
19,136,False,0.0,16,0.8092420101165771,0.2695082724094391,0.5555789470672607,0.024833038449287415
19,137,False,0.0,16,0.8080829381942749,0.270268976688385,0.5557882785797119,0.024931931868195534
19,138,False,0.0,16,0.8073207139968872,0.27183467149734497,0.5556867122650146,0.02488567866384983
19,139,False,0.0,16,0.806587815284729,0.27259576320648193,0.5559232234954834,0.02500728890299797
19,140,False,0.0,16,0.80543053150177,0.274039626121521,0.5556221008300781,0.024806957691907883
19,141,False,0.0,16,0.8041146993637085,0.2753830552101135,0.5559138059616089,0.024912023916840553
19,142,False,0.0,16,0.8030120134353638,0.2754976451396942,0.5563931465148926,0.025185607373714447
19,143,False,0.0,16,0.803282618522644,0.27527540922164917,0.5568259954452515,0.025280285626649857
19,144,False,0.0,16,0.8030866384506226,0.276556134223938,0.5569096207618713,0.025314409285783768
19,145,False,0.0,16,0.8034632802009583,0.2770034074783325,0.557156503200531,0.025420671328902245
19,146,False,0.0,16,0.8030730485916138,0.2772480547428131,0.5572900772094727,0.025476563721895218
19,147,False,0.0,16,0.8028758764266968,0.2776815891265869,0.5576801300048828,0.025636820122599602
19,148,False,0.0,16,0.8034695386886597,0.27715954184532166,0.5572237372398376,0.025271868333220482
19,149,False,0.0,16,0.8041930794715881,0.27624839544296265,0.557288408279419,0.025303339585661888
19,150,False,0.0,16,0.8047745227813721,0.2753966450691223,0.5571010112762451,0.025201141834259033
19,151,False,0.0,16,0.8047230243682861,0.2745213210582733,0.5572143793106079,0.025302425026893616
19,152,False,0.0,16,0.805198073387146,0.27335578203201294,0.5569371581077576,0.025137724354863167
19,153,False,0.0,16,0.8060625791549683,0.27192744612693787,0.5567764043807983,0.025120723992586136
19,154,False,0.0,16,0.8074982166290283,0.2701440453529358,0.5569145679473877,0.025216082111001015
19,155,False,0.0,16,0.8087993860244751,0.26910051703453064,0.5569242238998413,0.025153502821922302
19,156,False,0.0,16,0.8097842931747437,0.2676868438720703,0.5565427541732788,0.02479521557688713
19,157,False,0.0,16,0.8101099133491516,0.26631298661231995,0.556503415107727,0.02471092902123928
19,158,False,0.0,16,0.8111630082130432,0.2654913067817688,0.5564648509025574,0.024655727669596672
19,159,False,0.0,16,0.8101135492324829,0.2652585804462433,0.5561488270759583,0.024518169462680817
19,160,False,0.0,16,0.8102942705154419,0.2652111053466797,0.5562493801116943,0.024560309946537018
19,161,False,0.0,16,0.8102750778198242,0.26511675119400024,0.5560103058815002,0.024442285299301147
19,162,False,0.0,16,0.8106378316879272,0.2653236985206604,0.55612713098526,0.024514183402061462
19,163,False,0.0,16,0.8103962540626526,0.2658834457397461,0.5562403202056885,0.024659492075443268
19,164,False,0.0,16,0.8115196824073792,0.26627522706985474,0.5560914278030396,0.024498479440808296
19,165,False,0.0,16,0.8129138350486755,0.26644381880760193,0.556206226348877,0.024547478184103966
19,166,False,0.0,16,0.8130452632904053,0.26690176129341125,0.5560959577560425,0.024456186220049858
19,167,False,0.0,16,0.8126422762870789,0.26738572120666504,0.556222677230835,0.024465247988700867
19,168,False,0.0,16,0.8116785883903503,0.26704099774360657,0.5565716028213501,0.02455342747271061
19,169,False,0.0,16,0.8120985627174377,0.2667723298072815,0.5568668842315674,0.02463308349251747
19,170,False,0.0,16,0.8120567202568054,0.26629164814949036,0.5570254325866699,0.024692334234714508
19,171,False,0.0,16,0.8123655915260315,0.26578274369239807,0.5572251081466675,0.024745076894760132
19,172,False,0.0,16,0.8125289678573608,0.26555296778678894,0.5573296546936035,0.024726305156946182
20,0,False,0.0,0,0.7552518844604492,0.18191777169704437,0.5284113883972168,0.014187115244567394
20,1,False,0.0,1,0.8330896496772766,0.254393994808197,0.5563399195671082,0.024268491193652153
20,2,False,0.0,2,0.8330665826797485,0.2543463706970215,0.5562954545021057,0.024253755807876587
20,3,False,0.0,3,0.8329222202301025,0.2544015347957611,0.5563148260116577,0.02425629459321499
20,4,False,0.0,4,0.8329615592956543,0.2544064521789551,0.5563102960586548,0.02425989881157875
20,5,False,0.0,5,0.832912802696228,0.2542421817779541,0.5563696026802063,0.02427266538143158
20,6,False,0.0,6,0.8330788612365723,0.2540847957134247,0.556394636631012,0.02430197224020958
20,7,False,0.0,7,0.8332786560058594,0.25384411215782166,0.556746244430542,0.024419452995061874
20,8,False,0.0,8,0.833577573299408,0.25344318151474,0.5569493174552917,0.024497108533978462
20,9,False,0.0,9,0.8347066640853882,0.2529733180999756,0.5573989152908325,0.024656301364302635
20,10,False,0.0,10,0.8346273899078369,0.25328198075294495,0.5576415657997131,0.02473064325749874
20,11,False,0.0,11,0.8333476185798645,0.2537892460823059,0.5575283765792847,0.024673646315932274
20,12,False,0.0,12,0.8327483534812927,0.25431787967681885,0.5575196743011475,0.024655988439917564
20,13,False,0.0,13,0.8314247131347656,0.2557814419269562,0.5577738285064697,0.02481340616941452
20,14,False,0.0,14,0.8298940658569336,0.2570306956768036,0.5580329895019531,0.024861875921487808
20,15,False,0.0,15,0.8287256956100464,0.25791436433792114,0.558366060256958,0.02496187761425972
20,16,False,0.0,16,0.8275485038757324,0.2588997781276703,0.5583435297012329,0.024957984685897827
20,17,False,0.0,16,0.8264763951301575,0.2600436508655548,0.5584007501602173,0.024972600862383842
20,18,False,0.0,16,0.8255748152732849,0.26068437099456787,0.5582230091094971,0.02493598312139511
20,19,False,0.0,16,0.8241470456123352,0.2618609666824341,0.5582089424133301,0.02497575804591179
20,20,False,0.0,16,0.8223409652709961,0.26343944668769836,0.5582456588745117,0.024950936436653137
20,21,False,0.0,16,0.8204924464225769,0.26465222239494324,0.5583727955818176,0.02502807043492794
20,22,False,0.0,16,0.8195208311080933,0.2656860649585724,0.5581804513931274,0.024915097281336784
20,23,False,0.0,16,0.8189487457275391,0.2664659321308136,0.5589259266853333,0.025135129690170288
20,24,False,0.0,16,0.8178769946098328,0.2675410807132721,0.5589989423751831,0.025120576843619347
20,25,False,0.0,16,0.8172687292098999,0.26826584339141846,0.5586800575256348,0.024926036596298218
20,26,False,0.0,16,0.8169759511947632,0.2677002251148224,0.5587769746780396,0.024899736046791077
20,27,False,0.0,16,0.8154428005218506,0.26922985911369324,0.5590953826904297,0.024948472157120705
20,28,False,0.0,16,0.8147785663604736,0.2689599096775055,0.5588114857673645,0.024820860475301743
20,29,False,0.0,16,0.8138704299926758,0.26977407932281494,0.5584588646888733,0.024717170745134354
20,30,False,0.0,16,0.8125567436218262,0.27097198367118835,0.5585707426071167,0.024768492206931114
20,31,False,0.0,16,0.8119988441467285,0.2716144025325775,0.5595406293869019,0.025170844048261642
20,32,False,0.0,16,0.8118311762809753,0.27183234691619873,0.5595889091491699,0.025169577449560165
20,33,False,0.0,16,0.8107602596282959,0.27236178517341614,0.559368908405304,0.025081653147935867
20,34,False,0.0,16,0.8099076747894287,0.27303963899612427,0.5592018365859985,0.025035329163074493
20,35,False,0.0,16,0.8094075918197632,0.27415022253990173,0.5588065981864929,0.024917516857385635
20,36,False,0.0,16,0.8087624311447144,0.27517464756965637,0.5588616132736206,0.02495921216905117
20,37,False,0.0,16,0.8082033395767212,0.2762671113014221,0.5590069890022278,0.02503996342420578
20,38,True,0.032258063554763794,16,0.8073359131813049,0.274922639131546,0.5591574907302856,0.025121137499809265
20,39,True,0.07258064299821854,16,0.814384937286377,0.2656492590904236,0.5582891702651978,0.024834875017404556
20,40,True,0.11290322244167328,16,0.8168941736221313,0.26321515440940857,0.5574726462364197,0.02448652684688568
20,41,True,0.15322580933570862,16,0.8149201273918152,0.264688640832901,0.5576153993606567,0.02453082799911499
20,42,True,0.19354838132858276,16,0.8134788274765015,0.26587215065956116,0.5573843717575073,0.024475818499922752
20,43,True,0.2338709682226181,16,0.8137022256851196,0.2657241225242615,0.5578511953353882,0.02464352361857891
20,44,True,0.27419355511665344,16,0.8140654563903809,0.2655991315841675,0.5576304197311401,0.024546973407268524
20,45,True,0.3145161271095276,16,0.8145104646682739,0.26561665534973145,0.5570731163024902,0.02431005984544754
20,46,True,0.35483869910240173,16,0.8145192861557007,0.26585933566093445,0.5571727752685547,0.02435656264424324
20,47,True,0.39516130089759827,16,0.8147240877151489,0.26578348875045776,0.5570052266120911,0.024377530440688133
20,48,True,0.4354838728904724,16,0.8149045705795288,0.2653614282608032,0.5571295619010925,0.024458616971969604
20,49,True,0.47580644488334656,16,0.8151494264602661,0.26505863666534424,0.557273268699646,0.024567976593971252
20,50,True,0.5161290168762207,16,0.8154103755950928,0.2646141052246094,0.5575649738311768,0.024737533181905746
20,51,True,0.5564516186714172,16,0.8164257407188416,0.2639431059360504,0.5575364232063293,0.024733470752835274
20,52,True,0.5967742204666138,16,0.8169838786125183,0.2636556923389435,0.5575906038284302,0.024746758863329887
20,53,True,0.6370967626571655,16,0.8172945380210876,0.26256269216537476,0.5572037696838379,0.02453009784221649
20,54,True,0.6774193644523621,16,0.81712806224823,0.26244401931762695,0.5570260286331177,0.024482758715748787
20,55,True,0.7177419066429138,16,0.8168858289718628,0.26226484775543213,0.5566779375076294,0.024486837908625603
20,56,True,0.7580645084381104,16,0.8173845410346985,0.2620619237422943,0.5562248229980469,0.024224435910582542
20,57,True,0.7983871102333069,16,0.8167872428894043,0.26170340180397034,0.5564084053039551,0.024309206753969193
20,58,True,0.8387096524238586,16,0.8172293901443481,0.2617202699184418,0.5562353134155273,0.024260086938738823
20,59,True,0.8790322542190552,16,0.8176603317260742,0.2605988085269928,0.5561458468437195,0.02419629879295826
20,60,True,0.9193548560142517,16,0.8199540972709656,0.25880107283592224,0.5545744895935059,0.023439722135663033
20,61,True,0.9596773982048035,16,0.8207587003707886,0.2576681077480316,0.5535378456115723,0.022969383746385574
20,62,True,1.0,16,0.8199605941772461,0.25576385855674744,0.5421906113624573,0.019412269815802574
20,63,True,1.0,16,0.8206596970558167,0.2549378275871277,0.5428242683410645,0.019593998789787292
20,64,True,1.0,16,0.8206596374511719,0.2549472153186798,0.5428266525268555,0.019594019278883934
20,65,True,1.0,16,0.8206655979156494,0.25495171546936035,0.542826771736145,0.019594158977270126
20,66,True,1.0,16,0.8206380605697632,0.2549477815628052,0.5428266525268555,0.019595302641391754
20,67,True,1.0,16,0.8206392526626587,0.2549436092376709,0.5428265333175659,0.019593609496951103
20,68,True,1.0,16,0.8206374645233154,0.25494682788848877,0.5428276658058167,0.019592953845858574
20,69,True,1.0,16,0.8206438422203064,0.254954993724823,0.5428282022476196,0.01959330029785633
20,70,True,1.0,16,0.8206562995910645,0.2549423277378082,0.5428286790847778,0.019592853263020515
20,71,True,1.0,16,0.82068932056427,0.2551714777946472,0.5434017181396484,0.019610362127423286
20,72,True,1.0,16,0.8206838369369507,0.25521284341812134,0.5434005260467529,0.019609976559877396
20,73,True,1.0,16,0.8206851482391357,0.2552123963832855,0.5434019565582275,0.019610023126006126
20,74,True,1.0,16,0.8206847310066223,0.25520381331443787,0.5434021949768066,0.01961117424070835
20,75,True,1.0,16,0.8206788897514343,0.2552070617675781,0.543402910232544,0.01961037516593933
20,76,True,1.0,16,0.8206785321235657,0.2552037835121155,0.543401837348938,0.019610239192843437
20,77,True,1.0,16,0.8206786513328552,0.2552073001861572,0.5434014797210693,0.019610634073615074
20,78,True,1.0,16,0.8206769824028015,0.2552024722099304,0.543401300907135,0.019610214978456497
20,79,True,1.0,16,0.8206640481948853,0.2556334137916565,0.5440094470977783,0.01957080140709877
20,80,True,1.0,16,0.8206354379653931,0.2556484043598175,0.5440133810043335,0.019573107361793518
20,81,True,1.0,16,0.8206237554550171,0.25568270683288574,0.544008731842041,0.019568433985114098
20,82,True,1.0,16,0.820623517036438,0.2556878924369812,0.5440075397491455,0.01956777274608612
20,83,True,1.0,16,0.8206217288970947,0.2556803524494171,0.5440081357955933,0.01956869475543499
20,84,True,1.0,16,0.820616602897644,0.25566330552101135,0.5440058708190918,0.01956913433969021
20,85,True,1.0,16,0.8206160068511963,0.2556688189506531,0.5440076589584351,0.019568895921111107
20,86,True,1.0,16,0.8206216096878052,0.2556878626346588,0.54400634765625,0.019568568095564842
20,87,True,1.0,16,0.8204570412635803,0.25606274604797363,0.5444315671920776,0.01947670429944992
20,88,True,1.0,16,0.8204326033592224,0.25608134269714355,0.544418454170227,0.019475504755973816
20,89,True,1.0,16,0.8204341530799866,0.2560734748840332,0.5444118976593018,0.019473619759082794
20,90,True,1.0,16,0.8204297423362732,0.25607985258102417,0.5444096922874451,0.019472818821668625
20,91,True,1.0,16,0.8204361200332642,0.2560732066631317,0.5444096326828003,0.019472144544124603
20,92,True,1.0,16,0.820431649684906,0.256081223487854,0.5444071292877197,0.01947288028895855
20,93,False,0.0,16,0.8118202686309814,0.27308112382888794,0.5608447790145874,0.026808645576238632
20,94,False,0.0,16,0.8078804612159729,0.2753056585788727,0.5609140396118164,0.026842355728149414
20,95,False,0.0,16,0.8078504204750061,0.2748919427394867,0.5615189075469971,0.02707565575838089
20,96,False,0.0,16,0.8082551956176758,0.274834007024765,0.5610342025756836,0.02685055509209633
20,97,False,0.0,16,0.808344304561615,0.274777889251709,0.5611698627471924,0.02691328525543213
20,98,False,0.0,16,0.80830317735672,0.27463454008102417,0.561126708984375,0.026900675147771835
20,99,False,0.0,16,0.8079314827919006,0.27431511878967285,0.5611674785614014,0.026899075135588646
20,100,False,0.0,16,0.8080535531044006,0.2737286388874054,0.561249852180481,0.026909707114100456
20,101,False,0.0,16,0.8084261417388916,0.2734163999557495,0.5611026287078857,0.02680804207921028
20,102,False,0.0,16,0.8085832595825195,0.27311524748802185,0.5614996552467346,0.026977496221661568
20,103,False,0.0,16,0.8089463114738464,0.27270030975341797,0.5623190402984619,0.02729719504714012
20,104,False,0.0,16,0.8091415762901306,0.2720120847225189,0.5622483491897583,0.027273129671812057
20,105,False,0.0,16,0.809333324432373,0.2717640995979309,0.5622162818908691,0.027265340089797974
20,106,False,0.0,16,0.8099533915519714,0.2716444730758667,0.5621809959411621,0.027252500876784325
20,107,False,0.0,16,0.810352087020874,0.27142783999443054,0.5621201992034912,0.02721886895596981
20,108,False,0.0,16,0.8109582662582397,0.27122631669044495,0.5622138977050781,0.02725878171622753
20,109,False,0.0,16,0.8113711476325989,0.27110064029693604,0.5620682239532471,0.027198823168873787
20,110,False,0.0,16,0.8116506338119507,0.27093973755836487,0.5620981454849243,0.02720823511481285
20,111,False,0.0,16,0.8122113347053528,0.27082470059394836,0.5622166395187378,0.027059273794293404
20,112,False,0.0,16,0.8125150203704834,0.27068352699279785,0.5622016787528992,0.027074802666902542
20,113,False,0.0,16,0.8127851486206055,0.27073296904563904,0.5621055364608765,0.026997683569788933
20,114,False,0.0,16,0.8132931590080261,0.27065426111221313,0.5620530843734741,0.02698950096964836
20,115,False,0.0,16,0.8133103847503662,0.27067452669143677,0.56190425157547,0.02691643312573433
20,116,False,0.0,16,0.8134551644325256,0.2702888548374176,0.561774492263794,0.026842333376407623
20,117,False,0.0,16,0.8137041330337524,0.2695733606815338,0.5619051456451416,0.02686970680952072
20,118,False,0.0,16,0.8141627907752991,0.26915231347084045,0.562023401260376,0.026904521510004997
20,119,False,0.0,16,0.8146214485168457,0.26909711956977844,0.5622163414955139,0.026745537295937538
20,120,False,0.0,16,0.814430832862854,0.2690897583961487,0.5623220205307007,0.026786793023347855
20,121,False,0.0,16,0.8140172362327576,0.26882386207580566,0.5626398921012878,0.026939311996102333
20,122,False,0.0,16,0.8139415979385376,0.26843971014022827,0.5627771019935608,0.027030933648347855
20,123,False,0.0,16,0.8139007091522217,0.26810047030448914,0.5628620386123657,0.027080310508608818
20,124,False,0.0,16,0.8141054511070251,0.26776576042175293,0.5630261898040771,0.02714846096932888
21,0,False,0.0,0,0.7626488208770752,0.17681123316287994,0.5348368883132935,0.017324863001704216
21,1,False,0.0,1,0.8401023149490356,0.24844343960285187,0.5633217096328735,0.027251798659563065
21,2,False,0.0,2,0.8403420448303223,0.24830472469329834,0.5634232759475708,0.027046844363212585
21,3,False,0.0,3,0.840682864189148,0.24810686707496643,0.5634743571281433,0.027072522789239883
21,4,False,0.0,4,0.8404777646064758,0.2486114501953125,0.5635936260223389,0.027098925784230232
21,5,False,0.0,5,0.8400112390518188,0.248924121260643,0.5635743141174316,0.027122987434267998
21,6,False,0.0,6,0.8393830060958862,0.24933692812919617,0.5634745359420776,0.027064234018325806
21,7,False,0.0,7,0.8387991786003113,0.24969851970672607,0.5633016228675842,0.02700870670378208
21,8,False,0.0,8,0.837895929813385,0.2503989040851593,0.5632320046424866,0.026969371363520622
21,9,False,0.0,9,0.8367787599563599,0.25106915831565857,0.5633594989776611,0.027013655751943588
21,10,False,0.0,10,0.833879292011261,0.2524764835834503,0.563072919845581,0.026737187057733536
21,11,False,0.0,11,0.8315514922142029,0.2535954713821411,0.5631181001663208,0.026794396340847015
21,12,False,0.0,12,0.8296504020690918,0.254763662815094,0.5631464719772339,0.02681620419025421
21,13,False,0.0,13,0.8279038667678833,0.2558191418647766,0.5630761981010437,0.02681558020412922
21,14,False,0.0,14,0.8250696659088135,0.25726446509361267,0.5630439519882202,0.026820387691259384
21,15,False,0.0,15,0.8235956430435181,0.25807198882102966,0.5626554489135742,0.026675203815102577
21,16,False,0.0,16,0.821014940738678,0.25908777117729187,0.5624154806137085,0.026568077504634857
21,17,False,0.0,16,0.8190771341323853,0.25975579023361206,0.5622658729553223,0.026483070105314255
21,18,False,0.0,16,0.8183486461639404,0.2606944143772125,0.5619217157363892,0.02633081190288067
21,19,False,0.0,16,0.8180450201034546,0.26247677206993103,0.5621397495269775,0.0264153890311718
21,20,False,0.0,16,0.8170015811920166,0.26409614086151123,0.5622155666351318,0.02640436217188835
21,21,False,0.0,16,0.8160234093666077,0.26553380489349365,0.5619244575500488,0.02625790238380432
21,22,False,0.0,16,0.8155993223190308,0.26669466495513916,0.5624654293060303,0.02649446576833725
21,23,False,0.0,16,0.8146159648895264,0.2679528295993805,0.5622230768203735,0.02641800232231617
21,24,False,0.0,16,0.8136891722679138,0.2684914469718933,0.5621650815010071,0.026313308626413345
21,25,False,0.0,16,0.8127123713493347,0.26871195435523987,0.562248706817627,0.02633582428097725
21,26,False,0.0,16,0.8109285235404968,0.27109986543655396,0.5619879961013794,0.026310155168175697
21,27,False,0.0,16,0.8106401562690735,0.27090132236480713,0.5616609454154968,0.02624819241464138
21,28,False,0.0,16,0.8101891875267029,0.27025386691093445,0.5616889595985413,0.026296714320778847
21,29,False,0.0,16,0.8096457123756409,0.2702893614768982,0.5621663928031921,0.02652742899954319
21,30,False,0.0,16,0.809479832649231,0.27091336250305176,0.5619800090789795,0.026443010196089745
21,31,False,0.0,16,0.8086569309234619,0.2712644934654236,0.5621390342712402,0.026508184149861336
21,32,False,0.0,16,0.8068270683288574,0.27254796028137207,0.5622154474258423,0.026601823046803474
21,33,False,0.0,16,0.8056439757347107,0.27402743697166443,0.5624444484710693,0.02672511711716652
21,34,False,0.0,16,0.8048820495605469,0.27510470151901245,0.561980128288269,0.026562150567770004
21,35,False,0.0,16,0.8038763999938965,0.2761278450489044,0.5621485114097595,0.02666136994957924
21,36,False,0.0,16,0.803451657295227,0.2764749228954315,0.5623143911361694,0.026756560429930687
21,37,False,0.0,16,0.8038185834884644,0.276419073343277,0.5621585845947266,0.02670278400182724
21,38,False,0.0,16,0.8053457140922546,0.27527326345443726,0.562055230140686,0.026687631383538246
21,39,False,0.0,16,0.8077622652053833,0.27387359738349915,0.5619169473648071,0.026643212884664536
21,40,False,0.0,16,0.810451865196228,0.2728705406188965,0.5620800852775574,0.026717960834503174
21,41,False,0.0,16,0.809681236743927,0.2737158238887787,0.5618181228637695,0.026629161089658737
21,42,False,0.0,16,0.8104211688041687,0.272821307182312,0.5613597631454468,0.026611430570483208
21,43,False,0.0,16,0.8122847676277161,0.27075958251953125,0.5613265037536621,0.026578400284051895
21,44,False,0.0,16,0.8127237558364868,0.2691629230976105,0.5612821578979492,0.026544691994786263
21,45,False,0.0,16,0.812661349773407,0.268341064453125,0.5610846281051636,0.0264307651668787
21,46,False,0.0,16,0.813454270362854,0.2681296765804291,0.5610292553901672,0.02644059620797634
21,47,False,0.0,16,0.8143086433410645,0.26806703209877014,0.5611443519592285,0.026494048535823822
21,48,False,0.0,16,0.8151067495346069,0.2675360143184662,0.5610914826393127,0.02647298388183117
21,49,False,0.0,16,0.8162885308265686,0.2670069932937622,0.5609919428825378,0.026431085541844368
21,50,False,0.0,16,0.8173565864562988,0.2663710117340088,0.5605943202972412,0.026387354359030724
21,51,False,0.0,16,0.8183841705322266,0.2652958631515503,0.5604811906814575,0.02629319205880165
21,52,False,0.0,16,0.8197112083435059,0.26400554180145264,0.5602830648422241,0.02616780251264572
21,53,False,0.0,16,0.8217126131057739,0.2623520791530609,0.5604207515716553,0.026183785870671272
21,54,False,0.0,16,0.8237444758415222,0.26062774658203125,0.5605202913284302,0.026186442002654076
21,55,False,0.0,16,0.824628472328186,0.2594316005706787,0.5606959462165833,0.02622419036924839
21,56,False,0.0,16,0.824283242225647,0.2587631046772003,0.5606878995895386,0.02621247060596943
21,57,False,0.0,16,0.8236264586448669,0.2583112120628357,0.5604846477508545,0.026091495528817177
21,58,False,0.0,16,0.8229805827140808,0.2585262656211853,0.560004711151123,0.026041647419333458
21,59,False,0.0,16,0.8222224712371826,0.2583182156085968,0.560067892074585,0.02605782076716423
21,60,False,0.0,16,0.82033771276474,0.25922074913978577,0.5599011182785034,0.02600596472620964
21,61,False,0.0,16,0.8176971673965454,0.2610788345336914,0.5598020553588867,0.025955336168408394
21,62,False,0.0,16,0.8162554502487183,0.26250436902046204,0.5599114894866943,0.026010066270828247
21,63,False,0.0,16,0.8151260018348694,0.2636288106441498,0.560326099395752,0.02618466131389141
21,64,False,0.0,16,0.8127820491790771,0.265349417924881,0.5600031018257141,0.026035191491246223
21,65,False,0.0,16,0.8109474182128906,0.2671881318092346,0.5595242977142334,0.025823868811130524
21,66,False,0.0,16,0.8095329999923706,0.2692202925682068,0.5598512887954712,0.026089783757925034
21,67,False,0.0,16,0.8076674938201904,0.27112528681755066,0.5608930587768555,0.026508236303925514
21,68,False,0.0,16,0.8065773248672485,0.2725188732147217,0.5609656572341919,0.026487482711672783
21,69,False,0.0,16,0.8071789741516113,0.2726648449897766,0.5606528520584106,0.026360977441072464
21,70,False,0.0,16,0.8075160384178162,0.27257466316223145,0.5610016584396362,0.02648468129336834
21,71,False,0.0,16,0.807422399520874,0.2723957300186157,0.5614939332008362,0.026714202016592026
21,72,False,0.0,16,0.8080050945281982,0.271318256855011,0.5607879161834717,0.02645406313240528
21,73,False,0.0,16,0.8084264993667603,0.27021297812461853,0.5600171089172363,0.02614748291671276
21,74,False,0.0,16,0.808874249458313,0.2696058750152588,0.5593411922454834,0.025903066620230675
21,75,False,0.0,16,0.8093219995498657,0.26864689588546753,0.5592761039733887,0.025899436324834824
21,76,False,0.0,16,0.8092570900917053,0.2679893970489502,0.5592712163925171,0.02594512701034546
21,77,False,0.0,16,0.8100286722183228,0.26812508702278137,0.5591241717338562,0.025913996621966362
21,78,False,0.0,16,0.8106505870819092,0.26768431067466736,0.5595067739486694,0.026094023138284683
21,79,False,0.0,16,0.8110778331756592,0.26781371235847473,0.5596566200256348,0.026180505752563477
21,80,False,0.0,16,0.8106679916381836,0.267738938331604,0.5596246123313904,0.026168925687670708
21,81,False,0.0,16,0.8105992674827576,0.26753512024879456,0.5597257614135742,0.026209525763988495
21,82,False,0.0,16,0.8113477230072021,0.26705873012542725,0.5596258640289307,0.026124825701117516
21,83,False,0.0,16,0.8120455741882324,0.26645174622535706,0.5599073171615601,0.02617180347442627
21,84,False,0.0,16,0.8131284713745117,0.26637640595436096,0.5600149035453796,0.026094581931829453
21,85,False,0.0,16,0.8122410774230957,0.26659584045410156,0.5602028369903564,0.026107927784323692
21,86,False,0.0,16,0.8121170401573181,0.2666553556919098,0.5604861974716187,0.02624824084341526
21,87,False,0.0,16,0.8128759860992432,0.26632437109947205,0.56056147813797,0.026300333440303802
22,0,False,0.0,0,0.7577006816864014,0.19003477692604065,0.5331059694290161,0.016805499792099
22,1,False,0.0,1,0.8357000350952148,0.2552371323108673,0.5628626346588135,0.027066871523857117
22,2,False,0.0,2,0.8356181979179382,0.25520575046539307,0.5627526044845581,0.02708783932030201
22,3,False,0.0,3,0.8355059623718262,0.2552463710308075,0.5628396272659302,0.02709408476948738
22,4,False,0.0,4,0.8353959321975708,0.2549767792224884,0.5630109310150146,0.02714471146464348
22,5,False,0.0,5,0.8357509970664978,0.2541295886039734,0.5631840229034424,0.02720603160560131
22,6,False,0.0,6,0.8358163237571716,0.2539640963077545,0.5634200572967529,0.0272839218378067
22,7,False,0.0,7,0.8353917598724365,0.25412943959236145,0.5635198354721069,0.02730642259120941
22,8,False,0.0,8,0.8352960348129272,0.25415199995040894,0.5638130903244019,0.02740679867565632
22,9,False,0.0,9,0.8350099325180054,0.254332572221756,0.5636945366859436,0.027328604832291603
22,10,False,0.0,10,0.8354723453521729,0.25426799058914185,0.5637715458869934,0.027365101501345634
22,11,False,0.0,11,0.8361481428146362,0.2541859745979309,0.5639269351959229,0.02741801179945469
22,12,False,0.0,12,0.8365244269371033,0.25397178530693054,0.5640302896499634,0.027482690289616585
22,13,False,0.0,13,0.8371039032936096,0.2533816695213318,0.5640151500701904,0.027487831190228462
22,14,False,0.0,14,0.8367537260055542,0.25322774052619934,0.5640449523925781,0.02750941924750805
22,15,False,0.0,15,0.8361577987670898,0.2531490921974182,0.5640683770179749,0.02754512056708336
22,16,False,0.0,16,0.8355261087417603,0.25352999567985535,0.5641312599182129,0.027584729716181755
22,17,False,0.0,16,0.8354765176773071,0.25317323207855225,0.5641248226165771,0.02760087512433529
22,18,False,0.0,16,0.8360673189163208,0.25264179706573486,0.5645208358764648,0.027766630053520203
22,19,False,0.0,16,0.8360857963562012,0.25284507870674133,0.5645738840103149,0.027782566845417023
22,20,False,0.0,16,0.8362985849380493,0.2528531551361084,0.5643142461776733,0.02764720469713211
22,21,False,0.0,16,0.8366792798042297,0.2529505491256714,0.5643041133880615,0.02771599590778351
22,22,False,0.0,16,0.8363518714904785,0.25283104181289673,0.564045250415802,0.02764531597495079
22,23,False,0.0,16,0.8361255526542664,0.25276944041252136,0.5638155937194824,0.027557745575904846
22,24,False,0.0,16,0.8351879715919495,0.2531556785106659,0.563687801361084,0.027475064620375633
22,25,False,0.0,16,0.8345427513122559,0.25354406237602234,0.5635023713111877,0.027403628453612328
22,26,False,0.0,16,0.8337537050247192,0.25303778052330017,0.5635077357292175,0.027345076203346252
22,27,False,0.0,16,0.8326765298843384,0.2536650598049164,0.5632283687591553,0.027229255065321922
22,28,False,0.0,16,0.8312354683876038,0.25460532307624817,0.5629309415817261,0.027138888835906982
22,29,False,0.0,16,0.8294206261634827,0.2555690407752991,0.5626866817474365,0.027014784514904022
22,30,False,0.0,16,0.8279929161071777,0.25641709566116333,0.562350869178772,0.026830319315195084
22,31,False,0.0,16,0.8260915875434875,0.257450133562088,0.5621389150619507,0.02671443298459053
22,32,False,0.0,16,0.8241906762123108,0.2587525546550751,0.5624244809150696,0.0267886184155941
22,33,False,0.0,16,0.8226686120033264,0.2602750062942505,0.5620725750923157,0.026574378833174706
22,34,False,0.0,16,0.821410596370697,0.2624674439430237,0.5625892877578735,0.026665328070521355
22,35,True,0.035087719559669495,16,0.8198583126068115,0.26395711302757263,0.561320960521698,0.02608860842883587
22,36,True,0.07894736528396606,16,0.8182719945907593,0.2651359736919403,0.5610286593437195,0.025964897125959396
22,37,True,0.12280701845884323,16,0.8165645599365234,0.2668222486972809,0.5607013702392578,0.025833142921328545
22,38,True,0.1666666716337204,16,0.8158290386199951,0.26877152919769287,0.5607997179031372,0.025813637301325798
22,39,True,0.21052631735801697,16,0.8145525455474854,0.26948463916778564,0.5613791942596436,0.02595795877277851
22,40,True,0.25438597798347473,16,0.8139516115188599,0.27020809054374695,0.5619362592697144,0.026138346642255783
22,41,True,0.2982456088066101,16,0.8126236796379089,0.27019113302230835,0.5622544288635254,0.0261681005358696
22,42,True,0.34210526943206787,16,0.8118892908096313,0.2690499424934387,0.5623297691345215,0.025942791253328323
22,43,True,0.38596490025520325,16,0.8111668229103088,0.26871779561042786,0.5624557733535767,0.026021553203463554
22,44,True,0.429824560880661,16,0.8120573163032532,0.2671385705471039,0.5620371103286743,0.025872614234685898
22,45,True,0.4736842215061188,16,0.813078761100769,0.26487672328948975,0.5618982315063477,0.02580844983458519
22,46,True,0.5175438523292542,16,0.8145148754119873,0.2629778981208801,0.5622024536132812,0.02598157525062561
22,47,True,0.5614035129547119,16,0.8160067200660706,0.26158958673477173,0.5619128942489624,0.025933152064681053
22,48,True,0.6052631735801697,16,0.8167766332626343,0.26149076223373413,0.5617308616638184,0.02578600123524666
22,49,True,0.6491228342056274,16,0.8179585933685303,0.25882846117019653,0.5604774951934814,0.02523546852171421
22,50,True,0.6929824352264404,16,0.819785475730896,0.258102148771286,0.5610896944999695,0.025350311771035194
22,51,True,0.7368420958518982,16,0.8215859532356262,0.2568443715572357,0.561184287071228,0.02534867823123932
22,52,True,0.780701756477356,16,0.8231503963470459,0.2565780282020569,0.5612956881523132,0.025345180183649063
22,53,True,0.8245614171028137,16,0.8237623572349548,0.25647035241127014,0.5608890056610107,0.02521291933953762
22,54,True,0.8684210777282715,16,0.823639452457428,0.25530335307121277,0.5606147050857544,0.025039268657565117
22,55,True,0.9122806787490845,16,0.8253254890441895,0.2551902234554291,0.5597928762435913,0.024627581238746643
22,56,True,0.9561403393745422,16,0.8246896266937256,0.2546010911464691,0.559101939201355,0.0242167841643095
22,57,True,1.0,16,0.8226310014724731,0.2524632215499878,0.5495082139968872,0.02017856575548649
22,58,True,1.0,16,0.8228503465652466,0.252171128988266,0.5499448776245117,0.02017020247876644
22,59,True,1.0,16,0.8228602409362793,0.25217321515083313,0.5499445199966431,0.020169034600257874
22,60,True,1.0,16,0.8228543996810913,0.25217223167419434,0.5499443411827087,0.020169539377093315
22,61,True,1.0,16,0.822856068611145,0.25217071175575256,0.5499423742294312,0.020169991999864578
22,62,True,1.0,16,0.8228524923324585,0.25217270851135254,0.54994136095047,0.02016938291490078
22,63,True,1.0,16,0.8228551149368286,0.2521713078022003,0.5499413013458252,0.02016940899193287
22,64,True,1.0,16,0.8228538036346436,0.2521694600582123,0.549942135810852,0.020168207585811615
22,65,True,1.0,16,0.8228563070297241,0.25217315554618835,0.5499415397644043,0.020168127492070198
22,66,True,1.0,16,0.822868287563324,0.25205114483833313,0.5502581000328064,0.02016197331249714
22,67,True,1.0,16,0.8228655457496643,0.25204595923423767,0.5502556562423706,0.020159242674708366
22,68,True,1.0,16,0.8228704333305359,0.25205710530281067,0.5502539873123169,0.020160118117928505
22,69,True,1.0,16,0.8228642344474792,0.2520557641983032,0.5502541065216064,0.02015906199812889
22,70,True,1.0,16,0.8228641152381897,0.25204601883888245,0.5502541065216064,0.020159559324383736
22,71,True,1.0,16,0.8228780031204224,0.25205159187316895,0.5502560138702393,0.02015891671180725
22,72,True,1.0,16,0.8228650689125061,0.2520497441291809,0.5502550005912781,0.020159287378191948
22,73,True,1.0,16,0.8228641152381897,0.25204452872276306,0.550254762172699,0.020159732550382614
22,74,True,1.0,16,0.8229094743728638,0.2518423795700073,0.5506168603897095,0.020280111581087112
22,75,True,1.0,16,0.8229107856750488,0.2518076002597809,0.550620436668396,0.020280657336115837
22,76,True,1.0,16,0.8229022026062012,0.25181153416633606,0.5506213903427124,0.020280364900827408
22,77,True,1.0,16,0.8229067325592041,0.2518049478530884,0.5506198406219482,0.020280390977859497
22,78,True,1.0,16,0.8229062557220459,0.25180473923683167,0.5506212711334229,0.02028176188468933
22,79,True,1.0,16,0.8228986263275146,0.2518133521080017,0.5506191253662109,0.02028023451566696
22,80,True,1.0,16,0.8229072093963623,0.251804381608963,0.5506185293197632,0.020280567929148674
22,81,True,1.0,16,0.8229074478149414,0.25180357694625854,0.5506184101104736,0.020280346274375916
22,82,True,1.0,16,0.8229866027832031,0.25156280398368835,0.5507916212081909,0.02035902813076973
22,83,True,1.0,16,0.8229652643203735,0.2516463100910187,0.5507944226264954,0.020361552014946938
22,84,True,1.0,16,0.8229868412017822,0.2516472339630127,0.5507944822311401,0.02036016806960106
22,85,True,1.0,16,0.8229830265045166,0.25164881348609924,0.550795316696167,0.020360620692372322
22,86,False,0.0,16,0.8148285150527954,0.27038031816482544,0.5650186538696289,0.02732805535197258
22,87,False,0.0,16,0.8105458617210388,0.27391675114631653,0.5650478601455688,0.02733679488301277
22,88,False,0.0,16,0.8109742999076843,0.27386102080345154,0.5650103092193604,0.027307646349072456
22,89,False,0.0,16,0.8118021488189697,0.2733519673347473,0.5648375749588013,0.027236726135015488
22,90,False,0.0,16,0.8123765587806702,0.27268898487091064,0.5654281377792358,0.027606874704360962
22,91,False,0.0,16,0.8126427531242371,0.2718660831451416,0.5655440092086792,0.027685733512043953
22,92,False,0.0,16,0.8128097057342529,0.27139273285865784,0.5655600428581238,0.02768106944859028
22,93,False,0.0,16,0.8125986456871033,0.2710818648338318,0.5657036304473877,0.027762174606323242
22,94,False,0.0,16,0.8123472929000854,0.27094316482543945,0.5660833120346069,0.027914542704820633
22,95,False,0.0,16,0.8115342855453491,0.27075183391571045,0.5661631226539612,0.02797367051243782
22,96,False,0.0,16,0.810447096824646,0.2703182101249695,0.5667281746864319,0.028215348720550537
22,97,False,0.0,16,0.8096798658370972,0.2706955075263977,0.5665749907493591,0.028149057179689407
22,98,False,0.0,16,0.8085131645202637,0.27124252915382385,0.5670406818389893,0.028403649106621742
22,99,False,0.0,16,0.8078784346580505,0.2711760997772217,0.5666875243186951,0.028256289660930634
22,100,False,0.0,16,0.8073039054870605,0.27048811316490173,0.5664798021316528,0.028160179033875465
22,101,False,0.0,16,0.8067032098770142,0.2700643241405487,0.5666540861129761,0.02818216010928154
22,102,False,0.0,16,0.8066500425338745,0.26966026425361633,0.566676676273346,0.028188306838274002
22,103,False,0.0,16,0.8071199059486389,0.26948675513267517,0.566825270652771,0.028252368792891502
22,104,False,0.0,16,0.8078485727310181,0.26986706256866455,0.5668242573738098,0.028281260281801224
22,105,False,0.0,16,0.8080980181694031,0.26971855759620667,0.5669544339179993,0.028352461755275726
22,106,False,0.0,16,0.8082205057144165,0.2695562541484833,0.5668891072273254,0.02819068543612957
22,107,False,0.0,16,0.80815589427948,0.26946723461151123,0.5670858025550842,0.028287291526794434
22,108,False,0.0,16,0.8081685900688171,0.2696615159511566,0.5672670602798462,0.028387609869241714
22,109,False,0.0,16,0.8078882694244385,0.2694879472255707,0.5673792362213135,0.028436968103051186
22,110,False,0.0,16,0.8079037666320801,0.2695867121219635,0.5673404932022095,0.02843579649925232
22,111,False,0.0,16,0.808098316192627,0.269845187664032,0.5671484470367432,0.028337955474853516
22,112,False,0.0,16,0.8082641959190369,0.2699294090270996,0.5672040581703186,0.02836342342197895
22,113,False,0.0,16,0.8096795082092285,0.26867297291755676,0.5673077702522278,0.02840512990951538
22,114,False,0.0,16,0.811215877532959,0.2667810618877411,0.5678180456161499,0.028485910966992378
23,0,False,0.0,0,0.7316676378250122,0.18962103128433228,0.5373722314834595,0.018289832398295403
23,1,False,0.0,1,0.8264263272285461,0.2615591287612915,0.5671866536140442,0.028391195461153984
23,2,False,0.0,2,0.8264237642288208,0.26151564717292786,0.5673302412033081,0.028450224548578262
23,3,False,0.0,3,0.8272359371185303,0.261343389749527,0.5677422285079956,0.028612300753593445
23,4,False,0.0,4,0.8276704549789429,0.26087281107902527,0.5680058002471924,0.028704898431897163
23,5,False,0.0,5,0.8278648257255554,0.260774165391922,0.568168580532074,0.028727181255817413
23,6,False,0.0,6,0.8275774717330933,0.2610301077365875,0.5683039426803589,0.028752919286489487
23,7,False,0.0,7,0.8278470039367676,0.2608729600906372,0.568373441696167,0.028687715530395508
23,8,False,0.0,8,0.8281874060630798,0.26080822944641113,0.5682640671730042,0.028652356937527657
23,9,False,0.0,9,0.8282812833786011,0.2609977424144745,0.5683218836784363,0.028693092986941338
23,10,False,0.0,10,0.828231692314148,0.26114633679389954,0.5685104131698608,0.028794920071959496
23,11,False,0.0,11,0.8281822800636292,0.2612016201019287,0.5684263706207275,0.02878895215690136
23,12,False,0.0,12,0.8284021615982056,0.2609885036945343,0.568193793296814,0.02871839515864849
23,13,False,0.0,13,0.8288892507553101,0.26076632738113403,0.5679522752761841,0.028640486299991608
23,14,False,0.0,14,0.8288804292678833,0.2605245113372803,0.5678912401199341,0.02864040993154049
23,15,False,0.0,15,0.8289281129837036,0.2603573501110077,0.5676270127296448,0.02855040319263935
23,16,False,0.0,16,0.8289296627044678,0.26046884059906006,0.5675511360168457,0.028521519154310226
23,17,False,0.0,16,0.8289895057678223,0.26013967394828796,0.5676055550575256,0.028623290359973907
23,18,False,0.0,16,0.8290814757347107,0.2598969042301178,0.5675362348556519,0.02862907573580742
23,19,False,0.0,16,0.828930139541626,0.2598467171192169,0.5675218105316162,0.02864251658320427
23,20,False,0.0,16,0.8288664221763611,0.259849488735199,0.5676566958427429,0.02869453653693199
23,21,False,0.0,16,0.8288097381591797,0.25953707098960876,0.567552924156189,0.028702644631266594
23,22,False,0.0,16,0.8285905122756958,0.2593025863170624,0.5674384832382202,0.02862374112010002
23,23,False,0.0,16,0.8283599019050598,0.2594350278377533,0.5676331520080566,0.028769105672836304
23,24,False,0.0,16,0.8284134268760681,0.25961723923683167,0.5677124261856079,0.028721032664179802
23,25,False,0.0,16,0.8289236426353455,0.2596416473388672,0.5678168535232544,0.02876288630068302
23,26,False,0.0,16,0.8292446136474609,0.25969552993774414,0.5675396919250488,0.02863251231610775
23,27,False,0.0,16,0.8295098543167114,0.25980037450790405,0.5674164891242981,0.028552822768688202
23,28,False,0.0,16,0.8298511505126953,0.2594318687915802,0.5673734545707703,0.02851472608745098
23,29,False,0.0,16,0.8296460509300232,0.25979235768318176,0.5674729347229004,0.028503531590104103
23,30,False,0.0,16,0.8295015096664429,0.25987759232521057,0.5673564672470093,0.028442343696951866
23,31,False,0.0,16,0.8296366930007935,0.2595735788345337,0.5675634145736694,0.028461111709475517
23,32,False,0.0,16,0.8297675848007202,0.25907376408576965,0.5673285722732544,0.02834360860288143
23,33,False,0.0,16,0.828816294670105,0.2592393159866333,0.5675932765007019,0.028452541679143906
23,34,False,0.0,16,0.8279653787612915,0.25894707441329956,0.5677045583724976,0.028490349650382996
23,35,False,0.0,16,0.8275376558303833,0.2590654194355011,0.5678591728210449,0.028581321239471436
23,36,False,0.0,16,0.8264065980911255,0.259392648935318,0.5677744150161743,0.028516901656985283
23,37,False,0.0,16,0.8253239989280701,0.26009777188301086,0.5680783987045288,0.028622962534427643
23,38,True,0.007936508394777775,16,0.8240882754325867,0.2609398663043976,0.5675958395004272,0.028421273455023766
23,39,True,0.0476190485060215,16,0.8229928612709045,0.2619234025478363,0.5675449371337891,0.0282905176281929
23,40,True,0.0873015895485878,16,0.8217490911483765,0.2632729411125183,0.5672699213027954,0.028212472796440125
23,41,True,0.1269841343164444,16,0.8210181593894958,0.26414936780929565,0.5674242973327637,0.0282585509121418
23,42,True,0.1666666716337204,16,0.8205095529556274,0.2652260363101959,0.5666811466217041,0.027917707338929176
23,43,True,0.2063492089509964,16,0.8194407224655151,0.2668197453022003,0.5662930011749268,0.027836719527840614
23,44,True,0.2460317462682724,16,0.81844562292099,0.266975075006485,0.5660783648490906,0.027745721861720085
23,45,True,0.2857142984867096,16,0.8181792497634888,0.2674771845340729,0.566374659538269,0.02793622575700283
23,46,True,0.3253968358039856,16,0.8179581761360168,0.2674543559551239,0.5663918256759644,0.02801200933754444
23,47,True,0.3650793731212616,16,0.8173040151596069,0.2674735486507416,0.5668627023696899,0.028147831559181213
23,48,True,0.4047619104385376,16,0.8170303106307983,0.2668541669845581,0.566448450088501,0.02786920964717865
23,49,True,0.4444444477558136,16,0.8159687519073486,0.26623156666755676,0.5657537579536438,0.027511917054653168
23,50,True,0.4841269850730896,16,0.8141013383865356,0.2663748860359192,0.5652894973754883,0.027362070977687836
23,51,True,0.523809552192688,16,0.8146262764930725,0.26585260033607483,0.5657898187637329,0.02755746617913246
23,52,True,0.5634920597076416,16,0.8152619004249573,0.26560038328170776,0.5657483339309692,0.027568718418478966
23,53,True,0.60317462682724,16,0.8152223825454712,0.2644929885864258,0.5661424398422241,0.027625398710370064
23,54,True,0.6428571343421936,16,0.8167343139648438,0.26341038942337036,0.5662293434143066,0.02772069163620472
23,55,True,0.682539701461792,16,0.8174484968185425,0.2617974877357483,0.5655880570411682,0.02724466286599636
23,56,True,0.7222222089767456,16,0.8181109428405762,0.2607940137386322,0.5646561980247498,0.026842912659049034
23,57,True,0.761904776096344,16,0.8183244466781616,0.25848188996315,0.5647246837615967,0.02688772790133953
23,58,True,0.8015872836112976,16,0.81556636095047,0.2580798268318176,0.5642088651657104,0.026603180915117264
23,59,True,0.841269850730896,16,0.8204448223114014,0.25166887044906616,0.5640377402305603,0.026598844677209854
23,60,True,0.8809523582458496,16,0.8214453458786011,0.25132617354393005,0.5638420581817627,0.026525655761361122
23,61,True,0.920634925365448,16,0.8218094706535339,0.25179463624954224,0.5625946521759033,0.025999845936894417
23,62,True,0.9603174328804016,16,0.8228243589401245,0.25109195709228516,0.5618951320648193,0.025697313249111176
23,63,True,1.0,16,0.8223433494567871,0.24988658726215363,0.5515395998954773,0.021000688895583153
23,64,True,1.0,16,0.8223553895950317,0.24997128546237946,0.5518316030502319,0.021083800122141838
23,65,True,1.0,16,0.8223553895950317,0.24997128546237946,0.5518316030502319,0.021083800122141838
23,66,True,1.0,16,0.8223553895950317,0.24997128546237946,0.5518316030502319,0.021083800122141838
23,67,True,1.0,16,0.8223553895950317,0.24997128546237946,0.5518316030502319,0.021083800122141838
23,68,True,1.0,16,0.8223553895950317,0.24997128546237946,0.5518316030502319,0.021083800122141838
23,69,True,1.0,16,0.8223553895950317,0.24997128546237946,0.5518316030502319,0.021083800122141838
23,70,True,1.0,16,0.8223553895950317,0.24997128546237946,0.5518316030502319,0.021083800122141838
23,71,True,1.0,16,0.8222861289978027,0.25009968876838684,0.5514970421791077,0.020763427019119263
23,72,True,1.0,16,0.8222863674163818,0.2500994801521301,0.5515016317367554,0.020762331783771515
23,73,True,1.0,16,0.8222864866256714,0.25010189414024353,0.5515023469924927,0.020762797445058823
23,74,True,1.0,16,0.8222895860671997,0.25010350346565247,0.5515012741088867,0.020762288942933083
23,75,True,1.0,16,0.8222900629043579,0.25010254979133606,0.5515022277832031,0.020761489868164062
23,76,True,1.0,16,0.8222860097885132,0.25010454654693604,0.5515013933181763,0.020763380452990532
23,77,True,1.0,16,0.8222835063934326,0.25009584426879883,0.5515012145042419,0.020762957632541656
23,78,True,1.0,16,0.822282075881958,0.2500961422920227,0.5515010952949524,0.02076287753880024
23,79,True,1.0,16,0.8222869634628296,0.2500688135623932,0.5509493350982666,0.02037595771253109
23,80,True,1.0,16,0.8222833871841431,0.2500769793987274,0.5509603023529053,0.02037472277879715
23,81,True,1.0,16,0.8222805261611938,0.25006961822509766,0.5509612560272217,0.020374273881316185
23,82,True,1.0,16,0.8222783803939819,0.25007084012031555,0.5509597063064575,0.020376011729240417
23,83,True,1.0,16,0.8222719430923462,0.25007888674736023,0.5509602427482605,0.020376630127429962
23,84,True,1.0,16,0.8222724199295044,0.2500765919685364,0.5509599447250366,0.020375341176986694
23,85,True,1.0,16,0.8222783803939819,0.25007084012031555,0.5509623289108276,0.02037576027214527
23,86,True,1.0,16,0.8222731351852417,0.2500741481781006,0.5509622693061829,0.020375510677695274
23,87,True,1.0,16,0.8224186897277832,0.24992036819458008,0.5502917170524597,0.02009538561105728
23,88,True,1.0,16,0.8224070072174072,0.2499251663684845,0.5502916574478149,0.020095152780413628
23,89,True,1.0,16,0.8224067687988281,0.249923974275589,0.5502976179122925,0.020094746723771095
23,90,True,1.0,16,0.8224049806594849,0.24991948902606964,0.5502941608428955,0.020094484090805054
23,91,True,1.0,16,0.8224047422409058,0.24991801381111145,0.5502976179122925,0.020093943923711777
23,92,True,1.0,16,0.8224124908447266,0.24992378056049347,0.5502969026565552,0.020094875246286392
23,93,True,1.0,16,0.8224054574966431,0.24991904199123383,0.5502958297729492,0.020094729959964752
23,94,True,1.0,16,0.82240891456604,0.24992309510707855,0.5502960681915283,0.020094772800803185
23,95,False,0.0,16,0.8216515779495239,0.26422515511512756,0.5675466060638428,0.02701324038207531
23,96,False,0.0,16,0.8197199106216431,0.2645523250102997,0.5671660900115967,0.026880573481321335
23,97,False,0.0,16,0.8184882402420044,0.26533812284469604,0.5670168399810791,0.026947954669594765
23,98,False,0.0,16,0.8177233934402466,0.26608389616012573,0.5671366453170776,0.026914970949292183
23,99,False,0.0,16,0.8165380954742432,0.267591655254364,0.5669530034065247,0.026757022365927696
23,100,False,0.0,16,0.8156461119651794,0.2683221995830536,0.5670134425163269,0.026739228516817093
23,101,False,0.0,16,0.8133679032325745,0.26995548605918884,0.5669113993644714,0.02664339728653431
23,102,False,0.0,16,0.8115535974502563,0.2711760401725769,0.5671128034591675,0.02668146789073944
23,103,False,0.0,16,0.810688853263855,0.2718712091445923,0.566546618938446,0.026495426893234253
23,104,False,0.0,16,0.8095672130584717,0.2726473808288574,0.5668370127677917,0.026600893586874008
23,105,False,0.0,16,0.8085571527481079,0.27359747886657715,0.5666142106056213,0.026509029790759087
23,106,False,0.0,16,0.8081789612770081,0.2744766175746918,0.5666451454162598,0.026533208787441254
23,107,False,0.0,16,0.8082205057144165,0.27532678842544556,0.5666365027427673,0.02653081715106964
23,108,False,0.0,16,0.8080830574035645,0.27625831961631775,0.5665593147277832,0.026544256135821342
23,109,False,0.0,16,0.8080941438674927,0.2766444981098175,0.5666872262954712,0.02660975605249405
23,110,False,0.0,16,0.8073406219482422,0.27668261528015137,0.5672115087509155,0.0267950352281332
23,111,False,0.0,16,0.806986391544342,0.2767021656036377,0.5669176578521729,0.026696303859353065
23,112,False,0.0,16,0.8067702054977417,0.2765486538410187,0.5670074820518494,0.026696104556322098
23,113,False,0.0,16,0.8065959215164185,0.27620136737823486,0.5671098232269287,0.026700248941779137
23,114,False,0.0,16,0.806609570980072,0.27569037675857544,0.5673536658287048,0.026789169758558273
23,115,False,0.0,16,0.8074336051940918,0.27503228187561035,0.5674694776535034,0.02683306485414505
23,116,False,0.0,16,0.8079997897148132,0.274219810962677,0.567386269569397,0.02685069851577282
23,117,False,0.0,16,0.8084272146224976,0.2732105553150177,0.5670385360717773,0.02673741802573204
23,118,False,0.0,16,0.8090134263038635,0.272341787815094,0.567103922367096,0.02676158957183361
23,119,False,0.0,16,0.8105760812759399,0.27097082138061523,0.5664432644844055,0.026500187814235687
23,120,False,0.0,16,0.8119560480117798,0.26963919401168823,0.5662063360214233,0.02641419507563114
23,121,False,0.0,16,0.8124505877494812,0.2692842185497284,0.5661475658416748,0.026399336755275726
23,122,False,0.0,16,0.812813401222229,0.26849818229675293,0.5660781264305115,0.02638416364789009
23,123,False,0.0,16,0.8127680420875549,0.26790177822113037,0.566027045249939,0.026367243379354477
23,124,False,0.0,16,0.8127213716506958,0.2675256133079529,0.5662379860877991,0.026432858780026436
23,125,False,0.0,16,0.8129318952560425,0.26700714230537415,0.5663829445838928,0.026504337787628174
23,126,False,0.0,16,0.8125790953636169,0.26665177941322327,0.5662630796432495,0.026445668190717697
24,0,False,0.0,0,0.7511303424835205,0.18147358298301697,0.5345419049263,0.015890775248408318
24,1,False,0.0,1,0.8341641426086426,0.2557160258293152,0.5663959383964539,0.026442937552928925
24,2,False,0.0,2,0.8341594934463501,0.25575047731399536,0.5663699507713318,0.026430876925587654
24,3,False,0.0,3,0.8343334197998047,0.25558939576148987,0.5663491487503052,0.026420405134558678
24,4,False,0.0,4,0.8356181383132935,0.25441452860832214,0.5663726329803467,0.026433352380990982
24,5,False,0.0,5,0.8367459774017334,0.25362828373908997,0.566361129283905,0.026415498927235603
24,6,False,0.0,6,0.8368406295776367,0.25308358669281006,0.5666505098342896,0.02653343789279461
24,7,False,0.0,7,0.8370198607444763,0.25245431065559387,0.5668285489082336,0.026621831580996513
24,8,False,0.0,8,0.8376402258872986,0.25219881534576416,0.5664399862289429,0.02639484405517578
24,9,False,0.0,9,0.8386193513870239,0.2515130043029785,0.5666602849960327,0.026478340849280357
24,10,False,0.0,10,0.83827143907547,0.2516474723815918,0.5669586658477783,0.026607690379023552
24,11,False,0.0,11,0.8378112316131592,0.2520051598548889,0.5670005679130554,0.026634126901626587
24,12,False,0.0,12,0.83685302734375,0.25262752175331116,0.5670101642608643,0.026633471250534058
24,13,False,0.0,13,0.8357232213020325,0.2533838748931885,0.5667994618415833,0.02654864639043808
24,14,False,0.0,14,0.8346062898635864,0.2540067136287689,0.5665538907051086,0.02644040808081627
24,15,False,0.0,15,0.8343098163604736,0.25432559847831726,0.5665780305862427,0.026445314288139343
24,16,False,0.0,16,0.8335835933685303,0.2546750009059906,0.565811038017273,0.026127135381102562
24,17,False,0.0,16,0.8327882289886475,0.25470560789108276,0.5657110214233398,0.026058167219161987
24,18,False,0.0,16,0.8318851590156555,0.254789799451828,0.5655734539031982,0.02604803256690502
24,19,False,0.0,16,0.8309792280197144,0.25506553053855896,0.5656678080558777,0.0260758213698864
24,20,False,0.0,16,0.8304884433746338,0.25561416149139404,0.5655005574226379,0.025987474247813225
24,21,False,0.0,16,0.8297795057296753,0.2561371922492981,0.5654177665710449,0.025920605286955833
24,22,False,0.0,16,0.8288516998291016,0.25651055574417114,0.565528392791748,0.025942487642169
24,23,False,0.0,16,0.8284028768539429,0.25640276074409485,0.5655404925346375,0.025864137336611748
24,24,False,0.0,16,0.8272832632064819,0.25674697756767273,0.5649474263191223,0.025753645226359367
24,25,False,0.0,16,0.8259691596031189,0.2573566734790802,0.5652804374694824,0.02589031122624874
24,26,False,0.0,16,0.825852632522583,0.25751036405563354,0.5651875734329224,0.025877676904201508
24,27,False,0.0,16,0.8253315091133118,0.25805503129959106,0.5649275183677673,0.025842798873782158
24,28,False,0.0,16,0.8246768116950989,0.25845885276794434,0.5645357370376587,0.025724641978740692
24,29,False,0.0,16,0.8242166042327881,0.25849393010139465,0.5645500421524048,0.025695590302348137
24,30,False,0.0,16,0.8237565755844116,0.25973594188690186,0.5644494891166687,0.02563498169183731
24,31,False,0.0,16,0.8228918313980103,0.2604140043258667,0.5644755363464355,0.025628307834267616
24,32,False,0.0,16,0.8225975036621094,0.2610756456851959,0.5643379092216492,0.02574860118329525
24,33,False,0.0,16,0.820896565914154,0.2618216276168823,0.5646694898605347,0.025845380499958992
24,34,False,0.0,16,0.8197479248046875,0.2625674605369568,0.5649846792221069,0.025988906621932983
24,35,False,0.0,16,0.8194923400878906,0.2622864544391632,0.565467357635498,0.026181727647781372
24,36,False,0.0,16,0.8177249431610107,0.2637229561805725,0.565872073173523,0.02630225196480751
24,37,False,0.0,16,0.8167966604232788,0.26458266377449036,0.5665405988693237,0.02657272480428219
24,38,False,0.0,16,0.8166797161102295,0.26491644978523254,0.5665287971496582,0.026606326922774315
24,39,False,0.0,16,0.8171351552009583,0.2649737298488617,0.56667160987854,0.026691854000091553
24,40,False,0.0,16,0.817105770111084,0.26485803723335266,0.5659282803535461,0.026525244116783142
24,41,False,0.0,16,0.8171693086624146,0.26422950625419617,0.5659635663032532,0.026559749618172646
24,42,False,0.0,16,0.8158141374588013,0.2628543972969055,0.5652348399162292,0.026285622268915176
24,43,True,0.014084506779909134,16,0.8101427555084229,0.25711333751678467,0.5647274255752563,0.02612525224685669
24,44,True,0.04929577559232712,16,0.8123078346252441,0.24914918839931488,0.5644424557685852,0.025909753516316414
24,45,True,0.0845070406794548,16,0.8153055906295776,0.2487083375453949,0.5645646452903748,0.025848129764199257
24,46,True,0.11971831321716309,16,0.8145910501480103,0.24365147948265076,0.564631462097168,0.02583993412554264
24,47,True,0.15492957830429077,16,0.8126951456069946,0.24032053351402283,0.5640700459480286,0.02547677420079708
24,48,True,0.19014084339141846,16,0.8077205419540405,0.22358067333698273,0.5636194944381714,0.025241021066904068
24,49,True,0.22535210847854614,16,0.8180556297302246,0.23489730060100555,0.5637924671173096,0.02531246654689312
24,50,True,0.26056337356567383,16,0.8213415741920471,0.23378458619117737,0.5636849403381348,0.025285182520747185
24,51,True,0.2957746386528015,16,0.8192178606987,0.22702424228191376,0.5635642409324646,0.025264861062169075
24,52,True,0.3309859037399292,16,0.8198856115341187,0.2332492619752884,0.5627288222312927,0.02486708201467991
24,53,True,0.3661971688270569,16,0.8161418437957764,0.2308734804391861,0.5617563724517822,0.024477962404489517
24,54,True,0.40140846371650696,16,0.8157804608345032,0.23147548735141754,0.5625609755516052,0.02482299879193306
24,55,True,0.43661972880363464,16,0.8153954148292542,0.22614534199237823,0.5621762275695801,0.02470223978161812
24,56,True,0.47183099389076233,16,0.816175103187561,0.22691580653190613,0.5614137649536133,0.024404413998126984
24,57,True,0.5070422291755676,16,0.8152786493301392,0.22550058364868164,0.5619521141052246,0.024566182866692543
24,58,True,0.5422534942626953,16,0.816287636756897,0.22844456136226654,0.5623617768287659,0.024720830842852592
24,59,True,0.577464759349823,16,0.8164476156234741,0.23145261406898499,0.5623610615730286,0.02470950037240982
24,60,True,0.6126760840415955,16,0.8152135610580444,0.22756491601467133,0.5627014636993408,0.024864166975021362
24,61,True,0.6478873491287231,16,0.8157603144645691,0.2281462550163269,0.5624836683273315,0.024762475863099098
24,62,True,0.6830986142158508,16,0.8181516528129578,0.2341531366109848,0.5619925856590271,0.024581100791692734
24,63,True,0.7183098793029785,16,0.8193796873092651,0.23624655604362488,0.5613853335380554,0.024299632757902145
24,64,True,0.7535211443901062,16,0.8207201957702637,0.24235621094703674,0.5614696741104126,0.024249831214547157
24,65,True,0.7887324094772339,16,0.8206838369369507,0.24329929053783417,0.561122477054596,0.024117348715662956
24,66,True,0.8239436745643616,16,0.8196767568588257,0.2435847520828247,0.5615593194961548,0.024281904101371765
24,67,True,0.8591549396514893,16,0.8191506862640381,0.24383732676506042,0.5607207417488098,0.023984722793102264
24,68,True,0.8943662047386169,16,0.8217114210128784,0.24036990106105804,0.5601193904876709,0.02367001585662365
24,69,True,0.9295774698257446,16,0.8198853731155396,0.23879605531692505,0.5595659017562866,0.02332647331058979
24,70,True,0.9647887349128723,16,0.8206343650817871,0.23887388408184052,0.5588483214378357,0.0230109803378582
24,71,True,1.0,16,0.8196110129356384,0.23895610868930817,0.5479814410209656,0.01982363872230053
24,72,True,1.0,16,0.8189904689788818,0.23711001873016357,0.548579216003418,0.019862016662955284
24,73,True,1.0,16,0.8189594745635986,0.2370559275150299,0.5485749244689941,0.019865049049258232
24,74,True,1.0,16,0.8189346790313721,0.237055703997612,0.5485750436782837,0.019863108173012733
24,75,True,1.0,16,0.818932294845581,0.2370510995388031,0.5485743284225464,0.019864259287714958
24,76,True,1.0,16,0.8189333081245422,0.23704873025417328,0.5485711097717285,0.019864726811647415
24,77,True,1.0,16,0.8189375996589661,0.2370494157075882,0.5485714077949524,0.0198648814111948
24,78,True,1.0,16,0.8189423680305481,0.23704993724822998,0.5485713481903076,0.019864067435264587
24,79,True,1.0,16,0.8189418911933899,0.23704363405704498,0.5485714673995972,0.019864384084939957
24,80,True,1.0,16,0.8193254470825195,0.23782239854335785,0.5485855340957642,0.019907884299755096
24,81,True,1.0,16,0.8193143606185913,0.2378203421831131,0.5485869646072388,0.019908638671040535
24,82,True,1.0,16,0.8192951679229736,0.2377961426973343,0.5485860109329224,0.019906792789697647
24,83,True,1.0,16,0.8192535638809204,0.2377825528383255,0.5485883355140686,0.019906140863895416
24,84,True,1.0,16,0.8192496299743652,0.23779389262199402,0.5485864877700806,0.01990567147731781
24,85,True,1.0,16,0.8192501068115234,0.23779423534870148,0.5485879182815552,0.019906865432858467
24,86,True,1.0,16,0.8192579746246338,0.23779921233654022,0.5485873222351074,0.019907621666789055
24,87,True,1.0,16,0.8192514181137085,0.23778657615184784,0.5485872626304626,0.019907474517822266
24,88,True,1.0,16,0.8198814392089844,0.23950354754924774,0.5483002662658691,0.019879411906003952
24,89,True,1.0,16,0.8198361396789551,0.23948554694652557,0.5482969284057617,0.019881371408700943
24,90,True,1.0,16,0.8198263645172119,0.23948349058628082,0.5482995510101318,0.01988091506063938
24,91,True,1.0,16,0.8198256492614746,0.23941317200660706,0.5482994914054871,0.019881289452314377
24,92,True,1.0,16,0.8198174834251404,0.2394317090511322,0.5483013391494751,0.01988198608160019
24,93,True,1.0,16,0.8198307156562805,0.239454448223114,0.5483007431030273,0.019881540909409523
24,94,True,1.0,16,0.8198292851448059,0.23945319652557373,0.548301100730896,0.0198807455599308
24,95,True,1.0,16,0.8198300004005432,0.23945240676403046,0.5483014583587646,0.019880859181284904
24,96,True,1.0,16,0.82037353515625,0.24082039296627045,0.5480417013168335,0.019889483228325844
24,97,True,1.0,16,0.8203356862068176,0.24078118801116943,0.5480422973632812,0.019889431074261665
24,98,True,1.0,16,0.8203326463699341,0.24073633551597595,0.5480406880378723,0.019888849928975105
24,99,True,1.0,16,0.8203213214874268,0.24072995781898499,0.5480414628982544,0.01988823153078556
24,100,True,1.0,16,0.8203277587890625,0.2407294660806656,0.5480396747589111,0.019889527931809425
24,101,True,1.0,16,0.8203209638595581,0.24072715640068054,0.5480411052703857,0.01988890767097473
24,102,True,1.0,16,0.8203229904174805,0.24072986841201782,0.548041045665741,0.01988997496664524
24,103,True,1.0,16,0.8203234672546387,0.24072779715061188,0.5480405688285828,0.01988982781767845
24,104,True,1.0,16,0.8207509517669678,0.2415427267551422,0.548090934753418,0.019843142479658127
24,105,True,1.0,16,0.8207190036773682,0.24149693548679352,0.5480868816375732,0.0198419950902462
24,106,True,1.0,16,0.820693850517273,0.2415018230676651,0.5480855703353882,0.019840994849801064
24,107,False,0.0,16,0.8146271705627441,0.27291613817214966,0.5647631883621216,0.026025785133242607
24,108,False,0.0,16,0.8101266026496887,0.27515384554862976,0.5650954842567444,0.026131153106689453
24,109,False,0.0,16,0.8095604777336121,0.2757929265499115,0.5653939843177795,0.02619703859090805
24,110,False,0.0,16,0.8090330362319946,0.27649185061454773,0.565410852432251,0.02615455724298954
24,111,False,0.0,16,0.8081067204475403,0.27718010544776917,0.5658071041107178,0.026242516934871674
24,112,False,0.0,16,0.8076896667480469,0.27761325240135193,0.567009449005127,0.0267698485404253
24,113,False,0.0,16,0.8078303933143616,0.27775830030441284,0.5670663118362427,0.02678762748837471
24,114,False,0.0,16,0.8069895505905151,0.27831873297691345,0.5670892000198364,0.02679852768778801
24,115,False,0.0,16,0.806973934173584,0.27807748317718506,0.5670722126960754,0.026798954233527184
24,116,False,0.0,16,0.8070155382156372,0.27725717425346375,0.5674114227294922,0.02693028189241886
24,117,False,0.0,16,0.8071775436401367,0.2766402065753937,0.5671337246894836,0.026848532259464264
24,118,False,0.0,16,0.8067042827606201,0.27546724677085876,0.5674010515213013,0.026929324492812157
24,119,False,0.0,16,0.8071214556694031,0.274834007024765,0.5671292543411255,0.026853537186980247
24,120,False,0.0,16,0.807332456111908,0.27376314997673035,0.5671998262405396,0.026971736922860146
24,121,False,0.0,16,0.807956337928772,0.2727643549442291,0.5671616792678833,0.02697301283478737
24,122,False,0.0,16,0.8083250522613525,0.27157819271087646,0.5669288635253906,0.02688486874103546
24,123,False,0.0,16,0.8086073398590088,0.2713850736618042,0.5669683814048767,0.026864347979426384
24,124,False,0.0,16,0.8090686798095703,0.27076396346092224,0.5668199062347412,0.026811091229319572
24,125,False,0.0,16,0.8094452619552612,0.2707574963569641,0.5668202638626099,0.026834020391106606
24,126,False,0.0,16,0.8094479441642761,0.2709682881832123,0.5668095350265503,0.026829376816749573
24,127,False,0.0,16,0.8094863891601562,0.27098536491394043,0.5667955875396729,0.026827726513147354
24,128,False,0.0,16,0.8095024228096008,0.2712840139865875,0.567010760307312,0.027037348598241806
24,129,False,0.0,16,0.8095988631248474,0.2712148129940033,0.5669478178024292,0.027018876746296883
24,130,False,0.0,16,0.8098317384719849,0.27113574743270874,0.5669571161270142,0.02701018564403057
24,131,False,0.0,16,0.8098689317703247,0.27117547392845154,0.5669223070144653,0.027000704780220985
24,132,False,0.0,16,0.8100652098655701,0.27133122086524963,0.5667954683303833,0.026929907500743866
24,133,False,0.0,16,0.8106561899185181,0.2711581289768219,0.5669682025909424,0.026987718418240547
24,134,False,0.0,16,0.8114683628082275,0.27084678411483765,0.5671711564064026,0.027034921571612358
24,135,False,0.0,16,0.8119750022888184,0.27101290225982666,0.5672057867050171,0.027005424723029137
24,136,False,0.0,16,0.8120919466018677,0.2713278830051422,0.5683118104934692,0.027615424245595932
24,137,False,0.0,16,0.8123463988304138,0.2711346447467804,0.5684590339660645,0.02766122855246067
24,138,False,0.0,16,0.8122966885566711,0.27071088552474976,0.5686848163604736,0.02772393450140953
24,139,False,0.0,16,0.8120336532592773,0.2703714370727539,0.5689712762832642,0.0278328824788332
24,140,False,0.0,16,0.811448335647583,0.2698722183704376,0.5689442157745361,0.027816196903586388
24,141,False,0.0,16,0.8111560344696045,0.26971420645713806,0.5690772533416748,0.027842745184898376
24,142,False,0.0,16,0.8109220266342163,0.2694929540157318,0.5690096616744995,0.027819542214274406
25,0,False,0.0,0,0.7424978017807007,0.19085854291915894,0.5361757278442383,0.017164645716547966
25,1,False,0.0,1,0.8313314914703369,0.2584393620491028,0.5688415169715881,0.028120562434196472
25,2,False,0.0,2,0.8312191963195801,0.25852325558662415,0.568851113319397,0.02816518396139145
25,3,False,0.0,3,0.8317643404006958,0.2584666311740875,0.5688551664352417,0.02815454639494419
25,4,False,0.0,4,0.8327797651290894,0.25773751735687256,0.5689935684204102,0.02821706049144268
25,5,False,0.0,5,0.8334255814552307,0.2569219470024109,0.5690756440162659,0.028215954080224037
25,6,False,0.0,6,0.8341383934020996,0.2562386095523834,0.5689932107925415,0.02815711870789528
25,7,False,0.0,7,0.8345825672149658,0.2555589973926544,0.5686662197113037,0.028036225587129593
25,8,False,0.0,8,0.8330713510513306,0.256637305021286,0.5684082508087158,0.02794514037668705
25,9,False,0.0,9,0.8326274156570435,0.2568518817424774,0.5687892436981201,0.028205417096614838
25,10,False,0.0,10,0.8317360877990723,0.2568848431110382,0.5690468549728394,0.028337514027953148
25,11,False,0.0,11,0.8298954963684082,0.25799649953842163,0.5691581964492798,0.028388362377882004
25,12,False,0.0,12,0.8282530307769775,0.2590252757072449,0.5695125460624695,0.028507037088274956
25,13,False,0.0,13,0.8269374370574951,0.2592475414276123,0.5691425800323486,0.028355658054351807
25,14,False,0.0,14,0.8254929780960083,0.26073989272117615,0.5694226026535034,0.028464583680033684
25,15,False,0.0,15,0.8230953812599182,0.2625916600227356,0.569372296333313,0.028403880074620247
25,16,False,0.0,16,0.8208918571472168,0.26466992497444153,0.5698932409286499,0.02855748124420643
25,17,False,0.0,16,0.8184655904769897,0.2661186456680298,0.5704231262207031,0.028804104775190353
25,18,False,0.0,16,0.8152288794517517,0.2684982717037201,0.5707278847694397,0.028923707082867622
25,19,False,0.0,16,0.814943790435791,0.2698420584201813,0.571142315864563,0.029125060886144638
25,20,False,0.0,16,0.8143042922019958,0.271008163690567,0.5710829496383667,0.029039675369858742
25,21,False,0.0,16,0.8131852149963379,0.2729104161262512,0.5706727504730225,0.028875289484858513
25,22,False,0.0,16,0.8122471570968628,0.27401626110076904,0.570628821849823,0.028880581259727478
25,23,False,0.0,16,0.8118491172790527,0.27440401911735535,0.5704958438873291,0.028762979432940483
25,24,False,0.0,16,0.8121100664138794,0.274608314037323,0.5705824494361877,0.02879945933818817
25,25,False,0.0,16,0.8113902807235718,0.27485930919647217,0.5705030560493469,0.028799356892704964
25,26,False,0.0,16,0.8109201192855835,0.2752690315246582,0.5701930522918701,0.028678715229034424
25,27,False,0.0,16,0.8102092146873474,0.27658745646476746,0.5698992013931274,0.028564393520355225
25,28,False,0.0,16,0.8097546696662903,0.2766731381416321,0.5698633193969727,0.028583558276295662
25,29,False,0.0,16,0.8090365529060364,0.2769339680671692,0.5697324275970459,0.028552692383527756
25,30,True,0.01515151560306549,16,0.8074027895927429,0.2778169810771942,0.5693351030349731,0.028386205434799194
25,31,True,0.06565656512975693,16,0.8067888021469116,0.2780679762363434,0.570166826248169,0.02876591868698597
25,32,True,0.11616161465644836,16,0.8102686405181885,0.2732070982456207,0.5696642994880676,0.028575535863637924
25,33,True,0.1666666716337204,16,0.8090940117835999,0.27194181084632874,0.5672043561935425,0.02743418700993061
25,34,True,0.21717171370983124,16,0.808586835861206,0.27140265703201294,0.5672241449356079,0.027469053864479065
25,35,True,0.26767677068710327,16,0.8116373419761658,0.26481443643569946,0.5671406984329224,0.027379019185900688
25,36,True,0.3181818127632141,16,0.8145040273666382,0.2582471966743469,0.566979169845581,0.02734522521495819
25,37,True,0.36868685483932495,16,0.8142620921134949,0.2536150813102722,0.5663368105888367,0.027015194296836853
25,38,True,0.4191919267177582,16,0.8137573599815369,0.25405892729759216,0.5656647682189941,0.026702307164669037
25,39,True,0.469696968793869,16,0.8146202564239502,0.2504051923751831,0.5649504065513611,0.026405170559883118
25,40,True,0.5202020406723022,16,0.8150105476379395,0.24933691322803497,0.5644078254699707,0.02617030404508114
25,41,True,0.5707070827484131,16,0.8151611685752869,0.25038275122642517,0.5642865300178528,0.02608363889157772
25,42,True,0.6212121248245239,16,0.8155455589294434,0.25083521008491516,0.5646704435348511,0.026192281395196915
25,43,True,0.6717171669006348,16,0.8162277936935425,0.25132519006729126,0.5647574663162231,0.02622382342815399
25,44,True,0.7222222089767456,16,0.8165139555931091,0.25189724564552307,0.5648462772369385,0.026277875527739525
25,45,True,0.7727272510528564,16,0.8155034780502319,0.2520463764667511,0.564388632774353,0.026062754914164543
25,46,True,0.8232323527336121,16,0.8156848549842834,0.251899391412735,0.5653746128082275,0.026479149237275124
25,47,True,0.8737373948097229,16,0.81743323802948,0.24940523505210876,0.5651073455810547,0.026273593306541443
25,48,True,0.9242424368858337,16,0.818449854850769,0.2486249804496765,0.5639399290084839,0.025698328390717506
25,49,True,0.9747474789619446,16,0.8207366466522217,0.24896150827407837,0.5622403621673584,0.024788402020931244
25,50,True,1.0,16,0.8212523460388184,0.24932925403118134,0.5516980886459351,0.020663375034928322
25,51,True,1.0,16,0.8215503692626953,0.24939829111099243,0.5519541501998901,0.020702358335256577
25,52,True,1.0,16,0.8215503692626953,0.24939829111099243,0.5519541501998901,0.020702358335256577
25,53,True,1.0,16,0.8215503692626953,0.24939829111099243,0.5519541501998901,0.020702358335256577
25,54,True,1.0,16,0.8215503692626953,0.24939829111099243,0.5519541501998901,0.020702358335256577
25,55,True,1.0,16,0.8215503692626953,0.24939829111099243,0.5519541501998901,0.020702358335256577
25,56,True,1.0,16,0.8215503692626953,0.24939829111099243,0.5519541501998901,0.020702358335256577
25,57,True,1.0,16,0.821410059928894,0.24948909878730774,0.5534818172454834,0.02099216729402542
25,58,True,1.0,16,0.8214120864868164,0.2494838833808899,0.5534825325012207,0.02099279873073101
25,59,True,1.0,16,0.8214214444160461,0.24947874248027802,0.5534793138504028,0.020992159843444824
25,60,True,1.0,16,0.821420431137085,0.249476358294487,0.5534796714782715,0.02099270559847355
25,61,True,1.0,16,0.8214254975318909,0.24948282539844513,0.5534776449203491,0.020991865545511246
25,62,True,1.0,16,0.8214181065559387,0.24947942793369293,0.5534757375717163,0.02099178172647953
25,63,True,1.0,16,0.8214195370674133,0.2494787722826004,0.5534752607345581,0.02099175937473774
25,64,True,1.0,16,0.8214195370674133,0.24947859346866608,0.5534754991531372,0.020991763100028038
25,65,True,1.0,16,0.8215935230255127,0.24884317815303802,0.5553178787231445,0.021366696804761887
25,66,True,1.0,16,0.821601390838623,0.24883723258972168,0.5553187131881714,0.02136942744255066
25,67,True,1.0,16,0.8216084241867065,0.2488352209329605,0.5553185939788818,0.021369922906160355
25,68,True,1.0,16,0.8216052055358887,0.24883879721164703,0.5553168058395386,0.021371182054281235
25,69,True,1.0,16,0.8216040134429932,0.24882185459136963,0.5553175210952759,0.021370992064476013
25,70,True,1.0,16,0.8216079473495483,0.2488257735967636,0.5553188323974609,0.02137095481157303
25,71,True,1.0,16,0.8216068744659424,0.24882382154464722,0.5553178787231445,0.021371668204665184
25,72,True,1.0,16,0.8216053247451782,0.24882091581821442,0.5553179979324341,0.021370988339185715
25,73,True,1.0,16,0.8215450048446655,0.24895279109477997,0.5566602945327759,0.021679122000932693
25,74,True,1.0,16,0.8215885162353516,0.24890172481536865,0.5566532611846924,0.021678121760487556
25,75,False,0.0,16,0.8091057538986206,0.27805855870246887,0.5700106620788574,0.02846268005669117
25,76,False,0.0,16,0.8025212287902832,0.28044888377189636,0.5701406002044678,0.028534187003970146
25,77,False,0.0,16,0.8019383549690247,0.28082430362701416,0.570361852645874,0.028640534728765488
25,78,False,0.0,16,0.8010740876197815,0.2804147005081177,0.5705097317695618,0.028707686811685562
25,79,False,0.0,16,0.801015317440033,0.27994465827941895,0.570797324180603,0.028839794918894768
25,80,False,0.0,16,0.800911009311676,0.279538631439209,0.570979118347168,0.028955096378922462
25,81,False,0.0,16,0.8006401062011719,0.2802966833114624,0.571147084236145,0.02884937822818756
25,82,False,0.0,16,0.8006799221038818,0.27999210357666016,0.5709668397903442,0.028756793588399887
25,83,False,0.0,16,0.802033007144928,0.2792115807533264,0.570839524269104,0.028682729229331017
25,84,False,0.0,16,0.8036676645278931,0.2781262993812561,0.570553183555603,0.02859140932559967
25,85,False,0.0,16,0.8053930997848511,0.27617862820625305,0.5705345273017883,0.028594333678483963
25,86,False,0.0,16,0.8070335388183594,0.27468040585517883,0.5704271793365479,0.028563672676682472
25,87,False,0.0,16,0.8073376417160034,0.2738904654979706,0.5705154538154602,0.028593624010682106
25,88,False,0.0,16,0.8075442314147949,0.27422019839286804,0.570671558380127,0.028691940009593964
25,89,False,0.0,16,0.8080267310142517,0.2747223675251007,0.570745587348938,0.028532683849334717
25,90,False,0.0,16,0.8083389401435852,0.27463439106941223,0.5709387063980103,0.02861716039478779
25,91,False,0.0,16,0.8089953660964966,0.2739236056804657,0.5712426900863647,0.028714420273900032
25,92,False,0.0,16,0.8091720342636108,0.27345147728919983,0.571600615978241,0.028855372220277786
25,93,False,0.0,16,0.8093942403793335,0.27306926250457764,0.5717102289199829,0.0289137102663517
25,94,False,0.0,16,0.8090705871582031,0.2730822265148163,0.571587324142456,0.02882932871580124
25,95,False,0.0,16,0.8087232708930969,0.273220956325531,0.5713627338409424,0.028704114258289337
25,96,False,0.0,16,0.8083400726318359,0.27311787009239197,0.5714912414550781,0.028762102127075195
25,97,False,0.0,16,0.8074544668197632,0.27274489402770996,0.5711154341697693,0.028511928394436836
25,98,False,0.0,16,0.8066148161888123,0.27227887511253357,0.570777416229248,0.028387222439050674
25,99,False,0.0,16,0.8062207102775574,0.2718818187713623,0.5704085826873779,0.028263486921787262
26,0,False,0.0,0,0.7122526168823242,0.1780766248703003,0.5404391288757324,0.01960546150803566
26,1,False,0.0,1,0.8296183347702026,0.2568044662475586,0.5727850794792175,0.02956511080265045
26,2,False,0.0,2,0.8307926654815674,0.2560793459415436,0.5728826522827148,0.029658766463398933
26,3,False,0.0,3,0.8312747478485107,0.25552836060523987,0.5729748010635376,0.029741231352090836
26,4,False,0.0,4,0.8332952857017517,0.25374406576156616,0.5725895166397095,0.029511187225580215
26,5,False,0.0,5,0.8341640830039978,0.25404092669487,0.5719687938690186,0.029166698455810547
26,6,False,0.0,6,0.8338364362716675,0.2543579936027527,0.5718997120857239,0.029149068519473076
26,7,False,0.0,7,0.8335059881210327,0.2546693980693817,0.5717594027519226,0.029059655964374542
26,8,False,0.0,8,0.8337829113006592,0.25465577840805054,0.5710070133209229,0.02869975008070469
26,9,False,0.0,9,0.8344171047210693,0.2547997832298279,0.5708966255187988,0.02864227071404457
26,10,False,0.0,10,0.8345485925674438,0.2548409700393677,0.570828914642334,0.028598109260201454
26,11,False,0.0,11,0.8344937562942505,0.25495508313179016,0.570878267288208,0.028610114008188248
26,12,False,0.0,12,0.8344680070877075,0.2551476061344147,0.5709747076034546,0.028617504984140396
26,13,False,0.0,13,0.834335446357727,0.25512829422950745,0.5708049535751343,0.028439488261938095
26,14,False,0.0,14,0.8346773982048035,0.2549339532852173,0.570842981338501,0.028453033417463303
26,15,False,0.0,15,0.8353091478347778,0.2551599144935608,0.5708003044128418,0.028463369235396385
26,16,False,0.0,16,0.8351153135299683,0.2556595206260681,0.5705867409706116,0.02840079739689827
26,17,False,0.0,16,0.8345256447792053,0.25648555159568787,0.5705488920211792,0.028471609577536583
26,18,False,0.0,16,0.8343645334243774,0.2567027807235718,0.5705186128616333,0.028444118797779083
26,19,False,0.0,16,0.834618866443634,0.2565162777900696,0.5704795122146606,0.02842547930777073
26,20,False,0.0,16,0.8344082832336426,0.25657936930656433,0.5701053738594055,0.028296543285250664
26,21,False,0.0,16,0.8340702056884766,0.256771445274353,0.569622814655304,0.027926040813326836
26,22,False,0.0,16,0.833067774772644,0.2570827007293701,0.5693404674530029,0.02777704782783985
26,23,False,0.0,16,0.832527220249176,0.2577495276927948,0.5692416429519653,0.02770611084997654
26,24,False,0.0,16,0.8314419984817505,0.25887343287467957,0.5691651105880737,0.02769278921186924
26,25,False,0.0,16,0.8309160470962524,0.25938791036605835,0.5691214799880981,0.027706913650035858
26,26,False,0.0,16,0.8307971954345703,0.25976821780204773,0.5689132213592529,0.02768176607787609
26,27,False,0.0,16,0.8301264047622681,0.2603958547115326,0.5692269802093506,0.02778611145913601
26,28,False,0.0,16,0.8294811248779297,0.2605288326740265,0.5693395137786865,0.027825959026813507
26,29,False,0.0,16,0.8288854360580444,0.2611474096775055,0.5693213939666748,0.027637071907520294
26,30,False,0.0,16,0.8270902633666992,0.26179394125938416,0.5695835947990417,0.02769971825182438
26,31,False,0.0,16,0.8256455659866333,0.2630099356174469,0.5698573589324951,0.0277598574757576
26,32,False,0.0,16,0.8238979578018188,0.2647399306297302,0.5697222948074341,0.02764391340315342
26,33,False,0.0,16,0.8212642669677734,0.2673146426677704,0.5701277256011963,0.027801578864455223
26,34,False,0.0,16,0.8185135722160339,0.2700248956680298,0.5703891515731812,0.027872560545802116
26,35,False,0.0,16,0.815454363822937,0.2728385627269745,0.5707002878189087,0.027980173006653786
26,36,False,0.0,16,0.8135666847229004,0.27433380484580994,0.5705661177635193,0.027899568900465965
26,37,False,0.0,16,0.8117653131484985,0.27571815252304077,0.5694409608840942,0.02730993553996086
26,38,False,0.0,16,0.810573160648346,0.2770116925239563,0.5691916942596436,0.02716749534010887
26,39,True,0.011627906933426857,16,0.8101967573165894,0.2771623730659485,0.5686261653900146,0.026930339634418488
26,40,True,0.05038759857416153,16,0.8093219995498657,0.27786657214164734,0.5683014392852783,0.026848452165722847
26,41,True,0.08914728462696075,16,0.8092119693756104,0.2774140238761902,0.5684595108032227,0.026828771457076073
26,42,True,0.12790697813034058,16,0.8090405464172363,0.2765602767467499,0.5690765380859375,0.027079883962869644
26,43,True,0.1666666716337204,16,0.8084098696708679,0.2750449776649475,0.5688604116439819,0.026944292709231377
26,44,True,0.20542635023593903,16,0.808154284954071,0.2746824324131012,0.5697073936462402,0.027261851355433464
26,45,True,0.24418604373931885,16,0.8089234828948975,0.27209973335266113,0.570000946521759,0.027224808931350708
26,46,True,0.2829457223415375,16,0.8109474778175354,0.2696631848812103,0.5699238777160645,0.027255868539214134
26,47,True,0.3217054307460785,16,0.8135566115379333,0.2686443030834198,0.5698291659355164,0.02719038724899292
26,48,True,0.3604651093482971,16,0.8135228753089905,0.27019885182380676,0.5697915554046631,0.02711166813969612
26,49,True,0.39922481775283813,16,0.8142663240432739,0.2690941393375397,0.5695677995681763,0.026939034461975098
26,50,True,0.43798449635505676,16,0.8153665065765381,0.26743751764297485,0.5688121914863586,0.026633603498339653
26,51,True,0.4767441749572754,16,0.8153181076049805,0.26638200879096985,0.5686087608337402,0.026513734832406044
26,52,True,0.5155038833618164,16,0.8161799907684326,0.26477429270744324,0.5682135820388794,0.026316821575164795
26,53,True,0.5542635917663574,16,0.816937267780304,0.26323214173316956,0.567319393157959,0.02594704180955887
26,54,True,0.5930232405662537,16,0.8187735080718994,0.25938698649406433,0.5668010115623474,0.025718165561556816
26,55,True,0.6317829489707947,16,0.8187087774276733,0.25777435302734375,0.5667047500610352,0.025712545961141586
26,56,True,0.6705426573753357,16,0.8184210658073425,0.2577781677246094,0.5667732357978821,0.025700850412249565
26,57,True,0.7093023061752319,16,0.8198648691177368,0.2547127902507782,0.566342294216156,0.025553356856107712
26,58,True,0.748062014579773,16,0.8192265033721924,0.25537487864494324,0.5665724873542786,0.02563660778105259
26,59,True,0.786821722984314,16,0.8190858364105225,0.2559768855571747,0.5665433406829834,0.02563387155532837
26,60,True,0.8255813717842102,16,0.8195687532424927,0.2540396749973297,0.5667873620986938,0.025710463523864746
26,61,True,0.8643410801887512,16,0.8191841840744019,0.2534336745738983,0.5665338039398193,0.0255566593259573
26,62,True,0.9031007885932922,16,0.820276141166687,0.250784307718277,0.5664992332458496,0.025412485003471375
26,63,True,0.9418604373931885,16,0.8213691711425781,0.24942122399806976,0.5663701295852661,0.025257723405957222
26,64,True,0.9806201457977295,16,0.8215223550796509,0.24912674725055695,0.5657943487167358,0.02484826371073723
26,65,True,1.0,16,0.8210835456848145,0.24929043650627136,0.5613731741905212,0.022935573011636734
26,66,True,1.0,16,0.8212225437164307,0.24865864217281342,0.5614907145500183,0.022998172789812088
26,67,True,1.0,16,0.8212225437164307,0.24865864217281342,0.5614907145500183,0.022998172789812088
26,68,True,1.0,16,0.8212225437164307,0.24865864217281342,0.5614907145500183,0.022998172789812088
26,69,True,1.0,16,0.8211411237716675,0.2483736276626587,0.5610067844390869,0.02285439521074295
26,70,True,1.0,16,0.8211334943771362,0.24837875366210938,0.5610019564628601,0.02285500429570675
26,71,True,1.0,16,0.8211363554000854,0.2483775019645691,0.5610003471374512,0.022855328395962715
26,72,True,1.0,16,0.8211370706558228,0.24837632477283478,0.5609983801841736,0.022854110226035118
26,73,True,1.0,16,0.8211311101913452,0.24834273755550385,0.5609985589981079,0.022854778915643692
26,74,True,1.0,16,0.8211413621902466,0.24838070571422577,0.5609990358352661,0.022855112329125404
26,75,True,1.0,16,0.8211358785629272,0.24834027886390686,0.5609980225563049,0.022855345159769058
26,76,True,1.0,16,0.8211338520050049,0.24833959341049194,0.5609973669052124,0.022855442017316818
26,77,True,1.0,16,0.8212984800338745,0.24705511331558228,0.5603995323181152,0.022588908672332764
26,78,True,1.0,16,0.8212795257568359,0.24708043038845062,0.5603983998298645,0.02259059250354767
26,79,True,1.0,16,0.8212816715240479,0.24708804488182068,0.5603999495506287,0.022591622546315193
26,80,True,1.0,16,0.8212867975234985,0.2470856010913849,0.5604038834571838,0.022591587156057358
26,81,True,1.0,16,0.8212846517562866,0.24708853662014008,0.56040358543396,0.022591667249798775
26,82,True,1.0,16,0.8212846517562866,0.2470838725566864,0.5604019165039062,0.022591985762119293
26,83,True,1.0,16,0.8212831020355225,0.24708160758018494,0.56040358543396,0.022591494023799896
26,84,True,1.0,16,0.8212816715240479,0.2470829039812088,0.5604034662246704,0.022590572014451027
26,85,True,1.0,16,0.8214753866195679,0.2458404153585434,0.5598794221878052,0.022415583953261375
26,86,True,1.0,16,0.821468710899353,0.24583792686462402,0.559880256652832,0.02241695486009121
26,87,True,1.0,16,0.8214753866195679,0.2458447813987732,0.5598820447921753,0.022416582331061363
26,88,True,1.0,16,0.8214668035507202,0.2458418309688568,0.5598840713500977,0.022417275235056877
26,89,True,1.0,16,0.8214672803878784,0.24584244191646576,0.5598846673965454,0.022418176755309105
26,90,True,1.0,16,0.8214727640151978,0.24583804607391357,0.5598834753036499,0.022418079897761345
26,91,True,1.0,16,0.8214718103408813,0.24584098160266876,0.5598837733268738,0.02241816371679306
26,92,True,1.0,16,0.8214720487594604,0.2458392083644867,0.5598843097686768,0.022418957203626633
26,93,True,1.0,16,0.8216243982315063,0.24447573721408844,0.5593810081481934,0.022219011560082436
26,94,True,1.0,16,0.8216363191604614,0.24447587132453918,0.5593780279159546,0.02221984602510929
26,95,True,1.0,16,0.8216463327407837,0.24447301030158997,0.559378981590271,0.022219553589820862
26,96,True,1.0,16,0.8216487169265747,0.24446815252304077,0.5593777894973755,0.02222040481865406
26,97,False,0.0,16,0.8207960724830627,0.27039092779159546,0.5670716762542725,0.025584468618035316
26,98,False,0.0,16,0.8143423795700073,0.2730801999568939,0.5672268867492676,0.025636814534664154
26,99,False,0.0,16,0.8118243217468262,0.2749996781349182,0.5675666332244873,0.02578839845955372
26,100,False,0.0,16,0.8100367188453674,0.27648165822029114,0.5675033926963806,0.025768782943487167
26,101,False,0.0,16,0.8094388246536255,0.27664586901664734,0.5682669281959534,0.025978898629546165
26,102,False,0.0,16,0.8088392019271851,0.27696892619132996,0.568800151348114,0.026156064122915268
26,103,False,0.0,16,0.8069308400154114,0.27864715456962585,0.5688447952270508,0.02617069147527218
26,104,False,0.0,16,0.8051347732543945,0.28015002608299255,0.5694043040275574,0.026359708979725838
26,105,False,0.0,16,0.8044724464416504,0.2809010446071625,0.5696084499359131,0.026352765038609505
26,106,False,0.0,16,0.8044474124908447,0.280657559633255,0.5695332288742065,0.026318849995732307
26,107,False,0.0,16,0.8047236204147339,0.28029027581214905,0.5692785978317261,0.026252927258610725
26,108,False,0.0,16,0.80559241771698,0.27998262643814087,0.5696447491645813,0.026354238390922546
26,109,False,0.0,16,0.8070563673973083,0.27887973189353943,0.5701868534088135,0.02654445730149746
26,110,False,0.0,16,0.8078559637069702,0.2778647541999817,0.5703712105751038,0.02662033587694168
26,111,False,0.0,16,0.8084755539894104,0.27630341053009033,0.5704731941223145,0.026625627651810646
26,112,False,0.0,16,0.8092268705368042,0.27541980147361755,0.5703491568565369,0.0266043022274971
26,113,False,0.0,16,0.8092831373214722,0.2748682200908661,0.5702949166297913,0.02655542455613613
26,114,False,0.0,16,0.8097988963127136,0.27418288588523865,0.5701665878295898,0.026514077559113503
26,115,False,0.0,16,0.8102219104766846,0.2732200026512146,0.5699319243431091,0.026469774544239044
26,116,False,0.0,16,0.8108760118484497,0.2725054919719696,0.5698174238204956,0.02644979953765869
26,117,False,0.0,16,0.8114289045333862,0.2722078859806061,0.5704853534698486,0.026843447238206863
26,118,False,0.0,16,0.8114405870437622,0.27209892868995667,0.5705924034118652,0.026884810999035835
26,119,False,0.0,16,0.8116313219070435,0.27198851108551025,0.5703992247581482,0.026857459917664528
26,120,False,0.0,16,0.8132806420326233,0.2712246775627136,0.569645881652832,0.026623236015439034
26,121,False,0.0,16,0.8150286078453064,0.27046099305152893,0.5696920156478882,0.02654077671468258
26,122,False,0.0,16,0.8145025968551636,0.2710725963115692,0.5696369409561157,0.026494894176721573
26,123,False,0.0,16,0.8142272233963013,0.27134573459625244,0.5694897770881653,0.026437586173415184
26,124,False,0.0,16,0.8140017986297607,0.2716040015220642,0.569233238697052,0.026330621913075447
26,125,False,0.0,16,0.813996434211731,0.2713751196861267,0.5698127746582031,0.026774371042847633
26,126,False,0.0,16,0.8140959143638611,0.27121227979660034,0.5699813961982727,0.026843436062335968
26,127,False,0.0,16,0.81351637840271,0.2713221609592438,0.5700488090515137,0.02691567689180374
26,128,False,0.0,16,0.8135968446731567,0.27123820781707764,0.5698463916778564,0.026887787505984306
26,129,False,0.0,16,0.8132402896881104,0.2713925838470459,0.5698352456092834,0.02691001445055008
27,0,False,0.0,0,0.7485249042510986,0.1897546499967575,0.5354363322257996,0.01589369587600231
27,1,False,0.0,1,0.8350023627281189,0.25385552644729614,0.5700594782829285,0.026822062209248543
27,2,False,0.0,2,0.8358674049377441,0.2519973814487457,0.5700153112411499,0.02674642577767372
27,3,False,0.0,3,0.8355693221092224,0.251881867647171,0.5706475973129272,0.027147144079208374
27,4,False,0.0,4,0.8344428539276123,0.2524823546409607,0.5705947279930115,0.027104513719677925
27,5,False,0.0,5,0.8337245583534241,0.2524731457233429,0.5704424977302551,0.026986775919795036
27,6,False,0.0,6,0.8322163820266724,0.25266286730766296,0.5703848600387573,0.026964671909809113
27,7,False,0.0,7,0.8310741782188416,0.25414347648620605,0.5704573392868042,0.026988917961716652
27,8,False,0.0,8,0.8300653100013733,0.25461652874946594,0.570408821105957,0.027014127001166344
27,9,False,0.0,9,0.828214704990387,0.2560809552669525,0.570568323135376,0.02705140970647335
27,10,False,0.0,10,0.826265275478363,0.2583223283290863,0.5702515840530396,0.026930920779705048
27,11,False,0.0,11,0.8248014450073242,0.26077166199684143,0.5709792375564575,0.027344800531864166
27,12,False,0.0,12,0.8229278922080994,0.2618768513202667,0.570809006690979,0.0272517129778862
27,13,False,0.0,13,0.8201979398727417,0.2643718123435974,0.5713521242141724,0.027427256107330322
27,14,False,0.0,14,0.8184832334518433,0.2666924297809601,0.5716031789779663,0.02750569023191929
27,15,False,0.0,15,0.816802978515625,0.2676350772380829,0.5716300010681152,0.02750455029308796
27,16,False,0.0,16,0.8155404329299927,0.26874783635139465,0.5720115900039673,0.027697136625647545
27,17,False,0.0,16,0.8145501017570496,0.26857492327690125,0.5721348524093628,0.027728082612156868
27,18,False,0.0,16,0.812781572341919,0.26870086789131165,0.5723687410354614,0.027834611013531685
27,19,False,0.0,16,0.811531126499176,0.26873984932899475,0.5729589462280273,0.028137486428022385
27,20,False,0.0,16,0.8109798431396484,0.2681114971637726,0.5730623602867126,0.02822539582848549
27,21,False,0.0,16,0.811038076877594,0.2699074149131775,0.5729237794876099,0.02823122963309288
27,22,False,0.0,16,0.8117420673370361,0.270979106426239,0.572912871837616,0.028285574167966843
27,23,False,0.0,16,0.81169593334198,0.2724336087703705,0.5726358890533447,0.028144948184490204
27,24,False,0.0,16,0.8122936487197876,0.2730949819087982,0.5722026228904724,0.028020959347486496
27,25,False,0.0,16,0.8122653365135193,0.2742542028427124,0.5720921754837036,0.027985211461782455
27,26,False,0.0,16,0.81069016456604,0.2760145366191864,0.5719270706176758,0.027925267815589905
27,27,False,0.0,16,0.809969425201416,0.27662989497184753,0.5719301700592041,0.028013497591018677
27,28,False,0.0,16,0.8103529214859009,0.2761523723602295,0.5717422962188721,0.027941076084971428
27,29,False,0.0,16,0.8087965250015259,0.27658241987228394,0.5715237855911255,0.027854304760694504
27,30,True,0.04639175161719322,16,0.8086565732955933,0.27593591809272766,0.5720571279525757,0.028091924265027046
27,31,True,0.09793814271688461,16,0.8087815642356873,0.27601325511932373,0.5714409351348877,0.02791394665837288
27,32,True,0.1494845300912857,16,0.810029923915863,0.2736099660396576,0.5700129270553589,0.027306903153657913
27,33,True,0.2010309249162674,16,0.8096884489059448,0.27112945914268494,0.5710970163345337,0.027765212580561638
27,34,True,0.2525773048400879,16,0.8137784004211426,0.262832373380661,0.5716375112533569,0.02796458639204502
27,35,True,0.3041236996650696,16,0.8178346157073975,0.2595510482788086,0.5713120698928833,0.027920372784137726
27,36,True,0.35567009449005127,16,0.8174704313278198,0.2582363784313202,0.5704286098480225,0.027497561648488045
27,37,True,0.40721648931503296,16,0.8162603378295898,0.25921881198883057,0.5703067779541016,0.02742653340101242
27,38,True,0.45876288414001465,16,0.8165947198867798,0.2582550644874573,0.5695996880531311,0.027189701795578003
27,39,True,0.5103092789649963,16,0.816451907157898,0.2583810091018677,0.5690494775772095,0.026966070756316185
27,40,True,0.561855673789978,16,0.8164386749267578,0.2584030032157898,0.5688961744308472,0.026914600282907486
27,41,True,0.6134020686149597,16,0.8155055046081543,0.2592393755912781,0.5693318247795105,0.027089469134807587
27,42,True,0.6649484634399414,16,0.8158183097839355,0.25981736183166504,0.5697336196899414,0.02724260836839676
27,43,True,0.7164948582649231,16,0.8156530261039734,0.26149702072143555,0.5701112747192383,0.02738768234848976
27,44,True,0.7680412530899048,16,0.8159133791923523,0.2605111598968506,0.5696760416030884,0.027221770957112312
27,45,True,0.8195876479148865,16,0.8152111768722534,0.2612355351448059,0.5706193447113037,0.02760525606572628
27,46,True,0.8711340427398682,16,0.8172833919525146,0.26032835245132446,0.5701609253883362,0.027329066768288612
27,47,True,0.9226804375648499,16,0.8176053166389465,0.25962352752685547,0.5696330070495605,0.027004322037100792
27,48,True,0.9742268323898315,16,0.8213756084442139,0.24895775318145752,0.567354679107666,0.025955241173505783
27,49,True,1.0,16,0.8213714361190796,0.24893608689308167,0.557915210723877,0.022130655124783516
27,50,True,1.0,16,0.8216851949691772,0.24856802821159363,0.5580476522445679,0.022197112441062927
27,51,True,1.0,16,0.8214616775512695,0.24943885207176208,0.5584348440170288,0.022239740937948227
27,52,True,1.0,16,0.8214607238769531,0.24943338334560394,0.5584375858306885,0.022241540253162384
27,53,True,1.0,16,0.8214612007141113,0.24942006170749664,0.558434009552002,0.022240769118070602
27,54,True,1.0,16,0.8214573860168457,0.24942010641098022,0.5584379434585571,0.022239163517951965
27,55,True,1.0,16,0.8214621543884277,0.24942022562026978,0.5584357976913452,0.022240454331040382
27,56,True,1.0,16,0.8214624524116516,0.24942007660865784,0.5584367513656616,0.022239914163947105
27,57,True,1.0,16,0.8214588165283203,0.24941982328891754,0.5584369897842407,0.02224104292690754
27,58,True,1.0,16,0.8214607834815979,0.24942204356193542,0.5584368705749512,0.02224089577794075
27,59,True,1.0,16,0.8214378356933594,0.24957060813903809,0.5588877201080322,0.022273236885666847
27,60,True,1.0,16,0.8214390277862549,0.24957075715065002,0.5588936805725098,0.02227451466023922
27,61,True,1.0,16,0.8214374780654907,0.24956238269805908,0.5588966608047485,0.022274916991591454
27,62,True,1.0,16,0.8214445114135742,0.24956881999969482,0.5588963031768799,0.02227444387972355
27,63,True,1.0,16,0.8214441537857056,0.24956893920898438,0.5588993430137634,0.022275352850556374
27,64,True,1.0,16,0.821438193321228,0.24956130981445312,0.5588997602462769,0.022275594994425774
27,65,True,1.0,16,0.8214389085769653,0.24956271052360535,0.5588995814323425,0.022276144474744797
27,66,True,1.0,16,0.8214372396469116,0.24956060945987701,0.5589005351066589,0.02227601781487465
27,67,True,1.0,16,0.821394681930542,0.24973396956920624,0.5593172311782837,0.02227754518389702
27,68,True,1.0,16,0.8213989734649658,0.24973154067993164,0.5593206286430359,0.022276174277067184
27,69,True,1.0,16,0.8214025497436523,0.24973298609256744,0.5593210458755493,0.022274402901530266
27,70,True,1.0,16,0.8214035034179688,0.2497311234474182,0.5593253970146179,0.02227482758462429
27,71,True,1.0,16,0.8214051723480225,0.24973294138908386,0.5593256950378418,0.022274740040302277
27,72,True,1.0,16,0.8214080333709717,0.24973469972610474,0.5593267679214478,0.022275250405073166
27,73,False,0.0,16,0.8152622580528259,0.27357035875320435,0.5727561712265015,0.0286822821944952
27,74,False,0.0,16,0.8092013597488403,0.27751171588897705,0.5727452039718628,0.028712404891848564
27,75,False,0.0,16,0.8068276047706604,0.2792314887046814,0.5725892782211304,0.028701061382889748
27,76,False,0.0,16,0.8049694299697876,0.28072455525398254,0.5727492570877075,0.028779778629541397
27,77,False,0.0,16,0.8036696910858154,0.28163909912109375,0.5731014013290405,0.028881359845399857
27,78,False,0.0,16,0.802973747253418,0.28222811222076416,0.5731992721557617,0.028935234993696213
27,79,False,0.0,16,0.8024691343307495,0.28185999393463135,0.5729570388793945,0.028844714164733887
27,80,False,0.0,16,0.8023739457130432,0.2818780541419983,0.5726653337478638,0.028746450319886208
27,81,False,0.0,16,0.8030368089675903,0.28089091181755066,0.572852373123169,0.028805328533053398
27,82,False,0.0,16,0.8036509156227112,0.28012436628341675,0.57280433177948,0.02879897691309452
27,83,False,0.0,16,0.8046976327896118,0.27891990542411804,0.5729119777679443,0.028861286118626595
27,84,False,0.0,16,0.8053352236747742,0.2776373028755188,0.5728201866149902,0.028828268870711327
27,85,False,0.0,16,0.8060199022293091,0.2762911915779114,0.5728411674499512,0.02885088324546814
27,86,False,0.0,16,0.806811511516571,0.27481263875961304,0.5730983018875122,0.028974948450922966
27,87,False,0.0,16,0.808606743812561,0.27298906445503235,0.5736159086227417,0.029219450429081917
27,88,False,0.0,16,0.8095242977142334,0.2721323072910309,0.5733767747879028,0.02913796156644821
27,89,False,0.0,16,0.8100322484970093,0.2718007564544678,0.5734368562698364,0.029130805283784866
27,90,False,0.0,16,0.8099839091300964,0.2714817225933075,0.5735270380973816,0.029161641374230385
27,91,False,0.0,16,0.8100001811981201,0.271196186542511,0.5738847851753235,0.02909429743885994
27,92,False,0.0,16,0.8099251985549927,0.2710522711277008,0.573898196220398,0.029122604057192802
27,93,False,0.0,16,0.8100991249084473,0.2709265351295471,0.5740233063697815,0.029177747666835785
27,94,False,0.0,16,0.8106492161750793,0.2704716920852661,0.5737396478652954,0.029090646654367447
27,95,False,0.0,16,0.812299370765686,0.27005088329315186,0.5735239386558533,0.029019057750701904
27,96,False,0.0,16,0.8129672408103943,0.26994118094444275,0.5734191536903381,0.02897174097597599
27,97,False,0.0,16,0.8121727705001831,0.270329087972641,0.5731465220451355,0.02883777767419815
28,0,False,0.0,0,0.7488420009613037,0.17482824623584747,0.5382583141326904,0.017905404791235924
28,1,False,0.0,1,0.8368613123893738,0.2536099851131439,0.5735957622528076,0.028897879645228386
28,2,False,0.0,2,0.8370498418807983,0.25339964032173157,0.5736598372459412,0.02896737866103649
28,3,False,0.0,3,0.8376796841621399,0.25276264548301697,0.5738239288330078,0.02906160242855549
28,4,False,0.0,4,0.838767945766449,0.2515657842159271,0.5737170577049255,0.029011914506554604
28,5,False,0.0,5,0.8395907282829285,0.2507662773132324,0.5736998319625854,0.02900848537683487
28,6,False,0.0,6,0.840010941028595,0.2505471110343933,0.5737423896789551,0.02902478538453579
28,7,False,0.0,7,0.8399022817611694,0.25058621168136597,0.5734919309616089,0.028922108933329582
28,8,False,0.0,8,0.8395609259605408,0.2507546842098236,0.5732851028442383,0.028808806091547012
28,9,False,0.0,9,0.8391709923744202,0.2509133815765381,0.5730660557746887,0.028568262234330177
28,10,False,0.0,10,0.8386368751525879,0.25148430466651917,0.5729859471321106,0.028514578938484192
28,11,False,0.0,11,0.8381665349006653,0.25177201628685,0.5727739334106445,0.02842404507100582
28,12,False,0.0,12,0.8379834294319153,0.25210994482040405,0.5724116563796997,0.028272029012441635
28,13,False,0.0,13,0.8374689221382141,0.2529449462890625,0.5725236535072327,0.028301600366830826
28,14,False,0.0,14,0.8367437124252319,0.25369149446487427,0.5725004076957703,0.02832624688744545
28,15,False,0.0,15,0.8358923196792603,0.2538174092769623,0.5722326040267944,0.028243614360690117
28,16,False,0.0,16,0.8358063697814941,0.2534783184528351,0.5721153020858765,0.02823244407773018
28,17,False,0.0,16,0.8356212377548218,0.25350382924079895,0.5722438097000122,0.028206784278154373
28,18,False,0.0,16,0.8345557451248169,0.2541421353816986,0.5724331140518188,0.028290381655097008
28,19,False,0.0,16,0.834185004234314,0.2542594075202942,0.5725486874580383,0.028342949226498604
28,20,False,0.0,16,0.8338279724121094,0.25464096665382385,0.5722350478172302,0.028299251571297646
28,21,False,0.0,16,0.8334602117538452,0.25473377108573914,0.5721688270568848,0.028300495818257332
28,22,False,0.0,16,0.8331476449966431,0.2550123631954193,0.5718754529953003,0.028269359841942787
28,23,False,0.0,16,0.8324869275093079,0.25555717945098877,0.5716345310211182,0.02824196219444275
28,24,False,0.0,16,0.8319523334503174,0.2558739185333252,0.5718755722045898,0.02842535823583603
28,25,False,0.0,16,0.8310549259185791,0.2561441957950592,0.5720574855804443,0.028515277430415154
28,26,False,0.0,16,0.8303995132446289,0.2568730413913727,0.5717235803604126,0.028429580852389336
28,27,False,0.0,16,0.8285839557647705,0.25796082615852356,0.5717412233352661,0.02839411422610283
28,28,False,0.0,16,0.8279376029968262,0.2582569718360901,0.5719535946846008,0.028431707993149757
28,29,False,0.0,16,0.827484667301178,0.2585905194282532,0.572250247001648,0.02853846363723278
28,30,False,0.0,16,0.825499415397644,0.2605624496936798,0.5724059343338013,0.028556162491440773
28,31,False,0.0,16,0.8234225511550903,0.2631241977214813,0.5727736949920654,0.028663313016295433
28,32,False,0.0,16,0.8222861886024475,0.26539161801338196,0.5735533237457275,0.028973491862416267
28,33,False,0.0,16,0.8211003541946411,0.26633498072624207,0.5741320848464966,0.02894556149840355
28,34,False,0.0,16,0.819413423538208,0.26760053634643555,0.574683427810669,0.029181571677327156
28,35,False,0.0,16,0.8180955648422241,0.2684737741947174,0.5749802589416504,0.02927355468273163
28,36,False,0.0,16,0.8173554539680481,0.26826202869415283,0.5747178792953491,0.0291918832808733
28,37,False,0.0,16,0.8170545101165771,0.2680222690105438,0.5747095346450806,0.02921014279127121
28,38,False,0.0,16,0.8163129091262817,0.26824575662612915,0.5749332904815674,0.029262175783514977
28,39,False,0.0,16,0.814474880695343,0.2697325646877289,0.5744941234588623,0.029088595882058144
28,40,False,0.0,16,0.8139455914497375,0.27018657326698303,0.574339747428894,0.029080025851726532
28,41,False,0.0,16,0.8139309883117676,0.27024903893470764,0.5746064186096191,0.02895480766892433
28,42,False,0.0,16,0.8142622113227844,0.26957181096076965,0.5742549896240234,0.02883722633123398
28,43,False,0.0,16,0.8137420415878296,0.2696884870529175,0.5739609003067017,0.028716234490275383
28,44,False,0.0,16,0.8130755424499512,0.2703862190246582,0.5738628506660461,0.028642045333981514
28,45,False,0.0,16,0.8127495050430298,0.2705276310443878,0.5735827684402466,0.028544163331389427
28,46,False,0.0,16,0.8122609257698059,0.2706805169582367,0.5732913017272949,0.02841530740261078
28,47,False,0.0,16,0.8116607069969177,0.2708437144756317,0.5732507705688477,0.028403934091329575
28,48,False,0.0,16,0.811424970626831,0.2706807553768158,0.5735714435577393,0.028541481122374535
28,49,False,0.0,16,0.8117562532424927,0.2698908746242523,0.5741074681282043,0.02861752361059189
28,50,False,0.0,16,0.811663031578064,0.26872655749320984,0.5741256475448608,0.028621850535273552
28,51,False,0.0,16,0.8117729425430298,0.2678889036178589,0.5738847255706787,0.028531836345791817
28,52,False,0.0,16,0.8123903870582581,0.26557427644729614,0.5736345052719116,0.028432413935661316
28,53,False,0.0,16,0.811958909034729,0.265076607465744,0.5732184648513794,0.028264766559004784
28,54,False,0.0,16,0.8116296529769897,0.2656838297843933,0.5732182264328003,0.02825644612312317
28,55,False,0.0,16,0.8112937808036804,0.2663087248802185,0.5729434490203857,0.028164226561784744
28,56,False,0.0,16,0.8125195503234863,0.2665614187717438,0.5728055238723755,0.028078602626919746
28,57,False,0.0,16,0.8116933107376099,0.26700901985168457,0.5733212232589722,0.02814331464469433
28,58,False,0.0,16,0.8126609325408936,0.2678588926792145,0.5734450817108154,0.02818264625966549
28,59,False,0.0,16,0.8143131732940674,0.26827144622802734,0.5731064677238464,0.028154902160167694
28,60,False,0.0,16,0.8130093216896057,0.2691552937030792,0.5726821422576904,0.028031164780259132
28,61,False,0.0,16,0.8119837045669556,0.2719745635986328,0.5727224349975586,0.02804957516491413
28,62,False,0.0,16,0.8104479908943176,0.2750355303287506,0.5729383230209351,0.028101757168769836
28,63,False,0.0,16,0.8101121187210083,0.27615246176719666,0.5731393098831177,0.02814268320798874
28,64,False,0.0,16,0.8098141551017761,0.27626168727874756,0.5730637311935425,0.02808161824941635
28,65,False,0.0,16,0.8095124959945679,0.2763240337371826,0.573042094707489,0.028033314272761345
28,66,False,0.0,16,0.8095867037773132,0.2755761742591858,0.5733398199081421,0.028180718421936035
28,67,False,0.0,16,0.8104413151741028,0.2749382257461548,0.5737728476524353,0.028316257521510124
28,68,False,0.0,16,0.8127989768981934,0.27316784858703613,0.5740883946418762,0.02846265770494938
28,69,False,0.0,16,0.814630389213562,0.27196136116981506,0.5744240880012512,0.02849101647734642
28,70,False,0.0,16,0.815352737903595,0.27231451869010925,0.5750448107719421,0.02869734913110733
28,71,False,0.0,16,0.8154958486557007,0.272284597158432,0.5746911764144897,0.028459588065743446
28,72,False,0.0,16,0.8163271546363831,0.2720297873020172,0.5749260187149048,0.028537143021821976
28,73,False,0.0,16,0.8173239231109619,0.2715706527233124,0.5754224061965942,0.02865440957248211
28,74,False,0.0,16,0.8181323409080505,0.2714509665966034,0.5757948160171509,0.028772611171007156
28,75,False,0.0,16,0.8183905482292175,0.27089494466781616,0.5757570266723633,0.028668269515037537
28,76,False,0.0,16,0.818942129611969,0.2706894874572754,0.5753264427185059,0.028624504804611206
28,77,False,0.0,16,0.8190391659736633,0.27058902382850647,0.5756118893623352,0.028732772916555405
28,78,False,0.0,16,0.8191368579864502,0.27054324746131897,0.5756963491439819,0.028783027082681656
28,79,False,0.0,16,0.8191611170768738,0.27040642499923706,0.575197696685791,0.028628624975681305
28,80,False,0.0,16,0.8189039826393127,0.27058127522468567,0.5749993324279785,0.02859456278383732
28,81,False,0.0,16,0.8185540437698364,0.2710447609424591,0.5752353668212891,0.028628474101424217
28,82,False,0.0,16,0.8180922269821167,0.2715747654438019,0.5751444101333618,0.028522556647658348
28,83,False,0.0,16,0.8179260492324829,0.27105122804641724,0.5750598907470703,0.028472984209656715
28,84,False,0.0,16,0.8179047107696533,0.270823210477829,0.5749415159225464,0.028394224122166634
28,85,False,0.0,16,0.8178693056106567,0.27099737524986267,0.5749167203903198,0.02831576019525528
28,86,False,0.0,16,0.818188488483429,0.2709314525127411,0.5747954249382019,0.02831210568547249
28,87,False,0.0,16,0.8182711005210876,0.2709946036338806,0.5750477313995361,0.02838832139968872
28,88,False,0.0,16,0.8179134130477905,0.2711312472820282,0.574730634689331,0.02830495685338974
28,89,False,0.0,16,0.8177676200866699,0.27113044261932373,0.5750943422317505,0.028352543711662292
28,90,False,0.0,16,0.8177176713943481,0.2713710069656372,0.5749932527542114,0.02827674150466919
28,91,False,0.0,16,0.8174811601638794,0.27143698930740356,0.5749139785766602,0.028269601985812187
28,92,False,0.0,16,0.8171284794807434,0.2714373469352722,0.5745719075202942,0.02812689170241356
28,93,False,0.0,16,0.8169793486595154,0.2720457911491394,0.5746496915817261,0.028128381818532944
28,94,False,0.0,16,0.8167293667793274,0.2726585865020752,0.5740229487419128,0.027936141937971115
28,95,False,0.0,16,0.8161150217056274,0.27372464537620544,0.573971152305603,0.02795802615582943
28,96,False,0.0,16,0.8150357007980347,0.2744172215461731,0.5737180113792419,0.027816276997327805
28,97,False,0.0,16,0.8146642446517944,0.2754305303096771,0.5734100341796875,0.027619507163763046
28,98,False,0.0,16,0.8147680759429932,0.2752741575241089,0.5735462307929993,0.027656717225909233
28,99,False,0.0,16,0.8142350912094116,0.275623619556427,0.5734168291091919,0.027638057246804237
28,100,False,0.0,16,0.8141300082206726,0.2758945822715759,0.5731924772262573,0.02764195203781128
28,101,False,0.0,16,0.813572883605957,0.27626028656959534,0.5732442140579224,0.027635598555207253
28,102,False,0.0,16,0.8130686283111572,0.2770079970359802,0.5732831954956055,0.027642831206321716
28,103,False,0.0,16,0.812879204750061,0.277721643447876,0.5734134912490845,0.027731845155358315
28,104,False,0.0,16,0.8127895593643188,0.2777647376060486,0.5738890767097473,0.027908848598599434
28,105,False,0.0,16,0.8116944432258606,0.27864599227905273,0.5735760927200317,0.02780335210263729
28,106,False,0.0,16,0.8110450506210327,0.27918317914009094,0.5735552310943604,0.027837712317705154
28,107,False,0.0,16,0.8105432391166687,0.27907463908195496,0.5737695693969727,0.027886884286999702
28,108,False,0.0,16,0.8108882308006287,0.2785070836544037,0.573597252368927,0.02784707397222519
28,109,False,0.0,16,0.8111577033996582,0.27785375714302063,0.5738192796707153,0.027884289622306824
28,110,False,0.0,16,0.8119021058082581,0.27752354741096497,0.5740901231765747,0.027937529608607292
28,111,False,0.0,16,0.8128548860549927,0.27707743644714355,0.5745441913604736,0.028082968667149544
28,112,False,0.0,16,0.8127662539482117,0.27709633111953735,0.5746012330055237,0.028077159076929092
28,113,False,0.0,16,0.8129876852035522,0.2765956223011017,0.5741788148880005,0.027895204722881317
28,114,False,0.0,16,0.8130902647972107,0.2759820222854614,0.5742616653442383,0.02792825549840927
28,115,False,0.0,16,0.8136281371116638,0.27520909905433655,0.5743924379348755,0.027966033667325974
28,116,False,0.0,16,0.813908576965332,0.2753429710865021,0.5744259357452393,0.027983257547020912
28,117,False,0.0,16,0.8134914636611938,0.2754039764404297,0.5741310119628906,0.027874881401658058
28,118,False,0.0,16,0.8128056526184082,0.2762450575828552,0.5737729072570801,0.02779347449541092
28,119,False,0.0,16,0.8116096258163452,0.2773781418800354,0.5736200213432312,0.027761057019233704
28,120,False,0.0,16,0.8109484314918518,0.2783699929714203,0.5735716819763184,0.027751078829169273
28,121,False,0.0,16,0.8103312253952026,0.27936604619026184,0.572882354259491,0.02745671384036541
28,122,False,0.0,16,0.8095922470092773,0.28034406900405884,0.5729677677154541,0.027494387701153755
28,123,False,0.0,16,0.8089350461959839,0.28103315830230713,0.5729966759681702,0.027509957551956177
28,124,False,0.0,16,0.8082307577133179,0.28147464990615845,0.5730288028717041,0.027529116719961166
28,125,False,0.0,16,0.80817049741745,0.28149154782295227,0.5729407072067261,0.02748701721429825
28,126,False,0.0,16,0.8085441589355469,0.2812253534793854,0.5729094743728638,0.027497943490743637
28,127,False,0.0,16,0.8091366291046143,0.28034543991088867,0.5730157494544983,0.02753128670156002
28,128,False,0.0,16,0.8097532391548157,0.27948689460754395,0.5729568600654602,0.02751139923930168
28,129,False,0.0,16,0.8101736307144165,0.27905699610710144,0.572293758392334,0.02727621980011463
28,130,False,0.0,16,0.8105652332305908,0.2782144248485565,0.5723574161529541,0.02729315310716629
28,131,False,0.0,16,0.8103036880493164,0.2772925794124603,0.572443962097168,0.027327019721269608
28,132,False,0.0,16,0.8100252151489258,0.2763982117176056,0.5723125338554382,0.027295902371406555
28,133,False,0.0,16,0.8093844652175903,0.27595096826553345,0.5721476078033447,0.027233585715293884
28,134,False,0.0,16,0.8092660903930664,0.2750222086906433,0.5719867944717407,0.02719271555542946
28,135,False,0.0,16,0.8091123104095459,0.27481603622436523,0.5719751119613647,0.027194315567612648
28,136,False,0.0,16,0.8094877004623413,0.274275541305542,0.5718206763267517,0.027147451415657997
28,137,False,0.0,16,0.8096275329589844,0.2741720676422119,0.5712279081344604,0.02697714790701866
28,138,False,0.0,16,0.8098205327987671,0.27379509806632996,0.5711623430252075,0.02694748342037201
28,139,False,0.0,16,0.8097652196884155,0.2736019194126129,0.5710796117782593,0.026921391487121582
28,140,False,0.0,16,0.8100265264511108,0.2733188569545746,0.5711197853088379,0.026952223852276802
28,141,False,0.0,16,0.8100490570068359,0.2730422914028168,0.571251392364502,0.027007246389985085
28,142,False,0.0,16,0.8108302354812622,0.27270832657814026,0.5718070268630981,0.027203351259231567
28,143,False,0.0,16,0.8102970123291016,0.27249518036842346,0.5722180604934692,0.02734393998980522
28,144,False,0.0,16,0.8102405667304993,0.2726365923881531,0.5722308158874512,0.027354244142770767
28,145,False,0.0,16,0.8105671405792236,0.2726423442363739,0.5713838338851929,0.027132457122206688
28,146,False,0.0,16,0.8109320402145386,0.2724792957305908,0.5712430477142334,0.02709607407450676
28,147,False,0.0,16,0.8110866546630859,0.27252984046936035,0.571005642414093,0.027045993134379387
28,148,False,0.0,16,0.811082124710083,0.2725493013858795,0.5709378123283386,0.027040474116802216
28,149,False,0.0,16,0.8102136850357056,0.27306950092315674,0.5710628032684326,0.027061527594923973
28,150,False,0.0,16,0.8092989921569824,0.2742680609226227,0.5715295076370239,0.027194609865546227
28,151,False,0.0,16,0.8083330392837524,0.27507030963897705,0.5713589191436768,0.027116917073726654
28,152,False,0.0,16,0.8093481063842773,0.2748277485370636,0.5708945989608765,0.026943190023303032
28,153,False,0.0,16,0.8094151616096497,0.275115966796875,0.5701857209205627,0.026765251532197
28,154,False,0.0,16,0.8105442523956299,0.27463215589523315,0.5702871084213257,0.02679380401968956
28,155,False,0.0,16,0.812406599521637,0.27332940697669983,0.5704190731048584,0.02685011364519596
28,156,False,0.0,16,0.8124618530273438,0.27294546365737915,0.5703782439231873,0.026845641434192657
28,157,False,0.0,16,0.812142014503479,0.2729823887348175,0.5704990029335022,0.02687999978661537
28,158,False,0.0,16,0.8118873238563538,0.27296942472457886,0.5704851746559143,0.026868505403399467
28,159,False,0.0,16,0.8132675886154175,0.2717370390892029,0.5703926682472229,0.026814021170139313
28,160,False,0.0,16,0.8133443593978882,0.271565705537796,0.5703158974647522,0.02676090970635414
28,161,False,0.0,16,0.8140398859977722,0.27162253856658936,0.5699276924133301,0.026654023677110672
28,162,False,0.0,16,0.8142248392105103,0.27093780040740967,0.5698851346969604,0.026605157181620598
28,163,False,0.0,16,0.814254879951477,0.27017083764076233,0.5699819326400757,0.026643799617886543
28,164,False,0.0,16,0.8140156269073486,0.2694404423236847,0.5703704357147217,0.026758618652820587
28,165,False,0.0,16,0.8131109476089478,0.2686183452606201,0.5702323913574219,0.026721611618995667
28,166,False,0.0,16,0.8124921321868896,0.26852524280548096,0.5701711177825928,0.026675162836909294
29,0,False,0.0,0,0.7378382682800293,0.193414106965065,0.5372766256332397,0.016143981367349625
29,1,False,0.0,1,0.8273274302482605,0.26483115553855896,0.5725806951522827,0.02716973051428795
29,2,False,0.0,2,0.8275206089019775,0.26440945267677307,0.5721023082733154,0.02710171416401863
29,3,False,0.0,3,0.8275461196899414,0.264335572719574,0.572250485420227,0.027134617790579796
29,4,False,0.0,4,0.8278459310531616,0.26436159014701843,0.5723979473114014,0.02716120518743992
29,5,False,0.0,5,0.8283785581588745,0.2640814781188965,0.5723683834075928,0.02713201940059662
29,6,False,0.0,6,0.8286768198013306,0.26415398716926575,0.5725030899047852,0.02716660313308239
29,7,False,0.0,7,0.8288742303848267,0.2639819085597992,0.5725600719451904,0.02722788415849209
29,8,False,0.0,8,0.8284810185432434,0.2638932168483734,0.572725236415863,0.027270227670669556
29,9,False,0.0,9,0.8286035060882568,0.2640351951122284,0.5725491642951965,0.0272205900400877
29,10,False,0.0,10,0.8287169933319092,0.26410746574401855,0.5726795196533203,0.02731134183704853
29,11,False,0.0,11,0.8289551734924316,0.263877272605896,0.5727512836456299,0.027343835681676865
29,12,False,0.0,12,0.8295128345489502,0.2632301151752472,0.5726310014724731,0.02730954810976982
29,13,False,0.0,13,0.8298634886741638,0.262840211391449,0.5725408792495728,0.027283960953354836
29,14,False,0.0,14,0.8300479054450989,0.2623162269592285,0.5725774765014648,0.027288394048810005
29,15,False,0.0,15,0.8305628299713135,0.261976957321167,0.5724499225616455,0.02729351818561554
29,16,False,0.0,16,0.8307493329048157,0.26147663593292236,0.5722696781158447,0.0272431131452322
29,17,False,0.0,16,0.8308858275413513,0.2610247731208801,0.5720685124397278,0.027161715552210808
29,18,False,0.0,16,0.831004798412323,0.26063916087150574,0.5722808837890625,0.027187615633010864
29,19,False,0.0,16,0.8308958411216736,0.26063409447669983,0.5721241235733032,0.027151009067893028
29,20,False,0.0,16,0.8304191827774048,0.26096227765083313,0.5721724033355713,0.027161523699760437
29,21,False,0.0,16,0.8307205438613892,0.26105016469955444,0.5720683932304382,0.027117382735013962
29,22,False,0.0,16,0.830811083316803,0.2612029016017914,0.57213294506073,0.02710638754069805
29,23,False,0.0,16,0.8305273056030273,0.26136717200279236,0.5723179578781128,0.027149748057127
29,24,False,0.0,16,0.830541729927063,0.2614845931529999,0.5721497535705566,0.027085626497864723
29,25,False,0.0,16,0.8303067684173584,0.2619776725769043,0.5723049640655518,0.027128389105200768
29,26,False,0.0,16,0.8299047350883484,0.2623510956764221,0.5729357004165649,0.027345292270183563
29,27,False,0.0,16,0.8294743299484253,0.2626464366912842,0.5729974508285522,0.027343714609742165
29,28,False,0.0,16,0.8291460275650024,0.2625443637371063,0.5732212662696838,0.027407966554164886
29,29,False,0.0,16,0.8276522159576416,0.26286837458610535,0.5736592411994934,0.0275583416223526
29,30,False,0.0,16,0.8260140419006348,0.263806015253067,0.57366544008255,0.02753991074860096
29,31,False,0.0,16,0.8245633840560913,0.2649884819984436,0.5740258097648621,0.02764299511909485
29,32,False,0.0,16,0.8220657110214233,0.2666163742542267,0.5738128423690796,0.0275433249771595
29,33,False,0.0,16,0.8203345537185669,0.26740166544914246,0.5737477540969849,0.02749868482351303
29,34,False,0.0,16,0.8190727233886719,0.26874977350234985,0.5742760896682739,0.027724305167794228
29,35,False,0.0,16,0.818459153175354,0.2692253887653351,0.5743536949157715,0.027777783572673798
29,36,False,0.0,16,0.8177552223205566,0.26955291628837585,0.5747402310371399,0.027907786890864372
29,37,False,0.0,16,0.8176053762435913,0.26955610513687134,0.5745266675949097,0.02784590981900692
29,38,False,0.0,16,0.8177642822265625,0.26959139108657837,0.5742669105529785,0.02779785543680191
29,39,False,0.0,16,0.8185020685195923,0.268706738948822,0.5743613243103027,0.02785593830049038
29,40,False,0.0,16,0.8183910846710205,0.26721706986427307,0.5743008852005005,0.027858460322022438
29,41,False,0.0,16,0.8189560770988464,0.26689329743385315,0.5743067264556885,0.02790829911828041
29,42,True,0.007092198356986046,16,0.8187752962112427,0.2665870487689972,0.5748558044433594,0.028147852048277855
29,43,True,0.0357142873108387,16,0.8189855813980103,0.26567116379737854,0.5749317407608032,0.028159935027360916
29,44,True,0.0714285746216774,16,0.8186662197113037,0.2657613456249237,0.5746329426765442,0.028035884723067284
29,45,True,0.1071428582072258,16,0.8176717758178711,0.26624658703804016,0.5739321708679199,0.027777371928095818
29,46,True,0.1428571492433548,16,0.8167967200279236,0.26646551489830017,0.5733834505081177,0.02758220210671425
29,47,True,0.1785714328289032,16,0.8158267736434937,0.2682618498802185,0.5732619762420654,0.027531536296010017
29,48,True,0.2142857164144516,16,0.815243124961853,0.2693537473678589,0.5734999179840088,0.027634046971797943
29,49,True,0.25,16,0.8152083158493042,0.270346462726593,0.5735963582992554,0.027686936780810356
29,50,True,0.2857142984867096,16,0.815498948097229,0.27111467719078064,0.5749287605285645,0.02828959748148918
29,51,True,0.3214285671710968,16,0.8154645562171936,0.2719641923904419,0.5745167136192322,0.0281387846916914
29,52,True,0.3571428656578064,16,0.8155226707458496,0.27230504155158997,0.5742311477661133,0.028026919811964035
29,53,True,0.3928571343421936,16,0.815527081489563,0.2725563943386078,0.5744552612304688,0.02808324061334133
29,54,True,0.4285714328289032,16,0.8148934841156006,0.27195894718170166,0.5749865770339966,0.028297949582338333
29,55,True,0.4642857015132904,16,0.8137463331222534,0.2724781334400177,0.5744987726211548,0.028169313445687294
29,56,True,0.5,16,0.81081622838974,0.275676429271698,0.5742650628089905,0.028000015765428543
29,57,True,0.5357142686843872,16,0.8115822672843933,0.27573153376579285,0.5737982392311096,0.027774129062891006
29,58,True,0.5714285969734192,16,0.8118410110473633,0.2749498188495636,0.5752014517784119,0.02843148075044155
29,59,True,0.6071428656578064,16,0.8122238516807556,0.2727595567703247,0.5742208361625671,0.02808859385550022
29,60,True,0.6428571343421936,16,0.8124171495437622,0.2718104422092438,0.5731277465820312,0.027690857648849487
29,61,True,0.6785714030265808,16,0.8133397102355957,0.26867154240608215,0.5725932121276855,0.02751094102859497
29,62,True,0.7142857313156128,16,0.8145057559013367,0.2653299570083618,0.5720376968383789,0.027337536215782166
29,63,True,0.75,16,0.8173463940620422,0.2633642554283142,0.5720654726028442,0.0273607037961483
29,64,True,0.7857142686843872,16,0.8187854290008545,0.26158377528190613,0.5718985199928284,0.027290232479572296
29,65,True,0.8214285969734192,16,0.8172584772109985,0.26237690448760986,0.5724170207977295,0.027507273480296135
29,66,True,0.8571428656578064,16,0.8177969455718994,0.2614220380783081,0.5731798410415649,0.027889033779501915
29,67,True,0.8928571343421936,16,0.8180567622184753,0.26160144805908203,0.5737572908401489,0.02813359536230564
29,68,True,0.9285714030265808,16,0.8196364641189575,0.25913989543914795,0.5725225210189819,0.02759576216340065
29,69,True,0.9642857313156128,16,0.8206537961959839,0.25777530670166016,0.5718084573745728,0.027252299711108208
29,70,True,1.0,16,0.8202043771743774,0.2575524151325226,0.5583410263061523,0.0216174628585577
29,71,True,1.0,16,0.8227815628051758,0.25263354182243347,0.5584259033203125,0.021626533940434456
29,72,True,1.0,16,0.8227815628051758,0.25263354182243347,0.5584259033203125,0.021626533940434456
29,73,True,1.0,16,0.8227815628051758,0.25263354182243347,0.5584259033203125,0.021626533940434456
29,74,True,1.0,16,0.8228670358657837,0.2524496018886566,0.5589195489883423,0.02174876630306244
29,75,True,1.0,16,0.8228491544723511,0.25243690609931946,0.5589208602905273,0.021749531850218773
29,76,True,1.0,16,0.8228508234024048,0.2524426281452179,0.5589204430580139,0.02174808457493782
29,77,True,1.0,16,0.8228470087051392,0.2524488568305969,0.5589215755462646,0.02174898236989975
29,78,True,1.0,16,0.822846531867981,0.25245094299316406,0.5589209794998169,0.021749261766672134
29,79,True,1.0,16,0.8228482007980347,0.25244802236557007,0.5589221715927124,0.02175110951066017
29,80,True,1.0,16,0.8228477239608765,0.2524458169937134,0.5589207410812378,0.02175048552453518
29,81,True,1.0,16,0.8228472471237183,0.25244641304016113,0.5589208602905273,0.02175017073750496
29,82,True,1.0,16,0.823002815246582,0.25179949402809143,0.5593445301055908,0.021903233602643013
29,83,True,1.0,16,0.822999119758606,0.25179392099380493,0.5593458414077759,0.021902864798903465
29,84,True,1.0,16,0.8230016231536865,0.25179269909858704,0.5593454837799072,0.021906252950429916
29,85,True,1.0,16,0.8230019807815552,0.2517929673194885,0.5593461394309998,0.021905632689595222
29,86,True,1.0,16,0.8230022192001343,0.2517918348312378,0.559345006942749,0.021905669942498207
29,87,True,1.0,16,0.8230031728744507,0.2517947256565094,0.5593477487564087,0.02190546505153179
29,88,True,1.0,16,0.8229998350143433,0.251793771982193,0.5593459606170654,0.021905526518821716
29,89,True,1.0,16,0.8230010271072388,0.25179216265678406,0.5593458414077759,0.021905673667788506
29,90,True,1.0,16,0.8232699036598206,0.2507154047489166,0.5597091317176819,0.022088801488280296
29,91,True,1.0,16,0.823265790939331,0.2507414221763611,0.5597125291824341,0.022090105339884758
29,92,True,1.0,16,0.8232748508453369,0.2507339417934418,0.5597106218338013,0.022090084850788116
29,93,True,1.0,16,0.8232736587524414,0.25075027346611023,0.5597114562988281,0.02208978682756424
29,94,True,1.0,16,0.8232669830322266,0.25074291229248047,0.5597110986709595,0.022090870887041092
29,95,True,1.0,16,0.8232700824737549,0.25074490904808044,0.5597114562988281,0.02209046669304371
29,96,True,1.0,16,0.8232707977294922,0.2507471442222595,0.5597120523452759,0.022089947015047073
29,97,True,1.0,16,0.8232712745666504,0.25074413418769836,0.559712290763855,0.022090157493948936
29,98,True,1.0,16,0.8234256505966187,0.2502214014530182,0.5597918033599854,0.0221843458712101
29,99,True,1.0,16,0.8234103918075562,0.25020164251327515,0.5597883462905884,0.02218133956193924
29,100,True,1.0,16,0.8234186172485352,0.250210165977478,0.5597882270812988,0.02218223549425602
29,101,True,1.0,16,0.8234177827835083,0.25021201372146606,0.5597870349884033,0.022179828956723213
29,102,True,1.0,16,0.8234108686447144,0.250213623046875,0.5597872734069824,0.0221807062625885
29,103,True,1.0,16,0.8234184980392456,0.2502116560935974,0.5597885847091675,0.022181300446391106
29,104,True,1.0,16,0.8234075307846069,0.2502147853374481,0.5597870945930481,0.022180931642651558
29,105,False,0.0,16,0.8163720965385437,0.2748269736766815,0.5771514177322388,0.030579399317502975
29,106,False,0.0,16,0.8101739883422852,0.2785016894340515,0.5773032903671265,0.030841050669550896
29,107,False,0.0,16,0.8089414238929749,0.27916157245635986,0.5772925019264221,0.030812151730060577
29,108,False,0.0,16,0.8080708980560303,0.2797575294971466,0.577581524848938,0.030972126871347427
29,109,False,0.0,16,0.8076179027557373,0.28018897771835327,0.5777845978736877,0.031060749664902687
29,110,False,0.0,16,0.8074827194213867,0.2805069088935852,0.5779528617858887,0.031129196286201477
29,111,False,0.0,16,0.8079045414924622,0.28071194887161255,0.5781325101852417,0.031208593398332596
29,112,False,0.0,16,0.8087239265441895,0.28035375475883484,0.5780688524246216,0.03114483505487442
29,113,False,0.0,16,0.8096719980239868,0.2792953550815582,0.577944278717041,0.031072167679667473
29,114,False,0.0,16,0.8104535341262817,0.2779046297073364,0.5779314041137695,0.03118288703262806
29,115,False,0.0,16,0.811363935470581,0.27629825472831726,0.5776033401489258,0.03106239251792431
29,116,False,0.0,16,0.8119408488273621,0.27531197667121887,0.577427864074707,0.031006280332803726
29,117,False,0.0,16,0.8123310804367065,0.2744140923023224,0.5771872997283936,0.030897779390215874
29,118,False,0.0,16,0.8126578330993652,0.27393776178359985,0.5773556232452393,0.030956489965319633
29,119,False,0.0,16,0.8131023645401001,0.27357369661331177,0.5774229168891907,0.030984893441200256
29,120,False,0.0,16,0.8136688470840454,0.27335602045059204,0.5777485370635986,0.0311118196696043
29,121,False,0.0,16,0.8139936923980713,0.27337446808815,0.5778032541275024,0.03112339973449707
29,122,False,0.0,16,0.8143879175186157,0.2733704745769501,0.5778263211250305,0.031204354017972946
29,123,False,0.0,16,0.8145254850387573,0.27335307002067566,0.5778654217720032,0.031229974702000618
29,124,False,0.0,16,0.8150192499160767,0.27335065603256226,0.5778109431266785,0.03121785633265972
29,125,False,0.0,16,0.8155006766319275,0.2733440697193146,0.5778617858886719,0.031241033226251602
29,126,False,0.0,16,0.8159816861152649,0.27325841784477234,0.5776250958442688,0.03112591989338398
29,127,False,0.0,16,0.8167920708656311,0.27306437492370605,0.5775687098503113,0.03110094740986824
29,128,False,0.0,16,0.8172245025634766,0.2725414037704468,0.5775375366210938,0.03108331374824047
29,129,False,0.0,16,0.8171582221984863,0.27241286635398865,0.5773122310638428,0.03095519356429577
29,130,False,0.0,16,0.8156805038452148,0.2726956009864807,0.5777426958084106,0.031137241050601006
29,131,False,0.0,16,0.8164547681808472,0.2722521722316742,0.5779405236244202,0.031173644587397575
29,132,False,0.0,16,0.8181508183479309,0.2719251215457916,0.5780724883079529,0.03117617778480053
29,133,False,0.0,16,0.8186594247817993,0.27176034450531006,0.5780737996101379,0.031177787110209465
29,134,False,0.0,16,0.8188650012016296,0.27173125743865967,0.5780540704727173,0.03115924820303917
29,135,False,0.0,16,0.8183702230453491,0.2713807225227356,0.5781213045120239,0.031185796484351158
29,136,False,0.0,16,0.8185293674468994,0.27107545733451843,0.5781307220458984,0.031211232766509056
29,137,False,0.0,16,0.8181852102279663,0.2708921730518341,0.5780365467071533,0.03118482045829296
29,138,False,0.0,16,0.8178514242172241,0.2708302140235901,0.5779539346694946,0.03108755685389042
29,139,False,0.0,16,0.8176810145378113,0.2707633376121521,0.5781006813049316,0.031147658824920654
29,140,False,0.0,16,0.8176524639129639,0.2707352638244629,0.5780688524246216,0.031129708513617516
30,0,False,0.0,0,0.7616367340087891,0.1818118542432785,0.5424618721008301,0.02020197920501232
30,1,False,0.0,1,0.8372719883918762,0.25676438212394714,0.5779737234115601,0.0314401350915432
30,2,False,0.0,2,0.8376830220222473,0.2562960386276245,0.578029990196228,0.03146549314260483
30,3,False,0.0,3,0.8380181789398193,0.25581368803977966,0.5781962871551514,0.031555693596601486
30,4,False,0.0,4,0.8384939432144165,0.2550046145915985,0.578525185585022,0.03173334524035454
30,5,False,0.0,5,0.8400229215621948,0.253492534160614,0.5789235234260559,0.03185170516371727
30,6,False,0.0,6,0.8409802317619324,0.25249701738357544,0.5793637037277222,0.03204970061779022
30,7,False,0.0,7,0.8411015272140503,0.2526816427707672,0.5791853666305542,0.032003335654735565
30,8,False,0.0,8,0.8410301208496094,0.2527543604373932,0.5793591737747192,0.032048214226961136
30,9,False,0.0,9,0.8404504060745239,0.25314533710479736,0.5792585015296936,0.03198720142245293
30,10,False,0.0,10,0.8400715589523315,0.25353142619132996,0.5792657136917114,0.03197310119867325
30,11,False,0.0,11,0.8401197195053101,0.2538040280342102,0.5791194438934326,0.031924545764923096
30,12,False,0.0,12,0.8399322032928467,0.25401344895362854,0.5792706608772278,0.03196217119693756
30,13,False,0.0,13,0.8393723368644714,0.254414826631546,0.5791712999343872,0.031738292425870895
30,14,False,0.0,14,0.8393654227256775,0.2544407248497009,0.579204261302948,0.0317545160651207
30,15,False,0.0,15,0.8388566970825195,0.25478246808052063,0.5790443420410156,0.031703539192676544
30,16,False,0.0,16,0.8382630348205566,0.2549755275249481,0.5791780352592468,0.03173375874757767
30,17,False,0.0,16,0.8377466201782227,0.25500255823135376,0.5792201161384583,0.03176727145910263
30,18,False,0.0,16,0.8377128839492798,0.2546059191226959,0.5791754722595215,0.03173123672604561
30,19,False,0.0,16,0.8372778296470642,0.25470244884490967,0.5792480707168579,0.03176875784993172
30,20,False,0.0,16,0.8371990323066711,0.2545088529586792,0.5788280367851257,0.03156191483139992
30,21,False,0.0,16,0.8367175459861755,0.25468751788139343,0.5788490772247314,0.03139258548617363
30,22,False,0.0,16,0.8374422788619995,0.2545522153377533,0.5786235928535461,0.03131438419222832
30,23,False,0.0,16,0.8385577201843262,0.25415781140327454,0.5786564350128174,0.03135951608419418
30,24,False,0.0,16,0.8380454778671265,0.25409355759620667,0.5783333778381348,0.031225508078932762
30,25,False,0.0,16,0.8370572328567505,0.25421059131622314,0.5779065489768982,0.031083669513463974
30,26,False,0.0,16,0.8362400531768799,0.25438302755355835,0.57771897315979,0.031058162450790405
30,27,False,0.0,16,0.8354500532150269,0.2548719048500061,0.5777931213378906,0.031166426837444305
30,28,False,0.0,16,0.8341847658157349,0.25512397289276123,0.5777371525764465,0.03121388889849186
30,29,False,0.0,16,0.8320285081863403,0.25647827982902527,0.5770258903503418,0.030807338654994965
30,30,False,0.0,16,0.8308234214782715,0.2571609616279602,0.5771152973175049,0.03081667795777321
30,31,False,0.0,16,0.8299071788787842,0.2582434117794037,0.57737135887146,0.030961010605096817
30,32,False,0.0,16,0.8290377855300903,0.2592141032218933,0.5771678686141968,0.03093460388481617
30,33,False,0.0,16,0.8280976414680481,0.25989100337028503,0.576935887336731,0.03085114248096943
30,34,False,0.0,16,0.8272550106048584,0.26084238290786743,0.576508641242981,0.03070039488375187
30,35,False,0.0,16,0.8268144130706787,0.26183393597602844,0.5765753984451294,0.030765559524297714
30,36,False,0.0,16,0.8265185356140137,0.2633223831653595,0.5765889883041382,0.030676962807774544
30,37,False,0.0,16,0.8253582119941711,0.2650640904903412,0.5763001441955566,0.03047594428062439
30,38,False,0.0,16,0.8251065015792847,0.2662328779697418,0.5763468742370605,0.030464036390185356
30,39,False,0.0,16,0.8245258927345276,0.26773402094841003,0.5765646696090698,0.030492357909679413
30,40,True,0.01515151560306549,16,0.8229681253433228,0.2686801850795746,0.5764687061309814,0.03050575964152813
30,41,True,0.05303030461072922,16,0.8193812966346741,0.2682398855686188,0.5766175985336304,0.03051174245774746
30,42,True,0.09090909361839294,16,0.8180671334266663,0.26915866136550903,0.5763540267944336,0.030338017269968987
30,43,True,0.12878787517547607,16,0.817825973033905,0.2686331570148468,0.5758401155471802,0.030161093920469284
30,44,True,0.1666666716337204,16,0.817155659198761,0.268195778131485,0.5750675201416016,0.029818974435329437
30,45,True,0.20454545319080353,16,0.8193129301071167,0.26581135392189026,0.575501561164856,0.02993730641901493
30,46,True,0.24242424964904785,16,0.8173894286155701,0.2658536732196808,0.5769069194793701,0.03045720048248768
30,47,True,0.280303031206131,16,0.8176556825637817,0.2621353566646576,0.5764659643173218,0.030249865725636482
30,48,True,0.3181818127632141,16,0.8181041479110718,0.26233044266700745,0.57622891664505,0.030089497566223145
30,49,True,0.35606059432029724,16,0.8196514844894409,0.25756779313087463,0.5752893686294556,0.029645318165421486
30,50,True,0.39393940567970276,16,0.821352481842041,0.25627508759498596,0.5742622017860413,0.02915998548269272
30,51,True,0.4318181872367859,16,0.823776364326477,0.25753554701805115,0.5739799737930298,0.029051171615719795
30,52,True,0.469696968793869,16,0.824962854385376,0.2578427195549011,0.5736782550811768,0.028949886560440063
30,53,True,0.5075757503509521,16,0.8252105712890625,0.257204532623291,0.5735040903091431,0.02891366370022297
30,54,True,0.5454545617103577,16,0.8255767822265625,0.2569979727268219,0.5736114978790283,0.028905287384986877
30,55,True,0.5833333134651184,16,0.825872540473938,0.25737088918685913,0.5740492343902588,0.029111191630363464
30,56,True,0.6212121248245239,16,0.824378490447998,0.2575792670249939,0.5745051503181458,0.029292892664670944
30,57,True,0.6590909361839294,16,0.8235200643539429,0.2576821446418762,0.574435293674469,0.02927679941058159
30,58,True,0.6969696879386902,16,0.8229993581771851,0.25718483328819275,0.5742858648300171,0.029232513159513474
30,59,True,0.7348484992980957,16,0.822992742061615,0.257940411567688,0.5739281177520752,0.029078172519803047
30,60,True,0.7727272510528564,16,0.824565052986145,0.25758108496665955,0.5730984210968018,0.028630457818508148
30,61,True,0.810606062412262,16,0.8238306045532227,0.25726279616355896,0.5723731517791748,0.028425198048353195
30,62,True,0.8484848737716675,16,0.8250922560691833,0.2566971480846405,0.5724304914474487,0.028452429920434952
30,63,True,0.8863636255264282,16,0.8255308866500854,0.2564259469509125,0.5715444087982178,0.028023339807987213
30,64,True,0.9242424368858337,16,0.8256982564926147,0.25595277547836304,0.5712693929672241,0.0278778038918972
30,65,True,0.9621211886405945,16,0.8248831033706665,0.25593042373657227,0.5710799694061279,0.027783028781414032
30,66,True,1.0,16,0.8206665515899658,0.25687524676322937,0.5597670078277588,0.022657113149762154
30,67,True,1.0,16,0.8209710121154785,0.2562030553817749,0.5599724054336548,0.022705430164933205
30,68,True,1.0,16,0.8209710121154785,0.2562030553817749,0.5599724054336548,0.022705430164933205
30,69,True,1.0,16,0.8210429549217224,0.2555532157421112,0.5596808195114136,0.022665787488222122
30,70,True,1.0,16,0.8210448622703552,0.25554966926574707,0.559684157371521,0.022664295509457588
30,71,True,1.0,16,0.8210427165031433,0.2555479407310486,0.5596853494644165,0.02266738750040531
30,72,True,1.0,16,0.821044385433197,0.25554925203323364,0.5596864223480225,0.02266889251768589
30,73,True,1.0,16,0.8210446238517761,0.25554779171943665,0.559687614440918,0.022667910903692245
30,74,True,1.0,16,0.8210436701774597,0.2555535137653351,0.5596877932548523,0.02266894467175007
30,75,True,1.0,16,0.8210389018058777,0.255551278591156,0.559687614440918,0.022667929530143738
30,76,True,1.0,16,0.8210546374320984,0.255540132522583,0.5596874356269836,0.022667745128273964
30,77,True,1.0,16,0.8211634755134583,0.2548074424266815,0.5592974424362183,0.022549202665686607
30,78,True,1.0,16,0.8211732506752014,0.2548274099826813,0.5593006610870361,0.022549552842974663
30,79,True,1.0,16,0.8211761116981506,0.25483208894729614,0.5593010187149048,0.02254977449774742
30,80,True,1.0,16,0.8211827278137207,0.25484979152679443,0.5593008995056152,0.022549033164978027
30,81,True,1.0,16,0.8211803436279297,0.25484752655029297,0.5593008995056152,0.0225490964949131
30,82,True,1.0,16,0.8211796283721924,0.2548471689224243,0.5593012571334839,0.022549184039235115
30,83,True,1.0,16,0.8211886286735535,0.2548583745956421,0.5593016147613525,0.022550685331225395
30,84,True,1.0,16,0.8211835622787476,0.25485163927078247,0.5593017935752869,0.02255083993077278
30,85,True,1.0,16,0.821303129196167,0.2541743218898773,0.5589677095413208,0.022387664765119553
30,86,True,1.0,16,0.8213043212890625,0.25417643785476685,0.558975100517273,0.022387661039829254
30,87,True,1.0,16,0.8213096857070923,0.25419411063194275,0.5589739084243774,0.022387687116861343
30,88,True,1.0,16,0.8213071823120117,0.2541917860507965,0.5589749813079834,0.022388897836208344
30,89,True,1.0,16,0.8213050365447998,0.2541900873184204,0.5589754581451416,0.022389139980077744
30,90,True,1.0,16,0.821311354637146,0.2541970908641815,0.5589765310287476,0.022388407960534096
30,91,True,1.0,16,0.8213028907775879,0.25418826937675476,0.5589773654937744,0.022389298304915428
30,92,True,1.0,16,0.8213106393814087,0.25419384241104126,0.5589765310287476,0.02238934114575386
30,93,True,1.0,16,0.821252167224884,0.25412631034851074,0.5587142705917358,0.022197896614670753
30,94,True,1.0,16,0.821247935295105,0.2541390657424927,0.5587166547775269,0.022198256105184555
30,95,True,1.0,16,0.8212520480155945,0.2541513741016388,0.5587204694747925,0.022198399528861046
30,96,True,1.0,16,0.8212437033653259,0.2541486918926239,0.5587209463119507,0.02219998836517334
30,97,True,1.0,16,0.8212477564811707,0.2541545629501343,0.5587203502655029,0.022198563441634178
30,98,True,1.0,16,0.8212459683418274,0.2541506290435791,0.5587198734283447,0.022198375314474106
30,99,False,0.0,16,0.819267749786377,0.26918357610702515,0.5730489492416382,0.028934268280863762
30,100,False,0.0,16,0.8145512342453003,0.27234897017478943,0.5732921957969666,0.029000302776694298
30,101,False,0.0,16,0.8136112689971924,0.2740260064601898,0.5736917853355408,0.028987856581807137
30,102,False,0.0,16,0.8118373155593872,0.27612486481666565,0.5738364458084106,0.029030146077275276
30,103,False,0.0,16,0.8105565309524536,0.27751052379608154,0.5737259387969971,0.029026566073298454
30,104,False,0.0,16,0.8100051283836365,0.27808383107185364,0.5737661719322205,0.02907750755548477
30,105,False,0.0,16,0.8092784881591797,0.2784978151321411,0.5736275911331177,0.028977006673812866
30,106,False,0.0,16,0.8085198402404785,0.2788812220096588,0.5734503269195557,0.028894072398543358
30,107,False,0.0,16,0.8081742525100708,0.279253751039505,0.5734511613845825,0.028886983171105385
30,108,False,0.0,16,0.8078287839889526,0.27952805161476135,0.5735976696014404,0.02892848663032055
30,109,False,0.0,16,0.807640790939331,0.27943411469459534,0.5740799903869629,0.02892550453543663
30,110,False,0.0,16,0.8079705238342285,0.27939409017562866,0.5744834542274475,0.0290999636054039
30,111,False,0.0,16,0.8080569505691528,0.2790510654449463,0.5747953057289124,0.02923233062028885
30,112,False,0.0,16,0.8082904815673828,0.27853110432624817,0.5750007033348083,0.029338039457798004
30,113,False,0.0,16,0.8082327842712402,0.2786605954170227,0.5748007297515869,0.029281312599778175
30,114,False,0.0,16,0.8084421157836914,0.27849072217941284,0.5746737122535706,0.029209546744823456
30,115,False,0.0,16,0.8087344169616699,0.278585284948349,0.5750059485435486,0.029365673661231995
30,116,False,0.0,16,0.8088451623916626,0.2788131535053253,0.5750588178634644,0.029386993497610092
30,117,False,0.0,16,0.8085005283355713,0.27880191802978516,0.57599937915802,0.029544785618782043
30,118,False,0.0,16,0.8083025217056274,0.27829116582870483,0.5763412714004517,0.029716888442635536
30,119,False,0.0,16,0.8089738488197327,0.27773457765579224,0.5763343572616577,0.029731929302215576
30,120,False,0.0,16,0.8107646703720093,0.27626195549964905,0.5760834217071533,0.02965150959789753
30,121,False,0.0,16,0.8113809823989868,0.27558785676956177,0.5757468938827515,0.02953297831118107
30,122,False,0.0,16,0.8117663860321045,0.27530989050865173,0.575619101524353,0.029483668506145477
30,123,False,0.0,16,0.8118476867675781,0.2750639021396637,0.5755641460418701,0.029460687190294266
30,124,False,0.0,16,0.8120809197425842,0.2748076319694519,0.575629472732544,0.02951379492878914
30,125,False,0.0,16,0.8121629953384399,0.27451780438423157,0.576461672782898,0.029510321095585823
30,126,False,0.0,16,0.812360405921936,0.27431520819664,0.5763070583343506,0.029445437714457512
30,127,False,0.0,16,0.8124723434448242,0.2741171717643738,0.5762366056442261,0.029419763013720512
30,128,False,0.0,16,0.8126949071884155,0.27376094460487366,0.5760195851325989,0.029337218031287193
30,129,False,0.0,16,0.813079833984375,0.27293986082077026,0.5760215520858765,0.02926632948219776
30,130,False,0.0,16,0.8136594891548157,0.2725038230419159,0.5757333040237427,0.029105283319950104
30,131,False,0.0,16,0.8135926723480225,0.27246758341789246,0.5758567452430725,0.02914523147046566
30,132,False,0.0,16,0.8131945133209229,0.2722764313220978,0.575593113899231,0.029014183208346367
31,0,False,0.0,0,0.7542135715484619,0.18242491781711578,0.5397080183029175,0.01789657212793827
31,1,False,0.0,1,0.8374301195144653,0.25563496351242065,0.5773825645446777,0.029458245262503624
31,2,False,0.0,2,0.8387867212295532,0.2540853023529053,0.5773509740829468,0.029446182772517204
31,3,False,0.0,3,0.8393201231956482,0.2534264922142029,0.5773533582687378,0.029457291588187218
31,4,False,0.0,4,0.839484691619873,0.2531558573246002,0.5771788358688354,0.02937503345310688
31,5,False,0.0,5,0.840019941329956,0.2522887587547302,0.5770655870437622,0.02934378758072853
31,6,False,0.0,6,0.8401991128921509,0.2520640790462494,0.5769462585449219,0.02932879328727722
31,7,False,0.0,7,0.8403123617172241,0.25223785638809204,0.5768370032310486,0.02928389608860016
31,8,False,0.0,8,0.8400731086730957,0.2522245943546295,0.5777548551559448,0.029307885095477104
31,9,False,0.0,9,0.8401972055435181,0.2523757219314575,0.577806830406189,0.02934657782316208
31,10,False,0.0,10,0.8398712873458862,0.25268325209617615,0.5776383876800537,0.029301505535840988
31,11,False,0.0,11,0.8394526839256287,0.2531115412712097,0.5775703191757202,0.029277300462126732
31,12,False,0.0,12,0.8392279148101807,0.25370779633522034,0.5776183605194092,0.029323849827051163
31,13,False,0.0,13,0.838707685470581,0.25402796268463135,0.5775866508483887,0.0292944498360157
31,14,False,0.0,14,0.8374995589256287,0.2547892928123474,0.5772922039031982,0.02919027768075466
31,15,False,0.0,15,0.8369028568267822,0.2553092837333679,0.5773972272872925,0.02924511581659317
31,16,False,0.0,16,0.8362351655960083,0.25555485486984253,0.578058660030365,0.02924579754471779
31,17,False,0.0,16,0.8357862234115601,0.2557629346847534,0.5779030323028564,0.02922881208360195
31,18,False,0.0,16,0.8353136777877808,0.2558214068412781,0.577892541885376,0.0292563084512949
31,19,False,0.0,16,0.83421391248703,0.2562202513217926,0.5779291391372681,0.02933027409017086
31,20,False,0.0,16,0.8334972262382507,0.25716644525527954,0.5781760215759277,0.029388343915343285
31,21,False,0.0,16,0.8330748677253723,0.25706925988197327,0.5783562064170837,0.029455922544002533
31,22,False,0.0,16,0.831784725189209,0.2577715814113617,0.5784841775894165,0.029495330527424812
31,23,False,0.0,16,0.8302084803581238,0.2589753270149231,0.5782617330551147,0.0294288769364357
31,24,False,0.0,16,0.8293838500976562,0.2594555616378784,0.5791560411453247,0.029662927612662315
31,25,False,0.0,16,0.8293043375015259,0.25911006331443787,0.5794843435287476,0.02980264276266098
31,26,False,0.0,16,0.8288118243217468,0.2596875727176666,0.5794880390167236,0.029852814972400665
31,27,False,0.0,16,0.8281940221786499,0.26085931062698364,0.5801348686218262,0.030156826600432396
31,28,False,0.0,16,0.8270453810691833,0.2617560625076294,0.5805625915527344,0.030260957777500153
31,29,False,0.0,16,0.8255510330200195,0.26270273327827454,0.5807797908782959,0.030347391963005066
31,30,False,0.0,16,0.8242298364639282,0.26356053352355957,0.5806329250335693,0.03027746081352234
31,31,False,0.0,16,0.8233729600906372,0.26367950439453125,0.58082115650177,0.030376465991139412
31,32,False,0.0,16,0.8230250477790833,0.2648613154888153,0.5819841027259827,0.03077852912247181
31,33,False,0.0,16,0.8224809765815735,0.2655513882637024,0.5829076766967773,0.031096959486603737
31,34,False,0.0,16,0.8215287327766418,0.2667601704597473,0.5834540724754333,0.03128405287861824
31,35,False,0.0,16,0.8196576833724976,0.26841357350349426,0.5839293003082275,0.0315127931535244
31,36,False,0.0,16,0.8178634643554688,0.2703234851360321,0.5845581293106079,0.0317525677382946
31,37,False,0.0,16,0.816820502281189,0.27154403924942017,0.5852554440498352,0.032007861882448196
31,38,False,0.0,16,0.8156652450561523,0.2729693055152893,0.5857136249542236,0.03217669576406479
31,39,True,0.007633587811142206,16,0.8149212598800659,0.2736590504646301,0.5853437781333923,0.03199883922934532
31,40,True,0.03846153989434242,16,0.8143651485443115,0.27269062399864197,0.586135745048523,0.03205856680870056
31,41,True,0.07692307978868484,16,0.8158209919929504,0.2670730650424957,0.5874230265617371,0.032491929829120636
31,42,True,0.11538461595773697,16,0.8160794973373413,0.26332518458366394,0.5869572162628174,0.03223863244056702
31,43,True,0.1538461595773697,16,0.817448616027832,0.2610163986682892,0.58547043800354,0.03159787505865097
31,44,True,0.19230769574642181,16,0.8177722692489624,0.25804218649864197,0.5845586657524109,0.031216682866215706
31,45,True,0.23076923191547394,16,0.817771315574646,0.2582816183567047,0.5836130380630493,0.030789047479629517
31,46,True,0.26923078298568726,16,0.8182520866394043,0.2547110319137573,0.5827099680900574,0.030461441725492477
31,47,True,0.3076923191547394,16,0.8190162777900696,0.24547381699085236,0.5823644995689392,0.03033001907169819
31,48,True,0.3461538553237915,16,0.8201708793640137,0.24464130401611328,0.5820374488830566,0.030188633129000664
31,49,True,0.38461539149284363,16,0.8231760263442993,0.24708716571331024,0.580999493598938,0.02977672591805458
31,50,True,0.42307692766189575,16,0.8228963613510132,0.247549369931221,0.5814075469970703,0.029943346977233887
31,51,True,0.4615384638309479,16,0.8243153095245361,0.2486705780029297,0.5805827379226685,0.029624054208397865
31,52,True,0.5,16,0.8240607976913452,0.24884258210659027,0.5798438191413879,0.029309889301657677
31,53,True,0.5384615659713745,16,0.8230839967727661,0.2503258287906647,0.5795762538909912,0.02918129228055477
31,54,True,0.5769230723381042,16,0.8226648569107056,0.25078022480010986,0.580524206161499,0.029537860304117203
31,55,True,0.6153846383094788,16,0.8228472471237183,0.25097376108169556,0.5804727077484131,0.029531722888350487
31,56,True,0.6538461446762085,16,0.8226989507675171,0.250973105430603,0.5809378623962402,0.02972164936363697
31,57,True,0.692307710647583,16,0.8224581480026245,0.2511698305606842,0.5811598300933838,0.029788371175527573
31,58,True,0.7307692170143127,16,0.8226641416549683,0.2510665953159332,0.5810383558273315,0.02969592995941639
31,59,True,0.7692307829856873,16,0.8222860097885132,0.25214138627052307,0.581127941608429,0.029702622443437576
31,60,True,0.807692289352417,16,0.8223458528518677,0.2523307502269745,0.5807681679725647,0.02958904765546322
31,61,True,0.8461538553237915,16,0.8220344185829163,0.251967191696167,0.5804633498191833,0.029431790113449097
31,62,True,0.8846153616905212,16,0.8223724365234375,0.2511973977088928,0.5800514817237854,0.029245510697364807
31,63,True,0.9230769276618958,16,0.8228053450584412,0.24958881735801697,0.578312873840332,0.028535528108477592
31,64,True,0.9615384340286255,16,0.8227066993713379,0.25030580163002014,0.5777906775474548,0.028233883902430534
31,65,True,1.0,16,0.8216334581375122,0.2569514214992523,0.5625778436660767,0.022337112575769424
31,66,True,1.0,16,0.8220556974411011,0.25583961606025696,0.5627925395965576,0.02237858437001705
31,67,True,1.0,16,0.8220556974411011,0.25583961606025696,0.5627925395965576,0.02237858437001705
31,68,True,1.0,16,0.8220556974411011,0.25583961606025696,0.5627925395965576,0.02237858437001705
31,69,True,1.0,16,0.8220556974411011,0.25583961606025696,0.5627925395965576,0.02237858437001705
31,70,True,1.0,16,0.8220556974411011,0.25583961606025696,0.5627925395965576,0.02237858437001705
31,71,True,1.0,16,0.8220556974411011,0.25583961606025696,0.5627925395965576,0.02237858437001705
31,72,True,1.0,16,0.8218717575073242,0.256350576877594,0.56284499168396,0.022434769198298454
31,73,True,1.0,16,0.8218612670898438,0.25634852051734924,0.5628443360328674,0.02243521437048912
31,74,True,1.0,16,0.8218648433685303,0.2563501000404358,0.5628423690795898,0.022435875609517097
31,75,True,1.0,16,0.8218653202056885,0.2563520669937134,0.5628410577774048,0.022433767095208168
31,76,True,1.0,16,0.8218514919281006,0.25635233521461487,0.562839150428772,0.022432822734117508
31,77,True,1.0,16,0.8218510150909424,0.2563495635986328,0.562842607498169,0.02243402786552906
31,78,True,1.0,16,0.8218533992767334,0.25634893774986267,0.5628418326377869,0.02243480086326599
31,79,True,1.0,16,0.8218536376953125,0.2563469409942627,0.5628402829170227,0.022434178739786148
31,80,True,1.0,16,0.8216536045074463,0.2570255696773529,0.5626275539398193,0.022418055683374405
31,81,True,1.0,16,0.8216361999511719,0.25705811381340027,0.5626253485679626,0.022418225184082985
31,82,True,1.0,16,0.821629524230957,0.25706738233566284,0.5626237988471985,0.02241828665137291
31,83,True,1.0,16,0.8216331005096436,0.2570587992668152,0.5626228451728821,0.022417699918150902
31,84,True,1.0,16,0.8216308355331421,0.2570575475692749,0.5626223087310791,0.022417109459638596
31,85,True,1.0,16,0.8216307163238525,0.2570677697658539,0.562623143196106,0.022417712956666946
31,86,True,1.0,16,0.8216280937194824,0.2570634186267853,0.5626221895217896,0.022417251020669937
31,87,True,1.0,16,0.8216309547424316,0.2570666968822479,0.5626230239868164,0.02241739258170128
31,88,True,1.0,16,0.8214163780212402,0.25771456956863403,0.5622312426567078,0.0223679319024086
31,89,True,1.0,16,0.8213983774185181,0.2577275037765503,0.5622332692146301,0.022367574274539948
31,90,True,1.0,16,0.8213905096054077,0.25773724913597107,0.5622316598892212,0.022368965670466423
31,91,True,1.0,16,0.8214004039764404,0.25777140259742737,0.5622316002845764,0.022368524223566055
31,92,True,1.0,16,0.8213948011398315,0.25776103138923645,0.5622305274009705,0.022367242723703384
31,93,True,1.0,16,0.8213988542556763,0.25776180624961853,0.5622303485870361,0.022367004305124283
31,94,True,1.0,16,0.8213971853256226,0.2577648162841797,0.5622307062149048,0.02236684039235115
31,95,True,1.0,16,0.8213986158370972,0.2577652931213379,0.5622310042381287,0.02236608974635601
31,96,True,1.0,16,0.8212107419967651,0.25819483399391174,0.5616400837898254,0.022327521815896034
31,97,True,1.0,16,0.8211992979049683,0.2581873834133148,0.5616408586502075,0.022327343001961708
31,98,False,0.0,16,0.8132809400558472,0.2760009169578552,0.5782248973846436,0.029122915118932724
31,99,False,0.0,16,0.8076534867286682,0.2806905508041382,0.5788087844848633,0.02939119189977646
31,100,False,0.0,16,0.8074003458023071,0.2811441421508789,0.5788806080818176,0.029423531144857407
31,101,False,0.0,16,0.8067428469657898,0.2816631495952606,0.5791429877281189,0.029467348009347916
31,102,False,0.0,16,0.8072237968444824,0.28204110264778137,0.5796598196029663,0.02962665632367134
31,103,False,0.0,16,0.8076121807098389,0.2824711203575134,0.5797673463821411,0.029647089540958405
31,104,False,0.0,16,0.8088559508323669,0.2817452549934387,0.5793298482894897,0.02964618057012558
31,105,False,0.0,16,0.8099645376205444,0.2807063162326813,0.5797879695892334,0.029827311635017395
31,106,False,0.0,16,0.8110432028770447,0.2798582911491394,0.5799855589866638,0.029893536120653152
31,107,False,0.0,16,0.8120259642601013,0.278933048248291,0.5798487663269043,0.029882924631237984
31,108,False,0.0,16,0.8124228119850159,0.2783312499523163,0.5797070264816284,0.029813943430781364
31,109,False,0.0,16,0.8124104738235474,0.2774145007133484,0.5797932147979736,0.029813047498464584
31,110,False,0.0,16,0.8124328851699829,0.2765201926231384,0.5799376964569092,0.029833504930138588
31,111,False,0.0,16,0.8120774626731873,0.2754521071910858,0.5801278352737427,0.029888981953263283
31,112,False,0.0,16,0.8116729855537415,0.27497798204421997,0.5792540907859802,0.02965576760470867
31,113,False,0.0,16,0.8108568787574768,0.2750720679759979,0.5792766809463501,0.029662201181054115
31,114,False,0.0,16,0.8095241189002991,0.2753669023513794,0.579503059387207,0.029728978872299194
31,115,False,0.0,16,0.8089059591293335,0.27563461661338806,0.5796342492103577,0.029765097424387932
31,116,False,0.0,16,0.8086416125297546,0.2760087847709656,0.579865574836731,0.02984563820064068
31,117,False,0.0,16,0.8083292245864868,0.2762143313884735,0.5798863768577576,0.029846694320440292
31,118,False,0.0,16,0.808861255645752,0.2765956521034241,0.5801053047180176,0.029904786497354507
31,119,False,0.0,16,0.8093162775039673,0.2766096889972687,0.5801664590835571,0.029918955639004707
31,120,False,0.0,16,0.8100317716598511,0.27634039521217346,0.579231858253479,0.02966090850532055
31,121,False,0.0,16,0.8107826113700867,0.2758800983428955,0.5791521072387695,0.02966662123799324
31,122,False,0.0,16,0.8112204074859619,0.2751469016075134,0.579123854637146,0.029650665819644928
31,123,False,0.0,16,0.8115760684013367,0.27439969778060913,0.5793316960334778,0.02973783388733864
31,124,False,0.0,16,0.8114939332008362,0.2738591730594635,0.5794620513916016,0.029813310131430626
31,125,False,0.0,16,0.8117048740386963,0.27327796816825867,0.5795953869819641,0.029885463416576385
31,126,False,0.0,16,0.8119732141494751,0.27287745475769043,0.5797098278999329,0.029913602396845818
31,127,False,0.0,16,0.8124655485153198,0.27198824286460876,0.5795392394065857,0.02982870303094387
31,128,False,0.0,16,0.8131399750709534,0.2711086869239807,0.5787391662597656,0.02949950285255909
31,129,False,0.0,16,0.8126816749572754,0.27056747674942017,0.5787489414215088,0.02950301766395569
31,130,False,0.0,16,0.8125543594360352,0.2703534662723541,0.5790018439292908,0.02955077961087227
32,0,False,0.0,0,0.7532702684402466,0.18606770038604736,0.5412746071815491,0.018133126199245453
32,1,False,0.0,1,0.834130048751831,0.2586604654788971,0.5795286893844604,0.029594669118523598
32,2,False,0.0,2,0.83390873670578,0.2587815523147583,0.5795679092407227,0.02960347943007946
32,3,False,0.0,3,0.8333192467689514,0.2593604028224945,0.5795548558235168,0.029610928148031235
32,4,False,0.0,4,0.8327122330665588,0.2594596743583679,0.5795280337333679,0.029599692672491074
32,5,False,0.0,5,0.831348180770874,0.2596883177757263,0.5787360668182373,0.029316473752260208
32,6,False,0.0,6,0.8312108516693115,0.25941935181617737,0.5787836909294128,0.029342124238610268
32,7,False,0.0,7,0.8312088251113892,0.25935453176498413,0.5785166621208191,0.029229827225208282
32,8,False,0.0,8,0.831344723701477,0.25895535945892334,0.5779812335968018,0.029001014307141304
32,9,False,0.0,9,0.8307199478149414,0.2589539587497711,0.5779982805252075,0.029038121923804283
32,10,False,0.0,10,0.8299276828765869,0.2593018412590027,0.5778307914733887,0.02895008772611618
32,11,False,0.0,11,0.8285316228866577,0.26030561327934265,0.5777672529220581,0.028957867994904518
32,12,False,0.0,12,0.8270740509033203,0.2611401677131653,0.5774674415588379,0.028878038749098778
32,13,False,0.0,13,0.8254355788230896,0.26246377825737,0.5763816833496094,0.02853216975927353
32,14,False,0.0,14,0.8241579532623291,0.2630803883075714,0.5762460231781006,0.028432613238692284
32,15,False,0.0,15,0.8226110935211182,0.26410797238349915,0.5762597918510437,0.0284369308501482
32,16,False,0.0,16,0.820177435874939,0.26655295491218567,0.5764778852462769,0.02850450947880745
32,17,False,0.0,16,0.817781925201416,0.26912379264831543,0.5763629674911499,0.02850361540913582
32,18,False,0.0,16,0.8160033822059631,0.2708325684070587,0.5765423774719238,0.02850685641169548
32,19,False,0.0,16,0.8145468831062317,0.27280130982398987,0.5766634941101074,0.028526967391371727
32,20,False,0.0,16,0.8132065534591675,0.27420198917388916,0.5769742131233215,0.028673255816102028
32,21,False,0.0,16,0.8118540048599243,0.2755962610244751,0.5766317844390869,0.028580209240317345
32,22,False,0.0,16,0.8108363151550293,0.27652743458747864,0.5767804980278015,0.02862137369811535
32,23,False,0.0,16,0.8097639083862305,0.27806228399276733,0.5772578716278076,0.028713839128613472
32,24,False,0.0,16,0.809231698513031,0.279570996761322,0.5776759386062622,0.028806399554014206
32,25,False,0.0,16,0.8075467348098755,0.28226763010025024,0.5777969360351562,0.028848804533481598
32,26,False,0.0,16,0.8065536022186279,0.28377947211265564,0.5775432586669922,0.028762971982359886
32,27,False,0.0,16,0.8059026598930359,0.2845664322376251,0.5778567790985107,0.02892264537513256
32,28,False,0.0,16,0.8051483035087585,0.28534001111984253,0.5777096152305603,0.02893088012933731
32,29,False,0.0,16,0.8061619400978088,0.28489866852760315,0.5777552127838135,0.02905999682843685
32,30,False,0.0,16,0.8056538701057434,0.28523141145706177,0.5780258178710938,0.029192239046096802
32,31,False,0.0,16,0.8053936958312988,0.28582489490509033,0.5780652165412903,0.02918146178126335
32,32,False,0.0,16,0.8047735095024109,0.2856448292732239,0.5782135128974915,0.029233334586024284
32,33,False,0.0,16,0.8052529096603394,0.2852906584739685,0.5781890153884888,0.029210995882749557
32,34,False,0.0,16,0.8054578304290771,0.2847825586795807,0.5782575607299805,0.029253944754600525
32,35,False,0.0,16,0.8052851557731628,0.2845551073551178,0.5783414840698242,0.029285414144396782
32,36,True,0.00826446246355772,16,0.8048714399337769,0.2843131124973297,0.578228235244751,0.029258504509925842
32,37,True,0.0416666679084301,16,0.8044822216033936,0.2840869724750519,0.5787204504013062,0.029629355296492577
32,38,True,0.0833333358168602,16,0.8107365965843201,0.27661752700805664,0.5781707763671875,0.029460031539201736
32,39,True,0.125,16,0.8106602430343628,0.2761059105396271,0.5767244100570679,0.02896137535572052
32,40,True,0.1666666716337204,16,0.8100760579109192,0.27351051568984985,0.5761685371398926,0.028748834505677223
32,41,True,0.2083333283662796,16,0.8134702444076538,0.2670065760612488,0.5762312412261963,0.028757305815815926
32,42,True,0.25,16,0.8140079975128174,0.26324889063835144,0.576067328453064,0.028673674911260605
32,43,True,0.2916666567325592,16,0.815475344657898,0.2630777060985565,0.5768418908119202,0.02895989455282688
32,44,True,0.3333333432674408,16,0.8160974383354187,0.2596871256828308,0.5754125714302063,0.028371743857860565
32,45,True,0.375,16,0.8143393397331238,0.2608550488948822,0.5749094486236572,0.028218934312462807
32,46,True,0.4166666567325592,16,0.8168514370918274,0.2574731409549713,0.5747644901275635,0.02814440429210663
32,47,True,0.4583333432674408,16,0.8180824518203735,0.25710663199424744,0.5743330717086792,0.027985718101263046
32,48,True,0.5,16,0.8182655572891235,0.25773173570632935,0.5735936164855957,0.027718672528862953
32,49,True,0.5416666865348816,16,0.8187822103500366,0.2581389546394348,0.5735678672790527,0.027707019820809364
32,50,True,0.5833333134651184,16,0.8189506530761719,0.25792407989501953,0.5731710195541382,0.027540843933820724
32,51,True,0.625,16,0.8180707693099976,0.2581496238708496,0.5736984014511108,0.027718262746930122
32,52,True,0.6666666865348816,16,0.8184428811073303,0.25779345631599426,0.573833703994751,0.02778303623199463
32,53,True,0.7083333134651184,16,0.8164538145065308,0.25854364037513733,0.5741267800331116,0.027951916679739952
32,54,True,0.75,16,0.8154057264328003,0.2586756646633148,0.5744339823722839,0.028106696903705597
32,55,True,0.7916666865348816,16,0.8163715600967407,0.257889986038208,0.5743460059165955,0.028081271797418594
32,56,True,0.8333333134651184,16,0.8181864023208618,0.25486400723457336,0.5744997262954712,0.0281366016715765
32,57,True,0.875,16,0.8199986815452576,0.2536662518978119,0.5741180777549744,0.02794552966952324
32,58,True,0.9166666865348816,16,0.8214632272720337,0.25212034583091736,0.574181318283081,0.027967015281319618
32,59,True,0.9583333134651184,16,0.8227996826171875,0.25088995695114136,0.5714287757873535,0.026782916858792305
32,60,True,1.0,16,0.8227629661560059,0.24830442667007446,0.5598416328430176,0.02184445410966873
32,61,True,1.0,16,0.8227066993713379,0.24704569578170776,0.5600370168685913,0.021849213168025017
32,62,True,1.0,16,0.8227005004882812,0.24706141650676727,0.5600394606590271,0.02184862457215786
32,63,True,1.0,16,0.8227169513702393,0.2470463663339615,0.5600422620773315,0.021847879514098167
32,64,True,1.0,16,0.8227149248123169,0.2470557987689972,0.5600441098213196,0.02184862643480301
32,65,True,1.0,16,0.8227330446243286,0.24703790247440338,0.5600446462631226,0.021848801523447037
32,66,True,1.0,16,0.8227190971374512,0.24705204367637634,0.5600450038909912,0.021848047152161598
32,67,True,1.0,16,0.8227324485778809,0.2470206916332245,0.5600452423095703,0.02184899151325226
32,68,True,1.0,16,0.8227304220199585,0.24702271819114685,0.5600458979606628,0.02184893749654293
