episode_id,timestep,occlusion_flag,occlusion_strength,history_size,cog_alpha_mean,cog_alpha_std,per_alpha_mean,per_alpha_std
0,0,False,0.0,0,0.7266072034835815,0.1789936125278473,0.5178404450416565,0.04086783155798912
0,1,False,0.0,1,0.8070427775382996,0.2504795789718628,0.532240629196167,0.046773843467235565
0,2,False,0.0,1,0.8070322275161743,0.2503935694694519,0.5323441028594971,0.046859025955200195
0,3,False,0.0,1,0.8070060014724731,0.2504217028617859,0.5327115654945374,0.04699680581688881
0,4,False,0.0,1,0.8071091175079346,0.2502802908420563,0.5327122211456299,0.04716759920120239
0,5,False,0.0,1,0.8077166676521301,0.249985009431839,0.5332586765289307,0.04772112891077995
0,6,False,0.0,1,0.8083762526512146,0.2492891103029251,0.5327638387680054,0.04868924617767334
0,7,False,0.0,1,0.8069818019866943,0.2497931271791458,0.5335015058517456,0.05102347955107689
0,8,False,0.0,1,0.8037347793579102,0.2509588301181793,0.5340284109115601,0.05247558653354645
0,9,False,0.0,1,0.8030447959899902,0.25170835852622986,0.5357719659805298,0.05277261883020401
0,10,False,0.0,1,0.8023959398269653,0.252410352230072,0.5353168249130249,0.05290147662162781
0,11,False,0.0,1,0.8021122217178345,0.2526036202907562,0.5348039865493774,0.05265802517533302
0,12,False,0.0,1,0.8019452095031738,0.253103107213974,0.5343183279037476,0.05193193629384041
0,13,False,0.0,1,0.801301121711731,0.25381845235824585,0.5331633687019348,0.05149921774864197
0,14,False,0.0,1,0.800926685333252,0.2542678713798523,0.5324077606201172,0.051426514983177185
0,15,False,0.0,1,0.800285816192627,0.2547564208507538,0.5308915376663208,0.05030655488371849
0,16,False,0.0,1,0.8005092740058899,0.2546536326408386,0.529977560043335,0.04948200657963753
0,17,False,0.0,1,0.8011022806167603,0.25473570823669434,0.52975994348526,0.04905674234032631
0,18,False,0.0,1,0.8017182350158691,0.2548833191394806,0.528596818447113,0.04930178448557854
0,19,False,0.0,1,0.8021388053894043,0.2551267445087433,0.5305850505828857,0.04789911210536957
0,20,False,0.0,1,0.8024613857269287,0.2554546892642975,0.5294816493988037,0.04862827807664871
0,21,False,0.0,1,0.8030125498771667,0.2552487552165985,0.5290743708610535,0.047985222190618515
0,22,False,0.0,1,0.8029983639717102,0.25495442748069763,0.5295016765594482,0.047563422471284866
0,23,False,0.0,1,0.8031696081161499,0.2547687888145447,0.5301530361175537,0.04768892377614975
0,24,False,0.0,1,0.8041917085647583,0.2542927861213684,0.5300811529159546,0.04684541001915932
0,25,False,0.0,1,0.8044426441192627,0.254138708114624,0.5296700596809387,0.0463101789355278
0,26,False,0.0,1,0.8048955202102661,0.2539793848991394,0.529890775680542,0.045712728053331375
0,27,False,0.0,1,0.8049801588058472,0.25382548570632935,0.5298517942428589,0.0455218106508255
0,28,False,0.0,1,0.8050195574760437,0.25391823053359985,0.5309441089630127,0.04501951485872269
0,29,False,0.0,1,0.8048129081726074,0.2540864646434784,0.5323779582977295,0.044636815786361694
0,30,False,0.0,1,0.8042454123497009,0.25450071692466736,0.534144401550293,0.04513832554221153
0,31,False,0.0,1,0.8027597069740295,0.2550815939903259,0.5345170497894287,0.04514087736606598
0,32,False,0.0,1,0.801508903503418,0.2559352219104767,0.536339521408081,0.0451226681470871
0,33,False,0.0,1,0.7994022369384766,0.2571679353713989,0.5381417274475098,0.04490489140152931
0,34,False,0.0,1,0.7959188222885132,0.25906097888946533,0.5392376780509949,0.044965073466300964
0,35,False,0.0,1,0.7927286624908447,0.2610909938812256,0.5402714610099792,0.04535568878054619
0,36,False,0.0,1,0.7896162271499634,0.2628009021282196,0.5399720668792725,0.045845575630664825
0,37,False,0.0,1,0.7879892587661743,0.2634085714817047,0.5399349927902222,0.04551943764090538
0,38,False,0.0,1,0.7855291366577148,0.26441290974617004,0.5370014309883118,0.04535411298274994
0,39,False,0.0,1,0.7843084335327148,0.26527974009513855,0.5363303422927856,0.045288365334272385
0,40,False,0.0,1,0.7836300134658813,0.26645833253860474,0.5379494428634644,0.04458943381905556
0,41,False,0.0,1,0.7835878133773804,0.2675056755542755,0.5397700667381287,0.04450833052396774
0,42,False,0.0,1,0.7823063135147095,0.26942387223243713,0.5424249172210693,0.046266939491033554
0,43,False,0.0,1,0.7811934351921082,0.27078157663345337,0.5420174598693848,0.04664773866534233
0,44,False,0.0,1,0.7796015739440918,0.27226051688194275,0.5411094427108765,0.047657910734415054
0,45,False,0.0,1,0.776718020439148,0.2745477259159088,0.5402359962463379,0.048238545656204224
0,46,False,0.0,1,0.7741197347640991,0.27582061290740967,0.5392208099365234,0.048693690448999405
0,47,False,0.0,1,0.7723361849784851,0.2767343521118164,0.5380847454071045,0.04789479076862335
0,48,False,0.0,1,0.7717490196228027,0.2775045335292816,0.537063717842102,0.04782543331384659
0,49,False,0.0,1,0.7715959548950195,0.2779984772205353,0.5371167063713074,0.04768815636634827
0,50,False,0.0,1,0.7714618444442749,0.27842891216278076,0.5358633995056152,0.04764667525887489
0,51,False,0.0,1,0.7722143530845642,0.27835723757743835,0.5351656675338745,0.047666970640420914
0,52,False,0.0,1,0.7728018164634705,0.2779513895511627,0.5342665314674377,0.047418370842933655
0,53,False,0.0,1,0.7730698585510254,0.27728888392448425,0.5323834419250488,0.04705856740474701
0,54,False,0.0,1,0.7729113698005676,0.27670517563819885,0.5300683975219727,0.04664970561861992
0,55,False,0.0,1,0.77325439453125,0.2754248380661011,0.5280295610427856,0.04640685394406319
0,56,False,0.0,1,0.7747380137443542,0.2734101712703705,0.5263999700546265,0.04613989591598511
0,57,False,0.0,1,0.7760277986526489,0.2728583514690399,0.5265817642211914,0.04660625755786896
0,58,False,0.0,1,0.7767466306686401,0.2726677656173706,0.5263584852218628,0.04657028615474701
0,59,False,0.0,1,0.7771567702293396,0.2723497450351715,0.5268682837486267,0.04606720805168152
0,60,False,0.0,1,0.7770001888275146,0.27261340618133545,0.5250993967056274,0.04556029662489891
0,61,False,0.0,1,0.7767417430877686,0.27299344539642334,0.5232416391372681,0.04575842618942261
0,62,False,0.0,1,0.7767995595932007,0.27300816774368286,0.5205785036087036,0.04633348435163498
0,63,False,0.0,1,0.7774813175201416,0.27273935079574585,0.5181078314781189,0.046884141862392426
0,64,False,0.0,1,0.7777440547943115,0.2713545858860016,0.5160136222839355,0.047781504690647125
0,65,False,0.0,1,0.7790737152099609,0.2705412209033966,0.5119823813438416,0.048063214868307114
0,66,False,0.0,1,0.7802785038948059,0.2695479989051819,0.510404646396637,0.04714668169617653
0,67,False,0.0,1,0.7808394432067871,0.26901012659072876,0.5069108009338379,0.04713619500398636
0,68,False,0.0,1,0.781055212020874,0.26764482259750366,0.5070480704307556,0.04691758379340172
0,69,False,0.0,1,0.781416654586792,0.26721835136413574,0.5072988867759705,0.04709117114543915
0,70,False,0.0,1,0.7818716764450073,0.267410010099411,0.5073874592781067,0.04752302169799805
0,71,False,0.0,1,0.7822110652923584,0.26752930879592896,0.506828784942627,0.04823405295610428
0,72,False,0.0,1,0.7829618453979492,0.2672189176082611,0.5051456689834595,0.04855688288807869
0,73,False,0.0,1,0.7843778133392334,0.26634371280670166,0.5040181875228882,0.04861211031675339
0,74,False,0.0,1,0.7858357429504395,0.26528799533843994,0.503959059715271,0.04836629703640938
0,75,False,0.0,1,0.7870209813117981,0.2637859880924225,0.5037683248519897,0.048246290534734726
0,76,False,0.0,1,0.7880462408065796,0.26268020272254944,0.5047008991241455,0.047415945678949356
0,77,False,0.0,1,0.7889686822891235,0.2625025808811188,0.5047363042831421,0.04700198769569397
0,78,False,0.0,1,0.7892553806304932,0.26257508993148804,0.5031719207763672,0.04668930545449257
0,79,False,0.0,1,0.7892114520072937,0.26246196031570435,0.5031707286834717,0.04607084393501282
0,80,False,0.0,1,0.7890658378601074,0.26266491413116455,0.5034968852996826,0.04500850290060043
0,81,False,0.0,1,0.7885639667510986,0.263325572013855,0.5034458637237549,0.04471093788743019
0,82,False,0.0,1,0.7879174947738647,0.26421859860420227,0.5030701160430908,0.04456828907132149
0,83,False,0.0,1,0.7874046564102173,0.2651362121105194,0.5038449764251709,0.04443451762199402
0,84,False,0.0,1,0.7866179943084717,0.2663903832435608,0.5037060976028442,0.04473099857568741
0,85,False,0.0,1,0.7856155633926392,0.2673156261444092,0.5049763917922974,0.04479723051190376
0,86,False,0.0,1,0.785040020942688,0.2682366669178009,0.5052903890609741,0.04426037520170212
0,87,False,0.0,1,0.7846450805664062,0.26922211050987244,0.5048402547836304,0.043602023273706436
0,88,False,0.0,1,0.7836771011352539,0.27034294605255127,0.5046699047088623,0.04318214952945709
0,89,False,0.0,1,0.7822561264038086,0.27145251631736755,0.5047827959060669,0.04179443418979645
0,90,False,0.0,1,0.7805910110473633,0.2724973261356354,0.5061498880386353,0.03990285098552704
0,91,False,0.0,1,0.778286337852478,0.2745230495929718,0.507587194442749,0.039234984666109085
0,92,False,0.0,1,0.7765698432922363,0.2760159373283386,0.5089058876037598,0.03903905674815178
0,93,False,0.0,1,0.775688648223877,0.27710580825805664,0.5109459161758423,0.03887861222028732
0,94,False,0.0,1,0.7743845582008362,0.2774679362773895,0.5101375579833984,0.03783208504319191
0,95,False,0.0,1,0.774838924407959,0.27709245681762695,0.5087926387786865,0.036970410495996475
0,96,False,0.0,1,0.7756137251853943,0.27659425139427185,0.5084846615791321,0.03599068149924278
0,97,False,0.0,1,0.7758868932723999,0.27619272470474243,0.5099576115608215,0.03546782210469246
0,98,False,0.0,1,0.776425302028656,0.2752175033092499,0.5114461183547974,0.03504571318626404
0,99,False,0.0,1,0.7769970297813416,0.2735459804534912,0.5124238729476929,0.034751418977975845
0,100,False,0.0,1,0.7774862051010132,0.2716187536716461,0.5125068426132202,0.03465014323592186
0,101,False,0.0,1,0.7779061794281006,0.2699055075645447,0.5145129561424255,0.03568258136510849
0,102,False,0.0,1,0.7781501412391663,0.2694135010242462,0.5154519081115723,0.03649343177676201
0,103,False,0.0,1,0.7780269384384155,0.26909759640693665,0.5180302262306213,0.037355195730924606
0,104,False,0.0,1,0.7780320644378662,0.2688928544521332,0.5206811428070068,0.03771538659930229
0,105,False,0.0,1,0.7779548168182373,0.268379807472229,0.5220160484313965,0.037998661398887634
0,106,False,0.0,1,0.7780729532241821,0.26795220375061035,0.523303210735321,0.037969619035720825
0,107,False,0.0,1,0.7779914140701294,0.2674674093723297,0.5253938436508179,0.0385323241353035
0,108,False,0.0,1,0.7779009342193604,0.26702794432640076,0.5264592170715332,0.03881976753473282
0,109,False,0.0,1,0.7782816290855408,0.26650992035865784,0.5289998054504395,0.0390683189034462
0,110,False,0.0,1,0.7781912088394165,0.26584938168525696,0.5304077863693237,0.03879975154995918
0,111,False,0.0,1,0.7784903049468994,0.26528221368789673,0.5316916704177856,0.03846432641148567
0,112,False,0.0,1,0.7793453931808472,0.2649538815021515,0.5322946310043335,0.038162171840667725
0,113,False,0.0,1,0.7800252437591553,0.26501157879829407,0.5324352979660034,0.037960778921842575
0,114,False,0.0,1,0.7805062532424927,0.26487377285957336,0.5329554080963135,0.03815426677465439
0,115,False,0.0,1,0.7807809114456177,0.26485660672187805,0.5364313125610352,0.039973385632038116
0,116,False,0.0,1,0.7808011770248413,0.26493752002716064,0.5393191576004028,0.04170999675989151
0,117,False,0.0,1,0.7809919118881226,0.26370769739151,0.5492445826530457,0.0458771288394928
0,118,False,0.0,1,0.7814370393753052,0.2637096345424652,0.5567256212234497,0.0487949401140213
0,119,False,0.0,1,0.7824493646621704,0.26385411620140076,0.56007981300354,0.0496380552649498
0,120,False,0.0,1,0.7838577628135681,0.2642134130001068,0.5615297555923462,0.048919811844825745
0,121,False,0.0,1,0.7845726013183594,0.26429060101509094,0.5623182058334351,0.04823647439479828
0,122,False,0.0,1,0.785323977470398,0.26443588733673096,0.5646932125091553,0.048747312277555466
0,123,False,0.0,1,0.7848957777023315,0.2643658220767975,0.5666095018386841,0.048898015171289444
0,124,False,0.0,1,0.7848779559135437,0.26415005326271057,0.5666021704673767,0.04873690754175186
1,0,False,0.0,0,0.7162460088729858,0.1826014518737793,0.5347498655319214,0.046098243445158005
1,1,False,0.0,1,0.8015750646591187,0.2513042390346527,0.5473464727401733,0.04775667190551758
1,2,False,0.0,1,0.8006317615509033,0.25300559401512146,0.5481188893318176,0.048340704292058945
1,3,False,0.0,1,0.7997215986251831,0.25436779856681824,0.5487614870071411,0.04869876429438591
1,4,False,0.0,1,0.7998725771903992,0.2548459470272064,0.5491350889205933,0.04887842759490013
1,5,False,0.0,1,0.7999162673950195,0.2552433907985687,0.5495792627334595,0.04895012080669403
1,6,False,0.0,1,0.7996739745140076,0.2563557028770447,0.551742672920227,0.049568578600883484
1,7,False,0.0,1,0.7988454103469849,0.2568187713623047,0.5521603226661682,0.049805790185928345
1,8,False,0.0,1,0.7984493970870972,0.25719860196113586,0.5525709390640259,0.04985470324754715
1,9,False,0.0,1,0.7981591820716858,0.25766822695732117,0.5521532893180847,0.04950711131095886
1,10,False,0.0,1,0.7980333566665649,0.25799039006233215,0.5533275604248047,0.049665890634059906
1,11,False,0.0,1,0.7982335686683655,0.2585054934024811,0.5537662506103516,0.04947834089398384
1,12,False,0.0,1,0.7986852526664734,0.25845131278038025,0.5546939373016357,0.04948369041085243
1,13,False,0.0,1,0.7991186380386353,0.25817811489105225,0.5550028085708618,0.049128685146570206
1,14,False,0.0,1,0.7993170022964478,0.25814759731292725,0.5542973279953003,0.048831742256879807
1,15,False,0.0,1,0.7993512153625488,0.2585783302783966,0.5555030107498169,0.04878753051161766
1,16,False,0.0,1,0.7992280125617981,0.2588250935077667,0.5555227398872375,0.04814666509628296
1,17,False,0.0,1,0.7990657091140747,0.25906074047088623,0.5555920004844666,0.04788045212626457
1,18,False,0.0,1,0.7990793585777283,0.25912654399871826,0.5556937456130981,0.04739333316683769
1,19,False,0.0,1,0.7990546822547913,0.25880303978919983,0.5557234287261963,0.0470946729183197
1,20,False,0.0,1,0.7990356087684631,0.25858068466186523,0.5562593936920166,0.04686831682920456
1,21,False,0.0,1,0.7994819283485413,0.2579697370529175,0.5566798448562622,0.04636748880147934
1,22,False,0.0,1,0.799411416053772,0.25780200958251953,0.5566973686218262,0.04595309868454933
1,23,False,0.0,1,0.7993143796920776,0.2576907277107239,0.5575351715087891,0.04579831287264824
1,24,False,0.0,1,0.7992871999740601,0.2578485310077667,0.5581045150756836,0.04587206244468689
1,25,False,0.0,1,0.7991896271705627,0.25801539421081543,0.55852210521698,0.04573255777359009
1,26,False,0.0,1,0.7993131875991821,0.258842408657074,0.5586801171302795,0.04575023800134659
1,27,False,0.0,1,0.7992632389068604,0.25965622067451477,0.5596372485160828,0.04600558057427406
1,28,False,0.0,1,0.7990336418151855,0.25967732071876526,0.559882640838623,0.04679059609770775
1,29,False,0.0,1,0.7985552549362183,0.26064935326576233,0.5602402091026306,0.04713786765933037
1,30,False,0.0,1,0.7969948053359985,0.26114389300346375,0.5605322122573853,0.04781007021665573
1,31,False,0.0,1,0.7967129945755005,0.260971337556839,0.5613020062446594,0.04852069541811943
1,32,False,0.0,1,0.7961335778236389,0.2612292766571045,0.563342273235321,0.04933862015604973
1,33,False,0.0,1,0.7953898310661316,0.2618050277233124,0.5640701651573181,0.050153665244579315
1,34,False,0.0,1,0.794068455696106,0.2631950378417969,0.5674883127212524,0.051206592470407486
1,35,False,0.0,1,0.7936816215515137,0.2639431655406952,0.570867657661438,0.05212138593196869
1,36,False,0.0,1,0.792057454586029,0.26507869362831116,0.5716289281845093,0.052439697086811066
1,37,False,0.0,1,0.7914301156997681,0.2654350996017456,0.5702663064002991,0.052225448191165924
1,38,False,0.0,1,0.7911508083343506,0.2655746042728424,0.5688742399215698,0.052180223166942596
1,39,False,0.0,1,0.7906802296638489,0.26629939675331116,0.5694412589073181,0.05228016898036003
1,40,False,0.0,1,0.7894219160079956,0.2675066888332367,0.5697039365768433,0.0517478883266449
1,41,False,0.0,1,0.7880361080169678,0.2686607539653778,0.5681637525558472,0.05107874423265457
1,42,False,0.0,1,0.7855730056762695,0.27020347118377686,0.5649128556251526,0.0505598820745945
1,43,False,0.0,1,0.7849662899971008,0.2709804177284241,0.562496542930603,0.04907456412911415
1,44,False,0.0,1,0.7843309640884399,0.27212369441986084,0.5602289438247681,0.04801991209387779
1,45,False,0.0,1,0.7838132977485657,0.2729998528957367,0.5578105449676514,0.04717264696955681
1,46,True,0.023178808391094208,1,0.7827016711235046,0.2732427716255188,0.5556825399398804,0.04553685709834099
1,47,True,0.05629139021039009,1,0.7819715738296509,0.2735934853553772,0.5517654418945312,0.04397355020046234
1,48,True,0.08940397202968597,1,0.7812180519104004,0.27323028445243835,0.5500545501708984,0.04317294433712959
1,49,True,0.12251655757427216,1,0.7810239791870117,0.27265220880508423,0.5489840507507324,0.04260493442416191
1,50,True,0.15562914311885834,1,0.7805371284484863,0.27139589190483093,0.5487577319145203,0.04342249780893326
1,51,True,0.18874172866344452,1,0.779579758644104,0.27071356773376465,0.5473624467849731,0.04389970377087593
1,52,True,0.2218542993068695,1,0.77874755859375,0.27292966842651367,0.5462251901626587,0.045423198491334915
1,53,True,0.2549668848514557,1,0.777817964553833,0.27556148171424866,0.5451492667198181,0.04707096517086029
1,54,True,0.28807947039604187,1,0.7787117958068848,0.2741881012916565,0.5413333773612976,0.04839914292097092
1,55,True,0.32119205594062805,1,0.7792154550552368,0.2737588882446289,0.5382564067840576,0.048204101622104645
1,56,True,0.35430464148521423,1,0.7800388932228088,0.2735110819339752,0.5344703197479248,0.04784656688570976
1,57,True,0.3874172270298004,1,0.7805630564689636,0.2729528844356537,0.5318247675895691,0.048086583614349365
1,58,True,0.4205298125743866,1,0.7814587354660034,0.27179285883903503,0.5272808074951172,0.046338632702827454
1,59,True,0.4536423981189728,1,0.7814052104949951,0.2715073525905609,0.5219853520393372,0.045771487057209015
1,60,True,0.4867549538612366,1,0.7826113700866699,0.2703283131122589,0.516793966293335,0.04546002298593521
1,61,True,0.5198675394058228,1,0.7848851680755615,0.26787135004997253,0.510158896446228,0.04179307818412781
1,62,True,0.5529801249504089,1,0.7868912220001221,0.2652882933616638,0.5016837120056152,0.0403103306889534
1,63,True,0.5860927104949951,1,0.7886902093887329,0.261507123708725,0.5022804141044617,0.035947415977716446
1,64,True,0.6192052960395813,1,0.7889089584350586,0.2604280412197113,0.5027371644973755,0.03248145431280136
1,65,True,0.6523178815841675,1,0.7877144813537598,0.26001814007759094,0.5062465667724609,0.028647422790527344
1,66,True,0.6854304671287537,1,0.7859963774681091,0.2596193253993988,0.5095444917678833,0.026603320613503456
1,67,True,0.7185430526733398,1,0.7884085178375244,0.2567175328731537,0.5081387758255005,0.0270365122705698
1,68,True,0.751655638217926,1,0.7898895740509033,0.25491049885749817,0.5082722306251526,0.026141084730625153
1,69,True,0.7847682237625122,1,0.791908860206604,0.25173619389533997,0.5123236179351807,0.024955052882432938
1,70,True,0.8178808093070984,1,0.791875422000885,0.25215739011764526,0.5132105350494385,0.02508849836885929
1,71,True,0.8509933948516846,1,0.7897734642028809,0.2531808614730835,0.5147454142570496,0.025428585708141327
1,72,True,0.8841059803962708,1,0.7906922698020935,0.251030832529068,0.51791912317276,0.025172559544444084
1,73,True,0.9172185659408569,1,0.7915621399879456,0.24922341108322144,0.5203709602355957,0.024644307792186737
1,74,True,0.9503311514854431,1,0.7915823459625244,0.24823184311389923,0.5192990303039551,0.025044700130820274
1,75,True,0.9834437370300293,1,0.7909491062164307,0.2499006688594818,0.5146036148071289,0.026004794985055923
1,76,True,1.0,1,0.7905671000480652,0.24580584466457367,0.5104314088821411,0.025118807330727577
1,77,True,1.0,1,0.7901413440704346,0.2433890998363495,0.5089560747146606,0.025198763236403465
1,78,True,1.0,1,0.7898690700531006,0.24262122809886932,0.5082709789276123,0.02511846460402012
1,79,True,1.0,1,0.7897199392318726,0.24248990416526794,0.5079371929168701,0.025059957057237625
1,80,True,1.0,1,0.7896268367767334,0.24242283403873444,0.5077741146087646,0.02502383291721344
1,81,True,1.0,1,0.789596676826477,0.242411807179451,0.5076971054077148,0.025006256997585297
1,82,True,1.0,1,0.7895588874816895,0.24243076145648956,0.5076591968536377,0.02499437890946865
1,83,True,1.0,1,0.7901312112808228,0.2461409717798233,0.5073901414871216,0.025395266711711884
1,84,True,1.0,1,0.7900432348251343,0.2461121529340744,0.5074366331100464,0.025371180847287178
1,85,True,1.0,1,0.789968729019165,0.24614091217517853,0.5074670314788818,0.02536422573029995
1,86,True,1.0,1,0.7899503707885742,0.24616937339305878,0.5074737071990967,0.025360090658068657
1,87,True,1.0,1,0.7899401187896729,0.24617508053779602,0.5074784755706787,0.025358552113175392
1,88,True,1.0,1,0.7899353504180908,0.2461816668510437,0.5074799060821533,0.0253579244017601
1,89,True,1.0,1,0.7899378538131714,0.2462061047554016,0.507481038570404,0.02535952627658844
1,90,True,1.0,1,0.7899301052093506,0.246195450425148,0.5074795484542847,0.025358228012919426
1,91,True,1.0,1,0.7900052070617676,0.24799396097660065,0.5072685480117798,0.025754258036613464
1,92,True,1.0,1,0.7898726463317871,0.24798178672790527,0.507348358631134,0.02573532424867153
1,93,True,1.0,1,0.7898379564285278,0.2480645626783371,0.5073946714401245,0.0257222019135952
1,94,True,1.0,1,0.7898106575012207,0.24806788563728333,0.5074094533920288,0.025717582553625107
1,95,True,1.0,1,0.7897922992706299,0.2480885088443756,0.5074179172515869,0.025715308263897896
1,96,True,1.0,1,0.7897886037826538,0.2480921596288681,0.5074194669723511,0.025714699178934097
1,97,True,1.0,1,0.7897772789001465,0.24810507893562317,0.5074206590652466,0.02571360394358635
1,98,True,1.0,1,0.7897833585739136,0.24810442328453064,0.5074228048324585,0.025713952258229256
1,99,True,1.0,1,0.7898884415626526,0.24982768297195435,0.5073506832122803,0.026050420477986336
1,100,True,1.0,1,0.7897509336471558,0.2499667853116989,0.5074400901794434,0.026036938652396202
1,101,True,1.0,1,0.7896921038627625,0.2500329613685608,0.5074817538261414,0.026032019406557083
1,102,True,1.0,1,0.7896807789802551,0.25010034441947937,0.5074954032897949,0.026030711829662323
1,103,True,1.0,1,0.7896372675895691,0.25011372566223145,0.507499098777771,0.02602788433432579
1,104,True,1.0,1,0.7896364331245422,0.2501295506954193,0.5075016021728516,0.026025637984275818
1,105,True,1.0,1,0.7896366715431213,0.2501299977302551,0.5075016021728516,0.026026936247944832
1,106,True,1.0,1,0.7896409630775452,0.2501378357410431,0.5075023174285889,0.02602667361497879
1,107,True,1.0,1,0.7894299030303955,0.2513486444950104,0.5075559616088867,0.026267629116773605
1,108,True,1.0,1,0.7893276214599609,0.2514330744743347,0.5076263546943665,0.026254575699567795
1,109,True,1.0,1,0.78928542137146,0.2514968514442444,0.5076590180397034,0.026254160329699516
1,110,True,1.0,1,0.7892704010009766,0.25153636932373047,0.5076768398284912,0.026254398748278618
1,111,True,1.0,1,0.7892564535140991,0.25154608488082886,0.5076817870140076,0.026251334697008133
1,112,True,1.0,1,0.7892493009567261,0.25154829025268555,0.5076806545257568,0.026251550763845444
1,113,True,1.0,1,0.7892626523971558,0.2515590190887451,0.5076814889907837,0.02625088207423687
1,114,False,0.0,1,0.7864134907722473,0.26894280314445496,0.5310111045837402,0.03700431063771248
1,115,False,0.0,1,0.7857403755187988,0.2680773138999939,0.5294501781463623,0.03846319764852524
1,116,False,0.0,1,0.7847265005111694,0.2683631181716919,0.528321385383606,0.03863349184393883
1,117,False,0.0,1,0.7841318845748901,0.268110454082489,0.5283636450767517,0.03840989992022514
1,118,False,0.0,1,0.7842658758163452,0.2675251066684723,0.531855046749115,0.03902798891067505
1,119,False,0.0,1,0.7854233384132385,0.2669047713279724,0.5394018292427063,0.04091314971446991
1,120,False,0.0,1,0.7877902984619141,0.26649239659309387,0.5442190170288086,0.04244498908519745
1,121,False,0.0,1,0.7903183698654175,0.26527002453804016,0.5473883748054504,0.04285433515906334
1,122,False,0.0,1,0.7916951775550842,0.2640034258365631,0.5484127998352051,0.04261302202939987
1,123,False,0.0,1,0.7925154566764832,0.2630384862422943,0.5543373823165894,0.04366275668144226
1,124,False,0.0,1,0.7915999889373779,0.26256096363067627,0.5558922290802002,0.04229245334863663
1,125,False,0.0,1,0.7917782068252563,0.26221123337745667,0.5574086904525757,0.04276207089424133
1,126,False,0.0,1,0.7919903993606567,0.2620241045951843,0.5595091581344604,0.04375360906124115
1,127,False,0.0,1,0.7915862202644348,0.2622741460800171,0.5582799911499023,0.04331650957465172
1,128,False,0.0,1,0.7914562225341797,0.26259660720825195,0.5576754808425903,0.04337824508547783
1,129,False,0.0,1,0.7914313673973083,0.26296189427375793,0.5579615831375122,0.043546415865421295
1,130,False,0.0,1,0.7914655208587646,0.26316767930984497,0.558782160282135,0.043795328587293625
1,131,False,0.0,1,0.7916576862335205,0.26330995559692383,0.5593294501304626,0.04438812658190727
1,132,False,0.0,1,0.7916525602340698,0.26357942819595337,0.5594111680984497,0.044579025357961655
1,133,False,0.0,1,0.7914199233055115,0.2638107240200043,0.5593792796134949,0.04469437524676323
1,134,False,0.0,1,0.7910727858543396,0.26403331756591797,0.5595905780792236,0.0447101853787899
1,135,False,0.0,1,0.7909260392189026,0.26421740651130676,0.5596796274185181,0.044799067080020905
1,136,False,0.0,1,0.7906345129013062,0.26439228653907776,0.560248851776123,0.0449492372572422
1,137,False,0.0,1,0.7903491854667664,0.26471376419067383,0.5603457689285278,0.04504619911313057
1,138,False,0.0,1,0.7897931337356567,0.2649504244327545,0.5606826543807983,0.045028217136859894
1,139,False,0.0,1,0.7889654040336609,0.2652036249637604,0.5603651404380798,0.04511144384741783
1,140,False,0.0,1,0.7880899906158447,0.26568740606307983,0.5613566637039185,0.04596089944243431
1,141,False,0.0,1,0.787126898765564,0.2660829722881317,0.5634962916374207,0.047416556626558304
1,142,False,0.0,1,0.786514163017273,0.26618391275405884,0.5647951364517212,0.04823530837893486
1,143,False,0.0,1,0.7866092920303345,0.26646915078163147,0.5646530389785767,0.04839858412742615
1,144,False,0.0,1,0.7865860462188721,0.26654699444770813,0.5636131167411804,0.048074230551719666
1,145,False,0.0,1,0.7863578796386719,0.2664423882961273,0.56391441822052,0.048125602304935455
1,146,False,0.0,1,0.7861762046813965,0.26627516746520996,0.5635524988174438,0.04805606231093407
1,147,False,0.0,1,0.7860244512557983,0.26594412326812744,0.5638678669929504,0.048343200236558914
1,148,False,0.0,1,0.7859672904014587,0.2656765282154083,0.5643621683120728,0.048412222415208817
1,149,False,0.0,1,0.7859888672828674,0.2652994394302368,0.5648469924926758,0.04836718365550041
1,150,False,0.0,1,0.7858325242996216,0.26470038294792175,0.5658696889877319,0.04845904931426048
1,151,False,0.0,1,0.7858887910842896,0.2642940282821655,0.5658987760543823,0.04820213466882706
2,0,False,0.0,0,0.708345890045166,0.18506605923175812,0.5339419841766357,0.0453033410012722
2,1,False,0.0,1,0.7978622913360596,0.25651562213897705,0.5467832088470459,0.04752330109477043
2,2,False,0.0,1,0.7982594966888428,0.2566238343715668,0.5476657152175903,0.047967396676540375
2,3,False,0.0,1,0.7981395721435547,0.2573215961456299,0.5484628677368164,0.04857286065816879
2,4,False,0.0,1,0.7985612750053406,0.2575555443763733,0.5499343872070312,0.04885474592447281
2,5,False,0.0,1,0.7986470460891724,0.25764161348342896,0.5504415035247803,0.049067821353673935
2,6,False,0.0,1,0.7988994121551514,0.25841251015663147,0.5519682765007019,0.04948384314775467
2,7,False,0.0,1,0.7991005778312683,0.25878649950027466,0.5534487366676331,0.05005589872598648
2,8,False,0.0,1,0.7992581725120544,0.2586466670036316,0.5538301467895508,0.05022336542606354
2,9,False,0.0,1,0.7994942665100098,0.25833600759506226,0.5536814332008362,0.0501454621553421
2,10,False,0.0,1,0.8001350164413452,0.25817349553108215,0.5536826252937317,0.04978569224476814
2,11,False,0.0,1,0.7992611527442932,0.258698046207428,0.5550649166107178,0.049832869321107864
2,12,False,0.0,1,0.7996637225151062,0.2589913010597229,0.5556933879852295,0.049434106796979904
2,13,False,0.0,1,0.8003553152084351,0.25908219814300537,0.5569430589675903,0.04922788590192795
2,14,False,0.0,1,0.8000844120979309,0.2588757276535034,0.5578153133392334,0.048775564879179
2,15,False,0.0,1,0.7997686862945557,0.25868892669677734,0.5587852001190186,0.04835476353764534
2,16,False,0.0,1,0.7997004985809326,0.2583089768886566,0.5594778656959534,0.047665275633335114
2,17,False,0.0,1,0.800319254398346,0.25787079334259033,0.5597515106201172,0.04698994755744934
2,18,False,0.0,1,0.800233781337738,0.2578429579734802,0.5607776641845703,0.04621778801083565
2,19,False,0.0,1,0.8001402020454407,0.25759708881378174,0.5625145435333252,0.04580308124423027
2,20,False,0.0,1,0.8000773191452026,0.2571117579936981,0.5635257363319397,0.045714281499385834
2,21,False,0.0,1,0.8002656698226929,0.2569509744644165,0.5638052821159363,0.04536274075508118
2,22,False,0.0,1,0.7999764680862427,0.2571789622306824,0.5644882321357727,0.045252151787281036
2,23,False,0.0,1,0.799405574798584,0.25753504037857056,0.5654212832450867,0.04546274617314339
2,24,False,0.0,1,0.7988252639770508,0.258513867855072,0.5656718015670776,0.04577001556754112
2,25,False,0.0,1,0.7989766001701355,0.25916239619255066,0.5653440952301025,0.0458410382270813
2,26,False,0.0,1,0.7988849878311157,0.2596372663974762,0.5659768581390381,0.046673282980918884
2,27,False,0.0,1,0.797964334487915,0.25981202721595764,0.5656608939170837,0.04731236398220062
2,28,False,0.0,1,0.7962225675582886,0.2608799934387207,0.5652860403060913,0.04779190197587013
2,29,False,0.0,1,0.7950678467750549,0.26155269145965576,0.5651248097419739,0.04831772670149803
2,30,False,0.0,1,0.7930681705474854,0.2624279260635376,0.5662386417388916,0.04961659014225006
2,31,False,0.0,1,0.7917776703834534,0.2632305920124054,0.5657632350921631,0.05031541734933853
2,32,False,0.0,1,0.7914222478866577,0.26404938101768494,0.5685960054397583,0.05164588987827301
2,33,False,0.0,1,0.7913396954536438,0.2643892168998718,0.5683313608169556,0.05193156376481056
2,34,False,0.0,1,0.7912514805793762,0.26476988196372986,0.5686086416244507,0.05236615985631943
2,35,False,0.0,1,0.7902350425720215,0.2655964493751526,0.5681066513061523,0.052760012447834015
2,36,False,0.0,1,0.7903903722763062,0.26609569787979126,0.5684161186218262,0.052352163940668106
2,37,False,0.0,1,0.7899930477142334,0.2667938470840454,0.5675660967826843,0.05196020379662514
2,38,False,0.0,1,0.7887130975723267,0.26750072836875916,0.5657213926315308,0.05114853382110596
2,39,False,0.0,1,0.7872670888900757,0.2681669294834137,0.5614926218986511,0.050123121589422226
2,40,False,0.0,1,0.7859667539596558,0.26875296235084534,0.5589983463287354,0.04942282289266586
2,41,False,0.0,1,0.7853822708129883,0.2688239812850952,0.557945966720581,0.04905560985207558
2,42,True,0.010791366919875145,1,0.785047173500061,0.2690517008304596,0.5565071702003479,0.04856792837381363
2,43,True,0.04676258936524391,1,0.785066545009613,0.26933175325393677,0.5523812770843506,0.0472688153386116
2,44,True,0.08273380994796753,1,0.7836951613426208,0.27018076181411743,0.5491766929626465,0.04637935385107994
2,45,True,0.11870503425598145,1,0.7829225063323975,0.2711159288883209,0.5470173358917236,0.045202016830444336
2,46,True,0.15467625856399536,1,0.7818261981010437,0.2724955976009369,0.5451536178588867,0.043840568512678146
2,47,True,0.19064748287200928,1,0.780572772026062,0.27191588282585144,0.5458866357803345,0.04408048838376999
2,48,True,0.2266187071800232,1,0.7794145345687866,0.273092657327652,0.5482650995254517,0.04528134688735008
2,49,True,0.2625899314880371,1,0.7787436246871948,0.27382826805114746,0.5458441972732544,0.04547546058893204
2,50,True,0.298561155796051,1,0.7789046764373779,0.2746260464191437,0.5406968593597412,0.046302735805511475
2,51,True,0.33453238010406494,1,0.77960604429245,0.2744305729866028,0.5332385301589966,0.04531136527657509
2,52,True,0.37050360441207886,1,0.781212329864502,0.2731715440750122,0.5275720357894897,0.04277399182319641
2,53,True,0.4064748287200928,1,0.7829325199127197,0.2712070345878601,0.5269979238510132,0.03969506174325943
2,54,True,0.4424460530281067,1,0.7846142053604126,0.2667887210845947,0.526028037071228,0.03600049391388893
2,55,True,0.4784172773361206,1,0.7847010493278503,0.26528480648994446,0.5207987427711487,0.03527709096670151
2,56,True,0.5143885016441345,1,0.7856878042221069,0.2633858621120453,0.5144606828689575,0.03449954837560654
2,57,True,0.5503597259521484,1,0.7866678833961487,0.26201245188713074,0.5168209075927734,0.03464457392692566
2,58,True,0.5863309502601624,1,0.7870508432388306,0.2603425085544586,0.5131199955940247,0.032877083867788315
2,59,True,0.6223021745681763,1,0.7880851626396179,0.2594241499900818,0.5074985027313232,0.02905813604593277
2,60,True,0.6582733988761902,1,0.7882785797119141,0.2575320601463318,0.5067868232727051,0.02701617032289505
2,61,True,0.6942446231842041,1,0.7893849611282349,0.2567792534828186,0.5097876787185669,0.02631523087620735
2,62,True,0.730215847492218,1,0.7909014821052551,0.2563979923725128,0.5112912654876709,0.026759659871459007
2,63,True,0.7661870718002319,1,0.7922157049179077,0.25611892342567444,0.515538215637207,0.02616014890372753
2,64,True,0.8021582961082458,1,0.7897035479545593,0.2559363842010498,0.5154695510864258,0.02713116444647312
2,65,True,0.8381295204162598,1,0.7904659509658813,0.25562551617622375,0.5156759023666382,0.02727869711816311
2,66,True,0.8741007447242737,1,0.789913535118103,0.2555830180644989,0.5171514749526978,0.027027733623981476
2,67,True,0.9100719690322876,1,0.7902830243110657,0.25508633255958557,0.5206246376037598,0.026385625824332237
2,68,True,0.9460431933403015,1,0.7892628908157349,0.25492483377456665,0.5186753869056702,0.026133976876735687
2,69,True,0.9820144176483154,1,0.7893917560577393,0.2560662627220154,0.5155658721923828,0.026664605364203453
2,70,True,1.0,1,0.7885239124298096,0.25592681765556335,0.5111633539199829,0.026510018855333328
2,71,True,1.0,1,0.7883695960044861,0.25594961643218994,0.5099104046821594,0.02657749131321907
2,72,True,1.0,1,0.788267970085144,0.2560229003429413,0.5093129873275757,0.026490798220038414
2,73,True,1.0,1,0.788191556930542,0.2560431659221649,0.5090270042419434,0.026419220492243767
2,74,True,1.0,1,0.7881506681442261,0.25604763627052307,0.5088973641395569,0.026380283758044243
2,75,True,1.0,1,0.787912905216217,0.2560235857963562,0.5082372426986694,0.026485955342650414
2,76,True,1.0,1,0.7878912091255188,0.2560485005378723,0.5081403255462646,0.026465261355042458
2,77,True,1.0,1,0.787877082824707,0.25607967376708984,0.5080921053886414,0.026453828439116478
2,78,True,1.0,1,0.787859320640564,0.2560707628726959,0.5080698728561401,0.02644955925643444
2,79,True,1.0,1,0.7878611087799072,0.2560776472091675,0.5080568790435791,0.026449773460626602
2,80,True,1.0,1,0.7878584861755371,0.2560829222202301,0.5080529451370239,0.026447081938385963
2,81,True,1.0,1,0.7878584861755371,0.25608572363853455,0.5080535411834717,0.026447638869285583
2,82,True,1.0,1,0.7878570556640625,0.2560827434062958,0.508053719997406,0.026446949690580368
2,83,True,1.0,1,0.7877863049507141,0.2560596764087677,0.5075480937957764,0.026574643328785896
2,84,True,1.0,1,0.7877835631370544,0.2560853660106659,0.5074774026870728,0.026559656485915184
2,85,True,1.0,1,0.7877758145332336,0.25609245896339417,0.5074415802955627,0.026554346084594727
2,86,True,1.0,1,0.7877770066261292,0.25609368085861206,0.5074251890182495,0.02655118890106678
2,87,True,1.0,1,0.7877693772315979,0.25609251856803894,0.5074185132980347,0.026549026370048523
2,88,True,1.0,1,0.7877770066261292,0.2560936510562897,0.5074158906936646,0.026546578854322433
2,89,True,1.0,1,0.7877810597419739,0.2560979127883911,0.5074149370193481,0.026545945554971695
2,90,True,1.0,1,0.7877791523933411,0.25609904527664185,0.5074150562286377,0.02654748596251011
2,91,True,1.0,1,0.787757933139801,0.256047785282135,0.5070596933364868,0.02665221132338047
2,92,True,1.0,1,0.7877447009086609,0.25606492161750793,0.5070208311080933,0.02664649672806263
2,93,True,1.0,1,0.7877475619316101,0.2560843825340271,0.506996214389801,0.02664220705628395
2,94,True,1.0,1,0.7877311110496521,0.25607410073280334,0.5069864988327026,0.026640143245458603
2,95,True,1.0,1,0.7877315878868103,0.2560786008834839,0.5069805383682251,0.02664005570113659
2,96,True,1.0,1,0.7877330183982849,0.25608041882514954,0.5069796442985535,0.026639996096491814
2,97,True,1.0,1,0.7877288460731506,0.25607913732528687,0.5069789886474609,0.026640446856617928
2,98,True,1.0,1,0.787729799747467,0.25607940554618835,0.5069786310195923,0.026641225442290306
2,99,True,1.0,1,0.7876996397972107,0.2560908794403076,0.5066642761230469,0.026692384853959084
2,100,True,1.0,1,0.7877024412155151,0.25612786412239075,0.5065901875495911,0.026684999465942383
2,101,True,1.0,1,0.7876909971237183,0.2561454772949219,0.5065543055534363,0.026681160554289818
2,102,True,1.0,1,0.7876874208450317,0.2561512887477875,0.5065397024154663,0.026678767055273056
2,103,True,1.0,1,0.7876863479614258,0.25615763664245605,0.5065306425094604,0.026678264141082764
2,104,True,1.0,1,0.7876803874969482,0.2561604976654053,0.506528913974762,0.02667728252708912
2,105,False,0.0,1,0.7812586426734924,0.2664153277873993,0.5374008417129517,0.037185490131378174
2,106,False,0.0,1,0.7798765897750854,0.2667979896068573,0.5382729768753052,0.038089439272880554
2,107,False,0.0,1,0.7773929834365845,0.26833805441856384,0.5391296744346619,0.03852501139044762
2,108,False,0.0,1,0.7749110460281372,0.27105528116226196,0.5332285761833191,0.036677535623311996
2,109,False,0.0,1,0.7730388641357422,0.2727543115615845,0.5321974754333496,0.03655122220516205
2,110,False,0.0,1,0.7729159593582153,0.27306440472602844,0.5310643315315247,0.03645165264606476
2,111,False,0.0,1,0.7730554342269897,0.2726137936115265,0.5335832834243774,0.037717293947935104
2,112,False,0.0,1,0.7731634378433228,0.2717686891555786,0.5347790718078613,0.038393132388591766
2,113,False,0.0,1,0.7735546231269836,0.2721002995967865,0.5345131158828735,0.038700252771377563
2,114,False,0.0,1,0.775083065032959,0.27191829681396484,0.5351634621620178,0.03932984918355942
2,115,False,0.0,1,0.7773458957672119,0.27063247561454773,0.5346944332122803,0.03918655961751938
2,116,False,0.0,1,0.7784927487373352,0.270566463470459,0.5306406021118164,0.03823838010430336
2,117,False,0.0,1,0.7793418169021606,0.2701871395111084,0.5280368328094482,0.03749209642410278
2,118,False,0.0,1,0.779771625995636,0.2697768807411194,0.5259283185005188,0.03686535730957985
2,119,False,0.0,1,0.7804533243179321,0.2687743008136749,0.525375247001648,0.03749179467558861
2,120,False,0.0,1,0.7815442681312561,0.2683454155921936,0.5257394313812256,0.03705548122525215
2,121,False,0.0,1,0.782068133354187,0.26794248819351196,0.5270010828971863,0.037148989737033844
2,122,False,0.0,1,0.7826056480407715,0.26753613352775574,0.5279403328895569,0.0368884839117527
2,123,False,0.0,1,0.7835826277732849,0.26692822575569153,0.5293557047843933,0.03716022148728371
2,124,False,0.0,1,0.7838550806045532,0.2664528787136078,0.5308524370193481,0.037627313286066055
2,125,False,0.0,1,0.7845551371574402,0.2658522129058838,0.5322937369346619,0.03813793882727623
2,126,False,0.0,1,0.7854365110397339,0.26489514112472534,0.5336688756942749,0.03852373734116554
2,127,False,0.0,1,0.7861586809158325,0.2640824317932129,0.5361542701721191,0.039166804403066635
2,128,False,0.0,1,0.7865588665008545,0.263258695602417,0.5383555889129639,0.039657387882471085
2,129,False,0.0,1,0.7868967056274414,0.26287269592285156,0.5421943068504333,0.04098719730973244
2,130,False,0.0,1,0.7872000932693481,0.26270461082458496,0.5472408533096313,0.04258842393755913
2,131,False,0.0,1,0.7873910069465637,0.2630416750907898,0.5488069653511047,0.04388418793678284
2,132,False,0.0,1,0.7875549793243408,0.26326340436935425,0.5513509511947632,0.04509047791361809
2,133,False,0.0,1,0.7872335910797119,0.2640031576156616,0.5543615818023682,0.046353183686733246
2,134,False,0.0,1,0.7868757247924805,0.2647154927253723,0.5569032430648804,0.04690146818757057
2,135,False,0.0,1,0.7863199710845947,0.2645052969455719,0.5598081350326538,0.04754633456468582
2,136,False,0.0,1,0.7859610319137573,0.2638636529445648,0.5605742931365967,0.04770753160119057
2,137,False,0.0,1,0.7854044437408447,0.26304855942726135,0.561241626739502,0.04765017703175545
2,138,False,0.0,1,0.7851455211639404,0.26248952746391296,0.5613341927528381,0.047613948583602905
2,139,False,0.0,1,0.7852189540863037,0.2621287703514099,0.5616257190704346,0.04770655557513237
3,0,False,0.0,0,0.7164746522903442,0.18203142285346985,0.5377069711685181,0.043468330055475235
3,1,False,0.0,1,0.8028072118759155,0.25457069277763367,0.552731990814209,0.04608016833662987
3,2,False,0.0,1,0.8027804493904114,0.2542854845523834,0.5530099868774414,0.04632401838898659
3,3,False,0.0,1,0.8028600215911865,0.2544857859611511,0.5539757013320923,0.04654260724782944
3,4,False,0.0,1,0.8024094104766846,0.25498729944229126,0.5546572208404541,0.04665219783782959
3,5,False,0.0,1,0.8024976253509521,0.2551225423812866,0.5556197166442871,0.04700860753655434
3,6,False,0.0,1,0.8023021221160889,0.2551852762699127,0.5559422969818115,0.047150373458862305
3,7,False,0.0,1,0.802604079246521,0.2558709979057312,0.5574523210525513,0.04741380736231804
3,8,False,0.0,1,0.802216649055481,0.2564626932144165,0.5578269958496094,0.04752971604466438
3,9,False,0.0,1,0.8019958734512329,0.2569579482078552,0.5573368072509766,0.04749472439289093
3,10,False,0.0,1,0.8012446165084839,0.2571818232536316,0.5579369068145752,0.04762771725654602
3,11,False,0.0,1,0.8006554841995239,0.2575993537902832,0.558841347694397,0.047791529446840286
3,12,False,0.0,1,0.8003544211387634,0.25833287835121155,0.5589361190795898,0.04744068533182144
3,13,False,0.0,1,0.8005695939064026,0.2587463855743408,0.5598587989807129,0.04749799892306328
3,14,False,0.0,1,0.8003515005111694,0.259213924407959,0.5609171986579895,0.0471716932952404
3,15,False,0.0,1,0.8001887798309326,0.25875020027160645,0.5614453554153442,0.046786773949861526
3,16,False,0.0,1,0.8000905513763428,0.25829118490219116,0.5599676370620728,0.04610132798552513
3,17,False,0.0,1,0.7997673749923706,0.2580587863922119,0.5598703622817993,0.04580126702785492
3,18,False,0.0,1,0.7998462319374084,0.257709801197052,0.5597349405288696,0.04544229432940483
3,19,False,0.0,1,0.7997663021087646,0.25754985213279724,0.560692310333252,0.044981613755226135
3,20,False,0.0,1,0.7995014786720276,0.2580901086330414,0.5609345436096191,0.04461066797375679
3,21,False,0.0,1,0.7986832857131958,0.25877392292022705,0.5615532398223877,0.04447714611887932
3,22,False,0.0,1,0.7981594800949097,0.2595471441745758,0.561869740486145,0.0444968044757843
3,23,False,0.0,1,0.797088623046875,0.26001015305519104,0.5626311302185059,0.044449057430028915
3,24,False,0.0,1,0.7954345941543579,0.2605336308479309,0.5626106262207031,0.044313643127679825
3,25,False,0.0,1,0.7950962781906128,0.2613133192062378,0.5631963014602661,0.04438752308487892
3,26,False,0.0,1,0.7935123443603516,0.2623768448829651,0.5641018152236938,0.045235004276037216
3,27,False,0.0,1,0.7927154302597046,0.26282060146331787,0.5666325092315674,0.04605120047926903
3,28,False,0.0,1,0.7916983962059021,0.26387500762939453,0.5687915086746216,0.04712723195552826
3,29,False,0.0,1,0.7906147837638855,0.26534414291381836,0.568570613861084,0.04729938879609108
3,30,False,0.0,1,0.7894209623336792,0.26618069410324097,0.5705127716064453,0.0486886240541935
3,31,False,0.0,1,0.7890000343322754,0.2670239508152008,0.5692826509475708,0.04863496497273445
3,32,False,0.0,1,0.7893559336662292,0.2673296332359314,0.5688169002532959,0.04926600679755211
3,33,False,0.0,1,0.7893236875534058,0.267474889755249,0.5669536590576172,0.048957400023937225
3,34,False,0.0,1,0.7894065380096436,0.26776018738746643,0.5666623115539551,0.049396175891160965
3,35,False,0.0,1,0.7889005541801453,0.26814451813697815,0.5621976852416992,0.0486798994243145
3,36,False,0.0,1,0.7881492376327515,0.268360435962677,0.5606861114501953,0.047964245080947876
3,37,False,0.0,1,0.7870243787765503,0.2679610550403595,0.555687665939331,0.04614485800266266
3,38,False,0.0,1,0.7866061925888062,0.26753348112106323,0.5516608357429504,0.0445554219186306
3,39,False,0.0,1,0.785464346408844,0.2672254741191864,0.547906756401062,0.043595556169748306
3,40,False,0.0,1,0.7848997116088867,0.26717546582221985,0.5449027419090271,0.04263659939169884
3,41,False,0.0,1,0.7845777273178101,0.2672690749168396,0.5408182740211487,0.04154186323285103
3,42,False,0.0,1,0.7843046188354492,0.2676217257976532,0.5387594699859619,0.040554314851760864
3,43,False,0.0,1,0.783564567565918,0.2678140699863434,0.5374487638473511,0.04038403928279877
3,44,False,0.0,1,0.782652735710144,0.2682283818721771,0.5337955355644226,0.04009190574288368
3,45,False,0.0,1,0.7820751667022705,0.2688458561897278,0.5326679348945618,0.040409963577985764
3,46,False,0.0,1,0.7813785672187805,0.26990261673927307,0.5330869555473328,0.04041304066777229
3,47,False,0.0,1,0.7813782691955566,0.269851416349411,0.5349653363227844,0.04099678993225098
3,48,False,0.0,1,0.7815277576446533,0.2700892686843872,0.5361087322235107,0.04138942435383797
3,49,False,0.0,1,0.7819485664367676,0.26993709802627563,0.5359959602355957,0.04126647487282753
3,50,False,0.0,1,0.7818630933761597,0.2703961133956909,0.5356717109680176,0.04131684824824333
3,51,False,0.0,1,0.782261312007904,0.26994797587394714,0.533928632736206,0.04293224960565567
3,52,False,0.0,1,0.7841933965682983,0.26840734481811523,0.5283315777778625,0.042113326489925385
3,53,False,0.0,1,0.7851227521896362,0.2684161067008972,0.5277685523033142,0.04254954680800438
3,54,False,0.0,1,0.7850844860076904,0.26818564534187317,0.5273264050483704,0.042553506791591644
3,55,False,0.0,1,0.7854405641555786,0.2678840160369873,0.5273628234863281,0.04236221686005592
3,56,False,0.0,1,0.7856776714324951,0.267673134803772,0.5274239182472229,0.04227947071194649
3,57,False,0.0,1,0.7859563827514648,0.26784244179725647,0.5249555110931396,0.04202919825911522
3,58,False,0.0,1,0.7856310606002808,0.268198698759079,0.5225440859794617,0.04238869622349739
3,59,False,0.0,1,0.7852097749710083,0.26826751232147217,0.5219831466674805,0.04315606877207756
3,60,False,0.0,1,0.786142110824585,0.26751187443733215,0.521236002445221,0.044093016535043716
3,61,False,0.0,1,0.7882483601570129,0.2664799988269806,0.5211278200149536,0.04491249844431877
3,62,False,0.0,1,0.7901343107223511,0.2649978995323181,0.5214893817901611,0.0458720326423645
3,63,False,0.0,1,0.7916501760482788,0.26373040676116943,0.5202472805976868,0.0462617427110672
3,64,False,0.0,1,0.7933732271194458,0.2629599869251251,0.5179605484008789,0.04679969698190689
3,65,False,0.0,1,0.7951539754867554,0.2623285949230194,0.5155290961265564,0.04745732247829437
3,66,False,0.0,1,0.7967472672462463,0.26024335622787476,0.5137470364570618,0.048098061233758926
3,67,False,0.0,1,0.7974065542221069,0.25939497351646423,0.512357234954834,0.04823342710733414
3,68,False,0.0,1,0.7981874942779541,0.25863078236579895,0.5099580883979797,0.04841165244579315
3,69,False,0.0,1,0.7982081174850464,0.25802257657051086,0.5096238851547241,0.04777704179286957
3,70,False,0.0,1,0.7979868650436401,0.25730660557746887,0.51073157787323,0.04684991389513016
3,71,False,0.0,1,0.7983968257904053,0.2569182515144348,0.5096381902694702,0.04728307947516441
3,72,False,0.0,1,0.7990535497665405,0.25632619857788086,0.5090105533599854,0.04757189378142357
3,73,False,0.0,1,0.7994043827056885,0.2556256651878357,0.5089226365089417,0.04835308715701103
3,74,False,0.0,1,0.8000855445861816,0.25509536266326904,0.5070958137512207,0.04910970851778984
3,75,False,0.0,1,0.8006504774093628,0.2546367943286896,0.5064476132392883,0.04960198327898979
3,76,False,0.0,1,0.8010071516036987,0.25414925813674927,0.5052458047866821,0.05077442154288292
3,77,False,0.0,1,0.8016036152839661,0.2540479898452759,0.5056639313697815,0.0517166368663311
3,78,False,0.0,1,0.8014490604400635,0.2544834017753601,0.506201982498169,0.051888298243284225
3,79,False,0.0,1,0.8014576435089111,0.2548563778400421,0.5080524682998657,0.05218372866511345
3,80,False,0.0,1,0.8007882833480835,0.2553108334541321,0.5093711614608765,0.052429813891649246
3,81,False,0.0,1,0.8003304600715637,0.25556129217147827,0.5095484256744385,0.05299511179327965
3,82,False,0.0,1,0.7997517585754395,0.2560249865055084,0.510015606880188,0.053498122841119766
3,83,False,0.0,1,0.7995116114616394,0.25611811876296997,0.5105603933334351,0.053517092019319534
3,84,False,0.0,1,0.7989787459373474,0.25634765625,0.5109419822692871,0.053667061030864716
3,85,False,0.0,1,0.798455536365509,0.2564312517642975,0.5121380686759949,0.05281524360179901
3,86,False,0.0,1,0.7973911762237549,0.2565748989582062,0.5116956830024719,0.0515933595597744
3,87,False,0.0,1,0.795834481716156,0.25767001509666443,0.5096312761306763,0.05217640846967697
3,88,False,0.0,1,0.7937746644020081,0.2589471936225891,0.5090264081954956,0.05179997906088829
3,89,False,0.0,1,0.7918323278427124,0.25961077213287354,0.5055922269821167,0.05197988450527191
3,90,False,0.0,1,0.7909934520721436,0.26109930872917175,0.504783034324646,0.050559770315885544
3,91,False,0.0,1,0.7902176976203918,0.262311190366745,0.5068464279174805,0.04847939312458038
3,92,False,0.0,1,0.7889736890792847,0.2634490132331848,0.5077215433120728,0.04726149141788483
3,93,False,0.0,1,0.7881602048873901,0.26362836360931396,0.5065257549285889,0.04592687264084816
3,94,False,0.0,1,0.7868326902389526,0.26409396529197693,0.5056533813476562,0.0438888855278492
3,95,False,0.0,1,0.7853735685348511,0.26464900374412537,0.5055133104324341,0.04283461347222328
3,96,False,0.0,1,0.7840064167976379,0.26619240641593933,0.5035327076911926,0.04170424863696098
3,97,False,0.0,1,0.7827574014663696,0.2671293616294861,0.5028107762336731,0.04009724780917168
3,98,False,0.0,1,0.7820221185684204,0.26785287261009216,0.50435471534729,0.03870293125510216
3,99,False,0.0,1,0.7809567451477051,0.26877686381340027,0.5075675249099731,0.03817512094974518
3,100,False,0.0,1,0.7802889347076416,0.26952627301216125,0.5080518126487732,0.036246299743652344
3,101,False,0.0,1,0.7803176641464233,0.2697974145412445,0.5111382007598877,0.036304134875535965
3,102,False,0.0,1,0.7800539135932922,0.2697669565677643,0.5158963799476624,0.03655598312616348
3,103,False,0.0,1,0.7800846695899963,0.26931098103523254,0.5226407051086426,0.037087056785821915
3,104,False,0.0,1,0.7801387310028076,0.26939210295677185,0.5265657901763916,0.03878903016448021
3,105,False,0.0,1,0.78055739402771,0.268344521522522,0.5299607515335083,0.039341092109680176
3,106,False,0.0,1,0.7811514735221863,0.2676643133163452,0.5341076850891113,0.040126487612724304
3,107,False,0.0,1,0.7822486162185669,0.26611199975013733,0.5381530523300171,0.04102791100740433
3,108,False,0.0,1,0.7834773063659668,0.26513296365737915,0.5423153638839722,0.04189375042915344
3,109,False,0.0,1,0.7844374775886536,0.2644974887371063,0.5434026718139648,0.041871242225170135
3,110,False,0.0,1,0.7849598526954651,0.26432064175605774,0.5451744794845581,0.04182790592312813
3,111,False,0.0,1,0.7854022979736328,0.26397132873535156,0.5466752052307129,0.04198873043060303
3,112,False,0.0,1,0.7860467433929443,0.26357361674308777,0.5477049350738525,0.04233377426862717
3,113,False,0.0,1,0.7864166498184204,0.2635887563228607,0.5469870567321777,0.0419490672647953
3,114,False,0.0,1,0.7867299318313599,0.26397693157196045,0.5479352474212646,0.042187124490737915
3,115,False,0.0,1,0.7864012122154236,0.26394984126091003,0.5476008653640747,0.04192054271697998
3,116,False,0.0,1,0.7867946028709412,0.26333850622177124,0.547905445098877,0.0419013649225235
3,117,False,0.0,1,0.7894585132598877,0.26196447014808655,0.5526005029678345,0.043688107281923294
3,118,False,0.0,1,0.7910237908363342,0.26119184494018555,0.5599418878555298,0.04698070138692856
3,119,False,0.0,1,0.7906535267829895,0.260966032743454,0.5640503764152527,0.048891130834817886
4,0,False,0.0,0,0.7424671649932861,0.17083917558193207,0.5210832357406616,0.04776561260223389
4,1,False,0.0,1,0.8160942792892456,0.2448195219039917,0.5370357632637024,0.05463613197207451
4,2,False,0.0,1,0.8161022663116455,0.24540570378303528,0.538722574710846,0.05530150979757309
4,3,False,0.0,1,0.8159309029579163,0.24626415967941284,0.5410633087158203,0.05590634047985077
4,4,False,0.0,1,0.8149452805519104,0.24719905853271484,0.5441670417785645,0.05638892948627472
4,5,False,0.0,1,0.8134571313858032,0.2482161670923233,0.5467595458030701,0.056733470410108566
4,6,False,0.0,1,0.8117107152938843,0.24909073114395142,0.5486918687820435,0.05662761628627777
4,7,False,0.0,1,0.8107790350914001,0.249691903591156,0.5476143956184387,0.056434039026498795
4,8,False,0.0,1,0.8084714412689209,0.25077465176582336,0.5503478646278381,0.056010451167821884
4,9,False,0.0,1,0.8065395951271057,0.251248836517334,0.5514450073242188,0.05496520549058914
4,10,False,0.0,1,0.805314302444458,0.25187957286834717,0.5529433488845825,0.054600898176431656
4,11,False,0.0,1,0.8035678863525391,0.25329652428627014,0.5557969212532043,0.055012885481119156
4,12,False,0.0,1,0.8014763593673706,0.25442197918891907,0.557921290397644,0.05488676577806473
4,13,False,0.0,1,0.798578679561615,0.2563324570655823,0.5586127042770386,0.05480080097913742
4,14,False,0.0,1,0.7962005734443665,0.2581568956375122,0.5583232641220093,0.05401819944381714
4,15,False,0.0,1,0.7941373586654663,0.2597352862358093,0.5573893189430237,0.05316474661231041
4,16,False,0.0,1,0.7926638126373291,0.2611488997936249,0.5558050870895386,0.05162489786744118
4,17,False,0.0,1,0.7911780476570129,0.2627992630004883,0.5544223785400391,0.05078347772359848
4,18,False,0.0,1,0.7896249294281006,0.2643806040287018,0.551899254322052,0.04874245449900627
4,19,False,0.0,1,0.7886773943901062,0.2652592062950134,0.5487831830978394,0.0476544164121151
4,20,False,0.0,1,0.7877996563911438,0.26615792512893677,0.5461368560791016,0.04544102028012276
4,21,False,0.0,1,0.7868640422821045,0.26788777112960815,0.5433261394500732,0.043943583965301514
4,22,False,0.0,1,0.7846032977104187,0.269849568605423,0.5400134325027466,0.0423513688147068
4,23,False,0.0,1,0.7826146483421326,0.2716408371925354,0.5377272963523865,0.041902247816324234
4,24,False,0.0,1,0.7807655334472656,0.27219700813293457,0.5372871160507202,0.0429370179772377
4,25,False,0.0,1,0.7810680866241455,0.2715579569339752,0.5340486168861389,0.04287799447774887
4,26,False,0.0,1,0.7804211378097534,0.2720277011394501,0.5342912673950195,0.04369218647480011
4,27,False,0.0,1,0.7795287370681763,0.272524893283844,0.5326769351959229,0.04463648051023483
4,28,False,0.0,1,0.7796521186828613,0.2717787027359009,0.5292083621025085,0.044778622686862946
4,29,False,0.0,1,0.7801371812820435,0.27075284719467163,0.5264264345169067,0.04505452141165733
4,30,False,0.0,1,0.7806869149208069,0.2697940170764923,0.5251636505126953,0.04498004913330078
4,31,False,0.0,1,0.7815660238265991,0.2683943808078766,0.5233685970306396,0.044868744909763336
4,32,False,0.0,1,0.7833802700042725,0.26803261041641235,0.5198795795440674,0.045304588973522186
4,33,False,0.0,1,0.7853529453277588,0.26770466566085815,0.5159116983413696,0.04631715267896652
4,34,False,0.0,1,0.786207914352417,0.26673609018325806,0.5142225623130798,0.04674945026636124
4,35,False,0.0,1,0.7870134115219116,0.26604360342025757,0.512488067150116,0.04694956913590431
4,36,False,0.0,1,0.7889516353607178,0.2655198872089386,0.5110534429550171,0.04713321849703789
4,37,False,0.0,1,0.7895357012748718,0.2644239068031311,0.5091977119445801,0.047766562551259995
4,38,False,0.0,1,0.7897665500640869,0.26364263892173767,0.5057408213615417,0.04846510663628578
4,39,False,0.0,1,0.7907872200012207,0.26294034719467163,0.5032869577407837,0.048387594521045685
4,40,False,0.0,1,0.7930851578712463,0.2613374888896942,0.49925222992897034,0.048042312264442444
4,41,False,0.0,1,0.7943369746208191,0.2602841258049011,0.49554142355918884,0.04756687954068184
4,42,False,0.0,1,0.7940669059753418,0.2586958408355713,0.49507981538772583,0.04780437424778938
4,43,False,0.0,1,0.7943156957626343,0.2573612630367279,0.49443283677101135,0.048274531960487366
4,44,False,0.0,1,0.7953535318374634,0.2564200758934021,0.49422428011894226,0.049442142248153687
4,45,False,0.0,1,0.7958195209503174,0.25623494386672974,0.49394479393959045,0.049126431345939636
4,46,False,0.0,1,0.7964275479316711,0.25611892342567444,0.49213236570358276,0.049524035304784775
4,47,False,0.0,1,0.7960397005081177,0.2564524710178375,0.49236416816711426,0.04918840900063515
4,48,False,0.0,1,0.7960211634635925,0.2561752498149872,0.4895786643028259,0.05067171901464462
4,49,False,0.0,1,0.7955682277679443,0.2558723986148834,0.4906797409057617,0.05071635916829109
4,50,False,0.0,1,0.7951570153236389,0.2560618817806244,0.4900888204574585,0.05100981146097183
4,51,False,0.0,1,0.7950758934020996,0.25593510270118713,0.4910014867782593,0.05106848478317261
4,52,False,0.0,1,0.7946441173553467,0.25652897357940674,0.4927828013896942,0.050870493054389954
4,53,False,0.0,1,0.7934277057647705,0.257280558347702,0.4947887063026428,0.05017714202404022
4,54,False,0.0,1,0.7912196516990662,0.2598181962966919,0.4969550669193268,0.04930337145924568
4,55,False,0.0,1,0.7889389395713806,0.26226040720939636,0.4994930028915405,0.04739778861403465
4,56,False,0.0,1,0.7867669463157654,0.26400089263916016,0.5011080503463745,0.04551207646727562
4,57,False,0.0,1,0.7847700119018555,0.26503756642341614,0.5035790205001831,0.0434500016272068
4,58,False,0.0,1,0.7825318574905396,0.2674718499183655,0.5044536590576172,0.04224985092878342
4,59,False,0.0,1,0.7813397645950317,0.2689635455608368,0.5067321062088013,0.04029008373618126
4,60,False,0.0,1,0.7806956171989441,0.26881155371665955,0.5084272623062134,0.039910025894641876
4,61,False,0.0,1,0.780325174331665,0.26933419704437256,0.5113288164138794,0.040370579808950424
4,62,False,0.0,1,0.7807655930519104,0.2689611613750458,0.5143769979476929,0.04067780077457428
4,63,False,0.0,1,0.7801019549369812,0.2689123749732971,0.515885591506958,0.040763139724731445
4,64,False,0.0,1,0.780394434928894,0.26791638135910034,0.5195342302322388,0.04144912213087082
4,65,False,0.0,1,0.7808337211608887,0.26625996828079224,0.5216943025588989,0.04150013253092766
4,66,False,0.0,1,0.7820369601249695,0.2652823030948639,0.5243940949440002,0.04153897985816002
4,67,False,0.0,1,0.7827209234237671,0.2641867995262146,0.5268524885177612,0.04141932353377342
4,68,False,0.0,1,0.783629298210144,0.2633236050605774,0.5312893390655518,0.04172544926404953
4,69,False,0.0,1,0.7853268980979919,0.2616657316684723,0.5386595129966736,0.043294839560985565
4,70,False,0.0,1,0.7867336273193359,0.2600680887699127,0.5415226817131042,0.04391109570860863
4,71,False,0.0,1,0.787564218044281,0.2590096592903137,0.5439707636833191,0.044398706406354904
4,72,False,0.0,1,0.7875566482543945,0.2579444944858551,0.5447771549224854,0.04469521343708038
4,73,False,0.0,1,0.7876861095428467,0.25717151165008545,0.546719491481781,0.04516936466097832
4,74,False,0.0,1,0.7877181768417358,0.25700533390045166,0.5479977130889893,0.04537208750844002
4,75,False,0.0,1,0.78889000415802,0.2573578953742981,0.5508767366409302,0.04581695795059204
4,76,False,0.0,1,0.7898747324943542,0.258678674697876,0.5519908666610718,0.045999664813280106
4,77,False,0.0,1,0.7898125052452087,0.25902295112609863,0.5555763244628906,0.046921201050281525
4,78,False,0.0,1,0.7902370691299438,0.2594224512577057,0.5587711334228516,0.04769472777843475
5,0,False,0.0,0,0.6962049007415771,0.16844521462917328,0.5319411754608154,0.04193839803338051
5,1,False,0.0,1,0.8042937517166138,0.2533140480518341,0.5499814748764038,0.047192275524139404
5,2,False,0.0,1,0.8048677444458008,0.25292280316352844,0.5497339963912964,0.047648102045059204
5,3,False,0.0,1,0.8044112920761108,0.25308141112327576,0.5488356351852417,0.04755153879523277
5,4,False,0.0,1,0.8062378764152527,0.2525542974472046,0.5487107038497925,0.04867580160498619
5,5,False,0.0,1,0.8070964813232422,0.2522485852241516,0.5484231114387512,0.04946746304631233
5,6,False,0.0,1,0.8081547021865845,0.25071099400520325,0.5484327077865601,0.05168921872973442
5,7,False,0.0,1,0.8088523149490356,0.2504347562789917,0.548243522644043,0.053714629262685776
5,8,False,0.0,1,0.8110571503639221,0.24963384866714478,0.5497920513153076,0.054775238037109375
5,9,False,0.0,1,0.8103289604187012,0.249955952167511,0.5499507784843445,0.055177703499794006
5,10,False,0.0,1,0.811185896396637,0.25003787875175476,0.5499997138977051,0.05548074096441269
5,11,False,0.0,1,0.8118629455566406,0.24986059963703156,0.5491092205047607,0.05534365773200989
5,12,False,0.0,1,0.8123950958251953,0.24967916309833527,0.5488659143447876,0.05551270395517349
5,13,False,0.0,1,0.8133161067962646,0.24913984537124634,0.5489425659179688,0.05533921718597412
5,14,False,0.0,1,0.8132074475288391,0.24922464787960052,0.5479167699813843,0.0554422065615654
5,15,False,0.0,1,0.8125578761100769,0.24925105273723602,0.5478077530860901,0.05565239489078522
5,16,False,0.0,1,0.8119118809700012,0.24954958260059357,0.5480345487594604,0.05583897978067398
5,17,False,0.0,1,0.8118797540664673,0.24937812983989716,0.5481007099151611,0.055777475237846375
5,18,False,0.0,1,0.8121883869171143,0.24906295537948608,0.547394871711731,0.05551064386963844
5,19,False,0.0,1,0.8112178444862366,0.24916964769363403,0.5453252792358398,0.055250924080610275
5,20,False,0.0,1,0.8102754354476929,0.24928778409957886,0.5448043346405029,0.05488575994968414
5,21,False,0.0,1,0.8098968863487244,0.24951502680778503,0.5459442734718323,0.05444611236453056
5,22,False,0.0,1,0.8103338479995728,0.2500450313091278,0.5460174083709717,0.05411761999130249
5,23,False,0.0,1,0.808850884437561,0.25093400478363037,0.5483448505401611,0.05387725308537483
5,24,False,0.0,1,0.8074659109115601,0.25214263796806335,0.5486453175544739,0.05341590940952301
5,25,False,0.0,1,0.8061287999153137,0.25347280502319336,0.5507621765136719,0.05329357087612152
5,26,False,0.0,1,0.8047693371772766,0.2550343871116638,0.5540763139724731,0.05260588973760605
5,27,False,0.0,1,0.8026844263076782,0.25675252079963684,0.5565699338912964,0.05168028920888901
5,28,False,0.0,1,0.8015733957290649,0.25720351934432983,0.558563232421875,0.0515667162835598
5,29,False,0.0,1,0.8001036047935486,0.2581244707107544,0.5593167543411255,0.050840914249420166
5,30,False,0.0,1,0.7976716756820679,0.2590007781982422,0.5583772659301758,0.05030260980129242
5,31,False,0.0,1,0.7957090735435486,0.2598850429058075,0.5581304430961609,0.0503995306789875
5,32,False,0.0,1,0.7941927909851074,0.261447012424469,0.5573084354400635,0.05097150802612305
5,33,False,0.0,1,0.7929458618164062,0.2637125849723816,0.5580364465713501,0.05237092450261116
5,34,False,0.0,1,0.7896292805671692,0.2666032314300537,0.5570354461669922,0.05328782647848129
5,35,False,0.0,1,0.7877141237258911,0.26841098070144653,0.5550674200057983,0.053612399846315384
5,36,False,0.0,1,0.7857296466827393,0.2705066204071045,0.5525052547454834,0.0538581982254982
5,37,False,0.0,1,0.7840844392776489,0.27168047428131104,0.5488262176513672,0.05381756275892258
5,38,False,0.0,1,0.7827192544937134,0.27238190174102783,0.5473825931549072,0.05410679802298546
5,39,False,0.0,1,0.782537043094635,0.27254217863082886,0.5432223677635193,0.05273492634296417
5,40,False,0.0,1,0.781887412071228,0.2730730473995209,0.5397558212280273,0.051827240735292435
5,41,False,0.0,1,0.781460165977478,0.27337852120399475,0.5378129482269287,0.0509461909532547
5,42,False,0.0,1,0.7810792326927185,0.27337050437927246,0.532930314540863,0.05033859238028526
5,43,False,0.0,1,0.7805132865905762,0.2719583511352539,0.5302000045776367,0.04914747178554535
5,44,False,0.0,1,0.7798757553100586,0.2710864543914795,0.5268212556838989,0.04910732060670853
5,45,False,0.0,1,0.7798377275466919,0.2702014446258545,0.5247554779052734,0.04995083063840866
5,46,False,0.0,1,0.7797174453735352,0.2701551020145416,0.5233854651451111,0.04957497492432594
5,47,False,0.0,1,0.7801460027694702,0.2697523534297943,0.5228930711746216,0.050055131316185
5,48,False,0.0,1,0.7811965942382812,0.26872316002845764,0.5201995372772217,0.049730803817510605
5,49,False,0.0,1,0.7823875546455383,0.2679869830608368,0.5196760892868042,0.05004744231700897
5,50,False,0.0,1,0.7825208902359009,0.26742398738861084,0.5186926126480103,0.050418924540281296
5,51,False,0.0,1,0.7827981114387512,0.26767057180404663,0.5161706209182739,0.051198963075876236
5,52,False,0.0,1,0.7828319072723389,0.2683725357055664,0.5126222968101501,0.05132986232638359
5,53,False,0.0,1,0.7832825183868408,0.2681165635585785,0.5095838308334351,0.052048686891794205
5,54,False,0.0,1,0.7840378284454346,0.2677631676197052,0.5067588090896606,0.05304941534996033
5,55,False,0.0,1,0.7841843366622925,0.2678438425064087,0.5046766996383667,0.053562603890895844
5,56,False,0.0,1,0.7848316431045532,0.2660054564476013,0.5008484125137329,0.054588038474321365
5,57,False,0.0,1,0.7861279249191284,0.2642938494682312,0.49818217754364014,0.0551462359726429
5,58,False,0.0,1,0.7861018776893616,0.26436445116996765,0.4952237606048584,0.055762067437171936
5,59,False,0.0,1,0.7864108681678772,0.2630240321159363,0.49111470580101013,0.056233495473861694
5,60,False,0.0,1,0.786109447479248,0.2628019452095032,0.48935723304748535,0.055522046983242035
5,61,False,0.0,1,0.7862192392349243,0.2632727026939392,0.4884342551231384,0.055802490562200546
5,62,False,0.0,1,0.7870078086853027,0.26378342509269714,0.48671793937683105,0.054648902267217636
5,63,False,0.0,1,0.7886919975280762,0.2640171945095062,0.485860675573349,0.054891396313905716
5,64,False,0.0,1,0.7889549136161804,0.2645372152328491,0.48636120557785034,0.05418260022997856
5,65,False,0.0,1,0.7895708084106445,0.26503872871398926,0.48742976784706116,0.054225996136665344
5,66,False,0.0,1,0.791063666343689,0.264732301235199,0.48979538679122925,0.05586677044630051
5,67,False,0.0,1,0.7919914722442627,0.26507604122161865,0.49096810817718506,0.056081533432006836
5,68,False,0.0,1,0.7923116683959961,0.26530376076698303,0.4918716549873352,0.05583864822983742
5,69,False,0.0,1,0.7920321226119995,0.26447588205337524,0.4942037761211395,0.05660004913806915
5,70,False,0.0,1,0.7925154566764832,0.26449844241142273,0.49624383449554443,0.05706992372870445
5,71,False,0.0,1,0.7918583750724792,0.2640943229198456,0.498872309923172,0.05702255293726921
5,72,False,0.0,1,0.7927544713020325,0.2641845643520355,0.5016683340072632,0.05584469437599182
5,73,False,0.0,1,0.7926942706108093,0.2638174593448639,0.5045148134231567,0.055865328758955
5,74,False,0.0,1,0.7927321195602417,0.2638883888721466,0.5052847862243652,0.056571707129478455
5,75,False,0.0,1,0.7925190925598145,0.2637769281864166,0.5060434341430664,0.05670836940407753
5,76,False,0.0,1,0.7925921678543091,0.263795405626297,0.5077579021453857,0.05687803775072098
5,77,False,0.0,1,0.7926375865936279,0.2638074457645416,0.5097643136978149,0.056530531495809555
5,78,False,0.0,1,0.7925751209259033,0.2638678252696991,0.5103389024734497,0.05714375525712967
5,79,False,0.0,1,0.7928622364997864,0.2640042304992676,0.5104698538780212,0.05738087370991707
5,80,False,0.0,1,0.7932206988334656,0.26419198513031006,0.5123496055603027,0.05769545957446098
5,81,False,0.0,1,0.7940057516098022,0.26387301087379456,0.5122084021568298,0.05780299752950668
5,82,False,0.0,1,0.7943012714385986,0.26357409358024597,0.5125976204872131,0.05827546492218971
5,83,False,0.0,1,0.794120192527771,0.26352155208587646,0.5132440328598022,0.058582257479429245
5,84,False,0.0,1,0.7944514751434326,0.26304301619529724,0.5140650868415833,0.05955665931105614
5,85,False,0.0,1,0.7947359681129456,0.26261478662490845,0.5151431560516357,0.06019246578216553
5,86,False,0.0,1,0.7947894334793091,0.26227208971977234,0.5153782963752747,0.06054368615150452
5,87,False,0.0,1,0.7951529026031494,0.2620709538459778,0.51700758934021,0.0613185353577137
5,88,False,0.0,1,0.7955873012542725,0.26160699129104614,0.5174579620361328,0.06196204945445061
5,89,False,0.0,1,0.7956265211105347,0.26134762167930603,0.5187853574752808,0.06291885673999786
5,90,False,0.0,1,0.7961125373840332,0.2613304555416107,0.519252598285675,0.06306379288434982
5,91,False,0.0,1,0.7955544590950012,0.26097720861434937,0.5200968384742737,0.06276349723339081
5,92,False,0.0,1,0.7957649827003479,0.26001039147377014,0.5208826065063477,0.06311509013175964
5,93,False,0.0,1,0.7960525751113892,0.2602521479129791,0.5222261548042297,0.06276500970125198
5,94,False,0.0,1,0.7955583333969116,0.26036351919174194,0.524334728717804,0.06280574202537537
5,95,False,0.0,1,0.7947471141815186,0.2608778774738312,0.5245832204818726,0.0626150369644165
5,96,False,0.0,1,0.7934738397598267,0.2616027295589447,0.5264798998832703,0.0625719204545021
5,97,False,0.0,1,0.79288250207901,0.26218318939208984,0.5258674621582031,0.062412042170763016
5,98,False,0.0,1,0.7928932905197144,0.26254981756210327,0.5252141952514648,0.06154957041144371
5,99,False,0.0,1,0.7917870283126831,0.26316243410110474,0.5245320200920105,0.06034319847822189
5,100,False,0.0,1,0.7906111478805542,0.2644388675689697,0.525131106376648,0.05876544117927551
5,101,False,0.0,1,0.7906224131584167,0.2649102509021759,0.5234573483467102,0.0567510724067688
5,102,False,0.0,1,0.7897985577583313,0.26653608679771423,0.521716833114624,0.05527009069919586
5,103,False,0.0,1,0.7886048555374146,0.26788216829299927,0.5225077867507935,0.054254960268735886
5,104,False,0.0,1,0.7884871363639832,0.26824426651000977,0.5226956605911255,0.05257675424218178
5,105,False,0.0,1,0.7880187034606934,0.2689000368118286,0.524103045463562,0.05142996087670326
5,106,False,0.0,1,0.7878255844116211,0.26926296949386597,0.5220082998275757,0.04902024567127228
5,107,False,0.0,1,0.7870428562164307,0.2685597836971283,0.5217241644859314,0.04709560051560402
5,108,False,0.0,1,0.7863306999206543,0.26750433444976807,0.5219261646270752,0.04615207388997078
5,109,False,0.0,1,0.7853915095329285,0.26762333512306213,0.520386278629303,0.04435005411505699
5,110,False,0.0,1,0.7855174541473389,0.26717033982276917,0.5210212469100952,0.04267353564500809
5,111,False,0.0,1,0.7858574390411377,0.2662838399410248,0.5226333737373352,0.04124332219362259
5,112,False,0.0,1,0.7862961292266846,0.2656453847885132,0.5215193033218384,0.0404018871486187
5,113,False,0.0,1,0.7873911261558533,0.2651505172252655,0.5212926864624023,0.040083203464746475
5,114,False,0.0,1,0.7877230644226074,0.2648680806159973,0.5224491357803345,0.03935732692480087
5,115,False,0.0,1,0.7887410521507263,0.26498523354530334,0.5234266519546509,0.039054714143276215
5,116,False,0.0,1,0.7894715666770935,0.2648388743400574,0.5230398178100586,0.03886151313781738
5,117,False,0.0,1,0.7891632318496704,0.264910489320755,0.5223812460899353,0.03864366561174393
5,118,False,0.0,1,0.7890473008155823,0.2649816870689392,0.5249414443969727,0.039320506155490875
5,119,False,0.0,1,0.7906862497329712,0.2646489441394806,0.5284347534179688,0.03954615071415901
5,120,False,0.0,1,0.7911247611045837,0.2643967866897583,0.5308985710144043,0.040043774992227554
5,121,False,0.0,1,0.7916254997253418,0.26410406827926636,0.5355873107910156,0.04057915508747101
5,122,False,0.0,1,0.791036069393158,0.2636493146419525,0.5364378690719604,0.040992338210344315
5,123,False,0.0,1,0.79084712266922,0.26341336965560913,0.5390428304672241,0.042373113334178925
5,124,False,0.0,1,0.7906947135925293,0.2622922956943512,0.5467413663864136,0.04354923591017723
5,125,False,0.0,1,0.7903347611427307,0.26160886883735657,0.5487614870071411,0.042822398245334625
5,126,False,0.0,1,0.7915093898773193,0.2612004578113556,0.5532622337341309,0.04420763999223709
5,127,False,0.0,1,0.7926121950149536,0.26084375381469727,0.5555632710456848,0.04509387165307999
5,128,False,0.0,1,0.7933363914489746,0.2608943581581116,0.5578241348266602,0.04569187015295029
5,129,False,0.0,1,0.7935445308685303,0.260845422744751,0.5591802597045898,0.045960087329149246
5,130,False,0.0,1,0.7929372787475586,0.26078328490257263,0.5594558715820312,0.0455617718398571
5,131,False,0.0,1,0.7925466299057007,0.2603404223918915,0.561100959777832,0.04596203938126564
5,132,False,0.0,1,0.7924078702926636,0.26041558384895325,0.5624700784683228,0.046397432684898376
5,133,False,0.0,1,0.7921919822692871,0.26056644320487976,0.5623714923858643,0.04598354920744896
5,134,False,0.0,1,0.7920609712600708,0.26062288880348206,0.5636852383613586,0.046384263783693314
6,0,False,0.0,0,0.7358419895172119,0.16656191647052765,0.5242623686790466,0.04835454002022743
6,1,False,0.0,1,0.8177326321601868,0.24445010721683502,0.540059506893158,0.053025368601083755
6,2,False,0.0,1,0.8174600601196289,0.24453392624855042,0.541159987449646,0.05372977256774902
6,3,False,0.0,1,0.8160264492034912,0.2462138682603836,0.5417804718017578,0.05367184802889824
6,4,False,0.0,1,0.8172358274459839,0.24593301117420197,0.5434610843658447,0.05442501977086067
6,5,False,0.0,1,0.8166149854660034,0.24663187563419342,0.5463781356811523,0.0546942763030529
6,6,False,0.0,1,0.8157774209976196,0.24741967022418976,0.5476788878440857,0.05438682809472084
6,7,False,0.0,1,0.8146225810050964,0.24822330474853516,0.5491905212402344,0.05392227694392204
6,8,False,0.0,1,0.81276935338974,0.2491493672132492,0.5496954917907715,0.05351864919066429
6,9,False,0.0,1,0.8109068274497986,0.24991902709007263,0.5527899265289307,0.05284203961491585
6,10,False,0.0,1,0.8094295263290405,0.2504798173904419,0.553693950176239,0.051984842866659164
6,11,False,0.0,1,0.8073590993881226,0.2515332102775574,0.5566833019256592,0.05199924111366272
6,12,False,0.0,1,0.8040860295295715,0.2537112534046173,0.5590064525604248,0.051607705652713776
6,13,False,0.0,1,0.8011599183082581,0.25573840737342834,0.5617305040359497,0.051198992878198624
6,14,False,0.0,1,0.7981507778167725,0.2573610246181488,0.5625956058502197,0.05139721557497978
6,15,False,0.0,1,0.7960553169250488,0.25896432995796204,0.5621567964553833,0.05156215652823448
6,16,False,0.0,1,0.7942408323287964,0.26043105125427246,0.5610209703445435,0.051992595195770264
6,17,False,0.0,1,0.7938975095748901,0.2620760202407837,0.5582389831542969,0.050691865384578705
6,18,False,0.0,1,0.7936959266662598,0.26439473032951355,0.5563530921936035,0.050330374389886856
6,19,False,0.0,1,0.7928119897842407,0.2662283182144165,0.5538173913955688,0.04886394739151001
6,20,False,0.0,1,0.7913488745689392,0.26801562309265137,0.5513865947723389,0.04787598177790642
6,21,False,0.0,1,0.789696455001831,0.2695026695728302,0.549159586429596,0.047224365174770355
6,22,False,0.0,1,0.788671612739563,0.27041399478912354,0.5473986864089966,0.04603380337357521
6,23,False,0.0,1,0.7866311073303223,0.27145934104919434,0.5441335439682007,0.0449509359896183
6,24,False,0.0,1,0.7850558161735535,0.2730069160461426,0.541667103767395,0.04451170936226845
6,25,False,0.0,1,0.7845422029495239,0.2738052308559418,0.5401046276092529,0.0454426035284996
6,26,False,0.0,1,0.7841876745223999,0.2739359140396118,0.5380797386169434,0.045904338359832764
6,27,False,0.0,1,0.7837047576904297,0.27403736114501953,0.5357242822647095,0.04615437611937523
6,28,False,0.0,1,0.7832360863685608,0.2739073932170868,0.5329701900482178,0.045486148446798325
6,29,True,0.02631578966975212,1,0.7819355130195618,0.273958295583725,0.5267943143844604,0.043132830411195755
6,30,True,0.07894736528396606,1,0.7849687337875366,0.26816263794898987,0.507077693939209,0.036123331636190414
6,31,True,0.1315789520740509,1,0.7841280698776245,0.26963022351264954,0.5110878944396973,0.03634597361087799
6,32,True,0.18421052396297455,1,0.7947005033493042,0.2579965889453888,0.5132267475128174,0.035324577242136
6,33,True,0.2368421107530594,1,0.7961324453353882,0.2553316354751587,0.5192275643348694,0.033587370067834854
6,34,True,0.28947368264198303,1,0.7962774038314819,0.2528528869152069,0.5234323740005493,0.0332687571644783
6,35,True,0.34210526943206787,1,0.7982773780822754,0.25107523798942566,0.519610583782196,0.03135595843195915
6,36,True,0.3947368562221527,1,0.7999343872070312,0.2509746253490448,0.5097545385360718,0.02990664727985859
6,37,True,0.44736841320991516,1,0.7999197244644165,0.25087568163871765,0.508071780204773,0.028542641550302505
6,38,True,0.5,1,0.7986340522766113,0.25085148215293884,0.5052391290664673,0.02862122282385826
6,39,True,0.5526315569877625,1,0.7979844808578491,0.25081631541252136,0.5077818036079407,0.027453454211354256
6,40,True,0.6052631735801697,1,0.7987475395202637,0.24961727857589722,0.5080234408378601,0.026662079617381096
6,41,True,0.6578947305679321,1,0.7987064123153687,0.2492361217737198,0.5078209638595581,0.025563379749655724
6,42,True,0.7105262875556946,1,0.7994534969329834,0.24886271357536316,0.5058555603027344,0.025981705635786057
6,43,True,0.7631579041481018,1,0.8003482222557068,0.2490527480840683,0.5095475316047668,0.02615935169160366
6,44,True,0.8157894611358643,1,0.7992304563522339,0.2494334578514099,0.5094738602638245,0.026501543819904327
6,45,True,0.8684210777282715,1,0.8012195825576782,0.2491263598203659,0.5110642313957214,0.026045406237244606
6,46,True,0.9210526347160339,1,0.8004699349403381,0.2500607669353485,0.5137436389923096,0.02627982757985592
6,47,True,0.9736841917037964,1,0.800484836101532,0.24933190643787384,0.5106278657913208,0.026477934792637825
6,48,True,1.0,1,0.7987842559814453,0.24976558983325958,0.5049147605895996,0.02729584276676178
6,49,True,1.0,1,0.7987965941429138,0.24896997213363647,0.5027905106544495,0.02731342799961567
6,50,True,1.0,1,0.7985716462135315,0.24917396903038025,0.5020423531532288,0.0271851047873497
6,51,True,1.0,1,0.7984583973884583,0.24931888282299042,0.5017015933990479,0.027090009301900864
6,52,True,1.0,1,0.7983744740486145,0.24941208958625793,0.5015386343002319,0.027034524828195572
6,53,True,1.0,1,0.7983323335647583,0.2494552731513977,0.5014598369598389,0.02700776979327202
6,54,True,1.0,1,0.7983181476593018,0.24947966635227203,0.501411497592926,0.026992404833436012
6,55,True,1.0,1,0.7983198165893555,0.24950146675109863,0.5013903379440308,0.02698468789458275
6,56,True,1.0,1,0.7983094453811646,0.24951180815696716,0.5013771057128906,0.026983069255948067
6,57,True,1.0,1,0.7988054752349854,0.24821843206882477,0.5010142922401428,0.02702445164322853
6,58,True,1.0,1,0.7988235950469971,0.2481975555419922,0.5011142492294312,0.027021726593375206
6,59,True,1.0,1,0.7988301515579224,0.24816758930683136,0.5011626482009888,0.027019424363970757
6,60,True,1.0,1,0.7988458871841431,0.24816718697547913,0.5011848211288452,0.02701847441494465
6,61,True,1.0,1,0.7988492250442505,0.2481631189584732,0.5011895895004272,0.027018383145332336
6,62,True,1.0,1,0.7988451719284058,0.2481592446565628,0.5011935234069824,0.02701849862933159
6,63,True,1.0,1,0.7988437414169312,0.24815525114536285,0.5011950731277466,0.027018455788493156
6,64,True,1.0,1,0.7988458871841431,0.2481568604707718,0.5011948347091675,0.02701856940984726
6,65,True,1.0,1,0.7993549108505249,0.2461332380771637,0.500937819480896,0.02697622962296009
6,66,True,1.0,1,0.7993505001068115,0.24609461426734924,0.5010497570037842,0.0269860178232193
6,67,True,1.0,1,0.7993428707122803,0.24609117209911346,0.5010976791381836,0.026992008090019226
6,68,True,1.0,1,0.7993447780609131,0.2460808902978897,0.5011270642280579,0.026993120089173317
6,69,True,1.0,1,0.7993320226669312,0.24606937170028687,0.5011327266693115,0.026993954554200172
6,70,True,1.0,1,0.7993341684341431,0.24607089161872864,0.5011359453201294,0.026994280517101288
6,71,True,1.0,1,0.7993365526199341,0.24607041478157043,0.5011359453201294,0.02699340507388115
6,72,False,0.0,1,0.7900432348251343,0.26427972316741943,0.5209391117095947,0.03930138051509857
6,73,False,0.0,1,0.7898563146591187,0.2642860412597656,0.5204243659973145,0.040564924478530884
6,74,False,0.0,1,0.7891250252723694,0.26430678367614746,0.5197709798812866,0.04074114188551903
6,75,False,0.0,1,0.7889196276664734,0.26392772793769836,0.5201315879821777,0.040418971329927444
6,76,False,0.0,1,0.7890987396240234,0.2633040249347687,0.5204845070838928,0.04006929323077202
6,77,False,0.0,1,0.7895678877830505,0.26270419359207153,0.5234720706939697,0.040203481912612915
6,78,False,0.0,1,0.7901394367218018,0.2622140645980835,0.5266180038452148,0.040408406406641006
6,79,False,0.0,1,0.7902404069900513,0.262273371219635,0.528515100479126,0.04035203158855438
6,80,False,0.0,1,0.7901482582092285,0.2620910108089447,0.5319647789001465,0.040055908262729645
6,81,False,0.0,1,0.790407657623291,0.2614855468273163,0.533511757850647,0.03937208279967308
6,82,False,0.0,1,0.7902536988258362,0.26104044914245605,0.5319370031356812,0.03858407959342003
6,83,False,0.0,1,0.7897366285324097,0.26056668162345886,0.5301946997642517,0.03771355003118515
6,84,False,0.0,1,0.789571225643158,0.26088830828666687,0.5307967066764832,0.03749042749404907
6,85,False,0.0,1,0.7892155647277832,0.2606155276298523,0.5339874625205994,0.03784249350428581
6,86,False,0.0,1,0.7883509993553162,0.2608070373535156,0.537834644317627,0.038631632924079895
6,87,False,0.0,1,0.7880305051803589,0.26116955280303955,0.5418549180030823,0.03916891664266586
6,88,False,0.0,1,0.7901437878608704,0.2632134258747101,0.5456154346466064,0.040241487324237823
6,89,False,0.0,1,0.7911078929901123,0.2632823586463928,0.5482235550880432,0.04096018895506859
6,90,False,0.0,1,0.791418731212616,0.262736439704895,0.5511250495910645,0.04181595519185066
6,91,False,0.0,1,0.79158616065979,0.26262998580932617,0.555876612663269,0.04312942177057266
6,92,False,0.0,1,0.7922358512878418,0.26255932450294495,0.5575869083404541,0.043380651623010635
6,93,False,0.0,1,0.7929222583770752,0.26282796263694763,0.5595940351486206,0.04393529146909714
6,94,False,0.0,1,0.7939944863319397,0.2633129060268402,0.5611785650253296,0.0444946326315403
6,95,False,0.0,1,0.7935841083526611,0.2634379267692566,0.5613683462142944,0.043953776359558105
7,0,False,0.0,0,0.7311921119689941,0.17015817761421204,0.5241549015045166,0.040953606367111206
7,1,False,0.0,1,0.8143835067749023,0.24844178557395935,0.5445079803466797,0.048486460000276566
7,2,False,0.0,1,0.8145726919174194,0.24823647737503052,0.5451427698135376,0.04881170019507408
7,3,False,0.0,1,0.8161754608154297,0.24745872616767883,0.5459173917770386,0.0488552451133728
7,4,False,0.0,1,0.8184294700622559,0.2460681051015854,0.548139750957489,0.049473728984594345
7,5,False,0.0,1,0.8187545537948608,0.24551160633563995,0.5501452684402466,0.05054390802979469
7,6,False,0.0,1,0.8196917772293091,0.2451017200946808,0.5520756244659424,0.052448175847530365
7,7,False,0.0,1,0.8202320337295532,0.24497531354427338,0.5518430471420288,0.05308028310537338
7,8,False,0.0,1,0.8203069567680359,0.24549202620983124,0.5512539148330688,0.05418676510453224
7,9,False,0.0,1,0.8207565546035767,0.2455749362707138,0.5512363910675049,0.05463215708732605
7,10,False,0.0,1,0.8205690383911133,0.2457532286643982,0.5499755144119263,0.05531301349401474
7,11,False,0.0,1,0.8189724683761597,0.24653556942939758,0.5488715171813965,0.055803872644901276
7,12,False,0.0,1,0.8174771070480347,0.24747121334075928,0.5476298332214355,0.05628206208348274
7,13,False,0.0,1,0.8152707815170288,0.24811658263206482,0.5461466312408447,0.05665494501590729
7,14,False,0.0,1,0.814826488494873,0.24826917052268982,0.5458834171295166,0.05711713433265686
7,15,False,0.0,1,0.8145378828048706,0.2483150213956833,0.5457627177238464,0.05787082761526108
7,16,False,0.0,1,0.8137199878692627,0.2485119104385376,0.5455345511436462,0.05798572301864624
7,17,False,0.0,1,0.8132546544075012,0.2484915852546692,0.5450435876846313,0.05797848477959633
7,18,False,0.0,1,0.8138223886489868,0.24814251065254211,0.5446421504020691,0.058367449790239334
7,19,False,0.0,1,0.8129590153694153,0.2486005574464798,0.5455020070075989,0.05856055021286011
7,20,False,0.0,1,0.8118350505828857,0.2491651028394699,0.5469884872436523,0.05841831862926483
7,21,False,0.0,1,0.8115049004554749,0.2491699457168579,0.5467235445976257,0.05824274197220802
7,22,False,0.0,1,0.8109537363052368,0.24939173460006714,0.5482140779495239,0.0589376762509346
7,23,False,0.0,1,0.8109947443008423,0.24944117665290833,0.5509998798370361,0.05935007333755493
7,24,False,0.0,1,0.8114023208618164,0.2494916021823883,0.5519338846206665,0.059274766594171524
7,25,False,0.0,1,0.8113232851028442,0.24962341785430908,0.5541164875030518,0.058543700724840164
7,26,False,0.0,1,0.8110109567642212,0.2501278221607208,0.5550966262817383,0.05785985291004181
7,27,False,0.0,1,0.8109349012374878,0.25063133239746094,0.5576375722885132,0.057306863367557526
7,28,False,0.0,1,0.8104259967803955,0.2509317696094513,0.559666633605957,0.057001370936632156
7,29,False,0.0,1,0.8084271550178528,0.2514265775680542,0.5622604489326477,0.05679561197757721
7,30,False,0.0,1,0.8070077896118164,0.25185728073120117,0.5619678497314453,0.05596618354320526
7,31,False,0.0,1,0.8058741092681885,0.2527107000350952,0.5638987421989441,0.0557413175702095
7,32,False,0.0,1,0.8043462634086609,0.253932386636734,0.5657534599304199,0.05544609576463699
7,33,False,0.0,1,0.8030361533164978,0.25483372807502747,0.5655142068862915,0.05422033369541168
7,34,False,0.0,1,0.8019350171089172,0.2556632459163666,0.5644267797470093,0.0532601997256279
7,35,False,0.0,1,0.8012656569480896,0.25675442814826965,0.5653412342071533,0.05327566713094711
7,36,False,0.0,1,0.8008276224136353,0.2587536573410034,0.56455397605896,0.05248735472559929
7,37,False,0.0,1,0.7996893525123596,0.2607841193675995,0.5644303560256958,0.052248165011405945
7,38,False,0.0,1,0.7989112138748169,0.2625141143798828,0.5638687610626221,0.05271625891327858
7,39,False,0.0,1,0.7988830208778381,0.2644125819206238,0.5625424385070801,0.05247025936841965
7,40,False,0.0,1,0.7987111806869507,0.2661512494087219,0.561152994632721,0.051901258528232574
7,41,False,0.0,1,0.7975351810455322,0.26725637912750244,0.5598088502883911,0.05088844895362854
7,42,False,0.0,1,0.7962498664855957,0.26781660318374634,0.5599978566169739,0.05085236579179764
7,43,False,0.0,1,0.7951565980911255,0.2684701085090637,0.5582890510559082,0.050535526126623154
7,44,False,0.0,1,0.7936630249023438,0.26901912689208984,0.5561115741729736,0.04946122691035271
7,45,False,0.0,1,0.7922316789627075,0.26911094784736633,0.553324818611145,0.04864116013050079
7,46,False,0.0,1,0.7913401126861572,0.2698090970516205,0.5517061352729797,0.0485372468829155
7,47,False,0.0,1,0.7906796932220459,0.27036547660827637,0.5507372617721558,0.04786283150315285
7,48,False,0.0,1,0.7901453971862793,0.27037960290908813,0.5482826828956604,0.04707520455121994
7,49,False,0.0,1,0.7895041704177856,0.27060389518737793,0.5469669103622437,0.04672887548804283
7,50,False,0.0,1,0.7894922494888306,0.2698846459388733,0.5468459129333496,0.047105539590120316
7,51,False,0.0,1,0.7902359366416931,0.2691921591758728,0.544692873954773,0.04751577973365784
7,52,False,0.0,1,0.7908507585525513,0.26790300011634827,0.5421580672264099,0.04813918098807335
7,53,False,0.0,1,0.7918086051940918,0.2665488123893738,0.5390167236328125,0.04830118641257286
7,54,False,0.0,1,0.7918979525566101,0.26579639315605164,0.5378483533859253,0.048699624836444855
7,55,False,0.0,1,0.7918181419372559,0.2653542160987854,0.5368680953979492,0.04933980479836464
7,56,False,0.0,1,0.7913618087768555,0.26521480083465576,0.5362799167633057,0.04944881796836853
7,57,False,0.0,1,0.7911499738693237,0.2654101252555847,0.5350805521011353,0.049432892352342606
7,58,False,0.0,1,0.7899205684661865,0.2666405141353607,0.532037615776062,0.04981358349323273
7,59,False,0.0,1,0.7872958779335022,0.26846471428871155,0.5283384323120117,0.05045468360185623
7,60,False,0.0,1,0.7863553762435913,0.269344687461853,0.5242429971694946,0.051175445318222046
7,61,False,0.0,1,0.7856592535972595,0.269504189491272,0.5210260152816772,0.05192134529352188
7,62,False,0.0,1,0.7849832773208618,0.26960721611976624,0.5170328617095947,0.05258301645517349
7,63,False,0.0,1,0.7844851613044739,0.2691967487335205,0.5140527486801147,0.05302073061466217
7,64,False,0.0,1,0.7838659286499023,0.2692841589450836,0.5106676816940308,0.0537080280482769
7,65,False,0.0,1,0.782167911529541,0.27221882343292236,0.5060452818870544,0.054592300206422806
7,66,False,0.0,1,0.7835782766342163,0.27077770233154297,0.5040229558944702,0.05471144989132881
7,67,False,0.0,1,0.7852488160133362,0.2697097659111023,0.503214418888092,0.0554029680788517
7,68,False,0.0,1,0.7866119146347046,0.2690761089324951,0.5036706924438477,0.05609332397580147
7,69,False,0.0,1,0.788358211517334,0.2683643400669098,0.5031241178512573,0.05626669526100159
7,70,False,0.0,1,0.7893612384796143,0.2677549719810486,0.5034717321395874,0.05644247680902481
7,71,False,0.0,1,0.7898651361465454,0.26661616563796997,0.5041662454605103,0.056268006563186646
7,72,False,0.0,1,0.7901299595832825,0.26575949788093567,0.504733681678772,0.056064218282699585
7,73,False,0.0,1,0.7910643815994263,0.265188604593277,0.5050902366638184,0.055624306201934814
7,74,False,0.0,1,0.7926042079925537,0.2646375000476837,0.5037128925323486,0.05562042444944382
7,75,False,0.0,1,0.7928788065910339,0.2642397880554199,0.5038700103759766,0.05553898587822914
7,76,False,0.0,1,0.7922348380088806,0.2653931677341461,0.5042548179626465,0.05526179447770119
7,77,False,0.0,1,0.7927454710006714,0.26449471712112427,0.5043319463729858,0.054255180060863495
7,78,False,0.0,1,0.7937144041061401,0.2634592056274414,0.5044625997543335,0.052406277507543564
7,79,False,0.0,1,0.794185996055603,0.26303228735923767,0.5073709487915039,0.052270542830228806
7,80,False,0.0,1,0.7943525314331055,0.2628541886806488,0.5096229314804077,0.05215023458003998
7,81,False,0.0,1,0.7953559160232544,0.2623145580291748,0.5105143785476685,0.050828319042921066
7,82,False,0.0,1,0.7959758639335632,0.26166093349456787,0.5123803019523621,0.04967338591814041
7,83,False,0.0,1,0.7961887121200562,0.2619018256664276,0.5129121541976929,0.050028759986162186
7,84,False,0.0,1,0.7961546182632446,0.26276156306266785,0.5148309469223022,0.049333833158016205
7,85,False,0.0,1,0.79709792137146,0.262709379196167,0.5148810148239136,0.04852360114455223
7,86,False,0.0,1,0.7980645895004272,0.26256072521209717,0.5159321427345276,0.04788157343864441
7,87,False,0.0,1,0.7986801862716675,0.2625747621059418,0.516873836517334,0.047057051211595535
7,88,False,0.0,1,0.7985119819641113,0.26240110397338867,0.5173147916793823,0.046250782907009125
7,89,False,0.0,1,0.7991271018981934,0.2622033953666687,0.5181006789207458,0.04592796415090561
7,90,False,0.0,1,0.7990255355834961,0.2623368203639984,0.5177160501480103,0.04533270746469498
7,91,False,0.0,1,0.7981814742088318,0.2629362940788269,0.5171825885772705,0.044781677424907684
7,92,False,0.0,1,0.7975296974182129,0.263425350189209,0.5168136954307556,0.0437764897942543
7,93,False,0.0,1,0.7968852519989014,0.2639226019382477,0.5169217586517334,0.042933471500873566
7,94,False,0.0,1,0.7959277629852295,0.2641632854938507,0.518112301826477,0.041878387331962585
7,95,False,0.0,1,0.7957474589347839,0.26461341977119446,0.5176556706428528,0.04189402982592583
7,96,False,0.0,1,0.7947171330451965,0.26461461186408997,0.518424391746521,0.04109145328402519
7,97,False,0.0,1,0.7938618659973145,0.2648038864135742,0.5182446837425232,0.04156271368265152
7,98,False,0.0,1,0.7920714020729065,0.26545006036758423,0.5190991163253784,0.04164296016097069
7,99,False,0.0,1,0.7914441823959351,0.26606759428977966,0.5179934501647949,0.042528606951236725
7,100,False,0.0,1,0.7912298440933228,0.26688310503959656,0.5170855522155762,0.04373073950409889
7,101,False,0.0,1,0.7906423807144165,0.26719266176223755,0.513526439666748,0.044773370027542114
7,102,False,0.0,1,0.7905054092407227,0.26767268776893616,0.513060986995697,0.04474913701415062
7,103,False,0.0,1,0.7899919748306274,0.268769234418869,0.5116642117500305,0.044619590044021606
7,104,False,0.0,1,0.7900488972663879,0.26927995681762695,0.5128403902053833,0.044235844165086746
7,105,False,0.0,1,0.7901656627655029,0.26952338218688965,0.5135444402694702,0.044097717851400375
7,106,False,0.0,1,0.7896902561187744,0.2700943946838379,0.514455258846283,0.04342654347419739
7,107,False,0.0,1,0.7889721393585205,0.27018606662750244,0.5148513317108154,0.0429278127849102
7,108,False,0.0,1,0.7884336709976196,0.2701175808906555,0.5152699947357178,0.04268709570169449
7,109,False,0.0,1,0.7879467010498047,0.27014344930648804,0.5173323154449463,0.04162995144724846
7,110,False,0.0,1,0.7876810431480408,0.2704183757305145,0.5183958411216736,0.04140136390924454
7,111,False,0.0,1,0.7876995801925659,0.27058273553848267,0.5201683640480042,0.041265394538640976
7,112,False,0.0,1,0.7891377210617065,0.2698024809360504,0.5237119197845459,0.04075004160404205
7,113,False,0.0,1,0.7899357080459595,0.26886677742004395,0.5265175104141235,0.04121895506978035
7,114,False,0.0,1,0.7902014255523682,0.2686290144920349,0.5273342132568359,0.04142361879348755
7,115,False,0.0,1,0.7902522087097168,0.2680111527442932,0.5266958475112915,0.04134995862841606
7,116,False,0.0,1,0.7902541160583496,0.26776570081710815,0.5276851058006287,0.041417594999074936
7,117,False,0.0,1,0.7897703051567078,0.26730915904045105,0.5260157585144043,0.041240379214286804
7,118,False,0.0,1,0.7896194458007812,0.2661023437976837,0.5226931571960449,0.040348120033741
7,119,False,0.0,1,0.7896586656570435,0.2651068866252899,0.523561954498291,0.0402238667011261
7,120,False,0.0,1,0.7907794713973999,0.2640528678894043,0.5257351398468018,0.04016043618321419
7,121,False,0.0,1,0.7909326553344727,0.263090044260025,0.527176022529602,0.04025143384933472
7,122,False,0.0,1,0.7906798124313354,0.26280131936073303,0.5282738208770752,0.04035521298646927
7,123,False,0.0,1,0.7903469204902649,0.26261234283447266,0.5290236473083496,0.04038918390870094
7,124,False,0.0,1,0.7906032800674438,0.2625129222869873,0.5293432474136353,0.040515173226594925
7,125,False,0.0,1,0.7904490828514099,0.26240211725234985,0.5302978157997131,0.04059169068932533
7,126,False,0.0,1,0.7904417514801025,0.2620355784893036,0.5306642055511475,0.040718670934438705
7,127,False,0.0,1,0.7908579707145691,0.2622407376766205,0.5314456224441528,0.04063786193728447
7,128,False,0.0,1,0.7902020215988159,0.262396901845932,0.5371953248977661,0.0415228046476841
7,129,False,0.0,1,0.7928733229637146,0.26169154047966003,0.5491912364959717,0.04381068795919418
7,130,False,0.0,1,0.7948847413063049,0.2621420919895172,0.5553394556045532,0.04575959965586662
7,131,False,0.0,1,0.7949347496032715,0.26246532797813416,0.5583363771438599,0.046624504029750824
7,132,False,0.0,1,0.7950544953346252,0.26216068863868713,0.5601094961166382,0.04684669151902199
8,0,False,0.0,0,0.7323222160339355,0.18665866553783417,0.5368053913116455,0.03801393881440163
8,1,False,0.0,1,0.8116109371185303,0.2528601884841919,0.5558986663818359,0.04442419111728668
8,2,False,0.0,1,0.810962438583374,0.25284695625305176,0.5563734769821167,0.044305577874183655
8,3,False,0.0,1,0.8102812767028809,0.2532380521297455,0.5574982166290283,0.04395301267504692
8,4,False,0.0,1,0.8103862404823303,0.2531120181083679,0.5586637258529663,0.044104304164648056
8,5,False,0.0,1,0.809720516204834,0.2534807026386261,0.5590807795524597,0.0438862182199955
8,6,False,0.0,1,0.8096474409103394,0.25383836030960083,0.5594688057899475,0.04443841800093651
8,7,False,0.0,1,0.8105992078781128,0.25391143560409546,0.5605802536010742,0.043945830315351486
8,8,False,0.0,1,0.8099704384803772,0.25402066111564636,0.5630939602851868,0.044273264706134796
8,9,False,0.0,1,0.8087737560272217,0.2545737624168396,0.5633946657180786,0.04497785121202469
8,10,False,0.0,1,0.8066789507865906,0.2556220591068268,0.5641829967498779,0.045584410429000854
8,11,False,0.0,1,0.8046175241470337,0.25699174404144287,0.5642415285110474,0.046036746352910995
8,12,False,0.0,1,0.8027162551879883,0.25860920548439026,0.5644470453262329,0.04674147814512253
8,13,False,0.0,1,0.8006277084350586,0.2606634795665741,0.5676852464675903,0.048584744334220886
8,14,False,0.0,1,0.799811840057373,0.26153144240379333,0.5694494247436523,0.050448112189769745
8,15,False,0.0,1,0.7985612154006958,0.26337477564811707,0.5708338618278503,0.052721720188856125
8,16,False,0.0,1,0.7959399819374084,0.2654205560684204,0.5712239742279053,0.053584024310112
8,17,False,0.0,1,0.7940159440040588,0.267238587141037,0.5709588527679443,0.05398523062467575
8,18,False,0.0,1,0.7932647466659546,0.26831966638565063,0.572506308555603,0.05503125861287117
8,19,False,0.0,1,0.792071521282196,0.2691988945007324,0.5720213055610657,0.05457888916134834
8,20,False,0.0,1,0.7910199761390686,0.2701595425605774,0.5710620880126953,0.053739845752716064
8,21,False,0.0,1,0.7894561886787415,0.27194830775260925,0.5692017674446106,0.05314699932932854
8,22,False,0.0,1,0.7886611223220825,0.2736671566963196,0.5676087141036987,0.052910324186086655
8,23,False,0.0,1,0.7879106998443604,0.2741345465183258,0.5631173849105835,0.05189768224954605
8,24,False,0.0,1,0.7873067259788513,0.2739582657814026,0.5596330165863037,0.05054096877574921
8,25,False,0.0,1,0.7865415215492249,0.27349841594696045,0.5577419996261597,0.05056116729974747
8,26,False,0.0,1,0.7854906916618347,0.2747558653354645,0.5540683269500732,0.05006150156259537
8,27,False,0.0,1,0.785584032535553,0.27455487847328186,0.5533057451248169,0.048886410892009735
8,28,False,0.0,1,0.7861764430999756,0.27449724078178406,0.5518589019775391,0.04913400113582611
8,29,False,0.0,1,0.7861472368240356,0.27433663606643677,0.5479829907417297,0.048358943313360214
8,30,False,0.0,1,0.7869747877120972,0.27333319187164307,0.544283390045166,0.04793194308876991
8,31,False,0.0,1,0.7871263027191162,0.2732609510421753,0.5415260195732117,0.047344598919153214
8,32,False,0.0,1,0.7878508567810059,0.2724650800228119,0.5389847755432129,0.04691340774297714
8,33,False,0.0,1,0.7885157465934753,0.27105528116226196,0.5355781316757202,0.04589684307575226
8,34,False,0.0,1,0.7891578674316406,0.27000850439071655,0.5348302125930786,0.04558205232024193
8,35,False,0.0,1,0.7895419597625732,0.2694628834724426,0.5340263843536377,0.04585779085755348
8,36,False,0.0,1,0.7901382446289062,0.2694222331047058,0.5342236161231995,0.04596567153930664
8,37,False,0.0,1,0.7902543544769287,0.2691582441329956,0.5335977077484131,0.046458449214696884
8,38,False,0.0,1,0.7905296087265015,0.26900559663772583,0.5313169956207275,0.046140916645526886
8,39,False,0.0,1,0.7893362045288086,0.26872071623802185,0.5283743739128113,0.046088844537734985
8,40,False,0.0,1,0.7888261079788208,0.2688593864440918,0.5262994766235352,0.04619370400905609
8,41,False,0.0,1,0.7890681028366089,0.26880455017089844,0.5238286256790161,0.04644600301980972
8,42,False,0.0,1,0.789931058883667,0.26772022247314453,0.5198111534118652,0.045358553528785706
8,43,False,0.0,1,0.7908366918563843,0.266666054725647,0.5179308652877808,0.04497947543859482
8,44,False,0.0,1,0.7920933961868286,0.265545517206192,0.5165843963623047,0.04493718966841698
8,45,False,0.0,1,0.7926070094108582,0.26538360118865967,0.5150198340415955,0.04591108113527298
8,46,False,0.0,1,0.7928982973098755,0.26561689376831055,0.5141161680221558,0.04640478268265724
8,47,False,0.0,1,0.7938891649246216,0.265123188495636,0.5138089656829834,0.046376898884773254
8,48,False,0.0,1,0.7950726747512817,0.26474443078041077,0.5134108066558838,0.04650767892599106
8,49,False,0.0,1,0.7975097894668579,0.2634511888027191,0.5125831365585327,0.047474224120378494
8,50,False,0.0,1,0.797848641872406,0.26229327917099,0.5111135244369507,0.0480845645070076
8,51,False,0.0,1,0.7988678216934204,0.2606678009033203,0.5112003684043884,0.04903055354952812
8,52,False,0.0,1,0.8008946776390076,0.2576533555984497,0.5116946697235107,0.04958142340183258
8,53,False,0.0,1,0.8019726276397705,0.25523191690444946,0.5103151798248291,0.05099799856543541
8,54,False,0.0,1,0.8034628629684448,0.25430017709732056,0.5091239213943481,0.05272172391414642
8,55,False,0.0,1,0.8052175045013428,0.2537987232208252,0.5084762573242188,0.05388255417346954
8,56,False,0.0,1,0.8066098690032959,0.2534177303314209,0.5093886852264404,0.055081430822610855
8,57,False,0.0,1,0.8078665733337402,0.25291237235069275,0.5098949670791626,0.05595945194363594
8,58,False,0.0,1,0.8083673119544983,0.2527208924293518,0.5097167491912842,0.05661418288946152
8,59,False,0.0,1,0.809328019618988,0.25261393189430237,0.5093987584114075,0.057585809379816055
8,60,False,0.0,1,0.8099650740623474,0.25234055519104004,0.509563148021698,0.05816211923956871
8,61,False,0.0,1,0.8105201721191406,0.2518364191055298,0.5101724863052368,0.057658132165670395
8,62,False,0.0,1,0.8103662729263306,0.2518276572227478,0.5107134580612183,0.057520799338817596
8,63,False,0.0,1,0.8095325231552124,0.25246453285217285,0.5110601186752319,0.057165779173374176
8,64,False,0.0,1,0.8081153631210327,0.2536368668079376,0.5121732950210571,0.056971319019794464
8,65,False,0.0,1,0.8062494993209839,0.25528082251548767,0.5131121277809143,0.05634780600667
8,66,False,0.0,1,0.8046697378158569,0.25673672556877136,0.5139575004577637,0.056236933916807175
8,67,False,0.0,1,0.8029893636703491,0.25813665986061096,0.5168203115463257,0.05489031970500946
8,68,False,0.0,1,0.8011695146560669,0.2596486210823059,0.5177055597305298,0.05338365212082863
8,69,False,0.0,1,0.7998130917549133,0.2604813873767853,0.5183639526367188,0.05165587365627289
8,70,False,0.0,1,0.798796534538269,0.26108667254447937,0.5203660726547241,0.05051807686686516
8,71,False,0.0,1,0.7976499199867249,0.26216012239456177,0.5225675702095032,0.04943139851093292
8,72,False,0.0,1,0.796710729598999,0.2626050114631653,0.5252774953842163,0.048204608261585236
8,73,False,0.0,1,0.7965754270553589,0.2635621428489685,0.5274138450622559,0.04734363034367561
8,74,False,0.0,1,0.7957112193107605,0.26478755474090576,0.5278548002243042,0.04643017798662186
8,75,False,0.0,1,0.7934812307357788,0.26747986674308777,0.530006468296051,0.045777175575494766
8,76,False,0.0,1,0.7914911508560181,0.26966097950935364,0.5318728089332581,0.044782064855098724
8,77,False,0.0,1,0.7893754243850708,0.2717650532722473,0.5309208035469055,0.04353911429643631
8,78,False,0.0,1,0.7885515093803406,0.27234384417533875,0.5289061069488525,0.041981182992458344
8,79,False,0.0,1,0.7877178192138672,0.27276989817619324,0.5270029902458191,0.040297698229551315
8,80,False,0.0,1,0.787726879119873,0.27282264828681946,0.526375412940979,0.039390310645103455
8,81,False,0.0,1,0.7879984974861145,0.273080438375473,0.523177981376648,0.037964098155498505
8,82,False,0.0,1,0.7881793975830078,0.2726786136627197,0.5196846127510071,0.03645215928554535
8,83,False,0.0,1,0.788240909576416,0.2723735272884369,0.5196211338043213,0.035181738436222076
8,84,False,0.0,1,0.7883141040802002,0.27179378271102905,0.5211148262023926,0.03448633849620819
8,85,False,0.0,1,0.7882847785949707,0.2702385187149048,0.5216852426528931,0.03381255641579628
8,86,False,0.0,1,0.7879744172096252,0.26891013979911804,0.5239667892456055,0.03373328968882561
8,87,False,0.0,1,0.7879267930984497,0.26655739545822144,0.5275028944015503,0.03480219841003418
8,88,False,0.0,1,0.788474440574646,0.26648277044296265,0.5321812033653259,0.03692219778895378
8,89,False,0.0,1,0.788690984249115,0.2669072449207306,0.5360291004180908,0.039088908582925797
8,90,False,0.0,1,0.7896091938018799,0.26571354269981384,0.5403290390968323,0.041238393634557724
8,91,False,0.0,1,0.7921715974807739,0.26408669352531433,0.5409020185470581,0.04192043095827103
8,92,False,0.0,1,0.7922249436378479,0.2637282907962799,0.5411391258239746,0.042173247784376144
8,93,False,0.0,1,0.7916985750198364,0.26368072628974915,0.5417675971984863,0.04230228811502457
8,94,False,0.0,1,0.7914596796035767,0.2636411786079407,0.5435658693313599,0.04270782321691513
8,95,False,0.0,1,0.791566014289856,0.26315218210220337,0.5440101623535156,0.04359050095081329
8,96,False,0.0,1,0.7931762337684631,0.2616870403289795,0.5468978881835938,0.04543067514896393
8,97,False,0.0,1,0.7943503856658936,0.2619631588459015,0.5556339025497437,0.045567747205495834
8,98,False,0.0,1,0.7950851917266846,0.26170530915260315,0.5599232912063599,0.04731052368879318
8,99,False,0.0,1,0.795624315738678,0.2618709206581116,0.5632507801055908,0.047773342579603195
8,100,False,0.0,1,0.7964902520179749,0.2621743381023407,0.5652323961257935,0.048101428896188736
8,101,False,0.0,1,0.7974480986595154,0.2622954249382019,0.5660871863365173,0.047265540808439255
8,102,False,0.0,1,0.7981506586074829,0.2621704041957855,0.5672948956489563,0.04720952361822128
8,103,False,0.0,1,0.7988490462303162,0.2618172764778137,0.5680603981018066,0.047164760529994965
8,104,False,0.0,1,0.7981252670288086,0.2617117464542389,0.5681198835372925,0.04689495265483856
8,105,False,0.0,1,0.7979586124420166,0.26168254017829895,0.5682268142700195,0.04699789732694626
9,0,False,0.0,0,0.709324836730957,0.16945578157901764,0.5414738655090332,0.04820112884044647
9,1,False,0.0,1,0.807992696762085,0.25275716185569763,0.5554665327072144,0.04921411722898483
9,2,False,0.0,1,0.8073774576187134,0.2532227337360382,0.5553054809570312,0.04941970854997635
9,3,False,0.0,1,0.8070653080940247,0.2535887360572815,0.5556066036224365,0.049718186259269714
9,4,False,0.0,1,0.8068317174911499,0.2544057369232178,0.5568106174468994,0.05028775706887245
9,5,False,0.0,1,0.8063005208969116,0.25500747561454773,0.5572911500930786,0.05057571083307266
9,6,False,0.0,1,0.8067879676818848,0.25541386008262634,0.557732105255127,0.0510733500123024
9,7,False,0.0,1,0.8068283796310425,0.25566738843917847,0.5573898553848267,0.05096353217959404
9,8,False,0.0,1,0.8078162670135498,0.25568222999572754,0.5571625232696533,0.05085310712456703
9,9,False,0.0,1,0.808821439743042,0.2554495632648468,0.5583157539367676,0.05086404085159302
9,10,False,0.0,1,0.8091314435005188,0.2555135190486908,0.5589131116867065,0.05067779868841171
9,11,False,0.0,1,0.8090219497680664,0.2552000880241394,0.560035228729248,0.050515878945589066
9,12,False,0.0,1,0.8094992637634277,0.2551323473453522,0.559991717338562,0.0503532774746418
9,13,False,0.0,1,0.809605598449707,0.25492313504219055,0.5602048635482788,0.049762677401304245
9,14,False,0.0,1,0.8096069693565369,0.2552931308746338,0.5613083839416504,0.04905237257480621
9,15,False,0.0,1,0.8097386956214905,0.2552667260169983,0.5624732971191406,0.04850425198674202
9,16,False,0.0,1,0.810185432434082,0.2548847794532776,0.563001275062561,0.04808250814676285
9,17,False,0.0,1,0.8098708391189575,0.2549472749233246,0.5631601810455322,0.04717262089252472
9,18,False,0.0,1,0.8096410632133484,0.2550014853477478,0.5642033219337463,0.04733951762318611
9,19,False,0.0,1,0.8096812963485718,0.25571683049201965,0.5655897259712219,0.047176048159599304
9,20,False,0.0,1,0.8099615573883057,0.256050705909729,0.5654853582382202,0.04692753776907921
9,21,False,0.0,1,0.810441255569458,0.2561837136745453,0.566160261631012,0.04635028913617134
9,22,False,0.0,1,0.8104268312454224,0.25662899017333984,0.5662498474121094,0.04650484025478363
9,23,False,0.0,1,0.8103349208831787,0.2567873001098633,0.5660983920097351,0.04663201794028282
9,24,False,0.0,1,0.8097942471504211,0.25682052969932556,0.5653669238090515,0.04633170738816261
9,25,False,0.0,1,0.8093916177749634,0.2570337653160095,0.5639217495918274,0.04598207771778107
9,26,False,0.0,1,0.8085249662399292,0.25752004981040955,0.5648683309555054,0.04675041139125824
9,27,False,0.0,1,0.8079081177711487,0.25772011280059814,0.56482994556427,0.046577971428632736
9,28,False,0.0,1,0.8066027164459229,0.25843992829322815,0.5638061165809631,0.04647577553987503
9,29,False,0.0,1,0.8052025437355042,0.2594081461429596,0.5640380382537842,0.04698226973414421
9,30,False,0.0,1,0.8033114075660706,0.26011529564857483,0.5667808651924133,0.049043722450733185
9,31,False,0.0,1,0.8032443523406982,0.2603321671485901,0.5669086575508118,0.04957594349980354
9,32,False,0.0,1,0.8027689456939697,0.2609446048736572,0.5684623718261719,0.05075230821967125
9,33,False,0.0,1,0.8022756576538086,0.26097699999809265,0.5697721838951111,0.051433175802230835
9,34,False,0.0,1,0.8022333383560181,0.2609550952911377,0.5691727995872498,0.05096537619829178
9,35,False,0.0,1,0.8011561632156372,0.2620813846588135,0.5690179467201233,0.05058591067790985
9,36,False,0.0,1,0.800707221031189,0.2624143064022064,0.5676087141036987,0.04998333752155304
9,37,False,0.0,1,0.7997584342956543,0.2629704475402832,0.5651772618293762,0.04898049309849739
9,38,True,0.032258063554763794,1,0.7988990545272827,0.2632780373096466,0.5627733469009399,0.04773617535829544
9,39,True,0.07258064299821854,1,0.7980546951293945,0.2642628252506256,0.5622864961624146,0.04778255522251129
9,40,True,0.11290322244167328,1,0.7969307899475098,0.2647009491920471,0.5592373013496399,0.0469229556620121
9,41,True,0.15322580933570862,1,0.7954586148262024,0.26559367775917053,0.5550373196601868,0.04566856473684311
9,42,True,0.19354838132858276,1,0.7942386865615845,0.2665744721889496,0.5535469055175781,0.045188792049884796
9,43,True,0.2338709682226181,1,0.7927579283714294,0.26715388894081116,0.5543385148048401,0.045711833983659744
9,44,True,0.27419355511665344,1,0.7926648259162903,0.2671751081943512,0.5520315170288086,0.04566352069377899
9,45,True,0.3145161271095276,1,0.7920073866844177,0.2677711248397827,0.54877108335495,0.04599696025252342
9,46,True,0.35483869910240173,1,0.7919472455978394,0.2679573893547058,0.5464648008346558,0.044253990054130554
9,47,True,0.39516130089759827,1,0.7927378416061401,0.2672386169433594,0.5431374311447144,0.042063333094120026
9,48,True,0.4354838728904724,1,0.7930806875228882,0.26663827896118164,0.5452359914779663,0.04132385551929474
9,49,True,0.47580644488334656,1,0.7931025624275208,0.26563817262649536,0.5432825088500977,0.04099048301577568
9,50,True,0.5161290168762207,1,0.7944351434707642,0.26509889960289,0.5366207361221313,0.04060927405953407
9,51,True,0.5564516186714172,1,0.7953166365623474,0.2630231976509094,0.528470516204834,0.04075901582837105
9,52,True,0.5967742204666138,1,0.7942023277282715,0.2624613642692566,0.5248082876205444,0.03641321510076523
9,53,True,0.6370967626571655,1,0.7944790720939636,0.2602696120738983,0.5224552154541016,0.03194321691989899
9,54,True,0.6774193644523621,1,0.7951782941818237,0.25832730531692505,0.5219578146934509,0.030217714607715607
9,55,True,0.7177419066429138,1,0.7956310510635376,0.2553871273994446,0.5172698497772217,0.027797291055321693
9,56,True,0.7580645084381104,1,0.7987278699874878,0.25342994928359985,0.5172067284584045,0.026515228673815727
9,57,True,0.7983871102333069,1,0.7994624972343445,0.2496689260005951,0.5196601152420044,0.02720130980014801
9,58,True,0.8387096524238586,1,0.7976866364479065,0.24639186263084412,0.5179404020309448,0.02721664495766163
9,59,True,0.8790322542190552,1,0.7959276437759399,0.23931092023849487,0.5199358463287354,0.02736818604171276
9,60,True,0.9193548560142517,1,0.7971704602241516,0.2385055273771286,0.5206738710403442,0.026720890775322914
9,61,True,0.9596773982048035,1,0.7967109680175781,0.23618483543395996,0.5172256231307983,0.02711324393749237
9,62,True,1.0,1,0.794898271560669,0.2320859283208847,0.5079893469810486,0.028195109218358994
9,63,True,1.0,1,0.7882954478263855,0.2205088883638382,0.5063314437866211,0.028312264010310173
9,64,True,1.0,1,0.7851645946502686,0.21652819216251373,0.5055679082870483,0.028208183124661446
9,65,True,1.0,1,0.7844212651252747,0.2159443348646164,0.5052206516265869,0.02811957150697708
9,66,True,1.0,1,0.7926180362701416,0.22863537073135376,0.5052452683448792,0.02804902195930481
9,67,True,1.0,1,0.7926050424575806,0.22876030206680298,0.5052064061164856,0.028026890009641647
9,68,True,1.0,1,0.7926021814346313,0.22887542843818665,0.5051829814910889,0.028010975569486618
9,69,True,1.0,1,0.7925958633422852,0.22888793051242828,0.5051774382591248,0.028006112203001976
9,70,True,1.0,1,0.7926179766654968,0.228947713971138,0.5051738023757935,0.02800377458333969
9,71,True,1.0,1,0.792648196220398,0.2290213406085968,0.5051711797714233,0.028001533821225166
9,72,True,1.0,1,0.7926279902458191,0.2289896309375763,0.5051715970039368,0.02800062485039234
9,73,True,1.0,1,0.7926337122917175,0.22899340093135834,0.5051704049110413,0.027999628335237503
9,74,True,1.0,1,0.7976779937744141,0.24069112539291382,0.505423903465271,0.027995754033327103
9,75,True,1.0,1,0.7976548671722412,0.24066376686096191,0.5054808855056763,0.027988305315375328
9,76,True,1.0,1,0.797648549079895,0.24067486822605133,0.5055172443389893,0.02798810414969921
9,77,True,1.0,1,0.7976466417312622,0.24066795408725739,0.5055326223373413,0.02798561006784439
9,78,True,1.0,1,0.7976381778717041,0.24066606163978577,0.5055392980575562,0.02798699215054512
9,79,True,1.0,1,0.797642707824707,0.2406715601682663,0.5055413246154785,0.027986416593194008
9,80,True,1.0,1,0.7976484298706055,0.24067436158657074,0.5055407285690308,0.02798776514828205
9,81,True,1.0,1,0.7976409196853638,0.2406846582889557,0.5055417418479919,0.027987400069832802
9,82,True,1.0,1,0.7989106178283691,0.2457820028066635,0.5060005187988281,0.02791183814406395
9,83,True,1.0,1,0.7989010810852051,0.24578142166137695,0.5060465335845947,0.027906106784939766
9,84,True,1.0,1,0.7988920211791992,0.2457813322544098,0.5060721635818481,0.027902740985155106
9,85,True,1.0,1,0.7988799810409546,0.2457728236913681,0.5060840845108032,0.027903787791728973
9,86,True,1.0,1,0.7988860607147217,0.24578243494033813,0.5060877203941345,0.027902405709028244
9,87,True,1.0,1,0.7988829612731934,0.24578413367271423,0.5060901641845703,0.027902517467737198
9,88,True,1.0,1,0.7988792657852173,0.24578158557415009,0.5060904026031494,0.027904003858566284
9,89,True,1.0,1,0.7988773584365845,0.24578046798706055,0.5060898661613464,0.02790481224656105
9,90,True,1.0,1,0.7991678714752197,0.24802789092063904,0.5066216588020325,0.02791459672152996
9,91,True,1.0,1,0.7991394996643066,0.24805471301078796,0.5066820979118347,0.027902662754058838
9,92,True,1.0,1,0.7991143465042114,0.24803951382637024,0.5067209005355835,0.027894621714949608
9,93,False,0.0,1,0.7996824979782104,0.2652070224285126,0.5190623998641968,0.049360353499650955
9,94,False,0.0,1,0.7959290742874146,0.26706624031066895,0.5199521780014038,0.0479431115090847
9,95,False,0.0,1,0.7910633087158203,0.2696264982223511,0.5188755989074707,0.04720483720302582
9,96,False,0.0,1,0.7892646789550781,0.27073201537132263,0.5188003778457642,0.04690341651439667
9,97,False,0.0,1,0.787918746471405,0.27175575494766235,0.5181799530982971,0.04616664722561836
9,98,False,0.0,1,0.7865639925003052,0.2722814381122589,0.5183947086334229,0.04522716999053955
9,99,False,0.0,1,0.7850157022476196,0.2729306221008301,0.5181986093521118,0.04366686940193176
9,100,False,0.0,1,0.7850974798202515,0.27295589447021484,0.5175427198410034,0.04296668991446495
9,101,False,0.0,1,0.784610390663147,0.2736662030220032,0.5184687376022339,0.042916759848594666
9,102,False,0.0,1,0.7841881513595581,0.2742496728897095,0.5203908085823059,0.042592547833919525
9,103,False,0.0,1,0.7839171886444092,0.27443504333496094,0.5230950117111206,0.041860003024339676
9,104,False,0.0,1,0.7841097712516785,0.274186909198761,0.5271397829055786,0.04155901446938515
9,105,False,0.0,1,0.7848820686340332,0.2736479938030243,0.5321297645568848,0.041985586285591125
9,106,False,0.0,1,0.7871966361999512,0.27063536643981934,0.5371399521827698,0.04309091717004776
9,107,False,0.0,1,0.7882919311523438,0.2689959406852722,0.538554310798645,0.04314365237951279
9,108,False,0.0,1,0.7895467281341553,0.267793744802475,0.5407019257545471,0.043271079659461975
9,109,False,0.0,1,0.7901885509490967,0.2668546140193939,0.5411813855171204,0.043209221214056015
9,110,False,0.0,1,0.7916106581687927,0.2655082046985626,0.5418345928192139,0.043058060109615326
9,111,False,0.0,1,0.7936525344848633,0.2640223503112793,0.5411237478256226,0.042669739574193954
9,112,False,0.0,1,0.7943964004516602,0.26327118277549744,0.541642427444458,0.042867694050073624
9,113,False,0.0,1,0.7953665256500244,0.2628355324268341,0.5433226823806763,0.043331749737262726
9,114,False,0.0,1,0.79668128490448,0.2621265649795532,0.5440138578414917,0.04303986579179764
9,115,False,0.0,1,0.7967462539672852,0.2624828517436981,0.5454466342926025,0.04324321076273918
9,116,False,0.0,1,0.7956148386001587,0.26323118805885315,0.5470356941223145,0.04354167729616165
9,117,False,0.0,1,0.7969383001327515,0.26244205236434937,0.5514706969261169,0.04472755640745163
9,118,False,0.0,1,0.7985588312149048,0.26216161251068115,0.5581789016723633,0.04658634960651398
9,119,False,0.0,1,0.7984076142311096,0.2618517577648163,0.5615217685699463,0.04798119515180588
9,120,False,0.0,1,0.7981988191604614,0.2617614269256592,0.5638480186462402,0.04861762374639511
9,121,False,0.0,1,0.7993441224098206,0.2617204785346985,0.5650640726089478,0.048485178500413895
9,122,False,0.0,1,0.7998373508453369,0.2615717649459839,0.5670896172523499,0.04874630644917488
9,123,False,0.0,1,0.8000435829162598,0.26159632205963135,0.5682895183563232,0.04901406913995743
9,124,False,0.0,1,0.8002115488052368,0.26163503527641296,0.5693175792694092,0.049129292368888855
10,0,False,0.0,0,0.7324838638305664,0.17334839701652527,0.5412623286247253,0.034856319427490234
10,1,False,0.0,1,0.8141113519668579,0.25130313634872437,0.5668639540672302,0.04364956542849541
10,2,False,0.0,1,0.8141376972198486,0.2511984407901764,0.5667994022369385,0.043618589639663696
10,3,False,0.0,1,0.8140926361083984,0.25127747654914856,0.5668432116508484,0.04363827034831047
10,4,False,0.0,1,0.8141300678253174,0.2513120770454407,0.566739559173584,0.04356248676776886
10,5,False,0.0,1,0.8142882585525513,0.25090649724006653,0.5677738785743713,0.04428903013467789
10,6,False,0.0,1,0.814687967300415,0.25017601251602173,0.569027841091156,0.04525212198495865
10,7,False,0.0,1,0.8145716190338135,0.2503226101398468,0.5703331232070923,0.046270109713077545
10,8,False,0.0,1,0.8144655227661133,0.25060221552848816,0.5711208581924438,0.04699016734957695
10,9,False,0.0,1,0.8143934011459351,0.25070083141326904,0.5716215372085571,0.04731499403715134
10,10,False,0.0,1,0.8137014508247375,0.25097253918647766,0.57377690076828,0.048128653317689896
10,11,False,0.0,1,0.8137699365615845,0.25106215476989746,0.5742415189743042,0.04861016198992729
10,12,False,0.0,1,0.8139810562133789,0.2513170540332794,0.5755127668380737,0.04953929781913757
10,13,False,0.0,1,0.8132644891738892,0.252096027135849,0.5760580897331238,0.04969993606209755
10,14,False,0.0,1,0.8132201433181763,0.25269293785095215,0.5766150951385498,0.04949497804045677
10,15,False,0.0,1,0.8126121759414673,0.2535388767719269,0.5773535966873169,0.04917928948998451
10,16,False,0.0,1,0.8118305206298828,0.25465497374534607,0.5783383846282959,0.049309711903333664
10,17,False,0.0,1,0.8110057711601257,0.2553772032260895,0.577993631362915,0.04837049916386604
10,18,False,0.0,1,0.8089563846588135,0.25700709223747253,0.5780456066131592,0.04768287390470505
10,19,False,0.0,1,0.8073499202728271,0.2582639455795288,0.5785548090934753,0.04757915437221527
10,20,False,0.0,1,0.8064799904823303,0.2590172290802002,0.5791893005371094,0.04722565785050392
10,21,False,0.0,1,0.8047621250152588,0.25990381836891174,0.5784948468208313,0.04626420885324478
10,22,False,0.0,1,0.8046451807022095,0.26083213090896606,0.5771983861923218,0.04555350914597511
10,23,False,0.0,1,0.8038299083709717,0.26213327050209045,0.5763939619064331,0.04488246515393257
10,24,False,0.0,1,0.8024256229400635,0.2634105980396271,0.5749536752700806,0.04361851140856743
10,25,False,0.0,1,0.8008431196212769,0.26410987973213196,0.573007345199585,0.042597878724336624
10,26,False,0.0,1,0.7992275953292847,0.2654663026332855,0.569956362247467,0.04145455360412598
10,27,False,0.0,1,0.7976258993148804,0.26688268780708313,0.5674609541893005,0.04020372033119202
10,28,False,0.0,1,0.7963613271713257,0.26780927181243896,0.5650874972343445,0.03957854583859444
10,29,False,0.0,1,0.7956190705299377,0.26814454793930054,0.5623464584350586,0.03872453421354294
10,30,False,0.0,1,0.7951385974884033,0.2681991457939148,0.5602062344551086,0.03869720175862312
10,31,False,0.0,1,0.7942487001419067,0.26874232292175293,0.558546781539917,0.040416646748781204
10,32,True,0.009433962404727936,1,0.7932911515235901,0.2694556713104248,0.5538787841796875,0.04068835452198982
10,33,True,0.056603774428367615,1,0.8008744120597839,0.2597694396972656,0.5233473181724548,0.03207717090845108
10,34,True,0.1037735864520073,1,0.8007313013076782,0.25848037004470825,0.5179844498634338,0.03425511717796326
10,35,True,0.15094339847564697,1,0.799409031867981,0.2572156488895416,0.5168876647949219,0.034554313868284225
10,36,True,0.19811320304870605,1,0.7985880374908447,0.25754523277282715,0.5150707960128784,0.03585527092218399
10,37,True,0.24528302252292633,1,0.7981961965560913,0.2580605745315552,0.5153084993362427,0.03477688133716583
10,38,True,0.2924528419971466,1,0.7981419563293457,0.25997117161750793,0.5156542062759399,0.032209549099206924
10,39,True,0.3396226465702057,1,0.7977178692817688,0.2592441439628601,0.5182437896728516,0.03071644902229309
10,40,True,0.38679245114326477,1,0.7985507845878601,0.25941407680511475,0.5163938999176025,0.03076946921646595
10,41,True,0.43396225571632385,1,0.7986003756523132,0.25851747393608093,0.5143153667449951,0.02880476787686348
10,42,True,0.4811320900917053,1,0.7986881136894226,0.2572515308856964,0.5135087370872498,0.028381112962961197
10,43,True,0.5283018946647644,1,0.7986950278282166,0.25561589002609253,0.5106012225151062,0.027401544153690338
10,44,True,0.5754716992378235,1,0.7989819049835205,0.25592344999313354,0.5133620500564575,0.02683025225996971
10,45,True,0.6226415038108826,1,0.8000355958938599,0.2559458911418915,0.5126475095748901,0.026753827929496765
10,46,True,0.6698113083839417,1,0.80119788646698,0.25560322403907776,0.5131475925445557,0.02656562440097332
10,47,True,0.7169811129570007,1,0.8020557165145874,0.25496456027030945,0.5118335485458374,0.02670367993414402
10,48,True,0.7641509175300598,1,0.8028895854949951,0.25471487641334534,0.5138989090919495,0.026356056332588196
10,49,True,0.8113207817077637,1,0.8020063638687134,0.25463739037513733,0.5129714012145996,0.026646791025996208
10,50,True,0.8584905862808228,1,0.8028692007064819,0.2540229856967926,0.5149074792861938,0.027288733050227165
10,51,True,0.9056603908538818,1,0.8027654886245728,0.2543325424194336,0.517996072769165,0.02715476043522358
10,52,True,0.9528301954269409,1,0.802696704864502,0.25406476855278015,0.5195635557174683,0.02757759392261505
10,53,True,1.0,1,0.8018956184387207,0.2540006935596466,0.5126649737358093,0.028165793046355247
10,54,True,1.0,1,0.8018662929534912,0.2540053129196167,0.5114320516586304,0.028147701174020767
10,55,True,1.0,1,0.8018552660942078,0.25408637523651123,0.5108401775360107,0.027973731979727745
10,56,True,1.0,1,0.8018302917480469,0.2541109621524811,0.5105475187301636,0.02784198895096779
10,57,True,1.0,1,0.8018269538879395,0.25412362813949585,0.5104153752326965,0.02777448482811451
10,58,True,1.0,1,0.8018287420272827,0.25414708256721497,0.5103445649147034,0.027741974219679832
10,59,True,1.0,1,0.801832914352417,0.25416260957717896,0.5103042125701904,0.027721861377358437
10,60,True,1.0,1,0.8018375635147095,0.2541685700416565,0.5102845430374146,0.02771323174238205
10,61,True,1.0,1,0.8019845485687256,0.25416165590286255,0.5103725790977478,0.02781064808368683
10,62,True,1.0,1,0.8019812703132629,0.254171758890152,0.5103670358657837,0.027787424623966217
10,63,True,1.0,1,0.8019724488258362,0.2541740834712982,0.5103682279586792,0.027777429670095444
10,64,True,1.0,1,0.8019703030586243,0.25417158007621765,0.5103647112846375,0.027774333953857422
10,65,True,1.0,1,0.8019739389419556,0.25417444109916687,0.5103627443313599,0.02777215652167797
10,66,True,1.0,1,0.8019757866859436,0.25417596101760864,0.5103632807731628,0.027772003784775734
10,67,True,1.0,1,0.8019775152206421,0.2541773021221161,0.5103623867034912,0.027772733941674232
10,68,True,1.0,1,0.801974356174469,0.25417467951774597,0.5103625059127808,0.02777356654405594
10,69,True,1.0,1,0.8020882606506348,0.2541818618774414,0.5105290412902832,0.027856990694999695
10,70,True,1.0,1,0.8020737171173096,0.25418058037757874,0.510545551776886,0.027836501598358154
10,71,True,1.0,1,0.802069902420044,0.25418588519096375,0.5105531215667725,0.027829350903630257
10,72,True,1.0,1,0.8020707964897156,0.25419557094573975,0.5105533599853516,0.02782684750854969
10,73,True,1.0,1,0.8020699620246887,0.2541947662830353,0.5105527639389038,0.027826325967907906
10,74,True,1.0,1,0.8020692467689514,0.25419798493385315,0.5105512738227844,0.027826085686683655
10,75,True,1.0,1,0.8020705580711365,0.254197895526886,0.5105513334274292,0.027824681252241135
10,76,True,1.0,1,0.8020674586296082,0.2541978657245636,0.5105523467063904,0.027825279161334038
10,77,True,1.0,1,0.8022299408912659,0.25414201617240906,0.5106819868087769,0.027895232662558556
10,78,True,1.0,1,0.8022171854972839,0.25414374470710754,0.510664165019989,0.027875931933522224
10,79,True,1.0,1,0.8022204041481018,0.25414952635765076,0.5106549263000488,0.0278676338493824
10,80,False,0.0,1,0.7969251275062561,0.26406556367874146,0.5129324197769165,0.040129680186510086
10,81,False,0.0,1,0.7958430051803589,0.2638908326625824,0.5106632709503174,0.04067552462220192
10,82,False,0.0,1,0.7933251857757568,0.2642847001552582,0.5097837448120117,0.04054282605648041
10,83,False,0.0,1,0.7926809787750244,0.2641626298427582,0.5110237002372742,0.03988398611545563
10,84,False,0.0,1,0.7926595211029053,0.26421087980270386,0.5141129493713379,0.03892755135893822
10,85,False,0.0,1,0.7915422916412354,0.2648642957210541,0.5153675079345703,0.03843080252408981
10,86,False,0.0,1,0.7915500998497009,0.26540401577949524,0.5182398557662964,0.03776007890701294
10,87,False,0.0,1,0.7913764119148254,0.26523080468177795,0.5198197364807129,0.03679485619068146
10,88,False,0.0,1,0.791399359703064,0.2650595009326935,0.5223595499992371,0.03626995533704758
10,89,False,0.0,1,0.7916263341903687,0.26463449001312256,0.5232645273208618,0.036140020936727524
10,90,False,0.0,1,0.7921946048736572,0.26420357823371887,0.525901198387146,0.03636215999722481
10,91,False,0.0,1,0.7941375970840454,0.263775497674942,0.530318021774292,0.03733479231595993
10,92,False,0.0,1,0.7944463491439819,0.26416268944740295,0.5352393984794617,0.03925494849681854
10,93,False,0.0,1,0.7935551404953003,0.2650361657142639,0.5334402322769165,0.039452116936445236
10,94,False,0.0,1,0.7942469120025635,0.2650825083255768,0.5351336598396301,0.03989433869719505
10,95,False,0.0,1,0.7950119972229004,0.26472193002700806,0.5354114174842834,0.0400286428630352
10,96,False,0.0,1,0.7965188026428223,0.2640624940395355,0.5345897674560547,0.039475101977586746
10,97,False,0.0,1,0.7977880835533142,0.2636711895465851,0.5358003377914429,0.03960594907402992
10,98,False,0.0,1,0.7983611822128296,0.2633132338523865,0.538301944732666,0.04010225459933281
10,99,False,0.0,1,0.7989963293075562,0.26312077045440674,0.5383797287940979,0.0401826947927475
10,100,False,0.0,1,0.7998071312904358,0.2622310519218445,0.5338674783706665,0.039228588342666626
10,101,False,0.0,1,0.799512505531311,0.2623729109764099,0.5395022034645081,0.040760744363069534
10,102,False,0.0,1,0.7997395396232605,0.2619871497154236,0.5504642128944397,0.0440230518579483
10,103,False,0.0,1,0.7997870445251465,0.2620954215526581,0.5551149845123291,0.04526546970009804
10,104,False,0.0,1,0.799873948097229,0.26197540760040283,0.5579936504364014,0.04625387862324715
10,105,False,0.0,1,0.8005834221839905,0.2621544301509857,0.5594142079353333,0.0462939515709877
10,106,False,0.0,1,0.8006933927536011,0.2622750997543335,0.5614275336265564,0.04695691168308258
11,0,False,0.0,0,0.7146879434585571,0.16679809987545013,0.5238909721374512,0.04271898791193962
11,1,False,0.0,1,0.8154920339584351,0.24637781083583832,0.5430818796157837,0.04851612076163292
11,2,False,0.0,1,0.8163954019546509,0.2456205189228058,0.5433884859085083,0.049517422914505005
11,3,False,0.0,1,0.817996621131897,0.24371589720249176,0.544486403465271,0.05143549293279648
11,4,False,0.0,1,0.8191078305244446,0.24302205443382263,0.5456470251083374,0.05288802459836006
11,5,False,0.0,1,0.8189624547958374,0.24333281815052032,0.547234296798706,0.054461050778627396
11,6,False,0.0,1,0.819220781326294,0.2436743825674057,0.5484995245933533,0.05605002120137215
11,7,False,0.0,1,0.8193627595901489,0.24420805275440216,0.549180269241333,0.057092491537332535
11,8,False,0.0,1,0.8193845748901367,0.24444714188575745,0.5496000051498413,0.05789371579885483
11,9,False,0.0,1,0.8194167613983154,0.24510833621025085,0.5498189926147461,0.05783602222800255
11,10,False,0.0,1,0.8189572095870972,0.2456357479095459,0.5506869554519653,0.05788579210639
11,11,False,0.0,1,0.8185849189758301,0.24627424776554108,0.5525985956192017,0.057926394045352936
11,12,False,0.0,1,0.8169379234313965,0.24692846834659576,0.554959774017334,0.05813178792595863
11,13,False,0.0,1,0.8152453899383545,0.24765174090862274,0.5569034814834595,0.057476956397295
11,14,False,0.0,1,0.8143073320388794,0.24831391870975494,0.559321403503418,0.05678766220808029
11,15,False,0.0,1,0.8124827146530151,0.24945293366909027,0.5625869035720825,0.056517649441957474
11,16,False,0.0,1,0.8109841346740723,0.2503809928894043,0.5657718181610107,0.05629908666014671
11,17,False,0.0,1,0.8081542253494263,0.25169384479522705,0.5684669017791748,0.05628832429647446
11,18,False,0.0,1,0.8057607412338257,0.25342100858688354,0.5711717009544373,0.05628327652812004
11,19,False,0.0,1,0.8021935224533081,0.2553199827671051,0.5720122456550598,0.05628671869635582
11,20,False,0.0,1,0.8008275032043457,0.25596916675567627,0.5721760988235474,0.056342288851737976
11,21,False,0.0,1,0.7998909950256348,0.25705453753471375,0.5705605745315552,0.05660487711429596
11,22,False,0.0,1,0.799287736415863,0.25865447521209717,0.5684430599212646,0.05551406741142273
11,23,False,0.0,1,0.7987644076347351,0.2604637145996094,0.5659515261650085,0.054428648203611374
11,24,False,0.0,1,0.7984641194343567,0.2625541388988495,0.5620511770248413,0.05320269614458084
11,25,False,0.0,1,0.7976561188697815,0.2637144923210144,0.5600297451019287,0.05248172953724861
11,26,False,0.0,1,0.7972643375396729,0.26488015055656433,0.556708037853241,0.0507170744240284
11,27,False,0.0,1,0.7963571548461914,0.2659614384174347,0.5542842149734497,0.04945733770728111
11,28,False,0.0,1,0.7956384420394897,0.26653119921684265,0.5525909066200256,0.048253223299980164
11,29,False,0.0,1,0.7944766283035278,0.26739048957824707,0.5504118800163269,0.046552468091249466
11,30,False,0.0,1,0.7941205501556396,0.26752734184265137,0.5466998815536499,0.04476206749677658
11,31,False,0.0,1,0.7936071157455444,0.26757392287254333,0.5430325269699097,0.04272562637925148
11,32,False,0.0,1,0.793027937412262,0.2674911618232727,0.5399526357650757,0.0407252237200737
11,33,False,0.0,1,0.7925043106079102,0.26721709966659546,0.5369468927383423,0.0389094278216362
11,34,False,0.0,1,0.7926159501075745,0.26735973358154297,0.5361912846565247,0.03761989250779152
11,35,False,0.0,1,0.7924933433532715,0.26760056614875793,0.5366301536560059,0.036762118339538574
11,36,False,0.0,1,0.7926722764968872,0.26730260252952576,0.5355794429779053,0.03632904589176178
11,37,False,0.0,1,0.7926938533782959,0.26750245690345764,0.5361454486846924,0.036905866116285324
11,38,False,0.0,1,0.7922282218933105,0.2674819529056549,0.5351400375366211,0.0388813316822052
11,39,False,0.0,1,0.7914024591445923,0.2673206627368927,0.5319285988807678,0.04045514389872551
11,40,False,0.0,1,0.7908725738525391,0.26705503463745117,0.5298123359680176,0.041934262961149216
11,41,False,0.0,1,0.791240930557251,0.2665855884552002,0.5258303880691528,0.043604735285043716
11,42,False,0.0,1,0.7918844819068909,0.26600390672683716,0.5244485139846802,0.04476768150925636
11,43,False,0.0,1,0.7919011116027832,0.26629120111465454,0.5227742195129395,0.04549255594611168
11,44,False,0.0,1,0.7919130325317383,0.2663314640522003,0.5206279158592224,0.045988332480192184
11,45,False,0.0,1,0.7928159832954407,0.26565003395080566,0.5157697200775146,0.046667151153087616
11,46,False,0.0,1,0.7931245565414429,0.26541584730148315,0.5111043453216553,0.04698161035776138
11,47,False,0.0,1,0.79395991563797,0.2654722332954407,0.5074735283851624,0.047197163105010986
11,48,False,0.0,1,0.7948282361030579,0.2647204101085663,0.5043865442276001,0.047129739075899124
11,49,False,0.0,1,0.7952679991722107,0.2646619379520416,0.5014914274215698,0.04715215042233467
11,50,False,0.0,1,0.7966680526733398,0.26213517785072327,0.4980217516422272,0.04753389582037926
11,51,False,0.0,1,0.7983583807945251,0.26079389452934265,0.49638622999191284,0.04784313216805458
11,52,False,0.0,1,0.799221396446228,0.25977250933647156,0.4951081871986389,0.04797593131661415
11,53,False,0.0,1,0.7995704412460327,0.25872740149497986,0.4940260946750641,0.048665232956409454
11,54,False,0.0,1,0.7992116212844849,0.2581273913383484,0.49416059255599976,0.04917588457465172
11,55,False,0.0,1,0.7999101877212524,0.25752779841423035,0.4934260845184326,0.049403849989175797
11,56,False,0.0,1,0.8005183935165405,0.25652870535850525,0.49229544401168823,0.049431271851062775
11,57,False,0.0,1,0.8013894557952881,0.25559160113334656,0.49132412672042847,0.05004459619522095
11,58,False,0.0,1,0.8028161525726318,0.2548283636569977,0.4905422329902649,0.05071920156478882
11,59,False,0.0,1,0.8037573099136353,0.253632128238678,0.490851491689682,0.051255300641059875
11,60,False,0.0,1,0.8033438324928284,0.2539720833301544,0.49071061611175537,0.050736792385578156
11,61,False,0.0,1,0.8032602071762085,0.2544279396533966,0.4922718405723572,0.05147285759449005
11,62,False,0.0,1,0.8019872903823853,0.255977064371109,0.49595773220062256,0.050366371870040894
11,63,False,0.0,1,0.8003800511360168,0.2582607865333557,0.49822816252708435,0.04954109340906143
11,64,False,0.0,1,0.7973484992980957,0.2614814043045044,0.5001258850097656,0.04839291796088219
11,65,False,0.0,1,0.7950290441513062,0.26322275400161743,0.5008186101913452,0.04661187902092934
11,66,False,0.0,1,0.7933382987976074,0.26448559761047363,0.5012650489807129,0.04570372402667999
11,67,False,0.0,1,0.7894669771194458,0.26737865805625916,0.5041191577911377,0.044531382620334625
11,68,False,0.0,1,0.7864017486572266,0.26915016770362854,0.5089962482452393,0.04300176724791527
11,69,False,0.0,1,0.7861745953559875,0.268692284822464,0.5090963840484619,0.04176447167992592
11,70,False,0.0,1,0.7866089344024658,0.26751044392585754,0.5087080001831055,0.03994113951921463
11,71,False,0.0,1,0.7880028486251831,0.26623883843421936,0.5093362331390381,0.038783952593803406
11,72,False,0.0,1,0.7889012098312378,0.2648148834705353,0.5143281817436218,0.03799689561128616
11,73,False,0.0,1,0.790519118309021,0.26385971903800964,0.5163556337356567,0.03753519058227539
11,74,False,0.0,1,0.7909765839576721,0.26311159133911133,0.5173794031143188,0.03766975179314613
11,75,False,0.0,1,0.7908580303192139,0.2625693678855896,0.5217887759208679,0.038353726267814636
11,76,False,0.0,1,0.7911171913146973,0.26159054040908813,0.5266544818878174,0.03904462978243828
11,77,False,0.0,1,0.7914808988571167,0.2618638575077057,0.5250402688980103,0.03817576542496681
11,78,False,0.0,1,0.7945993542671204,0.25913992524147034,0.5273561477661133,0.03915570303797722
11,79,False,0.0,1,0.7947906255722046,0.25913116335868835,0.532178521156311,0.04029451683163643
11,80,False,0.0,1,0.7948423027992249,0.2586902976036072,0.526323139667511,0.04052651673555374
11,81,False,0.0,1,0.7938197255134583,0.2589012384414673,0.5281970500946045,0.04117967188358307
11,82,False,0.0,1,0.793534517288208,0.2589743733406067,0.5281543731689453,0.04118901491165161
11,83,False,0.0,1,0.7928813099861145,0.25965234637260437,0.530061662197113,0.041582632809877396
11,84,False,0.0,1,0.7929142713546753,0.25956061482429504,0.5303572416305542,0.0416378453373909
11,85,False,0.0,1,0.7943836450576782,0.26009300351142883,0.5352258682250977,0.043596576899290085
11,86,False,0.0,1,0.7960197329521179,0.2604190707206726,0.5388013124465942,0.04444422200322151
11,87,False,0.0,1,0.7965015172958374,0.26087018847465515,0.5437920093536377,0.04465341567993164
11,88,False,0.0,1,0.7964704632759094,0.2608877122402191,0.5464458465576172,0.044613394886255264
11,89,False,0.0,1,0.7969449162483215,0.26044535636901855,0.5489481687545776,0.04494712874293327
11,90,False,0.0,1,0.797362208366394,0.2606925666332245,0.5532050132751465,0.04580274969339371
11,91,False,0.0,1,0.797999382019043,0.2613888382911682,0.5556460618972778,0.04585351422429085
11,92,False,0.0,1,0.7986794114112854,0.2615969479084015,0.5572268962860107,0.046376436948776245
11,93,False,0.0,1,0.7995807528495789,0.26148077845573425,0.5593242645263672,0.04659184068441391
11,94,False,0.0,1,0.7998338341712952,0.26138001680374146,0.5617343783378601,0.0469014011323452
11,95,False,0.0,1,0.7991739511489868,0.2611978054046631,0.5633898377418518,0.04700775817036629
12,0,False,0.0,0,0.7059305906295776,0.17329125106334686,0.5384923219680786,0.04380147531628609
12,1,False,0.0,1,0.8091976642608643,0.2529219388961792,0.5549954175949097,0.04681314155459404
12,2,False,0.0,1,0.8096625804901123,0.25390952825546265,0.556019127368927,0.047418005764484406
12,3,False,0.0,1,0.8103965520858765,0.25369682908058167,0.5570470094680786,0.04812886565923691
12,4,False,0.0,1,0.8101410865783691,0.2530234456062317,0.5575762987136841,0.049219634383916855
12,5,False,0.0,1,0.8101718425750732,0.2535988688468933,0.5582751035690308,0.04967263713479042
12,6,False,0.0,1,0.8096184730529785,0.2545001208782196,0.5586740970611572,0.05015866085886955
12,7,False,0.0,1,0.8095924258232117,0.2547222375869751,0.559949517250061,0.05042486637830734
12,8,False,0.0,1,0.8094215393066406,0.25514382123947144,0.5613397359848022,0.05058446526527405
12,9,False,0.0,1,0.8097177147865295,0.25551745295524597,0.5622005462646484,0.05083965137600899
12,10,False,0.0,1,0.809909999370575,0.25544753670692444,0.562652587890625,0.050746697932481766
12,11,False,0.0,1,0.8102889060974121,0.25544503331184387,0.5624997615814209,0.05031443387269974
12,12,False,0.0,1,0.8109737634658813,0.2553229331970215,0.5638301372528076,0.050337061285972595
12,13,False,0.0,1,0.8111302256584167,0.25561797618865967,0.5641728639602661,0.04993569105863571
12,14,False,0.0,1,0.8110989332199097,0.25571975111961365,0.5643395781517029,0.04974158853292465
12,15,False,0.0,1,0.8110920786857605,0.2555331587791443,0.5641213655471802,0.04969187080860138
12,16,False,0.0,1,0.8110306859016418,0.2552995979785919,0.5642673373222351,0.049222227185964584
12,17,False,0.0,1,0.8110325932502747,0.2552386224269867,0.5644395351409912,0.0485774427652359
12,18,False,0.0,1,0.811512291431427,0.25505852699279785,0.5634843111038208,0.04788514971733093
12,19,False,0.0,1,0.8115410804748535,0.2548498809337616,0.5635694861412048,0.04745742306113243
12,20,False,0.0,1,0.8114634156227112,0.2544611394405365,0.5633136630058289,0.04682623967528343
12,21,False,0.0,1,0.8115889430046082,0.2535480260848999,0.5627996325492859,0.04626375436782837
12,22,False,0.0,1,0.8119935989379883,0.2531436085700989,0.5624499320983887,0.045837268233299255
12,23,False,0.0,1,0.8123816847801208,0.2527102828025818,0.5621097683906555,0.04563601687550545
12,24,False,0.0,1,0.8123019933700562,0.252602756023407,0.562706470489502,0.04549053683876991
12,25,False,0.0,1,0.8123623132705688,0.25310322642326355,0.5623583197593689,0.04501171037554741
12,26,False,0.0,1,0.812563419342041,0.2538156807422638,0.5623942613601685,0.04486650228500366
12,27,False,0.0,1,0.8129165768623352,0.2545483410358429,0.5623648166656494,0.04466977342963219
12,28,False,0.0,1,0.8125650882720947,0.2555789351463318,0.5627948045730591,0.04463069885969162
12,29,False,0.0,1,0.8122292757034302,0.2564482092857361,0.5632848143577576,0.04428372532129288
12,30,False,0.0,1,0.8119856715202332,0.25703534483909607,0.5646331310272217,0.04471208527684212
12,31,False,0.0,1,0.8093708157539368,0.25819674134254456,0.5659440755844116,0.04509076103568077
12,32,False,0.0,1,0.8074511289596558,0.25877845287323,0.5678228139877319,0.0454622283577919
12,33,False,0.0,1,0.8058360815048218,0.2592757046222687,0.5701583027839661,0.04628431797027588
12,34,False,0.0,1,0.805784285068512,0.2589091956615448,0.5724281072616577,0.0474868007004261
12,35,False,0.0,1,0.8060118556022644,0.25876760482788086,0.5736770629882812,0.048452939838171005
12,36,False,0.0,1,0.8052669167518616,0.25937843322753906,0.5736147165298462,0.0488521084189415
12,37,False,0.0,1,0.8044984340667725,0.2595008313655853,0.5729288458824158,0.049362313002347946
12,38,False,0.0,1,0.8049619197845459,0.2596282362937927,0.5728467702865601,0.04986468702554703
12,39,False,0.0,1,0.8039557933807373,0.2603515088558197,0.5719417929649353,0.049779947847127914
12,40,True,0.007462686393409967,1,0.8025978207588196,0.26185885071754456,0.5697952508926392,0.04930027946829796
12,41,True,0.04135338217020035,1,0.8009552955627441,0.2628699243068695,0.5670716762542725,0.04838665947318077
12,42,True,0.07894736528396606,1,0.799744725227356,0.2637832760810852,0.5650492906570435,0.04762176796793938
12,43,True,0.11654135584831238,1,0.79880291223526,0.2644604444503784,0.5631118416786194,0.047615230083465576
12,44,True,0.1541353315114975,1,0.7976199984550476,0.2649393081665039,0.5604729652404785,0.04645960405468941
12,45,True,0.1917293220758438,1,0.7973117828369141,0.264627605676651,0.5576494932174683,0.044897519052028656
12,46,True,0.22932331264019012,1,0.7967725396156311,0.26412442326545715,0.5552325248718262,0.04431489109992981
12,47,True,0.26691728830337524,1,0.7965936660766602,0.2636505961418152,0.551243782043457,0.04259616881608963
12,48,True,0.30451127886772156,1,0.7963757514953613,0.2635405957698822,0.5508272647857666,0.04228923097252846
12,49,True,0.34210526943206787,1,0.7956327199935913,0.26443368196487427,0.5478293299674988,0.043173495680093765
12,50,True,0.3796992599964142,1,0.7947070598602295,0.26604363322257996,0.5450739860534668,0.04429061338305473
12,51,True,0.4172932207584381,1,0.7945774793624878,0.26523858308792114,0.5406891107559204,0.04297901317477226
12,52,True,0.4548872113227844,1,0.7961448431015015,0.2637816369533539,0.534774899482727,0.04189254716038704
12,53,True,0.49248120188713074,1,0.7963370680809021,0.26363471150398254,0.5295601487159729,0.04022756218910217
12,54,True,0.530075192451477,1,0.7967820763587952,0.2621171176433563,0.525506317615509,0.037423789501190186
12,55,True,0.567669153213501,1,0.7991067171096802,0.2601846158504486,0.5256320238113403,0.036271896213293076
12,56,True,0.6052631735801697,1,0.7986987829208374,0.2593110203742981,0.5279734134674072,0.03439861163496971
12,57,True,0.6428571343421936,1,0.7986268997192383,0.2579571306705475,0.528394341468811,0.03190939128398895
12,58,True,0.6804511547088623,1,0.7979333400726318,0.2564501464366913,0.5233876705169678,0.0291090477257967
12,59,True,0.7180451154708862,1,0.7990238666534424,0.25456318259239197,0.5211343765258789,0.02820472978055477
12,60,True,0.7556390762329102,1,0.8007873296737671,0.25336965918540955,0.5204850435256958,0.027760911732912064
12,61,True,0.7932330965995789,1,0.8012290000915527,0.25375640392303467,0.5216176509857178,0.027796316891908646
12,62,True,0.8308270573616028,1,0.8008512258529663,0.2525343894958496,0.5211780071258545,0.027582664042711258
12,63,True,0.8684210777282715,1,0.8002855777740479,0.2525700032711029,0.5215454697608948,0.027830258011817932
12,64,True,0.9060150384902954,1,0.8008072376251221,0.25324109196662903,0.5246099829673767,0.02724997140467167
12,65,True,0.9436089992523193,1,0.801377534866333,0.2530631422996521,0.5220122337341309,0.026967383921146393
12,66,True,0.981203019618988,1,0.8012127876281738,0.2531488239765167,0.5169620513916016,0.027202362194657326
12,67,True,1.0,1,0.8012392520904541,0.252424955368042,0.5126861333847046,0.027902083471417427
12,68,True,1.0,1,0.8013601303100586,0.25179120898246765,0.510926365852356,0.028054071590304375
12,69,True,1.0,1,0.8013391494750977,0.25154635310173035,0.5100709199905396,0.027949178591370583
12,70,True,1.0,1,0.8013216257095337,0.25144675374031067,0.5096664428710938,0.027863170951604843
12,71,True,1.0,1,0.8013170957565308,0.25143638253211975,0.5094616413116455,0.027813516557216644
12,72,True,1.0,1,0.8012914657592773,0.2514103949069977,0.5093605518341064,0.02778826840221882
12,73,True,1.0,1,0.8012877702713013,0.2514135539531708,0.5093199610710144,0.0277719646692276
12,74,True,1.0,1,0.801397979259491,0.25147202610969543,0.5094555020332336,0.027729816734790802
12,75,True,1.0,1,0.8013893365859985,0.25147804617881775,0.509453535079956,0.02772354520857334
12,76,True,1.0,1,0.8013976812362671,0.25149357318878174,0.50946044921875,0.027723519131541252
12,77,True,1.0,1,0.8014036417007446,0.25150442123413086,0.5094614028930664,0.027722597122192383
12,78,True,1.0,1,0.8014048337936401,0.2515003979206085,0.5094622373580933,0.027721967548131943
12,79,True,1.0,1,0.8014060258865356,0.2515001893043518,0.5094615817070007,0.02772168256342411
12,80,True,1.0,1,0.8014053106307983,0.251499205827713,0.5094625949859619,0.027722032740712166
12,81,True,1.0,1,0.801404595375061,0.2515013515949249,0.5094614028930664,0.027722401544451714
12,82,True,1.0,1,0.8013845682144165,0.2512699365615845,0.5094889998435974,0.0277240052819252
12,83,True,1.0,1,0.8013951778411865,0.25128185749053955,0.5095126628875732,0.027720702812075615
12,84,True,1.0,1,0.8013873100280762,0.2512838542461395,0.509518563747406,0.0277241300791502
12,85,True,1.0,1,0.8013947010040283,0.2512964606285095,0.509520947933197,0.027722664177417755
12,86,True,1.0,1,0.8014014959335327,0.2512846887111664,0.5095230340957642,0.027721570804715157
12,87,True,1.0,1,0.8014020919799805,0.2512896955013275,0.5095242857933044,0.02772168070077896
12,88,True,1.0,1,0.8014023303985596,0.25129252672195435,0.5095243453979492,0.027720998972654343
12,89,True,1.0,1,0.8013982772827148,0.25128814578056335,0.5095242261886597,0.02772177755832672
12,90,True,1.0,1,0.8014366030693054,0.25105202198028564,0.5096632242202759,0.0277076568454504
12,91,True,1.0,1,0.8014142513275146,0.2510521113872528,0.5097216963768005,0.027705082669854164
12,92,True,1.0,1,0.8014084696769714,0.25106534361839294,0.5097538232803345,0.027699701488018036
12,93,True,1.0,1,0.801414430141449,0.2510586380958557,0.5097665786743164,0.02769896388053894
12,94,True,1.0,1,0.8014028668403625,0.2510627210140228,0.5097719430923462,0.02769976668059826
12,95,True,1.0,1,0.8014001250267029,0.25105926394462585,0.5097748041152954,0.027699630707502365
12,96,True,1.0,1,0.8014066815376282,0.25106173753738403,0.5097736120223999,0.027700038626790047
12,97,True,1.0,1,0.8013994097709656,0.2510627210140228,0.5097741484642029,0.027700308710336685
12,98,True,1.0,1,0.8014605045318604,0.2507496476173401,0.5099964737892151,0.027714785188436508
12,99,True,1.0,1,0.8014353513717651,0.2507669925689697,0.5100685358047485,0.02770640328526497
12,100,False,0.0,1,0.8017334938049316,0.2648628056049347,0.5167555809020996,0.046814966946840286
12,101,False,0.0,1,0.7986282706260681,0.2655332088470459,0.5181163549423218,0.04547746106982231
12,102,False,0.0,1,0.7956143021583557,0.2670023739337921,0.5198055505752563,0.04363726079463959
12,103,False,0.0,1,0.794264554977417,0.2675730288028717,0.5192866325378418,0.04295928403735161
12,104,False,0.0,1,0.7937419414520264,0.2679075598716736,0.5216776132583618,0.04232725501060486
12,105,False,0.0,1,0.7931885123252869,0.26857975125312805,0.5227731466293335,0.04194149002432823
12,106,False,0.0,1,0.7922502756118774,0.27006474137306213,0.5247872471809387,0.04251130670309067
12,107,False,0.0,1,0.7919604778289795,0.2708733081817627,0.5245727300643921,0.04325196146965027
12,108,False,0.0,1,0.7920364141464233,0.27109411358833313,0.5249375104904175,0.042839158326387405
12,109,False,0.0,1,0.792428731918335,0.270947128534317,0.5241866111755371,0.04311458021402359
12,110,False,0.0,1,0.7922583818435669,0.27088722586631775,0.5248180627822876,0.04305199906229973
12,111,False,0.0,1,0.7922078371047974,0.2709704041481018,0.5268262624740601,0.043344900012016296
12,112,False,0.0,1,0.7924509048461914,0.27013468742370605,0.5282648801803589,0.04292597621679306
12,113,False,0.0,1,0.7924982309341431,0.26951584219932556,0.52874356508255,0.04274921491742134
12,114,False,0.0,1,0.7931396961212158,0.26855358481407166,0.5300300121307373,0.04247221350669861
12,115,False,0.0,1,0.7937277555465698,0.26774388551712036,0.5326941609382629,0.04261385649442673
12,116,False,0.0,1,0.7941543459892273,0.26720499992370605,0.5350586175918579,0.0433054119348526
12,117,False,0.0,1,0.7955949306488037,0.2648980915546417,0.5404223203659058,0.04423048347234726
12,118,False,0.0,1,0.7968314290046692,0.2634638249874115,0.5444372892379761,0.045147888362407684
12,119,False,0.0,1,0.7974823117256165,0.2627144753932953,0.5484089851379395,0.046027302742004395
12,120,False,0.0,1,0.7971786260604858,0.26287174224853516,0.5504807233810425,0.04636259377002716
12,121,False,0.0,1,0.796978235244751,0.26293617486953735,0.5520569086074829,0.0468331053853035
12,122,False,0.0,1,0.7972757816314697,0.2626838684082031,0.5539315342903137,0.0470433384180069
12,123,False,0.0,1,0.7972090244293213,0.26262688636779785,0.5544723272323608,0.04696379601955414
12,124,False,0.0,1,0.79889976978302,0.26147693395614624,0.5584819316864014,0.04849543049931526
12,125,False,0.0,1,0.8000147342681885,0.26160359382629395,0.5569943189620972,0.048019085079431534
12,126,False,0.0,1,0.8004766702651978,0.2617722749710083,0.5522643327713013,0.0459989495575428
12,127,False,0.0,1,0.8005764484405518,0.2622140645980835,0.5502794981002808,0.04501277208328247
12,128,False,0.0,1,0.8002946376800537,0.26236850023269653,0.5534595847129822,0.04571464657783508
12,129,False,0.0,1,0.8000266551971436,0.2624308168888092,0.5568079948425293,0.04622085765004158
12,130,False,0.0,1,0.8002049922943115,0.2622317969799042,0.5612990856170654,0.047401271760463715
12,131,False,0.0,1,0.7998111248016357,0.26214614510536194,0.5631386041641235,0.04751598834991455
12,132,False,0.0,1,0.800028920173645,0.2619866728782654,0.5635539293289185,0.04737846925854683
12,133,False,0.0,1,0.8002159595489502,0.2617831528186798,0.5635936260223389,0.04746405407786369
13,0,False,0.0,0,0.6961245536804199,0.15164391696453094,0.5194820165634155,0.04373433440923691
13,1,False,0.0,1,0.8141868114471436,0.24455209076404572,0.5370728373527527,0.049017440527677536
13,2,False,0.0,1,0.8148336410522461,0.2440280169248581,0.5373694896697998,0.04911099001765251
13,3,False,0.0,1,0.8151324987411499,0.24376453459262848,0.5378879308700562,0.04991485923528671
13,4,False,0.0,1,0.8162283897399902,0.24387295544147491,0.5394843816757202,0.05092232674360275
13,5,False,0.0,1,0.8191608190536499,0.24324265122413635,0.5405483245849609,0.052379608154296875
13,6,False,0.0,1,0.8223509788513184,0.24246303737163544,0.5417149662971497,0.0536186657845974
13,7,False,0.0,1,0.8241748809814453,0.2416447103023529,0.542553186416626,0.055012453347444534
13,8,False,0.0,1,0.824027419090271,0.2416391670703888,0.5439841747283936,0.0569126196205616
13,9,False,0.0,1,0.82262122631073,0.24287082254886627,0.5449604988098145,0.057863473892211914
13,10,False,0.0,1,0.8216707706451416,0.2438707798719406,0.5452763438224792,0.05904751271009445
13,11,False,0.0,1,0.8214935064315796,0.2447502762079239,0.5470060110092163,0.05896022170782089
13,12,False,0.0,1,0.8212276697158813,0.24556522071361542,0.5485736727714539,0.05905669927597046
13,13,False,0.0,1,0.8205530643463135,0.2461308389902115,0.5500228404998779,0.05833039805293083
13,14,False,0.0,1,0.8188318610191345,0.24668410420417786,0.5526424646377563,0.05828301981091499
13,15,False,0.0,1,0.8171863555908203,0.24747124314308167,0.5544373393058777,0.05800704285502434
13,16,False,0.0,1,0.8159875869750977,0.2483862042427063,0.5560437440872192,0.05666588991880417
13,17,False,0.0,1,0.8139293789863586,0.2500160038471222,0.558517575263977,0.056019339710474014
13,18,False,0.0,1,0.8124011754989624,0.2511516213417053,0.5607908964157104,0.05568638816475868
13,19,False,0.0,1,0.8108570575714111,0.252287358045578,0.5627930164337158,0.05525713041424751
13,20,False,0.0,1,0.8085886240005493,0.25319766998291016,0.564183235168457,0.05533432215452194
13,21,False,0.0,1,0.8056522607803345,0.25485286116600037,0.5662200450897217,0.05506950616836548
13,22,False,0.0,1,0.8042110204696655,0.2562127709388733,0.5673484802246094,0.05507167801260948
13,23,False,0.0,1,0.8034391403198242,0.2566806674003601,0.5683104991912842,0.05498349666595459
13,24,False,0.0,1,0.8029589653015137,0.2575632631778717,0.5678353309631348,0.054483722895383835
13,25,False,0.0,1,0.8026024103164673,0.2581626772880554,0.5663615465164185,0.05429738014936447
13,26,False,0.0,1,0.801210343837738,0.25913357734680176,0.5641801953315735,0.053261514753103256
13,27,False,0.0,1,0.8007340431213379,0.26047998666763306,0.5605466961860657,0.05217155069112778
13,28,False,0.0,1,0.800130307674408,0.26154688000679016,0.5579215288162231,0.051167674362659454
13,29,False,0.0,1,0.7996721267700195,0.2623635232448578,0.5548049807548523,0.049771081656217575
13,30,False,0.0,1,0.7993460297584534,0.2629593312740326,0.5520347356796265,0.04827151075005531
13,31,False,0.0,1,0.7990173101425171,0.2631513774394989,0.5488474369049072,0.046799398958683014
13,32,True,0.03846153989434242,1,0.7988656163215637,0.26325321197509766,0.5453439950942993,0.04429066553711891
13,33,True,0.08653846383094788,1,0.7983903884887695,0.26274776458740234,0.5392054319381714,0.04141257703304291
13,34,True,0.13461539149284363,1,0.7978703379631042,0.2621757686138153,0.5402796268463135,0.04040566086769104
13,35,True,0.18269230425357819,1,0.7968172430992126,0.2606307864189148,0.5333104133605957,0.03684902936220169
13,36,True,0.23076923191547394,1,0.7957353591918945,0.25902363657951355,0.5252061486244202,0.03335075080394745
13,37,True,0.2788461446762085,1,0.8027136921882629,0.2528594732284546,0.5192133188247681,0.029349494725465775
13,38,True,0.32692307233810425,1,0.8054240942001343,0.25003716349601746,0.5231280326843262,0.029764732345938683
13,39,True,0.375,1,0.8062174320220947,0.24923798441886902,0.5258029699325562,0.028841311112046242
13,40,True,0.42307692766189575,1,0.8075239658355713,0.24760107696056366,0.5211994647979736,0.027939165011048317
13,41,True,0.4711538553237915,1,0.8038825988769531,0.24727290868759155,0.5228307247161865,0.027468565851449966
13,42,True,0.5192307829856873,1,0.8059211373329163,0.2453804463148117,0.5181734561920166,0.027858885005116463
13,43,True,0.567307710647583,1,0.8063521981239319,0.24591824412345886,0.5161168575286865,0.027035484090447426
13,44,True,0.6153846383094788,1,0.8064264059066772,0.2434380203485489,0.5138294696807861,0.026179319247603416
13,45,True,0.6634615659713745,1,0.8074488043785095,0.2409427911043167,0.5122740864753723,0.02628074213862419
13,46,True,0.7115384340286255,1,0.8081014156341553,0.23954810202121735,0.5115361213684082,0.026017215102910995
13,47,True,0.7596153616905212,1,0.8081964254379272,0.24097535014152527,0.5148475766181946,0.02670333720743656
13,48,True,0.807692289352417,1,0.8057424426078796,0.24084079265594482,0.5164147019386292,0.026663746684789658
13,49,True,0.8557692170143127,1,0.8064680099487305,0.24117092788219452,0.5176224708557129,0.02657017484307289
13,50,True,0.9038461446762085,1,0.8053456544876099,0.24457380175590515,0.5202203989028931,0.026402465999126434
13,51,True,0.9519230723381042,1,0.806140661239624,0.24041280150413513,0.5211896896362305,0.026967335492372513
13,52,True,1.0,1,0.8056825399398804,0.23976172506809235,0.5166144371032715,0.027348561212420464
13,53,True,1.0,1,0.8053663969039917,0.23476731777191162,0.5150641202926636,0.02723914198577404
13,54,True,1.0,1,0.8050216436386108,0.23418055474758148,0.5142747163772583,0.02700345776975155
13,55,True,1.0,1,0.8049419522285461,0.23459486663341522,0.5138894319534302,0.026843028143048286
13,56,True,1.0,1,0.8048875331878662,0.23498156666755676,0.513692319393158,0.02675360068678856
13,57,True,1.0,1,0.8048701286315918,0.23518037796020508,0.5135899782180786,0.026711709797382355
13,58,True,1.0,1,0.8048526048660278,0.23529857397079468,0.5135511755943298,0.0266872588545084
13,59,True,1.0,1,0.8048568964004517,0.23535534739494324,0.5135245323181152,0.026674721390008926
13,60,True,1.0,1,0.8049546480178833,0.23783262073993683,0.5135665535926819,0.02654770202934742
13,61,True,1.0,1,0.8049649000167847,0.23772943019866943,0.5135363340377808,0.026551248505711555
13,62,True,1.0,1,0.8049454689025879,0.23767410218715668,0.5135315656661987,0.0265518706291914
13,63,True,1.0,1,0.8049402832984924,0.237633615732193,0.513525664806366,0.026553625240921974
13,64,True,1.0,1,0.804934561252594,0.23762056231498718,0.5135255455970764,0.0265556238591671
13,65,True,1.0,1,0.8049383759498596,0.23763352632522583,0.513526201248169,0.026554087176918983
13,66,True,1.0,1,0.8049381375312805,0.23763726651668549,0.5135245323181152,0.026555707678198814
13,67,True,1.0,1,0.8049364686012268,0.2376231998205185,0.5135256052017212,0.026556629687547684
13,68,True,1.0,1,0.804980993270874,0.24066823720932007,0.5135650634765625,0.026459960266947746
13,69,True,1.0,1,0.8050076961517334,0.24052102863788605,0.5135486721992493,0.026460958644747734
13,70,True,1.0,1,0.805011510848999,0.24042882025241852,0.5135397911071777,0.02646562084555626
13,71,True,1.0,1,0.805016279220581,0.2404007464647293,0.5135366916656494,0.026466581970453262
13,72,True,1.0,1,0.805008053779602,0.2403685301542282,0.5135392546653748,0.026467619463801384
13,73,True,1.0,1,0.8050105571746826,0.2403603196144104,0.5135382413864136,0.02646760642528534
13,74,True,1.0,1,0.8050082921981812,0.24036775529384613,0.5135390758514404,0.026465795934200287
13,75,True,1.0,1,0.8050110340118408,0.2403540462255478,0.5135384798049927,0.02646714448928833
13,76,True,1.0,1,0.8049402236938477,0.2422395497560501,0.5136551260948181,0.026362219825387
13,77,True,1.0,1,0.8049163818359375,0.24216169118881226,0.5136210918426514,0.026361461728811264
13,78,False,0.0,1,0.7987167239189148,0.2631697952747345,0.5133424997329712,0.041742898523807526
13,79,False,0.0,1,0.7960152626037598,0.2642142176628113,0.5163156986236572,0.04079318419098854
13,80,False,0.0,1,0.7939202189445496,0.2656155526638031,0.516672670841217,0.03909269720315933
13,81,False,0.0,1,0.7915489673614502,0.2671903073787689,0.5148038864135742,0.03765305504202843
13,82,False,0.0,1,0.7892541289329529,0.2686660587787628,0.5119137763977051,0.03656414523720741
13,83,False,0.0,1,0.7886563539505005,0.26933902502059937,0.5102105140686035,0.03642834722995758
13,84,False,0.0,1,0.7879716157913208,0.26965203881263733,0.5116454362869263,0.03760814666748047
13,85,False,0.0,1,0.7890304327011108,0.2694430947303772,0.5154622793197632,0.03877007216215134
13,86,False,0.0,1,0.7892610430717468,0.26765960454940796,0.5224031209945679,0.04029121622443199
13,87,False,0.0,1,0.7907156944274902,0.26594898104667664,0.5278885364532471,0.04263030365109444
13,88,False,0.0,1,0.7943076491355896,0.26282843947410583,0.5349752306938171,0.04442274197936058
13,89,False,0.0,1,0.7975455522537231,0.26059484481811523,0.5364795923233032,0.043676868081092834
13,90,False,0.0,1,0.7989269495010376,0.25935766100883484,0.5402872562408447,0.044334474951028824
13,91,False,0.0,1,0.7994636297225952,0.2584255635738373,0.5411891341209412,0.044106245040893555
13,92,False,0.0,1,0.7995829582214355,0.2581930458545685,0.5414009094238281,0.043969426304101944
13,93,False,0.0,1,0.7994371652603149,0.25841569900512695,0.5403820276260376,0.04336809366941452
13,94,False,0.0,1,0.7987508177757263,0.2592710554599762,0.5404959321022034,0.043391454964876175
13,95,False,0.0,1,0.798646867275238,0.2574644386768341,0.5414383411407471,0.04382115229964256
13,96,False,0.0,1,0.798468291759491,0.25823280215263367,0.5448791980743408,0.04384380951523781
13,97,False,0.0,1,0.7986425161361694,0.2594328224658966,0.5489860773086548,0.044048648327589035
13,98,False,0.0,1,0.7989497780799866,0.25987914204597473,0.5523412227630615,0.04503139480948448
13,99,False,0.0,1,0.7992914319038391,0.26041528582572937,0.5558072924613953,0.04527975991368294
13,100,False,0.0,1,0.8001353144645691,0.2608816921710968,0.5592724084854126,0.046276070177555084
13,101,False,0.0,1,0.8017659783363342,0.26102811098098755,0.5633145570755005,0.04742306098341942
13,102,False,0.0,1,0.8027918934822083,0.26091858744621277,0.5651518106460571,0.047411251813173294
13,103,False,0.0,1,0.802939772605896,0.2606273889541626,0.5660967230796814,0.04719744622707367
13,104,False,0.0,1,0.8026778697967529,0.26043203473091125,0.5669034123420715,0.0470561645925045
14,0,False,0.0,0,0.745337724685669,0.17869102954864502,0.5409414768218994,0.036159250885248184
14,1,False,0.0,1,0.8197208642959595,0.2502807378768921,0.567273736000061,0.045504968613386154
14,2,False,0.0,1,0.8194085359573364,0.24997423589229584,0.5691136121749878,0.04712247848510742
14,3,False,0.0,1,0.8196415901184082,0.2501669228076935,0.5701672434806824,0.04792589321732521
14,4,False,0.0,1,0.8192804455757141,0.2504798173904419,0.5708105564117432,0.04864872992038727
14,5,False,0.0,1,0.818846583366394,0.2502196431159973,0.572564959526062,0.04962674155831337
14,6,False,0.0,1,0.8189376592636108,0.2506614923477173,0.5730853080749512,0.050175029784440994
14,7,False,0.0,1,0.8186154961585999,0.25106194615364075,0.5754497051239014,0.0513681024312973
14,8,False,0.0,1,0.8178579807281494,0.25199463963508606,0.5760760307312012,0.05159935727715492
14,9,False,0.0,1,0.8163470029830933,0.2526058852672577,0.576862096786499,0.05170382931828499
14,10,False,0.0,1,0.8157202005386353,0.2535521686077118,0.5770663022994995,0.05153871327638626
14,11,False,0.0,1,0.8146554231643677,0.25444769859313965,0.5784819722175598,0.05198148638010025
14,12,False,0.0,1,0.8141828775405884,0.2551504075527191,0.5788585543632507,0.05154985189437866
14,13,False,0.0,1,0.8142613172531128,0.25566020607948303,0.579169511795044,0.05079365149140358
14,14,False,0.0,1,0.8136272430419922,0.25645244121551514,0.5791135430335999,0.049984775483608246
14,15,False,0.0,1,0.8132528066635132,0.2577663064002991,0.5789045095443726,0.049214161932468414
14,16,False,0.0,1,0.8116453886032104,0.2592003047466278,0.5781216621398926,0.0487557016313076
14,17,False,0.0,1,0.8106095790863037,0.2605593502521515,0.5781755447387695,0.0479133278131485
14,18,False,0.0,1,0.8094824552536011,0.26109611988067627,0.5759278535842896,0.04633156955242157
14,19,False,0.0,1,0.8080191612243652,0.26186880469322205,0.5739721059799194,0.04476623237133026
14,20,False,0.0,1,0.8058633804321289,0.2628873586654663,0.5718472003936768,0.043278489261865616
14,21,False,0.0,1,0.8043055534362793,0.26337647438049316,0.5697899460792542,0.04191332310438156
14,22,False,0.0,1,0.8031316995620728,0.26404693722724915,0.5685426592826843,0.04077453538775444
14,23,False,0.0,1,0.8026166558265686,0.26454225182533264,0.566177248954773,0.039820365607738495
14,24,False,0.0,1,0.8014799952507019,0.26565462350845337,0.565185010433197,0.039220619946718216
14,25,False,0.0,1,0.8006529211997986,0.2660231590270996,0.563503623008728,0.03912302479147911
14,26,False,0.0,1,0.7998857498168945,0.2659032642841339,0.5601736307144165,0.039008259773254395
14,27,False,0.0,1,0.7983052730560303,0.2658061385154724,0.5613416433334351,0.04064912721514702
14,28,False,0.0,1,0.7978224754333496,0.2671246826648712,0.5605535507202148,0.04184209555387497
14,29,False,0.0,1,0.7970287799835205,0.2688981890678406,0.5581033229827881,0.04300663247704506
14,30,True,0.01515151560306549,1,0.7954443693161011,0.2708517014980316,0.5496511459350586,0.043299585580825806
14,31,True,0.06565656512975693,1,0.8017147779464722,0.2597576081752777,0.5118597745895386,0.03690038621425629
14,32,True,0.11616161465644836,1,0.8019299507141113,0.25936853885650635,0.5118615627288818,0.03785587474703789
14,33,True,0.1666666716337204,1,0.7999680042266846,0.25993871688842773,0.513608455657959,0.03664384037256241
14,34,True,0.21717171370983124,1,0.8004286885261536,0.25990864634513855,0.5173612833023071,0.037064921110868454
14,35,True,0.26767677068710327,1,0.8017826080322266,0.2605210840702057,0.5175759792327881,0.034360505640506744
14,36,True,0.3181818127632141,1,0.8017522096633911,0.2606947720050812,0.5210351347923279,0.031167814508080482
14,37,True,0.36868685483932495,1,0.8015154600143433,0.26100602746009827,0.522910475730896,0.030894208699464798
14,38,True,0.4191919267177582,1,0.8013412952423096,0.26059383153915405,0.5216522216796875,0.02941453829407692
14,39,True,0.469696968793869,1,0.801929235458374,0.2595826983451843,0.5189515948295593,0.028569070622324944
14,40,True,0.5202020406723022,1,0.8020970225334167,0.258482962846756,0.5185031294822693,0.0280743595212698
14,41,True,0.5707070827484131,1,0.8023412227630615,0.2577039301395416,0.5227206945419312,0.027778934687376022
14,42,True,0.6212121248245239,1,0.8035359382629395,0.25742945075035095,0.5218997597694397,0.026422355324029922
14,43,True,0.6717171669006348,1,0.8041369915008545,0.25716233253479004,0.516895055770874,0.026615174487233162
14,44,True,0.7222222089767456,1,0.8044781684875488,0.25677838921546936,0.515277624130249,0.026721758767962456
14,45,True,0.7727272510528564,1,0.8043138980865479,0.25646185874938965,0.5184924006462097,0.027456430718302727
14,46,True,0.8232323527336121,1,0.8038402199745178,0.2561669945716858,0.518760085105896,0.02704470418393612
14,47,True,0.8737373948097229,1,0.8038287162780762,0.2552890479564667,0.5203589200973511,0.026686707511544228
14,48,True,0.9242424368858337,1,0.8051540851593018,0.2549041211605072,0.5224044322967529,0.02619469165802002
14,49,True,0.9747474789619446,1,0.8048892021179199,0.254648894071579,0.5222022533416748,0.026125406846404076
14,50,True,1.0,1,0.8048586249351501,0.2541244626045227,0.5187350511550903,0.026255669072270393
14,51,True,1.0,1,0.8049108386039734,0.253930926322937,0.5170847773551941,0.026238221675157547
14,52,True,1.0,1,0.8050234317779541,0.2538173496723175,0.5164633989334106,0.025970308110117912
14,53,True,1.0,1,0.8050793409347534,0.2537945508956909,0.516144871711731,0.025786370038986206
14,54,True,1.0,1,0.8050830960273743,0.2537945508956909,0.515987753868103,0.02569778449833393
14,55,True,1.0,1,0.8050968647003174,0.25379225611686707,0.5159169435501099,0.02564889006316662
14,56,True,1.0,1,0.8051018714904785,0.2537981867790222,0.5158640146255493,0.025624414905905724
14,57,True,1.0,1,0.8050988912582397,0.25379467010498047,0.5158514976501465,0.02560744248330593
14,58,True,1.0,1,0.8051025867462158,0.25378790497779846,0.5158392190933228,0.02560270205140114
14,59,True,1.0,1,0.8050852417945862,0.25369101762771606,0.5155850648880005,0.025759611278772354
14,60,True,1.0,1,0.805083692073822,0.2536770701408386,0.5156532526016235,0.025750329717993736
14,61,True,1.0,1,0.8050969243049622,0.2536832094192505,0.5156898498535156,0.025740815326571465
14,62,True,1.0,1,0.8050974011421204,0.2536900043487549,0.5157057046890259,0.02573651447892189
14,63,True,1.0,1,0.8050956130027771,0.2536933422088623,0.515717089176178,0.025736631825566292
14,64,True,1.0,1,0.8050950169563293,0.25369003415107727,0.5157163739204407,0.025736620649695396
14,65,True,1.0,1,0.8050954937934875,0.25368982553482056,0.5157162547111511,0.025735627859830856
14,66,True,1.0,1,0.8050945401191711,0.2536895275115967,0.515717625617981,0.025736305862665176
14,67,True,1.0,1,0.8049555420875549,0.2535521984100342,0.5154331922531128,0.025903072208166122
14,68,True,1.0,1,0.8049463629722595,0.25355103611946106,0.5154825448989868,0.025896761566400528
14,69,True,1.0,1,0.8049584031105042,0.25355926156044006,0.5155103206634521,0.02588837966322899
14,70,True,1.0,1,0.8049531579017639,0.25355687737464905,0.5155234336853027,0.025884004309773445
14,71,True,1.0,1,0.8049619793891907,0.2535593509674072,0.5155247449874878,0.025883566588163376
14,72,True,1.0,1,0.8049615025520325,0.253558874130249,0.5155246257781982,0.025882845744490623
14,73,True,1.0,1,0.8049584031105042,0.2535586655139923,0.5155261754989624,0.025882987305521965
14,74,True,1.0,1,0.8049612641334534,0.2535587251186371,0.515526533126831,0.025883648544549942
14,75,False,0.0,1,0.8027822971343994,0.26476991176605225,0.5280177593231201,0.04090537130832672
14,76,False,0.0,1,0.8010082244873047,0.2653670012950897,0.5249625444412231,0.042238134890794754
14,77,False,0.0,1,0.7985141277313232,0.26611199975013733,0.5231019258499146,0.042007893323898315
14,78,False,0.0,1,0.7968828678131104,0.26751774549484253,0.5222442746162415,0.04157479107379913
14,79,False,0.0,1,0.7966479063034058,0.26869726181030273,0.5225611925125122,0.04143630340695381
14,80,False,0.0,1,0.7973045110702515,0.26972150802612305,0.5220826864242554,0.0410575307905674
14,81,False,0.0,1,0.7972056269645691,0.2700730860233307,0.5215986371040344,0.040638018399477005
14,82,False,0.0,1,0.7974192500114441,0.2704017758369446,0.5224080085754395,0.040475018322467804
14,83,False,0.0,1,0.7979130744934082,0.27005335688591003,0.5231651067733765,0.0411604642868042
14,84,False,0.0,1,0.7979418635368347,0.2699428200721741,0.5241318345069885,0.04096560180187225
14,85,False,0.0,1,0.7974304556846619,0.2702074646949768,0.5243324041366577,0.03989911824464798
14,86,False,0.0,1,0.7967767119407654,0.2704850137233734,0.5267181396484375,0.03958487510681152
14,87,False,0.0,1,0.7957471013069153,0.2705305516719818,0.5272636413574219,0.03945744037628174
14,88,False,0.0,1,0.7948849201202393,0.2700359523296356,0.5298932194709778,0.040280766785144806
14,89,False,0.0,1,0.7953648567199707,0.2690880298614502,0.5301424264907837,0.04066396877169609
14,90,False,0.0,1,0.796036422252655,0.268526166677475,0.5295968055725098,0.040580593049526215
14,91,False,0.0,1,0.797925591468811,0.26698800921440125,0.5321019887924194,0.04025517404079437
14,92,False,0.0,1,0.798213005065918,0.26668503880500793,0.533637285232544,0.040140386670827866
14,93,False,0.0,1,0.7984834313392639,0.2666328549385071,0.5333799719810486,0.039890505373477936
14,94,False,0.0,1,0.7991825342178345,0.2660585343837738,0.5343567132949829,0.040107570588588715
14,95,False,0.0,1,0.8016505241394043,0.2635684907436371,0.53715980052948,0.040606237947940826
14,96,False,0.0,1,0.8028078079223633,0.26250147819519043,0.543653130531311,0.04172627255320549
14,97,False,0.0,1,0.8029269576072693,0.2615492641925812,0.5486527681350708,0.04273383319377899
14,98,False,0.0,1,0.8024338483810425,0.2609859108924866,0.5521700382232666,0.04352535679936409
14,99,False,0.0,1,0.8018115162849426,0.26049211621284485,0.5558226108551025,0.044215127825737
15,0,False,0.0,0,0.738013505935669,0.1779327094554901,0.5368757247924805,0.03858781233429909
15,1,False,0.0,1,0.8196709156036377,0.2500229477882385,0.5560681223869324,0.04404214024543762
15,2,False,0.0,1,0.8197233080863953,0.24999667704105377,0.5568385124206543,0.044402699917554855
15,3,False,0.0,1,0.8199079632759094,0.2499302178621292,0.5575590133666992,0.04484821483492851
15,4,False,0.0,1,0.8192785978317261,0.25008559226989746,0.557993471622467,0.044780563563108444
15,5,False,0.0,1,0.8191391229629517,0.2501017451286316,0.5582073926925659,0.04502621665596962
15,6,False,0.0,1,0.8192102909088135,0.2501382529735565,0.5589446425437927,0.04526909068226814
15,7,False,0.0,1,0.8184990882873535,0.2503635883331299,0.5604672431945801,0.04535038024187088
15,8,False,0.0,1,0.8182500600814819,0.25058743357658386,0.5611751079559326,0.04510046914219856
15,9,False,0.0,1,0.8177525401115417,0.2511484920978546,0.56197190284729,0.04540632292628288
15,10,False,0.0,1,0.8165104389190674,0.25224190950393677,0.5630552768707275,0.045762427151203156
15,11,False,0.0,1,0.8153090476989746,0.2528843581676483,0.563153862953186,0.04570867866277695
15,12,False,0.0,1,0.8125369548797607,0.2542533278465271,0.5644100904464722,0.046483222395181656
15,13,False,0.0,1,0.81059730052948,0.25574713945388794,0.5643076300621033,0.04706062003970146
15,14,False,0.0,1,0.8091416358947754,0.25619974732398987,0.5656052231788635,0.047765132039785385
15,15,False,0.0,1,0.8077669739723206,0.2571365535259247,0.5664750337600708,0.048818424344062805
15,16,False,0.0,1,0.8070788383483887,0.2582310140132904,0.5675072073936462,0.05010094866156578
15,17,False,0.0,1,0.8056639432907104,0.25968849658966064,0.5688855648040771,0.05112868547439575
15,18,False,0.0,1,0.8049287796020508,0.26046285033226013,0.5690274238586426,0.05168415978550911
15,19,False,0.0,1,0.8034113645553589,0.26145637035369873,0.5692362785339355,0.05293389782309532
15,20,False,0.0,1,0.802001953125,0.2635095417499542,0.5684791207313538,0.05331858992576599
15,21,False,0.0,1,0.8018926382064819,0.2644427716732025,0.5683388113975525,0.05293816328048706
15,22,False,0.0,1,0.8008068799972534,0.2657816708087921,0.5675851106643677,0.05258651822805405
15,23,False,0.0,1,0.8001418709754944,0.267041951417923,0.5662857294082642,0.05190524458885193
15,24,False,0.0,1,0.7996337413787842,0.2682180106639862,0.5652342438697815,0.05079368129372597
15,25,False,0.0,1,0.7993826866149902,0.2688829302787781,0.5653369426727295,0.049925122410058975
15,26,False,0.0,1,0.7988777160644531,0.2694430351257324,0.5640716552734375,0.04964374378323555
15,27,False,0.0,1,0.7990474700927734,0.2691965699195862,0.5624109506607056,0.04933588206768036
15,28,False,0.0,1,0.7993334531784058,0.26888877153396606,0.5609140992164612,0.04818859323859215
15,29,False,0.0,1,0.8004117012023926,0.2677880823612213,0.5607733726501465,0.04776441678404808
15,30,False,0.0,1,0.8011833429336548,0.2668721079826355,0.5610357522964478,0.04764183610677719
15,31,False,0.0,1,0.8021879196166992,0.26604148745536804,0.5587815046310425,0.04711788147687912
15,32,False,0.0,1,0.803049623966217,0.2655455768108368,0.557267427444458,0.04647640883922577
15,33,False,0.0,1,0.8040926456451416,0.2646868824958801,0.5546376705169678,0.04588818550109863
15,34,False,0.0,1,0.8049453496932983,0.2637489140033722,0.5513575077056885,0.045393459498882294
15,35,False,0.0,1,0.8059554696083069,0.2626867890357971,0.5502139925956726,0.04579075798392296
15,36,False,0.0,1,0.80649733543396,0.2617366909980774,0.5498852729797363,0.046041060239076614
15,37,False,0.0,1,0.8078945279121399,0.2612508535385132,0.5439472198486328,0.04525861516594887
15,38,False,0.0,1,0.8069841861724854,0.26146578788757324,0.5379245281219482,0.04563199356198311
15,39,False,0.0,1,0.8062584400177002,0.2618606686592102,0.5356287956237793,0.04642563313245773
15,40,False,0.0,1,0.8058420419692993,0.262070894241333,0.534076452255249,0.046077705919742584
15,41,False,0.0,1,0.8049677610397339,0.26261264085769653,0.5316283702850342,0.04679117351770401
15,42,False,0.0,1,0.804530143737793,0.2627946734428406,0.5309619903564453,0.04718885198235512
15,43,False,0.0,1,0.8043631911277771,0.2628636062145233,0.5297186374664307,0.04710637778043747
15,44,False,0.0,1,0.803226888179779,0.26330211758613586,0.5272636413574219,0.04763016104698181
15,45,False,0.0,1,0.8028385639190674,0.26412102580070496,0.5260814428329468,0.047847479581832886
15,46,False,0.0,1,0.8028013706207275,0.2644270360469818,0.5239689350128174,0.04805593937635422
15,47,False,0.0,1,0.802412748336792,0.26479393243789673,0.5228503942489624,0.048046521842479706
15,48,False,0.0,1,0.8020137548446655,0.26489123702049255,0.5215209722518921,0.0479084812104702
15,49,False,0.0,1,0.8009729385375977,0.2652667164802551,0.5197786688804626,0.047638289630413055
15,50,False,0.0,1,0.7998504638671875,0.2650715708732605,0.5180038213729858,0.0466436892747879
15,51,False,0.0,1,0.799717903137207,0.264526903629303,0.5165845155715942,0.0462365485727787
15,52,False,0.0,1,0.799878716468811,0.2638157904148102,0.5159753561019897,0.0457616001367569
15,53,False,0.0,1,0.8003388047218323,0.2632473111152649,0.5160350799560547,0.045582693070173264
15,54,False,0.0,1,0.8002855181694031,0.26287123560905457,0.5166587829589844,0.044886309653520584
15,55,False,0.0,1,0.8004648685455322,0.26304084062576294,0.5163875818252563,0.044828545302152634
15,56,False,0.0,1,0.8008241653442383,0.2631264626979828,0.515999972820282,0.04509997367858887
15,57,False,0.0,1,0.8011429309844971,0.2631644606590271,0.5164439678192139,0.04496147483587265
15,58,False,0.0,1,0.8012129068374634,0.2632012963294983,0.516243577003479,0.04452236741781235
15,59,False,0.0,1,0.8007593154907227,0.26348522305488586,0.5152791738510132,0.04388528689742088
15,60,False,0.0,1,0.8015561103820801,0.2631567716598511,0.5137845277786255,0.04474101588129997
15,61,False,0.0,1,0.802219569683075,0.2620646059513092,0.5133566856384277,0.045165207237005234
15,62,False,0.0,1,0.8029426336288452,0.2613597512245178,0.5119024515151978,0.04598921909928322
15,63,False,0.0,1,0.8038782477378845,0.2607260048389435,0.5114197731018066,0.04556845501065254
15,64,False,0.0,1,0.80476313829422,0.26026982069015503,0.5107702016830444,0.04549695551395416
15,65,False,0.0,1,0.8050726652145386,0.2597142457962036,0.508577287197113,0.04681292921304703
15,66,False,0.0,1,0.8054453134536743,0.2586543560028076,0.5062379240989685,0.047730181366205215
15,67,False,0.0,1,0.8065526485443115,0.25790712237358093,0.5048552751541138,0.04847725108265877
15,68,False,0.0,1,0.8078685998916626,0.257051944732666,0.5034522414207458,0.04948616027832031
15,69,False,0.0,1,0.8086358308792114,0.25641268491744995,0.5020416378974915,0.05171879753470421
15,70,False,0.0,1,0.8099993467330933,0.2552565336227417,0.5000380277633667,0.0535624697804451
15,71,False,0.0,1,0.8126230239868164,0.2535276710987091,0.5001393556594849,0.05587464198470116
15,72,False,0.0,1,0.8146857023239136,0.25207674503326416,0.5012246370315552,0.05842994153499603
15,73,False,0.0,1,0.8157472610473633,0.25078442692756653,0.5026370286941528,0.06090953201055527
15,74,False,0.0,1,0.815605878829956,0.2507634460926056,0.504472017288208,0.06175025925040245
15,75,False,0.0,1,0.8150886297225952,0.25099068880081177,0.5057516098022461,0.06180693209171295
15,76,False,0.0,1,0.8140114545822144,0.25142136216163635,0.5065953731536865,0.06167120113968849
15,77,False,0.0,1,0.8124097585678101,0.2522551715373993,0.5080289840698242,0.0607646182179451
15,78,False,0.0,1,0.8107995986938477,0.25286948680877686,0.5089232921600342,0.06025303900241852
15,79,False,0.0,1,0.8074425458908081,0.25479310750961304,0.5106227397918701,0.05810799449682236
15,80,False,0.0,1,0.8056713342666626,0.255541056394577,0.5096314549446106,0.05664660036563873
15,81,False,0.0,1,0.8036015033721924,0.2569599747657776,0.5096830129623413,0.05486558750271797
15,82,False,0.0,1,0.8020845651626587,0.2581597864627838,0.5118403434753418,0.0528871975839138
15,83,False,0.0,1,0.8011400103569031,0.25956991314888,0.5132136344909668,0.051576804369688034
15,84,False,0.0,1,0.8001496195793152,0.26033228635787964,0.5126166343688965,0.05020981281995773
15,85,False,0.0,1,0.7998285293579102,0.26132190227508545,0.5125488638877869,0.049299146980047226
15,86,False,0.0,1,0.7996114492416382,0.26177576184272766,0.5135603547096252,0.047294121235609055
15,87,False,0.0,1,0.7988407611846924,0.2634933292865753,0.5154666900634766,0.0453428253531456
15,88,False,0.0,1,0.7973572015762329,0.2646203637123108,0.5132617354393005,0.04323359951376915
15,89,False,0.0,1,0.7967175245285034,0.2654128670692444,0.5107293725013733,0.04148925095796585
15,90,False,0.0,1,0.7963579893112183,0.26625171303749084,0.5098936557769775,0.040779851377010345
15,91,False,0.0,1,0.7959956526756287,0.26645976305007935,0.5087592601776123,0.039690326899290085
15,92,False,0.0,1,0.7962027788162231,0.2663348615169525,0.5069301128387451,0.03804656118154526
15,93,False,0.0,1,0.7975748181343079,0.2666375935077667,0.5075645446777344,0.0369144082069397
15,94,False,0.0,1,0.7973988056182861,0.2672364115715027,0.5087521076202393,0.03650964796543121
15,95,False,0.0,1,0.7966393232345581,0.26768729090690613,0.51067054271698,0.03515848517417908
15,96,False,0.0,1,0.7960329055786133,0.26767218112945557,0.5120671391487122,0.03429163247346878
15,97,False,0.0,1,0.7959023714065552,0.2671700716018677,0.5144399404525757,0.034410372376441956
15,98,False,0.0,1,0.7965155243873596,0.26643699407577515,0.517268180847168,0.03472399711608887
15,99,False,0.0,1,0.7978754043579102,0.2641471028327942,0.520252525806427,0.03484746068716049
15,100,False,0.0,1,0.7981844544410706,0.261766254901886,0.5222190022468567,0.035174109041690826
15,101,False,0.0,1,0.7968336343765259,0.2615543603897095,0.5260494947433472,0.03571553900837898
15,102,False,0.0,1,0.797156035900116,0.26069948077201843,0.5284059047698975,0.036685194820165634
15,103,False,0.0,1,0.7960702180862427,0.2619355022907257,0.5281761884689331,0.038223981857299805
15,104,False,0.0,1,0.7984378337860107,0.26426050066947937,0.5300095081329346,0.039317499846220016
15,105,False,0.0,1,0.7989670038223267,0.2633322775363922,0.5310115218162537,0.04103180021047592
15,106,False,0.0,1,0.7993019223213196,0.2634493410587311,0.5333377718925476,0.0419122688472271
15,107,False,0.0,1,0.7987127900123596,0.26352256536483765,0.535653829574585,0.042464349418878555
15,108,False,0.0,1,0.7985873818397522,0.26419419050216675,0.5373603701591492,0.04269571602344513
15,109,False,0.0,1,0.7980722784996033,0.26433637738227844,0.5385936498641968,0.04306178539991379
15,110,False,0.0,1,0.7978321313858032,0.2640584707260132,0.5400869846343994,0.043375127017498016
15,111,False,0.0,1,0.7978205680847168,0.26387450098991394,0.5408143997192383,0.0431768037378788
15,112,False,0.0,1,0.79803866147995,0.2633216083049774,0.5405522584915161,0.042884696274995804
15,113,False,0.0,1,0.7976337671279907,0.2633795440196991,0.5418251752853394,0.042850393801927567
15,114,False,0.0,1,0.7992705702781677,0.26336565613746643,0.5450188517570496,0.04335497319698334
15,115,False,0.0,1,0.8018009066581726,0.2620505094528198,0.5515901446342468,0.0452849306166172
15,116,False,0.0,1,0.8029525279998779,0.26183491945266724,0.5601611137390137,0.04900346323847771
15,117,False,0.0,1,0.8039900064468384,0.2619306147098541,0.5645102262496948,0.050766799598932266
15,118,False,0.0,1,0.8048365712165833,0.2626146376132965,0.5656496286392212,0.0502593070268631
15,119,False,0.0,1,0.8054503202438354,0.2626146972179413,0.5659111738204956,0.049548931419849396
15,120,False,0.0,1,0.8058057427406311,0.2622322142124176,0.5663824677467346,0.048872243613004684
15,121,False,0.0,1,0.8063610196113586,0.26211684942245483,0.5677341222763062,0.048613615334033966
15,122,False,0.0,1,0.8067758083343506,0.2620422840118408,0.5678718090057373,0.048446472734212875
16,0,False,0.0,0,0.7394458055496216,0.1832263171672821,0.5372036695480347,0.03893221914768219
16,1,False,0.0,1,0.8205464482307434,0.2513526380062103,0.5576347708702087,0.04492571949958801
16,2,False,0.0,1,0.8207290172576904,0.2511386573314667,0.5583499073982239,0.04503566026687622
16,3,False,0.0,1,0.8212828636169434,0.25046467781066895,0.5598158836364746,0.04537629708647728
16,4,False,0.0,1,0.8218643069267273,0.2502121031284332,0.5611116886138916,0.04519861564040184
16,5,False,0.0,1,0.8212665319442749,0.2504998445510864,0.5627462267875671,0.044860903173685074
16,6,False,0.0,1,0.8206415772438049,0.2510485351085663,0.5640883445739746,0.04468506947159767
16,7,False,0.0,1,0.8193480968475342,0.2522697150707245,0.5651179552078247,0.04427025094628334
16,8,False,0.0,1,0.8174001574516296,0.2534392476081848,0.5666821002960205,0.043891388922929764
16,9,False,0.0,1,0.8159531354904175,0.25425660610198975,0.5689057111740112,0.044395413249731064
16,10,False,0.0,1,0.8133335113525391,0.25582221150398254,0.5699512362480164,0.045240458101034164
16,11,False,0.0,1,0.8114317655563354,0.2568522095680237,0.569733738899231,0.04570182412862778
16,12,False,0.0,1,0.8102380037307739,0.2580665349960327,0.5704932808876038,0.046354036778211594
16,13,False,0.0,1,0.809431254863739,0.25940877199172974,0.5716333389282227,0.04823492467403412
16,14,False,0.0,1,0.8076604604721069,0.2609803080558777,0.5730413198471069,0.05088196322321892
16,15,False,0.0,1,0.8056530952453613,0.26179102063179016,0.5741249918937683,0.05297406017780304
16,16,False,0.0,1,0.8039313554763794,0.26319098472595215,0.5731276273727417,0.054108843207359314
16,17,False,0.0,1,0.8033958673477173,0.26424744725227356,0.5703904628753662,0.05413682386279106
16,18,False,0.0,1,0.8022186756134033,0.2657662630081177,0.5693637132644653,0.0540703646838665
16,19,False,0.0,1,0.8015249967575073,0.2670702040195465,0.5672044157981873,0.054153699427843094
16,20,False,0.0,1,0.8005872964859009,0.2673008441925049,0.5650947690010071,0.05342014133930206
16,21,False,0.0,1,0.7997904419898987,0.26813092827796936,0.5642575621604919,0.05259161815047264
16,22,False,0.0,1,0.7987937331199646,0.26891452074050903,0.5618863701820374,0.05142593756318092
16,23,False,0.0,1,0.7984017133712769,0.26976534724235535,0.5596969127655029,0.05070893093943596
16,24,False,0.0,1,0.7984907627105713,0.26959025859832764,0.5588912963867188,0.04963429272174835
16,25,False,0.0,1,0.7982299327850342,0.2697010040283203,0.5581971406936646,0.049266114830970764
16,26,False,0.0,1,0.7983013391494751,0.26926079392433167,0.5557035207748413,0.048217397183179855
16,27,False,0.0,1,0.7992609143257141,0.2688106298446655,0.5545905828475952,0.04782315343618393
16,28,False,0.0,1,0.7991337180137634,0.26858046650886536,0.5521270632743835,0.047209881246089935
16,29,False,0.0,1,0.7990586161613464,0.2675088942050934,0.5506672263145447,0.04631214588880539
16,30,False,0.0,1,0.7990780472755432,0.2659618556499481,0.5488542914390564,0.046174172312021255
16,31,False,0.0,1,0.7991611957550049,0.2648296654224396,0.5458245277404785,0.0459500215947628
16,32,False,0.0,1,0.7994433641433716,0.2642587721347809,0.544329047203064,0.04652182012796402
16,33,False,0.0,1,0.79957115650177,0.26482442021369934,0.5403909683227539,0.04690619930624962
16,34,False,0.0,1,0.7997318506240845,0.26505616307258606,0.5382863283157349,0.04698111116886139
16,35,False,0.0,1,0.8012791872024536,0.26537948846817017,0.5394350290298462,0.046802401542663574
16,36,False,0.0,1,0.8023041486740112,0.2654303312301636,0.5375834703445435,0.04646657407283783
16,37,False,0.0,1,0.8023207187652588,0.2653470039367676,0.5352488160133362,0.04680146649479866
16,38,False,0.0,1,0.8020908832550049,0.2658764123916626,0.5329816341400146,0.047583501785993576
16,39,False,0.0,1,0.8005956411361694,0.2663714587688446,0.5294647812843323,0.048750218003988266
16,40,False,0.0,1,0.7996547818183899,0.26677700877189636,0.5280223488807678,0.04952176287770271
16,41,False,0.0,1,0.7987935543060303,0.26691535115242004,0.5242271423339844,0.050179701298475266
16,42,False,0.0,1,0.7987414598464966,0.2661045491695404,0.5210257768630981,0.05008244141936302
16,43,False,0.0,1,0.7985172271728516,0.2652837038040161,0.5196233987808228,0.050119467079639435
16,44,False,0.0,1,0.7986971139907837,0.26487842202186584,0.5175647139549255,0.050015442073345184
16,45,False,0.0,1,0.7987085580825806,0.2641029357910156,0.5166956782341003,0.04983745515346527
16,46,False,0.0,1,0.8002598881721497,0.2629260718822479,0.5168681740760803,0.04960574954748154
16,47,False,0.0,1,0.801520586013794,0.26240167021751404,0.5174798965454102,0.048960503190755844
16,48,False,0.0,1,0.8042980432510376,0.2613295018672943,0.5178704261779785,0.048972513526678085
16,49,False,0.0,1,0.8059418797492981,0.2598097622394562,0.5174453258514404,0.04963640496134758
16,50,False,0.0,1,0.8074718117713928,0.2586427628993988,0.5157322883605957,0.05002763494849205
16,51,False,0.0,1,0.8083573579788208,0.25740134716033936,0.5146897435188293,0.049711428582668304
16,52,False,0.0,1,0.8096060752868652,0.25637203454971313,0.5133026838302612,0.05019321292638779
16,53,False,0.0,1,0.8108079433441162,0.25613901019096375,0.5134705901145935,0.051668185740709305
16,54,False,0.0,1,0.8114714622497559,0.2556491494178772,0.5133600831031799,0.05224740132689476
16,55,False,0.0,1,0.8122113347053528,0.2550220787525177,0.5125159025192261,0.05344695225358009
16,56,False,0.0,1,0.8127064108848572,0.2547883093357086,0.5128138065338135,0.05440164729952812
16,57,False,0.0,1,0.813507080078125,0.25426286458969116,0.5124240517616272,0.054682377725839615
16,58,False,0.0,1,0.8135234713554382,0.2539510428905487,0.5130559802055359,0.055659934878349304
16,59,False,0.0,1,0.814764678478241,0.2532918453216553,0.5130454897880554,0.05711407586932182
16,60,False,0.0,1,0.8164075613021851,0.2524585723876953,0.5133004188537598,0.058367468416690826
16,61,False,0.0,1,0.818325936794281,0.2519986927509308,0.5138964653015137,0.05935266613960266
16,62,False,0.0,1,0.8190667033195496,0.2523341774940491,0.5131583213806152,0.05955258384346962
16,63,False,0.0,1,0.8192049264907837,0.25255322456359863,0.5122764110565186,0.05944730341434479
16,64,False,0.0,1,0.8190012574195862,0.2531657814979553,0.5122953653335571,0.059616994112730026
16,65,False,0.0,1,0.8181123733520508,0.2535765469074249,0.5134384632110596,0.06032833829522133
16,66,False,0.0,1,0.81695157289505,0.2542673647403717,0.513640284538269,0.06110697612166405
16,67,False,0.0,1,0.8156848549842834,0.25495216250419617,0.5135661363601685,0.06167936697602272
16,68,False,0.0,1,0.814982533454895,0.25588956475257874,0.5134183168411255,0.061003878712654114
16,69,False,0.0,1,0.8133598566055298,0.256767600774765,0.5147037506103516,0.05935259908437729
16,70,False,0.0,1,0.8119280338287354,0.25806206464767456,0.5160304307937622,0.05747286230325699
16,71,False,0.0,1,0.8097484111785889,0.25951892137527466,0.5184366703033447,0.05443468317389488
16,72,False,0.0,1,0.8084385395050049,0.2603152096271515,0.519987165927887,0.05227234959602356
16,73,False,0.0,1,0.8072496652603149,0.2617506682872772,0.5216843485832214,0.04987960681319237
16,74,False,0.0,1,0.8063032627105713,0.263262540102005,0.5232728719711304,0.04848483204841614
16,75,False,0.0,1,0.8055498003959656,0.26415321230888367,0.5242347717285156,0.04651391878724098
16,76,False,0.0,1,0.8047035932540894,0.2649078071117401,0.5267925262451172,0.04487944766879082
16,77,False,0.0,1,0.801570475101471,0.26702365279197693,0.5254727602005005,0.04351561889052391
16,78,False,0.0,1,0.8011434078216553,0.2675701081752777,0.5258490443229675,0.04228049889206886
16,79,False,0.0,1,0.8002961277961731,0.26892390847206116,0.52586430311203,0.04164111614227295
16,80,False,0.0,1,0.7975672483444214,0.27076980471611023,0.5251434445381165,0.0417858250439167
16,81,False,0.0,1,0.7949262857437134,0.2721235454082489,0.5221390128135681,0.04055868834257126
16,82,False,0.0,1,0.7943791747093201,0.27231910824775696,0.5211677551269531,0.03959609940648079
16,83,False,0.0,1,0.7945207357406616,0.272029846906662,0.5216979384422302,0.03875339776277542
16,84,False,0.0,1,0.7946888208389282,0.2720402777194977,0.5203953981399536,0.037423230707645416
16,85,False,0.0,1,0.7946995496749878,0.27194297313690186,0.5222407579421997,0.03848887234926224
16,86,False,0.0,1,0.7947527170181274,0.27228450775146484,0.5227503776550293,0.03836531937122345
16,87,False,0.0,1,0.7947461009025574,0.2727067768573761,0.5237153768539429,0.038732144981622696
16,88,False,0.0,1,0.7953102588653564,0.27226918935775757,0.52455073595047,0.03897259384393692
16,89,False,0.0,1,0.795833170413971,0.27181538939476013,0.525268018245697,0.03927124664187431
16,90,False,0.0,1,0.7964962720870972,0.2708548605442047,0.5249933004379272,0.03866829723119736
16,91,False,0.0,1,0.7977339625358582,0.26924020051956177,0.5239288806915283,0.038667988032102585
16,92,False,0.0,1,0.7994323968887329,0.2681737542152405,0.5222095251083374,0.03881804645061493
16,93,False,0.0,1,0.8002934455871582,0.2668359577655792,0.5235122442245483,0.03901684284210205
16,94,False,0.0,1,0.800491988658905,0.26512667536735535,0.5248399972915649,0.03888203948736191
16,95,False,0.0,1,0.8000569343566895,0.2643106281757355,0.5271577835083008,0.03939860686659813
16,96,False,0.0,1,0.7990610599517822,0.2636471390724182,0.5282160639762878,0.03919117897748947
16,97,False,0.0,1,0.7979904413223267,0.26292309165000916,0.5294604897499084,0.03929595649242401
16,98,False,0.0,1,0.7968306541442871,0.2624935507774353,0.531880259513855,0.03939305245876312
16,99,False,0.0,1,0.7963420748710632,0.262063592672348,0.5382651090621948,0.04206981137394905
16,100,False,0.0,1,0.7983403205871582,0.26298585534095764,0.5429595708847046,0.04312510043382645
16,101,False,0.0,1,0.7997862100601196,0.26380255818367004,0.5445941686630249,0.04319491609930992
16,102,False,0.0,1,0.7998902797698975,0.26434826850891113,0.5488404035568237,0.04376048222184181
16,103,False,0.0,1,0.8001644015312195,0.2644014060497284,0.5513511896133423,0.044183339923620224
16,104,False,0.0,1,0.8005324602127075,0.2644599378108978,0.5541961193084717,0.04485949128866196
16,105,False,0.0,1,0.8009932637214661,0.26449644565582275,0.5552928447723389,0.044754136353731155
16,106,False,0.0,1,0.8012257218360901,0.26435035467147827,0.5556427240371704,0.04447799175977707
16,107,False,0.0,1,0.8013936877250671,0.26427945494651794,0.5557506680488586,0.04440787807106972
16,108,False,0.0,1,0.8016358613967896,0.26436951756477356,0.5541276931762695,0.04359636828303337
16,109,False,0.0,1,0.8016633987426758,0.2642490565776825,0.5556963682174683,0.04346313327550888
16,110,False,0.0,1,0.8015959858894348,0.2636617124080658,0.5572000741958618,0.043726708739995956
16,111,False,0.0,1,0.8013011813163757,0.26308053731918335,0.55754554271698,0.04315118119120598
16,112,False,0.0,1,0.8015937805175781,0.26263466477394104,0.5589719414710999,0.04271146282553673
17,0,False,0.0,0,0.7048628330230713,0.179118350148201,0.5346490144729614,0.039980579167604446
17,1,False,0.0,1,0.8181827068328857,0.24795274436473846,0.5549213886260986,0.046421799808740616
17,2,False,0.0,1,0.8185030817985535,0.24792681634426117,0.5566405057907104,0.047025393694639206
17,3,False,0.0,1,0.8189632296562195,0.2477823793888092,0.5568886995315552,0.04728112369775772
17,4,False,0.0,1,0.81908118724823,0.24801331758499146,0.5567167401313782,0.047957148402929306
17,5,False,0.0,1,0.8198639154434204,0.2478047013282776,0.5555036067962646,0.04804055020213127
17,6,False,0.0,1,0.8206411004066467,0.24734444916248322,0.5540149807929993,0.048203423619270325
17,7,False,0.0,1,0.823578953742981,0.24636103212833405,0.5533348321914673,0.04962744936347008
17,8,False,0.0,1,0.8248712420463562,0.2461330145597458,0.5530596971511841,0.04971925541758537
17,9,False,0.0,1,0.8256994485855103,0.2456599324941635,0.553022027015686,0.050473712384700775
17,10,False,0.0,1,0.8264541625976562,0.24508623778820038,0.5515487194061279,0.051748186349868774
17,11,False,0.0,1,0.8265272378921509,0.24500875174999237,0.5525521039962769,0.05217218026518822
17,12,False,0.0,1,0.8263949155807495,0.2448042780160904,0.5520355701446533,0.05263545364141464
17,13,False,0.0,1,0.8270366191864014,0.2447022944688797,0.551397442817688,0.05376085266470909
17,14,False,0.0,1,0.8269475698471069,0.24462756514549255,0.5518563985824585,0.05423932150006294
17,15,False,0.0,1,0.8274041414260864,0.24463286995887756,0.5508169531822205,0.054302822798490524
17,16,False,0.0,1,0.8262786865234375,0.24500246345996857,0.5502387285232544,0.05414431542158127
17,17,False,0.0,1,0.8256326913833618,0.2448805719614029,0.5507701635360718,0.053813908249139786
17,18,False,0.0,1,0.8257293701171875,0.2451869249343872,0.5508949756622314,0.052928946912288666
17,19,False,0.0,1,0.8259305953979492,0.24560272693634033,0.5510138869285583,0.052394259721040726
17,20,False,0.0,1,0.8253911733627319,0.24554060399532318,0.553604245185852,0.051902513951063156
17,21,False,0.0,1,0.8249752521514893,0.2460993379354477,0.5553932189941406,0.051919423043727875
17,22,False,0.0,1,0.8243499994277954,0.24666161835193634,0.5571349859237671,0.051462139934301376
17,23,False,0.0,1,0.8224697113037109,0.24748654663562775,0.5590000152587891,0.05121928080916405
17,24,False,0.0,1,0.8210437297821045,0.24783684313297272,0.5614626407623291,0.05081293731927872
17,25,False,0.0,1,0.8203444480895996,0.2484382688999176,0.5632859468460083,0.050552673637866974
17,26,False,0.0,1,0.8199368715286255,0.24954135715961456,0.5651203989982605,0.05040117725729942
17,27,False,0.0,1,0.8186280727386475,0.2511005103588104,0.5675329566001892,0.05054371803998947
17,28,False,0.0,1,0.8166868686676025,0.25289401412010193,0.5684876441955566,0.049998946487903595
17,29,False,0.0,1,0.8152574896812439,0.25462573766708374,0.569421648979187,0.04975002631545067
17,30,False,0.0,1,0.8141357898712158,0.2557474970817566,0.570285439491272,0.04922002926468849
17,31,False,0.0,1,0.8124139308929443,0.2564818263053894,0.570468544960022,0.049604497849941254
17,32,False,0.0,1,0.8113527297973633,0.25801441073417664,0.5714769959449768,0.049674395471811295
17,33,False,0.0,1,0.8092590570449829,0.2595137655735016,0.5721720457077026,0.05140763148665428
17,34,False,0.0,1,0.8076026439666748,0.2603056728839874,0.5703641176223755,0.05239475518465042
17,35,False,0.0,1,0.8058943748474121,0.2615930438041687,0.5684101581573486,0.0522279292345047
17,36,False,0.0,1,0.8048087358474731,0.26257526874542236,0.5677147507667542,0.052098166197538376
17,37,False,0.0,1,0.8035680055618286,0.26360753178596497,0.5659649968147278,0.0521211214363575
17,38,False,0.0,1,0.8023788928985596,0.26504969596862793,0.5640736818313599,0.0519181564450264
17,39,False,0.0,1,0.8007601499557495,0.26785457134246826,0.5626167058944702,0.052259840071201324
17,40,False,0.0,1,0.7999687194824219,0.26869380474090576,0.5605952739715576,0.05174573138356209
17,41,False,0.0,1,0.7992635369300842,0.2697821855545044,0.5571575164794922,0.05107792466878891
17,42,False,0.0,1,0.7986654043197632,0.2700502574443817,0.5536332130432129,0.05027848854660988
17,43,False,0.0,1,0.798456072807312,0.26930999755859375,0.5477652549743652,0.048035163432359695
17,44,False,0.0,1,0.7979255318641663,0.26891493797302246,0.5449501276016235,0.0466339997947216
17,45,False,0.0,1,0.7976279854774475,0.2681865096092224,0.5440440773963928,0.04594923183321953
17,46,False,0.0,1,0.7985376119613647,0.2662964463233948,0.5406085848808289,0.044813137501478195
17,47,False,0.0,1,0.7987400889396667,0.26553675532341003,0.5388104915618896,0.043990153819322586
17,48,False,0.0,1,0.8019819259643555,0.26444780826568604,0.535024881362915,0.044772081077098846
17,49,False,0.0,1,0.8031525611877441,0.26429280638694763,0.5289603471755981,0.04292247071862221
17,50,False,0.0,1,0.8027116060256958,0.2649431824684143,0.5268630981445312,0.04343792423605919
17,51,False,0.0,1,0.8025959730148315,0.26533082127571106,0.5245218276977539,0.043550774455070496
17,52,False,0.0,1,0.802629828453064,0.265475332736969,0.5224676728248596,0.04351504519581795
17,53,False,0.0,1,0.8032242059707642,0.2655312418937683,0.5197216272354126,0.04323152080178261
17,54,False,0.0,1,0.8036154508590698,0.26615339517593384,0.5155781507492065,0.043006155639886856
17,55,False,0.0,1,0.8033885955810547,0.26672327518463135,0.5119826793670654,0.04326660931110382
17,56,False,0.0,1,0.8026227355003357,0.26787224411964417,0.508072018623352,0.04469950124621391
17,57,False,0.0,1,0.801933765411377,0.26814836263656616,0.5046374797821045,0.04585014283657074
17,58,False,0.0,1,0.8021479845046997,0.26812878251075745,0.501700222492218,0.04658101871609688
17,59,False,0.0,1,0.8010995388031006,0.26838386058807373,0.5015617609024048,0.0479627326130867
17,60,False,0.0,1,0.8008784055709839,0.26771819591522217,0.49944716691970825,0.04926009848713875
17,61,False,0.0,1,0.8010470867156982,0.267650842666626,0.49887406826019287,0.04921175539493561
17,62,False,0.0,1,0.8004915118217468,0.2678619623184204,0.4985501766204834,0.049353454262018204
17,63,False,0.0,1,0.8003411293029785,0.2681674361228943,0.4987671673297882,0.04957612603902817
17,64,False,0.0,1,0.8006612658500671,0.26736125349998474,0.49842146039009094,0.05028499290347099
17,65,False,0.0,1,0.8010733723640442,0.2669573128223419,0.49809378385543823,0.050861380994319916
17,66,False,0.0,1,0.8010559678077698,0.2668933570384979,0.49791836738586426,0.05026119202375412
17,67,False,0.0,1,0.8011418581008911,0.26570528745651245,0.49676424264907837,0.050837501883506775
17,68,False,0.0,1,0.8018022179603577,0.26469886302948,0.4968840479850769,0.050612110644578934
17,69,False,0.0,1,0.8021262884140015,0.26498693227767944,0.49637797474861145,0.05263645574450493
17,70,False,0.0,1,0.8023468852043152,0.26488006114959717,0.49430346488952637,0.05442475527524948
17,71,False,0.0,1,0.8025070428848267,0.26521608233451843,0.4955376982688904,0.05452698469161987
17,72,False,0.0,1,0.8034020066261292,0.26509368419647217,0.49629801511764526,0.05515358969569206
17,73,False,0.0,1,0.8040523529052734,0.2644050419330597,0.49822911620140076,0.05597180128097534
17,74,False,0.0,1,0.8051524758338928,0.263727605342865,0.5000470876693726,0.05615783855319023
17,75,False,0.0,1,0.8062396049499512,0.2632988691329956,0.5013231635093689,0.05523307994008064
17,76,False,0.0,1,0.8077178597450256,0.2626248002052307,0.5036445260047913,0.054119933396577835
17,77,False,0.0,1,0.808765709400177,0.26198312640190125,0.5064717531204224,0.05479123443365097
17,78,False,0.0,1,0.8088759183883667,0.2617846429347992,0.5084428787231445,0.05491916090250015
17,79,False,0.0,1,0.8091865181922913,0.26151055097579956,0.5100054740905762,0.05432441830635071
17,80,False,0.0,1,0.809105634689331,0.2614831328392029,0.5114782452583313,0.05482299625873566
17,81,False,0.0,1,0.8090445399284363,0.26165297627449036,0.5137530565261841,0.05454244464635849
17,82,False,0.0,1,0.8089330196380615,0.2616894245147705,0.5152697563171387,0.05520405247807503
17,83,False,0.0,1,0.8096761107444763,0.2610991895198822,0.517308235168457,0.05777490884065628
17,84,False,0.0,1,0.8094081878662109,0.2613692283630371,0.5190560817718506,0.05885160714387894
17,85,False,0.0,1,0.8090878129005432,0.2613397538661957,0.5205508470535278,0.06011134758591652
17,86,False,0.0,1,0.8089001774787903,0.26118725538253784,0.5217905044555664,0.060870978981256485
17,87,False,0.0,1,0.8087983727455139,0.26136186718940735,0.5240054130554199,0.06064401566982269
17,88,False,0.0,1,0.808763861656189,0.26048949360847473,0.524917483329773,0.06137490272521973
17,89,False,0.0,1,0.8088579177856445,0.26022082567214966,0.527660608291626,0.061922311782836914
17,90,False,0.0,1,0.8086922764778137,0.26093897223472595,0.5296447277069092,0.06207393482327461
17,91,False,0.0,1,0.8080393075942993,0.2618212103843689,0.5317694544792175,0.062237005680799484
17,92,False,0.0,1,0.8071720600128174,0.26211977005004883,0.5314372777938843,0.06189938634634018
17,93,False,0.0,1,0.8067947626113892,0.2623898684978485,0.5327020287513733,0.06112494692206383
17,94,False,0.0,1,0.806044340133667,0.26290351152420044,0.5339066982269287,0.0605907179415226
17,95,False,0.0,1,0.8056068420410156,0.2632746696472168,0.5331554412841797,0.058532025665044785
17,96,False,0.0,1,0.8058615922927856,0.262857049703598,0.5337187647819519,0.05823193117976189
17,97,False,0.0,1,0.8058785796165466,0.26303496956825256,0.5343916416168213,0.05675717815756798
17,98,False,0.0,1,0.8050039410591125,0.2634180784225464,0.5327228307723999,0.05485675483942032
17,99,False,0.0,1,0.8045724630355835,0.264059841632843,0.5321152210235596,0.05349614843726158
17,100,False,0.0,1,0.8044275641441345,0.26461389660835266,0.5317925214767456,0.05263640731573105
17,101,False,0.0,1,0.803912878036499,0.2644606828689575,0.5311160087585449,0.051018472760915756
17,102,False,0.0,1,0.8034303188323975,0.2647002637386322,0.5306049585342407,0.04954032227396965
17,103,False,0.0,1,0.8029298186302185,0.2653498351573944,0.5273106694221497,0.047180816531181335
17,104,False,0.0,1,0.802958071231842,0.2652830481529236,0.5285916328430176,0.04551801458001137
17,105,False,0.0,1,0.8028740286827087,0.265682190656662,0.529217541217804,0.04291824623942375
17,106,False,0.0,1,0.8016135692596436,0.26643040776252747,0.5293864011764526,0.04177916795015335
17,107,False,0.0,1,0.8006498217582703,0.26710057258605957,0.5306743383407593,0.03993497043848038
17,108,False,0.0,1,0.8011809587478638,0.2673737704753876,0.529024600982666,0.03994167223572731
17,109,False,0.0,1,0.8016070127487183,0.2683480381965637,0.5292705297470093,0.03920697048306465
17,110,False,0.0,1,0.8007723093032837,0.26853352785110474,0.5284317135810852,0.03900808468461037
17,111,False,0.0,1,0.8011102080345154,0.26863640546798706,0.5286229848861694,0.039524804800748825
17,112,False,0.0,1,0.8008322715759277,0.2681634724140167,0.5267548561096191,0.03933080658316612
17,113,False,0.0,1,0.8008683919906616,0.26744115352630615,0.5263859629631042,0.03928140178322792
17,114,False,0.0,1,0.8009136915206909,0.266789048910141,0.5252991318702698,0.039106134325265884
17,115,False,0.0,1,0.8012863397598267,0.26656174659729004,0.5268704891204834,0.0393068753182888
17,116,False,0.0,1,0.802330493927002,0.265627384185791,0.529710054397583,0.039538249373435974
17,117,False,0.0,1,0.802947998046875,0.264701247215271,0.5329513549804688,0.04010149836540222
17,118,False,0.0,1,0.8034648895263672,0.2643505930900574,0.5371031761169434,0.04008067771792412
17,119,False,0.0,1,0.8033335208892822,0.26431235671043396,0.5405167937278748,0.04058258235454559
17,120,False,0.0,1,0.803056001663208,0.26437997817993164,0.5419420599937439,0.04131699353456497
17,121,False,0.0,1,0.8025219440460205,0.2642003297805786,0.5431586503982544,0.0417708158493042
17,122,False,0.0,1,0.8023770451545715,0.26404649019241333,0.5438882112503052,0.04241696372628212
17,123,False,0.0,1,0.8037441372871399,0.2646571099758148,0.5476943254470825,0.04367642477154732
17,124,False,0.0,1,0.8044695258140564,0.2657189965248108,0.5566454529762268,0.04625251144170761
17,125,False,0.0,1,0.8047695755958557,0.26551368832588196,0.5578041076660156,0.04667487367987633
17,126,False,0.0,1,0.8053559064865112,0.2652435600757599,0.5579058527946472,0.04655756056308746
17,127,False,0.0,1,0.8055820465087891,0.2642582356929779,0.5604129433631897,0.04754384607076645
17,128,False,0.0,1,0.8059209585189819,0.2634122967720032,0.5619012117385864,0.04797916114330292
17,129,False,0.0,1,0.8063259720802307,0.2624938189983368,0.5634660720825195,0.04824138432741165
17,130,False,0.0,1,0.8062988519668579,0.26191043853759766,0.5639940500259399,0.04859364032745361
17,131,False,0.0,1,0.80560302734375,0.26104387640953064,0.5650022029876709,0.04853729531168938
17,132,False,0.0,1,0.805252194404602,0.2607380151748657,0.5644391775131226,0.04806921258568764
18,0,False,0.0,0,0.7071232795715332,0.16934098303318024,0.5327790975570679,0.042083729058504105
18,1,False,0.0,1,0.8215674757957458,0.24779611825942993,0.5531270503997803,0.048248857259750366
18,2,False,0.0,1,0.8221865892410278,0.24747313559055328,0.5534652471542358,0.04869671165943146
18,3,False,0.0,1,0.8235348463058472,0.24653245508670807,0.5549407005310059,0.04979832470417023
18,4,False,0.0,1,0.8242520093917847,0.2460150271654129,0.5560375452041626,0.050493024289608
18,5,False,0.0,1,0.8241878747940063,0.24590036273002625,0.5556867122650146,0.05040030553936958
18,6,False,0.0,1,0.8239741325378418,0.24600154161453247,0.5553805828094482,0.050248488783836365
18,7,False,0.0,1,0.824175238609314,0.24596630036830902,0.5549991130828857,0.05040464550256729
18,8,False,0.0,1,0.8248437643051147,0.24601902067661285,0.5538161993026733,0.05079270899295807
18,9,False,0.0,1,0.8248205780982971,0.24609367549419403,0.5532997250556946,0.051097698509693146
18,10,False,0.0,1,0.8252333402633667,0.2460229992866516,0.5528609752655029,0.051628224551677704
18,11,False,0.0,1,0.8253138661384583,0.24639153480529785,0.551655650138855,0.05173947662115097
18,12,False,0.0,1,0.8257466554641724,0.2464596927165985,0.5524307489395142,0.052373938262462616
18,13,False,0.0,1,0.8259240388870239,0.24638809263706207,0.5505474805831909,0.05218737944960594
18,14,False,0.0,1,0.8251633644104004,0.24693113565444946,0.5489472150802612,0.05261947214603424
18,15,False,0.0,1,0.8244574069976807,0.24666854739189148,0.5485279560089111,0.05272206664085388
18,16,False,0.0,1,0.8244384527206421,0.24717727303504944,0.5485494136810303,0.053011197596788406
18,17,False,0.0,1,0.8247566819190979,0.2470921277999878,0.5496494770050049,0.053484704345464706
18,18,False,0.0,1,0.8250771760940552,0.24712449312210083,0.5497437119483948,0.053393345326185226
18,19,False,0.0,1,0.8233098983764648,0.24824127554893494,0.5506960153579712,0.05322173982858658
18,20,False,0.0,1,0.8232234716415405,0.24851199984550476,0.5522544980049133,0.05346311256289482
18,21,False,0.0,1,0.8229678869247437,0.24878358840942383,0.5538837909698486,0.0536191388964653
18,22,False,0.0,1,0.8218733072280884,0.24924790859222412,0.554332435131073,0.053431157022714615
18,23,False,0.0,1,0.8215399980545044,0.2491201013326645,0.5548375248908997,0.05344315245747566
18,24,False,0.0,1,0.820894718170166,0.2499527633190155,0.5576192140579224,0.05345131456851959
18,25,False,0.0,1,0.8198650479316711,0.2505926191806793,0.560510516166687,0.05348270758986473
18,26,False,0.0,1,0.8198086023330688,0.25085195899009705,0.5633547306060791,0.05346725881099701
18,27,False,0.0,1,0.8195736408233643,0.25093570351600647,0.5666086673736572,0.053067900240421295
18,28,False,0.0,1,0.819322407245636,0.25111421942710876,0.5686928033828735,0.05288855358958244
18,29,False,0.0,1,0.8176964521408081,0.2516185939311981,0.5706372857093811,0.05302489921450615
18,30,False,0.0,1,0.8158031105995178,0.252250611782074,0.5732157230377197,0.05334331840276718
18,31,False,0.0,1,0.8149176836013794,0.25313183665275574,0.5749633312225342,0.0537363737821579
18,32,False,0.0,1,0.8134815692901611,0.25359517335891724,0.5745927095413208,0.05364083871245384
18,33,False,0.0,1,0.8116596937179565,0.2549462914466858,0.5750654339790344,0.05460985377430916
18,34,False,0.0,1,0.8087509870529175,0.25785455107688904,0.5726832151412964,0.05506286025047302
18,35,False,0.0,1,0.8079726696014404,0.26028570532798767,0.5693866014480591,0.054830003529787064
18,36,False,0.0,1,0.806932270526886,0.2623157799243927,0.5675234794616699,0.05465816706418991
18,37,False,0.0,1,0.8042325973510742,0.26506879925727844,0.563433051109314,0.054243165999650955
18,38,False,0.0,1,0.8015549182891846,0.268683522939682,0.5599857568740845,0.05394555628299713
18,39,False,0.0,1,0.8000648021697998,0.27051568031311035,0.5565022230148315,0.05212991684675217
18,40,False,0.0,1,0.798454761505127,0.2716624140739441,0.5510854721069336,0.05004512891173363
18,41,False,0.0,1,0.7972137331962585,0.2728058397769928,0.5471483469009399,0.04899142310023308
18,42,False,0.0,1,0.7956307530403137,0.27335911989212036,0.5456386208534241,0.04888405650854111
18,43,False,0.0,1,0.7940554618835449,0.27303364872932434,0.5449177622795105,0.04908038675785065
18,44,False,0.0,1,0.793727457523346,0.27283233404159546,0.540360689163208,0.048172350972890854
18,45,False,0.0,1,0.7940081357955933,0.27238166332244873,0.534197211265564,0.0468229204416275
18,46,False,0.0,1,0.7944135665893555,0.2717961370944977,0.5305473804473877,0.04710681363940239
18,47,False,0.0,1,0.7953892946243286,0.27052485942840576,0.5257837772369385,0.04664115607738495
18,48,False,0.0,1,0.7965666055679321,0.2687608301639557,0.5222060084342957,0.0469505749642849
18,49,False,0.0,1,0.7979593276977539,0.267581582069397,0.5206159353256226,0.047874145209789276
18,50,False,0.0,1,0.79925537109375,0.26667195558547974,0.5184308886528015,0.049158740788698196
18,51,False,0.0,1,0.7999696731567383,0.2667979896068573,0.5159741640090942,0.05011292174458504
18,52,False,0.0,1,0.8004087805747986,0.2672305107116699,0.5124431848526001,0.05087282881140709
18,53,False,0.0,1,0.8009649515151978,0.26759931445121765,0.5093210935592651,0.05111457407474518
18,54,False,0.0,1,0.8002815246582031,0.26820096373558044,0.5064135789871216,0.0513269379734993
18,55,False,0.0,1,0.8001508116722107,0.2677229940891266,0.5032511353492737,0.051754456013441086
18,56,False,0.0,1,0.8001281023025513,0.2675882875919342,0.5007898807525635,0.0524383969604969
18,57,False,0.0,1,0.8016626834869385,0.26668238639831543,0.49890413880348206,0.05259348824620247
18,58,False,0.0,1,0.8028894662857056,0.26594361662864685,0.4969622790813446,0.05304387956857681
18,59,False,0.0,1,0.8043912649154663,0.26469793915748596,0.49579015374183655,0.053742121905088425
18,60,False,0.0,1,0.8053721785545349,0.264524906873703,0.496264785528183,0.054269939661026
18,61,False,0.0,1,0.8055229783058167,0.2647683918476105,0.49624618887901306,0.05458429828286171
18,62,False,0.0,1,0.8055895566940308,0.2648978531360626,0.4962023198604584,0.055495817214250565
18,63,False,0.0,1,0.8054718971252441,0.26507776975631714,0.49693867564201355,0.056600723415613174
18,64,False,0.0,1,0.8051818609237671,0.26549431681632996,0.4990267753601074,0.056613121181726456
18,65,False,0.0,1,0.8055028319358826,0.2657186985015869,0.5012747049331665,0.057080332189798355
18,66,False,0.0,1,0.8058590888977051,0.2653227150440216,0.5050538778305054,0.056797005236148834
18,67,False,0.0,1,0.8059548139572144,0.2649672031402588,0.5064065456390381,0.05669420212507248
18,68,False,0.0,1,0.805773138999939,0.26492294669151306,0.5086256265640259,0.05699344724416733
18,69,False,0.0,1,0.8060531616210938,0.26488131284713745,0.5116353631019592,0.05620933696627617
18,70,False,0.0,1,0.8066868782043457,0.26458483934402466,0.5132136344909668,0.05598713830113411
18,71,False,0.0,1,0.8069341778755188,0.26453596353530884,0.5150644183158875,0.05563514679670334
18,72,False,0.0,1,0.8074510097503662,0.26418906450271606,0.515804648399353,0.05615497753024101
18,73,False,0.0,1,0.8076839447021484,0.26409488916397095,0.5180023908615112,0.056173812597990036
18,74,False,0.0,1,0.808131992816925,0.2639472186565399,0.5193681120872498,0.05667119473218918
18,75,False,0.0,1,0.8085778951644897,0.2638709843158722,0.5189234614372253,0.05715038627386093
18,76,False,0.0,1,0.8089717626571655,0.2636670768260956,0.5198966264724731,0.05790871009230614
18,77,False,0.0,1,0.8092765808105469,0.2634754776954651,0.5214959979057312,0.05848145857453346
18,78,False,0.0,1,0.8095871210098267,0.2629571557044983,0.5207127928733826,0.05916080251336098
18,79,False,0.0,1,0.810132622718811,0.26213306188583374,0.5204196572303772,0.05945000424981117
18,80,False,0.0,1,0.8103964328765869,0.2615376114845276,0.5205460786819458,0.060524389147758484
18,81,False,0.0,1,0.8110043406486511,0.2608965337276459,0.5210604071617126,0.060286927968263626
18,82,False,0.0,1,0.8112202882766724,0.2607452869415283,0.5224514007568359,0.06154300644993782
18,83,False,0.0,1,0.8112118244171143,0.2608109712600708,0.5234349966049194,0.06237685680389404
18,84,False,0.0,1,0.8117164373397827,0.26054713129997253,0.5236941576004028,0.06387735158205032
18,85,False,0.0,1,0.8115533590316772,0.2600483298301697,0.5250795483589172,0.06484221667051315
18,86,False,0.0,1,0.8124039769172668,0.2598675787448883,0.5263227224349976,0.06530807912349701
18,87,False,0.0,1,0.8120542764663696,0.25929540395736694,0.5259701013565063,0.06458455324172974
18,88,False,0.0,1,0.8127670288085938,0.2583039104938507,0.52582848072052,0.06452588737010956
18,89,False,0.0,1,0.8129520416259766,0.25835663080215454,0.5265851616859436,0.06473777443170547
18,90,False,0.0,1,0.8134426474571228,0.25789403915405273,0.5270707607269287,0.064870186150074
18,91,False,0.0,1,0.813366174697876,0.25744491815567017,0.5278411507606506,0.06505075842142105
18,92,False,0.0,1,0.8136930465698242,0.2567022442817688,0.5283938646316528,0.06547292321920395
18,93,False,0.0,1,0.8134428858757019,0.2567727267742157,0.5287054181098938,0.0655125230550766
18,94,False,0.0,1,0.8134009838104248,0.25687211751937866,0.5297063589096069,0.06555167585611343
18,95,False,0.0,1,0.8135067820549011,0.2566721439361572,0.5301981568336487,0.06533192098140717
18,96,False,0.0,1,0.8127878904342651,0.2569832503795624,0.5307537913322449,0.06489428877830505
18,97,False,0.0,1,0.8123830556869507,0.2575500011444092,0.5301400423049927,0.06434446573257446
18,98,False,0.0,1,0.8115001916885376,0.2582586407661438,0.5304731726646423,0.06394004821777344
18,99,False,0.0,1,0.8108898401260376,0.2591111660003662,0.5320076942443848,0.06261814385652542
18,100,False,0.0,1,0.8107887506484985,0.2599209249019623,0.5319331884384155,0.0613599456846714
18,101,False,0.0,1,0.8104058504104614,0.2613707482814789,0.532371997833252,0.059999264776706696
18,102,False,0.0,1,0.809999942779541,0.2629091739654541,0.5338646173477173,0.058136239647865295
18,103,False,0.0,1,0.8086642026901245,0.2635412812232971,0.5324052572250366,0.056284915655851364
18,104,False,0.0,1,0.8082010746002197,0.26425808668136597,0.5351318120956421,0.05538748577237129
18,105,False,0.0,1,0.8070707321166992,0.26496022939682007,0.5322777032852173,0.053306832909584045
18,106,False,0.0,1,0.8059218525886536,0.2657712996006012,0.5312775373458862,0.050906918942928314
18,107,False,0.0,1,0.805088996887207,0.2674389183521271,0.5298342704772949,0.048954181373119354
18,108,False,0.0,1,0.8046350479125977,0.2687634527683258,0.5282866954803467,0.0479855015873909
18,109,False,0.0,1,0.8028980493545532,0.2698136568069458,0.5271704196929932,0.04610093683004379
18,110,False,0.0,1,0.8019757270812988,0.2703920602798462,0.5257190465927124,0.04382283613085747
18,111,False,0.0,1,0.8019313812255859,0.2702781558036804,0.5237810015678406,0.04240775108337402
18,112,False,0.0,1,0.8016464710235596,0.27039217948913574,0.522820234298706,0.0415920726954937
18,113,False,0.0,1,0.8022990822792053,0.27025967836380005,0.5219049453735352,0.041074249893426895
18,114,False,0.0,1,0.8024847507476807,0.271162211894989,0.5207648277282715,0.040545325726270676
18,115,False,0.0,1,0.8015985488891602,0.2716050148010254,0.5182991027832031,0.04043394699692726
18,116,False,0.0,1,0.8001938462257385,0.27288615703582764,0.517777681350708,0.04081547260284424
18,117,False,0.0,1,0.799696683883667,0.27435925602912903,0.5194896459579468,0.04074456915259361
18,118,False,0.0,1,0.7998605966567993,0.2741907835006714,0.5231761932373047,0.04132629558444023
18,119,False,0.0,1,0.7999236583709717,0.27326732873916626,0.5249490141868591,0.04130245000123978
18,120,False,0.0,1,0.8004540801048279,0.27145034074783325,0.5280441641807556,0.041237492114305496
18,121,False,0.0,1,0.8011265397071838,0.26958370208740234,0.5302238464355469,0.04092588275671005
18,122,False,0.0,1,0.802238941192627,0.2679651379585266,0.5322305560112,0.04042649641633034
18,123,False,0.0,1,0.8035492300987244,0.26624974608421326,0.5334867238998413,0.03981761261820793
18,124,False,0.0,1,0.8056527376174927,0.2646220624446869,0.5357353687286377,0.03906204178929329
18,125,False,0.0,1,0.8068851232528687,0.2634435296058655,0.53606778383255,0.03831266239285469
18,126,False,0.0,1,0.8076224327087402,0.2629677355289459,0.5367438197135925,0.03799600526690483
18,127,False,0.0,1,0.8073225021362305,0.2625637650489807,0.5362740755081177,0.03740036115050316
18,128,False,0.0,1,0.8076510429382324,0.26212963461875916,0.5367040634155273,0.037389107048511505
18,129,False,0.0,1,0.807807207107544,0.26175740361213684,0.5377286672592163,0.03742370381951332
18,130,False,0.0,1,0.8075110912322998,0.261473149061203,0.53864586353302,0.037243109196424484
18,131,False,0.0,1,0.8069437146186829,0.261091947555542,0.5393177270889282,0.03730548545718193
18,132,False,0.0,1,0.8075215816497803,0.26039767265319824,0.5420626997947693,0.0381552055478096
18,133,False,0.0,1,0.808816134929657,0.25956135988235474,0.548291027545929,0.0401800200343132
18,134,False,0.0,1,0.809148907661438,0.25966787338256836,0.5524981021881104,0.04148928448557854
18,135,False,0.0,1,0.809145450592041,0.2598073184490204,0.554656982421875,0.04215512424707413
18,136,False,0.0,1,0.8090412616729736,0.259452760219574,0.5598820447921753,0.044240567833185196
18,137,False,0.0,1,0.8091839551925659,0.25931626558303833,0.5639828443527222,0.04591050744056702
19,0,False,0.0,0,0.7326323986053467,0.180601567029953,0.5350618362426758,0.03946631774306297
19,1,False,0.0,1,0.8263803720474243,0.24909721314907074,0.5572307109832764,0.046582091599702835
19,2,False,0.0,1,0.8266922235488892,0.24810312688350677,0.5570158958435059,0.04719992354512215
19,3,False,0.0,1,0.8272503018379211,0.24798505008220673,0.5572592616081238,0.04723246395587921
19,4,False,0.0,1,0.8276789784431458,0.24790208041667938,0.5559864640235901,0.047579023987054825
19,5,False,0.0,1,0.8282380104064941,0.24750295281410217,0.5558605790138245,0.04851362109184265
19,6,False,0.0,1,0.8284002542495728,0.24709059298038483,0.5551782250404358,0.04954544082283974
19,7,False,0.0,1,0.8287103176116943,0.24673034250736237,0.5539763569831848,0.05019786208868027
19,8,False,0.0,1,0.8289850950241089,0.2464127540588379,0.5531874895095825,0.05034437030553818
19,9,False,0.0,1,0.8298922181129456,0.2459419220685959,0.554193377494812,0.051160771399736404
19,10,False,0.0,1,0.8308462500572205,0.24567848443984985,0.5531425476074219,0.05124862864613533
19,11,False,0.0,1,0.8308452367782593,0.24560189247131348,0.5533565878868103,0.05145779252052307
19,12,False,0.0,1,0.8301109075546265,0.24552682042121887,0.5534697771072388,0.05126524716615677
19,13,False,0.0,1,0.8292404413223267,0.2454557865858078,0.5532231330871582,0.05108080059289932
19,14,False,0.0,1,0.8285281658172607,0.24564982950687408,0.5534065961837769,0.05075585097074509
19,15,False,0.0,1,0.827241063117981,0.24632959067821503,0.5548120737075806,0.050182126462459564
19,16,False,0.0,1,0.8257441520690918,0.24725131690502167,0.5574593544006348,0.05006244778633118
19,17,False,0.0,1,0.8241488933563232,0.2483886331319809,0.5603536367416382,0.05002835765480995
19,18,False,0.0,1,0.8227484226226807,0.2498510628938675,0.5610123872756958,0.049793731421232224
19,19,False,0.0,1,0.8216722011566162,0.2508509159088135,0.5627920627593994,0.05004595220088959
19,20,False,0.0,1,0.8204514980316162,0.25208526849746704,0.5641993284225464,0.05030158534646034
19,21,False,0.0,1,0.8190707564353943,0.25355279445648193,0.5669824481010437,0.05096905678510666
19,22,False,0.0,1,0.8183852434158325,0.25519126653671265,0.5679635405540466,0.051251836121082306
19,23,False,0.0,1,0.8175042867660522,0.25632622838020325,0.5686194896697998,0.05196680128574371
19,24,False,0.0,1,0.8157663345336914,0.2574678361415863,0.5689367651939392,0.05332839488983154
19,25,False,0.0,1,0.8147554397583008,0.25828757882118225,0.5687747001647949,0.05400220304727554
19,26,False,0.0,1,0.8128464818000793,0.2593521475791931,0.5682489275932312,0.05494450777769089
19,27,False,0.0,1,0.8100183010101318,0.2610152065753937,0.5666932463645935,0.055255334824323654
19,28,False,0.0,1,0.807770848274231,0.2634233236312866,0.5646741986274719,0.05623919889330864
19,29,False,0.0,1,0.8055446147918701,0.2656036913394928,0.5629979372024536,0.056349094957113266
19,30,False,0.0,1,0.8025351762771606,0.26797154545783997,0.5604237914085388,0.05563640221953392
19,31,False,0.0,1,0.8014212250709534,0.2684709429740906,0.5594083666801453,0.05568097531795502
19,32,False,0.0,1,0.799869954586029,0.2693207263946533,0.5557006001472473,0.05524162948131561
19,33,False,0.0,1,0.7981153726577759,0.2698202431201935,0.5471895337104797,0.05249210447072983
19,34,False,0.0,1,0.7978652715682983,0.269847571849823,0.5432330965995789,0.0511937290430069
19,35,False,0.0,1,0.7980477809906006,0.2697117328643799,0.5380229949951172,0.04990564286708832
19,36,False,0.0,1,0.7997777462005615,0.26931875944137573,0.5340508222579956,0.047525957226753235
19,37,False,0.0,1,0.801286518573761,0.26891207695007324,0.5290124416351318,0.04500694200396538
19,38,False,0.0,1,0.8028069734573364,0.2677958011627197,0.5248186588287354,0.04324847832322121
19,39,False,0.0,1,0.8030247688293457,0.2662489414215088,0.523449182510376,0.04252960905432701
19,40,False,0.0,1,0.8032214045524597,0.26488494873046875,0.5216114521026611,0.042183637619018555
19,41,False,0.0,1,0.8032308220863342,0.26488932967185974,0.5218327045440674,0.04276006668806076
19,42,False,0.0,1,0.803656280040741,0.26467856764793396,0.5203564167022705,0.042984332889318466
19,43,False,0.0,1,0.8034542798995972,0.264796644449234,0.5184804797172546,0.04240581393241882
19,44,False,0.0,1,0.8038702011108398,0.2650952637195587,0.5173507928848267,0.04284488037228584
19,45,False,0.0,1,0.8035315275192261,0.26606059074401855,0.5166480541229248,0.043548986315727234
19,46,False,0.0,1,0.8036631345748901,0.2663719654083252,0.5141544342041016,0.04397968947887421
19,47,False,0.0,1,0.8043673634529114,0.2656644284725189,0.5165488719940186,0.04473042115569115
19,48,False,0.0,1,0.8038277626037598,0.26599904894828796,0.5148430466651917,0.04438753426074982
19,49,False,0.0,1,0.803477942943573,0.2655413746833801,0.5145865082740784,0.044116031378507614
19,50,False,0.0,1,0.8046145439147949,0.2637788653373718,0.511680543422699,0.044649094343185425
19,51,False,0.0,1,0.8051995038986206,0.26233115792274475,0.5076440572738647,0.045697469264268875
19,52,False,0.0,1,0.8055091500282288,0.26134851574897766,0.5038928985595703,0.04601459950208664
19,53,False,0.0,1,0.804925799369812,0.2619737684726715,0.5026729106903076,0.04636605829000473
19,54,False,0.0,1,0.8044473528862,0.26238301396369934,0.5000190138816833,0.0469992533326149
19,55,False,0.0,1,0.8041378259658813,0.2623291611671448,0.49804431200027466,0.04714575782418251
19,56,False,0.0,1,0.8036118149757385,0.26234954595565796,0.49910587072372437,0.04552413895726204
19,57,False,0.0,1,0.803598940372467,0.26202353835105896,0.500322699546814,0.04399450495839119
19,58,False,0.0,1,0.8040241003036499,0.26123276352882385,0.5013545751571655,0.04205451160669327
19,59,False,0.0,1,0.8049324750900269,0.2610146403312683,0.5047861337661743,0.03980829939246178
19,60,False,0.0,1,0.805678129196167,0.2612259089946747,0.5095350742340088,0.03629087284207344
19,61,False,0.0,1,0.8064218163490295,0.26075196266174316,0.5170571804046631,0.036502521485090256
19,62,False,0.0,1,0.806503176689148,0.26043128967285156,0.5255078077316284,0.03788817301392555
19,63,False,0.0,1,0.8056796789169312,0.26107656955718994,0.5321747064590454,0.039408691227436066
19,64,False,0.0,1,0.8064306378364563,0.2608785331249237,0.5370539426803589,0.04051915556192398
19,65,False,0.0,1,0.8071939945220947,0.2624600827693939,0.542819619178772,0.042105723172426224
19,66,False,0.0,1,0.8070012927055359,0.2632603049278259,0.5412980318069458,0.04114812612533569
19,67,False,0.0,1,0.8074978590011597,0.2633804380893707,0.5430768728256226,0.0411832332611084
19,68,False,0.0,1,0.8066949844360352,0.2642773985862732,0.5436407327651978,0.04177885875105858
19,69,False,0.0,1,0.8051187992095947,0.26516708731651306,0.5414319038391113,0.04168648272752762
19,70,False,0.0,1,0.8043178915977478,0.2656211256980896,0.538112998008728,0.03965672478079796
19,71,False,0.0,1,0.8048160076141357,0.2658103406429291,0.5389944314956665,0.041331786662340164
19,72,False,0.0,1,0.8046050071716309,0.2657667398452759,0.5389323830604553,0.041042178869247437
19,73,False,0.0,1,0.8045376539230347,0.26610901951789856,0.5419095754623413,0.04284586012363434
19,74,False,0.0,1,0.8049607276916504,0.26613956689834595,0.5434064865112305,0.043898988515138626
19,75,False,0.0,1,0.8050107955932617,0.2660602331161499,0.5448361039161682,0.04515071585774422
19,76,False,0.0,1,0.8050651550292969,0.26617735624313354,0.5366147756576538,0.043273843824863434
19,77,False,0.0,1,0.804394543170929,0.26695120334625244,0.528461754322052,0.04274426028132439
19,78,False,0.0,1,0.8031761050224304,0.2682090103626251,0.5257947444915771,0.04393148422241211
19,79,False,0.0,1,0.8016633987426758,0.26906779408454895,0.523399829864502,0.044457949697971344
19,80,False,0.0,1,0.8011062145233154,0.26944202184677124,0.5226112604141235,0.04515102133154869
19,81,False,0.0,1,0.8016939163208008,0.26940086483955383,0.523491621017456,0.04485456645488739
19,82,False,0.0,1,0.8011620044708252,0.2704072594642639,0.5207476615905762,0.04496701806783676
19,83,False,0.0,1,0.8014032244682312,0.27082398533821106,0.5184527635574341,0.04460317641496658
19,84,False,0.0,1,0.802437424659729,0.2706427574157715,0.5132653117179871,0.04435223340988159
19,85,False,0.0,1,0.8036074638366699,0.27005937695503235,0.5066981315612793,0.04421700909733772
19,86,False,0.0,1,0.804433286190033,0.2693549692630768,0.5028500556945801,0.04503445327281952
19,87,False,0.0,1,0.8048691749572754,0.26837846636772156,0.5000561475753784,0.0448768250644207
19,88,False,0.0,1,0.8056866526603699,0.2672325074672699,0.4956352412700653,0.04737545922398567
19,89,False,0.0,1,0.806708574295044,0.26642104983329773,0.4949285089969635,0.04806822910904884
19,90,False,0.0,1,0.8079289197921753,0.2650081217288971,0.49427297711372375,0.049707476049661636
19,91,False,0.0,1,0.8095923662185669,0.263155460357666,0.4946254789829254,0.05176658183336258
19,92,False,0.0,1,0.8110291361808777,0.26182135939598083,0.4960038661956787,0.05132031440734863
19,93,False,0.0,1,0.8117146492004395,0.2611810266971588,0.4964657127857208,0.051757220178842545
19,94,False,0.0,1,0.8124403357505798,0.2607533037662506,0.4980427920818329,0.05218590795993805
19,95,False,0.0,1,0.8126701712608337,0.26030081510543823,0.49880754947662354,0.05256890878081322
19,96,False,0.0,1,0.8136918544769287,0.25966715812683105,0.5005431175231934,0.05372688174247742
19,97,False,0.0,1,0.8140153288841248,0.25903210043907166,0.5024319291114807,0.05389285087585449
19,98,False,0.0,1,0.8151144981384277,0.2584975063800812,0.504386305809021,0.05347920581698418
19,99,False,0.0,1,0.8159626126289368,0.2585473954677582,0.5062692165374756,0.05412255600094795
19,100,False,0.0,1,0.8167774081230164,0.25840139389038086,0.5086467266082764,0.05458129942417145
19,101,False,0.0,1,0.8170982003211975,0.25894036889076233,0.5117591619491577,0.055220361799001694
19,102,False,0.0,1,0.8168950080871582,0.2596670389175415,0.5140843391418457,0.05508415400981903
19,103,False,0.0,1,0.8160564303398132,0.26086023449897766,0.5164828300476074,0.05527368187904358
19,104,False,0.0,1,0.8150855302810669,0.26165056228637695,0.5178238153457642,0.05454001948237419
19,105,False,0.0,1,0.8146904706954956,0.261955201625824,0.5193424224853516,0.05481891334056854
19,106,False,0.0,1,0.8146147727966309,0.2620741128921509,0.5208489894866943,0.05477204546332359
19,107,False,0.0,1,0.8138084411621094,0.26254093647003174,0.521687388420105,0.05514366924762726
19,108,False,0.0,1,0.813456654548645,0.2626529932022095,0.5218513607978821,0.05575425177812576
19,109,False,0.0,1,0.8133446574211121,0.26246464252471924,0.5228535532951355,0.05570950359106064
19,110,False,0.0,1,0.813208818435669,0.2623714208602905,0.5247386693954468,0.05647943541407585
19,111,False,0.0,1,0.8135193586349487,0.2618500292301178,0.5251439809799194,0.05702587217092514
19,112,False,0.0,1,0.8140259981155396,0.26134660840034485,0.524842381477356,0.057667508721351624
19,113,False,0.0,1,0.8147347569465637,0.260407030582428,0.5253119468688965,0.057747989892959595
19,114,False,0.0,1,0.815287172794342,0.2597721219062805,0.5257607698440552,0.05936116725206375
19,115,False,0.0,1,0.815601110458374,0.25878602266311646,0.525660514831543,0.0608404241502285
19,116,False,0.0,1,0.81669682264328,0.2572518289089203,0.5267523527145386,0.062219757586717606
19,117,False,0.0,1,0.8172518610954285,0.2565177083015442,0.5278353691101074,0.06280786544084549
19,118,False,0.0,1,0.8175859451293945,0.2563953697681427,0.52906334400177,0.06339053809642792
19,119,False,0.0,1,0.8177565336227417,0.2559073269367218,0.5293126106262207,0.06378889828920364
19,120,False,0.0,1,0.8180297613143921,0.2557956576347351,0.5300930142402649,0.06357576698064804
19,121,False,0.0,1,0.8184682130813599,0.25608861446380615,0.530813992023468,0.0642734169960022
19,122,False,0.0,1,0.8182176351547241,0.2564737796783447,0.5321855545043945,0.06411506980657578
19,123,False,0.0,1,0.8174628019332886,0.2566855847835541,0.5338490605354309,0.06383080780506134
19,124,False,0.0,1,0.8177401423454285,0.2565155327320099,0.534601092338562,0.06425353139638901
19,125,False,0.0,1,0.8165600299835205,0.25690382719039917,0.5365047454833984,0.06348945200443268
19,126,False,0.0,1,0.8155118227005005,0.2572866380214691,0.536832869052887,0.06306228786706924
19,127,False,0.0,1,0.8146888017654419,0.2580162584781647,0.5374369621276855,0.0627705305814743
19,128,False,0.0,1,0.8140608072280884,0.258693128824234,0.5376299619674683,0.06210804358124733
19,129,False,0.0,1,0.8114372491836548,0.260505348443985,0.5355127453804016,0.06110048666596413
19,130,False,0.0,1,0.8108051419258118,0.26128581166267395,0.535592257976532,0.05915437266230583
19,131,False,0.0,1,0.8105365037918091,0.2626272439956665,0.5353405475616455,0.05793777108192444
19,132,False,0.0,1,0.8094140291213989,0.2628946006298065,0.5348132848739624,0.05538042634725571
19,133,False,0.0,1,0.8091320991516113,0.2625947594642639,0.5352141857147217,0.05397464707493782
19,134,False,0.0,1,0.8087738752365112,0.2634730041027069,0.5335796475410461,0.05275770276784897
19,135,False,0.0,1,0.8079589605331421,0.26452600955963135,0.532642662525177,0.051608726382255554
19,136,False,0.0,1,0.8073290586471558,0.26464778184890747,0.5317603945732117,0.04956793040037155
19,137,False,0.0,1,0.8058385848999023,0.2654579281806946,0.5307954549789429,0.04809746891260147
19,138,False,0.0,1,0.8050696849822998,0.26699280738830566,0.5311607122421265,0.0464169941842556
19,139,False,0.0,1,0.8047899603843689,0.2672887146472931,0.5282773375511169,0.04474622383713722
19,140,False,0.0,1,0.8037458658218384,0.2689640522003174,0.5296242833137512,0.04312707483768463
19,141,False,0.0,1,0.8029154539108276,0.27007433772087097,0.5291980504989624,0.04199758172035217
19,142,False,0.0,1,0.8018019795417786,0.2706390619277954,0.5251941680908203,0.04113898426294327
19,143,False,0.0,1,0.8020711541175842,0.2704821825027466,0.5253875255584717,0.0408102311193943
19,144,False,0.0,1,0.8016201257705688,0.2720130383968353,0.5267723798751831,0.041660554707050323
19,145,False,0.0,1,0.8020079135894775,0.2719014585018158,0.5236272811889648,0.04162999987602234
19,146,False,0.0,1,0.8017094135284424,0.2721240520477295,0.522676944732666,0.042394593358039856
19,147,False,0.0,1,0.8014404773712158,0.27262651920318604,0.5232175588607788,0.04217009246349335
19,148,False,0.0,1,0.8020665645599365,0.27202972769737244,0.5242499113082886,0.04180791601538658
19,149,False,0.0,1,0.8026374578475952,0.27123305201530457,0.5246574878692627,0.040942613035440445
19,150,False,0.0,1,0.8033294081687927,0.2703150808811188,0.5267461538314819,0.039957910776138306
19,151,False,0.0,1,0.8033711314201355,0.26945891976356506,0.5275166034698486,0.03948799520730972
19,152,False,0.0,1,0.8036013841629028,0.26843690872192383,0.5289332866668701,0.039580829441547394
19,153,False,0.0,1,0.8043253421783447,0.26727983355522156,0.53110271692276,0.039835307747125626
19,154,False,0.0,1,0.8054985404014587,0.26580172777175903,0.5315329432487488,0.03892909735441208
19,155,False,0.0,1,0.8064956665039062,0.2651095986366272,0.5333538055419922,0.03917832672595978
19,156,False,0.0,1,0.8072605133056641,0.2636549770832062,0.5339003801345825,0.039164669811725616
19,157,False,0.0,1,0.8084896206855774,0.2613997757434845,0.5345340967178345,0.03961148113012314
19,158,False,0.0,1,0.8098326921463013,0.2600995898246765,0.5353624224662781,0.039654623717069626
19,159,False,0.0,1,0.8095842599868774,0.2596465051174164,0.5351948142051697,0.03979630023241043
19,160,False,0.0,1,0.8096301555633545,0.2593930661678314,0.534965991973877,0.039954688400030136
19,161,False,0.0,1,0.8094634413719177,0.2591944634914398,0.53610759973526,0.04024095460772514
19,162,False,0.0,1,0.809763491153717,0.2594893276691437,0.5360158681869507,0.04021701589226723
19,163,False,0.0,1,0.8096247315406799,0.26011404395103455,0.5379586219787598,0.040464144200086594
19,164,False,0.0,1,0.8112455606460571,0.2600514590740204,0.5401161909103394,0.04080688953399658
19,165,False,0.0,1,0.8124141693115234,0.2600742280483246,0.5463290214538574,0.042612768709659576
19,166,False,0.0,1,0.8126833438873291,0.2604401409626007,0.5531572699546814,0.043933622539043427
19,167,False,0.0,1,0.812605619430542,0.26070842146873474,0.5555456876754761,0.04446953907608986
19,168,False,0.0,1,0.8122541904449463,0.260009229183197,0.5588698387145996,0.0460301972925663
19,169,False,0.0,1,0.8127970099449158,0.2595875859260559,0.5617365837097168,0.04706849530339241
19,170,False,0.0,1,0.8123140931129456,0.25934141874313354,0.5623533725738525,0.04713087156414986
19,171,False,0.0,1,0.8119967579841614,0.25933754444122314,0.5644206404685974,0.04756177216768265
19,172,False,0.0,1,0.8119882345199585,0.2592943608760834,0.5638492107391357,0.04705648869276047
20,0,False,0.0,0,0.7521800994873047,0.178195059299469,0.5306297540664673,0.0328497588634491
20,1,False,0.0,1,0.8301092386245728,0.24983073770999908,0.5556131601333618,0.042477209120988846
20,2,False,0.0,1,0.8300796151161194,0.24978971481323242,0.5554060339927673,0.0425519198179245
20,3,False,0.0,1,0.829999566078186,0.2499016970396042,0.5558085441589355,0.04259146749973297
20,4,False,0.0,1,0.8300017714500427,0.2498442828655243,0.5558232069015503,0.04251934587955475
20,5,False,0.0,1,0.830045223236084,0.24969376623630524,0.5563476085662842,0.04265264794230461
20,6,False,0.0,1,0.8300133943557739,0.24948124587535858,0.5575518608093262,0.042811665683984756
20,7,False,0.0,1,0.8300967216491699,0.24946439266204834,0.5592218041419983,0.04326995089650154
20,8,False,0.0,1,0.8297548294067383,0.2491443157196045,0.5645991563796997,0.04554067924618721
20,9,False,0.0,1,0.8302499055862427,0.24895398318767548,0.5681180953979492,0.04742392525076866
20,10,False,0.0,1,0.8299257755279541,0.2493830919265747,0.5695680379867554,0.048286519944667816
20,11,False,0.0,1,0.8288521766662598,0.249886155128479,0.5713663697242737,0.04901593551039696
20,12,False,0.0,1,0.8288053274154663,0.25032997131347656,0.5736244916915894,0.049566321074962616
20,13,False,0.0,1,0.8277106285095215,0.25162529945373535,0.5749272108078003,0.049662087112665176
20,14,False,0.0,1,0.8263034820556641,0.2529398500919342,0.5764192342758179,0.04972517862915993
20,15,False,0.0,1,0.8247688412666321,0.254253089427948,0.5782214403152466,0.04974998161196709
20,16,False,0.0,1,0.8236125111579895,0.2552383244037628,0.5797334909439087,0.04990426078438759
20,17,False,0.0,1,0.8228763341903687,0.2561306953430176,0.5800821781158447,0.04943570867180824
20,18,False,0.0,1,0.822454571723938,0.2568061351776123,0.5810704827308655,0.04913969710469246
20,19,False,0.0,1,0.8213362097740173,0.2578219175338745,0.5817323923110962,0.04933195561170578
20,20,False,0.0,1,0.8196976780891418,0.2593902349472046,0.5824817419052124,0.04975505173206329
20,21,False,0.0,1,0.8180840015411377,0.26043900847435,0.5812100172042847,0.04935016483068466
20,22,False,0.0,1,0.8172338008880615,0.26117774844169617,0.5800139904022217,0.04940328747034073
20,23,False,0.0,1,0.8167916536331177,0.26176202297210693,0.5785362720489502,0.04839843511581421
20,24,False,0.0,1,0.8162172436714172,0.2626812756061554,0.577043354511261,0.04803914949297905
20,25,False,0.0,1,0.8156305551528931,0.26339805126190186,0.5754995346069336,0.047846470028162
20,26,False,0.0,1,0.815180242061615,0.2626706659793854,0.5729953050613403,0.04802096262574196
20,27,False,0.0,1,0.8141313791275024,0.2639692723751068,0.5694266557693481,0.04619572311639786
20,28,False,0.0,1,0.8133673667907715,0.26404353976249695,0.5677995681762695,0.04646946117281914
20,29,False,0.0,1,0.8121840357780457,0.26488515734672546,0.5658599138259888,0.04587410017848015
20,30,False,0.0,1,0.8112537264823914,0.26612430810928345,0.5647388696670532,0.046103473752737045
20,31,False,0.0,1,0.8108126521110535,0.2667379379272461,0.5647011995315552,0.04606074094772339
20,32,False,0.0,1,0.810775876045227,0.26692521572113037,0.562760055065155,0.04582911357283592
20,33,False,0.0,1,0.8105499744415283,0.2667788565158844,0.5604848861694336,0.045479144901037216
20,34,False,0.0,1,0.8094512224197388,0.2677170932292938,0.5578024387359619,0.045219603925943375
20,35,False,0.0,1,0.8089199066162109,0.26860570907592773,0.5561135411262512,0.04516425356268883
20,36,False,0.0,1,0.8083672523498535,0.2694961726665497,0.5547239780426025,0.04545913636684418
20,37,False,0.0,1,0.8079322576522827,0.27039211988449097,0.5545681715011597,0.04607287049293518
20,38,True,0.032258063554763794,1,0.8073481917381287,0.2690896689891815,0.5347274541854858,0.04071088135242462
20,39,True,0.07258064299821854,1,0.8138178586959839,0.2597733438014984,0.51702880859375,0.036176349967718124
20,40,True,0.11290322244167328,1,0.8162064552307129,0.2570796310901642,0.5139282941818237,0.03631089627742767
20,41,True,0.15322580933570862,1,0.8150273561477661,0.2581954598426819,0.5138769745826721,0.03637062385678291
20,42,True,0.19354838132858276,1,0.8137542605400085,0.2592895030975342,0.5135530233383179,0.03525736182928085
20,43,True,0.2338709682226181,1,0.8139643669128418,0.2591001093387604,0.5142626762390137,0.03421790152788162
20,44,True,0.27419355511665344,1,0.8142578601837158,0.2595077455043793,0.5152850151062012,0.03187868371605873
20,45,True,0.3145161271095276,1,0.8143492937088013,0.25965747237205505,0.5176793336868286,0.02992905303835869
20,46,True,0.35483869910240173,1,0.8139376640319824,0.2599942088127136,0.5189089179039001,0.029952380806207657
20,47,True,0.39516130089759827,1,0.8141320943832397,0.25985634326934814,0.5198197960853577,0.029363425448536873
20,48,True,0.4354838728904724,1,0.8145692944526672,0.2590498626232147,0.5190073251724243,0.029115160927176476
20,49,True,0.47580644488334656,1,0.8149548172950745,0.25823816657066345,0.5181856155395508,0.028759555891156197
20,50,True,0.5161290168762207,1,0.8154572248458862,0.25738561153411865,0.5193878412246704,0.028467651456594467
20,51,True,0.5564516186714172,1,0.8167551755905151,0.25667738914489746,0.5215350389480591,0.02908860146999359
20,52,True,0.5967742204666138,1,0.8176472783088684,0.2565688192844391,0.5222764015197754,0.029088875278830528
20,53,True,0.6370967626571655,1,0.8172547817230225,0.2563171982765198,0.5192528963088989,0.028834717348217964
20,54,True,0.6774193644523621,1,0.8169198036193848,0.25634610652923584,0.5181822776794434,0.028986064717173576
20,55,True,0.7177419066429138,1,0.8167598247528076,0.25609463453292847,0.5167499780654907,0.02878306433558464
20,56,True,0.7580645084381104,1,0.8170150518417358,0.2559341788291931,0.5192141532897949,0.02882865071296692
20,57,True,0.7983871102333069,1,0.8163570165634155,0.2556188404560089,0.5218870043754578,0.02890128456056118
20,58,True,0.8387096524238586,1,0.8172993063926697,0.255746990442276,0.5216529369354248,0.028773410245776176
20,59,True,0.8790322542190552,1,0.8175406455993652,0.2551019787788391,0.5250197649002075,0.028934018686413765
20,60,True,0.9193548560142517,1,0.8182854652404785,0.2544513940811157,0.5261210203170776,0.028073808178305626
20,61,True,0.9596773982048035,1,0.8183731436729431,0.2541811764240265,0.5255229473114014,0.028942294418811798
20,62,True,1.0,1,0.8171136379241943,0.25371822714805603,0.5183480381965637,0.030536765232682228
20,63,True,1.0,1,0.8173587322235107,0.25371718406677246,0.5165601968765259,0.03041722998023033
20,64,True,1.0,1,0.8173441886901855,0.25372451543807983,0.5157970190048218,0.030114343389868736
20,65,True,1.0,1,0.8173254728317261,0.2537313401699066,0.5154179334640503,0.029923617839813232
20,66,True,1.0,1,0.8173408508300781,0.2537274956703186,0.5152276754379272,0.029808683320879936
20,67,True,1.0,1,0.8173297643661499,0.2537408769130707,0.515139639377594,0.029753871262073517
20,68,True,1.0,1,0.8173322677612305,0.2537366449832916,0.5150988698005676,0.029725879430770874
20,69,True,1.0,1,0.8173339366912842,0.25375014543533325,0.5150762796401978,0.029713502153754234
20,70,True,1.0,1,0.8173339366912842,0.25374993681907654,0.5150572061538696,0.029705002903938293
20,71,True,1.0,1,0.8175910711288452,0.2537497878074646,0.5150783061981201,0.029709510505199432
20,72,True,1.0,1,0.817590594291687,0.25372666120529175,0.515052318572998,0.029702767729759216
20,73,True,1.0,1,0.8175888657569885,0.2537170648574829,0.5150338411331177,0.02970348298549652
20,74,True,1.0,1,0.8175785541534424,0.2537011504173279,0.515026330947876,0.02970520220696926
20,75,True,1.0,1,0.8175792694091797,0.2536952793598175,0.5150213241577148,0.029702141880989075
20,76,True,1.0,1,0.8175783157348633,0.25369811058044434,0.5150208473205566,0.0297023244202137
20,77,True,1.0,1,0.8175750970840454,0.25369423627853394,0.515019416809082,0.029702402651309967
20,78,True,1.0,1,0.8175770044326782,0.2536947727203369,0.5150198340415955,0.02970258891582489
20,79,True,1.0,1,0.8178069591522217,0.253769189119339,0.5152419805526733,0.029580116271972656
20,80,True,1.0,1,0.8177924156188965,0.2537604570388794,0.5151726007461548,0.02958357334136963
20,81,True,1.0,1,0.8177846670150757,0.25375503301620483,0.515134334564209,0.029586585238575935
20,82,True,1.0,1,0.8177884817123413,0.253756046295166,0.5151140689849854,0.02958936244249344
20,83,True,1.0,1,0.8177876472473145,0.2537614703178406,0.5151087045669556,0.029588717967271805
20,84,True,1.0,1,0.8177881240844727,0.25375568866729736,0.5151065587997437,0.029589882120490074
20,85,True,1.0,1,0.8177854418754578,0.2537565231323242,0.5151066780090332,0.02958783134818077
20,86,True,1.0,1,0.8177890181541443,0.25375762581825256,0.5151049494743347,0.02958870306611061
20,87,True,1.0,1,0.8179723024368286,0.2538386583328247,0.5153990387916565,0.02943306602537632
20,88,True,1.0,1,0.8179440498352051,0.25383567810058594,0.5153177976608276,0.029437318444252014
20,89,True,1.0,1,0.8179347515106201,0.2538370192050934,0.5152695775032043,0.02943449467420578
20,90,True,1.0,1,0.8179264068603516,0.25384029746055603,0.5152508020401001,0.02943451516330242
20,91,True,1.0,1,0.8179283142089844,0.2538362443447113,0.5152440071105957,0.029434584081172943
20,92,True,1.0,1,0.8179237842559814,0.2538401186466217,0.5152421593666077,0.02943343296647072
20,93,False,0.0,1,0.8090518116950989,0.26897162199020386,0.5236393213272095,0.04106840491294861
20,94,False,0.0,1,0.8087775707244873,0.2691868841648102,0.5209831595420837,0.040794964879751205
20,95,False,0.0,1,0.8081084489822388,0.26891469955444336,0.5152091979980469,0.0401269868016243
20,96,False,0.0,1,0.8080832362174988,0.2693704664707184,0.5139802098274231,0.03942650556564331
20,97,False,0.0,1,0.8079288005828857,0.26937249302864075,0.514937162399292,0.03889680653810501
20,98,False,0.0,1,0.8079038262367249,0.26938939094543457,0.5161830186843872,0.03849522024393082
20,99,False,0.0,1,0.8076919317245483,0.2687172591686249,0.5179054737091064,0.03749370947480202
20,100,False,0.0,1,0.807986855506897,0.2680799961090088,0.5190083384513855,0.037699319422245026
20,101,False,0.0,1,0.8084321022033691,0.26771050691604614,0.521060049533844,0.037829507142305374
20,102,False,0.0,1,0.8085294365882874,0.2672916054725647,0.5222839117050171,0.03815796971321106
20,103,False,0.0,1,0.808944821357727,0.26676496863365173,0.5234336853027344,0.03807477280497551
20,104,False,0.0,1,0.8093428611755371,0.2662631571292877,0.5272126793861389,0.03782537952065468
20,105,False,0.0,1,0.8093792200088501,0.2658785283565521,0.5313514471054077,0.038144927471876144
20,106,False,0.0,1,0.810005784034729,0.26560378074645996,0.5339038372039795,0.038673803210258484
20,107,False,0.0,1,0.8102227449417114,0.26537367701530457,0.5351179242134094,0.03873424604535103
20,108,False,0.0,1,0.8108198046684265,0.2651827931404114,0.5360907912254333,0.03887838125228882
20,109,False,0.0,1,0.8110216856002808,0.2650468945503235,0.5367212295532227,0.03896129131317139
20,110,False,0.0,1,0.8113399744033813,0.26501527428627014,0.5382688641548157,0.039144452661275864
20,111,False,0.0,1,0.8119015693664551,0.2647930383682251,0.5383750200271606,0.03920914605259895
20,112,False,0.0,1,0.8124006986618042,0.26462024450302124,0.5378497838973999,0.03915675729513168
20,113,False,0.0,1,0.8126813173294067,0.2645784914493561,0.5376543998718262,0.03892550244927406
20,114,False,0.0,1,0.8133020401000977,0.26440420746803284,0.5372848510742188,0.03882626071572304
20,115,False,0.0,1,0.8133358955383301,0.2644670605659485,0.5369501709938049,0.038900330662727356
20,116,False,0.0,1,0.8138504028320312,0.26377585530281067,0.543074905872345,0.040299832820892334
20,117,False,0.0,1,0.8140610456466675,0.26290807127952576,0.5500531196594238,0.042151447385549545
20,118,False,0.0,1,0.8146255016326904,0.26249295473098755,0.555711567401886,0.044057805091142654
20,119,False,0.0,1,0.8149858117103577,0.26235708594322205,0.5582196712493896,0.04500671848654747
20,120,False,0.0,1,0.8149698972702026,0.2621745765209198,0.5599567294120789,0.045604512095451355
20,121,False,0.0,1,0.8146940469741821,0.2617368698120117,0.5609778165817261,0.04612743481993675
20,122,False,0.0,1,0.8146910667419434,0.2612922489643097,0.5625923275947571,0.04643692448735237
20,123,False,0.0,1,0.8146796822547913,0.26091206073760986,0.5633013844490051,0.04644205421209335
20,124,False,0.0,1,0.8148287534713745,0.26075032353401184,0.5645114183425903,0.046828508377075195
21,0,False,0.0,0,0.7560122013092041,0.17061838507652283,0.5268585085868835,0.04986468702554703
21,1,False,0.0,1,0.8356330990791321,0.2448374629020691,0.5477151870727539,0.05445363000035286
21,2,False,0.0,1,0.8357220888137817,0.2448880970478058,0.5491302013397217,0.05513252690434456
21,3,False,0.0,1,0.8359836339950562,0.24491438269615173,0.5510833859443665,0.05643713101744652
21,4,False,0.0,1,0.8356444835662842,0.245634526014328,0.5523468255996704,0.05740954726934433
21,5,False,0.0,1,0.8348323106765747,0.24597680568695068,0.5545238256454468,0.05759741738438606
21,6,False,0.0,1,0.8344600200653076,0.2462940365076065,0.5561444759368896,0.057688117027282715
21,7,False,0.0,1,0.833855390548706,0.24671980738639832,0.5575238466262817,0.05732562392950058
21,8,False,0.0,1,0.8330956697463989,0.24726085364818573,0.5593032836914062,0.05724036693572998
21,9,False,0.0,1,0.8319053053855896,0.24777433276176453,0.5613588690757751,0.0571005642414093
21,10,False,0.0,1,0.8292675018310547,0.24885247647762299,0.5635592937469482,0.056604765355587006
21,11,False,0.0,1,0.8270662426948547,0.24989378452301025,0.5659295916557312,0.05598141625523567
21,12,False,0.0,1,0.8252428770065308,0.2510049343109131,0.5690233707427979,0.055711280554533005
21,13,False,0.0,1,0.8233449459075928,0.25202980637550354,0.5717597007751465,0.05558934807777405
21,14,False,0.0,1,0.8205329179763794,0.25366589426994324,0.5748826861381531,0.05570386350154877
21,15,False,0.0,1,0.8191595077514648,0.25504088401794434,0.5760743021965027,0.05580833554267883
21,16,False,0.0,1,0.8167999982833862,0.25655612349510193,0.576816737651825,0.05585409328341484
21,17,False,0.0,1,0.8156439065933228,0.25689223408699036,0.5754247903823853,0.05560727044939995
21,18,False,0.0,1,0.8152800798416138,0.25798720121383667,0.5738729238510132,0.055295974016189575
21,19,False,0.0,1,0.8150095343589783,0.2594603896141052,0.5711698532104492,0.05439050868153572
21,20,False,0.0,1,0.8140889406204224,0.26076874136924744,0.568598747253418,0.053524188697338104
21,21,False,0.0,1,0.8131460547447205,0.26208341121673584,0.5645347237586975,0.052279308438301086
21,22,False,0.0,1,0.8127833008766174,0.26311519742012024,0.5599716901779175,0.050799161195755005
21,23,False,0.0,1,0.8119061589241028,0.26407015323638916,0.5557807683944702,0.049370184540748596
21,24,False,0.0,1,0.8108792304992676,0.26443690061569214,0.5535836219787598,0.04850326478481293
21,25,False,0.0,1,0.8098464012145996,0.26472198963165283,0.5494672060012817,0.04767299443483353
21,26,False,0.0,1,0.8080317378044128,0.267060786485672,0.5465365052223206,0.04707920923829079
21,27,False,0.0,1,0.8073509931564331,0.2677209973335266,0.5441864728927612,0.045909736305475235
21,28,False,0.0,1,0.8064945340156555,0.26804885268211365,0.5420980453491211,0.0457637682557106
21,29,False,0.0,1,0.8059883117675781,0.2685886025428772,0.5375455617904663,0.044630780816078186
21,30,False,0.0,1,0.805762767791748,0.26930204033851624,0.5341078042984009,0.043735601007938385
21,31,False,0.0,1,0.8052978515625,0.2696557641029358,0.5333795547485352,0.04364394024014473
21,32,False,0.0,1,0.8039495944976807,0.27067890763282776,0.5317409634590149,0.04414287582039833
21,33,False,0.0,1,0.8031808137893677,0.2719029188156128,0.528487503528595,0.04370580241084099
21,34,False,0.0,1,0.8030402660369873,0.2724199593067169,0.5272860527038574,0.043621767312288284
21,35,False,0.0,1,0.8027102947235107,0.27247047424316406,0.5260851979255676,0.04342964291572571
21,36,False,0.0,1,0.8028626441955566,0.2720412313938141,0.5250082015991211,0.04451863467693329
21,37,False,0.0,1,0.803926944732666,0.2712967097759247,0.5228484869003296,0.044708967208862305
21,38,False,0.0,1,0.8055284023284912,0.2701174020767212,0.5203717350959778,0.045046981424093246
21,39,False,0.0,1,0.807377815246582,0.269462525844574,0.518405556678772,0.04502427205443382
21,40,False,0.0,1,0.8091541528701782,0.26915329694747925,0.5172502398490906,0.04533718153834343
21,41,False,0.0,1,0.8101174831390381,0.2683873772621155,0.5173523426055908,0.04511001706123352
21,42,False,0.0,1,0.8107594847679138,0.2675822377204895,0.5173496603965759,0.045522768050432205
21,43,False,0.0,1,0.8125441074371338,0.2655440866947174,0.5163064002990723,0.0454697385430336
21,44,False,0.0,1,0.8130823969841003,0.263704389333725,0.51429283618927,0.0462690107524395
21,45,False,0.0,1,0.8133692741394043,0.2626570761203766,0.5124965310096741,0.04701486974954605
21,46,False,0.0,1,0.8138302564620972,0.2624410390853882,0.5112782716751099,0.04725077748298645
21,47,False,0.0,1,0.8149345517158508,0.2618979811668396,0.5082895159721375,0.047670334577560425
21,48,False,0.0,1,0.8151722550392151,0.26154568791389465,0.5074076652526855,0.047760821878910065
21,49,False,0.0,1,0.8159897327423096,0.261194109916687,0.5060951113700867,0.047967590391635895
21,50,False,0.0,1,0.8165170550346375,0.260798841714859,0.504090428352356,0.04796005040407181
21,51,False,0.0,1,0.8172264695167542,0.25986984372138977,0.5027679204940796,0.04778442159295082
21,52,False,0.0,1,0.8179186582565308,0.25896283984184265,0.5029537081718445,0.04749397188425064
21,53,False,0.0,1,0.8193627595901489,0.2576777935028076,0.5026793479919434,0.046886030584573746
21,54,False,0.0,1,0.8210602402687073,0.2562914192676544,0.5011378526687622,0.04751397669315338
21,55,False,0.0,1,0.82167649269104,0.2552652060985565,0.4994632601737976,0.04762285575270653
21,56,False,0.0,1,0.8213299512863159,0.2547507882118225,0.49987298250198364,0.047303780913352966
21,57,False,0.0,1,0.8205984830856323,0.2542407512664795,0.4998934268951416,0.04820380359888077
21,58,False,0.0,1,0.8196070194244385,0.2544611394405365,0.5008121728897095,0.04851454868912697
21,59,False,0.0,1,0.8186990022659302,0.25444188714027405,0.5012260675430298,0.04938552901148796
21,60,False,0.0,1,0.8168779611587524,0.25539377331733704,0.5034312009811401,0.049127936363220215
21,61,False,0.0,1,0.8142691850662231,0.2570924758911133,0.5064209699630737,0.04875660315155983
21,62,False,0.0,1,0.8128693103790283,0.2586047351360321,0.5098336935043335,0.04655148833990097
21,63,False,0.0,1,0.8118860721588135,0.2595480978488922,0.5142955780029297,0.043947119265794754
21,64,False,0.0,1,0.8101661205291748,0.26147881150245667,0.5145920515060425,0.0426664799451828
21,65,False,0.0,1,0.8090848922729492,0.2630659341812134,0.5145838260650635,0.041343241930007935
21,66,False,0.0,1,0.8080560564994812,0.26502513885498047,0.5199277400970459,0.040683895349502563
21,67,False,0.0,1,0.8068066835403442,0.266893595457077,0.5181918740272522,0.03908872976899147
21,68,False,0.0,1,0.8064717650413513,0.2676233947277069,0.514441192150116,0.03882980719208717
21,69,False,0.0,1,0.8072322010993958,0.26795151829719543,0.5181683301925659,0.039809901267290115
21,70,False,0.0,1,0.807446300983429,0.2680516242980957,0.519672155380249,0.03972068801522255
21,71,False,0.0,1,0.8073428869247437,0.2679671049118042,0.5229700803756714,0.03921519219875336
21,72,False,0.0,1,0.8076121807098389,0.26702970266342163,0.5274337530136108,0.03969332203269005
21,73,False,0.0,1,0.8075385093688965,0.26612207293510437,0.5322812795639038,0.04157515987753868
21,74,False,0.0,1,0.807869553565979,0.2660808861255646,0.5328001976013184,0.042490407824516296
21,75,False,0.0,1,0.8084806203842163,0.2652374804019928,0.5344588160514832,0.04213309660553932
21,76,False,0.0,1,0.8097324371337891,0.2637563645839691,0.532665491104126,0.041096240282058716
21,77,False,0.0,1,0.8113318681716919,0.26308494806289673,0.5320756435394287,0.04031118005514145
21,78,False,0.0,1,0.8120360970497131,0.2622308135032654,0.5349167585372925,0.04102902486920357
21,79,False,0.0,1,0.8123763799667358,0.26186126470565796,0.5371973514556885,0.04155074805021286
21,80,False,0.0,1,0.8122249841690063,0.2613379657268524,0.5411026477813721,0.04235605150461197
21,81,False,0.0,1,0.8123631477355957,0.26059800386428833,0.5443618297576904,0.043011557310819626
21,82,False,0.0,1,0.8128648996353149,0.25993719696998596,0.5487875938415527,0.04411163553595543
21,83,False,0.0,1,0.8132086396217346,0.2591424286365509,0.5533106923103333,0.045210227370262146
21,84,False,0.0,1,0.8141302466392517,0.2591084837913513,0.5587161779403687,0.04692542180418968
21,85,False,0.0,1,0.8135302066802979,0.2591696083545685,0.5624597072601318,0.04787967726588249
21,86,False,0.0,1,0.8133021593093872,0.25928959250450134,0.5634592771530151,0.047639135271310806
21,87,False,0.0,1,0.8138145208358765,0.2589726150035858,0.5651142597198486,0.04729042202234268
22,0,False,0.0,0,0.7527669668197632,0.18341130018234253,0.5249338150024414,0.043229151517152786
22,1,False,0.0,1,0.8318784236907959,0.2513543963432312,0.5431849360466003,0.04928981885313988
22,2,False,0.0,1,0.8317233324050903,0.25139790773391724,0.5433948636054993,0.049622826278209686
22,3,False,0.0,1,0.8315490484237671,0.2514179050922394,0.5429373979568481,0.04982602223753929
22,4,False,0.0,1,0.8314199447631836,0.25122007727622986,0.5438280701637268,0.050083424896001816
22,5,False,0.0,1,0.8314447402954102,0.2508071959018707,0.5444709062576294,0.051471300423145294
22,6,False,0.0,1,0.8313932418823242,0.2504819631576538,0.5461656451225281,0.052752912044525146
22,7,False,0.0,1,0.8309599161148071,0.25054726004600525,0.5481833219528198,0.05401964858174324
22,8,False,0.0,1,0.8311227560043335,0.2506392300128937,0.5496044158935547,0.05537937581539154
22,9,False,0.0,1,0.8308714628219604,0.25054678320884705,0.5497804880142212,0.05571102350950241
22,10,False,0.0,1,0.831179141998291,0.2506946325302124,0.5503807067871094,0.05652374029159546
22,11,False,0.0,1,0.8318057656288147,0.25069162249565125,0.5513105392456055,0.05691811442375183
22,12,False,0.0,1,0.832300066947937,0.2504100799560547,0.551598072052002,0.057388726621866226
22,13,False,0.0,1,0.8328132629394531,0.2498195618391037,0.5523363351821899,0.05757669359445572
22,14,False,0.0,1,0.8323825597763062,0.24949251115322113,0.5526703000068665,0.05775468051433563
22,15,False,0.0,1,0.8318110704421997,0.24932409822940826,0.5533325672149658,0.05798201635479927
22,16,False,0.0,1,0.831087589263916,0.24981766939163208,0.553259015083313,0.05798689275979996
22,17,False,0.0,1,0.8309255838394165,0.24970877170562744,0.5542852878570557,0.05771646648645401
22,18,False,0.0,1,0.8312321305274963,0.24958907067775726,0.5551354885101318,0.05752473324537277
22,19,False,0.0,1,0.8315727710723877,0.24964742362499237,0.5559829473495483,0.05702798068523407
22,20,False,0.0,1,0.8318002820014954,0.24947330355644226,0.5561659336090088,0.05691194161772728
22,21,False,0.0,1,0.8321553468704224,0.2495339810848236,0.5549615621566772,0.05636212229728699
22,22,False,0.0,1,0.8315215110778809,0.24961668252944946,0.5548768639564514,0.055407728999853134
22,23,False,0.0,1,0.8307340145111084,0.24995899200439453,0.5568165183067322,0.05430623143911362
22,24,False,0.0,1,0.8293411135673523,0.2509174048900604,0.5566824674606323,0.0528300441801548
22,25,False,0.0,1,0.8286529183387756,0.25128671526908875,0.5581178069114685,0.05211536958813667
22,26,False,0.0,1,0.8277600407600403,0.25108540058135986,0.5588678121566772,0.050500065088272095
22,27,False,0.0,1,0.8270394206047058,0.2517559230327606,0.560874342918396,0.049793388694524765
22,28,False,0.0,1,0.8255449533462524,0.2529192566871643,0.56301349401474,0.049504395574331284
22,29,False,0.0,1,0.8237231373786926,0.25409260392189026,0.5626392364501953,0.04903429374098778
22,30,False,0.0,1,0.8225473165512085,0.2548430263996124,0.5625649690628052,0.048131201416254044
22,31,False,0.0,1,0.8206428289413452,0.2560838460922241,0.561713695526123,0.04769996181130409
22,32,False,0.0,1,0.8188114762306213,0.25733545422554016,0.5609697699546814,0.047488465905189514
22,33,False,0.0,1,0.8180956840515137,0.2583778500556946,0.5596010684967041,0.04681920260190964
22,34,False,0.0,1,0.8177093267440796,0.2594962418079376,0.5581045150756836,0.046058423817157745
22,35,True,0.035087719559669495,1,0.816804826259613,0.2606217563152313,0.5569905042648315,0.04391966760158539
22,36,True,0.07894736528396606,1,0.8162299394607544,0.2613558769226074,0.5566547513008118,0.04277363047003746
22,37,True,0.12280701845884323,1,0.8147653341293335,0.263241708278656,0.5547064542770386,0.04141876846551895
22,38,True,0.1666666716337204,1,0.8132227659225464,0.2653798758983612,0.5527656674385071,0.04027635604143143
22,39,True,0.21052631735801697,1,0.8118382096290588,0.26608163118362427,0.5554642677307129,0.04049405828118324
22,40,True,0.25438597798347473,1,0.8107713460922241,0.2670046091079712,0.5575048923492432,0.040945328772068024
22,41,True,0.2982456088066101,1,0.808924674987793,0.26733729243278503,0.5591727495193481,0.041322752833366394
22,42,True,0.34210526943206787,1,0.8084064722061157,0.26706263422966003,0.5538887977600098,0.03972757235169411
22,43,True,0.38596490025520325,1,0.8084420561790466,0.26694348454475403,0.549273669719696,0.03860180452466011
22,44,True,0.429824560880661,1,0.8091845512390137,0.26617997884750366,0.5426038503646851,0.03826218098402023
22,45,True,0.4736842215061188,1,0.8100237250328064,0.2633674144744873,0.5402743816375732,0.03822973743081093
22,46,True,0.5175438523292542,1,0.8110120892524719,0.26218703389167786,0.5381922721862793,0.03710730001330376
22,47,True,0.5614035129547119,1,0.8125571608543396,0.2616484761238098,0.5360140800476074,0.036416612565517426
22,48,True,0.6052631735801697,1,0.8133043050765991,0.2607300281524658,0.5226747989654541,0.03225506842136383
22,49,True,0.6491228342056274,1,0.8137843608856201,0.2589866816997528,0.5238854289054871,0.031502027064561844
22,50,True,0.6929824352264404,1,0.8144514560699463,0.2582714259624481,0.5238543748855591,0.030862510204315186
22,51,True,0.7368420958518982,1,0.8163397312164307,0.25665920972824097,0.5217691659927368,0.030203623697161674
22,52,True,0.780701756477356,1,0.8180954456329346,0.2558552920818329,0.5238474011421204,0.029117677360773087
22,53,True,0.8245614171028137,1,0.8192685842514038,0.2551462948322296,0.5239912271499634,0.028023554012179375
22,54,True,0.8684210777282715,1,0.818923830986023,0.2543247938156128,0.5254065990447998,0.026948168873786926
22,55,True,0.9122806787490845,1,0.8202492594718933,0.25417640805244446,0.5268688201904297,0.02735978737473488
22,56,True,0.9561403393745422,1,0.8211712837219238,0.2534142732620239,0.5239322781562805,0.027886001393198967
22,57,True,1.0,1,0.8180336952209473,0.2530401051044464,0.5198332667350769,0.027897801250219345
22,58,True,1.0,1,0.8181647062301636,0.25308650732040405,0.5180560350418091,0.027892353013157845
22,59,True,1.0,1,0.8181342482566833,0.25310397148132324,0.5171396136283875,0.027658192440867424
22,60,True,1.0,1,0.818140983581543,0.25312095880508423,0.516677975654602,0.02748827636241913
22,61,True,1.0,1,0.8181288242340088,0.25312337279319763,0.5164484977722168,0.027402343228459358
22,62,True,1.0,1,0.8181228637695312,0.25311967730522156,0.5163323879241943,0.027346894145011902
22,63,True,1.0,1,0.818115234375,0.2531152665615082,0.5162723064422607,0.027321409434080124
22,64,True,1.0,1,0.8181211948394775,0.2531152069568634,0.5162361264228821,0.027305178344249725
22,65,True,1.0,1,0.8181129693984985,0.25312042236328125,0.5162214636802673,0.027298226952552795
22,66,True,1.0,1,0.8181464672088623,0.25310438871383667,0.5163184404373169,0.027307769283652306
22,67,True,1.0,1,0.8181543350219727,0.2531089782714844,0.5163412094116211,0.027301674708724022
22,68,True,1.0,1,0.8181532621383667,0.25310638546943665,0.5163593292236328,0.027300139889121056
22,69,True,1.0,1,0.8181575536727905,0.25310274958610535,0.516362190246582,0.027301166206598282
22,70,True,1.0,1,0.8181554079055786,0.25310325622558594,0.516362726688385,0.027301039546728134
22,71,True,1.0,1,0.8181565999984741,0.2531021535396576,0.5163628458976746,0.0272993016988039
22,72,True,1.0,1,0.8181556463241577,0.2531016170978546,0.5163615942001343,0.02730024792253971
22,73,True,1.0,1,0.8181561231613159,0.25310298800468445,0.5163611173629761,0.027300208806991577
22,74,True,1.0,1,0.8181151151657104,0.2530500888824463,0.5164278745651245,0.027278214693069458
22,75,True,1.0,1,0.8181160688400269,0.2530454993247986,0.5164742469787598,0.027273310348391533
22,76,True,1.0,1,0.8181139230728149,0.2530441880226135,0.5165019035339355,0.027270101010799408
22,77,True,1.0,1,0.8181145191192627,0.25304365158081055,0.516517162322998,0.027270792052149773
22,78,True,1.0,1,0.8181117177009583,0.2530401945114136,0.5165205597877502,0.027271676808595657
22,79,True,1.0,1,0.818111777305603,0.25304320454597473,0.5165212154388428,0.027271529659628868
22,80,True,1.0,1,0.8181119561195374,0.25304266810417175,0.5165227651596069,0.027273163199424744
22,81,True,1.0,1,0.8181119561195374,0.25304266810417175,0.5165234208106995,0.027273032814264297
22,82,True,1.0,1,0.81815505027771,0.2530499994754791,0.5165561437606812,0.027207260951399803
22,83,True,1.0,1,0.8181493282318115,0.25303560495376587,0.516616940498352,0.0272070299834013
22,84,True,1.0,1,0.8181494474411011,0.2530336380004883,0.5166386365890503,0.02720748633146286
22,85,True,1.0,1,0.8181496858596802,0.25303682684898376,0.5166521072387695,0.027208777144551277
22,86,False,0.0,1,0.8123371601104736,0.266201913356781,0.5120485424995422,0.034023355692625046
22,87,False,0.0,1,0.8115853071212769,0.267295777797699,0.5103467106819153,0.03401517868041992
22,88,False,0.0,1,0.8114654421806335,0.2674412429332733,0.5102322697639465,0.03412286564707756
22,89,False,0.0,1,0.8120759725570679,0.2670431137084961,0.5081055164337158,0.03424311429262161
22,90,False,0.0,1,0.8125783801078796,0.26660504937171936,0.5087100863456726,0.03448542207479477
22,91,False,0.0,1,0.8125641345977783,0.2657935321331024,0.5096172094345093,0.034377504140138626
22,92,False,0.0,1,0.8127239942550659,0.2653879225254059,0.5107066035270691,0.03448202833533287
22,93,False,0.0,1,0.8125013113021851,0.2651350796222687,0.5111584663391113,0.03478763625025749
22,94,False,0.0,1,0.8120944499969482,0.2651759386062622,0.5139419436454773,0.034829121083021164
22,95,False,0.0,1,0.811119794845581,0.26514673233032227,0.5177242755889893,0.03486745059490204
22,96,False,0.0,1,0.8100250959396362,0.2648439407348633,0.5214802026748657,0.035899028182029724
22,97,False,0.0,1,0.8097005486488342,0.2651805281639099,0.5265793800354004,0.03661821037530899
22,98,False,0.0,1,0.8085873126983643,0.2655131220817566,0.5292702913284302,0.03749362379312515
22,99,False,0.0,1,0.8080458641052246,0.26525768637657166,0.5305103063583374,0.03744502365589142
22,100,False,0.0,1,0.8076969981193542,0.2645304799079895,0.535325288772583,0.03837668150663376
22,101,False,0.0,1,0.8071652054786682,0.26394525170326233,0.535172700881958,0.0385466106235981
22,102,False,0.0,1,0.8070601224899292,0.26354360580444336,0.5318026542663574,0.037679191678762436
22,103,False,0.0,1,0.8075369000434875,0.26327812671661377,0.5307036638259888,0.03726863116025925
22,104,False,0.0,1,0.8080939054489136,0.26364806294441223,0.5350929498672485,0.038152117282152176
22,105,False,0.0,1,0.8081324696540833,0.26352447271347046,0.536346435546875,0.037775713950395584
22,106,False,0.0,1,0.808186411857605,0.26375243067741394,0.5377224683761597,0.03844183683395386
22,107,False,0.0,1,0.8079997301101685,0.2636892795562744,0.5403776168823242,0.03947722911834717
22,108,False,0.0,1,0.8079547882080078,0.26382240653038025,0.5425626039505005,0.04015575721859932
22,109,False,0.0,1,0.8076812028884888,0.2635575234889984,0.544380247592926,0.04052210599184036
22,110,False,0.0,1,0.807707667350769,0.26368170976638794,0.5450485944747925,0.04107631370425224
22,111,False,0.0,1,0.8079640865325928,0.2637920379638672,0.5454636216163635,0.04137788712978363
22,112,False,0.0,1,0.8082565665245056,0.26389601826667786,0.5462455749511719,0.04178594425320625
22,113,False,0.0,1,0.8097918033599854,0.262198805809021,0.5515283346176147,0.043802376836538315
22,114,False,0.0,1,0.8113394975662231,0.2600793242454529,0.5568732619285583,0.04610854387283325
23,0,False,0.0,0,0.7268543243408203,0.18355748057365417,0.535947859287262,0.041250620037317276
23,1,False,0.0,1,0.8239467740058899,0.2566651701927185,0.5545605421066284,0.04504922777414322
23,2,False,0.0,1,0.8238053917884827,0.2567189633846283,0.556026816368103,0.045627791434526443
23,3,False,0.0,1,0.8243420720100403,0.2565470337867737,0.558074951171875,0.04643145576119423
23,4,False,0.0,1,0.8249136209487915,0.2558761239051819,0.5599324107170105,0.04765934497117996
23,5,False,0.0,1,0.825063943862915,0.25567829608917236,0.5612634420394897,0.048402342945337296
23,6,False,0.0,1,0.8247225284576416,0.2560139000415802,0.5618836879730225,0.04906139150261879
23,7,False,0.0,1,0.8248449563980103,0.2559645175933838,0.5619140863418579,0.049140848219394684
23,8,False,0.0,1,0.8253355622291565,0.25596335530281067,0.5634810924530029,0.049527816474437714
23,9,False,0.0,1,0.825392484664917,0.2561170160770416,0.5637871026992798,0.049790624529123306
23,10,False,0.0,1,0.8252817392349243,0.2562546133995056,0.5645413994789124,0.05001341924071312
23,11,False,0.0,1,0.8254259824752808,0.2562854588031769,0.5646709203720093,0.04972432553768158
23,12,False,0.0,1,0.8258655071258545,0.25593334436416626,0.5658860206604004,0.04942472651600838
23,13,False,0.0,1,0.826314389705658,0.25565630197525024,0.5667843222618103,0.048983801156282425
23,14,False,0.0,1,0.826208233833313,0.25550004839897156,0.5676722526550293,0.0488893948495388
23,15,False,0.0,1,0.8263278007507324,0.255312979221344,0.5687645673751831,0.04862603917717934
23,16,False,0.0,1,0.8262667655944824,0.2554587721824646,0.5690613985061646,0.04821537435054779
23,17,False,0.0,1,0.8261699676513672,0.25506967306137085,0.5701654553413391,0.047857217490673065
23,18,False,0.0,1,0.8261755704879761,0.25481492280960083,0.5705497860908508,0.04717939719557762
23,19,False,0.0,1,0.825860321521759,0.2547770142555237,0.5710746049880981,0.04673541337251663
23,20,False,0.0,1,0.8258198499679565,0.25481176376342773,0.5718961954116821,0.0462198406457901
23,21,False,0.0,1,0.8254804611206055,0.25457465648651123,0.5727269649505615,0.04618539288640022
23,22,False,0.0,1,0.8254098892211914,0.25463759899139404,0.573487401008606,0.04625033959746361
23,23,False,0.0,1,0.8253557682037354,0.25489094853401184,0.5739848613739014,0.046341631561517715
23,24,False,0.0,1,0.8252951502799988,0.25508323311805725,0.5736345052719116,0.046001821756362915
23,25,False,0.0,1,0.8254450559616089,0.2552274763584137,0.5738040804862976,0.04625185206532478
23,26,False,0.0,1,0.8255566358566284,0.2553795278072357,0.5731987953186035,0.046320490539073944
23,27,False,0.0,1,0.8259178400039673,0.25544473528862,0.5736137628555298,0.04656857252120972
23,28,False,0.0,1,0.8261340856552124,0.2555685341358185,0.5729141235351562,0.04681428149342537
23,29,False,0.0,1,0.8260642290115356,0.2558918595314026,0.5733823776245117,0.04737411439418793
23,30,False,0.0,1,0.8254917860031128,0.25656941533088684,0.5744029879570007,0.04858231917023659
23,31,False,0.0,1,0.8258211016654968,0.2561032474040985,0.5746362209320068,0.04867543652653694
23,32,False,0.0,1,0.8254501819610596,0.2563417851924896,0.5734174251556396,0.04870099574327469
23,33,False,0.0,1,0.82438063621521,0.25674575567245483,0.5751319527626038,0.05029406398534775
23,34,False,0.0,1,0.8239308595657349,0.2568967342376709,0.5766953825950623,0.05146457627415657
23,35,False,0.0,1,0.8233146071434021,0.256881982088089,0.5785088539123535,0.052504997700452805
23,36,False,0.0,1,0.8223593831062317,0.25739413499832153,0.5799225568771362,0.05362243205308914
23,37,False,0.0,1,0.8214143514633179,0.25799432396888733,0.5824336409568787,0.054388921707868576
23,38,True,0.007936508394777775,1,0.8203678131103516,0.25824740529060364,0.581538200378418,0.05457682907581329
23,39,True,0.0476190485060215,1,0.8197396993637085,0.2587968111038208,0.5818198323249817,0.05434615910053253
23,40,True,0.0873015895485878,1,0.8187416791915894,0.2596290409564972,0.5813440084457397,0.05393241345882416
23,41,True,0.1269841343164444,1,0.8180602788925171,0.260627806186676,0.5792317390441895,0.053436413407325745
23,42,True,0.1666666716337204,1,0.8176512122154236,0.26123011112213135,0.5752683877944946,0.05103495717048645
23,43,True,0.2063492089509964,1,0.8166987299919128,0.2624804675579071,0.5711705684661865,0.04909452795982361
23,44,True,0.2460317462682724,1,0.8156368732452393,0.2629671096801758,0.56761634349823,0.04811953753232956
23,45,True,0.2857142984867096,1,0.8151096701622009,0.2639734148979187,0.5664207339286804,0.04594932869076729
23,46,True,0.3253968358039856,1,0.8144890666007996,0.26499125361442566,0.5629116296768188,0.04493428021669388
23,47,True,0.3650793731212616,1,0.813764214515686,0.2656593322753906,0.5597796440124512,0.04439997673034668
23,48,True,0.4047619104385376,1,0.8135372996330261,0.2655189633369446,0.5593383312225342,0.04408026114106178
23,49,True,0.4444444477558136,1,0.8124672174453735,0.2660386860370636,0.5556889176368713,0.04319646582007408
23,50,True,0.4841269850730896,1,0.8114289045333862,0.26638859510421753,0.5520528554916382,0.041446372866630554
23,51,True,0.523809552192688,1,0.8119775056838989,0.26587924361228943,0.5468285083770752,0.04231990501284599
23,52,True,0.5634920597076416,1,0.8122148513793945,0.2660735547542572,0.5452876091003418,0.042282119393348694
23,53,True,0.60317462682724,1,0.812599241733551,0.2635926306247711,0.5367671251296997,0.03968194127082825
23,54,True,0.6428571343421936,1,0.8136348724365234,0.2616656422615051,0.5304998159408569,0.03668026626110077
23,55,True,0.682539701461792,1,0.814440131187439,0.26023203134536743,0.5313509106636047,0.032800715416669846
23,56,True,0.7222222089767456,1,0.815105676651001,0.2590419352054596,0.5325561761856079,0.03182334080338478
23,57,True,0.761904776096344,1,0.8148978352546692,0.25986963510513306,0.5328856706619263,0.031202837824821472
23,58,True,0.8015872836112976,1,0.814401388168335,0.2591616213321686,0.5324649214744568,0.02943716198205948
23,59,True,0.841269850730896,1,0.8167186975479126,0.25596216320991516,0.5290437936782837,0.02908228524029255
23,60,True,0.8809523582458496,1,0.8167608976364136,0.25637656450271606,0.5283445119857788,0.02933073788881302
23,61,True,0.920634925365448,1,0.816839873790741,0.2563607096672058,0.5310186147689819,0.02844168245792389
23,62,True,0.9603174328804016,1,0.8175967335700989,0.25547686219215393,0.5273359417915344,0.02828153967857361
23,63,True,1.0,1,0.8169772624969482,0.2551563084125519,0.5224555730819702,0.02803700417280197
23,64,True,1.0,1,0.8169539570808411,0.2552250921726227,0.5207696557044983,0.02791200391948223
23,65,True,1.0,1,0.8169258236885071,0.255262166261673,0.5198423266410828,0.027671044692397118
23,66,True,1.0,1,0.8169148564338684,0.2552816867828369,0.5193701386451721,0.027503736317157745
23,67,True,1.0,1,0.8169082999229431,0.255291610956192,0.5191287994384766,0.02741526998579502
23,68,True,1.0,1,0.8169074654579163,0.2552967667579651,0.5190075635910034,0.027371613308787346
23,69,True,1.0,1,0.8169096112251282,0.25529617071151733,0.5189610719680786,0.027349641546607018
23,70,True,1.0,1,0.8169124722480774,0.25529852509498596,0.5189296007156372,0.027339505031704903
23,71,True,1.0,1,0.8170363306999207,0.2552725672721863,0.5187263488769531,0.027300158515572548
23,72,True,1.0,1,0.8170350193977356,0.2552720010280609,0.5186673402786255,0.02730247937142849
23,73,True,1.0,1,0.8170298933982849,0.255276083946228,0.5186373591423035,0.027305644005537033
23,74,True,1.0,1,0.8170334696769714,0.255276620388031,0.5186333060264587,0.02730485610663891
23,75,True,1.0,1,0.8170344233512878,0.2552793622016907,0.5186364650726318,0.02730661816895008
23,76,True,1.0,1,0.817034900188446,0.25527840852737427,0.5186366438865662,0.02730676904320717
23,77,True,1.0,1,0.8170314431190491,0.25527647137641907,0.51863694190979,0.027305113151669502
23,78,True,1.0,1,0.8170353770256042,0.2552803158760071,0.5186375379562378,0.027305150404572487
23,79,True,1.0,1,0.8171663284301758,0.2551909387111664,0.5185288190841675,0.027432413771748543
23,80,True,1.0,1,0.8171685934066772,0.2551823854446411,0.5185002088546753,0.027436938136816025
23,81,True,1.0,1,0.817173957824707,0.25519150495529175,0.5184948444366455,0.02744133584201336
23,82,True,1.0,1,0.8171696662902832,0.2551806569099426,0.5184941291809082,0.027442840859293938
23,83,True,1.0,1,0.8171849250793457,0.25519418716430664,0.5184953212738037,0.02744440734386444
23,84,True,1.0,1,0.8171838521957397,0.25519490242004395,0.5184942483901978,0.027445247396826744
23,85,True,1.0,1,0.8171838521957397,0.25519490242004395,0.5184932947158813,0.027444226667284966
23,86,True,1.0,1,0.8171826601028442,0.25519633293151855,0.5184967517852783,0.027444493025541306
23,87,True,1.0,1,0.8172765970230103,0.2551175057888031,0.5185078978538513,0.027657004073262215
23,88,True,1.0,1,0.8172858953475952,0.255118191242218,0.5185365676879883,0.02765670418739319
23,89,True,1.0,1,0.8172868490219116,0.2551225423812866,0.5185524225234985,0.027656881138682365
23,90,True,1.0,1,0.8172922134399414,0.2551230788230896,0.5185570120811462,0.027658723294734955
23,91,True,1.0,1,0.8172909021377563,0.2551204264163971,0.5185614824295044,0.027657894417643547
23,92,True,1.0,1,0.8172916173934937,0.25512152910232544,0.5185643434524536,0.02765803411602974
23,93,True,1.0,1,0.8172917366027832,0.25512367486953735,0.5185637474060059,0.027658898383378983
23,94,True,1.0,1,0.8172926902770996,0.2551240026950836,0.5185660123825073,0.02765829861164093
23,95,False,0.0,1,0.8199912905693054,0.2594040334224701,0.517630934715271,0.05524761229753494
23,96,False,0.0,1,0.819359540939331,0.2596043050289154,0.5209382772445679,0.052558500319719315
23,97,False,0.0,1,0.8180015087127686,0.2602415978908539,0.5243401527404785,0.05066605657339096
23,98,False,0.0,1,0.817307710647583,0.26101112365722656,0.5267763137817383,0.048483654856681824
23,99,False,0.0,1,0.816473126411438,0.26228970289230347,0.525455117225647,0.04635005071759224
23,100,False,0.0,1,0.8158514499664307,0.26282548904418945,0.5255645513534546,0.04519455134868622
23,101,False,0.0,1,0.8140751123428345,0.2640898823738098,0.5249658226966858,0.04369671270251274
23,102,False,0.0,1,0.8123134970664978,0.2650180459022522,0.5219370722770691,0.042710427194833755
23,103,False,0.0,1,0.811540961265564,0.2653982639312744,0.5202053785324097,0.042607080191373825
23,104,False,0.0,1,0.8103652000427246,0.2661416530609131,0.5201218724250793,0.041819702833890915
23,105,False,0.0,1,0.8094055652618408,0.2670872211456299,0.5205179452896118,0.04147516191005707
23,106,False,0.0,1,0.8090093731880188,0.2680911123752594,0.5195004343986511,0.04134853929281235
23,107,False,0.0,1,0.8088280558586121,0.26912257075309753,0.5187095999717712,0.04119567945599556
23,108,False,0.0,1,0.8086362481117249,0.2701822519302368,0.5184324979782104,0.04044371470808983
23,109,False,0.0,1,0.8086709380149841,0.27060118317604065,0.5194631814956665,0.03951362147927284
23,110,False,0.0,1,0.808012843132019,0.27059701085090637,0.520780086517334,0.03949255868792534
23,111,False,0.0,1,0.807810366153717,0.27039289474487305,0.5220531225204468,0.03888460248708725
23,112,False,0.0,1,0.8077030777931213,0.26986441016197205,0.523902416229248,0.03851376473903656
23,113,False,0.0,1,0.8075058460235596,0.2694667875766754,0.5258901119232178,0.03818880021572113
23,114,False,0.0,1,0.8074893951416016,0.2690446972846985,0.5270991921424866,0.03765074163675308
23,115,False,0.0,1,0.8083229064941406,0.26822614669799805,0.5293878316879272,0.03746868297457695
23,116,False,0.0,1,0.8091535568237305,0.2673478126525879,0.5349416732788086,0.03751295432448387
23,117,False,0.0,1,0.8095812797546387,0.2662358283996582,0.539312481880188,0.03770685940980911
23,118,False,0.0,1,0.8103141784667969,0.2651459574699402,0.5437122583389282,0.038578134030103683
23,119,False,0.0,1,0.8122011423110962,0.26347342133522034,0.5482756495475769,0.03987329080700874
23,120,False,0.0,1,0.8138535618782043,0.26176175475120544,0.5504337549209595,0.04044914245605469
23,121,False,0.0,1,0.8144114017486572,0.261357843875885,0.5507415533065796,0.04052155464887619
23,122,False,0.0,1,0.8148051500320435,0.26033347845077515,0.553435742855072,0.04144037514925003
23,123,False,0.0,1,0.8147740960121155,0.25959739089012146,0.555118203163147,0.04176464304327965
23,124,False,0.0,1,0.8147269487380981,0.2591336667537689,0.556694507598877,0.042463019490242004
23,125,False,0.0,1,0.814935564994812,0.2586730718612671,0.5582764148712158,0.043146513402462006
23,126,False,0.0,1,0.8145294189453125,0.258064329624176,0.5618714094161987,0.04473474994301796
24,0,False,0.0,0,0.7485015392303467,0.17713508009910583,0.5331045985221863,0.03945058956742287
24,1,False,0.0,1,0.8321877717971802,0.2509796917438507,0.5547233819961548,0.04738908261060715
24,2,False,0.0,1,0.8322896957397461,0.25100550055503845,0.5550081729888916,0.047761015594005585
24,3,False,0.0,1,0.8325973749160767,0.2508188784122467,0.5552555322647095,0.04801776260137558
24,4,False,0.0,1,0.8338490724563599,0.24989469349384308,0.5557084679603577,0.048896946012973785
24,5,False,0.0,1,0.8345879316329956,0.2491699457168579,0.5559448003768921,0.04985056072473526
24,6,False,0.0,1,0.8348236083984375,0.24861161410808563,0.5567026138305664,0.05126010626554489
24,7,False,0.0,1,0.835038423538208,0.24800898134708405,0.5575860738754272,0.05244569480419159
24,8,False,0.0,1,0.8353469371795654,0.24790728092193604,0.5591986775398254,0.053226009011268616
24,9,False,0.0,1,0.8362056016921997,0.24742427468299866,0.5606634616851807,0.05404765158891678
24,10,False,0.0,1,0.8356975317001343,0.24755458533763885,0.5630749464035034,0.05475415289402008
24,11,False,0.0,1,0.8352266550064087,0.24780577421188354,0.5643782615661621,0.05528469383716583
24,12,False,0.0,1,0.834381103515625,0.24827097356319427,0.5654529333114624,0.05563463643193245
24,13,False,0.0,1,0.8332804441452026,0.24881941080093384,0.5659061074256897,0.05583758279681206
24,14,False,0.0,1,0.8323255777359009,0.2494756132364273,0.566537618637085,0.05580555275082588
24,15,False,0.0,1,0.832086443901062,0.24980270862579346,0.5666178464889526,0.05543539300560951
24,16,False,0.0,1,0.8312838077545166,0.2502305507659912,0.5677186846733093,0.055646512657403946
24,17,False,0.0,1,0.8305163383483887,0.25056686997413635,0.5669649839401245,0.05551649257540703
24,18,False,0.0,1,0.8299972414970398,0.2507678270339966,0.5665837526321411,0.05522206425666809
24,19,False,0.0,1,0.8292571306228638,0.25108516216278076,0.5665427446365356,0.0550035759806633
24,20,False,0.0,1,0.8284134268760681,0.25150057673454285,0.5671064853668213,0.05481091886758804
24,21,False,0.0,1,0.8279173374176025,0.2520546317100525,0.5668963193893433,0.05428539589047432
24,22,False,0.0,1,0.8268706798553467,0.25269898772239685,0.5682998895645142,0.054494988173246384
24,23,False,0.0,1,0.8267710208892822,0.2526514232158661,0.5689058303833008,0.054426200687885284
24,24,False,0.0,1,0.8253050446510315,0.25332099199295044,0.5690237283706665,0.05459628626704216
24,25,False,0.0,1,0.8236314058303833,0.2542988955974579,0.5693074464797974,0.05465022847056389
24,26,False,0.0,1,0.8232846260070801,0.2547031044960022,0.5681812763214111,0.05400397628545761
24,27,False,0.0,1,0.8227843046188354,0.2550992965698242,0.5660036206245422,0.053342513740062714
24,28,False,0.0,1,0.8221622705459595,0.255689412355423,0.5653297305107117,0.05295100435614586
24,29,False,0.0,1,0.8214321136474609,0.25576865673065186,0.5640326738357544,0.052062805742025375
24,30,False,0.0,1,0.8211613297462463,0.25685936212539673,0.5644952058792114,0.05235263332724571
24,31,False,0.0,1,0.8203752040863037,0.2572271525859833,0.5623067021369934,0.05115344747900963
24,32,False,0.0,1,0.8199359178543091,0.25805965065956116,0.5604763031005859,0.05092707648873329
24,33,False,0.0,1,0.8185719847679138,0.2589299976825714,0.5567757487297058,0.04934399202466011
24,34,False,0.0,1,0.8176761269569397,0.2595415413379669,0.5545719265937805,0.04691179096698761
24,35,False,0.0,1,0.8173546195030212,0.25940588116645813,0.5526309609413147,0.045686185359954834
24,36,False,0.0,1,0.8162359595298767,0.2601447105407715,0.5524462461471558,0.04630347713828087
24,37,False,0.0,1,0.8156100511550903,0.26087436079978943,0.5513086318969727,0.046431947499513626
24,38,False,0.0,1,0.8156341314315796,0.2609367072582245,0.5497111082077026,0.04562130942940712
24,39,False,0.0,1,0.8158142566680908,0.26100149750709534,0.5483018159866333,0.044303786009550095
24,40,False,0.0,1,0.8152901530265808,0.26167213916778564,0.5466591119766235,0.04311669245362282
24,41,False,0.0,1,0.8149086236953735,0.26172611117362976,0.5455058813095093,0.04200234264135361
24,42,False,0.0,1,0.8137534856796265,0.26181063055992126,0.5406318306922913,0.041069723665714264
24,43,True,0.014084506779909134,1,0.8115978240966797,0.26266878843307495,0.5391089916229248,0.040735937654972076
24,44,True,0.04929577559232712,1,0.8131539821624756,0.2611875832080841,0.5381683707237244,0.040174223482608795
24,45,True,0.0845070406794548,1,0.8143572807312012,0.26015692949295044,0.5348248481750488,0.03864312544465065
24,46,True,0.11971831321716309,1,0.8146126866340637,0.2585158944129944,0.5347366333007812,0.03779936954379082
24,47,True,0.15492957830429077,1,0.8152551651000977,0.25810107588768005,0.5313104391098022,0.0369599387049675
24,48,True,0.19014084339141846,1,0.8162786960601807,0.25601327419281006,0.5306587815284729,0.036908283829689026
24,49,True,0.22535210847854614,1,0.8183479905128479,0.2538900077342987,0.5292638540267944,0.034070540219545364
24,50,True,0.26056337356567383,1,0.8205931186676025,0.2527041733264923,0.5301841497421265,0.03187457099556923
24,51,True,0.2957746386528015,1,0.8223490715026855,0.25304752588272095,0.5311158895492554,0.030130548402667046
24,52,True,0.3309859037399292,1,0.8208944797515869,0.25360947847366333,0.5315709114074707,0.03121167980134487
24,53,True,0.3661971688270569,1,0.8187832832336426,0.2548508048057556,0.527360200881958,0.030778812244534492
24,54,True,0.40140846371650696,1,0.8187878131866455,0.2550557255744934,0.524315595626831,0.030639681965112686
24,55,True,0.43661972880363464,1,0.8204897046089172,0.25413671135902405,0.5205488204956055,0.029760438948869705
24,56,True,0.47183099389076233,1,0.8197181820869446,0.2543838322162628,0.5207879543304443,0.03076670691370964
24,57,True,0.5070422291755676,1,0.8189350366592407,0.254482626914978,0.5214964151382446,0.03082684427499771
24,58,True,0.5422534942626953,1,0.8184910416603088,0.25451672077178955,0.5213778614997864,0.030593814328312874
24,59,True,0.577464759349823,1,0.8177557587623596,0.2553074061870575,0.5252746343612671,0.02996283397078514
24,60,True,0.6126760840415955,1,0.8175058364868164,0.25498971343040466,0.524104118347168,0.029092175886034966
24,61,True,0.6478873491287231,1,0.8175746202468872,0.25492340326309204,0.5257500410079956,0.02896611951291561
24,62,True,0.6830986142158508,1,0.817671000957489,0.2554227411746979,0.5265145301818848,0.02881471812725067
24,63,True,0.7183098793029785,1,0.8180123567581177,0.255687415599823,0.5247483849525452,0.028726907446980476
24,64,True,0.7535211443901062,1,0.8181817531585693,0.2561062276363373,0.5226158499717712,0.02889590710401535
24,65,True,0.7887324094772339,1,0.8179484605789185,0.25664085149765015,0.5252443552017212,0.028520729392766953
24,66,True,0.8239436745643616,1,0.8165755271911621,0.25695881247520447,0.5231573581695557,0.028738180175423622
24,67,True,0.8591549396514893,1,0.8159067630767822,0.2570416033267975,0.5221912860870361,0.029062656685709953
24,68,True,0.8943662047386169,1,0.8176666498184204,0.2562136948108673,0.5275573134422302,0.028902411460876465
24,69,True,0.9295774698257446,1,0.8174324035644531,0.2538856863975525,0.527834415435791,0.02786434441804886
24,70,True,0.9647887349128723,1,0.8180316686630249,0.25307753682136536,0.5264785289764404,0.028775760903954506
24,71,True,1.0,1,0.8168805837631226,0.25400808453559875,0.5214927792549133,0.02938954532146454
24,72,True,1.0,1,0.8167811632156372,0.25414133071899414,0.5203914046287537,0.029419133439660072
24,73,True,1.0,1,0.8166859745979309,0.2542014718055725,0.5197098255157471,0.0292082317173481
24,74,True,1.0,1,0.8166161179542542,0.2542473077774048,0.5193410515785217,0.029056770727038383
24,75,True,1.0,1,0.8165786266326904,0.25426697731018066,0.519169807434082,0.028969082981348038
24,76,True,1.0,1,0.8165670037269592,0.25431185960769653,0.5190885663032532,0.028929568827152252
24,77,True,1.0,1,0.8165470957756042,0.25431326031684875,0.5190364122390747,0.028902491554617882
24,78,True,1.0,1,0.8165512681007385,0.25432130694389343,0.5190119743347168,0.028889326378703117
24,79,True,1.0,1,0.8165428638458252,0.2543202340602875,0.5189961194992065,0.028886092826724052
24,80,True,1.0,1,0.8165280818939209,0.2543295919895172,0.5190843343734741,0.029034050181508064
24,81,True,1.0,1,0.8165188431739807,0.2543330490589142,0.5190927982330322,0.029026634991168976
24,82,True,1.0,1,0.8165081143379211,0.254340797662735,0.5190908908843994,0.029024038463830948
24,83,True,1.0,1,0.8165145516395569,0.25434455275535583,0.5190929174423218,0.02902338281273842
24,84,True,1.0,1,0.8165145516395569,0.25434446334838867,0.5190958380699158,0.029022907838225365
24,85,True,1.0,1,0.8165153861045837,0.2543473541736603,0.5190935134887695,0.029022248461842537
24,86,True,1.0,1,0.8165125250816345,0.25434717535972595,0.5190943479537964,0.02902180887758732
24,87,True,1.0,1,0.8165134787559509,0.2543463706970215,0.5190939903259277,0.02902168221771717
24,88,True,1.0,1,0.816581130027771,0.25442805886268616,0.5190591812133789,0.029262129217386246
24,89,True,1.0,1,0.816565752029419,0.2544443607330322,0.5190741419792175,0.029254285618662834
24,90,True,1.0,1,0.8165502548217773,0.2544517517089844,0.5190725922584534,0.029251111671328545
24,91,True,1.0,1,0.8165535926818848,0.2544642686843872,0.5190765857696533,0.02924889326095581
24,92,True,1.0,1,0.8165463209152222,0.2544615864753723,0.5190802812576294,0.029246283695101738
24,93,True,1.0,1,0.8165481090545654,0.2544526159763336,0.5190820693969727,0.02924594283103943
24,94,True,1.0,1,0.8165473937988281,0.2544533610343933,0.5190814733505249,0.02924693375825882
24,95,True,1.0,1,0.8165485858917236,0.25445595383644104,0.5190810561180115,0.02924623154103756
24,96,True,1.0,1,0.8166151642799377,0.2544794976711273,0.51911461353302,0.029461929574608803
24,97,True,1.0,1,0.8165943622589111,0.2544806897640228,0.5191261172294617,0.02945300191640854
24,98,True,1.0,1,0.8165886998176575,0.2544878125190735,0.5191359519958496,0.029447685927152634
24,99,True,1.0,1,0.81658536195755,0.25448617339134216,0.5191402435302734,0.029443301260471344
24,100,True,1.0,1,0.8165836930274963,0.25448498129844666,0.5191441774368286,0.02944525144994259
24,101,True,1.0,1,0.8165860772132874,0.2544836401939392,0.5191433429718018,0.029445137828588486
24,102,True,1.0,1,0.8165848851203918,0.2544839084148407,0.5191442966461182,0.029444511979818344
24,103,True,1.0,1,0.8165844082832336,0.25448498129844666,0.5191435217857361,0.029445894062519073
24,104,True,1.0,1,0.8165788054466248,0.254529744386673,0.5193465948104858,0.029575953260064125
24,105,True,1.0,1,0.8165744543075562,0.2545418441295624,0.5193451642990112,0.029563257470726967
24,106,True,1.0,1,0.816565990447998,0.2545396685600281,0.5193478465080261,0.02955598570406437
24,107,False,0.0,1,0.8137776851654053,0.2668169438838959,0.526418924331665,0.04479853808879852
24,108,False,0.0,1,0.8130465745925903,0.267365425825119,0.5250848531723022,0.044640153646469116
24,109,False,0.0,1,0.8118854761123657,0.2683519423007965,0.5234779715538025,0.04424048215150833
24,110,False,0.0,1,0.8109279274940491,0.2690008878707886,0.522097110748291,0.04341055080294609
24,111,False,0.0,1,0.8099052906036377,0.2695523202419281,0.5211321711540222,0.04239233210682869
24,112,False,0.0,1,0.8095971941947937,0.26993730664253235,0.5203880071640015,0.04137679189443588
24,113,False,0.0,1,0.8097371459007263,0.2700943946838379,0.5208670496940613,0.04084917902946472
24,114,False,0.0,1,0.8093146085739136,0.27010777592658997,0.5208702683448792,0.039930559694767
24,115,False,0.0,1,0.8096243143081665,0.2698521614074707,0.5222605466842651,0.0395771786570549
24,116,False,0.0,1,0.809975802898407,0.2690953314304352,0.5231369733810425,0.039097368717193604
24,117,False,0.0,1,0.8100063800811768,0.26853054761886597,0.5218234062194824,0.038303129374980927
24,118,False,0.0,1,0.8098393678665161,0.26733464002609253,0.5198403596878052,0.03684202954173088
24,119,False,0.0,1,0.8098834156990051,0.26707878708839417,0.52134108543396,0.03638758510351181
24,120,False,0.0,1,0.8100802302360535,0.26612505316734314,0.5239380598068237,0.03568434715270996
24,121,False,0.0,1,0.8105675578117371,0.26517611742019653,0.5259087085723877,0.03535859286785126
24,122,False,0.0,1,0.8109546303749084,0.26396483182907104,0.5280148983001709,0.0353458970785141
24,123,False,0.0,1,0.8108457922935486,0.2637905180454254,0.5289227366447449,0.035946719348430634
24,124,False,0.0,1,0.8112592697143555,0.26295116543769836,0.5325009822845459,0.03612621873617172
24,125,False,0.0,1,0.811235785484314,0.2628728747367859,0.5340901613235474,0.03619169071316719
24,126,False,0.0,1,0.8109244108200073,0.2630403935909271,0.5344650745391846,0.03622395545244217
24,127,False,0.0,1,0.810839056968689,0.26309633255004883,0.5351840257644653,0.036302290856838226
24,128,False,0.0,1,0.8107807636260986,0.26320159435272217,0.5356855392456055,0.03642086312174797
24,129,False,0.0,1,0.810950756072998,0.26318201422691345,0.5359259843826294,0.03635811805725098
24,130,False,0.0,1,0.8109943866729736,0.2631095051765442,0.5361005067825317,0.036160457879304886
24,131,False,0.0,1,0.81101393699646,0.26317036151885986,0.5365146398544312,0.03653976321220398
24,132,False,0.0,1,0.8111660480499268,0.2633019685745239,0.5362346172332764,0.03646523505449295
24,133,False,0.0,1,0.8120553493499756,0.2630794942378998,0.5405089855194092,0.03693671524524689
24,134,False,0.0,1,0.8129369020462036,0.26256540417671204,0.5440093278884888,0.03777891770005226
24,135,False,0.0,1,0.8135858178138733,0.2625595033168793,0.5513647794723511,0.040361445397138596
24,136,False,0.0,1,0.8139237761497498,0.2628728449344635,0.5550248622894287,0.04171041399240494
24,137,False,0.0,1,0.8141712546348572,0.2623893916606903,0.5559050440788269,0.042121049016714096
24,138,False,0.0,1,0.8141462802886963,0.2619359493255615,0.5584642291069031,0.04314948990941048
24,139,False,0.0,1,0.8139643669128418,0.2615050971508026,0.5595085620880127,0.04364568740129471
24,140,False,0.0,1,0.8135569095611572,0.2607339322566986,0.5591683387756348,0.04364914074540138
24,141,False,0.0,1,0.813435435295105,0.2606126070022583,0.5577563047409058,0.04325217753648758
24,142,False,0.0,1,0.8131325244903564,0.26023033261299133,0.5576330423355103,0.0430910624563694
25,0,False,0.0,0,0.7382620573043823,0.18428382277488708,0.5316381454467773,0.03711826354265213
25,1,False,0.0,1,0.8287549018859863,0.25465506315231323,0.5514150261878967,0.04388440027832985
25,2,False,0.0,1,0.8289288282394409,0.25458478927612305,0.5518429279327393,0.043679337948560715
25,3,False,0.0,1,0.8294771909713745,0.2546278238296509,0.5529960989952087,0.04439876601099968
25,4,False,0.0,1,0.8301840424537659,0.25364458560943604,0.5556846261024475,0.04524393752217293
25,5,False,0.0,1,0.830901563167572,0.25288188457489014,0.5582824945449829,0.045218661427497864
25,6,False,0.0,1,0.8314647674560547,0.2521043121814728,0.5603833794593811,0.04504290595650673
25,7,False,0.0,1,0.8313620090484619,0.2521468698978424,0.5616710186004639,0.045594774186611176
25,8,False,0.0,1,0.8300234079360962,0.25319379568099976,0.5648828744888306,0.0461173877120018
25,9,False,0.0,1,0.8296488523483276,0.2536042332649231,0.5670216083526611,0.04599107801914215
25,10,False,0.0,1,0.8281554579734802,0.2542325258255005,0.5691143274307251,0.046675167977809906
25,11,False,0.0,1,0.8260676264762878,0.2555564045906067,0.5701979398727417,0.04750776290893555
25,12,False,0.0,1,0.8244340419769287,0.25650283694267273,0.5716387033462524,0.04770839586853981
25,13,False,0.0,1,0.8233403563499451,0.25692325830459595,0.5712544918060303,0.04833873733878136
25,14,False,0.0,1,0.8223971128463745,0.2581334412097931,0.5732530355453491,0.04957849532365799
25,15,False,0.0,1,0.8209505677223206,0.25986582040786743,0.5765732526779175,0.05163749307394028
25,16,False,0.0,1,0.8193519115447998,0.2616018056869507,0.5767859220504761,0.05343351140618324
25,17,False,0.0,1,0.8172717690467834,0.26252979040145874,0.5762931108474731,0.05427151173353195
25,18,False,0.0,1,0.8146694898605347,0.26424962282180786,0.5757494568824768,0.05510859563946724
25,19,False,0.0,1,0.8145053386688232,0.2652694582939148,0.5752438902854919,0.05464503914117813
25,20,False,0.0,1,0.8139221668243408,0.265963613986969,0.5740627646446228,0.0539843812584877
25,21,False,0.0,1,0.8129397630691528,0.2673816680908203,0.572746992111206,0.0539604015648365
25,22,False,0.0,1,0.8118852376937866,0.2684602737426758,0.5709952116012573,0.05327935144305229
25,23,False,0.0,1,0.8110731840133667,0.2694651782512665,0.568019449710846,0.052220165729522705
25,24,False,0.0,1,0.8107500672340393,0.269912987947464,0.5659619569778442,0.05283006280660629
25,25,False,0.0,1,0.810024619102478,0.2704726457595825,0.5627306699752808,0.051361050456762314
25,26,False,0.0,1,0.8101010322570801,0.27073198556900024,0.5591210126876831,0.04970106855034828
25,27,False,0.0,1,0.8097727298736572,0.27170106768608093,0.5562244653701782,0.04898883402347565
25,28,False,0.0,1,0.8099570870399475,0.27119994163513184,0.5532534122467041,0.04881644994020462
25,29,False,0.0,1,0.8103809356689453,0.270595908164978,0.551730751991272,0.04910502955317497
25,30,True,0.01515151560306549,1,0.8103150129318237,0.2702980041503906,0.5468262434005737,0.048798639327287674
25,31,True,0.06565656512975693,1,0.8103794455528259,0.27001944184303284,0.5432170629501343,0.04766233265399933
25,32,True,0.11616161465644836,1,0.8122223019599915,0.2669055759906769,0.5297600030899048,0.04207783564925194
25,33,True,0.1666666716337204,1,0.8118419647216797,0.2662477493286133,0.526493489742279,0.03786122426390648
25,34,True,0.21717171370983124,1,0.8120312094688416,0.2647053897380829,0.5201170444488525,0.037472717463970184
25,35,True,0.26767677068710327,1,0.8159499168395996,0.2583716809749603,0.5195040106773376,0.033717624843120575
25,36,True,0.3181818127632141,1,0.8181048631668091,0.2563779652118683,0.5224032402038574,0.03232700005173683
25,37,True,0.36868685483932495,1,0.8183512687683105,0.2563120126724243,0.5241743326187134,0.03199101239442825
25,38,True,0.4191919267177582,1,0.8185730576515198,0.2563096880912781,0.5249024033546448,0.031308457255363464
25,39,True,0.469696968793869,1,0.8167628049850464,0.25521957874298096,0.5287436246871948,0.029250815510749817
25,40,True,0.5202020406723022,1,0.8173737525939941,0.2551635801792145,0.5262057781219482,0.028858453035354614
25,41,True,0.5707070827484131,1,0.8178076148033142,0.2551717162132263,0.5284587740898132,0.028147155418992043
25,42,True,0.6212121248245239,1,0.817844808101654,0.25506341457366943,0.5262947082519531,0.027359753847122192
25,43,True,0.6717171669006348,1,0.8185158967971802,0.2550398111343384,0.52653968334198,0.027534034103155136
25,44,True,0.7222222089767456,1,0.8192870020866394,0.25509828329086304,0.5274695158004761,0.028036462143063545
25,45,True,0.7727272510528564,1,0.818949282169342,0.2551308274269104,0.5309903621673584,0.02842227928340435
25,46,True,0.8232323527336121,1,0.8187351226806641,0.25507649779319763,0.5294464826583862,0.02798415720462799
25,47,True,0.8737373948097229,1,0.8190953731536865,0.2546432316303253,0.5278565883636475,0.028125828132033348
25,48,True,0.9242424368858337,1,0.8185081481933594,0.2542554438114166,0.5329314470291138,0.0283399298787117
25,49,True,0.9747474789619446,1,0.8186304569244385,0.25370922684669495,0.5281609892845154,0.028392160311341286
25,50,True,1.0,1,0.8183348178863525,0.253950297832489,0.5238789319992065,0.02962937206029892
25,51,True,1.0,1,0.818328857421875,0.2540643513202667,0.5226131081581116,0.029478659853339195
25,52,True,1.0,1,0.8183029890060425,0.2541060149669647,0.5219100713729858,0.02924164943397045
25,53,True,1.0,1,0.8182981014251709,0.2541472315788269,0.5215568542480469,0.029091618955135345
25,54,True,1.0,1,0.8182922601699829,0.2541483938694,0.5213736295700073,0.029005199670791626
25,55,True,1.0,1,0.8182861804962158,0.2541513741016388,0.52128005027771,0.02896144799888134
25,56,True,1.0,1,0.8182869553565979,0.2541595995426178,0.5212311744689941,0.02894102968275547
25,57,True,1.0,1,0.8182632923126221,0.2541728615760803,0.5220009684562683,0.02841908670961857
25,58,True,1.0,1,0.818267822265625,0.2541865110397339,0.521915078163147,0.028422677889466286
25,59,True,1.0,1,0.8182605504989624,0.254191517829895,0.5218754410743713,0.028423603624105453
25,60,True,1.0,1,0.818253755569458,0.2541932463645935,0.5218591690063477,0.02842271700501442
25,61,True,1.0,1,0.8182535171508789,0.25420132279396057,0.5218501091003418,0.028418995440006256
25,62,True,1.0,1,0.8182512521743774,0.2542026937007904,0.5218504667282104,0.02842080406844616
25,63,True,1.0,1,0.8182516098022461,0.25420427322387695,0.5218476057052612,0.028420468792319298
25,64,True,1.0,1,0.8182551860809326,0.25420239567756653,0.5218480229377747,0.02842050977051258
25,65,True,1.0,1,0.8182680606842041,0.25403493642807007,0.5230973958969116,0.027878722175955772
25,66,True,1.0,1,0.8182981610298157,0.25403764843940735,0.5230963230133057,0.027884352952241898
25,67,True,1.0,1,0.8182979226112366,0.25403162837028503,0.5230956077575684,0.027886923402547836
25,68,True,1.0,1,0.8182933926582336,0.254025936126709,0.5231027007102966,0.027889356017112732
25,69,True,1.0,1,0.818294107913971,0.25403162837028503,0.523100733757019,0.02789091318845749
25,70,True,1.0,1,0.818284809589386,0.2540266513824463,0.5231004953384399,0.02789151296019554
25,71,True,1.0,1,0.8182831406593323,0.254025399684906,0.5231015682220459,0.02789173275232315
25,72,True,1.0,1,0.8182898163795471,0.25403153896331787,0.5231014490127563,0.027891427278518677
25,73,True,1.0,1,0.8182868361473083,0.25390562415122986,0.5244513750076294,0.02733391523361206
25,74,True,1.0,1,0.8183020949363708,0.2539042532444,0.5244295597076416,0.02734239585697651
25,75,False,0.0,1,0.8093536496162415,0.2712879776954651,0.5358442068099976,0.04639088362455368
25,76,False,0.0,1,0.8083441257476807,0.271045446395874,0.5308338403701782,0.04558547958731651
25,77,False,0.0,1,0.806280791759491,0.2721523940563202,0.5293582081794739,0.04448496922850609
25,78,False,0.0,1,0.8045655488967896,0.2722477316856384,0.5285818576812744,0.04440099745988846
25,79,False,0.0,1,0.8042447566986084,0.2717595398426056,0.5279172658920288,0.04389025270938873
25,80,False,0.0,1,0.8040033578872681,0.27133285999298096,0.5255117416381836,0.04198244586586952
25,81,False,0.0,1,0.8041319847106934,0.2718406915664673,0.5261783599853516,0.04214879497885704
25,82,False,0.0,1,0.8045502305030823,0.27164748311042786,0.531501293182373,0.04210190102458
25,83,False,0.0,1,0.8060237169265747,0.2710915505886078,0.5362937450408936,0.0426819734275341
25,84,False,0.0,1,0.8076155781745911,0.27001622319221497,0.5404906868934631,0.04290078580379486
25,85,False,0.0,1,0.809551477432251,0.26828670501708984,0.5422029495239258,0.042662348598241806
25,86,False,0.0,1,0.810990035533905,0.2666851580142975,0.5446798205375671,0.042217034846544266
25,87,False,0.0,1,0.8113206028938293,0.26566627621650696,0.5444525480270386,0.041151609271764755
25,88,False,0.0,1,0.8112921714782715,0.265753835439682,0.5469011068344116,0.04094000160694122
25,89,False,0.0,1,0.8115330934524536,0.2661776542663574,0.5518237948417664,0.04191574081778526
25,90,False,0.0,1,0.8117095828056335,0.2659645974636078,0.5537971258163452,0.042384665459394455
25,91,False,0.0,1,0.8122016191482544,0.2652952969074249,0.5562450289726257,0.04300869256258011
25,92,False,0.0,1,0.8123786449432373,0.2645849883556366,0.5587041974067688,0.043807707726955414
25,93,False,0.0,1,0.8125410079956055,0.2640838027000427,0.5603861808776855,0.044400397688150406
25,94,False,0.0,1,0.8119317293167114,0.2641562819480896,0.5619481801986694,0.045139893889427185
25,95,False,0.0,1,0.8113150596618652,0.2643015384674072,0.5632560849189758,0.045542288571596146
25,96,False,0.0,1,0.8105816841125488,0.26413270831108093,0.5655531883239746,0.04632563516497612
25,97,False,0.0,1,0.8095057010650635,0.2637317180633545,0.5681992769241333,0.04690888151526451
25,98,False,0.0,1,0.8084622025489807,0.2634488046169281,0.568559467792511,0.04673437401652336
25,99,False,0.0,1,0.8079105615615845,0.2631438374519348,0.5700066685676575,0.047311633825302124
26,0,False,0.0,0,0.708096981048584,0.1726706624031067,0.5307009816169739,0.0383518785238266
26,1,False,0.0,1,0.8270293474197388,0.25371724367141724,0.5521801114082336,0.04574602469801903
26,2,False,0.0,1,0.8284186124801636,0.25304657220840454,0.5531588792800903,0.04624408483505249
26,3,False,0.0,1,0.828908383846283,0.2521071434020996,0.5560950040817261,0.046606000512838364
26,4,False,0.0,1,0.8310102224349976,0.2505434453487396,0.5577309131622314,0.04781457036733627
26,5,False,0.0,1,0.8320260047912598,0.25042247772216797,0.5565210580825806,0.04958672821521759
26,6,False,0.0,1,0.8321175575256348,0.25067874789237976,0.555212676525116,0.04991057515144348
26,7,False,0.0,1,0.8315412998199463,0.25108370184898376,0.554584264755249,0.05109064280986786
26,8,False,0.0,1,0.8318021297454834,0.25110960006713867,0.5552847385406494,0.05182897672057152
26,9,False,0.0,1,0.8323944807052612,0.2511903643608093,0.5544992685317993,0.05232251062989235
26,10,False,0.0,1,0.8326224684715271,0.25130319595336914,0.5548878312110901,0.05225694552063942
26,11,False,0.0,1,0.8326700925827026,0.2512802183628082,0.5547752380371094,0.05159794166684151
26,12,False,0.0,1,0.8328472971916199,0.2513807415962219,0.5546948909759521,0.05089171230792999
26,13,False,0.0,1,0.8331414461135864,0.2512145936489105,0.553834080696106,0.049533743411302567
26,14,False,0.0,1,0.8333507776260376,0.2510383725166321,0.5524613857269287,0.048235345631837845
26,15,False,0.0,1,0.8338756561279297,0.2511366307735443,0.5537621974945068,0.048935502767562866
26,16,False,0.0,1,0.8342242240905762,0.2511647045612335,0.5547699928283691,0.0489647202193737
26,17,False,0.0,1,0.8340332508087158,0.25142523646354675,0.5556809306144714,0.048894815146923065
26,18,False,0.0,1,0.8336057662963867,0.25159335136413574,0.5568253993988037,0.04857708886265755
26,19,False,0.0,1,0.8335607051849365,0.251629501581192,0.5582331418991089,0.0483873151242733
26,20,False,0.0,1,0.8332306146621704,0.25162646174430847,0.5592799186706543,0.048331309109926224
26,21,False,0.0,1,0.8325718641281128,0.2521204352378845,0.5612288117408752,0.048040710389614105
26,22,False,0.0,1,0.8317371606826782,0.2524157762527466,0.562704861164093,0.04767366871237755
26,23,False,0.0,1,0.8311890959739685,0.25315722823143005,0.5635429620742798,0.04704021289944649
26,24,False,0.0,1,0.8298614621162415,0.2541308104991913,0.5655567646026611,0.04684476554393768
26,25,False,0.0,1,0.8289018869400024,0.2549301087856293,0.5672553181648254,0.04675895348191261
26,26,False,0.0,1,0.8283861875534058,0.25559183955192566,0.5677160024642944,0.04640515521168709
26,27,False,0.0,1,0.82745361328125,0.2562924921512604,0.5698692798614502,0.04639062285423279
26,28,False,0.0,1,0.8265842199325562,0.25669825077056885,0.5714623332023621,0.04704068601131439
26,29,False,0.0,1,0.8259321451187134,0.2571072280406952,0.5722298622131348,0.04657555744051933
26,30,False,0.0,1,0.8241273164749146,0.25801360607147217,0.5721038579940796,0.04699782654643059
26,31,False,0.0,1,0.8225365281105042,0.2592564821243286,0.5702952146530151,0.047547247260808945
26,32,False,0.0,1,0.8206149339675903,0.26107752323150635,0.5699583292007446,0.048674680292606354
26,33,False,0.0,1,0.8185139894485474,0.26357632875442505,0.568774938583374,0.049299485981464386
26,34,False,0.0,1,0.8161427974700928,0.26618847250938416,0.5685285329818726,0.05081082880496979
26,35,False,0.0,1,0.8141858577728271,0.26827406883239746,0.5663512945175171,0.05050690099596977
26,36,False,0.0,1,0.8130472898483276,0.2692068815231323,0.562440037727356,0.049889594316482544
26,37,False,0.0,1,0.8113996386528015,0.27056506276130676,0.5607500672340393,0.050666432827711105
26,38,False,0.0,1,0.8094086050987244,0.2723905146121979,0.5579663515090942,0.0502583384513855
26,39,True,0.011627906933426857,1,0.808891773223877,0.27267518639564514,0.5560308694839478,0.04980892688035965
26,40,True,0.05038759857416153,1,0.8079399466514587,0.27332499623298645,0.5577656030654907,0.05197876691818237
26,41,True,0.08914728462696075,1,0.8079091906547546,0.2726761996746063,0.5562788248062134,0.051354970782995224
26,42,True,0.12790697813034058,1,0.8081471920013428,0.2717932164669037,0.5571414232254028,0.05175803229212761
26,43,True,0.1666666716337204,1,0.8084973692893982,0.27072951197624207,0.5517234802246094,0.049843646585941315
26,44,True,0.20542635023593903,1,0.8091390132904053,0.2701585590839386,0.546295166015625,0.0480429045855999
26,45,True,0.24418604373931885,1,0.810523271560669,0.2679738700389862,0.5417708158493042,0.045566774904727936
26,46,True,0.2829457223415375,1,0.8119170665740967,0.265992134809494,0.5360292196273804,0.043464384973049164
26,47,True,0.3217054307460785,1,0.8131306767463684,0.26471102237701416,0.5296390056610107,0.042437370866537094
26,48,True,0.3604651093482971,1,0.8136582374572754,0.2645261883735657,0.5213713645935059,0.04073762893676758
26,49,True,0.39922481775283813,1,0.8140365481376648,0.2641502916812897,0.5210587978363037,0.0404784232378006
26,50,True,0.43798449635505676,1,0.8149492740631104,0.2635232210159302,0.5213913917541504,0.039079196751117706
26,51,True,0.4767441749572754,1,0.8147907257080078,0.26382628083229065,0.5168110132217407,0.03746938705444336
26,52,True,0.5155038833618164,1,0.8154252767562866,0.2622658908367157,0.5158219933509827,0.03559339791536331
26,53,True,0.5542635917663574,1,0.8159453868865967,0.2613000273704529,0.5181300640106201,0.03442351520061493
26,54,True,0.5930232405662537,1,0.8171799778938293,0.25870534777641296,0.5236945152282715,0.03280799463391304
26,55,True,0.6317829489707947,1,0.8167464733123779,0.2578462064266205,0.5261837244033813,0.03189045563340187
26,56,True,0.6705426573753357,1,0.8166648149490356,0.25693193078041077,0.5298527479171753,0.03138580918312073
26,57,True,0.7093023061752319,1,0.8174567222595215,0.2565752863883972,0.5303890705108643,0.030474018305540085
26,58,True,0.748062014579773,1,0.8173211812973022,0.25703537464141846,0.5313507914543152,0.030229374766349792
26,59,True,0.786821722984314,1,0.8169906139373779,0.25720107555389404,0.5337872505187988,0.02925894223153591
26,60,True,0.8255813717842102,1,0.816810131072998,0.25732365250587463,0.5345940589904785,0.02837323769927025
26,61,True,0.8643410801887512,1,0.8167012333869934,0.2570875287055969,0.5345692038536072,0.028436807915568352
26,62,True,0.9031007885932922,1,0.817137598991394,0.25635164976119995,0.5394613742828369,0.027493471279740334
26,63,True,0.9418604373931885,1,0.8184635639190674,0.2546880543231964,0.5363187789916992,0.026657145470380783
26,64,True,0.9806201457977295,1,0.818778395652771,0.25390857458114624,0.5350311994552612,0.02575414814054966
26,65,True,1.0,1,0.8181759715080261,0.25337255001068115,0.5345319509506226,0.025241021066904068
26,66,True,1.0,1,0.8184291124343872,0.2531660497188568,0.5334446430206299,0.025053083896636963
26,67,True,1.0,1,0.8184919357299805,0.2531341314315796,0.5327243804931641,0.02487381547689438
26,68,True,1.0,1,0.8185000419616699,0.25309818983078003,0.5323387384414673,0.0247561726719141
26,69,True,1.0,1,0.8184899687767029,0.2530684769153595,0.5321877598762512,0.02464202046394348
26,70,True,1.0,1,0.8184753656387329,0.2530524432659149,0.5320663452148438,0.024613315239548683
26,71,True,1.0,1,0.8184745907783508,0.25303778052330017,0.5320063829421997,0.024600068107247353
26,72,True,1.0,1,0.8184674978256226,0.2530381381511688,0.5319660902023315,0.024594493210315704
26,73,True,1.0,1,0.8184677362442017,0.2530393898487091,0.5319575071334839,0.024590447545051575
26,74,True,1.0,1,0.8184703588485718,0.2530405819416046,0.5319479703903198,0.024588128551840782
26,75,True,1.0,1,0.8184746503829956,0.2530440092086792,0.5319446921348572,0.02458810806274414
26,76,True,1.0,1,0.8184736967086792,0.2530440092086792,0.5319436192512512,0.024586647748947144
26,77,True,1.0,1,0.8184260725975037,0.2529175877571106,0.5315439701080322,0.024644017219543457
26,78,True,1.0,1,0.8184352517127991,0.25291699171066284,0.5315576195716858,0.024657608941197395
26,79,True,1.0,1,0.8184290528297424,0.2529226839542389,0.5315607786178589,0.024661680683493614
26,80,True,1.0,1,0.8184260725975037,0.2529233396053314,0.5315656065940857,0.024663729593157768
26,81,True,1.0,1,0.818426787853241,0.25291797518730164,0.531570553779602,0.024665415287017822
26,82,True,1.0,1,0.8184308409690857,0.2529139816761017,0.5315680503845215,0.02466418221592903
26,83,True,1.0,1,0.8184286952018738,0.25291529297828674,0.5315693616867065,0.024663440883159637
26,84,True,1.0,1,0.8184258341789246,0.2529149055480957,0.5315698385238647,0.024663038551807404
26,85,True,1.0,1,0.8184268474578857,0.25269803404808044,0.5309447050094604,0.024874497205018997
26,86,True,1.0,1,0.8184528350830078,0.25268763303756714,0.5310092568397522,0.02489289455115795
26,87,True,1.0,1,0.8184397220611572,0.25267499685287476,0.5310451984405518,0.024909012019634247
26,88,True,1.0,1,0.8184456825256348,0.25268471240997314,0.5310639142990112,0.024912700057029724
26,89,True,1.0,1,0.8184499740600586,0.2526859641075134,0.531072735786438,0.024913761764764786
26,90,True,1.0,1,0.8184487819671631,0.2526843845844269,0.5310741662979126,0.024913974106311798
26,91,True,1.0,1,0.8184483051300049,0.2526862621307373,0.5310745239257812,0.024912994354963303
26,92,True,1.0,1,0.8184487819671631,0.2526874542236328,0.5310741662979126,0.02491261437535286
26,93,True,1.0,1,0.8184983730316162,0.25247859954833984,0.5304936766624451,0.025171225890517235
26,94,True,1.0,1,0.8185179233551025,0.25247278809547424,0.5305830240249634,0.025189727544784546
26,95,True,1.0,1,0.8185141086578369,0.25245749950408936,0.5306305885314941,0.025196127593517303
26,96,True,1.0,1,0.8185104131698608,0.2524511218070984,0.5306464433670044,0.025198904797434807
26,97,False,0.0,1,0.8205810189247131,0.2638724744319916,0.5319545269012451,0.05401802808046341
26,98,False,0.0,1,0.8189659118652344,0.26456332206726074,0.5312998294830322,0.05352373421192169
26,99,False,0.0,1,0.8162517547607422,0.2661930322647095,0.5313796401023865,0.05193895101547241
26,100,False,0.0,1,0.8143945336341858,0.26785025000572205,0.5307010412216187,0.04989994689822197
26,101,False,0.0,1,0.8132084608078003,0.2686571180820465,0.5301846265792847,0.04855859652161598
26,102,False,0.0,1,0.812745213508606,0.26891693472862244,0.5290417671203613,0.04641227796673775
26,103,False,0.0,1,0.8112421035766602,0.2703312933444977,0.5277894735336304,0.04491430148482323
26,104,False,0.0,1,0.8101919889450073,0.27087438106536865,0.5283886790275574,0.043210312724113464
26,105,False,0.0,1,0.8091294765472412,0.2713000476360321,0.5283163785934448,0.04247452691197395
26,106,False,0.0,1,0.809310793876648,0.2708924412727356,0.527092456817627,0.04176640138030052
26,107,False,0.0,1,0.810002326965332,0.2706693410873413,0.5268169045448303,0.04040179029107094
26,108,False,0.0,1,0.8103797435760498,0.2705094516277313,0.5283737182617188,0.040134768933057785
26,109,False,0.0,1,0.8116238117218018,0.26902714371681213,0.5277916193008423,0.04026411101222038
26,110,False,0.0,1,0.8122810125350952,0.26788023114204407,0.5268911123275757,0.03998424857854843
26,111,False,0.0,1,0.8127602338790894,0.266902893781662,0.5260186195373535,0.03913150727748871
26,112,False,0.0,1,0.812837541103363,0.26657235622406006,0.5265425443649292,0.03878220170736313
26,113,False,0.0,1,0.812461256980896,0.2664155662059784,0.5292209386825562,0.038508541882038116
26,114,False,0.0,1,0.8127562999725342,0.2657575011253357,0.5320466756820679,0.03896280378103256
26,115,False,0.0,1,0.8132603764533997,0.26486170291900635,0.5345081090927124,0.039397936314344406
26,116,False,0.0,1,0.8140453696250916,0.2641723155975342,0.5374569892883301,0.03992300108075142
26,117,False,0.0,1,0.8148791193962097,0.26381829380989075,0.5381965637207031,0.040012769401073456
26,118,False,0.0,1,0.8150763511657715,0.2636895775794983,0.5379974246025085,0.03974848985671997
26,119,False,0.0,1,0.815546452999115,0.26340198516845703,0.5387476682662964,0.04046199098229408
26,120,False,0.0,1,0.8174548149108887,0.26162418723106384,0.5486684441566467,0.042277704924345016
26,121,False,0.0,1,0.8182074427604675,0.261152446269989,0.5574739575386047,0.04431331530213356
26,122,False,0.0,1,0.8184582591056824,0.2608872652053833,0.5610858798027039,0.04517733305692673
26,123,False,0.0,1,0.8187770247459412,0.2605663239955902,0.563660740852356,0.04590260982513428
26,124,False,0.0,1,0.8191230893135071,0.26056376099586487,0.5649714469909668,0.04655608907341957
26,125,False,0.0,1,0.8190735578536987,0.2602922320365906,0.5669943690299988,0.04761475697159767
26,126,False,0.0,1,0.8189431428909302,0.260433554649353,0.5705716609954834,0.049236562103033066
26,127,False,0.0,1,0.817803144454956,0.26083576679229736,0.5731511116027832,0.050333160907030106
26,128,False,0.0,1,0.817556619644165,0.26111268997192383,0.5740286111831665,0.050192270427942276
26,129,False,0.0,1,0.8169934749603271,0.2612958550453186,0.5747601985931396,0.05024564266204834
27,0,False,0.0,0,0.7456605434417725,0.18340064585208893,0.542729377746582,0.03912438452243805
27,1,False,0.0,1,0.831325888633728,0.2522880434989929,0.5632696151733398,0.04386582598090172
27,2,False,0.0,1,0.8312610983848572,0.25219568610191345,0.5636221170425415,0.04397784546017647
27,3,False,0.0,1,0.8304751515388489,0.25287318229675293,0.5654765367507935,0.044137679040431976
27,4,False,0.0,1,0.82949298620224,0.2537764310836792,0.5665004253387451,0.043956734240055084
27,5,False,0.0,1,0.8286885023117065,0.2542283535003662,0.5677382946014404,0.043411318212747574
27,6,False,0.0,1,0.8268711566925049,0.25525522232055664,0.570199728012085,0.04369132220745087
27,7,False,0.0,1,0.8257182240486145,0.25630226731300354,0.5721785426139832,0.044554732739925385
27,8,False,0.0,1,0.8247410655021667,0.25718608498573303,0.5717878937721252,0.04465625435113907
27,9,False,0.0,1,0.8231828212738037,0.2582920789718628,0.5730944871902466,0.04487663507461548
27,10,False,0.0,1,0.8219237327575684,0.25960537791252136,0.5730365514755249,0.04573012515902519
27,11,False,0.0,1,0.8212504386901855,0.2608241140842438,0.5762938857078552,0.047505829483270645
27,12,False,0.0,1,0.8200373649597168,0.26164284348487854,0.5760331153869629,0.04919057711958885
27,13,False,0.0,1,0.8183635473251343,0.2634444832801819,0.5743268728256226,0.05017634108662605
27,14,False,0.0,1,0.8172335624694824,0.2646797001361847,0.5728548765182495,0.05042848363518715
27,15,False,0.0,1,0.8162625432014465,0.2653786838054657,0.5712553262710571,0.050100721418857574
27,16,False,0.0,1,0.8156277537345886,0.26603153347969055,0.5701162815093994,0.050158388912677765
27,17,False,0.0,1,0.8146899938583374,0.2667657136917114,0.5678272843360901,0.04980351775884628
27,18,False,0.0,1,0.81374192237854,0.2677780091762543,0.5662389993667603,0.04975990951061249
27,19,False,0.0,1,0.8130979537963867,0.26875805854797363,0.5631983280181885,0.049415454268455505
27,20,False,0.0,1,0.8130656480789185,0.26881110668182373,0.5595450401306152,0.04808764532208443
27,21,False,0.0,1,0.813023030757904,0.26878926157951355,0.5557090044021606,0.04751031845808029
27,22,False,0.0,1,0.8130825161933899,0.26862168312072754,0.5529773235321045,0.04721294343471527
27,23,False,0.0,1,0.812852144241333,0.2685614824295044,0.5511422157287598,0.04673810675740242
27,24,False,0.0,1,0.8128769993782043,0.26830464601516724,0.5468968749046326,0.04656722769141197
27,25,False,0.0,1,0.8125292062759399,0.26947540044784546,0.5452311038970947,0.04727271571755409
27,26,False,0.0,1,0.8114873170852661,0.2701459228992462,0.5420804023742676,0.0478082112967968
27,27,False,0.0,1,0.8110778331756592,0.2702767550945282,0.5395705699920654,0.04829894006252289
27,28,False,0.0,1,0.8116294741630554,0.26938432455062866,0.5356850028038025,0.048402514308691025
27,29,False,0.0,1,0.8103857040405273,0.2694140672683716,0.5321766138076782,0.04870601370930672
27,30,True,0.04639175161719322,1,0.8115940093994141,0.26796507835388184,0.5298192501068115,0.0474000982940197
27,31,True,0.09793814271688461,1,0.8115417957305908,0.26799651980400085,0.5227900743484497,0.042627569288015366
27,32,True,0.1494845300912857,1,0.8137888312339783,0.2644307017326355,0.5180058479309082,0.040275417268276215
27,33,True,0.2010309249162674,1,0.8152079582214355,0.2625744044780731,0.5161199569702148,0.037106629461050034
27,34,True,0.2525773048400879,1,0.8165768384933472,0.25852057337760925,0.522363543510437,0.033933546394109726
27,35,True,0.3041236996650696,1,0.819345235824585,0.25709569454193115,0.5267755389213562,0.033289480954408646
27,36,True,0.35567009449005127,1,0.8197658061981201,0.25662529468536377,0.5255679488182068,0.032234061509370804
27,37,True,0.40721648931503296,1,0.8180955052375793,0.25576815009117126,0.5269857048988342,0.031486716121435165
27,38,True,0.45876288414001465,1,0.818130612373352,0.2554672360420227,0.5285810232162476,0.03067338466644287
27,39,True,0.5103092789649963,1,0.8183223009109497,0.25561875104904175,0.5289278030395508,0.029336199164390564
27,40,True,0.561855673789978,1,0.8186179399490356,0.25596877932548523,0.5283498167991638,0.028171943500638008
27,41,True,0.6134020686149597,1,0.8182011842727661,0.2558882236480713,0.5291532874107361,0.02710624225437641
27,42,True,0.6649484634399414,1,0.818494439125061,0.25595834851264954,0.5316563248634338,0.02733864076435566
27,43,True,0.7164948582649231,1,0.8185193538665771,0.25650525093078613,0.5329234600067139,0.027494164183735847
27,44,True,0.7680412530899048,1,0.8184729814529419,0.2563113570213318,0.5334551334381104,0.02828783541917801
27,45,True,0.8195876479148865,1,0.8183650970458984,0.25714582204818726,0.5355532169342041,0.02806825563311577
27,46,True,0.8711340427398682,1,0.8187268972396851,0.25586798787117004,0.5343953371047974,0.02822839841246605
27,47,True,0.9226804375648499,1,0.8184301257133484,0.2550933361053467,0.5390051603317261,0.027892040088772774
27,48,True,0.9742268323898315,1,0.8194926977157593,0.25388023257255554,0.5341764092445374,0.02715417742729187
27,49,True,1.0,1,0.8189715147018433,0.2526462972164154,0.5310929417610168,0.02704351581633091
27,50,True,1.0,1,0.8192172646522522,0.2525253891944885,0.5300224423408508,0.027076082304120064
27,51,True,1.0,1,0.819330096244812,0.2524479925632477,0.5293540954589844,0.027026692405343056
27,52,True,1.0,1,0.8193542957305908,0.25240546464920044,0.5289909243583679,0.026940949261188507
27,53,True,1.0,1,0.8193771839141846,0.252407431602478,0.5287969708442688,0.026895221322774887
27,54,True,1.0,1,0.8193918466567993,0.25240179896354675,0.5286993980407715,0.026872368529438972
27,55,True,1.0,1,0.8193970322608948,0.2523903548717499,0.5286474227905273,0.02685989998281002
27,56,True,1.0,1,0.8193972706794739,0.2523873746395111,0.5286241173744202,0.026854993775486946
27,57,True,1.0,1,0.8194029927253723,0.2523827850818634,0.52861487865448,0.026850877329707146
27,58,True,1.0,1,0.8194116353988647,0.25238966941833496,0.5286061763763428,0.026848509907722473
27,59,True,1.0,1,0.8194681406021118,0.25236502289772034,0.5286051630973816,0.02694951556622982
27,60,True,1.0,1,0.8194743394851685,0.2523621916770935,0.5286221504211426,0.026949774473905563
27,61,True,1.0,1,0.8194788694381714,0.2523628771305084,0.5286313891410828,0.026948459446430206
27,62,True,1.0,1,0.8194729089736938,0.2523627281188965,0.5286403298377991,0.026949774473905563
27,63,True,1.0,1,0.8194736242294312,0.2523610293865204,0.5286420583724976,0.026949027553200722
27,64,True,1.0,1,0.8194741010665894,0.25236043334007263,0.5286436080932617,0.026950545608997345
27,65,True,1.0,1,0.8194774389266968,0.25235965847969055,0.5286432504653931,0.026950502768158913
27,66,True,1.0,1,0.8194769620895386,0.2523616552352905,0.528642475605011,0.026951519772410393
27,67,True,1.0,1,0.8196102380752563,0.2522721588611603,0.5285786390304565,0.0270843505859375
27,68,True,1.0,1,0.8196145296096802,0.25226715207099915,0.5285943150520325,0.02708084136247635
27,69,True,1.0,1,0.819621741771698,0.2522641122341156,0.5286040306091309,0.027077792212367058
27,70,True,1.0,1,0.8196230530738831,0.2522640824317932,0.5286069512367249,0.02707691118121147
27,71,True,1.0,1,0.8196216225624084,0.2522653639316559,0.5286101698875427,0.0270768404006958
27,72,True,1.0,1,0.81962651014328,0.2522624731063843,0.528609037399292,0.027076995000243187
27,73,False,0.0,1,0.8150027394294739,0.2673337757587433,0.5332359075546265,0.04511219263076782
27,74,False,0.0,1,0.8125461339950562,0.2691451609134674,0.5291966795921326,0.04452136531472206
27,75,False,0.0,1,0.8096124529838562,0.27117300033569336,0.5248187184333801,0.04286031052470207
27,76,False,0.0,1,0.807176947593689,0.27291837334632874,0.5183537006378174,0.041935015469789505
27,77,False,0.0,1,0.805855393409729,0.2737903296947479,0.5171002745628357,0.04139568284153938
27,78,False,0.0,1,0.8050810694694519,0.274604469537735,0.5171285271644592,0.040831487625837326
27,79,False,0.0,1,0.8047596216201782,0.27438345551490784,0.5164428949356079,0.04046612232923508
27,80,False,0.0,1,0.8048803210258484,0.27403461933135986,0.5173676013946533,0.04052696004509926
27,81,False,0.0,1,0.805662214756012,0.272983193397522,0.5177221298217773,0.04040123149752617
27,82,False,0.0,1,0.8062597513198853,0.27203384041786194,0.5190157890319824,0.04003142938017845
27,83,False,0.0,1,0.8071443438529968,0.270824670791626,0.5209534168243408,0.04018750041723251
27,84,False,0.0,1,0.8079086542129517,0.2693023085594177,0.523150622844696,0.04006566107273102
27,85,False,0.0,1,0.8088740110397339,0.2675240635871887,0.5247801542282104,0.03998290002346039
27,86,False,0.0,1,0.8100001215934753,0.2658437490463257,0.5271949768066406,0.03957713022828102
27,87,False,0.0,1,0.8120660185813904,0.2638673782348633,0.531753659248352,0.039422906935214996
27,88,False,0.0,1,0.8130890130996704,0.26308706402778625,0.5351482629776001,0.03936866298317909
27,89,False,0.0,1,0.8136035203933716,0.26261112093925476,0.537379264831543,0.03967082127928734
27,90,False,0.0,1,0.813687801361084,0.26224127411842346,0.5389637351036072,0.03999374806880951
27,91,False,0.0,1,0.8134229183197021,0.26206064224243164,0.5397701263427734,0.04003940522670746
27,92,False,0.0,1,0.813313901424408,0.2619471251964569,0.5401957035064697,0.04009919613599777
27,93,False,0.0,1,0.8134923577308655,0.2619359493255615,0.5399594306945801,0.03998010605573654
27,94,False,0.0,1,0.8140078783035278,0.2617715895175934,0.543205738067627,0.04072514921426773
27,95,False,0.0,1,0.8152294158935547,0.26164305210113525,0.5513521432876587,0.043132491409778595
27,96,False,0.0,1,0.8154959082603455,0.2612162232398987,0.5544806718826294,0.044360581785440445
27,97,False,0.0,1,0.8148478269577026,0.26122185587882996,0.5561413764953613,0.04370250925421715
28,0,False,0.0,0,0.7457773685455322,0.16958989202976227,0.5268834233283997,0.039057210087776184
28,1,False,0.0,1,0.835198700428009,0.2490101009607315,0.5474759340286255,0.04626740515232086
28,2,False,0.0,1,0.8354949951171875,0.24894721806049347,0.5485577583312988,0.04632698372006416
28,3,False,0.0,1,0.8361708521842957,0.24863916635513306,0.5490368604660034,0.04635154828429222
28,4,False,0.0,1,0.8371545076370239,0.24741728603839874,0.5495542883872986,0.04715268686413765
28,5,False,0.0,1,0.8378312587738037,0.24658796191215515,0.5504004955291748,0.04819803312420845
28,6,False,0.0,1,0.8381353616714478,0.24640989303588867,0.551508903503418,0.04931080341339111
28,7,False,0.0,1,0.8379980325698853,0.24636125564575195,0.5524553060531616,0.05018802359700203
28,8,False,0.0,1,0.8378496170043945,0.246426060795784,0.554427444934845,0.052008602768182755
28,9,False,0.0,1,0.8372207880020142,0.2463962584733963,0.5564747452735901,0.05338072404265404
28,10,False,0.0,1,0.8365459442138672,0.24693511426448822,0.5589200258255005,0.05479354411363602
28,11,False,0.0,1,0.8361696004867554,0.2473190277814865,0.5601788759231567,0.055030569434165955
28,12,False,0.0,1,0.8359144926071167,0.24773240089416504,0.5618183612823486,0.05474042147397995
28,13,False,0.0,1,0.8353254199028015,0.24858398735523224,0.5633581876754761,0.054890964180231094
28,14,False,0.0,1,0.8348020911216736,0.24913910031318665,0.564115047454834,0.05432099848985672
28,15,False,0.0,1,0.833983302116394,0.24958436191082,0.564181923866272,0.054021015763282776
28,16,False,0.0,1,0.8337449431419373,0.2496558129787445,0.5635890960693359,0.053228043019771576
28,17,False,0.0,1,0.8333897590637207,0.24999366700649261,0.5656157732009888,0.052795276045799255
28,18,False,0.0,1,0.8323896527290344,0.25063273310661316,0.567308247089386,0.0525791309773922
28,19,False,0.0,1,0.8322569727897644,0.2509631812572479,0.5666427612304688,0.051584456115961075
28,20,False,0.0,1,0.8316205143928528,0.2514958083629608,0.566510021686554,0.05112890154123306
28,21,False,0.0,1,0.830681562423706,0.2519061267375946,0.5683820247650146,0.05148406699299812
28,22,False,0.0,1,0.8302599191665649,0.2525103986263275,0.571266770362854,0.05191845819354057
28,23,False,0.0,1,0.8296360373497009,0.25336360931396484,0.5741976499557495,0.05326823145151138
28,24,False,0.0,1,0.8289933800697327,0.2536185085773468,0.5745493173599243,0.05342802777886391
28,25,False,0.0,1,0.8284984827041626,0.253819078207016,0.5742064118385315,0.053794968873262405
28,26,False,0.0,1,0.8280903100967407,0.25416964292526245,0.573165774345398,0.05306823551654816
28,27,False,0.0,1,0.8264297246932983,0.2553005814552307,0.5723223686218262,0.053171489387750626
28,28,False,0.0,1,0.8255745768547058,0.2555793225765228,0.57155442237854,0.05405488237738609
28,29,False,0.0,1,0.8249801397323608,0.25593167543411255,0.5695376396179199,0.05326899141073227
28,30,False,0.0,1,0.8234497308731079,0.2569531500339508,0.5694543123245239,0.05391503870487213
28,31,False,0.0,1,0.8217377066612244,0.2589747905731201,0.567414402961731,0.05336180329322815
28,32,False,0.0,1,0.8212510347366333,0.2605522572994232,0.566622793674469,0.05306180939078331
28,33,False,0.0,1,0.8200927972793579,0.2617603838443756,0.5647484064102173,0.05195032060146332
28,34,False,0.0,1,0.8187007904052734,0.2631043493747711,0.5632104873657227,0.05139720439910889
28,35,False,0.0,1,0.8171200752258301,0.2640884220600128,0.5626211166381836,0.0507582426071167
28,36,False,0.0,1,0.8160823583602905,0.2644279897212982,0.5596584677696228,0.04996037110686302
28,37,False,0.0,1,0.815517246723175,0.2651624083518982,0.5572701692581177,0.04905412718653679
28,38,False,0.0,1,0.8146312236785889,0.2655712366104126,0.5544977784156799,0.04777631163597107
28,39,False,0.0,1,0.8125555515289307,0.26738324761390686,0.5517527461051941,0.04716801270842552
28,40,False,0.0,1,0.8123024702072144,0.2676965296268463,0.5484548807144165,0.046073973178863525
28,41,False,0.0,1,0.8123621940612793,0.2676534354686737,0.5471466779708862,0.04538891091942787
28,42,False,0.0,1,0.8125345706939697,0.2672554850578308,0.5457147359848022,0.04446448013186455
28,43,False,0.0,1,0.8119668960571289,0.26742175221443176,0.5444289445877075,0.04407034069299698
28,44,False,0.0,1,0.8113188743591309,0.2681747078895569,0.543967068195343,0.04370100796222687
28,45,False,0.0,1,0.8111556172370911,0.26833251118659973,0.5429617166519165,0.04365890473127365
28,46,False,0.0,1,0.8110043406486511,0.26806050539016724,0.5431391000747681,0.04367144778370857
28,47,False,0.0,1,0.8110861778259277,0.26763615012168884,0.5425410270690918,0.04374690726399422
28,48,False,0.0,1,0.8110052943229675,0.26760008931159973,0.5402964949607849,0.04358166828751564
28,49,False,0.0,1,0.8117690086364746,0.26667991280555725,0.5381582975387573,0.04349537193775177
28,50,False,0.0,1,0.8122358322143555,0.26581910252571106,0.5343799591064453,0.04349064826965332
28,51,False,0.0,1,0.8133251667022705,0.2647523581981659,0.5318262577056885,0.044364701956510544
28,52,False,0.0,1,0.8145509958267212,0.26422104239463806,0.5299787521362305,0.045073628425598145
28,53,False,0.0,1,0.8145984411239624,0.2639591097831726,0.5265721082687378,0.04566168412566185
28,54,False,0.0,1,0.8146328330039978,0.2638058364391327,0.5246185064315796,0.04660756140947342
28,55,False,0.0,1,0.8144838213920593,0.26381227374076843,0.5219478607177734,0.04754089564085007
28,56,False,0.0,1,0.8146346807479858,0.26314398646354675,0.5186024308204651,0.04833904281258583
28,57,False,0.0,1,0.8139053583145142,0.26314035058021545,0.5165809392929077,0.04910644143819809
28,58,False,0.0,1,0.8142598271369934,0.2630421221256256,0.5146942138671875,0.049995869398117065
28,59,False,0.0,1,0.8148525953292847,0.263073205947876,0.5107483863830566,0.05088647082448006
28,60,False,0.0,1,0.8149282932281494,0.26429283618927,0.5079079866409302,0.05104001984000206
28,61,False,0.0,1,0.8142074346542358,0.26628926396369934,0.5065854787826538,0.05266975983977318
28,62,False,0.0,1,0.8129419088363647,0.268137127161026,0.5052812099456787,0.05262437462806702
28,63,False,0.0,1,0.8124299049377441,0.26859763264656067,0.5049888491630554,0.053205326199531555
28,64,False,0.0,1,0.8127656579017639,0.268722802400589,0.5033959150314331,0.05433688685297966
28,65,False,0.0,1,0.8126940727233887,0.2685958743095398,0.5040619969367981,0.054235007613897324
28,66,False,0.0,1,0.8129395842552185,0.2675256133079529,0.5070816874504089,0.05329970270395279
28,67,False,0.0,1,0.8132625222206116,0.2670338749885559,0.507733941078186,0.05369576811790466
28,68,False,0.0,1,0.814734935760498,0.26576629281044006,0.5106497406959534,0.054141633212566376
28,69,False,0.0,1,0.8159072399139404,0.2644847333431244,0.5112605094909668,0.05658203735947609
28,70,False,0.0,1,0.8169072866439819,0.26431727409362793,0.513069212436676,0.05687461793422699
28,71,False,0.0,1,0.8171331286430359,0.2641022205352783,0.5122743248939514,0.057102516293525696
28,72,False,0.0,1,0.817779541015625,0.26387232542037964,0.5128304958343506,0.05712975934147835
28,73,False,0.0,1,0.8184696435928345,0.2636965215206146,0.5111737251281738,0.05723315104842186
28,74,False,0.0,1,0.8190819621086121,0.26373422145843506,0.5131464004516602,0.05787117779254913
28,75,False,0.0,1,0.8191269040107727,0.2634865939617157,0.5148413181304932,0.05727653577923775
28,76,False,0.0,1,0.8193760514259338,0.26336345076560974,0.5157288312911987,0.056751884520053864
28,77,False,0.0,1,0.819374144077301,0.2632751166820526,0.5162316560745239,0.056913211941719055
28,78,False,0.0,1,0.8195466995239258,0.26328906416893005,0.518781840801239,0.0565786175429821
28,79,False,0.0,1,0.8195469975471497,0.26328912377357483,0.5198062062263489,0.055596545338630676
28,80,False,0.0,1,0.8191329836845398,0.26348891854286194,0.521822452545166,0.05506548285484314
28,81,False,0.0,1,0.8188884258270264,0.26400747895240784,0.5229344367980957,0.05448613688349724
28,82,False,0.0,1,0.8184313774108887,0.26462680101394653,0.5243048667907715,0.05465614050626755
28,83,False,0.0,1,0.8182792663574219,0.26413244009017944,0.5250227451324463,0.05487421900033951
28,84,False,0.0,1,0.8181765079498291,0.2637539207935333,0.5268756151199341,0.055470265448093414
28,85,False,0.0,1,0.8180002570152283,0.26409271359443665,0.5281798839569092,0.05517195537686348
28,86,False,0.0,1,0.8185462951660156,0.2640005946159363,0.5308863520622253,0.055189475417137146
28,87,False,0.0,1,0.8185327649116516,0.26406145095825195,0.5328720808029175,0.05610810965299606
28,88,False,0.0,1,0.8180570602416992,0.2644045650959015,0.5341131687164307,0.055368706583976746
28,89,False,0.0,1,0.8179056644439697,0.26422548294067383,0.5338993668556213,0.05588215962052345
28,90,False,0.0,1,0.8178486227989197,0.26438793540000916,0.5345462560653687,0.05559247359633446
28,91,False,0.0,1,0.817552387714386,0.2645718455314636,0.5361491441726685,0.055451665073633194
28,92,False,0.0,1,0.8172724843025208,0.26436007022857666,0.5362804532051086,0.05439010635018349
28,93,False,0.0,1,0.8168481588363647,0.2648000419139862,0.5384089350700378,0.05323499068617821
28,94,False,0.0,1,0.8171228766441345,0.26514410972595215,0.5394404530525208,0.052774231880903244
28,95,False,0.0,1,0.816504716873169,0.2659534513950348,0.5398610234260559,0.052173689007759094
28,96,False,0.0,1,0.8156172633171082,0.26660704612731934,0.5382877588272095,0.051926836371421814
28,97,False,0.0,1,0.8147996068000793,0.26811105012893677,0.539172887802124,0.050755683332681656
28,98,False,0.0,1,0.8148537874221802,0.2681411802768707,0.5374007225036621,0.049428075551986694
28,99,False,0.0,1,0.8143826723098755,0.2685081958770752,0.5377248525619507,0.04888206720352173
28,100,False,0.0,1,0.8145001530647278,0.2687535285949707,0.5366169214248657,0.0485389344394207
28,101,False,0.0,1,0.814010500907898,0.26899954676628113,0.5369042158126831,0.04741344973444939
28,102,False,0.0,1,0.8135532736778259,0.2697836458683014,0.5369624495506287,0.04615719988942146
28,103,False,0.0,1,0.8130424618721008,0.27044713497161865,0.5354024171829224,0.045197390019893646
28,104,False,0.0,1,0.8129761219024658,0.2704176902770996,0.5340250730514526,0.04469257593154907
28,105,False,0.0,1,0.8120260238647461,0.271364688873291,0.5344049334526062,0.04370048642158508
28,106,False,0.0,1,0.8115057945251465,0.27142131328582764,0.5342458486557007,0.04289139434695244
28,107,False,0.0,1,0.8111094236373901,0.2714872658252716,0.5343126058578491,0.0419907346367836
28,108,False,0.0,1,0.8113712072372437,0.27088311314582825,0.5339384078979492,0.040732234716415405
28,109,False,0.0,1,0.8117166757583618,0.27043062448501587,0.5351259708404541,0.04007907211780548
28,110,False,0.0,1,0.81207275390625,0.2701684236526489,0.535979688167572,0.04011981561779976
28,111,False,0.0,1,0.8128108978271484,0.2698558568954468,0.5356487035751343,0.04002643749117851
28,112,False,0.0,1,0.8126202821731567,0.27006179094314575,0.5359336137771606,0.04032401368021965
28,113,False,0.0,1,0.8129788637161255,0.26950228214263916,0.5344351530075073,0.040223535150289536
28,114,False,0.0,1,0.8130130767822266,0.2690380811691284,0.5339460372924805,0.039792466908693314
28,115,False,0.0,1,0.8136636018753052,0.2682799994945526,0.534234881401062,0.039570216089487076
28,116,False,0.0,1,0.8140109777450562,0.268326073884964,0.5341780185699463,0.039545051753520966
28,117,False,0.0,1,0.8136410713195801,0.2682386040687561,0.5340984463691711,0.03870471566915512
28,118,False,0.0,1,0.8131638765335083,0.26874804496765137,0.5342098474502563,0.038560763001441956
28,119,False,0.0,1,0.8124585747718811,0.2695449888706207,0.5353039503097534,0.03843260928988457
28,120,False,0.0,1,0.8121622800827026,0.27050554752349854,0.5363399386405945,0.03842618316411972
28,121,False,0.0,1,0.8118268847465515,0.2712584137916565,0.5367122292518616,0.03853309527039528
28,122,False,0.0,1,0.8112303018569946,0.2719822824001312,0.5367336273193359,0.03858001157641411
28,123,False,0.0,1,0.8106645345687866,0.27242425084114075,0.5370672345161438,0.038755759596824646
28,124,False,0.0,1,0.8102820515632629,0.2725459933280945,0.5364530086517334,0.038276560604572296
28,125,False,0.0,1,0.8102155327796936,0.27269795536994934,0.5367504358291626,0.03798528388142586
28,126,False,0.0,1,0.810334324836731,0.27257657051086426,0.5368438959121704,0.03786313161253929
28,127,False,0.0,1,0.8106530904769897,0.271907240152359,0.5371377468109131,0.03762378543615341
28,128,False,0.0,1,0.811166524887085,0.27154341340065,0.5374584794044495,0.03748643025755882
28,129,False,0.0,1,0.8116598129272461,0.2708689868450165,0.5372016429901123,0.037211205810308456
28,130,False,0.0,1,0.8120250701904297,0.27000725269317627,0.5381053686141968,0.037380073219537735
28,131,False,0.0,1,0.8117504715919495,0.2690449357032776,0.5388807058334351,0.037306882441043854
28,132,False,0.0,1,0.811412513256073,0.26825881004333496,0.5398068428039551,0.037217579782009125
28,133,False,0.0,1,0.810381293296814,0.26792702078819275,0.540728747844696,0.037011317908763885
28,134,False,0.0,1,0.8100995421409607,0.2673564851284027,0.542051374912262,0.03699733316898346
28,135,False,0.0,1,0.8094196319580078,0.26746079325675964,0.542542576789856,0.03677493706345558
28,136,False,0.0,1,0.8097044229507446,0.26710131764411926,0.5428760051727295,0.03683418035507202
28,137,False,0.0,1,0.8098011016845703,0.26701003313064575,0.5430949926376343,0.03685369715094566
28,138,False,0.0,1,0.8099238872528076,0.26668673753738403,0.5445311665534973,0.037167586386203766
28,139,False,0.0,1,0.8097766041755676,0.2666124403476715,0.5454103946685791,0.037309300154447556
28,140,False,0.0,1,0.8100873231887817,0.2663533091545105,0.5441535711288452,0.036889273673295975
28,141,False,0.0,1,0.8102449178695679,0.2660638093948364,0.543341338634491,0.03683310002088547
28,142,False,0.0,1,0.81094890832901,0.2657593786716461,0.5435076951980591,0.0370439812541008
28,143,False,0.0,1,0.8102821707725525,0.26580309867858887,0.5429010391235352,0.03701207786798477
28,144,False,0.0,1,0.8100396394729614,0.2658943235874176,0.5421277284622192,0.03706606104969978
28,145,False,0.0,1,0.810459315776825,0.2659478187561035,0.5403645038604736,0.03681856021285057
28,146,False,0.0,1,0.8108757734298706,0.26574259996414185,0.5391163229942322,0.03692469000816345
28,147,False,0.0,1,0.8111047148704529,0.2657213509082794,0.5403163433074951,0.0369449108839035
28,148,False,0.0,1,0.8112497329711914,0.2658889591693878,0.540611982345581,0.036794036626815796
28,149,False,0.0,1,0.8103127479553223,0.2664421498775482,0.5410301089286804,0.036805860698223114
28,150,False,0.0,1,0.809274435043335,0.26772990822792053,0.5421075820922852,0.03676315397024155
28,151,False,0.0,1,0.8087261915206909,0.2681243419647217,0.5453439354896545,0.03744620457291603
28,152,False,0.0,1,0.8097370862960815,0.2677677869796753,0.5474666357040405,0.03802252933382988
28,153,False,0.0,1,0.8099136352539062,0.26806965470314026,0.5471905469894409,0.0385734848678112
28,154,False,0.0,1,0.8115587830543518,0.2668249011039734,0.5479730367660522,0.039190568029880524
28,155,False,0.0,1,0.8139158487319946,0.2649422287940979,0.5483641028404236,0.03949631005525589
28,156,False,0.0,1,0.8145328760147095,0.26427119970321655,0.5489720106124878,0.03978455811738968
28,157,False,0.0,1,0.8142467737197876,0.2641246020793915,0.5498126745223999,0.03999318182468414
28,158,False,0.0,1,0.8138192892074585,0.26399579644203186,0.5507794618606567,0.04025899991393089
28,159,False,0.0,1,0.8152130842208862,0.2629859745502472,0.5531827807426453,0.04111846163868904
28,160,False,0.0,1,0.8155908584594727,0.26238733530044556,0.5537135601043701,0.04143372178077698
28,161,False,0.0,1,0.816055178642273,0.26250985264778137,0.55748450756073,0.0429878793656826
28,162,False,0.0,1,0.8159696459770203,0.2618567645549774,0.5592342615127563,0.043496210128068924
28,163,False,0.0,1,0.8159550428390503,0.2614113688468933,0.5620537996292114,0.04479349032044411
28,164,False,0.0,1,0.8152245283126831,0.2608526647090912,0.5640785694122314,0.045805178582668304
28,165,False,0.0,1,0.8135389089584351,0.26029732823371887,0.566166877746582,0.04664085805416107
28,166,False,0.0,1,0.8131840229034424,0.2600756585597992,0.5668408274650574,0.04673806577920914
29,0,False,0.0,0,0.7327886819839478,0.18473313748836517,0.5441001653671265,0.04706782475113869
29,1,False,0.0,1,0.8278638124465942,0.25646477937698364,0.5625708103179932,0.048018794506788254
29,2,False,0.0,1,0.8282406330108643,0.25612419843673706,0.563117504119873,0.04889938235282898
29,3,False,0.0,1,0.8281098008155823,0.2561942934989929,0.5638294816017151,0.04954709857702255
29,4,False,0.0,1,0.8283787369728088,0.2561374008655548,0.5640592575073242,0.04983404278755188
29,5,False,0.0,1,0.8288173675537109,0.25593283772468567,0.5644100904464722,0.049791865050792694
29,6,False,0.0,1,0.8288561105728149,0.25610002875328064,0.5646679401397705,0.0501495786011219
29,7,False,0.0,1,0.8290153741836548,0.256194531917572,0.565554678440094,0.05055481940507889
29,8,False,0.0,1,0.8286284804344177,0.2560158371925354,0.5661945343017578,0.05022285878658295
29,9,False,0.0,1,0.8288706541061401,0.2560904324054718,0.5666847229003906,0.0498160682618618
29,10,False,0.0,1,0.8290143609046936,0.2561511695384979,0.5672459602355957,0.049458134919404984
29,11,False,0.0,1,0.8289284706115723,0.2561163306236267,0.5683499574661255,0.04906245321035385
29,12,False,0.0,1,0.829073429107666,0.25576287508010864,0.5690898895263672,0.04871702939271927
29,13,False,0.0,1,0.8293271064758301,0.255503386259079,0.5694596767425537,0.048286452889442444
29,14,False,0.0,1,0.8294481635093689,0.255039781332016,0.570259690284729,0.04773406684398651
29,15,False,0.0,1,0.8296875953674316,0.2545923590660095,0.5706961154937744,0.04744650796055794
29,16,False,0.0,1,0.8298549652099609,0.254315048456192,0.5717709064483643,0.046952567994594574
29,17,False,0.0,1,0.8297363519668579,0.2543625235557556,0.5726674795150757,0.0465945266187191
29,18,False,0.0,1,0.8297430276870728,0.25446534156799316,0.5729644894599915,0.046041715890169144
29,19,False,0.0,1,0.8292937278747559,0.2546563148498535,0.5735106468200684,0.04576015844941139
29,20,False,0.0,1,0.8289201259613037,0.25498953461647034,0.5737887024879456,0.04551819711923599
29,21,False,0.0,1,0.8289437890052795,0.2552870810031891,0.5745433568954468,0.04545961320400238
29,22,False,0.0,1,0.8291342258453369,0.25553184747695923,0.574608564376831,0.04531467705965042
29,23,False,0.0,1,0.8288798332214355,0.25602075457572937,0.5746688842773438,0.04514135420322418
29,24,False,0.0,1,0.8284366130828857,0.25644704699516296,0.5751029253005981,0.045009516179561615
29,25,False,0.0,1,0.8286079168319702,0.2568441927433014,0.5758345723152161,0.04533061385154724
29,26,False,0.0,1,0.82806795835495,0.2575223743915558,0.5774279236793518,0.04555334150791168
29,27,False,0.0,1,0.8275840282440186,0.25810277462005615,0.5787195563316345,0.04564204066991806
29,28,False,0.0,1,0.8264767527580261,0.2584850490093231,0.5796780586242676,0.04606053978204727
29,29,False,0.0,1,0.8246442079544067,0.259270578622818,0.5808327198028564,0.04640544205904007
29,30,False,0.0,1,0.8230065107345581,0.2604549527168274,0.5820178985595703,0.04640195146203041
29,31,False,0.0,1,0.8218876123428345,0.26167288422584534,0.5821309685707092,0.04637080058455467
29,32,False,0.0,1,0.8203633427619934,0.2627924978733063,0.5814706087112427,0.046499062329530716
29,33,False,0.0,1,0.8188544511795044,0.263329416513443,0.5803004503250122,0.046180032193660736
29,34,False,0.0,1,0.8178157806396484,0.26419326663017273,0.5801998376846313,0.04637252166867256
29,35,False,0.0,1,0.8173168301582336,0.26465606689453125,0.5803103446960449,0.04623674228787422
29,36,False,0.0,1,0.8166303038597107,0.2648076117038727,0.5789679288864136,0.0459354929625988
29,37,False,0.0,1,0.8162683248519897,0.2646375000476837,0.576582133769989,0.04489510878920555
29,38,False,0.0,1,0.8162986040115356,0.26460564136505127,0.5737900733947754,0.04401206597685814
29,39,False,0.0,1,0.8161128759384155,0.2645711898803711,0.571089506149292,0.04307691380381584
29,40,False,0.0,1,0.8164305686950684,0.26331016421318054,0.5694756507873535,0.04261917248368263
29,41,False,0.0,1,0.8173791766166687,0.2623034715652466,0.5667238831520081,0.041595458984375
29,42,True,0.007092198356986046,1,0.8177116513252258,0.26143747568130493,0.5647541284561157,0.041631441563367844
29,43,True,0.0357142873108387,1,0.8175215721130371,0.26131245493888855,0.5612763166427612,0.041139036417007446
29,44,True,0.0714285746216774,1,0.8174487352371216,0.26133427023887634,0.5587457418441772,0.04081140086054802
29,45,True,0.1071428582072258,1,0.817110538482666,0.26117727160453796,0.5558086633682251,0.040094394236803055
29,46,True,0.1428571492433548,1,0.8166186809539795,0.2608737349510193,0.5557153224945068,0.040483035147190094
29,47,True,0.1785714328289032,1,0.8159224987030029,0.26222217082977295,0.5539966225624084,0.04129289463162422
29,48,True,0.2142857164144516,1,0.8155561685562134,0.2634657621383667,0.5532546043395996,0.042737364768981934
29,49,True,0.25,1,0.814917802810669,0.26441729068756104,0.5529111623764038,0.04360263794660568
29,50,True,0.2857142984867096,1,0.8147470355033875,0.26531293988227844,0.552179217338562,0.04348991438746452
29,51,True,0.3214285671710968,1,0.8144299387931824,0.26630136370658875,0.5518768429756165,0.043152958154678345
29,52,True,0.3571428656578064,1,0.8141190409660339,0.26698926091194153,0.5496970415115356,0.04382389411330223
29,53,True,0.3928571343421936,1,0.8140377998352051,0.267412006855011,0.5499774217605591,0.045058973133563995
29,54,True,0.4285714328289032,1,0.8134720325469971,0.26709580421447754,0.5455352067947388,0.04513183981180191
29,55,True,0.4642857015132904,1,0.8136969804763794,0.2665267586708069,0.5380746722221375,0.04275853931903839
29,56,True,0.5,1,0.8139322996139526,0.26711878180503845,0.5316385626792908,0.04119290038943291
29,57,True,0.5357142686843872,1,0.8151441812515259,0.2666589021682739,0.5277407169342041,0.039381396025419235
29,58,True,0.5714285969734192,1,0.8163403272628784,0.26515424251556396,0.5278487205505371,0.03810281306505203
29,59,True,0.6071428656578064,1,0.817299485206604,0.26305776834487915,0.528036892414093,0.03398236632347107
29,60,True,0.6428571343421936,1,0.817367434501648,0.26230594515800476,0.5287085175514221,0.032140444964170456
29,61,True,0.6785714030265808,1,0.817717432975769,0.260373592376709,0.5315498113632202,0.02953549474477768
29,62,True,0.7142857313156128,1,0.8194752931594849,0.2582465410232544,0.5292906761169434,0.02821863442659378
29,63,True,0.75,1,0.8207083940505981,0.2574706971645355,0.5261577367782593,0.028071407228708267
29,64,True,0.7857142686843872,1,0.8218041658401489,0.25665783882141113,0.5307270288467407,0.027898909524083138
29,65,True,0.8214285969734192,1,0.8213508129119873,0.25656402111053467,0.5349128842353821,0.02854151837527752
29,66,True,0.8571428656578064,1,0.8205726146697998,0.25652584433555603,0.535881519317627,0.028887294232845306
29,67,True,0.8928571343421936,1,0.8206316232681274,0.25686225295066833,0.5391253232955933,0.028898494318127632
29,68,True,0.9285714030265808,1,0.8206970691680908,0.25605860352516174,0.5384765863418579,0.027879932895302773
29,69,True,0.9642857313156128,1,0.8218414783477783,0.2554071545600891,0.5349223613739014,0.028290072456002235
29,70,True,1.0,1,0.8209354877471924,0.25413602590560913,0.5308066010475159,0.028101181611418724
29,71,True,1.0,1,0.821193277835846,0.2538972496986389,0.5297935009002686,0.028182385489344597
29,72,True,1.0,1,0.8212909698486328,0.25381094217300415,0.5291272401809692,0.02806449681520462
29,73,True,1.0,1,0.8213247060775757,0.2537569999694824,0.5287681221961975,0.02797275222837925
29,74,True,1.0,1,0.8212869763374329,0.25368067622184753,0.5286927223205566,0.027855070307850838
29,75,True,1.0,1,0.8212955594062805,0.253667414188385,0.5285650491714478,0.02782459557056427
29,76,True,1.0,1,0.8213027119636536,0.25365740060806274,0.528499960899353,0.02780350111424923
29,77,True,1.0,1,0.8213025331497192,0.2536509037017822,0.5284693241119385,0.027795812115073204
29,78,True,1.0,1,0.8213089108467102,0.2536552846431732,0.5284460783004761,0.027792323380708694
29,79,True,1.0,1,0.8213070034980774,0.25365936756134033,0.5284350514411926,0.02779105305671692
29,80,True,1.0,1,0.8213065266609192,0.25365549325942993,0.5284348726272583,0.027789980173110962
29,81,True,1.0,1,0.821306049823761,0.2536589503288269,0.5284318327903748,0.02778911404311657
29,82,True,1.0,1,0.8214747905731201,0.25368374586105347,0.5285054445266724,0.027749180793762207
29,83,True,1.0,1,0.8214634656906128,0.2536897659301758,0.5285041332244873,0.027742035686969757
29,84,True,1.0,1,0.8214589357376099,0.2536987066268921,0.5285089015960693,0.027738718315958977
29,85,True,1.0,1,0.8214529752731323,0.253694623708725,0.5285060405731201,0.027739405632019043
29,86,True,1.0,1,0.8214552402496338,0.253689169883728,0.5285038948059082,0.027740104123950005
29,87,True,1.0,1,0.8214520215988159,0.2536928355693817,0.5285041332244873,0.02773982658982277
29,88,True,1.0,1,0.8214528560638428,0.25369569659233093,0.5285038352012634,0.027741240337491035
29,89,True,1.0,1,0.8214552402496338,0.2536938786506653,0.5285029411315918,0.02773948758840561
29,90,True,1.0,1,0.821580171585083,0.2536550462245941,0.5285362005233765,0.027723072096705437
29,91,True,1.0,1,0.8215785026550293,0.25365525484085083,0.5285442471504211,0.02772143855690956
29,92,True,1.0,1,0.8215837478637695,0.25365760922431946,0.528557300567627,0.027717221528291702
29,93,True,1.0,1,0.8215832710266113,0.25366243720054626,0.5285598039627075,0.027716081589460373
29,94,True,1.0,1,0.8215857744216919,0.25366631150245667,0.5285593271255493,0.02771630324423313
29,95,True,1.0,1,0.8215852975845337,0.25366342067718506,0.5285615921020508,0.02771640196442604
29,96,True,1.0,1,0.8215852975845337,0.2536633610725403,0.5285627245903015,0.027716295793652534
29,97,True,1.0,1,0.8215857744216919,0.2536654472351074,0.5285614728927612,0.02771627902984619
29,98,True,1.0,1,0.8217062950134277,0.25369691848754883,0.5283893346786499,0.027791205793619156
29,99,True,1.0,1,0.8216937780380249,0.2537071108818054,0.5283952355384827,0.027778713032603264
29,100,True,1.0,1,0.8216869831085205,0.25371116399765015,0.5284039974212646,0.027775000780820847
29,101,True,1.0,1,0.8216961622238159,0.25372442603111267,0.5284017324447632,0.02777114138007164
29,102,True,1.0,1,0.8216913938522339,0.2537231743335724,0.5283992290496826,0.027769852429628372
29,103,True,1.0,1,0.8216906785964966,0.2537221610546112,0.5284013748168945,0.02776828221976757
29,104,True,1.0,1,0.8216933012008667,0.25372299551963806,0.5284017324447632,0.02776869758963585
29,105,False,0.0,1,0.817123532295227,0.26849207282066345,0.5254647731781006,0.04509846866130829
29,106,False,0.0,1,0.8148846626281738,0.269572377204895,0.5232638120651245,0.04435745254158974
29,107,False,0.0,1,0.8123053908348083,0.2711942195892334,0.5219991207122803,0.04286005720496178
29,108,False,0.0,1,0.8107338547706604,0.2723204791545868,0.5211721658706665,0.042037755250930786
29,109,False,0.0,1,0.8100755214691162,0.27296775579452515,0.5204870700836182,0.042141202837228775
29,110,False,0.0,1,0.8099157810211182,0.27318549156188965,0.5197794437408447,0.040915362536907196
29,111,False,0.0,1,0.8102483749389648,0.27341020107269287,0.5198367834091187,0.04060346260666847
29,112,False,0.0,1,0.8110901117324829,0.27292048931121826,0.5206674337387085,0.03942651301622391
29,113,False,0.0,1,0.8122571110725403,0.2718847095966339,0.5217025876045227,0.038578830659389496
29,114,False,0.0,1,0.8132091164588928,0.2702408730983734,0.5213790535926819,0.03746016323566437
29,115,False,0.0,1,0.8144468069076538,0.2682517170906067,0.5244086980819702,0.035831138491630554
29,116,False,0.0,1,0.8150097131729126,0.26724037528038025,0.5276968479156494,0.03555115684866905
29,117,False,0.0,1,0.8153491616249084,0.26636090874671936,0.5306229591369629,0.035494983196258545
29,118,False,0.0,1,0.8153092861175537,0.2658454477787018,0.5320522785186768,0.03546131029725075
29,119,False,0.0,1,0.8155813217163086,0.2655703127384186,0.5329008102416992,0.03558752313256264
29,120,False,0.0,1,0.8157593011856079,0.26548391580581665,0.533851146697998,0.035685278475284576
29,121,False,0.0,1,0.8159704208374023,0.2655166685581207,0.5337634086608887,0.03555486723780632
29,122,False,0.0,1,0.8162510395050049,0.26565036177635193,0.5345878005027771,0.03545951470732689
29,123,False,0.0,1,0.8163890838623047,0.26587119698524475,0.5348742008209229,0.03554431349039078
29,124,False,0.0,1,0.8168846368789673,0.26576608419418335,0.5351266860961914,0.035551462322473526
29,125,False,0.0,1,0.8172562122344971,0.2657579481601715,0.5342722535133362,0.035631585866212845
29,126,False,0.0,1,0.8175977468490601,0.26585716009140015,0.534853458404541,0.0356973260641098
29,127,False,0.0,1,0.8183056116104126,0.2655421197414398,0.5347582101821899,0.0361974872648716
29,128,False,0.0,1,0.8185759782791138,0.265076607465744,0.5351898670196533,0.0363127700984478
29,129,False,0.0,1,0.818508505821228,0.2647557854652405,0.5352140069007874,0.03671429306268692
29,130,False,0.0,1,0.8167775869369507,0.2653674781322479,0.5330530405044556,0.0371638759970665
29,131,False,0.0,1,0.8186067342758179,0.26381438970565796,0.543411910533905,0.039263661950826645
29,132,False,0.0,1,0.8207415342330933,0.26300790905952454,0.5490111112594604,0.04011666402220726
29,133,False,0.0,1,0.8214951753616333,0.2628754675388336,0.5512124300003052,0.04064251109957695
29,134,False,0.0,1,0.8218902349472046,0.26286986470222473,0.5538594722747803,0.041039641946554184
29,135,False,0.0,1,0.8215665817260742,0.26234304904937744,0.5551996231079102,0.04089441895484924
29,136,False,0.0,1,0.8218885660171509,0.2618921101093292,0.5572596788406372,0.04147365689277649
29,137,False,0.0,1,0.8214104771614075,0.2616652548313141,0.5580406188964844,0.04148128256201744
29,138,False,0.0,1,0.8208770155906677,0.2615978419780731,0.5593764185905457,0.04161856696009636
29,139,False,0.0,1,0.8207575082778931,0.2615879476070404,0.5604432821273804,0.04186685010790825
29,140,False,0.0,1,0.8206740617752075,0.26153481006622314,0.5610039234161377,0.04201676696538925
30,0,False,0.0,0,0.7574648857116699,0.17585451900959015,0.5265519022941589,0.03999404236674309
30,1,False,0.0,1,0.8373167514801025,0.25031164288520813,0.5501807928085327,0.04849768802523613
30,2,False,0.0,1,0.8377636671066284,0.24979820847511292,0.5507252216339111,0.048836249858140945
30,3,False,0.0,1,0.8383462429046631,0.24927596747875214,0.5514256954193115,0.04881621524691582
30,4,False,0.0,1,0.8386270403862,0.24885323643684387,0.5533255338668823,0.0494144931435585
30,5,False,0.0,1,0.8398070335388184,0.24775342643260956,0.5549905300140381,0.050513677299022675
30,6,False,0.0,1,0.8407273292541504,0.24674926698207855,0.5563377141952515,0.05236262083053589
30,7,False,0.0,1,0.8408880233764648,0.24678418040275574,0.5557360649108887,0.053032610565423965
30,8,False,0.0,1,0.8406115770339966,0.24709320068359375,0.5549314022064209,0.05411996319890022
30,9,False,0.0,1,0.8399378657341003,0.24755865335464478,0.5547229051589966,0.05461501702666283
30,10,False,0.0,1,0.839459240436554,0.24799911677837372,0.5534950494766235,0.055352583527565
30,11,False,0.0,1,0.8392651081085205,0.24830152094364166,0.5523928999900818,0.05587030202150345
30,12,False,0.0,1,0.8393998742103577,0.2483961284160614,0.5512373447418213,0.05643129721283913
30,13,False,0.0,1,0.8384187817573547,0.24877241253852844,0.5497190952301025,0.05682225897908211
30,14,False,0.0,1,0.8382798433303833,0.24887685477733612,0.549341082572937,0.05733785778284073
30,15,False,0.0,1,0.837645947933197,0.2492060512304306,0.5492328405380249,0.05811699852347374
30,16,False,0.0,1,0.8368887901306152,0.249351367354393,0.5490822792053223,0.058258507400751114
30,17,False,0.0,1,0.8361805081367493,0.24937975406646729,0.5485426187515259,0.05818404257297516
30,18,False,0.0,1,0.8360060453414917,0.2492961585521698,0.5481973886489868,0.05859902501106262
30,19,False,0.0,1,0.8355032205581665,0.24938465654850006,0.5490173101425171,0.05878538265824318
30,20,False,0.0,1,0.8354952335357666,0.24937930703163147,0.5505078434944153,0.05859243497252464
30,21,False,0.0,1,0.8348221182823181,0.24946656823158264,0.5502206683158875,0.058420952409505844
30,22,False,0.0,1,0.8358201384544373,0.24921035766601562,0.5516373515129089,0.05907114967703819
30,23,False,0.0,1,0.8368985652923584,0.2490658462047577,0.5544654130935669,0.05934172868728638
30,24,False,0.0,1,0.8365077972412109,0.24931193888187408,0.5554842352867126,0.05916782468557358
30,25,False,0.0,1,0.8354644179344177,0.25002816319465637,0.5579955577850342,0.05828225240111351
30,26,False,0.0,1,0.8343878984451294,0.2506009638309479,0.5590598583221436,0.05758266523480415
30,27,False,0.0,1,0.833736002445221,0.2507876753807068,0.5616899728775024,0.056905534118413925
30,28,False,0.0,1,0.8325104713439941,0.25123459100723267,0.563869833946228,0.056495897471904755
30,29,False,0.0,1,0.8306939601898193,0.2522474229335785,0.5671800971031189,0.05611320957541466
30,30,False,0.0,1,0.8299651145935059,0.25299158692359924,0.5671802163124084,0.05526886135339737
30,31,False,0.0,1,0.8289586901664734,0.25417447090148926,0.5692638158798218,0.05492977052927017
30,32,False,0.0,1,0.827852725982666,0.2551881670951843,0.5717035531997681,0.054617200046777725
30,33,False,0.0,1,0.8266746401786804,0.2560383677482605,0.5717005729675293,0.05343367159366608
30,34,False,0.0,1,0.825853705406189,0.25693953037261963,0.5710490942001343,0.05259158834815025
30,35,False,0.0,1,0.825303316116333,0.25791773200035095,0.5723735094070435,0.052787620574235916
30,36,False,0.0,1,0.8249999284744263,0.2594296634197235,0.5718927383422852,0.05207664892077446
30,37,False,0.0,1,0.8243781328201294,0.2610722780227661,0.5720164775848389,0.05191223695874214
30,38,False,0.0,1,0.8242452144622803,0.2623361051082611,0.5718494057655334,0.05256151407957077
30,39,False,0.0,1,0.8242117166519165,0.2636486887931824,0.5709725618362427,0.052457667887210846
30,40,True,0.01515151560306549,1,0.8232136964797974,0.26435670256614685,0.567641019821167,0.051432862877845764
30,41,True,0.05303030461072922,1,0.8206440210342407,0.2629587650299072,0.5667120814323425,0.048870284110307693
30,42,True,0.09090909361839294,1,0.818801760673523,0.2630295753479004,0.5621047019958496,0.04316067323088646
30,43,True,0.12878787517547607,1,0.8191273212432861,0.2629757821559906,0.559012770652771,0.042794421315193176
30,44,True,0.1666666716337204,1,0.8191570043563843,0.2622379958629608,0.548027753829956,0.036762189120054245
30,45,True,0.20454545319080353,1,0.8214731216430664,0.2603091597557068,0.5416007041931152,0.035270772874355316
30,46,True,0.24242424964904785,1,0.8196855187416077,0.2604706883430481,0.5336722135543823,0.03563311696052551
30,47,True,0.280303031206131,1,0.8187496662139893,0.2583813965320587,0.5320019721984863,0.03425700590014458
30,48,True,0.3181818127632141,1,0.818175196647644,0.25980356335639954,0.5326175689697266,0.034020815044641495
30,49,True,0.35606059432029724,1,0.8203539252281189,0.2574477791786194,0.5295575857162476,0.033544376492500305
30,50,True,0.39393940567970276,1,0.8220680356025696,0.25597241520881653,0.5288289785385132,0.03385111689567566
30,51,True,0.4318181872367859,1,0.8248917460441589,0.25547096133232117,0.5267441272735596,0.033138569444417953
30,52,True,0.469696968793869,1,0.826371967792511,0.25434625148773193,0.5244336724281311,0.030590755864977837
30,53,True,0.5075757503509521,1,0.826311469078064,0.2541094422340393,0.5253549814224243,0.029339808970689774
30,54,True,0.5454545617103577,1,0.8266690969467163,0.25379815697669983,0.5251477956771851,0.028598761186003685
30,55,True,0.5833333134651184,1,0.8269084692001343,0.25344520807266235,0.5310311913490295,0.02733643911778927
30,56,True,0.6212121248245239,1,0.8261228799819946,0.25383490324020386,0.5316944122314453,0.027826601639389992
30,57,True,0.6590909361839294,1,0.8249177932739258,0.25368115305900574,0.5311669111251831,0.027983400970697403
30,58,True,0.6969696879386902,1,0.8247319459915161,0.2531934082508087,0.5306800603866577,0.027551626786589622
30,59,True,0.7348484992980957,1,0.8254714608192444,0.2528674006462097,0.5326656699180603,0.02812795899808407
30,60,True,0.7727272510528564,1,0.827332615852356,0.25254473090171814,0.5345638990402222,0.027127837762236595
30,61,True,0.810606062412262,1,0.8264365196228027,0.25246238708496094,0.5363109111785889,0.027059780433773994
30,62,True,0.8484848737716675,1,0.8268545269966125,0.2524515688419342,0.5370821952819824,0.02769378200173378
30,63,True,0.8863636255264282,1,0.826697826385498,0.2525753676891327,0.538101077079773,0.027794165536761284
30,64,True,0.9242424368858337,1,0.8260735273361206,0.2526502013206482,0.5371507406234741,0.02799569070339203
30,65,True,0.9621211886405945,1,0.8267104625701904,0.2518686354160309,0.534226655960083,0.02800005115568638
30,66,True,1.0,1,0.8214840888977051,0.25252339243888855,0.5297996997833252,0.02836002968251705
30,67,True,1.0,1,0.8221347332000732,0.25184646248817444,0.5290319323539734,0.028258686885237694
30,68,True,1.0,1,0.8223294019699097,0.25164198875427246,0.5285272598266602,0.028046324849128723
30,69,True,1.0,1,0.822370707988739,0.25156253576278687,0.5281878709793091,0.027909137308597565
30,70,True,1.0,1,0.8223862051963806,0.2515193819999695,0.5280443429946899,0.027823159471154213
30,71,True,1.0,1,0.8223915100097656,0.2515172064304352,0.5279794931411743,0.027771353721618652
30,72,True,1.0,1,0.8223859071731567,0.25152426958084106,0.5279391407966614,0.02774984948337078
30,73,True,1.0,1,0.8223855495452881,0.25153836607933044,0.527916431427002,0.02773592248558998
30,74,True,1.0,1,0.8223829865455627,0.25153207778930664,0.5279066562652588,0.027731453999876976
30,75,True,1.0,1,0.8223857283592224,0.25152885913848877,0.5279013514518738,0.027728501707315445
30,76,True,1.0,1,0.8223914504051208,0.251537948846817,0.5279005765914917,0.027728024870157242
30,77,True,1.0,1,0.822441041469574,0.2514871060848236,0.5277440547943115,0.027811726555228233
30,78,True,1.0,1,0.8224285244941711,0.2514856159687042,0.527764081954956,0.027813762426376343
30,79,True,1.0,1,0.8224221467971802,0.2514816224575043,0.5277706980705261,0.027813613414764404
30,80,True,1.0,1,0.8224209547042847,0.2514808177947998,0.5277763605117798,0.02781551145017147
30,81,True,1.0,1,0.8224223852157593,0.25147926807403564,0.5277774333953857,0.02781245857477188
30,82,True,1.0,1,0.8224223852157593,0.2514793872833252,0.5277793407440186,0.02781219407916069
30,83,True,1.0,1,0.822424054145813,0.2514801323413849,0.5277785062789917,0.02781224250793457
30,84,True,1.0,1,0.8224247694015503,0.2514800429344177,0.5277787446975708,0.027812141925096512
30,85,True,1.0,1,0.8224369287490845,0.2514527440071106,0.5276845693588257,0.02786710113286972
30,86,True,1.0,1,0.8224411606788635,0.25142738223075867,0.5276920795440674,0.02786995656788349
30,87,True,1.0,1,0.8224511742591858,0.25142714381217957,0.5276933908462524,0.027875440195202827
30,88,True,1.0,1,0.8224514126777649,0.25141674280166626,0.5276930332183838,0.027875108644366264
30,89,True,1.0,1,0.8224407434463501,0.25141143798828125,0.5276938676834106,0.02787589654326439
30,90,True,1.0,1,0.8224412202835083,0.25141119956970215,0.5276928544044495,0.02787620946764946
30,91,True,1.0,1,0.8224421739578247,0.2514108419418335,0.527692973613739,0.02787552960216999
30,92,True,1.0,1,0.8224450349807739,0.25140950083732605,0.5276944637298584,0.027876192703843117
30,93,True,1.0,1,0.8224340677261353,0.2514823377132416,0.5275694131851196,0.02793874405324459
30,94,True,1.0,1,0.8224071264266968,0.2514699101448059,0.527580201625824,0.02794090285897255
30,95,True,1.0,1,0.8224153518676758,0.25148215889930725,0.5275739431381226,0.02794288843870163
30,96,True,1.0,1,0.8224217891693115,0.25148990750312805,0.5275787115097046,0.02794489450752735
30,97,True,1.0,1,0.8224203586578369,0.25148940086364746,0.5275758504867554,0.027944283559918404
30,98,True,1.0,1,0.8224173784255981,0.25148361921310425,0.5275752544403076,0.02794649824500084
30,99,False,0.0,1,0.8196914196014404,0.26257961988449097,0.5329508781433105,0.042125847190618515
30,100,False,0.0,1,0.8182151317596436,0.2636263966560364,0.5295978784561157,0.04430461674928665
30,101,False,0.0,1,0.8165453672409058,0.26567673683166504,0.5244801044464111,0.04533563181757927
30,102,False,0.0,1,0.814376711845398,0.26780712604522705,0.5230789184570312,0.04514939337968826
30,103,False,0.0,1,0.8130119442939758,0.2692129611968994,0.5211042165756226,0.04494649916887283
30,104,False,0.0,1,0.812519907951355,0.2698615491390228,0.5217437744140625,0.044563889503479004
30,105,False,0.0,1,0.8119774460792542,0.2700529992580414,0.5218538045883179,0.04442556947469711
30,106,False,0.0,1,0.811038613319397,0.2705565094947815,0.5224002599716187,0.04382418096065521
30,107,False,0.0,1,0.8106021285057068,0.27089184522628784,0.5222657918930054,0.04329734668135643
30,108,False,0.0,1,0.8101730942726135,0.2711121141910553,0.522110104560852,0.04308498650789261
30,109,False,0.0,1,0.8101446628570557,0.2709430754184723,0.5234990119934082,0.04203605279326439
30,110,False,0.0,1,0.8102153539657593,0.27086323499679565,0.5240205526351929,0.04179111868143082
30,111,False,0.0,1,0.8105525970458984,0.27068257331848145,0.525190532207489,0.041546665132045746
30,112,False,0.0,1,0.8109543323516846,0.27010291814804077,0.5278165340423584,0.040726352483034134
30,113,False,0.0,1,0.8113124370574951,0.2700939178466797,0.5301867127418518,0.04097549617290497
30,114,False,0.0,1,0.8116751313209534,0.27007541060447693,0.5308554768562317,0.04111006110906601
30,115,False,0.0,1,0.8121642470359802,0.2700594365596771,0.530028223991394,0.040982965379953384
30,116,False,0.0,1,0.8119303584098816,0.27041947841644287,0.5310205221176147,0.04096059501171112
30,117,False,0.0,1,0.8109114170074463,0.2705487608909607,0.529402494430542,0.04075063765048981
30,118,False,0.0,1,0.8106998205184937,0.26998499035835266,0.5257139801979065,0.039749760180711746
30,119,False,0.0,1,0.8109831213951111,0.26947176456451416,0.5263800621032715,0.039472680538892746
30,120,False,0.0,1,0.8125830888748169,0.26812583208084106,0.5287593603134155,0.03922863304615021
30,121,False,0.0,1,0.8130999803543091,0.2675180435180664,0.5304917097091675,0.039326973259449005
30,122,False,0.0,1,0.8133590221405029,0.26732590794563293,0.5316932201385498,0.03943803533911705
30,123,False,0.0,1,0.8131824731826782,0.2673143148422241,0.5324907302856445,0.03942793980240822
30,124,False,0.0,1,0.8132994174957275,0.26698702573776245,0.5327919721603394,0.0395783931016922
30,125,False,0.0,1,0.813360333442688,0.26690733432769775,0.5337611436843872,0.039616264402866364
30,126,False,0.0,1,0.8134121894836426,0.2666861116886139,0.5340098738670349,0.039762526750564575
30,127,False,0.0,1,0.8136818408966064,0.26649773120880127,0.5348576903343201,0.03961878642439842
30,128,False,0.0,1,0.8130395412445068,0.26613086462020874,0.5406237244606018,0.04045482352375984
30,129,False,0.0,1,0.8138635158538818,0.2651418149471283,0.5524997115135193,0.042887184768915176
30,130,False,0.0,1,0.8156600594520569,0.264477401971817,0.5583640336990356,0.04482525959610939
30,131,False,0.0,1,0.815666913986206,0.2642192244529724,0.5611847043037415,0.045686446130275726
30,132,False,0.0,1,0.8154802322387695,0.26390600204467773,0.5628570318222046,0.04591311141848564
31,0,False,0.0,0,0.7523849010467529,0.17795710265636444,0.5348141193389893,0.042041100561618805
31,1,False,0.0,1,0.8364367485046387,0.25057101249694824,0.553331732749939,0.04788832738995552
31,2,False,0.0,1,0.837729811668396,0.24921587109565735,0.5548104643821716,0.04912741854786873
31,3,False,0.0,1,0.8381378650665283,0.24863320589065552,0.5554122924804688,0.04975653067231178
31,4,False,0.0,1,0.8382575511932373,0.24839180707931519,0.5554847717285156,0.049905747175216675
31,5,False,0.0,1,0.8386576175689697,0.24753770232200623,0.5564494729042053,0.05080872401595116
31,6,False,0.0,1,0.8391737341880798,0.24732813239097595,0.5567060708999634,0.05062435567378998
31,7,False,0.0,1,0.8393643498420715,0.24750688672065735,0.5586879849433899,0.050859253853559494
31,8,False,0.0,1,0.8392629027366638,0.24745221436023712,0.5601935386657715,0.0512227788567543
31,9,False,0.0,1,0.8391901254653931,0.24754910171031952,0.5608091950416565,0.05124622955918312
31,10,False,0.0,1,0.8388547301292419,0.24769456684589386,0.5616194009780884,0.05151717737317085
31,11,False,0.0,1,0.8383157253265381,0.2481151819229126,0.5620056390762329,0.05168391019105911
31,12,False,0.0,1,0.8378108143806458,0.2486443817615509,0.5617688894271851,0.05155060812830925
31,13,False,0.0,1,0.8373022079467773,0.24920706450939178,0.5630747079849243,0.0517500638961792
31,14,False,0.0,1,0.8359189033508301,0.25022876262664795,0.564811646938324,0.05212732031941414
31,15,False,0.0,1,0.8351860642433167,0.25113892555236816,0.5646415948867798,0.051604013890028
31,16,False,0.0,1,0.8345049619674683,0.25169801712036133,0.5660633444786072,0.05169371888041496
31,17,False,0.0,1,0.833880603313446,0.25226256251335144,0.5667603015899658,0.05108414217829704
31,18,False,0.0,1,0.8334283828735352,0.2524055540561676,0.567855954170227,0.0508757010102272
31,19,False,0.0,1,0.832636833190918,0.252545565366745,0.5677034854888916,0.05063871294260025
31,20,False,0.0,1,0.8320551514625549,0.25321105122566223,0.5687049031257629,0.0504249632358551
31,21,False,0.0,1,0.8314849138259888,0.2533685863018036,0.568260908126831,0.04971292242407799
31,22,False,0.0,1,0.830077588558197,0.2541249394416809,0.5694894790649414,0.049536291509866714
31,23,False,0.0,1,0.828659176826477,0.2556268274784088,0.571227490901947,0.049791257828474045
31,24,False,0.0,1,0.8279216289520264,0.25631606578826904,0.5709004998207092,0.04892144724726677
31,25,False,0.0,1,0.8277031183242798,0.2560470998287201,0.5703861713409424,0.04866749793291092
31,26,False,0.0,1,0.8275095224380493,0.25684550404548645,0.5694131851196289,0.04792456701397896
31,27,False,0.0,1,0.8272314667701721,0.257974237203598,0.570458710193634,0.04820074513554573
31,28,False,0.0,1,0.826029896736145,0.2590543031692505,0.5688323378562927,0.04826667532324791
31,29,False,0.0,1,0.8246220350265503,0.25989648699760437,0.5676758289337158,0.04833156242966652
31,30,False,0.0,1,0.8235831260681152,0.2607404589653015,0.5670367479324341,0.04891999810934067
31,31,False,0.0,1,0.8225423693656921,0.2612292766571045,0.5665618181228638,0.04986267164349556
31,32,False,0.0,1,0.8222932815551758,0.26196539402008057,0.5644614100456238,0.04980069398880005
31,33,False,0.0,1,0.8218224048614502,0.2624734342098236,0.5636545419692993,0.04917123168706894
31,34,False,0.0,1,0.8210275173187256,0.26329678297042847,0.5620447397232056,0.04855933412909508
31,35,False,0.0,1,0.8197579383850098,0.26431936025619507,0.561063826084137,0.04890202730894089
31,36,False,0.0,1,0.8181929588317871,0.2657933831214905,0.5602612495422363,0.048712100833654404
31,37,False,0.0,1,0.8170382380485535,0.26662322878837585,0.5580753087997437,0.04845009744167328
31,38,False,0.0,1,0.8157521486282349,0.2678235173225403,0.5553205609321594,0.04825643450021744
31,39,True,0.007633587811142206,1,0.8149672746658325,0.2682929039001465,0.5489158630371094,0.04636729136109352
31,40,True,0.03846153989434242,1,0.8146476745605469,0.2677444815635681,0.5451326370239258,0.04324866086244583
31,41,True,0.07692307978868484,1,0.8146997690200806,0.26513755321502686,0.5378961563110352,0.03995890915393829
31,42,True,0.11538461595773697,1,0.8137770891189575,0.2651927173137665,0.5362417697906494,0.039074867963790894
31,43,True,0.1538461595773697,1,0.8148840665817261,0.26502442359924316,0.5366482734680176,0.039265431463718414
31,44,True,0.19230769574642181,1,0.8151668310165405,0.26413673162460327,0.535018801689148,0.039150580763816833
31,45,True,0.23076923191547394,1,0.8153123259544373,0.2638714611530304,0.5342178344726562,0.039723582565784454
31,46,True,0.26923078298568726,1,0.8151825666427612,0.2626253664493561,0.5326429009437561,0.038783393800258636
31,47,True,0.3076923191547394,1,0.8162639737129211,0.2598797678947449,0.5321321487426758,0.037020184099674225
31,48,True,0.3461538553237915,1,0.8180723190307617,0.257450133562088,0.5308036804199219,0.03630812093615532
31,49,True,0.38461539149284363,1,0.8211597204208374,0.2564345598220825,0.5296480059623718,0.035296663641929626
31,50,True,0.42307692766189575,1,0.8210492730140686,0.2559657394886017,0.5286527872085571,0.03311727195978165
31,51,True,0.4615384638309479,1,0.8222066164016724,0.2549109160900116,0.5301059484481812,0.03307162970304489
31,52,True,0.5,1,0.8222273588180542,0.2540510594844818,0.5286668539047241,0.03180227801203728
31,53,True,0.5384615659713745,1,0.8215742111206055,0.25478890538215637,0.5257850885391235,0.03190416842699051
31,54,True,0.5769230723381042,1,0.820733904838562,0.25570809841156006,0.5316452383995056,0.03158370405435562
31,55,True,0.6153846383094788,1,0.8209283947944641,0.2558416426181793,0.532860517501831,0.031215714290738106
31,56,True,0.6538461446762085,1,0.8203716278076172,0.25568217039108276,0.5337742567062378,0.030803559347987175
31,57,True,0.692307710647583,1,0.8202504515647888,0.2555752396583557,0.5298921465873718,0.029746105894446373
31,58,True,0.7307692170143127,1,0.820746123790741,0.2555437982082367,0.5234329104423523,0.029898162931203842
31,59,True,0.7692307829856873,1,0.820488452911377,0.25658243894577026,0.527187705039978,0.03029467537999153
31,60,True,0.807692289352417,1,0.8204888105392456,0.25707340240478516,0.5259539484977722,0.02940049208700657
31,61,True,0.8461538553237915,1,0.820189356803894,0.25651097297668457,0.5278329849243164,0.029276959598064423
31,62,True,0.8846153616905212,1,0.820071816444397,0.25681647658348083,0.5330425500869751,0.029421281069517136
31,63,True,0.9230769276618958,1,0.8196018934249878,0.2563798129558563,0.5383923053741455,0.02921811118721962
31,64,True,0.9615384340286255,1,0.8203482627868652,0.25460243225097656,0.5343164205551147,0.028578445315361023
31,65,True,1.0,1,0.8200500011444092,0.25421273708343506,0.5300784111022949,0.02848588116466999
31,66,True,1.0,1,0.8203163743019104,0.2537802457809448,0.529102087020874,0.028380272909998894
31,67,True,1.0,1,0.8203691244125366,0.2536833882331848,0.5284766554832458,0.028150273486971855
31,68,True,1.0,1,0.8203768730163574,0.25365859270095825,0.5281515121459961,0.028006797656416893
31,69,True,1.0,1,0.820375919342041,0.2536446154117584,0.5279727578163147,0.02791336178779602
31,70,True,1.0,1,0.8203709125518799,0.2536427080631256,0.5278865694999695,0.02786783128976822
31,71,True,1.0,1,0.8203771114349365,0.2536502182483673,0.5278470516204834,0.027844319120049477
31,72,True,1.0,1,0.8203514814376831,0.2537798583507538,0.5280051231384277,0.027735484763979912
31,73,True,1.0,1,0.8203445672988892,0.2537957727909088,0.5279534459114075,0.027720650658011436
31,74,True,1.0,1,0.8203360438346863,0.25379687547683716,0.5279233455657959,0.027715370059013367
31,75,True,1.0,1,0.8203374743461609,0.2538054585456848,0.5279073715209961,0.027710918337106705
31,76,True,1.0,1,0.820336639881134,0.25380396842956543,0.5279061794281006,0.02771197073161602
31,77,True,1.0,1,0.8203372359275818,0.2538049817085266,0.5279053449630737,0.02771102823317051
31,78,True,1.0,1,0.8203363418579102,0.25380194187164307,0.5279066562652588,0.027709733694791794
31,79,True,1.0,1,0.8203380703926086,0.25380465388298035,0.5279046893119812,0.027709724381566048
31,80,True,1.0,1,0.8202112317085266,0.25394052267074585,0.5280783176422119,0.027589920908212662
31,81,True,1.0,1,0.8201964497566223,0.2539374530315399,0.5280185341835022,0.027581114321947098
31,82,True,1.0,1,0.8201983571052551,0.25393643975257874,0.5279811024665833,0.02757835201919079
31,83,True,1.0,1,0.8202000260353088,0.2539427578449249,0.5279718637466431,0.02757522650063038
31,84,True,1.0,1,0.8201935887336731,0.2539447844028473,0.5279706716537476,0.02757483720779419
31,85,True,1.0,1,0.8201916813850403,0.25394123792648315,0.5279701352119446,0.02757519669830799
31,86,True,1.0,1,0.8201902508735657,0.2539425194263458,0.527969241142273,0.02757617086172104
31,87,True,1.0,1,0.820188581943512,0.25394049286842346,0.5279690027236938,0.027576148509979248
31,88,True,1.0,1,0.8201279640197754,0.2541331946849823,0.5282000303268433,0.027477476745843887
31,89,True,1.0,1,0.8201068639755249,0.2541365325450897,0.5281499624252319,0.0274648554623127
31,90,True,1.0,1,0.8201019763946533,0.25414201617240906,0.5281209349632263,0.027458515018224716
31,91,True,1.0,1,0.8200991153717041,0.2541447579860687,0.5281161069869995,0.027454743161797523
31,92,True,1.0,1,0.8200905919075012,0.25415343046188354,0.5281140804290771,0.02745422162115574
31,93,True,1.0,1,0.8200991749763489,0.2541579008102417,0.5281130075454712,0.027453988790512085
31,94,True,1.0,1,0.8200989365577698,0.25415849685668945,0.5281117558479309,0.02745301090180874
31,95,True,1.0,1,0.8200998902320862,0.2541567087173462,0.5281107425689697,0.0274527445435524
31,96,True,1.0,1,0.8200875520706177,0.25449687242507935,0.5283623337745667,0.02740408107638359
31,97,True,1.0,1,0.8200437426567078,0.25452637672424316,0.5283064842224121,0.02739391289651394
31,98,False,0.0,1,0.8139358758926392,0.26920586824417114,0.5398148894309998,0.046122487634420395
31,99,False,0.0,1,0.8123849630355835,0.2710946798324585,0.5400004386901855,0.04514126852154732
31,100,False,0.0,1,0.8107439875602722,0.2723539173603058,0.5390305519104004,0.04334895685315132
31,101,False,0.0,1,0.8095611929893494,0.2733732759952545,0.5386533141136169,0.041933078318834305
31,102,False,0.0,1,0.8098592758178711,0.2739982604980469,0.5383929014205933,0.04063800722360611
31,103,False,0.0,1,0.8101368546485901,0.2744796574115753,0.5381362438201904,0.040258388966321945
31,104,False,0.0,1,0.8111848831176758,0.27381467819213867,0.5401961803436279,0.0394902303814888
31,105,False,0.0,1,0.8124456405639648,0.2728514075279236,0.5400309562683105,0.03901217132806778
31,106,False,0.0,1,0.8132978081703186,0.27220577001571655,0.5395525693893433,0.03892103582620621
31,107,False,0.0,1,0.8143088817596436,0.2713436186313629,0.5387566089630127,0.0379643514752388
31,108,False,0.0,1,0.8142844438552856,0.2708456814289093,0.5377397537231445,0.03752107545733452
31,109,False,0.0,1,0.8141323328018188,0.26986560225486755,0.5376595258712769,0.03753620386123657
31,110,False,0.0,1,0.8140631914138794,0.2688470780849457,0.5371016263961792,0.0370720811188221
31,111,False,0.0,1,0.8135607242584229,0.267862468957901,0.5370028018951416,0.036540575325489044
31,112,False,0.0,1,0.8127018213272095,0.267938494682312,0.5368975400924683,0.035971205681562424
31,113,False,0.0,1,0.8114789128303528,0.2680830955505371,0.5356453061103821,0.03532418608665466
31,114,False,0.0,1,0.8095756769180298,0.2685774564743042,0.536219596862793,0.03513075038790703
31,115,False,0.0,1,0.8087495565414429,0.26882094144821167,0.5363546013832092,0.03555755689740181
31,116,False,0.0,1,0.8080874681472778,0.269107848405838,0.5383378863334656,0.03597662225365639
31,117,False,0.0,1,0.8079118728637695,0.26950326561927795,0.5405772924423218,0.036638129502534866
31,118,False,0.0,1,0.8082998991012573,0.2698488235473633,0.5429102182388306,0.0375816635787487
31,119,False,0.0,1,0.8088709115982056,0.26978492736816406,0.5437140464782715,0.03787904605269432
31,120,False,0.0,1,0.809378981590271,0.2694568932056427,0.5462275743484497,0.038578104227781296
31,121,False,0.0,1,0.8102514147758484,0.26916423439979553,0.5486420392990112,0.03945004194974899
31,122,False,0.0,1,0.8105994462966919,0.2687346935272217,0.5498940944671631,0.039858147501945496
31,123,False,0.0,1,0.810883641242981,0.2681242823600769,0.5505253076553345,0.040083691477775574
31,124,False,0.0,1,0.8107908964157104,0.2677971422672272,0.5506589412689209,0.04013964161276817
31,125,False,0.0,1,0.810783863067627,0.26740214228630066,0.552253007888794,0.04071994498372078
31,126,False,0.0,1,0.8110877275466919,0.2670223116874695,0.5533082485198975,0.041044339537620544
31,127,False,0.0,1,0.811538815498352,0.26612505316734314,0.5566273927688599,0.042436130344867706
31,128,False,0.0,1,0.8123738169670105,0.26497092843055725,0.5598756074905396,0.04374639317393303
31,129,False,0.0,1,0.8123294115066528,0.26406046748161316,0.5618242025375366,0.044328924268484116
31,130,False,0.0,1,0.812641978263855,0.2634601891040802,0.5633847713470459,0.04489438608288765
32,0,False,0.0,0,0.74747633934021,0.1801975816488266,0.5416100025177002,0.03965473920106888
32,1,False,0.0,1,0.8324639797210693,0.25320616364479065,0.563690185546875,0.04536508768796921
32,2,False,0.0,1,0.8323124647140503,0.2533312141895294,0.5643388032913208,0.045080602169036865
32,3,False,0.0,1,0.8318244218826294,0.25390276312828064,0.565615177154541,0.044500481337308884
32,4,False,0.0,1,0.8310096859931946,0.25423017144203186,0.5669927597045898,0.04426952823996544
32,5,False,0.0,1,0.8298965096473694,0.2545129954814911,0.5670698285102844,0.04447832703590393
32,6,False,0.0,1,0.8296402096748352,0.25449350476264954,0.5674065351486206,0.0444980151951313
32,7,False,0.0,1,0.8296582102775574,0.2546842694282532,0.5690082311630249,0.04454478994011879
32,8,False,0.0,1,0.8295230269432068,0.25465893745422363,0.5687379240989685,0.04429570958018303
32,9,False,0.0,1,0.8287850618362427,0.2549948990345001,0.5698962211608887,0.044685348868370056
32,10,False,0.0,1,0.8276935815811157,0.2556607127189636,0.5693287253379822,0.045015960931777954
32,11,False,0.0,1,0.826174259185791,0.2567642331123352,0.5679939985275269,0.04549981281161308
32,12,False,0.0,1,0.8245642185211182,0.25765690207481384,0.565604567527771,0.04548560455441475
32,13,False,0.0,1,0.8230486512184143,0.2586804926395416,0.5671449899673462,0.04661437124013901
32,14,False,0.0,1,0.8220282793045044,0.2593940794467926,0.5669755935668945,0.04747646674513817
32,15,False,0.0,1,0.8208706378936768,0.2607153356075287,0.5697585344314575,0.049820754677057266
32,16,False,0.0,1,0.819353461265564,0.2626015245914459,0.5677842497825623,0.05053623020648956
32,17,False,0.0,1,0.8180441856384277,0.26428088545799255,0.5674038529396057,0.05100201442837715
32,18,False,0.0,1,0.8167321681976318,0.2660629153251648,0.5673409700393677,0.05158916488289833
32,19,False,0.0,1,0.8153815269470215,0.2679659426212311,0.5661821961402893,0.05190495774149895
32,20,False,0.0,1,0.8141677379608154,0.2689927816390991,0.5654962062835693,0.052336953580379486
32,21,False,0.0,1,0.8130788803100586,0.269946426153183,0.5646921396255493,0.052314773201942444
32,22,False,0.0,1,0.8123457431793213,0.27067041397094727,0.5647194385528564,0.05228445306420326
32,23,False,0.0,1,0.8118782043457031,0.2714464068412781,0.565253734588623,0.05200665444135666
32,24,False,0.0,1,0.8114708065986633,0.2727663218975067,0.5649486780166626,0.051356859505176544
32,25,False,0.0,1,0.8105422854423523,0.27470988035202026,0.5647591948509216,0.050173353403806686
32,26,False,0.0,1,0.8097875118255615,0.2758389711380005,0.563935399055481,0.05037954822182655
32,27,False,0.0,1,0.8095717430114746,0.2764117121696472,0.5637749433517456,0.04973661154508591
32,28,False,0.0,1,0.8093208074569702,0.27697810530662537,0.5626103281974792,0.04866661876440048
32,29,False,0.0,1,0.8101823329925537,0.2766498923301697,0.5605553388595581,0.048064831644296646
32,30,False,0.0,1,0.8105907440185547,0.2764263451099396,0.5569779276847839,0.046757642179727554
32,31,False,0.0,1,0.8108288645744324,0.27653196454048157,0.5532174110412598,0.04625142738223076
32,32,False,0.0,1,0.8115113973617554,0.2755309045314789,0.5508977174758911,0.04625781998038292
32,33,False,0.0,1,0.8123356699943542,0.2748147249221802,0.5495889186859131,0.04613293707370758
32,34,False,0.0,1,0.8129520416259766,0.2740333080291748,0.5478092432022095,0.04609484598040581
32,35,False,0.0,1,0.8130099177360535,0.27373236417770386,0.5474643111228943,0.045945167541503906
32,36,True,0.00826446246355772,1,0.8128992915153503,0.27332350611686707,0.5484552979469299,0.04571342095732689
32,37,True,0.0416666679084301,1,0.812696099281311,0.2729550004005432,0.5463391542434692,0.04694937542080879
32,38,True,0.0833333358168602,1,0.8142824172973633,0.26849645376205444,0.5336426496505737,0.04274427890777588
32,39,True,0.125,1,0.8153756856918335,0.26697784662246704,0.5332002639770508,0.041332095861434937
32,40,True,0.1666666716337204,1,0.8165899515151978,0.26278167963027954,0.5327186584472656,0.0387546643614769
32,41,True,0.2083333283662796,1,0.8190621733665466,0.2575416564941406,0.5313616991043091,0.03505206108093262
32,42,True,0.25,1,0.8197413682937622,0.2561047375202179,0.5320569276809692,0.03321914002299309
32,43,True,0.2916666567325592,1,0.8218839764595032,0.2550235390663147,0.5363932251930237,0.03346214070916176
32,44,True,0.3333333432674408,1,0.821812629699707,0.255306601524353,0.5332505702972412,0.03325091302394867
32,45,True,0.375,1,0.821574330329895,0.25511908531188965,0.5326682329177856,0.03323882073163986
32,46,True,0.4166666567325592,1,0.8208359479904175,0.25522246956825256,0.528080940246582,0.031452082097530365
32,47,True,0.4583333432674408,1,0.8209332227706909,0.2554894685745239,0.5287562608718872,0.03101995773613453
32,48,True,0.5,1,0.8212518692016602,0.2561458349227905,0.529820442199707,0.03093191795051098
32,49,True,0.5416666865348816,1,0.8212446570396423,0.25624918937683105,0.5295220613479614,0.029057562351226807
32,50,True,0.5833333134651184,1,0.8214263916015625,0.2562294602394104,0.5307246446609497,0.027940940111875534
32,51,True,0.625,1,0.820796012878418,0.25596821308135986,0.5325469970703125,0.027489494532346725
32,52,True,0.6666666865348816,1,0.8206966519355774,0.255854070186615,0.5346130132675171,0.027831969782710075
32,53,True,0.7083333134651184,1,0.8207971453666687,0.2560107409954071,0.5342663526535034,0.027695583179593086
32,54,True,0.75,1,0.8204513788223267,0.25595349073410034,0.5356122255325317,0.028165660798549652
32,55,True,0.7916666865348816,1,0.8206721544265747,0.25604066252708435,0.5384434461593628,0.028210381045937538
32,56,True,0.8333333134651184,1,0.8209333419799805,0.255515992641449,0.538710355758667,0.028310658410191536
32,57,True,0.875,1,0.8214714527130127,0.25420865416526794,0.5391875505447388,0.0282969381660223
32,58,True,0.9166666865348816,1,0.8215736150741577,0.25394290685653687,0.5427665114402771,0.028318777680397034
32,59,True,0.9583333134651184,1,0.8215968608856201,0.2538887560367584,0.5403168201446533,0.02785910852253437
32,60,True,1.0,1,0.8222962617874146,0.2527906596660614,0.534329891204834,0.02742038294672966
32,61,True,1.0,1,0.8225289583206177,0.2527564764022827,0.5325766205787659,0.027378041297197342
32,62,True,1.0,1,0.8225547075271606,0.2527627944946289,0.5316300392150879,0.027200868353247643
32,63,True,1.0,1,0.8225672841072083,0.2527933418750763,0.5311431884765625,0.027086054906249046
32,64,True,1.0,1,0.822540283203125,0.25277456641197205,0.5308914184570312,0.027012523263692856
32,65,True,1.0,1,0.8225482702255249,0.25279009342193604,0.5307693481445312,0.026973696425557137
32,66,True,1.0,1,0.8225517272949219,0.2528020143508911,0.5307034254074097,0.026957595720887184
32,67,True,1.0,1,0.8225500583648682,0.2527969181537628,0.530663251876831,0.02694625034928322
32,68,True,1.0,1,0.8225517272949219,0.25279590487480164,0.5306439399719238,0.026944119483232498
