episode_id,timestep,occlusion_flag,occlusion_strength,history_size,cog_alpha_mean,cog_alpha_std,per_alpha_mean,per_alpha_std
0,0,False,0.0,0,0.7194056510925293,0.1776610016822815,0.5317627191543579,0.04057539999485016
0,1,False,0.0,1,0.800710916519165,0.2537024915218353,0.54967200756073,0.045950308442115784
0,2,False,0.0,1,0.8011995553970337,0.2530946135520935,0.5501536130905151,0.04576525092124939
0,3,False,0.0,1,0.801520586013794,0.25312352180480957,0.5509659051895142,0.04591154679656029
0,4,False,0.0,1,0.8025729060173035,0.2525136470794678,0.5516446828842163,0.04583989828824997
0,5,False,0.0,1,0.8031076192855835,0.25288861989974976,0.5523924827575684,0.04573942348361015
0,6,False,0.0,1,0.8027447462081909,0.25351229310035706,0.553589940071106,0.04492849484086037
0,7,False,0.0,1,0.8015947341918945,0.25438258051872253,0.5541642904281616,0.04505487531423569
0,8,False,0.0,1,0.8002574443817139,0.2555074095726013,0.5538816452026367,0.045352376997470856
0,9,False,0.0,1,0.7992674112319946,0.2565839886665344,0.5545353889465332,0.04485661908984184
0,10,False,0.0,1,0.7983181476593018,0.25697195529937744,0.5553706884384155,0.04519655555486679
0,11,False,0.0,1,0.7967038154602051,0.2576967179775238,0.5563356876373291,0.04604219272732735
0,12,False,0.0,1,0.7949168682098389,0.2591271698474884,0.557015597820282,0.04725399985909462
0,13,False,0.0,1,0.7926290035247803,0.26074427366256714,0.5557273626327515,0.04723065346479416
0,14,False,0.0,1,0.7902112007141113,0.2623710334300995,0.5566507577896118,0.049021657556295395
0,15,False,0.0,1,0.7877703309059143,0.26417186856269836,0.5566968321800232,0.050714123994112015
0,16,False,0.0,1,0.785442590713501,0.26679936051368713,0.5578896403312683,0.05288863927125931
0,17,False,0.0,1,0.7832090854644775,0.26937010884284973,0.5588343143463135,0.05529753491282463
0,18,False,0.0,1,0.7812025547027588,0.2712177634239197,0.5574389696121216,0.05651456490159035
0,19,False,0.0,1,0.7787903547286987,0.2734020948410034,0.5569117665290833,0.05670589208602905
0,20,False,0.0,1,0.7777441740036011,0.2735119163990021,0.5544479489326477,0.056423310190439224
0,21,False,0.0,1,0.7769836187362671,0.2741800546646118,0.5526885986328125,0.05597861483693123
0,22,False,0.0,1,0.7761035561561584,0.2746647596359253,0.5512508153915405,0.055210746824741364
0,23,False,0.0,1,0.774852454662323,0.27583637833595276,0.547264814376831,0.05406608805060387
0,24,False,0.0,1,0.7753704786300659,0.2752993106842041,0.544867753982544,0.05228882282972336
0,25,False,0.0,1,0.7742009162902832,0.27576619386672974,0.5414373874664307,0.0505819208920002
0,26,False,0.0,1,0.7739709615707397,0.2765780985355377,0.541815996170044,0.049942608922719955
0,27,False,0.0,1,0.7740512490272522,0.27691569924354553,0.5399785041809082,0.048511482775211334
0,28,False,0.0,1,0.7737681865692139,0.27751490473747253,0.5404198169708252,0.048825934529304504
0,29,False,0.0,1,0.7745994329452515,0.27662286162376404,0.5385916829109192,0.04883749783039093
0,30,False,0.0,1,0.7751727104187012,0.2765328884124756,0.5372436046600342,0.04844827577471733
0,31,False,0.0,1,0.7753168344497681,0.2777106761932373,0.5359053611755371,0.048776350915431976
0,32,False,0.0,1,0.7756716012954712,0.27795201539993286,0.5326498746871948,0.04807654395699501
0,33,False,0.0,1,0.7758774161338806,0.2783631980419159,0.5306554436683655,0.048129040747880936
0,34,False,0.0,1,0.7758898735046387,0.2777983248233795,0.5296338796615601,0.048173364251852036
0,35,False,0.0,1,0.7758742570877075,0.2771301865577698,0.5277579426765442,0.048520129173994064
0,36,False,0.0,1,0.7762907147407532,0.27584606409072876,0.5259352922439575,0.048699695616960526
0,37,False,0.0,1,0.777417778968811,0.27539119124412537,0.5225918292999268,0.048613063991069794
0,38,False,0.0,1,0.777668833732605,0.2749764025211334,0.5202407240867615,0.04834354296326637
0,39,False,0.0,1,0.7779806852340698,0.27371329069137573,0.5170127153396606,0.048325344920158386
0,40,False,0.0,1,0.7790514230728149,0.2710915803909302,0.5141324996948242,0.04810694605112076
0,41,False,0.0,1,0.7789907455444336,0.27020785212516785,0.5111773014068604,0.04838477447628975
0,42,False,0.0,1,0.7786118984222412,0.26956671476364136,0.5092109441757202,0.04857400432229042
0,43,False,0.0,1,0.778429388999939,0.26944008469581604,0.5069862604141235,0.048918452113866806
0,44,False,0.0,1,0.7783575654029846,0.2690359652042389,0.505060076713562,0.0495220422744751
0,45,False,0.0,1,0.7791440486907959,0.26838749647140503,0.5037595629692078,0.04959341511130333
0,46,False,0.0,1,0.7796311378479004,0.26763489842414856,0.503568172454834,0.04901888966560364
0,47,False,0.0,1,0.7801958918571472,0.2665877640247345,0.5036048293113708,0.04865298420190811
0,48,False,0.0,1,0.7817286849021912,0.26470303535461426,0.502906084060669,0.04859325289726257
0,49,False,0.0,1,0.7830384969711304,0.26271647214889526,0.5017474293708801,0.04945772513747215
0,50,False,0.0,1,0.783766508102417,0.26140373945236206,0.5015840530395508,0.04933113977313042
0,51,False,0.0,1,0.783581018447876,0.26160451769828796,0.5016779899597168,0.048441674560308456
0,52,False,0.0,1,0.7847433090209961,0.26241105794906616,0.5030534863471985,0.04768330603837967
0,53,False,0.0,1,0.7849851250648499,0.26262909173965454,0.5037119388580322,0.04681507498025894
0,54,False,0.0,1,0.7852297425270081,0.2622566819190979,0.5032356977462769,0.04608910530805588
0,55,False,0.0,1,0.7848507165908813,0.26211830973625183,0.5022883415222168,0.0458262600004673
0,56,False,0.0,1,0.7852107286453247,0.2616689205169678,0.5017615556716919,0.045459918677806854
0,57,False,0.0,1,0.7857617139816284,0.2603626251220703,0.5011383295059204,0.04565995931625366
0,58,False,0.0,1,0.7872079014778137,0.2597649395465851,0.5005613565444946,0.04657349735498428
0,59,False,0.0,1,0.7895896434783936,0.25858187675476074,0.49976545572280884,0.04718352109193802
0,60,False,0.0,1,0.791990339756012,0.25755923986434937,0.5004589557647705,0.04848369583487511
0,61,False,0.0,1,0.7945446968078613,0.2562878727912903,0.5031743049621582,0.049715805798769
0,62,False,0.0,1,0.7966248989105225,0.2557632327079773,0.5067098140716553,0.05161871016025543
0,63,False,0.0,1,0.7993943691253662,0.2543480694293976,0.508074164390564,0.052631888538599014
0,64,False,0.0,1,0.8004787564277649,0.25323665142059326,0.5092366337776184,0.05313512310385704
0,65,False,0.0,1,0.8013614416122437,0.2528705596923828,0.510352373123169,0.053286053240299225
0,66,False,0.0,1,0.8019201755523682,0.25243303179740906,0.5117095708847046,0.05327286198735237
0,67,False,0.0,1,0.8022136688232422,0.2521306276321411,0.5116348266601562,0.0535898320376873
0,68,False,0.0,1,0.8018651008605957,0.25250545144081116,0.5130369663238525,0.05485569313168526
0,69,False,0.0,1,0.8002328872680664,0.2535100281238556,0.512890100479126,0.054448988288640976
0,70,False,0.0,1,0.798514723777771,0.25408872961997986,0.5120304226875305,0.05430453643202782
0,71,False,0.0,1,0.7983982563018799,0.25449028611183167,0.5112215280532837,0.053971365094184875
0,72,False,0.0,1,0.7988811731338501,0.2546040117740631,0.510270357131958,0.05503720045089722
0,73,False,0.0,1,0.7980026006698608,0.2550612986087799,0.511893630027771,0.05456307530403137
0,74,False,0.0,1,0.796680212020874,0.25613415241241455,0.5117794275283813,0.053207628428936005
0,75,False,0.0,1,0.7935091853141785,0.2578657269477844,0.5123610496520996,0.05180215463042259
0,76,False,0.0,1,0.7912412881851196,0.2592858076095581,0.5122662782669067,0.05089373514056206
0,77,False,0.0,1,0.7891645431518555,0.26022249460220337,0.5113361477851868,0.049146633595228195
0,78,False,0.0,1,0.7867040634155273,0.2617065906524658,0.5122405290603638,0.04876624792814255
0,79,False,0.0,1,0.7842676043510437,0.2639283239841461,0.5149189233779907,0.047778014093637466
0,80,False,0.0,1,0.7820051312446594,0.26575326919555664,0.5132339000701904,0.04609774053096771
0,81,False,0.0,1,0.7798588871955872,0.2679758667945862,0.5108931660652161,0.044086847454309464
0,82,False,0.0,1,0.777266800403595,0.2700519263744354,0.5135598182678223,0.04305681958794594
0,83,False,0.0,1,0.7760239839553833,0.2709660828113556,0.513382077217102,0.041607167571783066
0,84,False,0.0,1,0.7751268744468689,0.2711973190307617,0.510039746761322,0.04150685295462608
0,85,False,0.0,1,0.7751797437667847,0.27055346965789795,0.5087635517120361,0.040269434452056885
0,86,False,0.0,1,0.7748510837554932,0.26982787251472473,0.5094853043556213,0.0398925244808197
0,87,False,0.0,1,0.774513840675354,0.2696855664253235,0.5091990232467651,0.038978155702352524
0,88,False,0.0,1,0.774960458278656,0.26905131340026855,0.5090075731277466,0.03780921921133995
0,89,False,0.0,1,0.7755084037780762,0.26876503229141235,0.5095646977424622,0.03667964041233063
0,90,False,0.0,1,0.7761309742927551,0.2690277695655823,0.5101612210273743,0.035019401460886
0,91,False,0.0,1,0.7763915657997131,0.2695019543170929,0.5115895867347717,0.035170264542102814
0,92,False,0.0,1,0.7767684459686279,0.26981666684150696,0.5130603313446045,0.03575814142823219
0,93,False,0.0,1,0.7767607569694519,0.2696817219257355,0.5136638879776001,0.03619324788451195
0,94,False,0.0,1,0.7768146395683289,0.2694317400455475,0.5159285664558411,0.03677337244153023
0,95,False,0.0,1,0.7769625186920166,0.26916515827178955,0.5169912576675415,0.037164460867643356
0,96,False,0.0,1,0.7774449586868286,0.26877260208129883,0.518481969833374,0.03721674159169197
0,97,False,0.0,1,0.7772617936134338,0.2680102288722992,0.5199769735336304,0.03766034543514252
0,98,False,0.0,1,0.7776052951812744,0.2678273916244507,0.5199644565582275,0.037675537168979645
0,99,False,0.0,1,0.7787013053894043,0.26829099655151367,0.5215336680412292,0.0387052521109581
0,100,False,0.0,1,0.7791991233825684,0.26907190680503845,0.5250999927520752,0.04047493636608124
0,101,False,0.0,1,0.7802071571350098,0.2685348689556122,0.5228500366210938,0.042092230170965195
0,102,False,0.0,1,0.7802672386169434,0.2684265673160553,0.5261963605880737,0.04218826815485954
0,103,False,0.0,1,0.7801063060760498,0.26907333731651306,0.5280971527099609,0.04219893738627434
0,104,False,0.0,1,0.7796026468276978,0.27026093006134033,0.5304256677627563,0.04227587580680847
0,105,False,0.0,1,0.7789361476898193,0.2708805501461029,0.5326061248779297,0.04283761605620384
0,106,False,0.0,1,0.7777936458587646,0.27121856808662415,0.5345409512519836,0.043719999492168427
0,107,False,0.0,1,0.7768368721008301,0.2714003622531891,0.5360628366470337,0.04453542083501816
0,108,False,0.0,1,0.7756378650665283,0.27140167355537415,0.5398163795471191,0.04610588774085045
0,109,False,0.0,1,0.7752715349197388,0.27056583762168884,0.5445051193237305,0.04744249954819679
0,110,False,0.0,1,0.7756409645080566,0.270104318857193,0.549566388130188,0.04809179902076721
0,111,False,0.0,1,0.7754174470901489,0.2692233622074127,0.5533503293991089,0.04785557836294174
0,112,False,0.0,1,0.7753270268440247,0.2680157721042633,0.5564050078392029,0.04799497500061989
0,113,False,0.0,1,0.7755959033966064,0.2674344778060913,0.5586524605751038,0.04808732122182846
0,114,False,0.0,1,0.7762454748153687,0.26635125279426575,0.5616298913955688,0.048984479159116745
0,115,False,0.0,1,0.7772364616394043,0.2655523717403412,0.5628821849822998,0.049146730452775955
1,0,False,0.0,0,0.7251075506210327,0.20206573605537415,0.5333480834960938,0.03973308578133583
1,1,False,0.0,1,0.7975633144378662,0.2608969211578369,0.5525997281074524,0.045845720916986465
1,2,False,0.0,1,0.7983112335205078,0.26021847128868103,0.5516022443771362,0.045501768589019775
1,3,False,0.0,1,0.7979152202606201,0.25902608036994934,0.553903341293335,0.04581877961754799
1,4,False,0.0,1,0.7971652746200562,0.25917720794677734,0.5580276250839233,0.04667433723807335
1,5,False,0.0,1,0.7977490425109863,0.2581078112125397,0.5609252452850342,0.047406211495399475
1,6,False,0.0,1,0.7977035045623779,0.25835803151130676,0.5639545321464539,0.04819980636239052
1,7,False,0.0,1,0.7975030541419983,0.2589668929576874,0.5668196678161621,0.05050839111208916
1,8,False,0.0,1,0.7970627546310425,0.2598474323749542,0.5691674947738647,0.05210355296730995
1,9,False,0.0,1,0.7960734963417053,0.2614758312702179,0.5698248147964478,0.05324863642454147
1,10,False,0.0,1,0.7942620515823364,0.2629173696041107,0.5688029527664185,0.05403834953904152
1,11,False,0.0,1,0.793013334274292,0.2641800343990326,0.5675605535507202,0.05448220670223236
1,12,False,0.0,1,0.7917699217796326,0.26600879430770874,0.5654577016830444,0.05458168312907219
1,13,False,0.0,1,0.7911906838417053,0.2677832841873169,0.5632977485656738,0.0548417866230011
1,14,False,0.0,1,0.7895431518554688,0.27046269178390503,0.5592722296714783,0.0531923845410347
1,15,False,0.0,1,0.7882431745529175,0.2718707323074341,0.5600365400314331,0.05443605035543442
1,16,False,0.0,1,0.7858933210372925,0.2735632658004761,0.5570023655891418,0.05357341468334198
1,17,False,0.0,1,0.7831586599349976,0.2748778462409973,0.5528314709663391,0.052224062383174896
1,18,False,0.0,1,0.782261848449707,0.27488023042678833,0.5506147146224976,0.051916882395744324
1,19,False,0.0,1,0.7803200483322144,0.2751334309577942,0.5464603900909424,0.0514557920396328
1,20,False,0.0,1,0.7798089981079102,0.2756974697113037,0.5466651320457458,0.05184970051050186
1,21,False,0.0,1,0.779434084892273,0.27596813440322876,0.5439640283584595,0.05060012266039848
1,22,False,0.0,1,0.7794889211654663,0.27577245235443115,0.5410276651382446,0.049320533871650696
1,23,False,0.0,1,0.7795047163963318,0.2753382623195648,0.5394576787948608,0.04872439056634903
1,24,False,0.0,1,0.7797974944114685,0.2748074233531952,0.5382554531097412,0.04871298745274544
1,25,False,0.0,1,0.78059321641922,0.273752897977829,0.5376640558242798,0.04910930618643761
1,26,False,0.0,1,0.7811590433120728,0.2728722393512726,0.5346616506576538,0.048238977789878845
1,27,False,0.0,1,0.7824529409408569,0.27220961451530457,0.5314543843269348,0.0467660017311573
1,28,False,0.0,1,0.7834022045135498,0.2716965079307556,0.5305640697479248,0.0458395779132843
1,29,False,0.0,1,0.7840062379837036,0.2704387605190277,0.5278047323226929,0.0452469103038311
1,30,False,0.0,1,0.7844705581665039,0.269564688205719,0.5257424116134644,0.04521632194519043
1,31,False,0.0,1,0.7863491773605347,0.2692893445491791,0.5239034295082092,0.044158075004816055
1,32,False,0.0,1,0.7868809700012207,0.2692239582538605,0.5210211277008057,0.04306144267320633
1,33,False,0.0,1,0.7864300608634949,0.26955610513687134,0.5179972648620605,0.041404228657484055
1,34,False,0.0,1,0.7860463261604309,0.2697002589702606,0.5156091451644897,0.04004067927598953
1,35,False,0.0,1,0.7859535217285156,0.2697121798992157,0.5134294629096985,0.03935251012444496
1,36,False,0.0,1,0.786402702331543,0.2691974937915802,0.5120276808738708,0.03889673948287964
1,37,False,0.0,1,0.786651611328125,0.2688598930835724,0.5118843913078308,0.03863880783319473
1,38,False,0.0,1,0.7868690490722656,0.2685536742210388,0.5119162797927856,0.038479674607515335
1,39,True,0.035433072596788406,1,0.7879272103309631,0.26690995693206787,0.5098730325698853,0.038304653018713
1,40,True,0.07480315119028091,1,0.7882283926010132,0.2647978663444519,0.5134594440460205,0.036378346383571625
1,41,True,0.11417322605848312,1,0.7884653806686401,0.26326504349708557,0.514468789100647,0.034892160445451736
1,42,True,0.15354330837726593,1,0.7887734174728394,0.2623916268348694,0.5155751705169678,0.033321090042591095
1,43,True,0.19291338324546814,1,0.7892470359802246,0.2622632682323456,0.5196311473846436,0.03289869427680969
1,44,True,0.23228345811367035,1,0.7898004055023193,0.26105475425720215,0.52129065990448,0.03324062377214432
1,45,True,0.27165353298187256,1,0.789699137210846,0.26040178537368774,0.5249300599098206,0.03213066980242729
1,46,True,0.31102362275123596,1,0.7894037365913391,0.26015499234199524,0.5244722962379456,0.03189876303076744
1,47,True,0.35039371252059937,1,0.7902737259864807,0.2604277431964874,0.5223739147186279,0.0327182374894619
1,48,True,0.3897637724876404,1,0.791228175163269,0.2598245441913605,0.5216333866119385,0.03245244920253754
1,49,True,0.4291338622570038,1,0.792412519454956,0.25836682319641113,0.5246686935424805,0.03071688674390316
1,50,True,0.4685039222240448,1,0.7927901744842529,0.2574363648891449,0.524282693862915,0.03141186013817787
1,51,True,0.5078740119934082,1,0.7938547134399414,0.25690799951553345,0.5248125791549683,0.030567655339837074
1,52,True,0.5472440719604492,1,0.7945316433906555,0.2572556734085083,0.5255919694900513,0.030281109735369682
1,53,True,0.586614191532135,1,0.7946815490722656,0.2566494345664978,0.5278111696243286,0.02993176318705082
1,54,True,0.625984251499176,1,0.7941619157791138,0.25308579206466675,0.5269323587417603,0.029046673327684402
1,55,True,0.665354311466217,1,0.793151319026947,0.25388216972351074,0.5241921544075012,0.028071047738194466
1,56,True,0.7047244310379028,1,0.7935250997543335,0.2538946568965912,0.5194675326347351,0.026985758915543556
1,57,True,0.7440944910049438,1,0.793500542640686,0.25331392884254456,0.515566349029541,0.026524590328335762
1,58,True,0.7834645509719849,1,0.7930136919021606,0.25448569655418396,0.5151354670524597,0.026251738891005516
1,59,True,0.8228346705436707,1,0.7942047119140625,0.25497299432754517,0.5169942378997803,0.02676837146282196
1,60,True,0.8622047305107117,1,0.7951070070266724,0.2553080916404724,0.5190483331680298,0.02739991806447506
1,61,True,0.9015747904777527,1,0.7950398921966553,0.25307485461235046,0.5240356922149658,0.026570428162813187
1,62,True,0.9409449100494385,1,0.79496169090271,0.25448471307754517,0.5242867469787598,0.026037806645035744
1,63,True,0.9803149700164795,1,0.7943820357322693,0.2489713430404663,0.517735481262207,0.02554360404610634
1,64,True,1.0,1,0.7953415513038635,0.24750906229019165,0.5127792358398438,0.024249207228422165
1,65,True,1.0,1,0.7946549654006958,0.24130384624004364,0.5110102891921997,0.024116002023220062
1,66,True,1.0,1,0.7933814525604248,0.23719915747642517,0.5101544857025146,0.02394966408610344
1,67,True,1.0,1,0.7924318909645081,0.2349574863910675,0.5097339153289795,0.023851070553064346
1,68,True,1.0,1,0.7748322486877441,0.20707720518112183,0.5087920427322388,0.024237843230366707
1,69,True,1.0,1,0.7744770050048828,0.20687521994113922,0.50863116979599,0.024195972830057144
1,70,True,1.0,1,0.7744500637054443,0.2070208191871643,0.5085445046424866,0.024183765053749084
1,71,True,1.0,1,0.7744760513305664,0.20712187886238098,0.5085055828094482,0.024171490222215652
1,72,True,1.0,1,0.7744526863098145,0.20713423192501068,0.5084834098815918,0.024164706468582153
1,73,True,1.0,1,0.7743678092956543,0.20704048871994019,0.5084762573242188,0.024162141606211662
1,74,True,1.0,1,0.7743842601776123,0.2070799022912979,0.5084729790687561,0.024161625653505325
1,75,True,1.0,1,0.7744266986846924,0.20714224874973297,0.5084735155105591,0.024159731343388557
1,76,True,1.0,1,0.7905337810516357,0.23393502831459045,0.50798499584198,0.024598628282546997
1,77,True,1.0,1,0.7906917333602905,0.2349773645401001,0.5079555511474609,0.024582089856266975
1,78,True,1.0,1,0.7907403707504272,0.23545527458190918,0.5079519748687744,0.024571673944592476
1,79,True,1.0,1,0.7907719612121582,0.23578597605228424,0.5079437494277954,0.024569736793637276
1,80,True,1.0,1,0.7907946705818176,0.23592333495616913,0.5079396963119507,0.024568777531385422
1,81,True,1.0,1,0.7907755970954895,0.23595738410949707,0.5079357028007507,0.024568695574998856
1,82,True,1.0,1,0.7907789349555969,0.23600886762142181,0.5079354047775269,0.024569431319832802
1,83,True,1.0,1,0.7907653450965881,0.23599551618099213,0.5079352855682373,0.024569736793637276
1,84,True,1.0,1,0.7922276258468628,0.2410266399383545,0.5075453519821167,0.02502238191664219
1,85,True,1.0,1,0.7923083305358887,0.24160341918468475,0.5075815916061401,0.024998746812343597
1,86,True,1.0,1,0.792327880859375,0.24193571507930756,0.5076046586036682,0.024990137666463852
1,87,True,1.0,1,0.7923702597618103,0.24210147559642792,0.5076169371604919,0.024986552074551582
1,88,True,1.0,1,0.7923803925514221,0.24216361343860626,0.507619321346283,0.02498544193804264
1,89,True,1.0,1,0.7923863530158997,0.2421834021806717,0.5076215863227844,0.02498474344611168
1,90,True,1.0,1,0.7923915982246399,0.24218584597110748,0.5076202154159546,0.02498600259423256
1,91,True,1.0,1,0.792384684085846,0.24219051003456116,0.507620096206665,0.024985959753394127
1,92,True,1.0,1,0.7931307554244995,0.24603794515132904,0.5073745250701904,0.02539253979921341
1,93,True,1.0,1,0.793127179145813,0.2464848756790161,0.5074306726455688,0.025369660928845406
1,94,True,1.0,1,0.7931370735168457,0.24667255580425262,0.5074610114097595,0.025362364947795868
1,95,True,1.0,1,0.7931081056594849,0.2467709481716156,0.5074739456176758,0.025361444801092148
1,96,False,0.0,1,0.7867988348007202,0.26844921708106995,0.5155231952667236,0.04270224645733833
1,97,False,0.0,1,0.7856177687644958,0.2695053219795227,0.5138117671012878,0.04261327162384987
1,98,False,0.0,1,0.7841978073120117,0.2711481750011444,0.5113667249679565,0.04114609956741333
1,99,False,0.0,1,0.7835173606872559,0.27173852920532227,0.5103358030319214,0.03894803300499916
1,100,False,0.0,1,0.7825947403907776,0.2724144160747528,0.5088036060333252,0.03772994875907898
1,101,False,0.0,1,0.7818740606307983,0.2724335193634033,0.5093111395835876,0.03626665845513344
1,102,False,0.0,1,0.7813098430633545,0.27212685346603394,0.5121579170227051,0.035424135625362396
1,103,False,0.0,1,0.7806344628334045,0.27180033922195435,0.515453577041626,0.03453877568244934
1,104,False,0.0,1,0.7794069647789001,0.27174851298332214,0.5172840356826782,0.03394269943237305
1,105,False,0.0,1,0.7787634134292603,0.271624356508255,0.5219440460205078,0.034763649106025696
1,106,False,0.0,1,0.7790724039077759,0.27132174372673035,0.5271103382110596,0.03550722077488899
1,107,False,0.0,1,0.7795607447624207,0.27110740542411804,0.5302441120147705,0.03617876395583153
1,108,False,0.0,1,0.7793943881988525,0.27052125334739685,0.5337834358215332,0.03755626454949379
1,109,False,0.0,1,0.7802646160125732,0.269337922334671,0.5384256839752197,0.03947647660970688
1,110,False,0.0,1,0.7808895111083984,0.2683531641960144,0.5430724620819092,0.041221726685762405
1,111,False,0.0,1,0.780741810798645,0.2681618332862854,0.5441678762435913,0.0416112057864666
1,112,False,0.0,1,0.7804247736930847,0.2680158019065857,0.5441508889198303,0.04171339422464371
1,113,False,0.0,1,0.7802605628967285,0.26812753081321716,0.5443450808525085,0.04186823591589928
1,114,False,0.0,1,0.7801609039306641,0.26818233728408813,0.5442875027656555,0.041696950793266296
1,115,False,0.0,1,0.7801506519317627,0.26809537410736084,0.5446063280105591,0.04179672524333
1,116,False,0.0,1,0.780623197555542,0.26794129610061646,0.5450783371925354,0.04194127023220062
1,117,False,0.0,1,0.7813143730163574,0.2674946188926697,0.5449539422988892,0.04196728393435478
1,118,False,0.0,1,0.782089352607727,0.26586654782295227,0.5477150678634644,0.043343883007764816
1,119,False,0.0,1,0.7830708026885986,0.26430484652519226,0.551615834236145,0.04479684680700302
1,120,False,0.0,1,0.7864502668380737,0.26440420746803284,0.5549644231796265,0.046000681817531586
1,121,False,0.0,1,0.7862825393676758,0.2646048367023468,0.5579807758331299,0.04686041176319122
1,122,False,0.0,1,0.7863372564315796,0.2648140788078308,0.5603653788566589,0.047451820224523544
1,123,False,0.0,1,0.7862473726272583,0.2647368907928467,0.5612926483154297,0.047539860010147095
1,124,False,0.0,1,0.7859470844268799,0.26453715562820435,0.5622271299362183,0.04754529148340225
1,125,False,0.0,1,0.7857186198234558,0.2643032670021057,0.5636399984359741,0.047731466591358185
1,126,False,0.0,1,0.7858679294586182,0.2641620934009552,0.5641216039657593,0.04764862358570099
1,127,False,0.0,1,0.7861158847808838,0.2639637291431427,0.5639976263046265,0.04744638130068779
2,0,False,0.0,0,0.7454966306686401,0.1906258463859558,0.5332256555557251,0.038025543093681335
2,1,False,0.0,1,0.8073272705078125,0.2529044449329376,0.5506501197814941,0.04613886773586273
2,2,False,0.0,1,0.8074562549591064,0.25295257568359375,0.5525388121604919,0.046305347234010696
2,3,False,0.0,1,0.8070483207702637,0.2537420690059662,0.5541654825210571,0.04608578607439995
2,4,False,0.0,1,0.806213915348053,0.25488707423210144,0.5549528002738953,0.04630042240023613
2,5,False,0.0,1,0.8049061894416809,0.2560247778892517,0.5562450289726257,0.04588397964835167
2,6,False,0.0,1,0.8038151264190674,0.25738397240638733,0.5573695302009583,0.04527171701192856
2,7,False,0.0,1,0.8022369146347046,0.25848856568336487,0.5606288313865662,0.04551335796713829
2,8,False,0.0,1,0.7998785376548767,0.25969743728637695,0.5610713958740234,0.0460488460958004
2,9,False,0.0,1,0.7977131605148315,0.26128697395324707,0.5627091526985168,0.04724534973502159
2,10,False,0.0,1,0.7954418659210205,0.2624667286872864,0.5638561248779297,0.048460669815540314
2,11,False,0.0,1,0.7943177819252014,0.26357486844062805,0.5650506019592285,0.05006912350654602
2,12,False,0.0,1,0.7926323413848877,0.2653428614139557,0.5657445192337036,0.05173557624220848
2,13,False,0.0,1,0.7906917333602905,0.2674926221370697,0.5656483173370361,0.05328940600156784
2,14,False,0.0,1,0.788877010345459,0.2688753604888916,0.5660585165023804,0.05460447072982788
2,15,False,0.0,1,0.7865267395973206,0.27051958441734314,0.5656267404556274,0.055184271186590195
2,16,False,0.0,1,0.7844399213790894,0.2721686363220215,0.5652220249176025,0.055556174367666245
2,17,False,0.0,1,0.782753050327301,0.2734052538871765,0.5635932683944702,0.0553608238697052
2,18,False,0.0,1,0.7808873653411865,0.27471596002578735,0.5619004368782043,0.054824162274599075
2,19,False,0.0,1,0.7798818349838257,0.27499210834503174,0.5600253343582153,0.05348614603281021
2,20,False,0.0,1,0.7796262502670288,0.2753039002418518,0.5581170320510864,0.052320435643196106
2,21,False,0.0,1,0.77935791015625,0.27547353506088257,0.55472731590271,0.05109706521034241
2,22,False,0.0,1,0.7796369791030884,0.27486714720726013,0.5520970821380615,0.05012563616037369
2,23,False,0.0,1,0.7801562547683716,0.27406325936317444,0.5499691963195801,0.049311913549900055
2,24,False,0.0,1,0.7801191210746765,0.273322731256485,0.5472544431686401,0.048598404973745346
2,25,False,0.0,1,0.7801264524459839,0.2730216979980469,0.543683648109436,0.0486283041536808
2,26,False,0.0,1,0.7812708616256714,0.2718241810798645,0.5407025814056396,0.048047151416540146
2,27,False,0.0,1,0.7826013565063477,0.271536648273468,0.5375920534133911,0.04825279489159584
2,28,False,0.0,1,0.7829842567443848,0.27171874046325684,0.5346053838729858,0.04874148964881897
2,29,False,0.0,1,0.7828973531723022,0.27274295687675476,0.5309984683990479,0.048856187611818314
2,30,False,0.0,1,0.7834763526916504,0.27312418818473816,0.5271226167678833,0.049090106040239334
2,31,False,0.0,1,0.7830541133880615,0.2733749449253082,0.5247753262519836,0.04911130666732788
2,32,False,0.0,1,0.7830488681793213,0.27292686700820923,0.521569013595581,0.049100663512945175
2,33,True,0.013761468231678009,1,0.7825695276260376,0.27290138602256775,0.5201449394226074,0.048911258578300476
2,34,True,0.059633027762174606,1,0.7806003093719482,0.27184608578681946,0.5197498798370361,0.048189084976911545
2,35,True,0.1055045872926712,1,0.7836699485778809,0.2685381770133972,0.516014039516449,0.040507204830646515
2,36,True,0.1513761430978775,1,0.7863126397132874,0.26493504643440247,0.5114759206771851,0.037161026149988174
2,37,True,0.197247713804245,1,0.7869150042533875,0.2636123597621918,0.5081374645233154,0.03758838400244713
2,38,True,0.2431192696094513,1,0.7871105074882507,0.26070404052734375,0.5089477300643921,0.03623775765299797
2,39,True,0.2889908254146576,1,0.7876213788986206,0.2581433653831482,0.5096129775047302,0.03320907801389694
2,40,True,0.3348623812198639,1,0.7883924245834351,0.25659218430519104,0.5087792873382568,0.03267079219222069
2,41,True,0.3807339370250702,1,0.7891359329223633,0.255539208650589,0.5104936361312866,0.03203585743904114
2,42,True,0.4266054928302765,1,0.7893930077552795,0.25388839840888977,0.5145320892333984,0.03013727068901062
2,43,True,0.4724770784378052,1,0.7886003255844116,0.2554489076137543,0.5180954933166504,0.02891862392425537
2,44,True,0.5183486342430115,1,0.7887797355651855,0.25481492280960083,0.5184788703918457,0.02883550152182579
2,45,True,0.5642201900482178,1,0.788710355758667,0.25466153025627136,0.5211848020553589,0.02769787795841694
2,46,True,0.6100917458534241,1,0.7902522087097168,0.25464120507240295,0.5178080201148987,0.026491036638617516
2,47,True,0.6559633016586304,1,0.7907518148422241,0.2546464502811432,0.5169829726219177,0.02719542197883129
2,48,True,0.7018348574638367,1,0.7906472682952881,0.25472092628479004,0.51674485206604,0.027443476021289825
2,49,True,0.747706413269043,1,0.7906931638717651,0.2543915808200836,0.518384575843811,0.02785189263522625
2,50,True,0.7935779690742493,1,0.7903603315353394,0.2543505132198334,0.5203530788421631,0.028290947899222374
2,51,True,0.8394495248794556,1,0.7907145023345947,0.25390753149986267,0.5197187066078186,0.027997061610221863
2,52,True,0.8853210806846619,1,0.7919409275054932,0.25303778052330017,0.520275890827179,0.027163924649357796
2,53,True,0.9311926364898682,1,0.7897695302963257,0.2543192207813263,0.5224466919898987,0.02721833996474743
2,54,True,0.9770641922950745,1,0.78910231590271,0.2536553144454956,0.5164101719856262,0.026925554499030113
2,55,True,1.0,1,0.7881444096565247,0.25419124960899353,0.5125742554664612,0.02663913182914257
2,56,True,1.0,1,0.7880020141601562,0.2542750835418701,0.511004626750946,0.026572134345769882
2,57,True,1.0,1,0.7878565788269043,0.25438177585601807,0.5102446675300598,0.026427840813994408
2,58,True,1.0,1,0.7878209352493286,0.25447458028793335,0.5098797678947449,0.02632497064769268
2,59,True,1.0,1,0.7877801656723022,0.2545029819011688,0.5096911191940308,0.026263540610671043
2,60,True,1.0,1,0.7876706719398499,0.25455397367477417,0.5096577405929565,0.026196790859103203
2,61,True,1.0,1,0.7876593470573425,0.254569947719574,0.5095926523208618,0.026174787431955338
2,62,True,1.0,1,0.7876601815223694,0.2545733153820038,0.5095579624176025,0.02616318315267563
2,63,True,1.0,1,0.7876535058021545,0.2545696496963501,0.5095429420471191,0.026159944012761116
2,64,True,1.0,1,0.7876560091972351,0.2545793950557709,0.5095381140708923,0.026155725121498108
2,65,True,1.0,1,0.7876548171043396,0.25458818674087524,0.5095375776290894,0.026157084852457047
2,66,True,1.0,1,0.7876628041267395,0.25459402799606323,0.5095362663269043,0.026155667379498482
2,67,True,1.0,1,0.7876661419868469,0.25459644198417664,0.5095375180244446,0.02615630440413952
2,68,True,1.0,1,0.7877357602119446,0.25459861755371094,0.509549081325531,0.02620600163936615
2,69,True,1.0,1,0.7877280116081238,0.2546071410179138,0.5095533728599548,0.026191264390945435
2,70,True,1.0,1,0.7877351641654968,0.25459232926368713,0.5095599889755249,0.02618383802473545
2,71,True,1.0,1,0.7877349257469177,0.25460687279701233,0.5095579624176025,0.02618313394486904
2,72,True,1.0,1,0.7877361178398132,0.25459548830986023,0.5095599889755249,0.026182126253843307
2,73,True,1.0,1,0.7877411246299744,0.2546062171459198,0.5095616579055786,0.02618206851184368
2,74,True,1.0,1,0.7877423167228699,0.2546064853668213,0.5095621347427368,0.026183124631643295
2,75,True,1.0,1,0.7877394556999207,0.25460705161094666,0.5095611810684204,0.02618333324790001
2,76,True,1.0,1,0.7877177000045776,0.2545192241668701,0.509549617767334,0.026278777047991753
2,77,True,1.0,1,0.7877196073532104,0.2545185983181,0.5095462203025818,0.026261547580361366
2,78,True,1.0,1,0.7877227067947388,0.25450438261032104,0.5095462799072266,0.02625296637415886
2,79,True,1.0,1,0.7877172231674194,0.25450006127357483,0.5095503330230713,0.0262493547052145
2,80,True,1.0,1,0.7877167463302612,0.25449782609939575,0.509550929069519,0.02624964527785778
2,81,True,1.0,1,0.7877203226089478,0.2544983923435211,0.5095508694648743,0.026249729096889496
2,82,False,0.0,1,0.7739520072937012,0.27732419967651367,0.5263219475746155,0.03807981684803963
2,83,False,0.0,1,0.773876428604126,0.2765325903892517,0.5240886807441711,0.03827136009931564
2,84,False,0.0,1,0.7742968201637268,0.27613699436187744,0.5226151943206787,0.037853438407182693
2,85,False,0.0,1,0.7753429412841797,0.27514296770095825,0.5252040028572083,0.038535960018634796
2,86,False,0.0,1,0.7769507169723511,0.2717495858669281,0.5328251123428345,0.040897730737924576
2,87,False,0.0,1,0.7782020568847656,0.268752783536911,0.5374951362609863,0.04293334484100342
2,88,False,0.0,1,0.7789070010185242,0.2671651244163513,0.5390995740890503,0.04375059902667999
2,89,False,0.0,1,0.7804584503173828,0.26517775654792786,0.5400863885879517,0.044567182660102844
2,90,False,0.0,1,0.7818348407745361,0.26245975494384766,0.5448002219200134,0.04632297530770302
2,91,False,0.0,1,0.7822230458259583,0.2617226243019104,0.5451259613037109,0.04687963426113129
2,92,False,0.0,1,0.7823030948638916,0.26132678985595703,0.5443428754806519,0.0471162348985672
2,93,False,0.0,1,0.7823190689086914,0.26088207960128784,0.5437284708023071,0.04704734683036804
2,94,False,0.0,1,0.7824274301528931,0.26032567024230957,0.542799174785614,0.046837739646434784
2,95,False,0.0,1,0.7834199666976929,0.25984200835227966,0.5436875820159912,0.0470714196562767
2,96,False,0.0,1,0.7849410772323608,0.25945916771888733,0.5472778081893921,0.047203291207551956
2,97,False,0.0,1,0.7857673168182373,0.2593768835067749,0.5489068031311035,0.04660150408744812
2,98,False,0.0,1,0.7862769365310669,0.26001325249671936,0.5503666400909424,0.047422025352716446
2,99,False,0.0,1,0.786177396774292,0.260297566652298,0.5508939027786255,0.04750734940171242
2,100,False,0.0,1,0.7861972451210022,0.26030826568603516,0.5545737743377686,0.048173435032367706
2,101,False,0.0,1,0.7858104109764099,0.26070085167884827,0.5571645498275757,0.04849503934383392
2,102,False,0.0,1,0.7854266166687012,0.26127535104751587,0.5575650930404663,0.04822748154401779
2,103,False,0.0,1,0.7851439118385315,0.2622503340244293,0.557925820350647,0.04828647896647453
2,104,False,0.0,1,0.7851436138153076,0.26313239336013794,0.5576746463775635,0.048014089465141296
2,105,False,0.0,1,0.7849034070968628,0.26390424370765686,0.5584834814071655,0.048041947185993195
2,106,False,0.0,1,0.7848957180976868,0.2642945349216461,0.559028685092926,0.04818461835384369
2,107,False,0.0,1,0.7849609851837158,0.2643970847129822,0.5592879056930542,0.048609521239995956
2,108,False,0.0,1,0.7850688099861145,0.26443174481391907,0.5597408413887024,0.048566024750471115
2,109,False,0.0,1,0.7849797010421753,0.2642480134963989,0.5591943264007568,0.04819297045469284
3,0,False,0.0,0,0.7339611053466797,0.17312687635421753,0.5256397724151611,0.04130461439490318
3,1,False,0.0,1,0.8107167482376099,0.24785012006759644,0.5407289266586304,0.04766852408647537
3,2,False,0.0,1,0.8110545873641968,0.247646301984787,0.5409607887268066,0.04772341996431351
3,3,False,0.0,1,0.8107501268386841,0.24703633785247803,0.5416696667671204,0.04844656586647034
3,4,False,0.0,1,0.8107842206954956,0.24705567955970764,0.5416112542152405,0.048207949846982956
3,5,False,0.0,1,0.8104274272918701,0.24695977568626404,0.5423892736434937,0.04881545901298523
3,6,False,0.0,1,0.8100550770759583,0.2473173886537552,0.543467104434967,0.049235738813877106
3,7,False,0.0,1,0.8104958534240723,0.24752064049243927,0.5448416471481323,0.04948705434799194
3,8,False,0.0,1,0.8109616041183472,0.2472037672996521,0.5462366938591003,0.04960116744041443
3,9,False,0.0,1,0.8116233944892883,0.24623359739780426,0.5466480851173401,0.05006188526749611
3,10,False,0.0,1,0.8119091391563416,0.24566057324409485,0.5456467866897583,0.05003829672932625
3,11,False,0.0,1,0.8109816312789917,0.2468816339969635,0.5469885468482971,0.05098746344447136
3,12,False,0.0,1,0.8098376989364624,0.2480737268924713,0.5478536486625671,0.05135706812143326
3,13,False,0.0,1,0.80845046043396,0.2491108626127243,0.5485813021659851,0.051666010171175
3,14,False,0.0,1,0.8078677654266357,0.25035789608955383,0.5512080788612366,0.05244904011487961
3,15,False,0.0,1,0.8069407939910889,0.2510448396205902,0.5516021251678467,0.05231337621808052
3,16,False,0.0,1,0.806361973285675,0.2517019510269165,0.5509706735610962,0.05215757340192795
3,17,False,0.0,1,0.8060418963432312,0.25202444195747375,0.5494821071624756,0.05155794322490692
3,18,False,0.0,1,0.8058835864067078,0.25223633646965027,0.5485872626304626,0.051164545118808746
3,19,False,0.0,1,0.8058589696884155,0.25227105617523193,0.5477712154388428,0.05083204060792923
3,20,False,0.0,1,0.8058397173881531,0.2523888349533081,0.548740029335022,0.05117075517773628
3,21,False,0.0,1,0.805965006351471,0.25254926085472107,0.5492333173751831,0.05152275413274765
3,22,False,0.0,1,0.8059860467910767,0.25255513191223145,0.5486844778060913,0.05139481648802757
3,23,False,0.0,1,0.8056562542915344,0.25291603803634644,0.5483112335205078,0.0508541576564312
3,24,False,0.0,1,0.8051257133483887,0.2530391812324524,0.5488734245300293,0.04973646625876427
3,25,False,0.0,1,0.805323600769043,0.2531917095184326,0.5519527196884155,0.049818284809589386
3,26,False,0.0,1,0.8044583797454834,0.2537505328655243,0.552841305732727,0.049601610749959946
3,27,False,0.0,1,0.8035678863525391,0.2543584406375885,0.5525352954864502,0.04933026432991028
3,28,False,0.0,1,0.8030250072479248,0.2548200786113739,0.5530216693878174,0.04864421859383583
3,29,False,0.0,1,0.8016884326934814,0.25566864013671875,0.5530351996421814,0.047888871282339096
3,30,False,0.0,1,0.8003963828086853,0.2565329670906067,0.5554001331329346,0.048341937363147736
3,31,False,0.0,1,0.798621416091919,0.2578420341014862,0.5561904311180115,0.047918617725372314
3,32,False,0.0,1,0.796578049659729,0.259353369474411,0.5565729141235352,0.04759909585118294
3,33,False,0.0,1,0.7943621873855591,0.26126229763031006,0.556056022644043,0.047229718416929245
3,34,False,0.0,1,0.7929199934005737,0.2626661956310272,0.5533453226089478,0.04664377123117447
3,35,False,0.0,1,0.7915971279144287,0.26416435837745667,0.5551483631134033,0.04820111021399498
3,36,False,0.0,1,0.7902555465698242,0.2649933099746704,0.5541692972183228,0.04888009652495384
3,37,False,0.0,1,0.7887561321258545,0.26645949482917786,0.5518486499786377,0.04875747859477997
3,38,False,0.0,1,0.7870486378669739,0.26803597807884216,0.5503758192062378,0.04895152151584625
3,39,False,0.0,1,0.7851304411888123,0.2692744731903076,0.5507445335388184,0.04934778809547424
3,40,False,0.0,1,0.7821527123451233,0.27160125970840454,0.5496888160705566,0.05025419220328331
3,41,False,0.0,1,0.7812405824661255,0.27234765887260437,0.5466234683990479,0.04912703111767769
3,42,False,0.0,1,0.7796845436096191,0.27331429719924927,0.5417993068695068,0.047346290200948715
3,43,False,0.0,1,0.7787725925445557,0.27398109436035156,0.5376648306846619,0.04619412124156952
3,44,False,0.0,1,0.7777675986289978,0.27461203932762146,0.5345239639282227,0.04433196783065796
3,45,False,0.0,1,0.7776217460632324,0.2745792865753174,0.5309902429580688,0.043206606060266495
3,46,False,0.0,1,0.7776962518692017,0.2740420699119568,0.5271778106689453,0.04142266511917114
3,47,False,0.0,1,0.7778188586235046,0.2736482620239258,0.5250684022903442,0.0406406968832016
3,48,False,0.0,1,0.7777358889579773,0.2725383937358856,0.524898111820221,0.03982222452759743
3,49,False,0.0,1,0.7778985500335693,0.27219030261039734,0.5239039659500122,0.03973357379436493
3,50,False,0.0,1,0.7777960300445557,0.2719195485115051,0.5236043930053711,0.040352243930101395
3,51,False,0.0,1,0.7779731154441833,0.27139991521835327,0.5230239629745483,0.04088590666651726
3,52,False,0.0,1,0.7780265212059021,0.27074113488197327,0.5221134424209595,0.041259609162807465
3,53,False,0.0,1,0.7782223224639893,0.2704838216304779,0.5204092264175415,0.041451502591371536
3,54,False,0.0,1,0.77935391664505,0.2698409855365753,0.518113374710083,0.041930604726076126
3,55,False,0.0,1,0.7802239656448364,0.26910415291786194,0.5155565142631531,0.042990148067474365
3,56,False,0.0,1,0.781272292137146,0.26846545934677124,0.513685941696167,0.04378178343176842
3,57,False,0.0,1,0.7825140953063965,0.26683130860328674,0.5120037794113159,0.045063409954309464
3,58,False,0.0,1,0.7841043472290039,0.26570969820022583,0.5106145143508911,0.0462692491710186
3,59,False,0.0,1,0.7843104004859924,0.26478156447410583,0.5090650320053101,0.047139234840869904
3,60,False,0.0,1,0.7837892770767212,0.2652897536754608,0.5067132711410522,0.04780865088105202
3,61,False,0.0,1,0.7831170558929443,0.26536619663238525,0.5059432983398438,0.048218946903944016
3,62,False,0.0,1,0.7826898097991943,0.26511916518211365,0.5053861141204834,0.04863420128822327
3,63,False,0.0,1,0.7819136381149292,0.26495715975761414,0.5032560229301453,0.04871449992060661
3,64,False,0.0,1,0.7814282178878784,0.26516613364219666,0.5036407709121704,0.04906967654824257
3,65,False,0.0,1,0.7820862531661987,0.26516255736351013,0.5024992227554321,0.04922899976372719
3,66,False,0.0,1,0.7823677062988281,0.2656269073486328,0.5011467337608337,0.049676477909088135
3,67,False,0.0,1,0.7821379899978638,0.26641878485679626,0.5002272129058838,0.04951688274741173
3,68,False,0.0,1,0.7823779582977295,0.26669934391975403,0.4989391267299652,0.04998866468667984
3,69,False,0.0,1,0.7820802927017212,0.26759615540504456,0.49849700927734375,0.05022961273789406
3,70,False,0.0,1,0.7822808027267456,0.26806172728538513,0.49798569083213806,0.050167813897132874
3,71,False,0.0,1,0.7821618914604187,0.26893916726112366,0.49784478545188904,0.05015521124005318
3,72,False,0.0,1,0.7815690040588379,0.2699032723903656,0.49657565355300903,0.050201416015625
3,73,False,0.0,1,0.7816864252090454,0.2702317237854004,0.4968840777873993,0.0501677505671978
3,74,False,0.0,1,0.7816647887229919,0.27071768045425415,0.49720942974090576,0.050720736384391785
3,75,False,0.0,1,0.781816303730011,0.27096396684646606,0.49705830216407776,0.051380399614572525
3,76,False,0.0,1,0.7813670635223389,0.2713540196418762,0.4988327622413635,0.051371607929468155
3,77,False,0.0,1,0.7813372611999512,0.27179649472236633,0.50029456615448,0.05244474485516548
3,78,False,0.0,1,0.7814792990684509,0.27223825454711914,0.5022319555282593,0.05284905433654785
3,79,False,0.0,1,0.7820665836334229,0.27232202887535095,0.5025209784507751,0.05405431240797043
3,80,False,0.0,1,0.7827372550964355,0.2716490924358368,0.5020278692245483,0.055672336369752884
3,81,False,0.0,1,0.7834146618843079,0.27103397250175476,0.5031830072402954,0.05668225884437561
3,82,False,0.0,1,0.7840704917907715,0.27088773250579834,0.5049726963043213,0.056673482060432434
3,83,False,0.0,1,0.7859569787979126,0.2694907486438751,0.5051543712615967,0.05727331340312958
3,84,False,0.0,1,0.7874652147293091,0.26821640133857727,0.5060056447982788,0.056955646723508835
3,85,False,0.0,1,0.7885305881500244,0.26760295033454895,0.5063206553459167,0.057146161794662476
3,86,False,0.0,1,0.7896242141723633,0.26655256748199463,0.507655918598175,0.05715054273605347
3,87,False,0.0,1,0.7899656891822815,0.2661011815071106,0.5069669485092163,0.056721508502960205
3,88,False,0.0,1,0.7906662225723267,0.26585930585861206,0.5078571438789368,0.055643219500780106
3,89,False,0.0,1,0.7907577753067017,0.26529398560523987,0.508236289024353,0.05550365149974823
3,90,False,0.0,1,0.7906248569488525,0.26435160636901855,0.5089929103851318,0.05465739220380783
3,91,False,0.0,1,0.7904509902000427,0.2641211748123169,0.5099058151245117,0.05517301335930824
3,92,False,0.0,1,0.789715051651001,0.26444900035858154,0.5117506980895996,0.05499045178294182
3,93,False,0.0,1,0.7888097167015076,0.2645335793495178,0.5130124092102051,0.05315466225147247
3,94,False,0.0,1,0.7881650924682617,0.2650471031665802,0.5137255191802979,0.05423545837402344
3,95,False,0.0,1,0.7879500389099121,0.26536834239959717,0.5152698159217834,0.05490453168749809
3,96,False,0.0,1,0.7868167161941528,0.2665289342403412,0.5144761800765991,0.0543212890625
3,97,False,0.0,1,0.7867985963821411,0.2667234539985657,0.51457679271698,0.05432894825935364
3,98,False,0.0,1,0.7862657308578491,0.26716381311416626,0.5153428912162781,0.05438293516635895
3,99,False,0.0,1,0.7857303023338318,0.26701441407203674,0.5160986185073853,0.053289543837308884
3,100,False,0.0,1,0.7855250835418701,0.2661474347114563,0.5167659521102905,0.05392761155962944
3,101,False,0.0,1,0.785802960395813,0.2655211389064789,0.5179168581962585,0.05309479683637619
3,102,False,0.0,1,0.7868279218673706,0.26446589827537537,0.5191272497177124,0.053486328572034836
3,103,False,0.0,1,0.7866390347480774,0.26411402225494385,0.5199722051620483,0.052796125411987305
3,104,False,0.0,1,0.786335825920105,0.2646636962890625,0.5187287926673889,0.05260280519723892
3,105,False,0.0,1,0.7868949770927429,0.2649332284927368,0.5190568566322327,0.05253719910979271
3,106,False,0.0,1,0.7867701649665833,0.2652873992919922,0.5202254056930542,0.051952064037323
3,107,False,0.0,1,0.7861629128456116,0.2658945322036743,0.520235538482666,0.05111897364258766
3,108,False,0.0,1,0.7860559821128845,0.2657035291194916,0.5203747749328613,0.05071248486638069
3,109,False,0.0,1,0.7862317562103271,0.26550599932670593,0.5189698338508606,0.049646150320768356
3,110,False,0.0,1,0.7857261300086975,0.2658548653125763,0.5179572701454163,0.04885464534163475
3,111,False,0.0,1,0.7847412824630737,0.2666015625,0.5158535838127136,0.048052798956632614
3,112,False,0.0,1,0.7826275825500488,0.26701000332832336,0.5142554640769958,0.047642141580581665
3,113,False,0.0,1,0.7808641195297241,0.26667550206184387,0.5125148296356201,0.04748362675309181
3,114,False,0.0,1,0.7796371579170227,0.2673366665840149,0.5115398168563843,0.04699668288230896
3,115,False,0.0,1,0.7795553803443909,0.2673398554325104,0.511389434337616,0.046786051243543625
3,116,False,0.0,1,0.7799607515335083,0.267499715089798,0.512397050857544,0.04665442556142807
3,117,False,0.0,1,0.7800410389900208,0.26756802201271057,0.5128072500228882,0.04616369307041168
3,118,False,0.0,1,0.7800158858299255,0.26763588190078735,0.5135282278060913,0.046222638338804245
3,119,False,0.0,1,0.780307948589325,0.26736775040626526,0.5125627517700195,0.04630617797374725
3,120,False,0.0,1,0.7806649208068848,0.26723071932792664,0.5133072137832642,0.04646437242627144
3,121,False,0.0,1,0.7805976867675781,0.2675364315509796,0.5138177871704102,0.04644095525145531
3,122,False,0.0,1,0.780563235282898,0.2674413323402405,0.5157380700111389,0.04619951173663139
3,123,False,0.0,1,0.7807338833808899,0.26786741614341736,0.5170254707336426,0.046016499400138855
3,124,False,0.0,1,0.7803910374641418,0.26840198040008545,0.5164462327957153,0.045811768621206284
3,125,False,0.0,1,0.779902458190918,0.2694128751754761,0.515890896320343,0.04553048312664032
3,126,False,0.0,1,0.7798742055892944,0.26978600025177,0.5172343254089355,0.04549556225538254
3,127,False,0.0,1,0.7797114849090576,0.27032434940338135,0.5185384750366211,0.04522772878408432
3,128,False,0.0,1,0.7790571451187134,0.2705657184123993,0.5215243697166443,0.044853582978248596
3,129,False,0.0,1,0.7783238887786865,0.27142220735549927,0.5221437215805054,0.04445149376988411
3,130,False,0.0,1,0.7784314155578613,0.2725491523742676,0.5224844217300415,0.04372069612145424
3,131,False,0.0,1,0.7780941724777222,0.2733345925807953,0.5227444767951965,0.04329352453351021
3,132,False,0.0,1,0.7775918841362,0.2742652893066406,0.5221116542816162,0.042244020849466324
3,133,False,0.0,1,0.7769752740859985,0.27492833137512207,0.5199877619743347,0.041577354073524475
3,134,False,0.0,1,0.7765254974365234,0.2754136621952057,0.5184499025344849,0.040670011192560196
3,135,False,0.0,1,0.7763910889625549,0.27615460753440857,0.5189964771270752,0.039355527609586716
3,136,False,0.0,1,0.7766700983047485,0.27586865425109863,0.5191634893417358,0.03815152496099472
3,137,False,0.0,1,0.7768808603286743,0.27557113766670227,0.519656777381897,0.03678962215781212
3,138,False,0.0,1,0.7767756581306458,0.274929940700531,0.5205308198928833,0.035804662853479385
3,139,False,0.0,1,0.776776909828186,0.27400386333465576,0.5218552350997925,0.03545871376991272
3,140,False,0.0,1,0.7768975496292114,0.27330297231674194,0.5230112075805664,0.03505955636501312
3,141,False,0.0,1,0.7786827087402344,0.27236101031303406,0.5241668224334717,0.03479836881160736
3,142,False,0.0,1,0.779465913772583,0.27152132987976074,0.5288106203079224,0.035630002617836
3,143,False,0.0,1,0.779569149017334,0.2707492411136627,0.5333507657051086,0.036443814635276794
3,144,False,0.0,1,0.7794377207756042,0.2703832983970642,0.5359399318695068,0.0371210016310215
3,145,False,0.0,1,0.7793261408805847,0.27105867862701416,0.5363277196884155,0.03707192465662956
3,146,False,0.0,1,0.7794358134269714,0.2711717486381531,0.5369115471839905,0.03703780099749565
3,147,False,0.0,1,0.7798250317573547,0.27098411321640015,0.5366060733795166,0.0369330495595932
3,148,False,0.0,1,0.7801846265792847,0.27081814408302307,0.5371311902999878,0.03710400313138962
3,149,False,0.0,1,0.7807109355926514,0.27021604776382446,0.5370320081710815,0.03722053021192551
3,150,False,0.0,1,0.7813061475753784,0.26988089084625244,0.5364190340042114,0.03703208267688751
3,151,False,0.0,1,0.7815964221954346,0.26944562792778015,0.5366919636726379,0.03730502352118492
3,152,False,0.0,1,0.7819502949714661,0.2691728472709656,0.5367072224617004,0.037329234182834625
3,153,False,0.0,1,0.7821483016014099,0.2689856290817261,0.5363114476203918,0.0372484028339386
3,154,False,0.0,1,0.782375693321228,0.2688570022583008,0.5363084077835083,0.03738361597061157
3,155,False,0.0,1,0.7825987935066223,0.26871970295906067,0.5366609692573547,0.03755565360188484
3,156,False,0.0,1,0.7829391360282898,0.26866957545280457,0.5370279550552368,0.037717729806900024
3,157,False,0.0,1,0.7831035256385803,0.2685154676437378,0.538017988204956,0.037831515073776245
3,158,False,0.0,1,0.7836477756500244,0.26808682084083557,0.5401085019111633,0.038231827318668365
3,159,False,0.0,1,0.784001886844635,0.2677883803844452,0.5428481101989746,0.039020393043756485
3,160,False,0.0,1,0.7849311828613281,0.26670581102371216,0.5464721918106079,0.04018719121813774
3,161,False,0.0,1,0.7858397960662842,0.2653863728046417,0.5538102388381958,0.04318997263908386
3,162,False,0.0,1,0.7852156162261963,0.26442065834999084,0.5568240880966187,0.044574543833732605
3,163,False,0.0,1,0.785210371017456,0.26429396867752075,0.557401716709137,0.04491452872753143
3,164,False,0.0,1,0.7850218415260315,0.2640840709209442,0.5594545602798462,0.045739077031612396
3,165,False,0.0,1,0.78464674949646,0.26363709568977356,0.560661792755127,0.04587586224079132
3,166,False,0.0,1,0.7846266031265259,0.2629983127117157,0.5613875389099121,0.04551924765110016
3,167,False,0.0,1,0.7851492166519165,0.26268211007118225,0.5612091422080994,0.04557077959179878
3,168,False,0.0,1,0.7858409881591797,0.26232653856277466,0.5605860948562622,0.04533633217215538
4,0,False,0.0,0,0.7324676513671875,0.17829808592796326,0.5194461345672607,0.036878347396850586
4,1,False,0.0,1,0.8151363134384155,0.24369823932647705,0.5331153869628906,0.04471346735954285
4,2,False,0.0,1,0.8154020309448242,0.2435784786939621,0.5317898988723755,0.04558049887418747
4,3,False,0.0,1,0.8149467706680298,0.24464449286460876,0.531794548034668,0.04723937436938286
4,4,False,0.0,1,0.8151599168777466,0.24429693818092346,0.5341118574142456,0.05027490481734276
4,5,False,0.0,1,0.8171510100364685,0.2458387315273285,0.5359336137771606,0.052274156361818314
4,6,False,0.0,1,0.8156301975250244,0.24725408852100372,0.5363781452178955,0.053369756788015366
4,7,False,0.0,1,0.8140114545822144,0.2481180876493454,0.5370165109634399,0.05370358005166054
4,8,False,0.0,1,0.8129547238349915,0.24854238331317902,0.5377175807952881,0.05358944460749626
4,9,False,0.0,1,0.8119516372680664,0.2489342987537384,0.5381542444229126,0.054059382528066635
4,10,False,0.0,1,0.8122638463973999,0.24922731518745422,0.5388419032096863,0.05400744080543518
4,11,False,0.0,1,0.8123633861541748,0.24925479292869568,0.5392100214958191,0.054417673498392105
4,12,False,0.0,1,0.8118119239807129,0.24932639300823212,0.5400327444076538,0.05476297065615654
4,13,False,0.0,1,0.8113676309585571,0.2496325820684433,0.5404512882232666,0.055113259702920914
4,14,False,0.0,1,0.8109058141708374,0.24992701411247253,0.5425561666488647,0.054989561438560486
4,15,False,0.0,1,0.8099737167358398,0.2501300573348999,0.5458047986030579,0.055245399475097656
4,16,False,0.0,1,0.8097625970840454,0.2502068281173706,0.5478345155715942,0.05522279441356659
4,17,False,0.0,1,0.8092242479324341,0.2502440810203552,0.5485421419143677,0.05504773557186127
4,18,False,0.0,1,0.808574914932251,0.2506006062030792,0.5500394105911255,0.05465008690953255
4,19,False,0.0,1,0.8077044486999512,0.2511861324310303,0.5501397252082825,0.05354045704007149
4,20,False,0.0,1,0.8069308996200562,0.25185009837150574,0.5497380495071411,0.05214136838912964
4,21,False,0.0,1,0.8059009909629822,0.252457857131958,0.5495618581771851,0.05152549222111702
4,22,False,0.0,1,0.8052823543548584,0.2534105181694031,0.5488735437393188,0.05076881870627403
4,23,False,0.0,1,0.8044809699058533,0.25437411665916443,0.5499796867370605,0.04994212090969086
4,24,False,0.0,1,0.8047384023666382,0.2543931305408478,0.5489895343780518,0.048639945685863495
4,25,False,0.0,1,0.8042868971824646,0.25489670038223267,0.5496779680252075,0.04756034165620804
4,26,False,0.0,1,0.804092288017273,0.2554240822792053,0.5491286516189575,0.04691906273365021
4,27,False,0.0,1,0.802981972694397,0.25605615973472595,0.549983024597168,0.045811232179403305
4,28,False,0.0,1,0.8018346428871155,0.2564820647239685,0.5500636100769043,0.04465050622820854
4,29,False,0.0,1,0.8004981279373169,0.2576266825199127,0.5504215955734253,0.044401392340660095
4,30,False,0.0,1,0.7981363534927368,0.25813913345336914,0.5501569509506226,0.04367392137646675
4,31,False,0.0,1,0.7967664003372192,0.2586316764354706,0.5500429272651672,0.043400008231401443
4,32,False,0.0,1,0.7951803207397461,0.2600715160369873,0.550951361656189,0.04330755025148392
4,33,False,0.0,1,0.7937566041946411,0.26136961579322815,0.5510003566741943,0.04294877499341965
4,34,False,0.0,1,0.7920930981636047,0.2631101608276367,0.5512889623641968,0.04299081861972809
4,35,False,0.0,1,0.790260910987854,0.2654191851615906,0.549730658531189,0.04300868511199951
4,36,False,0.0,1,0.7886723279953003,0.26691505312919617,0.5471233129501343,0.043314117938280106
4,37,False,0.0,1,0.7871730327606201,0.2676386833190918,0.5442183017730713,0.042741090059280396
4,38,False,0.0,1,0.7861315011978149,0.2681061029434204,0.5414372086524963,0.042956236749887466
4,39,False,0.0,1,0.7846759557723999,0.26984140276908875,0.5387425422668457,0.04305073246359825
4,40,False,0.0,1,0.783885657787323,0.27078279852867126,0.5370993614196777,0.043604377657175064
4,41,False,0.0,1,0.7827065587043762,0.27184218168258667,0.5361888408660889,0.04432310909032822
4,42,False,0.0,1,0.7815800905227661,0.2726728916168213,0.5364856719970703,0.04503091797232628
4,43,False,0.0,1,0.7814395427703857,0.27359262108802795,0.5348705053329468,0.0455460287630558
4,44,False,0.0,1,0.7817608118057251,0.27374520897865295,0.5346529483795166,0.04667914658784866
4,45,False,0.0,1,0.7824434638023376,0.2732742428779602,0.5323302745819092,0.04683615267276764
4,46,False,0.0,1,0.7831268310546875,0.27214181423187256,0.5301172733306885,0.04618772491812706
4,47,False,0.0,1,0.7832382917404175,0.2708621919155121,0.5279003381729126,0.046317361295223236
4,48,False,0.0,1,0.7836735248565674,0.26941946148872375,0.524351954460144,0.04599806293845177
4,49,False,0.0,1,0.7829395532608032,0.2701222896575928,0.5215455293655396,0.046781547367572784
4,50,False,0.0,1,0.7835102677345276,0.2701647877693176,0.5196267366409302,0.04771425947546959
4,51,False,0.0,1,0.7835317850112915,0.27006953954696655,0.5187113285064697,0.048535216599702835
4,52,False,0.0,1,0.7829912900924683,0.2692547142505646,0.5168524980545044,0.05061383172869682
4,53,False,0.0,1,0.7841818332672119,0.26787400245666504,0.5160753726959229,0.05198541283607483
4,54,False,0.0,1,0.7852211594581604,0.26722627878189087,0.5156841278076172,0.05250634253025055
4,55,False,0.0,1,0.7857566475868225,0.2655200958251953,0.5148115158081055,0.05315402150154114
4,56,False,0.0,1,0.7863116264343262,0.26399561762809753,0.5142697095870972,0.053455401211977005
4,57,False,0.0,1,0.7863411903381348,0.26331883668899536,0.5138463973999023,0.05269372835755348
4,58,False,0.0,1,0.7862282991409302,0.2633487284183502,0.5137666463851929,0.051606837660074234
4,59,False,0.0,1,0.7877197861671448,0.26272228360176086,0.51121586561203,0.05100411921739578
4,60,False,0.0,1,0.7882338762283325,0.26137155294418335,0.5095734596252441,0.05118222534656525
4,61,False,0.0,1,0.7893134355545044,0.2609344720840454,0.508712649345398,0.05072307586669922
4,62,False,0.0,1,0.7907952666282654,0.25988978147506714,0.5084137916564941,0.05099071189761162
4,63,False,0.0,1,0.791928768157959,0.25959768891334534,0.5077137351036072,0.05021980032324791
4,64,False,0.0,1,0.7931287288665771,0.2599606215953827,0.5076764822006226,0.049116626381874084
4,65,False,0.0,1,0.7938064336776733,0.2601027488708496,0.5060569047927856,0.04811730235815048
4,66,False,0.0,1,0.7936391830444336,0.2604050040245056,0.5054801106452942,0.046977780759334564
4,67,False,0.0,1,0.7934809327125549,0.26061150431632996,0.504165768623352,0.04564613476395607
4,68,False,0.0,1,0.7944450378417969,0.26086562871932983,0.5033188462257385,0.045002445578575134
4,69,False,0.0,1,0.7949109077453613,0.2607136070728302,0.5041589736938477,0.044550202786922455
4,70,False,0.0,1,0.7954978346824646,0.26070070266723633,0.5025202035903931,0.04411837458610535
4,71,False,0.0,1,0.7952661514282227,0.26075759530067444,0.5022072792053223,0.04381455108523369
4,72,False,0.0,1,0.7947157621383667,0.2607137858867645,0.5024559497833252,0.043744102120399475
4,73,False,0.0,1,0.7940528988838196,0.26073145866394043,0.5038100481033325,0.04402480646967888
4,74,False,0.0,1,0.7938661575317383,0.2610614001750946,0.5048403143882751,0.0441279411315918
4,75,False,0.0,1,0.7931652069091797,0.2625155448913574,0.5064993500709534,0.04395997151732445
4,76,False,0.0,1,0.7915736436843872,0.2635408639907837,0.5076666474342346,0.044271741062402725
4,77,False,0.0,1,0.7907079458236694,0.2645862400531769,0.5097754597663879,0.043790675699710846
4,78,False,0.0,1,0.7889879941940308,0.2657424211502075,0.5104719400405884,0.04346849396824837
4,79,False,0.0,1,0.7867506146430969,0.26722288131713867,0.5113888382911682,0.043627720326185226
4,80,False,0.0,1,0.7856281399726868,0.2668468654155731,0.5141737461090088,0.043154604732990265
4,81,False,0.0,1,0.7863246202468872,0.26647186279296875,0.514734148979187,0.042842473834753036
4,82,False,0.0,1,0.7853480577468872,0.2668088972568512,0.5161689519882202,0.043232351541519165
4,83,False,0.0,1,0.786151111125946,0.2669273614883423,0.5173929333686829,0.04264255240559578
4,84,False,0.0,1,0.7867827415466309,0.2680933177471161,0.5186784267425537,0.04268455132842064
4,85,False,0.0,1,0.7861873507499695,0.2696208655834198,0.5156130194664001,0.04202160984277725
4,86,False,0.0,1,0.7856061458587646,0.2711849808692932,0.5138996243476868,0.040816836059093475
4,87,False,0.0,1,0.7849266529083252,0.27234384417533875,0.5133477449417114,0.03968266025185585
4,88,False,0.0,1,0.7850781679153442,0.27336207032203674,0.5147969126701355,0.03876759484410286
4,89,False,0.0,1,0.7849382758140564,0.2733415365219116,0.5163134336471558,0.038462236523628235
4,90,False,0.0,1,0.7849317789077759,0.27275538444519043,0.5148622989654541,0.038402996957302094
4,91,False,0.0,1,0.7846096754074097,0.2722364068031311,0.5155877470970154,0.03843728452920914
4,92,False,0.0,1,0.7851764559745789,0.2718498408794403,0.5154281854629517,0.03808640316128731
4,93,False,0.0,1,0.7854388952255249,0.2716093957424164,0.5173577070236206,0.03837265074253082
4,94,False,0.0,1,0.7857424020767212,0.27141255140304565,0.5173431634902954,0.03822177276015282
4,95,False,0.0,1,0.7859623432159424,0.2709069848060608,0.5173550844192505,0.03803441300988197
4,96,False,0.0,1,0.7861337661743164,0.27058228850364685,0.5164751410484314,0.03760519251227379
4,97,False,0.0,1,0.7864165306091309,0.2702077031135559,0.5167754292488098,0.03774680197238922
4,98,False,0.0,1,0.7866126298904419,0.2692565619945526,0.517295241355896,0.037620071321725845
4,99,False,0.0,1,0.7873705625534058,0.2681431472301483,0.5180717706680298,0.03744763508439064
4,100,False,0.0,1,0.7879430055618286,0.26735830307006836,0.5184946060180664,0.03728063032031059
4,101,False,0.0,1,0.7886398434638977,0.26638856530189514,0.5210084319114685,0.03780375048518181
4,102,False,0.0,1,0.7889965772628784,0.265639990568161,0.5213334560394287,0.03778712823987007
4,103,False,0.0,1,0.7889435887336731,0.26519525051116943,0.5214332342147827,0.037571415305137634
4,104,False,0.0,1,0.7888118028640747,0.26490646600723267,0.5220270156860352,0.037747953087091446
4,105,False,0.0,1,0.7888727188110352,0.2645761966705322,0.5218538045883179,0.037652913480997086
4,106,False,0.0,1,0.7894741296768188,0.2645843029022217,0.5225069522857666,0.03746010735630989
4,107,False,0.0,1,0.7902649641036987,0.2641581892967224,0.5283750295639038,0.03838856518268585
4,108,False,0.0,1,0.7908175587654114,0.2638006806373596,0.5395300388336182,0.04083386808633804
4,109,False,0.0,1,0.7906280159950256,0.2637673020362854,0.545578122138977,0.04246009141206741
4,110,False,0.0,1,0.7905852794647217,0.26368239521980286,0.5482901334762573,0.04323376715183258
4,111,False,0.0,1,0.7903907299041748,0.2638438045978546,0.5503184795379639,0.04370831325650215
4,112,False,0.0,1,0.7901101112365723,0.263249933719635,0.5508983135223389,0.04403164982795715
4,113,False,0.0,1,0.7907149195671082,0.26229336857795715,0.5526895523071289,0.0444374717772007
4,114,False,0.0,1,0.7908252477645874,0.26159095764160156,0.55300372838974,0.044059205800294876
4,115,False,0.0,1,0.7904000878334045,0.2612500488758087,0.5535663962364197,0.043934889137744904
5,0,False,0.0,0,0.7060188055038452,0.17755022644996643,0.534144401550293,0.043755706399679184
5,1,False,0.0,1,0.8031235337257385,0.2554306983947754,0.5476042628288269,0.04650340601801872
5,2,False,0.0,1,0.8038958311080933,0.2551145851612091,0.5487803220748901,0.047093383967876434
5,3,False,0.0,1,0.8040978908538818,0.2541768252849579,0.5501385927200317,0.04780424386262894
5,4,False,0.0,1,0.8039818406105042,0.2540753483772278,0.55122971534729,0.048598576337099075
5,5,False,0.0,1,0.803783655166626,0.2541254460811615,0.5528737306594849,0.049272362142801285
5,6,False,0.0,1,0.8032232522964478,0.25438055396080017,0.5531858205795288,0.04929743707180023
5,7,False,0.0,1,0.8035552501678467,0.2552156150341034,0.554504930973053,0.0497853122651577
5,8,False,0.0,1,0.803243100643158,0.25599661469459534,0.5558509826660156,0.05010025203227997
5,9,False,0.0,1,0.8029021620750427,0.25668665766716003,0.5564253330230713,0.05027177557349205
5,10,False,0.0,1,0.8030703067779541,0.25659847259521484,0.5564579367637634,0.05004550889134407
5,11,False,0.0,1,0.8038585186004639,0.2563657760620117,0.5566511154174805,0.0497170090675354
5,12,False,0.0,1,0.8040964603424072,0.2563856840133667,0.5574398040771484,0.04972899332642555
5,13,False,0.0,1,0.803974986076355,0.2567521929740906,0.5578820705413818,0.049281176179647446
5,14,False,0.0,1,0.8046581745147705,0.25682640075683594,0.5583142042160034,0.04923016205430031
5,15,False,0.0,1,0.8050365447998047,0.2567399740219116,0.5574949383735657,0.048661891371011734
5,16,False,0.0,1,0.8049654364585876,0.2568272352218628,0.557593047618866,0.048353228718042374
5,17,False,0.0,1,0.8052945137023926,0.25620168447494507,0.5588946342468262,0.04781908169388771
5,18,False,0.0,1,0.8061162233352661,0.25571081042289734,0.5583982467651367,0.04706259071826935
5,19,False,0.0,1,0.8062856793403625,0.25554805994033813,0.5585743188858032,0.0463588684797287
5,20,False,0.0,1,0.8053989410400391,0.2559291422367096,0.5590601563453674,0.04557276889681816
5,21,False,0.0,1,0.8050744533538818,0.25591132044792175,0.5609557628631592,0.04541308805346489
5,22,False,0.0,1,0.8046743869781494,0.25616565346717834,0.5620841383934021,0.045321300625801086
5,23,False,0.0,1,0.8043986558914185,0.25669488310813904,0.5637580752372742,0.0453178845345974
5,24,False,0.0,1,0.8036754727363586,0.2574681043624878,0.5647008419036865,0.04532131925225258
5,25,False,0.0,1,0.8031294345855713,0.25813624262809753,0.5662208795547485,0.04582994431257248
5,26,False,0.0,1,0.8028302192687988,0.2585594058036804,0.5671185255050659,0.04641284421086311
5,27,False,0.0,1,0.8016161918640137,0.258500874042511,0.5678226947784424,0.047056104987859726
5,28,False,0.0,1,0.800609827041626,0.25884151458740234,0.5681232810020447,0.04782240465283394
5,29,False,0.0,1,0.8004018068313599,0.2595370411872864,0.5695925951004028,0.04861675947904587
5,30,False,0.0,1,0.7991130948066711,0.259745717048645,0.5693825483322144,0.04928700253367424
5,31,False,0.0,1,0.7982058525085449,0.26055148243904114,0.5693722367286682,0.04971689358353615
5,32,False,0.0,1,0.7960541844367981,0.26147621870040894,0.5720647573471069,0.05024529993534088
5,33,False,0.0,1,0.7937434911727905,0.26272180676460266,0.5736581087112427,0.05096597224473953
5,34,False,0.0,1,0.7933944463729858,0.262908011674881,0.5752838850021362,0.05115209147334099
5,35,False,0.0,1,0.7942837476730347,0.2635786533355713,0.5762108564376831,0.05120127648115158
5,36,False,0.0,1,0.7937062978744507,0.2642468512058258,0.5752940773963928,0.05045463144779205
5,37,False,0.0,1,0.7932499647140503,0.2650572657585144,0.573684573173523,0.049192216247320175
5,38,False,0.0,1,0.7928274273872375,0.26576846837997437,0.5713653564453125,0.048616793006658554
5,39,False,0.0,1,0.7916535139083862,0.2667507231235504,0.5682147741317749,0.04765678197145462
5,40,False,0.0,1,0.7909159660339355,0.26669222116470337,0.5652351379394531,0.04732631519436836
5,41,False,0.0,1,0.7905385494232178,0.26698240637779236,0.5612201690673828,0.045997586101293564
5,42,False,0.0,1,0.7895587086677551,0.2679385244846344,0.557198703289032,0.04502861946821213
5,43,False,0.0,1,0.7887117266654968,0.26813244819641113,0.5550260543823242,0.044677019119262695
5,44,False,0.0,1,0.7882186770439148,0.2676510810852051,0.5518239736557007,0.04405507445335388
5,45,False,0.0,1,0.7884696125984192,0.2671172618865967,0.547878623008728,0.043208468705415726
5,46,False,0.0,1,0.7883882522583008,0.26713988184928894,0.5471100807189941,0.043715398758649826
5,47,False,0.0,1,0.7870941758155823,0.26784586906433105,0.5444222688674927,0.044366706162691116
5,48,False,0.0,1,0.785921573638916,0.26857516169548035,0.5428282022476196,0.04562562331557274
5,49,False,0.0,1,0.7846332788467407,0.2692347764968872,0.5401288270950317,0.045876048505306244
5,50,False,0.0,1,0.7837220430374146,0.2693878710269928,0.5363372564315796,0.046274181455373764
5,51,False,0.0,1,0.7838982343673706,0.26939690113067627,0.5348927974700928,0.046590983867645264
5,52,False,0.0,1,0.7841967344284058,0.26958444714546204,0.5324810743331909,0.04668555036187172
5,53,False,0.0,1,0.7840085029602051,0.26948466897010803,0.5282635688781738,0.04674049839377403
5,54,False,0.0,1,0.7836553454399109,0.2706349790096283,0.522214412689209,0.04620741307735443
5,55,False,0.0,1,0.784221887588501,0.2712090313434601,0.5173623561859131,0.04588097333908081
5,56,False,0.0,1,0.7857998609542847,0.27059686183929443,0.5136966109275818,0.04587769880890846
5,57,False,0.0,1,0.7876315712928772,0.26847612857818604,0.5117766857147217,0.046730540692806244
5,58,False,0.0,1,0.7900807857513428,0.26505181193351746,0.5096882581710815,0.047140639275312424
5,59,False,0.0,1,0.7932166457176208,0.2613978385925293,0.5089048147201538,0.04733986780047417
5,60,False,0.0,1,0.7942278385162354,0.2598956227302551,0.5096361041069031,0.0469125472009182
5,61,False,0.0,1,0.7949157953262329,0.25932541489601135,0.5093318223953247,0.04695946350693703
5,62,False,0.0,1,0.7952768206596375,0.2587982416152954,0.508726954460144,0.04681658372282982
5,63,False,0.0,1,0.7956229448318481,0.25828632712364197,0.5085299611091614,0.04648641496896744
5,64,False,0.0,1,0.7966479659080505,0.2576505243778229,0.5074399709701538,0.046581875532865524
5,65,False,0.0,1,0.7973362803459167,0.25675734877586365,0.5050939321517944,0.04777723178267479
5,66,False,0.0,1,0.7977346777915955,0.2565745711326599,0.5043822526931763,0.048434533178806305
5,67,False,0.0,1,0.7982600927352905,0.25625815987586975,0.5041242241859436,0.048533618450164795
5,68,False,0.0,1,0.7984797954559326,0.2558381259441376,0.5043624639511108,0.048823192715644836
5,69,False,0.0,1,0.7994701862335205,0.255400151014328,0.5027403831481934,0.05033000558614731
5,70,False,0.0,1,0.8002288937568665,0.2550896108150482,0.5041834115982056,0.0513538122177124
5,71,False,0.0,1,0.8009374141693115,0.255043625831604,0.5039455890655518,0.05216975137591362
5,72,False,0.0,1,0.8020896911621094,0.2546687126159668,0.5031975507736206,0.05340747907757759
5,73,False,0.0,1,0.8041290640830994,0.2537771761417389,0.5033299922943115,0.05375441908836365
5,74,False,0.0,1,0.8048185110092163,0.2536846399307251,0.5034862756729126,0.05403946712613106
5,75,False,0.0,1,0.8055343627929688,0.25339874625205994,0.5038729310035706,0.05444768816232681
5,76,False,0.0,1,0.8053840398788452,0.253654807806015,0.5045430660247803,0.05490349978208542
5,77,False,0.0,1,0.805389940738678,0.25338396430015564,0.5044808387756348,0.05569050461053848
5,78,False,0.0,1,0.8059645891189575,0.2528647780418396,0.5060817003250122,0.05562880262732506
5,79,False,0.0,1,0.8064908981323242,0.25286665558815,0.5075395107269287,0.05535426735877991
5,80,False,0.0,1,0.8067609071731567,0.2530144453048706,0.5085102319717407,0.05506489425897598
5,81,False,0.0,1,0.8064672350883484,0.25384870171546936,0.5103335380554199,0.05350553244352341
5,82,False,0.0,1,0.8059921264648438,0.2545170485973358,0.5127967596054077,0.05309506878256798
5,83,False,0.0,1,0.805112898349762,0.2550122141838074,0.5140353441238403,0.05176214501261711
5,84,False,0.0,1,0.8039358854293823,0.25587570667266846,0.5152488946914673,0.051656901836395264
5,85,False,0.0,1,0.8019826412200928,0.25761348009109497,0.5168604850769043,0.04968845471739769
5,86,False,0.0,1,0.7999975681304932,0.25966647267341614,0.5179659128189087,0.048691295087337494
5,87,False,0.0,1,0.7981282472610474,0.26090288162231445,0.5189820528030396,0.04790621995925903
5,88,False,0.0,1,0.7964333295822144,0.2630895674228668,0.518571138381958,0.04704417660832405
5,89,False,0.0,1,0.7948232293128967,0.264009952545166,0.5209099054336548,0.045734308660030365
5,90,False,0.0,1,0.7936758995056152,0.2655283808708191,0.5199949741363525,0.04510245472192764
5,91,False,0.0,1,0.793724000453949,0.2659894526004791,0.5214171409606934,0.04469147324562073
5,92,False,0.0,1,0.7934482097625732,0.2666468918323517,0.5208846926689148,0.04468674212694168
5,93,False,0.0,1,0.7913726568222046,0.26842156052589417,0.5179615616798401,0.04400113597512245
5,94,False,0.0,1,0.7894359230995178,0.27005159854888916,0.518281102180481,0.043270669877529144
5,95,False,0.0,1,0.7879334092140198,0.2712692618370056,0.5181325674057007,0.04348231106996536
5,96,False,0.0,1,0.7851828336715698,0.2723413109779358,0.516769289970398,0.04197511076927185
5,97,False,0.0,1,0.7841456532478333,0.27337774634361267,0.5152537822723389,0.04050763323903084
5,98,False,0.0,1,0.7838667631149292,0.27317580580711365,0.5144452452659607,0.03959798812866211
5,99,False,0.0,1,0.7837444543838501,0.2729150354862213,0.5130090117454529,0.03895624354481697
5,100,False,0.0,1,0.7835798263549805,0.2728941738605499,0.5091443061828613,0.037569209933280945
5,101,False,0.0,1,0.7828783988952637,0.2718780040740967,0.510455846786499,0.03693387657403946
5,102,False,0.0,1,0.7827832698822021,0.27092108130455017,0.5148463845252991,0.036787744611501694
5,103,False,0.0,1,0.7829735279083252,0.2701488137245178,0.5194041728973389,0.036595042794942856
5,104,False,0.0,1,0.7832280397415161,0.2691870331764221,0.5244779586791992,0.037052031606435776
5,105,False,0.0,1,0.7841839790344238,0.2680770754814148,0.5257657766342163,0.03686308115720749
5,106,False,0.0,1,0.7839864492416382,0.2672900855541229,0.5274617075920105,0.0370505228638649
5,107,False,0.0,1,0.7832942008972168,0.2665749490261078,0.5285014510154724,0.03716425225138664
5,108,False,0.0,1,0.7825430631637573,0.2664523124694824,0.5295343399047852,0.03753089904785156
5,109,False,0.0,1,0.7822057008743286,0.2661624252796173,0.5306122303009033,0.03782561048865318
5,110,False,0.0,1,0.7815971970558167,0.2660791873931885,0.5315103530883789,0.038093045353889465
5,111,False,0.0,1,0.780893087387085,0.2660910189151764,0.5307223796844482,0.03805547580122948
5,112,False,0.0,1,0.7807170152664185,0.26620838046073914,0.5295842885971069,0.03750869259238243
5,113,False,0.0,1,0.7803948521614075,0.2660955786705017,0.5298343896865845,0.037568289786577225
5,114,False,0.0,1,0.7810590267181396,0.2664065957069397,0.531582772731781,0.038453198969364166
5,115,False,0.0,1,0.7824602723121643,0.26526057720184326,0.5398472547531128,0.04098803177475929
6,0,False,0.0,0,0.7079460620880127,0.16340315341949463,0.5097256898880005,0.03935146704316139
6,1,False,0.0,1,0.8111046552658081,0.24615010619163513,0.5213754177093506,0.044592224061489105
6,2,False,0.0,1,0.8111287355422974,0.2460719645023346,0.5228775143623352,0.04578365758061409
6,3,False,0.0,1,0.812641978263855,0.2454765886068344,0.5258873105049133,0.04770524799823761
6,4,False,0.0,1,0.8135809898376465,0.24694319069385529,0.5287726521492004,0.04956407472491264
6,5,False,0.0,1,0.8119076490402222,0.24824956059455872,0.5299712419509888,0.05072047561407089
6,6,False,0.0,1,0.8103415369987488,0.24976617097854614,0.5299159288406372,0.0508381724357605
6,7,False,0.0,1,0.8095425367355347,0.25062018632888794,0.530085563659668,0.05077178031206131
6,8,False,0.0,1,0.8092826008796692,0.250846803188324,0.5312442779541016,0.05003893002867699
6,9,False,0.0,1,0.8083235621452332,0.2514914572238922,0.5319170355796814,0.05025860667228699
6,10,False,0.0,1,0.8072577118873596,0.2524261474609375,0.5330216884613037,0.04999985918402672
6,11,False,0.0,1,0.8075730204582214,0.2530288100242615,0.5343843698501587,0.05078361928462982
6,12,False,0.0,1,0.8073986172676086,0.2538420855998993,0.5352135896682739,0.05013243481516838
6,13,False,0.0,1,0.8073282241821289,0.25452303886413574,0.536472737789154,0.04994494095444679
6,14,False,0.0,1,0.8069067001342773,0.2549709379673004,0.5365278720855713,0.049870096147060394
6,15,False,0.0,1,0.8073223829269409,0.2546982169151306,0.5379229784011841,0.05007590353488922
6,16,False,0.0,1,0.8077454566955566,0.2539791166782379,0.5406628847122192,0.049541473388671875
6,17,False,0.0,1,0.8077153563499451,0.25377288460731506,0.5411006808280945,0.04860568419098854
6,18,False,0.0,1,0.8078458309173584,0.2537616491317749,0.5416536331176758,0.04824918508529663
6,19,False,0.0,1,0.8072668313980103,0.2540908455848694,0.5417141914367676,0.04798736795783043
6,20,False,0.0,1,0.8064537048339844,0.2548634111881256,0.5406386852264404,0.04754522442817688
6,21,False,0.0,1,0.8057501912117004,0.25563663244247437,0.5403348207473755,0.047218937426805496
6,22,False,0.0,1,0.8045352101325989,0.25647538900375366,0.5408809185028076,0.04693600907921791
6,23,False,0.0,1,0.804077684879303,0.2571292817592621,0.5416462421417236,0.04622256010770798
6,24,False,0.0,1,0.8039663434028625,0.2577010989189148,0.542008638381958,0.04451032355427742
6,25,False,0.0,1,0.8040896654129028,0.25841450691223145,0.5418106913566589,0.04347296059131622
6,26,False,0.0,1,0.8035114407539368,0.2591142952442169,0.5421749353408813,0.042356595396995544
6,27,False,0.0,1,0.8023930788040161,0.25952744483947754,0.5410444736480713,0.0415390320122242
6,28,False,0.0,1,0.8019878268241882,0.25992918014526367,0.5414458513259888,0.04097449406981468
6,29,False,0.0,1,0.8017070293426514,0.25991737842559814,0.5413506627082825,0.04076303914189339
6,30,False,0.0,1,0.8010503053665161,0.26024770736694336,0.5406509637832642,0.04051169008016586
6,31,False,0.0,1,0.7997053861618042,0.2615310847759247,0.5420918464660645,0.04104793444275856
6,32,False,0.0,1,0.7973958253860474,0.2628694474697113,0.5428836345672607,0.04083210602402687
6,33,False,0.0,1,0.7945225834846497,0.2655719518661499,0.5432378649711609,0.0411832332611084
6,34,False,0.0,1,0.7924714088439941,0.26626378297805786,0.5427169799804688,0.041137803345918655
6,35,True,0.021739130839705467,1,0.7925679683685303,0.267023503780365,0.5426289439201355,0.041884541511535645
6,36,True,0.06521739065647125,1,0.7912994623184204,0.2680480480194092,0.5422635674476624,0.04241648688912392
6,37,True,0.10869564861059189,1,0.7887203693389893,0.2697818875312805,0.5377209186553955,0.0420372374355793
6,38,True,0.15217390656471252,1,0.7877559661865234,0.2705945074558258,0.5350137948989868,0.04230375960469246
6,39,True,0.19565217196941376,1,0.7860523462295532,0.27041319012641907,0.5342156887054443,0.04238329455256462
6,40,True,0.239130437374115,1,0.784009575843811,0.2709308862686157,0.5349792242050171,0.0427154079079628
6,41,True,0.28260868787765503,1,0.7843911647796631,0.27084001898765564,0.5370736122131348,0.04174581542611122
6,42,True,0.32608696818351746,1,0.785866916179657,0.26973459124565125,0.5395187735557556,0.04027381166815758
6,43,True,0.3695652186870575,1,0.7882713079452515,0.2678719162940979,0.538087785243988,0.03942451998591423
6,44,True,0.41304346919059753,1,0.7894829511642456,0.26601383090019226,0.5368890762329102,0.038826391100883484
6,45,True,0.45652174949645996,1,0.7905067205429077,0.2643735110759735,0.5337089896202087,0.0381467230618
6,46,True,0.5,1,0.7911750078201294,0.26400792598724365,0.5327572226524353,0.03877196088433266
6,47,True,0.54347825050354,1,0.7921581864356995,0.26276126503944397,0.5302279591560364,0.03771395981311798
6,48,True,0.5869565010070801,1,0.7916796207427979,0.2636476457118988,0.5324621200561523,0.03698210418224335
6,49,True,0.6304348111152649,1,0.7914101481437683,0.26299118995666504,0.5274837613105774,0.03574429452419281
6,50,True,0.6739130616188049,1,0.7914366126060486,0.2627694308757782,0.523388147354126,0.03401868790388107
6,51,True,0.717391312122345,1,0.7918131351470947,0.2612431049346924,0.5158647894859314,0.030206235125660896
6,52,True,0.760869562625885,1,0.7942309379577637,0.2570638656616211,0.5084549188613892,0.029276791960000992
6,53,True,0.804347813129425,1,0.7976202964782715,0.25460752844810486,0.5069491863250732,0.02757357805967331
6,54,True,0.8478260636329651,1,0.8002450466156006,0.2520659565925598,0.5069700479507446,0.02665221132338047
6,55,True,0.8913043737411499,1,0.8034449815750122,0.2505113482475281,0.5105785131454468,0.025948425754904747
6,56,True,0.9347826242446899,1,0.8038552403450012,0.24954059720039368,0.5148109197616577,0.026265446096658707
6,57,True,0.97826087474823,1,0.8035891652107239,0.2487899214029312,0.5101407170295715,0.026554305106401443
6,58,True,1.0,1,0.8019818067550659,0.2492169737815857,0.5047016143798828,0.027334868907928467
6,59,True,1.0,1,0.8016512393951416,0.24968184530735016,0.5027928948402405,0.027371622622013092
6,60,True,1.0,1,0.8014373183250427,0.25002342462539673,0.5019621849060059,0.027241887524724007
6,61,True,1.0,1,0.8015682697296143,0.24906423687934875,0.501309871673584,0.02709846943616867
6,62,True,1.0,1,0.801537036895752,0.24920505285263062,0.5012319684028625,0.02704971469938755
6,63,True,1.0,1,0.8015080690383911,0.24927940964698792,0.5011963844299316,0.027025217190384865
6,64,True,1.0,1,0.8014870882034302,0.24929915368556976,0.5011825561523438,0.02700832113623619
6,65,True,1.0,1,0.8014894723892212,0.24932761490345,0.5011706352233887,0.027002161368727684
6,66,True,1.0,1,0.801493763923645,0.24934294819831848,0.5011662840843201,0.0270005464553833
6,67,True,1.0,1,0.8014909029006958,0.24934275448322296,0.501164436340332,0.026998231187462807
6,68,True,1.0,1,0.8014906644821167,0.24934065341949463,0.50116366147995,0.026997655630111694
6,69,True,1.0,1,0.8016382455825806,0.2480124980211258,0.5011831521987915,0.026785144582390785
6,70,True,1.0,1,0.8016723394393921,0.24802842736244202,0.5012791156768799,0.026803677901625633
6,71,True,1.0,1,0.8016797304153442,0.24803458154201508,0.50133216381073,0.02680826559662819
6,72,True,1.0,1,0.8016939163208008,0.24803782999515533,0.5013474822044373,0.026812395080924034
6,73,True,1.0,1,0.8016979694366455,0.24803458154201508,0.5013531446456909,0.02681541070342064
6,74,True,1.0,1,0.801699161529541,0.24803198873996735,0.5013549327850342,0.026817187666893005
6,75,True,1.0,1,0.8017040491104126,0.24803653359413147,0.5013557076454163,0.026816265657544136
6,76,True,1.0,1,0.8016985654830933,0.248043030500412,0.5013534426689148,0.026815902441740036
6,77,True,1.0,1,0.8018311262130737,0.24596650898456573,0.5011661052703857,0.026663558557629585
6,78,True,1.0,1,0.8018348813056946,0.24604742228984833,0.5012953281402588,0.0266841072589159
6,79,True,1.0,1,0.8018173575401306,0.24607931077480316,0.5013540983200073,0.02669321559369564
6,80,True,1.0,1,0.8017918467521667,0.24607978761196136,0.5013829469680786,0.026700837537646294
6,81,True,1.0,1,0.8017982840538025,0.24610565602779388,0.5013941526412964,0.026701802387833595
6,82,True,1.0,1,0.8017980456352234,0.24609266221523285,0.5014001131057739,0.02670319564640522
6,83,True,1.0,1,0.8018121719360352,0.24611972272396088,0.5013999938964844,0.026701614260673523
6,84,True,1.0,1,0.8018131256103516,0.24611665308475494,0.5014008283615112,0.026700975373387337
6,85,True,1.0,1,0.8016616106033325,0.24326476454734802,0.5012794137001038,0.026560939848423004
6,86,True,1.0,1,0.8016884326934814,0.24320372939109802,0.5013659000396729,0.026590552181005478
6,87,False,0.0,1,0.7901338934898376,0.2640687823295593,0.5148794651031494,0.03454328328371048
6,88,False,0.0,1,0.789868950843811,0.26311081647872925,0.5129357576370239,0.03387850150465965
6,89,False,0.0,1,0.7896254062652588,0.2625925838947296,0.5122722387313843,0.0326940156519413
6,90,False,0.0,1,0.7893469333648682,0.2624343931674957,0.5115456581115723,0.032212965190410614
6,91,False,0.0,1,0.7886050343513489,0.2624036967754364,0.5115220546722412,0.032481029629707336
6,92,False,0.0,1,0.7878574132919312,0.2622276544570923,0.512926459312439,0.03307265788316727
6,93,False,0.0,1,0.7872002124786377,0.26234397292137146,0.5127182602882385,0.034087885171175
6,94,False,0.0,1,0.7867394685745239,0.26182490587234497,0.5150575637817383,0.0347292497754097
6,95,False,0.0,1,0.786954402923584,0.26139166951179504,0.5158581137657166,0.03513925150036812
6,96,False,0.0,1,0.7863462567329407,0.26195281744003296,0.5171563625335693,0.0354442223906517
6,97,False,0.0,1,0.7855589985847473,0.26306986808776855,0.518809974193573,0.03558645024895668
6,98,False,0.0,1,0.7845727205276489,0.2651507258415222,0.520334005355835,0.03589591756463051
6,99,False,0.0,1,0.783143937587738,0.2669037878513336,0.5218634605407715,0.03620506450533867
6,100,False,0.0,1,0.7829521894454956,0.2673074007034302,0.5222720503807068,0.03653094917535782
6,101,False,0.0,1,0.7830641865730286,0.26766180992126465,0.5222808122634888,0.03685443103313446
6,102,False,0.0,1,0.7827196717262268,0.26805633306503296,0.5247172117233276,0.03741500526666641
6,103,False,0.0,1,0.7828359603881836,0.2688170373439789,0.5276226997375488,0.03823240101337433
6,104,False,0.0,1,0.7848906517028809,0.2690255045890808,0.5283538103103638,0.03906061500310898
6,105,False,0.0,1,0.7882747054100037,0.2676272392272949,0.5293538570404053,0.040084850043058395
6,106,False,0.0,1,0.7897672653198242,0.26576271653175354,0.5278549790382385,0.04046778008341789
6,107,False,0.0,1,0.7908930778503418,0.2634628713130951,0.5311300754547119,0.04075917974114418
6,108,False,0.0,1,0.7908322215080261,0.2604711055755615,0.532124400138855,0.041083283722400665
6,109,False,0.0,1,0.7906506061553955,0.25916555523872375,0.5309026837348938,0.041102662682533264
6,110,False,0.0,1,0.7897917032241821,0.2586759626865387,0.530595064163208,0.04091853275895119
6,111,False,0.0,1,0.7889944314956665,0.25829654932022095,0.5315378904342651,0.04118560999631882
6,112,False,0.0,1,0.7893916368484497,0.25812944769859314,0.5339594483375549,0.041868552565574646
6,113,False,0.0,1,0.791007399559021,0.25881528854370117,0.540798544883728,0.043024249374866486
6,114,False,0.0,1,0.7917064428329468,0.25937968492507935,0.5464158654212952,0.04367907717823982
6,115,False,0.0,1,0.7920989990234375,0.2601689100265503,0.5508714914321899,0.04450595751404762
7,0,False,0.0,0,0.7012953758239746,0.1646905392408371,0.5395582914352417,0.04510153830051422
7,1,False,0.0,1,0.8054486513137817,0.25250568985939026,0.5562624931335449,0.04683778062462807
7,2,False,0.0,1,0.8056098818778992,0.2531535029411316,0.5570133924484253,0.04771219193935394
7,3,False,0.0,1,0.8050304651260376,0.25429195165634155,0.5580052733421326,0.04832203686237335
7,4,False,0.0,1,0.8045320510864258,0.25526249408721924,0.5583884716033936,0.04862847924232483
7,5,False,0.0,1,0.8050418496131897,0.2556411921977997,0.5588003396987915,0.048570070415735245
7,6,False,0.0,1,0.8043620586395264,0.2564181089401245,0.5589897632598877,0.04887399077415466
7,7,False,0.0,1,0.8040479421615601,0.2571633458137512,0.559973955154419,0.049239255487918854
7,8,False,0.0,1,0.8041940927505493,0.25696203112602234,0.5606139898300171,0.048877421766519547
7,9,False,0.0,1,0.8049783110618591,0.2567288875579834,0.5610466599464417,0.048544690012931824
7,10,False,0.0,1,0.8054943680763245,0.2565692961215973,0.5615335702896118,0.04827969893813133
7,11,False,0.0,1,0.8054940700531006,0.2562601864337921,0.5625215768814087,0.04788520932197571
7,12,False,0.0,1,0.8060216903686523,0.2559279799461365,0.5631973147392273,0.04757492616772652
7,13,False,0.0,1,0.8064013123512268,0.25563114881515503,0.563389241695404,0.04718789458274841
7,14,False,0.0,1,0.8069517612457275,0.25569331645965576,0.5640230178833008,0.04666554555296898
7,15,False,0.0,1,0.807308554649353,0.2555917203426361,0.5644128322601318,0.04643185809254646
7,16,False,0.0,1,0.8073344230651855,0.25542089343070984,0.565178632736206,0.04602494835853577
7,17,False,0.0,1,0.8075807094573975,0.25524476170539856,0.565868616104126,0.04578888416290283
7,18,False,0.0,1,0.8076613545417786,0.25511038303375244,0.5659963488578796,0.04535624384880066
7,19,False,0.0,1,0.80777907371521,0.255014032125473,0.5662921667098999,0.04512506723403931
7,20,False,0.0,1,0.8078306913375854,0.25501957535743713,0.5664558410644531,0.04489491134881973
7,21,False,0.0,1,0.8079795837402344,0.25559595227241516,0.566993236541748,0.04488617554306984
7,22,False,0.0,1,0.8073403835296631,0.25583451986312866,0.5670690536499023,0.04480716213583946
7,23,False,0.0,1,0.8074239492416382,0.256226509809494,0.5670481324195862,0.04474170506000519
7,24,False,0.0,1,0.8070192337036133,0.25670841336250305,0.5673849582672119,0.04464804753661156
7,25,False,0.0,1,0.806585431098938,0.2570958137512207,0.5679950714111328,0.045140188187360764
7,26,False,0.0,1,0.8063281774520874,0.257968932390213,0.569453239440918,0.04555827006697655
7,27,False,0.0,1,0.8069220781326294,0.2584214210510254,0.5707143545150757,0.04582870751619339
7,28,False,0.0,1,0.8060895204544067,0.25916725397109985,0.5716862082481384,0.046355850994586945
7,29,False,0.0,1,0.8024879693984985,0.26083236932754517,0.5726948380470276,0.046843793243169785
7,30,False,0.0,1,0.8000618815422058,0.2617996037006378,0.5737003684043884,0.04696018248796463
7,31,False,0.0,1,0.7982432246208191,0.2629603445529938,0.5737038850784302,0.04696110263466835
7,32,False,0.0,1,0.7953355312347412,0.2645057439804077,0.5728564262390137,0.04718666896224022
7,33,False,0.0,1,0.7934613227844238,0.26498696208000183,0.5716532468795776,0.046911902725696564
7,34,False,0.0,1,0.7939001321792603,0.2655651271343231,0.5715057253837585,0.04713122919201851
7,35,False,0.0,1,0.7941713333129883,0.2654862403869629,0.5719108581542969,0.04699591547250748
7,36,False,0.0,1,0.7938621044158936,0.26542508602142334,0.5706497430801392,0.04663943499326706
7,37,False,0.0,1,0.7927395105361938,0.2658592164516449,0.5683143138885498,0.04555300995707512
7,38,False,0.0,1,0.792431116104126,0.2662599980831146,0.5656511783599854,0.04455158859491348
7,39,False,0.0,1,0.7925130128860474,0.2660793960094452,0.563197910785675,0.043560728430747986
7,40,False,0.0,1,0.7921513319015503,0.2656191885471344,0.5618799924850464,0.04309806227684021
7,41,False,0.0,1,0.7928460836410522,0.26438531279563904,0.559589147567749,0.04206918179988861
7,42,False,0.0,1,0.7935490608215332,0.263291597366333,0.5580662488937378,0.042227111756801605
7,43,False,0.0,1,0.7933924794197083,0.2628996968269348,0.554466724395752,0.04141158610582352
7,44,False,0.0,1,0.7930737733840942,0.2628188729286194,0.5515283346176147,0.04108751192688942
7,45,False,0.0,1,0.79281085729599,0.2625848650932312,0.5488113164901733,0.04032355546951294
7,46,False,0.0,1,0.7919409275054932,0.26260891556739807,0.5474977493286133,0.040785692632198334
7,47,False,0.0,1,0.7911087274551392,0.26329153776168823,0.5466102361679077,0.04110219329595566
7,48,False,0.0,1,0.7904593348503113,0.26442989706993103,0.5469259023666382,0.04170433059334755
7,49,False,0.0,1,0.7905733585357666,0.265266478061676,0.5453404188156128,0.04152482748031616
7,50,False,0.0,1,0.7903604507446289,0.26589322090148926,0.5437241792678833,0.041515033692121506
7,51,False,0.0,1,0.7900583744049072,0.2667146921157837,0.5420635938644409,0.04147274047136307
7,52,False,0.0,1,0.7897123098373413,0.26718294620513916,0.540669322013855,0.04153481498360634
7,53,False,0.0,1,0.7891229391098022,0.2675948739051819,0.539831280708313,0.04115667566657066
7,54,False,0.0,1,0.7886490821838379,0.2680589258670807,0.5377242565155029,0.041406869888305664
7,55,False,0.0,1,0.7887344360351562,0.2681300938129425,0.5375677347183228,0.04165404662489891
7,56,False,0.0,1,0.7880797386169434,0.26790091395378113,0.5362436771392822,0.0421815887093544
7,57,False,0.0,1,0.7885696887969971,0.26753413677215576,0.5342382788658142,0.04315396770834923
7,58,False,0.0,1,0.789574146270752,0.2674753963947296,0.5310570001602173,0.04376309737563133
7,59,False,0.0,1,0.7888197302818298,0.2682466506958008,0.5268440246582031,0.04308810457587242
7,60,False,0.0,1,0.7878056764602661,0.2692773640155792,0.523444652557373,0.04385523870587349
7,61,False,0.0,1,0.7881017327308655,0.2688201069831848,0.5209115743637085,0.044219911098480225
7,62,False,0.0,1,0.7889696359634399,0.2679179012775421,0.5193148851394653,0.04477663338184357
7,63,False,0.0,1,0.7893489599227905,0.2675841152667999,0.5188841819763184,0.04511153697967529
7,64,False,0.0,1,0.7902007699012756,0.26726630330085754,0.5173885226249695,0.045147523283958435
7,65,False,0.0,1,0.7906390428543091,0.26578542590141296,0.5166454315185547,0.04603221267461777
7,66,False,0.0,1,0.7920310497283936,0.26387014985084534,0.5149199366569519,0.04780065640807152
7,67,False,0.0,1,0.7928258776664734,0.2619916796684265,0.5150325298309326,0.04851318523287773
7,68,False,0.0,1,0.7932952046394348,0.2607535719871521,0.5148797035217285,0.0487385056912899
7,69,False,0.0,1,0.793790876865387,0.2600034475326538,0.5157178640365601,0.04925083369016647
7,70,False,0.0,1,0.7940519452095032,0.2595853805541992,0.5151736736297607,0.04949329420924187
7,71,False,0.0,1,0.794269859790802,0.259298712015152,0.5146952867507935,0.05011121928691864
7,72,False,0.0,1,0.7956698536872864,0.25791195034980774,0.5135530233383179,0.05088714510202408
7,73,False,0.0,1,0.7962018847465515,0.2573692500591278,0.5123299956321716,0.05153710022568703
7,74,False,0.0,1,0.7988925576210022,0.25507497787475586,0.5108516216278076,0.05172114074230194
7,75,False,0.0,1,0.8011817932128906,0.25361916422843933,0.5099982619285583,0.05201277509331703
7,76,False,0.0,1,0.8030660152435303,0.25276240706443787,0.5093073844909668,0.05290430039167404
7,77,False,0.0,1,0.8042345643043518,0.2523980140686035,0.5074084401130676,0.05344568192958832
7,78,False,0.0,1,0.8041977882385254,0.2521131932735443,0.5065975189208984,0.05380554869771004
7,79,False,0.0,1,0.8047913312911987,0.25219568610191345,0.5069440603256226,0.05392439290881157
7,80,False,0.0,1,0.80531907081604,0.2525993287563324,0.5065299272537231,0.053262386471033096
7,81,False,0.0,1,0.8050681352615356,0.25272876024246216,0.5045839548110962,0.052828967571258545
7,82,False,0.0,1,0.8047376871109009,0.2529193162918091,0.503609836101532,0.053099844604730606
7,83,False,0.0,1,0.8048110008239746,0.2528343200683594,0.503369152545929,0.05330204218626022
7,84,False,0.0,1,0.8040679693222046,0.2537347972393036,0.5034857988357544,0.052948687225580215
7,85,False,0.0,1,0.8036768436431885,0.2541210353374481,0.5031867027282715,0.052935924381017685
7,86,False,0.0,1,0.8030347228050232,0.25463828444480896,0.5027483701705933,0.05315530672669411
7,87,False,0.0,1,0.8026878237724304,0.2553054094314575,0.502529501914978,0.05274506285786629
7,88,False,0.0,1,0.8018331527709961,0.25612038373947144,0.5024375915527344,0.05236702784895897
7,89,False,0.0,1,0.800966739654541,0.2578173875808716,0.503450870513916,0.05209188535809517
7,90,False,0.0,1,0.799667477607727,0.25904104113578796,0.5048395395278931,0.05210692062973976
7,91,False,0.0,1,0.798487663269043,0.26005035638809204,0.5052744150161743,0.05158194899559021
7,92,False,0.0,1,0.7966437339782715,0.26115041971206665,0.5076651573181152,0.05131324753165245
7,93,False,0.0,1,0.7961716651916504,0.26175251603126526,0.5085229873657227,0.05087270960211754
7,94,False,0.0,1,0.7959403991699219,0.262369304895401,0.5114611387252808,0.05036496743559837
7,95,False,0.0,1,0.7963185906410217,0.26291629672050476,0.512863278388977,0.05005756765604019
7,96,False,0.0,1,0.7965592741966248,0.2631606161594391,0.511746883392334,0.04857704043388367
7,97,False,0.0,1,0.7957882881164551,0.26487255096435547,0.5136067867279053,0.04716655984520912
7,98,False,0.0,1,0.7954016923904419,0.26498985290527344,0.5113604068756104,0.04594456031918526
7,99,False,0.0,1,0.7943083643913269,0.2658465802669525,0.5114976167678833,0.04513661563396454
7,100,False,0.0,1,0.7930388450622559,0.2677834630012512,0.5108799338340759,0.04517051577568054
7,101,False,0.0,1,0.7918350696563721,0.2691071331501007,0.5114927887916565,0.04513098672032356
7,102,False,0.0,1,0.7902097105979919,0.26980653405189514,0.5109612941741943,0.04341781139373779
7,103,False,0.0,1,0.7886353731155396,0.2705031633377075,0.5092936158180237,0.04265632480382919
7,104,False,0.0,1,0.7881696224212646,0.2713044583797455,0.5091227293014526,0.043232109397649765
7,105,False,0.0,1,0.7879620790481567,0.27198222279548645,0.5100373029708862,0.042693156749010086
7,106,False,0.0,1,0.7868625521659851,0.27213263511657715,0.5110463500022888,0.04191189631819725
7,107,False,0.0,1,0.7857396602630615,0.2729770243167877,0.5121171474456787,0.040932100266218185
7,108,False,0.0,1,0.7849316596984863,0.27401939034461975,0.5126078128814697,0.040472641587257385
7,109,False,0.0,1,0.7849009037017822,0.274043470621109,0.5123023986816406,0.04086558520793915
7,110,False,0.0,1,0.7849060297012329,0.2739062011241913,0.5118756294250488,0.03980228304862976
7,111,False,0.0,1,0.7853244543075562,0.27402088046073914,0.5121670961380005,0.039591770619153976
7,112,False,0.0,1,0.7862800359725952,0.2737589180469513,0.5133342742919922,0.03855482116341591
7,113,False,0.0,1,0.7877418994903564,0.2727884352207184,0.5144838094711304,0.037648219615221024
7,114,False,0.0,1,0.7888761758804321,0.27120423316955566,0.5141317248344421,0.03657332435250282
7,115,False,0.0,1,0.7903283834457397,0.26857268810272217,0.5172878503799438,0.035315051674842834
7,116,False,0.0,1,0.7914667725563049,0.26754269003868103,0.5206987857818604,0.03523905202746391
7,117,False,0.0,1,0.7919887900352478,0.26653456687927246,0.5237749218940735,0.0353752039372921
7,118,False,0.0,1,0.7919795513153076,0.26549166440963745,0.5253938436508179,0.035427577793598175
7,119,False,0.0,1,0.792350172996521,0.2650455832481384,0.5264802575111389,0.03560815379023552
7,120,False,0.0,1,0.7923229932785034,0.26448240876197815,0.5275792479515076,0.03580984100699425
7,121,False,0.0,1,0.7924482226371765,0.2641315162181854,0.5276837348937988,0.03563930094242096
7,122,False,0.0,1,0.7922850847244263,0.263674259185791,0.5284943580627441,0.03555454686284065
7,123,False,0.0,1,0.7920446395874023,0.2637471854686737,0.5289270877838135,0.035617947578430176
7,124,False,0.0,1,0.7922753691673279,0.26315006613731384,0.5292567610740662,0.03561101108789444
7,125,False,0.0,1,0.7924697399139404,0.262755423784256,0.528384804725647,0.035638630390167236
7,126,False,0.0,1,0.7925688624382019,0.263141930103302,0.5288972854614258,0.03576207533478737
7,127,False,0.0,1,0.7925957441329956,0.2640776038169861,0.5288993120193481,0.03617759048938751
7,128,False,0.0,1,0.7916275858879089,0.2648685574531555,0.5292279720306396,0.03622850403189659
7,129,False,0.0,1,0.7912101745605469,0.26510193943977356,0.5295190811157227,0.03651059791445732
7,130,False,0.0,1,0.7898821830749512,0.2660031020641327,0.5273995399475098,0.03686762973666191
7,131,False,0.0,1,0.79215008020401,0.2618328928947449,0.538386344909668,0.03933686763048172
7,132,False,0.0,1,0.7944680452346802,0.26057377457618713,0.5442993640899658,0.040293335914611816
7,133,False,0.0,1,0.7955715656280518,0.2607823312282562,0.5467126965522766,0.04083075001835823
7,134,False,0.0,1,0.7963078022003174,0.2608419954776764,0.5495923757553101,0.041298799216747284
7,135,False,0.0,1,0.7958526611328125,0.26079145073890686,0.5509315729141235,0.04119643196463585
7,136,False,0.0,1,0.7961872220039368,0.26051798462867737,0.5531450510025024,0.04177241027355194
7,137,False,0.0,1,0.7966223955154419,0.26052552461624146,0.5538229942321777,0.041646089404821396
7,138,False,0.0,1,0.7963747382164001,0.260497123003006,0.5549858212471008,0.04179682955145836
7,139,False,0.0,1,0.7964900732040405,0.26051008701324463,0.5559955835342407,0.04203637316823006
7,140,False,0.0,1,0.7966936230659485,0.26036807894706726,0.5565385818481445,0.042243193835020065
8,0,False,0.0,0,0.7128171920776367,0.16245199739933014,0.5198572874069214,0.04229644685983658
8,1,False,0.0,1,0.8160922527313232,0.2416786104440689,0.5378509759902954,0.0475861057639122
8,2,False,0.0,1,0.8164634704589844,0.24143198132514954,0.5381736755371094,0.047700632363557816
8,3,False,0.0,1,0.817376971244812,0.2407679557800293,0.5388860106468201,0.04789992794394493
8,4,False,0.0,1,0.8175581693649292,0.24206623435020447,0.538931131362915,0.04824693873524666
8,5,False,0.0,1,0.8160304427146912,0.24229566752910614,0.5399024486541748,0.049359604716300964
8,6,False,0.0,1,0.8199512958526611,0.24102239310741425,0.5424861311912537,0.05233272910118103
8,7,False,0.0,1,0.820128321647644,0.24249263107776642,0.5449502468109131,0.05574284493923187
8,8,False,0.0,1,0.8189448118209839,0.24435408413410187,0.5457396507263184,0.05742507427930832
8,9,False,0.0,1,0.8192462921142578,0.24440601468086243,0.546837329864502,0.05819419026374817
8,10,False,0.0,1,0.8193323016166687,0.24519388377666473,0.5480677485466003,0.0584646612405777
8,11,False,0.0,1,0.8191213607788086,0.24555782973766327,0.5495957136154175,0.05851798132061958
8,12,False,0.0,1,0.8182106018066406,0.24616394937038422,0.5523862838745117,0.05869131162762642
8,13,False,0.0,1,0.8173000812530518,0.24657487869262695,0.5541508197784424,0.0587361715734005
8,14,False,0.0,1,0.8144795894622803,0.24780112504959106,0.5555084943771362,0.05862375348806381
8,15,False,0.0,1,0.8129534721374512,0.2488608956336975,0.5566728711128235,0.057849086821079254
8,16,False,0.0,1,0.811103343963623,0.24977661669254303,0.5592295527458191,0.05729252099990845
8,17,False,0.0,1,0.8102023005485535,0.2505442202091217,0.5626581907272339,0.0569719597697258
8,18,False,0.0,1,0.8089742064476013,0.25160181522369385,0.5649586915969849,0.056688111275434494
8,19,False,0.0,1,0.8062199354171753,0.2532711923122406,0.5673093795776367,0.0566030852496624
8,20,False,0.0,1,0.8039252758026123,0.2541821599006653,0.5693098306655884,0.056575775146484375
8,21,False,0.0,1,0.8021562695503235,0.25519633293151855,0.5702968239784241,0.056195419281721115
8,22,False,0.0,1,0.7999447584152222,0.25650912523269653,0.570049524307251,0.055607229471206665
8,23,False,0.0,1,0.7984926700592041,0.257638543844223,0.5710238218307495,0.05551646649837494
8,24,False,0.0,1,0.7971175909042358,0.25819724798202515,0.5704183578491211,0.05501796305179596
8,25,False,0.0,1,0.796130895614624,0.25960296392440796,0.569351077079773,0.05388709530234337
8,26,False,0.0,1,0.7953357696533203,0.26095113158226013,0.5678160190582275,0.052371662110090256
8,27,False,0.0,1,0.7950797080993652,0.2615498900413513,0.5654666423797607,0.051208917051553726
8,28,False,0.0,1,0.7950562238693237,0.26245591044425964,0.5620417594909668,0.04972979798913002
8,29,False,0.0,1,0.7947648763656616,0.263385146856308,0.5586329698562622,0.048231109976768494
8,30,False,0.0,1,0.7938863039016724,0.26442036032676697,0.5554553270339966,0.04739099740982056
8,31,False,0.0,1,0.7926628589630127,0.26562362909317017,0.551794171333313,0.046420302242040634
8,32,False,0.0,1,0.7915242314338684,0.2666283845901489,0.5483876466751099,0.0453479029238224
8,33,False,0.0,1,0.7910606861114502,0.26716095209121704,0.5438903570175171,0.04442709684371948
8,34,False,0.0,1,0.7901183366775513,0.267525851726532,0.5400861501693726,0.04351629689335823
8,35,False,0.0,1,0.7895876169204712,0.26728326082229614,0.5390163064002991,0.04280634969472885
8,36,False,0.0,1,0.7889513373374939,0.2681434154510498,0.5385980606079102,0.04215191677212715
8,37,False,0.0,1,0.7882287502288818,0.269449383020401,0.5360907316207886,0.041464973241090775
8,38,False,0.0,1,0.7881226539611816,0.27048376202583313,0.5332236289978027,0.04063015431165695
8,39,False,0.0,1,0.7874675393104553,0.27112042903900146,0.5291293859481812,0.040183357894420624
8,40,False,0.0,1,0.7871935963630676,0.27162954211235046,0.52659010887146,0.04034484177827835
8,41,False,0.0,1,0.7867897748947144,0.27227556705474854,0.5227769613265991,0.04129467532038689
8,42,False,0.0,1,0.785984992980957,0.27265745401382446,0.5194623470306396,0.041583605110645294
8,43,False,0.0,1,0.7864635586738586,0.2721872329711914,0.5160587430000305,0.04284049943089485
8,44,False,0.0,1,0.7871195673942566,0.27243274450302124,0.5163832306861877,0.04454783722758293
8,45,False,0.0,1,0.7874674201011658,0.27153435349464417,0.5126261711120605,0.04541747644543648
8,46,False,0.0,1,0.789618730545044,0.2689521312713623,0.5092548131942749,0.04676252231001854
8,47,False,0.0,1,0.7929636836051941,0.26789426803588867,0.5069721937179565,0.04725541174411774
8,48,False,0.0,1,0.7946599125862122,0.2666555643081665,0.5055770874023438,0.04798088222742081
8,49,False,0.0,1,0.7952483892440796,0.2660279870033264,0.5037761926651001,0.048402126878499985
8,50,False,0.0,1,0.795721173286438,0.265481561422348,0.502471387386322,0.04879100248217583
8,51,False,0.0,1,0.7954010963439941,0.2650923430919647,0.5002591013908386,0.049366582185029984
8,52,False,0.0,1,0.7959209084510803,0.2636892795562744,0.4984016418457031,0.04952118173241615
8,53,False,0.0,1,0.7977988719940186,0.26149269938468933,0.4966651499271393,0.0499044731259346
8,54,False,0.0,1,0.7984432578086853,0.2602219879627228,0.49616533517837524,0.050275303423404694
8,55,False,0.0,1,0.798957109451294,0.2592121660709381,0.49597862362861633,0.050419725477695465
8,56,False,0.0,1,0.7992143630981445,0.2586488723754883,0.49539756774902344,0.05080566555261612
8,57,False,0.0,1,0.8001978397369385,0.2577028274536133,0.49440282583236694,0.05088111385703087
8,58,False,0.0,1,0.8010191917419434,0.2571880519390106,0.4941643178462982,0.051055748015642166
8,59,False,0.0,1,0.8029288053512573,0.256540983915329,0.493596613407135,0.05097385123372078
8,60,False,0.0,1,0.8045076131820679,0.25629663467407227,0.49220752716064453,0.05025290325284004
8,61,False,0.0,1,0.8051561117172241,0.25387728214263916,0.49132898449897766,0.05104827508330345
8,62,False,0.0,1,0.8067226409912109,0.2525298297405243,0.49170610308647156,0.05129551514983177
8,63,False,0.0,1,0.8075593709945679,0.2527785003185272,0.4954160749912262,0.05060303211212158
8,64,False,0.0,1,0.8074994087219238,0.2529217600822449,0.4978405237197876,0.050224389880895615
8,65,False,0.0,1,0.8058046102523804,0.2541092038154602,0.5013678669929504,0.049109555780887604
8,66,False,0.0,1,0.8036805987358093,0.25565510988235474,0.5046272277832031,0.04811745509505272
8,67,False,0.0,1,0.8018986582756042,0.257117360830307,0.5074799060821533,0.04741383716464043
8,68,False,0.0,1,0.7994452714920044,0.25899627804756165,0.5097488164901733,0.04645500332117081
8,69,False,0.0,1,0.796093225479126,0.2617863714694977,0.5140482187271118,0.04527444764971733
8,70,False,0.0,1,0.7943364977836609,0.26366305351257324,0.5143274068832397,0.04431561008095741
8,71,False,0.0,1,0.7922928333282471,0.26559603214263916,0.5160844326019287,0.04325602948665619
8,72,False,0.0,1,0.7897384166717529,0.26734232902526855,0.5196467638015747,0.042279016226530075
8,73,False,0.0,1,0.7880358695983887,0.2686954438686371,0.5195404291152954,0.04122941195964813
8,74,False,0.0,1,0.7860633730888367,0.270365834236145,0.5186612606048584,0.04097463935613632
8,75,False,0.0,1,0.7867136001586914,0.2692898213863373,0.5175272822380066,0.040160804986953735
8,76,False,0.0,1,0.7873578071594238,0.2695940434932709,0.5158981084823608,0.04071693494915962
8,77,False,0.0,1,0.7867139577865601,0.2701425552368164,0.5114456415176392,0.0411866158246994
8,78,False,0.0,1,0.7847660779953003,0.27247458696365356,0.5105013847351074,0.04155416041612625
8,79,False,0.0,1,0.7844424247741699,0.273159921169281,0.5093159079551697,0.04170726612210274
8,80,False,0.0,1,0.7844242453575134,0.2724170684814453,0.5118585824966431,0.04060889035463333
8,81,False,0.0,1,0.784932017326355,0.2716113328933716,0.5121642351150513,0.03950262814760208
8,82,False,0.0,1,0.7860884070396423,0.26946619153022766,0.5087059736251831,0.03856899216771126
8,83,False,0.0,1,0.7876027822494507,0.26765957474708557,0.5112452507019043,0.03879227489233017
8,84,False,0.0,1,0.789452075958252,0.26711568236351013,0.5143218636512756,0.03932514786720276
8,85,False,0.0,1,0.7922872304916382,0.26558345556259155,0.5171463489532471,0.03900544345378876
8,86,False,0.0,1,0.7930502891540527,0.26421502232551575,0.5189943909645081,0.038500405848026276
8,87,False,0.0,1,0.7937721610069275,0.26373881101608276,0.5196949243545532,0.03815322741866112
8,88,False,0.0,1,0.7937833070755005,0.2634703814983368,0.5195670127868652,0.037960052490234375
8,89,False,0.0,1,0.7945034503936768,0.2630794644355774,0.5205397605895996,0.037923287600278854
8,90,False,0.0,1,0.7948373556137085,0.26221421360969543,0.520540177822113,0.037812210619449615
8,91,False,0.0,1,0.7953163385391235,0.26016607880592346,0.5191894769668579,0.038061678409576416
8,92,False,0.0,1,0.7956076860427856,0.25846490263938904,0.523598313331604,0.03891151398420334
8,93,False,0.0,1,0.7959379553794861,0.25705984234809875,0.5261497497558594,0.0395437590777874
8,94,False,0.0,1,0.7967543601989746,0.25590842962265015,0.528593897819519,0.03998051956295967
8,95,False,0.0,1,0.796963095664978,0.2553146183490753,0.5308579206466675,0.040397677570581436
8,96,False,0.0,1,0.7968600392341614,0.2547413110733032,0.5321044921875,0.04039638116955757
8,97,False,0.0,1,0.7968853712081909,0.2545786499977112,0.5339504480361938,0.040982190519571304
8,98,False,0.0,1,0.797015905380249,0.25352010130882263,0.5344498157501221,0.0415966659784317
8,99,False,0.0,1,0.7942160367965698,0.25269967317581177,0.5375770926475525,0.04307448863983154
8,100,False,0.0,1,0.794308066368103,0.2521260380744934,0.5369724631309509,0.04270275682210922
8,101,False,0.0,1,0.7939401865005493,0.2541888952255249,0.5438330173492432,0.04510007053613663
8,102,False,0.0,1,0.7940423488616943,0.25661033391952515,0.5469069480895996,0.04595442861318588
8,103,False,0.0,1,0.7954415082931519,0.25764480233192444,0.5497998595237732,0.04652218148112297
8,104,False,0.0,1,0.7958774566650391,0.2585197985172272,0.548081636428833,0.04571240767836571
8,105,False,0.0,1,0.7966742515563965,0.25841400027275085,0.549586296081543,0.04605709761381149
8,106,False,0.0,1,0.7962901592254639,0.25812631845474243,0.5522760152816772,0.04642501473426819
8,107,False,0.0,1,0.7961019277572632,0.25891000032424927,0.553823709487915,0.04660073667764664
8,108,False,0.0,1,0.7969392538070679,0.2594686448574066,0.5563662052154541,0.04676396772265434
8,109,False,0.0,1,0.7966506481170654,0.2615654766559601,0.5579732060432434,0.04659470170736313
8,110,False,0.0,1,0.796242356300354,0.26208624243736267,0.5592852830886841,0.04635793715715408
8,111,False,0.0,1,0.7959302663803101,0.2623683214187622,0.5615665912628174,0.04666738957166672
8,112,False,0.0,1,0.7959277629852295,0.26236414909362793,0.5638198852539062,0.04718421772122383
9,0,False,0.0,0,0.7064018249511719,0.16032105684280396,0.531221866607666,0.03953548148274422
9,1,False,0.0,1,0.8135687112808228,0.2458600103855133,0.550274133682251,0.04495116323232651
9,2,False,0.0,1,0.8133361339569092,0.24590031802654266,0.5507937669754028,0.045061953365802765
9,3,False,0.0,1,0.8146559000015259,0.24526207149028778,0.5517215728759766,0.04581645131111145
9,4,False,0.0,1,0.8173744678497314,0.2450842410326004,0.5532659292221069,0.04718828573822975
9,5,False,0.0,1,0.8164157867431641,0.2459421306848526,0.5545111894607544,0.04834699258208275
9,6,False,0.0,1,0.8147974610328674,0.246322363615036,0.5549056529998779,0.04922492057085037
9,7,False,0.0,1,0.8144063353538513,0.24702544510364532,0.5554488897323608,0.04991874471306801
9,8,False,0.0,1,0.81391441822052,0.24763420224189758,0.5556691884994507,0.05049953982234001
9,9,False,0.0,1,0.8136031031608582,0.2482559233903885,0.5565389394760132,0.051008302718400955
9,10,False,0.0,1,0.8139892816543579,0.24799218773841858,0.5574424266815186,0.05188246816396713
9,11,False,0.0,1,0.8142510652542114,0.2479889988899231,0.5585423707962036,0.05257398262619972
9,12,False,0.0,1,0.8139982223510742,0.24788983166217804,0.5592072606086731,0.05320924147963524
9,13,False,0.0,1,0.8147701621055603,0.24757510423660278,0.5597795844078064,0.053763050585985184
9,14,False,0.0,1,0.8162441253662109,0.24737176299095154,0.5610061287879944,0.05410009250044823
9,15,False,0.0,1,0.8174160718917847,0.2471562922000885,0.5623006224632263,0.054885901510715485
9,16,False,0.0,1,0.8183841705322266,0.24714592099189758,0.5630251169204712,0.05535995215177536
9,17,False,0.0,1,0.8185833096504211,0.24740421772003174,0.5632625818252563,0.05579693615436554
9,18,False,0.0,1,0.8183988332748413,0.2475421130657196,0.563544750213623,0.05595206841826439
9,19,False,0.0,1,0.818304181098938,0.24765044450759888,0.56312096118927,0.05623539164662361
9,20,False,0.0,1,0.8179339170455933,0.2478688359260559,0.5634076595306396,0.05646751448512077
9,21,False,0.0,1,0.8177480697631836,0.24798744916915894,0.5629282593727112,0.05623180419206619
9,22,False,0.0,1,0.8175726532936096,0.24789388477802277,0.563347339630127,0.056221768260002136
9,23,False,0.0,1,0.8174479007720947,0.24774549901485443,0.562265157699585,0.056234389543533325
9,24,False,0.0,1,0.8172808289527893,0.2473033368587494,0.5617579221725464,0.055913303047418594
9,25,False,0.0,1,0.8169577121734619,0.24701908230781555,0.5608598589897156,0.055214773863554
9,26,False,0.0,1,0.816540002822876,0.24654439091682434,0.5600205063819885,0.054349634796381
9,27,False,0.0,1,0.8160904049873352,0.24641814827919006,0.561212420463562,0.05489874258637428
9,28,False,0.0,1,0.8146843314170837,0.24683155119419098,0.5615266561508179,0.05455699563026428
9,29,False,0.0,1,0.8128041625022888,0.24786946177482605,0.5622440576553345,0.054370492696762085
9,30,False,0.0,1,0.8108031153678894,0.24927088618278503,0.5622929930686951,0.0540589801967144
9,31,False,0.0,1,0.808570146560669,0.25001832842826843,0.5629911422729492,0.0534340925514698
9,32,False,0.0,1,0.8070821762084961,0.25113192200660706,0.5627634525299072,0.052658673375844955
9,33,False,0.0,1,0.8063759803771973,0.25213000178337097,0.5636932253837585,0.05273647606372833
9,34,False,0.0,1,0.8052866458892822,0.2536464035511017,0.563014566898346,0.0527622252702713
9,35,False,0.0,1,0.8043760061264038,0.25498849153518677,0.5615562796592712,0.052077557891607285
9,36,False,0.0,1,0.8028514385223389,0.25649750232696533,0.5616530179977417,0.0526621975004673
9,37,False,0.0,1,0.8017070293426514,0.2573574483394623,0.559483528137207,0.052253056317567825
9,38,False,0.0,1,0.8011359572410583,0.2581339478492737,0.5584807991981506,0.05133270099759102
9,39,False,0.0,1,0.7994992733001709,0.2594883143901825,0.558250904083252,0.0526251420378685
9,40,False,0.0,1,0.7983380556106567,0.26092010736465454,0.5584352016448975,0.0533946193754673
9,41,False,0.0,1,0.7980275750160217,0.2626076638698578,0.5582908391952515,0.05348882079124451
9,42,False,0.0,1,0.7970249056816101,0.2634480893611908,0.5581952929496765,0.05420828238129616
9,43,False,0.0,1,0.796332836151123,0.2638818919658661,0.5573021173477173,0.05494783818721771
9,44,False,0.0,1,0.7953972220420837,0.26446548104286194,0.5581287741661072,0.05595311522483826
9,45,False,0.0,1,0.794380784034729,0.2654392719268799,0.5557589530944824,0.056111130863428116
9,46,False,0.0,1,0.7937379479408264,0.266085147857666,0.5550093650817871,0.05510411784052849
9,47,False,0.0,1,0.7924961447715759,0.2671239376068115,0.5528896450996399,0.054576847702264786
9,48,True,0.02866242080926895,1,0.791991651058197,0.26773595809936523,0.547793984413147,0.0523521788418293
9,49,True,0.06050955504179001,1,0.7920277118682861,0.26771995425224304,0.5416358709335327,0.04833671450614929
9,50,True,0.09235668927431107,1,0.7919079661369324,0.2668728232383728,0.532981276512146,0.044812966138124466
9,51,True,0.12420382350683212,1,0.7912815809249878,0.26693955063819885,0.5303290486335754,0.04472312703728676
9,52,True,0.15605095028877258,1,0.790314793586731,0.26567065715789795,0.5261471271514893,0.041984859853982925
9,53,True,0.18789808452129364,1,0.789780855178833,0.264660120010376,0.5211658477783203,0.04130745679140091
9,54,True,0.2197452187538147,1,0.7886137366294861,0.26310572028160095,0.5169296860694885,0.03975129500031471
9,55,True,0.25159236788749695,1,0.7870240211486816,0.2629738450050354,0.5199869871139526,0.039499007165431976
9,56,True,0.2834394872188568,1,0.7881149053573608,0.2621324956417084,0.5185999870300293,0.03541845455765724
9,57,True,0.31528663635253906,1,0.7895382642745972,0.26086899638175964,0.517799973487854,0.03182312473654747
9,58,True,0.3471337556838989,1,0.792291522026062,0.2583025097846985,0.519373893737793,0.030240241438150406
9,59,True,0.3789809048175812,1,0.8029133081436157,0.2529138922691345,0.5239804983139038,0.02932022511959076
9,60,True,0.41082802414894104,1,0.809977650642395,0.250139445066452,0.5220446586608887,0.028442448005080223
9,61,True,0.4426751732826233,1,0.8113020658493042,0.24863141775131226,0.522391676902771,0.028300631791353226
9,62,True,0.47452229261398315,1,0.8074213266372681,0.250205397605896,0.5220633149147034,0.02830296941101551
9,63,True,0.506369411945343,1,0.803430438041687,0.25185930728912354,0.5210676193237305,0.028668412938714027
9,64,True,0.5382165312767029,1,0.8021782636642456,0.2525666356086731,0.5212274193763733,0.028581667691469193
9,65,True,0.5700637102127075,1,0.8025121688842773,0.2520659267902374,0.5188978910446167,0.029182473197579384
9,66,True,0.6019108295440674,1,0.8024070262908936,0.2514519691467285,0.5218727588653564,0.02842770330607891
9,67,True,0.6337579488754272,1,0.8015421628952026,0.25144875049591064,0.5215442776679993,0.028163114562630653
9,68,True,0.6656050682067871,1,0.8014171123504639,0.25212323665618896,0.521694540977478,0.028440145775675774
9,69,True,0.6974522471427917,1,0.8004922270774841,0.2537459433078766,0.5202682018280029,0.028256753459572792
9,70,True,0.7292993664741516,1,0.7997866868972778,0.25487086176872253,0.5199223756790161,0.028196729719638824
9,71,True,0.7611464858055115,1,0.7975072860717773,0.2572125792503357,0.524293065071106,0.027111273258924484
9,72,True,0.7929936051368713,1,0.7977641820907593,0.256017804145813,0.5223780274391174,0.027723796665668488
9,73,True,0.824840784072876,1,0.7975016832351685,0.2567974925041199,0.5213874578475952,0.027518756687641144
9,74,True,0.8566879034042358,1,0.7980424761772156,0.25546324253082275,0.5222293138504028,0.027205200865864754
9,75,True,0.8885350227355957,1,0.7978403568267822,0.2534066140651703,0.5246714353561401,0.027281763032078743
9,76,True,0.9203821420669556,1,0.7992472648620605,0.2513926327228546,0.5250120759010315,0.027171984314918518
9,77,True,0.9522293210029602,1,0.8011515140533447,0.2485959380865097,0.5236119031906128,0.027285968884825706
9,78,True,0.9840764403343201,1,0.8019568920135498,0.24635884165763855,0.5169273614883423,0.027254857122898102
9,79,True,1.0,1,0.8005003929138184,0.24773941934108734,0.5110663175582886,0.028082653880119324
9,80,True,1.0,1,0.80033278465271,0.24625644087791443,0.5097209215164185,0.028138091787695885
9,81,True,1.0,1,0.8001141548156738,0.2460787147283554,0.5090696811676025,0.02804683707654476
9,82,True,1.0,1,0.8000247478485107,0.2461782544851303,0.508764386177063,0.027960127219557762
9,83,True,1.0,1,0.79991614818573,0.2466859072446823,0.5089594125747681,0.027884075418114662
9,84,True,1.0,1,0.7998732328414917,0.246763676404953,0.5088887214660645,0.0278534647077322
9,85,True,1.0,1,0.7998411655426025,0.24680252373218536,0.50886070728302,0.027836011722683907
9,86,True,1.0,1,0.7998192310333252,0.2468329668045044,0.5088404417037964,0.02782602794468403
9,87,True,1.0,1,0.7998104095458984,0.24683701992034912,0.5088337659835815,0.02782278321683407
9,88,True,1.0,1,0.7998055219650269,0.24685068428516388,0.5088282227516174,0.02781955897808075
9,89,True,1.0,1,0.7998071908950806,0.24684903025627136,0.5088256001472473,0.027819545939564705
9,90,True,1.0,1,0.7998028993606567,0.2468540519475937,0.5088257193565369,0.027820492163300514
9,91,True,1.0,1,0.7996881008148193,0.24775728583335876,0.5091315507888794,0.027789324522018433
9,92,True,1.0,1,0.7996241450309753,0.24777419865131378,0.5091104507446289,0.02778964303433895
9,93,True,1.0,1,0.7995883226394653,0.24780242145061493,0.5091079473495483,0.027789516374468803
9,94,True,1.0,1,0.7995694875717163,0.24780748784542084,0.5091034173965454,0.02778799831867218
9,95,True,1.0,1,0.7995682954788208,0.24780812859535217,0.5091030597686768,0.02778802625834942
9,96,True,1.0,1,0.7995718717575073,0.2478124350309372,0.5091024041175842,0.027788572013378143
9,97,True,1.0,1,0.7995656728744507,0.24780985713005066,0.5091025829315186,0.027787692844867706
9,98,True,1.0,1,0.7995668649673462,0.24781310558319092,0.5091031789779663,0.02778744511306286
9,99,True,1.0,1,0.7993772625923157,0.2487218827009201,0.509384274482727,0.02777630090713501
9,100,True,1.0,1,0.7993440628051758,0.24874334037303925,0.5093629360198975,0.02776780165731907
9,101,True,1.0,1,0.7993267774581909,0.24876181781291962,0.5093635320663452,0.027765516191720963
9,102,True,1.0,1,0.7993112802505493,0.24875596165657043,0.5093657970428467,0.027761850506067276
9,103,True,1.0,1,0.7993047833442688,0.24874332547187805,0.5093643069267273,0.027762874960899353
9,104,True,1.0,1,0.7993019223213196,0.24874800443649292,0.5093647241592407,0.02776228077709675
9,105,True,1.0,1,0.799302875995636,0.24874238669872284,0.5093634128570557,0.027762649580836296
9,106,True,1.0,1,0.7993038296699524,0.24874882400035858,0.5093647241592407,0.027762344107031822
9,107,True,1.0,1,0.7992113828659058,0.249657541513443,0.5098150968551636,0.02773924358189106
9,108,True,1.0,1,0.7991757392883301,0.24968919157981873,0.5097918510437012,0.027724845334887505
9,109,True,1.0,1,0.7991232872009277,0.2496776431798935,0.509776771068573,0.027722759172320366
9,110,True,1.0,1,0.7991220951080322,0.24969594180583954,0.509769082069397,0.027720950543880463
9,111,True,1.0,1,0.7991214990615845,0.24969369173049927,0.5097684264183044,0.027720389887690544
9,112,True,1.0,1,0.7991204261779785,0.24968776106834412,0.5097693204879761,0.027718394994735718
9,113,True,1.0,1,0.7991230487823486,0.24968715012073517,0.5097693204879761,0.02771924063563347
9,114,True,1.0,1,0.7991206645965576,0.24968698620796204,0.5097686648368835,0.02771907113492489
9,115,True,1.0,1,0.7989881038665771,0.250235378742218,0.5099681615829468,0.027743050828576088
9,116,True,1.0,1,0.7989856004714966,0.25020989775657654,0.509941041469574,0.027729284018278122
9,117,True,1.0,1,0.7989578247070312,0.25020256638526917,0.5099326372146606,0.02771928906440735
9,118,False,0.0,1,0.797399640083313,0.2616264820098877,0.5265185832977295,0.05433804541826248
9,119,False,0.0,1,0.7963814735412598,0.2626350224018097,0.525885820388794,0.05278683826327324
9,120,False,0.0,1,0.7948111295700073,0.26278045773506165,0.52730792760849,0.05245666205883026
9,121,False,0.0,1,0.7941810488700867,0.2642207741737366,0.5246784090995789,0.051519975066185
9,122,False,0.0,1,0.7935162782669067,0.2652645409107208,0.5232620239257812,0.05069786310195923
9,123,False,0.0,1,0.7927978038787842,0.26554134488105774,0.5241352319717407,0.04993779584765434
9,124,False,0.0,1,0.7917654514312744,0.2657513916492462,0.5220015645027161,0.048797544091939926
9,125,False,0.0,1,0.7923046946525574,0.26567286252975464,0.521515965461731,0.04841277748346329
9,126,False,0.0,1,0.7922869920730591,0.2662290036678314,0.5202085375785828,0.047290313988924026
9,127,False,0.0,1,0.791718065738678,0.2670428156852722,0.5190310478210449,0.04662603512406349
9,128,False,0.0,1,0.7910275459289551,0.2676950991153717,0.516979455947876,0.04634392261505127
9,129,False,0.0,1,0.7901082038879395,0.26828575134277344,0.5159581899642944,0.04595610126852989
9,130,False,0.0,1,0.7886030673980713,0.2700154483318329,0.5147731304168701,0.045295096933841705
9,131,False,0.0,1,0.7870567440986633,0.2711986303329468,0.51511549949646,0.044131066650152206
9,132,False,0.0,1,0.7864000201225281,0.271464079618454,0.5145684480667114,0.04377118870615959
9,133,False,0.0,1,0.7857545614242554,0.27180612087249756,0.5155496597290039,0.043800171464681625
9,134,False,0.0,1,0.7852572798728943,0.2726316750049591,0.5187138915061951,0.04331577196717262
9,135,False,0.0,1,0.7850935459136963,0.2727290689945221,0.5207701921463013,0.04256482794880867
9,136,False,0.0,1,0.7854741811752319,0.2727179527282715,0.5220692157745361,0.04187777638435364
9,137,False,0.0,1,0.7856881618499756,0.2723201811313629,0.5223605036735535,0.04108045622706413
9,138,False,0.0,1,0.7855106592178345,0.272958368062973,0.5238174200057983,0.040632881224155426
9,139,False,0.0,1,0.7852191925048828,0.27245041728019714,0.5247766971588135,0.040328506380319595
9,140,False,0.0,1,0.78514164686203,0.27231353521347046,0.524885892868042,0.039782870560884476
9,141,False,0.0,1,0.7852773070335388,0.2716990113258362,0.5245193839073181,0.03928131237626076
9,142,False,0.0,1,0.786173939704895,0.26981180906295776,0.5248454809188843,0.038589026778936386
9,143,False,0.0,1,0.7875381112098694,0.2681408226490021,0.5253419876098633,0.03808875381946564
9,144,False,0.0,1,0.788730263710022,0.2664209306240082,0.5257351994514465,0.0377616323530674
9,145,False,0.0,1,0.7894686460494995,0.2654464840888977,0.5270825624465942,0.03758954629302025
9,146,False,0.0,1,0.7904588580131531,0.2645150125026703,0.5287717580795288,0.03762763366103172
9,147,False,0.0,1,0.7913568019866943,0.26389873027801514,0.5296484231948853,0.03724022954702377
9,148,False,0.0,1,0.7920222282409668,0.26311275362968445,0.5294791460037231,0.03691538795828819
9,149,False,0.0,1,0.7925318479537964,0.26281729340553284,0.5303170084953308,0.03723066300153732
9,150,False,0.0,1,0.7941162586212158,0.26238173246383667,0.5314326286315918,0.03761019930243492
9,151,False,0.0,1,0.7972127795219421,0.26088157296180725,0.5367604494094849,0.03911129757761955
9,152,False,0.0,1,0.7967022061347961,0.2605607211589813,0.5458323359489441,0.04149666801095009
9,153,False,0.0,1,0.7958261966705322,0.26059606671333313,0.5496101379394531,0.04239888861775398
9,154,False,0.0,1,0.7949162721633911,0.26052337884902954,0.5523266196250916,0.043417491018772125
9,155,False,0.0,1,0.794445276260376,0.26048389077186584,0.5537666082382202,0.0439295619726181
9,156,False,0.0,1,0.7941642999649048,0.2604467570781708,0.5548768639564514,0.044170159846544266
9,157,False,0.0,1,0.7941691875457764,0.26047417521476746,0.5550419092178345,0.044194113463163376
10,0,False,0.0,0,0.729701042175293,0.17389912903308868,0.5236341953277588,0.04410046711564064
10,1,False,0.0,1,0.8174985647201538,0.2481120526790619,0.5396461486816406,0.049465928226709366
10,2,False,0.0,1,0.8179609179496765,0.24768869578838348,0.5403628945350647,0.04976864159107208
10,3,False,0.0,1,0.8183208703994751,0.24695415794849396,0.5410268306732178,0.05035504698753357
10,4,False,0.0,1,0.8190933465957642,0.24632179737091064,0.5419151782989502,0.051047034561634064
10,5,False,0.0,1,0.8196038007736206,0.24579936265945435,0.5426114797592163,0.05226028710603714
10,6,False,0.0,1,0.8200942277908325,0.24547423422336578,0.5433920621871948,0.05268018692731857
10,7,False,0.0,1,0.8213808536529541,0.24513903260231018,0.5430682301521301,0.05286938697099686
10,8,False,0.0,1,0.8217805027961731,0.24479930102825165,0.5438461303710938,0.053801726549863815
10,9,False,0.0,1,0.8220148682594299,0.24438238143920898,0.5447776317596436,0.053974974900484085
10,10,False,0.0,1,0.8224309682846069,0.2443208545446396,0.5441175699234009,0.05416199564933777
10,11,False,0.0,1,0.822227418422699,0.2445654273033142,0.5424706935882568,0.05490238964557648
10,12,False,0.0,1,0.8224200010299683,0.24455508589744568,0.5436545610427856,0.05538637936115265
10,13,False,0.0,1,0.8218467235565186,0.24444717168807983,0.5447585582733154,0.05586245656013489
10,14,False,0.0,1,0.8210573196411133,0.24466891586780548,0.5457974672317505,0.05601542070508003
10,15,False,0.0,1,0.8195144534111023,0.24494953453540802,0.5470100045204163,0.05680428445339203
10,16,False,0.0,1,0.8197171092033386,0.24478298425674438,0.5484648942947388,0.05644625052809715
10,17,False,0.0,1,0.8189408183097839,0.24579177796840668,0.5501807332038879,0.05627762898802757
10,18,False,0.0,1,0.8174959421157837,0.2470872402191162,0.5515720248222351,0.056763824075460434
10,19,False,0.0,1,0.8157789707183838,0.24831797182559967,0.5536943674087524,0.05697253346443176
10,20,False,0.0,1,0.8134593963623047,0.2493976503610611,0.5547938942909241,0.05723816528916359
10,21,False,0.0,1,0.8123301267623901,0.25034353137016296,0.5562049150466919,0.05686207115650177
10,22,False,0.0,1,0.8108991384506226,0.251272588968277,0.5572019815444946,0.05702536553144455
10,23,False,0.0,1,0.809368371963501,0.2522725760936737,0.558229923248291,0.056517500430345535
10,24,False,0.0,1,0.8080089688301086,0.2535083293914795,0.5598218441009521,0.05611427128314972
10,25,False,0.0,1,0.8066468238830566,0.25502607226371765,0.5607215166091919,0.05575725808739662
10,26,False,0.0,1,0.8046109676361084,0.2574408948421478,0.5615372061729431,0.05442674085497856
10,27,False,0.0,1,0.8020583391189575,0.25988996028900146,0.5614503622055054,0.053078558295965195
10,28,False,0.0,1,0.799408495426178,0.26341497898101807,0.5604602098464966,0.05189283564686775
10,29,False,0.0,1,0.7980962991714478,0.26547113060951233,0.5575970411300659,0.05055253207683563
10,30,True,0.030612245202064514,1,0.7976927161216736,0.26401907205581665,0.5538792610168457,0.04705699533224106
10,31,True,0.08163265138864517,1,0.7985745668411255,0.26148930191993713,0.5456763505935669,0.040265344083309174
10,32,True,0.13265305757522583,1,0.8052047491073608,0.25544342398643494,0.5305356979370117,0.03491303697228432
10,33,True,0.18367347121238708,1,0.8064097166061401,0.2542790174484253,0.5278550386428833,0.03428667411208153
10,34,True,0.23469388484954834,1,0.8064963817596436,0.2519832253456116,0.5252971649169922,0.03355395421385765
10,35,True,0.2857142984867096,1,0.8037465214729309,0.2508693337440491,0.5246124267578125,0.03251482546329498
10,36,True,0.33673468232154846,1,0.8029667735099792,0.2502705454826355,0.5245362520217896,0.030457045882940292
10,37,True,0.3877550959587097,1,0.8032583594322205,0.24994678795337677,0.523357629776001,0.030309505760669708
10,38,True,0.43877550959587097,1,0.8045517206192017,0.24915280938148499,0.5257483720779419,0.03021491877734661
10,39,True,0.4897959232330322,1,0.804435133934021,0.2479669600725174,0.5296100974082947,0.03133231773972511
10,40,True,0.5408163070678711,1,0.8032541275024414,0.24723319709300995,0.534091591835022,0.03244684264063835
10,41,True,0.5918367505073547,1,0.8039331436157227,0.24704793095588684,0.5338571071624756,0.03176237270236015
10,42,True,0.6428571343421936,1,0.8064562082290649,0.2471284568309784,0.5287164449691772,0.03070260025560856
10,43,True,0.6938775777816772,1,0.8110716342926025,0.24824342131614685,0.5232243537902832,0.030211780220270157
10,44,True,0.7448979616165161,1,0.8105046153068542,0.24769946932792664,0.5200976133346558,0.029782241210341454
10,45,True,0.795918345451355,1,0.8092296719551086,0.24751195311546326,0.5264396071434021,0.029688984155654907
10,46,True,0.8469387888908386,1,0.808472216129303,0.2475065141916275,0.525163471698761,0.029034050181508064
10,47,True,0.8979591727256775,1,0.8064365386962891,0.24764284491539001,0.5270730257034302,0.028334753587841988
10,48,True,0.9489796161651611,1,0.808515191078186,0.24607962369918823,0.5270689725875854,0.027513789013028145
10,49,True,1.0,1,0.8037415742874146,0.24855680763721466,0.5148314833641052,0.027932144701480865
10,50,True,1.0,1,0.8042538166046143,0.24617138504981995,0.512294352054596,0.028094301000237465
10,51,True,1.0,1,0.8043009638786316,0.24543941020965576,0.5110534429550171,0.027978908270597458
10,52,True,1.0,1,0.8042593002319336,0.24532586336135864,0.5104383230209351,0.027880722656846046
10,53,True,1.0,1,0.804235577583313,0.24538426101207733,0.5098206996917725,0.02776292711496353
10,54,True,1.0,1,0.8042383193969727,0.24542151391506195,0.5096068978309631,0.027736296877264977
10,55,True,1.0,1,0.8042405247688293,0.2454255372285843,0.5094923377037048,0.027722490951418877
10,56,True,1.0,1,0.8042348027229309,0.24543727934360504,0.5094292163848877,0.027714120224118233
10,57,True,1.0,1,0.8042352795600891,0.24543894827365875,0.5094037652015686,0.027711251750588417
10,58,True,1.0,1,0.8042261600494385,0.2454378753900528,0.5093908309936523,0.027710532769560814
10,59,True,1.0,1,0.8042259216308594,0.24544331431388855,0.5093842148780823,0.0277104414999485
10,60,True,1.0,1,0.8042292594909668,0.24543966352939606,0.5093837976455688,0.027711233124136925
10,61,True,1.0,1,0.8041743040084839,0.24554672837257385,0.5091071128845215,0.027722584083676338
10,62,True,1.0,1,0.8041689395904541,0.2455831915140152,0.5090405941009521,0.027727341279387474
10,63,True,1.0,1,0.8041620254516602,0.24559150636196136,0.5090036392211914,0.027729889377951622
10,64,True,1.0,1,0.8041597604751587,0.24560102820396423,0.5089924335479736,0.027731049805879593
10,65,True,1.0,1,0.8041602373123169,0.24560761451721191,0.5089879035949707,0.02773229032754898
10,66,True,1.0,1,0.8041599988937378,0.24561087787151337,0.5089859962463379,0.027732068672776222
10,67,True,1.0,1,0.8041590452194214,0.24561180174350739,0.5089835524559021,0.027732471004128456
10,68,True,1.0,1,0.804158091545105,0.24561436474323273,0.5089842081069946,0.02773258090019226
10,69,True,1.0,1,0.8043787479400635,0.2449963092803955,0.5087672472000122,0.027777163311839104
10,70,True,1.0,1,0.8043976426124573,0.2450789362192154,0.5087161064147949,0.027782391756772995
10,71,True,1.0,1,0.8043867945671082,0.24508826434612274,0.5086860656738281,0.027783719822764397
10,72,True,1.0,1,0.804407000541687,0.2451157420873642,0.5086791515350342,0.02778625302016735
10,73,True,1.0,1,0.8044067621231079,0.24512049555778503,0.508675217628479,0.027784505859017372
10,74,False,0.0,1,0.7930002808570862,0.26479408144950867,0.5252038836479187,0.040760550647974014
10,75,False,0.0,1,0.7934825420379639,0.2636381983757019,0.5250248312950134,0.03883668780326843
10,76,False,0.0,1,0.7914795875549316,0.2648054361343384,0.5240559577941895,0.037604548037052155
10,77,False,0.0,1,0.7907198071479797,0.26614007353782654,0.5224448442459106,0.03772985562682152
10,78,False,0.0,1,0.7921879291534424,0.266011118888855,0.5240864753723145,0.037592656910419464
10,79,False,0.0,1,0.7936832904815674,0.26574236154556274,0.5275967717170715,0.0376422218978405
10,80,False,0.0,1,0.7941232919692993,0.26495593786239624,0.5322202444076538,0.038024961948394775
10,81,False,0.0,1,0.7950276136398315,0.26430416107177734,0.5354509949684143,0.03926219046115875
10,82,False,0.0,1,0.7945542335510254,0.26397600769996643,0.5368444323539734,0.04063725471496582
10,83,False,0.0,1,0.7938793897628784,0.2646612226963043,0.5404949188232422,0.041787225753068924
10,84,False,0.0,1,0.7937284708023071,0.2643394470214844,0.542341947555542,0.04256746172904968
10,85,False,0.0,1,0.7940155863761902,0.26366135478019714,0.5422852039337158,0.042331479489803314
10,86,False,0.0,1,0.794792890548706,0.26292797923088074,0.5421544909477234,0.04215925931930542
10,87,False,0.0,1,0.795363187789917,0.263111412525177,0.5464687347412109,0.04315253347158432
10,88,False,0.0,1,0.7964078187942505,0.2606266140937805,0.5520554780960083,0.04418294504284859
10,89,False,0.0,1,0.7972250580787659,0.2597116231918335,0.5538406372070312,0.04442063719034195
10,90,False,0.0,1,0.798558235168457,0.2592255473136902,0.5570870637893677,0.045298982411623
10,91,False,0.0,1,0.7999755144119263,0.2592981457710266,0.5588124394416809,0.04588719829916954
10,92,False,0.0,1,0.8014459013938904,0.2594289183616638,0.5600808262825012,0.04594871774315834
10,93,False,0.0,1,0.801913857460022,0.2596554458141327,0.5616690516471863,0.0462014302611351
10,94,False,0.0,1,0.8024739027023315,0.25972166657447815,0.5621929168701172,0.04620727151632309
10,95,False,0.0,1,0.8030750751495361,0.2599940896034241,0.5625041127204895,0.04576261341571808
10,96,False,0.0,1,0.8027204871177673,0.2601177394390106,0.56243896484375,0.04505614936351776
10,97,False,0.0,1,0.8027725219726562,0.2603224515914917,0.5629642009735107,0.04505745321512222
10,98,False,0.0,1,0.8026372194290161,0.26052653789520264,0.5630230903625488,0.044969066977500916
11,0,False,0.0,0,0.7015171051025391,0.17049740254878998,0.5335842370986938,0.038941532373428345
11,1,False,0.0,1,0.8087813258171082,0.25212469696998596,0.5508460998535156,0.044019315391778946
11,2,False,0.0,1,0.8089988827705383,0.25224655866622925,0.5507081747055054,0.0443480983376503
11,3,False,0.0,1,0.809161901473999,0.2526216208934784,0.5512295961380005,0.044695090502500534
11,4,False,0.0,1,0.8085530400276184,0.25302445888519287,0.5531940460205078,0.04564524441957474
11,5,False,0.0,1,0.809220016002655,0.2528374195098877,0.5551042556762695,0.046771787106990814
11,6,False,0.0,1,0.809088945388794,0.2530573308467865,0.5577890872955322,0.04801906645298004
11,7,False,0.0,1,0.8081125617027283,0.2533957362174988,0.5586273670196533,0.048662375658750534
11,8,False,0.0,1,0.8079664707183838,0.2541402578353882,0.5592805743217468,0.04862266778945923
11,9,False,0.0,1,0.8081948757171631,0.2546459138393402,0.5608057975769043,0.04911032319068909
11,10,False,0.0,1,0.8087336421012878,0.2552427351474762,0.5616394281387329,0.049586400389671326
11,11,False,0.0,1,0.8094479441642761,0.2553442716598511,0.5625412464141846,0.04977793991565704
11,12,False,0.0,1,0.8100256323814392,0.255304217338562,0.5622732043266296,0.049431394785642624
11,13,False,0.0,1,0.8107386231422424,0.25523272156715393,0.5634031295776367,0.04940362274646759
11,14,False,0.0,1,0.8115708827972412,0.2547339200973511,0.5641226172447205,0.049111828207969666
11,15,False,0.0,1,0.8120959401130676,0.2542404532432556,0.5651311874389648,0.04870109632611275
11,16,False,0.0,1,0.8120712041854858,0.25400784611701965,0.5655205249786377,0.04827713593840599
11,17,False,0.0,1,0.8124421834945679,0.25373074412345886,0.5657867193222046,0.04802854731678963
11,18,False,0.0,1,0.8125542402267456,0.2533542215824127,0.5655628442764282,0.04757557064294815
11,19,False,0.0,1,0.8127962946891785,0.25332677364349365,0.5659908056259155,0.046942368149757385
11,20,False,0.0,1,0.8123261332511902,0.2535327076911926,0.5658349990844727,0.04632341489195824
11,21,False,0.0,1,0.8119567036628723,0.25370243191719055,0.5657365918159485,0.04560055211186409
11,22,False,0.0,1,0.8116481900215149,0.2539917528629303,0.5656108856201172,0.04524896666407585
11,23,False,0.0,1,0.8118575215339661,0.2542436122894287,0.565718948841095,0.04523509740829468
11,24,False,0.0,1,0.8118053078651428,0.2545175850391388,0.5663977265357971,0.045119110494852066
11,25,False,0.0,1,0.8117862343788147,0.2548312842845917,0.566282331943512,0.04486503452062607
11,26,False,0.0,1,0.8119397163391113,0.2556789219379425,0.5661365389823914,0.04502641782164574
11,27,False,0.0,1,0.811449408531189,0.2561490833759308,0.5667282342910767,0.04539318010210991
11,28,False,0.0,1,0.8104201555252075,0.2566479444503784,0.5673476457595825,0.04587331786751747
11,29,False,0.0,1,0.8105373382568359,0.2566181719303131,0.5668134689331055,0.046396419405937195
11,30,False,0.0,1,0.8099281787872314,0.25681284070014954,0.567744255065918,0.04705606773495674
11,31,False,0.0,1,0.8087323307991028,0.25735461711883545,0.5682222843170166,0.047955967485904694
11,32,False,0.0,1,0.8087315559387207,0.2575971782207489,0.5685262680053711,0.04814738407731056
11,33,False,0.0,1,0.8065211176872253,0.258640319108963,0.5704094767570496,0.04914095252752304
11,34,False,0.0,1,0.8053445219993591,0.25930556654930115,0.5708258152008057,0.050208065658807755
11,35,False,0.0,1,0.8025319576263428,0.2607422471046448,0.5732722282409668,0.05097920447587967
11,36,False,0.0,1,0.8009719848632812,0.26113298535346985,0.5719782114028931,0.05115139111876488
11,37,False,0.0,1,0.801376223564148,0.26094740629196167,0.5721540451049805,0.0517062246799469
11,38,False,0.0,1,0.8012151718139648,0.26115554571151733,0.5697453022003174,0.051730941981077194
11,39,False,0.0,1,0.8005201816558838,0.2619771957397461,0.5678064823150635,0.0507865846157074
11,40,False,0.0,1,0.8000771999359131,0.26274287700653076,0.5675336122512817,0.05093184858560562
11,41,False,0.0,1,0.8000786304473877,0.263078898191452,0.5643136501312256,0.04992621764540672
11,42,False,0.0,1,0.8003668189048767,0.2632773220539093,0.560670018196106,0.0494675412774086
11,43,False,0.0,1,0.7992658019065857,0.2635974586009979,0.558174729347229,0.04907890409231186
11,44,False,0.0,1,0.7983213067054749,0.26328620314598083,0.5554604530334473,0.048444848507642746
11,45,False,0.0,1,0.7981264591217041,0.2631779909133911,0.5526379346847534,0.04744898900389671
11,46,False,0.0,1,0.7975497245788574,0.26350826025009155,0.5497961044311523,0.04707232862710953
11,47,False,0.0,1,0.7966505885124207,0.26436910033226013,0.547332763671875,0.04597322270274162
11,48,False,0.0,1,0.7961561679840088,0.26466497778892517,0.5454354286193848,0.04534526169300079
11,49,False,0.0,1,0.7955247163772583,0.2656805217266083,0.5438643097877502,0.045778125524520874
11,50,False,0.0,1,0.7950234413146973,0.26626721024513245,0.5418864488601685,0.04626627266407013
11,51,False,0.0,1,0.7942966818809509,0.2672789692878723,0.5431440472602844,0.047409702092409134
11,52,False,0.0,1,0.7949545979499817,0.2668454349040985,0.5436596870422363,0.048214975744485855
11,53,False,0.0,1,0.7956162691116333,0.26625877618789673,0.5420320630073547,0.04916999489068985
11,54,False,0.0,1,0.7956193685531616,0.2669709026813507,0.5389193296432495,0.04920214042067528
11,55,False,0.0,1,0.7951067686080933,0.2677299678325653,0.535476803779602,0.049015261232852936
11,56,False,0.0,1,0.7936503887176514,0.26865020394325256,0.530235230922699,0.04829677939414978
11,57,False,0.0,1,0.7923139333724976,0.2691066563129425,0.5240782499313354,0.04795731231570244
11,58,False,0.0,1,0.7931662797927856,0.26871663331985474,0.5207749605178833,0.04778521507978439
11,59,False,0.0,1,0.7941434979438782,0.26854458451271057,0.5169609189033508,0.04737236350774765
11,60,False,0.0,1,0.7943910360336304,0.2683302164077759,0.5130067467689514,0.047522563487291336
11,61,False,0.0,1,0.7949751615524292,0.26739829778671265,0.5097811222076416,0.047387752681970596
11,62,False,0.0,1,0.7957413196563721,0.2664085328578949,0.5080229043960571,0.047734908759593964
11,63,False,0.0,1,0.7970871925354004,0.2649999260902405,0.5058178901672363,0.04781999811530113
11,64,False,0.0,1,0.7976164817810059,0.2644312083721161,0.5047892332077026,0.04800565540790558
11,65,False,0.0,1,0.7983770370483398,0.26321661472320557,0.5041886568069458,0.047397125512361526
11,66,False,0.0,1,0.7996952533721924,0.26223307847976685,0.502845048904419,0.047892745584249496
11,67,False,0.0,1,0.8003987669944763,0.2614303231239319,0.5021249055862427,0.04779057204723358
11,68,False,0.0,1,0.8012202978134155,0.2608706057071686,0.5010219812393188,0.048418961465358734
11,69,False,0.0,1,0.8015059232711792,0.2601206600666046,0.499046266078949,0.049443043768405914
11,70,False,0.0,1,0.801910936832428,0.25974032282829285,0.4983285367488861,0.050304293632507324
11,71,False,0.0,1,0.8030682802200317,0.2585611045360565,0.49661508202552795,0.05151785537600517
11,72,False,0.0,1,0.804641604423523,0.256967693567276,0.49626511335372925,0.05255332216620445
11,73,False,0.0,1,0.8066772222518921,0.255990594625473,0.4960474967956543,0.053605835884809494
11,74,False,0.0,1,0.8077499866485596,0.25446265935897827,0.4979439675807953,0.05287652462720871
11,75,False,0.0,1,0.8088464736938477,0.2537875473499298,0.4980713427066803,0.05305471271276474
11,76,False,0.0,1,0.8090218305587769,0.2541128993034363,0.4971783757209778,0.05409187078475952
11,77,False,0.0,1,0.8098131418228149,0.25408869981765747,0.49786704778671265,0.05331059545278549
11,78,False,0.0,1,0.8096851110458374,0.2540196478366852,0.4972899854183197,0.05333789065480232
11,79,False,0.0,1,0.8091371059417725,0.25415441393852234,0.4981420040130615,0.05361174792051315
11,80,False,0.0,1,0.8088122606277466,0.25423428416252136,0.49695515632629395,0.05299247056245804
11,81,False,0.0,1,0.8080904483795166,0.2550007402896881,0.4965849816799164,0.05265449732542038
11,82,False,0.0,1,0.8082650303840637,0.2552035450935364,0.49580103158950806,0.0517868809401989
11,83,False,0.0,1,0.8077389597892761,0.2560044527053833,0.4953751862049103,0.05093300715088844
11,84,False,0.0,1,0.8072827458381653,0.25636494159698486,0.49613016843795776,0.048431556671857834
11,85,False,0.0,1,0.8067076206207275,0.25685346126556396,0.49647435545921326,0.04706103354692459
11,86,False,0.0,1,0.8070671558380127,0.2567049562931061,0.49740466475486755,0.047185372561216354
11,87,False,0.0,1,0.8053492903709412,0.25818273425102234,0.5008745193481445,0.04767076298594475
11,88,False,0.0,1,0.804277777671814,0.2597433626651764,0.504605770111084,0.04714730754494667
11,89,False,0.0,1,0.8038263320922852,0.2607758939266205,0.5066380500793457,0.046048954129219055
11,90,False,0.0,1,0.803035318851471,0.2622080445289612,0.5095154047012329,0.04517316073179245
11,91,False,0.0,1,0.8013287782669067,0.26313555240631104,0.5101686716079712,0.04401765018701553
11,92,False,0.0,1,0.7992197275161743,0.2641010880470276,0.5093816518783569,0.04244101792573929
11,93,False,0.0,1,0.7957149744033813,0.2662792205810547,0.5102638006210327,0.042610086500644684
11,94,False,0.0,1,0.7937504649162292,0.2673488259315491,0.5102002024650574,0.041528794914484024
11,95,False,0.0,1,0.7934438586235046,0.26829034090042114,0.5101743936538696,0.040426600724458694
11,96,False,0.0,1,0.792934775352478,0.26896241307258606,0.5114859342575073,0.038972437381744385
11,97,False,0.0,1,0.7920302152633667,0.27001652121543884,0.5106130838394165,0.038824912160634995
11,98,False,0.0,1,0.7923069000244141,0.2700398862361908,0.5113141536712646,0.03893625736236572
11,99,False,0.0,1,0.7924443483352661,0.2697991728782654,0.511951744556427,0.038850218057632446
11,100,False,0.0,1,0.7925434112548828,0.2696544826030731,0.5134208798408508,0.038814518600702286
11,101,False,0.0,1,0.7921825647354126,0.2696531414985657,0.5194804668426514,0.038965415209531784
11,102,False,0.0,1,0.7924706935882568,0.26953139901161194,0.5218638777732849,0.03943508118391037
11,103,False,0.0,1,0.7926506996154785,0.26949363946914673,0.5256724953651428,0.03986780717968941
11,104,False,0.0,1,0.7931163311004639,0.26930341124534607,0.5257088541984558,0.039745818823575974
11,105,False,0.0,1,0.7944557070732117,0.26753878593444824,0.5280605554580688,0.040262386202812195
11,106,False,0.0,1,0.794945240020752,0.2666935920715332,0.5304327011108398,0.04081161320209503
11,107,False,0.0,1,0.7948240041732788,0.26589837670326233,0.5308833122253418,0.04101245105266571
11,108,False,0.0,1,0.7950751185417175,0.2655470371246338,0.531857967376709,0.0412355475127697
11,109,False,0.0,1,0.7953406572341919,0.2649589776992798,0.5320136547088623,0.040918413549661636
11,110,False,0.0,1,0.7952693104743958,0.2646629810333252,0.5308929681777954,0.040865086019039154
11,111,False,0.0,1,0.7958502173423767,0.26347750425338745,0.5321964621543884,0.04077852889895439
11,112,False,0.0,1,0.7983232736587524,0.2597489655017853,0.5406622290611267,0.04273391515016556
11,113,False,0.0,1,0.7995686531066895,0.2595963776111603,0.5462495684623718,0.04400091990828514
12,0,False,0.0,0,0.7075580358505249,0.17635148763656616,0.5326569676399231,0.04179010167717934
12,1,False,0.0,1,0.8101757764816284,0.25275760889053345,0.5477979183197021,0.04584004357457161
12,2,False,0.0,1,0.8104948401451111,0.25297126173973083,0.5478225946426392,0.046165287494659424
12,3,False,0.0,1,0.8109939098358154,0.25356701016426086,0.5484632253646851,0.04652482271194458
12,4,False,0.0,1,0.8109949827194214,0.25366199016571045,0.5500050783157349,0.04700280353426933
12,5,False,0.0,1,0.8112655878067017,0.2542330324649811,0.5532305836677551,0.048106543719768524
12,6,False,0.0,1,0.8107121586799622,0.25438159704208374,0.5554766654968262,0.049574676901102066
12,7,False,0.0,1,0.8103744983673096,0.2548507750034332,0.5557036399841309,0.050003886222839355
12,8,False,0.0,1,0.810602068901062,0.25511792302131653,0.5570467710494995,0.05000697821378708
12,9,False,0.0,1,0.8101785182952881,0.2555772662162781,0.5567225217819214,0.050417933613061905
12,10,False,0.0,1,0.8099038600921631,0.2563225030899048,0.5574396252632141,0.05060996115207672
12,11,False,0.0,1,0.8099732398986816,0.2561410367488861,0.557828426361084,0.05063685402274132
12,12,False,0.0,1,0.8105621337890625,0.25617215037345886,0.5574830770492554,0.05038569122552872
12,13,False,0.0,1,0.8109762668609619,0.2554864287376404,0.5578293204307556,0.050117943435907364
12,14,False,0.0,1,0.810916006565094,0.255476176738739,0.5591464042663574,0.049926601350307465
12,15,False,0.0,1,0.811380922794342,0.25508901476860046,0.5598400235176086,0.049766458570957184
12,16,False,0.0,1,0.8114566206932068,0.25490567088127136,0.5607616901397705,0.0492703951895237
12,17,False,0.0,1,0.8118569850921631,0.2550199329853058,0.5616068840026855,0.049073390662670135
12,18,False,0.0,1,0.8120419979095459,0.25511443614959717,0.5625950694084167,0.04864061623811722
12,19,False,0.0,1,0.8119691014289856,0.2555459141731262,0.5637321472167969,0.048389777541160583
12,20,False,0.0,1,0.8125666379928589,0.2553386390209198,0.5644453763961792,0.048089589923620224
12,21,False,0.0,1,0.8125100135803223,0.2546349763870239,0.5642964839935303,0.04745491221547127
12,22,False,0.0,1,0.812606930732727,0.2551179528236389,0.5644443035125732,0.04714350402355194
12,23,False,0.0,1,0.8121337890625,0.2556438744068146,0.5655026435852051,0.046926677227020264
12,24,False,0.0,1,0.8122156858444214,0.25608640909194946,0.5664463043212891,0.046494875103235245
12,25,False,0.0,1,0.8119761943817139,0.25667205452919006,0.5661302804946899,0.04616643488407135
12,26,False,0.0,1,0.81191486120224,0.25706416368484497,0.5660672187805176,0.04604300111532211
12,27,False,0.0,1,0.8121926784515381,0.2575414180755615,0.5670297145843506,0.04596065729856491
12,28,False,0.0,1,0.8123798966407776,0.257854700088501,0.5678297281265259,0.04616216570138931
12,29,False,0.0,1,0.811428964138031,0.25867876410484314,0.5686911344528198,0.04646240547299385
12,30,False,0.0,1,0.8098801374435425,0.25859829783439636,0.5702155828475952,0.04727388918399811
12,31,False,0.0,1,0.8088586330413818,0.25865280628204346,0.5720316171646118,0.048170603811740875
12,32,False,0.0,1,0.8074065446853638,0.2588619589805603,0.5738769173622131,0.048618122935295105
12,33,False,0.0,1,0.806304931640625,0.2590177655220032,0.5773078799247742,0.04997792840003967
12,34,False,0.0,1,0.8062161803245544,0.2583625614643097,0.5781577825546265,0.0509670190513134
12,35,False,0.0,1,0.8058111667633057,0.2580670118331909,0.5795688629150391,0.05219920724630356
12,36,True,0.012605042196810246,1,0.8044970035552979,0.2586405873298645,0.5797970294952393,0.05222990736365318
12,37,True,0.054621849209070206,1,0.8038667440414429,0.25880804657936096,0.5771560072898865,0.05234599858522415
12,38,True,0.09663865715265274,1,0.8037137985229492,0.25909388065338135,0.5771454572677612,0.05208539217710495
12,39,True,0.13865546882152557,1,0.8043053150177002,0.25954875349998474,0.57613205909729,0.0515158474445343
12,40,True,0.1806722730398178,1,0.8048102855682373,0.2595648467540741,0.5725829601287842,0.049960047006607056
12,41,True,0.22268907725811005,1,0.8042656779289246,0.2603111267089844,0.5693937540054321,0.04961441829800606
12,42,True,0.2647058963775635,1,0.8035210371017456,0.26192936301231384,0.5669815540313721,0.04886893182992935
12,43,True,0.3067227005958557,1,0.8018551468849182,0.2634912431240082,0.5658408403396606,0.04856667295098305
12,44,True,0.34873950481414795,1,0.8003735542297363,0.2643122971057892,0.5634138584136963,0.04671676829457283
12,45,True,0.3907563090324402,1,0.7995350956916809,0.26435086131095886,0.5608202219009399,0.04670041799545288
12,46,True,0.4327731132507324,1,0.797720193862915,0.2645752429962158,0.5557877421379089,0.04429912567138672
12,47,True,0.47478991746902466,1,0.7967036962509155,0.26519492268562317,0.5503970980644226,0.043189674615859985
12,48,True,0.5168067216873169,1,0.7955465316772461,0.2654820382595062,0.5416772961616516,0.040354639291763306
12,49,True,0.5588235259056091,1,0.7962758541107178,0.26460856199264526,0.5422722101211548,0.04166524484753609
12,50,True,0.6008403301239014,1,0.7964438796043396,0.26392048597335815,0.5327516794204712,0.03614087030291557
12,51,True,0.6428571343421936,1,0.7958112955093384,0.26378461718559265,0.5277445316314697,0.03297165408730507
12,52,True,0.6848739385604858,1,0.7982171177864075,0.26048171520233154,0.5279359817504883,0.03128672018647194
12,53,True,0.7268907427787781,1,0.7998005747795105,0.2588346302509308,0.5244534015655518,0.029279617592692375
12,54,True,0.7689075469970703,1,0.7994702458381653,0.25867220759391785,0.5310508012771606,0.03015444427728653
12,55,True,0.8109243512153625,1,0.797339916229248,0.258583664894104,0.529126763343811,0.02904612571001053
12,56,True,0.8529411554336548,1,0.7954081892967224,0.2577800750732422,0.5248092412948608,0.027379998937249184
12,57,True,0.894957959651947,1,0.7985918521881104,0.2553563714027405,0.5257257223129272,0.027684133499860764
12,58,True,0.9369747638702393,1,0.8009746074676514,0.252530574798584,0.5235192775726318,0.02675364352762699
12,59,True,0.9789915680885315,1,0.8014811277389526,0.25223463773727417,0.519316554069519,0.027212373912334442
12,60,True,1.0,1,0.8015332221984863,0.251193106174469,0.515117883682251,0.028116462752223015
12,61,True,1.0,1,0.8016166687011719,0.2501850128173828,0.5135717988014221,0.028120404109358788
12,62,True,1.0,1,0.801598310470581,0.24980075657367706,0.5127993822097778,0.027935465797781944
12,63,True,1.0,1,0.8015631437301636,0.24964378774166107,0.5124151706695557,0.027803612872958183
12,64,True,1.0,1,0.801599383354187,0.24948330223560333,0.5126609802246094,0.027607806026935577
12,65,True,1.0,1,0.801580011844635,0.24945394694805145,0.5125269293785095,0.027562715113162994
12,66,True,1.0,1,0.801571786403656,0.24945129454135895,0.5124624967575073,0.02753707394003868
12,67,True,1.0,1,0.8015766739845276,0.24943602085113525,0.5124266743659973,0.027527794241905212
12,68,True,1.0,1,0.8015725016593933,0.24941356480121613,0.5124133825302124,0.02752482332289219
12,69,True,1.0,1,0.8015722632408142,0.24942055344581604,0.5124083757400513,0.027521492913365364
12,70,True,1.0,1,0.801569402217865,0.2494214028120041,0.512403130531311,0.027520300820469856
12,71,True,1.0,1,0.8015729784965515,0.24941907823085785,0.5124024152755737,0.02751908451318741
12,72,True,1.0,1,0.8015345335006714,0.2491445392370224,0.5128310918807983,0.027251647785305977
12,73,True,1.0,1,0.8015176057815552,0.24913270771503448,0.5127640962600708,0.027257751673460007
12,74,True,1.0,1,0.8015168309211731,0.24914748966693878,0.5127356052398682,0.027258608490228653
12,75,True,1.0,1,0.8015156388282776,0.24914690852165222,0.512721061706543,0.027257047593593597
12,76,True,1.0,1,0.8015121817588806,0.24915628135204315,0.5127121210098267,0.02725803665816784
12,77,True,1.0,1,0.8015082478523254,0.24914687871932983,0.5127125978469849,0.027258513495326042
12,78,True,1.0,1,0.801507294178009,0.24915072321891785,0.5127110481262207,0.027257688343524933
12,79,True,1.0,1,0.8015089631080627,0.24914857745170593,0.5127110481262207,0.027258189395070076
12,80,True,1.0,1,0.8015628457069397,0.24893447756767273,0.513076663017273,0.027003247290849686
12,81,True,1.0,1,0.8015459775924683,0.24894863367080688,0.5130176544189453,0.027008363977074623
12,82,True,1.0,1,0.8015415668487549,0.24895738065242767,0.512997031211853,0.02701081708073616
12,83,True,1.0,1,0.8015397787094116,0.24896220862865448,0.5129804611206055,0.027011657133698463
12,84,True,1.0,1,0.80153489112854,0.24895957112312317,0.5129724740982056,0.027013354003429413
12,85,True,1.0,1,0.801533579826355,0.24895618855953217,0.5129698514938354,0.0270109623670578
12,86,True,1.0,1,0.8015327453613281,0.24896025657653809,0.512971043586731,0.027011988684535027
12,87,True,1.0,1,0.8015342950820923,0.2489660382270813,0.512971043586731,0.027011822909116745
12,88,True,1.0,1,0.8015679121017456,0.24870161712169647,0.5132147073745728,0.02685834839940071
12,89,True,1.0,1,0.801538348197937,0.24866880476474762,0.51317298412323,0.02686319313943386
12,90,False,0.0,1,0.8088340163230896,0.25653088092803955,0.5111291408538818,0.056200288236141205
12,91,False,0.0,1,0.806842565536499,0.25685611367225647,0.5163261890411377,0.05471196398139
12,92,False,0.0,1,0.8053366541862488,0.25802820920944214,0.5194797515869141,0.05377626046538353
12,93,False,0.0,1,0.8042792081832886,0.25860267877578735,0.5227488279342651,0.05082657188177109
12,94,False,0.0,1,0.8035019636154175,0.25935637950897217,0.5238595604896545,0.04891017824411392
12,95,False,0.0,1,0.8031857013702393,0.2597527503967285,0.5251981019973755,0.047551222145557404
12,96,False,0.0,1,0.8018661737442017,0.26056021451950073,0.5261635780334473,0.04673352092504501
12,97,False,0.0,1,0.799656331539154,0.2624284029006958,0.5255559682846069,0.045065924525260925
12,98,False,0.0,1,0.7967394590377808,0.2643410265445709,0.5253313183784485,0.04262400045990944
12,99,False,0.0,1,0.7952583432197571,0.2652814984321594,0.5240222215652466,0.04171931371092796
12,100,False,0.0,1,0.7946953773498535,0.26603665947914124,0.5242116451263428,0.04109041020274162
12,101,False,0.0,1,0.7932391166687012,0.2677263021469116,0.5232139825820923,0.040170032531023026
12,102,False,0.0,1,0.7919063568115234,0.2689245939254761,0.5223137140274048,0.039495378732681274
12,103,False,0.0,1,0.7916792035102844,0.2692304849624634,0.5244642496109009,0.04013928398489952
12,104,False,0.0,1,0.7915833592414856,0.2690732777118683,0.5250052213668823,0.04034937173128128
12,105,False,0.0,1,0.7909535765647888,0.26865559816360474,0.5248403549194336,0.040129341185092926
12,106,False,0.0,1,0.7909156084060669,0.267863005399704,0.5280860662460327,0.04077890142798424
12,107,False,0.0,1,0.7913442850112915,0.26805755496025085,0.5334658622741699,0.042863473296165466
12,108,False,0.0,1,0.7923527359962463,0.26833629608154297,0.5375832319259644,0.043398745357990265
12,109,False,0.0,1,0.7932206392288208,0.2677975296974182,0.5414242744445801,0.04378221184015274
12,110,False,0.0,1,0.7940417528152466,0.2665601968765259,0.5434073209762573,0.044066332280635834
12,111,False,0.0,1,0.7944808006286621,0.2657412588596344,0.545495867729187,0.044433653354644775
12,112,False,0.0,1,0.7948019504547119,0.2650514841079712,0.5464890003204346,0.04435024783015251
12,113,False,0.0,1,0.7944127321243286,0.26472118496894836,0.5469722747802734,0.04439503327012062
12,114,False,0.0,1,0.7948864698410034,0.2639179825782776,0.5489087104797363,0.04496784880757332
12,115,False,0.0,1,0.7966736555099487,0.26135018467903137,0.5514956712722778,0.04554685577750206
12,116,False,0.0,1,0.7992739677429199,0.2599359452724457,0.5576772689819336,0.0474112294614315
12,117,False,0.0,1,0.798716127872467,0.26026052236557007,0.5639231204986572,0.049896981567144394
12,118,False,0.0,1,0.799666702747345,0.2603181004524231,0.5656120777130127,0.050078798085451126
12,119,False,0.0,1,0.8021271228790283,0.2605378031730652,0.5680673718452454,0.050528790801763535
13,0,False,0.0,0,0.736390233039856,0.17487852275371552,0.5282673835754395,0.0410737469792366
13,1,False,0.0,1,0.8208246231079102,0.2476312667131424,0.5480891466140747,0.04829561710357666
13,2,False,0.0,1,0.8212250471115112,0.24745434522628784,0.5492403507232666,0.049414314329624176
13,3,False,0.0,1,0.8218877911567688,0.24665072560310364,0.549915611743927,0.05005534738302231
13,4,False,0.0,1,0.8226698637008667,0.24575898051261902,0.5507444739341736,0.05159975215792656
13,5,False,0.0,1,0.8226619958877563,0.24545124173164368,0.5512866973876953,0.05287132412195206
13,6,False,0.0,1,0.8229711055755615,0.24506565928459167,0.5500444173812866,0.05376012623310089
13,7,False,0.0,1,0.8233705759048462,0.24488382041454315,0.5490835309028625,0.054007161408662796
13,8,False,0.0,1,0.8249238133430481,0.24426932632923126,0.5490893125534058,0.05490180477499962
13,9,False,0.0,1,0.8258291482925415,0.24429623782634735,0.5488628149032593,0.05562782660126686
13,10,False,0.0,1,0.8259876370429993,0.24444672465324402,0.5499025583267212,0.056890878826379776
13,11,False,0.0,1,0.8254317045211792,0.24456216394901276,0.5485148429870605,0.05833025276660919
13,12,False,0.0,1,0.8254537582397461,0.24465464055538177,0.5487806797027588,0.058528825640678406
13,13,False,0.0,1,0.8255166411399841,0.24475345015525818,0.5486495494842529,0.0590357631444931
13,14,False,0.0,1,0.8250471949577332,0.24525617063045502,0.5500549674034119,0.059075385332107544
13,15,False,0.0,1,0.8241772651672363,0.24590405821800232,0.5514765977859497,0.059058934450149536
13,16,False,0.0,1,0.8229443430900574,0.24688567221164703,0.5513158440589905,0.05951779708266258
13,17,False,0.0,1,0.8221046328544617,0.24751955270767212,0.5527223348617554,0.06004897132515907
13,18,False,0.0,1,0.8206933736801147,0.24867379665374756,0.553857684135437,0.05958647280931473
13,19,False,0.0,1,0.819217324256897,0.24964912235736847,0.5541256666183472,0.059671346098184586
13,20,False,0.0,1,0.8182160258293152,0.25042733550071716,0.5543255805969238,0.0590563602745533
13,21,False,0.0,1,0.8166900873184204,0.25141459703445435,0.5558202266693115,0.05871785432100296
13,22,False,0.0,1,0.8152063488960266,0.2525656819343567,0.556022047996521,0.058070238679647446
13,23,False,0.0,1,0.8122827410697937,0.254300981760025,0.5568271279335022,0.05765156075358391
13,24,False,0.0,1,0.8103126287460327,0.25559088587760925,0.5586103796958923,0.05734995752573013
13,25,False,0.0,1,0.8089343905448914,0.25650426745414734,0.5587083101272583,0.05647577717900276
13,26,False,0.0,1,0.8066773414611816,0.25799527764320374,0.5599365234375,0.05593520402908325
13,27,False,0.0,1,0.8050570487976074,0.2605140209197998,0.5599132776260376,0.05452703312039375
13,28,False,0.0,1,0.8030685186386108,0.2637716829776764,0.560100257396698,0.053628385066986084
13,29,False,0.0,1,0.8012279272079468,0.26630207896232605,0.5585995316505432,0.051974181085824966
13,30,True,0.030612245202064514,1,0.8004663586616516,0.26607251167297363,0.5541385412216187,0.047486428171396255
13,31,True,0.08163265138864517,1,0.7974450588226318,0.2662695050239563,0.5504583120346069,0.045332442969083786
13,32,True,0.13265305757522583,1,0.7962877750396729,0.26293623447418213,0.5388107299804688,0.0390806682407856
13,33,True,0.18367347121238708,1,0.8027225136756897,0.25651055574417114,0.5268136262893677,0.0341358482837677
13,34,True,0.23469388484954834,1,0.8048125505447388,0.2543374001979828,0.5361088514328003,0.03428216278553009
13,35,True,0.2857142984867096,1,0.8055461645126343,0.2515965402126312,0.5382872819900513,0.034962188452482224
13,36,True,0.33673468232154846,1,0.8068228363990784,0.250446617603302,0.5381708145141602,0.03361205756664276
13,37,True,0.3877550959587097,1,0.806870698928833,0.24991071224212646,0.5328449010848999,0.03234891965985298
13,38,True,0.43877550959587097,1,0.8084844350814819,0.2490132451057434,0.5287345051765442,0.031480029225349426
13,39,True,0.4897959232330322,1,0.8075612187385559,0.24894432723522186,0.5276188850402832,0.03090089000761509
13,40,True,0.5408163070678711,1,0.8071199655532837,0.24859608709812164,0.5304625630378723,0.03191782534122467
13,41,True,0.5918367505073547,1,0.8064602613449097,0.2485671192407608,0.5338228344917297,0.032511673867702484
13,42,True,0.6428571343421936,1,0.8053804636001587,0.24845196306705475,0.5320672988891602,0.032083481550216675
13,43,True,0.6938775777816772,1,0.8062390089035034,0.24824853241443634,0.526268482208252,0.030355462804436684
13,44,True,0.7448979616165161,1,0.806704580783844,0.24897640943527222,0.5244391560554504,0.029744597151875496
13,45,True,0.795918345451355,1,0.8080262541770935,0.24846620857715607,0.5265251398086548,0.029549937695264816
13,46,True,0.8469387888908386,1,0.805846631526947,0.25046420097351074,0.5238184928894043,0.028451813384890556
13,47,True,0.8979591727256775,1,0.8063758015632629,0.24920859932899475,0.5260571241378784,0.027124907821416855
13,48,True,0.9489796161651611,1,0.8096146583557129,0.2462877482175827,0.5265939235687256,0.02590389922261238
13,49,True,1.0,1,0.8059256672859192,0.24741636216640472,0.5200897455215454,0.026311544701457024
13,50,True,1.0,1,0.8063796162605286,0.24340520799160004,0.5176936388015747,0.02616579830646515
13,51,True,1.0,1,0.8064286112785339,0.2416456639766693,0.5164617300033569,0.025911007076501846
13,52,True,1.0,1,0.8063544631004333,0.24115405976772308,0.5158420205116272,0.025733062997460365
13,53,True,1.0,1,0.8063366413116455,0.24103617668151855,0.5155338048934937,0.025634808465838432
13,54,True,1.0,1,0.8063257932662964,0.2410009652376175,0.5153902173042297,0.02558421902358532
13,55,True,1.0,1,0.8063262701034546,0.24101167917251587,0.5153101086616516,0.025564711540937424
13,56,True,1.0,1,0.8065416216850281,0.24121055006980896,0.5157980918884277,0.02534092776477337
13,57,True,1.0,1,0.8065062165260315,0.24121522903442383,0.5157455801963806,0.02533412165939808
13,58,True,1.0,1,0.8064841628074646,0.24121049046516418,0.5157233476638794,0.025334017351269722
13,59,True,1.0,1,0.8064836859703064,0.24121063947677612,0.515713095664978,0.025330930948257446
13,60,True,1.0,1,0.8064870238304138,0.2412155121564865,0.515710711479187,0.025331690907478333
13,61,True,1.0,1,0.8064841628074646,0.24120976030826569,0.5157071948051453,0.025330767035484314
13,62,True,1.0,1,0.8064848780632019,0.24121493101119995,0.5157079696655273,0.025330349802970886
13,63,True,1.0,1,0.8064829707145691,0.2412109673023224,0.5157073140144348,0.0253306832164526
13,64,True,1.0,1,0.8063883781433105,0.2404731810092926,0.5158427357673645,0.025257809087634087
13,65,True,1.0,1,0.8063790798187256,0.2404012829065323,0.5158308744430542,0.025258956477046013
13,66,True,1.0,1,0.806381106376648,0.2403804510831833,0.5158284902572632,0.025258677080273628
13,67,True,1.0,1,0.8063744306564331,0.2403676062822342,0.5158251523971558,0.0252591110765934
13,68,True,1.0,1,0.8063844442367554,0.2403811812400818,0.5158239603042603,0.02526043727993965
13,69,True,1.0,1,0.8063861131668091,0.24037444591522217,0.5158275961875916,0.025260936468839645
13,70,True,1.0,1,0.8063795566558838,0.24037252366542816,0.5158263444900513,0.025260459631681442
13,71,True,1.0,1,0.8063805103302002,0.24036923050880432,0.5158250331878662,0.025259191170334816
13,72,True,1.0,1,0.8060988187789917,0.2398265153169632,0.5158611536026001,0.02528899908065796
13,73,True,1.0,1,0.8060801029205322,0.2397361397743225,0.5158833265304565,0.025278938934206963
13,74,False,0.0,1,0.8003243207931519,0.26543572545051575,0.526604175567627,0.03798409923911095
13,75,False,0.0,1,0.7983010411262512,0.26623305678367615,0.525397539138794,0.03834693506360054
13,76,False,0.0,1,0.7963223457336426,0.266793429851532,0.5252496004104614,0.037492286413908005
13,77,False,0.0,1,0.7950659990310669,0.26722344756126404,0.5284715294837952,0.03791143745183945
13,78,False,0.0,1,0.7951090335845947,0.2668965756893158,0.5329657793045044,0.03940815106034279
13,79,False,0.0,1,0.795229434967041,0.2670750916004181,0.5352126359939575,0.0405980609357357
13,80,False,0.0,1,0.7953969836235046,0.26689061522483826,0.5404149293899536,0.042355816811323166
13,81,False,0.0,1,0.7952744960784912,0.26623743772506714,0.5444239377975464,0.04332908242940903
13,82,False,0.0,1,0.7948116064071655,0.26535630226135254,0.5458779335021973,0.04388171806931496
13,83,False,0.0,1,0.7953647375106812,0.2649047076702118,0.5480746030807495,0.044505707919597626
13,84,False,0.0,1,0.7958298921585083,0.26467713713645935,0.5502920150756836,0.04497861489653587
13,85,False,0.0,1,0.7948892116546631,0.26486626267433167,0.550853967666626,0.045084357261657715
13,86,False,0.0,1,0.7947293519973755,0.2646987736225128,0.5512231588363647,0.04514084383845329
13,87,False,0.0,1,0.7936123609542847,0.2651177644729614,0.5508744716644287,0.045317910611629486
13,88,False,0.0,1,0.7949790954589844,0.2644084393978119,0.5516926646232605,0.04551868513226509
13,89,False,0.0,1,0.7980284690856934,0.26280736923217773,0.5568515658378601,0.047036346048116684
13,90,False,0.0,1,0.7986257076263428,0.262142151594162,0.5594006776809692,0.04749883711338043
13,91,False,0.0,1,0.7989314198493958,0.261966347694397,0.5605475306510925,0.04741716384887695
13,92,False,0.0,1,0.7986006140708923,0.2613474726676941,0.5620129704475403,0.04746624827384949
13,93,False,0.0,1,0.7992713451385498,0.2608053684234619,0.5636008977890015,0.04777050018310547
13,94,False,0.0,1,0.8004070520401001,0.26062387228012085,0.5645041465759277,0.04813513904809952
13,95,False,0.0,1,0.8010122179985046,0.2596571743488312,0.5665374994277954,0.048275530338287354
13,96,False,0.0,1,0.8015226721763611,0.259512335062027,0.5671068429946899,0.04816966876387596
13,97,False,0.0,1,0.8013776540756226,0.25930583477020264,0.5671302080154419,0.047823406755924225
13,98,False,0.0,1,0.801166296005249,0.25929006934165955,0.5667339563369751,0.04752226918935776
14,0,False,0.0,0,0.7260425090789795,0.17197689414024353,0.516401469707489,0.04145441949367523
14,1,False,0.0,1,0.8208075165748596,0.24400867521762848,0.5297996997833252,0.04743755981326103
14,2,False,0.0,1,0.8209090232849121,0.24403415620326996,0.5298092365264893,0.047328222543001175
14,3,False,0.0,1,0.8206135630607605,0.24436146020889282,0.5301882028579712,0.04758210480213165
14,4,False,0.0,1,0.8210033774375916,0.244471937417984,0.5320398807525635,0.048364024609327316
14,5,False,0.0,1,0.8217484354972839,0.24452123045921326,0.5338073968887329,0.05012129992246628
14,6,False,0.0,1,0.8224987983703613,0.24572674930095673,0.5360754728317261,0.052094150334596634
14,7,False,0.0,1,0.8222354054450989,0.2470066398382187,0.5369232892990112,0.053564660251140594
14,8,False,0.0,1,0.8230307102203369,0.24705921113491058,0.5383722186088562,0.05431497469544411
14,9,False,0.0,1,0.8234010338783264,0.24689225852489471,0.5399566888809204,0.05478830635547638
14,10,False,0.0,1,0.8226810097694397,0.24718117713928223,0.5411081910133362,0.05574557185173035
14,11,False,0.0,1,0.8225060701370239,0.2475556582212448,0.5425918102264404,0.05617213249206543
14,12,False,0.0,1,0.8230748176574707,0.24711786210536957,0.5424991846084595,0.05679710581898689
14,13,False,0.0,1,0.823310375213623,0.24727672338485718,0.5444686412811279,0.05678137019276619
14,14,False,0.0,1,0.8232442736625671,0.24775518476963043,0.5459386110305786,0.05694757401943207
14,15,False,0.0,1,0.8221540451049805,0.2482256144285202,0.5473706722259521,0.05702756345272064
14,16,False,0.0,1,0.8220223784446716,0.24827374517917633,0.5505402684211731,0.05706920474767685
14,17,False,0.0,1,0.8209662437438965,0.24862174689769745,0.5521602630615234,0.05647839233279228
14,18,False,0.0,1,0.8204402923583984,0.2489461451768875,0.5547404289245605,0.05602459982037544
14,19,False,0.0,1,0.8199654817581177,0.24952705204486847,0.5573512315750122,0.05598440021276474
14,20,False,0.0,1,0.8192830681800842,0.24976561963558197,0.5588765144348145,0.055748894810676575
14,21,False,0.0,1,0.8188449144363403,0.25008779764175415,0.5599771738052368,0.05520607531070709
14,22,False,0.0,1,0.8182985186576843,0.25022462010383606,0.5608601570129395,0.054510071873664856
14,23,False,0.0,1,0.8177586197853088,0.2505819797515869,0.562540590763092,0.054102733731269836
14,24,False,0.0,1,0.8169190287590027,0.25132641196250916,0.5632532835006714,0.05361795052886009
14,25,False,0.0,1,0.8151715397834778,0.2525046467781067,0.5628234148025513,0.052482329308986664
14,26,False,0.0,1,0.8130999207496643,0.2538764476776123,0.5636128187179565,0.052018437534570694
14,27,False,0.0,1,0.8114842176437378,0.25497451424598694,0.5642195343971252,0.05167978256940842
14,28,False,0.0,1,0.8097235560417175,0.2557480037212372,0.5646518468856812,0.05157602205872536
14,29,False,0.0,1,0.8082461953163147,0.25653067231178284,0.565335750579834,0.051751602441072464
14,30,False,0.0,1,0.8066638708114624,0.25727856159210205,0.5648255348205566,0.05225037410855293
14,31,False,0.0,1,0.8049106597900391,0.25810912251472473,0.5649640560150146,0.05257396399974823
14,32,False,0.0,1,0.8037272691726685,0.2588635981082916,0.563447117805481,0.052300672978162766
14,33,True,0.02777777798473835,1,0.8027878999710083,0.2593579590320587,0.5634912252426147,0.05149104446172714
14,34,True,0.07407407462596893,1,0.8021836280822754,0.26034775376319885,0.5630656480789185,0.0514458566904068
14,35,True,0.12037037312984467,1,0.8011496067047119,0.2622813880443573,0.5605261325836182,0.05218375846743584
14,36,True,0.1666666716337204,1,0.8003154993057251,0.26349297165870667,0.5622954368591309,0.05185240879654884
14,37,True,0.21296297013759613,1,0.799828052520752,0.26402178406715393,0.5574050545692444,0.049660541117191315
14,38,True,0.25925925374031067,1,0.7991381287574768,0.2641093134880066,0.5555793642997742,0.04953927919268608
14,39,True,0.3055555522441864,1,0.7982394099235535,0.2644784450531006,0.5522571802139282,0.0468866303563118
14,40,True,0.35185185074806213,1,0.7973855137825012,0.2639731168746948,0.5494930148124695,0.045185837894678116
14,41,True,0.39814814925193787,1,0.7973052263259888,0.26340240240097046,0.5474346876144409,0.04471559822559357
14,42,True,0.4444444477558136,1,0.7972139120101929,0.26399555802345276,0.5441809296607971,0.043807659298181534
14,43,True,0.49074074625968933,1,0.7970374822616577,0.2654559314250946,0.540876030921936,0.04206608235836029
14,44,True,0.5370370149612427,1,0.7971933484077454,0.2654505670070648,0.5400415658950806,0.04015043377876282
14,45,True,0.5833333134651184,1,0.7982180118560791,0.2648911476135254,0.5379453897476196,0.037837885320186615
14,46,True,0.6296296119689941,1,0.7995902299880981,0.26349276304244995,0.5344380140304565,0.03702318295836449
14,47,True,0.6759259104728699,1,0.8021834492683411,0.26022031903266907,0.5303683280944824,0.03510459512472153
14,48,True,0.7222222089767456,1,0.8035306334495544,0.2582066059112549,0.5268892049789429,0.03281011804938316
14,49,True,0.7685185074806213,1,0.8031597137451172,0.257100909948349,0.5292918682098389,0.031337663531303406
14,50,True,0.8148148059844971,1,0.8040912747383118,0.25563833117485046,0.5192036032676697,0.028510237112641335
14,51,True,0.8611111044883728,1,0.806225061416626,0.25089460611343384,0.5206896662712097,0.02715763822197914
14,52,True,0.9074074029922485,1,0.8079744577407837,0.2452479898929596,0.5248403549194336,0.02683463878929615
14,53,True,0.9537037014961243,1,0.8101804852485657,0.24353045225143433,0.5242305994033813,0.026415381580591202
14,54,True,1.0,1,0.8078254461288452,0.23808829486370087,0.5186834335327148,0.027329858392477036
14,55,True,1.0,1,0.8071391582489014,0.23439964652061462,0.5170354843139648,0.027230115607380867
14,56,True,1.0,1,0.8069666624069214,0.2337787002325058,0.5161843299865723,0.02696903608739376
14,57,True,1.0,1,0.8069600462913513,0.2338608205318451,0.5157564282417297,0.02678178809583187
14,58,True,1.0,1,0.8069901466369629,0.23409055173397064,0.5155364274978638,0.026685591787099838
14,59,True,1.0,1,0.8070114850997925,0.23420457541942596,0.5154387950897217,0.02663336880505085
14,60,True,1.0,1,0.8070087432861328,0.23426344990730286,0.5153836011886597,0.02660536952316761
14,61,True,1.0,1,0.807892918586731,0.2369743287563324,0.5155062675476074,0.026550501585006714
14,62,True,1.0,1,0.8078945875167847,0.23697274923324585,0.5155171155929565,0.026543069630861282
14,63,True,1.0,1,0.8078955411911011,0.23697397112846375,0.5155261754989624,0.02653881162405014
14,64,True,1.0,1,0.8078970909118652,0.23697227239608765,0.5155256390571594,0.026537565514445305
14,65,True,1.0,1,0.807897686958313,0.2369747757911682,0.5155259966850281,0.026537803933024406
14,66,True,1.0,1,0.8078910112380981,0.2369595617055893,0.515526533126831,0.026537880301475525
14,67,True,1.0,1,0.8078914880752563,0.23695844411849976,0.5155264139175415,0.026538033038377762
14,68,True,1.0,1,0.8078869581222534,0.23695853352546692,0.5155256986618042,0.026538575068116188
14,69,True,1.0,1,0.8086724281311035,0.24033419787883759,0.5157980918884277,0.026424292474985123
14,70,True,1.0,1,0.8086762428283691,0.24034668505191803,0.5158005952835083,0.02642400749027729
14,71,True,1.0,1,0.8086771965026855,0.240350604057312,0.5158128142356873,0.02642243541777134
14,72,True,1.0,1,0.8086802959442139,0.2403513491153717,0.5158166885375977,0.026423780247569084
14,73,True,1.0,1,0.8086854219436646,0.24035583436489105,0.5158126354217529,0.02642206847667694
14,74,True,1.0,1,0.808679461479187,0.24035371840000153,0.5158125758171082,0.02642189711332321
14,75,True,1.0,1,0.8086823225021362,0.24035416543483734,0.5158120393753052,0.026422495022416115
14,76,True,1.0,1,0.8086768388748169,0.24035774171352386,0.5158127546310425,0.026422571390867233
14,77,True,1.0,1,0.809074878692627,0.24271473288536072,0.5160655975341797,0.026340754702687263
14,78,True,1.0,1,0.8090586066246033,0.2426835000514984,0.5160990953445435,0.026339232921600342
14,79,True,1.0,1,0.8090669512748718,0.2426747828722,0.5161179900169373,0.02633747272193432
14,80,True,1.0,1,0.8090564608573914,0.24267157912254333,0.5161260366439819,0.02634035050868988
14,81,False,0.0,1,0.8013288974761963,0.26506391167640686,0.5140106678009033,0.04256000369787216
14,82,False,0.0,1,0.7984217405319214,0.2653813064098358,0.517899751663208,0.04147084802389145
14,83,False,0.0,1,0.7949687242507935,0.26681166887283325,0.5209462642669678,0.04100487381219864
14,84,False,0.0,1,0.7934602499008179,0.26753270626068115,0.5209186673164368,0.040816083550453186
14,85,False,0.0,1,0.7927048206329346,0.26873913407325745,0.52294921875,0.040219567716121674
14,86,False,0.0,1,0.7923840284347534,0.26971709728240967,0.5240650773048401,0.039963845163583755
14,87,False,0.0,1,0.7924991846084595,0.2700829803943634,0.525629460811615,0.04041721671819687
14,88,False,0.0,1,0.7922213077545166,0.27060458064079285,0.5226458311080933,0.04060148075222969
14,89,False,0.0,1,0.7914542555809021,0.2709323465824127,0.5215118527412415,0.04039318859577179
14,90,False,0.0,1,0.7923552989959717,0.27067649364471436,0.5216183662414551,0.04064670577645302
14,91,False,0.0,1,0.7932500243186951,0.2706552743911743,0.5217260718345642,0.040464844554662704
14,92,False,0.0,1,0.7942897081375122,0.27051877975463867,0.5213629007339478,0.03978896886110306
14,93,False,0.0,1,0.7957119345664978,0.2700791358947754,0.5227991342544556,0.03963621333241463
14,94,False,0.0,1,0.7959886193275452,0.2698591947555542,0.5239310264587402,0.0387742854654789
14,95,False,0.0,1,0.7965271472930908,0.26918545365333557,0.5249840021133423,0.03849048539996147
14,96,False,0.0,1,0.7972654104232788,0.26827123761177063,0.5250857472419739,0.037997595965862274
14,97,False,0.0,1,0.7973564267158508,0.2678684592247009,0.5271499752998352,0.038764942437410355
14,98,False,0.0,1,0.7972924709320068,0.2676558792591095,0.530846118927002,0.03932513669133186
14,99,False,0.0,1,0.797565221786499,0.26725757122039795,0.5359672904014587,0.040088068693876266
14,100,False,0.0,1,0.797706127166748,0.2667711079120636,0.5370687246322632,0.03999779745936394
14,101,False,0.0,1,0.7973299026489258,0.2669205665588379,0.5398554801940918,0.040319059044122696
14,102,False,0.0,1,0.7972036600112915,0.2667822241783142,0.5401986837387085,0.03995615243911743
14,103,False,0.0,1,0.7973242998123169,0.2665075957775116,0.5411677360534668,0.0401000939309597
14,104,False,0.0,1,0.7971273064613342,0.26638269424438477,0.542502224445343,0.04015574976801872
14,105,False,0.0,1,0.7972810864448547,0.26573801040649414,0.5444082617759705,0.04069983959197998
14,106,False,0.0,1,0.7974375486373901,0.2648336887359619,0.5451310873031616,0.040938690304756165
14,107,False,0.0,1,0.7980123162269592,0.2632957696914673,0.5505039095878601,0.04280835762619972
14,108,False,0.0,1,0.7988795638084412,0.2617361843585968,0.5535555481910706,0.04363899305462837
15,0,False,0.0,0,0.714313268661499,0.1764812469482422,0.5302708148956299,0.043788667768239975
15,1,False,0.0,1,0.8188982605934143,0.24737758934497833,0.5479124784469604,0.049062736332416534
15,2,False,0.0,1,0.8189237117767334,0.2467164844274521,0.5474833250045776,0.04909076914191246
15,3,False,0.0,1,0.8189386129379272,0.24666765332221985,0.5473624467849731,0.049034494906663895
15,4,False,0.0,1,0.8208402395248413,0.24532991647720337,0.5471222400665283,0.05061652883887291
15,5,False,0.0,1,0.8216713070869446,0.244461789727211,0.546166718006134,0.0520324744284153
15,6,False,0.0,1,0.8225398063659668,0.24438241124153137,0.5465346574783325,0.052443090826272964
15,7,False,0.0,1,0.823298454284668,0.24485936760902405,0.546621561050415,0.05365593731403351
15,8,False,0.0,1,0.8244064450263977,0.24499614536762238,0.5446616411209106,0.05467836931347847
15,9,False,0.0,1,0.8245625495910645,0.24490712583065033,0.5433183908462524,0.05462871491909027
15,10,False,0.0,1,0.8245859146118164,0.24465760588645935,0.5423910021781921,0.05484958365559578
15,11,False,0.0,1,0.8245415687561035,0.2447369545698166,0.5421830415725708,0.05488850921392441
15,12,False,0.0,1,0.8244268894195557,0.2452879399061203,0.5413302183151245,0.0545649379491806
15,13,False,0.0,1,0.8241156339645386,0.24563604593276978,0.540428102016449,0.054564785212278366
15,14,False,0.0,1,0.823310136795044,0.24536123871803284,0.5399976968765259,0.05380817875266075
15,15,False,0.0,1,0.8230915069580078,0.24564777314662933,0.5406956672668457,0.0535549595952034
15,16,False,0.0,1,0.8227901458740234,0.24576328694820404,0.5404596328735352,0.05284091457724571
15,17,False,0.0,1,0.8222904205322266,0.24593771994113922,0.5404261946678162,0.05249543860554695
15,18,False,0.0,1,0.8215674757957458,0.24636045098304749,0.5405389070510864,0.051986321806907654
15,19,False,0.0,1,0.821036159992218,0.2468632310628891,0.5420509576797485,0.051582347601652145
15,20,False,0.0,1,0.8199750781059265,0.24731825292110443,0.5443261861801147,0.05113544315099716
15,21,False,0.0,1,0.8199265003204346,0.24787795543670654,0.5466451048851013,0.051047250628471375
15,22,False,0.0,1,0.8190692663192749,0.2485116720199585,0.5494951009750366,0.050910092890262604
15,23,False,0.0,1,0.8183619379997253,0.249260812997818,0.5530835390090942,0.05076751112937927
15,24,False,0.0,1,0.817899227142334,0.24958734214305878,0.5556213855743408,0.050490282475948334
15,25,False,0.0,1,0.8175015449523926,0.25041553378105164,0.558679461479187,0.05033573508262634
15,26,False,0.0,1,0.8160690665245056,0.2519463002681732,0.5606662034988403,0.05021236091852188
15,27,False,0.0,1,0.8135221600532532,0.2538416087627411,0.5622704029083252,0.05048508942127228
15,28,False,0.0,1,0.8098724484443665,0.2566945254802704,0.5636637210845947,0.05096159502863884
15,29,False,0.0,1,0.8077045679092407,0.25835445523262024,0.5646697282791138,0.05098133161664009
15,30,False,0.0,1,0.8062350749969482,0.25996777415275574,0.5648830533027649,0.05118993669748306
15,31,False,0.0,1,0.8041461706161499,0.26213833689689636,0.5645694732666016,0.052656061947345734
15,32,False,0.0,1,0.8020903468132019,0.26442036032676697,0.564595639705658,0.05305815860629082
15,33,False,0.0,1,0.8000189065933228,0.2664075791835785,0.5627249479293823,0.05366169288754463
15,34,False,0.0,1,0.7994959354400635,0.2669147253036499,0.5611279010772705,0.05528317019343376
15,35,False,0.0,1,0.797193169593811,0.26882606744766235,0.5587967038154602,0.05501549318432808
15,36,False,0.0,1,0.7954356074333191,0.2697690427303314,0.5570152997970581,0.054923634976148605
15,37,False,0.0,1,0.794482946395874,0.27039095759391785,0.55516117811203,0.05550374463200569
15,38,False,0.0,1,0.793329656124115,0.27172550559043884,0.5512807369232178,0.054603319615125656
15,39,False,0.0,1,0.7925933599472046,0.27222734689712524,0.5480462312698364,0.0542980432510376
15,40,False,0.0,1,0.7923831343650818,0.2732660174369812,0.5433140993118286,0.053395409137010574
15,41,False,0.0,1,0.7919994592666626,0.27305930852890015,0.5417770743370056,0.05306277051568031
15,42,False,0.0,1,0.7909871339797974,0.273322731256485,0.538745641708374,0.05215245857834816
15,43,False,0.0,1,0.7904242277145386,0.2731561064720154,0.5333565473556519,0.050167910754680634
15,44,False,0.0,1,0.7905887961387634,0.27245163917541504,0.5294510126113892,0.0488118901848793
15,45,False,0.0,1,0.7911627292633057,0.271564245223999,0.5259804725646973,0.04830513149499893
15,46,False,0.0,1,0.7919309735298157,0.27033692598342896,0.5235875844955444,0.04832054674625397
15,47,False,0.0,1,0.7919348478317261,0.26955223083496094,0.5221219658851624,0.04776287451386452
15,48,False,0.0,1,0.7922989130020142,0.2690271735191345,0.5205020904541016,0.0471590980887413
15,49,False,0.0,1,0.7924185991287231,0.2683959901332855,0.5178315043449402,0.04695817828178406
15,50,False,0.0,1,0.7934463024139404,0.267382949590683,0.5154298543930054,0.0470452643930912
15,51,False,0.0,1,0.793885350227356,0.2670878469944,0.5128344297409058,0.047471266239881516
15,52,False,0.0,1,0.7936644554138184,0.26670923829078674,0.509380578994751,0.04862336069345474
15,53,False,0.0,1,0.7945083975791931,0.2668333649635315,0.5062259435653687,0.04920860007405281
15,54,False,0.0,1,0.7955371141433716,0.26644185185432434,0.5034152269363403,0.0502571277320385
15,55,False,0.0,1,0.7975435853004456,0.26566168665885925,0.5021854043006897,0.0514674186706543
15,56,False,0.0,1,0.7980528473854065,0.26610714197158813,0.5021507740020752,0.052161552011966705
15,57,False,0.0,1,0.7981162071228027,0.2662945091724396,0.5020504593849182,0.05163107067346573
15,58,False,0.0,1,0.79830402135849,0.2665795683860779,0.5007961988449097,0.0522172637283802
15,59,False,0.0,1,0.7983981966972351,0.26718100905418396,0.50102698802948,0.05254602059721947
15,60,False,0.0,1,0.7995496392250061,0.2674061954021454,0.5000689029693604,0.05323569476604462
15,61,False,0.0,1,0.8000790476799011,0.2670973241329193,0.4988033175468445,0.05265236645936966
15,62,False,0.0,1,0.800973117351532,0.26642537117004395,0.5012116432189941,0.05373869463801384
15,63,False,0.0,1,0.8017842173576355,0.2656288146972656,0.5044078230857849,0.05325711891055107
15,64,False,0.0,1,0.8023521900177002,0.2643086016178131,0.507674515247345,0.053406380116939545
15,65,False,0.0,1,0.8028367757797241,0.26421812176704407,0.508267879486084,0.05375957116484642
15,66,False,0.0,1,0.8027750253677368,0.26419690251350403,0.5101553201675415,0.052881885319948196
15,67,False,0.0,1,0.8026874661445618,0.264567106962204,0.5111491680145264,0.052270036190748215
15,68,False,0.0,1,0.8029540777206421,0.26446542143821716,0.5129902362823486,0.05279753357172012
15,69,False,0.0,1,0.803188681602478,0.264384388923645,0.5140682458877563,0.05302240699529648
15,70,False,0.0,1,0.8037322759628296,0.26414141058921814,0.5150675177574158,0.05482795462012291
15,71,False,0.0,1,0.8039711713790894,0.26413285732269287,0.5175735354423523,0.054429471492767334
15,72,False,0.0,1,0.8042550086975098,0.264003723859787,0.5161350965499878,0.055416084825992584
15,73,False,0.0,1,0.8051937222480774,0.26306548714637756,0.5146548748016357,0.05599953979253769
15,74,False,0.0,1,0.8056294918060303,0.2623923122882843,0.5168135166168213,0.05793134495615959
15,75,False,0.0,1,0.8059999942779541,0.2622358202934265,0.5187886953353882,0.058796972036361694
15,76,False,0.0,1,0.8067198395729065,0.26114922761917114,0.5195105075836182,0.06009955704212189
15,77,False,0.0,1,0.8075681924819946,0.260150283575058,0.5213863849639893,0.060933418571949005
15,78,False,0.0,1,0.8079227805137634,0.2588450014591217,0.5222209692001343,0.05985817685723305
15,79,False,0.0,1,0.8073657751083374,0.2589292526245117,0.5231325626373291,0.06057257205247879
15,80,False,0.0,1,0.8074370622634888,0.25880590081214905,0.5229986906051636,0.061494920402765274
15,81,False,0.0,1,0.8079652786254883,0.25797393918037415,0.5241831541061401,0.061913274228572845
15,82,False,0.0,1,0.8091026544570923,0.2576228678226471,0.5244977474212646,0.06258747726678848
15,83,False,0.0,1,0.8093278408050537,0.2573734521865845,0.5247114896774292,0.06219196692109108
15,84,False,0.0,1,0.8092769384384155,0.25702521204948425,0.5254815816879272,0.06194714456796646
15,85,False,0.0,1,0.8095255494117737,0.2566359043121338,0.5256887674331665,0.06211123615503311
15,86,False,0.0,1,0.8088540434837341,0.2561820149421692,0.5265821218490601,0.061814084649086
15,87,False,0.0,1,0.8086541891098022,0.25606557726860046,0.5269768238067627,0.06223386153578758
15,88,False,0.0,1,0.80881667137146,0.2560657262802124,0.5268524885177612,0.06173395365476608
15,89,False,0.0,1,0.8073771595954895,0.2568284273147583,0.5272486805915833,0.060466837137937546
15,90,False,0.0,1,0.8068069219589233,0.2572161555290222,0.5272834300994873,0.059373803436756134
15,91,False,0.0,1,0.8056519031524658,0.25832462310791016,0.5256498456001282,0.05907018110156059
15,92,False,0.0,1,0.8052228689193726,0.25920265913009644,0.5247666239738464,0.056943636387586594
15,93,False,0.0,1,0.804945707321167,0.25976571440696716,0.5232702493667603,0.055539410561323166
15,94,False,0.0,1,0.8046040534973145,0.25993597507476807,0.523942232131958,0.05364327132701874
15,95,False,0.0,1,0.8034003376960754,0.2601807415485382,0.5214240550994873,0.05240752547979355
15,96,False,0.0,1,0.8027742505073547,0.2601771950721741,0.5201573371887207,0.05179309472441673
15,97,False,0.0,1,0.8020212054252625,0.2613377273082733,0.5188860297203064,0.05050455406308174
15,98,False,0.0,1,0.8013936281204224,0.26255300641059875,0.5178452730178833,0.04927638918161392
15,99,False,0.0,1,0.8013573288917542,0.2629188597202301,0.515755295753479,0.04864959418773651
15,100,False,0.0,1,0.8017970323562622,0.26388826966285706,0.5147969722747803,0.047644246369600296
15,101,False,0.0,1,0.8019698262214661,0.2641719579696655,0.5147415399551392,0.04639448970556259
15,102,False,0.0,1,0.8024470806121826,0.2648999094963074,0.5116440057754517,0.04594406113028526
15,103,False,0.0,1,0.8017621040344238,0.2655506730079651,0.509614884853363,0.04354134202003479
15,104,False,0.0,1,0.8006629943847656,0.26513776183128357,0.5092973709106445,0.04145049303770065
15,105,False,0.0,1,0.7999773621559143,0.26503273844718933,0.50892573595047,0.0402853786945343
15,106,False,0.0,1,0.7998840808868408,0.26504409313201904,0.5069405436515808,0.03837059438228607
15,107,False,0.0,1,0.7992334961891174,0.26502400636672974,0.5068089962005615,0.0369432307779789
15,108,False,0.0,1,0.7990549802780151,0.26542001962661743,0.5076452493667603,0.03643113374710083
15,109,False,0.0,1,0.7987793684005737,0.26606765389442444,0.5080597400665283,0.03576267138123512
15,110,False,0.0,1,0.7983729839324951,0.2662561535835266,0.5092991590499878,0.034613363444805145
15,111,False,0.0,1,0.7979921102523804,0.2660716474056244,0.512104332447052,0.03367104008793831
15,112,False,0.0,1,0.7978919744491577,0.2657144367694855,0.5191752910614014,0.035581935197114944
15,113,False,0.0,1,0.7979485988616943,0.2655155658721924,0.5277225971221924,0.03707096725702286
15,114,False,0.0,1,0.7980811595916748,0.26387128233909607,0.5363467931747437,0.03801220282912254
15,115,False,0.0,1,0.7987809181213379,0.26277387142181396,0.5422568321228027,0.03923128917813301
15,116,False,0.0,1,0.7992054224014282,0.2627274990081787,0.5434212684631348,0.03939870744943619
15,117,False,0.0,1,0.7991327047348022,0.26249492168426514,0.54463791847229,0.039801210165023804
15,118,False,0.0,1,0.7990469932556152,0.26203665137290955,0.5455389022827148,0.03980707377195358
15,119,False,0.0,1,0.7995501756668091,0.26174482703208923,0.5470656156539917,0.0401839017868042
15,120,False,0.0,1,0.799127459526062,0.26140686869621277,0.5478990077972412,0.040455542504787445
15,121,False,0.0,1,0.7988708019256592,0.2600623071193695,0.550194263458252,0.040773555636405945
15,122,False,0.0,1,0.7998879551887512,0.25862038135528564,0.5539928674697876,0.04220486432313919
15,123,False,0.0,1,0.7998372316360474,0.2579944133758545,0.5551116466522217,0.0428781695663929
16,0,False,0.0,0,0.7467944622039795,0.17810837924480438,0.5381234288215637,0.03269941359758377
16,1,False,0.0,1,0.8224939703941345,0.2507946491241455,0.5631656646728516,0.041408538818359375
16,2,False,0.0,1,0.8227646350860596,0.25047680735588074,0.5648924112319946,0.04225998371839523
16,3,False,0.0,1,0.8232012987136841,0.25016748905181885,0.5663869380950928,0.04323243349790573
16,4,False,0.0,1,0.8234118223190308,0.25009527802467346,0.5674706697463989,0.04426064342260361
16,5,False,0.0,1,0.8230082988739014,0.2503303289413452,0.5693352222442627,0.04570416733622551
16,6,False,0.0,1,0.8217576742172241,0.2509811222553253,0.5710880756378174,0.04660850763320923
16,7,False,0.0,1,0.8206906318664551,0.2510584592819214,0.5722169280052185,0.04685039818286896
16,8,False,0.0,1,0.8201041221618652,0.25118088722229004,0.5722419023513794,0.04691231623291969
16,9,False,0.0,1,0.8197607398033142,0.2515491545200348,0.573651909828186,0.047388941049575806
16,10,False,0.0,1,0.8194020986557007,0.25180041790008545,0.5744152069091797,0.04780739173293114
16,11,False,0.0,1,0.8184652924537659,0.2525581121444702,0.574152946472168,0.04800528287887573
16,12,False,0.0,1,0.8165628910064697,0.25413864850997925,0.5746762752532959,0.047697898000478745
16,13,False,0.0,1,0.8150099515914917,0.25537076592445374,0.5757687091827393,0.04790257662534714
16,14,False,0.0,1,0.8137924671173096,0.25602519512176514,0.575650691986084,0.04739958420395851
16,15,False,0.0,1,0.8129585385322571,0.25674912333488464,0.5763068199157715,0.04717779532074928
16,16,False,0.0,1,0.8118354082107544,0.2577536404132843,0.5768169164657593,0.04743155837059021
16,17,False,0.0,1,0.8100048899650574,0.2591933012008667,0.5771408081054688,0.047443684190511703
16,18,False,0.0,1,0.8088569045066833,0.2600517272949219,0.575944185256958,0.04720383137464523
16,19,False,0.0,1,0.8082093596458435,0.2606951892375946,0.575250506401062,0.04731460288167
16,20,False,0.0,1,0.8076001405715942,0.2613156735897064,0.5752094984054565,0.04751389101147652
16,21,False,0.0,1,0.8074259161949158,0.2611396908760071,0.5745531320571899,0.04687361419200897
16,22,False,0.0,1,0.8070746064186096,0.261623740196228,0.5729608535766602,0.046024467796087265
16,23,False,0.0,1,0.8069448471069336,0.26190486550331116,0.5719369649887085,0.04574088007211685
16,24,False,0.0,1,0.8072735071182251,0.2618511915206909,0.5724592208862305,0.045583534985780716
16,25,False,0.0,1,0.8065100908279419,0.2622479498386383,0.5720024704933167,0.045241449028253555
16,26,False,0.0,1,0.8063221573829651,0.2625664174556732,0.5721150636672974,0.04429904744029045
16,27,False,0.0,1,0.806972861289978,0.26233524084091187,0.5714280605316162,0.04303226247429848
16,28,False,0.0,1,0.807222306728363,0.2621420919895172,0.570343017578125,0.04204998537898064
16,29,False,0.0,1,0.8070511817932129,0.2625668942928314,0.5679397583007812,0.041497983038425446
16,30,False,0.0,1,0.8061580657958984,0.2633870542049408,0.566948413848877,0.04150714725255966
16,31,False,0.0,1,0.8050881624221802,0.2645419239997864,0.5652400255203247,0.0413324236869812
16,32,False,0.0,1,0.8043888211250305,0.265374094247818,0.5633348226547241,0.04160774126648903
16,33,False,0.0,1,0.8038923740386963,0.266526460647583,0.5619823932647705,0.04183955863118172
16,34,False,0.0,1,0.8035857677459717,0.2674850523471832,0.5603910088539124,0.042436935007572174
16,35,False,0.0,1,0.8030444979667664,0.26795879006385803,0.5582214593887329,0.04331696406006813
16,36,False,0.0,1,0.8020824193954468,0.2692732512950897,0.5561504364013672,0.044676512479782104
16,37,False,0.0,1,0.8012911677360535,0.2701793313026428,0.5534248352050781,0.04566729813814163
16,38,False,0.0,1,0.8016774654388428,0.26991742849349976,0.5526943206787109,0.04667873680591583
16,39,False,0.0,1,0.8016306161880493,0.26984530687332153,0.5516390800476074,0.047370877116918564
16,40,False,0.0,1,0.8017251491546631,0.27034661173820496,0.5498753786087036,0.04756414145231247
16,41,False,0.0,1,0.8014001846313477,0.271131306886673,0.5459063649177551,0.047881655395030975
16,42,False,0.0,1,0.8012606501579285,0.27132683992385864,0.5399243831634521,0.047683995217084885
16,43,False,0.0,1,0.8013745546340942,0.270597904920578,0.5353015661239624,0.04776523634791374
16,44,False,0.0,1,0.8012296557426453,0.26943501830101013,0.5309088230133057,0.047462739050388336
16,45,False,0.0,1,0.8016036152839661,0.2688031792640686,0.527005672454834,0.04772216081619263
16,46,False,0.0,1,0.8022931814193726,0.26882100105285645,0.5243235230445862,0.04786582291126251
16,47,False,0.0,1,0.803184986114502,0.26751577854156494,0.5177121162414551,0.048584096133708954
16,48,False,0.0,1,0.8042958378791809,0.2657369375228882,0.5139448642730713,0.04918919503688812
16,49,False,0.0,1,0.8037641644477844,0.265182763338089,0.510408878326416,0.050302889198064804
16,50,False,0.0,1,0.8037945032119751,0.2646175026893616,0.5072372555732727,0.050831615924835205
16,51,False,0.0,1,0.8043670654296875,0.26412755250930786,0.5047582387924194,0.05181760713458061
16,52,False,0.0,1,0.8052978515625,0.26360082626342773,0.5037786960601807,0.052310872822999954
16,53,False,0.0,1,0.8052564263343811,0.26309072971343994,0.5023816227912903,0.05369693785905838
16,54,False,0.0,1,0.8058872818946838,0.26236021518707275,0.5023872256278992,0.05450069159269333
16,55,False,0.0,1,0.8066344261169434,0.261875182390213,0.5039066076278687,0.05486717447638512
16,56,False,0.0,1,0.8087139129638672,0.26058119535446167,0.5042968988418579,0.054728832095861435
16,57,False,0.0,1,0.8091362714767456,0.2595764994621277,0.5058814287185669,0.0555591806769371
16,58,False,0.0,1,0.8094431161880493,0.2591027021408081,0.507036566734314,0.05637016519904137
16,59,False,0.0,1,0.8103424310684204,0.258499413728714,0.5096237659454346,0.05595891922712326
16,60,False,0.0,1,0.811322808265686,0.2576974034309387,0.5127174258232117,0.054476652294397354
16,61,False,0.0,1,0.812138557434082,0.2573215663433075,0.5112895965576172,0.05354458838701248
16,62,False,0.0,1,0.8124840259552002,0.25726085901260376,0.5116345882415771,0.052809447050094604
16,63,False,0.0,1,0.8130900263786316,0.25744661688804626,0.51268470287323,0.052459120750427246
16,64,False,0.0,1,0.8136955499649048,0.2573221027851105,0.5147418975830078,0.05108482390642166
16,65,False,0.0,1,0.8141260147094727,0.2572363018989563,0.5155928730964661,0.05080384761095047
16,66,False,0.0,1,0.8136820197105408,0.25736215710639954,0.5158021450042725,0.04982077702879906
16,67,False,0.0,1,0.8131598830223083,0.25784680247306824,0.5179985761642456,0.04947870969772339
16,68,False,0.0,1,0.8130975961685181,0.25787872076034546,0.5183342695236206,0.04840872064232826
16,69,False,0.0,1,0.8124023675918579,0.2586601674556732,0.5193033218383789,0.04651474580168724
16,70,False,0.0,1,0.811673641204834,0.25968897342681885,0.5196330547332764,0.04507707059383392
16,71,False,0.0,1,0.8110325932502747,0.2605801522731781,0.5169821381568909,0.04502721130847931
16,72,False,0.0,1,0.8103052973747253,0.26100805401802063,0.5169593095779419,0.04457884281873703
16,73,False,0.0,1,0.809734582901001,0.2610842287540436,0.5168378353118896,0.044999148696660995
16,74,False,0.0,1,0.8085200786590576,0.261364221572876,0.515507161617279,0.04428286850452423
16,75,False,0.0,1,0.8073694705963135,0.2619355618953705,0.5138368606567383,0.044921550899744034
16,76,False,0.0,1,0.8055158853530884,0.2631414532661438,0.5145449638366699,0.044767096638679504
16,77,False,0.0,1,0.8038353323936462,0.26482582092285156,0.5157732963562012,0.045083727687597275
16,78,False,0.0,1,0.8025412559509277,0.2657192349433899,0.51595139503479,0.04435012489557266
16,79,False,0.0,1,0.8012770414352417,0.2664582431316376,0.5169882774353027,0.04451436921954155
16,80,False,0.0,1,0.8001900315284729,0.26725974678993225,0.5171374082565308,0.044309359043836594
16,81,False,0.0,1,0.7991050481796265,0.2681606113910675,0.5177483558654785,0.04326080530881882
16,82,False,0.0,1,0.7976866960525513,0.2693708539009094,0.5173678398132324,0.04328615590929985
16,83,False,0.0,1,0.7961753606796265,0.2701795697212219,0.5182627439498901,0.04186297580599785
16,84,False,0.0,1,0.7958081960678101,0.2701941430568695,0.5190156102180481,0.04134749621152878
16,85,False,0.0,1,0.7958241701126099,0.2708107531070709,0.5195468664169312,0.04096459224820137
16,86,False,0.0,1,0.7955746054649353,0.27048149704933167,0.5201640725135803,0.0406157523393631
16,87,False,0.0,1,0.7956502437591553,0.2704320549964905,0.5223024487495422,0.04061539098620415
16,88,False,0.0,1,0.7962964177131653,0.270089328289032,0.5263444185256958,0.04028648883104324
16,89,False,0.0,1,0.7970982789993286,0.2698950469493866,0.5282692909240723,0.040593747049570084
16,90,False,0.0,1,0.7984994649887085,0.2698213756084442,0.5321238040924072,0.04072636365890503
16,91,False,0.0,1,0.7991321086883545,0.2695234715938568,0.5362042188644409,0.041106216609478
16,92,False,0.0,1,0.801421046257019,0.2679669260978699,0.5377159118652344,0.04123677313327789
16,93,False,0.0,1,0.8029990196228027,0.26655739545822144,0.541938304901123,0.04156305268406868
16,94,False,0.0,1,0.8038737773895264,0.2659231722354889,0.5423412322998047,0.04124710336327553
16,95,False,0.0,1,0.8042030930519104,0.2653751075267792,0.5425768494606018,0.041119981557130814
16,96,False,0.0,1,0.8048279285430908,0.2651742100715637,0.5433534383773804,0.04094744101166725
16,97,False,0.0,1,0.8047261834144592,0.2646994888782501,0.5419192314147949,0.04030323773622513
16,98,False,0.0,1,0.805127739906311,0.26442810893058777,0.5430238246917725,0.040235474705696106
16,99,False,0.0,1,0.8049861192703247,0.26421862840652466,0.5446475744247437,0.040647681802511215
16,100,False,0.0,1,0.8052130341529846,0.26435038447380066,0.5463391542434692,0.041093699634075165
16,101,False,0.0,1,0.8053807616233826,0.26415690779685974,0.5481229424476624,0.04170171916484833
16,102,False,0.0,1,0.8057137727737427,0.2637304663658142,0.5516580939292908,0.04283417388796806
16,103,False,0.0,1,0.8059733510017395,0.2632676064968109,0.555708110332489,0.044646333903074265
16,104,False,0.0,1,0.8062801361083984,0.2625238299369812,0.5602233409881592,0.04710187390446663
16,105,False,0.0,1,0.8067924976348877,0.26187652349472046,0.5621603727340698,0.047663044184446335
16,106,False,0.0,1,0.8066626191139221,0.26140326261520386,0.5634915232658386,0.047962043434381485
16,107,False,0.0,1,0.8064141273498535,0.2609023451805115,0.5652731657028198,0.048458829522132874
16,108,False,0.0,1,0.8063744902610779,0.2607082724571228,0.5659886598587036,0.048451583832502365
17,0,False,0.0,0,0.706963062286377,0.1719140112400055,0.5389747619628906,0.041791804134845734
17,1,False,0.0,1,0.8207430839538574,0.24670177698135376,0.5616257190704346,0.048394691199064255
17,2,False,0.0,1,0.8209435343742371,0.2464745193719864,0.561457633972168,0.04882483184337616
17,3,False,0.0,1,0.8210513591766357,0.24642646312713623,0.5612779855728149,0.048947595059871674
17,4,False,0.0,1,0.822623610496521,0.24593450129032135,0.5613210201263428,0.049687545746564865
17,5,False,0.0,1,0.8230485916137695,0.24645520746707916,0.5614786148071289,0.050286710262298584
17,6,False,0.0,1,0.823731541633606,0.24623645842075348,0.5605151653289795,0.05087357759475708
17,7,False,0.0,1,0.8243262767791748,0.24668899178504944,0.5587769746780396,0.05213317647576332
17,8,False,0.0,1,0.8248591423034668,0.24689388275146484,0.5568187236785889,0.05404841899871826
17,9,False,0.0,1,0.8256001472473145,0.24669425189495087,0.5558649897575378,0.05505628138780594
17,10,False,0.0,1,0.8254764080047607,0.24665240943431854,0.556303858757019,0.05580250918865204
17,11,False,0.0,1,0.8251115083694458,0.24720022082328796,0.5557786822319031,0.056369420140981674
17,12,False,0.0,1,0.8255518674850464,0.24733063578605652,0.5550189018249512,0.056558139622211456
17,13,False,0.0,1,0.8254146575927734,0.24699442088603973,0.5544877052307129,0.05670417100191116
17,14,False,0.0,1,0.8253408074378967,0.24705760180950165,0.5532570481300354,0.05701008811593056
17,15,False,0.0,1,0.8258481025695801,0.24677035212516785,0.5519441366195679,0.05697710067033768
17,16,False,0.0,1,0.8259243965148926,0.2468046247959137,0.5514878034591675,0.05695969983935356
17,17,False,0.0,1,0.8263475298881531,0.2467588484287262,0.549788236618042,0.056798215955495834
17,18,False,0.0,1,0.8267457485198975,0.24604682624340057,0.548473596572876,0.05667226389050484
17,19,False,0.0,1,0.8272711634635925,0.24559542536735535,0.5473500490188599,0.056093499064445496
17,20,False,0.0,1,0.8267892599105835,0.24508975446224213,0.5466098785400391,0.056253720074892044
17,21,False,0.0,1,0.8270928859710693,0.24496302008628845,0.5451120138168335,0.055941127240657806
17,22,False,0.0,1,0.8272720575332642,0.24490979313850403,0.5452086925506592,0.05578218773007393
17,23,False,0.0,1,0.8269816637039185,0.2452547252178192,0.5460795164108276,0.05583677813410759
17,24,False,0.0,1,0.8263761401176453,0.24573025107383728,0.5466797947883606,0.05596339330077171
17,25,False,0.0,1,0.8257566094398499,0.24631978571414948,0.5486204624176025,0.05567895993590355
17,26,False,0.0,1,0.8257426023483276,0.24706408381462097,0.5509533286094666,0.05573701858520508
17,27,False,0.0,1,0.8243037462234497,0.24814288318157196,0.5535033345222473,0.05561788007616997
17,28,False,0.0,1,0.8230857849121094,0.24888505041599274,0.5546575784683228,0.05538084730505943
17,29,False,0.0,1,0.822256863117218,0.24936847388744354,0.5567155480384827,0.055294524878263474
17,30,False,0.0,1,0.8211632370948792,0.25015825033187866,0.5607525110244751,0.05548617243766785
17,31,False,0.0,1,0.8193992972373962,0.2515341341495514,0.5645946860313416,0.055954232811927795
17,32,False,0.0,1,0.8172245025634766,0.25250786542892456,0.5683925747871399,0.056425631046295166
17,33,False,0.0,1,0.8157016634941101,0.2530616819858551,0.5724780559539795,0.05725609511137009
17,34,False,0.0,1,0.8130024075508118,0.25425946712493896,0.575302004814148,0.057432401925325394
17,35,False,0.0,1,0.8117744326591492,0.2555987536907196,0.5754852890968323,0.056895483285188675
17,36,False,0.0,1,0.8098467588424683,0.2573157548904419,0.5767115354537964,0.05750652402639389
17,37,False,0.0,1,0.8085204362869263,0.25934168696403503,0.5760964155197144,0.05715542659163475
17,38,False,0.0,1,0.8061907291412354,0.2623598575592041,0.5740638971328735,0.056982532143592834
17,39,False,0.0,1,0.8054070472717285,0.2644445598125458,0.5723872184753418,0.05749119818210602
17,40,False,0.0,1,0.8042754530906677,0.2658042013645172,0.5688633918762207,0.0567154586315155
17,41,False,0.0,1,0.8031681180000305,0.26718470454216003,0.5659545660018921,0.05660437420010567
17,42,False,0.0,1,0.8007280826568604,0.2686457335948944,0.5619230270385742,0.05511006340384483
17,43,False,0.0,1,0.7993909120559692,0.2698323726654053,0.5580480098724365,0.053322382271289825
17,44,False,0.0,1,0.7989230751991272,0.2689940631389618,0.5539461374282837,0.05252671241760254
17,45,False,0.0,1,0.7983054518699646,0.2691843509674072,0.55060213804245,0.05094880983233452
17,46,False,0.0,1,0.7971218824386597,0.269886314868927,0.5480310320854187,0.04996352270245552
17,47,False,0.0,1,0.7972326278686523,0.2699497938156128,0.545169472694397,0.04874419793486595
17,48,False,0.0,1,0.7975957989692688,0.2696515917778015,0.5426284074783325,0.04783342778682709
17,49,False,0.0,1,0.798589289188385,0.26848745346069336,0.5397813320159912,0.0465799942612648
17,50,False,0.0,1,0.7996562719345093,0.2674121856689453,0.5384501218795776,0.04661175608634949
17,51,False,0.0,1,0.8004446029663086,0.2663678526878357,0.5365979671478271,0.04642994701862335
17,52,False,0.0,1,0.80121910572052,0.26554203033447266,0.5336164236068726,0.04615693911910057
17,53,False,0.0,1,0.8023611903190613,0.26427048444747925,0.5309795141220093,0.045426394790410995
17,54,False,0.0,1,0.8033696413040161,0.26369860768318176,0.5286935567855835,0.045977991074323654
17,55,False,0.0,1,0.804397702217102,0.26352792978286743,0.523638129234314,0.04668198153376579
17,56,False,0.0,1,0.8050965070724487,0.26364800333976746,0.5196971893310547,0.047528792172670364
17,57,False,0.0,1,0.8062540888786316,0.26400312781333923,0.5138313174247742,0.049210984259843826
17,58,False,0.0,1,0.8054887056350708,0.2654242515563965,0.507876992225647,0.050478238612413406
17,59,False,0.0,1,0.8047705292701721,0.26576319336891174,0.5062251091003418,0.05048559233546257
17,60,False,0.0,1,0.804263710975647,0.26561737060546875,0.5044926404953003,0.05053894594311714
17,61,False,0.0,1,0.8044832944869995,0.26500871777534485,0.5020603537559509,0.05041738599538803
17,62,False,0.0,1,0.8045589923858643,0.2646312713623047,0.49893778562545776,0.0512915775179863
17,63,False,0.0,1,0.804541826248169,0.2644466161727905,0.4984540343284607,0.052386023104190826
17,64,False,0.0,1,0.805277943611145,0.2646522521972656,0.4972098767757416,0.054266322404146194
17,65,False,0.0,1,0.8053476810455322,0.26507627964019775,0.4977681636810303,0.05467916652560234
17,66,False,0.0,1,0.8051743507385254,0.26536163687705994,0.49788418412208557,0.05558450520038605
17,67,False,0.0,1,0.8053708076477051,0.26512882113456726,0.49937570095062256,0.05603218451142311
17,68,False,0.0,1,0.8052677512168884,0.26464614272117615,0.5000196695327759,0.05717139318585396
17,69,False,0.0,1,0.8050718307495117,0.26520252227783203,0.5013052225112915,0.05822750926017761
17,70,False,0.0,1,0.8056434988975525,0.26529043912887573,0.5032610893249512,0.05839553847908974
17,71,False,0.0,1,0.8062573671340942,0.26500457525253296,0.502449631690979,0.05887910723686218
17,72,False,0.0,1,0.8064519166946411,0.264628529548645,0.5033961534500122,0.05819490924477577
17,73,False,0.0,1,0.8063951730728149,0.26472532749176025,0.5051697492599487,0.05754661560058594
17,74,False,0.0,1,0.8071804642677307,0.2639567255973816,0.5050033330917358,0.056947752833366394
17,75,False,0.0,1,0.8071868419647217,0.2638493776321411,0.5056941509246826,0.056800127029418945
17,76,False,0.0,1,0.8072576522827148,0.2643260061740875,0.508407711982727,0.05612824484705925
17,77,False,0.0,1,0.8079276084899902,0.2638911008834839,0.5086454153060913,0.05583951249718666
17,78,False,0.0,1,0.8092337250709534,0.26330500841140747,0.509374737739563,0.05697644129395485
17,79,False,0.0,1,0.8097919225692749,0.2632126212120056,0.5091981291770935,0.056591350585222244
17,80,False,0.0,1,0.8089168071746826,0.26335278153419495,0.5123662948608398,0.05617118254303932
17,81,False,0.0,1,0.8091635704040527,0.26313337683677673,0.5129571557044983,0.056567683815956116
17,82,False,0.0,1,0.8095153570175171,0.2627972364425659,0.5142191648483276,0.05596262961626053
17,83,False,0.0,1,0.8097009062767029,0.26236411929130554,0.5159732103347778,0.05558447912335396
17,84,False,0.0,1,0.8092512488365173,0.2620317041873932,0.5167921781539917,0.05524902790784836
17,85,False,0.0,1,0.8095484972000122,0.2619796395301819,0.5155947804450989,0.05635916069149971
17,86,False,0.0,1,0.8098210096359253,0.2614116668701172,0.5165712833404541,0.056787725538015366
17,87,False,0.0,1,0.8100014925003052,0.2607790231704712,0.5170195698738098,0.05714856833219528
17,88,False,0.0,1,0.8104174137115479,0.2601069509983063,0.5163200497627258,0.05776885524392128
17,89,False,0.0,1,0.8105961084365845,0.2597411572933197,0.5180343389511108,0.05889876186847687
17,90,False,0.0,1,0.8106715679168701,0.25975972414016724,0.519109308719635,0.05989227816462517
17,91,False,0.0,1,0.8109222650527954,0.2595144510269165,0.5209270715713501,0.059955962002277374
17,92,False,0.0,1,0.811264157295227,0.2593357264995575,0.5227733850479126,0.06125656142830849
17,93,False,0.0,1,0.8118726015090942,0.2591654360294342,0.5249761343002319,0.06120583787560463
17,94,False,0.0,1,0.8118810653686523,0.25958192348480225,0.5275195240974426,0.06128128990530968
17,95,False,0.0,1,0.8122577667236328,0.25957047939300537,0.5293917655944824,0.06117771938443184
17,96,False,0.0,1,0.8126069903373718,0.2599937915802002,0.5323272943496704,0.061344388872385025
17,97,False,0.0,1,0.8128843307495117,0.2599289119243622,0.5339503288269043,0.062174297869205475
17,98,False,0.0,1,0.8130550384521484,0.2599532902240753,0.5351383686065674,0.06145007163286209
17,99,False,0.0,1,0.8132714033126831,0.25994816422462463,0.5365011692047119,0.061562128365039825
17,100,False,0.0,1,0.8127069473266602,0.259762167930603,0.5381494760513306,0.06156947836279869
17,101,False,0.0,1,0.8130606412887573,0.2594400942325592,0.5397487878799438,0.06081652641296387
17,102,False,0.0,1,0.8128576278686523,0.2596067190170288,0.5403879880905151,0.06097346544265747
17,103,False,0.0,1,0.8117178678512573,0.2590404748916626,0.5407073497772217,0.06052776798605919
17,104,False,0.0,1,0.8112825155258179,0.2589317560195923,0.5436743497848511,0.06101185828447342
17,105,False,0.0,1,0.810889720916748,0.2593301832675934,0.542838990688324,0.06144838407635689
17,106,False,0.0,1,0.8101857304573059,0.2595326006412506,0.5446286201477051,0.061303261667490005
17,107,False,0.0,1,0.8092672228813171,0.2616117298603058,0.543301522731781,0.06101420894265175
17,108,False,0.0,1,0.8088361024856567,0.2620932459831238,0.5442503690719604,0.05994042009115219
17,109,False,0.0,1,0.8085413575172424,0.26227572560310364,0.5435392260551453,0.059144411236047745
17,110,False,0.0,1,0.8067688941955566,0.2656269073486328,0.5427739024162292,0.0579083114862442
17,111,False,0.0,1,0.8058154582977295,0.2663041055202484,0.5444765090942383,0.057339828461408615
17,112,False,0.0,1,0.8051774501800537,0.26620736718177795,0.5448340177536011,0.057326678186655045
17,113,False,0.0,1,0.8049840927124023,0.2669146656990051,0.5437507033348083,0.05701267719268799
17,114,False,0.0,1,0.8045551776885986,0.2670270800590515,0.5412116646766663,0.05512816831469536
17,115,False,0.0,1,0.8040255308151245,0.2670724391937256,0.5405625700950623,0.053486716002225876
17,116,False,0.0,1,0.80350661277771,0.26748520135879517,0.5396836996078491,0.05222950503230095
17,117,False,0.0,1,0.8026493787765503,0.2681988775730133,0.5368192195892334,0.05021585524082184
17,118,False,0.0,1,0.8018381595611572,0.2691658139228821,0.534773588180542,0.04915351793169975
17,119,False,0.0,1,0.8006737232208252,0.2695586085319519,0.5360791683197021,0.04750467464327812
17,120,False,0.0,1,0.8001582622528076,0.2697412073612213,0.5347553491592407,0.04555319622159004
17,121,False,0.0,1,0.8000584840774536,0.2697604298591614,0.5333315134048462,0.044044043868780136
17,122,False,0.0,1,0.798747181892395,0.2706170678138733,0.5335074067115784,0.0425790399312973
17,123,False,0.0,1,0.798525333404541,0.27127140760421753,0.5334241390228271,0.0412258543074131
17,124,False,0.0,1,0.7977662086486816,0.2718566060066223,0.533478856086731,0.04003997519612312
17,125,False,0.0,1,0.7983496189117432,0.27191290259361267,0.5346314311027527,0.03918106481432915
17,126,False,0.0,1,0.7978572249412537,0.27210476994514465,0.5336885452270508,0.03878498449921608
17,127,False,0.0,1,0.7966376543045044,0.2721669375896454,0.5341724157333374,0.038645338267087936
17,128,False,0.0,1,0.7952955365180969,0.2731979787349701,0.5350548028945923,0.03889184445142746
17,129,False,0.0,1,0.793861985206604,0.2729891836643219,0.5369104146957397,0.03875360265374184
17,130,False,0.0,1,0.7926902770996094,0.2716231644153595,0.5384862422943115,0.03834247961640358
17,131,False,0.0,1,0.7932742238044739,0.2702741026878357,0.5396015644073486,0.03811170160770416
17,132,False,0.0,1,0.7946771383285522,0.2693833112716675,0.5401678085327148,0.03797885775566101
17,133,False,0.0,1,0.795933723449707,0.268341600894928,0.542008638381958,0.03877118602395058
17,134,False,0.0,1,0.7963845133781433,0.26734569668769836,0.5440388917922974,0.03929811716079712
17,135,False,0.0,1,0.7977169752120972,0.2668980658054352,0.5467193126678467,0.03958164155483246
17,136,False,0.0,1,0.7994809150695801,0.2657656669616699,0.5511713027954102,0.04029713571071625
17,137,False,0.0,1,0.8016200065612793,0.2644321918487549,0.5540503859519958,0.04173874855041504
17,138,False,0.0,1,0.8029576539993286,0.26362302899360657,0.555889368057251,0.042708300054073334
17,139,False,0.0,1,0.8036198019981384,0.2638518810272217,0.5579651594161987,0.04369328171014786
17,140,False,0.0,1,0.8036596775054932,0.2639044523239136,0.559095025062561,0.044197797775268555
17,141,False,0.0,1,0.8042458295822144,0.26411277055740356,0.5616496801376343,0.04506297409534454
17,142,False,0.0,1,0.8046681880950928,0.2622958719730377,0.5653101205825806,0.04623403027653694
17,143,False,0.0,1,0.804999589920044,0.2612922191619873,0.5658448934555054,0.04624175652861595
18,0,False,0.0,0,0.7201712131500244,0.17533008754253387,0.5410405397415161,0.03813726827502251
18,1,False,0.0,1,0.8224290609359741,0.2503015100955963,0.5675179958343506,0.046043772250413895
18,2,False,0.0,1,0.8235235214233398,0.25002628564834595,0.566460371017456,0.04631679505109787
18,3,False,0.0,1,0.8261868953704834,0.2490989714860916,0.5660581588745117,0.04728720709681511
18,4,False,0.0,1,0.8271795511245728,0.24865087866783142,0.5645164251327515,0.04806818068027496
18,5,False,0.0,1,0.8279603719711304,0.24832110106945038,0.562187671661377,0.04883897677063942
18,6,False,0.0,1,0.8286253213882446,0.24830806255340576,0.5601813197135925,0.05025579035282135
18,7,False,0.0,1,0.8285230398178101,0.24851326644420624,0.5599541664123535,0.05085652694106102
18,8,False,0.0,1,0.8281360864639282,0.24841555953025818,0.5600908994674683,0.051357075572013855
18,9,False,0.0,1,0.8280456066131592,0.24822501838207245,0.5585609674453735,0.05206315964460373
18,10,False,0.0,1,0.8283249139785767,0.248000368475914,0.5575879216194153,0.05276981368660927
18,11,False,0.0,1,0.8289186954498291,0.2477162629365921,0.5568174123764038,0.053263675421476364
18,12,False,0.0,1,0.8295276165008545,0.2470661699771881,0.5570378303527832,0.0533551424741745
18,13,False,0.0,1,0.8292863368988037,0.24661321938037872,0.5569863319396973,0.0540928952395916
18,14,False,0.0,1,0.8299084901809692,0.2463337481021881,0.5552791357040405,0.05375109985470772
18,15,False,0.0,1,0.8298478126525879,0.24658538401126862,0.5552562475204468,0.05346478521823883
18,16,False,0.0,1,0.8291957378387451,0.24666564166545868,0.554963231086731,0.053494155406951904
18,17,False,0.0,1,0.828547477722168,0.24670669436454773,0.554587721824646,0.05364502966403961
18,18,False,0.0,1,0.828736424446106,0.24702772498130798,0.5551397800445557,0.053424011915922165
18,19,False,0.0,1,0.8279191255569458,0.24765050411224365,0.5570496320724487,0.05317801982164383
18,20,False,0.0,1,0.8262577056884766,0.24882753193378448,0.559829831123352,0.053174011409282684
18,21,False,0.0,1,0.8248631954193115,0.24929913878440857,0.5644352436065674,0.05321803689002991
18,22,False,0.0,1,0.8235461711883545,0.250421404838562,0.5667393207550049,0.053100619465112686
18,23,False,0.0,1,0.8224116563796997,0.25131189823150635,0.5686956644058228,0.05280684679746628
18,24,False,0.0,1,0.8204375505447388,0.2527026832103729,0.5706458687782288,0.05281807854771614
18,25,False,0.0,1,0.818440318107605,0.25468772649765015,0.572189211845398,0.05241886526346207
18,26,False,0.0,1,0.8166157007217407,0.25655654072761536,0.5727244019508362,0.051732879132032394
18,27,False,0.0,1,0.8154098987579346,0.25800201296806335,0.5734066367149353,0.052284304052591324
18,28,False,0.0,1,0.8138660192489624,0.25936999917030334,0.5722408294677734,0.05190211907029152
18,29,False,0.0,1,0.8118671774864197,0.26116442680358887,0.5705297589302063,0.05162413790822029
18,30,False,0.0,1,0.8103412389755249,0.26254767179489136,0.5682463645935059,0.05176980793476105
18,31,False,0.0,1,0.8082142472267151,0.2641737759113312,0.5661097764968872,0.051760103553533554
18,32,False,0.0,1,0.8067148327827454,0.26567330956459045,0.5632907152175903,0.05160228908061981
18,33,False,0.0,1,0.8052612543106079,0.2671143114566803,0.5583925843238831,0.05073283240199089
18,34,False,0.0,1,0.803499698638916,0.26873132586479187,0.5561362504959106,0.05065961554646492
18,35,False,0.0,1,0.8022545576095581,0.26916036009788513,0.5524337291717529,0.04946809634566307
18,36,False,0.0,1,0.8024725914001465,0.26870962977409363,0.5486035346984863,0.048654165118932724
18,37,False,0.0,1,0.8024646639823914,0.2687576711177826,0.5423812866210938,0.04628323018550873
18,38,False,0.0,1,0.8011300563812256,0.269650399684906,0.541748046875,0.046267662197351456
18,39,False,0.0,1,0.8004098534584045,0.26982223987579346,0.5364894866943359,0.044451553374528885
18,40,False,0.0,1,0.8005561828613281,0.26893240213394165,0.5347259640693665,0.04424556344747543
18,41,False,0.0,1,0.800678014755249,0.26787513494491577,0.5336755514144897,0.04345104470849037
18,42,False,0.0,1,0.8017340898513794,0.2669221758842468,0.5318838953971863,0.04279456287622452
18,43,False,0.0,1,0.8029940724372864,0.2655090093612671,0.5324975252151489,0.043336570262908936
18,44,False,0.0,1,0.8029866814613342,0.26604652404785156,0.5301780104637146,0.04300791770219803
18,45,False,0.0,1,0.8032174110412598,0.26657846570014954,0.5285433530807495,0.04236847162246704
18,46,False,0.0,1,0.8032122850418091,0.26706406474113464,0.5275866389274597,0.04282796010375023
18,47,False,0.0,1,0.803434431552887,0.26736941933631897,0.524706244468689,0.04295269027352333
18,48,False,0.0,1,0.8034644722938538,0.2679506242275238,0.5217610001564026,0.043604180216789246
18,49,False,0.0,1,0.8026984930038452,0.2692039906978607,0.518296480178833,0.04439033195376396
18,50,False,0.0,1,0.8030697107315063,0.2693782448768616,0.5137529969215393,0.045744169503450394
18,51,False,0.0,1,0.8041530847549438,0.2686469852924347,0.510403573513031,0.04677785933017731
18,52,False,0.0,1,0.8045870065689087,0.2685143053531647,0.5078471899032593,0.04734721779823303
18,53,False,0.0,1,0.80608069896698,0.2671531140804291,0.5054276585578918,0.04757591709494591
18,54,False,0.0,1,0.8067778944969177,0.2663276493549347,0.5036117434501648,0.04917500913143158
18,55,False,0.0,1,0.8078132271766663,0.2656990587711334,0.5018836259841919,0.0519096702337265
18,56,False,0.0,1,0.8087952733039856,0.26472553610801697,0.5013589859008789,0.05295269563794136
18,57,False,0.0,1,0.8081923723220825,0.26528188586235046,0.501444935798645,0.05321109667420387
18,58,False,0.0,1,0.8088477849960327,0.2646990120410919,0.5027673840522766,0.05520448461174965
18,59,False,0.0,1,0.8086105585098267,0.26470690965652466,0.5039134621620178,0.055834297090768814
18,60,False,0.0,1,0.8080167770385742,0.26475539803504944,0.5046533346176147,0.05647161230444908
18,61,False,0.0,1,0.807884693145752,0.2652057409286499,0.5045557618141174,0.05639218911528587
18,62,False,0.0,1,0.807435154914856,0.26565608382225037,0.5053272247314453,0.056803349405527115
18,63,False,0.0,1,0.8076568841934204,0.26575803756713867,0.5051655769348145,0.05689174309372902
18,64,False,0.0,1,0.8074321746826172,0.26582279801368713,0.5051265954971313,0.056958094239234924
18,65,False,0.0,1,0.8078798651695251,0.2659282684326172,0.5060408115386963,0.05672336369752884
18,66,False,0.0,1,0.8080897927284241,0.26595738530158997,0.5056653022766113,0.056369803845882416
18,67,False,0.0,1,0.8086696863174438,0.26578906178474426,0.5052351951599121,0.05681672319769859
18,68,False,0.0,1,0.8089988827705383,0.265453577041626,0.5059170722961426,0.05714495852589607
18,69,False,0.0,1,0.8092195391654968,0.26490792632102966,0.5069901943206787,0.05681020766496658
18,70,False,0.0,1,0.809978187084198,0.26422980427742004,0.5083698034286499,0.0563543438911438
18,71,False,0.0,1,0.8106698393821716,0.2636454999446869,0.5100206136703491,0.05629442632198334
18,72,False,0.0,1,0.811060905456543,0.2632421851158142,0.5093674659729004,0.056331124156713486
18,73,False,0.0,1,0.8112159967422485,0.26308128237724304,0.5103226900100708,0.056570280343294144
18,74,False,0.0,1,0.8115183115005493,0.2624795436859131,0.5107699036598206,0.05629090592265129
18,75,False,0.0,1,0.8115577697753906,0.26199305057525635,0.5137204527854919,0.05527443066239357
18,76,False,0.0,1,0.8116148710250854,0.26137638092041016,0.5130021572113037,0.05569862946867943
18,77,False,0.0,1,0.812264084815979,0.26125967502593994,0.5144729614257812,0.0550086535513401
18,78,False,0.0,1,0.8126211166381836,0.2610509991645813,0.5176820158958435,0.05497840419411659
18,79,False,0.0,1,0.813169002532959,0.26066720485687256,0.5192199349403381,0.05650682374835014
18,80,False,0.0,1,0.8135344982147217,0.2607775032520294,0.5198544263839722,0.056396324187517166
18,81,False,0.0,1,0.8139151334762573,0.2601553797721863,0.5219769477844238,0.05747121572494507
18,82,False,0.0,1,0.8146045207977295,0.25974929332733154,0.5227108001708984,0.05810685455799103
18,83,False,0.0,1,0.8150936365127563,0.25938981771469116,0.5243908762931824,0.05823449417948723
18,84,False,0.0,1,0.8150807619094849,0.2591973543167114,0.5280982255935669,0.05845976620912552
18,85,False,0.0,1,0.8152385354042053,0.259322851896286,0.5296947956085205,0.05959680676460266
18,86,False,0.0,1,0.8159999251365662,0.2586280107498169,0.5315301418304443,0.05929248034954071
18,87,False,0.0,1,0.8161065578460693,0.25891685485839844,0.532852292060852,0.06004291772842407
18,88,False,0.0,1,0.8159309029579163,0.2591228485107422,0.5339090824127197,0.05950552597641945
18,89,False,0.0,1,0.8154206871986389,0.25933682918548584,0.5353074073791504,0.05953795462846756
18,90,False,0.0,1,0.8145308494567871,0.2592322528362274,0.5384161472320557,0.059443093836307526
18,91,False,0.0,1,0.8147392272949219,0.2590174973011017,0.5396342277526855,0.058898214250802994
18,92,False,0.0,1,0.8141201734542847,0.25881651043891907,0.5392037630081177,0.05831087753176689
18,93,False,0.0,1,0.8139966726303101,0.2588733732700348,0.5394213199615479,0.05867280811071396
18,94,False,0.0,1,0.8138332366943359,0.2589954435825348,0.5399503707885742,0.05827329680323601
18,95,False,0.0,1,0.8136212229728699,0.2592793107032776,0.5380384922027588,0.057444024831056595
18,96,False,0.0,1,0.8139703273773193,0.2593563497066498,0.5376017093658447,0.05669907480478287
18,97,False,0.0,1,0.8134177327156067,0.2601269483566284,0.537387490272522,0.05578005686402321
18,98,False,0.0,1,0.8130437135696411,0.26008185744285583,0.5354158282279968,0.05446549132466316
18,99,False,0.0,1,0.8128865957260132,0.26063641905784607,0.5345446467399597,0.053870782256126404
18,100,False,0.0,1,0.8118183016777039,0.26124125719070435,0.5358784198760986,0.05271872878074646
18,101,False,0.0,1,0.8112736344337463,0.26184922456741333,0.5358704328536987,0.05125424265861511
18,102,False,0.0,1,0.8106459379196167,0.26303577423095703,0.5372109413146973,0.050564441829919815
18,103,False,0.0,1,0.8101116418838501,0.263618141412735,0.5366209745407104,0.04858970642089844
18,104,False,0.0,1,0.8088110089302063,0.26447346806526184,0.5355839133262634,0.04754132777452469
18,105,False,0.0,1,0.8077135682106018,0.2652681767940521,0.5334131717681885,0.04638758674263954
18,106,False,0.0,1,0.8068549633026123,0.2658435106277466,0.5324591994285583,0.045027174055576324
18,107,False,0.0,1,0.8047964572906494,0.26713165640830994,0.5304819345474243,0.043738141655921936
18,108,False,0.0,1,0.8032352924346924,0.26982375979423523,0.5287663340568542,0.042431335896253586
18,109,False,0.0,1,0.8025619983673096,0.27190637588500977,0.529405951499939,0.041482437402009964
18,110,False,0.0,1,0.801672101020813,0.27210843563079834,0.5285135507583618,0.040351539850234985
18,111,False,0.0,1,0.8009622097015381,0.27316105365753174,0.5273560881614685,0.03924674913287163
18,112,False,0.0,1,0.7999989986419678,0.2747049331665039,0.5269817113876343,0.03857368975877762
18,113,False,0.0,1,0.7993710041046143,0.27486711740493774,0.5254483222961426,0.03825714811682701
18,114,False,0.0,1,0.7990610599517822,0.274495393037796,0.5261902809143066,0.03783779218792915
18,115,False,0.0,1,0.8000422716140747,0.2743922472000122,0.5264545679092407,0.03769619017839432
18,116,False,0.0,1,0.8007639646530151,0.2744685411453247,0.5266126394271851,0.03722938150167465
18,117,False,0.0,1,0.8022443056106567,0.27317118644714355,0.5268852710723877,0.037315383553504944
18,118,False,0.0,1,0.8030487298965454,0.27112796902656555,0.5265380144119263,0.03776528686285019
18,119,False,0.0,1,0.8043956756591797,0.2696733772754669,0.5275062322616577,0.03789370134472847
18,120,False,0.0,1,0.8046965599060059,0.2682642936706543,0.5317966341972351,0.03887679800391197
18,121,False,0.0,1,0.8053817749023438,0.26762598752975464,0.5345836877822876,0.03968711569905281
18,122,False,0.0,1,0.804926335811615,0.26725339889526367,0.5381608009338379,0.040341075509786606
18,123,False,0.0,1,0.8037106990814209,0.26713207364082336,0.5422981381416321,0.041086576879024506
18,124,False,0.0,1,0.8035445213317871,0.2659844160079956,0.5454845428466797,0.041438598185777664
18,125,False,0.0,1,0.8032103776931763,0.2656804323196411,0.5450315475463867,0.04165404662489891
18,126,False,0.0,1,0.8028692007064819,0.2660136818885803,0.5443780422210693,0.041767336428165436
18,127,False,0.0,1,0.8035651445388794,0.2669585049152374,0.5441043972969055,0.042107824236154556
18,128,False,0.0,1,0.8049742579460144,0.26636338233947754,0.5419495701789856,0.04144321754574776
18,129,False,0.0,1,0.8061871528625488,0.26561984419822693,0.5417401790618896,0.041030656546354294
18,130,False,0.0,1,0.8072658181190491,0.2648347318172455,0.5421098470687866,0.04061594605445862
18,131,False,0.0,1,0.8068705201148987,0.2651250958442688,0.5409927368164062,0.04020911827683449
18,132,False,0.0,1,0.8066799640655518,0.2650908827781677,0.5405133366584778,0.03962325304746628
18,133,False,0.0,1,0.8065736293792725,0.2648264169692993,0.5401758551597595,0.039360128343105316
18,134,False,0.0,1,0.80828857421875,0.26366522908210754,0.5426959991455078,0.04138050973415375
18,135,False,0.0,1,0.8092026710510254,0.26222559809684753,0.5452539920806885,0.04204264655709267
18,136,False,0.0,1,0.8095218539237976,0.26222267746925354,0.5534199476242065,0.04420437663793564
18,137,False,0.0,1,0.8093006610870361,0.26241910457611084,0.5577508211135864,0.04579519107937813
18,138,False,0.0,1,0.80877685546875,0.26233962178230286,0.5597208738327026,0.04648556560277939
18,139,False,0.0,1,0.8085866570472717,0.2620406746864319,0.5606255531311035,0.046649374067783356
18,140,False,0.0,1,0.8082971572875977,0.2613978683948517,0.56281578540802,0.04734775796532631
18,141,False,0.0,1,0.8079402446746826,0.2607840597629547,0.5659617185592651,0.04853625223040581
18,142,False,0.0,1,0.8078584671020508,0.260516494512558,0.56635582447052,0.04864535108208656
18,143,False,0.0,1,0.8079450130462646,0.2601606249809265,0.5664891004562378,0.048414018005132675
18,144,False,0.0,1,0.8086008429527283,0.2599254846572876,0.5653747916221619,0.04818844795227051
19,0,False,0.0,0,0.7441556453704834,0.1801425665616989,0.5390039682388306,0.03755848854780197
19,1,False,0.0,1,0.8281869888305664,0.24999073147773743,0.5596916675567627,0.044487979263067245
19,2,False,0.0,1,0.8286503553390503,0.24952638149261475,0.5618890523910522,0.04512549564242363
19,3,False,0.0,1,0.8281859159469604,0.24915757775306702,0.5635591745376587,0.04525290057063103
19,4,False,0.0,1,0.8275992274284363,0.2494523674249649,0.5652053952217102,0.04461827874183655
19,5,False,0.0,1,0.8267673254013062,0.2503204643726349,0.5657687187194824,0.044413767755031586
19,6,False,0.0,1,0.8252761363983154,0.25159725546836853,0.5672125220298767,0.044289615005254745
19,7,False,0.0,1,0.824496865272522,0.2525468170642853,0.5692034959793091,0.04415467381477356
19,8,False,0.0,1,0.8233819007873535,0.25344493985176086,0.571051836013794,0.04441673308610916
19,9,False,0.0,1,0.8215451240539551,0.2549830377101898,0.5734671950340271,0.045215293765068054
19,10,False,0.0,1,0.8196884393692017,0.2562474310398102,0.5732608437538147,0.04609638825058937
19,11,False,0.0,1,0.8179696202278137,0.25751808285713196,0.5744257569313049,0.04688500240445137
19,12,False,0.0,1,0.8160884380340576,0.2587706446647644,0.5767835378646851,0.049111295491456985
19,13,False,0.0,1,0.8150113821029663,0.25997427105903625,0.5780845880508423,0.051204781979322433
19,14,False,0.0,1,0.8142029047012329,0.2613275647163391,0.5805213451385498,0.053632691502571106
19,15,False,0.0,1,0.8132723569869995,0.2627652585506439,0.5794838666915894,0.05501941591501236
19,16,False,0.0,1,0.8120216727256775,0.26445308327674866,0.5790786743164062,0.05646166577935219
19,17,False,0.0,1,0.810279369354248,0.2663728892803192,0.5792645215988159,0.05736663565039635
19,18,False,0.0,1,0.8083762526512146,0.26830238103866577,0.5778835415840149,0.057194340974092484
19,19,False,0.0,1,0.807009756565094,0.2694282531738281,0.5756831169128418,0.05658571049571037
19,20,False,0.0,1,0.8049017786979675,0.27140647172927856,0.5740110874176025,0.05622835457324982
19,21,False,0.0,1,0.8034112453460693,0.27267447113990784,0.5714179277420044,0.05511165410280228
19,22,False,0.0,1,0.8030271530151367,0.2729455530643463,0.5695789456367493,0.05433536693453789
19,23,False,0.0,1,0.8028388023376465,0.2733398675918579,0.5680012702941895,0.053857844322919846
19,24,False,0.0,1,0.8022887706756592,0.27389928698539734,0.5656253099441528,0.05220799148082733
19,25,False,0.0,1,0.8026973009109497,0.27315476536750793,0.5653215646743774,0.05132291093468666
19,26,False,0.0,1,0.8028393983840942,0.27358633279800415,0.5640823245048523,0.05076579004526138
19,27,False,0.0,1,0.8030109405517578,0.27311834692955017,0.562433123588562,0.049997683614492416
19,28,False,0.0,1,0.8041439652442932,0.27183452248573303,0.5602140426635742,0.04904031753540039
19,29,False,0.0,1,0.8053535223007202,0.2710808515548706,0.5570608377456665,0.04832496494054794
19,30,False,0.0,1,0.8057754039764404,0.27136772871017456,0.553092360496521,0.048032283782958984
19,31,False,0.0,1,0.8052497506141663,0.27140605449676514,0.550301194190979,0.047400183975696564
19,32,False,0.0,1,0.805016815662384,0.27116307616233826,0.5486634969711304,0.04730099067091942
19,33,False,0.0,1,0.8047431707382202,0.2710193395614624,0.5452401638031006,0.04749332740902901
19,34,False,0.0,1,0.8046921491622925,0.2706908583641052,0.5413024425506592,0.04693621024489403
19,35,False,0.0,1,0.8051576614379883,0.26975294947624207,0.5363709926605225,0.046739161014556885
19,36,False,0.0,1,0.80565345287323,0.26897913217544556,0.5322035551071167,0.04624854773283005
19,37,False,0.0,1,0.8067097067832947,0.26783889532089233,0.5280601978302002,0.04582340270280838
19,38,False,0.0,1,0.8075269460678101,0.2672908306121826,0.5246981382369995,0.0456429161131382
19,39,False,0.0,1,0.8081669211387634,0.26630493998527527,0.5205821990966797,0.045073166489601135
19,40,False,0.0,1,0.8087932467460632,0.2650889754295349,0.5172572135925293,0.04538201540708542
19,41,False,0.0,1,0.8097168207168579,0.26384615898132324,0.5163835287094116,0.04521145299077034
19,42,False,0.0,1,0.8106521964073181,0.2626526355743408,0.5158649682998657,0.04523427411913872
19,43,False,0.0,1,0.8112099170684814,0.2622591555118561,0.5153928995132446,0.045191455632448196
19,44,False,0.0,1,0.8115401864051819,0.2623651325702667,0.5149149894714355,0.04548533260822296
19,45,False,0.0,1,0.8123464584350586,0.2625848650932312,0.5143532156944275,0.046466972678899765
19,46,False,0.0,1,0.8132012486457825,0.26218923926353455,0.5152426958084106,0.04782908409833908
19,47,False,0.0,1,0.8138810396194458,0.2622131109237671,0.5152013301849365,0.04828047379851341
19,48,False,0.0,1,0.8149536848068237,0.26196804642677307,0.5160672664642334,0.048437390476465225
19,49,False,0.0,1,0.8154529333114624,0.260974645614624,0.5152698755264282,0.049595560878515244
19,50,False,0.0,1,0.8166915774345398,0.2597315013408661,0.5144438147544861,0.05009088292717934
19,51,False,0.0,1,0.8172380924224854,0.2591208815574646,0.5121560096740723,0.05129716917872429
19,52,False,0.0,1,0.8175628185272217,0.2584102749824524,0.5122056603431702,0.05378421023488045
19,53,False,0.0,1,0.8182809352874756,0.2579191327095032,0.5118599534034729,0.055112939327955246
19,54,False,0.0,1,0.8191305994987488,0.257544606924057,0.5121163129806519,0.05630464851856232
19,55,False,0.0,1,0.8195741772651672,0.2572276294231415,0.511035144329071,0.058281492441892624
19,56,False,0.0,1,0.8198343515396118,0.25703543424606323,0.5105111598968506,0.05848744511604309
19,57,False,0.0,1,0.8198258280754089,0.2568596601486206,0.509735107421875,0.05981384962797165
19,58,False,0.0,1,0.8200724720954895,0.2564750015735626,0.5089583992958069,0.06035429611802101
19,59,False,0.0,1,0.8200451135635376,0.2560894787311554,0.5083704590797424,0.06192055717110634
19,60,False,0.0,1,0.8200552463531494,0.25565972924232483,0.5084331631660461,0.06260529160499573
19,61,False,0.0,1,0.8200289011001587,0.2553858458995819,0.5091581344604492,0.06247268244624138
19,62,False,0.0,1,0.8193109035491943,0.25564318895339966,0.5097182989120483,0.06180839613080025
19,63,False,0.0,1,0.8181363344192505,0.25589439272880554,0.5109109878540039,0.06124819070100784
19,64,False,0.0,1,0.8165024518966675,0.2568065822124481,0.5137333869934082,0.060091614723205566
19,65,False,0.0,1,0.8151529431343079,0.2577316462993622,0.5152556896209717,0.05920720845460892
19,66,False,0.0,1,0.8140257596969604,0.25882402062416077,0.5163729190826416,0.05876487120985985
19,67,False,0.0,1,0.812772810459137,0.25959092378616333,0.5180249810218811,0.05740953981876373
19,68,False,0.0,1,0.8119866847991943,0.2601449191570282,0.5178749561309814,0.05596255883574486
19,69,False,0.0,1,0.8106248378753662,0.2611124515533447,0.5201042890548706,0.054111581295728683
19,70,False,0.0,1,0.8099469542503357,0.26182839274406433,0.520872950553894,0.052146513015031815
19,71,False,0.0,1,0.808519721031189,0.26258590817451477,0.5221132040023804,0.05114240199327469
19,72,False,0.0,1,0.8073112964630127,0.2640213370323181,0.5233503580093384,0.04959089308977127
19,73,False,0.0,1,0.8065717220306396,0.26534658670425415,0.5237881541252136,0.04834514483809471
19,74,False,0.0,1,0.8051708340644836,0.2667493522167206,0.524315595626831,0.04702233895659447
19,75,False,0.0,1,0.8034205436706543,0.268827348947525,0.5252735614776611,0.045214299112558365
19,76,False,0.0,1,0.8016932010650635,0.2713680863380432,0.5246973633766174,0.0431126169860363
19,77,False,0.0,1,0.801568865776062,0.2716984748840332,0.5235419273376465,0.041616447269916534
19,78,False,0.0,1,0.8015594482421875,0.2714587450027466,0.5222086310386658,0.039434902369976044
19,79,False,0.0,1,0.8017697334289551,0.2716355621814728,0.5212210416793823,0.03774011880159378
19,80,False,0.0,1,0.8020086288452148,0.27202561497688293,0.5227866172790527,0.037779420614242554
19,81,False,0.0,1,0.8017863035202026,0.2725563943386078,0.5215280055999756,0.03627526015043259
19,82,False,0.0,1,0.8017808198928833,0.2724039852619171,0.5186088681221008,0.034994687885046005
19,83,False,0.0,1,0.8018324971199036,0.2719465494155884,0.5184531807899475,0.03494676947593689
19,84,False,0.0,1,0.802324652671814,0.271060049533844,0.5220834016799927,0.03520095348358154
19,85,False,0.0,1,0.802840530872345,0.2692164480686188,0.5264651775360107,0.03652648255228996
19,86,False,0.0,1,0.8036418557167053,0.26721906661987305,0.5295583009719849,0.03729153051972389
19,87,False,0.0,1,0.8049732446670532,0.26518550515174866,0.5321532487869263,0.03826361522078514
19,88,False,0.0,1,0.806166410446167,0.26381006836891174,0.5355343222618103,0.03970596194267273
19,89,False,0.0,1,0.8069208860397339,0.2631916105747223,0.5373058319091797,0.040156926959753036
19,90,False,0.0,1,0.8079778552055359,0.2623073160648346,0.5409504771232605,0.04078110307455063
19,91,False,0.0,1,0.8086618781089783,0.2624475955963135,0.5413036346435547,0.039655670523643494
19,92,False,0.0,1,0.8082804083824158,0.262703001499176,0.5427570939064026,0.03989783674478531
19,93,False,0.0,1,0.8081661462783813,0.2625903785228729,0.5437067747116089,0.040209002792835236
19,94,False,0.0,1,0.8082990050315857,0.26301881670951843,0.547863781452179,0.0410013422369957
19,95,False,0.0,1,0.8086535334587097,0.26271823048591614,0.5533678531646729,0.04237058386206627
19,96,False,0.0,1,0.8086698651313782,0.2619490623474121,0.558384358882904,0.04522920399904251
19,97,False,0.0,1,0.808219313621521,0.26173630356788635,0.5629584789276123,0.04635126516222954
19,98,False,0.0,1,0.8072837591171265,0.26158836483955383,0.5651203989982605,0.04634025692939758
19,99,False,0.0,1,0.8067101836204529,0.2614628076553345,0.5674618482589722,0.04647599905729294
19,100,False,0.0,1,0.8068786859512329,0.2612829804420471,0.5674950480461121,0.04612400755286217
20,0,False,0.0,0,0.7486329078674316,0.16667354106903076,0.5236544609069824,0.050783928483724594
20,1,False,0.0,1,0.8340110778808594,0.24502724409103394,0.5428496599197388,0.05569038912653923
20,2,False,0.0,1,0.8342913389205933,0.2442278414964676,0.5448662042617798,0.05744094029068947
20,3,False,0.0,1,0.8339707255363464,0.2436489462852478,0.5474192500114441,0.05916014313697815
20,4,False,0.0,1,0.8329483270645142,0.24405062198638916,0.5493009686470032,0.059580642729997635
20,5,False,0.0,1,0.8327374458312988,0.24448193609714508,0.550565242767334,0.05957935377955437
20,6,False,0.0,1,0.8329565525054932,0.2449093461036682,0.5517983436584473,0.058861877769231796
20,7,False,0.0,1,0.832791805267334,0.2452143430709839,0.5540591478347778,0.058234862983226776
20,8,False,0.0,1,0.8319156765937805,0.2455485612154007,0.5548565983772278,0.05727801099419594
20,9,False,0.0,1,0.8303871750831604,0.24694566428661346,0.5581702589988708,0.05621716007590294
20,10,False,0.0,1,0.828178882598877,0.2481146901845932,0.5598608255386353,0.05498845502734184
20,11,False,0.0,1,0.8259435296058655,0.24953974783420563,0.5610904693603516,0.05426868423819542
20,12,False,0.0,1,0.823676347732544,0.2510179877281189,0.5623619556427002,0.05388695001602173
20,13,False,0.0,1,0.8207423686981201,0.2526983916759491,0.565231442451477,0.05343296751379967
20,14,False,0.0,1,0.818427562713623,0.2539731562137604,0.5669656991958618,0.05350683629512787
20,15,False,0.0,1,0.816779613494873,0.25493359565734863,0.567827582359314,0.053811781108379364
20,16,False,0.0,1,0.8156804442405701,0.25629812479019165,0.5659352540969849,0.05320654436945915
20,17,False,0.0,1,0.8147103786468506,0.258139967918396,0.5633664727210999,0.05261588841676712
20,18,False,0.0,1,0.8140143156051636,0.26041075587272644,0.5602100491523743,0.051212556660175323
20,19,False,0.0,1,0.812952995300293,0.2623663544654846,0.5570279359817505,0.05037839338183403
20,20,False,0.0,1,0.8118999004364014,0.26359447836875916,0.5540904402732849,0.04968417435884476
20,21,False,0.0,1,0.8103938102722168,0.2648979425430298,0.5524539351463318,0.04899999499320984
20,22,False,0.0,1,0.8094146251678467,0.26595547795295715,0.551716148853302,0.04910266399383545
20,23,False,0.0,1,0.8074216246604919,0.2678907811641693,0.5495207905769348,0.04840165749192238
20,24,False,0.0,1,0.8068903684616089,0.26844272017478943,0.5475447773933411,0.04756695777177811
20,25,False,0.0,1,0.8060141801834106,0.26779496669769287,0.5451498031616211,0.046351540833711624
20,26,True,0.0476190485060215,1,0.8090827465057373,0.26099854707717896,0.5280073285102844,0.03894655406475067
20,27,True,0.1071428582072258,1,0.8100695610046387,0.2577705681324005,0.5248286724090576,0.03659076243638992
20,28,True,0.1666666716337204,1,0.8096660375595093,0.2583267390727997,0.5228124856948853,0.03398766741156578
20,29,True,0.2261904776096344,1,0.8115729093551636,0.25628387928009033,0.5274930000305176,0.03435133025050163
20,30,True,0.2857142984867096,1,0.8130152821540833,0.25408682227134705,0.5327707529067993,0.03280482068657875
20,31,True,0.3452380895614624,1,0.8184140920639038,0.2522692382335663,0.5326243042945862,0.031443070620298386
20,32,True,0.4047619104385376,1,0.8191472291946411,0.2512401342391968,0.5242666602134705,0.02961406297981739
20,33,True,0.4642857015132904,1,0.8186566829681396,0.25185853242874146,0.5213032364845276,0.028717927634716034
20,34,True,0.523809552192688,1,0.8181086778640747,0.2520829737186432,0.5192371606826782,0.02853727899491787
20,35,True,0.5833333134651184,1,0.8185144066810608,0.25141575932502747,0.5181204080581665,0.028092024847865105
20,36,True,0.6428571343421936,1,0.8190759420394897,0.2508414089679718,0.5171278715133667,0.02837926708161831
20,37,True,0.7023809552192688,1,0.8199173212051392,0.2503076195716858,0.5161307454109192,0.028034036979079247
20,38,True,0.761904776096344,1,0.8198684453964233,0.24996499717235565,0.5214047431945801,0.029048237949609756
20,39,True,0.8214285969734192,1,0.8187062740325928,0.250116229057312,0.5200567245483398,0.02906971052289009
20,40,True,0.8809523582458496,1,0.8186855316162109,0.2503277063369751,0.5219223499298096,0.028211059048771858
20,41,True,0.9404761791229248,1,0.8175097703933716,0.25099584460258484,0.5232884883880615,0.02881549671292305
20,42,True,1.0,1,0.8155649900436401,0.251333624124527,0.5180515050888062,0.030493607744574547
20,43,True,1.0,1,0.8155170679092407,0.25147581100463867,0.5167123675346375,0.030348576605319977
20,44,True,1.0,1,0.8153837323188782,0.25159040093421936,0.5160085558891296,0.030052756890654564
20,45,True,1.0,1,0.8152916431427002,0.2516648471355438,0.5156737565994263,0.029853347688913345
20,46,True,1.0,1,0.8152616024017334,0.2517347037792206,0.5154967308044434,0.02973964251577854
20,47,True,1.0,1,0.8152321577072144,0.25175172090530396,0.5154159069061279,0.029675986617803574
20,48,True,1.0,1,0.8152163624763489,0.2517588138580322,0.5153716802597046,0.02964603155851364
20,49,True,1.0,1,0.8152626156806946,0.2518163025379181,0.5150644779205322,0.029698384925723076
20,50,True,1.0,1,0.8152631521224976,0.25181543827056885,0.5150541067123413,0.029697459191083908
20,51,True,1.0,1,0.8152662515640259,0.25181296467781067,0.5150536298751831,0.02969941683113575
20,52,True,1.0,1,0.8152629137039185,0.25181135535240173,0.5150456428527832,0.02969854697585106
20,53,True,1.0,1,0.8152623176574707,0.2518117427825928,0.5150421857833862,0.02969909831881523
20,54,True,1.0,1,0.8152579069137573,0.2518114745616913,0.5150424242019653,0.029698681086301804
20,55,True,1.0,1,0.8152588605880737,0.25181111693382263,0.5150413513183594,0.02969803847372532
20,56,True,1.0,1,0.815266489982605,0.2518105208873749,0.515042781829834,0.029698219150304794
20,57,True,1.0,1,0.8154196739196777,0.25185680389404297,0.5150794386863708,0.029703114181756973
20,58,True,1.0,1,0.8154072761535645,0.25185081362724304,0.5150476098060608,0.029702413827180862
20,59,True,1.0,1,0.8154032230377197,0.251851886510849,0.5150353312492371,0.029701262712478638
20,60,True,1.0,1,0.8154009580612183,0.25185102224349976,0.5150266289710999,0.029702117666602135
20,61,True,1.0,1,0.8154001235961914,0.2518535554409027,0.5150235295295715,0.029702739790081978
20,62,True,1.0,1,0.8153985738754272,0.251839280128479,0.5150207281112671,0.02970183826982975
20,63,False,0.0,1,0.8085052967071533,0.2685658633708954,0.5245589017868042,0.0395972765982151
20,64,False,0.0,1,0.8081476092338562,0.2678111493587494,0.5222426652908325,0.039279110729694366
20,65,False,0.0,1,0.8083112239837646,0.2674770653247833,0.5199495553970337,0.03837311640381813
20,66,False,0.0,1,0.8086355328559875,0.26706168055534363,0.5177099108695984,0.036938246339559555
20,67,False,0.0,1,0.8087076544761658,0.26632025837898254,0.5174627304077148,0.03637685254216194
20,68,False,0.0,1,0.8090741634368896,0.26637232303619385,0.5171502828598022,0.03657158836722374
20,69,False,0.0,1,0.8097183108329773,0.2650240659713745,0.5191817283630371,0.03688109293580055
20,70,False,0.0,1,0.8103333115577698,0.2641032040119171,0.5215294361114502,0.03720143437385559
20,71,False,0.0,1,0.8114040493965149,0.2623966634273529,0.5259379744529724,0.0381118580698967
20,72,False,0.0,1,0.8123858571052551,0.2608781158924103,0.5282246470451355,0.03895140066742897
20,73,False,0.0,1,0.8130723237991333,0.2600851058959961,0.5291398763656616,0.039061933755874634
20,74,False,0.0,1,0.8131486177444458,0.259440541267395,0.5305683612823486,0.03961930796504021
20,75,False,0.0,1,0.8129953145980835,0.25944510102272034,0.5357078313827515,0.04100905358791351
20,76,False,0.0,1,0.8125215768814087,0.2605624198913574,0.5459296703338623,0.04401165619492531
20,77,False,0.0,1,0.8126386404037476,0.2606668174266815,0.5497221946716309,0.04489664360880852
20,78,False,0.0,1,0.812191903591156,0.2611025869846344,0.5544365644454956,0.046303555369377136
20,79,False,0.0,1,0.8118076324462891,0.26113224029541016,0.5580454468727112,0.04703449457883835
20,80,False,0.0,1,0.8115496039390564,0.2611441910266876,0.5622354745864868,0.047873079776763916
20,81,False,0.0,1,0.8116194009780884,0.26127418875694275,0.5646135807037354,0.047783900052309036
20,82,False,0.0,1,0.8113294243812561,0.261408269405365,0.5661138892173767,0.0474841445684433
20,83,False,0.0,1,0.810905933380127,0.26101166009902954,0.5674471259117126,0.047690458595752716
20,84,False,0.0,1,0.8119890689849854,0.26046913862228394,0.5683127641677856,0.047094814479351044
21,0,False,0.0,0,0.7449499368667603,0.17780709266662598,0.5220105051994324,0.04168245196342468
21,1,False,0.0,1,0.8302485942840576,0.2502038776874542,0.5381258726119995,0.048274774104356766
21,2,False,0.0,1,0.8301342725753784,0.24983429908752441,0.5390557646751404,0.04958919435739517
21,3,False,0.0,1,0.8299331068992615,0.24903276562690735,0.5394985675811768,0.05076449736952782
21,4,False,0.0,1,0.8301605582237244,0.24873432517051697,0.5408879518508911,0.05212534964084625
21,5,False,0.0,1,0.8300732970237732,0.2487659603357315,0.5410158038139343,0.05327563360333443
21,6,False,0.0,1,0.8301339149475098,0.24876174330711365,0.5416516065597534,0.05370459705591202
21,7,False,0.0,1,0.8304405212402344,0.24906784296035767,0.5420430898666382,0.05435480549931526
21,8,False,0.0,1,0.8309507966041565,0.24922168254852295,0.5412930846214294,0.05421511083841324
21,9,False,0.0,1,0.8310689926147461,0.24921336770057678,0.5417529344558716,0.05406634137034416
21,10,False,0.0,1,0.8308445811271667,0.24895712733268738,0.5423583984375,0.054865118116140366
21,11,False,0.0,1,0.8310104608535767,0.2489750236272812,0.5428924560546875,0.05527499318122864
21,12,False,0.0,1,0.8313975930213928,0.24842242896556854,0.5440151691436768,0.05543741211295128
21,13,False,0.0,1,0.8318467140197754,0.24821314215660095,0.5452346801757812,0.05512043088674545
21,14,False,0.0,1,0.8313334584236145,0.2484981268644333,0.5475062131881714,0.05512888357043266
21,15,False,0.0,1,0.8305407762527466,0.24888327717781067,0.5498775243759155,0.05513295158743858
21,16,False,0.0,1,0.8290611505508423,0.2495454102754593,0.5530046820640564,0.0550224706530571
21,17,False,0.0,1,0.828809380531311,0.24959592521190643,0.5553567409515381,0.05484946444630623
21,18,False,0.0,1,0.8280351161956787,0.24991698563098907,0.5573471188545227,0.05422453209757805
21,19,False,0.0,1,0.8281746506690979,0.2502202093601227,0.5580337047576904,0.05380385369062424
21,20,False,0.0,1,0.8278656005859375,0.2508486211299896,0.558533787727356,0.05284425616264343
21,21,False,0.0,1,0.8273884057998657,0.25137874484062195,0.5594675540924072,0.052634142339229584
21,22,False,0.0,1,0.8265484571456909,0.2519681453704834,0.5609045028686523,0.05155698582530022
21,23,False,0.0,1,0.8261816501617432,0.25196194648742676,0.5617340803146362,0.05027539283037186
21,24,False,0.0,1,0.8250436782836914,0.2522071301937103,0.5624001026153564,0.04998093470931053
21,25,False,0.0,1,0.8233296275138855,0.25304171442985535,0.5627850294113159,0.04887893795967102
21,26,False,0.0,1,0.8214125633239746,0.2543804347515106,0.5633599758148193,0.04830078408122063
21,27,False,0.0,1,0.8204148411750793,0.25555405020713806,0.5640996694564819,0.04812668636441231
21,28,False,0.0,1,0.8194476366043091,0.25685974955558777,0.5638605952262878,0.04771497845649719
21,29,False,0.0,1,0.8187417984008789,0.25800788402557373,0.5639169216156006,0.047375861555337906
21,30,False,0.0,1,0.8172354698181152,0.2599792778491974,0.5639635920524597,0.04779437929391861
21,31,False,0.0,1,0.8155174255371094,0.26113587617874146,0.5631465911865234,0.04770190641283989
21,32,False,0.0,1,0.8137227892875671,0.26278725266456604,0.5616863965988159,0.047199346125125885
21,33,False,0.0,1,0.8122996687889099,0.26473477482795715,0.5607712864875793,0.04764645919203758
21,34,False,0.0,1,0.8113365769386292,0.2657598555088043,0.5602672100067139,0.048061616718769073
21,35,False,0.0,1,0.8104848861694336,0.26590344309806824,0.5596119165420532,0.04826148599386215
21,36,False,0.0,1,0.809539794921875,0.26629844307899475,0.5587579011917114,0.04805688187479973
21,37,False,0.0,1,0.8085110187530518,0.2664869725704193,0.5564917325973511,0.048570603132247925
21,38,False,0.0,1,0.8079862594604492,0.26675093173980713,0.5559731721878052,0.048094674944877625
21,39,False,0.0,1,0.8081969022750854,0.2672516703605652,0.554007887840271,0.04771622642874718
21,40,False,0.0,1,0.8077318668365479,0.2676081657409668,0.5508668422698975,0.04685037583112717
21,41,False,0.0,1,0.8079405426979065,0.2672443091869354,0.5479047298431396,0.046393148601055145
21,42,False,0.0,1,0.8078678846359253,0.2671997845172882,0.546140193939209,0.04589730128645897
21,43,False,0.0,1,0.8076738715171814,0.26689642667770386,0.5440796613693237,0.045608993619680405
21,44,False,0.0,1,0.8073664903640747,0.2668538987636566,0.5412489771842957,0.045266471803188324
21,45,False,0.0,1,0.8069283962249756,0.26676756143569946,0.5381020307540894,0.04548342898488045
21,46,False,0.0,1,0.8070926070213318,0.2658374607563019,0.5358906984329224,0.04535074159502983
21,47,False,0.0,1,0.8072294592857361,0.26476141810417175,0.5343693494796753,0.045416634529829025
21,48,False,0.0,1,0.8078043460845947,0.26462286710739136,0.5320336818695068,0.04604705050587654
21,49,False,0.0,1,0.8077746629714966,0.2659698724746704,0.5295652747154236,0.04730270057916641
21,50,False,0.0,1,0.8081707954406738,0.26603204011917114,0.5272030830383301,0.04783656448125839
21,51,False,0.0,1,0.808857262134552,0.26450467109680176,0.525216817855835,0.049236077815294266
21,52,False,0.0,1,0.8085530400276184,0.264433890581131,0.5245877504348755,0.04997197166085243
21,53,False,0.0,1,0.8090927004814148,0.2636447846889496,0.524706244468689,0.05075445398688316
21,54,False,0.0,1,0.8097150325775146,0.26317471265792847,0.5243404507637024,0.05135999619960785
21,55,False,0.0,1,0.8102025985717773,0.26231202483177185,0.5231431722640991,0.05099770054221153
21,56,False,0.0,1,0.8107193112373352,0.2610875070095062,0.5203603506088257,0.05061006173491478
21,57,False,0.0,1,0.8122095465660095,0.2598732113838196,0.5177443027496338,0.05025231093168259
21,58,False,0.0,1,0.8130562901496887,0.2597889304161072,0.5163941383361816,0.05033910274505615
21,59,False,0.0,1,0.8117697238922119,0.2602061927318573,0.5145522952079773,0.04912557452917099
21,60,False,0.0,1,0.8124242424964905,0.2599796950817108,0.512681245803833,0.04771076887845993
21,61,False,0.0,1,0.8127986788749695,0.25988560914993286,0.5112893581390381,0.04830455780029297
21,62,False,0.0,1,0.8133266568183899,0.2597233057022095,0.5104433298110962,0.047470662742853165
21,63,False,0.0,1,0.8137166500091553,0.2601744830608368,0.5100054740905762,0.04730362072587013
21,64,False,0.0,1,0.8148340582847595,0.26071226596832275,0.508658766746521,0.04618081450462341
21,65,False,0.0,1,0.8158872127532959,0.26032304763793945,0.5076575875282288,0.045663975179195404
21,66,False,0.0,1,0.8163607120513916,0.25982531905174255,0.506701648235321,0.04598589241504669
21,67,False,0.0,1,0.8164205551147461,0.2600966691970825,0.5063860416412354,0.04534493386745453
21,68,False,0.0,1,0.8168203830718994,0.2600621283054352,0.5083816647529602,0.04490334540605545
21,69,False,0.0,1,0.8161535263061523,0.26012668013572693,0.5084273815155029,0.045357827097177505
21,70,False,0.0,1,0.816074550151825,0.2602909803390503,0.5088445544242859,0.04595506563782692
21,71,False,0.0,1,0.8156338930130005,0.2604719400405884,0.5102857947349548,0.04653800278902054
21,72,False,0.0,1,0.8153138160705566,0.26077160239219666,0.5119943618774414,0.046592555940151215
21,73,False,0.0,1,0.8148261308670044,0.2612963020801544,0.5126699209213257,0.046971313655376434
21,74,False,0.0,1,0.8142514228820801,0.2620272934436798,0.5142552852630615,0.047459185123443604
21,75,False,0.0,1,0.813799262046814,0.2621177136898041,0.5168442726135254,0.046840835362672806
21,76,False,0.0,1,0.8130367994308472,0.2625834345817566,0.5193251371383667,0.04600175842642784
21,77,False,0.0,1,0.8116016387939453,0.26373594999313354,0.5176957249641418,0.0449521504342556
21,78,False,0.0,1,0.8102802038192749,0.26601773500442505,0.5173321962356567,0.043345559388399124
21,79,False,0.0,1,0.8097378611564636,0.2672092914581299,0.5183758735656738,0.04212891682982445
21,80,False,0.0,1,0.8080072402954102,0.26915937662124634,0.5178577303886414,0.04076743125915527
21,81,False,0.0,1,0.8064379692077637,0.27047857642173767,0.5170814990997314,0.03892397880554199
21,82,False,0.0,1,0.8058912754058838,0.27091071009635925,0.5157868266105652,0.038586750626564026
21,83,False,0.0,1,0.805456280708313,0.2713002562522888,0.5159270763397217,0.03836613520979881
21,84,False,0.0,1,0.8054967522621155,0.27148714661598206,0.5155197381973267,0.03790516406297684
21,85,False,0.0,1,0.8056738376617432,0.27089983224868774,0.5169467329978943,0.03711901232600212
21,86,False,0.0,1,0.8063250184059143,0.2700710892677307,0.5179975032806396,0.03578260913491249
21,87,False,0.0,1,0.8068497776985168,0.2687279284000397,0.5199251174926758,0.03514333814382553
21,88,False,0.0,1,0.8073644042015076,0.2674434185028076,0.5213707685470581,0.034144263714551926
21,89,False,0.0,1,0.808139443397522,0.26635676622390747,0.5235687494277954,0.0336187519133091
21,90,False,0.0,1,0.808735728263855,0.2655646502971649,0.5253919363021851,0.033229898661375046
21,91,False,0.0,1,0.8092396259307861,0.26518890261650085,0.5263686180114746,0.03300851210951805
21,92,False,0.0,1,0.8104739785194397,0.2643173933029175,0.5268152952194214,0.03286292403936386
21,93,False,0.0,1,0.8104181885719299,0.26483041048049927,0.5291396975517273,0.03368886932730675
21,94,False,0.0,1,0.8098520636558533,0.2649257779121399,0.5282928347587585,0.03397660702466965
21,95,False,0.0,1,0.8097214698791504,0.2651079297065735,0.5308153033256531,0.03432174026966095
21,96,False,0.0,1,0.8091665506362915,0.2652985751628876,0.5326011180877686,0.03467477485537529
21,97,False,0.0,1,0.8083533048629761,0.2653176486492157,0.5372425317764282,0.036261752247810364
21,98,False,0.0,1,0.8080281615257263,0.26557445526123047,0.5378558039665222,0.036629050970077515
21,99,False,0.0,1,0.8073872327804565,0.26592662930488586,0.5409226417541504,0.03734029084444046
21,100,False,0.0,1,0.8066954612731934,0.26686835289001465,0.5417729616165161,0.03796770051121712
21,101,False,0.0,1,0.8058935403823853,0.2684131860733032,0.541677713394165,0.03787359222769737
21,102,False,0.0,1,0.8059514760971069,0.26927825808525085,0.5387158393859863,0.037044674158096313
21,103,False,0.0,1,0.8059184551239014,0.26931947469711304,0.5368887186050415,0.03677305951714516
21,104,False,0.0,1,0.8057960271835327,0.26937681436538696,0.5363616943359375,0.037159230560064316
21,105,False,0.0,1,0.8053303956985474,0.2694389522075653,0.5366846323013306,0.03794348984956741
21,106,False,0.0,1,0.8046177625656128,0.27006086707115173,0.538465142250061,0.0386788509786129
21,107,False,0.0,1,0.8040261268615723,0.27035585045814514,0.5379691123962402,0.03908418118953705
21,108,False,0.0,1,0.803813636302948,0.2703351378440857,0.5369095802307129,0.039174482226371765
21,109,False,0.0,1,0.8039963841438293,0.27020061016082764,0.5363516807556152,0.03934710472822189
21,110,False,0.0,1,0.8045511245727539,0.27016162872314453,0.5367273092269897,0.03973051905632019
21,111,False,0.0,1,0.8063403964042664,0.2694316506385803,0.5361208915710449,0.03996892645955086
21,112,False,0.0,1,0.8075084090232849,0.2686290144920349,0.53676837682724,0.04067887365818024
21,113,False,0.0,1,0.8086364269256592,0.26749977469444275,0.5384307503700256,0.041116863489151
21,114,False,0.0,1,0.8096561431884766,0.2664704918861389,0.5397358536720276,0.041083160787820816
21,115,False,0.0,1,0.8111050724983215,0.26578760147094727,0.5399625301361084,0.04139714688062668
21,116,False,0.0,1,0.8127657175064087,0.2643485367298126,0.5391614437103271,0.04110915586352348
21,117,False,0.0,1,0.8132418394088745,0.2638515830039978,0.5406461954116821,0.04107963293790817
21,118,False,0.0,1,0.8133361339569092,0.26361533999443054,0.5433787107467651,0.041885506361722946
21,119,False,0.0,1,0.8129340410232544,0.2633613049983978,0.5491839647293091,0.04348275810480118
21,120,False,0.0,1,0.812971293926239,0.2626710534095764,0.552297830581665,0.044449590146541595
21,121,False,0.0,1,0.8131030201911926,0.2620106637477875,0.5566278100013733,0.046029575169086456
21,122,False,0.0,1,0.812927782535553,0.26170843839645386,0.5570605993270874,0.046034544706344604
21,123,False,0.0,1,0.8124293088912964,0.2610222399234772,0.5583558678627014,0.04635721445083618
21,124,False,0.0,1,0.8119156956672668,0.26039618253707886,0.5581686496734619,0.04601922631263733
22,0,False,0.0,0,0.7285038232803345,0.18331708014011383,0.5418800115585327,0.04451720044016838
22,1,False,0.0,1,0.8245007991790771,0.25654223561286926,0.5587277412414551,0.04675557091832161
22,2,False,0.0,1,0.8243943452835083,0.2565925717353821,0.5593177080154419,0.04702029004693031
22,3,False,0.0,1,0.8245853781700134,0.25615817308425903,0.5597512722015381,0.04758348688483238
22,4,False,0.0,1,0.8246536254882812,0.2555526793003082,0.561184287071228,0.04821116477251053
22,5,False,0.0,1,0.8245970010757446,0.25571370124816895,0.5613749623298645,0.04855859652161598
22,6,False,0.0,1,0.8244270086288452,0.25552845001220703,0.561471700668335,0.04886920005083084
22,7,False,0.0,1,0.8245798945426941,0.25551483035087585,0.5632866621017456,0.04928841441869736
22,8,False,0.0,1,0.8243905305862427,0.2558181583881378,0.5642263889312744,0.049739010632038116
22,9,False,0.0,1,0.8245017528533936,0.2561902105808258,0.5647833347320557,0.0498693473637104
22,10,False,0.0,1,0.8244577050209045,0.2563348412513733,0.5648135542869568,0.049495186656713486
22,11,False,0.0,1,0.8246533870697021,0.25614744424819946,0.5656836032867432,0.049374472349882126
22,12,False,0.0,1,0.8249086141586304,0.2558106482028961,0.5668071508407593,0.049224015325307846
22,13,False,0.0,1,0.8253092765808105,0.2556619644165039,0.5669122338294983,0.04902423545718193
22,14,False,0.0,1,0.8256996870040894,0.2554413676261902,0.5676722526550293,0.048791419714689255
22,15,False,0.0,1,0.8258531093597412,0.25521302223205566,0.5679659843444824,0.04835266247391701
22,16,False,0.0,1,0.825918972492218,0.2547958791255951,0.5684401988983154,0.04800207167863846
22,17,False,0.0,1,0.8260085582733154,0.2544618844985962,0.5681315660476685,0.04743675887584686
22,18,False,0.0,1,0.8261791467666626,0.2546813189983368,0.568709135055542,0.04702270030975342
22,19,False,0.0,1,0.8261532783508301,0.2548820376396179,0.5699295997619629,0.04653989151120186
22,20,False,0.0,1,0.8251949548721313,0.2547760605812073,0.5712121725082397,0.046500809490680695
22,21,False,0.0,1,0.8248212337493896,0.2549556493759155,0.5724554061889648,0.04660733789205551
22,22,False,0.0,1,0.8243516683578491,0.2556380033493042,0.5729826092720032,0.04650421068072319
22,23,False,0.0,1,0.8241532444953918,0.2566133737564087,0.5735940933227539,0.04661043733358383
22,24,False,0.0,1,0.8235740661621094,0.2569526731967926,0.5747969150543213,0.047022365033626556
22,25,False,0.0,1,0.8221818804740906,0.25708043575286865,0.5745682716369629,0.047244977205991745
22,26,False,0.0,1,0.8216173648834229,0.25791674852371216,0.574492335319519,0.04760120436549187
22,27,False,0.0,1,0.8207747936248779,0.25833553075790405,0.5750964879989624,0.047883469611406326
22,28,False,0.0,1,0.8199363946914673,0.2588196396827698,0.5773038864135742,0.048731639981269836
22,29,False,0.0,1,0.8184279203414917,0.2593801021575928,0.5773581266403198,0.049246642738580704
22,30,False,0.0,1,0.8171343803405762,0.2602148950099945,0.5788289904594421,0.0501239039003849
22,31,False,0.0,1,0.8169910907745361,0.26138368248939514,0.5800763368606567,0.05058467388153076
22,32,False,0.0,1,0.8174508213996887,0.26123741269111633,0.5795585513114929,0.050470516085624695
22,33,True,0.009009009227156639,1,0.8170939087867737,0.261453241109848,0.5786164999008179,0.05068276450037956
22,34,True,0.04545454680919647,1,0.8173907995223999,0.262465238571167,0.5786888599395752,0.04963989183306694
22,35,True,0.09090909361839294,1,0.8165391683578491,0.2629399001598358,0.5781190395355225,0.04976501315832138
22,36,True,0.13636364042758942,1,0.8156547546386719,0.26315271854400635,0.5745298266410828,0.049722518771886826
22,37,True,0.1818181872367859,1,0.8153421878814697,0.2634587585926056,0.5700166821479797,0.04813016578555107
22,38,True,0.22727273404598236,1,0.8146626353263855,0.26397961378097534,0.5677727460861206,0.04666680097579956
22,39,True,0.27272728085517883,1,0.8139168620109558,0.26449522376060486,0.5650138854980469,0.04548629745841026
22,40,True,0.3181818127632141,1,0.8131494522094727,0.26462945342063904,0.5611960887908936,0.044164787977933884
22,41,True,0.3636363744735718,1,0.8124608397483826,0.26508042216300964,0.5574277639389038,0.04352051764726639
22,42,True,0.40909090638160706,1,0.8120645880699158,0.26436343789100647,0.5484426021575928,0.04096787050366402
22,43,True,0.4545454680919647,1,0.8124010562896729,0.26414328813552856,0.5412834286689758,0.04068097099661827
22,44,True,0.5,1,0.8127046823501587,0.26393672823905945,0.5365510582923889,0.0402919203042984
22,45,True,0.5454545617103577,1,0.8115489482879639,0.2650519907474518,0.5368709564208984,0.04012193903326988
22,46,True,0.5909090638160706,1,0.812443733215332,0.2644529640674591,0.5333247184753418,0.03929804638028145
22,47,True,0.6363636255264282,1,0.8131369352340698,0.2632838189601898,0.5279586315155029,0.03553065285086632
22,48,True,0.6818181872367859,1,0.8144136667251587,0.26103758811950684,0.5238423347473145,0.031316302716732025
22,49,True,0.7272727489471436,1,0.8156636953353882,0.25872352719306946,0.523513674736023,0.029823211953043938
22,50,True,0.7727272510528564,1,0.8168965578079224,0.25610315799713135,0.5265029668807983,0.029232613742351532
22,51,True,0.8181818127632141,1,0.817058801651001,0.2561558783054352,0.5243796110153198,0.028757784515619278
22,52,True,0.8636363744735718,1,0.816980242729187,0.25598469376564026,0.5246948003768921,0.028941240161657333
22,53,True,0.9090909361839294,1,0.8163644075393677,0.25596216320991516,0.527784526348114,0.028504058718681335
22,54,True,0.9545454382896423,1,0.8169333338737488,0.2556958794593811,0.525205135345459,0.028121475130319595
22,55,True,1.0,1,0.8164949417114258,0.2554503381252289,0.5205328464508057,0.027952775359153748
22,56,True,1.0,1,0.8164265751838684,0.2555423378944397,0.5185285806655884,0.027859603986144066
22,57,True,1.0,1,0.816392719745636,0.25556516647338867,0.5174593925476074,0.02763477899134159
22,58,True,1.0,1,0.8163814544677734,0.25558897852897644,0.5169075131416321,0.027478234842419624
22,59,True,1.0,1,0.816361665725708,0.255591481924057,0.5166521072387695,0.027390217408537865
22,60,True,1.0,1,0.8163576126098633,0.2555932402610779,0.516517162322998,0.027346184477210045
22,61,True,1.0,1,0.8163549900054932,0.25559231638908386,0.5164415240287781,0.027321644127368927
22,62,True,1.0,1,0.816353440284729,0.2555978298187256,0.5164066553115845,0.027308447286486626
22,63,True,1.0,1,0.8163345456123352,0.2555282711982727,0.5164560079574585,0.027280937880277634
22,64,True,1.0,1,0.816347062587738,0.25552356243133545,0.5164884328842163,0.027273742482066154
22,65,True,1.0,1,0.8163469433784485,0.25552234053611755,0.5165114998817444,0.02727162465453148
22,66,True,1.0,1,0.8163463473320007,0.2555191218852997,0.5165178775787354,0.02727174386382103
22,67,True,1.0,1,0.8163473010063171,0.2555205225944519,0.5165219306945801,0.027273142710328102
22,68,True,1.0,1,0.8163488507270813,0.25551778078079224,0.5165231227874756,0.027272522449493408
22,69,True,1.0,1,0.8163439631462097,0.2555207908153534,0.5165237784385681,0.027273090556263924
22,70,True,1.0,1,0.8163471817970276,0.255517840385437,0.5165222883224487,0.027271749451756477
22,71,True,1.0,1,0.8164100646972656,0.2555586099624634,0.5165579915046692,0.02720768190920353
22,72,True,1.0,1,0.8164088726043701,0.25555944442749023,0.5166176557540894,0.027207162231206894
22,73,True,1.0,1,0.8163995742797852,0.2555542290210724,0.5166406631469727,0.02720845304429531
22,74,True,1.0,1,0.8164035081863403,0.2555614709854126,0.5166523456573486,0.02720857784152031
22,75,True,1.0,1,0.8164036273956299,0.25556105375289917,0.5166588425636292,0.027208203449845314
22,76,True,1.0,1,0.8164031505584717,0.25556182861328125,0.5166629552841187,0.027208998799324036
22,77,True,1.0,1,0.8164031505584717,0.25556182861328125,0.5166624784469604,0.027208590880036354
22,78,True,1.0,1,0.8164031505584717,0.25556182861328125,0.5166614055633545,0.027209818363189697
22,79,True,1.0,1,0.8163704872131348,0.2555001974105835,0.5166646838188171,0.02712407521903515
22,80,True,1.0,1,0.8163739442825317,0.2554992139339447,0.5167288780212402,0.027138814330101013
22,81,True,1.0,1,0.8163824081420898,0.2555047869682312,0.5167609453201294,0.027145467698574066
22,82,True,1.0,1,0.8163845539093018,0.25550541281700134,0.516777515411377,0.02714674174785614
22,83,False,0.0,1,0.8185554146766663,0.2604329586029053,0.5144187808036804,0.05089636892080307
22,84,False,0.0,1,0.8164408802986145,0.2610477805137634,0.5185929536819458,0.04971839487552643
22,85,False,0.0,1,0.8161142468452454,0.26207607984542847,0.521596372127533,0.048200201243162155
22,86,False,0.0,1,0.8150453567504883,0.2637571394443512,0.5230934619903564,0.04622010141611099
22,87,False,0.0,1,0.8128194212913513,0.2659475803375244,0.5245239734649658,0.045088715851306915
22,88,False,0.0,1,0.8105134963989258,0.2679770886898041,0.5232983827590942,0.04267604649066925
22,89,False,0.0,1,0.8094860911369324,0.26850369572639465,0.521957516670227,0.04086501896381378
22,90,False,0.0,1,0.8082829117774963,0.26914191246032715,0.5255452394485474,0.039180122315883636
22,91,False,0.0,1,0.8072916269302368,0.27017003297805786,0.526042103767395,0.037817057222127914
22,92,False,0.0,1,0.8063883185386658,0.27085426449775696,0.5270193815231323,0.03687616065144539
22,93,False,0.0,1,0.8064742684364319,0.27098795771598816,0.5283647775650024,0.03725152835249901
22,94,False,0.0,1,0.8064241409301758,0.271843284368515,0.5294908285140991,0.038282595574855804
22,95,False,0.0,1,0.8067079782485962,0.2718663513660431,0.53020840883255,0.0390336811542511
22,96,False,0.0,1,0.8073199391365051,0.2711566984653473,0.5300763249397278,0.03898828104138374
22,97,False,0.0,1,0.8078262805938721,0.270000696182251,0.5322636365890503,0.038894250988960266
22,98,False,0.0,1,0.8084225654602051,0.2691193222999573,0.5341836214065552,0.03964632749557495
22,99,False,0.0,1,0.8089882731437683,0.26839542388916016,0.5378367900848389,0.04002463072538376
22,100,False,0.0,1,0.8102073669433594,0.26707568764686584,0.5395100116729736,0.04045237973332405
22,101,False,0.0,1,0.8110042810440063,0.26570555567741394,0.542517900466919,0.04113753139972687
22,102,False,0.0,1,0.8118378520011902,0.2649081349372864,0.5438765287399292,0.04120229557156563
22,103,False,0.0,1,0.8126745820045471,0.2643059492111206,0.5451189875602722,0.04163031280040741
22,104,False,0.0,1,0.8132891654968262,0.26394498348236084,0.5470843315124512,0.0419304333627224
22,105,False,0.0,1,0.8142301440238953,0.2625803053379059,0.5489565134048462,0.04256674647331238
22,106,False,0.0,1,0.8149831295013428,0.26090115308761597,0.5513474941253662,0.043642397969961166
22,107,False,0.0,1,0.8158140182495117,0.2596689760684967,0.5560822486877441,0.04494931921362877
22,108,False,0.0,1,0.8164297342300415,0.2595157325267792,0.5582349896430969,0.04526621475815773
22,109,False,0.0,1,0.8163080215454102,0.2591565251350403,0.56022047996521,0.04603838920593262
22,110,False,0.0,1,0.8170722723007202,0.25861337780952454,0.5656211376190186,0.047941721975803375
23,0,False,0.0,0,0.7443954944610596,0.1721816211938858,0.533794105052948,0.030697206035256386
23,1,False,0.0,1,0.829886794090271,0.25115448236465454,0.5620840191841125,0.04086412489414215
23,2,False,0.0,1,0.8300737142562866,0.2511367201805115,0.5620008707046509,0.0408308319747448
23,3,False,0.0,1,0.8300145864486694,0.2510436773300171,0.5621719360351562,0.04083194211125374
23,4,False,0.0,1,0.8299560546875,0.25130873918533325,0.5626028776168823,0.04165064916014671
23,5,False,0.0,1,0.8300010561943054,0.2512097954750061,0.5646802186965942,0.04301406815648079
23,6,False,0.0,1,0.8295806646347046,0.25124093890190125,0.5671980381011963,0.04510780796408653
23,7,False,0.0,1,0.8291444778442383,0.2512463331222534,0.5694243907928467,0.04641370102763176
23,8,False,0.0,1,0.8287359476089478,0.25150275230407715,0.5702811479568481,0.046790093183517456
23,9,False,0.0,1,0.8288437128067017,0.2515478730201721,0.5712113380432129,0.04727060720324516
23,10,False,0.0,1,0.8286353349685669,0.25193479657173157,0.572148323059082,0.047603901475667953
23,11,False,0.0,1,0.8278182148933411,0.2524513900279999,0.5720139741897583,0.04729720577597618
23,12,False,0.0,1,0.8266958594322205,0.25343480706214905,0.5728521347045898,0.04797074571251869
23,13,False,0.0,1,0.828134298324585,0.2537916600704193,0.5746825933456421,0.04808570072054863
23,14,False,0.0,1,0.827492892742157,0.2547508478164673,0.5750414729118347,0.04774535447359085
23,15,False,0.0,1,0.826465368270874,0.25541678071022034,0.5759317874908447,0.047521837055683136
23,16,False,0.0,1,0.8263624310493469,0.25563889741897583,0.5769330263137817,0.04740096256136894
23,17,False,0.0,1,0.8259809017181396,0.2565571963787079,0.5777953267097473,0.04689870402216911
23,18,False,0.0,1,0.8248293399810791,0.2570352256298065,0.578559160232544,0.04612528160214424
23,19,False,0.0,1,0.8234751224517822,0.25779104232788086,0.5775884389877319,0.045394107699394226
23,20,False,0.0,1,0.8226933479309082,0.2582368850708008,0.5770491361618042,0.04490746557712555
23,21,False,0.0,1,0.8216162323951721,0.25897878408432007,0.5762170553207397,0.04455007240176201
23,22,False,0.0,1,0.8207312822341919,0.2598341107368469,0.5754820108413696,0.04401174187660217
23,23,False,0.0,1,0.820144534111023,0.2604559063911438,0.5748955607414246,0.04372769594192505
23,24,False,0.0,1,0.8193472623825073,0.2613457143306732,0.5736148357391357,0.04313275218009949
23,25,False,0.0,1,0.8182674646377563,0.26173773407936096,0.5713366270065308,0.04173345863819122
23,26,False,0.0,1,0.8173545002937317,0.26261305809020996,0.5706629753112793,0.0411655493080616
23,27,False,0.0,1,0.8164873123168945,0.26348328590393066,0.5692152380943298,0.04076264053583145
23,28,False,0.0,1,0.8159931302070618,0.26389890909194946,0.5668308138847351,0.04033016413450241
23,29,False,0.0,1,0.8152859807014465,0.26439014077186584,0.5644469261169434,0.03957374393939972
23,30,False,0.0,1,0.8141934871673584,0.2648494839668274,0.5627217888832092,0.039084672927856445
23,31,False,0.0,1,0.813976526260376,0.26548877358436584,0.5616005063056946,0.039444699883461
23,32,False,0.0,1,0.8133004903793335,0.2658649981021881,0.5608745813369751,0.04007020220160484
23,33,False,0.0,1,0.8121981620788574,0.26600098609924316,0.5583359003067017,0.04037492722272873
23,34,True,0.008771929889917374,1,0.8130680322647095,0.26661381125450134,0.5534273386001587,0.04049051180481911
23,35,True,0.048672568053007126,1,0.8175516724586487,0.2588120996952057,0.523654580116272,0.036904022097587585
23,36,True,0.09292035549879074,1,0.8162051439285278,0.2585810124874115,0.5210927724838257,0.03757813200354576
23,37,True,0.13716813921928406,1,0.8150140643119812,0.2586047351360321,0.5182561874389648,0.03932863101363182
23,38,True,0.18141593039035797,1,0.8160328269004822,0.2589465081691742,0.5135278701782227,0.03793152794241905
23,39,True,0.22566372156143188,1,0.8160831928253174,0.25935402512550354,0.513393759727478,0.03725925832986832
23,40,True,0.2699114978313446,1,0.815830647945404,0.2601947784423828,0.5179494619369507,0.03423302620649338
23,41,True,0.3141593039035797,1,0.8155745267868042,0.26014429330825806,0.5208584070205688,0.03152669593691826
23,42,True,0.35840708017349243,1,0.8155250549316406,0.26010262966156006,0.5214489698410034,0.03016316331923008
23,43,True,0.40265485644340515,1,0.8159571290016174,0.2597065567970276,0.5207024812698364,0.02952517755329609
23,44,True,0.44690266251564026,1,0.8167455196380615,0.25903230905532837,0.5198111534118652,0.028836634010076523
23,45,True,0.491150438785553,1,0.817267656326294,0.25827232003211975,0.5181471705436707,0.029188230633735657
23,46,True,0.5353982448577881,1,0.8176686763763428,0.2575626075267792,0.5197824239730835,0.02904401533305645
23,47,True,0.5796459913253784,1,0.8179076910018921,0.2571325898170471,0.5247713327407837,0.02851024456322193
23,48,True,0.6238937973976135,1,0.8187164068222046,0.2570451498031616,0.523210883140564,0.028265681117773056
23,49,True,0.6681416034698486,1,0.8183509111404419,0.2573569715023041,0.5231361985206604,0.02842991054058075
23,50,True,0.7123894095420837,1,0.8179776668548584,0.25730493664741516,0.5223158597946167,0.02854548767209053
23,51,True,0.7566371560096741,1,0.8188936710357666,0.25721609592437744,0.524315357208252,0.029067961499094963
23,52,True,0.8008849620819092,1,0.8187451362609863,0.2568810284137726,0.5249471664428711,0.028554996475577354
23,53,True,0.8451327681541443,1,0.8185721039772034,0.2567427456378937,0.5239768028259277,0.02868327498435974
23,54,True,0.8893805146217346,1,0.8184704780578613,0.2562214136123657,0.525756299495697,0.02805848978459835
23,55,True,0.9336283206939697,1,0.8183833360671997,0.2552856206893921,0.5256127715110779,0.027662938460707664
23,56,True,0.9778761267662048,1,0.8194646835327148,0.25491219758987427,0.5246450304985046,0.027619533240795135
23,57,True,1.0,1,0.8181672096252441,0.25461170077323914,0.5216419696807861,0.02813790552318096
23,58,True,1.0,1,0.8183495998382568,0.25449711084365845,0.5203381776809692,0.027919050306081772
23,59,True,1.0,1,0.8184062242507935,0.2544621527194977,0.5196267366409302,0.027661968022584915
23,60,True,1.0,1,0.8184276819229126,0.25444555282592773,0.5192528963088989,0.027493145316839218
23,61,True,1.0,1,0.8184198141098022,0.2544287145137787,0.519074559211731,0.027412258088588715
23,62,True,1.0,1,0.8184249401092529,0.2544397711753845,0.5189856886863708,0.027368269860744476
23,63,True,1.0,1,0.8184224367141724,0.2544364929199219,0.5189435482025146,0.027346566319465637
23,64,True,1.0,1,0.818631649017334,0.2543793022632599,0.5187351703643799,0.027304749935865402
23,65,True,1.0,1,0.8186464309692383,0.2543860375881195,0.518675684928894,0.027305014431476593
23,66,True,1.0,1,0.8186430931091309,0.25437721610069275,0.5186390280723572,0.02730623073875904
23,67,True,1.0,1,0.8186492919921875,0.254386842250824,0.5186338424682617,0.027305427938699722
23,68,True,1.0,1,0.818650484085083,0.25438904762268066,0.5186354517936707,0.027306074276566505
23,69,True,1.0,1,0.8186482191085815,0.2543841004371643,0.5186354517936707,0.02730504795908928
23,70,True,1.0,1,0.8186477422714233,0.2543845474720001,0.5186368823051453,0.02730511501431465
23,71,True,1.0,1,0.8186465501785278,0.2543819546699524,0.5186375379562378,0.02730492874979973
23,72,True,1.0,1,0.8190193772315979,0.25432777404785156,0.5185267329216003,0.027432097122073174
23,73,True,1.0,1,0.8189988732337952,0.25435036420822144,0.5185033082962036,0.027438316494226456
23,74,True,1.0,1,0.8189979195594788,0.25435671210289,0.5184937119483948,0.02744184620678425
23,75,True,1.0,1,0.8189823627471924,0.25435182452201843,0.5184920430183411,0.027442853897809982
23,76,True,1.0,1,0.818972110748291,0.254352331161499,0.5184943675994873,0.02744484692811966
23,77,True,1.0,1,0.8189775943756104,0.2543528974056244,0.5184955596923828,0.027443043887615204
23,78,True,1.0,1,0.8189733028411865,0.25435519218444824,0.5184965133666992,0.027443839237093925
23,79,True,1.0,1,0.8189758062362671,0.2543491721153259,0.5184972286224365,0.027443930506706238
23,80,True,1.0,1,0.8192365169525146,0.2543031573295593,0.5185074210166931,0.02765682153403759
23,81,True,1.0,1,0.8192124366760254,0.25431209802627563,0.5185385942459106,0.027657385915517807
23,82,True,1.0,1,0.8192101716995239,0.25431665778160095,0.5185518860816956,0.02765621244907379
23,83,True,1.0,1,0.8192125558853149,0.2543216943740845,0.5185542106628418,0.02765950933098793
23,84,True,1.0,1,0.8192051649093628,0.25432541966438293,0.5185611248016357,0.027657872065901756
23,85,False,0.0,1,0.8158288598060608,0.2637214660644531,0.5298930406570435,0.041509222239255905
23,86,False,0.0,1,0.8139815926551819,0.26514583826065063,0.5254125595092773,0.04211300238966942
23,87,False,0.0,1,0.8122560381889343,0.26673999428749084,0.5228444337844849,0.04187323898077011
23,88,False,0.0,1,0.810826301574707,0.2685377895832062,0.5215277671813965,0.041386064141988754
23,89,False,0.0,1,0.8098098039627075,0.26977622509002686,0.5217580199241638,0.04071683809161186
23,90,False,0.0,1,0.8097469210624695,0.27044978737831116,0.5225921869277954,0.03985175862908363
23,91,False,0.0,1,0.8096842765808105,0.2715875804424286,0.5228739976882935,0.03944137692451477
23,92,False,0.0,1,0.8088478446006775,0.2727542519569397,0.5242593884468079,0.039384935051202774
23,93,False,0.0,1,0.8083271384239197,0.2733391225337982,0.5246219038963318,0.0390777587890625
23,94,False,0.0,1,0.8075664639472961,0.27343666553497314,0.5247400999069214,0.03898068144917488
23,95,False,0.0,1,0.8070106506347656,0.27325981855392456,0.5253824591636658,0.03823034092783928
23,96,False,0.0,1,0.8070796132087708,0.27286019921302795,0.5262660980224609,0.03749033063650131
23,97,False,0.0,1,0.8071690797805786,0.27250611782073975,0.5277315378189087,0.037577807903289795
23,98,False,0.0,1,0.8075228929519653,0.27189889550209045,0.5287476778030396,0.037271201610565186
23,99,False,0.0,1,0.8082926273345947,0.27105391025543213,0.5308825969696045,0.03721193969249725
23,100,False,0.0,1,0.8088616728782654,0.27068328857421875,0.5319643616676331,0.03730567544698715
23,101,False,0.0,1,0.8094813823699951,0.26997923851013184,0.5328181385993958,0.03740520402789116
23,102,False,0.0,1,0.8101436495780945,0.2688295245170593,0.5347164869308472,0.03771929070353508
23,103,False,0.0,1,0.8105646371841431,0.2684003412723541,0.5367761850357056,0.03788410499691963
23,104,False,0.0,1,0.8119120597839355,0.26642686128616333,0.5405219793319702,0.03845074400305748
23,105,False,0.0,1,0.8127735257148743,0.2650039792060852,0.5434731245040894,0.039143748581409454
23,106,False,0.0,1,0.8133150339126587,0.2643906772136688,0.5458178520202637,0.03980332985520363
23,107,False,0.0,1,0.8137879371643066,0.26374098658561707,0.5464716553688049,0.040138520300388336
23,108,False,0.0,1,0.813746452331543,0.26320892572402954,0.5486668348312378,0.04059654474258423
23,109,False,0.0,1,0.8139204382896423,0.2629811465740204,0.549391508102417,0.04083789139986038
23,110,False,0.0,1,0.8140655159950256,0.2626127302646637,0.5497846007347107,0.04098162800073624
23,111,False,0.0,1,0.8142858743667603,0.2624413073062897,0.549419641494751,0.04066111519932747
23,112,False,0.0,1,0.8146534562110901,0.2623899579048157,0.5487006306648254,0.04048359766602516
23,113,False,0.0,1,0.8145855665206909,0.26222342252731323,0.5501137971878052,0.04072590917348862
24,0,False,0.0,0,0.7240288257598877,0.17748665809631348,0.5338315963745117,0.03524073213338852
24,1,False,0.0,1,0.8287578225135803,0.2522581219673157,0.5589194297790527,0.04391803219914436
24,2,False,0.0,1,0.8288666605949402,0.25217849016189575,0.5555633306503296,0.04499804228544235
24,3,False,0.0,1,0.830085277557373,0.251828134059906,0.5536514520645142,0.04697614535689354
24,4,False,0.0,1,0.8303968906402588,0.2511119544506073,0.5524530410766602,0.048831965774297714
24,5,False,0.0,1,0.8314493894577026,0.25054994225502014,0.553001880645752,0.05020567774772644
24,6,False,0.0,1,0.8320688009262085,0.2503575384616852,0.5539712905883789,0.05151688680052757
24,7,False,0.0,1,0.8326270580291748,0.2500182092189789,0.5539888739585876,0.05208392068743706
24,8,False,0.0,1,0.8327145576477051,0.24996843934059143,0.5542476177215576,0.05263446643948555
24,9,False,0.0,1,0.8326029777526855,0.2500118911266327,0.5541059970855713,0.05270364508032799
24,10,False,0.0,1,0.8326984643936157,0.24970261752605438,0.5542399883270264,0.0530841127038002
24,11,False,0.0,1,0.8327471017837524,0.24939517676830292,0.5550165176391602,0.05319393798708916
24,12,False,0.0,1,0.8330366611480713,0.24913081526756287,0.5547547936439514,0.053196799010038376
24,13,False,0.0,1,0.8339978456497192,0.24890874326229095,0.5553959608078003,0.053302664309740067
24,14,False,0.0,1,0.8342133164405823,0.24911653995513916,0.5564688444137573,0.05310042202472687
24,15,False,0.0,1,0.8343406915664673,0.24917908012866974,0.5570119619369507,0.053263626992702484
24,16,False,0.0,1,0.8338592052459717,0.2491588443517685,0.5570324063301086,0.052958134561777115
24,17,False,0.0,1,0.8336145877838135,0.24921682476997375,0.5557605028152466,0.05264366790652275
24,18,False,0.0,1,0.8333339691162109,0.24958355724811554,0.555461049079895,0.051911767572164536
24,19,False,0.0,1,0.8332235813140869,0.2502627968788147,0.5554766654968262,0.05132238566875458
24,20,False,0.0,1,0.8322073221206665,0.25090667605400085,0.5569944381713867,0.05086110904812813
24,21,False,0.0,1,0.8308616876602173,0.25186219811439514,0.5600302815437317,0.05078001320362091
24,22,False,0.0,1,0.8291155099868774,0.25252944231033325,0.5620186924934387,0.05027804151177406
24,23,False,0.0,1,0.8282284736633301,0.25304627418518066,0.5643224716186523,0.049861133098602295
24,24,False,0.0,1,0.8278053998947144,0.25335946679115295,0.5671817064285278,0.049555134028196335
24,25,False,0.0,1,0.8271815776824951,0.25313785672187805,0.569578230381012,0.0500173382461071
24,26,False,0.0,1,0.8263921141624451,0.2532203793525696,0.570851743221283,0.04956604167819023
24,27,False,0.0,1,0.8255448341369629,0.2538102865219116,0.572367787361145,0.04980345442891121
24,28,False,0.0,1,0.8246381282806396,0.2546361982822418,0.5743759870529175,0.05035553500056267
24,29,False,0.0,1,0.8238261938095093,0.2563092112541199,0.5745963454246521,0.05049928277730942
24,30,False,0.0,1,0.8231346011161804,0.25802597403526306,0.573326587677002,0.050378456711769104
24,31,False,0.0,1,0.822334349155426,0.2594861090183258,0.5722471475601196,0.05015973746776581
24,32,False,0.0,1,0.8210772275924683,0.261322557926178,0.5714016556739807,0.05005399510264397
24,33,False,0.0,1,0.8198796510696411,0.26370400190353394,0.5692938566207886,0.049956563860177994
24,34,False,0.0,1,0.8186198472976685,0.2655250132083893,0.5671162009239197,0.04981260001659393
24,35,False,0.0,1,0.8173881769180298,0.26765716075897217,0.5656558871269226,0.0503547377884388
24,36,False,0.0,1,0.8153256773948669,0.2690136730670929,0.562457263469696,0.0498904287815094
24,37,False,0.0,1,0.813583493232727,0.2699187397956848,0.5626133680343628,0.05040692538022995
24,38,False,0.0,1,0.8124918937683105,0.2707030177116394,0.5601711273193359,0.05071662738919258
24,39,False,0.0,1,0.810968279838562,0.27150431275367737,0.5532493591308594,0.04897431284189224
24,40,True,0.02671755664050579,1,0.81037437915802,0.2716163992881775,0.5496529340744019,0.0484626367688179
24,41,True,0.06488549709320068,1,0.8103347420692444,0.269673228263855,0.543640673160553,0.047043949365615845
24,42,True,0.10305343568325043,1,0.8101339340209961,0.2681526839733124,0.5376262664794922,0.04488907754421234
24,43,True,0.14122137427330017,1,0.8104497790336609,0.2664957344532013,0.536404013633728,0.04463675245642662
24,44,True,0.17938931286334991,1,0.8109859824180603,0.26459890604019165,0.5256050229072571,0.04238159954547882
24,45,True,0.21755725145339966,1,0.809548020362854,0.2657480835914612,0.5117734670639038,0.04124545305967331
24,46,True,0.2557252049446106,1,0.8091140985488892,0.26616954803466797,0.5080546736717224,0.04132157191634178
24,47,True,0.29389312863349915,1,0.8090834617614746,0.265922874212265,0.5130573511123657,0.03903175890445709
24,48,True,0.3320610821247101,1,0.8105966448783875,0.2644025981426239,0.5112035274505615,0.0378277488052845
24,49,True,0.37022900581359863,1,0.8113504648208618,0.26402801275253296,0.5122039318084717,0.03773605078458786
24,50,True,0.40839695930480957,1,0.8106356859207153,0.26377150416374207,0.5171281099319458,0.03814762458205223
24,51,True,0.4465648829936981,1,0.8114398717880249,0.2635936141014099,0.5187723636627197,0.038065243512392044
24,52,True,0.48473283648490906,1,0.8122630715370178,0.2630572021007538,0.5165826082229614,0.03753625229001045
24,53,True,0.5229007601737976,1,0.8128802180290222,0.26259493827819824,0.5141047835350037,0.03666510060429573
24,54,True,0.5610687136650085,1,0.8136579990386963,0.2617335021495819,0.5144575834274292,0.03624147176742554
24,55,True,0.5992366671562195,1,0.8151457905769348,0.25979989767074585,0.5186934471130371,0.033933017402887344
24,56,True,0.6374045610427856,1,0.8159427642822266,0.25847092270851135,0.5224442481994629,0.03241556137800217
24,57,True,0.6755725145339966,1,0.8163385391235352,0.25733354687690735,0.5248831510543823,0.03172561153769493
24,58,True,0.7137404680252075,1,0.8164218664169312,0.25719088315963745,0.5259581804275513,0.031220467761158943
24,59,True,0.7519084215164185,1,0.8151801824569702,0.25680771470069885,0.5277079343795776,0.030879860743880272
24,60,True,0.7900763154029846,1,0.8149743676185608,0.2565299868583679,0.5313314199447632,0.029895877465605736
24,61,True,0.8282442688941956,1,0.8147727251052856,0.25678300857543945,0.5309593081474304,0.029106197878718376
24,62,True,0.8664122223854065,1,0.815714418888092,0.2566514015197754,0.5321862697601318,0.02958504669368267
24,63,True,0.9045801758766174,1,0.8155555129051208,0.2574257552623749,0.5338468551635742,0.02900046482682228
24,64,True,0.9427480697631836,1,0.8155750036239624,0.25585511326789856,0.530096173286438,0.02820616215467453
24,65,True,0.9809160232543945,1,0.8162308931350708,0.2543821334838867,0.524894654750824,0.02794404700398445
24,66,True,1.0,1,0.8160808086395264,0.25405511260032654,0.5213209390640259,0.02926805056631565
24,67,True,1.0,1,0.8162460327148438,0.2539295554161072,0.5201520323753357,0.02923312596976757
24,68,True,1.0,1,0.8162665367126465,0.2538836598396301,0.5195239782333374,0.029083743691444397
24,69,True,1.0,1,0.8162713050842285,0.2538855969905853,0.5192137956619263,0.028970886021852493
24,70,True,1.0,1,0.8162342309951782,0.253983736038208,0.5191383361816406,0.028905710205435753
24,71,True,1.0,1,0.8162134885787964,0.2539784610271454,0.5190039873123169,0.028862442821264267
24,72,True,1.0,1,0.8162152767181396,0.253976434469223,0.518945574760437,0.028843190521001816
24,73,True,1.0,1,0.8162111043930054,0.2539742887020111,0.5189207792282104,0.028829770162701607
24,74,True,1.0,1,0.8162157535552979,0.25398507714271545,0.51890629529953,0.028824876993894577
24,75,True,1.0,1,0.8162146806716919,0.253980815410614,0.5189006328582764,0.028822002932429314
24,76,True,1.0,1,0.8162147998809814,0.2539810240268707,0.5188958644866943,0.028820933774113655
24,77,True,1.0,1,0.816213846206665,0.25398024916648865,0.5188938975334167,0.028821520507335663
24,78,True,1.0,1,0.816182017326355,0.25407519936561584,0.5190401077270508,0.02890007756650448
24,79,True,1.0,1,0.8161638975143433,0.2540830969810486,0.5190241932868958,0.02889154851436615
24,80,True,1.0,1,0.8161534070968628,0.2540857195854187,0.5190078616142273,0.02888530120253563
24,81,True,1.0,1,0.8161493539810181,0.2540964186191559,0.5190060138702393,0.028883500024676323
24,82,True,1.0,1,0.8161488771438599,0.2540978193283081,0.5190062522888184,0.028883911669254303
24,83,True,1.0,1,0.8161463737487793,0.2540953457355499,0.519005537033081,0.0288824625313282
24,84,True,1.0,1,0.8161444664001465,0.25409528613090515,0.5190055966377258,0.02888202667236328
24,85,True,1.0,1,0.8161444664001465,0.25409528613090515,0.519005298614502,0.02888205461204052
24,86,True,1.0,1,0.8161141872406006,0.25414055585861206,0.5191028118133545,0.02903382107615471
24,87,True,1.0,1,0.8161089420318604,0.2541494369506836,0.5191065073013306,0.029029155150055885
24,88,True,1.0,1,0.8161141872406006,0.25416240096092224,0.5190995931625366,0.029023878276348114
24,89,True,1.0,1,0.8161051273345947,0.25416332483291626,0.5191049575805664,0.029021289199590683
24,90,True,1.0,1,0.8161032199859619,0.2541537582874298,0.5191084146499634,0.02902013063430786
24,91,True,1.0,1,0.8160991668701172,0.25415557622909546,0.5191074013710022,0.029019689187407494
24,92,True,1.0,1,0.8160996437072754,0.2541583776473999,0.5191081166267395,0.0290206428617239
24,93,True,1.0,1,0.8161005973815918,0.2541576027870178,0.5191072225570679,0.02901948057115078
24,94,True,1.0,1,0.8161560297012329,0.25429680943489075,0.5190674066543579,0.029262913390994072
24,95,True,1.0,1,0.8161354064941406,0.2543092370033264,0.5190815329551697,0.02925223298370838
24,96,True,1.0,1,0.8161262273788452,0.2543146014213562,0.5190744400024414,0.029250260442495346
24,97,True,1.0,1,0.8161213397979736,0.25431081652641296,0.519079327583313,0.029248975217342377
24,98,True,1.0,1,0.8161205053329468,0.2543107569217682,0.5190830826759338,0.0292461346834898
24,99,False,0.0,1,0.8153278827667236,0.26195138692855835,0.5335164070129395,0.05448485538363457
24,100,False,0.0,1,0.8140619993209839,0.26228660345077515,0.5344357490539551,0.05366305261850357
24,101,False,0.0,1,0.8130558729171753,0.2624839246273041,0.5343228578567505,0.05125293880701065
24,102,False,0.0,1,0.8118477463722229,0.2631451487541199,0.5323070287704468,0.04949896037578583
24,103,False,0.0,1,0.810415506362915,0.26323938369750977,0.5334744453430176,0.04711433872580528
24,104,False,0.0,1,0.8093360662460327,0.26322007179260254,0.5328735113143921,0.04568737372756004
24,105,False,0.0,1,0.8086032867431641,0.26352638006210327,0.5295381546020508,0.04397200793027878
24,106,False,0.0,1,0.8079913854598999,0.26276472210884094,0.5286319255828857,0.042923517525196075
24,107,False,0.0,1,0.8070454597473145,0.263695627450943,0.5286339521408081,0.04160202667117119
24,108,False,0.0,1,0.807282567024231,0.26416659355163574,0.5285816192626953,0.04012218862771988
24,109,False,0.0,1,0.8069640398025513,0.2662774622440338,0.5288256406784058,0.03922879695892334
24,110,False,0.0,1,0.8064521551132202,0.2678392231464386,0.5301600694656372,0.03860941529273987
24,111,False,0.0,1,0.8069443106651306,0.2681612968444824,0.5310366153717041,0.03905640169978142
24,112,False,0.0,1,0.80820631980896,0.2693236172199249,0.5286375284194946,0.03891444578766823
24,113,False,0.0,1,0.8088390827178955,0.2699059844017029,0.5303286910057068,0.03898720443248749
24,114,False,0.0,1,0.8086053133010864,0.26987308263778687,0.5301011800765991,0.038990020751953125
24,115,False,0.0,1,0.8089555501937866,0.26889291405677795,0.5281708836555481,0.03952204808592796
24,116,False,0.0,1,0.8096547722816467,0.2673553228378296,0.5283536314964294,0.04020452871918678
24,117,False,0.0,1,0.8099352121353149,0.26615461707115173,0.5304509401321411,0.040147844702005386
24,118,False,0.0,1,0.810543417930603,0.2658924460411072,0.5335007905960083,0.040575142949819565
24,119,False,0.0,1,0.8112194538116455,0.26549404859542847,0.534917414188385,0.04041150212287903
24,120,False,0.0,1,0.8119226694107056,0.2651551365852356,0.5367716550827026,0.04045380279421806
24,121,False,0.0,1,0.8127623796463013,0.26410216093063354,0.5379278063774109,0.03989415988326073
24,122,False,0.0,1,0.8132034540176392,0.2634027302265167,0.539684534072876,0.03978392854332924
24,123,False,0.0,1,0.8140872120857239,0.26304566860198975,0.5465980768203735,0.04074584320187569
24,124,False,0.0,1,0.8143321871757507,0.26264309883117676,0.5501078367233276,0.041894104331731796
24,125,False,0.0,1,0.8145264387130737,0.2622832953929901,0.5516824722290039,0.04242275655269623
24,126,False,0.0,1,0.8149141073226929,0.2617310881614685,0.553711473941803,0.04305297136306763
24,127,False,0.0,1,0.8157952427864075,0.2601828873157501,0.5576868057250977,0.044264160096645355
24,128,False,0.0,1,0.8168845176696777,0.25936010479927063,0.5626591444015503,0.04619990289211273
24,129,False,0.0,1,0.8175844550132751,0.2589885890483856,0.5639910101890564,0.0458110049366951
24,130,False,0.0,1,0.8168990612030029,0.2596568167209625,0.561249852180481,0.04405982047319412
24,131,False,0.0,1,0.8169683218002319,0.25921496748924255,0.5657864809036255,0.04547896608710289
25,0,False,0.0,0,0.7630095481872559,0.18108324706554413,0.5375723242759705,0.030599690973758698
25,1,False,0.0,1,0.8333941698074341,0.2509147524833679,0.5661510229110718,0.040046148002147675
25,2,False,0.0,1,0.8336014747619629,0.25077468156814575,0.5661351084709167,0.03984947130084038
25,3,False,0.0,1,0.8336835503578186,0.25053170323371887,0.5661412477493286,0.039753951132297516
25,4,False,0.0,1,0.8336137533187866,0.2505210340023041,0.5659250020980835,0.039612166583538055
25,5,False,0.0,1,0.8335921764373779,0.25070008635520935,0.5666283965110779,0.03986704722046852
25,6,False,0.0,1,0.8337187767028809,0.251010000705719,0.5696678161621094,0.04110535979270935
25,7,False,0.0,1,0.8328193426132202,0.25168395042419434,0.5722252130508423,0.04260540008544922
25,8,False,0.0,1,0.8319829702377319,0.2518848478794098,0.5746151208877563,0.04462864622473717
25,9,False,0.0,1,0.8309087753295898,0.2526635229587555,0.576163649559021,0.045646630227565765
25,10,False,0.0,1,0.8298441171646118,0.2538500726222992,0.5763144493103027,0.04580250382423401
25,11,False,0.0,1,0.829348087310791,0.254863440990448,0.5765075087547302,0.04624881222844124
25,12,False,0.0,1,0.8288326263427734,0.255681574344635,0.578490138053894,0.04717007651925087
25,13,False,0.0,1,0.8277794718742371,0.256599485874176,0.5794909000396729,0.047808241099119186
25,14,False,0.0,1,0.8271658420562744,0.257241427898407,0.581233561038971,0.048172902315855026
25,15,False,0.0,1,0.8263152241706848,0.25800755620002747,0.5823439359664917,0.04842761158943176
25,16,False,0.0,1,0.8253831267356873,0.25851115584373474,0.5819502472877502,0.04811481386423111
25,17,False,0.0,1,0.8238961696624756,0.2593477964401245,0.582748532295227,0.047791458666324615
25,18,False,0.0,1,0.8235119581222534,0.2598792016506195,0.5827301740646362,0.04776854068040848
25,19,False,0.0,1,0.823114275932312,0.26000648736953735,0.5820888876914978,0.04732208698987961
25,20,False,0.0,1,0.8222199082374573,0.26017123460769653,0.5819220542907715,0.047156959772109985
25,21,False,0.0,1,0.8218250274658203,0.26042062044143677,0.5801061987876892,0.04648841544985771
25,22,False,0.0,1,0.8214135766029358,0.2611106038093567,0.5787146091461182,0.045496486127376556
25,23,False,0.0,1,0.8208216428756714,0.26205000281333923,0.5790101289749146,0.04528352618217468
25,24,False,0.0,1,0.8193105459213257,0.2629368007183075,0.5771278142929077,0.04486611858010292
25,25,False,0.0,1,0.8185639977455139,0.2634566128253937,0.5746433734893799,0.04365919530391693
25,26,False,0.0,1,0.8175574541091919,0.263602077960968,0.5718845129013062,0.042516980320215225
25,27,False,0.0,1,0.8166577816009521,0.2644186317920685,0.570807158946991,0.04303794354200363
25,28,False,0.0,1,0.8157213926315308,0.26483479142189026,0.5692996978759766,0.04272356256842613
25,29,False,0.0,1,0.8151960372924805,0.2658558189868927,0.5675158500671387,0.04252753406763077
25,30,False,0.0,1,0.813920259475708,0.2673996388912201,0.566254734992981,0.042636286467313766
25,31,False,0.0,1,0.8130741715431213,0.2685950696468353,0.565926194190979,0.043168168514966965
25,32,False,0.0,1,0.8124432563781738,0.2693990170955658,0.5652283430099487,0.04425562545657158
25,33,False,0.0,1,0.8114825487136841,0.2702704668045044,0.5633727312088013,0.04510558024048805
25,34,False,0.0,1,0.8109805583953857,0.27075737714767456,0.559514045715332,0.04559851437807083
25,35,False,0.0,1,0.810616135597229,0.27096500992774963,0.5585630536079407,0.047174155712127686
25,36,False,0.0,1,0.8106656074523926,0.27064502239227295,0.5572705268859863,0.04833893105387688
25,37,True,0.028925620019435883,1,0.8107503652572632,0.26908302307128906,0.5446771383285522,0.04605371132493019
25,38,True,0.07024793326854706,1,0.8138251304626465,0.26212605834007263,0.524847686290741,0.04058143496513367
25,39,True,0.11157024651765823,1,0.8160980343818665,0.2597493827342987,0.5209379196166992,0.03938930481672287
25,40,True,0.1528925597667694,1,0.8163686990737915,0.25936034321784973,0.5198866128921509,0.0384831540286541
25,41,True,0.19421488046646118,1,0.8175603151321411,0.25958746671676636,0.5192480683326721,0.03666381537914276
25,42,True,0.23553718626499176,1,0.817697286605835,0.2595769762992859,0.5220104455947876,0.03574110567569733
25,43,True,0.27685949206352234,1,0.8176422715187073,0.26013243198394775,0.5217597484588623,0.03351854532957077
25,44,True,0.3181818127632141,1,0.817267894744873,0.2601507604122162,0.523749589920044,0.030787896364927292
25,45,True,0.3595041334629059,1,0.8168795704841614,0.2598744332790375,0.5227771997451782,0.029948212206363678
25,46,True,0.40082645416259766,1,0.8169443607330322,0.2596689760684967,0.5204323530197144,0.029375851154327393
25,47,True,0.44214877486228943,1,0.8175371885299683,0.2591155171394348,0.5212277173995972,0.028313642367720604
25,48,True,0.4834710657596588,1,0.8183372616767883,0.2583232820034027,0.5210810899734497,0.028654728084802628
25,49,True,0.5247933864593506,1,0.819595992565155,0.2572213411331177,0.5234642028808594,0.0281671192497015
25,50,True,0.56611567735672,1,0.8198403120040894,0.25755539536476135,0.5276574492454529,0.02711811289191246
25,51,True,0.6074380278587341,1,0.8204794526100159,0.25757721066474915,0.524611234664917,0.02699551172554493
25,52,True,0.6487603187561035,1,0.8206055164337158,0.2574208676815033,0.5217763781547546,0.026707032695412636
25,53,True,0.6900826692581177,1,0.8207430243492126,0.25726547837257385,0.5211672782897949,0.026529459282755852
25,54,True,0.7314049601554871,1,0.8211225271224976,0.2570074200630188,0.5211347341537476,0.027046311646699905
25,55,True,0.7727272510528564,1,0.821137011051178,0.256504088640213,0.5217971801757812,0.027435781434178352
25,56,True,0.8140496015548706,1,0.8210313320159912,0.2560652196407318,0.5240340232849121,0.027716457843780518
25,57,True,0.85537189245224,1,0.8213859796524048,0.2556267976760864,0.5254515409469604,0.027264803647994995
25,58,True,0.8966942429542542,1,0.8222509622573853,0.2558043897151947,0.5275698900222778,0.027797073125839233
25,59,True,0.9380165338516235,1,0.8229590654373169,0.2549562454223633,0.5297510027885437,0.02831515297293663
25,60,True,0.9793388247489929,1,0.8211789131164551,0.2552546560764313,0.5253251194953918,0.0286259762942791
25,61,True,1.0,1,0.8206815719604492,0.2551409602165222,0.5226682424545288,0.030159130692481995
25,62,True,1.0,1,0.8207952976226807,0.2550942301750183,0.521786093711853,0.029928185045719147
25,63,True,1.0,1,0.820823609828949,0.25508835911750793,0.5212849378585815,0.029663335531949997
25,64,True,1.0,1,0.8208256363868713,0.2550957500934601,0.5210287570953369,0.029499515891075134
25,65,True,1.0,1,0.8208292126655579,0.25509366393089294,0.5208967924118042,0.029401719570159912
25,66,True,1.0,1,0.8206028938293457,0.2550508379936218,0.5214234590530396,0.028947679325938225
25,67,True,1.0,1,0.8206361532211304,0.25504016876220703,0.5213041305541992,0.0289344172924757
25,68,True,1.0,1,0.8206559419631958,0.2550324499607086,0.5212449431419373,0.028922971338033676
25,69,True,1.0,1,0.8206562995910645,0.2550269663333893,0.5212140679359436,0.028919680044054985
25,70,True,1.0,1,0.8206620216369629,0.25502821803092957,0.5212006568908691,0.028916917741298676
25,71,True,1.0,1,0.8206642866134644,0.2550279200077057,0.5211985111236572,0.028916122391819954
25,72,True,1.0,1,0.8206632137298584,0.25503259897232056,0.5211987495422363,0.02891763672232628
25,73,True,1.0,1,0.8206608295440674,0.2550324499607086,0.5211975574493408,0.02891746163368225
25,74,True,1.0,1,0.8205302953720093,0.25500205159187317,0.5219941139221191,0.028406605124473572
25,75,True,1.0,1,0.820569634437561,0.2549881935119629,0.5219089388847351,0.0284145288169384
25,76,True,1.0,1,0.8205790519714355,0.2549949288368225,0.5218713879585266,0.028418036177754402
25,77,True,1.0,1,0.8206000328063965,0.2550029158592224,0.5218554735183716,0.028421424329280853
25,78,True,1.0,1,0.8206099271774292,0.2549978196620941,0.5218474864959717,0.0284193716943264
25,79,True,1.0,1,0.8206081390380859,0.2549959421157837,0.5218442678451538,0.028419647365808487
25,80,True,1.0,1,0.8206154108047485,0.25499382615089417,0.5218440294265747,0.028419137001037598
25,81,True,1.0,1,0.8206138610839844,0.2549937665462494,0.5218432545661926,0.028420137241482735
25,82,True,1.0,1,0.8203797340393066,0.25472408533096313,0.5230938792228699,0.027876637876033783
25,83,True,1.0,1,0.8204445242881775,0.2546899616718292,0.5230941772460938,0.027885165065526962
25,84,True,1.0,1,0.8204815983772278,0.2546767294406891,0.5230967402458191,0.027887528762221336
25,85,True,1.0,1,0.8204939961433411,0.25466829538345337,0.5231033563613892,0.027890870347619057
25,86,True,1.0,1,0.820503830909729,0.25466349720954895,0.5231016874313354,0.02789042890071869
25,87,True,1.0,1,0.8205095529556274,0.25466078519821167,0.5231006145477295,0.027891045436263084
25,88,True,1.0,1,0.8205099105834961,0.2546614110469818,0.523101806640625,0.02789052575826645
25,89,True,1.0,1,0.8205121755599976,0.25465908646583557,0.5231012105941772,0.02789122425019741
25,90,True,1.0,1,0.8203676342964172,0.2545357048511505,0.5244505405426025,0.02733548730611801
25,91,False,0.0,1,0.8121819496154785,0.269854336977005,0.5383198261260986,0.03855545073747635
25,92,False,0.0,1,0.8111079335212708,0.2704695165157318,0.5392058491706848,0.03977108374238014
25,93,False,0.0,1,0.8088425397872925,0.2723485231399536,0.53902667760849,0.04028001055121422
25,94,False,0.0,1,0.8081531524658203,0.2720394432544708,0.5385093688964844,0.03982393443584442
25,95,False,0.0,1,0.8085249662399292,0.2711253762245178,0.5403039455413818,0.039547715336084366
25,96,False,0.0,1,0.8118175268173218,0.2688884139060974,0.5448442697525024,0.04012025147676468
25,97,False,0.0,1,0.8112542629241943,0.26810142397880554,0.5487897396087646,0.04090602695941925
25,98,False,0.0,1,0.8105158805847168,0.2681950628757477,0.5516899824142456,0.041365887969732285
25,99,False,0.0,1,0.8100215196609497,0.2682965099811554,0.5520179867744446,0.0412663109600544
25,100,False,0.0,1,0.8096750974655151,0.2684629261493683,0.5514253377914429,0.04101888835430145
25,101,False,0.0,1,0.8107794523239136,0.26836875081062317,0.5518999099731445,0.04112265631556511
25,102,False,0.0,1,0.8120275139808655,0.26832759380340576,0.5525854825973511,0.04093369469046593
25,103,False,0.0,1,0.8134552240371704,0.26753827929496765,0.5524462461471558,0.04066215083003044
25,104,False,0.0,1,0.8139103055000305,0.267013818025589,0.5521504282951355,0.04036973416805267
25,105,False,0.0,1,0.8141933679580688,0.26661473512649536,0.5516290664672852,0.03999210521578789
25,106,False,0.0,1,0.8150249123573303,0.2662677764892578,0.5515588521957397,0.03985019773244858
25,107,False,0.0,1,0.8154944777488708,0.2657506465911865,0.5526747703552246,0.04004049301147461
25,108,False,0.0,1,0.8155171871185303,0.2655499279499054,0.5521808862686157,0.03985500708222389
25,109,False,0.0,1,0.8154919147491455,0.2650412917137146,0.552704930305481,0.0398404486477375
25,110,False,0.0,1,0.8155778646469116,0.2650545835494995,0.5533468127250671,0.04004862159490585
25,111,False,0.0,1,0.8152622580528259,0.2643537223339081,0.5542892813682556,0.04027479887008667
25,112,False,0.0,1,0.8156803846359253,0.2639322876930237,0.5595376491546631,0.04221575707197189
25,113,False,0.0,1,0.8161518573760986,0.26360490918159485,0.5641475319862366,0.044274620711803436
25,114,False,0.0,1,0.8166847825050354,0.26338106393814087,0.5651059150695801,0.04479018598794937
25,115,False,0.0,1,0.8167306184768677,0.26305973529815674,0.5662808418273926,0.04515976831316948
25,116,False,0.0,1,0.8164116144180298,0.26286086440086365,0.5665690898895264,0.04526317119598389
25,117,False,0.0,1,0.8160660862922668,0.2627194821834564,0.5664423108100891,0.04503457248210907
25,118,False,0.0,1,0.8153316378593445,0.26224830746650696,0.5668255686759949,0.04528365656733513
25,119,False,0.0,1,0.8148342370986938,0.26184821128845215,0.5672690868377686,0.04540553689002991
25,120,False,0.0,1,0.8138531446456909,0.26147130131721497,0.5677807331085205,0.045430831611156464
25,121,False,0.0,1,0.8134821653366089,0.26116135716438293,0.5679175853729248,0.045266129076480865
26,0,False,0.0,0,0.757807731628418,0.1768416166305542,0.5285166501998901,0.04722779989242554
26,1,False,0.0,1,0.836738109588623,0.24873845279216766,0.5473388433456421,0.05345175415277481
26,2,False,0.0,1,0.8369260430335999,0.24824258685112,0.5473684072494507,0.053692419081926346
26,3,False,0.0,1,0.837354302406311,0.24772734940052032,0.5483102798461914,0.05497140809893608
26,4,False,0.0,1,0.8387486934661865,0.2468836009502411,0.5499900579452515,0.056295908987522125
26,5,False,0.0,1,0.8388620615005493,0.24684657156467438,0.5494247674942017,0.05707684904336929
26,6,False,0.0,1,0.8384734392166138,0.2469872087240219,0.5493170022964478,0.05772696062922478
26,7,False,0.0,1,0.8387171030044556,0.2467975914478302,0.5477555990219116,0.05865558236837387
26,8,False,0.0,1,0.8381270170211792,0.2466881275177002,0.5481014251708984,0.05961783230304718
26,9,False,0.0,1,0.837864875793457,0.24653413891792297,0.5500259399414062,0.059976402670145035
26,10,False,0.0,1,0.8374859094619751,0.24669520556926727,0.5522370338439941,0.05976768210530281
26,11,False,0.0,1,0.8368878364562988,0.24705928564071655,0.5538356900215149,0.05990450084209442
26,12,False,0.0,1,0.8357019424438477,0.24791468679904938,0.5555360317230225,0.05971861630678177
26,13,False,0.0,1,0.8346731662750244,0.24811555445194244,0.5571066737174988,0.05954710766673088
26,14,False,0.0,1,0.8335785865783691,0.24887853860855103,0.5592947006225586,0.05925837159156799
26,15,False,0.0,1,0.8331961631774902,0.2495640069246292,0.5599818229675293,0.05888818949460983
26,16,False,0.0,1,0.83304762840271,0.2501470446586609,0.560748815536499,0.05869698151946068
26,17,False,0.0,1,0.8325933218002319,0.25029847025871277,0.5613435506820679,0.05807088688015938
26,18,False,0.0,1,0.8309701681137085,0.2510449290275574,0.5628331303596497,0.057849712669849396
26,19,False,0.0,1,0.8294067978858948,0.2516571581363678,0.5634799003601074,0.05758129805326462
26,20,False,0.0,1,0.8283771872520447,0.25227147340774536,0.5641236305236816,0.057220932096242905
26,21,False,0.0,1,0.8267413377761841,0.2528711259365082,0.5642809867858887,0.05698733404278755
26,22,False,0.0,1,0.8255593180656433,0.25359001755714417,0.5644268989562988,0.0567295178771019
26,23,False,0.0,1,0.8247594237327576,0.2543821632862091,0.5651611089706421,0.05677305907011032
26,24,False,0.0,1,0.8239110112190247,0.25486549735069275,0.566071093082428,0.05702390521764755
26,25,False,0.0,1,0.8227725028991699,0.2556923031806946,0.5671632289886475,0.05659763514995575
26,26,False,0.0,1,0.8218434453010559,0.25734835863113403,0.567155122756958,0.05662785470485687
26,27,False,0.0,1,0.8212732076644897,0.25958383083343506,0.5665342807769775,0.0558931827545166
26,28,False,0.0,1,0.8203258514404297,0.2614992558956146,0.5648254156112671,0.05409751459956169
26,29,True,0.042553190141916275,1,0.8188394904136658,0.2626895010471344,0.5600696802139282,0.04924987629055977
26,30,True,0.09574468433856964,1,0.8183702230453491,0.262098103761673,0.5523282289505005,0.04296573996543884
26,31,True,0.1489361673593521,1,0.8139510154724121,0.26511386036872864,0.5444538593292236,0.0396491214632988
26,32,True,0.20212766528129578,1,0.8172768354415894,0.2585597634315491,0.5268727540969849,0.03429805487394333
26,33,True,0.25531914830207825,1,0.8199816942214966,0.25678110122680664,0.5324974060058594,0.033223070204257965
26,34,True,0.3085106313228607,1,0.8213939666748047,0.2552528381347656,0.5313549637794495,0.03308940678834915
26,35,True,0.3617021143436432,1,0.8221166729927063,0.25472208857536316,0.534121036529541,0.03294514864683151
26,36,True,0.41489362716674805,1,0.8224552869796753,0.2544722557067871,0.5309820175170898,0.031745120882987976
26,37,True,0.4680851101875305,1,0.823131799697876,0.25340980291366577,0.5295937061309814,0.0325365848839283
26,38,True,0.521276593208313,1,0.8217503428459167,0.2538524866104126,0.5296964645385742,0.032043710350990295
26,39,True,0.5744680762290955,1,0.8201473355293274,0.2542945146560669,0.5326828956604004,0.03146820515394211
26,40,True,0.6276595592498779,1,0.8193564414978027,0.2554810047149658,0.5338308811187744,0.03128499165177345
26,41,True,0.6808510422706604,1,0.8193492293357849,0.25644034147262573,0.5316990613937378,0.03164728358387947
26,42,True,0.7340425252914429,1,0.8202288150787354,0.2562444806098938,0.5303332805633545,0.0306171216070652
26,43,True,0.7872340679168701,1,0.8213261961936951,0.2561150789260864,0.5318018198013306,0.029712563380599022
26,44,True,0.8404255509376526,1,0.8217397928237915,0.2564285099506378,0.5320508480072021,0.028759250417351723
26,45,True,0.8936170339584351,1,0.8209503889083862,0.25524264574050903,0.5370877981185913,0.027941778302192688
26,46,True,0.9468085169792175,1,0.8222553730010986,0.25315457582473755,0.5357184410095215,0.02711736597120762
26,47,True,1.0,1,0.8198438882827759,0.2522355914115906,0.5349907875061035,0.025792721658945084
26,48,True,1.0,1,0.8204507231712341,0.2517409026622772,0.5338191986083984,0.025403417646884918
26,49,True,1.0,1,0.8206065893173218,0.2516046166419983,0.532782256603241,0.025162477046251297
26,50,True,1.0,1,0.8206599950790405,0.2515583038330078,0.5322221517562866,0.0250092763453722
26,51,True,1.0,1,0.8206690549850464,0.2515331208705902,0.5319175720214844,0.024924512952566147
26,52,True,1.0,1,0.8206770420074463,0.25152742862701416,0.5317736864089966,0.02488529123365879
26,53,True,1.0,1,0.8206771612167358,0.2515189051628113,0.5317065119743347,0.02486126869916916
26,54,True,1.0,1,0.8206895589828491,0.25152963399887085,0.531661868095398,0.02484862133860588
26,55,True,1.0,1,0.8206871747970581,0.2515273094177246,0.5316394567489624,0.02484271116554737
26,56,True,1.0,1,0.8205968141555786,0.25156736373901367,0.5320643186569214,0.024631023406982422
26,57,True,1.0,1,0.8205910921096802,0.2515736222267151,0.5319945216178894,0.024630500003695488
26,58,True,1.0,1,0.8205875158309937,0.25157415866851807,0.5319601893424988,0.024630291387438774
26,59,True,1.0,1,0.8205846548080444,0.25157272815704346,0.5319444537162781,0.02463187277317047
26,60,True,1.0,1,0.8205827474594116,0.25157222151756287,0.5319355726242065,0.024634448811411858
26,61,True,1.0,1,0.8205832242965698,0.25157156586647034,0.5319310426712036,0.024630673229694366
26,62,True,1.0,1,0.820583701133728,0.2515715956687927,0.5319314002990723,0.024632463231682777
26,63,True,1.0,1,0.8205844163894653,0.2515726685523987,0.5319312810897827,0.024633340537548065
26,64,True,1.0,1,0.8205884099006653,0.25149351358413696,0.5319789052009583,0.02457951195538044
26,65,True,1.0,1,0.8205837607383728,0.25148850679397583,0.5319614410400391,0.024585377424955368
26,66,True,1.0,1,0.8205743432044983,0.2514798939228058,0.5319493412971497,0.02458621747791767
26,67,True,1.0,1,0.8205694556236267,0.2514859139919281,0.5319375991821289,0.024585336446762085
26,68,True,1.0,1,0.8205686211585999,0.2514844536781311,0.5319327712059021,0.024586550891399384
26,69,True,1.0,1,0.8205698132514954,0.2514856159687042,0.5319290161132812,0.024584192782640457
26,70,True,1.0,1,0.8205702900886536,0.25148463249206543,0.5319299697875977,0.024584798142313957
26,71,False,0.0,1,0.8138187527656555,0.2648547291755676,0.5306143164634705,0.04022600129246712
26,72,False,0.0,1,0.8130574822425842,0.265499085187912,0.5254687666893005,0.039790648967027664
26,73,False,0.0,1,0.8104842305183411,0.2676912844181061,0.5260788202285767,0.039126645773649216
26,74,False,0.0,1,0.8092066645622253,0.2693292498588562,0.5249564051628113,0.03856516256928444
26,75,False,0.0,1,0.8100763559341431,0.26989468932151794,0.5235946178436279,0.0382537916302681
26,76,False,0.0,1,0.809726893901825,0.2702619731426239,0.527389407157898,0.03887045010924339
26,77,False,0.0,1,0.8096462488174438,0.2705334722995758,0.5330547094345093,0.04010365530848503
26,78,False,0.0,1,0.8097705841064453,0.2711399793624878,0.5368207097053528,0.04106206074357033
26,79,False,0.0,1,0.8105098605155945,0.2710585296154022,0.5382833480834961,0.04092703387141228
26,80,False,0.0,1,0.8117626905441284,0.26884782314300537,0.541056752204895,0.04092203825712204
26,81,False,0.0,1,0.8124366998672485,0.26812291145324707,0.5434672236442566,0.040942221879959106
26,82,False,0.0,1,0.8126181364059448,0.2671242356300354,0.5459378957748413,0.04081874340772629
26,83,False,0.0,1,0.8133640289306641,0.26580604910850525,0.5470914840698242,0.040395259857177734
26,84,False,0.0,1,0.8141145706176758,0.26523005962371826,0.5489712953567505,0.040682196617126465
26,85,False,0.0,1,0.8142033815383911,0.264875590801239,0.5491989850997925,0.04062080383300781
26,86,False,0.0,1,0.8143061399459839,0.2646064758300781,0.5491983890533447,0.04048461839556694
26,87,False,0.0,1,0.8141776919364929,0.26445773243904114,0.549741268157959,0.040633175522089005
26,88,False,0.0,1,0.814203679561615,0.264193058013916,0.55052649974823,0.04093170911073685
26,89,False,0.0,1,0.8146693110466003,0.26332250237464905,0.5529764890670776,0.04200175032019615
26,90,False,0.0,1,0.8150051236152649,0.2629088759422302,0.5539497137069702,0.042472273111343384
26,91,False,0.0,1,0.8149588108062744,0.2622174024581909,0.556230902671814,0.043441060930490494
26,92,False,0.0,1,0.814969003200531,0.26143914461135864,0.558125376701355,0.04469593986868858
26,93,False,0.0,1,0.8143836855888367,0.26076722145080566,0.5603439807891846,0.045413222163915634
26,94,False,0.0,1,0.8139147758483887,0.26043611764907837,0.5631186962127686,0.04565228894352913
27,0,False,0.0,0,0.7546534538269043,0.17086751759052277,0.5282813310623169,0.04093053191900253
27,1,False,0.0,1,0.8364952206611633,0.24919773638248444,0.5507193803787231,0.048872437328100204
27,2,False,0.0,1,0.8368027210235596,0.24911032617092133,0.5510464906692505,0.04938453808426857
27,3,False,0.0,1,0.8380165100097656,0.24742567539215088,0.5518819689750671,0.05071374028921127
27,4,False,0.0,1,0.8391398787498474,0.2466346174478531,0.5525574684143066,0.05184585228562355
27,5,False,0.0,1,0.839402437210083,0.24621282517910004,0.5530924797058105,0.05366888642311096
27,6,False,0.0,1,0.8386446833610535,0.24646832048892975,0.5527487993240356,0.05491356551647186
27,7,False,0.0,1,0.838787317276001,0.24651363492012024,0.5534771084785461,0.05538538098335266
27,8,False,0.0,1,0.8385829925537109,0.24662920832633972,0.552871584892273,0.056316982954740524
27,9,False,0.0,1,0.8390613794326782,0.24660034477710724,0.552635669708252,0.056901197880506516
27,10,False,0.0,1,0.838891863822937,0.24696236848831177,0.5529059767723083,0.05734816938638687
27,11,False,0.0,1,0.8387887477874756,0.24733798205852509,0.551903486251831,0.057453420013189316
27,12,False,0.0,1,0.8385811448097229,0.24741432070732117,0.5519657135009766,0.0571187287569046
27,13,False,0.0,1,0.8383998870849609,0.24750830233097076,0.5525557994842529,0.05751561000943184
27,14,False,0.0,1,0.8380640745162964,0.24748818576335907,0.552513062953949,0.05755456164479256
27,15,False,0.0,1,0.8380200266838074,0.24760960042476654,0.5531651973724365,0.05666692554950714
27,16,False,0.0,1,0.8370856642723083,0.24815912544727325,0.553022027015686,0.05617798864841461
27,17,False,0.0,1,0.8373386859893799,0.24853630363941193,0.5544722080230713,0.056327980011701584
27,18,False,0.0,1,0.8360952138900757,0.2494252473115921,0.5550395846366882,0.056164707988500595
27,19,False,0.0,1,0.8349184989929199,0.250272274017334,0.5563706159591675,0.05598798766732216
27,20,False,0.0,1,0.8350473642349243,0.2507596015930176,0.5565267205238342,0.05585114285349846
27,21,False,0.0,1,0.8345099687576294,0.25140446424484253,0.5579613447189331,0.05510951951146126
27,22,False,0.0,1,0.8338363170623779,0.2519320249557495,0.5582517385482788,0.05418602377176285
27,23,False,0.0,1,0.8324304223060608,0.2528471350669861,0.5588921308517456,0.05351007729768753
27,24,False,0.0,1,0.8312314748764038,0.25300467014312744,0.5599676966667175,0.05287833511829376
27,25,False,0.0,1,0.8299176692962646,0.25363823771476746,0.5634318590164185,0.052030231803655624
27,26,False,0.0,1,0.8291287422180176,0.25440919399261475,0.5632513761520386,0.05096735432744026
27,27,False,0.0,1,0.8272668123245239,0.25551411509513855,0.564969003200531,0.050769273191690445
27,28,False,0.0,1,0.8262602686882019,0.2556878626346588,0.5669546127319336,0.05000786855816841
27,29,False,0.0,1,0.8261855840682983,0.25564780831336975,0.567385196685791,0.049505606293678284
27,30,False,0.0,1,0.8261063694953918,0.2559555470943451,0.5667041540145874,0.049414750188589096
27,31,False,0.0,1,0.825940728187561,0.25640958547592163,0.5666091442108154,0.04998983442783356
27,32,False,0.0,1,0.8254349827766418,0.25723516941070557,0.5659059286117554,0.04986191168427467
27,33,True,0.009009009227156639,1,0.8237969875335693,0.2578512728214264,0.5639772415161133,0.04924064502120018
27,34,True,0.04545454680919647,1,0.8220353126525879,0.258916974067688,0.5614131689071655,0.04622259363532066
27,35,True,0.09090909361839294,1,0.8225703835487366,0.25710389018058777,0.5449464321136475,0.035327766090631485
27,36,True,0.13636364042758942,1,0.8274366855621338,0.2536771297454834,0.5301181077957153,0.030759740620851517
27,37,True,0.1818181872367859,1,0.8267598152160645,0.2523801028728485,0.5327891111373901,0.030761145055294037
27,38,True,0.22727273404598236,1,0.8247625231742859,0.2527497410774231,0.533665120601654,0.0307612381875515
27,39,True,0.27272728085517883,1,0.8187127113342285,0.25928840041160583,0.5307900309562683,0.031744375824928284
27,40,True,0.3181818127632141,1,0.8164031505584717,0.26164528727531433,0.528410792350769,0.0341704897582531
27,41,True,0.3636363744735718,1,0.8188320994377136,0.2584635019302368,0.522290825843811,0.03115656226873398
27,42,True,0.40909090638160706,1,0.8197715878486633,0.2568562924861908,0.5218013525009155,0.029509911313652992
27,43,True,0.4545454680919647,1,0.8220406770706177,0.2545809745788574,0.5241343975067139,0.028521299362182617
27,44,True,0.5,1,0.8227851390838623,0.2546239495277405,0.5285318493843079,0.02898421324789524
27,45,True,0.5454545617103577,1,0.824105978012085,0.25461545586586,0.5268985033035278,0.02842170000076294
27,46,True,0.5909090638160706,1,0.8241838216781616,0.2544688582420349,0.5286219120025635,0.027708154171705246
27,47,True,0.6363636255264282,1,0.8233983516693115,0.2537636160850525,0.5287280082702637,0.02741105854511261
27,48,True,0.6818181872367859,1,0.8223699331283569,0.2535090744495392,0.5297205448150635,0.027813347056508064
27,49,True,0.7272727489471436,1,0.8232935667037964,0.2531532049179077,0.5310590267181396,0.02823655679821968
27,50,True,0.7727272510528564,1,0.8235026001930237,0.2533297538757324,0.5313148498535156,0.02790425531566143
27,51,True,0.8181818127632141,1,0.8233743906021118,0.25321677327156067,0.5345107316970825,0.027373382821679115
27,52,True,0.8636363744735718,1,0.8244445323944092,0.25270015001296997,0.5374422669410706,0.027606362476944923
27,53,True,0.9090909361839294,1,0.8241191506385803,0.25299158692359924,0.5384710431098938,0.027567846700549126
27,54,True,0.9545454382896423,1,0.8247783184051514,0.25218701362609863,0.5352274179458618,0.02728237584233284
27,55,True,1.0,1,0.8202743530273438,0.25202223658561707,0.5312546491622925,0.02685885690152645
27,56,True,1.0,1,0.8207377791404724,0.25150105357170105,0.5302988290786743,0.026961427181959152
27,57,True,1.0,1,0.8209505677223206,0.25125759840011597,0.5295612812042236,0.02692713402211666
27,58,True,1.0,1,0.8209960460662842,0.2511714696884155,0.5292202234268188,0.026849253103137016
27,59,True,1.0,1,0.8210329413414001,0.2511439025402069,0.5290310978889465,0.026803283020853996
27,60,True,1.0,1,0.8210281133651733,0.2511272430419922,0.5289339423179626,0.026779791340231895
27,61,True,1.0,1,0.8210338354110718,0.25110456347465515,0.5288907289505005,0.026764394715428352
27,62,True,1.0,1,0.8210262656211853,0.2511131763458252,0.5288645625114441,0.026759477332234383
27,63,True,1.0,1,0.8210356831550598,0.2511183023452759,0.5288492441177368,0.026754802092909813
27,64,True,1.0,1,0.8210363984107971,0.2511160373687744,0.5288426876068115,0.02675384096801281
27,65,True,1.0,1,0.8211256265640259,0.25113236904144287,0.5287175178527832,0.026801755651831627
27,66,True,1.0,1,0.8211294412612915,0.2511298954486847,0.5287115573883057,0.026804186403751373
27,67,True,1.0,1,0.821124792098999,0.25112566351890564,0.5287079811096191,0.026806920766830444
27,68,True,1.0,1,0.8211269378662109,0.25113070011138916,0.528704047203064,0.026806820183992386
27,69,True,1.0,1,0.8211269378662109,0.2511288821697235,0.5287043452262878,0.02680567279458046
27,70,True,1.0,1,0.8211264610290527,0.2511344254016876,0.5287034511566162,0.026806842535734177
27,71,True,1.0,1,0.8211255073547363,0.2511313557624817,0.5287037491798401,0.026805970817804337
27,72,True,1.0,1,0.8211264610290527,0.2511296570301056,0.5287030935287476,0.026806028559803963
27,73,True,1.0,1,0.8211744427680969,0.2511426508426666,0.5286984443664551,0.026818575337529182
27,74,True,1.0,1,0.8211662173271179,0.2511317729949951,0.5286650061607361,0.0268162302672863
27,75,True,1.0,1,0.8211655020713806,0.2511362135410309,0.5286561250686646,0.02681332267820835
27,76,True,1.0,1,0.8211635947227478,0.2511367201805115,0.5286535024642944,0.026812948286533356
27,77,True,1.0,1,0.8211647868156433,0.25113722681999207,0.5286529660224915,0.026812855154275894
27,78,True,1.0,1,0.8211650252342224,0.25113531947135925,0.5286513566970825,0.026813648641109467
27,79,True,1.0,1,0.8211628794670105,0.2511388957500458,0.5286509990692139,0.026814186945557594
27,80,True,1.0,1,0.8211650252342224,0.25114044547080994,0.5286503434181213,0.026812387630343437
27,81,True,1.0,1,0.8212645649909973,0.25122755765914917,0.5286327004432678,0.02685793675482273
27,82,True,1.0,1,0.8212553262710571,0.25122830271720886,0.5286180973052979,0.026855705305933952
27,83,False,0.0,1,0.8202382922172546,0.262930691242218,0.5227258205413818,0.044962987303733826
27,84,False,0.0,1,0.818968653678894,0.26384198665618896,0.5206847190856934,0.0458700992166996
27,85,False,0.0,1,0.8170719146728516,0.2647053301334381,0.5196643471717834,0.04535453021526337
27,86,False,0.0,1,0.8158809542655945,0.265190064907074,0.5185927748680115,0.04523523151874542
27,87,False,0.0,1,0.8147107362747192,0.2658529281616211,0.5182807445526123,0.044947534799575806
27,88,False,0.0,1,0.8135766386985779,0.26693594455718994,0.5176118612289429,0.04486745223402977
27,89,False,0.0,1,0.812666654586792,0.2681621015071869,0.5184732675552368,0.04468466341495514
27,90,False,0.0,1,0.8116445541381836,0.2699015736579895,0.5190408825874329,0.04455125704407692
27,91,False,0.0,1,0.8102880120277405,0.27145129442214966,0.5201497673988342,0.04350356385111809
27,92,False,0.0,1,0.8089008331298828,0.27306604385375977,0.5203738808631897,0.042769528925418854
27,93,False,0.0,1,0.8083651065826416,0.2734239101409912,0.518047571182251,0.04232849180698395
27,94,False,0.0,1,0.8077929019927979,0.2737449109554291,0.5168243050575256,0.041618991643190384
27,95,False,0.0,1,0.8069006204605103,0.27358871698379517,0.5186848044395447,0.04087306931614876
27,96,False,0.0,1,0.8061871528625488,0.2732252776622772,0.5200411677360535,0.04007599130272865
27,97,False,0.0,1,0.8058852553367615,0.2724462151527405,0.5209712386131287,0.03932393714785576
27,98,False,0.0,1,0.8055436015129089,0.271912544965744,0.5226026773452759,0.03832230716943741
27,99,False,0.0,1,0.8047960996627808,0.27086806297302246,0.5270401239395142,0.03851033002138138
27,100,False,0.0,1,0.8048456311225891,0.2704183757305145,0.5305273532867432,0.03854500874876976
27,101,False,0.0,1,0.8053344488143921,0.2698223888874054,0.5375486612319946,0.03855722397565842
27,102,False,0.0,1,0.8055435419082642,0.2693478465080261,0.5398210287094116,0.03840456157922745
27,103,False,0.0,1,0.8057169914245605,0.2685299217700958,0.5410739779472351,0.038442209362983704
27,104,False,0.0,1,0.8058150410652161,0.26811644434928894,0.5433095693588257,0.03859132528305054
27,105,False,0.0,1,0.8058375716209412,0.26793983578681946,0.5443955063819885,0.038744162768125534
27,106,False,0.0,1,0.8058863282203674,0.2677951455116272,0.545224666595459,0.03873179852962494
27,107,False,0.0,1,0.8060170412063599,0.2673352062702179,0.5469145774841309,0.039036210626363754
27,108,False,0.0,1,0.8065012097358704,0.26657813787460327,0.5471796989440918,0.039287395775318146
27,109,False,0.0,1,0.8070390224456787,0.26510152220726013,0.5476119518280029,0.039493925869464874
27,110,False,0.0,1,0.8070971965789795,0.26342999935150146,0.5492814779281616,0.039829932153224945
28,0,False,0.0,0,0.7539918422698975,0.1766211837530136,0.5312046408653259,0.04464954882860184
28,1,False,0.0,1,0.8362208604812622,0.24964432418346405,0.5516631603240967,0.05065364018082619
28,2,False,0.0,1,0.8365694284439087,0.24922358989715576,0.5520941019058228,0.05138759687542915
28,3,False,0.0,1,0.8368533849716187,0.24897274374961853,0.5531772375106812,0.0526120662689209
28,4,False,0.0,1,0.8380796909332275,0.24832817912101746,0.5539618730545044,0.05414313077926636
28,5,False,0.0,1,0.8390640020370483,0.2477029711008072,0.5537980794906616,0.05503740906715393
28,6,False,0.0,1,0.8397472500801086,0.24722382426261902,0.5527612566947937,0.05583404749631882
28,7,False,0.0,1,0.8402199149131775,0.2466922104358673,0.5530219078063965,0.05696868896484375
28,8,False,0.0,1,0.8402112722396851,0.24659505486488342,0.5531519651412964,0.05753830820322037
28,9,False,0.0,1,0.8402700424194336,0.24658086895942688,0.5532902479171753,0.058280181139707565
28,10,False,0.0,1,0.8396909236907959,0.2467784583568573,0.5536428093910217,0.059027016162872314
28,11,False,0.0,1,0.838864803314209,0.24703894555568695,0.5540374517440796,0.05942898616194725
28,12,False,0.0,1,0.8379497528076172,0.24737267196178436,0.5555786490440369,0.05957209691405296
28,13,False,0.0,1,0.8373251557350159,0.24759911000728607,0.5571570992469788,0.05972287431359291
28,14,False,0.0,1,0.8363362550735474,0.24828211963176727,0.558684766292572,0.06015598028898239
28,15,False,0.0,1,0.8352729082107544,0.24916879832744598,0.5606566667556763,0.059395793825387955
28,16,False,0.0,1,0.8332278728485107,0.2503998875617981,0.5623340606689453,0.05892857909202576
28,17,False,0.0,1,0.8321146965026855,0.25114017724990845,0.5655395984649658,0.05879012495279312
28,18,False,0.0,1,0.8307536244392395,0.2520356774330139,0.5673171281814575,0.0578487329185009
28,19,False,0.0,1,0.8281165361404419,0.25360119342803955,0.569293737411499,0.05716075375676155
28,20,False,0.0,1,0.8277946710586548,0.2547629475593567,0.5704970359802246,0.05555162578821182
28,21,False,0.0,1,0.8258218765258789,0.25672534108161926,0.570253849029541,0.05407040938735008
28,22,False,0.0,1,0.8242202997207642,0.2584456205368042,0.5705554485321045,0.05279826372861862
28,23,False,0.0,1,0.8231749534606934,0.2601358890533447,0.5718763470649719,0.05185005068778992
28,24,False,0.0,1,0.8219031691551208,0.2619938254356384,0.5704349279403687,0.051086850464344025
28,25,False,0.0,1,0.8204796314239502,0.26356834173202515,0.5694261789321899,0.050968337804079056
28,26,False,0.0,1,0.8182216882705688,0.26605018973350525,0.567408561706543,0.04963715374469757
28,27,False,0.0,1,0.8166764974594116,0.2673185169696808,0.5647886991500854,0.04930874705314636
28,28,False,0.0,1,0.8147863149642944,0.2685357928276062,0.5624452829360962,0.04843109846115112
28,29,False,0.0,1,0.8131250143051147,0.27011382579803467,0.5613425970077515,0.048398472368717194
28,30,False,0.0,1,0.8116976022720337,0.2714462876319885,0.5584670305252075,0.04806317389011383
28,31,False,0.0,1,0.8108928203582764,0.27241250872612,0.5570481419563293,0.04868887737393379
28,32,False,0.0,1,0.8103379011154175,0.27182507514953613,0.5558376312255859,0.04886804521083832
28,33,False,0.0,1,0.8092212677001953,0.2724032700061798,0.5537396669387817,0.048558760434389114
28,34,False,0.0,1,0.8084762096405029,0.273203045129776,0.5493369102478027,0.04771529883146286
28,35,False,0.0,1,0.8077854514122009,0.27348974347114563,0.5474303364753723,0.04780181497335434
28,36,False,0.0,1,0.8070880174636841,0.2733232080936432,0.5454097986221313,0.04840986058115959
28,37,False,0.0,1,0.8072038888931274,0.27244865894317627,0.5444759130477905,0.049360424280166626
28,38,False,0.0,1,0.8073710203170776,0.27153095602989197,0.5433579683303833,0.04948761314153671
28,39,False,0.0,1,0.8075847625732422,0.27074286341667175,0.541667103767395,0.04935426637530327
28,40,False,0.0,1,0.8074039220809937,0.2703167796134949,0.5402570962905884,0.04894369840621948
28,41,False,0.0,1,0.8070712089538574,0.2694426476955414,0.5366784334182739,0.04854534938931465
28,42,False,0.0,1,0.8078145980834961,0.26821473240852356,0.533355712890625,0.048358600586652756
28,43,False,0.0,1,0.8082355856895447,0.2681988477706909,0.5302459001541138,0.04779701307415962
28,44,False,0.0,1,0.8078625202178955,0.26904478669166565,0.526939868927002,0.04739196598529816
28,45,False,0.0,1,0.807293176651001,0.27018141746520996,0.5202089548110962,0.04633128643035889
28,46,False,0.0,1,0.8071994781494141,0.27023056149482727,0.5148760080337524,0.04580911993980408
28,47,False,0.0,1,0.8082808256149292,0.26896312832832336,0.5100818872451782,0.045880332589149475
28,48,False,0.0,1,0.8092595934867859,0.2685509920120239,0.5087456703186035,0.046349599957466125
28,49,False,0.0,1,0.810055673122406,0.2679097652435303,0.5078154802322388,0.046160005033016205
28,50,False,0.0,1,0.810964047908783,0.2673088610172272,0.5069184303283691,0.04621089622378349
28,51,False,0.0,1,0.8129780888557434,0.2659720778465271,0.5052648782730103,0.04660072550177574
28,52,False,0.0,1,0.8147056102752686,0.2648508548736572,0.5022675395011902,0.04704280570149422
28,53,False,0.0,1,0.8161417245864868,0.2639904320240021,0.501427173614502,0.0471186526119709
28,54,False,0.0,1,0.8181425333023071,0.2626887559890747,0.5034671425819397,0.047848619520664215
28,55,False,0.0,1,0.8174334764480591,0.2618354558944702,0.5056681632995605,0.047323551028966904
28,56,False,0.0,1,0.8171877861022949,0.26130250096321106,0.5063985586166382,0.046319231390953064
28,57,False,0.0,1,0.8172633647918701,0.2608971893787384,0.5079938173294067,0.04401513934135437
28,58,False,0.0,1,0.8183967471122742,0.2611238360404968,0.5109883546829224,0.04340823367238045
28,59,False,0.0,1,0.8185102939605713,0.2611566483974457,0.5146132707595825,0.043319784104824066
28,60,False,0.0,1,0.817496657371521,0.26173368096351624,0.5166845321655273,0.042858678847551346
28,61,False,0.0,1,0.8158057928085327,0.2631801962852478,0.5161789655685425,0.041307397186756134
28,62,False,0.0,1,0.8135051727294922,0.2640427052974701,0.5190854668617249,0.03998974338173866
28,63,False,0.0,1,0.8130136132240295,0.2648971974849701,0.5198028087615967,0.03895191848278046
28,64,False,0.0,1,0.8123061656951904,0.2655686140060425,0.5206671953201294,0.03666968271136284
28,65,False,0.0,1,0.8109881281852722,0.2669598162174225,0.522170901298523,0.035690825432538986
28,66,False,0.0,1,0.8106964230537415,0.26851600408554077,0.5235512256622314,0.03513117879629135
28,67,False,0.0,1,0.8093141317367554,0.2692188024520874,0.5240328311920166,0.035157427191734314
28,68,False,0.0,1,0.8098011016845703,0.26886722445487976,0.5247577428817749,0.03387295454740524
28,69,False,0.0,1,0.8108153343200684,0.26821836829185486,0.5276048183441162,0.03482682257890701
28,70,False,0.0,1,0.810973584651947,0.2677285671234131,0.5375455021858215,0.03643663227558136
28,71,False,0.0,1,0.8115252256393433,0.2668161690235138,0.5416682958602905,0.03842941299080849
28,72,False,0.0,1,0.8123108744621277,0.2646838426589966,0.5486948490142822,0.04111295938491821
28,73,False,0.0,1,0.8134773969650269,0.26311641931533813,0.552549421787262,0.04208376631140709
28,74,False,0.0,1,0.814760684967041,0.26250123977661133,0.5560868978500366,0.042931050062179565
28,75,False,0.0,1,0.8148858547210693,0.26238980889320374,0.5580031275749207,0.04359729588031769
28,76,False,0.0,1,0.8152763843536377,0.26237326860427856,0.5588582158088684,0.04371405020356178
28,77,False,0.0,1,0.8153706789016724,0.26236891746520996,0.5597436428070068,0.0439932607114315
28,78,False,0.0,1,0.8154864311218262,0.2626447379589081,0.5613271594047546,0.04459288343787193
28,79,False,0.0,1,0.8153492212295532,0.26270008087158203,0.5615321397781372,0.044679976999759674
28,80,False,0.0,1,0.8157048225402832,0.2626214921474457,0.5635988712310791,0.04534725844860077
28,81,False,0.0,1,0.8164156675338745,0.2624920904636383,0.5658903121948242,0.0462460070848465
28,82,False,0.0,1,0.8170081377029419,0.2623981535434723,0.5682657361030579,0.04743387550115585
28,83,False,0.0,1,0.8175086975097656,0.26181530952453613,0.5697773098945618,0.048137132078409195
28,84,False,0.0,1,0.8181664943695068,0.2611376643180847,0.570887565612793,0.04859602451324463
28,85,False,0.0,1,0.818885087966919,0.26054510474205017,0.5715886950492859,0.04881272464990616
28,86,False,0.0,1,0.8194080591201782,0.2604571580886841,0.5717996954917908,0.04891536384820938
28,87,False,0.0,1,0.8194795846939087,0.26050224900245667,0.5719054937362671,0.048944395035505295
28,88,False,0.0,1,0.8196578621864319,0.26061201095581055,0.572181224822998,0.04911895468831062
29,0,False,0.0,0,0.7211625576019287,0.17607125639915466,0.5391266345977783,0.03774682804942131
29,1,False,0.0,1,0.8311456441879272,0.25222843885421753,0.564609169960022,0.044616181403398514
29,2,False,0.0,1,0.8316551446914673,0.2516852021217346,0.5641787052154541,0.04484007507562637
29,3,False,0.0,1,0.8338016271591187,0.25045207142829895,0.5639062523841858,0.046235088258981705
29,4,False,0.0,1,0.8344427347183228,0.24970412254333496,0.5616519451141357,0.04715631902217865
29,5,False,0.0,1,0.8343577980995178,0.24924446642398834,0.5602655410766602,0.04824456945061684
29,6,False,0.0,1,0.8340986967086792,0.24943462014198303,0.5588937997817993,0.049545835703611374
29,7,False,0.0,1,0.8341860175132751,0.2493618279695511,0.5582937002182007,0.05114658549427986
29,8,False,0.0,1,0.8342781066894531,0.249171644449234,0.5587103962898254,0.05124600976705551
29,9,False,0.0,1,0.8347195982933044,0.248728945851326,0.5591844320297241,0.05118440091609955
29,10,False,0.0,1,0.8350164890289307,0.24850358068943024,0.5592705011367798,0.05113673955202103
29,11,False,0.0,1,0.8350214958190918,0.24850204586982727,0.5598475933074951,0.0514155849814415
29,12,False,0.0,1,0.8353672623634338,0.24853019416332245,0.5593708753585815,0.0512760765850544
29,13,False,0.0,1,0.8357556462287903,0.24841849505901337,0.559646487236023,0.05146344006061554
29,14,False,0.0,1,0.8359289169311523,0.24818871915340424,0.5594502687454224,0.05148911476135254
29,15,False,0.0,1,0.8361074924468994,0.24909919500350952,0.5587211847305298,0.05156976729631424
29,16,False,0.0,1,0.8356683850288391,0.24956907331943512,0.5586483478546143,0.05152573436498642
29,17,False,0.0,1,0.835495114326477,0.24904467165470123,0.5597201585769653,0.05215026065707207
29,18,False,0.0,1,0.834503173828125,0.24957706034183502,0.5599139928817749,0.052351780235767365
29,19,False,0.0,1,0.832999587059021,0.2509411573410034,0.563335657119751,0.052603885531425476
29,20,False,0.0,1,0.8318184614181519,0.251698762178421,0.5673763751983643,0.0531550869345665
29,21,False,0.0,1,0.8304853439331055,0.25260305404663086,0.5707361698150635,0.053166698664426804
29,22,False,0.0,1,0.8293749094009399,0.25403544306755066,0.5719271898269653,0.053416524082422256
29,23,False,0.0,1,0.8294042944908142,0.2547546923160553,0.5747530460357666,0.053716354072093964
29,24,False,0.0,1,0.8282608389854431,0.25607994198799133,0.5756440758705139,0.05421726405620575
29,25,False,0.0,1,0.8265824317932129,0.257917582988739,0.5754241943359375,0.054384566843509674
29,26,False,0.0,1,0.8231641054153442,0.26055699586868286,0.5743478536605835,0.05480460450053215
29,27,False,0.0,1,0.8196637630462646,0.2633649408817291,0.5721708536148071,0.05584012344479561
29,28,False,0.0,1,0.817879855632782,0.2651258707046509,0.5692167282104492,0.055661194026470184
29,29,False,0.0,1,0.8164159059524536,0.2665410339832306,0.5634229183197021,0.05351924151182175
29,30,False,0.0,1,0.8147962093353271,0.26777568459510803,0.5612541437149048,0.05294810235500336
29,31,False,0.0,1,0.8139468431472778,0.2680160403251648,0.556565523147583,0.05120944231748581
29,32,False,0.0,1,0.8135724663734436,0.2685064375400543,0.5517551898956299,0.0493093766272068
29,33,False,0.0,1,0.8127729892730713,0.2691451609134674,0.5480842590332031,0.04753495007753372
29,34,False,0.0,1,0.8115715980529785,0.26863282918930054,0.5444602966308594,0.045333050191402435
29,35,False,0.0,1,0.8113880753517151,0.2673892378807068,0.5429579019546509,0.0443086139857769
29,36,False,0.0,1,0.8111859560012817,0.2669212520122528,0.5409243106842041,0.04499877616763115
29,37,False,0.0,1,0.8107694387435913,0.2665395736694336,0.5372273921966553,0.04484652727842331
29,38,True,0.019999999552965164,1,0.8109174966812134,0.26639676094055176,0.5370386838912964,0.043515972793102264
29,39,True,0.05999999865889549,1,0.8110271692276001,0.2661600708961487,0.5368549227714539,0.043595921248197556
29,40,True,0.10000000149011612,1,0.811211109161377,0.26603174209594727,0.5363085269927979,0.04230836406350136
29,41,True,0.14000000059604645,1,0.811591386795044,0.265288770198822,0.5368772149085999,0.04261103272438049
29,42,True,0.18000000715255737,1,0.8121241927146912,0.26470375061035156,0.53525710105896,0.042330097407102585
29,43,True,0.2199999988079071,1,0.813974142074585,0.2638642489910126,0.5349690914154053,0.04283840209245682
29,44,True,0.25999999046325684,1,0.8163427114486694,0.26248469948768616,0.5327385663986206,0.04221758618950844
29,45,True,0.30000001192092896,1,0.8161612153053284,0.2633597254753113,0.5305511951446533,0.04162311181426048
29,46,True,0.3400000035762787,1,0.8151429891586304,0.2645638883113861,0.529288649559021,0.04245728999376297
29,47,True,0.3799999952316284,1,0.8144704103469849,0.26598048210144043,0.5267808437347412,0.040834277868270874
29,48,True,0.41999998688697815,1,0.8137338161468506,0.26579058170318604,0.5204517245292664,0.03925435245037079
29,49,True,0.46000000834465027,1,0.8146406412124634,0.2643693685531616,0.5177144408226013,0.03701696917414665
29,50,True,0.5,1,0.8149089217185974,0.26340410113334656,0.5178236961364746,0.03659690544009209
29,51,True,0.5400000214576721,1,0.8168020844459534,0.2623460590839386,0.5178928971290588,0.03545954450964928
29,52,True,0.5799999833106995,1,0.8167666792869568,0.2610236406326294,0.5206702947616577,0.0336795449256897
29,53,True,0.6200000047683716,1,0.8178914189338684,0.26048359274864197,0.5244568586349487,0.03250187262892723
29,54,True,0.6600000262260437,1,0.818589448928833,0.2587563693523407,0.529177188873291,0.032404787838459015
29,55,True,0.699999988079071,1,0.8192940354347229,0.2576747238636017,0.529930830001831,0.03132817521691322
29,56,True,0.7400000095367432,1,0.8191033601760864,0.2571457028388977,0.529981791973114,0.02939668484032154
29,57,True,0.7799999713897705,1,0.8179745078086853,0.25779494643211365,0.5311816334724426,0.02918955311179161
29,58,True,0.8199999928474426,1,0.8195656538009644,0.25832775235176086,0.5315381288528442,0.029832467436790466
29,59,True,0.8600000143051147,1,0.8186826705932617,0.2578641474246979,0.5339800715446472,0.02955634519457817
29,60,True,0.8999999761581421,1,0.819982647895813,0.2558872699737549,0.5392175912857056,0.028259996324777603
29,61,True,0.9399999976158142,1,0.8204518556594849,0.25422030687332153,0.5350322723388672,0.02750922553241253
29,62,True,0.9800000190734863,1,0.8205610513687134,0.2528221011161804,0.5344103574752808,0.02705397829413414
29,63,True,1.0,1,0.8199673891067505,0.25176671147346497,0.531326413154602,0.027960345149040222
29,64,True,1.0,1,0.8203279972076416,0.2511948049068451,0.530716061592102,0.027979644015431404
29,65,True,1.0,1,0.8205403089523315,0.2510722279548645,0.530072808265686,0.02788279391825199
29,66,True,1.0,1,0.8205556869506836,0.25098493695259094,0.5297924876213074,0.02779722400009632
29,67,True,1.0,1,0.8205641508102417,0.25094157457351685,0.529653787612915,0.02775109000504017
29,68,True,1.0,1,0.8205705881118774,0.25093725323677063,0.529572069644928,0.027723615989089012
29,69,True,1.0,1,0.8205708265304565,0.25092804431915283,0.5295373797416687,0.027709342539310455
29,70,True,1.0,1,0.8205736875534058,0.25091612339019775,0.5295114517211914,0.027704713866114616
29,71,True,1.0,1,0.8205734491348267,0.2509196698665619,0.5294981598854065,0.027699420228600502
29,72,True,1.0,1,0.8205685615539551,0.2509152293205261,0.5294935703277588,0.027699341997504234
29,73,True,1.0,1,0.8206201791763306,0.25103431940078735,0.5292832851409912,0.0276995487511158
29,74,True,1.0,1,0.8206020593643188,0.2510436177253723,0.529234766960144,0.02770107053220272
29,75,True,1.0,1,0.8205978870391846,0.2510482668876648,0.5292131900787354,0.02769893780350685
29,76,True,1.0,1,0.8205891847610474,0.2510488033294678,0.5292041301727295,0.027698909863829613
29,77,True,1.0,1,0.8205826282501221,0.2510489523410797,0.5291997194290161,0.02769925259053707
29,78,True,1.0,1,0.8205875158309937,0.2510521113872528,0.5291998386383057,0.027699124068021774
29,79,True,1.0,1,0.8205868005752563,0.251051127910614,0.5291987657546997,0.02769741415977478
29,80,True,1.0,1,0.8205884695053101,0.2510521709918976,0.529199481010437,0.02769763581454754
29,81,True,1.0,1,0.820588231086731,0.25114843249320984,0.5290138125419617,0.027709314599633217
29,82,True,1.0,1,0.820591926574707,0.2511565685272217,0.5289806127548218,0.027706308290362358
29,83,True,1.0,1,0.8205751180648804,0.2511487603187561,0.5289432406425476,0.02770649641752243
29,84,True,1.0,1,0.8205844163894653,0.25115084648132324,0.5289349555969238,0.02770676091313362
29,85,True,1.0,1,0.8205853700637817,0.25115764141082764,0.5289305448532104,0.027706259861588478
29,86,True,1.0,1,0.8205901384353638,0.2511554956436157,0.5289322137832642,0.027706937864422798
29,87,True,1.0,1,0.8205891847610474,0.2511543333530426,0.5289299488067627,0.027704855427145958
29,88,True,1.0,1,0.8205887079238892,0.2511552572250366,0.5289304256439209,0.027707044035196304
29,89,True,1.0,1,0.8206063508987427,0.2512894570827484,0.528820276260376,0.0277553740888834
29,90,True,1.0,1,0.8205825090408325,0.25130099058151245,0.5288001298904419,0.027753125876188278
29,91,True,1.0,1,0.8205746412277222,0.25130125880241394,0.5287835597991943,0.027749964967370033
29,92,True,1.0,1,0.8205674886703491,0.2513126730918884,0.5287821292877197,0.027750151231884956
29,93,True,1.0,1,0.8205665349960327,0.2513155937194824,0.5287796258926392,0.02774975821375847
29,94,False,0.0,1,0.8172622323036194,0.2679184079170227,0.5400536060333252,0.047389984130859375
29,95,False,0.0,1,0.8141866326332092,0.2700424790382385,0.5371850728988647,0.0462474524974823
29,96,False,0.0,1,0.8107683062553406,0.27181074023246765,0.5358392000198364,0.044872745871543884
29,97,False,0.0,1,0.8099849820137024,0.2733606696128845,0.53343665599823,0.043247926980257034
29,98,False,0.0,1,0.8076242208480835,0.2748107314109802,0.5337238311767578,0.0421360619366169
29,99,False,0.0,1,0.8058544397354126,0.2758657932281494,0.5331940650939941,0.041266944259405136
29,100,False,0.0,1,0.8051493167877197,0.2759872078895569,0.5321459770202637,0.04074126482009888
29,101,False,0.0,1,0.8048609495162964,0.27547040581703186,0.5310499668121338,0.04088183492422104
29,102,False,0.0,1,0.8048195838928223,0.27556049823760986,0.5320274829864502,0.04093082249164581
29,103,False,0.0,1,0.8056203126907349,0.2741656005382538,0.5344363451004028,0.0405118353664875
29,104,False,0.0,1,0.8056410551071167,0.2736133933067322,0.5369337797164917,0.041336655616760254
29,105,False,0.0,1,0.8063738942146301,0.27224376797676086,0.5393277406692505,0.041612010449171066
29,106,False,0.0,1,0.8072149753570557,0.27116507291793823,0.5414109230041504,0.042266640812158585
29,107,False,0.0,1,0.8079204559326172,0.2699212431907654,0.5446102023124695,0.042777106165885925
29,108,False,0.0,1,0.8088504672050476,0.26877638697624207,0.5458253622055054,0.04243594780564308
29,109,False,0.0,1,0.8094983100891113,0.2675231695175171,0.5451360940933228,0.041887156665325165
29,110,False,0.0,1,0.8106694221496582,0.2665634751319885,0.5486682653427124,0.04230127111077309
29,111,False,0.0,1,0.8133141994476318,0.26522019505500793,0.5510188937187195,0.04272327199578285
29,112,False,0.0,1,0.814126193523407,0.26482075452804565,0.5511746406555176,0.042729996144771576
29,113,False,0.0,1,0.8137348294258118,0.26528292894363403,0.5508062839508057,0.04258343577384949
29,114,False,0.0,1,0.8142381906509399,0.2642011046409607,0.5531859397888184,0.043291591107845306
29,115,False,0.0,1,0.8149980306625366,0.2634783983230591,0.5534185767173767,0.04336107149720192
29,116,False,0.0,1,0.8159281611442566,0.2629764676094055,0.5549607276916504,0.04393482580780983
29,117,False,0.0,1,0.8183560967445374,0.2627040147781372,0.557030200958252,0.04412756860256195
29,118,False,0.0,1,0.8192673325538635,0.2626139521598816,0.5609936714172363,0.04539557546377182
29,119,False,0.0,1,0.8202365636825562,0.2620081603527069,0.561512291431427,0.045730456709861755
29,120,False,0.0,1,0.8215697407722473,0.26091432571411133,0.5641112327575684,0.04683084785938263
29,121,False,0.0,1,0.8217589855194092,0.26037827134132385,0.5655286908149719,0.046727001667022705
29,122,False,0.0,1,0.8213632702827454,0.26014792919158936,0.5676412582397461,0.047693878412246704
29,123,False,0.0,1,0.8209930658340454,0.2605126202106476,0.5683952569961548,0.047909028828144073
29,124,False,0.0,1,0.8205008506774902,0.26093000173568726,0.568530797958374,0.04772838205099106
29,125,False,0.0,1,0.8200896978378296,0.2612658739089966,0.5684943199157715,0.04774066433310509
30,0,False,0.0,0,0.758367657661438,0.17670871317386627,0.5288146734237671,0.04761921241879463
30,1,False,0.0,1,0.8382996320724487,0.24890707433223724,0.547805666923523,0.05374157801270485
30,2,False,0.0,1,0.8384084701538086,0.24842295050621033,0.5478063225746155,0.05392298102378845
30,3,False,0.0,1,0.8389335870742798,0.24782337248325348,0.5486950874328613,0.055119190365076065
30,4,False,0.0,1,0.8396483063697815,0.24728280305862427,0.5503129959106445,0.05637751892209053
30,5,False,0.0,1,0.8399133682250977,0.24725903570652008,0.5496349334716797,0.057098887860774994
30,6,False,0.0,1,0.8392268419265747,0.2477031797170639,0.5495142936706543,0.05770697817206383
30,7,False,0.0,1,0.8396350145339966,0.24735139310359955,0.5479154586791992,0.05865487828850746
30,8,False,0.0,1,0.8389029502868652,0.2474072277545929,0.5481796264648438,0.059527672827243805
30,9,False,0.0,1,0.8380641341209412,0.2473718822002411,0.5500572919845581,0.059816695749759674
30,10,False,0.0,1,0.8372683525085449,0.2476307898759842,0.5522452592849731,0.059568848460912704
30,11,False,0.0,1,0.8364911079406738,0.247937873005867,0.5539286136627197,0.05965329706668854
30,12,False,0.0,1,0.8357684016227722,0.24836578965187073,0.5556672811508179,0.05940023437142372
30,13,False,0.0,1,0.8352489471435547,0.24876153469085693,0.5572725534439087,0.05920456722378731
30,14,False,0.0,1,0.8342950344085693,0.24929434061050415,0.5593873262405396,0.05886302515864372
30,15,False,0.0,1,0.8338562846183777,0.24982602894306183,0.5600521564483643,0.058461155742406845
30,16,False,0.0,1,0.8335849046707153,0.25034472346305847,0.5606509447097778,0.05829055234789848
30,17,False,0.0,1,0.8338238000869751,0.25041472911834717,0.5612882375717163,0.05763779208064079
30,18,False,0.0,1,0.8331875801086426,0.2506079077720642,0.5628424882888794,0.057382892817258835
30,19,False,0.0,1,0.8328479528427124,0.2509405016899109,0.5637246370315552,0.057126253843307495
30,20,False,0.0,1,0.8320947885513306,0.25157487392425537,0.5643357038497925,0.05676446855068207
30,21,False,0.0,1,0.8306897282600403,0.2524646520614624,0.5645495653152466,0.056507211178541183
30,22,False,0.0,1,0.829200029373169,0.25309181213378906,0.5647488832473755,0.05626502260565758
30,23,False,0.0,1,0.8278897404670715,0.25346872210502625,0.5656160116195679,0.056336939334869385
30,24,False,0.0,1,0.8264356851577759,0.25368183851242065,0.5664438009262085,0.05671755224466324
30,25,False,0.0,1,0.8254854679107666,0.254520446062088,0.5675539970397949,0.05631835013628006
30,26,False,0.0,1,0.8244023323059082,0.25592875480651855,0.5675652027130127,0.05638182535767555
30,27,False,0.0,1,0.8232514262199402,0.25768348574638367,0.5669355392456055,0.05567134544253349
30,28,False,0.0,1,0.8219577670097351,0.2599884271621704,0.5652256011962891,0.05395735055208206
30,29,True,0.042553190141916275,1,0.8198645710945129,0.26231974363327026,0.5605528354644775,0.04923611134290695
30,30,True,0.09574468433856964,1,0.8183866739273071,0.2636104226112366,0.5530530214309692,0.04325425252318382
30,31,True,0.1489361673593521,1,0.8152817487716675,0.2655405104160309,0.5455740690231323,0.04015694931149483
30,32,True,0.20212766528129578,1,0.8186649084091187,0.2585868835449219,0.5280082821846008,0.034723054617643356
30,33,True,0.25531914830207825,1,0.8211556673049927,0.2568553686141968,0.5334872603416443,0.03366672247648239
30,34,True,0.3085106313228607,1,0.8232954740524292,0.25498276948928833,0.5325560569763184,0.033469997346401215
30,35,True,0.3617021143436432,1,0.8244765400886536,0.2543829083442688,0.5353380441665649,0.03336494043469429
30,36,True,0.41489362716674805,1,0.8245261311531067,0.2540540397167206,0.5321913361549377,0.03227229416370392
30,37,True,0.4680851101875305,1,0.8246787190437317,0.2528924345970154,0.5309873819351196,0.03324572369456291
30,38,True,0.521276593208313,1,0.8232176303863525,0.2530846893787384,0.5309935808181763,0.03268301486968994
30,39,True,0.5744680762290955,1,0.8217889666557312,0.25363147258758545,0.53413987159729,0.0321311429142952
30,40,True,0.6276595592498779,1,0.821281909942627,0.2551497519016266,0.5352522134780884,0.031935181468725204
30,41,True,0.6808510422706604,1,0.820993185043335,0.25606974959373474,0.5328975915908813,0.03253111243247986
30,42,True,0.7340425252914429,1,0.821556806564331,0.2556772530078888,0.5313655138015747,0.03167383000254631
30,43,True,0.7872340679168701,1,0.8226687908172607,0.25574347376823425,0.5330820083618164,0.030929861590266228
30,44,True,0.8404255509376526,1,0.8229119181632996,0.256191611289978,0.533613920211792,0.029961230233311653
30,45,True,0.8936170339584351,1,0.8223695755004883,0.25515857338905334,0.5380359888076782,0.029014253988862038
30,46,True,0.9468085169792175,1,0.8237022161483765,0.25295591354370117,0.5361769199371338,0.028526104986667633
30,47,True,1.0,1,0.8214136362075806,0.2518177032470703,0.5317016839981079,0.028180940076708794
30,48,True,1.0,1,0.8221309185028076,0.2508270740509033,0.5302602648735046,0.02820134535431862
30,49,True,1.0,1,0.8223683834075928,0.2504764497280121,0.5293922424316406,0.02804412692785263
30,50,True,1.0,1,0.8224363327026367,0.25034984946250916,0.5289196968078613,0.02792838029563427
30,51,True,1.0,1,0.8225361108779907,0.25033313035964966,0.5287462472915649,0.02781645394861698
30,52,True,1.0,1,0.8225501775741577,0.25031793117523193,0.5286278128623962,0.027775665745139122
30,53,True,1.0,1,0.8225435018539429,0.25031596422195435,0.5285738110542297,0.02775767259299755
30,54,True,1.0,1,0.8225487470626831,0.2503212094306946,0.5285466909408569,0.027745619416236877
30,55,True,1.0,1,0.8225429058074951,0.25030621886253357,0.5285334587097168,0.027738846838474274
30,56,True,1.0,1,0.8225364685058594,0.25030532479286194,0.5285241603851318,0.027738235890865326
30,57,True,1.0,1,0.8225347995758057,0.2503055930137634,0.5285191535949707,0.027737710624933243
30,58,True,1.0,1,0.822537899017334,0.2503040134906769,0.5285198092460632,0.02773560769855976
30,59,True,1.0,1,0.8225159645080566,0.2502993047237396,0.5285511016845703,0.027722356840968132
30,60,True,1.0,1,0.8225164413452148,0.25030621886253357,0.5285499095916748,0.027717165648937225
30,61,True,1.0,1,0.8225104808807373,0.2503065764904022,0.5285610556602478,0.027716532349586487
30,62,True,1.0,1,0.8225117921829224,0.25030890107154846,0.528560221195221,0.027716275304555893
30,63,True,1.0,1,0.8225064277648926,0.2503053843975067,0.5285614728927612,0.02771569788455963
30,64,True,1.0,1,0.8225088119506836,0.250305712223053,0.528562068939209,0.027717405930161476
30,65,True,1.0,1,0.8225100040435791,0.25030529499053955,0.5285635590553284,0.02771632745862007
30,66,True,1.0,1,0.8225085735321045,0.25030624866485596,0.5285639762878418,0.02771628275513649
30,67,True,1.0,1,0.8225167989730835,0.2503056824207306,0.5283905267715454,0.027790550142526627
30,68,True,1.0,1,0.8225172758102417,0.25033465027809143,0.5283962488174438,0.027779605239629745
30,69,True,1.0,1,0.8225173950195312,0.2503352463245392,0.5284020900726318,0.027774307876825333
30,70,True,1.0,1,0.8225090503692627,0.2503364384174347,0.5284013152122498,0.02777133695781231
30,71,False,0.0,1,0.81586754322052,0.26488998532295227,0.531501054763794,0.04048718139529228
30,72,False,0.0,1,0.8149350881576538,0.2657591998577118,0.5261362195014954,0.04029995575547218
30,73,False,0.0,1,0.8124516010284424,0.2677852511405945,0.526547908782959,0.03970763459801674
30,74,False,0.0,1,0.810965895652771,0.26964065432548523,0.5251561403274536,0.03920428827404976
30,75,False,0.0,1,0.811633288860321,0.27021315693855286,0.5236508846282959,0.038858562707901
30,76,False,0.0,1,0.8113373517990112,0.27073580026626587,0.5274399518966675,0.03942465782165527
30,77,False,0.0,1,0.8112518191337585,0.27099037170410156,0.5331875085830688,0.040571633726358414
30,78,False,0.0,1,0.8112704753875732,0.2714885175228119,0.5369573831558228,0.04149195924401283
30,79,False,0.0,1,0.8118659257888794,0.2715982496738434,0.5383654832839966,0.04134945571422577
30,80,False,0.0,1,0.8125845789909363,0.26966917514801025,0.5411185026168823,0.04132691025733948
30,81,False,0.0,1,0.8129798173904419,0.2689954936504364,0.5435394048690796,0.041360028088092804
30,82,False,0.0,1,0.813467800617218,0.26810067892074585,0.5460172891616821,0.04117963835597038
30,83,False,0.0,1,0.8143607378005981,0.2666321098804474,0.5472974181175232,0.040742177516222
30,84,False,0.0,1,0.8149666786193848,0.2660708725452423,0.5491781234741211,0.0409853532910347
30,85,False,0.0,1,0.8148705363273621,0.2657986283302307,0.5494349002838135,0.040929656475782394
30,86,False,0.0,1,0.8148971796035767,0.26567208766937256,0.5494564771652222,0.04080832377076149
30,87,False,0.0,1,0.8146198391914368,0.265534371137619,0.5499825477600098,0.0409628227353096
30,88,False,0.0,1,0.8146955370903015,0.2651342451572418,0.5507855415344238,0.04126190394163132
30,89,False,0.0,1,0.8150222301483154,0.2644292414188385,0.5532633066177368,0.04231717064976692
30,90,False,0.0,1,0.8152998685836792,0.26374879479408264,0.5542415380477905,0.042786531150341034
30,91,False,0.0,1,0.8154263496398926,0.2628604471683502,0.5565561056137085,0.04376104474067688
30,92,False,0.0,1,0.8153808116912842,0.26190730929374695,0.5584474802017212,0.045042265206575394
30,93,False,0.0,1,0.8145255446434021,0.26123639941215515,0.5605717897415161,0.04576527699828148
30,94,False,0.0,1,0.8138464093208313,0.2608059048652649,0.5633277893066406,0.04605000838637352
31,0,False,0.0,0,0.7381528615951538,0.1835392713546753,0.5406196713447571,0.03758591413497925
31,1,False,0.0,1,0.8304958343505859,0.2542966306209564,0.5636729598045349,0.042597103863954544
31,2,False,0.0,1,0.8307545185089111,0.2539592385292053,0.5645280480384827,0.042493876069784164
31,3,False,0.0,1,0.8316118717193604,0.25291556119918823,0.5660741329193115,0.04263303428888321
31,4,False,0.0,1,0.8323718309402466,0.2522351145744324,0.5676171779632568,0.04251272603869438
31,5,False,0.0,1,0.8328419923782349,0.2519005239009857,0.5686726570129395,0.04301275312900543
31,6,False,0.0,1,0.8325258493423462,0.2525056004524231,0.5693753957748413,0.04322822764515877
31,7,False,0.0,1,0.8308620452880859,0.25332969427108765,0.5705543756484985,0.04352395609021187
31,8,False,0.0,1,0.8299520015716553,0.25388363003730774,0.5707917809486389,0.043782588094472885
31,9,False,0.0,1,0.8285666704177856,0.25410333275794983,0.5710968971252441,0.044406708329916
31,10,False,0.0,1,0.827495813369751,0.2546813488006592,0.5705907344818115,0.04492206126451492
31,11,False,0.0,1,0.8265453577041626,0.2550717294216156,0.5721409916877747,0.04568224772810936
31,12,False,0.0,1,0.8259549140930176,0.25578466057777405,0.572770357131958,0.04604524374008179
31,13,False,0.0,1,0.8245117664337158,0.2572314143180847,0.5734522342681885,0.04703570529818535
31,14,False,0.0,1,0.8235985040664673,0.25833964347839355,0.5729267597198486,0.048068560659885406
31,15,False,0.0,1,0.82228684425354,0.2595803737640381,0.5733916759490967,0.04915057122707367
31,16,False,0.0,1,0.8214025497436523,0.26036518812179565,0.5739364624023438,0.0510534793138504
31,17,False,0.0,1,0.8200274705886841,0.26169994473457336,0.5745601058006287,0.05275312438607216
31,18,False,0.0,1,0.8193252682685852,0.2632443308830261,0.5718855857849121,0.0532430000603199
31,19,False,0.0,1,0.8184637427330017,0.26443013548851013,0.5714727640151978,0.05351371318101883
31,20,False,0.0,1,0.816923975944519,0.26577794551849365,0.5696327686309814,0.05332845449447632
31,21,False,0.0,1,0.8157440423965454,0.2671576142311096,0.5693141222000122,0.053113099187612534
31,22,False,0.0,1,0.8145937323570251,0.26800331473350525,0.5682390928268433,0.05260871723294258
31,23,False,0.0,1,0.8138334155082703,0.26903679966926575,0.5672832727432251,0.051847390830516815
31,24,False,0.0,1,0.8135896921157837,0.2693609893321991,0.5650453567504883,0.050434015691280365
31,25,False,0.0,1,0.8132091760635376,0.2694966793060303,0.5642550587654114,0.049125030636787415
31,26,False,0.0,1,0.8127453327178955,0.2696543335914612,0.5628492832183838,0.04848392307758331
31,27,False,0.0,1,0.8126820921897888,0.26891598105430603,0.5608034729957581,0.04742084816098213
31,28,False,0.0,1,0.812669575214386,0.2683282196521759,0.5599020719528198,0.0467853844165802
31,29,False,0.0,1,0.8130086660385132,0.26748183369636536,0.5590891242027283,0.04646319895982742
31,30,False,0.0,1,0.8136743307113647,0.26703697443008423,0.5579988956451416,0.045904867351055145
31,31,False,0.0,1,0.8135137557983398,0.2672768533229828,0.5549463033676147,0.04573890194296837
31,32,False,0.0,1,0.8133926391601562,0.2681010067462921,0.5505427122116089,0.045141588896512985
31,33,False,0.0,1,0.8131729960441589,0.2695968449115753,0.5445554852485657,0.045087359845638275
31,34,False,0.0,1,0.8127268552780151,0.2699897885322571,0.5387337803840637,0.04514287784695625
31,35,False,0.0,1,0.8125983476638794,0.2700076997280121,0.5333520174026489,0.04495517536997795
31,36,False,0.0,1,0.8130629062652588,0.2683940827846527,0.528999924659729,0.04489002004265785
31,37,False,0.0,1,0.8133345246315002,0.2666948139667511,0.5264914035797119,0.045041002333164215
31,38,False,0.0,1,0.8134926557540894,0.2653316259384155,0.5209923982620239,0.044861938804388046
31,39,True,0.0234375,1,0.8136422038078308,0.2651171088218689,0.5193203687667847,0.04395625740289688
31,40,True,0.0625,1,0.8166793584823608,0.2632247507572174,0.5210430026054382,0.043738529086112976
31,41,True,0.1015625,1,0.8175655603408813,0.2636823058128357,0.5257635116577148,0.0406559556722641
31,42,True,0.140625,1,0.8176400661468506,0.26278385519981384,0.5296045541763306,0.03884796425700188
31,43,True,0.1796875,1,0.819317102432251,0.26088249683380127,0.5249570608139038,0.035327497869729996
31,44,True,0.21875,1,0.8182980418205261,0.26068419218063354,0.5195713043212891,0.03510560840368271
31,45,True,0.2578125,1,0.8181979656219482,0.2572304308414459,0.5261552333831787,0.03283180668950081
31,46,True,0.296875,1,0.8213809728622437,0.2556053698062897,0.5290230512619019,0.03160485252737999
31,47,True,0.3359375,1,0.8220351934432983,0.25570961833000183,0.5330924391746521,0.03090343065559864
31,48,True,0.375,1,0.8213417530059814,0.25617775321006775,0.531631588935852,0.031123286113142967
31,49,True,0.4140625,1,0.8210073113441467,0.25564897060394287,0.5290690660476685,0.030303258448839188
31,50,True,0.453125,1,0.820767879486084,0.25545239448547363,0.5287201404571533,0.029310669749975204
31,51,True,0.4921875,1,0.8204909563064575,0.25528737902641296,0.5265806913375854,0.02845280058681965
31,52,True,0.53125,1,0.8203145265579224,0.25547948479652405,0.5253207683563232,0.028455551713705063
31,53,True,0.5703125,1,0.8205989599227905,0.2559850215911865,0.5306552052497864,0.02847495675086975
31,54,True,0.609375,1,0.8202778697013855,0.2548753321170807,0.5290038585662842,0.027918986976146698
31,55,True,0.6484375,1,0.8202289342880249,0.2544806897640228,0.5278941988945007,0.028123153373599052
31,56,True,0.6875,1,0.8199986219406128,0.25502926111221313,0.5307142734527588,0.027196547016501427
31,57,True,0.7265625,1,0.821022629737854,0.25594431161880493,0.5316226482391357,0.027473894879221916
31,58,True,0.765625,1,0.8213295340538025,0.25554800033569336,0.5343255996704102,0.028324026614427567
31,59,True,0.8046875,1,0.8210902214050293,0.2559174597263336,0.5337265729904175,0.027657151222229004
31,60,True,0.84375,1,0.820712685585022,0.25569429993629456,0.5341850519180298,0.028340954333543777
31,61,True,0.8828125,1,0.8213174343109131,0.25486433506011963,0.5364363193511963,0.0282076857984066
31,62,True,0.921875,1,0.820704996585846,0.25414466857910156,0.537941575050354,0.027866816148161888
31,63,True,0.9609375,1,0.821753203868866,0.2536059021949768,0.534010648727417,0.028258390724658966
31,64,True,1.0,1,0.8218799829483032,0.2523946762084961,0.5300666093826294,0.028570836409926414
31,65,True,1.0,1,0.8220237493515015,0.2524400055408478,0.5290650725364685,0.028426993638277054
31,66,True,1.0,1,0.8220555782318115,0.25246042013168335,0.5284347534179688,0.02820035256445408
31,67,True,1.0,1,0.8220506906509399,0.25248125195503235,0.5280963182449341,0.02805596962571144
31,68,True,1.0,1,0.8220705986022949,0.2524765431880951,0.5280856490135193,0.027886345982551575
31,69,True,1.0,1,0.8220565319061279,0.2524738907814026,0.5279701352119446,0.027841227129101753
31,70,True,1.0,1,0.8220633268356323,0.25247707962989807,0.5279196500778198,0.027818895876407623
31,71,True,1.0,1,0.8220734596252441,0.2524888217449188,0.527887761592865,0.027804067358374596
31,72,True,1.0,1,0.8220729827880859,0.2524896562099457,0.5278720259666443,0.027798239141702652
31,73,True,1.0,1,0.8220746517181396,0.2524876296520233,0.527860164642334,0.027797028422355652
31,74,True,1.0,1,0.8220717906951904,0.2524915933609009,0.5278579592704773,0.027796460315585136
31,75,True,1.0,1,0.8220698833465576,0.252492755651474,0.5278565287590027,0.027796080335974693
31,76,True,1.0,1,0.8220341205596924,0.2525111138820648,0.5279825329780579,0.027712618932127953
31,77,True,1.0,1,0.822026252746582,0.2525137960910797,0.5279548168182373,0.02770879492163658
31,78,True,1.0,1,0.8220231533050537,0.2525206208229065,0.5279443264007568,0.027708783745765686
31,79,True,1.0,1,0.8220293521881104,0.2525240182876587,0.5279397964477539,0.027708176523447037
31,80,True,1.0,1,0.8220248222351074,0.25251680612564087,0.5279350876808167,0.027708223089575768
31,81,True,1.0,1,0.8220264911651611,0.2525175213813782,0.5279361009597778,0.027708133682608604
31,82,True,1.0,1,0.8220252990722656,0.25251755118370056,0.5279350280761719,0.027707941830158234
31,83,True,1.0,1,0.822026252746582,0.252517968416214,0.5279353857040405,0.027708182111382484
31,84,True,1.0,1,0.8219866752624512,0.25252747535705566,0.5278886556625366,0.027727292850613594
31,85,True,1.0,1,0.8219859600067139,0.25252917408943176,0.5278997421264648,0.02772708795964718
31,86,True,1.0,1,0.8219823837280273,0.25252145528793335,0.5279039144515991,0.027725839987397194
31,87,True,1.0,1,0.8219814300537109,0.252522349357605,0.527899980545044,0.02772507630288601
31,88,True,1.0,1,0.8219823837280273,0.25252166390419006,0.5279001593589783,0.027725499123334885
31,89,True,1.0,1,0.8219774961471558,0.25251832604408264,0.5278990864753723,0.027724148705601692
31,90,True,1.0,1,0.8219766616821289,0.25251996517181396,0.5279034376144409,0.027724891901016235
31,91,True,1.0,1,0.8219811916351318,0.25252431631088257,0.5279018878936768,0.02772507257759571
31,92,True,1.0,1,0.8219930529594421,0.25251439213752747,0.5277454257011414,0.02780858799815178
31,93,True,1.0,1,0.821987509727478,0.25251203775405884,0.5277629494667053,0.027812810614705086
31,94,True,1.0,1,0.8219866156578064,0.2525118291378021,0.5277721881866455,0.027812764048576355
31,95,True,1.0,1,0.8219897150993347,0.2525055706501007,0.527775764465332,0.027812091633677483
31,96,False,0.0,1,0.8217448592185974,0.2594376504421234,0.5148013830184937,0.046525731682777405
31,97,False,0.0,1,0.8202096223831177,0.2600897550582886,0.5145473480224609,0.04486057534813881
31,98,False,0.0,1,0.8175693154335022,0.2623444199562073,0.5128351449966431,0.043118949979543686
31,99,False,0.0,1,0.8157547116279602,0.26434266567230225,0.5127662420272827,0.041109565645456314
31,100,False,0.0,1,0.8143685460090637,0.26574888825416565,0.5139505863189697,0.03932943195104599
31,101,False,0.0,1,0.8142662048339844,0.2665744721889496,0.5137057304382324,0.03766215220093727
31,102,False,0.0,1,0.8134168982505798,0.26742470264434814,0.5128526091575623,0.03785160556435585
31,103,False,0.0,1,0.8130491971969604,0.267890989780426,0.5115115642547607,0.036978598684072495
31,104,False,0.0,1,0.8126214742660522,0.26832154393196106,0.5106242895126343,0.036604348570108414
31,105,False,0.0,1,0.8122739791870117,0.2687006890773773,0.5112249851226807,0.03632510453462601
31,106,False,0.0,1,0.8128387331962585,0.2688249945640564,0.5101032257080078,0.035861786454916
31,107,False,0.0,1,0.8133742809295654,0.2685684561729431,0.5097270011901855,0.03519635647535324
31,108,False,0.0,1,0.8137853145599365,0.26799410581588745,0.5103163719177246,0.034875497221946716
31,109,False,0.0,1,0.8143308162689209,0.2670646905899048,0.5104783773422241,0.03434144705533981
31,110,False,0.0,1,0.8147791624069214,0.26634493470191956,0.5156588554382324,0.03471191227436066
31,111,False,0.0,1,0.8151861429214478,0.26567429304122925,0.5208215713500977,0.03517388924956322
31,112,False,0.0,1,0.8153173327445984,0.26545363664627075,0.5251032114028931,0.03544142469763756
31,113,False,0.0,1,0.8153507113456726,0.2654191851615906,0.5288333892822266,0.035877276211977005
31,114,False,0.0,1,0.8156154155731201,0.26491978764533997,0.5330226421356201,0.03651454672217369
31,115,False,0.0,1,0.815648078918457,0.2647187113761902,0.5354468822479248,0.03702561929821968
31,116,False,0.0,1,0.8156611919403076,0.26472553610801697,0.5379801988601685,0.03787858039140701
31,117,False,0.0,1,0.8159353137016296,0.26437073945999146,0.538856029510498,0.03839133307337761
31,118,False,0.0,1,0.8162603378295898,0.26441651582717896,0.5421220064163208,0.03928779810667038
31,119,False,0.0,1,0.8164244890213013,0.26462194323539734,0.5428775548934937,0.039210520684719086
31,120,False,0.0,1,0.8160402774810791,0.26496458053588867,0.5430687665939331,0.039024051278829575
31,121,False,0.0,1,0.8158518671989441,0.2653420567512512,0.5425750017166138,0.039118532091379166
31,122,False,0.0,1,0.8157273530960083,0.26542556285858154,0.5425381660461426,0.038830339908599854
31,123,False,0.0,1,0.8155128955841064,0.265306681394577,0.54250568151474,0.038299039006233215
31,124,False,0.0,1,0.8145765066146851,0.26535964012145996,0.5482787489891052,0.04022010415792465
31,125,False,0.0,1,0.8143677711486816,0.26469796895980835,0.5527631640434265,0.04242156073451042
31,126,False,0.0,1,0.8140507340431213,0.26422855257987976,0.555706262588501,0.043692901730537415
31,127,False,0.0,1,0.8141930103302002,0.2642071545124054,0.5573040843009949,0.04364314302802086
31,128,False,0.0,1,0.8147176504135132,0.2641523480415344,0.5590032339096069,0.044064003974199295
32,0,False,0.0,0,0.7507495880126953,0.17788885533809662,0.540329098701477,0.03585955873131752
32,1,False,0.0,1,0.8329182267189026,0.25374215841293335,0.5683329105377197,0.04430415853857994
32,2,False,0.0,1,0.8328197002410889,0.2537193298339844,0.5681818723678589,0.044284626841545105
32,3,False,0.0,1,0.8328146934509277,0.2536572813987732,0.5687857866287231,0.04470633715391159
32,4,False,0.0,1,0.8328659534454346,0.2529595196247101,0.5706605911254883,0.046086348593235016
32,5,False,0.0,1,0.8334327936172485,0.2526797950267792,0.571570098400116,0.046906664967536926
32,6,False,0.0,1,0.8337817192077637,0.25236085057258606,0.5726857781410217,0.047763653099536896
32,7,False,0.0,1,0.83359694480896,0.25221720337867737,0.5736968517303467,0.04851153865456581
32,8,False,0.0,1,0.8337061405181885,0.25210654735565186,0.573469877243042,0.048748768866062164
32,9,False,0.0,1,0.8332758545875549,0.25207337737083435,0.5753166675567627,0.04962361231446266
32,10,False,0.0,1,0.8329660892486572,0.2523863911628723,0.5769806504249573,0.05029243230819702
32,11,False,0.0,1,0.8324970602989197,0.25241827964782715,0.5785562992095947,0.05070391669869423
32,12,False,0.0,1,0.8318852782249451,0.25282129645347595,0.5783525109291077,0.051064632833004
32,13,False,0.0,1,0.8305791616439819,0.2533084452152252,0.579216480255127,0.051232945173978806
32,14,False,0.0,1,0.829155445098877,0.25410664081573486,0.5798649787902832,0.05169599875807762
32,15,False,0.0,1,0.8277645111083984,0.2552964687347412,0.5798776149749756,0.05156685411930084
32,16,False,0.0,1,0.8265811800956726,0.25617632269859314,0.580772876739502,0.05142638459801674
32,17,False,0.0,1,0.825986921787262,0.2571876645088196,0.5806601643562317,0.051085490733385086
32,18,False,0.0,1,0.8251523375511169,0.2584848701953888,0.5812052488327026,0.05092267692089081
32,19,False,0.0,1,0.8248438835144043,0.2594391107559204,0.5812444686889648,0.050840847194194794
32,20,False,0.0,1,0.8240804672241211,0.2605767846107483,0.5817983746528625,0.05068231001496315
32,21,False,0.0,1,0.8233707547187805,0.2612123489379883,0.5815322399139404,0.05064726248383522
32,22,False,0.0,1,0.8220250606536865,0.2622726559638977,0.5808444023132324,0.050659362226724625
32,23,False,0.0,1,0.8209709525108337,0.26299166679382324,0.5798325538635254,0.050289418548345566
32,24,False,0.0,1,0.8204405307769775,0.26328039169311523,0.5789705514907837,0.0502324178814888
32,25,False,0.0,1,0.8201212882995605,0.2636560797691345,0.5774403810501099,0.049708832055330276
32,26,False,0.0,1,0.8193671703338623,0.2642088830471039,0.5770090818405151,0.048837047070264816
32,27,False,0.0,1,0.819207489490509,0.26448509097099304,0.5763503313064575,0.048433396965265274
32,28,False,0.0,1,0.8189531564712524,0.2646091878414154,0.5748865008354187,0.04824651777744293
32,29,False,0.0,1,0.8179328441619873,0.2654872238636017,0.5752217769622803,0.04735714942216873
32,30,False,0.0,1,0.8169115781784058,0.266495943069458,0.573509693145752,0.04660787805914879
32,31,False,0.0,1,0.8161618709564209,0.26722854375839233,0.5712561011314392,0.0464419387280941
32,32,False,0.0,1,0.8149323463439941,0.2690199315547943,0.5702951550483704,0.046148594468832016
32,33,False,0.0,1,0.8143124580383301,0.2703973352909088,0.5700530409812927,0.04578187316656113
32,34,True,0.008771929889917374,1,0.8126752376556396,0.27092602849006653,0.5552175045013428,0.04137140512466431
32,35,True,0.048672568053007126,1,0.8220430016517639,0.2592225670814514,0.5117166042327881,0.0341651625931263
32,36,True,0.09292035549879074,1,0.8220894932746887,0.25861138105392456,0.5165787935256958,0.03162594884634018
32,37,True,0.13716813921928406,1,0.8232129812240601,0.2583240866661072,0.5190823078155518,0.03272641450166702
32,38,True,0.18141593039035797,1,0.8225469589233398,0.2569880485534668,0.5220747590065002,0.03311137482523918
32,39,True,0.22566372156143188,1,0.8208755254745483,0.2569632828235626,0.5261697769165039,0.033655475825071335
32,40,True,0.2699114978313446,1,0.8205121755599976,0.2575123608112335,0.5285847783088684,0.03366409242153168
32,41,True,0.3141593039035797,1,0.8198367357254028,0.2579404413700104,0.5289894342422485,0.03163531422615051
32,42,True,0.35840708017349243,1,0.820026159286499,0.2582763731479645,0.5287753939628601,0.030669955536723137
32,43,True,0.40265485644340515,1,0.8208226561546326,0.25968489050865173,0.5289875864982605,0.031035346910357475
32,44,True,0.44690266251564026,1,0.8208858966827393,0.25995010137557983,0.5268718004226685,0.029619334265589714
32,45,True,0.491150438785553,1,0.8199245929718018,0.25977495312690735,0.5287258625030518,0.02904379926621914
32,46,True,0.5353982448577881,1,0.819426417350769,0.25927963852882385,0.5283862352371216,0.028863629326224327
32,47,True,0.5796459913253784,1,0.8197957277297974,0.2588041424751282,0.5302526950836182,0.028890136629343033
32,48,True,0.6238937973976135,1,0.8203871846199036,0.2586687207221985,0.5293401479721069,0.029035354033112526
32,49,True,0.6681416034698486,1,0.8205442428588867,0.25807666778564453,0.5309854745864868,0.029482170939445496
32,50,True,0.7123894095420837,1,0.8202182650566101,0.25769177079200745,0.5282278060913086,0.029572634026408195
32,51,True,0.7566371560096741,1,0.8201276063919067,0.25787848234176636,0.5310170650482178,0.029438721016049385
32,52,True,0.8008849620819092,1,0.8204784393310547,0.25745874643325806,0.5318317413330078,0.029484521597623825
32,53,True,0.8451327681541443,1,0.8223334550857544,0.2570546865463257,0.5322538614273071,0.02940458618104458
32,54,True,0.8893805146217346,1,0.8224021196365356,0.25671935081481934,0.5334961414337158,0.02823704108595848
32,55,True,0.9336283206939697,1,0.8226058483123779,0.25546354055404663,0.5339846611022949,0.028137484565377235
32,56,True,0.9778761267662048,1,0.8226475715637207,0.25431472063064575,0.5322786569595337,0.027799854055047035
32,57,True,1.0,1,0.8218702077865601,0.2537713944911957,0.5289628505706787,0.028922127559781075
32,58,True,1.0,1,0.8224655389785767,0.2533116936683655,0.528172492980957,0.028768911957740784
32,59,True,1.0,1,0.8226938843727112,0.25313258171081543,0.5278307795524597,0.028583059087395668
32,60,True,1.0,1,0.8227923512458801,0.25309622287750244,0.5275884866714478,0.028446484357118607
32,61,True,1.0,1,0.8228283524513245,0.2530800700187683,0.5274702310562134,0.02836589515209198
32,62,True,1.0,1,0.822839081287384,0.2530773878097534,0.5274097919464111,0.028323600068688393
32,63,True,1.0,1,0.8228512406349182,0.25307366251945496,0.5273783802986145,0.028306178748607635
32,64,True,1.0,1,0.8228604197502136,0.2530767023563385,0.5273611545562744,0.028294824063777924
32,65,True,1.0,1,0.8228642344474792,0.2530757784843445,0.5273482203483582,0.028289373964071274
32,66,True,1.0,1,0.82286137342453,0.2530747950077057,0.5273433327674866,0.028285566717386246
32,67,True,1.0,1,0.8227763175964355,0.2529847025871277,0.5275765657424927,0.02815857157111168
32,68,True,1.0,1,0.8227922916412354,0.252986341714859,0.5275536179542542,0.02814791351556778
32,69,True,1.0,1,0.8228049278259277,0.25298675894737244,0.5275473594665527,0.02814379148185253
32,70,True,1.0,1,0.822798490524292,0.2529802620410919,0.5275402665138245,0.028141474351286888
32,71,True,1.0,1,0.8228075504302979,0.25298410654067993,0.5275384187698364,0.028139378875494003
32,72,True,1.0,1,0.8228096961975098,0.25298479199409485,0.5275402069091797,0.028139643371105194
32,73,True,1.0,1,0.8228073120117188,0.2529859244823456,0.5275394916534424,0.028138933703303337
32,74,True,1.0,1,0.8228068351745605,0.25298503041267395,0.5275387763977051,0.02814013697206974
32,75,True,1.0,1,0.8228418827056885,0.2529453635215759,0.5277215242385864,0.02797921560704708
32,76,True,1.0,1,0.8228484392166138,0.2529463469982147,0.5276811718940735,0.027968326583504677
32,77,True,1.0,1,0.8228439092636108,0.25294017791748047,0.5276592969894409,0.02796536684036255
32,78,True,1.0,1,0.8228524923324585,0.25294026732444763,0.5276505947113037,0.027963465079665184
32,79,True,1.0,1,0.8228527307510376,0.25294196605682373,0.5276480317115784,0.027961144223809242
32,80,True,1.0,1,0.8228548765182495,0.25294211506843567,0.5276463031768799,0.027962153777480125
32,81,True,1.0,1,0.8228541612625122,0.2529400885105133,0.5276484489440918,0.02796080708503723
32,82,True,1.0,1,0.8228532075881958,0.2529408633708954,0.5276479721069336,0.02796054072678089
32,83,True,1.0,1,0.8228776454925537,0.252925843000412,0.5278976559638977,0.027844006195664406
32,84,True,1.0,1,0.8228737115859985,0.25292888283729553,0.5278481245040894,0.027832910418510437
32,85,False,0.0,1,0.8237470388412476,0.2601390480995178,0.5294965505599976,0.04381672665476799
32,86,False,0.0,1,0.8195438385009766,0.26304683089256287,0.5307228565216064,0.04293696954846382
32,87,False,0.0,1,0.8167847394943237,0.2649674713611603,0.5336271524429321,0.041750647127628326
32,88,False,0.0,1,0.8148592710494995,0.26697200536727905,0.5305689573287964,0.041494403034448624
32,89,False,0.0,1,0.8112462759017944,0.27025726437568665,0.5316277742385864,0.042782969772815704
32,90,False,0.0,1,0.810799241065979,0.27109766006469727,0.5297390222549438,0.042229894548654556
32,91,False,0.0,1,0.8113996982574463,0.2713682949542999,0.5267707705497742,0.04193252697587013
32,92,False,0.0,1,0.8114051222801208,0.27177584171295166,0.5230716466903687,0.041736047714948654
32,93,False,0.0,1,0.8114644289016724,0.2712608575820923,0.5235528945922852,0.04083458334207535
32,94,False,0.0,1,0.8116242289543152,0.2711459696292877,0.5203806161880493,0.0403938926756382
32,95,False,0.0,1,0.811797559261322,0.27035579085350037,0.5195820331573486,0.038952384144067764
32,96,False,0.0,1,0.8117717504501343,0.2700061500072479,0.5208501815795898,0.037295106798410416
32,97,False,0.0,1,0.8110809326171875,0.26952946186065674,0.5199401378631592,0.03718694671988487
32,98,False,0.0,1,0.8098224401473999,0.26957806944847107,0.5245107412338257,0.03843573108315468
32,99,False,0.0,1,0.8111926317214966,0.26869693398475647,0.5299818515777588,0.038332466036081314
32,100,False,0.0,1,0.8123292922973633,0.26798930764198303,0.5334340333938599,0.038166455924510956
32,101,False,0.0,1,0.8134835958480835,0.2672709822654724,0.537662148475647,0.037636663764715195
32,102,False,0.0,1,0.8146178126335144,0.2663663327693939,0.539964497089386,0.03799743950366974
32,103,False,0.0,1,0.8147683143615723,0.26591119170188904,0.538390040397644,0.037510890513658524
32,104,False,0.0,1,0.8153916597366333,0.26544639468193054,0.5389622449874878,0.03766856715083122
32,105,False,0.0,1,0.8154484629631042,0.26461538672447205,0.5384117364883423,0.03718167543411255
32,106,False,0.0,1,0.8157612085342407,0.2643726170063019,0.5485191345214844,0.039962153881788254
32,107,False,0.0,1,0.8163846731185913,0.2644844353199005,0.5542900562286377,0.04158797860145569
32,108,False,0.0,1,0.8163930177688599,0.2645907700061798,0.5563949346542358,0.04231230169534683
32,109,False,0.0,1,0.8159515857696533,0.2647831439971924,0.5576131939888,0.04272979870438576
32,110,False,0.0,1,0.8155516386032104,0.26505330204963684,0.5607793927192688,0.044024016708135605
32,111,False,0.0,1,0.8152676820755005,0.26530805230140686,0.5624909400939941,0.044735513627529144
32,112,False,0.0,1,0.8150591254234314,0.2652464210987091,0.5625207424163818,0.0450020506978035
32,113,False,0.0,1,0.8146763443946838,0.2647629678249359,0.5639182329177856,0.04614006355404854
33,0,False,0.0,0,0.752119779586792,0.17491169273853302,0.5312126874923706,0.04196809232234955
33,1,False,0.0,1,0.8377694487571716,0.24946394562721252,0.5524518489837646,0.04909306764602661
33,2,False,0.0,1,0.8381853103637695,0.2487441748380661,0.5531721115112305,0.05000664293766022
33,3,False,0.0,1,0.8384691476821899,0.24795325100421906,0.5543575286865234,0.05115357041358948
33,4,False,0.0,1,0.8386136293411255,0.24775424599647522,0.5543097853660583,0.05206892639398575
33,5,False,0.0,1,0.8390822410583496,0.24739734828472137,0.5551449656486511,0.053153958171606064
33,6,False,0.0,1,0.839072585105896,0.24704262614250183,0.5561915636062622,0.05446414276957512
33,7,False,0.0,1,0.8391479253768921,0.24725891649723053,0.5559435486793518,0.054523397237062454
33,8,False,0.0,1,0.8389844298362732,0.24734413623809814,0.5561792254447937,0.05474314093589783
33,9,False,0.0,1,0.8387826681137085,0.24760568141937256,0.556248664855957,0.05469419062137604
33,10,False,0.0,1,0.8386452198028564,0.24772712588310242,0.5568525791168213,0.05460595339536667
33,11,False,0.0,1,0.8381438851356506,0.24784405529499054,0.5581923723220825,0.054619599133729935
33,12,False,0.0,1,0.8380693197250366,0.24818392097949982,0.558952808380127,0.05428033694624901
33,13,False,0.0,1,0.837432861328125,0.2487039715051651,0.5601134300231934,0.054012566804885864
33,14,False,0.0,1,0.8369483947753906,0.24917422235012054,0.5618047714233398,0.05391600728034973
33,15,False,0.0,1,0.8356426954269409,0.24995800852775574,0.5635765194892883,0.05424247309565544
33,16,False,0.0,1,0.8347171545028687,0.2506351172924042,0.5640872120857239,0.05419927090406418
33,17,False,0.0,1,0.8341348171234131,0.25137338042259216,0.565386176109314,0.05414451286196709
33,18,False,0.0,1,0.8331035375595093,0.2522585988044739,0.5672035217285156,0.05425480380654335
33,19,False,0.0,1,0.8317661881446838,0.2529013156890869,0.5679658651351929,0.05432518571615219
33,20,False,0.0,1,0.8305677771568298,0.2534537613391876,0.5697000026702881,0.05469094589352608
33,21,False,0.0,1,0.8290650844573975,0.2541934549808502,0.5715798139572144,0.05457587540149689
33,22,False,0.0,1,0.8280822038650513,0.2549870014190674,0.5723769068717957,0.05461864173412323
33,23,False,0.0,1,0.8266885280609131,0.2559843361377716,0.5745365619659424,0.05527539551258087
33,24,False,0.0,1,0.8256068229675293,0.256955623626709,0.5759932398796082,0.05541207268834114
33,25,False,0.0,1,0.8244301080703735,0.25802791118621826,0.5761635899543762,0.05534282326698303
33,26,False,0.0,1,0.8241110444068909,0.25884926319122314,0.5769134759902954,0.05540720373392105
33,27,False,0.0,1,0.8238036036491394,0.25934603810310364,0.5764726400375366,0.055056992918252945
33,28,False,0.0,1,0.8234670162200928,0.25998997688293457,0.5750927925109863,0.054761018604040146
33,29,False,0.0,1,0.8227499127388,0.26046934723854065,0.5741828680038452,0.05533911660313606
33,30,False,0.0,1,0.8223274946212769,0.26081714034080505,0.57357257604599,0.055669233202934265
33,31,False,0.0,1,0.8219629526138306,0.26133641600608826,0.5710803270339966,0.055433012545108795
33,32,False,0.0,1,0.8208910226821899,0.26215189695358276,0.5717246532440186,0.056067969650030136
33,33,False,0.0,1,0.8200424909591675,0.2628771960735321,0.5716742277145386,0.05665631592273712
33,34,False,0.0,1,0.8191473484039307,0.2633941173553467,0.5694571733474731,0.05559487268328667
33,35,False,0.0,1,0.8183779716491699,0.26413723826408386,0.5672151446342468,0.055409252643585205
33,36,False,0.0,1,0.8180145025253296,0.2646943926811218,0.5654475688934326,0.055564992129802704
33,37,False,0.0,1,0.8176844120025635,0.26504814624786377,0.5649365782737732,0.055419567972421646
33,38,False,0.0,1,0.8174827098846436,0.26555880904197693,0.5646981000900269,0.05514111369848251
33,39,False,0.0,1,0.8173203468322754,0.2658084034919739,0.5639734268188477,0.054307855665683746
33,40,False,0.0,1,0.8167930841445923,0.2668992877006531,0.5626653432846069,0.053499095141887665
33,41,False,0.0,1,0.8163712024688721,0.2676388621330261,0.5604370832443237,0.052546076476573944
33,42,False,0.0,1,0.8156347274780273,0.2680472135543823,0.5585321187973022,0.0515458770096302
33,43,False,0.0,1,0.8150225281715393,0.26823732256889343,0.5561171174049377,0.05042890086770058
33,44,False,0.0,1,0.8145536184310913,0.2683194875717163,0.5550189018249512,0.0491485632956028
33,45,False,0.0,1,0.8144282102584839,0.26789072155952454,0.5530599355697632,0.0475010871887207
33,46,False,0.0,1,0.8145369291305542,0.26693910360336304,0.5501856207847595,0.04571719095110893
33,47,False,0.0,1,0.814491868019104,0.26644107699394226,0.5475839376449585,0.044514287263154984
33,48,False,0.0,1,0.8142002820968628,0.266279011964798,0.5460103750228882,0.043911177664995193
33,49,False,0.0,1,0.8133470416069031,0.2664208710193634,0.5452902317047119,0.043013159185647964
33,50,True,0.024390242993831635,1,0.8145084381103516,0.26530203223228455,0.5438015460968018,0.04033144935965538
33,51,True,0.05487804859876633,1,0.8149487972259521,0.26481133699417114,0.5379652976989746,0.0372498445212841
33,52,True,0.08536585420370102,1,0.8157183527946472,0.26229336857795715,0.5345763564109802,0.035722631961107254
33,53,True,0.11585365980863571,1,0.8155021667480469,0.261613130569458,0.5350989103317261,0.03572488948702812
33,54,True,0.1463414579629898,1,0.821397066116333,0.25621819496154785,0.5309569835662842,0.03431996703147888
33,55,True,0.1768292635679245,1,0.8201956748962402,0.25685566663742065,0.530360221862793,0.03218073397874832
33,56,True,0.2073170691728592,1,0.8213688731193542,0.25564536452293396,0.5271936058998108,0.032729532569646835
33,57,True,0.23780487477779388,1,0.8210674524307251,0.2550814151763916,0.5296869277954102,0.032609354704618454
33,58,True,0.26829269528388977,1,0.820743978023529,0.2557075619697571,0.5315049886703491,0.03152139112353325
33,59,True,0.29878050088882446,1,0.820286750793457,0.2562187612056732,0.5315150618553162,0.03150901570916176
33,60,True,0.32926830649375916,1,0.8197482824325562,0.25666871666908264,0.5282800197601318,0.030827710404992104
33,61,True,0.35975611209869385,1,0.8198596239089966,0.25646886229515076,0.5264890193939209,0.03072555735707283
33,62,True,0.39024388790130615,1,0.8196113705635071,0.25628769397735596,0.5231465697288513,0.030638588592410088
33,63,True,0.42073169350624084,1,0.8195263147354126,0.25576382875442505,0.5259338021278381,0.02908569946885109
33,64,True,0.45121949911117554,1,0.8202702403068542,0.2550918161869049,0.5274894833564758,0.02870030887424946
33,65,True,0.48170730471611023,1,0.821518063545227,0.25383031368255615,0.5246661901473999,0.029323605820536613
33,66,True,0.5121951103210449,1,0.822908878326416,0.2532438337802887,0.5244860649108887,0.029160521924495697
33,67,True,0.542682945728302,1,0.825472354888916,0.2530660033226013,0.5272194743156433,0.030674953013658524
33,68,True,0.5731707215309143,1,0.8260195255279541,0.25380444526672363,0.5318591594696045,0.03168696537613869
33,69,True,0.6036585569381714,1,0.8243817090988159,0.25510215759277344,0.5332591533660889,0.030674031004309654
33,70,True,0.6341463327407837,1,0.8250014781951904,0.25446709990501404,0.5320408344268799,0.03014471009373665
33,71,True,0.6646341681480408,1,0.8237005472183228,0.25544434785842896,0.5330045819282532,0.030103269964456558
33,72,True,0.6951219439506531,1,0.8226510286331177,0.25525665283203125,0.5345674753189087,0.02993849478662014
33,73,True,0.7256097793579102,1,0.8217873573303223,0.256337434053421,0.5306157469749451,0.030271664261817932
33,74,True,0.7560975551605225,1,0.8213531970977783,0.2561311423778534,0.5362339019775391,0.029317490756511688
33,75,True,0.7865853905677795,1,0.8218694925308228,0.2553475797176361,0.5391141176223755,0.029314551502466202
33,76,True,0.8170731663703918,1,0.8217269778251648,0.2561643421649933,0.5433404445648193,0.02970162220299244
33,77,True,0.8475610017776489,1,0.8212172985076904,0.2564678192138672,0.544580340385437,0.029340840876102448
33,78,True,0.8780487775802612,1,0.8211966753005981,0.2556445002555847,0.5453821420669556,0.028895964846014977
33,79,True,0.9085366129875183,1,0.8210760354995728,0.2547560930252075,0.544374942779541,0.02866150438785553
33,80,True,0.9390243887901306,1,0.8207417130470276,0.2536216378211975,0.542485237121582,0.02775489166378975
33,81,True,0.9695122241973877,1,0.820889949798584,0.2541259527206421,0.5385803580284119,0.02743600122630596
33,82,True,1.0,1,0.8208199739456177,0.2550848722457886,0.5337064266204834,0.027179069817066193
33,83,True,1.0,1,0.8204686045646667,0.25521814823150635,0.5324863195419312,0.02719179354608059
33,84,True,1.0,1,0.820207953453064,0.2554948329925537,0.531739354133606,0.027085499837994576
33,85,True,1.0,1,0.8200461268424988,0.255654901266098,0.5313395857810974,0.026999253779649734
33,86,True,1.0,1,0.8199318051338196,0.25573959946632385,0.531141996383667,0.02694753184914589
33,87,True,1.0,1,0.8199028372764587,0.25578680634498596,0.5310388803482056,0.026923734694719315
33,88,True,1.0,1,0.819875180721283,0.2558038830757141,0.5309861302375793,0.026909472420811653
33,89,True,1.0,1,0.8199597597122192,0.2557574212551117,0.5309298038482666,0.02686920203268528
33,90,True,1.0,1,0.819961428642273,0.2557348608970642,0.5308960676193237,0.026869287714362144
33,91,True,1.0,1,0.8199708461761475,0.255725234746933,0.5308728218078613,0.02687208727002144
33,92,True,1.0,1,0.8199779987335205,0.25572168827056885,0.5308661460876465,0.02687191590666771
33,93,True,1.0,1,0.8199865818023682,0.2557288408279419,0.5308616161346436,0.02687247470021248
33,94,True,1.0,1,0.8199830055236816,0.2557249069213867,0.530862033367157,0.026872042566537857
33,95,True,1.0,1,0.8199746608734131,0.255716472864151,0.5308607816696167,0.02687143348157406
33,96,True,1.0,1,0.81998610496521,0.25572335720062256,0.5308599472045898,0.026871880516409874
33,97,True,1.0,1,0.8200190663337708,0.25565305352211,0.5306499600410461,0.0269282516092062
33,98,True,1.0,1,0.8200190663337708,0.25565242767333984,0.5306336879730225,0.026933636516332626
33,99,True,1.0,1,0.8200182318687439,0.25564467906951904,0.5306307077407837,0.026935379952192307
33,100,True,1.0,1,0.8200168013572693,0.25564947724342346,0.5306288003921509,0.02693737857043743
33,101,True,1.0,1,0.8200165629386902,0.2556479573249817,0.5306252241134644,0.02693602629005909
33,102,True,1.0,1,0.820016086101532,0.25564220547676086,0.5306248664855957,0.026935964822769165
33,103,True,1.0,1,0.8200148940086365,0.25564369559288025,0.5306236743927002,0.02693631313741207
33,104,True,1.0,1,0.8200125098228455,0.25564369559288025,0.5306239128112793,0.02693631313741207
