git SHA: bb02b05d48f3eb1135a618f00489557b81faf4c6
C16 LIBERO-Spatial: 4 GPUs x batch 8 x accumulation 8 = global batch 256
max steps: 5000; save interval: 2000; seed: 42
[2026-09-28 14:10:57,209] torch.distributed.run: [WARNING] 
[2026-09-28 14:10:57,209] torch.distributed.run: [WARNING] *****************************************
[2026-09-28 14:10:57,209] torch.distributed.run: [WARNING] Setting OMP_NUM_THREADS environment variable for each process to be 1 in default, to avoid your system being overloaded, please further tune the variable for optimal performance in your application as needed. 
[2026-09-28 14:10:57,209] torch.distributed.run: [WARNING] *****************************************
/root/SpatialMemoryVLA/.venv/lib/python3.10/site-packages/wandb/sdk/launch/builder/build.py:11: UserWarning: pkg_resources is deprecated as an API. See https://setuptools.pypa.io/en/latest/pkg_resources.html. The pkg_resources package is slated for removal as early as 2025-11-30. Refrain from using this package or pin to Setuptools<81.
  import pkg_resources
/root/SpatialMemoryVLA/.venv/lib/python3.10/site-packages/wandb/sdk/launch/builder/build.py:11: UserWarning: pkg_resources is deprecated as an API. See https://setuptools.pypa.io/en/latest/pkg_resources.html. The pkg_resources package is slated for removal as early as 2025-11-30. Refrain from using this package or pin to Setuptools<81.
  import pkg_resources
/root/SpatialMemoryVLA/.venv/lib/python3.10/site-packages/wandb/sdk/launch/builder/build.py:11: UserWarning: pkg_resources is deprecated as an API. See https://setuptools.pypa.io/en/latest/pkg_resources.html. The pkg_resources package is slated for removal as early as 2025-11-30. Refrain from using this package or pin to Setuptools<81.
  import pkg_resources
/root/SpatialMemoryVLA/.venv/lib/python3.10/site-packages/wandb/sdk/launch/builder/build.py:11: UserWarning: pkg_resources is deprecated as an API. See https://setuptools.pypa.io/en/latest/pkg_resources.html. The pkg_resources package is slated for removal as early as 2025-11-30. Refrain from using this package or pin to Setuptools<81.
  import pkg_resources
2026-09-28 14:11:00.549054: I tensorflow/core/util/port.cc:113] oneDNN custom operations are on. You may see slightly different numerical results due to floating-point round-off errors from different computation orders. To turn them off, set the environment variable `TF_ENABLE_ONEDNN_OPTS=0`.
2026-09-28 14:11:00.576921: I tensorflow/core/util/port.cc:113] oneDNN custom operations are on. You may see slightly different numerical results due to floating-point round-off errors from different computation orders. To turn them off, set the environment variable `TF_ENABLE_ONEDNN_OPTS=0`.
2026-09-28 14:11:00.586357: E external/local_xla/xla/stream_executor/cuda/cuda_dnn.cc:9261] Unable to register cuDNN factory: Attempting to register factory for plugin cuDNN when one has already been registered
2026-09-28 14:11:00.586391: E external/local_xla/xla/stream_executor/cuda/cuda_fft.cc:607] Unable to register cuFFT factory: Attempting to register factory for plugin cuFFT when one has already been registered
2026-09-28 14:11:00.590024: E external/local_xla/xla/stream_executor/cuda/cuda_blas.cc:1515] Unable to register cuBLAS factory: Attempting to register factory for plugin cuBLAS when one has already been registered
2026-09-28 14:11:00.596205: I tensorflow/core/platform/cpu_feature_guard.cc:182] This TensorFlow binary is optimized to use available CPU instructions in performance-critical operations.
To enable the following instructions: AVX2 AVX512F AVX512_VNNI FMA, in other operations, rebuild TensorFlow with the appropriate compiler flags.
2026-09-28 14:11:00.608461: I tensorflow/core/util/port.cc:113] oneDNN custom operations are on. You may see slightly different numerical results due to floating-point round-off errors from different computation orders. To turn them off, set the environment variable `TF_ENABLE_ONEDNN_OPTS=0`.
2026-09-28 14:11:00.617896: E external/local_xla/xla/stream_executor/cuda/cuda_dnn.cc:9261] Unable to register cuDNN factory: Attempting to register factory for plugin cuDNN when one has already been registered
2026-09-28 14:11:00.617922: E external/local_xla/xla/stream_executor/cuda/cuda_fft.cc:607] Unable to register cuFFT factory: Attempting to register factory for plugin cuFFT when one has already been registered
2026-09-28 14:11:00.618912: E external/local_xla/xla/stream_executor/cuda/cuda_blas.cc:1515] Unable to register cuBLAS factory: Attempting to register factory for plugin cuBLAS when one has already been registered
2026-09-28 14:11:00.624614: I tensorflow/core/platform/cpu_feature_guard.cc:182] This TensorFlow binary is optimized to use available CPU instructions in performance-critical operations.
To enable the following instructions: AVX2 AVX512F AVX512_VNNI FMA, in other operations, rebuild TensorFlow with the appropriate compiler flags.
2026-09-28 14:11:00.633648: I tensorflow/core/util/port.cc:113] oneDNN custom operations are on. You may see slightly different numerical results due to floating-point round-off errors from different computation orders. To turn them off, set the environment variable `TF_ENABLE_ONEDNN_OPTS=0`.
2026-09-28 14:11:00.644832: E external/local_xla/xla/stream_executor/cuda/cuda_dnn.cc:9261] Unable to register cuDNN factory: Attempting to register factory for plugin cuDNN when one has already been registered
2026-09-28 14:11:00.644854: E external/local_xla/xla/stream_executor/cuda/cuda_fft.cc:607] Unable to register cuFFT factory: Attempting to register factory for plugin cuFFT when one has already been registered
2026-09-28 14:11:00.645830: E external/local_xla/xla/stream_executor/cuda/cuda_blas.cc:1515] Unable to register cuBLAS factory: Attempting to register factory for plugin cuBLAS when one has already been registered
2026-09-28 14:11:00.651457: I tensorflow/core/platform/cpu_feature_guard.cc:182] This TensorFlow binary is optimized to use available CPU instructions in performance-critical operations.
To enable the following instructions: AVX2 AVX512F AVX512_VNNI FMA, in other operations, rebuild TensorFlow with the appropriate compiler flags.
2026-09-28 14:11:00.672185: E external/local_xla/xla/stream_executor/cuda/cuda_dnn.cc:9261] Unable to register cuDNN factory: Attempting to register factory for plugin cuDNN when one has already been registered
2026-09-28 14:11:00.672212: E external/local_xla/xla/stream_executor/cuda/cuda_fft.cc:607] Unable to register cuFFT factory: Attempting to register factory for plugin cuFFT when one has already been registered
2026-09-28 14:11:00.673199: E external/local_xla/xla/stream_executor/cuda/cuda_blas.cc:1515] Unable to register cuBLAS factory: Attempting to register factory for plugin cuBLAS when one has already been registered
2026-09-28 14:11:00.678851: I tensorflow/core/platform/cpu_feature_guard.cc:182] This TensorFlow binary is optimized to use available CPU instructions in performance-critical operations.
To enable the following instructions: AVX2 AVX512F AVX512_VNNI FMA, in other operations, rebuild TensorFlow with the appropriate compiler flags.
2026-09-28 14:11:01.332031: W tensorflow/compiler/tf2tensorrt/utils/py_utils.cc:38] TF-TRT Warning: Could not find TensorRT
2026-09-28 14:11:01.345663: W tensorflow/compiler/tf2tensorrt/utils/py_utils.cc:38] TF-TRT Warning: Could not find TensorRT
2026-09-28 14:11:01.370082: W tensorflow/compiler/tf2tensorrt/utils/py_utils.cc:38] TF-TRT Warning: Could not find TensorRT
2026-09-28 14:11:01.410608: W tensorflow/compiler/tf2tensorrt/utils/py_utils.cc:38] TF-TRT Warning: Could not find TensorRT
09/28 [14:11:08] INFO     | >> [*] MemoryVLA Training :: Warming Up train.py:162
                 INFO     | >>     |=> "Do or do not; there is no   train.py:181
                          try."                                                 
aibox-ra7f0191d12b-7b895dd899-6c9m7:45650:45650 [0] NCCL INFO NCCL_SOCKET_IFNAME set by environment to =eth0
aibox-ra7f0191d12b-7b895dd899-6c9m7:45650:45650 [0] NCCL INFO Bootstrap : Using eth0:10.108.1.101<0>
aibox-ra7f0191d12b-7b895dd899-6c9m7:45650:45650 [0] NCCL INFO NET/Plugin : dlerror=libnccl-net.so: cannot open shared object file: No such file or directory No plugin found (libnccl-net.so), using internal implementation
aibox-ra7f0191d12b-7b895dd899-6c9m7:45650:45650 [0] NCCL INFO cudaDriverVersion 12090
NCCL version 2.19.3+cuda12.3
aibox-ra7f0191d12b-7b895dd899-6c9m7:45653:45653 [3] NCCL INFO cudaDriverVersion 12090
aibox-ra7f0191d12b-7b895dd899-6c9m7:45653:45653 [3] NCCL INFO NCCL_SOCKET_IFNAME set by environment to =eth0
aibox-ra7f0191d12b-7b895dd899-6c9m7:45652:45652 [2] NCCL INFO cudaDriverVersion 12090
aibox-ra7f0191d12b-7b895dd899-6c9m7:45652:45652 [2] NCCL INFO NCCL_SOCKET_IFNAME set by environment to =eth0
aibox-ra7f0191d12b-7b895dd899-6c9m7:45653:45653 [3] NCCL INFO Bootstrap : Using eth0:10.108.1.101<0>
aibox-ra7f0191d12b-7b895dd899-6c9m7:45652:45652 [2] NCCL INFO Bootstrap : Using eth0:10.108.1.101<0>
aibox-ra7f0191d12b-7b895dd899-6c9m7:45653:45653 [3] NCCL INFO NET/Plugin : dlerror=libnccl-net.so: cannot open shared object file: No such file or directory No plugin found (libnccl-net.so), using internal implementation
aibox-ra7f0191d12b-7b895dd899-6c9m7:45652:45652 [2] NCCL INFO NET/Plugin : dlerror=libnccl-net.so: cannot open shared object file: No such file or directory No plugin found (libnccl-net.so), using internal implementation
aibox-ra7f0191d12b-7b895dd899-6c9m7:45650:45727 [0] NCCL INFO NCCL_SOCKET_IFNAME set by environment to =eth0
aibox-ra7f0191d12b-7b895dd899-6c9m7:45650:45727 [0] NCCL INFO NCCL_IB_HCA set to =mlx5_6,mlx5_4,mlx5_2,mlx5_7,mlx5_5,mlx5_3,mlx5_1,mlx5_8
aibox-ra7f0191d12b-7b895dd899-6c9m7:45652:45729 [2] NCCL INFO NCCL_SOCKET_IFNAME set by environment to =eth0
aibox-ra7f0191d12b-7b895dd899-6c9m7:45652:45729 [2] NCCL INFO NCCL_IB_HCA set to =mlx5_6,mlx5_4,mlx5_2,mlx5_7,mlx5_5,mlx5_3,mlx5_1,mlx5_8
aibox-ra7f0191d12b-7b895dd899-6c9m7:45653:45728 [3] NCCL INFO NCCL_SOCKET_IFNAME set by environment to =eth0
aibox-ra7f0191d12b-7b895dd899-6c9m7:45653:45728 [3] NCCL INFO NCCL_IB_HCA set to =mlx5_6,mlx5_4,mlx5_2,mlx5_7,mlx5_5,mlx5_3,mlx5_1,mlx5_8
aibox-ra7f0191d12b-7b895dd899-6c9m7:45652:45729 [2] NCCL INFO NCCL_IB_ADAPTIVE_ROUTING set by environment to 1.
aibox-ra7f0191d12b-7b895dd899-6c9m7:45650:45727 [0] NCCL INFO NCCL_IB_ADAPTIVE_ROUTING set by environment to 1.
aibox-ra7f0191d12b-7b895dd899-6c9m7:45653:45728 [3] NCCL INFO NCCL_IB_ADAPTIVE_ROUTING set by environment to 1.
aibox-ra7f0191d12b-7b895dd899-6c9m7:45653:45728 [3] NCCL INFO NET/IB : Using [0]mlx5_1:1/RoCE [1]mlx5_2:1/RoCE [2]mlx5_3:1/RoCE [3]mlx5_4:1/RoCE [4]mlx5_5:1/RoCE [5]mlx5_6:1/RoCE [6]mlx5_7:1/RoCE [7]mlx5_8:1/RoCE [RO]; OOB eth0:10.108.1.101<0>
aibox-ra7f0191d12b-7b895dd899-6c9m7:45653:45728 [3] NCCL INFO Using non-device net plugin version 0
aibox-ra7f0191d12b-7b895dd899-6c9m7:45653:45728 [3] NCCL INFO Using network IB
aibox-ra7f0191d12b-7b895dd899-6c9m7:45650:45727 [0] NCCL INFO NET/IB : Using [0]mlx5_1:1/RoCE [1]mlx5_2:1/RoCE [2]mlx5_3:1/RoCE [3]mlx5_4:1/RoCE [4]mlx5_5:1/RoCE [5]mlx5_6:1/RoCE [6]mlx5_7:1/RoCE [7]mlx5_8:1/RoCE [RO]; OOB eth0:10.108.1.101<0>
aibox-ra7f0191d12b-7b895dd899-6c9m7:45650:45727 [0] NCCL INFO Using non-device net plugin version 0
aibox-ra7f0191d12b-7b895dd899-6c9m7:45650:45727 [0] NCCL INFO Using network IB
aibox-ra7f0191d12b-7b895dd899-6c9m7:45652:45729 [2] NCCL INFO NET/IB : Using [0]mlx5_1:1/RoCE [1]mlx5_2:1/RoCE [2]mlx5_3:1/RoCE [3]mlx5_4:1/RoCE [4]mlx5_5:1/RoCE [5]mlx5_6:1/RoCE [6]mlx5_7:1/RoCE [7]mlx5_8:1/RoCE [RO]; OOB eth0:10.108.1.101<0>
aibox-ra7f0191d12b-7b895dd899-6c9m7:45652:45729 [2] NCCL INFO Using non-device net plugin version 0
aibox-ra7f0191d12b-7b895dd899-6c9m7:45652:45729 [2] NCCL INFO Using network IB
aibox-ra7f0191d12b-7b895dd899-6c9m7:45651:45651 [1] NCCL INFO cudaDriverVersion 12090
aibox-ra7f0191d12b-7b895dd899-6c9m7:45651:45651 [1] NCCL INFO NCCL_SOCKET_IFNAME set by environment to =eth0
aibox-ra7f0191d12b-7b895dd899-6c9m7:45651:45651 [1] NCCL INFO Bootstrap : Using eth0:10.108.1.101<0>
aibox-ra7f0191d12b-7b895dd899-6c9m7:45651:45651 [1] NCCL INFO NET/Plugin : dlerror=libnccl-net.so: cannot open shared object file: No such file or directory No plugin found (libnccl-net.so), using internal implementation
aibox-ra7f0191d12b-7b895dd899-6c9m7:45651:45756 [1] NCCL INFO NCCL_SOCKET_IFNAME set by environment to =eth0
aibox-ra7f0191d12b-7b895dd899-6c9m7:45651:45756 [1] NCCL INFO NCCL_IB_HCA set to =mlx5_6,mlx5_4,mlx5_2,mlx5_7,mlx5_5,mlx5_3,mlx5_1,mlx5_8
aibox-ra7f0191d12b-7b895dd899-6c9m7:45651:45756 [1] NCCL INFO NCCL_IB_ADAPTIVE_ROUTING set by environment to 1.
aibox-ra7f0191d12b-7b895dd899-6c9m7:45651:45756 [1] NCCL INFO NET/IB : Using [0]mlx5_1:1/RoCE [1]mlx5_2:1/RoCE [2]mlx5_3:1/RoCE [3]mlx5_4:1/RoCE [4]mlx5_5:1/RoCE [5]mlx5_6:1/RoCE [6]mlx5_7:1/RoCE [7]mlx5_8:1/RoCE [RO]; OOB eth0:10.108.1.101<0>
aibox-ra7f0191d12b-7b895dd899-6c9m7:45651:45756 [1] NCCL INFO Using non-device net plugin version 0
aibox-ra7f0191d12b-7b895dd899-6c9m7:45651:45756 [1] NCCL INFO Using network IB
aibox-ra7f0191d12b-7b895dd899-6c9m7:45651:45756 [1] NCCL INFO comm 0x55b287e00870 rank 1 nranks 4 cudaDev 1 nvmlDev 1 busId b1000 commId 0x70b9f74f0f0888b7 - Init START
aibox-ra7f0191d12b-7b895dd899-6c9m7:45650:45727 [0] NCCL INFO comm 0x557afc784a60 rank 0 nranks 4 cudaDev 0 nvmlDev 0 busId ad000 commId 0x70b9f74f0f0888b7 - Init START
aibox-ra7f0191d12b-7b895dd899-6c9m7:45652:45729 [2] NCCL INFO comm 0x560971e1aa50 rank 2 nranks 4 cudaDev 2 nvmlDev 2 busId d0000 commId 0x70b9f74f0f0888b7 - Init START
aibox-ra7f0191d12b-7b895dd899-6c9m7:45653:45728 [3] NCCL INFO comm 0x55b6b59771c0 rank 3 nranks 4 cudaDev 3 nvmlDev 3 busId d3000 commId 0x70b9f74f0f0888b7 - Init START
aibox-ra7f0191d12b-7b895dd899-6c9m7:45652:45729 [2] NCCL INFO === System : maxBw 160.0 totalBw 160.0 ===
aibox-ra7f0191d12b-7b895dd899-6c9m7:45652:45729 [2] NCCL INFO CPU/1 (1/1/2)
aibox-ra7f0191d12b-7b895dd899-6c9m7:45652:45729 [2] NCCL INFO + PCI[24.0] - PCI/A7000 (1000c01010000000)
aibox-ra7f0191d12b-7b895dd899-6c9m7:45652:45729 [2] NCCL INFO               + PCI[24.0] - PCI/AB000 (1000c01010de13b8)
aibox-ra7f0191d12b-7b895dd899-6c9m7:45652:45729 [2] NCCL INFO                             + PCI[24.0] - GPU/AD000 (0)
aibox-ra7f0191d12b-7b895dd899-6c9m7:45652:45729 [2] NCCL INFO                                           + NVL[160.0] - NVS/0
aibox-ra7f0191d12b-7b895dd899-6c9m7:45652:45729 [2] NCCL INFO               + PCI[24.0] - PCI/AF000 (1000c01010de13b8)
aibox-ra7f0191d12b-7b895dd899-6c9m7:45652:45729 [2] NCCL INFO                             + PCI[24.0] - GPU/B1000 (1)
aibox-ra7f0191d12b-7b895dd899-6c9m7:45652:45729 [2] NCCL INFO                                           + NVL[160.0] - NVS/0
aibox-ra7f0191d12b-7b895dd899-6c9m7:45652:45729 [2] NCCL INFO               + PCI[24.0] - NIC/C2000
aibox-ra7f0191d12b-7b895dd899-6c9m7:45652:45729 [2] NCCL INFO + PCI[24.0] - PCI/CA000 (1000c01010000000)
aibox-ra7f0191d12b-7b895dd899-6c9m7:45652:45729 [2] NCCL INFO               + PCI[24.0] - PCI/CE000 (1000c01010de13b8)
aibox-ra7f0191d12b-7b895dd899-6c9m7:45652:45729 [2] NCCL INFO                             + PCI[24.0] - GPU/D0000 (2)
aibox-ra7f0191d12b-7b895dd899-6c9m7:45652:45729 [2] NCCL INFO                                           + NVL[160.0] - NVS/0
aibox-ra7f0191d12b-7b895dd899-6c9m7:45652:45729 [2] NCCL INFO               + PCI[24.0] - PCI/D1000 (1000c01010de13b8)
aibox-ra7f0191d12b-7b895dd899-6c9m7:45652:45729 [2] NCCL INFO                             + PCI[24.0] - GPU/D3000 (3)
aibox-ra7f0191d12b-7b895dd899-6c9m7:45652:45729 [2] NCCL INFO                                           + NVL[160.0] - NVS/0
aibox-ra7f0191d12b-7b895dd899-6c9m7:45652:45729 [2] NCCL INFO               + PCI[24.0] - NIC/DB000
aibox-ra7f0191d12b-7b895dd899-6c9m7:45652:45729 [2] NCCL INFO + SYS[10.0] - CPU/0
aibox-ra7f0191d12b-7b895dd899-6c9m7:45652:45729 [2] NCCL INFO CPU/0 (1/1/2)
aibox-ra7f0191d12b-7b895dd899-6c9m7:45652:45729 [2] NCCL INFO + PCI[24.0] - PCI/4D000 (1000c01010000000)
aibox-ra7f0191d12b-7b895dd899-6c9m7:45652:45729 [2] NCCL INFO               + PCI[24.0] - NIC/5A000
aibox-ra7f0191d12b-7b895dd899-6c9m7:45652:45729 [2] NCCL INFO + PCI[24.0] - PCI/66000 (1000c01010000000)
aibox-ra7f0191d12b-7b895dd899-6c9m7:45652:45729 [2] NCCL INFO               + PCI[24.0] - NIC/73000
aibox-ra7f0191d12b-7b895dd899-6c9m7:45652:45729 [2] NCCL INFO + SYS[10.0] - CPU/1
aibox-ra7f0191d12b-7b895dd899-6c9m7:45652:45729 [2] NCCL INFO ==========================================
aibox-ra7f0191d12b-7b895dd899-6c9m7:45652:45729 [2] NCCL INFO GPU/AD000 :GPU/AD000 (0/5000.000000/LOC) GPU/B1000 (2/160.000000/NVL) GPU/D0000 (2/160.000000/NVL) GPU/D3000 (2/160.000000/NVL) NVS/0 (1/160.000000/NVL) CPU/1 (3/24.000000/PHB) CPU/0 (4/10.000000/SYS) 
aibox-ra7f0191d12b-7b895dd899-6c9m7:45652:45729 [2] NCCL INFO GPU/B1000 :GPU/AD000 (2/160.000000/NVL) GPU/B1000 (0/5000.000000/LOC) GPU/D0000 (2/160.000000/NVL) GPU/D3000 (2/160.000000/NVL) NVS/0 (1/160.000000/NVL) CPU/1 (3/24.000000/PHB) CPU/0 (4/10.000000/SYS) 
aibox-ra7f0191d12b-7b895dd899-6c9m7:45652:45729 [2] NCCL INFO GPU/D0000 :GPU/AD000 (2/160.000000/NVL) GPU/B1000 (2/160.000000/NVL) GPU/D0000 (0/5000.000000/LOC) GPU/D3000 (2/160.000000/NVL) NVS/0 (1/160.000000/NVL) CPU/1 (3/24.000000/PHB) CPU/0 (4/10.000000/SYS) 
aibox-ra7f0191d12b-7b895dd899-6c9m7:45652:45729 [2] NCCL INFO GPU/D3000 :GPU/AD000 (2/160.000000/NVL) GPU/B1000 (2/160.000000/NVL) GPU/D0000 (2/160.000000/NVL) GPU/D3000 (0/5000.000000/LOC) NVS/0 (1/160.000000/NVL) CPU/1 (3/24.000000/PHB) CPU/0 (4/10.000000/SYS) 
aibox-ra7f0191d12b-7b895dd899-6c9m7:45652:45729 [2] NCCL INFO Setting affinity for GPU 2 to ffffffff,00000000,ffffffff,00000000
aibox-ra7f0191d12b-7b895dd899-6c9m7:45652:45729 [2] NCCL INFO NVLS multicast support is not available on dev 2
aibox-ra7f0191d12b-7b895dd899-6c9m7:45652:45729 [2] NCCL INFO Pattern 4, crossNic 0, nChannels 8, bw 20.000000/20.000000, type NVL/PIX, sameChannels 1
aibox-ra7f0191d12b-7b895dd899-6c9m7:45652:45729 [2] NCCL INFO  0 : GPU/0 GPU/1 GPU/2 GPU/3
aibox-ra7f0191d12b-7b895dd899-6c9m7:45652:45729 [2] NCCL INFO  1 : GPU/0 GPU/1 GPU/2 GPU/3
aibox-ra7f0191d12b-7b895dd899-6c9m7:45652:45729 [2] NCCL INFO  2 : GPU/0 GPU/1 GPU/2 GPU/3
aibox-ra7f0191d12b-7b895dd899-6c9m7:45652:45729 [2] NCCL INFO  3 : GPU/0 GPU/1 GPU/2 GPU/3
aibox-ra7f0191d12b-7b895dd899-6c9m7:45652:45729 [2] NCCL INFO  4 : GPU/0 GPU/1 GPU/2 GPU/3
aibox-ra7f0191d12b-7b895dd899-6c9m7:45652:45729 [2] NCCL INFO  5 : GPU/0 GPU/1 GPU/2 GPU/3
aibox-ra7f0191d12b-7b895dd899-6c9m7:45652:45729 [2] NCCL INFO  6 : GPU/0 GPU/1 GPU/2 GPU/3
aibox-ra7f0191d12b-7b895dd899-6c9m7:45652:45729 [2] NCCL INFO  7 : GPU/0 GPU/1 GPU/2 GPU/3
aibox-ra7f0191d12b-7b895dd899-6c9m7:45652:45729 [2] NCCL INFO Pattern 1, crossNic 0, nChannels 8, bw 20.000000/20.000000, type NVL/PIX, sameChannels 1
aibox-ra7f0191d12b-7b895dd899-6c9m7:45652:45729 [2] NCCL INFO  0 : GPU/0 GPU/1 GPU/2 GPU/3
aibox-ra7f0191d12b-7b895dd899-6c9m7:45652:45729 [2] NCCL INFO  1 : GPU/0 GPU/1 GPU/2 GPU/3
aibox-ra7f0191d12b-7b895dd899-6c9m7:45652:45729 [2] NCCL INFO  2 : GPU/0 GPU/1 GPU/2 GPU/3
aibox-ra7f0191d12b-7b895dd899-6c9m7:45652:45729 [2] NCCL INFO  3 : GPU/0 GPU/1 GPU/2 GPU/3
aibox-ra7f0191d12b-7b895dd899-6c9m7:45652:45729 [2] NCCL INFO  4 : GPU/0 GPU/1 GPU/2 GPU/3
aibox-ra7f0191d12b-7b895dd899-6c9m7:45652:45729 [2] NCCL INFO  5 : GPU/0 GPU/1 GPU/2 GPU/3
aibox-ra7f0191d12b-7b895dd899-6c9m7:45652:45729 [2] NCCL INFO  6 : GPU/0 GPU/1 GPU/2 GPU/3
aibox-ra7f0191d12b-7b895dd899-6c9m7:45652:45729 [2] NCCL INFO  7 : GPU/0 GPU/1 GPU/2 GPU/3
aibox-ra7f0191d12b-7b895dd899-6c9m7:45651:45756 [1] NCCL INFO === System : maxBw 160.0 totalBw 160.0 ===
aibox-ra7f0191d12b-7b895dd899-6c9m7:45651:45756 [1] NCCL INFO CPU/1 (1/1/2)
aibox-ra7f0191d12b-7b895dd899-6c9m7:45651:45756 [1] NCCL INFO + PCI[24.0] - PCI/A7000 (1000c01010000000)
aibox-ra7f0191d12b-7b895dd899-6c9m7:45651:45756 [1] NCCL INFO               + PCI[24.0] - PCI/AB000 (1000c01010de13b8)
aibox-ra7f0191d12b-7b895dd899-6c9m7:45651:45756 [1] NCCL INFO                             + PCI[24.0] - GPU/AD000 (0)
aibox-ra7f0191d12b-7b895dd899-6c9m7:45651:45756 [1] NCCL INFO                                           + NVL[160.0] - NVS/0
aibox-ra7f0191d12b-7b895dd899-6c9m7:45651:45756 [1] NCCL INFO               + PCI[24.0] - PCI/AF000 (1000c01010de13b8)
aibox-ra7f0191d12b-7b895dd899-6c9m7:45651:45756 [1] NCCL INFO                             + PCI[24.0] - GPU/B1000 (1)
aibox-ra7f0191d12b-7b895dd899-6c9m7:45651:45756 [1] NCCL INFO                                           + NVL[160.0] - NVS/0
aibox-ra7f0191d12b-7b895dd899-6c9m7:45651:45756 [1] NCCL INFO               + PCI[24.0] - NIC/C2000
aibox-ra7f0191d12b-7b895dd899-6c9m7:45651:45756 [1] NCCL INFO + PCI[24.0] - PCI/CA000 (1000c01010000000)
aibox-ra7f0191d12b-7b895dd899-6c9m7:45651:45756 [1] NCCL INFO               + PCI[24.0] - PCI/CE000 (1000c01010de13b8)
aibox-ra7f0191d12b-7b895dd899-6c9m7:45651:45756 [1] NCCL INFO                             + PCI[24.0] - GPU/D0000 (2)
aibox-ra7f0191d12b-7b895dd899-6c9m7:45651:45756 [1] NCCL INFO                                           + NVL[160.0] - NVS/0
aibox-ra7f0191d12b-7b895dd899-6c9m7:45651:45756 [1] NCCL INFO               + PCI[24.0] - PCI/D1000 (1000c01010de13b8)
aibox-ra7f0191d12b-7b895dd899-6c9m7:45651:45756 [1] NCCL INFO                             + PCI[24.0] - GPU/D3000 (3)
aibox-ra7f0191d12b-7b895dd899-6c9m7:45651:45756 [1] NCCL INFO                                           + NVL[160.0] - NVS/0
aibox-ra7f0191d12b-7b895dd899-6c9m7:45651:45756 [1] NCCL INFO               + PCI[24.0] - NIC/DB000
aibox-ra7f0191d12b-7b895dd899-6c9m7:45651:45756 [1] NCCL INFO + SYS[10.0] - CPU/0
aibox-ra7f0191d12b-7b895dd899-6c9m7:45651:45756 [1] NCCL INFO CPU/0 (1/1/2)
aibox-ra7f0191d12b-7b895dd899-6c9m7:45651:45756 [1] NCCL INFO + PCI[24.0] - PCI/4D000 (1000c01010000000)
aibox-ra7f0191d12b-7b895dd899-6c9m7:45651:45756 [1] NCCL INFO               + PCI[24.0] - NIC/5A000
aibox-ra7f0191d12b-7b895dd899-6c9m7:45651:45756 [1] NCCL INFO + PCI[24.0] - PCI/66000 (1000c01010000000)
aibox-ra7f0191d12b-7b895dd899-6c9m7:45651:45756 [1] NCCL INFO               + PCI[24.0] - NIC/73000
aibox-ra7f0191d12b-7b895dd899-6c9m7:45651:45756 [1] NCCL INFO + SYS[10.0] - CPU/1
aibox-ra7f0191d12b-7b895dd899-6c9m7:45651:45756 [1] NCCL INFO ==========================================
aibox-ra7f0191d12b-7b895dd899-6c9m7:45651:45756 [1] NCCL INFO GPU/AD000 :GPU/AD000 (0/5000.000000/LOC) GPU/B1000 (2/160.000000/NVL) GPU/D0000 (2/160.000000/NVL) GPU/D3000 (2/160.000000/NVL) NVS/0 (1/160.000000/NVL) CPU/1 (3/24.000000/PHB) CPU/0 (4/10.000000/SYS) 
aibox-ra7f0191d12b-7b895dd899-6c9m7:45651:45756 [1] NCCL INFO GPU/B1000 :GPU/AD000 (2/160.000000/NVL) GPU/B1000 (0/5000.000000/LOC) GPU/D0000 (2/160.000000/NVL) GPU/D3000 (2/160.000000/NVL) NVS/0 (1/160.000000/NVL) CPU/1 (3/24.000000/PHB) CPU/0 (4/10.000000/SYS) 
aibox-ra7f0191d12b-7b895dd899-6c9m7:45651:45756 [1] NCCL INFO GPU/D0000 :GPU/AD000 (2/160.000000/NVL) GPU/B1000 (2/160.000000/NVL) GPU/D0000 (0/5000.000000/LOC) GPU/D3000 (2/160.000000/NVL) NVS/0 (1/160.000000/NVL) CPU/1 (3/24.000000/PHB) CPU/0 (4/10.000000/SYS) 
aibox-ra7f0191d12b-7b895dd899-6c9m7:45651:45756 [1] NCCL INFO GPU/D3000 :GPU/AD000 (2/160.000000/NVL) GPU/B1000 (2/160.000000/NVL) GPU/D0000 (2/160.000000/NVL) GPU/D3000 (0/5000.000000/LOC) NVS/0 (1/160.000000/NVL) CPU/1 (3/24.000000/PHB) CPU/0 (4/10.000000/SYS) 
aibox-ra7f0191d12b-7b895dd899-6c9m7:45651:45756 [1] NCCL INFO Setting affinity for GPU 1 to ffffffff,00000000,ffffffff,00000000
aibox-ra7f0191d12b-7b895dd899-6c9m7:45651:45756 [1] NCCL INFO NVLS multicast support is not available on dev 1
aibox-ra7f0191d12b-7b895dd899-6c9m7:45651:45756 [1] NCCL INFO Pattern 4, crossNic 0, nChannels 8, bw 20.000000/20.000000, type NVL/PIX, sameChannels 1
aibox-ra7f0191d12b-7b895dd899-6c9m7:45651:45756 [1] NCCL INFO  0 : GPU/0 GPU/1 GPU/2 GPU/3
aibox-ra7f0191d12b-7b895dd899-6c9m7:45651:45756 [1] NCCL INFO  1 : GPU/0 GPU/1 GPU/2 GPU/3
aibox-ra7f0191d12b-7b895dd899-6c9m7:45651:45756 [1] NCCL INFO  2 : GPU/0 GPU/1 GPU/2 GPU/3
aibox-ra7f0191d12b-7b895dd899-6c9m7:45651:45756 [1] NCCL INFO  3 : GPU/0 GPU/1 GPU/2 GPU/3
aibox-ra7f0191d12b-7b895dd899-6c9m7:45651:45756 [1] NCCL INFO  4 : GPU/0 GPU/1 GPU/2 GPU/3
aibox-ra7f0191d12b-7b895dd899-6c9m7:45651:45756 [1] NCCL INFO  5 : GPU/0 GPU/1 GPU/2 GPU/3
aibox-ra7f0191d12b-7b895dd899-6c9m7:45651:45756 [1] NCCL INFO  6 : GPU/0 GPU/1 GPU/2 GPU/3
aibox-ra7f0191d12b-7b895dd899-6c9m7:45651:45756 [1] NCCL INFO  7 : GPU/0 GPU/1 GPU/2 GPU/3
aibox-ra7f0191d12b-7b895dd899-6c9m7:45651:45756 [1] NCCL INFO Pattern 1, crossNic 0, nChannels 8, bw 20.000000/20.000000, type NVL/PIX, sameChannels 1
aibox-ra7f0191d12b-7b895dd899-6c9m7:45651:45756 [1] NCCL INFO  0 : GPU/0 GPU/1 GPU/2 GPU/3
aibox-ra7f0191d12b-7b895dd899-6c9m7:45651:45756 [1] NCCL INFO  1 : GPU/0 GPU/1 GPU/2 GPU/3
aibox-ra7f0191d12b-7b895dd899-6c9m7:45651:45756 [1] NCCL INFO  2 : GPU/0 GPU/1 GPU/2 GPU/3
aibox-ra7f0191d12b-7b895dd899-6c9m7:45651:45756 [1] NCCL INFO  3 : GPU/0 GPU/1 GPU/2 GPU/3
aibox-ra7f0191d12b-7b895dd899-6c9m7:45651:45756 [1] NCCL INFO  4 : GPU/0 GPU/1 GPU/2 GPU/3
aibox-ra7f0191d12b-7b895dd899-6c9m7:45651:45756 [1] NCCL INFO  5 : GPU/0 GPU/1 GPU/2 GPU/3
aibox-ra7f0191d12b-7b895dd899-6c9m7:45651:45756 [1] NCCL INFO  6 : GPU/0 GPU/1 GPU/2 GPU/3
aibox-ra7f0191d12b-7b895dd899-6c9m7:45651:45756 [1] NCCL INFO  7 : GPU/0 GPU/1 GPU/2 GPU/3
aibox-ra7f0191d12b-7b895dd899-6c9m7:45653:45728 [3] NCCL INFO === System : maxBw 160.0 totalBw 160.0 ===
aibox-ra7f0191d12b-7b895dd899-6c9m7:45653:45728 [3] NCCL INFO CPU/1 (1/1/2)
aibox-ra7f0191d12b-7b895dd899-6c9m7:45653:45728 [3] NCCL INFO + PCI[24.0] - PCI/A7000 (1000c01010000000)
aibox-ra7f0191d12b-7b895dd899-6c9m7:45653:45728 [3] NCCL INFO               + PCI[24.0] - PCI/AB000 (1000c01010de13b8)
aibox-ra7f0191d12b-7b895dd899-6c9m7:45653:45728 [3] NCCL INFO                             + PCI[24.0] - GPU/AD000 (0)
aibox-ra7f0191d12b-7b895dd899-6c9m7:45653:45728 [3] NCCL INFO                                           + NVL[160.0] - NVS/0
aibox-ra7f0191d12b-7b895dd899-6c9m7:45653:45728 [3] NCCL INFO               + PCI[24.0] - PCI/AF000 (1000c01010de13b8)
aibox-ra7f0191d12b-7b895dd899-6c9m7:45653:45728 [3] NCCL INFO                             + PCI[24.0] - GPU/B1000 (1)
aibox-ra7f0191d12b-7b895dd899-6c9m7:45653:45728 [3] NCCL INFO                                           + NVL[160.0] - NVS/0
aibox-ra7f0191d12b-7b895dd899-6c9m7:45653:45728 [3] NCCL INFO               + PCI[24.0] - NIC/C2000
aibox-ra7f0191d12b-7b895dd899-6c9m7:45653:45728 [3] NCCL INFO + PCI[24.0] - PCI/CA000 (1000c01010000000)
aibox-ra7f0191d12b-7b895dd899-6c9m7:45653:45728 [3] NCCL INFO               + PCI[24.0] - PCI/CE000 (1000c01010de13b8)
aibox-ra7f0191d12b-7b895dd899-6c9m7:45653:45728 [3] NCCL INFO                             + PCI[24.0] - GPU/D0000 (2)
aibox-ra7f0191d12b-7b895dd899-6c9m7:45653:45728 [3] NCCL INFO                                           + NVL[160.0] - NVS/0
aibox-ra7f0191d12b-7b895dd899-6c9m7:45653:45728 [3] NCCL INFO               + PCI[24.0] - PCI/D1000 (1000c01010de13b8)
aibox-ra7f0191d12b-7b895dd899-6c9m7:45653:45728 [3] NCCL INFO                             + PCI[24.0] - GPU/D3000 (3)
aibox-ra7f0191d12b-7b895dd899-6c9m7:45653:45728 [3] NCCL INFO                                           + NVL[160.0] - NVS/0
aibox-ra7f0191d12b-7b895dd899-6c9m7:45653:45728 [3] NCCL INFO               + PCI[24.0] - NIC/DB000
aibox-ra7f0191d12b-7b895dd899-6c9m7:45653:45728 [3] NCCL INFO + SYS[10.0] - CPU/0
aibox-ra7f0191d12b-7b895dd899-6c9m7:45653:45728 [3] NCCL INFO CPU/0 (1/1/2)
aibox-ra7f0191d12b-7b895dd899-6c9m7:45653:45728 [3] NCCL INFO + PCI[24.0] - PCI/4D000 (1000c01010000000)
aibox-ra7f0191d12b-7b895dd899-6c9m7:45653:45728 [3] NCCL INFO               + PCI[24.0] - NIC/5A000
aibox-ra7f0191d12b-7b895dd899-6c9m7:45653:45728 [3] NCCL INFO + PCI[24.0] - PCI/66000 (1000c01010000000)
aibox-ra7f0191d12b-7b895dd899-6c9m7:45653:45728 [3] NCCL INFO               + PCI[24.0] - NIC/73000
aibox-ra7f0191d12b-7b895dd899-6c9m7:45653:45728 [3] NCCL INFO + SYS[10.0] - CPU/1
aibox-ra7f0191d12b-7b895dd899-6c9m7:45653:45728 [3] NCCL INFO ==========================================
aibox-ra7f0191d12b-7b895dd899-6c9m7:45653:45728 [3] NCCL INFO GPU/AD000 :GPU/AD000 (0/5000.000000/LOC) GPU/B1000 (2/160.000000/NVL) GPU/D0000 (2/160.000000/NVL) GPU/D3000 (2/160.000000/NVL) NVS/0 (1/160.000000/NVL) CPU/1 (3/24.000000/PHB) CPU/0 (4/10.000000/SYS) 
aibox-ra7f0191d12b-7b895dd899-6c9m7:45653:45728 [3] NCCL INFO GPU/B1000 :GPU/AD000 (2/160.000000/NVL) GPU/B1000 (0/5000.000000/LOC) GPU/D0000 (2/160.000000/NVL) GPU/D3000 (2/160.000000/NVL) NVS/0 (1/160.000000/NVL) CPU/1 (3/24.000000/PHB) CPU/0 (4/10.000000/SYS) 
aibox-ra7f0191d12b-7b895dd899-6c9m7:45653:45728 [3] NCCL INFO GPU/D0000 :GPU/AD000 (2/160.000000/NVL) GPU/B1000 (2/160.000000/NVL) GPU/D0000 (0/5000.000000/LOC) GPU/D3000 (2/160.000000/NVL) NVS/0 (1/160.000000/NVL) CPU/1 (3/24.000000/PHB) CPU/0 (4/10.000000/SYS) 
aibox-ra7f0191d12b-7b895dd899-6c9m7:45653:45728 [3] NCCL INFO GPU/D3000 :GPU/AD000 (2/160.000000/NVL) GPU/B1000 (2/160.000000/NVL) GPU/D0000 (2/160.000000/NVL) GPU/D3000 (0/5000.000000/LOC) NVS/0 (1/160.000000/NVL) CPU/1 (3/24.000000/PHB) CPU/0 (4/10.000000/SYS) 
aibox-ra7f0191d12b-7b895dd899-6c9m7:45653:45728 [3] NCCL INFO Setting affinity for GPU 3 to ffffffff,00000000,ffffffff,00000000
aibox-ra7f0191d12b-7b895dd899-6c9m7:45653:45728 [3] NCCL INFO NVLS multicast support is not available on dev 3
aibox-ra7f0191d12b-7b895dd899-6c9m7:45653:45728 [3] NCCL INFO Pattern 4, crossNic 0, nChannels 8, bw 20.000000/20.000000, type NVL/PIX, sameChannels 1
aibox-ra7f0191d12b-7b895dd899-6c9m7:45653:45728 [3] NCCL INFO  0 : GPU/0 GPU/1 GPU/2 GPU/3
aibox-ra7f0191d12b-7b895dd899-6c9m7:45653:45728 [3] NCCL INFO  1 : GPU/0 GPU/1 GPU/2 GPU/3
aibox-ra7f0191d12b-7b895dd899-6c9m7:45653:45728 [3] NCCL INFO  2 : GPU/0 GPU/1 GPU/2 GPU/3
aibox-ra7f0191d12b-7b895dd899-6c9m7:45653:45728 [3] NCCL INFO  3 : GPU/0 GPU/1 GPU/2 GPU/3
aibox-ra7f0191d12b-7b895dd899-6c9m7:45653:45728 [3] NCCL INFO  4 : GPU/0 GPU/1 GPU/2 GPU/3
aibox-ra7f0191d12b-7b895dd899-6c9m7:45653:45728 [3] NCCL INFO  5 : GPU/0 GPU/1 GPU/2 GPU/3
aibox-ra7f0191d12b-7b895dd899-6c9m7:45653:45728 [3] NCCL INFO  6 : GPU/0 GPU/1 GPU/2 GPU/3
aibox-ra7f0191d12b-7b895dd899-6c9m7:45653:45728 [3] NCCL INFO  7 : GPU/0 GPU/1 GPU/2 GPU/3
aibox-ra7f0191d12b-7b895dd899-6c9m7:45653:45728 [3] NCCL INFO Pattern 1, crossNic 0, nChannels 8, bw 20.000000/20.000000, type NVL/PIX, sameChannels 1
aibox-ra7f0191d12b-7b895dd899-6c9m7:45653:45728 [3] NCCL INFO  0 : GPU/0 GPU/1 GPU/2 GPU/3
aibox-ra7f0191d12b-7b895dd899-6c9m7:45653:45728 [3] NCCL INFO  1 : GPU/0 GPU/1 GPU/2 GPU/3
aibox-ra7f0191d12b-7b895dd899-6c9m7:45653:45728 [3] NCCL INFO  2 : GPU/0 GPU/1 GPU/2 GPU/3
aibox-ra7f0191d12b-7b895dd899-6c9m7:45653:45728 [3] NCCL INFO  3 : GPU/0 GPU/1 GPU/2 GPU/3
aibox-ra7f0191d12b-7b895dd899-6c9m7:45653:45728 [3] NCCL INFO  4 : GPU/0 GPU/1 GPU/2 GPU/3
aibox-ra7f0191d12b-7b895dd899-6c9m7:45653:45728 [3] NCCL INFO  5 : GPU/0 GPU/1 GPU/2 GPU/3
aibox-ra7f0191d12b-7b895dd899-6c9m7:45653:45728 [3] NCCL INFO  6 : GPU/0 GPU/1 GPU/2 GPU/3
aibox-ra7f0191d12b-7b895dd899-6c9m7:45653:45728 [3] NCCL INFO  7 : GPU/0 GPU/1 GPU/2 GPU/3
aibox-ra7f0191d12b-7b895dd899-6c9m7:45650:45727 [0] NCCL INFO === System : maxBw 160.0 totalBw 160.0 ===
aibox-ra7f0191d12b-7b895dd899-6c9m7:45650:45727 [0] NCCL INFO CPU/1 (1/1/2)
aibox-ra7f0191d12b-7b895dd899-6c9m7:45650:45727 [0] NCCL INFO + PCI[24.0] - PCI/A7000 (1000c01010000000)
aibox-ra7f0191d12b-7b895dd899-6c9m7:45650:45727 [0] NCCL INFO               + PCI[24.0] - PCI/AB000 (1000c01010de13b8)
aibox-ra7f0191d12b-7b895dd899-6c9m7:45650:45727 [0] NCCL INFO                             + PCI[24.0] - GPU/AD000 (0)
aibox-ra7f0191d12b-7b895dd899-6c9m7:45650:45727 [0] NCCL INFO                                           + NVL[160.0] - NVS/0
aibox-ra7f0191d12b-7b895dd899-6c9m7:45650:45727 [0] NCCL INFO               + PCI[24.0] - PCI/AF000 (1000c01010de13b8)
aibox-ra7f0191d12b-7b895dd899-6c9m7:45650:45727 [0] NCCL INFO                             + PCI[24.0] - GPU/B1000 (1)
aibox-ra7f0191d12b-7b895dd899-6c9m7:45650:45727 [0] NCCL INFO                                           + NVL[160.0] - NVS/0
aibox-ra7f0191d12b-7b895dd899-6c9m7:45650:45727 [0] NCCL INFO               + PCI[24.0] - NIC/C2000
aibox-ra7f0191d12b-7b895dd899-6c9m7:45650:45727 [0] NCCL INFO + PCI[24.0] - PCI/CA000 (1000c01010000000)
aibox-ra7f0191d12b-7b895dd899-6c9m7:45650:45727 [0] NCCL INFO               + PCI[24.0] - PCI/CE000 (1000c01010de13b8)
aibox-ra7f0191d12b-7b895dd899-6c9m7:45650:45727 [0] NCCL INFO                             + PCI[24.0] - GPU/D0000 (2)
aibox-ra7f0191d12b-7b895dd899-6c9m7:45650:45727 [0] NCCL INFO                                           + NVL[160.0] - NVS/0
aibox-ra7f0191d12b-7b895dd899-6c9m7:45650:45727 [0] NCCL INFO               + PCI[24.0] - PCI/D1000 (1000c01010de13b8)
aibox-ra7f0191d12b-7b895dd899-6c9m7:45650:45727 [0] NCCL INFO                             + PCI[24.0] - GPU/D3000 (3)
aibox-ra7f0191d12b-7b895dd899-6c9m7:45650:45727 [0] NCCL INFO                                           + NVL[160.0] - NVS/0
aibox-ra7f0191d12b-7b895dd899-6c9m7:45650:45727 [0] NCCL INFO               + PCI[24.0] - NIC/DB000
aibox-ra7f0191d12b-7b895dd899-6c9m7:45650:45727 [0] NCCL INFO + SYS[10.0] - CPU/0
aibox-ra7f0191d12b-7b895dd899-6c9m7:45650:45727 [0] NCCL INFO CPU/0 (1/1/2)
aibox-ra7f0191d12b-7b895dd899-6c9m7:45650:45727 [0] NCCL INFO + PCI[24.0] - PCI/4D000 (1000c01010000000)
aibox-ra7f0191d12b-7b895dd899-6c9m7:45650:45727 [0] NCCL INFO               + PCI[24.0] - NIC/5A000
aibox-ra7f0191d12b-7b895dd899-6c9m7:45650:45727 [0] NCCL INFO + PCI[24.0] - PCI/66000 (1000c01010000000)
aibox-ra7f0191d12b-7b895dd899-6c9m7:45650:45727 [0] NCCL INFO               + PCI[24.0] - NIC/73000
aibox-ra7f0191d12b-7b895dd899-6c9m7:45650:45727 [0] NCCL INFO + SYS[10.0] - CPU/1
aibox-ra7f0191d12b-7b895dd899-6c9m7:45650:45727 [0] NCCL INFO ==========================================
aibox-ra7f0191d12b-7b895dd899-6c9m7:45650:45727 [0] NCCL INFO GPU/AD000 :GPU/AD000 (0/5000.000000/LOC) GPU/B1000 (2/160.000000/NVL) GPU/D0000 (2/160.000000/NVL) GPU/D3000 (2/160.000000/NVL) NVS/0 (1/160.000000/NVL) CPU/1 (3/24.000000/PHB) CPU/0 (4/10.000000/SYS) 
aibox-ra7f0191d12b-7b895dd899-6c9m7:45650:45727 [0] NCCL INFO GPU/B1000 :GPU/AD000 (2/160.000000/NVL) GPU/B1000 (0/5000.000000/LOC) GPU/D0000 (2/160.000000/NVL) GPU/D3000 (2/160.000000/NVL) NVS/0 (1/160.000000/NVL) CPU/1 (3/24.000000/PHB) CPU/0 (4/10.000000/SYS) 
aibox-ra7f0191d12b-7b895dd899-6c9m7:45650:45727 [0] NCCL INFO GPU/D0000 :GPU/AD000 (2/160.000000/NVL) GPU/B1000 (2/160.000000/NVL) GPU/D0000 (0/5000.000000/LOC) GPU/D3000 (2/160.000000/NVL) NVS/0 (1/160.000000/NVL) CPU/1 (3/24.000000/PHB) CPU/0 (4/10.000000/SYS) 
aibox-ra7f0191d12b-7b895dd899-6c9m7:45650:45727 [0] NCCL INFO GPU/D3000 :GPU/AD000 (2/160.000000/NVL) GPU/B1000 (2/160.000000/NVL) GPU/D0000 (2/160.000000/NVL) GPU/D3000 (0/5000.000000/LOC) NVS/0 (1/160.000000/NVL) CPU/1 (3/24.000000/PHB) CPU/0 (4/10.000000/SYS) 
aibox-ra7f0191d12b-7b895dd899-6c9m7:45650:45727 [0] NCCL INFO Setting affinity for GPU 0 to ffffffff,00000000,ffffffff,00000000
aibox-ra7f0191d12b-7b895dd899-6c9m7:45650:45727 [0] NCCL INFO NVLS multicast support is not available on dev 0
aibox-ra7f0191d12b-7b895dd899-6c9m7:45650:45727 [0] NCCL INFO Pattern 4, crossNic 0, nChannels 8, bw 20.000000/20.000000, type NVL/PIX, sameChannels 1
aibox-ra7f0191d12b-7b895dd899-6c9m7:45650:45727 [0] NCCL INFO  0 : GPU/0 GPU/1 GPU/2 GPU/3
aibox-ra7f0191d12b-7b895dd899-6c9m7:45650:45727 [0] NCCL INFO  1 : GPU/0 GPU/1 GPU/2 GPU/3
aibox-ra7f0191d12b-7b895dd899-6c9m7:45650:45727 [0] NCCL INFO  2 : GPU/0 GPU/1 GPU/2 GPU/3
aibox-ra7f0191d12b-7b895dd899-6c9m7:45650:45727 [0] NCCL INFO  3 : GPU/0 GPU/1 GPU/2 GPU/3
aibox-ra7f0191d12b-7b895dd899-6c9m7:45650:45727 [0] NCCL INFO  4 : GPU/0 GPU/1 GPU/2 GPU/3
aibox-ra7f0191d12b-7b895dd899-6c9m7:45650:45727 [0] NCCL INFO  5 : GPU/0 GPU/1 GPU/2 GPU/3
aibox-ra7f0191d12b-7b895dd899-6c9m7:45650:45727 [0] NCCL INFO  6 : GPU/0 GPU/1 GPU/2 GPU/3
aibox-ra7f0191d12b-7b895dd899-6c9m7:45650:45727 [0] NCCL INFO  7 : GPU/0 GPU/1 GPU/2 GPU/3
aibox-ra7f0191d12b-7b895dd899-6c9m7:45650:45727 [0] NCCL INFO Pattern 1, crossNic 0, nChannels 8, bw 20.000000/20.000000, type NVL/PIX, sameChannels 1
aibox-ra7f0191d12b-7b895dd899-6c9m7:45650:45727 [0] NCCL INFO  0 : GPU/0 GPU/1 GPU/2 GPU/3
aibox-ra7f0191d12b-7b895dd899-6c9m7:45650:45727 [0] NCCL INFO  1 : GPU/0 GPU/1 GPU/2 GPU/3
aibox-ra7f0191d12b-7b895dd899-6c9m7:45650:45727 [0] NCCL INFO  2 : GPU/0 GPU/1 GPU/2 GPU/3
aibox-ra7f0191d12b-7b895dd899-6c9m7:45650:45727 [0] NCCL INFO  3 : GPU/0 GPU/1 GPU/2 GPU/3
aibox-ra7f0191d12b-7b895dd899-6c9m7:45650:45727 [0] NCCL INFO  4 : GPU/0 GPU/1 GPU/2 GPU/3
aibox-ra7f0191d12b-7b895dd899-6c9m7:45650:45727 [0] NCCL INFO  5 : GPU/0 GPU/1 GPU/2 GPU/3
aibox-ra7f0191d12b-7b895dd899-6c9m7:45650:45727 [0] NCCL INFO  6 : GPU/0 GPU/1 GPU/2 GPU/3
aibox-ra7f0191d12b-7b895dd899-6c9m7:45650:45727 [0] NCCL INFO  7 : GPU/0 GPU/1 GPU/2 GPU/3
aibox-ra7f0191d12b-7b895dd899-6c9m7:45650:45727 [0] NCCL INFO Tree 0 : -1 -> 0 -> 1/-1/-1
aibox-ra7f0191d12b-7b895dd899-6c9m7:45653:45728 [3] NCCL INFO Ring 00 : 2 -> 3 -> 0
aibox-ra7f0191d12b-7b895dd899-6c9m7:45650:45727 [0] NCCL INFO Tree 8 : -1 -> 0 -> 1/-1/-1
aibox-ra7f0191d12b-7b895dd899-6c9m7:45650:45727 [0] NCCL INFO Tree 1 : -1 -> 0 -> 1/-1/-1
aibox-ra7f0191d12b-7b895dd899-6c9m7:45653:45728 [3] NCCL INFO Ring 01 : 2 -> 3 -> 0
aibox-ra7f0191d12b-7b895dd899-6c9m7:45651:45756 [1] NCCL INFO Tree 0 : 0 -> 1 -> 2/-1/-1
aibox-ra7f0191d12b-7b895dd899-6c9m7:45650:45727 [0] NCCL INFO Tree 9 : -1 -> 0 -> 1/-1/-1
aibox-ra7f0191d12b-7b895dd899-6c9m7:45650:45727 [0] NCCL INFO Tree 2 : -1 -> 0 -> 1/-1/-1
aibox-ra7f0191d12b-7b895dd899-6c9m7:45653:45728 [3] NCCL INFO Ring 02 : 2 -> 3 -> 0
aibox-ra7f0191d12b-7b895dd899-6c9m7:45651:45756 [1] NCCL INFO Tree 8 : 0 -> 1 -> 2/-1/-1
aibox-ra7f0191d12b-7b895dd899-6c9m7:45650:45727 [0] NCCL INFO Tree 10 : -1 -> 0 -> 1/-1/-1
aibox-ra7f0191d12b-7b895dd899-6c9m7:45652:45729 [2] NCCL INFO Ring 00 : 1 -> 2 -> 3
aibox-ra7f0191d12b-7b895dd899-6c9m7:45650:45727 [0] NCCL INFO Tree 3 : -1 -> 0 -> 1/-1/-1
aibox-ra7f0191d12b-7b895dd899-6c9m7:45653:45728 [3] NCCL INFO Ring 03 : 2 -> 3 -> 0
aibox-ra7f0191d12b-7b895dd899-6c9m7:45651:45756 [1] NCCL INFO Tree 1 : 0 -> 1 -> 2/-1/-1
aibox-ra7f0191d12b-7b895dd899-6c9m7:45650:45727 [0] NCCL INFO Tree 11 : -1 -> 0 -> 1/-1/-1
aibox-ra7f0191d12b-7b895dd899-6c9m7:45653:45728 [3] NCCL INFO Ring 04 : 2 -> 3 -> 0
aibox-ra7f0191d12b-7b895dd899-6c9m7:45652:45729 [2] NCCL INFO Ring 01 : 1 -> 2 -> 3
aibox-ra7f0191d12b-7b895dd899-6c9m7:45651:45756 [1] NCCL INFO Tree 9 : 0 -> 1 -> 2/-1/-1
aibox-ra7f0191d12b-7b895dd899-6c9m7:45650:45727 [0] NCCL INFO Tree 4 : -1 -> 0 -> 1/-1/-1
aibox-ra7f0191d12b-7b895dd899-6c9m7:45653:45728 [3] NCCL INFO Ring 05 : 2 -> 3 -> 0
aibox-ra7f0191d12b-7b895dd899-6c9m7:45652:45729 [2] NCCL INFO Ring 02 : 1 -> 2 -> 3
aibox-ra7f0191d12b-7b895dd899-6c9m7:45650:45727 [0] NCCL INFO Tree 12 : -1 -> 0 -> 1/-1/-1
aibox-ra7f0191d12b-7b895dd899-6c9m7:45651:45756 [1] NCCL INFO Tree 2 : 0 -> 1 -> 2/-1/-1
aibox-ra7f0191d12b-7b895dd899-6c9m7:45650:45727 [0] NCCL INFO Tree 5 : -1 -> 0 -> 1/-1/-1
aibox-ra7f0191d12b-7b895dd899-6c9m7:45651:45756 [1] NCCL INFO Tree 10 : 0 -> 1 -> 2/-1/-1
aibox-ra7f0191d12b-7b895dd899-6c9m7:45653:45728 [3] NCCL INFO Ring 06 : 2 -> 3 -> 0
aibox-ra7f0191d12b-7b895dd899-6c9m7:45652:45729 [2] NCCL INFO Ring 03 : 1 -> 2 -> 3
aibox-ra7f0191d12b-7b895dd899-6c9m7:45650:45727 [0] NCCL INFO Tree 13 : -1 -> 0 -> 1/-1/-1
aibox-ra7f0191d12b-7b895dd899-6c9m7:45651:45756 [1] NCCL INFO Tree 3 : 0 -> 1 -> 2/-1/-1
aibox-ra7f0191d12b-7b895dd899-6c9m7:45650:45727 [0] NCCL INFO Tree 6 : -1 -> 0 -> 1/-1/-1
aibox-ra7f0191d12b-7b895dd899-6c9m7:45653:45728 [3] NCCL INFO Ring 07 : 2 -> 3 -> 0
aibox-ra7f0191d12b-7b895dd899-6c9m7:45652:45729 [2] NCCL INFO Ring 04 : 1 -> 2 -> 3
aibox-ra7f0191d12b-7b895dd899-6c9m7:45651:45756 [1] NCCL INFO Tree 11 : 0 -> 1 -> 2/-1/-1
aibox-ra7f0191d12b-7b895dd899-6c9m7:45650:45727 [0] NCCL INFO Tree 14 : -1 -> 0 -> 1/-1/-1
aibox-ra7f0191d12b-7b895dd899-6c9m7:45653:45728 [3] NCCL INFO Ring 08 : 2 -> 3 -> 0
aibox-ra7f0191d12b-7b895dd899-6c9m7:45651:45756 [1] NCCL INFO Tree 4 : 0 -> 1 -> 2/-1/-1
aibox-ra7f0191d12b-7b895dd899-6c9m7:45650:45727 [0] NCCL INFO Tree 7 : -1 -> 0 -> 1/-1/-1
aibox-ra7f0191d12b-7b895dd899-6c9m7:45652:45729 [2] NCCL INFO Ring 05 : 1 -> 2 -> 3
aibox-ra7f0191d12b-7b895dd899-6c9m7:45650:45727 [0] NCCL INFO Tree 15 : -1 -> 0 -> 1/-1/-1
aibox-ra7f0191d12b-7b895dd899-6c9m7:45651:45756 [1] NCCL INFO Tree 12 : 0 -> 1 -> 2/-1/-1
aibox-ra7f0191d12b-7b895dd899-6c9m7:45653:45728 [3] NCCL INFO Ring 09 : 2 -> 3 -> 0
aibox-ra7f0191d12b-7b895dd899-6c9m7:45652:45729 [2] NCCL INFO Ring 06 : 1 -> 2 -> 3
aibox-ra7f0191d12b-7b895dd899-6c9m7:45651:45756 [1] NCCL INFO Tree 5 : 0 -> 1 -> 2/-1/-1
aibox-ra7f0191d12b-7b895dd899-6c9m7:45653:45728 [3] NCCL INFO Ring 10 : 2 -> 3 -> 0
aibox-ra7f0191d12b-7b895dd899-6c9m7:45652:45729 [2] NCCL INFO Ring 07 : 1 -> 2 -> 3
aibox-ra7f0191d12b-7b895dd899-6c9m7:45651:45756 [1] NCCL INFO Tree 13 : 0 -> 1 -> 2/-1/-1
aibox-ra7f0191d12b-7b895dd899-6c9m7:45650:45727 [0] NCCL INFO Channel 00/16 :    0   1   2   3
aibox-ra7f0191d12b-7b895dd899-6c9m7:45653:45728 [3] NCCL INFO Ring 11 : 2 -> 3 -> 0
aibox-ra7f0191d12b-7b895dd899-6c9m7:45652:45729 [2] NCCL INFO Ring 08 : 1 -> 2 -> 3
aibox-ra7f0191d12b-7b895dd899-6c9m7:45651:45756 [1] NCCL INFO Tree 6 : 0 -> 1 -> 2/-1/-1
aibox-ra7f0191d12b-7b895dd899-6c9m7:45650:45727 [0] NCCL INFO Channel 01/16 :    0   1   2   3
aibox-ra7f0191d12b-7b895dd899-6c9m7:45651:45756 [1] NCCL INFO Tree 14 : 0 -> 1 -> 2/-1/-1
aibox-ra7f0191d12b-7b895dd899-6c9m7:45653:45728 [3] NCCL INFO Ring 12 : 2 -> 3 -> 0
aibox-ra7f0191d12b-7b895dd899-6c9m7:45652:45729 [2] NCCL INFO Ring 09 : 1 -> 2 -> 3
aibox-ra7f0191d12b-7b895dd899-6c9m7:45650:45727 [0] NCCL INFO Channel 02/16 :    0   1   2   3
aibox-ra7f0191d12b-7b895dd899-6c9m7:45651:45756 [1] NCCL INFO Tree 7 : 0 -> 1 -> 2/-1/-1
aibox-ra7f0191d12b-7b895dd899-6c9m7:45653:45728 [3] NCCL INFO Ring 13 : 2 -> 3 -> 0
aibox-ra7f0191d12b-7b895dd899-6c9m7:45650:45727 [0] NCCL INFO Channel 03/16 :    0   1   2   3
aibox-ra7f0191d12b-7b895dd899-6c9m7:45652:45729 [2] NCCL INFO Ring 10 : 1 -> 2 -> 3
aibox-ra7f0191d12b-7b895dd899-6c9m7:45651:45756 [1] NCCL INFO Tree 15 : 0 -> 1 -> 2/-1/-1
aibox-ra7f0191d12b-7b895dd899-6c9m7:45650:45727 [0] NCCL INFO Channel 04/16 :    0   1   2   3
aibox-ra7f0191d12b-7b895dd899-6c9m7:45653:45728 [3] NCCL INFO Ring 14 : 2 -> 3 -> 0
aibox-ra7f0191d12b-7b895dd899-6c9m7:45652:45729 [2] NCCL INFO Ring 11 : 1 -> 2 -> 3
aibox-ra7f0191d12b-7b895dd899-6c9m7:45650:45727 [0] NCCL INFO Channel 05/16 :    0   1   2   3
aibox-ra7f0191d12b-7b895dd899-6c9m7:45653:45728 [3] NCCL INFO Ring 15 : 2 -> 3 -> 0
aibox-ra7f0191d12b-7b895dd899-6c9m7:45652:45729 [2] NCCL INFO Ring 12 : 1 -> 2 -> 3
aibox-ra7f0191d12b-7b895dd899-6c9m7:45650:45727 [0] NCCL INFO Channel 06/16 :    0   1   2   3
aibox-ra7f0191d12b-7b895dd899-6c9m7:45653:45728 [3] NCCL INFO Trees [0] -1/-1/-1->3->2 [1] -1/-1/-1->3->2 [2] -1/-1/-1->3->2 [3] -1/-1/-1->3->2 [4] -1/-1/-1->3->2 [5] -1/-1/-1->3->2 [6] -1/-1/-1->3->2 [7] -1/-1/-1->3->2 [8] -1/-1/-1->3->2 [9] -1/-1/-1->3->2 [10] -1/-1/-1->3->2 [11] -1/-1/-1->3->2 [12] -1/-1/-1->3->2 [13] -1/-1/-1->3->2 [14] -1/-1/-1->3->2 [15] -1/-1/-1->3->2
aibox-ra7f0191d12b-7b895dd899-6c9m7:45650:45727 [0] NCCL INFO Channel 07/16 :    0   1   2   3
aibox-ra7f0191d12b-7b895dd899-6c9m7:45652:45729 [2] NCCL INFO Ring 13 : 1 -> 2 -> 3
aibox-ra7f0191d12b-7b895dd899-6c9m7:45650:45727 [0] NCCL INFO Channel 08/16 :    0   1   2   3
aibox-ra7f0191d12b-7b895dd899-6c9m7:45652:45729 [2] NCCL INFO Ring 14 : 1 -> 2 -> 3
aibox-ra7f0191d12b-7b895dd899-6c9m7:45650:45727 [0] NCCL INFO Channel 09/16 :    0   1   2   3
aibox-ra7f0191d12b-7b895dd899-6c9m7:45653:45728 [3] NCCL INFO P2P Chunksize set to 524288
aibox-ra7f0191d12b-7b895dd899-6c9m7:45652:45729 [2] NCCL INFO Ring 15 : 1 -> 2 -> 3
aibox-ra7f0191d12b-7b895dd899-6c9m7:45651:45756 [1] NCCL INFO Ring 00 : 0 -> 1 -> 2
aibox-ra7f0191d12b-7b895dd899-6c9m7:45650:45727 [0] NCCL INFO Channel 10/16 :    0   1   2   3
aibox-ra7f0191d12b-7b895dd899-6c9m7:45652:45729 [2] NCCL INFO Trees [0] 3/-1/-1->2->1 [1] 3/-1/-1->2->1 [2] 3/-1/-1->2->1 [3] 3/-1/-1->2->1 [4] 3/-1/-1->2->1 [5] 3/-1/-1->2->1 [6] 3/-1/-1->2->1 [7] 3/-1/-1->2->1 [8] 3/-1/-1->2->1 [9] 3/-1/-1->2->1 [10] 3/-1/-1->2->1 [11] 3/-1/-1->2->1 [12] 3/-1/-1->2->1 [13] 3/-1/-1->2->1 [14] 3/-1/-1->2->1 [15] 3/-1/-1->2->1
aibox-ra7f0191d12b-7b895dd899-6c9m7:45650:45727 [0] NCCL INFO Channel 11/16 :    0   1   2   3
aibox-ra7f0191d12b-7b895dd899-6c9m7:45651:45756 [1] NCCL INFO Ring 01 : 0 -> 1 -> 2
aibox-ra7f0191d12b-7b895dd899-6c9m7:45650:45727 [0] NCCL INFO Channel 12/16 :    0   1   2   3
aibox-ra7f0191d12b-7b895dd899-6c9m7:45651:45756 [1] NCCL INFO Ring 02 : 0 -> 1 -> 2
aibox-ra7f0191d12b-7b895dd899-6c9m7:45650:45727 [0] NCCL INFO Channel 13/16 :    0   1   2   3
aibox-ra7f0191d12b-7b895dd899-6c9m7:45652:45729 [2] NCCL INFO P2P Chunksize set to 524288
aibox-ra7f0191d12b-7b895dd899-6c9m7:45651:45756 [1] NCCL INFO Ring 03 : 0 -> 1 -> 2
aibox-ra7f0191d12b-7b895dd899-6c9m7:45650:45727 [0] NCCL INFO Channel 14/16 :    0   1   2   3
aibox-ra7f0191d12b-7b895dd899-6c9m7:45650:45727 [0] NCCL INFO Channel 15/16 :    0   1   2   3
aibox-ra7f0191d12b-7b895dd899-6c9m7:45651:45756 [1] NCCL INFO Ring 04 : 0 -> 1 -> 2
aibox-ra7f0191d12b-7b895dd899-6c9m7:45651:45756 [1] NCCL INFO Ring 05 : 0 -> 1 -> 2
aibox-ra7f0191d12b-7b895dd899-6c9m7:45650:45727 [0] NCCL INFO Ring 00 : 3 -> 0 -> 1
aibox-ra7f0191d12b-7b895dd899-6c9m7:45651:45756 [1] NCCL INFO Ring 06 : 0 -> 1 -> 2
aibox-ra7f0191d12b-7b895dd899-6c9m7:45650:45727 [0] NCCL INFO Ring 01 : 3 -> 0 -> 1
aibox-ra7f0191d12b-7b895dd899-6c9m7:45650:45727 [0] NCCL INFO Ring 02 : 3 -> 0 -> 1
aibox-ra7f0191d12b-7b895dd899-6c9m7:45651:45756 [1] NCCL INFO Ring 07 : 0 -> 1 -> 2
aibox-ra7f0191d12b-7b895dd899-6c9m7:45650:45727 [0] NCCL INFO Ring 03 : 3 -> 0 -> 1
aibox-ra7f0191d12b-7b895dd899-6c9m7:45651:45756 [1] NCCL INFO Ring 08 : 0 -> 1 -> 2
aibox-ra7f0191d12b-7b895dd899-6c9m7:45650:45727 [0] NCCL INFO Ring 04 : 3 -> 0 -> 1
aibox-ra7f0191d12b-7b895dd899-6c9m7:45651:45756 [1] NCCL INFO Ring 09 : 0 -> 1 -> 2
aibox-ra7f0191d12b-7b895dd899-6c9m7:45650:45727 [0] NCCL INFO Ring 05 : 3 -> 0 -> 1
aibox-ra7f0191d12b-7b895dd899-6c9m7:45650:45727 [0] NCCL INFO Ring 06 : 3 -> 0 -> 1
aibox-ra7f0191d12b-7b895dd899-6c9m7:45651:45756 [1] NCCL INFO Ring 10 : 0 -> 1 -> 2
aibox-ra7f0191d12b-7b895dd899-6c9m7:45650:45727 [0] NCCL INFO Ring 07 : 3 -> 0 -> 1
aibox-ra7f0191d12b-7b895dd899-6c9m7:45651:45756 [1] NCCL INFO Ring 11 : 0 -> 1 -> 2
aibox-ra7f0191d12b-7b895dd899-6c9m7:45650:45727 [0] NCCL INFO Ring 08 : 3 -> 0 -> 1
aibox-ra7f0191d12b-7b895dd899-6c9m7:45650:45727 [0] NCCL INFO Ring 09 : 3 -> 0 -> 1
aibox-ra7f0191d12b-7b895dd899-6c9m7:45651:45756 [1] NCCL INFO Ring 12 : 0 -> 1 -> 2
aibox-ra7f0191d12b-7b895dd899-6c9m7:45650:45727 [0] NCCL INFO Ring 10 : 3 -> 0 -> 1
aibox-ra7f0191d12b-7b895dd899-6c9m7:45651:45756 [1] NCCL INFO Ring 13 : 0 -> 1 -> 2
aibox-ra7f0191d12b-7b895dd899-6c9m7:45650:45727 [0] NCCL INFO Ring 11 : 3 -> 0 -> 1
aibox-ra7f0191d12b-7b895dd899-6c9m7:45651:45756 [1] NCCL INFO Ring 14 : 0 -> 1 -> 2
aibox-ra7f0191d12b-7b895dd899-6c9m7:45650:45727 [0] NCCL INFO Ring 12 : 3 -> 0 -> 1
aibox-ra7f0191d12b-7b895dd899-6c9m7:45650:45727 [0] NCCL INFO Ring 13 : 3 -> 0 -> 1
aibox-ra7f0191d12b-7b895dd899-6c9m7:45651:45756 [1] NCCL INFO Ring 15 : 0 -> 1 -> 2
aibox-ra7f0191d12b-7b895dd899-6c9m7:45651:45756 [1] NCCL INFO Trees [0] 2/-1/-1->1->0 [1] 2/-1/-1->1->0 [2] 2/-1/-1->1->0 [3] 2/-1/-1->1->0 [4] 2/-1/-1->1->0 [5] 2/-1/-1->1->0 [6] 2/-1/-1->1->0 [7] 2/-1/-1->1->0 [8] 2/-1/-1->1->0 [9] 2/-1/-1->1->0 [10] 2/-1/-1->1->0 [11] 2/-1/-1->1->0 [12] 2/-1/-1->1->0 [13] 2/-1/-1->1->0 [14] 2/-1/-1->1->0 [15] 2/-1/-1->1->0
aibox-ra7f0191d12b-7b895dd899-6c9m7:45650:45727 [0] NCCL INFO Ring 14 : 3 -> 0 -> 1
aibox-ra7f0191d12b-7b895dd899-6c9m7:45650:45727 [0] NCCL INFO Ring 15 : 3 -> 0 -> 1
aibox-ra7f0191d12b-7b895dd899-6c9m7:45650:45727 [0] NCCL INFO Trees [0] 1/-1/-1->0->-1 [1] 1/-1/-1->0->-1 [2] 1/-1/-1->0->-1 [3] 1/-1/-1->0->-1 [4] 1/-1/-1->0->-1 [5] 1/-1/-1->0->-1 [6] 1/-1/-1->0->-1 [7] 1/-1/-1->0->-1 [8] 1/-1/-1->0->-1 [9] 1/-1/-1->0->-1 [10] 1/-1/-1->0->-1 [11] 1/-1/-1->0->-1 [12] 1/-1/-1->0->-1 [13] 1/-1/-1->0->-1 [14] 1/-1/-1->0->-1 [15] 1/-1/-1->0->-1
aibox-ra7f0191d12b-7b895dd899-6c9m7:45651:45756 [1] NCCL INFO P2P Chunksize set to 524288
aibox-ra7f0191d12b-7b895dd899-6c9m7:45650:45727 [0] NCCL INFO P2P Chunksize set to 524288
aibox-ra7f0191d12b-7b895dd899-6c9m7:45652:45729 [2] NCCL INFO Channel 00/0 : 2[2] -> 3[3] via P2P/CUMEM/read
aibox-ra7f0191d12b-7b895dd899-6c9m7:45653:45728 [3] NCCL INFO Channel 00/0 : 3[3] -> 0[0] via P2P/CUMEM/read
aibox-ra7f0191d12b-7b895dd899-6c9m7:45650:45727 [0] NCCL INFO Channel 00/0 : 0[0] -> 1[1] via P2P/CUMEM/read
aibox-ra7f0191d12b-7b895dd899-6c9m7:45651:45756 [1] NCCL INFO Channel 00/0 : 1[1] -> 2[2] via P2P/CUMEM/read
aibox-ra7f0191d12b-7b895dd899-6c9m7:45652:45729 [2] NCCL INFO Channel 01/0 : 2[2] -> 3[3] via P2P/CUMEM/read
aibox-ra7f0191d12b-7b895dd899-6c9m7:45653:45728 [3] NCCL INFO Channel 01/0 : 3[3] -> 0[0] via P2P/CUMEM/read
aibox-ra7f0191d12b-7b895dd899-6c9m7:45650:45727 [0] NCCL INFO Channel 01/0 : 0[0] -> 1[1] via P2P/CUMEM/read
aibox-ra7f0191d12b-7b895dd899-6c9m7:45651:45756 [1] NCCL INFO Channel 01/0 : 1[1] -> 2[2] via P2P/CUMEM/read
aibox-ra7f0191d12b-7b895dd899-6c9m7:45652:45729 [2] NCCL INFO Channel 02/0 : 2[2] -> 3[3] via P2P/CUMEM/read
aibox-ra7f0191d12b-7b895dd899-6c9m7:45653:45728 [3] NCCL INFO Channel 02/0 : 3[3] -> 0[0] via P2P/CUMEM/read
aibox-ra7f0191d12b-7b895dd899-6c9m7:45650:45727 [0] NCCL INFO Channel 02/0 : 0[0] -> 1[1] via P2P/CUMEM/read
aibox-ra7f0191d12b-7b895dd899-6c9m7:45651:45756 [1] NCCL INFO Channel 02/0 : 1[1] -> 2[2] via P2P/CUMEM/read
aibox-ra7f0191d12b-7b895dd899-6c9m7:45652:45729 [2] NCCL INFO Channel 03/0 : 2[2] -> 3[3] via P2P/CUMEM/read
aibox-ra7f0191d12b-7b895dd899-6c9m7:45653:45728 [3] NCCL INFO Channel 03/0 : 3[3] -> 0[0] via P2P/CUMEM/read
aibox-ra7f0191d12b-7b895dd899-6c9m7:45650:45727 [0] NCCL INFO Channel 03/0 : 0[0] -> 1[1] via P2P/CUMEM/read
aibox-ra7f0191d12b-7b895dd899-6c9m7:45651:45756 [1] NCCL INFO Channel 03/0 : 1[1] -> 2[2] via P2P/CUMEM/read
aibox-ra7f0191d12b-7b895dd899-6c9m7:45652:45729 [2] NCCL INFO Channel 04/0 : 2[2] -> 3[3] via P2P/CUMEM/read
aibox-ra7f0191d12b-7b895dd899-6c9m7:45653:45728 [3] NCCL INFO Channel 04/0 : 3[3] -> 0[0] via P2P/CUMEM/read
aibox-ra7f0191d12b-7b895dd899-6c9m7:45650:45727 [0] NCCL INFO Channel 04/0 : 0[0] -> 1[1] via P2P/CUMEM/read
aibox-ra7f0191d12b-7b895dd899-6c9m7:45651:45756 [1] NCCL INFO Channel 04/0 : 1[1] -> 2[2] via P2P/CUMEM/read
aibox-ra7f0191d12b-7b895dd899-6c9m7:45652:45729 [2] NCCL INFO Channel 05/0 : 2[2] -> 3[3] via P2P/CUMEM/read
aibox-ra7f0191d12b-7b895dd899-6c9m7:45653:45728 [3] NCCL INFO Channel 05/0 : 3[3] -> 0[0] via P2P/CUMEM/read
aibox-ra7f0191d12b-7b895dd899-6c9m7:45650:45727 [0] NCCL INFO Channel 05/0 : 0[0] -> 1[1] via P2P/CUMEM/read
aibox-ra7f0191d12b-7b895dd899-6c9m7:45651:45756 [1] NCCL INFO Channel 05/0 : 1[1] -> 2[2] via P2P/CUMEM/read
aibox-ra7f0191d12b-7b895dd899-6c9m7:45652:45729 [2] NCCL INFO Channel 06/0 : 2[2] -> 3[3] via P2P/CUMEM/read
aibox-ra7f0191d12b-7b895dd899-6c9m7:45653:45728 [3] NCCL INFO Channel 06/0 : 3[3] -> 0[0] via P2P/CUMEM/read
aibox-ra7f0191d12b-7b895dd899-6c9m7:45650:45727 [0] NCCL INFO Channel 06/0 : 0[0] -> 1[1] via P2P/CUMEM/read
aibox-ra7f0191d12b-7b895dd899-6c9m7:45651:45756 [1] NCCL INFO Channel 06/0 : 1[1] -> 2[2] via P2P/CUMEM/read
aibox-ra7f0191d12b-7b895dd899-6c9m7:45652:45729 [2] NCCL INFO Channel 07/0 : 2[2] -> 3[3] via P2P/CUMEM/read
aibox-ra7f0191d12b-7b895dd899-6c9m7:45653:45728 [3] NCCL INFO Channel 07/0 : 3[3] -> 0[0] via P2P/CUMEM/read
aibox-ra7f0191d12b-7b895dd899-6c9m7:45650:45727 [0] NCCL INFO Channel 07/0 : 0[0] -> 1[1] via P2P/CUMEM/read
aibox-ra7f0191d12b-7b895dd899-6c9m7:45651:45756 [1] NCCL INFO Channel 07/0 : 1[1] -> 2[2] via P2P/CUMEM/read
aibox-ra7f0191d12b-7b895dd899-6c9m7:45652:45729 [2] NCCL INFO Channel 08/0 : 2[2] -> 3[3] via P2P/CUMEM/read
aibox-ra7f0191d12b-7b895dd899-6c9m7:45653:45728 [3] NCCL INFO Channel 08/0 : 3[3] -> 0[0] via P2P/CUMEM/read
aibox-ra7f0191d12b-7b895dd899-6c9m7:45650:45727 [0] NCCL INFO Channel 08/0 : 0[0] -> 1[1] via P2P/CUMEM/read
aibox-ra7f0191d12b-7b895dd899-6c9m7:45651:45756 [1] NCCL INFO Channel 08/0 : 1[1] -> 2[2] via P2P/CUMEM/read
aibox-ra7f0191d12b-7b895dd899-6c9m7:45652:45729 [2] NCCL INFO Channel 09/0 : 2[2] -> 3[3] via P2P/CUMEM/read
aibox-ra7f0191d12b-7b895dd899-6c9m7:45653:45728 [3] NCCL INFO Channel 09/0 : 3[3] -> 0[0] via P2P/CUMEM/read
aibox-ra7f0191d12b-7b895dd899-6c9m7:45650:45727 [0] NCCL INFO Channel 09/0 : 0[0] -> 1[1] via P2P/CUMEM/read
aibox-ra7f0191d12b-7b895dd899-6c9m7:45651:45756 [1] NCCL INFO Channel 09/0 : 1[1] -> 2[2] via P2P/CUMEM/read
aibox-ra7f0191d12b-7b895dd899-6c9m7:45652:45729 [2] NCCL INFO Channel 10/0 : 2[2] -> 3[3] via P2P/CUMEM/read
aibox-ra7f0191d12b-7b895dd899-6c9m7:45653:45728 [3] NCCL INFO Channel 10/0 : 3[3] -> 0[0] via P2P/CUMEM/read
aibox-ra7f0191d12b-7b895dd899-6c9m7:45650:45727 [0] NCCL INFO Channel 10/0 : 0[0] -> 1[1] via P2P/CUMEM/read
aibox-ra7f0191d12b-7b895dd899-6c9m7:45651:45756 [1] NCCL INFO Channel 10/0 : 1[1] -> 2[2] via P2P/CUMEM/read
aibox-ra7f0191d12b-7b895dd899-6c9m7:45652:45729 [2] NCCL INFO Channel 11/0 : 2[2] -> 3[3] via P2P/CUMEM/read
aibox-ra7f0191d12b-7b895dd899-6c9m7:45653:45728 [3] NCCL INFO Channel 11/0 : 3[3] -> 0[0] via P2P/CUMEM/read
aibox-ra7f0191d12b-7b895dd899-6c9m7:45650:45727 [0] NCCL INFO Channel 11/0 : 0[0] -> 1[1] via P2P/CUMEM/read
aibox-ra7f0191d12b-7b895dd899-6c9m7:45651:45756 [1] NCCL INFO Channel 11/0 : 1[1] -> 2[2] via P2P/CUMEM/read
aibox-ra7f0191d12b-7b895dd899-6c9m7:45652:45729 [2] NCCL INFO Channel 12/0 : 2[2] -> 3[3] via P2P/CUMEM/read
aibox-ra7f0191d12b-7b895dd899-6c9m7:45653:45728 [3] NCCL INFO Channel 12/0 : 3[3] -> 0[0] via P2P/CUMEM/read
aibox-ra7f0191d12b-7b895dd899-6c9m7:45650:45727 [0] NCCL INFO Channel 12/0 : 0[0] -> 1[1] via P2P/CUMEM/read
aibox-ra7f0191d12b-7b895dd899-6c9m7:45651:45756 [1] NCCL INFO Channel 12/0 : 1[1] -> 2[2] via P2P/CUMEM/read
aibox-ra7f0191d12b-7b895dd899-6c9m7:45652:45729 [2] NCCL INFO Channel 13/0 : 2[2] -> 3[3] via P2P/CUMEM/read
aibox-ra7f0191d12b-7b895dd899-6c9m7:45653:45728 [3] NCCL INFO Channel 13/0 : 3[3] -> 0[0] via P2P/CUMEM/read
aibox-ra7f0191d12b-7b895dd899-6c9m7:45650:45727 [0] NCCL INFO Channel 13/0 : 0[0] -> 1[1] via P2P/CUMEM/read
aibox-ra7f0191d12b-7b895dd899-6c9m7:45651:45756 [1] NCCL INFO Channel 13/0 : 1[1] -> 2[2] via P2P/CUMEM/read
aibox-ra7f0191d12b-7b895dd899-6c9m7:45652:45729 [2] NCCL INFO Channel 14/0 : 2[2] -> 3[3] via P2P/CUMEM/read
aibox-ra7f0191d12b-7b895dd899-6c9m7:45653:45728 [3] NCCL INFO Channel 14/0 : 3[3] -> 0[0] via P2P/CUMEM/read
aibox-ra7f0191d12b-7b895dd899-6c9m7:45650:45727 [0] NCCL INFO Channel 14/0 : 0[0] -> 1[1] via P2P/CUMEM/read
aibox-ra7f0191d12b-7b895dd899-6c9m7:45651:45756 [1] NCCL INFO Channel 14/0 : 1[1] -> 2[2] via P2P/CUMEM/read
aibox-ra7f0191d12b-7b895dd899-6c9m7:45652:45729 [2] NCCL INFO Channel 15/0 : 2[2] -> 3[3] via P2P/CUMEM/read
aibox-ra7f0191d12b-7b895dd899-6c9m7:45653:45728 [3] NCCL INFO Channel 15/0 : 3[3] -> 0[0] via P2P/CUMEM/read
aibox-ra7f0191d12b-7b895dd899-6c9m7:45650:45727 [0] NCCL INFO Channel 15/0 : 0[0] -> 1[1] via P2P/CUMEM/read
aibox-ra7f0191d12b-7b895dd899-6c9m7:45651:45756 [1] NCCL INFO Channel 15/0 : 1[1] -> 2[2] via P2P/CUMEM/read
aibox-ra7f0191d12b-7b895dd899-6c9m7:45651:45756 [1] NCCL INFO Connected all rings
aibox-ra7f0191d12b-7b895dd899-6c9m7:45650:45727 [0] NCCL INFO Connected all rings
aibox-ra7f0191d12b-7b895dd899-6c9m7:45652:45729 [2] NCCL INFO Connected all rings
aibox-ra7f0191d12b-7b895dd899-6c9m7:45653:45728 [3] NCCL INFO Connected all rings
aibox-ra7f0191d12b-7b895dd899-6c9m7:45653:45728 [3] NCCL INFO Channel 00/0 : 3[3] -> 2[2] via P2P/CUMEM/read
aibox-ra7f0191d12b-7b895dd899-6c9m7:45653:45728 [3] NCCL INFO Channel 01/0 : 3[3] -> 2[2] via P2P/CUMEM/read
aibox-ra7f0191d12b-7b895dd899-6c9m7:45653:45728 [3] NCCL INFO Channel 02/0 : 3[3] -> 2[2] via P2P/CUMEM/read
aibox-ra7f0191d12b-7b895dd899-6c9m7:45653:45728 [3] NCCL INFO Channel 03/0 : 3[3] -> 2[2] via P2P/CUMEM/read
aibox-ra7f0191d12b-7b895dd899-6c9m7:45653:45728 [3] NCCL INFO Channel 04/0 : 3[3] -> 2[2] via P2P/CUMEM/read
aibox-ra7f0191d12b-7b895dd899-6c9m7:45653:45728 [3] NCCL INFO Channel 05/0 : 3[3] -> 2[2] via P2P/CUMEM/read
aibox-ra7f0191d12b-7b895dd899-6c9m7:45653:45728 [3] NCCL INFO Channel 06/0 : 3[3] -> 2[2] via P2P/CUMEM/read
aibox-ra7f0191d12b-7b895dd899-6c9m7:45653:45728 [3] NCCL INFO Channel 07/0 : 3[3] -> 2[2] via P2P/CUMEM/read
aibox-ra7f0191d12b-7b895dd899-6c9m7:45653:45728 [3] NCCL INFO Channel 08/0 : 3[3] -> 2[2] via P2P/CUMEM/read
aibox-ra7f0191d12b-7b895dd899-6c9m7:45653:45728 [3] NCCL INFO Channel 09/0 : 3[3] -> 2[2] via P2P/CUMEM/read
aibox-ra7f0191d12b-7b895dd899-6c9m7:45653:45728 [3] NCCL INFO Channel 10/0 : 3[3] -> 2[2] via P2P/CUMEM/read
aibox-ra7f0191d12b-7b895dd899-6c9m7:45653:45728 [3] NCCL INFO Channel 11/0 : 3[3] -> 2[2] via P2P/CUMEM/read
aibox-ra7f0191d12b-7b895dd899-6c9m7:45653:45728 [3] NCCL INFO Channel 12/0 : 3[3] -> 2[2] via P2P/CUMEM/read
aibox-ra7f0191d12b-7b895dd899-6c9m7:45653:45728 [3] NCCL INFO Channel 13/0 : 3[3] -> 2[2] via P2P/CUMEM/read
aibox-ra7f0191d12b-7b895dd899-6c9m7:45653:45728 [3] NCCL INFO Channel 14/0 : 3[3] -> 2[2] via P2P/CUMEM/read
aibox-ra7f0191d12b-7b895dd899-6c9m7:45651:45756 [1] NCCL INFO Channel 00/0 : 1[1] -> 0[0] via P2P/CUMEM/read
aibox-ra7f0191d12b-7b895dd899-6c9m7:45653:45728 [3] NCCL INFO Channel 15/0 : 3[3] -> 2[2] via P2P/CUMEM/read
aibox-ra7f0191d12b-7b895dd899-6c9m7:45651:45756 [1] NCCL INFO Channel 01/0 : 1[1] -> 0[0] via P2P/CUMEM/read
aibox-ra7f0191d12b-7b895dd899-6c9m7:45652:45729 [2] NCCL INFO Channel 00/0 : 2[2] -> 1[1] via P2P/CUMEM/read
aibox-ra7f0191d12b-7b895dd899-6c9m7:45651:45756 [1] NCCL INFO Channel 02/0 : 1[1] -> 0[0] via P2P/CUMEM/read
aibox-ra7f0191d12b-7b895dd899-6c9m7:45652:45729 [2] NCCL INFO Channel 01/0 : 2[2] -> 1[1] via P2P/CUMEM/read
aibox-ra7f0191d12b-7b895dd899-6c9m7:45651:45756 [1] NCCL INFO Channel 03/0 : 1[1] -> 0[0] via P2P/CUMEM/read
aibox-ra7f0191d12b-7b895dd899-6c9m7:45652:45729 [2] NCCL INFO Channel 02/0 : 2[2] -> 1[1] via P2P/CUMEM/read
aibox-ra7f0191d12b-7b895dd899-6c9m7:45651:45756 [1] NCCL INFO Channel 04/0 : 1[1] -> 0[0] via P2P/CUMEM/read
aibox-ra7f0191d12b-7b895dd899-6c9m7:45652:45729 [2] NCCL INFO Channel 03/0 : 2[2] -> 1[1] via P2P/CUMEM/read
aibox-ra7f0191d12b-7b895dd899-6c9m7:45651:45756 [1] NCCL INFO Channel 05/0 : 1[1] -> 0[0] via P2P/CUMEM/read
aibox-ra7f0191d12b-7b895dd899-6c9m7:45652:45729 [2] NCCL INFO Channel 04/0 : 2[2] -> 1[1] via P2P/CUMEM/read
aibox-ra7f0191d12b-7b895dd899-6c9m7:45651:45756 [1] NCCL INFO Channel 06/0 : 1[1] -> 0[0] via P2P/CUMEM/read
aibox-ra7f0191d12b-7b895dd899-6c9m7:45652:45729 [2] NCCL INFO Channel 05/0 : 2[2] -> 1[1] via P2P/CUMEM/read
aibox-ra7f0191d12b-7b895dd899-6c9m7:45651:45756 [1] NCCL INFO Channel 07/0 : 1[1] -> 0[0] via P2P/CUMEM/read
aibox-ra7f0191d12b-7b895dd899-6c9m7:45652:45729 [2] NCCL INFO Channel 06/0 : 2[2] -> 1[1] via P2P/CUMEM/read
aibox-ra7f0191d12b-7b895dd899-6c9m7:45651:45756 [1] NCCL INFO Channel 08/0 : 1[1] -> 0[0] via P2P/CUMEM/read
aibox-ra7f0191d12b-7b895dd899-6c9m7:45652:45729 [2] NCCL INFO Channel 07/0 : 2[2] -> 1[1] via P2P/CUMEM/read
aibox-ra7f0191d12b-7b895dd899-6c9m7:45651:45756 [1] NCCL INFO Channel 09/0 : 1[1] -> 0[0] via P2P/CUMEM/read
aibox-ra7f0191d12b-7b895dd899-6c9m7:45652:45729 [2] NCCL INFO Channel 08/0 : 2[2] -> 1[1] via P2P/CUMEM/read
aibox-ra7f0191d12b-7b895dd899-6c9m7:45651:45756 [1] NCCL INFO Channel 10/0 : 1[1] -> 0[0] via P2P/CUMEM/read
aibox-ra7f0191d12b-7b895dd899-6c9m7:45652:45729 [2] NCCL INFO Channel 09/0 : 2[2] -> 1[1] via P2P/CUMEM/read
aibox-ra7f0191d12b-7b895dd899-6c9m7:45651:45756 [1] NCCL INFO Channel 11/0 : 1[1] -> 0[0] via P2P/CUMEM/read
aibox-ra7f0191d12b-7b895dd899-6c9m7:45652:45729 [2] NCCL INFO Channel 10/0 : 2[2] -> 1[1] via P2P/CUMEM/read
aibox-ra7f0191d12b-7b895dd899-6c9m7:45651:45756 [1] NCCL INFO Channel 12/0 : 1[1] -> 0[0] via P2P/CUMEM/read
aibox-ra7f0191d12b-7b895dd899-6c9m7:45652:45729 [2] NCCL INFO Channel 11/0 : 2[2] -> 1[1] via P2P/CUMEM/read
aibox-ra7f0191d12b-7b895dd899-6c9m7:45651:45756 [1] NCCL INFO Channel 13/0 : 1[1] -> 0[0] via P2P/CUMEM/read
aibox-ra7f0191d12b-7b895dd899-6c9m7:45652:45729 [2] NCCL INFO Channel 12/0 : 2[2] -> 1[1] via P2P/CUMEM/read
aibox-ra7f0191d12b-7b895dd899-6c9m7:45651:45756 [1] NCCL INFO Channel 14/0 : 1[1] -> 0[0] via P2P/CUMEM/read
aibox-ra7f0191d12b-7b895dd899-6c9m7:45652:45729 [2] NCCL INFO Channel 13/0 : 2[2] -> 1[1] via P2P/CUMEM/read
aibox-ra7f0191d12b-7b895dd899-6c9m7:45651:45756 [1] NCCL INFO Channel 15/0 : 1[1] -> 0[0] via P2P/CUMEM/read
aibox-ra7f0191d12b-7b895dd899-6c9m7:45652:45729 [2] NCCL INFO Channel 14/0 : 2[2] -> 1[1] via P2P/CUMEM/read
aibox-ra7f0191d12b-7b895dd899-6c9m7:45652:45729 [2] NCCL INFO Channel 15/0 : 2[2] -> 1[1] via P2P/CUMEM/read
aibox-ra7f0191d12b-7b895dd899-6c9m7:45650:45727 [0] NCCL INFO Connected all trees
aibox-ra7f0191d12b-7b895dd899-6c9m7:45650:45727 [0] NCCL INFO threadThresholds 8/8/64 | 32/8/64 | 512 | 512
aibox-ra7f0191d12b-7b895dd899-6c9m7:45650:45727 [0] NCCL INFO 16 coll channels, 0 nvls channels, 16 p2p channels, 16 p2p channels per peer
aibox-ra7f0191d12b-7b895dd899-6c9m7:45651:45756 [1] NCCL INFO Connected all trees
aibox-ra7f0191d12b-7b895dd899-6c9m7:45651:45756 [1] NCCL INFO threadThresholds 8/8/64 | 32/8/64 | 512 | 512
aibox-ra7f0191d12b-7b895dd899-6c9m7:45651:45756 [1] NCCL INFO 16 coll channels, 0 nvls channels, 16 p2p channels, 16 p2p channels per peer
aibox-ra7f0191d12b-7b895dd899-6c9m7:45653:45728 [3] NCCL INFO Connected all trees
aibox-ra7f0191d12b-7b895dd899-6c9m7:45653:45728 [3] NCCL INFO threadThresholds 8/8/64 | 32/8/64 | 512 | 512
aibox-ra7f0191d12b-7b895dd899-6c9m7:45652:45729 [2] NCCL INFO Connected all trees
aibox-ra7f0191d12b-7b895dd899-6c9m7:45653:45728 [3] NCCL INFO 16 coll channels, 0 nvls channels, 16 p2p channels, 16 p2p channels per peer
aibox-ra7f0191d12b-7b895dd899-6c9m7:45652:45729 [2] NCCL INFO threadThresholds 8/8/64 | 32/8/64 | 512 | 512
aibox-ra7f0191d12b-7b895dd899-6c9m7:45652:45729 [2] NCCL INFO 16 coll channels, 0 nvls channels, 16 p2p channels, 16 p2p channels per peer
aibox-ra7f0191d12b-7b895dd899-6c9m7:45652:45729 [2] NCCL INFO comm 0x560971e1aa50 rank 2 nranks 4 cudaDev 2 nvmlDev 2 busId d0000 commId 0x70b9f74f0f0888b7 - Init COMPLETE
aibox-ra7f0191d12b-7b895dd899-6c9m7:45650:45727 [0] NCCL INFO comm 0x557afc784a60 rank 0 nranks 4 cudaDev 0 nvmlDev 0 busId ad000 commId 0x70b9f74f0f0888b7 - Init COMPLETE
aibox-ra7f0191d12b-7b895dd899-6c9m7:45651:45756 [1] NCCL INFO comm 0x55b287e00870 rank 1 nranks 4 cudaDev 1 nvmlDev 1 busId b1000 commId 0x70b9f74f0f0888b7 - Init COMPLETE
aibox-ra7f0191d12b-7b895dd899-6c9m7:45653:45728 [3] NCCL INFO comm 0x55b6b59771c0 rank 3 nranks 4 cudaDev 3 nvmlDev 3 busId d3000 commId 0x70b9f74f0f0888b7 - Init COMPLETE
09/28 [14:11:09] INFO     | >> [*] Loading Base VLM                 train.py:197
                          `prism-dinosiglip-224px+7b` from ID/Path              
                 INFO     | >> [*] Loading VLA Checkpoint           train.py:213
                 INFO     | >> [*] Loading from local checkpoint     load.py:123
                          path                                                  
                          `/media/SpatialMemoryVLA-c16/pretrained/me            
                          mvla-libero-spatial/checkpoints/memvla-lib            
                          ero-spatial.pt`                                       
                 INFO     | >> [*] Found Config =>> Loading &        load.py:171
                          Freezing prism-dinosiglip-224px+7b with:              
                                       Vision Backbone =>>                      
                          dinosiglip-vit-so-224px                               
                                       LLM Backbone    =>>                      
                          llama2-7b-pure                                        
                                       Arch Specifier  =>>                      
                          no-align+fused-gelu-mlp                               
                                       Checkpoint Path =>>                      
                          `/media/SpatialMemoryVLA-c16/pretrained/me            
                          mvla-libero-spatial/checkpoints/memvla-lib            
                          ero-spatial.pt`                                       
                 INFO     | >> [*] Loading Vision Backbone           load.py:180
                          dinosiglip-vit-so-224px                               
09/28 [14:11:13] INFO     | >> Loading pretrained weights from   _builder.py:186
                          Hugging Face hub                                      
                          (timm/vit_large_patch14_reg4_dinov2.lv                
                          d142m)                                                
                 INFO     | >>  Safe alternative available for       _hub.py:180
                          'pytorch_model.bin' (as                               
                          'model.safetensors'). Loading weights                 
                          using safetensors.                                    
                 INFO     | >> Resized position embedding: (37,  pos_embed.py:55
                          37) to (16, 16).                                      
09/28 [14:11:13] INFO     | >> Loading pretrained weights from   _builder.py:186
                          Hugging Face hub                                      
                          (timm/vit_large_patch14_reg4_dinov2.lv                
                          d142m)                                                
09/28 [14:11:13] INFO     | >> Loading pretrained weights from   _builder.py:186
                          Hugging Face hub                                      
                          (timm/vit_large_patch14_reg4_dinov2.lv                
                          d142m)                                                
                 INFO     | >>  Safe alternative available for       _hub.py:180
                          'pytorch_model.bin' (as                               
                          'model.safetensors'). Loading weights                 
                          using safetensors.                                    
                 INFO     | >>  Safe alternative available for       _hub.py:180
                          'pytorch_model.bin' (as                               
                          'model.safetensors'). Loading weights                 
                          using safetensors.                                    
                 INFO     | >> Resized position embedding: (37,  pos_embed.py:55
                          37) to (16, 16).                                      
                 INFO     | >> Resized position embedding: (37,  pos_embed.py:55
                          37) to (16, 16).                                      
09/28 [14:11:13] INFO     | >> Loading pretrained weights from   _builder.py:186
                          Hugging Face hub                                      
                          (timm/vit_large_patch14_reg4_dinov2.lv                
                          d142m)                                                
                 INFO     | >>  Safe alternative available for       _hub.py:180
                          'pytorch_model.bin' (as                               
                          'model.safetensors'). Loading weights                 
                          using safetensors.                                    
                 INFO     | >> Resized position embedding: (37,  pos_embed.py:55
                          37) to (16, 16).                                      
09/28 [14:11:19] INFO     | >> Loading pretrained weights from   _builder.py:186
                          Hugging Face hub                                      
                          (('timm/ViT-SO400M-14-SigLIP',                        
                          'open_clip_pytorch_model.bin'))                       
09/28 [14:11:19] INFO     | >> Loading pretrained weights from   _builder.py:186
                          Hugging Face hub                                      
                          (('timm/ViT-SO400M-14-SigLIP',                        
                          'open_clip_pytorch_model.bin'))                       
09/28 [14:11:19] INFO     | >> Loading pretrained weights from   _builder.py:186
                          Hugging Face hub                                      
                          (('timm/ViT-SO400M-14-SigLIP',                        
                          'open_clip_pytorch_model.bin'))                       
09/28 [14:11:19] INFO     | >> Loading pretrained weights from   _builder.py:186
                          Hugging Face hub                                      
                          (('timm/ViT-SO400M-14-SigLIP',                        
                          'open_clip_pytorch_model.bin'))                       
09/28 [14:11:21] INFO     | >> [*] Loading Pretrained LLM            load.py:187
                          llama2-7b-pure via HF Transformers                    
                 INFO     | >>     |=> Loading llama2 LLM from   base_llm.py:121
                          `/media/SpatialMemoryVLA-c16/pretraine                
                          d/NousResearch-Llama-2-7b-hf`                         
The model was loaded with use_flash_attention_2=True, which is deprecated and may be removed in a future release. Please use `attn_implementation="flash_attention_2"` instead.
You are attempting to use Flash Attention 2.0 without specifying a torch dtype. This might lead to unexpected behaviour
You are attempting to use Flash Attention 2.0 with a model not initialized on GPU. Make sure to move the model to GPU after initializing it on CPU with `model.to('cuda')`.
The model was loaded with use_flash_attention_2=True, which is deprecated and may be removed in a future release. Please use `attn_implementation="flash_attention_2"` instead.
Flash Attention 2.0 only supports torch.float16 and torch.bfloat16 dtypes, but the current dype in LlamaForCausalLM is torch.float32. You should run training or inference using Automatic Mixed-Precision via the `with torch.autocast(device_type='torch_device'):` decorator, or load the model with the `torch_dtype` argument. Example: `model = AutoModel.from_pretrained("openai/whisper-tiny", attn_implementation="flash_attention_2", torch_dtype=torch.float16)`
You are attempting to use Flash Attention 2.0 without specifying a torch dtype. This might lead to unexpected behaviour
Flash Attention 2.0 only supports torch.float16 and torch.bfloat16 dtypes, but the current dype in LlamaModel is torch.float32. You should run training or inference using Automatic Mixed-Precision via the `with torch.autocast(device_type='torch_device'):` decorator, or load the model with the `torch_dtype` argument. Example: `model = AutoModel.from_pretrained("openai/whisper-tiny", attn_implementation="flash_attention_2", torch_dtype=torch.float16)`
You are attempting to use Flash Attention 2.0 with a model not initialized on GPU. Make sure to move the model to GPU after initializing it on CPU with `model.to('cuda')`.
Flash Attention 2.0 only supports torch.float16 and torch.bfloat16 dtypes, but the current dype in LlamaForCausalLM is torch.float32. You should run training or inference using Automatic Mixed-Precision via the `with torch.autocast(device_type='torch_device'):` decorator, or load the model with the `torch_dtype` argument. Example: `model = AutoModel.from_pretrained("openai/whisper-tiny", attn_implementation="flash_attention_2", torch_dtype=torch.float16)`
Flash Attention 2.0 only supports torch.float16 and torch.bfloat16 dtypes, but the current dype in LlamaModel is torch.float32. You should run training or inference using Automatic Mixed-Precision via the `with torch.autocast(device_type='torch_device'):` decorator, or load the model with the `torch_dtype` argument. Example: `model = AutoModel.from_pretrained("openai/whisper-tiny", attn_implementation="flash_attention_2", torch_dtype=torch.float16)`
The model was loaded with use_flash_attention_2=True, which is deprecated and may be removed in a future release. Please use `attn_implementation="flash_attention_2"` instead.
You are attempting to use Flash Attention 2.0 without specifying a torch dtype. This might lead to unexpected behaviour
You are attempting to use Flash Attention 2.0 with a model not initialized on GPU. Make sure to move the model to GPU after initializing it on CPU with `model.to('cuda')`.
Flash Attention 2.0 only supports torch.float16 and torch.bfloat16 dtypes, but the current dype in LlamaForCausalLM is torch.float32. You should run training or inference using Automatic Mixed-Precision via the `with torch.autocast(device_type='torch_device'):` decorator, or load the model with the `torch_dtype` argument. Example: `model = AutoModel.from_pretrained("openai/whisper-tiny", attn_implementation="flash_attention_2", torch_dtype=torch.float16)`
Flash Attention 2.0 only supports torch.float16 and torch.bfloat16 dtypes, but the current dype in LlamaModel is torch.float32. You should run training or inference using Automatic Mixed-Precision via the `with torch.autocast(device_type='torch_device'):` decorator, or load the model with the `torch_dtype` argument. Example: `model = AutoModel.from_pretrained("openai/whisper-tiny", attn_implementation="flash_attention_2", torch_dtype=torch.float16)`
Loading checkpoint shards:   0%|          | 0/2 [00:00<?, ?it/s]Loading checkpoint shards:   0%|          | 0/2 [00:00<?, ?it/s]Loading checkpoint shards:   0%|          | 0/2 [00:00<?, ?it/s]The model was loaded with use_flash_attention_2=True, which is deprecated and may be removed in a future release. Please use `attn_implementation="flash_attention_2"` instead.
You are attempting to use Flash Attention 2.0 without specifying a torch dtype. This might lead to unexpected behaviour
You are attempting to use Flash Attention 2.0 with a model not initialized on GPU. Make sure to move the model to GPU after initializing it on CPU with `model.to('cuda')`.
Flash Attention 2.0 only supports torch.float16 and torch.bfloat16 dtypes, but the current dype in LlamaForCausalLM is torch.float32. You should run training or inference using Automatic Mixed-Precision via the `with torch.autocast(device_type='torch_device'):` decorator, or load the model with the `torch_dtype` argument. Example: `model = AutoModel.from_pretrained("openai/whisper-tiny", attn_implementation="flash_attention_2", torch_dtype=torch.float16)`
Flash Attention 2.0 only supports torch.float16 and torch.bfloat16 dtypes, but the current dype in LlamaModel is torch.float32. You should run training or inference using Automatic Mixed-Precision via the `with torch.autocast(device_type='torch_device'):` decorator, or load the model with the `torch_dtype` argument. Example: `model = AutoModel.from_pretrained("openai/whisper-tiny", attn_implementation="flash_attention_2", torch_dtype=torch.float16)`
Loading checkpoint shards:   0%|          | 0/2 [00:00<?, ?it/s]Loading checkpoint shards:  50%|█████     | 1/2 [00:08<00:08,  8.37s/it]Loading checkpoint shards:  50%|█████     | 1/2 [00:08<00:08,  8.42s/it]Loading checkpoint shards:  50%|█████     | 1/2 [00:08<00:08,  8.56s/it]Loading checkpoint shards:  50%|█████     | 1/2 [00:08<00:08,  8.63s/it]Loading checkpoint shards: 100%|██████████| 2/2 [00:11<00:00,  5.22s/it]Loading checkpoint shards: 100%|██████████| 2/2 [00:11<00:00,  5.70s/it]
09/28 [14:11:33] INFO     | >>     |=> Loading llama2 (Fast)     base_llm.py:151
                          Tokenizer via the AutoTokenizer API                   
Loading checkpoint shards: 100%|██████████| 2/2 [00:11<00:00,  5.27s/it]Loading checkpoint shards: 100%|██████████| 2/2 [00:11<00:00,  5.74s/it]
Loading checkpoint shards: 100%|██████████| 2/2 [00:11<00:00,  5.31s/it]Loading checkpoint shards: 100%|██████████| 2/2 [00:11<00:00,  5.80s/it]
Loading checkpoint shards: 100%|██████████| 2/2 [00:11<00:00,  5.38s/it]Loading checkpoint shards: 100%|██████████| 2/2 [00:11<00:00,  5.87s/it]
09/28 [14:11:36] INFO     | >> [*] Loading VLA                       load.py:196
                          prism-dinosiglip-224px+7b from Checkpoint             
09/28 [14:12:03] INFO     | >> using MLP layer as FFN  vision_transformer.py:122
09/28 [14:12:03] INFO     | >> using MLP layer as FFN  vision_transformer.py:122
09/28 [14:12:03] INFO     | >> [*] Loading frozen VGGT spatial      train.py:233
                          teacher from                                          
                          `/media/SpatialMemoryVLA-c16/pretrained/V             
                          GGT-1B/model.pt`                                      
                 INFO     | >> using MLP layer as FFN  vision_transformer.py:122
09/28 [14:12:04] INFO     | >> using MLP layer as FFN  vision_transformer.py:122
09/28 [14:12:14] INFO     | >> [*] Invoking                         train.py:265
                          `VLM.freeze_backbones()` for                          
                          `prism-dinosiglip-224px+oxe+diffusion` =>             
                          Stage: `full-finetune`                                
                 INFO     | >>     |=> [TRAINABLE] 🔥 =>>       prismatic.py:184
                          Vision Backbone                                       
                          `dinosiglip-vit-so-224px`                             
                 INFO     | >>     |=> [TRAINABLE] 🔥 =>> LLM   prismatic.py:185
                          Backbone `llama2-7b-pure`                             
                 INFO     | >>     |=> [TRAINABLE] 🔥 =>>       prismatic.py:186
                          Projector `no-align+fused-gelu-mlp`                   
09/28 [14:12:14] INFO     | >> Load dataset info from        dataset_info.py:599
                          /media/SpatialMemoryVLA-c16/data/l                    
                          ibero-rlds/libero_spatial_no_noops                    
                          /1.0.0                                                
                 INFO     | >> [*] # Parameters (in millions):      train.py:271
                          8390.543 Total, 8390.543 Trainable                    
09/28 [14:12:14] INFO     | >> Load dataset info from        dataset_info.py:599
                          /media/SpatialMemoryVLA-c16/data/l                    
                          ibero-rlds/libero_spatial_no_noops                    
                          /1.0.0                                                
                 INFO     | >> [*] Matched training configuration:  train.py:274
                                   |-> Pretrained Checkpoint =                  
                          /media/SpatialMemoryVLA-c16/pretrained/me             
                          mvla-libero-spatial/checkpoints/memvla-li             
                          bero-spatial.pt                                       
                                   |-> Dataset Mix =                            
                          libero_spatial_no_noops                               
                                   |-> Experiment Mode =                        
                          spatial_memory                                        
                                   |-> Trainable Parameter Count =              
                          8390542599                                            
                                   |-> Max Steps = 5000                         
                                   |-> Global Batch Size = 256                  
                                   |-> Learning Rate = 2e-05                    
                 INFO     | >> [*] Creating VLA Open-X Dataset with train.py:285
                          Mixture `libero_spatial_no_noops`                     
                 INFO     | >> Load dataset info from        dataset_info.py:599
                          /media/SpatialMemoryVLA-c16/data/l                    
                          ibero-rlds/libero_spatial_no_noops                    
                          /1.0.0                                                
09/28 [14:12:14] INFO     | >> Load dataset info from        dataset_info.py:599
                          /media/SpatialMemoryVLA-c16/data/l                    
                          ibero-rlds/libero_spatial_no_noops                    
                          /1.0.0                                                
                 INFO     | >> Constructing tf.data.Dataset logging_logger.py:49
                          libero_spatial for split all,                         
                          from                                                  
                          /media/SpatialMemoryVLA-c16/data/                     
                          libero-rlds/libero_spatial_no_noo                     
                          ps/1.0.0                                              
2026-09-28 14:12:14.760964: I tensorflow/core/grappler/optimizers/data/replicate_on_split.cc:32] Running replicate on split optimization
                 INFO     | >> Constructing tf.data.Dataset logging_logger.py:49
                          libero_spatial for split all,                         
                          from                                                  
                          /media/SpatialMemoryVLA-c16/data/                     
                          libero-rlds/libero_spatial_no_noo                     
                          ps/1.0.0                                              
2026-09-28 14:12:14.775487: I tensorflow/core/grappler/optimizers/data/replicate_on_split.cc:32] Running replicate on split optimization
                 INFO     | >> Constructing tf.data.Dataset logging_logger.py:49
                          libero_spatial for split all,                         
                          from                                                  
                          /media/SpatialMemoryVLA-c16/data/                     
                          libero-rlds/libero_spatial_no_noo                     
                          ps/1.0.0                                              
2026-09-28 14:12:14.787533: I tensorflow/core/grappler/optimizers/data/replicate_on_split.cc:32] Running replicate on split optimization
                 INFO     | >> Constructing tf.data.Dataset logging_logger.py:49
                          libero_spatial for split all,                         
                          from                                                  
                          /media/SpatialMemoryVLA-c16/data/                     
                          libero-rlds/libero_spatial_no_noo                     
                          ps/1.0.0                                              
2026-09-28 14:12:14.800244: I tensorflow/core/grappler/optimizers/data/replicate_on_split.cc:32] Running replicate on split optimization
09/28 [14:12:15] INFO     | >> [*] Loading existing dataset    data_utils.py:210
                          statistics from                                       
                          /media/SpatialMemoryVLA-c16/data/lib                  
                          ero-rlds/libero_spatial_no_noops/1.0                  
                          .0/dataset_statistics_1ce64f2e6fed36                  
                          3dfc7aff6b00128618652c88255bf917b093                  
                          6f6ef7f558ba6a.json.                                  
09/28 [14:12:15] INFO     | >> Constructing tf.data.Dataset logging_logger.py:49
                          libero_spatial for split train,                       
                          from                                                  
                          /media/SpatialMemoryVLA-c16/data/                     
                          libero-rlds/libero_spatial_no_noo                     
                          ps/1.0.0                                              
2026-09-28 14:12:15.192798: I tensorflow/core/grappler/optimizers/data/replicate_on_split.cc:32] Running replicate on split optimization
09/28 [14:12:15] INFO     | >> Constructing tf.data.Dataset logging_logger.py:49
                          libero_spatial for split train,                       
                          from                                                  
                          /media/SpatialMemoryVLA-c16/data/                     
                          libero-rlds/libero_spatial_no_noo                     
                          ps/1.0.0                                              
2026-09-28 14:12:15.212442: I tensorflow/core/grappler/optimizers/data/replicate_on_split.cc:32] Running replicate on split optimization
                 INFO     | >> Constructing tf.data.Dataset logging_logger.py:49
                          libero_spatial for split train,                       
                          from                                                  
                          /media/SpatialMemoryVLA-c16/data/                     
                          libero-rlds/libero_spatial_no_noo                     
                          ps/1.0.0                                              
2026-09-28 14:12:15.232371: I tensorflow/core/grappler/optimizers/data/replicate_on_split.cc:32] Running replicate on split optimization
09/28 [14:12:15] INFO     | >> Constructing tf.data.Dataset logging_logger.py:49
                          libero_spatial for split train,                       
                          from                                                  
                          /media/SpatialMemoryVLA-c16/data/                     
                          libero-rlds/libero_spatial_no_noo                     
                          ps/1.0.0                                              
2026-09-28 14:12:15.246514: I tensorflow/core/grappler/optimizers/data/replicate_on_split.cc:32] Running replicate on split optimization

######################################################################################
# Loading the following 1 datasets (incl. sampling weight):                         #
# libero_spatial_no_noops: =================================================1.000000 #
######################################################################################

                 INFO     | >> Load dataset info from        dataset_info.py:599
                          /media/SpatialMemoryVLA-c16/data/l                    
                          ibero-rlds/libero_spatial_no_noops                    
                          /1.0.0                                                

######################################################################################
# Loading the following 1 datasets (incl. sampling weight):                         #
# libero_spatial_no_noops: =================================================1.000000 #
######################################################################################

                 INFO     | >> Load dataset info from        dataset_info.py:599
                          /media/SpatialMemoryVLA-c16/data/l                    
                          ibero-rlds/libero_spatial_no_noops                    
                          /1.0.0                                                

######################################################################################
# Loading the following 1 datasets (incl. sampling weight):                         #
# libero_spatial_no_noops: =================================================1.000000 #
######################################################################################

                 INFO     | >> Constructing tf.data.Dataset logging_logger.py:49
                          libero_spatial for split train,                       
                          from                                                  
                          /media/SpatialMemoryVLA-c16/data/                     
                          libero-rlds/libero_spatial_no_noo                     
                          ps/1.0.0                                              
                 INFO     | >> [*] Threads per Dataset: [1]       dataset.py:686
                 INFO     | >> [*] Reads per Dataset: [1]         dataset.py:687
2026-09-28 14:12:15.634946: I tensorflow/core/grappler/optimizers/data/replicate_on_split.cc:32] Running replicate on split optimization
                 INFO     | >> [*] Constructing datasets...       dataset.py:690
                 INFO     | >> Load dataset info from        dataset_info.py:599
                          /media/SpatialMemoryVLA-c16/data/l                    
                          ibero-rlds/libero_spatial_no_noops                    
                          /1.0.0                                                

######################################################################################
# Loading the following 1 datasets (incl. sampling weight):                         #
# libero_spatial_no_noops: =================================================1.000000 #
######################################################################################

                 INFO     | >> Constructing tf.data.Dataset logging_logger.py:49
                          libero_spatial for split train,                       
                          from                                                  
                          /media/SpatialMemoryVLA-c16/data/                     
                          libero-rlds/libero_spatial_no_noo                     
                          ps/1.0.0                                              
2026-09-28 14:12:15.661710: I tensorflow/core/grappler/optimizers/data/replicate_on_split.cc:32] Running replicate on split optimization
                 INFO     | >> Load dataset info from        dataset_info.py:599
                          /media/SpatialMemoryVLA-c16/data/l                    
                          ibero-rlds/libero_spatial_no_noops                    
                          /1.0.0                                                
                 INFO     | >> Constructing tf.data.Dataset logging_logger.py:49
                          libero_spatial for split train,                       
                          from                                                  
                          /media/SpatialMemoryVLA-c16/data/                     
                          libero-rlds/libero_spatial_no_noo                     
                          ps/1.0.0                                              
2026-09-28 14:12:15.688865: I tensorflow/core/grappler/optimizers/data/replicate_on_split.cc:32] Running replicate on split optimization
                 INFO     | >> Constructing tf.data.Dataset logging_logger.py:49
                          libero_spatial for split train,                       
                          from                                                  
                          /media/SpatialMemoryVLA-c16/data/                     
                          libero-rlds/libero_spatial_no_noo                     
                          ps/1.0.0                                              
2026-09-28 14:12:15.710203: I tensorflow/core/grappler/optimizers/data/replicate_on_split.cc:32] Running replicate on split optimization
09/28 [14:12:16] INFO     | >> [*] Applying frame transforms on   dataset.py:758
                          dataset...                                            
/root/SpatialMemoryVLA/.venv/lib/python3.10/site-packages/tensorflow/python/data/ops/dataset_ops.py:2280: UserWarning: Seed 43 from outer graph might be getting used by function Dataset_map_aug, if the random op has not been provided any seed. Explicitly set the seed in the function if this is not the intended behavior.
  return map_op._map_v2(
/root/SpatialMemoryVLA/.venv/lib/python3.10/site-packages/tensorflow/python/data/ops/dataset_ops.py:2280: UserWarning: Seed 45 from outer graph might be getting used by function Dataset_map_aug, if the random op has not been provided any seed. Explicitly set the seed in the function if this is not the intended behavior.
  return map_op._map_v2(
/root/SpatialMemoryVLA/.venv/lib/python3.10/site-packages/tensorflow/python/data/ops/dataset_ops.py:2280: UserWarning: Seed 42 from outer graph might be getting used by function Dataset_map_aug, if the random op has not been provided any seed. Explicitly set the seed in the function if this is not the intended behavior.
  return map_op._map_v2(
/root/SpatialMemoryVLA/.venv/lib/python3.10/site-packages/tensorflow/python/data/ops/dataset_ops.py:2280: UserWarning: Seed 44 from outer graph might be getting used by function Dataset_map_aug, if the random op has not been provided any seed. Explicitly set the seed in the function if this is not the intended behavior.
  return map_op._map_v2(
09/28 [14:12:17] INFO     | >> [*] Saved dataset statistics    data_utils.py:302
                          file at path                                          
                          /media/SpatialMemoryVLA-c16/runs/lib                  
                          ero_spatial/spatial_memory_libero_sp                  
                          atial_C16_seed42_4gpu_5k--image_aug/                  
                          dataset_statistics.json                               
                 INFO     | >> [*] Initializing Train Strategy      train.py:316
                          `fsdp-full-shard`                                     
09/28 [14:12:21] INFO     | >> [*] FSDP Full-Shard Strategy =>>      fsdp.py:298
                          Finalized Training Setup:                             
                                   |-> Global (Effective) Batch Size            
                          = 256                                                 
                                   |-> Per-Device Batch Size = 8                
                                   |-> Distributed World Size = 4               
                                   |-> Gradient Accumulation Steps =            
                          8                                                     
                                                                                
                                   |-> LLM Backbone FSDP Gradient               
                          Checkpointing = True                                  
                                   |-> Use FSDP Mixed Precision =               
                          True                                                  
                                           |-> Parameter Precision =            
                          torch.bfloat16                                        
                                           |-> Reduction Precision =            
                          torch.float32                                         
                                           |-> Buffer Precision =               
                          torch.float32                                         
                                                                                
                                   |-> Default AdamW LR = 2e-05                 
                                   |-> AdamW Weight Decay = 0.0                 
                                   |-> LR Scheduler Type = constant             
                                   |-> LR Scheduler Warmup Steps                
                          (Ratio) = 0 (0.0)                                     
                                   |-> Dataset Size = 52992 Examples            
                                   |-> Max Steps = 5000                         
                                                                                
                 INFO     | >> [*] Creating Metrics with Active     train.py:342
                          Trackers => `('jsonl',)`                              
                 INFO     | >> [*] Starting VLA Training Loop       train.py:355
=>> [Epoch 000] Global Step 000000 =>> LR :: 0.000000:   0%|          | 0/5000 [00:00<?, ?it/s]2026-09-28 14:12:31.986356: I tensorflow/core/kernels/data/shuffle_dataset_op.cc:422] ShuffleDatasetV3:40: Filling up shuffle buffer (this may take a while): 7118 of 128000
2026-09-28 14:12:31.992532: I tensorflow/core/kernels/data/shuffle_dataset_op.cc:422] ShuffleDatasetV3:40: Filling up shuffle buffer (this may take a while): 7032 of 128000
2026-09-28 14:12:31.993755: I tensorflow/core/kernels/data/shuffle_dataset_op.cc:422] ShuffleDatasetV3:40: Filling up shuffle buffer (this may take a while): 6238 of 128000
2026-09-28 14:12:32.005210: I tensorflow/core/kernels/data/shuffle_dataset_op.cc:422] ShuffleDatasetV3:40: Filling up shuffle buffer (this may take a while): 8305 of 128000
2026-09-28 14:12:42.002299: I tensorflow/core/kernels/data/shuffle_dataset_op.cc:422] ShuffleDatasetV3:40: Filling up shuffle buffer (this may take a while): 18093 of 128000
2026-09-28 14:12:51.988435: I tensorflow/core/kernels/data/shuffle_dataset_op.cc:422] ShuffleDatasetV3:40: Filling up shuffle buffer (this may take a while): 22787 of 128000
2026-09-28 14:12:51.989071: I tensorflow/core/kernels/data/shuffle_dataset_op.cc:422] ShuffleDatasetV3:40: Filling up shuffle buffer (this may take a while): 20462 of 128000
2026-09-28 14:12:51.989145: I tensorflow/core/kernels/data/shuffle_dataset_op.cc:422] ShuffleDatasetV3:40: Filling up shuffle buffer (this may take a while): 22578 of 128000
2026-09-28 14:12:52.002466: I tensorflow/core/kernels/data/shuffle_dataset_op.cc:422] ShuffleDatasetV3:40: Filling up shuffle buffer (this may take a while): 27817 of 128000
2026-09-28 14:13:01.994115: I tensorflow/core/kernels/data/shuffle_dataset_op.cc:422] ShuffleDatasetV3:40: Filling up shuffle buffer (this may take a while): 28699 of 128000
2026-09-28 14:13:11.980767: I tensorflow/core/kernels/data/shuffle_dataset_op.cc:422] ShuffleDatasetV3:40: Filling up shuffle buffer (this may take a while): 39770 of 128000
2026-09-28 14:13:11.988789: I tensorflow/core/kernels/data/shuffle_dataset_op.cc:422] ShuffleDatasetV3:40: Filling up shuffle buffer (this may take a while): 39363 of 128000
2026-09-28 14:13:12.002228: I tensorflow/core/kernels/data/shuffle_dataset_op.cc:422] ShuffleDatasetV3:40: Filling up shuffle buffer (this may take a while): 46475 of 128000
2026-09-28 14:13:21.989110: I tensorflow/core/kernels/data/shuffle_dataset_op.cc:422] ShuffleDatasetV3:40: Filling up shuffle buffer (this may take a while): 46333 of 128000
2026-09-28 14:13:21.989330: I tensorflow/core/kernels/data/shuffle_dataset_op.cc:422] ShuffleDatasetV3:40: Filling up shuffle buffer (this may take a while): 47902 of 128000
2026-09-28 14:13:22.003412: I tensorflow/core/kernels/data/shuffle_dataset_op.cc:422] ShuffleDatasetV3:40: Filling up shuffle buffer (this may take a while): 55735 of 128000
2026-09-28 14:13:31.980090: I tensorflow/core/kernels/data/shuffle_dataset_op.cc:422] ShuffleDatasetV3:40: Filling up shuffle buffer (this may take a while): 57360 of 128000
2026-09-28 14:13:31.989581: I tensorflow/core/kernels/data/shuffle_dataset_op.cc:422] ShuffleDatasetV3:40: Filling up shuffle buffer (this may take a while): 56283 of 128000
2026-09-28 14:13:41.980302: I tensorflow/core/kernels/data/shuffle_dataset_op.cc:422] ShuffleDatasetV3:40: Filling up shuffle buffer (this may take a while): 66105 of 128000
2026-09-28 14:13:41.992016: I tensorflow/core/kernels/data/shuffle_dataset_op.cc:422] ShuffleDatasetV3:40: Filling up shuffle buffer (this may take a while): 64041 of 128000
2026-09-28 14:13:42.002662: I tensorflow/core/kernels/data/shuffle_dataset_op.cc:422] ShuffleDatasetV3:40: Filling up shuffle buffer (this may take a while): 74555 of 128000
2026-09-28 14:13:51.984402: I tensorflow/core/kernels/data/shuffle_dataset_op.cc:422] ShuffleDatasetV3:40: Filling up shuffle buffer (this may take a while): 74866 of 128000
2026-09-28 14:13:51.988849: I tensorflow/core/kernels/data/shuffle_dataset_op.cc:422] ShuffleDatasetV3:40: Filling up shuffle buffer (this may take a while): 73984 of 128000
2026-09-28 14:14:01.988931: I tensorflow/core/kernels/data/shuffle_dataset_op.cc:422] ShuffleDatasetV3:40: Filling up shuffle buffer (this may take a while): 82956 of 128000
2026-09-28 14:14:01.989111: I tensorflow/core/kernels/data/shuffle_dataset_op.cc:422] ShuffleDatasetV3:40: Filling up shuffle buffer (this may take a while): 81559 of 128000
2026-09-28 14:14:02.002009: I tensorflow/core/kernels/data/shuffle_dataset_op.cc:422] ShuffleDatasetV3:40: Filling up shuffle buffer (this may take a while): 93172 of 128000
2026-09-28 14:14:11.981124: I tensorflow/core/kernels/data/shuffle_dataset_op.cc:422] ShuffleDatasetV3:40: Filling up shuffle buffer (this may take a while): 92574 of 128000
2026-09-28 14:14:11.989046: I tensorflow/core/kernels/data/shuffle_dataset_op.cc:422] ShuffleDatasetV3:40: Filling up shuffle buffer (this may take a while): 92203 of 128000
2026-09-28 14:14:11.989464: I tensorflow/core/kernels/data/shuffle_dataset_op.cc:422] ShuffleDatasetV3:40: Filling up shuffle buffer (this may take a while): 90734 of 128000
2026-09-28 14:14:12.002886: I tensorflow/core/kernels/data/shuffle_dataset_op.cc:422] ShuffleDatasetV3:40: Filling up shuffle buffer (this may take a while): 102492 of 128000
2026-09-28 14:14:31.980235: I tensorflow/core/kernels/data/shuffle_dataset_op.cc:422] ShuffleDatasetV3:40: Filling up shuffle buffer (this may take a while): 110892 of 128000
2026-09-28 14:14:31.989251: I tensorflow/core/kernels/data/shuffle_dataset_op.cc:422] ShuffleDatasetV3:40: Filling up shuffle buffer (this may take a while): 110597 of 128000
2026-09-28 14:14:31.992096: I tensorflow/core/kernels/data/shuffle_dataset_op.cc:422] ShuffleDatasetV3:40: Filling up shuffle buffer (this may take a while): 109645 of 128000
2026-09-28 14:14:32.003022: I tensorflow/core/kernels/data/shuffle_dataset_op.cc:422] ShuffleDatasetV3:40: Filling up shuffle buffer (this may take a while): 121349 of 128000
2026-09-28 14:14:39.009458: I tensorflow/core/kernels/data/shuffle_dataset_op.cc:452] Shuffle buffer filled.
WARNING: All log messages before absl::InitializeLog() is called are written to STDERR
W0000 00:00:1790576079.186975   47686 op_level_cost_estimator.cc:699] Error in PredictCost() for the op: op: "CropAndResize" attr { key: "T" value { type: DT_FLOAT } } attr { key: "extrapolation_value" value { f: 0 } } attr { key: "method" value { s: "bilinear" } } inputs { dtype: DT_FLOAT shape { dim { size: 1 } dim { size: 224 } dim { size: 224 } dim { size: -4 } } } inputs { dtype: DT_FLOAT shape { dim { size: -2 } dim { size: 4 } } } inputs { dtype: DT_INT32 shape { dim { size: -2 } } } inputs { dtype: DT_INT32 shape { dim { size: 2 } } } device { type: "CPU" vendor: "GenuineIntel" model: "106" frequency: 2600 num_cores: 128 environment { key: "cpu_instruction_set" value: "AVX SSE, SSE2, SSE3, SSSE3, SSE4.1, SSE4.2" } environment { key: "eigen" value: "3.4.90" } l1_cache_size: 49152 l2_cache_size: 1310720 l3_cache_size: 50331648 memory_size: 268435456 } outputs { dtype: DT_FLOAT shape { dim { size: -2 } dim { size: -5 } dim { size: -6 } dim { size: -4 } } }
W0000 00:00:1790576079.192099   47681 op_level_cost_estimator.cc:699] Error in PredictCost() for the op: op: "CropAndResize" attr { key: "T" value { type: DT_FLOAT } } attr { key: "extrapolation_value" value { f: 0 } } attr { key: "method" value { s: "bilinear" } } inputs { dtype: DT_FLOAT shape { dim { size: 1 } dim { size: 224 } dim { size: 224 } dim { size: -4 } } } inputs { dtype: DT_FLOAT shape { dim { size: -2 } dim { size: 4 } } } inputs { dtype: DT_INT32 shape { dim { size: -2 } } } inputs { dtype: DT_INT32 shape { dim { size: 2 } } } device { type: "CPU" vendor: "GenuineIntel" model: "106" frequency: 2600 num_cores: 128 environment { key: "cpu_instruction_set" value: "AVX SSE, SSE2, SSE3, SSSE3, SSE4.1, SSE4.2" } environment { key: "eigen" value: "3.4.90" } l1_cache_size: 49152 l2_cache_size: 1310720 l3_cache_size: 50331648 memory_size: 268435456 } outputs { dtype: DT_FLOAT shape { dim { size: -2 } dim { size: -5 } dim { size: -6 } dim { size: -4 } } }
W0000 00:00:1790576079.193989   47694 op_level_cost_estimator.cc:699] Error in PredictCost() for the op: op: "CropAndResize" attr { key: "T" value { type: DT_FLOAT } } attr { key: "extrapolation_value" value { f: 0 } } attr { key: "method" value { s: "bilinear" } } inputs { dtype: DT_FLOAT shape { dim { size: 1 } dim { size: 224 } dim { size: 224 } dim { size: -4 } } } inputs { dtype: DT_FLOAT shape { dim { size: -2 } dim { size: 4 } } } inputs { dtype: DT_INT32 shape { dim { size: -2 } } } inputs { dtype: DT_INT32 shape { dim { size: 2 } } } device { type: "CPU" vendor: "GenuineIntel" model: "106" frequency: 2600 num_cores: 128 environment { key: "cpu_instruction_set" value: "AVX SSE, SSE2, SSE3, SSSE3, SSE4.1, SSE4.2" } environment { key: "eigen" value: "3.4.90" } l1_cache_size: 49152 l2_cache_size: 1310720 l3_cache_size: 50331648 memory_size: 268435456 } outputs { dtype: DT_FLOAT shape { dim { size: -2 } dim { size: -5 } dim { size: -6 } dim { size: -4 } } }
W0000 00:00:1790576079.203029   47693 op_level_cost_estimator.cc:699] Error in PredictCost() for the op: op: "CropAndResize" attr { key: "T" value { type: DT_FLOAT } } attr { key: "extrapolation_value" value { f: 0 } } attr { key: "method" value { s: "bilinear" } } inputs { dtype: DT_FLOAT shape { dim { size: 1 } dim { size: 224 } dim { size: 224 } dim { size: -4 } } } inputs { dtype: DT_FLOAT shape { dim { size: -2 } dim { size: 4 } } } inputs { dtype: DT_INT32 shape { dim { size: -2 } } } inputs { dtype: DT_INT32 shape { dim { size: 2 } } } device { type: "CPU" vendor: "GenuineIntel" model: "106" frequency: 2600 num_cores: 128 environment { key: "cpu_instruction_set" value: "AVX SSE, SSE2, SSE3, SSSE3, SSE4.1, SSE4.2" } environment { key: "eigen" value: "3.4.90" } l1_cache_size: 49152 l2_cache_size: 1310720 l3_cache_size: 50331648 memory_size: 268435456 } outputs { dtype: DT_FLOAT shape { dim { size: -2 } dim { size: -5 } dim { size: -6 } dim { size: -4 } } }
W0000 00:00:1790576079.203148   47692 op_level_cost_estimator.cc:699] Error in PredictCost() for the op: op: "CropAndResize" attr { key: "T" value { type: DT_FLOAT } } attr { key: "extrapolation_value" value { f: 0 } } attr { key: "method" value { s: "bilinear" } } inputs { dtype: DT_FLOAT shape { dim { size: 1 } dim { size: 224 } dim { size: 224 } dim { size: -4 } } } inputs { dtype: DT_FLOAT shape { dim { size: -2 } dim { size: 4 } } } inputs { dtype: DT_INT32 shape { dim { size: -2 } } } inputs { dtype: DT_INT32 shape { dim { size: 2 } } } device { type: "CPU" vendor: "GenuineIntel" model: "106" frequency: 2600 num_cores: 128 environment { key: "cpu_instruction_set" value: "AVX SSE, SSE2, SSE3, SSSE3, SSE4.1, SSE4.2" } environment { key: "eigen" value: "3.4.90" } l1_cache_size: 49152 l2_cache_size: 1310720 l3_cache_size: 50331648 memory_size: 268435456 } outputs { dtype: DT_FLOAT shape { dim { size: -2 } dim { size: -5 } dim { size: -6 } dim { size: -4 } } }
W0000 00:00:1790576079.203626   47695 op_level_cost_estimator.cc:699] Error in PredictCost() for the op: op: "CropAndResize" attr { key: "T" value { type: DT_FLOAT } } attr { key: "extrapolation_value" value { f: 0 } } attr { key: "method" value { s: "bilinear" } } inputs { dtype: DT_FLOAT shape { dim { size: 1 } dim { size: 224 } dim { size: 224 } dim { size: -4 } } } inputs { dtype: DT_FLOAT shape { dim { size: -2 } dim { size: 4 } } } inputs { dtype: DT_INT32 shape { dim { size: -2 } } } inputs { dtype: DT_INT32 shape { dim { size: 2 } } } device { type: "CPU" vendor: "GenuineIntel" model: "106" frequency: 2600 num_cores: 128 environment { key: "cpu_instruction_set" value: "AVX SSE, SSE2, SSE3, SSSE3, SSE4.1, SSE4.2" } environment { key: "eigen" value: "3.4.90" } l1_cache_size: 49152 l2_cache_size: 1310720 l3_cache_size: 50331648 memory_size: 268435456 } outputs { dtype: DT_FLOAT shape { dim { size: -2 } dim { size: -5 } dim { size: -6 } dim { size: -4 } } }
W0000 00:00:1790576079.203968   47690 op_level_cost_estimator.cc:699] Error in PredictCost() for the op: op: "CropAndResize" attr { key: "T" value { type: DT_FLOAT } } attr { key: "extrapolation_value" value { f: 0 } } attr { key: "method" value { s: "bilinear" } } inputs { dtype: DT_FLOAT shape { dim { size: 1 } dim { size: 224 } dim { size: 224 } dim { size: -4 } } } inputs { dtype: DT_FLOAT shape { dim { size: -2 } dim { size: 4 } } } inputs { dtype: DT_INT32 shape { dim { size: -2 } } } inputs { dtype: DT_INT32 shape { dim { size: 2 } } } device { type: "CPU" vendor: "GenuineIntel" model: "106" frequency: 2600 num_cores: 128 environment { key: "cpu_instruction_set" value: "AVX SSE, SSE2, SSE3, SSSE3, SSE4.1, SSE4.2" } environment { key: "eigen" value: "3.4.90" } l1_cache_size: 49152 l2_cache_size: 1310720 l3_cache_size: 50331648 memory_size: 268435456 } outputs { dtype: DT_FLOAT shape { dim { size: -2 } dim { size: -5 } dim { size: -6 } dim { size: -4 } } }
W0000 00:00:1790576079.204598   47699 op_level_cost_estimator.cc:699] Error in PredictCost() for the op: op: "CropAndResize" attr { key: "T" value { type: DT_FLOAT } } attr { key: "extrapolation_value" value { f: 0 } } attr { key: "method" value { s: "bilinear" } } inputs { dtype: DT_FLOAT shape { dim { size: 1 } dim { size: 224 } dim { size: 224 } dim { size: -4 } } } inputs { dtype: DT_FLOAT shape { dim { size: -2 } dim { size: 4 } } } inputs { dtype: DT_INT32 shape { dim { size: -2 } } } inputs { dtype: DT_INT32 shape { dim { size: 2 } } } device { type: "CPU" vendor: "GenuineIntel" model: "106" frequency: 2600 num_cores: 128 environment { key: "cpu_instruction_set" value: "AVX SSE, SSE2, SSE3, SSSE3, SSE4.1, SSE4.2" } environment { key: "eigen" value: "3.4.90" } l1_cache_size: 49152 l2_cache_size: 1310720 l3_cache_size: 50331648 memory_size: 268435456 } outputs { dtype: DT_FLOAT shape { dim { size: -2 } dim { size: -5 } dim { size: -6 } dim { size: -4 } } }
W0000 00:00:1790576079.204781   47683 op_level_cost_estimator.cc:699] Error in PredictCost() for the op: op: "CropAndResize" attr { key: "T" value { type: DT_FLOAT } } attr { key: "extrapolation_value" value { f: 0 } } attr { key: "method" value { s: "bilinear" } } inputs { dtype: DT_FLOAT shape { dim { size: 1 } dim { size: 224 } dim { size: 224 } dim { size: -4 } } } inputs { dtype: DT_FLOAT shape { dim { size: -2 } dim { size: 4 } } } inputs { dtype: DT_INT32 shape { dim { size: -2 } } } inputs { dtype: DT_INT32 shape { dim { size: 2 } } } device { type: "CPU" vendor: "GenuineIntel" model: "106" frequency: 2600 num_cores: 128 environment { key: "cpu_instruction_set" value: "AVX SSE, SSE2, SSE3, SSSE3, SSE4.1, SSE4.2" } environment { key: "eigen" value: "3.4.90" } l1_cache_size: 49152 l2_cache_size: 1310720 l3_cache_size: 50331648 memory_size: 268435456 } outputs { dtype: DT_FLOAT shape { dim { size: -2 } dim { size: -5 } dim { size: -6 } dim { size: -4 } } }
W0000 00:00:1790576079.204670   47688 op_level_cost_estimator.cc:699] Error in PredictCost() for the op: op: "CropAndResize" attr { key: "T" value { type: DT_FLOAT } } attr { key: "extrapolation_value" value { f: 0 } } attr { key: "method" value { s: "bilinear" } } inputs { dtype: DT_FLOAT shape { dim { size: 1 } dim { size: 224 } dim { size: 224 } dim { size: -4 } } } inputs { dtype: DT_FLOAT shape { dim { size: -2 } dim { size: 4 } } } inputs { dtype: DT_INT32 shape { dim { size: -2 } } } inputs { dtype: DT_INT32 shape { dim { size: 2 } } } device { type: "CPU" vendor: "GenuineIntel" model: "106" frequency: 2600 num_cores: 128 environment { key: "cpu_instruction_set" value: "AVX SSE, SSE2, SSE3, SSSE3, SSE4.1, SSE4.2" } environment { key: "eigen" value: "3.4.90" } l1_cache_size: 49152 l2_cache_size: 1310720 l3_cache_size: 50331648 memory_size: 268435456 } outputs { dtype: DT_FLOAT shape { dim { size: -2 } dim { size: -5 } dim { size: -6 } dim { size: -4 } } }
W0000 00:00:1790576079.204923   47696 op_level_cost_estimator.cc:699] Error in PredictCost() for the op: op: "CropAndResize" attr { key: "T" value { type: DT_FLOAT } } attr { key: "extrapolation_value" value { f: 0 } } attr { key: "method" value { s: "bilinear" } } inputs { dtype: DT_FLOAT shape { dim { size: 1 } dim { size: 224 } dim { size: 224 } dim { size: -4 } } } inputs { dtype: DT_FLOAT shape { dim { size: -2 } dim { size: 4 } } } inputs { dtype: DT_INT32 shape { dim { size: -2 } } } inputs { dtype: DT_INT32 shape { dim { size: 2 } } } device { type: "CPU" vendor: "GenuineIntel" model: "106" frequency: 2600 num_cores: 128 environment { key: "cpu_instruction_set" value: "AVX SSE, SSE2, SSE3, SSSE3, SSE4.1, SSE4.2" } environment { key: "eigen" value: "3.4.90" } l1_cache_size: 49152 l2_cache_size: 1310720 l3_cache_size: 50331648 memory_size: 268435456 } outputs { dtype: DT_FLOAT shape { dim { size: -2 } dim { size: -5 } dim { size: -6 } dim { size: -4 } } }
W0000 00:00:1790576079.205267   47684 op_level_cost_estimator.cc:699] Error in PredictCost() for the op: op: "CropAndResize" attr { key: "T" value { type: DT_FLOAT } } attr { key: "extrapolation_value" value { f: 0 } } attr { key: "method" value { s: "bilinear" } } inputs { dtype: DT_FLOAT shape { dim { size: 1 } dim { size: 224 } dim { size: 224 } dim { size: -4 } } } inputs { dtype: DT_FLOAT shape { dim { size: -2 } dim { size: 4 } } } inputs { dtype: DT_INT32 shape { dim { size: -2 } } } inputs { dtype: DT_INT32 shape { dim { size: 2 } } } device { type: "CPU" vendor: "GenuineIntel" model: "106" frequency: 2600 num_cores: 128 environment { key: "cpu_instruction_set" value: "AVX SSE, SSE2, SSE3, SSSE3, SSE4.1, SSE4.2" } environment { key: "eigen" value: "3.4.90" } l1_cache_size: 49152 l2_cache_size: 1310720 l3_cache_size: 50331648 memory_size: 268435456 } outputs { dtype: DT_FLOAT shape { dim { size: -2 } dim { size: -5 } dim { size: -6 } dim { size: -4 } } }
W0000 00:00:1790576079.205308   47689 op_level_cost_estimator.cc:699] Error in PredictCost() for the op: op: "CropAndResize" attr { key: "T" value { type: DT_FLOAT } } attr { key: "extrapolation_value" value { f: 0 } } attr { key: "method" value { s: "bilinear" } } inputs { dtype: DT_FLOAT shape { dim { size: 1 } dim { size: 224 } dim { size: 224 } dim { size: -4 } } } inputs { dtype: DT_FLOAT shape { dim { size: -2 } dim { size: 4 } } } inputs { dtype: DT_INT32 shape { dim { size: -2 } } } inputs { dtype: DT_INT32 shape { dim { size: 2 } } } device { type: "CPU" vendor: "GenuineIntel" model: "106" frequency: 2600 num_cores: 128 environment { key: "cpu_instruction_set" value: "AVX SSE, SSE2, SSE3, SSSE3, SSE4.1, SSE4.2" } environment { key: "eigen" value: "3.4.90" } l1_cache_size: 49152 l2_cache_size: 1310720 l3_cache_size: 50331648 memory_size: 268435456 } outputs { dtype: DT_FLOAT shape { dim { size: -2 } dim { size: -5 } dim { size: -6 } dim { size: -4 } } }
W0000 00:00:1790576079.208518   47685 op_level_cost_estimator.cc:699] Error in PredictCost() for the op: op: "CropAndResize" attr { key: "T" value { type: DT_FLOAT } } attr { key: "extrapolation_value" value { f: 0 } } attr { key: "method" value { s: "bilinear" } } inputs { dtype: DT_FLOAT shape { dim { size: 1 } dim { size: 224 } dim { size: 224 } dim { size: -4 } } } inputs { dtype: DT_FLOAT shape { dim { size: -2 } dim { size: 4 } } } inputs { dtype: DT_INT32 shape { dim { size: -2 } } } inputs { dtype: DT_INT32 shape { dim { size: 2 } } } device { type: "CPU" vendor: "GenuineIntel" model: "106" frequency: 2600 num_cores: 128 environment { key: "cpu_instruction_set" value: "AVX SSE, SSE2, SSE3, SSSE3, SSE4.1, SSE4.2" } environment { key: "eigen" value: "3.4.90" } l1_cache_size: 49152 l2_cache_size: 1310720 l3_cache_size: 50331648 memory_size: 268435456 } outputs { dtype: DT_FLOAT shape { dim { size: -2 } dim { size: -5 } dim { size: -6 } dim { size: -4 } } }
W0000 00:00:1790576079.209617   47697 op_level_cost_estimator.cc:699] Error in PredictCost() for the op: op: "CropAndResize" attr { key: "T" value { type: DT_FLOAT } } attr { key: "extrapolation_value" value { f: 0 } } attr { key: "method" value { s: "bilinear" } } inputs { dtype: DT_FLOAT shape { dim { size: 1 } dim { size: 224 } dim { size: 224 } dim { size: -4 } } } inputs { dtype: DT_FLOAT shape { dim { size: -2 } dim { size: 4 } } } inputs { dtype: DT_INT32 shape { dim { size: -2 } } } inputs { dtype: DT_INT32 shape { dim { size: 2 } } } device { type: "CPU" vendor: "GenuineIntel" model: "106" frequency: 2600 num_cores: 128 environment { key: "cpu_instruction_set" value: "AVX SSE, SSE2, SSE3, SSSE3, SSE4.1, SSE4.2" } environment { key: "eigen" value: "3.4.90" } l1_cache_size: 49152 l2_cache_size: 1310720 l3_cache_size: 50331648 memory_size: 268435456 } outputs { dtype: DT_FLOAT shape { dim { size: -2 } dim { size: -5 } dim { size: -6 } dim { size: -4 } } }
W0000 00:00:1790576079.211815   47698 op_level_cost_estimator.cc:699] Error in PredictCost() for the op: op: "CropAndResize" attr { key: "T" value { type: DT_FLOAT } } attr { key: "extrapolation_value" value { f: 0 } } attr { key: "method" value { s: "bilinear" } } inputs { dtype: DT_FLOAT shape { dim { size: 1 } dim { size: 224 } dim { size: 224 } dim { size: -4 } } } inputs { dtype: DT_FLOAT shape { dim { size: -2 } dim { size: 4 } } } inputs { dtype: DT_INT32 shape { dim { size: -2 } } } inputs { dtype: DT_INT32 shape { dim { size: 2 } } } device { type: "CPU" vendor: "GenuineIntel" model: "106" frequency: 2600 num_cores: 128 environment { key: "cpu_instruction_set" value: "AVX SSE, SSE2, SSE3, SSSE3, SSE4.1, SSE4.2" } environment { key: "eigen" value: "3.4.90" } l1_cache_size: 49152 l2_cache_size: 1310720 l3_cache_size: 50331648 memory_size: 268435456 } outputs { dtype: DT_FLOAT shape { dim { size: -2 } dim { size: -5 } dim { size: -6 } dim { size: -4 } } }
2026-09-28 14:14:41.981065: I tensorflow/core/kernels/data/shuffle_dataset_op.cc:422] ShuffleDatasetV3:40: Filling up shuffle buffer (this may take a while): 120221 of 128000
2026-09-28 14:14:41.991765: I tensorflow/core/kernels/data/shuffle_dataset_op.cc:422] ShuffleDatasetV3:40: Filling up shuffle buffer (this may take a while): 120013 of 128000
2026-09-28 14:14:49.273116: I tensorflow/core/kernels/data/shuffle_dataset_op.cc:452] Shuffle buffer filled.
WARNING: All log messages before absl::InitializeLog() is called are written to STDERR
W0000 00:00:1790576089.453390   47783 op_level_cost_estimator.cc:699] Error in PredictCost() for the op: op: "CropAndResize" attr { key: "T" value { type: DT_FLOAT } } attr { key: "extrapolation_value" value { f: 0 } } attr { key: "method" value { s: "bilinear" } } inputs { dtype: DT_FLOAT shape { dim { size: 1 } dim { size: 224 } dim { size: 224 } dim { size: -4 } } } inputs { dtype: DT_FLOAT shape { dim { size: -2 } dim { size: 4 } } } inputs { dtype: DT_INT32 shape { dim { size: -2 } } } inputs { dtype: DT_INT32 shape { dim { size: 2 } } } device { type: "CPU" vendor: "GenuineIntel" model: "106" frequency: 2600 num_cores: 128 environment { key: "cpu_instruction_set" value: "AVX SSE, SSE2, SSE3, SSSE3, SSE4.1, SSE4.2" } environment { key: "eigen" value: "3.4.90" } l1_cache_size: 49152 l2_cache_size: 1310720 l3_cache_size: 50331648 memory_size: 268435456 } outputs { dtype: DT_FLOAT shape { dim { size: -2 } dim { size: -5 } dim { size: -6 } dim { size: -4 } } }
W0000 00:00:1790576089.456572   47782 op_level_cost_estimator.cc:699] Error in PredictCost() for the op: op: "CropAndResize" attr { key: "T" value { type: DT_FLOAT } } attr { key: "extrapolation_value" value { f: 0 } } attr { key: "method" value { s: "bilinear" } } inputs { dtype: DT_FLOAT shape { dim { size: 1 } dim { size: 224 } dim { size: 224 } dim { size: -4 } } } inputs { dtype: DT_FLOAT shape { dim { size: -2 } dim { size: 4 } } } inputs { dtype: DT_INT32 shape { dim { size: -2 } } } inputs { dtype: DT_INT32 shape { dim { size: 2 } } } device { type: "CPU" vendor: "GenuineIntel" model: "106" frequency: 2600 num_cores: 128 environment { key: "cpu_instruction_set" value: "AVX SSE, SSE2, SSE3, SSSE3, SSE4.1, SSE4.2" } environment { key: "eigen" value: "3.4.90" } l1_cache_size: 49152 l2_cache_size: 1310720 l3_cache_size: 50331648 memory_size: 268435456 } outputs { dtype: DT_FLOAT shape { dim { size: -2 } dim { size: -5 } dim { size: -6 } dim { size: -4 } } }
W0000 00:00:1790576089.459925   47794 op_level_cost_estimator.cc:699] Error in PredictCost() for the op: op: "CropAndResize" attr { key: "T" value { type: DT_FLOAT } } attr { key: "extrapolation_value" value { f: 0 } } attr { key: "method" value { s: "bilinear" } } inputs { dtype: DT_FLOAT shape { dim { size: 1 } dim { size: 224 } dim { size: 224 } dim { size: -4 } } } inputs { dtype: DT_FLOAT shape { dim { size: -2 } dim { size: 4 } } } inputs { dtype: DT_INT32 shape { dim { size: -2 } } } inputs { dtype: DT_INT32 shape { dim { size: 2 } } } device { type: "CPU" vendor: "GenuineIntel" model: "106" frequency: 2600 num_cores: 128 environment { key: "cpu_instruction_set" value: "AVX SSE, SSE2, SSE3, SSSE3, SSE4.1, SSE4.2" } environment { key: "eigen" value: "3.4.90" } l1_cache_size: 49152 l2_cache_size: 1310720 l3_cache_size: 50331648 memory_size: 268435456 } outputs { dtype: DT_FLOAT shape { dim { size: -2 } dim { size: -5 } dim { size: -6 } dim { size: -4 } } }
W0000 00:00:1790576089.463568   47787 op_level_cost_estimator.cc:699] Error in PredictCost() for the op: op: "CropAndResize" attr { key: "T" value { type: DT_FLOAT } } attr { key: "extrapolation_value" value { f: 0 } } attr { key: "method" value { s: "bilinear" } } inputs { dtype: DT_FLOAT shape { dim { size: 1 } dim { size: 224 } dim { size: 224 } dim { size: -4 } } } inputs { dtype: DT_FLOAT shape { dim { size: -2 } dim { size: 4 } } } inputs { dtype: DT_INT32 shape { dim { size: -2 } } } inputs { dtype: DT_INT32 shape { dim { size: 2 } } } device { type: "CPU" vendor: "GenuineIntel" model: "106" frequency: 2600 num_cores: 128 environment { key: "cpu_instruction_set" value: "AVX SSE, SSE2, SSE3, SSSE3, SSE4.1, SSE4.2" } environment { key: "eigen" value: "3.4.90" } l1_cache_size: 49152 l2_cache_size: 1310720 l3_cache_size: 50331648 memory_size: 268435456 } outputs { dtype: DT_FLOAT shape { dim { size: -2 } dim { size: -5 } dim { size: -6 } dim { size: -4 } } }
W0000 00:00:1790576089.463569   47790 op_level_cost_estimator.cc:699] Error in PredictCost() for the op: op: "CropAndResize" attr { key: "T" value { type: DT_FLOAT } } attr { key: "extrapolation_value" value { f: 0 } } attr { key: "method" value { s: "bilinear" } } inputs { dtype: DT_FLOAT shape { dim { size: 1 } dim { size: 224 } dim { size: 224 } dim { size: -4 } } } inputs { dtype: DT_FLOAT shape { dim { size: -2 } dim { size: 4 } } } inputs { dtype: DT_INT32 shape { dim { size: -2 } } } inputs { dtype: DT_INT32 shape { dim { size: 2 } } } device { type: "CPU" vendor: "GenuineIntel" model: "106" frequency: 2600 num_cores: 128 environment { key: "cpu_instruction_set" value: "AVX SSE, SSE2, SSE3, SSSE3, SSE4.1, SSE4.2" } environment { key: "eigen" value: "3.4.90" } l1_cache_size: 49152 l2_cache_size: 1310720 l3_cache_size: 50331648 memory_size: 268435456 } outputs { dtype: DT_FLOAT shape { dim { size: -2 } dim { size: -5 } dim { size: -6 } dim { size: -4 } } }
W0000 00:00:1790576089.464257   47795 op_level_cost_estimator.cc:699] Error in PredictCost() for the op: op: "CropAndResize" attr { key: "T" value { type: DT_FLOAT } } attr { key: "extrapolation_value" value { f: 0 } } attr { key: "method" value { s: "bilinear" } } inputs { dtype: DT_FLOAT shape { dim { size: 1 } dim { size: 224 } dim { size: 224 } dim { size: -4 } } } inputs { dtype: DT_FLOAT shape { dim { size: -2 } dim { size: 4 } } } inputs { dtype: DT_INT32 shape { dim { size: -2 } } } inputs { dtype: DT_INT32 shape { dim { size: 2 } } } device { type: "CPU" vendor: "GenuineIntel" model: "106" frequency: 2600 num_cores: 128 environment { key: "cpu_instruction_set" value: "AVX SSE, SSE2, SSE3, SSSE3, SSE4.1, SSE4.2" } environment { key: "eigen" value: "3.4.90" } l1_cache_size: 49152 l2_cache_size: 1310720 l3_cache_size: 50331648 memory_size: 268435456 } outputs { dtype: DT_FLOAT shape { dim { size: -2 } dim { size: -5 } dim { size: -6 } dim { size: -4 } } }
W0000 00:00:1790576089.466047   47796 op_level_cost_estimator.cc:699] Error in PredictCost() for the op: op: "CropAndResize" attr { key: "T" value { type: DT_FLOAT } } attr { key: "extrapolation_value" value { f: 0 } } attr { key: "method" value { s: "bilinear" } } inputs { dtype: DT_FLOAT shape { dim { size: 1 } dim { size: 224 } dim { size: 224 } dim { size: -4 } } } inputs { dtype: DT_FLOAT shape { dim { size: -2 } dim { size: 4 } } } inputs { dtype: DT_INT32 shape { dim { size: -2 } } } inputs { dtype: DT_INT32 shape { dim { size: 2 } } } device { type: "CPU" vendor: "GenuineIntel" model: "106" frequency: 2600 num_cores: 128 environment { key: "cpu_instruction_set" value: "AVX SSE, SSE2, SSE3, SSSE3, SSE4.1, SSE4.2" } environment { key: "eigen" value: "3.4.90" } l1_cache_size: 49152 l2_cache_size: 1310720 l3_cache_size: 50331648 memory_size: 268435456 } outputs { dtype: DT_FLOAT shape { dim { size: -2 } dim { size: -5 } dim { size: -6 } dim { size: -4 } } }
W0000 00:00:1790576089.466387   47786 op_level_cost_estimator.cc:699] Error in PredictCost() for the op: op: "CropAndResize" attr { key: "T" value { type: DT_FLOAT } } attr { key: "extrapolation_value" value { f: 0 } } attr { key: "method" value { s: "bilinear" } } inputs { dtype: DT_FLOAT shape { dim { size: 1 } dim { size: 224 } dim { size: 224 } dim { size: -4 } } } inputs { dtype: DT_FLOAT shape { dim { size: -2 } dim { size: 4 } } } inputs { dtype: DT_INT32 shape { dim { size: -2 } } } inputs { dtype: DT_INT32 shape { dim { size: 2 } } } device { type: "CPU" vendor: "GenuineIntel" model: "106" frequency: 2600 num_cores: 128 environment { key: "cpu_instruction_set" value: "AVX SSE, SSE2, SSE3, SSSE3, SSE4.1, SSE4.2" } environment { key: "eigen" value: "3.4.90" } l1_cache_size: 49152 l2_cache_size: 1310720 l3_cache_size: 50331648 memory_size: 268435456 } outputs { dtype: DT_FLOAT shape { dim { size: -2 } dim { size: -5 } dim { size: -6 } dim { size: -4 } } }
W0000 00:00:1790576089.466579   47798 op_level_cost_estimator.cc:699] Error in PredictCost() for the op: op: "CropAndResize" attr { key: "T" value { type: DT_FLOAT } } attr { key: "extrapolation_value" value { f: 0 } } attr { key: "method" value { s: "bilinear" } } inputs { dtype: DT_FLOAT shape { dim { size: 1 } dim { size: 224 } dim { size: 224 } dim { size: -4 } } } inputs { dtype: DT_FLOAT shape { dim { size: -2 } dim { size: 4 } } } inputs { dtype: DT_INT32 shape { dim { size: -2 } } } inputs { dtype: DT_INT32 shape { dim { size: 2 } } } device { type: "CPU" vendor: "GenuineIntel" model: "106" frequency: 2600 num_cores: 128 environment { key: "cpu_instruction_set" value: "AVX SSE, SSE2, SSE3, SSSE3, SSE4.1, SSE4.2" } environment { key: "eigen" value: "3.4.90" } l1_cache_size: 49152 l2_cache_size: 1310720 l3_cache_size: 50331648 memory_size: 268435456 } outputs { dtype: DT_FLOAT shape { dim { size: -2 } dim { size: -5 } dim { size: -6 } dim { size: -4 } } }
W0000 00:00:1790576089.468268   47785 op_level_cost_estimator.cc:699] Error in PredictCost() for the op: op: "CropAndResize" attr { key: "T" value { type: DT_FLOAT } } attr { key: "extrapolation_value" value { f: 0 } } attr { key: "method" value { s: "bilinear" } } inputs { dtype: DT_FLOAT shape { dim { size: 1 } dim { size: 224 } dim { size: 224 } dim { size: -4 } } } inputs { dtype: DT_FLOAT shape { dim { size: -2 } dim { size: 4 } } } inputs { dtype: DT_INT32 shape { dim { size: -2 } } } inputs { dtype: DT_INT32 shape { dim { size: 2 } } } device { type: "CPU" vendor: "GenuineIntel" model: "106" frequency: 2600 num_cores: 128 environment { key: "cpu_instruction_set" value: "AVX SSE, SSE2, SSE3, SSSE3, SSE4.1, SSE4.2" } environment { key: "eigen" value: "3.4.90" } l1_cache_size: 49152 l2_cache_size: 1310720 l3_cache_size: 50331648 memory_size: 268435456 } outputs { dtype: DT_FLOAT shape { dim { size: -2 } dim { size: -5 } dim { size: -6 } dim { size: -4 } } }
W0000 00:00:1790576089.469534   47789 op_level_cost_estimator.cc:699] Error in PredictCost() for the op: op: "CropAndResize" attr { key: "T" value { type: DT_FLOAT } } attr { key: "extrapolation_value" value { f: 0 } } attr { key: "method" value { s: "bilinear" } } inputs { dtype: DT_FLOAT shape { dim { size: 1 } dim { size: 224 } dim { size: 224 } dim { size: -4 } } } inputs { dtype: DT_FLOAT shape { dim { size: -2 } dim { size: 4 } } } inputs { dtype: DT_INT32 shape { dim { size: -2 } } } inputs { dtype: DT_INT32 shape { dim { size: 2 } } } device { type: "CPU" vendor: "GenuineIntel" model: "106" frequency: 2600 num_cores: 128 environment { key: "cpu_instruction_set" value: "AVX SSE, SSE2, SSE3, SSSE3, SSE4.1, SSE4.2" } environment { key: "eigen" value: "3.4.90" } l1_cache_size: 49152 l2_cache_size: 1310720 l3_cache_size: 50331648 memory_size: 268435456 } outputs { dtype: DT_FLOAT shape { dim { size: -2 } dim { size: -5 } dim { size: -6 } dim { size: -4 } } }
W0000 00:00:1790576089.469964   47799 op_level_cost_estimator.cc:699] Error in PredictCost() for the op: op: "CropAndResize" attr { key: "T" value { type: DT_FLOAT } } attr { key: "extrapolation_value" value { f: 0 } } attr { key: "method" value { s: "bilinear" } } inputs { dtype: DT_FLOAT shape { dim { size: 1 } dim { size: 224 } dim { size: 224 } dim { size: -4 } } } inputs { dtype: DT_FLOAT shape { dim { size: -2 } dim { size: 4 } } } inputs { dtype: DT_INT32 shape { dim { size: -2 } } } inputs { dtype: DT_INT32 shape { dim { size: 2 } } } device { type: "CPU" vendor: "GenuineIntel" model: "106" frequency: 2600 num_cores: 128 environment { key: "cpu_instruction_set" value: "AVX SSE, SSE2, SSE3, SSSE3, SSE4.1, SSE4.2" } environment { key: "eigen" value: "3.4.90" } l1_cache_size: 49152 l2_cache_size: 1310720 l3_cache_size: 50331648 memory_size: 268435456 } outputs { dtype: DT_FLOAT shape { dim { size: -2 } dim { size: -5 } dim { size: -6 } dim { size: -4 } } }
W0000 00:00:1790576089.470179   47792 op_level_cost_estimator.cc:699] Error in PredictCost() for the op: op: "CropAndResize" attr { key: "T" value { type: DT_FLOAT } } attr { key: "extrapolation_value" value { f: 0 } } attr { key: "method" value { s: "bilinear" } } inputs { dtype: DT_FLOAT shape { dim { size: 1 } dim { size: 224 } dim { size: 224 } dim { size: -4 } } } inputs { dtype: DT_FLOAT shape { dim { size: -2 } dim { size: 4 } } } inputs { dtype: DT_INT32 shape { dim { size: -2 } } } inputs { dtype: DT_INT32 shape { dim { size: 2 } } } device { type: "CPU" vendor: "GenuineIntel" model: "106" frequency: 2600 num_cores: 128 environment { key: "cpu_instruction_set" value: "AVX SSE, SSE2, SSE3, SSSE3, SSE4.1, SSE4.2" } environment { key: "eigen" value: "3.4.90" } l1_cache_size: 49152 l2_cache_size: 1310720 l3_cache_size: 50331648 memory_size: 268435456 } outputs { dtype: DT_FLOAT shape { dim { size: -2 } dim { size: -5 } dim { size: -6 } dim { size: -4 } } }
W0000 00:00:1790576089.471124   47797 op_level_cost_estimator.cc:699] Error in PredictCost() for the op: op: "CropAndResize" attr { key: "T" value { type: DT_FLOAT } } attr { key: "extrapolation_value" value { f: 0 } } attr { key: "method" value { s: "bilinear" } } inputs { dtype: DT_FLOAT shape { dim { size: 1 } dim { size: 224 } dim { size: 224 } dim { size: -4 } } } inputs { dtype: DT_FLOAT shape { dim { size: -2 } dim { size: 4 } } } inputs { dtype: DT_INT32 shape { dim { size: -2 } } } inputs { dtype: DT_INT32 shape { dim { size: 2 } } } device { type: "CPU" vendor: "GenuineIntel" model: "106" frequency: 2600 num_cores: 128 environment { key: "cpu_instruction_set" value: "AVX SSE, SSE2, SSE3, SSSE3, SSE4.1, SSE4.2" } environment { key: "eigen" value: "3.4.90" } l1_cache_size: 49152 l2_cache_size: 1310720 l3_cache_size: 50331648 memory_size: 268435456 } outputs { dtype: DT_FLOAT shape { dim { size: -2 } dim { size: -5 } dim { size: -6 } dim { size: -4 } } }
W0000 00:00:1790576089.471179   47788 op_level_cost_estimator.cc:699] Error in PredictCost() for the op: op: "CropAndResize" attr { key: "T" value { type: DT_FLOAT } } attr { key: "extrapolation_value" value { f: 0 } } attr { key: "method" value { s: "bilinear" } } inputs { dtype: DT_FLOAT shape { dim { size: 1 } dim { size: 224 } dim { size: 224 } dim { size: -4 } } } inputs { dtype: DT_FLOAT shape { dim { size: -2 } dim { size: 4 } } } inputs { dtype: DT_INT32 shape { dim { size: -2 } } } inputs { dtype: DT_INT32 shape { dim { size: 2 } } } device { type: "CPU" vendor: "GenuineIntel" model: "106" frequency: 2600 num_cores: 128 environment { key: "cpu_instruction_set" value: "AVX SSE, SSE2, SSE3, SSSE3, SSE4.1, SSE4.2" } environment { key: "eigen" value: "3.4.90" } l1_cache_size: 49152 l2_cache_size: 1310720 l3_cache_size: 50331648 memory_size: 268435456 } outputs { dtype: DT_FLOAT shape { dim { size: -2 } dim { size: -5 } dim { size: -6 } dim { size: -4 } } }
W0000 00:00:1790576089.471573   47793 op_level_cost_estimator.cc:699] Error in PredictCost() for the op: op: "CropAndResize" attr { key: "T" value { type: DT_FLOAT } } attr { key: "extrapolation_value" value { f: 0 } } attr { key: "method" value { s: "bilinear" } } inputs { dtype: DT_FLOAT shape { dim { size: 1 } dim { size: 224 } dim { size: 224 } dim { size: -4 } } } inputs { dtype: DT_FLOAT shape { dim { size: -2 } dim { size: 4 } } } inputs { dtype: DT_INT32 shape { dim { size: -2 } } } inputs { dtype: DT_INT32 shape { dim { size: 2 } } } device { type: "CPU" vendor: "GenuineIntel" model: "106" frequency: 2600 num_cores: 128 environment { key: "cpu_instruction_set" value: "AVX SSE, SSE2, SSE3, SSSE3, SSE4.1, SSE4.2" } environment { key: "eigen" value: "3.4.90" } l1_cache_size: 49152 l2_cache_size: 1310720 l3_cache_size: 50331648 memory_size: 268435456 } outputs { dtype: DT_FLOAT shape { dim { size: -2 } dim { size: -5 } dim { size: -6 } dim { size: -4 } } }
2026-09-28 14:14:49.713049: I tensorflow/core/kernels/data/shuffle_dataset_op.cc:452] Shuffle buffer filled.
WARNING: All log messages before absl::InitializeLog() is called are written to STDERR
W0000 00:00:1790576089.882079   47892 op_level_cost_estimator.cc:699] Error in PredictCost() for the op: op: "CropAndResize" attr { key: "T" value { type: DT_FLOAT } } attr { key: "extrapolation_value" value { f: 0 } } attr { key: "method" value { s: "bilinear" } } inputs { dtype: DT_FLOAT shape { dim { size: 1 } dim { size: 224 } dim { size: 224 } dim { size: -4 } } } inputs { dtype: DT_FLOAT shape { dim { size: -2 } dim { size: 4 } } } inputs { dtype: DT_INT32 shape { dim { size: -2 } } } inputs { dtype: DT_INT32 shape { dim { size: 2 } } } device { type: "CPU" vendor: "GenuineIntel" model: "106" frequency: 2600 num_cores: 128 environment { key: "cpu_instruction_set" value: "AVX SSE, SSE2, SSE3, SSSE3, SSE4.1, SSE4.2" } environment { key: "eigen" value: "3.4.90" } l1_cache_size: 49152 l2_cache_size: 1310720 l3_cache_size: 50331648 memory_size: 268435456 } outputs { dtype: DT_FLOAT shape { dim { size: -2 } dim { size: -5 } dim { size: -6 } dim { size: -4 } } }
W0000 00:00:1790576089.882090   47882 op_level_cost_estimator.cc:699] Error in PredictCost() for the op: op: "CropAndResize" attr { key: "T" value { type: DT_FLOAT } } attr { key: "extrapolation_value" value { f: 0 } } attr { key: "method" value { s: "bilinear" } } inputs { dtype: DT_FLOAT shape { dim { size: 1 } dim { size: 224 } dim { size: 224 } dim { size: -4 } } } inputs { dtype: DT_FLOAT shape { dim { size: -2 } dim { size: 4 } } } inputs { dtype: DT_INT32 shape { dim { size: -2 } } } inputs { dtype: DT_INT32 shape { dim { size: 2 } } } device { type: "CPU" vendor: "GenuineIntel" model: "106" frequency: 2600 num_cores: 128 environment { key: "cpu_instruction_set" value: "AVX SSE, SSE2, SSE3, SSSE3, SSE4.1, SSE4.2" } environment { key: "eigen" value: "3.4.90" } l1_cache_size: 49152 l2_cache_size: 1310720 l3_cache_size: 50331648 memory_size: 268435456 } outputs { dtype: DT_FLOAT shape { dim { size: -2 } dim { size: -5 } dim { size: -6 } dim { size: -4 } } }
W0000 00:00:1790576089.882176   47883 op_level_cost_estimator.cc:699] Error in PredictCost() for the op: op: "CropAndResize" attr { key: "T" value { type: DT_FLOAT } } attr { key: "extrapolation_value" value { f: 0 } } attr { key: "method" value { s: "bilinear" } } inputs { dtype: DT_FLOAT shape { dim { size: 1 } dim { size: 224 } dim { size: 224 } dim { size: -4 } } } inputs { dtype: DT_FLOAT shape { dim { size: -2 } dim { size: 4 } } } inputs { dtype: DT_INT32 shape { dim { size: -2 } } } inputs { dtype: DT_INT32 shape { dim { size: 2 } } } device { type: "CPU" vendor: "GenuineIntel" model: "106" frequency: 2600 num_cores: 128 environment { key: "cpu_instruction_set" value: "AVX SSE, SSE2, SSE3, SSSE3, SSE4.1, SSE4.2" } environment { key: "eigen" value: "3.4.90" } l1_cache_size: 49152 l2_cache_size: 1310720 l3_cache_size: 50331648 memory_size: 268435456 } outputs { dtype: DT_FLOAT shape { dim { size: -2 } dim { size: -5 } dim { size: -6 } dim { size: -4 } } }
W0000 00:00:1790576089.880863   47878 op_level_cost_estimator.cc:699] Error in PredictCost() for the op: op: "CropAndResize" attr { key: "T" value { type: DT_FLOAT } } attr { key: "extrapolation_value" value { f: 0 } } attr { key: "method" value { s: "bilinear" } } inputs { dtype: DT_FLOAT shape { dim { size: 1 } dim { size: 224 } dim { size: 224 } dim { size: -4 } } } inputs { dtype: DT_FLOAT shape { dim { size: -2 } dim { size: 4 } } } inputs { dtype: DT_INT32 shape { dim { size: -2 } } } inputs { dtype: DT_INT32 shape { dim { size: 2 } } } device { type: "CPU" vendor: "GenuineIntel" model: "106" frequency: 2600 num_cores: 128 environment { key: "cpu_instruction_set" value: "AVX SSE, SSE2, SSE3, SSSE3, SSE4.1, SSE4.2" } environment { key: "eigen" value: "3.4.90" } l1_cache_size: 49152 l2_cache_size: 1310720 l3_cache_size: 50331648 memory_size: 268435456 } outputs { dtype: DT_FLOAT shape { dim { size: -2 } dim { size: -5 } dim { size: -6 } dim { size: -4 } } }
W0000 00:00:1790576089.884953   47890 op_level_cost_estimator.cc:699] Error in PredictCost() for the op: op: "CropAndResize" attr { key: "T" value { type: DT_FLOAT } } attr { key: "extrapolation_value" value { f: 0 } } attr { key: "method" value { s: "bilinear" } } inputs { dtype: DT_FLOAT shape { dim { size: 1 } dim { size: 224 } dim { size: 224 } dim { size: -4 } } } inputs { dtype: DT_FLOAT shape { dim { size: -2 } dim { size: 4 } } } inputs { dtype: DT_INT32 shape { dim { size: -2 } } } inputs { dtype: DT_INT32 shape { dim { size: 2 } } } device { type: "CPU" vendor: "GenuineIntel" model: "106" frequency: 2600 num_cores: 128 environment { key: "cpu_instruction_set" value: "AVX SSE, SSE2, SSE3, SSSE3, SSE4.1, SSE4.2" } environment { key: "eigen" value: "3.4.90" } l1_cache_size: 49152 l2_cache_size: 1310720 l3_cache_size: 50331648 memory_size: 268435456 } outputs { dtype: DT_FLOAT shape { dim { size: -2 } dim { size: -5 } dim { size: -6 } dim { size: -4 } } }
W0000 00:00:1790576089.885084   47888 op_level_cost_estimator.cc:699] Error in PredictCost() for the op: op: "CropAndResize" attr { key: "T" value { type: DT_FLOAT } } attr { key: "extrapolation_value" value { f: 0 } } attr { key: "method" value { s: "bilinear" } } inputs { dtype: DT_FLOAT shape { dim { size: 1 } dim { size: 224 } dim { size: 224 } dim { size: -4 } } } inputs { dtype: DT_FLOAT shape { dim { size: -2 } dim { size: 4 } } } inputs { dtype: DT_INT32 shape { dim { size: -2 } } } inputs { dtype: DT_INT32 shape { dim { size: 2 } } } device { type: "CPU" vendor: "GenuineIntel" model: "106" frequency: 2600 num_cores: 128 environment { key: "cpu_instruction_set" value: "AVX SSE, SSE2, SSE3, SSSE3, SSE4.1, SSE4.2" } environment { key: "eigen" value: "3.4.90" } l1_cache_size: 49152 l2_cache_size: 1310720 l3_cache_size: 50331648 memory_size: 268435456 } outputs { dtype: DT_FLOAT shape { dim { size: -2 } dim { size: -5 } dim { size: -6 } dim { size: -4 } } }
W0000 00:00:1790576089.885811   47880 op_level_cost_estimator.cc:699] Error in PredictCost() for the op: op: "CropAndResize" attr { key: "T" value { type: DT_FLOAT } } attr { key: "extrapolation_value" value { f: 0 } } attr { key: "method" value { s: "bilinear" } } inputs { dtype: DT_FLOAT shape { dim { size: 1 } dim { size: 224 } dim { size: 224 } dim { size: -4 } } } inputs { dtype: DT_FLOAT shape { dim { size: -2 } dim { size: 4 } } } inputs { dtype: DT_INT32 shape { dim { size: -2 } } } inputs { dtype: DT_INT32 shape { dim { size: 2 } } } device { type: "CPU" vendor: "GenuineIntel" model: "106" frequency: 2600 num_cores: 128 environment { key: "cpu_instruction_set" value: "AVX SSE, SSE2, SSE3, SSSE3, SSE4.1, SSE4.2" } environment { key: "eigen" value: "3.4.90" } l1_cache_size: 49152 l2_cache_size: 1310720 l3_cache_size: 50331648 memory_size: 268435456 } outputs { dtype: DT_FLOAT shape { dim { size: -2 } dim { size: -5 } dim { size: -6 } dim { size: -4 } } }
W0000 00:00:1790576089.888689   47881 op_level_cost_estimator.cc:699] Error in PredictCost() for the op: op: "CropAndResize" attr { key: "T" value { type: DT_FLOAT } } attr { key: "extrapolation_value" value { f: 0 } } attr { key: "method" value { s: "bilinear" } } inputs { dtype: DT_FLOAT shape { dim { size: 1 } dim { size: 224 } dim { size: 224 } dim { size: -4 } } } inputs { dtype: DT_FLOAT shape { dim { size: -2 } dim { size: 4 } } } inputs { dtype: DT_INT32 shape { dim { size: -2 } } } inputs { dtype: DT_INT32 shape { dim { size: 2 } } } device { type: "CPU" vendor: "GenuineIntel" model: "106" frequency: 2600 num_cores: 128 environment { key: "cpu_instruction_set" value: "AVX SSE, SSE2, SSE3, SSSE3, SSE4.1, SSE4.2" } environment { key: "eigen" value: "3.4.90" } l1_cache_size: 49152 l2_cache_size: 1310720 l3_cache_size: 50331648 memory_size: 268435456 } outputs { dtype: DT_FLOAT shape { dim { size: -2 } dim { size: -5 } dim { size: -6 } dim { size: -4 } } }
W0000 00:00:1790576089.888780   47885 op_level_cost_estimator.cc:699] Error in PredictCost() for the op: op: "CropAndResize" attr { key: "T" value { type: DT_FLOAT } } attr { key: "extrapolation_value" value { f: 0 } } attr { key: "method" value { s: "bilinear" } } inputs { dtype: DT_FLOAT shape { dim { size: 1 } dim { size: 224 } dim { size: 224 } dim { size: -4 } } } inputs { dtype: DT_FLOAT shape { dim { size: -2 } dim { size: 4 } } } inputs { dtype: DT_INT32 shape { dim { size: -2 } } } inputs { dtype: DT_INT32 shape { dim { size: 2 } } } device { type: "CPU" vendor: "GenuineIntel" model: "106" frequency: 2600 num_cores: 128 environment { key: "cpu_instruction_set" value: "AVX SSE, SSE2, SSE3, SSSE3, SSE4.1, SSE4.2" } environment { key: "eigen" value: "3.4.90" } l1_cache_size: 49152 l2_cache_size: 1310720 l3_cache_size: 50331648 memory_size: 268435456 } outputs { dtype: DT_FLOAT shape { dim { size: -2 } dim { size: -5 } dim { size: -6 } dim { size: -4 } } }
W0000 00:00:1790576089.888893   47895 op_level_cost_estimator.cc:699] Error in PredictCost() for the op: op: "CropAndResize" attr { key: "T" value { type: DT_FLOAT } } attr { key: "extrapolation_value" value { f: 0 } } attr { key: "method" value { s: "bilinear" } } inputs { dtype: DT_FLOAT shape { dim { size: 1 } dim { size: 224 } dim { size: 224 } dim { size: -4 } } } inputs { dtype: DT_FLOAT shape { dim { size: -2 } dim { size: 4 } } } inputs { dtype: DT_INT32 shape { dim { size: -2 } } } inputs { dtype: DT_INT32 shape { dim { size: 2 } } } device { type: "CPU" vendor: "GenuineIntel" model: "106" frequency: 2600 num_cores: 128 environment { key: "cpu_instruction_set" value: "AVX SSE, SSE2, SSE3, SSSE3, SSE4.1, SSE4.2" } environment { key: "eigen" value: "3.4.90" } l1_cache_size: 49152 l2_cache_size: 1310720 l3_cache_size: 50331648 memory_size: 268435456 } outputs { dtype: DT_FLOAT shape { dim { size: -2 } dim { size: -5 } dim { size: -6 } dim { size: -4 } } }
W0000 00:00:1790576089.889635   47894 op_level_cost_estimator.cc:699] Error in PredictCost() for the op: op: "CropAndResize" attr { key: "T" value { type: DT_FLOAT } } attr { key: "extrapolation_value" value { f: 0 } } attr { key: "method" value { s: "bilinear" } } inputs { dtype: DT_FLOAT shape { dim { size: 1 } dim { size: 224 } dim { size: 224 } dim { size: -4 } } } inputs { dtype: DT_FLOAT shape { dim { size: -2 } dim { size: 4 } } } inputs { dtype: DT_INT32 shape { dim { size: -2 } } } inputs { dtype: DT_INT32 shape { dim { size: 2 } } } device { type: "CPU" vendor: "GenuineIntel" model: "106" frequency: 2600 num_cores: 128 environment { key: "cpu_instruction_set" value: "AVX SSE, SSE2, SSE3, SSSE3, SSE4.1, SSE4.2" } environment { key: "eigen" value: "3.4.90" } l1_cache_size: 49152 l2_cache_size: 1310720 l3_cache_size: 50331648 memory_size: 268435456 } outputs { dtype: DT_FLOAT shape { dim { size: -2 } dim { size: -5 } dim { size: -6 } dim { size: -4 } } }
W0000 00:00:1790576089.890147   47887 op_level_cost_estimator.cc:699] Error in PredictCost() for the op: op: "CropAndResize" attr { key: "T" value { type: DT_FLOAT } } attr { key: "extrapolation_value" value { f: 0 } } attr { key: "method" value { s: "bilinear" } } inputs { dtype: DT_FLOAT shape { dim { size: 1 } dim { size: 224 } dim { size: 224 } dim { size: -4 } } } inputs { dtype: DT_FLOAT shape { dim { size: -2 } dim { size: 4 } } } inputs { dtype: DT_INT32 shape { dim { size: -2 } } } inputs { dtype: DT_INT32 shape { dim { size: 2 } } } device { type: "CPU" vendor: "GenuineIntel" model: "106" frequency: 2600 num_cores: 128 environment { key: "cpu_instruction_set" value: "AVX SSE, SSE2, SSE3, SSSE3, SSE4.1, SSE4.2" } environment { key: "eigen" value: "3.4.90" } l1_cache_size: 49152 l2_cache_size: 1310720 l3_cache_size: 50331648 memory_size: 268435456 } outputs { dtype: DT_FLOAT shape { dim { size: -2 } dim { size: -5 } dim { size: -6 } dim { size: -4 } } }
W0000 00:00:1790576089.895751   47879 op_level_cost_estimator.cc:699] Error in PredictCost() for the op: op: "CropAndResize" attr { key: "T" value { type: DT_FLOAT } } attr { key: "extrapolation_value" value { f: 0 } } attr { key: "method" value { s: "bilinear" } } inputs { dtype: DT_FLOAT shape { dim { size: 1 } dim { size: 224 } dim { size: 224 } dim { size: -4 } } } inputs { dtype: DT_FLOAT shape { dim { size: -2 } dim { size: 4 } } } inputs { dtype: DT_INT32 shape { dim { size: -2 } } } inputs { dtype: DT_INT32 shape { dim { size: 2 } } } device { type: "CPU" vendor: "GenuineIntel" model: "106" frequency: 2600 num_cores: 128 environment { key: "cpu_instruction_set" value: "AVX SSE, SSE2, SSE3, SSSE3, SSE4.1, SSE4.2" } environment { key: "eigen" value: "3.4.90" } l1_cache_size: 49152 l2_cache_size: 1310720 l3_cache_size: 50331648 memory_size: 268435456 } outputs { dtype: DT_FLOAT shape { dim { size: -2 } dim { size: -5 } dim { size: -6 } dim { size: -4 } } }
W0000 00:00:1790576089.896416   47891 op_level_cost_estimator.cc:699] Error in PredictCost() for the op: op: "CropAndResize" attr { key: "T" value { type: DT_FLOAT } } attr { key: "extrapolation_value" value { f: 0 } } attr { key: "method" value { s: "bilinear" } } inputs { dtype: DT_FLOAT shape { dim { size: 1 } dim { size: 224 } dim { size: 224 } dim { size: -4 } } } inputs { dtype: DT_FLOAT shape { dim { size: -2 } dim { size: 4 } } } inputs { dtype: DT_INT32 shape { dim { size: -2 } } } inputs { dtype: DT_INT32 shape { dim { size: 2 } } } device { type: "CPU" vendor: "GenuineIntel" model: "106" frequency: 2600 num_cores: 128 environment { key: "cpu_instruction_set" value: "AVX SSE, SSE2, SSE3, SSSE3, SSE4.1, SSE4.2" } environment { key: "eigen" value: "3.4.90" } l1_cache_size: 49152 l2_cache_size: 1310720 l3_cache_size: 50331648 memory_size: 268435456 } outputs { dtype: DT_FLOAT shape { dim { size: -2 } dim { size: -5 } dim { size: -6 } dim { size: -4 } } }
W0000 00:00:1790576089.896501   47893 op_level_cost_estimator.cc:699] Error in PredictCost() for the op: op: "CropAndResize" attr { key: "T" value { type: DT_FLOAT } } attr { key: "extrapolation_value" value { f: 0 } } attr { key: "method" value { s: "bilinear" } } inputs { dtype: DT_FLOAT shape { dim { size: 1 } dim { size: 224 } dim { size: 224 } dim { size: -4 } } } inputs { dtype: DT_FLOAT shape { dim { size: -2 } dim { size: 4 } } } inputs { dtype: DT_INT32 shape { dim { size: -2 } } } inputs { dtype: DT_INT32 shape { dim { size: 2 } } } device { type: "CPU" vendor: "GenuineIntel" model: "106" frequency: 2600 num_cores: 128 environment { key: "cpu_instruction_set" value: "AVX SSE, SSE2, SSE3, SSSE3, SSE4.1, SSE4.2" } environment { key: "eigen" value: "3.4.90" } l1_cache_size: 49152 l2_cache_size: 1310720 l3_cache_size: 50331648 memory_size: 268435456 } outputs { dtype: DT_FLOAT shape { dim { size: -2 } dim { size: -5 } dim { size: -6 } dim { size: -4 } } }
W0000 00:00:1790576089.896566   47889 op_level_cost_estimator.cc:699] Error in PredictCost() for the op: op: "CropAndResize" attr { key: "T" value { type: DT_FLOAT } } attr { key: "extrapolation_value" value { f: 0 } } attr { key: "method" value { s: "bilinear" } } inputs { dtype: DT_FLOAT shape { dim { size: 1 } dim { size: 224 } dim { size: 224 } dim { size: -4 } } } inputs { dtype: DT_FLOAT shape { dim { size: -2 } dim { size: 4 } } } inputs { dtype: DT_INT32 shape { dim { size: -2 } } } inputs { dtype: DT_INT32 shape { dim { size: 2 } } } device { type: "CPU" vendor: "GenuineIntel" model: "106" frequency: 2600 num_cores: 128 environment { key: "cpu_instruction_set" value: "AVX SSE, SSE2, SSE3, SSSE3, SSE4.1, SSE4.2" } environment { key: "eigen" value: "3.4.90" } l1_cache_size: 49152 l2_cache_size: 1310720 l3_cache_size: 50331648 memory_size: 268435456 } outputs { dtype: DT_FLOAT shape { dim { size: -2 } dim { size: -5 } dim { size: -6 } dim { size: -4 } } }
2026-09-28 14:14:50.264370: I tensorflow/core/kernels/data/shuffle_dataset_op.cc:452] Shuffle buffer filled.
WARNING: All log messages before absl::InitializeLog() is called are written to STDERR
W0000 00:00:1790576090.428445   47980 op_level_cost_estimator.cc:699] Error in PredictCost() for the op: op: "CropAndResize" attr { key: "T" value { type: DT_FLOAT } } attr { key: "extrapolation_value" value { f: 0 } } attr { key: "method" value { s: "bilinear" } } inputs { dtype: DT_FLOAT shape { dim { size: 1 } dim { size: 224 } dim { size: 224 } dim { size: -4 } } } inputs { dtype: DT_FLOAT shape { dim { size: -2 } dim { size: 4 } } } inputs { dtype: DT_INT32 shape { dim { size: -2 } } } inputs { dtype: DT_INT32 shape { dim { size: 2 } } } device { type: "CPU" vendor: "GenuineIntel" model: "106" frequency: 2600 num_cores: 128 environment { key: "cpu_instruction_set" value: "AVX SSE, SSE2, SSE3, SSSE3, SSE4.1, SSE4.2" } environment { key: "eigen" value: "3.4.90" } l1_cache_size: 49152 l2_cache_size: 1310720 l3_cache_size: 50331648 memory_size: 268435456 } outputs { dtype: DT_FLOAT shape { dim { size: -2 } dim { size: -5 } dim { size: -6 } dim { size: -4 } } }
W0000 00:00:1790576090.429343   47984 op_level_cost_estimator.cc:699] Error in PredictCost() for the op: op: "CropAndResize" attr { key: "T" value { type: DT_FLOAT } } attr { key: "extrapolation_value" value { f: 0 } } attr { key: "method" value { s: "bilinear" } } inputs { dtype: DT_FLOAT shape { dim { size: 1 } dim { size: 224 } dim { size: 224 } dim { size: -4 } } } inputs { dtype: DT_FLOAT shape { dim { size: -2 } dim { size: 4 } } } inputs { dtype: DT_INT32 shape { dim { size: -2 } } } inputs { dtype: DT_INT32 shape { dim { size: 2 } } } device { type: "CPU" vendor: "GenuineIntel" model: "106" frequency: 2600 num_cores: 128 environment { key: "cpu_instruction_set" value: "AVX SSE, SSE2, SSE3, SSSE3, SSE4.1, SSE4.2" } environment { key: "eigen" value: "3.4.90" } l1_cache_size: 49152 l2_cache_size: 1310720 l3_cache_size: 50331648 memory_size: 268435456 } outputs { dtype: DT_FLOAT shape { dim { size: -2 } dim { size: -5 } dim { size: -6 } dim { size: -4 } } }
W0000 00:00:1790576090.430344   47991 op_level_cost_estimator.cc:699] Error in PredictCost() for the op: op: "CropAndResize" attr { key: "T" value { type: DT_FLOAT } } attr { key: "extrapolation_value" value { f: 0 } } attr { key: "method" value { s: "bilinear" } } inputs { dtype: DT_FLOAT shape { dim { size: 1 } dim { size: 224 } dim { size: 224 } dim { size: -4 } } } inputs { dtype: DT_FLOAT shape { dim { size: -2 } dim { size: 4 } } } inputs { dtype: DT_INT32 shape { dim { size: -2 } } } inputs { dtype: DT_INT32 shape { dim { size: 2 } } } device { type: "CPU" vendor: "GenuineIntel" model: "106" frequency: 2600 num_cores: 128 environment { key: "cpu_instruction_set" value: "AVX SSE, SSE2, SSE3, SSSE3, SSE4.1, SSE4.2" } environment { key: "eigen" value: "3.4.90" } l1_cache_size: 49152 l2_cache_size: 1310720 l3_cache_size: 50331648 memory_size: 268435456 } outputs { dtype: DT_FLOAT shape { dim { size: -2 } dim { size: -5 } dim { size: -6 } dim { size: -4 } } }
W0000 00:00:1790576090.430461   47988 op_level_cost_estimator.cc:699] Error in PredictCost() for the op: op: "CropAndResize" attr { key: "T" value { type: DT_FLOAT } } attr { key: "extrapolation_value" value { f: 0 } } attr { key: "method" value { s: "bilinear" } } inputs { dtype: DT_FLOAT shape { dim { size: 1 } dim { size: 224 } dim { size: 224 } dim { size: -4 } } } inputs { dtype: DT_FLOAT shape { dim { size: -2 } dim { size: 4 } } } inputs { dtype: DT_INT32 shape { dim { size: -2 } } } inputs { dtype: DT_INT32 shape { dim { size: 2 } } } device { type: "CPU" vendor: "GenuineIntel" model: "106" frequency: 2600 num_cores: 128 environment { key: "cpu_instruction_set" value: "AVX SSE, SSE2, SSE3, SSSE3, SSE4.1, SSE4.2" } environment { key: "eigen" value: "3.4.90" } l1_cache_size: 49152 l2_cache_size: 1310720 l3_cache_size: 50331648 memory_size: 268435456 } outputs { dtype: DT_FLOAT shape { dim { size: -2 } dim { size: -5 } dim { size: -6 } dim { size: -4 } } }
W0000 00:00:1790576090.430861   47983 op_level_cost_estimator.cc:699] Error in PredictCost() for the op: op: "CropAndResize" attr { key: "T" value { type: DT_FLOAT } } attr { key: "extrapolation_value" value { f: 0 } } attr { key: "method" value { s: "bilinear" } } inputs { dtype: DT_FLOAT shape { dim { size: 1 } dim { size: 224 } dim { size: 224 } dim { size: -4 } } } inputs { dtype: DT_FLOAT shape { dim { size: -2 } dim { size: 4 } } } inputs { dtype: DT_INT32 shape { dim { size: -2 } } } inputs { dtype: DT_INT32 shape { dim { size: 2 } } } device { type: "CPU" vendor: "GenuineIntel" model: "106" frequency: 2600 num_cores: 128 environment { key: "cpu_instruction_set" value: "AVX SSE, SSE2, SSE3, SSSE3, SSE4.1, SSE4.2" } environment { key: "eigen" value: "3.4.90" } l1_cache_size: 49152 l2_cache_size: 1310720 l3_cache_size: 50331648 memory_size: 268435456 } outputs { dtype: DT_FLOAT shape { dim { size: -2 } dim { size: -5 } dim { size: -6 } dim { size: -4 } } }
W0000 00:00:1790576090.434516   47982 op_level_cost_estimator.cc:699] Error in PredictCost() for the op: op: "CropAndResize" attr { key: "T" value { type: DT_FLOAT } } attr { key: "extrapolation_value" value { f: 0 } } attr { key: "method" value { s: "bilinear" } } inputs { dtype: DT_FLOAT shape { dim { size: 1 } dim { size: 224 } dim { size: 224 } dim { size: -4 } } } inputs { dtype: DT_FLOAT shape { dim { size: -2 } dim { size: 4 } } } inputs { dtype: DT_INT32 shape { dim { size: -2 } } } inputs { dtype: DT_INT32 shape { dim { size: 2 } } } device { type: "CPU" vendor: "GenuineIntel" model: "106" frequency: 2600 num_cores: 128 environment { key: "cpu_instruction_set" value: "AVX SSE, SSE2, SSE3, SSSE3, SSE4.1, SSE4.2" } environment { key: "eigen" value: "3.4.90" } l1_cache_size: 49152 l2_cache_size: 1310720 l3_cache_size: 50331648 memory_size: 268435456 } outputs { dtype: DT_FLOAT shape { dim { size: -2 } dim { size: -5 } dim { size: -6 } dim { size: -4 } } }
W0000 00:00:1790576090.434548   47977 op_level_cost_estimator.cc:699] Error in PredictCost() for the op: op: "CropAndResize" attr { key: "T" value { type: DT_FLOAT } } attr { key: "extrapolation_value" value { f: 0 } } attr { key: "method" value { s: "bilinear" } } inputs { dtype: DT_FLOAT shape { dim { size: 1 } dim { size: 224 } dim { size: 224 } dim { size: -4 } } } inputs { dtype: DT_FLOAT shape { dim { size: -2 } dim { size: 4 } } } inputs { dtype: DT_INT32 shape { dim { size: -2 } } } inputs { dtype: DT_INT32 shape { dim { size: 2 } } } device { type: "CPU" vendor: "GenuineIntel" model: "106" frequency: 2600 num_cores: 128 environment { key: "cpu_instruction_set" value: "AVX SSE, SSE2, SSE3, SSSE3, SSE4.1, SSE4.2" } environment { key: "eigen" value: "3.4.90" } l1_cache_size: 49152 l2_cache_size: 1310720 l3_cache_size: 50331648 memory_size: 268435456 } outputs { dtype: DT_FLOAT shape { dim { size: -2 } dim { size: -5 } dim { size: -6 } dim { size: -4 } } }
W0000 00:00:1790576090.436826   47994 op_level_cost_estimator.cc:699] Error in PredictCost() for the op: op: "CropAndResize" attr { key: "T" value { type: DT_FLOAT } } attr { key: "extrapolation_value" value { f: 0 } } attr { key: "method" value { s: "bilinear" } } inputs { dtype: DT_FLOAT shape { dim { size: 1 } dim { size: 224 } dim { size: 224 } dim { size: -4 } } } inputs { dtype: DT_FLOAT shape { dim { size: -2 } dim { size: 4 } } } inputs { dtype: DT_INT32 shape { dim { size: -2 } } } inputs { dtype: DT_INT32 shape { dim { size: 2 } } } device { type: "CPU" vendor: "GenuineIntel" model: "106" frequency: 2600 num_cores: 128 environment { key: "cpu_instruction_set" value: "AVX SSE, SSE2, SSE3, SSSE3, SSE4.1, SSE4.2" } environment { key: "eigen" value: "3.4.90" } l1_cache_size: 49152 l2_cache_size: 1310720 l3_cache_size: 50331648 memory_size: 268435456 } outputs { dtype: DT_FLOAT shape { dim { size: -2 } dim { size: -5 } dim { size: -6 } dim { size: -4 } } }
W0000 00:00:1790576090.439527   47992 op_level_cost_estimator.cc:699] Error in PredictCost() for the op: op: "CropAndResize" attr { key: "T" value { type: DT_FLOAT } } attr { key: "extrapolation_value" value { f: 0 } } attr { key: "method" value { s: "bilinear" } } inputs { dtype: DT_FLOAT shape { dim { size: 1 } dim { size: 224 } dim { size: 224 } dim { size: -4 } } } inputs { dtype: DT_FLOAT shape { dim { size: -2 } dim { size: 4 } } } inputs { dtype: DT_INT32 shape { dim { size: -2 } } } inputs { dtype: DT_INT32 shape { dim { size: 2 } } } device { type: "CPU" vendor: "GenuineIntel" model: "106" frequency: 2600 num_cores: 128 environment { key: "cpu_instruction_set" value: "AVX SSE, SSE2, SSE3, SSSE3, SSE4.1, SSE4.2" } environment { key: "eigen" value: "3.4.90" } l1_cache_size: 49152 l2_cache_size: 1310720 l3_cache_size: 50331648 memory_size: 268435456 } outputs { dtype: DT_FLOAT shape { dim { size: -2 } dim { size: -5 } dim { size: -6 } dim { size: -4 } } }
W0000 00:00:1790576090.439576   47987 op_level_cost_estimator.cc:699] Error in PredictCost() for the op: op: "CropAndResize" attr { key: "T" value { type: DT_FLOAT } } attr { key: "extrapolation_value" value { f: 0 } } attr { key: "method" value { s: "bilinear" } } inputs { dtype: DT_FLOAT shape { dim { size: 1 } dim { size: 224 } dim { size: 224 } dim { size: -4 } } } inputs { dtype: DT_FLOAT shape { dim { size: -2 } dim { size: 4 } } } inputs { dtype: DT_INT32 shape { dim { size: -2 } } } inputs { dtype: DT_INT32 shape { dim { size: 2 } } } device { type: "CPU" vendor: "GenuineIntel" model: "106" frequency: 2600 num_cores: 128 environment { key: "cpu_instruction_set" value: "AVX SSE, SSE2, SSE3, SSSE3, SSE4.1, SSE4.2" } environment { key: "eigen" value: "3.4.90" } l1_cache_size: 49152 l2_cache_size: 1310720 l3_cache_size: 50331648 memory_size: 268435456 } outputs { dtype: DT_FLOAT shape { dim { size: -2 } dim { size: -5 } dim { size: -6 } dim { size: -4 } } }
W0000 00:00:1790576090.439640   47986 op_level_cost_estimator.cc:699] Error in PredictCost() for the op: op: "CropAndResize" attr { key: "T" value { type: DT_FLOAT } } attr { key: "extrapolation_value" value { f: 0 } } attr { key: "method" value { s: "bilinear" } } inputs { dtype: DT_FLOAT shape { dim { size: 1 } dim { size: 224 } dim { size: 224 } dim { size: -4 } } } inputs { dtype: DT_FLOAT shape { dim { size: -2 } dim { size: 4 } } } inputs { dtype: DT_INT32 shape { dim { size: -2 } } } inputs { dtype: DT_INT32 shape { dim { size: 2 } } } device { type: "CPU" vendor: "GenuineIntel" model: "106" frequency: 2600 num_cores: 128 environment { key: "cpu_instruction_set" value: "AVX SSE, SSE2, SSE3, SSSE3, SSE4.1, SSE4.2" } environment { key: "eigen" value: "3.4.90" } l1_cache_size: 49152 l2_cache_size: 1310720 l3_cache_size: 50331648 memory_size: 268435456 } outputs { dtype: DT_FLOAT shape { dim { size: -2 } dim { size: -5 } dim { size: -6 } dim { size: -4 } } }
W0000 00:00:1790576090.443025   47978 op_level_cost_estimator.cc:699] Error in PredictCost() for the op: op: "CropAndResize" attr { key: "T" value { type: DT_FLOAT } } attr { key: "extrapolation_value" value { f: 0 } } attr { key: "method" value { s: "bilinear" } } inputs { dtype: DT_FLOAT shape { dim { size: 1 } dim { size: 224 } dim { size: 224 } dim { size: -4 } } } inputs { dtype: DT_FLOAT shape { dim { size: -2 } dim { size: 4 } } } inputs { dtype: DT_INT32 shape { dim { size: -2 } } } inputs { dtype: DT_INT32 shape { dim { size: 2 } } } device { type: "CPU" vendor: "GenuineIntel" model: "106" frequency: 2600 num_cores: 128 environment { key: "cpu_instruction_set" value: "AVX SSE, SSE2, SSE3, SSSE3, SSE4.1, SSE4.2" } environment { key: "eigen" value: "3.4.90" } l1_cache_size: 49152 l2_cache_size: 1310720 l3_cache_size: 50331648 memory_size: 268435456 } outputs { dtype: DT_FLOAT shape { dim { size: -2 } dim { size: -5 } dim { size: -6 } dim { size: -4 } } }
W0000 00:00:1790576090.443215   47990 op_level_cost_estimator.cc:699] Error in PredictCost() for the op: op: "CropAndResize" attr { key: "T" value { type: DT_FLOAT } } attr { key: "extrapolation_value" value { f: 0 } } attr { key: "method" value { s: "bilinear" } } inputs { dtype: DT_FLOAT shape { dim { size: 1 } dim { size: 224 } dim { size: 224 } dim { size: -4 } } } inputs { dtype: DT_FLOAT shape { dim { size: -2 } dim { size: 4 } } } inputs { dtype: DT_INT32 shape { dim { size: -2 } } } inputs { dtype: DT_INT32 shape { dim { size: 2 } } } device { type: "CPU" vendor: "GenuineIntel" model: "106" frequency: 2600 num_cores: 128 environment { key: "cpu_instruction_set" value: "AVX SSE, SSE2, SSE3, SSSE3, SSE4.1, SSE4.2" } environment { key: "eigen" value: "3.4.90" } l1_cache_size: 49152 l2_cache_size: 1310720 l3_cache_size: 50331648 memory_size: 268435456 } outputs { dtype: DT_FLOAT shape { dim { size: -2 } dim { size: -5 } dim { size: -6 } dim { size: -4 } } }
W0000 00:00:1790576090.445513   47993 op_level_cost_estimator.cc:699] Error in PredictCost() for the op: op: "CropAndResize" attr { key: "T" value { type: DT_FLOAT } } attr { key: "extrapolation_value" value { f: 0 } } attr { key: "method" value { s: "bilinear" } } inputs { dtype: DT_FLOAT shape { dim { size: 1 } dim { size: 224 } dim { size: 224 } dim { size: -4 } } } inputs { dtype: DT_FLOAT shape { dim { size: -2 } dim { size: 4 } } } inputs { dtype: DT_INT32 shape { dim { size: -2 } } } inputs { dtype: DT_INT32 shape { dim { size: 2 } } } device { type: "CPU" vendor: "GenuineIntel" model: "106" frequency: 2600 num_cores: 128 environment { key: "cpu_instruction_set" value: "AVX SSE, SSE2, SSE3, SSSE3, SSE4.1, SSE4.2" } environment { key: "eigen" value: "3.4.90" } l1_cache_size: 49152 l2_cache_size: 1310720 l3_cache_size: 50331648 memory_size: 268435456 } outputs { dtype: DT_FLOAT shape { dim { size: -2 } dim { size: -5 } dim { size: -6 } dim { size: -4 } } }
W0000 00:00:1790576090.445536   47979 op_level_cost_estimator.cc:699] Error in PredictCost() for the op: op: "CropAndResize" attr { key: "T" value { type: DT_FLOAT } } attr { key: "extrapolation_value" value { f: 0 } } attr { key: "method" value { s: "bilinear" } } inputs { dtype: DT_FLOAT shape { dim { size: 1 } dim { size: 224 } dim { size: 224 } dim { size: -4 } } } inputs { dtype: DT_FLOAT shape { dim { size: -2 } dim { size: 4 } } } inputs { dtype: DT_INT32 shape { dim { size: -2 } } } inputs { dtype: DT_INT32 shape { dim { size: 2 } } } device { type: "CPU" vendor: "GenuineIntel" model: "106" frequency: 2600 num_cores: 128 environment { key: "cpu_instruction_set" value: "AVX SSE, SSE2, SSE3, SSSE3, SSE4.1, SSE4.2" } environment { key: "eigen" value: "3.4.90" } l1_cache_size: 49152 l2_cache_size: 1310720 l3_cache_size: 50331648 memory_size: 268435456 } outputs { dtype: DT_FLOAT shape { dim { size: -2 } dim { size: -5 } dim { size: -6 } dim { size: -4 } } }
W0000 00:00:1790576090.445539   47976 op_level_cost_estimator.cc:699] Error in PredictCost() for the op: op: "CropAndResize" attr { key: "T" value { type: DT_FLOAT } } attr { key: "extrapolation_value" value { f: 0 } } attr { key: "method" value { s: "bilinear" } } inputs { dtype: DT_FLOAT shape { dim { size: 1 } dim { size: 224 } dim { size: 224 } dim { size: -4 } } } inputs { dtype: DT_FLOAT shape { dim { size: -2 } dim { size: 4 } } } inputs { dtype: DT_INT32 shape { dim { size: -2 } } } inputs { dtype: DT_INT32 shape { dim { size: 2 } } } device { type: "CPU" vendor: "GenuineIntel" model: "106" frequency: 2600 num_cores: 128 environment { key: "cpu_instruction_set" value: "AVX SSE, SSE2, SSE3, SSSE3, SSE4.1, SSE4.2" } environment { key: "eigen" value: "3.4.90" } l1_cache_size: 49152 l2_cache_size: 1310720 l3_cache_size: 50331648 memory_size: 268435456 } outputs { dtype: DT_FLOAT shape { dim { size: -2 } dim { size: -5 } dim { size: -6 } dim { size: -4 } } }
aibox-ra7f0191d12b-7b895dd899-6c9m7:45651:48044 [1] NCCL INFO Using non-device net plugin version 0
aibox-ra7f0191d12b-7b895dd899-6c9m7:45650:48042 [0] NCCL INFO Using non-device net plugin version 0
aibox-ra7f0191d12b-7b895dd899-6c9m7:45653:48043 [3] NCCL INFO Using non-device net plugin version 0
aibox-ra7f0191d12b-7b895dd899-6c9m7:45650:48042 [0] NCCL INFO Using network IB
aibox-ra7f0191d12b-7b895dd899-6c9m7:45653:48043 [3] NCCL INFO Using network IB
aibox-ra7f0191d12b-7b895dd899-6c9m7:45651:48044 [1] NCCL INFO Using network IB
aibox-ra7f0191d12b-7b895dd899-6c9m7:45652:48045 [2] NCCL INFO Using non-device net plugin version 0
aibox-ra7f0191d12b-7b895dd899-6c9m7:45652:48045 [2] NCCL INFO Using network IB
aibox-ra7f0191d12b-7b895dd899-6c9m7:45651:48044 [1] NCCL INFO bootstrapSplit: rank 1 nranks 4 color 116666945 key 1 prev 0 next 2 - DONE
aibox-ra7f0191d12b-7b895dd899-6c9m7:45650:48042 [0] NCCL INFO bootstrapSplit: rank 0 nranks 4 color 116666945 key 0 prev 3 next 1 - DONE
aibox-ra7f0191d12b-7b895dd899-6c9m7:45653:48043 [3] NCCL INFO bootstrapSplit: rank 3 nranks 4 color 116666945 key 3 prev 2 next 0 - DONE
aibox-ra7f0191d12b-7b895dd899-6c9m7:45651:48044 [1] NCCL INFO comm 0x55b301b425f0 rank 1 nranks 4 cudaDev 1 nvmlDev 1 busId b1000 commId 0x78348b6b49b6bfff - Init START
aibox-ra7f0191d12b-7b895dd899-6c9m7:45650:48042 [0] NCCL INFO comm 0x557ba1bbfbf0 rank 0 nranks 4 cudaDev 0 nvmlDev 0 busId ad000 commId 0x78348b6b49b6bfff - Init START
aibox-ra7f0191d12b-7b895dd899-6c9m7:45652:48045 [2] NCCL INFO bootstrapSplit: rank 2 nranks 4 color 116666945 key 2 prev 1 next 3 - DONE
aibox-ra7f0191d12b-7b895dd899-6c9m7:45653:48043 [3] NCCL INFO comm 0x55b74e4bb8b0 rank 3 nranks 4 cudaDev 3 nvmlDev 3 busId d3000 commId 0x78348b6b49b6bfff - Init START
aibox-ra7f0191d12b-7b895dd899-6c9m7:45652:48045 [2] NCCL INFO comm 0x560a18af1c90 rank 2 nranks 4 cudaDev 2 nvmlDev 2 busId d0000 commId 0x78348b6b49b6bfff - Init START
aibox-ra7f0191d12b-7b895dd899-6c9m7:45652:48045 [2] NCCL INFO === System : maxBw 160.0 totalBw 160.0 ===
aibox-ra7f0191d12b-7b895dd899-6c9m7:45652:48045 [2] NCCL INFO CPU/1 (1/1/2)
aibox-ra7f0191d12b-7b895dd899-6c9m7:45652:48045 [2] NCCL INFO + PCI[24.0] - PCI/A7000 (1000c01010000000)
aibox-ra7f0191d12b-7b895dd899-6c9m7:45652:48045 [2] NCCL INFO               + PCI[24.0] - PCI/AB000 (1000c01010de13b8)
aibox-ra7f0191d12b-7b895dd899-6c9m7:45652:48045 [2] NCCL INFO                             + PCI[24.0] - GPU/AD000 (0)
aibox-ra7f0191d12b-7b895dd899-6c9m7:45652:48045 [2] NCCL INFO                                           + NVL[160.0] - NVS/0
aibox-ra7f0191d12b-7b895dd899-6c9m7:45652:48045 [2] NCCL INFO               + PCI[24.0] - PCI/AF000 (1000c01010de13b8)
aibox-ra7f0191d12b-7b895dd899-6c9m7:45652:48045 [2] NCCL INFO                             + PCI[24.0] - GPU/B1000 (1)
aibox-ra7f0191d12b-7b895dd899-6c9m7:45652:48045 [2] NCCL INFO                                           + NVL[160.0] - NVS/0
aibox-ra7f0191d12b-7b895dd899-6c9m7:45652:48045 [2] NCCL INFO               + PCI[24.0] - NIC/C2000
aibox-ra7f0191d12b-7b895dd899-6c9m7:45652:48045 [2] NCCL INFO + PCI[24.0] - PCI/CA000 (1000c01010000000)
aibox-ra7f0191d12b-7b895dd899-6c9m7:45652:48045 [2] NCCL INFO               + PCI[24.0] - PCI/CE000 (1000c01010de13b8)
aibox-ra7f0191d12b-7b895dd899-6c9m7:45652:48045 [2] NCCL INFO                             + PCI[24.0] - GPU/D0000 (2)
aibox-ra7f0191d12b-7b895dd899-6c9m7:45652:48045 [2] NCCL INFO                                           + NVL[160.0] - NVS/0
aibox-ra7f0191d12b-7b895dd899-6c9m7:45652:48045 [2] NCCL INFO               + PCI[24.0] - PCI/D1000 (1000c01010de13b8)
aibox-ra7f0191d12b-7b895dd899-6c9m7:45652:48045 [2] NCCL INFO                             + PCI[24.0] - GPU/D3000 (3)
aibox-ra7f0191d12b-7b895dd899-6c9m7:45652:48045 [2] NCCL INFO                                           + NVL[160.0] - NVS/0
aibox-ra7f0191d12b-7b895dd899-6c9m7:45652:48045 [2] NCCL INFO               + PCI[24.0] - NIC/DB000
aibox-ra7f0191d12b-7b895dd899-6c9m7:45652:48045 [2] NCCL INFO + SYS[10.0] - CPU/0
aibox-ra7f0191d12b-7b895dd899-6c9m7:45652:48045 [2] NCCL INFO CPU/0 (1/1/2)
aibox-ra7f0191d12b-7b895dd899-6c9m7:45652:48045 [2] NCCL INFO + PCI[24.0] - PCI/4D000 (1000c01010000000)
aibox-ra7f0191d12b-7b895dd899-6c9m7:45652:48045 [2] NCCL INFO               + PCI[24.0] - NIC/5A000
aibox-ra7f0191d12b-7b895dd899-6c9m7:45652:48045 [2] NCCL INFO + PCI[24.0] - PCI/66000 (1000c01010000000)
aibox-ra7f0191d12b-7b895dd899-6c9m7:45652:48045 [2] NCCL INFO               + PCI[24.0] - NIC/73000
aibox-ra7f0191d12b-7b895dd899-6c9m7:45652:48045 [2] NCCL INFO + SYS[10.0] - CPU/1
aibox-ra7f0191d12b-7b895dd899-6c9m7:45652:48045 [2] NCCL INFO ==========================================
aibox-ra7f0191d12b-7b895dd899-6c9m7:45652:48045 [2] NCCL INFO GPU/AD000 :GPU/AD000 (0/5000.000000/LOC) GPU/B1000 (2/160.000000/NVL) GPU/D0000 (2/160.000000/NVL) GPU/D3000 (2/160.000000/NVL) NVS/0 (1/160.000000/NVL) CPU/1 (3/24.000000/PHB) CPU/0 (4/10.000000/SYS) 
aibox-ra7f0191d12b-7b895dd899-6c9m7:45652:48045 [2] NCCL INFO GPU/B1000 :GPU/AD000 (2/160.000000/NVL) GPU/B1000 (0/5000.000000/LOC) GPU/D0000 (2/160.000000/NVL) GPU/D3000 (2/160.000000/NVL) NVS/0 (1/160.000000/NVL) CPU/1 (3/24.000000/PHB) CPU/0 (4/10.000000/SYS) 
aibox-ra7f0191d12b-7b895dd899-6c9m7:45652:48045 [2] NCCL INFO GPU/D0000 :GPU/AD000 (2/160.000000/NVL) GPU/B1000 (2/160.000000/NVL) GPU/D0000 (0/5000.000000/LOC) GPU/D3000 (2/160.000000/NVL) NVS/0 (1/160.000000/NVL) CPU/1 (3/24.000000/PHB) CPU/0 (4/10.000000/SYS) 
aibox-ra7f0191d12b-7b895dd899-6c9m7:45652:48045 [2] NCCL INFO GPU/D3000 :GPU/AD000 (2/160.000000/NVL) GPU/B1000 (2/160.000000/NVL) GPU/D0000 (2/160.000000/NVL) GPU/D3000 (0/5000.000000/LOC) NVS/0 (1/160.000000/NVL) CPU/1 (3/24.000000/PHB) CPU/0 (4/10.000000/SYS) 
aibox-ra7f0191d12b-7b895dd899-6c9m7:45652:48045 [2] NCCL INFO Setting affinity for GPU 2 to ffffffff,00000000,ffffffff,00000000
aibox-ra7f0191d12b-7b895dd899-6c9m7:45652:48045 [2] NCCL INFO NVLS multicast support is not available on dev 2
aibox-ra7f0191d12b-7b895dd899-6c9m7:45652:48045 [2] NCCL INFO Pattern 4, crossNic 0, nChannels 8, bw 20.000000/20.000000, type NVL/PIX, sameChannels 1
aibox-ra7f0191d12b-7b895dd899-6c9m7:45652:48045 [2] NCCL INFO  0 : GPU/0 GPU/1 GPU/2 GPU/3
aibox-ra7f0191d12b-7b895dd899-6c9m7:45652:48045 [2] NCCL INFO  1 : GPU/0 GPU/1 GPU/2 GPU/3
aibox-ra7f0191d12b-7b895dd899-6c9m7:45652:48045 [2] NCCL INFO  2 : GPU/0 GPU/1 GPU/2 GPU/3
aibox-ra7f0191d12b-7b895dd899-6c9m7:45652:48045 [2] NCCL INFO  3 : GPU/0 GPU/1 GPU/2 GPU/3
aibox-ra7f0191d12b-7b895dd899-6c9m7:45652:48045 [2] NCCL INFO  4 : GPU/0 GPU/1 GPU/2 GPU/3
aibox-ra7f0191d12b-7b895dd899-6c9m7:45652:48045 [2] NCCL INFO  5 : GPU/0 GPU/1 GPU/2 GPU/3
aibox-ra7f0191d12b-7b895dd899-6c9m7:45652:48045 [2] NCCL INFO  6 : GPU/0 GPU/1 GPU/2 GPU/3
aibox-ra7f0191d12b-7b895dd899-6c9m7:45652:48045 [2] NCCL INFO  7 : GPU/0 GPU/1 GPU/2 GPU/3
aibox-ra7f0191d12b-7b895dd899-6c9m7:45652:48045 [2] NCCL INFO Pattern 1, crossNic 0, nChannels 8, bw 20.000000/20.000000, type NVL/PIX, sameChannels 1
aibox-ra7f0191d12b-7b895dd899-6c9m7:45652:48045 [2] NCCL INFO  0 : GPU/0 GPU/1 GPU/2 GPU/3
aibox-ra7f0191d12b-7b895dd899-6c9m7:45652:48045 [2] NCCL INFO  1 : GPU/0 GPU/1 GPU/2 GPU/3
aibox-ra7f0191d12b-7b895dd899-6c9m7:45652:48045 [2] NCCL INFO  2 : GPU/0 GPU/1 GPU/2 GPU/3
aibox-ra7f0191d12b-7b895dd899-6c9m7:45652:48045 [2] NCCL INFO  3 : GPU/0 GPU/1 GPU/2 GPU/3
aibox-ra7f0191d12b-7b895dd899-6c9m7:45652:48045 [2] NCCL INFO  4 : GPU/0 GPU/1 GPU/2 GPU/3
aibox-ra7f0191d12b-7b895dd899-6c9m7:45652:48045 [2] NCCL INFO  5 : GPU/0 GPU/1 GPU/2 GPU/3
aibox-ra7f0191d12b-7b895dd899-6c9m7:45652:48045 [2] NCCL INFO  6 : GPU/0 GPU/1 GPU/2 GPU/3
aibox-ra7f0191d12b-7b895dd899-6c9m7:45652:48045 [2] NCCL INFO  7 : GPU/0 GPU/1 GPU/2 GPU/3
aibox-ra7f0191d12b-7b895dd899-6c9m7:45653:48043 [3] NCCL INFO === System : maxBw 160.0 totalBw 160.0 ===
aibox-ra7f0191d12b-7b895dd899-6c9m7:45653:48043 [3] NCCL INFO CPU/1 (1/1/2)
aibox-ra7f0191d12b-7b895dd899-6c9m7:45653:48043 [3] NCCL INFO + PCI[24.0] - PCI/A7000 (1000c01010000000)
aibox-ra7f0191d12b-7b895dd899-6c9m7:45653:48043 [3] NCCL INFO               + PCI[24.0] - PCI/AB000 (1000c01010de13b8)
aibox-ra7f0191d12b-7b895dd899-6c9m7:45653:48043 [3] NCCL INFO                             + PCI[24.0] - GPU/AD000 (0)
aibox-ra7f0191d12b-7b895dd899-6c9m7:45653:48043 [3] NCCL INFO                                           + NVL[160.0] - NVS/0
aibox-ra7f0191d12b-7b895dd899-6c9m7:45653:48043 [3] NCCL INFO               + PCI[24.0] - PCI/AF000 (1000c01010de13b8)
aibox-ra7f0191d12b-7b895dd899-6c9m7:45653:48043 [3] NCCL INFO                             + PCI[24.0] - GPU/B1000 (1)
aibox-ra7f0191d12b-7b895dd899-6c9m7:45653:48043 [3] NCCL INFO                                           + NVL[160.0] - NVS/0
aibox-ra7f0191d12b-7b895dd899-6c9m7:45653:48043 [3] NCCL INFO               + PCI[24.0] - NIC/C2000
aibox-ra7f0191d12b-7b895dd899-6c9m7:45653:48043 [3] NCCL INFO + PCI[24.0] - PCI/CA000 (1000c01010000000)
aibox-ra7f0191d12b-7b895dd899-6c9m7:45653:48043 [3] NCCL INFO               + PCI[24.0] - PCI/CE000 (1000c01010de13b8)
aibox-ra7f0191d12b-7b895dd899-6c9m7:45653:48043 [3] NCCL INFO                             + PCI[24.0] - GPU/D0000 (2)
aibox-ra7f0191d12b-7b895dd899-6c9m7:45653:48043 [3] NCCL INFO                                           + NVL[160.0] - NVS/0
aibox-ra7f0191d12b-7b895dd899-6c9m7:45653:48043 [3] NCCL INFO               + PCI[24.0] - PCI/D1000 (1000c01010de13b8)
aibox-ra7f0191d12b-7b895dd899-6c9m7:45653:48043 [3] NCCL INFO                             + PCI[24.0] - GPU/D3000 (3)
aibox-ra7f0191d12b-7b895dd899-6c9m7:45653:48043 [3] NCCL INFO                                           + NVL[160.0] - NVS/0
aibox-ra7f0191d12b-7b895dd899-6c9m7:45653:48043 [3] NCCL INFO               + PCI[24.0] - NIC/DB000
aibox-ra7f0191d12b-7b895dd899-6c9m7:45653:48043 [3] NCCL INFO + SYS[10.0] - CPU/0
aibox-ra7f0191d12b-7b895dd899-6c9m7:45653:48043 [3] NCCL INFO CPU/0 (1/1/2)
aibox-ra7f0191d12b-7b895dd899-6c9m7:45653:48043 [3] NCCL INFO + PCI[24.0] - PCI/4D000 (1000c01010000000)
aibox-ra7f0191d12b-7b895dd899-6c9m7:45653:48043 [3] NCCL INFO               + PCI[24.0] - NIC/5A000
aibox-ra7f0191d12b-7b895dd899-6c9m7:45653:48043 [3] NCCL INFO + PCI[24.0] - PCI/66000 (1000c01010000000)
aibox-ra7f0191d12b-7b895dd899-6c9m7:45653:48043 [3] NCCL INFO               + PCI[24.0] - NIC/73000
aibox-ra7f0191d12b-7b895dd899-6c9m7:45653:48043 [3] NCCL INFO + SYS[10.0] - CPU/1
aibox-ra7f0191d12b-7b895dd899-6c9m7:45653:48043 [3] NCCL INFO ==========================================
aibox-ra7f0191d12b-7b895dd899-6c9m7:45653:48043 [3] NCCL INFO GPU/AD000 :GPU/AD000 (0/5000.000000/LOC) GPU/B1000 (2/160.000000/NVL) GPU/D0000 (2/160.000000/NVL) GPU/D3000 (2/160.000000/NVL) NVS/0 (1/160.000000/NVL) CPU/1 (3/24.000000/PHB) CPU/0 (4/10.000000/SYS) 
aibox-ra7f0191d12b-7b895dd899-6c9m7:45653:48043 [3] NCCL INFO GPU/B1000 :GPU/AD000 (2/160.000000/NVL) GPU/B1000 (0/5000.000000/LOC) GPU/D0000 (2/160.000000/NVL) GPU/D3000 (2/160.000000/NVL) NVS/0 (1/160.000000/NVL) CPU/1 (3/24.000000/PHB) CPU/0 (4/10.000000/SYS) 
aibox-ra7f0191d12b-7b895dd899-6c9m7:45653:48043 [3] NCCL INFO GPU/D0000 :GPU/AD000 (2/160.000000/NVL) GPU/B1000 (2/160.000000/NVL) GPU/D0000 (0/5000.000000/LOC) GPU/D3000 (2/160.000000/NVL) NVS/0 (1/160.000000/NVL) CPU/1 (3/24.000000/PHB) CPU/0 (4/10.000000/SYS) 
aibox-ra7f0191d12b-7b895dd899-6c9m7:45653:48043 [3] NCCL INFO GPU/D3000 :GPU/AD000 (2/160.000000/NVL) GPU/B1000 (2/160.000000/NVL) GPU/D0000 (2/160.000000/NVL) GPU/D3000 (0/5000.000000/LOC) NVS/0 (1/160.000000/NVL) CPU/1 (3/24.000000/PHB) CPU/0 (4/10.000000/SYS) 
aibox-ra7f0191d12b-7b895dd899-6c9m7:45653:48043 [3] NCCL INFO Setting affinity for GPU 3 to ffffffff,00000000,ffffffff,00000000
aibox-ra7f0191d12b-7b895dd899-6c9m7:45653:48043 [3] NCCL INFO NVLS multicast support is not available on dev 3
aibox-ra7f0191d12b-7b895dd899-6c9m7:45653:48043 [3] NCCL INFO Pattern 4, crossNic 0, nChannels 8, bw 20.000000/20.000000, type NVL/PIX, sameChannels 1
aibox-ra7f0191d12b-7b895dd899-6c9m7:45653:48043 [3] NCCL INFO  0 : GPU/0 GPU/1 GPU/2 GPU/3
aibox-ra7f0191d12b-7b895dd899-6c9m7:45653:48043 [3] NCCL INFO  1 : GPU/0 GPU/1 GPU/2 GPU/3
aibox-ra7f0191d12b-7b895dd899-6c9m7:45653:48043 [3] NCCL INFO  2 : GPU/0 GPU/1 GPU/2 GPU/3
aibox-ra7f0191d12b-7b895dd899-6c9m7:45653:48043 [3] NCCL INFO  3 : GPU/0 GPU/1 GPU/2 GPU/3
aibox-ra7f0191d12b-7b895dd899-6c9m7:45653:48043 [3] NCCL INFO  4 : GPU/0 GPU/1 GPU/2 GPU/3
aibox-ra7f0191d12b-7b895dd899-6c9m7:45653:48043 [3] NCCL INFO  5 : GPU/0 GPU/1 GPU/2 GPU/3
aibox-ra7f0191d12b-7b895dd899-6c9m7:45653:48043 [3] NCCL INFO  6 : GPU/0 GPU/1 GPU/2 GPU/3
aibox-ra7f0191d12b-7b895dd899-6c9m7:45653:48043 [3] NCCL INFO  7 : GPU/0 GPU/1 GPU/2 GPU/3
aibox-ra7f0191d12b-7b895dd899-6c9m7:45653:48043 [3] NCCL INFO Pattern 1, crossNic 0, nChannels 8, bw 20.000000/20.000000, type NVL/PIX, sameChannels 1
aibox-ra7f0191d12b-7b895dd899-6c9m7:45653:48043 [3] NCCL INFO  0 : GPU/0 GPU/1 GPU/2 GPU/3
aibox-ra7f0191d12b-7b895dd899-6c9m7:45653:48043 [3] NCCL INFO  1 : GPU/0 GPU/1 GPU/2 GPU/3
aibox-ra7f0191d12b-7b895dd899-6c9m7:45653:48043 [3] NCCL INFO  2 : GPU/0 GPU/1 GPU/2 GPU/3
aibox-ra7f0191d12b-7b895dd899-6c9m7:45653:48043 [3] NCCL INFO  3 : GPU/0 GPU/1 GPU/2 GPU/3
aibox-ra7f0191d12b-7b895dd899-6c9m7:45653:48043 [3] NCCL INFO  4 : GPU/0 GPU/1 GPU/2 GPU/3
aibox-ra7f0191d12b-7b895dd899-6c9m7:45653:48043 [3] NCCL INFO  5 : GPU/0 GPU/1 GPU/2 GPU/3
aibox-ra7f0191d12b-7b895dd899-6c9m7:45653:48043 [3] NCCL INFO  6 : GPU/0 GPU/1 GPU/2 GPU/3
aibox-ra7f0191d12b-7b895dd899-6c9m7:45653:48043 [3] NCCL INFO  7 : GPU/0 GPU/1 GPU/2 GPU/3
aibox-ra7f0191d12b-7b895dd899-6c9m7:45651:48044 [1] NCCL INFO === System : maxBw 160.0 totalBw 160.0 ===
aibox-ra7f0191d12b-7b895dd899-6c9m7:45651:48044 [1] NCCL INFO CPU/1 (1/1/2)
aibox-ra7f0191d12b-7b895dd899-6c9m7:45651:48044 [1] NCCL INFO + PCI[24.0] - PCI/A7000 (1000c01010000000)
aibox-ra7f0191d12b-7b895dd899-6c9m7:45651:48044 [1] NCCL INFO               + PCI[24.0] - PCI/AB000 (1000c01010de13b8)
aibox-ra7f0191d12b-7b895dd899-6c9m7:45651:48044 [1] NCCL INFO                             + PCI[24.0] - GPU/AD000 (0)
aibox-ra7f0191d12b-7b895dd899-6c9m7:45651:48044 [1] NCCL INFO                                           + NVL[160.0] - NVS/0
aibox-ra7f0191d12b-7b895dd899-6c9m7:45651:48044 [1] NCCL INFO               + PCI[24.0] - PCI/AF000 (1000c01010de13b8)
aibox-ra7f0191d12b-7b895dd899-6c9m7:45651:48044 [1] NCCL INFO                             + PCI[24.0] - GPU/B1000 (1)
aibox-ra7f0191d12b-7b895dd899-6c9m7:45651:48044 [1] NCCL INFO                                           + NVL[160.0] - NVS/0
aibox-ra7f0191d12b-7b895dd899-6c9m7:45651:48044 [1] NCCL INFO               + PCI[24.0] - NIC/C2000
aibox-ra7f0191d12b-7b895dd899-6c9m7:45651:48044 [1] NCCL INFO + PCI[24.0] - PCI/CA000 (1000c01010000000)
aibox-ra7f0191d12b-7b895dd899-6c9m7:45651:48044 [1] NCCL INFO               + PCI[24.0] - PCI/CE000 (1000c01010de13b8)
aibox-ra7f0191d12b-7b895dd899-6c9m7:45651:48044 [1] NCCL INFO                             + PCI[24.0] - GPU/D0000 (2)
aibox-ra7f0191d12b-7b895dd899-6c9m7:45651:48044 [1] NCCL INFO                                           + NVL[160.0] - NVS/0
aibox-ra7f0191d12b-7b895dd899-6c9m7:45651:48044 [1] NCCL INFO               + PCI[24.0] - PCI/D1000 (1000c01010de13b8)
aibox-ra7f0191d12b-7b895dd899-6c9m7:45651:48044 [1] NCCL INFO                             + PCI[24.0] - GPU/D3000 (3)
aibox-ra7f0191d12b-7b895dd899-6c9m7:45651:48044 [1] NCCL INFO                                           + NVL[160.0] - NVS/0
aibox-ra7f0191d12b-7b895dd899-6c9m7:45651:48044 [1] NCCL INFO               + PCI[24.0] - NIC/DB000
aibox-ra7f0191d12b-7b895dd899-6c9m7:45651:48044 [1] NCCL INFO + SYS[10.0] - CPU/0
aibox-ra7f0191d12b-7b895dd899-6c9m7:45651:48044 [1] NCCL INFO CPU/0 (1/1/2)
aibox-ra7f0191d12b-7b895dd899-6c9m7:45651:48044 [1] NCCL INFO + PCI[24.0] - PCI/4D000 (1000c01010000000)
aibox-ra7f0191d12b-7b895dd899-6c9m7:45651:48044 [1] NCCL INFO               + PCI[24.0] - NIC/5A000
aibox-ra7f0191d12b-7b895dd899-6c9m7:45651:48044 [1] NCCL INFO + PCI[24.0] - PCI/66000 (1000c01010000000)
aibox-ra7f0191d12b-7b895dd899-6c9m7:45651:48044 [1] NCCL INFO               + PCI[24.0] - NIC/73000
aibox-ra7f0191d12b-7b895dd899-6c9m7:45651:48044 [1] NCCL INFO + SYS[10.0] - CPU/1
aibox-ra7f0191d12b-7b895dd899-6c9m7:45651:48044 [1] NCCL INFO ==========================================
aibox-ra7f0191d12b-7b895dd899-6c9m7:45651:48044 [1] NCCL INFO GPU/AD000 :GPU/AD000 (0/5000.000000/LOC) GPU/B1000 (2/160.000000/NVL) GPU/D0000 (2/160.000000/NVL) GPU/D3000 (2/160.000000/NVL) NVS/0 (1/160.000000/NVL) CPU/1 (3/24.000000/PHB) CPU/0 (4/10.000000/SYS) 
aibox-ra7f0191d12b-7b895dd899-6c9m7:45651:48044 [1] NCCL INFO GPU/B1000 :GPU/AD000 (2/160.000000/NVL) GPU/B1000 (0/5000.000000/LOC) GPU/D0000 (2/160.000000/NVL) GPU/D3000 (2/160.000000/NVL) NVS/0 (1/160.000000/NVL) CPU/1 (3/24.000000/PHB) CPU/0 (4/10.000000/SYS) 
aibox-ra7f0191d12b-7b895dd899-6c9m7:45651:48044 [1] NCCL INFO GPU/D0000 :GPU/AD000 (2/160.000000/NVL) GPU/B1000 (2/160.000000/NVL) GPU/D0000 (0/5000.000000/LOC) GPU/D3000 (2/160.000000/NVL) NVS/0 (1/160.000000/NVL) CPU/1 (3/24.000000/PHB) CPU/0 (4/10.000000/SYS) 
aibox-ra7f0191d12b-7b895dd899-6c9m7:45651:48044 [1] NCCL INFO GPU/D3000 :GPU/AD000 (2/160.000000/NVL) GPU/B1000 (2/160.000000/NVL) GPU/D0000 (2/160.000000/NVL) GPU/D3000 (0/5000.000000/LOC) NVS/0 (1/160.000000/NVL) CPU/1 (3/24.000000/PHB) CPU/0 (4/10.000000/SYS) 
aibox-ra7f0191d12b-7b895dd899-6c9m7:45651:48044 [1] NCCL INFO Setting affinity for GPU 1 to ffffffff,00000000,ffffffff,00000000
aibox-ra7f0191d12b-7b895dd899-6c9m7:45651:48044 [1] NCCL INFO NVLS multicast support is not available on dev 1
aibox-ra7f0191d12b-7b895dd899-6c9m7:45651:48044 [1] NCCL INFO Pattern 4, crossNic 0, nChannels 8, bw 20.000000/20.000000, type NVL/PIX, sameChannels 1
aibox-ra7f0191d12b-7b895dd899-6c9m7:45651:48044 [1] NCCL INFO  0 : GPU/0 GPU/1 GPU/2 GPU/3
aibox-ra7f0191d12b-7b895dd899-6c9m7:45651:48044 [1] NCCL INFO  1 : GPU/0 GPU/1 GPU/2 GPU/3
aibox-ra7f0191d12b-7b895dd899-6c9m7:45651:48044 [1] NCCL INFO  2 : GPU/0 GPU/1 GPU/2 GPU/3
aibox-ra7f0191d12b-7b895dd899-6c9m7:45651:48044 [1] NCCL INFO  3 : GPU/0 GPU/1 GPU/2 GPU/3
aibox-ra7f0191d12b-7b895dd899-6c9m7:45651:48044 [1] NCCL INFO  4 : GPU/0 GPU/1 GPU/2 GPU/3
aibox-ra7f0191d12b-7b895dd899-6c9m7:45651:48044 [1] NCCL INFO  5 : GPU/0 GPU/1 GPU/2 GPU/3
aibox-ra7f0191d12b-7b895dd899-6c9m7:45651:48044 [1] NCCL INFO  6 : GPU/0 GPU/1 GPU/2 GPU/3
aibox-ra7f0191d12b-7b895dd899-6c9m7:45651:48044 [1] NCCL INFO  7 : GPU/0 GPU/1 GPU/2 GPU/3
aibox-ra7f0191d12b-7b895dd899-6c9m7:45651:48044 [1] NCCL INFO Pattern 1, crossNic 0, nChannels 8, bw 20.000000/20.000000, type NVL/PIX, sameChannels 1
aibox-ra7f0191d12b-7b895dd899-6c9m7:45651:48044 [1] NCCL INFO  0 : GPU/0 GPU/1 GPU/2 GPU/3
aibox-ra7f0191d12b-7b895dd899-6c9m7:45651:48044 [1] NCCL INFO  1 : GPU/0 GPU/1 GPU/2 GPU/3
aibox-ra7f0191d12b-7b895dd899-6c9m7:45651:48044 [1] NCCL INFO  2 : GPU/0 GPU/1 GPU/2 GPU/3
aibox-ra7f0191d12b-7b895dd899-6c9m7:45651:48044 [1] NCCL INFO  3 : GPU/0 GPU/1 GPU/2 GPU/3
aibox-ra7f0191d12b-7b895dd899-6c9m7:45651:48044 [1] NCCL INFO  4 : GPU/0 GPU/1 GPU/2 GPU/3
aibox-ra7f0191d12b-7b895dd899-6c9m7:45651:48044 [1] NCCL INFO  5 : GPU/0 GPU/1 GPU/2 GPU/3
aibox-ra7f0191d12b-7b895dd899-6c9m7:45651:48044 [1] NCCL INFO  6 : GPU/0 GPU/1 GPU/2 GPU/3
aibox-ra7f0191d12b-7b895dd899-6c9m7:45651:48044 [1] NCCL INFO  7 : GPU/0 GPU/1 GPU/2 GPU/3
aibox-ra7f0191d12b-7b895dd899-6c9m7:45650:48042 [0] NCCL INFO === System : maxBw 160.0 totalBw 160.0 ===
aibox-ra7f0191d12b-7b895dd899-6c9m7:45650:48042 [0] NCCL INFO CPU/1 (1/1/2)
aibox-ra7f0191d12b-7b895dd899-6c9m7:45650:48042 [0] NCCL INFO + PCI[24.0] - PCI/A7000 (1000c01010000000)
aibox-ra7f0191d12b-7b895dd899-6c9m7:45650:48042 [0] NCCL INFO               + PCI[24.0] - PCI/AB000 (1000c01010de13b8)
aibox-ra7f0191d12b-7b895dd899-6c9m7:45650:48042 [0] NCCL INFO                             + PCI[24.0] - GPU/AD000 (0)
aibox-ra7f0191d12b-7b895dd899-6c9m7:45650:48042 [0] NCCL INFO                                           + NVL[160.0] - NVS/0
aibox-ra7f0191d12b-7b895dd899-6c9m7:45650:48042 [0] NCCL INFO               + PCI[24.0] - PCI/AF000 (1000c01010de13b8)
aibox-ra7f0191d12b-7b895dd899-6c9m7:45650:48042 [0] NCCL INFO                             + PCI[24.0] - GPU/B1000 (1)
aibox-ra7f0191d12b-7b895dd899-6c9m7:45650:48042 [0] NCCL INFO                                           + NVL[160.0] - NVS/0
aibox-ra7f0191d12b-7b895dd899-6c9m7:45650:48042 [0] NCCL INFO               + PCI[24.0] - NIC/C2000
aibox-ra7f0191d12b-7b895dd899-6c9m7:45650:48042 [0] NCCL INFO + PCI[24.0] - PCI/CA000 (1000c01010000000)
aibox-ra7f0191d12b-7b895dd899-6c9m7:45650:48042 [0] NCCL INFO               + PCI[24.0] - PCI/CE000 (1000c01010de13b8)
aibox-ra7f0191d12b-7b895dd899-6c9m7:45650:48042 [0] NCCL INFO                             + PCI[24.0] - GPU/D0000 (2)
aibox-ra7f0191d12b-7b895dd899-6c9m7:45650:48042 [0] NCCL INFO                                           + NVL[160.0] - NVS/0
aibox-ra7f0191d12b-7b895dd899-6c9m7:45650:48042 [0] NCCL INFO               + PCI[24.0] - PCI/D1000 (1000c01010de13b8)
aibox-ra7f0191d12b-7b895dd899-6c9m7:45650:48042 [0] NCCL INFO                             + PCI[24.0] - GPU/D3000 (3)
aibox-ra7f0191d12b-7b895dd899-6c9m7:45650:48042 [0] NCCL INFO                                           + NVL[160.0] - NVS/0
aibox-ra7f0191d12b-7b895dd899-6c9m7:45650:48042 [0] NCCL INFO               + PCI[24.0] - NIC/DB000
aibox-ra7f0191d12b-7b895dd899-6c9m7:45650:48042 [0] NCCL INFO + SYS[10.0] - CPU/0
aibox-ra7f0191d12b-7b895dd899-6c9m7:45650:48042 [0] NCCL INFO CPU/0 (1/1/2)
aibox-ra7f0191d12b-7b895dd899-6c9m7:45650:48042 [0] NCCL INFO + PCI[24.0] - PCI/4D000 (1000c01010000000)
aibox-ra7f0191d12b-7b895dd899-6c9m7:45650:48042 [0] NCCL INFO               + PCI[24.0] - NIC/5A000
aibox-ra7f0191d12b-7b895dd899-6c9m7:45650:48042 [0] NCCL INFO + PCI[24.0] - PCI/66000 (1000c01010000000)
aibox-ra7f0191d12b-7b895dd899-6c9m7:45650:48042 [0] NCCL INFO               + PCI[24.0] - NIC/73000
aibox-ra7f0191d12b-7b895dd899-6c9m7:45650:48042 [0] NCCL INFO + SYS[10.0] - CPU/1
aibox-ra7f0191d12b-7b895dd899-6c9m7:45650:48042 [0] NCCL INFO ==========================================
aibox-ra7f0191d12b-7b895dd899-6c9m7:45650:48042 [0] NCCL INFO GPU/AD000 :GPU/AD000 (0/5000.000000/LOC) GPU/B1000 (2/160.000000/NVL) GPU/D0000 (2/160.000000/NVL) GPU/D3000 (2/160.000000/NVL) NVS/0 (1/160.000000/NVL) CPU/1 (3/24.000000/PHB) CPU/0 (4/10.000000/SYS) 
aibox-ra7f0191d12b-7b895dd899-6c9m7:45650:48042 [0] NCCL INFO GPU/B1000 :GPU/AD000 (2/160.000000/NVL) GPU/B1000 (0/5000.000000/LOC) GPU/D0000 (2/160.000000/NVL) GPU/D3000 (2/160.000000/NVL) NVS/0 (1/160.000000/NVL) CPU/1 (3/24.000000/PHB) CPU/0 (4/10.000000/SYS) 
aibox-ra7f0191d12b-7b895dd899-6c9m7:45650:48042 [0] NCCL INFO GPU/D0000 :GPU/AD000 (2/160.000000/NVL) GPU/B1000 (2/160.000000/NVL) GPU/D0000 (0/5000.000000/LOC) GPU/D3000 (2/160.000000/NVL) NVS/0 (1/160.000000/NVL) CPU/1 (3/24.000000/PHB) CPU/0 (4/10.000000/SYS) 
aibox-ra7f0191d12b-7b895dd899-6c9m7:45650:48042 [0] NCCL INFO GPU/D3000 :GPU/AD000 (2/160.000000/NVL) GPU/B1000 (2/160.000000/NVL) GPU/D0000 (2/160.000000/NVL) GPU/D3000 (0/5000.000000/LOC) NVS/0 (1/160.000000/NVL) CPU/1 (3/24.000000/PHB) CPU/0 (4/10.000000/SYS) 
aibox-ra7f0191d12b-7b895dd899-6c9m7:45650:48042 [0] NCCL INFO Setting affinity for GPU 0 to ffffffff,00000000,ffffffff,00000000
aibox-ra7f0191d12b-7b895dd899-6c9m7:45650:48042 [0] NCCL INFO NVLS multicast support is not available on dev 0
aibox-ra7f0191d12b-7b895dd899-6c9m7:45650:48042 [0] NCCL INFO Pattern 4, crossNic 0, nChannels 8, bw 20.000000/20.000000, type NVL/PIX, sameChannels 1
aibox-ra7f0191d12b-7b895dd899-6c9m7:45650:48042 [0] NCCL INFO  0 : GPU/0 GPU/1 GPU/2 GPU/3
aibox-ra7f0191d12b-7b895dd899-6c9m7:45650:48042 [0] NCCL INFO  1 : GPU/0 GPU/1 GPU/2 GPU/3
aibox-ra7f0191d12b-7b895dd899-6c9m7:45650:48042 [0] NCCL INFO  2 : GPU/0 GPU/1 GPU/2 GPU/3
aibox-ra7f0191d12b-7b895dd899-6c9m7:45650:48042 [0] NCCL INFO  3 : GPU/0 GPU/1 GPU/2 GPU/3
aibox-ra7f0191d12b-7b895dd899-6c9m7:45650:48042 [0] NCCL INFO  4 : GPU/0 GPU/1 GPU/2 GPU/3
aibox-ra7f0191d12b-7b895dd899-6c9m7:45650:48042 [0] NCCL INFO  5 : GPU/0 GPU/1 GPU/2 GPU/3
aibox-ra7f0191d12b-7b895dd899-6c9m7:45650:48042 [0] NCCL INFO  6 : GPU/0 GPU/1 GPU/2 GPU/3
aibox-ra7f0191d12b-7b895dd899-6c9m7:45650:48042 [0] NCCL INFO  7 : GPU/0 GPU/1 GPU/2 GPU/3
aibox-ra7f0191d12b-7b895dd899-6c9m7:45650:48042 [0] NCCL INFO Pattern 1, crossNic 0, nChannels 8, bw 20.000000/20.000000, type NVL/PIX, sameChannels 1
aibox-ra7f0191d12b-7b895dd899-6c9m7:45650:48042 [0] NCCL INFO  0 : GPU/0 GPU/1 GPU/2 GPU/3
aibox-ra7f0191d12b-7b895dd899-6c9m7:45650:48042 [0] NCCL INFO  1 : GPU/0 GPU/1 GPU/2 GPU/3
aibox-ra7f0191d12b-7b895dd899-6c9m7:45650:48042 [0] NCCL INFO  2 : GPU/0 GPU/1 GPU/2 GPU/3
aibox-ra7f0191d12b-7b895dd899-6c9m7:45650:48042 [0] NCCL INFO  3 : GPU/0 GPU/1 GPU/2 GPU/3
aibox-ra7f0191d12b-7b895dd899-6c9m7:45650:48042 [0] NCCL INFO  4 : GPU/0 GPU/1 GPU/2 GPU/3
aibox-ra7f0191d12b-7b895dd899-6c9m7:45650:48042 [0] NCCL INFO  5 : GPU/0 GPU/1 GPU/2 GPU/3
aibox-ra7f0191d12b-7b895dd899-6c9m7:45650:48042 [0] NCCL INFO  6 : GPU/0 GPU/1 GPU/2 GPU/3
aibox-ra7f0191d12b-7b895dd899-6c9m7:45650:48042 [0] NCCL INFO  7 : GPU/0 GPU/1 GPU/2 GPU/3
aibox-ra7f0191d12b-7b895dd899-6c9m7:45650:48042 [0] NCCL INFO Tree 0 : -1 -> 0 -> 1/-1/-1
aibox-ra7f0191d12b-7b895dd899-6c9m7:45650:48042 [0] NCCL INFO Tree 8 : -1 -> 0 -> 1/-1/-1
aibox-ra7f0191d12b-7b895dd899-6c9m7:45651:48044 [1] NCCL INFO Tree 0 : 0 -> 1 -> 2/-1/-1
aibox-ra7f0191d12b-7b895dd899-6c9m7:45650:48042 [0] NCCL INFO Tree 1 : -1 -> 0 -> 1/-1/-1
aibox-ra7f0191d12b-7b895dd899-6c9m7:45653:48043 [3] NCCL INFO Ring 00 : 2 -> 3 -> 0
aibox-ra7f0191d12b-7b895dd899-6c9m7:45651:48044 [1] NCCL INFO Tree 8 : 0 -> 1 -> 2/-1/-1
aibox-ra7f0191d12b-7b895dd899-6c9m7:45650:48042 [0] NCCL INFO Tree 9 : -1 -> 0 -> 1/-1/-1
aibox-ra7f0191d12b-7b895dd899-6c9m7:45650:48042 [0] NCCL INFO Tree 2 : -1 -> 0 -> 1/-1/-1
aibox-ra7f0191d12b-7b895dd899-6c9m7:45651:48044 [1] NCCL INFO Tree 1 : 0 -> 1 -> 2/-1/-1
aibox-ra7f0191d12b-7b895dd899-6c9m7:45653:48043 [3] NCCL INFO Ring 01 : 2 -> 3 -> 0
aibox-ra7f0191d12b-7b895dd899-6c9m7:45650:48042 [0] NCCL INFO Tree 10 : -1 -> 0 -> 1/-1/-1
aibox-ra7f0191d12b-7b895dd899-6c9m7:45651:48044 [1] NCCL INFO Tree 9 : 0 -> 1 -> 2/-1/-1
aibox-ra7f0191d12b-7b895dd899-6c9m7:45650:48042 [0] NCCL INFO Tree 3 : -1 -> 0 -> 1/-1/-1
aibox-ra7f0191d12b-7b895dd899-6c9m7:45653:48043 [3] NCCL INFO Ring 02 : 2 -> 3 -> 0
aibox-ra7f0191d12b-7b895dd899-6c9m7:45651:48044 [1] NCCL INFO Tree 2 : 0 -> 1 -> 2/-1/-1
aibox-ra7f0191d12b-7b895dd899-6c9m7:45650:48042 [0] NCCL INFO Tree 11 : -1 -> 0 -> 1/-1/-1
aibox-ra7f0191d12b-7b895dd899-6c9m7:45653:48043 [3] NCCL INFO Ring 03 : 2 -> 3 -> 0
aibox-ra7f0191d12b-7b895dd899-6c9m7:45650:48042 [0] NCCL INFO Tree 4 : -1 -> 0 -> 1/-1/-1
aibox-ra7f0191d12b-7b895dd899-6c9m7:45651:48044 [1] NCCL INFO Tree 10 : 0 -> 1 -> 2/-1/-1
aibox-ra7f0191d12b-7b895dd899-6c9m7:45650:48042 [0] NCCL INFO Tree 12 : -1 -> 0 -> 1/-1/-1
aibox-ra7f0191d12b-7b895dd899-6c9m7:45653:48043 [3] NCCL INFO Ring 04 : 2 -> 3 -> 0
aibox-ra7f0191d12b-7b895dd899-6c9m7:45651:48044 [1] NCCL INFO Tree 3 : 0 -> 1 -> 2/-1/-1
aibox-ra7f0191d12b-7b895dd899-6c9m7:45650:48042 [0] NCCL INFO Tree 5 : -1 -> 0 -> 1/-1/-1
aibox-ra7f0191d12b-7b895dd899-6c9m7:45652:48045 [2] NCCL INFO Ring 00 : 1 -> 2 -> 3
aibox-ra7f0191d12b-7b895dd899-6c9m7:45653:48043 [3] NCCL INFO Ring 05 : 2 -> 3 -> 0
aibox-ra7f0191d12b-7b895dd899-6c9m7:45650:48042 [0] NCCL INFO Tree 13 : -1 -> 0 -> 1/-1/-1
aibox-ra7f0191d12b-7b895dd899-6c9m7:45651:48044 [1] NCCL INFO Tree 11 : 0 -> 1 -> 2/-1/-1
aibox-ra7f0191d12b-7b895dd899-6c9m7:45650:48042 [0] NCCL INFO Tree 6 : -1 -> 0 -> 1/-1/-1
aibox-ra7f0191d12b-7b895dd899-6c9m7:45653:48043 [3] NCCL INFO Ring 06 : 2 -> 3 -> 0
aibox-ra7f0191d12b-7b895dd899-6c9m7:45651:48044 [1] NCCL INFO Tree 4 : 0 -> 1 -> 2/-1/-1
aibox-ra7f0191d12b-7b895dd899-6c9m7:45650:48042 [0] NCCL INFO Tree 14 : -1 -> 0 -> 1/-1/-1
aibox-ra7f0191d12b-7b895dd899-6c9m7:45652:48045 [2] NCCL INFO Ring 01 : 1 -> 2 -> 3
aibox-ra7f0191d12b-7b895dd899-6c9m7:45651:48044 [1] NCCL INFO Tree 12 : 0 -> 1 -> 2/-1/-1
aibox-ra7f0191d12b-7b895dd899-6c9m7:45650:48042 [0] NCCL INFO Tree 7 : -1 -> 0 -> 1/-1/-1
aibox-ra7f0191d12b-7b895dd899-6c9m7:45653:48043 [3] NCCL INFO Ring 07 : 2 -> 3 -> 0
aibox-ra7f0191d12b-7b895dd899-6c9m7:45652:48045 [2] NCCL INFO Ring 02 : 1 -> 2 -> 3
aibox-ra7f0191d12b-7b895dd899-6c9m7:45650:48042 [0] NCCL INFO Tree 15 : -1 -> 0 -> 1/-1/-1
aibox-ra7f0191d12b-7b895dd899-6c9m7:45651:48044 [1] NCCL INFO Tree 5 : 0 -> 1 -> 2/-1/-1
aibox-ra7f0191d12b-7b895dd899-6c9m7:45653:48043 [3] NCCL INFO Ring 08 : 2 -> 3 -> 0
aibox-ra7f0191d12b-7b895dd899-6c9m7:45651:48044 [1] NCCL INFO Tree 13 : 0 -> 1 -> 2/-1/-1
aibox-ra7f0191d12b-7b895dd899-6c9m7:45652:48045 [2] NCCL INFO Ring 03 : 1 -> 2 -> 3
aibox-ra7f0191d12b-7b895dd899-6c9m7:45653:48043 [3] NCCL INFO Ring 09 : 2 -> 3 -> 0
aibox-ra7f0191d12b-7b895dd899-6c9m7:45650:48042 [0] NCCL INFO Channel 00/16 :    0   1   2   3
aibox-ra7f0191d12b-7b895dd899-6c9m7:45651:48044 [1] NCCL INFO Tree 6 : 0 -> 1 -> 2/-1/-1
aibox-ra7f0191d12b-7b895dd899-6c9m7:45652:48045 [2] NCCL INFO Ring 04 : 1 -> 2 -> 3
aibox-ra7f0191d12b-7b895dd899-6c9m7:45653:48043 [3] NCCL INFO Ring 10 : 2 -> 3 -> 0
aibox-ra7f0191d12b-7b895dd899-6c9m7:45650:48042 [0] NCCL INFO Channel 01/16 :    0   1   2   3
aibox-ra7f0191d12b-7b895dd899-6c9m7:45651:48044 [1] NCCL INFO Tree 14 : 0 -> 1 -> 2/-1/-1
aibox-ra7f0191d12b-7b895dd899-6c9m7:45652:48045 [2] NCCL INFO Ring 05 : 1 -> 2 -> 3
aibox-ra7f0191d12b-7b895dd899-6c9m7:45650:48042 [0] NCCL INFO Channel 02/16 :    0   1   2   3
aibox-ra7f0191d12b-7b895dd899-6c9m7:45653:48043 [3] NCCL INFO Ring 11 : 2 -> 3 -> 0
aibox-ra7f0191d12b-7b895dd899-6c9m7:45651:48044 [1] NCCL INFO Tree 7 : 0 -> 1 -> 2/-1/-1
aibox-ra7f0191d12b-7b895dd899-6c9m7:45652:48045 [2] NCCL INFO Ring 06 : 1 -> 2 -> 3
aibox-ra7f0191d12b-7b895dd899-6c9m7:45650:48042 [0] NCCL INFO Channel 03/16 :    0   1   2   3
aibox-ra7f0191d12b-7b895dd899-6c9m7:45651:48044 [1] NCCL INFO Tree 15 : 0 -> 1 -> 2/-1/-1
aibox-ra7f0191d12b-7b895dd899-6c9m7:45653:48043 [3] NCCL INFO Ring 12 : 2 -> 3 -> 0
aibox-ra7f0191d12b-7b895dd899-6c9m7:45652:48045 [2] NCCL INFO Ring 07 : 1 -> 2 -> 3
aibox-ra7f0191d12b-7b895dd899-6c9m7:45650:48042 [0] NCCL INFO Channel 04/16 :    0   1   2   3
aibox-ra7f0191d12b-7b895dd899-6c9m7:45653:48043 [3] NCCL INFO Ring 13 : 2 -> 3 -> 0
aibox-ra7f0191d12b-7b895dd899-6c9m7:45650:48042 [0] NCCL INFO Channel 05/16 :    0   1   2   3
aibox-ra7f0191d12b-7b895dd899-6c9m7:45652:48045 [2] NCCL INFO Ring 08 : 1 -> 2 -> 3
aibox-ra7f0191d12b-7b895dd899-6c9m7:45653:48043 [3] NCCL INFO Ring 14 : 2 -> 3 -> 0
aibox-ra7f0191d12b-7b895dd899-6c9m7:45650:48042 [0] NCCL INFO Channel 06/16 :    0   1   2   3
aibox-ra7f0191d12b-7b895dd899-6c9m7:45652:48045 [2] NCCL INFO Ring 09 : 1 -> 2 -> 3
aibox-ra7f0191d12b-7b895dd899-6c9m7:45650:48042 [0] NCCL INFO Channel 07/16 :    0   1   2   3
aibox-ra7f0191d12b-7b895dd899-6c9m7:45653:48043 [3] NCCL INFO Ring 15 : 2 -> 3 -> 0
aibox-ra7f0191d12b-7b895dd899-6c9m7:45651:48044 [1] NCCL INFO Ring 00 : 0 -> 1 -> 2
aibox-ra7f0191d12b-7b895dd899-6c9m7:45652:48045 [2] NCCL INFO Ring 10 : 1 -> 2 -> 3
aibox-ra7f0191d12b-7b895dd899-6c9m7:45650:48042 [0] NCCL INFO Channel 08/16 :    0   1   2   3
aibox-ra7f0191d12b-7b895dd899-6c9m7:45653:48043 [3] NCCL INFO Trees [0] -1/-1/-1->3->2 [1] -1/-1/-1->3->2 [2] -1/-1/-1->3->2 [3] -1/-1/-1->3->2 [4] -1/-1/-1->3->2 [5] -1/-1/-1->3->2 [6] -1/-1/-1->3->2 [7] -1/-1/-1->3->2 [8] -1/-1/-1->3->2 [9] -1/-1/-1->3->2 [10] -1/-1/-1->3->2 [11] -1/-1/-1->3->2 [12] -1/-1/-1->3->2 [13] -1/-1/-1->3->2 [14] -1/-1/-1->3->2 [15] -1/-1/-1->3->2
aibox-ra7f0191d12b-7b895dd899-6c9m7:45651:48044 [1] NCCL INFO Ring 01 : 0 -> 1 -> 2
aibox-ra7f0191d12b-7b895dd899-6c9m7:45652:48045 [2] NCCL INFO Ring 11 : 1 -> 2 -> 3
aibox-ra7f0191d12b-7b895dd899-6c9m7:45650:48042 [0] NCCL INFO Channel 09/16 :    0   1   2   3
aibox-ra7f0191d12b-7b895dd899-6c9m7:45653:48043 [3] NCCL INFO P2P Chunksize set to 524288
aibox-ra7f0191d12b-7b895dd899-6c9m7:45651:48044 [1] NCCL INFO Ring 02 : 0 -> 1 -> 2
aibox-ra7f0191d12b-7b895dd899-6c9m7:45650:48042 [0] NCCL INFO Channel 10/16 :    0   1   2   3
aibox-ra7f0191d12b-7b895dd899-6c9m7:45652:48045 [2] NCCL INFO Ring 12 : 1 -> 2 -> 3
aibox-ra7f0191d12b-7b895dd899-6c9m7:45650:48042 [0] NCCL INFO Channel 11/16 :    0   1   2   3
aibox-ra7f0191d12b-7b895dd899-6c9m7:45651:48044 [1] NCCL INFO Ring 03 : 0 -> 1 -> 2
aibox-ra7f0191d12b-7b895dd899-6c9m7:45652:48045 [2] NCCL INFO Ring 13 : 1 -> 2 -> 3
aibox-ra7f0191d12b-7b895dd899-6c9m7:45650:48042 [0] NCCL INFO Channel 12/16 :    0   1   2   3
aibox-ra7f0191d12b-7b895dd899-6c9m7:45651:48044 [1] NCCL INFO Ring 04 : 0 -> 1 -> 2
aibox-ra7f0191d12b-7b895dd899-6c9m7:45652:48045 [2] NCCL INFO Ring 14 : 1 -> 2 -> 3
aibox-ra7f0191d12b-7b895dd899-6c9m7:45650:48042 [0] NCCL INFO Channel 13/16 :    0   1   2   3
aibox-ra7f0191d12b-7b895dd899-6c9m7:45651:48044 [1] NCCL INFO Ring 05 : 0 -> 1 -> 2
aibox-ra7f0191d12b-7b895dd899-6c9m7:45650:48042 [0] NCCL INFO Channel 14/16 :    0   1   2   3
aibox-ra7f0191d12b-7b895dd899-6c9m7:45652:48045 [2] NCCL INFO Ring 15 : 1 -> 2 -> 3
aibox-ra7f0191d12b-7b895dd899-6c9m7:45651:48044 [1] NCCL INFO Ring 06 : 0 -> 1 -> 2
aibox-ra7f0191d12b-7b895dd899-6c9m7:45650:48042 [0] NCCL INFO Channel 15/16 :    0   1   2   3
aibox-ra7f0191d12b-7b895dd899-6c9m7:45652:48045 [2] NCCL INFO Trees [0] 3/-1/-1->2->1 [1] 3/-1/-1->2->1 [2] 3/-1/-1->2->1 [3] 3/-1/-1->2->1 [4] 3/-1/-1->2->1 [5] 3/-1/-1->2->1 [6] 3/-1/-1->2->1 [7] 3/-1/-1->2->1 [8] 3/-1/-1->2->1 [9] 3/-1/-1->2->1 [10] 3/-1/-1->2->1 [11] 3/-1/-1->2->1 [12] 3/-1/-1->2->1 [13] 3/-1/-1->2->1 [14] 3/-1/-1->2->1 [15] 3/-1/-1->2->1
aibox-ra7f0191d12b-7b895dd899-6c9m7:45651:48044 [1] NCCL INFO Ring 07 : 0 -> 1 -> 2
aibox-ra7f0191d12b-7b895dd899-6c9m7:45650:48042 [0] NCCL INFO Ring 00 : 3 -> 0 -> 1
aibox-ra7f0191d12b-7b895dd899-6c9m7:45651:48044 [1] NCCL INFO Ring 08 : 0 -> 1 -> 2
aibox-ra7f0191d12b-7b895dd899-6c9m7:45652:48045 [2] NCCL INFO P2P Chunksize set to 524288
aibox-ra7f0191d12b-7b895dd899-6c9m7:45650:48042 [0] NCCL INFO Ring 01 : 3 -> 0 -> 1
aibox-ra7f0191d12b-7b895dd899-6c9m7:45651:48044 [1] NCCL INFO Ring 09 : 0 -> 1 -> 2
aibox-ra7f0191d12b-7b895dd899-6c9m7:45650:48042 [0] NCCL INFO Ring 02 : 3 -> 0 -> 1
aibox-ra7f0191d12b-7b895dd899-6c9m7:45651:48044 [1] NCCL INFO Ring 10 : 0 -> 1 -> 2
aibox-ra7f0191d12b-7b895dd899-6c9m7:45650:48042 [0] NCCL INFO Ring 03 : 3 -> 0 -> 1
aibox-ra7f0191d12b-7b895dd899-6c9m7:45651:48044 [1] NCCL INFO Ring 11 : 0 -> 1 -> 2
aibox-ra7f0191d12b-7b895dd899-6c9m7:45650:48042 [0] NCCL INFO Ring 04 : 3 -> 0 -> 1
aibox-ra7f0191d12b-7b895dd899-6c9m7:45651:48044 [1] NCCL INFO Ring 12 : 0 -> 1 -> 2
aibox-ra7f0191d12b-7b895dd899-6c9m7:45650:48042 [0] NCCL INFO Ring 05 : 3 -> 0 -> 1
aibox-ra7f0191d12b-7b895dd899-6c9m7:45650:48042 [0] NCCL INFO Ring 06 : 3 -> 0 -> 1
aibox-ra7f0191d12b-7b895dd899-6c9m7:45651:48044 [1] NCCL INFO Ring 13 : 0 -> 1 -> 2
aibox-ra7f0191d12b-7b895dd899-6c9m7:45650:48042 [0] NCCL INFO Ring 07 : 3 -> 0 -> 1
aibox-ra7f0191d12b-7b895dd899-6c9m7:45651:48044 [1] NCCL INFO Ring 14 : 0 -> 1 -> 2
aibox-ra7f0191d12b-7b895dd899-6c9m7:45650:48042 [0] NCCL INFO Ring 08 : 3 -> 0 -> 1
aibox-ra7f0191d12b-7b895dd899-6c9m7:45650:48042 [0] NCCL INFO Ring 09 : 3 -> 0 -> 1
aibox-ra7f0191d12b-7b895dd899-6c9m7:45651:48044 [1] NCCL INFO Ring 15 : 0 -> 1 -> 2
aibox-ra7f0191d12b-7b895dd899-6c9m7:45651:48044 [1] NCCL INFO Trees [0] 2/-1/-1->1->0 [1] 2/-1/-1->1->0 [2] 2/-1/-1->1->0 [3] 2/-1/-1->1->0 [4] 2/-1/-1->1->0 [5] 2/-1/-1->1->0 [6] 2/-1/-1->1->0 [7] 2/-1/-1->1->0 [8] 2/-1/-1->1->0 [9] 2/-1/-1->1->0 [10] 2/-1/-1->1->0 [11] 2/-1/-1->1->0 [12] 2/-1/-1->1->0 [13] 2/-1/-1->1->0 [14] 2/-1/-1->1->0 [15] 2/-1/-1->1->0
aibox-ra7f0191d12b-7b895dd899-6c9m7:45650:48042 [0] NCCL INFO Ring 10 : 3 -> 0 -> 1
aibox-ra7f0191d12b-7b895dd899-6c9m7:45651:48044 [1] NCCL INFO P2P Chunksize set to 524288
aibox-ra7f0191d12b-7b895dd899-6c9m7:45650:48042 [0] NCCL INFO Ring 11 : 3 -> 0 -> 1
aibox-ra7f0191d12b-7b895dd899-6c9m7:45650:48042 [0] NCCL INFO Ring 12 : 3 -> 0 -> 1
aibox-ra7f0191d12b-7b895dd899-6c9m7:45650:48042 [0] NCCL INFO Ring 13 : 3 -> 0 -> 1
aibox-ra7f0191d12b-7b895dd899-6c9m7:45650:48042 [0] NCCL INFO Ring 14 : 3 -> 0 -> 1
aibox-ra7f0191d12b-7b895dd899-6c9m7:45650:48042 [0] NCCL INFO Ring 15 : 3 -> 0 -> 1
aibox-ra7f0191d12b-7b895dd899-6c9m7:45650:48042 [0] NCCL INFO Trees [0] 1/-1/-1->0->-1 [1] 1/-1/-1->0->-1 [2] 1/-1/-1->0->-1 [3] 1/-1/-1->0->-1 [4] 1/-1/-1->0->-1 [5] 1/-1/-1->0->-1 [6] 1/-1/-1->0->-1 [7] 1/-1/-1->0->-1 [8] 1/-1/-1->0->-1 [9] 1/-1/-1->0->-1 [10] 1/-1/-1->0->-1 [11] 1/-1/-1->0->-1 [12] 1/-1/-1->0->-1 [13] 1/-1/-1->0->-1 [14] 1/-1/-1->0->-1 [15] 1/-1/-1->0->-1
aibox-ra7f0191d12b-7b895dd899-6c9m7:45650:48042 [0] NCCL INFO P2P Chunksize set to 524288
aibox-ra7f0191d12b-7b895dd899-6c9m7:45653:48043 [3] NCCL INFO Channel 00/0 : 3[3] -> 0[0] via P2P/CUMEM/read
aibox-ra7f0191d12b-7b895dd899-6c9m7:45651:48044 [1] NCCL INFO Channel 00/0 : 1[1] -> 2[2] via P2P/CUMEM/read
aibox-ra7f0191d12b-7b895dd899-6c9m7:45650:48042 [0] NCCL INFO Channel 00/0 : 0[0] -> 1[1] via P2P/CUMEM/read
aibox-ra7f0191d12b-7b895dd899-6c9m7:45652:48045 [2] NCCL INFO Channel 00/0 : 2[2] -> 3[3] via P2P/CUMEM/read
aibox-ra7f0191d12b-7b895dd899-6c9m7:45653:48043 [3] NCCL INFO Channel 01/0 : 3[3] -> 0[0] via P2P/CUMEM/read
aibox-ra7f0191d12b-7b895dd899-6c9m7:45651:48044 [1] NCCL INFO Channel 01/0 : 1[1] -> 2[2] via P2P/CUMEM/read
aibox-ra7f0191d12b-7b895dd899-6c9m7:45650:48042 [0] NCCL INFO Channel 01/0 : 0[0] -> 1[1] via P2P/CUMEM/read
aibox-ra7f0191d12b-7b895dd899-6c9m7:45652:48045 [2] NCCL INFO Channel 01/0 : 2[2] -> 3[3] via P2P/CUMEM/read
aibox-ra7f0191d12b-7b895dd899-6c9m7:45653:48043 [3] NCCL INFO Channel 02/0 : 3[3] -> 0[0] via P2P/CUMEM/read
aibox-ra7f0191d12b-7b895dd899-6c9m7:45651:48044 [1] NCCL INFO Channel 02/0 : 1[1] -> 2[2] via P2P/CUMEM/read
aibox-ra7f0191d12b-7b895dd899-6c9m7:45650:48042 [0] NCCL INFO Channel 02/0 : 0[0] -> 1[1] via P2P/CUMEM/read
aibox-ra7f0191d12b-7b895dd899-6c9m7:45652:48045 [2] NCCL INFO Channel 02/0 : 2[2] -> 3[3] via P2P/CUMEM/read
aibox-ra7f0191d12b-7b895dd899-6c9m7:45653:48043 [3] NCCL INFO Channel 03/0 : 3[3] -> 0[0] via P2P/CUMEM/read
aibox-ra7f0191d12b-7b895dd899-6c9m7:45651:48044 [1] NCCL INFO Channel 03/0 : 1[1] -> 2[2] via P2P/CUMEM/read
aibox-ra7f0191d12b-7b895dd899-6c9m7:45650:48042 [0] NCCL INFO Channel 03/0 : 0[0] -> 1[1] via P2P/CUMEM/read
aibox-ra7f0191d12b-7b895dd899-6c9m7:45652:48045 [2] NCCL INFO Channel 03/0 : 2[2] -> 3[3] via P2P/CUMEM/read
aibox-ra7f0191d12b-7b895dd899-6c9m7:45653:48043 [3] NCCL INFO Channel 04/0 : 3[3] -> 0[0] via P2P/CUMEM/read
aibox-ra7f0191d12b-7b895dd899-6c9m7:45651:48044 [1] NCCL INFO Channel 04/0 : 1[1] -> 2[2] via P2P/CUMEM/read
aibox-ra7f0191d12b-7b895dd899-6c9m7:45650:48042 [0] NCCL INFO Channel 04/0 : 0[0] -> 1[1] via P2P/CUMEM/read
aibox-ra7f0191d12b-7b895dd899-6c9m7:45652:48045 [2] NCCL INFO Channel 04/0 : 2[2] -> 3[3] via P2P/CUMEM/read
aibox-ra7f0191d12b-7b895dd899-6c9m7:45653:48043 [3] NCCL INFO Channel 05/0 : 3[3] -> 0[0] via P2P/CUMEM/read
aibox-ra7f0191d12b-7b895dd899-6c9m7:45651:48044 [1] NCCL INFO Channel 05/0 : 1[1] -> 2[2] via P2P/CUMEM/read
aibox-ra7f0191d12b-7b895dd899-6c9m7:45650:48042 [0] NCCL INFO Channel 05/0 : 0[0] -> 1[1] via P2P/CUMEM/read
aibox-ra7f0191d12b-7b895dd899-6c9m7:45652:48045 [2] NCCL INFO Channel 05/0 : 2[2] -> 3[3] via P2P/CUMEM/read
aibox-ra7f0191d12b-7b895dd899-6c9m7:45653:48043 [3] NCCL INFO Channel 06/0 : 3[3] -> 0[0] via P2P/CUMEM/read
aibox-ra7f0191d12b-7b895dd899-6c9m7:45651:48044 [1] NCCL INFO Channel 06/0 : 1[1] -> 2[2] via P2P/CUMEM/read
aibox-ra7f0191d12b-7b895dd899-6c9m7:45650:48042 [0] NCCL INFO Channel 06/0 : 0[0] -> 1[1] via P2P/CUMEM/read
aibox-ra7f0191d12b-7b895dd899-6c9m7:45652:48045 [2] NCCL INFO Channel 06/0 : 2[2] -> 3[3] via P2P/CUMEM/read
aibox-ra7f0191d12b-7b895dd899-6c9m7:45653:48043 [3] NCCL INFO Channel 07/0 : 3[3] -> 0[0] via P2P/CUMEM/read
aibox-ra7f0191d12b-7b895dd899-6c9m7:45651:48044 [1] NCCL INFO Channel 07/0 : 1[1] -> 2[2] via P2P/CUMEM/read
aibox-ra7f0191d12b-7b895dd899-6c9m7:45650:48042 [0] NCCL INFO Channel 07/0 : 0[0] -> 1[1] via P2P/CUMEM/read
aibox-ra7f0191d12b-7b895dd899-6c9m7:45652:48045 [2] NCCL INFO Channel 07/0 : 2[2] -> 3[3] via P2P/CUMEM/read
aibox-ra7f0191d12b-7b895dd899-6c9m7:45653:48043 [3] NCCL INFO Channel 08/0 : 3[3] -> 0[0] via P2P/CUMEM/read
aibox-ra7f0191d12b-7b895dd899-6c9m7:45651:48044 [1] NCCL INFO Channel 08/0 : 1[1] -> 2[2] via P2P/CUMEM/read
aibox-ra7f0191d12b-7b895dd899-6c9m7:45650:48042 [0] NCCL INFO Channel 08/0 : 0[0] -> 1[1] via P2P/CUMEM/read
aibox-ra7f0191d12b-7b895dd899-6c9m7:45652:48045 [2] NCCL INFO Channel 08/0 : 2[2] -> 3[3] via P2P/CUMEM/read
aibox-ra7f0191d12b-7b895dd899-6c9m7:45653:48043 [3] NCCL INFO Channel 09/0 : 3[3] -> 0[0] via P2P/CUMEM/read
aibox-ra7f0191d12b-7b895dd899-6c9m7:45651:48044 [1] NCCL INFO Channel 09/0 : 1[1] -> 2[2] via P2P/CUMEM/read
aibox-ra7f0191d12b-7b895dd899-6c9m7:45650:48042 [0] NCCL INFO Channel 09/0 : 0[0] -> 1[1] via P2P/CUMEM/read
aibox-ra7f0191d12b-7b895dd899-6c9m7:45652:48045 [2] NCCL INFO Channel 09/0 : 2[2] -> 3[3] via P2P/CUMEM/read
aibox-ra7f0191d12b-7b895dd899-6c9m7:45653:48043 [3] NCCL INFO Channel 10/0 : 3[3] -> 0[0] via P2P/CUMEM/read
aibox-ra7f0191d12b-7b895dd899-6c9m7:45651:48044 [1] NCCL INFO Channel 10/0 : 1[1] -> 2[2] via P2P/CUMEM/read
aibox-ra7f0191d12b-7b895dd899-6c9m7:45650:48042 [0] NCCL INFO Channel 10/0 : 0[0] -> 1[1] via P2P/CUMEM/read
aibox-ra7f0191d12b-7b895dd899-6c9m7:45652:48045 [2] NCCL INFO Channel 10/0 : 2[2] -> 3[3] via P2P/CUMEM/read
aibox-ra7f0191d12b-7b895dd899-6c9m7:45653:48043 [3] NCCL INFO Channel 11/0 : 3[3] -> 0[0] via P2P/CUMEM/read
aibox-ra7f0191d12b-7b895dd899-6c9m7:45651:48044 [1] NCCL INFO Channel 11/0 : 1[1] -> 2[2] via P2P/CUMEM/read
aibox-ra7f0191d12b-7b895dd899-6c9m7:45650:48042 [0] NCCL INFO Channel 11/0 : 0[0] -> 1[1] via P2P/CUMEM/read
aibox-ra7f0191d12b-7b895dd899-6c9m7:45652:48045 [2] NCCL INFO Channel 11/0 : 2[2] -> 3[3] via P2P/CUMEM/read
aibox-ra7f0191d12b-7b895dd899-6c9m7:45653:48043 [3] NCCL INFO Channel 12/0 : 3[3] -> 0[0] via P2P/CUMEM/read
aibox-ra7f0191d12b-7b895dd899-6c9m7:45651:48044 [1] NCCL INFO Channel 12/0 : 1[1] -> 2[2] via P2P/CUMEM/read
aibox-ra7f0191d12b-7b895dd899-6c9m7:45650:48042 [0] NCCL INFO Channel 12/0 : 0[0] -> 1[1] via P2P/CUMEM/read
aibox-ra7f0191d12b-7b895dd899-6c9m7:45652:48045 [2] NCCL INFO Channel 12/0 : 2[2] -> 3[3] via P2P/CUMEM/read
aibox-ra7f0191d12b-7b895dd899-6c9m7:45653:48043 [3] NCCL INFO Channel 13/0 : 3[3] -> 0[0] via P2P/CUMEM/read
aibox-ra7f0191d12b-7b895dd899-6c9m7:45651:48044 [1] NCCL INFO Channel 13/0 : 1[1] -> 2[2] via P2P/CUMEM/read
aibox-ra7f0191d12b-7b895dd899-6c9m7:45650:48042 [0] NCCL INFO Channel 13/0 : 0[0] -> 1[1] via P2P/CUMEM/read
aibox-ra7f0191d12b-7b895dd899-6c9m7:45652:48045 [2] NCCL INFO Channel 13/0 : 2[2] -> 3[3] via P2P/CUMEM/read
aibox-ra7f0191d12b-7b895dd899-6c9m7:45653:48043 [3] NCCL INFO Channel 14/0 : 3[3] -> 0[0] via P2P/CUMEM/read
aibox-ra7f0191d12b-7b895dd899-6c9m7:45651:48044 [1] NCCL INFO Channel 14/0 : 1[1] -> 2[2] via P2P/CUMEM/read
aibox-ra7f0191d12b-7b895dd899-6c9m7:45650:48042 [0] NCCL INFO Channel 14/0 : 0[0] -> 1[1] via P2P/CUMEM/read
aibox-ra7f0191d12b-7b895dd899-6c9m7:45652:48045 [2] NCCL INFO Channel 14/0 : 2[2] -> 3[3] via P2P/CUMEM/read
aibox-ra7f0191d12b-7b895dd899-6c9m7:45653:48043 [3] NCCL INFO Channel 15/0 : 3[3] -> 0[0] via P2P/CUMEM/read
aibox-ra7f0191d12b-7b895dd899-6c9m7:45651:48044 [1] NCCL INFO Channel 15/0 : 1[1] -> 2[2] via P2P/CUMEM/read
aibox-ra7f0191d12b-7b895dd899-6c9m7:45650:48042 [0] NCCL INFO Channel 15/0 : 0[0] -> 1[1] via P2P/CUMEM/read
aibox-ra7f0191d12b-7b895dd899-6c9m7:45652:48045 [2] NCCL INFO Channel 15/0 : 2[2] -> 3[3] via P2P/CUMEM/read
aibox-ra7f0191d12b-7b895dd899-6c9m7:45650:48042 [0] NCCL INFO Connected all rings
aibox-ra7f0191d12b-7b895dd899-6c9m7:45653:48043 [3] NCCL INFO Connected all rings
aibox-ra7f0191d12b-7b895dd899-6c9m7:45653:48043 [3] NCCL INFO Channel 00/0 : 3[3] -> 2[2] via P2P/CUMEM/read
aibox-ra7f0191d12b-7b895dd899-6c9m7:45651:48044 [1] NCCL INFO Connected all rings
aibox-ra7f0191d12b-7b895dd899-6c9m7:45652:48045 [2] NCCL INFO Connected all rings
aibox-ra7f0191d12b-7b895dd899-6c9m7:45653:48043 [3] NCCL INFO Channel 01/0 : 3[3] -> 2[2] via P2P/CUMEM/read
aibox-ra7f0191d12b-7b895dd899-6c9m7:45653:48043 [3] NCCL INFO Channel 02/0 : 3[3] -> 2[2] via P2P/CUMEM/read
aibox-ra7f0191d12b-7b895dd899-6c9m7:45653:48043 [3] NCCL INFO Channel 03/0 : 3[3] -> 2[2] via P2P/CUMEM/read
aibox-ra7f0191d12b-7b895dd899-6c9m7:45653:48043 [3] NCCL INFO Channel 04/0 : 3[3] -> 2[2] via P2P/CUMEM/read
aibox-ra7f0191d12b-7b895dd899-6c9m7:45653:48043 [3] NCCL INFO Channel 05/0 : 3[3] -> 2[2] via P2P/CUMEM/read
aibox-ra7f0191d12b-7b895dd899-6c9m7:45653:48043 [3] NCCL INFO Channel 06/0 : 3[3] -> 2[2] via P2P/CUMEM/read
aibox-ra7f0191d12b-7b895dd899-6c9m7:45653:48043 [3] NCCL INFO Channel 07/0 : 3[3] -> 2[2] via P2P/CUMEM/read
aibox-ra7f0191d12b-7b895dd899-6c9m7:45653:48043 [3] NCCL INFO Channel 08/0 : 3[3] -> 2[2] via P2P/CUMEM/read
aibox-ra7f0191d12b-7b895dd899-6c9m7:45653:48043 [3] NCCL INFO Channel 09/0 : 3[3] -> 2[2] via P2P/CUMEM/read
aibox-ra7f0191d12b-7b895dd899-6c9m7:45653:48043 [3] NCCL INFO Channel 10/0 : 3[3] -> 2[2] via P2P/CUMEM/read
aibox-ra7f0191d12b-7b895dd899-6c9m7:45653:48043 [3] NCCL INFO Channel 11/0 : 3[3] -> 2[2] via P2P/CUMEM/read
aibox-ra7f0191d12b-7b895dd899-6c9m7:45653:48043 [3] NCCL INFO Channel 12/0 : 3[3] -> 2[2] via P2P/CUMEM/read
aibox-ra7f0191d12b-7b895dd899-6c9m7:45653:48043 [3] NCCL INFO Channel 13/0 : 3[3] -> 2[2] via P2P/CUMEM/read
aibox-ra7f0191d12b-7b895dd899-6c9m7:45653:48043 [3] NCCL INFO Channel 14/0 : 3[3] -> 2[2] via P2P/CUMEM/read
aibox-ra7f0191d12b-7b895dd899-6c9m7:45653:48043 [3] NCCL INFO Channel 15/0 : 3[3] -> 2[2] via P2P/CUMEM/read
aibox-ra7f0191d12b-7b895dd899-6c9m7:45651:48044 [1] NCCL INFO Channel 00/0 : 1[1] -> 0[0] via P2P/CUMEM/read
aibox-ra7f0191d12b-7b895dd899-6c9m7:45652:48045 [2] NCCL INFO Channel 00/0 : 2[2] -> 1[1] via P2P/CUMEM/read
aibox-ra7f0191d12b-7b895dd899-6c9m7:45651:48044 [1] NCCL INFO Channel 01/0 : 1[1] -> 0[0] via P2P/CUMEM/read
aibox-ra7f0191d12b-7b895dd899-6c9m7:45652:48045 [2] NCCL INFO Channel 01/0 : 2[2] -> 1[1] via P2P/CUMEM/read
aibox-ra7f0191d12b-7b895dd899-6c9m7:45651:48044 [1] NCCL INFO Channel 02/0 : 1[1] -> 0[0] via P2P/CUMEM/read
aibox-ra7f0191d12b-7b895dd899-6c9m7:45652:48045 [2] NCCL INFO Channel 02/0 : 2[2] -> 1[1] via P2P/CUMEM/read
aibox-ra7f0191d12b-7b895dd899-6c9m7:45651:48044 [1] NCCL INFO Channel 03/0 : 1[1] -> 0[0] via P2P/CUMEM/read
aibox-ra7f0191d12b-7b895dd899-6c9m7:45652:48045 [2] NCCL INFO Channel 03/0 : 2[2] -> 1[1] via P2P/CUMEM/read
aibox-ra7f0191d12b-7b895dd899-6c9m7:45651:48044 [1] NCCL INFO Channel 04/0 : 1[1] -> 0[0] via P2P/CUMEM/read
aibox-ra7f0191d12b-7b895dd899-6c9m7:45652:48045 [2] NCCL INFO Channel 04/0 : 2[2] -> 1[1] via P2P/CUMEM/read
aibox-ra7f0191d12b-7b895dd899-6c9m7:45651:48044 [1] NCCL INFO Channel 05/0 : 1[1] -> 0[0] via P2P/CUMEM/read
aibox-ra7f0191d12b-7b895dd899-6c9m7:45652:48045 [2] NCCL INFO Channel 05/0 : 2[2] -> 1[1] via P2P/CUMEM/read
aibox-ra7f0191d12b-7b895dd899-6c9m7:45651:48044 [1] NCCL INFO Channel 06/0 : 1[1] -> 0[0] via P2P/CUMEM/read
aibox-ra7f0191d12b-7b895dd899-6c9m7:45652:48045 [2] NCCL INFO Channel 06/0 : 2[2] -> 1[1] via P2P/CUMEM/read
aibox-ra7f0191d12b-7b895dd899-6c9m7:45651:48044 [1] NCCL INFO Channel 07/0 : 1[1] -> 0[0] via P2P/CUMEM/read
aibox-ra7f0191d12b-7b895dd899-6c9m7:45652:48045 [2] NCCL INFO Channel 07/0 : 2[2] -> 1[1] via P2P/CUMEM/read
aibox-ra7f0191d12b-7b895dd899-6c9m7:45651:48044 [1] NCCL INFO Channel 08/0 : 1[1] -> 0[0] via P2P/CUMEM/read
aibox-ra7f0191d12b-7b895dd899-6c9m7:45652:48045 [2] NCCL INFO Channel 08/0 : 2[2] -> 1[1] via P2P/CUMEM/read
aibox-ra7f0191d12b-7b895dd899-6c9m7:45651:48044 [1] NCCL INFO Channel 09/0 : 1[1] -> 0[0] via P2P/CUMEM/read
aibox-ra7f0191d12b-7b895dd899-6c9m7:45652:48045 [2] NCCL INFO Channel 09/0 : 2[2] -> 1[1] via P2P/CUMEM/read
aibox-ra7f0191d12b-7b895dd899-6c9m7:45651:48044 [1] NCCL INFO Channel 10/0 : 1[1] -> 0[0] via P2P/CUMEM/read
aibox-ra7f0191d12b-7b895dd899-6c9m7:45652:48045 [2] NCCL INFO Channel 10/0 : 2[2] -> 1[1] via P2P/CUMEM/read
aibox-ra7f0191d12b-7b895dd899-6c9m7:45651:48044 [1] NCCL INFO Channel 11/0 : 1[1] -> 0[0] via P2P/CUMEM/read
aibox-ra7f0191d12b-7b895dd899-6c9m7:45652:48045 [2] NCCL INFO Channel 11/0 : 2[2] -> 1[1] via P2P/CUMEM/read
aibox-ra7f0191d12b-7b895dd899-6c9m7:45651:48044 [1] NCCL INFO Channel 12/0 : 1[1] -> 0[0] via P2P/CUMEM/read
aibox-ra7f0191d12b-7b895dd899-6c9m7:45652:48045 [2] NCCL INFO Channel 12/0 : 2[2] -> 1[1] via P2P/CUMEM/read
aibox-ra7f0191d12b-7b895dd899-6c9m7:45651:48044 [1] NCCL INFO Channel 13/0 : 1[1] -> 0[0] via P2P/CUMEM/read
aibox-ra7f0191d12b-7b895dd899-6c9m7:45652:48045 [2] NCCL INFO Channel 13/0 : 2[2] -> 1[1] via P2P/CUMEM/read
aibox-ra7f0191d12b-7b895dd899-6c9m7:45651:48044 [1] NCCL INFO Channel 14/0 : 1[1] -> 0[0] via P2P/CUMEM/read
aibox-ra7f0191d12b-7b895dd899-6c9m7:45652:48045 [2] NCCL INFO Channel 14/0 : 2[2] -> 1[1] via P2P/CUMEM/read
aibox-ra7f0191d12b-7b895dd899-6c9m7:45651:48044 [1] NCCL INFO Channel 15/0 : 1[1] -> 0[0] via P2P/CUMEM/read
aibox-ra7f0191d12b-7b895dd899-6c9m7:45652:48045 [2] NCCL INFO Channel 15/0 : 2[2] -> 1[1] via P2P/CUMEM/read
aibox-ra7f0191d12b-7b895dd899-6c9m7:45653:48043 [3] NCCL INFO Connected all trees
aibox-ra7f0191d12b-7b895dd899-6c9m7:45653:48043 [3] NCCL INFO threadThresholds 8/8/64 | 32/8/64 | 512 | 512
aibox-ra7f0191d12b-7b895dd899-6c9m7:45653:48043 [3] NCCL INFO 16 coll channels, 0 nvls channels, 16 p2p channels, 16 p2p channels per peer
aibox-ra7f0191d12b-7b895dd899-6c9m7:45650:48042 [0] NCCL INFO Connected all trees
aibox-ra7f0191d12b-7b895dd899-6c9m7:45652:48045 [2] NCCL INFO Connected all trees
aibox-ra7f0191d12b-7b895dd899-6c9m7:45652:48045 [2] NCCL INFO threadThresholds 8/8/64 | 32/8/64 | 512 | 512
aibox-ra7f0191d12b-7b895dd899-6c9m7:45652:48045 [2] NCCL INFO 16 coll channels, 0 nvls channels, 16 p2p channels, 16 p2p channels per peer
aibox-ra7f0191d12b-7b895dd899-6c9m7:45651:48044 [1] NCCL INFO Connected all trees
aibox-ra7f0191d12b-7b895dd899-6c9m7:45650:48042 [0] NCCL INFO threadThresholds 8/8/64 | 32/8/64 | 512 | 512
aibox-ra7f0191d12b-7b895dd899-6c9m7:45651:48044 [1] NCCL INFO threadThresholds 8/8/64 | 32/8/64 | 512 | 512
aibox-ra7f0191d12b-7b895dd899-6c9m7:45650:48042 [0] NCCL INFO 16 coll channels, 0 nvls channels, 16 p2p channels, 16 p2p channels per peer
aibox-ra7f0191d12b-7b895dd899-6c9m7:45651:48044 [1] NCCL INFO 16 coll channels, 0 nvls channels, 16 p2p channels, 16 p2p channels per peer
aibox-ra7f0191d12b-7b895dd899-6c9m7:45651:48044 [1] NCCL INFO comm 0x55b301b425f0 rank 1 nranks 4 cudaDev 1 nvmlDev 1 busId b1000 commId 0x78348b6b49b6bfff - Init COMPLETE
aibox-ra7f0191d12b-7b895dd899-6c9m7:45653:48043 [3] NCCL INFO comm 0x55b74e4bb8b0 rank 3 nranks 4 cudaDev 3 nvmlDev 3 busId d3000 commId 0x78348b6b49b6bfff - Init COMPLETE
aibox-ra7f0191d12b-7b895dd899-6c9m7:45652:48045 [2] NCCL INFO comm 0x560a18af1c90 rank 2 nranks 4 cudaDev 2 nvmlDev 2 busId d0000 commId 0x78348b6b49b6bfff - Init COMPLETE
aibox-ra7f0191d12b-7b895dd899-6c9m7:45650:48042 [0] NCCL INFO comm 0x557ba1bbfbf0 rank 0 nranks 4 cudaDev 0 nvmlDev 0 busId ad000 commId 0x78348b6b49b6bfff - Init COMPLETE
09/28 [14:14:52] INFO     | >> [*] Spatial contract verified:  memory_vla.py:589
                          VLA [B,256,4096] -> align                             
                          [B,256,2048] -> perception memory                     
                          [B,256,256]                                           
aibox-ra7f0191d12b-7b895dd899-6c9m7:45650:48071 [0] NCCL INFO Using non-device net plugin version 0
aibox-ra7f0191d12b-7b895dd899-6c9m7:45650:48071 [0] NCCL INFO Using network IB
aibox-ra7f0191d12b-7b895dd899-6c9m7:45650:48071 [0] NCCL INFO comm 0x7ef1bc936200 rank 0 nranks 1 cudaDev 0 nvmlDev 0 busId ad000 commId 0x916ed807077156a6 - Init START
NCCL version 2.19.3+cuda12.3
aibox-ra7f0191d12b-7b895dd899-6c9m7:45651:48073 [1] NCCL INFO Using non-device net plugin version 0
aibox-ra7f0191d12b-7b895dd899-6c9m7:45651:48073 [1] NCCL INFO Using network IB
aibox-ra7f0191d12b-7b895dd899-6c9m7:45651:48073 [1] NCCL INFO comm 0x7fcdb46be770 rank 0 nranks 1 cudaDev 1 nvmlDev 1 busId b1000 commId 0x3697a800140d3ef8 - Init START
NCCL version 2.19.3+cuda12.3
aibox-ra7f0191d12b-7b895dd899-6c9m7:45653:48075 [3] NCCL INFO Using non-device net plugin version 0
aibox-ra7f0191d12b-7b895dd899-6c9m7:45653:48075 [3] NCCL INFO Using network IB
aibox-ra7f0191d12b-7b895dd899-6c9m7:45653:48075 [3] NCCL INFO comm 0x7f06bc6ccb60 rank 0 nranks 1 cudaDev 3 nvmlDev 3 busId d3000 commId 0xe483397a5c73d55c - Init START
NCCL version 2.19.3+cuda12.3
aibox-ra7f0191d12b-7b895dd899-6c9m7:45652:48077 [2] NCCL INFO Using non-device net plugin version 0
aibox-ra7f0191d12b-7b895dd899-6c9m7:45652:48077 [2] NCCL INFO Using network IB
aibox-ra7f0191d12b-7b895dd899-6c9m7:45652:48077 [2] NCCL INFO comm 0x7f23d86bd860 rank 0 nranks 1 cudaDev 2 nvmlDev 2 busId d0000 commId 0xd321f6f01b36f660 - Init START
aibox-ra7f0191d12b-7b895dd899-6c9m7:45651:48073 [1] NCCL INFO === System : maxBw 5000.0 totalBw 0.0 ===
aibox-ra7f0191d12b-7b895dd899-6c9m7:45651:48073 [1] NCCL INFO CPU/1 (1/1/2)
aibox-ra7f0191d12b-7b895dd899-6c9m7:45651:48073 [1] NCCL INFO + PCI[24.0] - PCI/A7000 (1000c01010000000)
aibox-ra7f0191d12b-7b895dd899-6c9m7:45651:48073 [1] NCCL INFO               + PCI[24.0] - PCI/AF000 (1000c01010de13b8)
aibox-ra7f0191d12b-7b895dd899-6c9m7:45651:48073 [1] NCCL INFO                             + PCI[24.0] - GPU/B1000 (0)
aibox-ra7f0191d12b-7b895dd899-6c9m7:45651:48073 [1] NCCL INFO                                           + NVL[160.0] - NVS/0
aibox-ra7f0191d12b-7b895dd899-6c9m7:45651:48073 [1] NCCL INFO               + PCI[24.0] - NIC/C2000
aibox-ra7f0191d12b-7b895dd899-6c9m7:45651:48073 [1] NCCL INFO + PCI[24.0] - PCI/CA000 (1000c01010000000)
aibox-ra7f0191d12b-7b895dd899-6c9m7:45651:48073 [1] NCCL INFO               + PCI[24.0] - NIC/DB000
aibox-ra7f0191d12b-7b895dd899-6c9m7:45651:48073 [1] NCCL INFO + SYS[10.0] - CPU/0
aibox-ra7f0191d12b-7b895dd899-6c9m7:45651:48073 [1] NCCL INFO CPU/0 (1/1/2)
aibox-ra7f0191d12b-7b895dd899-6c9m7:45651:48073 [1] NCCL INFO + PCI[24.0] - PCI/4D000 (1000c01010000000)
aibox-ra7f0191d12b-7b895dd899-6c9m7:45651:48073 [1] NCCL INFO               + PCI[24.0] - NIC/5A000
aibox-ra7f0191d12b-7b895dd899-6c9m7:45651:48073 [1] NCCL INFO + PCI[24.0] - PCI/66000 (1000c01010000000)
aibox-ra7f0191d12b-7b895dd899-6c9m7:45651:48073 [1] NCCL INFO               + PCI[24.0] - NIC/73000
aibox-ra7f0191d12b-7b895dd899-6c9m7:45651:48073 [1] NCCL INFO + SYS[10.0] - CPU/1
aibox-ra7f0191d12b-7b895dd899-6c9m7:45651:48073 [1] NCCL INFO ==========================================
aibox-ra7f0191d12b-7b895dd899-6c9m7:45651:48073 [1] NCCL INFO GPU/B1000 :GPU/B1000 (0/5000.000000/LOC) NVS/0 (1/160.000000/NVL) CPU/1 (3/24.000000/PHB) CPU/0 (4/10.000000/SYS) 
aibox-ra7f0191d12b-7b895dd899-6c9m7:45651:48073 [1] NCCL INFO Setting affinity for GPU 1 to ffffffff,00000000,ffffffff,00000000
aibox-ra7f0191d12b-7b895dd899-6c9m7:45651:48073 [1] NCCL INFO Pattern 4, crossNic 0, nChannels 16, bw 40.000000/40.000000, type LOC/PIX, sameChannels 1
aibox-ra7f0191d12b-7b895dd899-6c9m7:45651:48073 [1] NCCL INFO  0 : GPU/0
aibox-ra7f0191d12b-7b895dd899-6c9m7:45651:48073 [1] NCCL INFO  1 : GPU/0
aibox-ra7f0191d12b-7b895dd899-6c9m7:45651:48073 [1] NCCL INFO  2 : GPU/0
aibox-ra7f0191d12b-7b895dd899-6c9m7:45651:48073 [1] NCCL INFO  3 : GPU/0
aibox-ra7f0191d12b-7b895dd899-6c9m7:45651:48073 [1] NCCL INFO  4 : GPU/0
aibox-ra7f0191d12b-7b895dd899-6c9m7:45651:48073 [1] NCCL INFO  5 : GPU/0
aibox-ra7f0191d12b-7b895dd899-6c9m7:45651:48073 [1] NCCL INFO  6 : GPU/0
aibox-ra7f0191d12b-7b895dd899-6c9m7:45651:48073 [1] NCCL INFO  7 : GPU/0
aibox-ra7f0191d12b-7b895dd899-6c9m7:45651:48073 [1] NCCL INFO  8 : GPU/0
aibox-ra7f0191d12b-7b895dd899-6c9m7:45651:48073 [1] NCCL INFO  9 : GPU/0
aibox-ra7f0191d12b-7b895dd899-6c9m7:45651:48073 [1] NCCL INFO 10 : GPU/0
aibox-ra7f0191d12b-7b895dd899-6c9m7:45651:48073 [1] NCCL INFO 11 : GPU/0
aibox-ra7f0191d12b-7b895dd899-6c9m7:45651:48073 [1] NCCL INFO 12 : GPU/0
aibox-ra7f0191d12b-7b895dd899-6c9m7:45651:48073 [1] NCCL INFO 13 : GPU/0
aibox-ra7f0191d12b-7b895dd899-6c9m7:45651:48073 [1] NCCL INFO 14 : GPU/0
aibox-ra7f0191d12b-7b895dd899-6c9m7:45651:48073 [1] NCCL INFO 15 : GPU/0
aibox-ra7f0191d12b-7b895dd899-6c9m7:45651:48073 [1] NCCL INFO Pattern 3, crossNic 0, nChannels 16, bw 40.000000/40.000000, type LOC/PIX, sameChannels 1
aibox-ra7f0191d12b-7b895dd899-6c9m7:45651:48073 [1] NCCL INFO  0 : GPU/0
aibox-ra7f0191d12b-7b895dd899-6c9m7:45651:48073 [1] NCCL INFO  1 : GPU/0
aibox-ra7f0191d12b-7b895dd899-6c9m7:45651:48073 [1] NCCL INFO  2 : GPU/0
aibox-ra7f0191d12b-7b895dd899-6c9m7:45651:48073 [1] NCCL INFO  3 : GPU/0
aibox-ra7f0191d12b-7b895dd899-6c9m7:45651:48073 [1] NCCL INFO  4 : GPU/0
aibox-ra7f0191d12b-7b895dd899-6c9m7:45651:48073 [1] NCCL INFO  5 : GPU/0
aibox-ra7f0191d12b-7b895dd899-6c9m7:45651:48073 [1] NCCL INFO  6 : GPU/0
aibox-ra7f0191d12b-7b895dd899-6c9m7:45651:48073 [1] NCCL INFO  7 : GPU/0
aibox-ra7f0191d12b-7b895dd899-6c9m7:45651:48073 [1] NCCL INFO  8 : GPU/0
aibox-ra7f0191d12b-7b895dd899-6c9m7:45651:48073 [1] NCCL INFO  9 : GPU/0
aibox-ra7f0191d12b-7b895dd899-6c9m7:45651:48073 [1] NCCL INFO 10 : GPU/0
aibox-ra7f0191d12b-7b895dd899-6c9m7:45651:48073 [1] NCCL INFO 11 : GPU/0
aibox-ra7f0191d12b-7b895dd899-6c9m7:45651:48073 [1] NCCL INFO 12 : GPU/0
aibox-ra7f0191d12b-7b895dd899-6c9m7:45651:48073 [1] NCCL INFO 13 : GPU/0
aibox-ra7f0191d12b-7b895dd899-6c9m7:45651:48073 [1] NCCL INFO 14 : GPU/0
aibox-ra7f0191d12b-7b895dd899-6c9m7:45651:48073 [1] NCCL INFO 15 : GPU/0
aibox-ra7f0191d12b-7b895dd899-6c9m7:45651:48073 [1] NCCL INFO Tree 0 : -1 -> 0 -> -1/-1/-1
aibox-ra7f0191d12b-7b895dd899-6c9m7:45651:48073 [1] NCCL INFO Tree 16 : -1 -> 0 -> -1/-1/-1
aibox-ra7f0191d12b-7b895dd899-6c9m7:45651:48073 [1] NCCL INFO Tree 1 : -1 -> 0 -> -1/-1/-1
aibox-ra7f0191d12b-7b895dd899-6c9m7:45651:48073 [1] NCCL INFO Tree 17 : -1 -> 0 -> -1/-1/-1
aibox-ra7f0191d12b-7b895dd899-6c9m7:45651:48073 [1] NCCL INFO Tree 2 : -1 -> 0 -> -1/-1/-1
aibox-ra7f0191d12b-7b895dd899-6c9m7:45651:48073 [1] NCCL INFO Tree 18 : -1 -> 0 -> -1/-1/-1
aibox-ra7f0191d12b-7b895dd899-6c9m7:45651:48073 [1] NCCL INFO Tree 3 : -1 -> 0 -> -1/-1/-1
aibox-ra7f0191d12b-7b895dd899-6c9m7:45651:48073 [1] NCCL INFO Tree 19 : -1 -> 0 -> -1/-1/-1
aibox-ra7f0191d12b-7b895dd899-6c9m7:45651:48073 [1] NCCL INFO Tree 4 : -1 -> 0 -> -1/-1/-1
aibox-ra7f0191d12b-7b895dd899-6c9m7:45651:48073 [1] NCCL INFO Tree 20 : -1 -> 0 -> -1/-1/-1
aibox-ra7f0191d12b-7b895dd899-6c9m7:45651:48073 [1] NCCL INFO Tree 5 : -1 -> 0 -> -1/-1/-1
aibox-ra7f0191d12b-7b895dd899-6c9m7:45651:48073 [1] NCCL INFO Tree 21 : -1 -> 0 -> -1/-1/-1
aibox-ra7f0191d12b-7b895dd899-6c9m7:45651:48073 [1] NCCL INFO Tree 6 : -1 -> 0 -> -1/-1/-1
aibox-ra7f0191d12b-7b895dd899-6c9m7:45651:48073 [1] NCCL INFO Tree 22 : -1 -> 0 -> -1/-1/-1
aibox-ra7f0191d12b-7b895dd899-6c9m7:45651:48073 [1] NCCL INFO Tree 7 : -1 -> 0 -> -1/-1/-1
aibox-ra7f0191d12b-7b895dd899-6c9m7:45651:48073 [1] NCCL INFO Tree 23 : -1 -> 0 -> -1/-1/-1
aibox-ra7f0191d12b-7b895dd899-6c9m7:45651:48073 [1] NCCL INFO Tree 8 : -1 -> 0 -> -1/-1/-1
aibox-ra7f0191d12b-7b895dd899-6c9m7:45651:48073 [1] NCCL INFO Tree 24 : -1 -> 0 -> -1/-1/-1
aibox-ra7f0191d12b-7b895dd899-6c9m7:45651:48073 [1] NCCL INFO Tree 9 : -1 -> 0 -> -1/-1/-1
aibox-ra7f0191d12b-7b895dd899-6c9m7:45651:48073 [1] NCCL INFO Tree 25 : -1 -> 0 -> -1/-1/-1
aibox-ra7f0191d12b-7b895dd899-6c9m7:45651:48073 [1] NCCL INFO Tree 10 : -1 -> 0 -> -1/-1/-1
aibox-ra7f0191d12b-7b895dd899-6c9m7:45651:48073 [1] NCCL INFO Tree 26 : -1 -> 0 -> -1/-1/-1
aibox-ra7f0191d12b-7b895dd899-6c9m7:45651:48073 [1] NCCL INFO Tree 11 : -1 -> 0 -> -1/-1/-1
aibox-ra7f0191d12b-7b895dd899-6c9m7:45651:48073 [1] NCCL INFO Tree 27 : -1 -> 0 -> -1/-1/-1
aibox-ra7f0191d12b-7b895dd899-6c9m7:45651:48073 [1] NCCL INFO Tree 12 : -1 -> 0 -> -1/-1/-1
aibox-ra7f0191d12b-7b895dd899-6c9m7:45651:48073 [1] NCCL INFO Tree 28 : -1 -> 0 -> -1/-1/-1
aibox-ra7f0191d12b-7b895dd899-6c9m7:45651:48073 [1] NCCL INFO Tree 13 : -1 -> 0 -> -1/-1/-1
aibox-ra7f0191d12b-7b895dd899-6c9m7:45651:48073 [1] NCCL INFO Tree 29 : -1 -> 0 -> -1/-1/-1
aibox-ra7f0191d12b-7b895dd899-6c9m7:45651:48073 [1] NCCL INFO Tree 14 : -1 -> 0 -> -1/-1/-1
aibox-ra7f0191d12b-7b895dd899-6c9m7:45651:48073 [1] NCCL INFO Tree 30 : -1 -> 0 -> -1/-1/-1
aibox-ra7f0191d12b-7b895dd899-6c9m7:45651:48073 [1] NCCL INFO Tree 15 : -1 -> 0 -> -1/-1/-1
aibox-ra7f0191d12b-7b895dd899-6c9m7:45651:48073 [1] NCCL INFO Tree 31 : -1 -> 0 -> -1/-1/-1
aibox-ra7f0191d12b-7b895dd899-6c9m7:45651:48073 [1] NCCL INFO Channel 00/32 :    0
aibox-ra7f0191d12b-7b895dd899-6c9m7:45651:48073 [1] NCCL INFO Channel 01/32 :    0
aibox-ra7f0191d12b-7b895dd899-6c9m7:45651:48073 [1] NCCL INFO Channel 02/32 :    0
aibox-ra7f0191d12b-7b895dd899-6c9m7:45651:48073 [1] NCCL INFO Channel 03/32 :    0
aibox-ra7f0191d12b-7b895dd899-6c9m7:45651:48073 [1] NCCL INFO Channel 04/32 :    0
aibox-ra7f0191d12b-7b895dd899-6c9m7:45651:48073 [1] NCCL INFO Channel 05/32 :    0
aibox-ra7f0191d12b-7b895dd899-6c9m7:45651:48073 [1] NCCL INFO Channel 06/32 :    0
aibox-ra7f0191d12b-7b895dd899-6c9m7:45651:48073 [1] NCCL INFO Channel 07/32 :    0
aibox-ra7f0191d12b-7b895dd899-6c9m7:45651:48073 [1] NCCL INFO Channel 08/32 :    0
aibox-ra7f0191d12b-7b895dd899-6c9m7:45651:48073 [1] NCCL INFO Channel 09/32 :    0
aibox-ra7f0191d12b-7b895dd899-6c9m7:45651:48073 [1] NCCL INFO Channel 10/32 :    0
aibox-ra7f0191d12b-7b895dd899-6c9m7:45651:48073 [1] NCCL INFO Channel 11/32 :    0
aibox-ra7f0191d12b-7b895dd899-6c9m7:45651:48073 [1] NCCL INFO Channel 12/32 :    0
aibox-ra7f0191d12b-7b895dd899-6c9m7:45651:48073 [1] NCCL INFO Channel 13/32 :    0
aibox-ra7f0191d12b-7b895dd899-6c9m7:45651:48073 [1] NCCL INFO Channel 14/32 :    0
aibox-ra7f0191d12b-7b895dd899-6c9m7:45651:48073 [1] NCCL INFO Channel 15/32 :    0
aibox-ra7f0191d12b-7b895dd899-6c9m7:45651:48073 [1] NCCL INFO Channel 16/32 :    0
aibox-ra7f0191d12b-7b895dd899-6c9m7:45651:48073 [1] NCCL INFO Channel 17/32 :    0
aibox-ra7f0191d12b-7b895dd899-6c9m7:45651:48073 [1] NCCL INFO Channel 18/32 :    0
aibox-ra7f0191d12b-7b895dd899-6c9m7:45651:48073 [1] NCCL INFO Channel 19/32 :    0
aibox-ra7f0191d12b-7b895dd899-6c9m7:45651:48073 [1] NCCL INFO Channel 20/32 :    0
aibox-ra7f0191d12b-7b895dd899-6c9m7:45651:48073 [1] NCCL INFO Channel 21/32 :    0
aibox-ra7f0191d12b-7b895dd899-6c9m7:45651:48073 [1] NCCL INFO Channel 22/32 :    0
aibox-ra7f0191d12b-7b895dd899-6c9m7:45651:48073 [1] NCCL INFO Channel 23/32 :    0
aibox-ra7f0191d12b-7b895dd899-6c9m7:45651:48073 [1] NCCL INFO Channel 24/32 :    0
aibox-ra7f0191d12b-7b895dd899-6c9m7:45651:48073 [1] NCCL INFO Channel 25/32 :    0
aibox-ra7f0191d12b-7b895dd899-6c9m7:45651:48073 [1] NCCL INFO Channel 26/32 :    0
aibox-ra7f0191d12b-7b895dd899-6c9m7:45651:48073 [1] NCCL INFO Channel 27/32 :    0
aibox-ra7f0191d12b-7b895dd899-6c9m7:45651:48073 [1] NCCL INFO Channel 28/32 :    0
aibox-ra7f0191d12b-7b895dd899-6c9m7:45651:48073 [1] NCCL INFO Channel 29/32 :    0
aibox-ra7f0191d12b-7b895dd899-6c9m7:45651:48073 [1] NCCL INFO Channel 30/32 :    0
aibox-ra7f0191d12b-7b895dd899-6c9m7:45651:48073 [1] NCCL INFO Channel 31/32 :    0
aibox-ra7f0191d12b-7b895dd899-6c9m7:45651:48073 [1] NCCL INFO Ring 00 : 0 -> 0 -> 0
aibox-ra7f0191d12b-7b895dd899-6c9m7:45651:48073 [1] NCCL INFO Ring 01 : 0 -> 0 -> 0
aibox-ra7f0191d12b-7b895dd899-6c9m7:45651:48073 [1] NCCL INFO Ring 02 : 0 -> 0 -> 0
aibox-ra7f0191d12b-7b895dd899-6c9m7:45651:48073 [1] NCCL INFO Ring 03 : 0 -> 0 -> 0
aibox-ra7f0191d12b-7b895dd899-6c9m7:45651:48073 [1] NCCL INFO Ring 04 : 0 -> 0 -> 0
aibox-ra7f0191d12b-7b895dd899-6c9m7:45651:48073 [1] NCCL INFO Ring 05 : 0 -> 0 -> 0
aibox-ra7f0191d12b-7b895dd899-6c9m7:45651:48073 [1] NCCL INFO Ring 06 : 0 -> 0 -> 0
aibox-ra7f0191d12b-7b895dd899-6c9m7:45651:48073 [1] NCCL INFO Ring 07 : 0 -> 0 -> 0
aibox-ra7f0191d12b-7b895dd899-6c9m7:45651:48073 [1] NCCL INFO Ring 08 : 0 -> 0 -> 0
aibox-ra7f0191d12b-7b895dd899-6c9m7:45651:48073 [1] NCCL INFO Ring 09 : 0 -> 0 -> 0
aibox-ra7f0191d12b-7b895dd899-6c9m7:45651:48073 [1] NCCL INFO Ring 10 : 0 -> 0 -> 0
aibox-ra7f0191d12b-7b895dd899-6c9m7:45651:48073 [1] NCCL INFO Ring 11 : 0 -> 0 -> 0
aibox-ra7f0191d12b-7b895dd899-6c9m7:45651:48073 [1] NCCL INFO Ring 12 : 0 -> 0 -> 0
aibox-ra7f0191d12b-7b895dd899-6c9m7:45651:48073 [1] NCCL INFO Ring 13 : 0 -> 0 -> 0
aibox-ra7f0191d12b-7b895dd899-6c9m7:45651:48073 [1] NCCL INFO Ring 14 : 0 -> 0 -> 0
aibox-ra7f0191d12b-7b895dd899-6c9m7:45651:48073 [1] NCCL INFO Ring 15 : 0 -> 0 -> 0
aibox-ra7f0191d12b-7b895dd899-6c9m7:45651:48073 [1] NCCL INFO Ring 16 : 0 -> 0 -> 0
aibox-ra7f0191d12b-7b895dd899-6c9m7:45651:48073 [1] NCCL INFO Ring 17 : 0 -> 0 -> 0
aibox-ra7f0191d12b-7b895dd899-6c9m7:45651:48073 [1] NCCL INFO Ring 18 : 0 -> 0 -> 0
aibox-ra7f0191d12b-7b895dd899-6c9m7:45651:48073 [1] NCCL INFO Ring 19 : 0 -> 0 -> 0
aibox-ra7f0191d12b-7b895dd899-6c9m7:45651:48073 [1] NCCL INFO Ring 20 : 0 -> 0 -> 0
aibox-ra7f0191d12b-7b895dd899-6c9m7:45651:48073 [1] NCCL INFO Ring 21 : 0 -> 0 -> 0
aibox-ra7f0191d12b-7b895dd899-6c9m7:45651:48073 [1] NCCL INFO Ring 22 : 0 -> 0 -> 0
aibox-ra7f0191d12b-7b895dd899-6c9m7:45651:48073 [1] NCCL INFO Ring 23 : 0 -> 0 -> 0
aibox-ra7f0191d12b-7b895dd899-6c9m7:45651:48073 [1] NCCL INFO Ring 24 : 0 -> 0 -> 0
aibox-ra7f0191d12b-7b895dd899-6c9m7:45651:48073 [1] NCCL INFO Ring 25 : 0 -> 0 -> 0
aibox-ra7f0191d12b-7b895dd899-6c9m7:45651:48073 [1] NCCL INFO Ring 26 : 0 -> 0 -> 0
aibox-ra7f0191d12b-7b895dd899-6c9m7:45651:48073 [1] NCCL INFO Ring 27 : 0 -> 0 -> 0
aibox-ra7f0191d12b-7b895dd899-6c9m7:45651:48073 [1] NCCL INFO Ring 28 : 0 -> 0 -> 0
aibox-ra7f0191d12b-7b895dd899-6c9m7:45651:48073 [1] NCCL INFO Ring 29 : 0 -> 0 -> 0
aibox-ra7f0191d12b-7b895dd899-6c9m7:45651:48073 [1] NCCL INFO Ring 30 : 0 -> 0 -> 0
aibox-ra7f0191d12b-7b895dd899-6c9m7:45651:48073 [1] NCCL INFO Ring 31 : 0 -> 0 -> 0
aibox-ra7f0191d12b-7b895dd899-6c9m7:45651:48073 [1] NCCL INFO Trees [0] -1/-1/-1->0->-1 [1] -1/-1/-1->0->-1 [2] -1/-1/-1->0->-1 [3] -1/-1/-1->0->-1 [4] -1/-1/-1->0->-1 [5] -1/-1/-1->0->-1 [6] -1/-1/-1->0->-1 [7] -1/-1/-1->0->-1 [8] -1/-1/-1->0->-1 [9] -1/-1/-1->0->-1 [10] -1/-1/-1->0->-1 [11] -1/-1/-1->0->-1 [12] -1/-1/-1->0->-1 [13] -1/-1/-1->0->-1 [14] -1/-1/-1->0->-1 [15] -1/-1/-1->0->-1 [16] -1/-1/-1->0->-1 [17] -1/-1/-1->0->-1 [18] -1/-1/-1->0->-1 [19] -1/-1/-1->0->-1 [20] -1/-1/-1->0->-1 [21] -1/-1/-1->0->-1 [22] -1/-1/-1->0->-1 [23] -1/-1/-1->0->-1 [24] -1/-1/-1->0->-1 [25] -1/-1/-1->0->-1 [26] -1/-1/-1->0->-1 [27] -1/-1/-1->0->-1 [28] -1/-1/-1->0->-1 [29] -1/-1/-1->0->-1 [30] -1/-1/-1->0->-1 [31] -1/-1/-1->0->-1
aibox-ra7f0191d12b-7b895dd899-6c9m7:45651:48073 [1] NCCL INFO P2P Chunksize set to 131072
aibox-ra7f0191d12b-7b895dd899-6c9m7:45650:48071 [0] NCCL INFO === System : maxBw 5000.0 totalBw 0.0 ===
aibox-ra7f0191d12b-7b895dd899-6c9m7:45650:48071 [0] NCCL INFO CPU/1 (1/1/2)
aibox-ra7f0191d12b-7b895dd899-6c9m7:45650:48071 [0] NCCL INFO + PCI[24.0] - PCI/A7000 (1000c01010000000)
aibox-ra7f0191d12b-7b895dd899-6c9m7:45650:48071 [0] NCCL INFO               + PCI[24.0] - PCI/AB000 (1000c01010de13b8)
aibox-ra7f0191d12b-7b895dd899-6c9m7:45650:48071 [0] NCCL INFO                             + PCI[24.0] - GPU/AD000 (0)
aibox-ra7f0191d12b-7b895dd899-6c9m7:45650:48071 [0] NCCL INFO                                           + NVL[160.0] - NVS/0
aibox-ra7f0191d12b-7b895dd899-6c9m7:45650:48071 [0] NCCL INFO               + PCI[24.0] - NIC/C2000
aibox-ra7f0191d12b-7b895dd899-6c9m7:45650:48071 [0] NCCL INFO + PCI[24.0] - PCI/CA000 (1000c01010000000)
aibox-ra7f0191d12b-7b895dd899-6c9m7:45650:48071 [0] NCCL INFO               + PCI[24.0] - NIC/DB000
aibox-ra7f0191d12b-7b895dd899-6c9m7:45650:48071 [0] NCCL INFO + SYS[10.0] - CPU/0
aibox-ra7f0191d12b-7b895dd899-6c9m7:45650:48071 [0] NCCL INFO CPU/0 (1/1/2)
aibox-ra7f0191d12b-7b895dd899-6c9m7:45650:48071 [0] NCCL INFO + PCI[24.0] - PCI/4D000 (1000c01010000000)
aibox-ra7f0191d12b-7b895dd899-6c9m7:45650:48071 [0] NCCL INFO               + PCI[24.0] - NIC/5A000
aibox-ra7f0191d12b-7b895dd899-6c9m7:45650:48071 [0] NCCL INFO + PCI[24.0] - PCI/66000 (1000c01010000000)
aibox-ra7f0191d12b-7b895dd899-6c9m7:45650:48071 [0] NCCL INFO               + PCI[24.0] - NIC/73000
aibox-ra7f0191d12b-7b895dd899-6c9m7:45650:48071 [0] NCCL INFO + SYS[10.0] - CPU/1
aibox-ra7f0191d12b-7b895dd899-6c9m7:45650:48071 [0] NCCL INFO ==========================================
aibox-ra7f0191d12b-7b895dd899-6c9m7:45650:48071 [0] NCCL INFO GPU/AD000 :GPU/AD000 (0/5000.000000/LOC) NVS/0 (1/160.000000/NVL) CPU/1 (3/24.000000/PHB) CPU/0 (4/10.000000/SYS) 
aibox-ra7f0191d12b-7b895dd899-6c9m7:45650:48071 [0] NCCL INFO Setting affinity for GPU 0 to ffffffff,00000000,ffffffff,00000000
aibox-ra7f0191d12b-7b895dd899-6c9m7:45650:48071 [0] NCCL INFO Pattern 4, crossNic 0, nChannels 16, bw 40.000000/40.000000, type LOC/PIX, sameChannels 1
aibox-ra7f0191d12b-7b895dd899-6c9m7:45650:48071 [0] NCCL INFO  0 : GPU/0
aibox-ra7f0191d12b-7b895dd899-6c9m7:45650:48071 [0] NCCL INFO  1 : GPU/0
aibox-ra7f0191d12b-7b895dd899-6c9m7:45650:48071 [0] NCCL INFO  2 : GPU/0
aibox-ra7f0191d12b-7b895dd899-6c9m7:45650:48071 [0] NCCL INFO  3 : GPU/0
aibox-ra7f0191d12b-7b895dd899-6c9m7:45650:48071 [0] NCCL INFO  4 : GPU/0
aibox-ra7f0191d12b-7b895dd899-6c9m7:45650:48071 [0] NCCL INFO  5 : GPU/0
aibox-ra7f0191d12b-7b895dd899-6c9m7:45650:48071 [0] NCCL INFO  6 : GPU/0
aibox-ra7f0191d12b-7b895dd899-6c9m7:45650:48071 [0] NCCL INFO  7 : GPU/0
aibox-ra7f0191d12b-7b895dd899-6c9m7:45650:48071 [0] NCCL INFO  8 : GPU/0
aibox-ra7f0191d12b-7b895dd899-6c9m7:45650:48071 [0] NCCL INFO  9 : GPU/0
aibox-ra7f0191d12b-7b895dd899-6c9m7:45650:48071 [0] NCCL INFO 10 : GPU/0
aibox-ra7f0191d12b-7b895dd899-6c9m7:45650:48071 [0] NCCL INFO 11 : GPU/0
aibox-ra7f0191d12b-7b895dd899-6c9m7:45650:48071 [0] NCCL INFO 12 : GPU/0
aibox-ra7f0191d12b-7b895dd899-6c9m7:45650:48071 [0] NCCL INFO 13 : GPU/0
aibox-ra7f0191d12b-7b895dd899-6c9m7:45650:48071 [0] NCCL INFO 14 : GPU/0
aibox-ra7f0191d12b-7b895dd899-6c9m7:45650:48071 [0] NCCL INFO 15 : GPU/0
aibox-ra7f0191d12b-7b895dd899-6c9m7:45650:48071 [0] NCCL INFO Pattern 3, crossNic 0, nChannels 16, bw 40.000000/40.000000, type LOC/PIX, sameChannels 1
aibox-ra7f0191d12b-7b895dd899-6c9m7:45650:48071 [0] NCCL INFO  0 : GPU/0
aibox-ra7f0191d12b-7b895dd899-6c9m7:45650:48071 [0] NCCL INFO  1 : GPU/0
aibox-ra7f0191d12b-7b895dd899-6c9m7:45650:48071 [0] NCCL INFO  2 : GPU/0
aibox-ra7f0191d12b-7b895dd899-6c9m7:45650:48071 [0] NCCL INFO  3 : GPU/0
aibox-ra7f0191d12b-7b895dd899-6c9m7:45650:48071 [0] NCCL INFO  4 : GPU/0
aibox-ra7f0191d12b-7b895dd899-6c9m7:45650:48071 [0] NCCL INFO  5 : GPU/0
aibox-ra7f0191d12b-7b895dd899-6c9m7:45650:48071 [0] NCCL INFO  6 : GPU/0
aibox-ra7f0191d12b-7b895dd899-6c9m7:45650:48071 [0] NCCL INFO  7 : GPU/0
aibox-ra7f0191d12b-7b895dd899-6c9m7:45650:48071 [0] NCCL INFO  8 : GPU/0
aibox-ra7f0191d12b-7b895dd899-6c9m7:45650:48071 [0] NCCL INFO  9 : GPU/0
aibox-ra7f0191d12b-7b895dd899-6c9m7:45650:48071 [0] NCCL INFO 10 : GPU/0
aibox-ra7f0191d12b-7b895dd899-6c9m7:45650:48071 [0] NCCL INFO 11 : GPU/0
aibox-ra7f0191d12b-7b895dd899-6c9m7:45650:48071 [0] NCCL INFO 12 : GPU/0
aibox-ra7f0191d12b-7b895dd899-6c9m7:45650:48071 [0] NCCL INFO 13 : GPU/0
aibox-ra7f0191d12b-7b895dd899-6c9m7:45650:48071 [0] NCCL INFO 14 : GPU/0
aibox-ra7f0191d12b-7b895dd899-6c9m7:45650:48071 [0] NCCL INFO 15 : GPU/0
aibox-ra7f0191d12b-7b895dd899-6c9m7:45650:48071 [0] NCCL INFO Tree 0 : -1 -> 0 -> -1/-1/-1
aibox-ra7f0191d12b-7b895dd899-6c9m7:45650:48071 [0] NCCL INFO Tree 16 : -1 -> 0 -> -1/-1/-1
aibox-ra7f0191d12b-7b895dd899-6c9m7:45650:48071 [0] NCCL INFO Tree 1 : -1 -> 0 -> -1/-1/-1
aibox-ra7f0191d12b-7b895dd899-6c9m7:45650:48071 [0] NCCL INFO Tree 17 : -1 -> 0 -> -1/-1/-1
aibox-ra7f0191d12b-7b895dd899-6c9m7:45650:48071 [0] NCCL INFO Tree 2 : -1 -> 0 -> -1/-1/-1
aibox-ra7f0191d12b-7b895dd899-6c9m7:45650:48071 [0] NCCL INFO Tree 18 : -1 -> 0 -> -1/-1/-1
aibox-ra7f0191d12b-7b895dd899-6c9m7:45650:48071 [0] NCCL INFO Tree 3 : -1 -> 0 -> -1/-1/-1
aibox-ra7f0191d12b-7b895dd899-6c9m7:45650:48071 [0] NCCL INFO Tree 19 : -1 -> 0 -> -1/-1/-1
aibox-ra7f0191d12b-7b895dd899-6c9m7:45650:48071 [0] NCCL INFO Tree 4 : -1 -> 0 -> -1/-1/-1
aibox-ra7f0191d12b-7b895dd899-6c9m7:45650:48071 [0] NCCL INFO Tree 20 : -1 -> 0 -> -1/-1/-1
aibox-ra7f0191d12b-7b895dd899-6c9m7:45650:48071 [0] NCCL INFO Tree 5 : -1 -> 0 -> -1/-1/-1
aibox-ra7f0191d12b-7b895dd899-6c9m7:45650:48071 [0] NCCL INFO Tree 21 : -1 -> 0 -> -1/-1/-1
aibox-ra7f0191d12b-7b895dd899-6c9m7:45650:48071 [0] NCCL INFO Tree 6 : -1 -> 0 -> -1/-1/-1
aibox-ra7f0191d12b-7b895dd899-6c9m7:45650:48071 [0] NCCL INFO Tree 22 : -1 -> 0 -> -1/-1/-1
aibox-ra7f0191d12b-7b895dd899-6c9m7:45650:48071 [0] NCCL INFO Tree 7 : -1 -> 0 -> -1/-1/-1
aibox-ra7f0191d12b-7b895dd899-6c9m7:45650:48071 [0] NCCL INFO Tree 23 : -1 -> 0 -> -1/-1/-1
aibox-ra7f0191d12b-7b895dd899-6c9m7:45650:48071 [0] NCCL INFO Tree 8 : -1 -> 0 -> -1/-1/-1
aibox-ra7f0191d12b-7b895dd899-6c9m7:45650:48071 [0] NCCL INFO Tree 24 : -1 -> 0 -> -1/-1/-1
aibox-ra7f0191d12b-7b895dd899-6c9m7:45650:48071 [0] NCCL INFO Tree 9 : -1 -> 0 -> -1/-1/-1
aibox-ra7f0191d12b-7b895dd899-6c9m7:45650:48071 [0] NCCL INFO Tree 25 : -1 -> 0 -> -1/-1/-1
aibox-ra7f0191d12b-7b895dd899-6c9m7:45650:48071 [0] NCCL INFO Tree 10 : -1 -> 0 -> -1/-1/-1
aibox-ra7f0191d12b-7b895dd899-6c9m7:45650:48071 [0] NCCL INFO Tree 26 : -1 -> 0 -> -1/-1/-1
aibox-ra7f0191d12b-7b895dd899-6c9m7:45650:48071 [0] NCCL INFO Tree 11 : -1 -> 0 -> -1/-1/-1
aibox-ra7f0191d12b-7b895dd899-6c9m7:45650:48071 [0] NCCL INFO Tree 27 : -1 -> 0 -> -1/-1/-1
aibox-ra7f0191d12b-7b895dd899-6c9m7:45650:48071 [0] NCCL INFO Tree 12 : -1 -> 0 -> -1/-1/-1
aibox-ra7f0191d12b-7b895dd899-6c9m7:45650:48071 [0] NCCL INFO Tree 28 : -1 -> 0 -> -1/-1/-1
aibox-ra7f0191d12b-7b895dd899-6c9m7:45650:48071 [0] NCCL INFO Tree 13 : -1 -> 0 -> -1/-1/-1
aibox-ra7f0191d12b-7b895dd899-6c9m7:45650:48071 [0] NCCL INFO Tree 29 : -1 -> 0 -> -1/-1/-1
aibox-ra7f0191d12b-7b895dd899-6c9m7:45650:48071 [0] NCCL INFO Tree 14 : -1 -> 0 -> -1/-1/-1
aibox-ra7f0191d12b-7b895dd899-6c9m7:45650:48071 [0] NCCL INFO Tree 30 : -1 -> 0 -> -1/-1/-1
aibox-ra7f0191d12b-7b895dd899-6c9m7:45650:48071 [0] NCCL INFO Tree 15 : -1 -> 0 -> -1/-1/-1
aibox-ra7f0191d12b-7b895dd899-6c9m7:45650:48071 [0] NCCL INFO Tree 31 : -1 -> 0 -> -1/-1/-1
aibox-ra7f0191d12b-7b895dd899-6c9m7:45650:48071 [0] NCCL INFO Channel 00/32 :    0
aibox-ra7f0191d12b-7b895dd899-6c9m7:45650:48071 [0] NCCL INFO Channel 01/32 :    0
aibox-ra7f0191d12b-7b895dd899-6c9m7:45650:48071 [0] NCCL INFO Channel 02/32 :    0
aibox-ra7f0191d12b-7b895dd899-6c9m7:45650:48071 [0] NCCL INFO Channel 03/32 :    0
aibox-ra7f0191d12b-7b895dd899-6c9m7:45650:48071 [0] NCCL INFO Channel 04/32 :    0
aibox-ra7f0191d12b-7b895dd899-6c9m7:45650:48071 [0] NCCL INFO Channel 05/32 :    0
aibox-ra7f0191d12b-7b895dd899-6c9m7:45650:48071 [0] NCCL INFO Channel 06/32 :    0
aibox-ra7f0191d12b-7b895dd899-6c9m7:45650:48071 [0] NCCL INFO Channel 07/32 :    0
aibox-ra7f0191d12b-7b895dd899-6c9m7:45650:48071 [0] NCCL INFO Channel 08/32 :    0
aibox-ra7f0191d12b-7b895dd899-6c9m7:45650:48071 [0] NCCL INFO Channel 09/32 :    0
aibox-ra7f0191d12b-7b895dd899-6c9m7:45650:48071 [0] NCCL INFO Channel 10/32 :    0
aibox-ra7f0191d12b-7b895dd899-6c9m7:45650:48071 [0] NCCL INFO Channel 11/32 :    0
aibox-ra7f0191d12b-7b895dd899-6c9m7:45650:48071 [0] NCCL INFO Channel 12/32 :    0
aibox-ra7f0191d12b-7b895dd899-6c9m7:45650:48071 [0] NCCL INFO Channel 13/32 :    0
aibox-ra7f0191d12b-7b895dd899-6c9m7:45650:48071 [0] NCCL INFO Channel 14/32 :    0
aibox-ra7f0191d12b-7b895dd899-6c9m7:45650:48071 [0] NCCL INFO Channel 15/32 :    0
aibox-ra7f0191d12b-7b895dd899-6c9m7:45650:48071 [0] NCCL INFO Channel 16/32 :    0
aibox-ra7f0191d12b-7b895dd899-6c9m7:45650:48071 [0] NCCL INFO Channel 17/32 :    0
aibox-ra7f0191d12b-7b895dd899-6c9m7:45650:48071 [0] NCCL INFO Channel 18/32 :    0
aibox-ra7f0191d12b-7b895dd899-6c9m7:45650:48071 [0] NCCL INFO Channel 19/32 :    0
aibox-ra7f0191d12b-7b895dd899-6c9m7:45650:48071 [0] NCCL INFO Channel 20/32 :    0
aibox-ra7f0191d12b-7b895dd899-6c9m7:45650:48071 [0] NCCL INFO Channel 21/32 :    0
aibox-ra7f0191d12b-7b895dd899-6c9m7:45650:48071 [0] NCCL INFO Channel 22/32 :    0
aibox-ra7f0191d12b-7b895dd899-6c9m7:45650:48071 [0] NCCL INFO Channel 23/32 :    0
aibox-ra7f0191d12b-7b895dd899-6c9m7:45650:48071 [0] NCCL INFO Channel 24/32 :    0
aibox-ra7f0191d12b-7b895dd899-6c9m7:45650:48071 [0] NCCL INFO Channel 25/32 :    0
aibox-ra7f0191d12b-7b895dd899-6c9m7:45650:48071 [0] NCCL INFO Channel 26/32 :    0
aibox-ra7f0191d12b-7b895dd899-6c9m7:45650:48071 [0] NCCL INFO Channel 27/32 :    0
aibox-ra7f0191d12b-7b895dd899-6c9m7:45650:48071 [0] NCCL INFO Channel 28/32 :    0
aibox-ra7f0191d12b-7b895dd899-6c9m7:45650:48071 [0] NCCL INFO Channel 29/32 :    0
aibox-ra7f0191d12b-7b895dd899-6c9m7:45650:48071 [0] NCCL INFO Channel 30/32 :    0
aibox-ra7f0191d12b-7b895dd899-6c9m7:45650:48071 [0] NCCL INFO Channel 31/32 :    0
aibox-ra7f0191d12b-7b895dd899-6c9m7:45650:48071 [0] NCCL INFO Ring 00 : 0 -> 0 -> 0
aibox-ra7f0191d12b-7b895dd899-6c9m7:45650:48071 [0] NCCL INFO Ring 01 : 0 -> 0 -> 0
aibox-ra7f0191d12b-7b895dd899-6c9m7:45650:48071 [0] NCCL INFO Ring 02 : 0 -> 0 -> 0
aibox-ra7f0191d12b-7b895dd899-6c9m7:45650:48071 [0] NCCL INFO Ring 03 : 0 -> 0 -> 0
aibox-ra7f0191d12b-7b895dd899-6c9m7:45650:48071 [0] NCCL INFO Ring 04 : 0 -> 0 -> 0
aibox-ra7f0191d12b-7b895dd899-6c9m7:45650:48071 [0] NCCL INFO Ring 05 : 0 -> 0 -> 0
aibox-ra7f0191d12b-7b895dd899-6c9m7:45650:48071 [0] NCCL INFO Ring 06 : 0 -> 0 -> 0
aibox-ra7f0191d12b-7b895dd899-6c9m7:45650:48071 [0] NCCL INFO Ring 07 : 0 -> 0 -> 0
aibox-ra7f0191d12b-7b895dd899-6c9m7:45650:48071 [0] NCCL INFO Ring 08 : 0 -> 0 -> 0
aibox-ra7f0191d12b-7b895dd899-6c9m7:45650:48071 [0] NCCL INFO Ring 09 : 0 -> 0 -> 0
aibox-ra7f0191d12b-7b895dd899-6c9m7:45650:48071 [0] NCCL INFO Ring 10 : 0 -> 0 -> 0
aibox-ra7f0191d12b-7b895dd899-6c9m7:45650:48071 [0] NCCL INFO Ring 11 : 0 -> 0 -> 0
aibox-ra7f0191d12b-7b895dd899-6c9m7:45650:48071 [0] NCCL INFO Ring 12 : 0 -> 0 -> 0
aibox-ra7f0191d12b-7b895dd899-6c9m7:45650:48071 [0] NCCL INFO Ring 13 : 0 -> 0 -> 0
aibox-ra7f0191d12b-7b895dd899-6c9m7:45650:48071 [0] NCCL INFO Ring 14 : 0 -> 0 -> 0
aibox-ra7f0191d12b-7b895dd899-6c9m7:45650:48071 [0] NCCL INFO Ring 15 : 0 -> 0 -> 0
aibox-ra7f0191d12b-7b895dd899-6c9m7:45650:48071 [0] NCCL INFO Ring 16 : 0 -> 0 -> 0
aibox-ra7f0191d12b-7b895dd899-6c9m7:45650:48071 [0] NCCL INFO Ring 17 : 0 -> 0 -> 0
aibox-ra7f0191d12b-7b895dd899-6c9m7:45650:48071 [0] NCCL INFO Ring 18 : 0 -> 0 -> 0
aibox-ra7f0191d12b-7b895dd899-6c9m7:45650:48071 [0] NCCL INFO Ring 19 : 0 -> 0 -> 0
aibox-ra7f0191d12b-7b895dd899-6c9m7:45650:48071 [0] NCCL INFO Ring 20 : 0 -> 0 -> 0
aibox-ra7f0191d12b-7b895dd899-6c9m7:45650:48071 [0] NCCL INFO Ring 21 : 0 -> 0 -> 0
aibox-ra7f0191d12b-7b895dd899-6c9m7:45650:48071 [0] NCCL INFO Ring 22 : 0 -> 0 -> 0
aibox-ra7f0191d12b-7b895dd899-6c9m7:45650:48071 [0] NCCL INFO Ring 23 : 0 -> 0 -> 0
aibox-ra7f0191d12b-7b895dd899-6c9m7:45650:48071 [0] NCCL INFO Ring 24 : 0 -> 0 -> 0
aibox-ra7f0191d12b-7b895dd899-6c9m7:45650:48071 [0] NCCL INFO Ring 25 : 0 -> 0 -> 0
aibox-ra7f0191d12b-7b895dd899-6c9m7:45650:48071 [0] NCCL INFO Ring 26 : 0 -> 0 -> 0
aibox-ra7f0191d12b-7b895dd899-6c9m7:45650:48071 [0] NCCL INFO Ring 27 : 0 -> 0 -> 0
aibox-ra7f0191d12b-7b895dd899-6c9m7:45653:48075 [3] NCCL INFO === System : maxBw 5000.0 totalBw 0.0 ===
aibox-ra7f0191d12b-7b895dd899-6c9m7:45650:48071 [0] NCCL INFO Ring 28 : 0 -> 0 -> 0
aibox-ra7f0191d12b-7b895dd899-6c9m7:45653:48075 [3] NCCL INFO CPU/1 (1/1/2)
aibox-ra7f0191d12b-7b895dd899-6c9m7:45650:48071 [0] NCCL INFO Ring 29 : 0 -> 0 -> 0
aibox-ra7f0191d12b-7b895dd899-6c9m7:45650:48071 [0] NCCL INFO Ring 30 : 0 -> 0 -> 0
aibox-ra7f0191d12b-7b895dd899-6c9m7:45653:48075 [3] NCCL INFO + PCI[24.0] - PCI/A7000 (1000c01010000000)
aibox-ra7f0191d12b-7b895dd899-6c9m7:45653:48075 [3] NCCL INFO               + PCI[24.0] - NIC/C2000
aibox-ra7f0191d12b-7b895dd899-6c9m7:45650:48071 [0] NCCL INFO Ring 31 : 0 -> 0 -> 0
aibox-ra7f0191d12b-7b895dd899-6c9m7:45650:48071 [0] NCCL INFO Trees [0] -1/-1/-1->0->-1 [1] -1/-1/-1->0->-1 [2] -1/-1/-1->0->-1 [3] -1/-1/-1->0->-1 [4] -1/-1/-1->0->-1 [5] -1/-1/-1->0->-1 [6] -1/-1/-1->0->-1 [7] -1/-1/-1->0->-1 [8] -1/-1/-1->0->-1 [9] -1/-1/-1->0->-1 [10] -1/-1/-1->0->-1 [11] -1/-1/-1->0->-1 [12] -1/-1/-1->0->-1 [13] -1/-1/-1->0->-1 [14] -1/-1/-1->0->-1 [15] -1/-1/-1->0->-1 [16] -1/-1/-1->0->-1 [17] -1/-1/-1->0->-1 [18] -1/-1/-1->0->-1 [19] -1/-1/-1->0->-1 [20] -1/-1/-1->0->-1 [21] -1/-1/-1->0->-1 [22] -1/-1/-1->0->-1 [23] -1/-1/-1->0->-1 [24] -1/-1/-1->0->-1 [25] -1/-1/-1->0->-1 [26] -1/-1/-1->0->-1 [27] -1/-1/-1->0->-1 [28] -1/-1/-1->0->-1 [29] -1/-1/-1->0->-1 [30] -1/-1/-1->0->-1 [31] -1/-1/-1->0->-1
aibox-ra7f0191d12b-7b895dd899-6c9m7:45653:48075 [3] NCCL INFO + PCI[24.0] - PCI/CA000 (1000c01010000000)
aibox-ra7f0191d12b-7b895dd899-6c9m7:45653:48075 [3] NCCL INFO               + PCI[24.0] - PCI/D1000 (1000c01010de13b8)
aibox-ra7f0191d12b-7b895dd899-6c9m7:45650:48071 [0] NCCL INFO P2P Chunksize set to 131072
aibox-ra7f0191d12b-7b895dd899-6c9m7:45653:48075 [3] NCCL INFO                             + PCI[24.0] - GPU/D3000 (0)
aibox-ra7f0191d12b-7b895dd899-6c9m7:45653:48075 [3] NCCL INFO                                           + NVL[160.0] - NVS/0
aibox-ra7f0191d12b-7b895dd899-6c9m7:45653:48075 [3] NCCL INFO               + PCI[24.0] - NIC/DB000
aibox-ra7f0191d12b-7b895dd899-6c9m7:45653:48075 [3] NCCL INFO + SYS[10.0] - CPU/0
aibox-ra7f0191d12b-7b895dd899-6c9m7:45653:48075 [3] NCCL INFO CPU/0 (1/1/2)
aibox-ra7f0191d12b-7b895dd899-6c9m7:45653:48075 [3] NCCL INFO + PCI[24.0] - PCI/4D000 (1000c01010000000)
aibox-ra7f0191d12b-7b895dd899-6c9m7:45653:48075 [3] NCCL INFO               + PCI[24.0] - NIC/5A000
aibox-ra7f0191d12b-7b895dd899-6c9m7:45653:48075 [3] NCCL INFO + PCI[24.0] - PCI/66000 (1000c01010000000)
aibox-ra7f0191d12b-7b895dd899-6c9m7:45653:48075 [3] NCCL INFO               + PCI[24.0] - NIC/73000
aibox-ra7f0191d12b-7b895dd899-6c9m7:45653:48075 [3] NCCL INFO + SYS[10.0] - CPU/1
aibox-ra7f0191d12b-7b895dd899-6c9m7:45653:48075 [3] NCCL INFO ==========================================
aibox-ra7f0191d12b-7b895dd899-6c9m7:45653:48075 [3] NCCL INFO GPU/D3000 :GPU/D3000 (0/5000.000000/LOC) NVS/0 (1/160.000000/NVL) CPU/1 (3/24.000000/PHB) CPU/0 (4/10.000000/SYS) 
aibox-ra7f0191d12b-7b895dd899-6c9m7:45653:48075 [3] NCCL INFO Setting affinity for GPU 3 to ffffffff,00000000,ffffffff,00000000
aibox-ra7f0191d12b-7b895dd899-6c9m7:45653:48075 [3] NCCL INFO Pattern 4, crossNic 0, nChannels 16, bw 40.000000/40.000000, type LOC/PIX, sameChannels 1
aibox-ra7f0191d12b-7b895dd899-6c9m7:45653:48075 [3] NCCL INFO  0 : GPU/0
aibox-ra7f0191d12b-7b895dd899-6c9m7:45653:48075 [3] NCCL INFO  1 : GPU/0
aibox-ra7f0191d12b-7b895dd899-6c9m7:45653:48075 [3] NCCL INFO  2 : GPU/0
aibox-ra7f0191d12b-7b895dd899-6c9m7:45653:48075 [3] NCCL INFO  3 : GPU/0
aibox-ra7f0191d12b-7b895dd899-6c9m7:45653:48075 [3] NCCL INFO  4 : GPU/0
aibox-ra7f0191d12b-7b895dd899-6c9m7:45653:48075 [3] NCCL INFO  5 : GPU/0
aibox-ra7f0191d12b-7b895dd899-6c9m7:45653:48075 [3] NCCL INFO  6 : GPU/0
aibox-ra7f0191d12b-7b895dd899-6c9m7:45653:48075 [3] NCCL INFO  7 : GPU/0
aibox-ra7f0191d12b-7b895dd899-6c9m7:45653:48075 [3] NCCL INFO  8 : GPU/0
aibox-ra7f0191d12b-7b895dd899-6c9m7:45653:48075 [3] NCCL INFO  9 : GPU/0
aibox-ra7f0191d12b-7b895dd899-6c9m7:45653:48075 [3] NCCL INFO 10 : GPU/0
aibox-ra7f0191d12b-7b895dd899-6c9m7:45653:48075 [3] NCCL INFO 11 : GPU/0
aibox-ra7f0191d12b-7b895dd899-6c9m7:45653:48075 [3] NCCL INFO 12 : GPU/0
aibox-ra7f0191d12b-7b895dd899-6c9m7:45653:48075 [3] NCCL INFO 13 : GPU/0
aibox-ra7f0191d12b-7b895dd899-6c9m7:45653:48075 [3] NCCL INFO 14 : GPU/0
aibox-ra7f0191d12b-7b895dd899-6c9m7:45653:48075 [3] NCCL INFO 15 : GPU/0
aibox-ra7f0191d12b-7b895dd899-6c9m7:45653:48075 [3] NCCL INFO Pattern 3, crossNic 0, nChannels 16, bw 40.000000/40.000000, type LOC/PIX, sameChannels 1
aibox-ra7f0191d12b-7b895dd899-6c9m7:45653:48075 [3] NCCL INFO  0 : GPU/0
aibox-ra7f0191d12b-7b895dd899-6c9m7:45653:48075 [3] NCCL INFO  1 : GPU/0
aibox-ra7f0191d12b-7b895dd899-6c9m7:45653:48075 [3] NCCL INFO  2 : GPU/0
aibox-ra7f0191d12b-7b895dd899-6c9m7:45653:48075 [3] NCCL INFO  3 : GPU/0
aibox-ra7f0191d12b-7b895dd899-6c9m7:45653:48075 [3] NCCL INFO  4 : GPU/0
aibox-ra7f0191d12b-7b895dd899-6c9m7:45653:48075 [3] NCCL INFO  5 : GPU/0
aibox-ra7f0191d12b-7b895dd899-6c9m7:45653:48075 [3] NCCL INFO  6 : GPU/0
aibox-ra7f0191d12b-7b895dd899-6c9m7:45653:48075 [3] NCCL INFO  7 : GPU/0
aibox-ra7f0191d12b-7b895dd899-6c9m7:45653:48075 [3] NCCL INFO  8 : GPU/0
aibox-ra7f0191d12b-7b895dd899-6c9m7:45653:48075 [3] NCCL INFO  9 : GPU/0
aibox-ra7f0191d12b-7b895dd899-6c9m7:45653:48075 [3] NCCL INFO 10 : GPU/0
aibox-ra7f0191d12b-7b895dd899-6c9m7:45653:48075 [3] NCCL INFO 11 : GPU/0
aibox-ra7f0191d12b-7b895dd899-6c9m7:45653:48075 [3] NCCL INFO 12 : GPU/0
aibox-ra7f0191d12b-7b895dd899-6c9m7:45653:48075 [3] NCCL INFO 13 : GPU/0
aibox-ra7f0191d12b-7b895dd899-6c9m7:45653:48075 [3] NCCL INFO 14 : GPU/0
aibox-ra7f0191d12b-7b895dd899-6c9m7:45653:48075 [3] NCCL INFO 15 : GPU/0
aibox-ra7f0191d12b-7b895dd899-6c9m7:45653:48075 [3] NCCL INFO Tree 0 : -1 -> 0 -> -1/-1/-1
aibox-ra7f0191d12b-7b895dd899-6c9m7:45653:48075 [3] NCCL INFO Tree 16 : -1 -> 0 -> -1/-1/-1
aibox-ra7f0191d12b-7b895dd899-6c9m7:45653:48075 [3] NCCL INFO Tree 1 : -1 -> 0 -> -1/-1/-1
aibox-ra7f0191d12b-7b895dd899-6c9m7:45653:48075 [3] NCCL INFO Tree 17 : -1 -> 0 -> -1/-1/-1
aibox-ra7f0191d12b-7b895dd899-6c9m7:45653:48075 [3] NCCL INFO Tree 2 : -1 -> 0 -> -1/-1/-1
aibox-ra7f0191d12b-7b895dd899-6c9m7:45653:48075 [3] NCCL INFO Tree 18 : -1 -> 0 -> -1/-1/-1
aibox-ra7f0191d12b-7b895dd899-6c9m7:45653:48075 [3] NCCL INFO Tree 3 : -1 -> 0 -> -1/-1/-1
aibox-ra7f0191d12b-7b895dd899-6c9m7:45653:48075 [3] NCCL INFO Tree 19 : -1 -> 0 -> -1/-1/-1
aibox-ra7f0191d12b-7b895dd899-6c9m7:45653:48075 [3] NCCL INFO Tree 4 : -1 -> 0 -> -1/-1/-1
aibox-ra7f0191d12b-7b895dd899-6c9m7:45653:48075 [3] NCCL INFO Tree 20 : -1 -> 0 -> -1/-1/-1
aibox-ra7f0191d12b-7b895dd899-6c9m7:45653:48075 [3] NCCL INFO Tree 5 : -1 -> 0 -> -1/-1/-1
aibox-ra7f0191d12b-7b895dd899-6c9m7:45653:48075 [3] NCCL INFO Tree 21 : -1 -> 0 -> -1/-1/-1
aibox-ra7f0191d12b-7b895dd899-6c9m7:45653:48075 [3] NCCL INFO Tree 6 : -1 -> 0 -> -1/-1/-1
aibox-ra7f0191d12b-7b895dd899-6c9m7:45653:48075 [3] NCCL INFO Tree 22 : -1 -> 0 -> -1/-1/-1
aibox-ra7f0191d12b-7b895dd899-6c9m7:45653:48075 [3] NCCL INFO Tree 7 : -1 -> 0 -> -1/-1/-1
aibox-ra7f0191d12b-7b895dd899-6c9m7:45653:48075 [3] NCCL INFO Tree 23 : -1 -> 0 -> -1/-1/-1
aibox-ra7f0191d12b-7b895dd899-6c9m7:45653:48075 [3] NCCL INFO Tree 8 : -1 -> 0 -> -1/-1/-1
aibox-ra7f0191d12b-7b895dd899-6c9m7:45653:48075 [3] NCCL INFO Tree 24 : -1 -> 0 -> -1/-1/-1
aibox-ra7f0191d12b-7b895dd899-6c9m7:45653:48075 [3] NCCL INFO Tree 9 : -1 -> 0 -> -1/-1/-1
aibox-ra7f0191d12b-7b895dd899-6c9m7:45653:48075 [3] NCCL INFO Tree 25 : -1 -> 0 -> -1/-1/-1
aibox-ra7f0191d12b-7b895dd899-6c9m7:45653:48075 [3] NCCL INFO Tree 10 : -1 -> 0 -> -1/-1/-1
aibox-ra7f0191d12b-7b895dd899-6c9m7:45653:48075 [3] NCCL INFO Tree 26 : -1 -> 0 -> -1/-1/-1
aibox-ra7f0191d12b-7b895dd899-6c9m7:45653:48075 [3] NCCL INFO Tree 11 : -1 -> 0 -> -1/-1/-1
aibox-ra7f0191d12b-7b895dd899-6c9m7:45653:48075 [3] NCCL INFO Tree 27 : -1 -> 0 -> -1/-1/-1
aibox-ra7f0191d12b-7b895dd899-6c9m7:45653:48075 [3] NCCL INFO Tree 12 : -1 -> 0 -> -1/-1/-1
aibox-ra7f0191d12b-7b895dd899-6c9m7:45653:48075 [3] NCCL INFO Tree 28 : -1 -> 0 -> -1/-1/-1
aibox-ra7f0191d12b-7b895dd899-6c9m7:45653:48075 [3] NCCL INFO Tree 13 : -1 -> 0 -> -1/-1/-1
aibox-ra7f0191d12b-7b895dd899-6c9m7:45653:48075 [3] NCCL INFO Tree 29 : -1 -> 0 -> -1/-1/-1
aibox-ra7f0191d12b-7b895dd899-6c9m7:45653:48075 [3] NCCL INFO Tree 14 : -1 -> 0 -> -1/-1/-1
aibox-ra7f0191d12b-7b895dd899-6c9m7:45653:48075 [3] NCCL INFO Tree 30 : -1 -> 0 -> -1/-1/-1
aibox-ra7f0191d12b-7b895dd899-6c9m7:45653:48075 [3] NCCL INFO Tree 15 : -1 -> 0 -> -1/-1/-1
aibox-ra7f0191d12b-7b895dd899-6c9m7:45653:48075 [3] NCCL INFO Tree 31 : -1 -> 0 -> -1/-1/-1
aibox-ra7f0191d12b-7b895dd899-6c9m7:45653:48075 [3] NCCL INFO Channel 00/32 :    0
aibox-ra7f0191d12b-7b895dd899-6c9m7:45653:48075 [3] NCCL INFO Channel 01/32 :    0
aibox-ra7f0191d12b-7b895dd899-6c9m7:45653:48075 [3] NCCL INFO Channel 02/32 :    0
aibox-ra7f0191d12b-7b895dd899-6c9m7:45653:48075 [3] NCCL INFO Channel 03/32 :    0
aibox-ra7f0191d12b-7b895dd899-6c9m7:45653:48075 [3] NCCL INFO Channel 04/32 :    0
aibox-ra7f0191d12b-7b895dd899-6c9m7:45653:48075 [3] NCCL INFO Channel 05/32 :    0
aibox-ra7f0191d12b-7b895dd899-6c9m7:45653:48075 [3] NCCL INFO Channel 06/32 :    0
aibox-ra7f0191d12b-7b895dd899-6c9m7:45653:48075 [3] NCCL INFO Channel 07/32 :    0
aibox-ra7f0191d12b-7b895dd899-6c9m7:45653:48075 [3] NCCL INFO Channel 08/32 :    0
aibox-ra7f0191d12b-7b895dd899-6c9m7:45653:48075 [3] NCCL INFO Channel 09/32 :    0
aibox-ra7f0191d12b-7b895dd899-6c9m7:45653:48075 [3] NCCL INFO Channel 10/32 :    0
aibox-ra7f0191d12b-7b895dd899-6c9m7:45653:48075 [3] NCCL INFO Channel 11/32 :    0
aibox-ra7f0191d12b-7b895dd899-6c9m7:45653:48075 [3] NCCL INFO Channel 12/32 :    0
aibox-ra7f0191d12b-7b895dd899-6c9m7:45653:48075 [3] NCCL INFO Channel 13/32 :    0
aibox-ra7f0191d12b-7b895dd899-6c9m7:45653:48075 [3] NCCL INFO Channel 14/32 :    0
aibox-ra7f0191d12b-7b895dd899-6c9m7:45653:48075 [3] NCCL INFO Channel 15/32 :    0
aibox-ra7f0191d12b-7b895dd899-6c9m7:45653:48075 [3] NCCL INFO Channel 16/32 :    0
aibox-ra7f0191d12b-7b895dd899-6c9m7:45653:48075 [3] NCCL INFO Channel 17/32 :    0
aibox-ra7f0191d12b-7b895dd899-6c9m7:45653:48075 [3] NCCL INFO Channel 18/32 :    0
aibox-ra7f0191d12b-7b895dd899-6c9m7:45653:48075 [3] NCCL INFO Channel 19/32 :    0
aibox-ra7f0191d12b-7b895dd899-6c9m7:45653:48075 [3] NCCL INFO Channel 20/32 :    0
aibox-ra7f0191d12b-7b895dd899-6c9m7:45653:48075 [3] NCCL INFO Channel 21/32 :    0
aibox-ra7f0191d12b-7b895dd899-6c9m7:45653:48075 [3] NCCL INFO Channel 22/32 :    0
aibox-ra7f0191d12b-7b895dd899-6c9m7:45653:48075 [3] NCCL INFO Channel 23/32 :    0
aibox-ra7f0191d12b-7b895dd899-6c9m7:45653:48075 [3] NCCL INFO Channel 24/32 :    0
aibox-ra7f0191d12b-7b895dd899-6c9m7:45653:48075 [3] NCCL INFO Channel 25/32 :    0
aibox-ra7f0191d12b-7b895dd899-6c9m7:45653:48075 [3] NCCL INFO Channel 26/32 :    0
aibox-ra7f0191d12b-7b895dd899-6c9m7:45653:48075 [3] NCCL INFO Channel 27/32 :    0
aibox-ra7f0191d12b-7b895dd899-6c9m7:45653:48075 [3] NCCL INFO Channel 28/32 :    0
aibox-ra7f0191d12b-7b895dd899-6c9m7:45653:48075 [3] NCCL INFO Channel 29/32 :    0
aibox-ra7f0191d12b-7b895dd899-6c9m7:45653:48075 [3] NCCL INFO Channel 30/32 :    0
aibox-ra7f0191d12b-7b895dd899-6c9m7:45653:48075 [3] NCCL INFO Channel 31/32 :    0
aibox-ra7f0191d12b-7b895dd899-6c9m7:45653:48075 [3] NCCL INFO Ring 00 : 0 -> 0 -> 0
aibox-ra7f0191d12b-7b895dd899-6c9m7:45653:48075 [3] NCCL INFO Ring 01 : 0 -> 0 -> 0
aibox-ra7f0191d12b-7b895dd899-6c9m7:45653:48075 [3] NCCL INFO Ring 02 : 0 -> 0 -> 0
aibox-ra7f0191d12b-7b895dd899-6c9m7:45653:48075 [3] NCCL INFO Ring 03 : 0 -> 0 -> 0
aibox-ra7f0191d12b-7b895dd899-6c9m7:45653:48075 [3] NCCL INFO Ring 04 : 0 -> 0 -> 0
aibox-ra7f0191d12b-7b895dd899-6c9m7:45653:48075 [3] NCCL INFO Ring 05 : 0 -> 0 -> 0
aibox-ra7f0191d12b-7b895dd899-6c9m7:45653:48075 [3] NCCL INFO Ring 06 : 0 -> 0 -> 0
aibox-ra7f0191d12b-7b895dd899-6c9m7:45653:48075 [3] NCCL INFO Ring 07 : 0 -> 0 -> 0
aibox-ra7f0191d12b-7b895dd899-6c9m7:45653:48075 [3] NCCL INFO Ring 08 : 0 -> 0 -> 0
aibox-ra7f0191d12b-7b895dd899-6c9m7:45653:48075 [3] NCCL INFO Ring 09 : 0 -> 0 -> 0
aibox-ra7f0191d12b-7b895dd899-6c9m7:45653:48075 [3] NCCL INFO Ring 10 : 0 -> 0 -> 0
aibox-ra7f0191d12b-7b895dd899-6c9m7:45653:48075 [3] NCCL INFO Ring 11 : 0 -> 0 -> 0
aibox-ra7f0191d12b-7b895dd899-6c9m7:45653:48075 [3] NCCL INFO Ring 12 : 0 -> 0 -> 0
aibox-ra7f0191d12b-7b895dd899-6c9m7:45653:48075 [3] NCCL INFO Ring 13 : 0 -> 0 -> 0
aibox-ra7f0191d12b-7b895dd899-6c9m7:45653:48075 [3] NCCL INFO Ring 14 : 0 -> 0 -> 0
aibox-ra7f0191d12b-7b895dd899-6c9m7:45653:48075 [3] NCCL INFO Ring 15 : 0 -> 0 -> 0
aibox-ra7f0191d12b-7b895dd899-6c9m7:45653:48075 [3] NCCL INFO Ring 16 : 0 -> 0 -> 0
aibox-ra7f0191d12b-7b895dd899-6c9m7:45653:48075 [3] NCCL INFO Ring 17 : 0 -> 0 -> 0
aibox-ra7f0191d12b-7b895dd899-6c9m7:45653:48075 [3] NCCL INFO Ring 18 : 0 -> 0 -> 0
aibox-ra7f0191d12b-7b895dd899-6c9m7:45653:48075 [3] NCCL INFO Ring 19 : 0 -> 0 -> 0
aibox-ra7f0191d12b-7b895dd899-6c9m7:45653:48075 [3] NCCL INFO Ring 20 : 0 -> 0 -> 0
aibox-ra7f0191d12b-7b895dd899-6c9m7:45653:48075 [3] NCCL INFO Ring 21 : 0 -> 0 -> 0
aibox-ra7f0191d12b-7b895dd899-6c9m7:45653:48075 [3] NCCL INFO Ring 22 : 0 -> 0 -> 0
aibox-ra7f0191d12b-7b895dd899-6c9m7:45653:48075 [3] NCCL INFO Ring 23 : 0 -> 0 -> 0
aibox-ra7f0191d12b-7b895dd899-6c9m7:45653:48075 [3] NCCL INFO Ring 24 : 0 -> 0 -> 0
aibox-ra7f0191d12b-7b895dd899-6c9m7:45653:48075 [3] NCCL INFO Ring 25 : 0 -> 0 -> 0
aibox-ra7f0191d12b-7b895dd899-6c9m7:45653:48075 [3] NCCL INFO Ring 26 : 0 -> 0 -> 0
aibox-ra7f0191d12b-7b895dd899-6c9m7:45653:48075 [3] NCCL INFO Ring 27 : 0 -> 0 -> 0
aibox-ra7f0191d12b-7b895dd899-6c9m7:45653:48075 [3] NCCL INFO Ring 28 : 0 -> 0 -> 0
aibox-ra7f0191d12b-7b895dd899-6c9m7:45653:48075 [3] NCCL INFO Ring 29 : 0 -> 0 -> 0
aibox-ra7f0191d12b-7b895dd899-6c9m7:45653:48075 [3] NCCL INFO Ring 30 : 0 -> 0 -> 0
aibox-ra7f0191d12b-7b895dd899-6c9m7:45653:48075 [3] NCCL INFO Ring 31 : 0 -> 0 -> 0
aibox-ra7f0191d12b-7b895dd899-6c9m7:45653:48075 [3] NCCL INFO Trees [0] -1/-1/-1->0->-1 [1] -1/-1/-1->0->-1 [2] -1/-1/-1->0->-1 [3] -1/-1/-1->0->-1 [4] -1/-1/-1->0->-1 [5] -1/-1/-1->0->-1 [6] -1/-1/-1->0->-1 [7] -1/-1/-1->0->-1 [8] -1/-1/-1->0->-1 [9] -1/-1/-1->0->-1 [10] -1/-1/-1->0->-1 [11] -1/-1/-1->0->-1 [12] -1/-1/-1->0->-1 [13] -1/-1/-1->0->-1 [14] -1/-1/-1->0->-1 [15] -1/-1/-1->0->-1 [16] -1/-1/-1->0->-1 [17] -1/-1/-1->0->-1 [18] -1/-1/-1->0->-1 [19] -1/-1/-1->0->-1 [20] -1/-1/-1->0->-1 [21] -1/-1/-1->0->-1 [22] -1/-1/-1->0->-1 [23] -1/-1/-1->0->-1 [24] -1/-1/-1->0->-1 [25] -1/-1/-1->0->-1 [26] -1/-1/-1->0->-1 [27] -1/-1/-1->0->-1 [28] -1/-1/-1->0->-1 [29] -1/-1/-1->0->-1 [30] -1/-1/-1->0->-1 [31] -1/-1/-1->0->-1
aibox-ra7f0191d12b-7b895dd899-6c9m7:45653:48075 [3] NCCL INFO P2P Chunksize set to 131072
aibox-ra7f0191d12b-7b895dd899-6c9m7:45652:48077 [2] NCCL INFO === System : maxBw 5000.0 totalBw 0.0 ===
aibox-ra7f0191d12b-7b895dd899-6c9m7:45652:48077 [2] NCCL INFO CPU/1 (1/1/2)
aibox-ra7f0191d12b-7b895dd899-6c9m7:45652:48077 [2] NCCL INFO + PCI[24.0] - PCI/A7000 (1000c01010000000)
aibox-ra7f0191d12b-7b895dd899-6c9m7:45652:48077 [2] NCCL INFO               + PCI[24.0] - NIC/C2000
aibox-ra7f0191d12b-7b895dd899-6c9m7:45652:48077 [2] NCCL INFO + PCI[24.0] - PCI/CA000 (1000c01010000000)
aibox-ra7f0191d12b-7b895dd899-6c9m7:45652:48077 [2] NCCL INFO               + PCI[24.0] - PCI/CE000 (1000c01010de13b8)
aibox-ra7f0191d12b-7b895dd899-6c9m7:45652:48077 [2] NCCL INFO                             + PCI[24.0] - GPU/D0000 (0)
aibox-ra7f0191d12b-7b895dd899-6c9m7:45652:48077 [2] NCCL INFO                                           + NVL[160.0] - NVS/0
aibox-ra7f0191d12b-7b895dd899-6c9m7:45652:48077 [2] NCCL INFO               + PCI[24.0] - NIC/DB000
aibox-ra7f0191d12b-7b895dd899-6c9m7:45652:48077 [2] NCCL INFO + SYS[10.0] - CPU/0
aibox-ra7f0191d12b-7b895dd899-6c9m7:45652:48077 [2] NCCL INFO CPU/0 (1/1/2)
aibox-ra7f0191d12b-7b895dd899-6c9m7:45652:48077 [2] NCCL INFO + PCI[24.0] - PCI/4D000 (1000c01010000000)
aibox-ra7f0191d12b-7b895dd899-6c9m7:45652:48077 [2] NCCL INFO               + PCI[24.0] - NIC/5A000
aibox-ra7f0191d12b-7b895dd899-6c9m7:45652:48077 [2] NCCL INFO + PCI[24.0] - PCI/66000 (1000c01010000000)
aibox-ra7f0191d12b-7b895dd899-6c9m7:45652:48077 [2] NCCL INFO               + PCI[24.0] - NIC/73000
aibox-ra7f0191d12b-7b895dd899-6c9m7:45652:48077 [2] NCCL INFO + SYS[10.0] - CPU/1
aibox-ra7f0191d12b-7b895dd899-6c9m7:45652:48077 [2] NCCL INFO ==========================================
aibox-ra7f0191d12b-7b895dd899-6c9m7:45652:48077 [2] NCCL INFO GPU/D0000 :GPU/D0000 (0/5000.000000/LOC) NVS/0 (1/160.000000/NVL) CPU/1 (3/24.000000/PHB) CPU/0 (4/10.000000/SYS) 
aibox-ra7f0191d12b-7b895dd899-6c9m7:45652:48077 [2] NCCL INFO Setting affinity for GPU 2 to ffffffff,00000000,ffffffff,00000000
aibox-ra7f0191d12b-7b895dd899-6c9m7:45652:48077 [2] NCCL INFO Pattern 4, crossNic 0, nChannels 16, bw 40.000000/40.000000, type LOC/PIX, sameChannels 1
aibox-ra7f0191d12b-7b895dd899-6c9m7:45652:48077 [2] NCCL INFO  0 : GPU/0
aibox-ra7f0191d12b-7b895dd899-6c9m7:45652:48077 [2] NCCL INFO  1 : GPU/0
aibox-ra7f0191d12b-7b895dd899-6c9m7:45652:48077 [2] NCCL INFO  2 : GPU/0
aibox-ra7f0191d12b-7b895dd899-6c9m7:45652:48077 [2] NCCL INFO  3 : GPU/0
aibox-ra7f0191d12b-7b895dd899-6c9m7:45652:48077 [2] NCCL INFO  4 : GPU/0
aibox-ra7f0191d12b-7b895dd899-6c9m7:45652:48077 [2] NCCL INFO  5 : GPU/0
aibox-ra7f0191d12b-7b895dd899-6c9m7:45652:48077 [2] NCCL INFO  6 : GPU/0
aibox-ra7f0191d12b-7b895dd899-6c9m7:45652:48077 [2] NCCL INFO  7 : GPU/0
aibox-ra7f0191d12b-7b895dd899-6c9m7:45652:48077 [2] NCCL INFO  8 : GPU/0
aibox-ra7f0191d12b-7b895dd899-6c9m7:45652:48077 [2] NCCL INFO  9 : GPU/0
aibox-ra7f0191d12b-7b895dd899-6c9m7:45652:48077 [2] NCCL INFO 10 : GPU/0
aibox-ra7f0191d12b-7b895dd899-6c9m7:45652:48077 [2] NCCL INFO 11 : GPU/0
aibox-ra7f0191d12b-7b895dd899-6c9m7:45652:48077 [2] NCCL INFO 12 : GPU/0
aibox-ra7f0191d12b-7b895dd899-6c9m7:45652:48077 [2] NCCL INFO 13 : GPU/0
aibox-ra7f0191d12b-7b895dd899-6c9m7:45652:48077 [2] NCCL INFO 14 : GPU/0
aibox-ra7f0191d12b-7b895dd899-6c9m7:45652:48077 [2] NCCL INFO 15 : GPU/0
aibox-ra7f0191d12b-7b895dd899-6c9m7:45652:48077 [2] NCCL INFO Pattern 3, crossNic 0, nChannels 16, bw 40.000000/40.000000, type LOC/PIX, sameChannels 1
aibox-ra7f0191d12b-7b895dd899-6c9m7:45652:48077 [2] NCCL INFO  0 : GPU/0
aibox-ra7f0191d12b-7b895dd899-6c9m7:45652:48077 [2] NCCL INFO  1 : GPU/0
aibox-ra7f0191d12b-7b895dd899-6c9m7:45652:48077 [2] NCCL INFO  2 : GPU/0
aibox-ra7f0191d12b-7b895dd899-6c9m7:45652:48077 [2] NCCL INFO  3 : GPU/0
aibox-ra7f0191d12b-7b895dd899-6c9m7:45652:48077 [2] NCCL INFO  4 : GPU/0
aibox-ra7f0191d12b-7b895dd899-6c9m7:45652:48077 [2] NCCL INFO  5 : GPU/0
aibox-ra7f0191d12b-7b895dd899-6c9m7:45652:48077 [2] NCCL INFO  6 : GPU/0
aibox-ra7f0191d12b-7b895dd899-6c9m7:45652:48077 [2] NCCL INFO  7 : GPU/0
aibox-ra7f0191d12b-7b895dd899-6c9m7:45652:48077 [2] NCCL INFO  8 : GPU/0
aibox-ra7f0191d12b-7b895dd899-6c9m7:45652:48077 [2] NCCL INFO  9 : GPU/0
aibox-ra7f0191d12b-7b895dd899-6c9m7:45652:48077 [2] NCCL INFO 10 : GPU/0
aibox-ra7f0191d12b-7b895dd899-6c9m7:45652:48077 [2] NCCL INFO 11 : GPU/0
aibox-ra7f0191d12b-7b895dd899-6c9m7:45652:48077 [2] NCCL INFO 12 : GPU/0
aibox-ra7f0191d12b-7b895dd899-6c9m7:45652:48077 [2] NCCL INFO 13 : GPU/0
aibox-ra7f0191d12b-7b895dd899-6c9m7:45652:48077 [2] NCCL INFO 14 : GPU/0
aibox-ra7f0191d12b-7b895dd899-6c9m7:45652:48077 [2] NCCL INFO 15 : GPU/0
aibox-ra7f0191d12b-7b895dd899-6c9m7:45652:48077 [2] NCCL INFO Tree 0 : -1 -> 0 -> -1/-1/-1
aibox-ra7f0191d12b-7b895dd899-6c9m7:45652:48077 [2] NCCL INFO Tree 16 : -1 -> 0 -> -1/-1/-1
aibox-ra7f0191d12b-7b895dd899-6c9m7:45652:48077 [2] NCCL INFO Tree 1 : -1 -> 0 -> -1/-1/-1
aibox-ra7f0191d12b-7b895dd899-6c9m7:45652:48077 [2] NCCL INFO Tree 17 : -1 -> 0 -> -1/-1/-1
aibox-ra7f0191d12b-7b895dd899-6c9m7:45652:48077 [2] NCCL INFO Tree 2 : -1 -> 0 -> -1/-1/-1
aibox-ra7f0191d12b-7b895dd899-6c9m7:45652:48077 [2] NCCL INFO Tree 18 : -1 -> 0 -> -1/-1/-1
aibox-ra7f0191d12b-7b895dd899-6c9m7:45652:48077 [2] NCCL INFO Tree 3 : -1 -> 0 -> -1/-1/-1
aibox-ra7f0191d12b-7b895dd899-6c9m7:45652:48077 [2] NCCL INFO Tree 19 : -1 -> 0 -> -1/-1/-1
aibox-ra7f0191d12b-7b895dd899-6c9m7:45652:48077 [2] NCCL INFO Tree 4 : -1 -> 0 -> -1/-1/-1
aibox-ra7f0191d12b-7b895dd899-6c9m7:45652:48077 [2] NCCL INFO Tree 20 : -1 -> 0 -> -1/-1/-1
aibox-ra7f0191d12b-7b895dd899-6c9m7:45652:48077 [2] NCCL INFO Tree 5 : -1 -> 0 -> -1/-1/-1
aibox-ra7f0191d12b-7b895dd899-6c9m7:45652:48077 [2] NCCL INFO Tree 21 : -1 -> 0 -> -1/-1/-1
aibox-ra7f0191d12b-7b895dd899-6c9m7:45652:48077 [2] NCCL INFO Tree 6 : -1 -> 0 -> -1/-1/-1
aibox-ra7f0191d12b-7b895dd899-6c9m7:45652:48077 [2] NCCL INFO Tree 22 : -1 -> 0 -> -1/-1/-1
aibox-ra7f0191d12b-7b895dd899-6c9m7:45652:48077 [2] NCCL INFO Tree 7 : -1 -> 0 -> -1/-1/-1
aibox-ra7f0191d12b-7b895dd899-6c9m7:45652:48077 [2] NCCL INFO Tree 23 : -1 -> 0 -> -1/-1/-1
aibox-ra7f0191d12b-7b895dd899-6c9m7:45652:48077 [2] NCCL INFO Tree 8 : -1 -> 0 -> -1/-1/-1
aibox-ra7f0191d12b-7b895dd899-6c9m7:45652:48077 [2] NCCL INFO Tree 24 : -1 -> 0 -> -1/-1/-1
aibox-ra7f0191d12b-7b895dd899-6c9m7:45652:48077 [2] NCCL INFO Tree 9 : -1 -> 0 -> -1/-1/-1
aibox-ra7f0191d12b-7b895dd899-6c9m7:45652:48077 [2] NCCL INFO Tree 25 : -1 -> 0 -> -1/-1/-1
aibox-ra7f0191d12b-7b895dd899-6c9m7:45652:48077 [2] NCCL INFO Tree 10 : -1 -> 0 -> -1/-1/-1
aibox-ra7f0191d12b-7b895dd899-6c9m7:45652:48077 [2] NCCL INFO Tree 26 : -1 -> 0 -> -1/-1/-1
aibox-ra7f0191d12b-7b895dd899-6c9m7:45652:48077 [2] NCCL INFO Tree 11 : -1 -> 0 -> -1/-1/-1
aibox-ra7f0191d12b-7b895dd899-6c9m7:45652:48077 [2] NCCL INFO Tree 27 : -1 -> 0 -> -1/-1/-1
aibox-ra7f0191d12b-7b895dd899-6c9m7:45652:48077 [2] NCCL INFO Tree 12 : -1 -> 0 -> -1/-1/-1
aibox-ra7f0191d12b-7b895dd899-6c9m7:45652:48077 [2] NCCL INFO Tree 28 : -1 -> 0 -> -1/-1/-1
aibox-ra7f0191d12b-7b895dd899-6c9m7:45652:48077 [2] NCCL INFO Tree 13 : -1 -> 0 -> -1/-1/-1
aibox-ra7f0191d12b-7b895dd899-6c9m7:45652:48077 [2] NCCL INFO Tree 29 : -1 -> 0 -> -1/-1/-1
aibox-ra7f0191d12b-7b895dd899-6c9m7:45652:48077 [2] NCCL INFO Tree 14 : -1 -> 0 -> -1/-1/-1
aibox-ra7f0191d12b-7b895dd899-6c9m7:45652:48077 [2] NCCL INFO Tree 30 : -1 -> 0 -> -1/-1/-1
aibox-ra7f0191d12b-7b895dd899-6c9m7:45652:48077 [2] NCCL INFO Tree 15 : -1 -> 0 -> -1/-1/-1
aibox-ra7f0191d12b-7b895dd899-6c9m7:45652:48077 [2] NCCL INFO Tree 31 : -1 -> 0 -> -1/-1/-1
aibox-ra7f0191d12b-7b895dd899-6c9m7:45652:48077 [2] NCCL INFO Channel 00/32 :    0
aibox-ra7f0191d12b-7b895dd899-6c9m7:45652:48077 [2] NCCL INFO Channel 01/32 :    0
aibox-ra7f0191d12b-7b895dd899-6c9m7:45652:48077 [2] NCCL INFO Channel 02/32 :    0
aibox-ra7f0191d12b-7b895dd899-6c9m7:45652:48077 [2] NCCL INFO Channel 03/32 :    0
aibox-ra7f0191d12b-7b895dd899-6c9m7:45652:48077 [2] NCCL INFO Channel 04/32 :    0
aibox-ra7f0191d12b-7b895dd899-6c9m7:45652:48077 [2] NCCL INFO Channel 05/32 :    0
aibox-ra7f0191d12b-7b895dd899-6c9m7:45652:48077 [2] NCCL INFO Channel 06/32 :    0
aibox-ra7f0191d12b-7b895dd899-6c9m7:45652:48077 [2] NCCL INFO Channel 07/32 :    0
aibox-ra7f0191d12b-7b895dd899-6c9m7:45652:48077 [2] NCCL INFO Channel 08/32 :    0
aibox-ra7f0191d12b-7b895dd899-6c9m7:45652:48077 [2] NCCL INFO Channel 09/32 :    0
aibox-ra7f0191d12b-7b895dd899-6c9m7:45652:48077 [2] NCCL INFO Channel 10/32 :    0
aibox-ra7f0191d12b-7b895dd899-6c9m7:45652:48077 [2] NCCL INFO Channel 11/32 :    0
aibox-ra7f0191d12b-7b895dd899-6c9m7:45652:48077 [2] NCCL INFO Channel 12/32 :    0
aibox-ra7f0191d12b-7b895dd899-6c9m7:45652:48077 [2] NCCL INFO Channel 13/32 :    0
aibox-ra7f0191d12b-7b895dd899-6c9m7:45652:48077 [2] NCCL INFO Channel 14/32 :    0
aibox-ra7f0191d12b-7b895dd899-6c9m7:45652:48077 [2] NCCL INFO Channel 15/32 :    0
aibox-ra7f0191d12b-7b895dd899-6c9m7:45652:48077 [2] NCCL INFO Channel 16/32 :    0
aibox-ra7f0191d12b-7b895dd899-6c9m7:45652:48077 [2] NCCL INFO Channel 17/32 :    0
aibox-ra7f0191d12b-7b895dd899-6c9m7:45652:48077 [2] NCCL INFO Channel 18/32 :    0
aibox-ra7f0191d12b-7b895dd899-6c9m7:45652:48077 [2] NCCL INFO Channel 19/32 :    0
aibox-ra7f0191d12b-7b895dd899-6c9m7:45652:48077 [2] NCCL INFO Channel 20/32 :    0
aibox-ra7f0191d12b-7b895dd899-6c9m7:45652:48077 [2] NCCL INFO Channel 21/32 :    0
aibox-ra7f0191d12b-7b895dd899-6c9m7:45652:48077 [2] NCCL INFO Channel 22/32 :    0
aibox-ra7f0191d12b-7b895dd899-6c9m7:45652:48077 [2] NCCL INFO Channel 23/32 :    0
aibox-ra7f0191d12b-7b895dd899-6c9m7:45652:48077 [2] NCCL INFO Channel 24/32 :    0
aibox-ra7f0191d12b-7b895dd899-6c9m7:45652:48077 [2] NCCL INFO Channel 25/32 :    0
aibox-ra7f0191d12b-7b895dd899-6c9m7:45652:48077 [2] NCCL INFO Channel 26/32 :    0
aibox-ra7f0191d12b-7b895dd899-6c9m7:45652:48077 [2] NCCL INFO Channel 27/32 :    0
aibox-ra7f0191d12b-7b895dd899-6c9m7:45652:48077 [2] NCCL INFO Channel 28/32 :    0
aibox-ra7f0191d12b-7b895dd899-6c9m7:45652:48077 [2] NCCL INFO Channel 29/32 :    0
aibox-ra7f0191d12b-7b895dd899-6c9m7:45652:48077 [2] NCCL INFO Channel 30/32 :    0
aibox-ra7f0191d12b-7b895dd899-6c9m7:45652:48077 [2] NCCL INFO Channel 31/32 :    0
aibox-ra7f0191d12b-7b895dd899-6c9m7:45652:48077 [2] NCCL INFO Ring 00 : 0 -> 0 -> 0
aibox-ra7f0191d12b-7b895dd899-6c9m7:45652:48077 [2] NCCL INFO Ring 01 : 0 -> 0 -> 0
aibox-ra7f0191d12b-7b895dd899-6c9m7:45652:48077 [2] NCCL INFO Ring 02 : 0 -> 0 -> 0
aibox-ra7f0191d12b-7b895dd899-6c9m7:45652:48077 [2] NCCL INFO Ring 03 : 0 -> 0 -> 0
aibox-ra7f0191d12b-7b895dd899-6c9m7:45652:48077 [2] NCCL INFO Ring 04 : 0 -> 0 -> 0
aibox-ra7f0191d12b-7b895dd899-6c9m7:45652:48077 [2] NCCL INFO Ring 05 : 0 -> 0 -> 0
aibox-ra7f0191d12b-7b895dd899-6c9m7:45652:48077 [2] NCCL INFO Ring 06 : 0 -> 0 -> 0
aibox-ra7f0191d12b-7b895dd899-6c9m7:45652:48077 [2] NCCL INFO Ring 07 : 0 -> 0 -> 0
aibox-ra7f0191d12b-7b895dd899-6c9m7:45652:48077 [2] NCCL INFO Ring 08 : 0 -> 0 -> 0
aibox-ra7f0191d12b-7b895dd899-6c9m7:45652:48077 [2] NCCL INFO Ring 09 : 0 -> 0 -> 0
aibox-ra7f0191d12b-7b895dd899-6c9m7:45652:48077 [2] NCCL INFO Ring 10 : 0 -> 0 -> 0
aibox-ra7f0191d12b-7b895dd899-6c9m7:45652:48077 [2] NCCL INFO Ring 11 : 0 -> 0 -> 0
aibox-ra7f0191d12b-7b895dd899-6c9m7:45652:48077 [2] NCCL INFO Ring 12 : 0 -> 0 -> 0
aibox-ra7f0191d12b-7b895dd899-6c9m7:45652:48077 [2] NCCL INFO Ring 13 : 0 -> 0 -> 0
aibox-ra7f0191d12b-7b895dd899-6c9m7:45652:48077 [2] NCCL INFO Ring 14 : 0 -> 0 -> 0
aibox-ra7f0191d12b-7b895dd899-6c9m7:45652:48077 [2] NCCL INFO Ring 15 : 0 -> 0 -> 0
aibox-ra7f0191d12b-7b895dd899-6c9m7:45652:48077 [2] NCCL INFO Ring 16 : 0 -> 0 -> 0
aibox-ra7f0191d12b-7b895dd899-6c9m7:45652:48077 [2] NCCL INFO Ring 17 : 0 -> 0 -> 0
aibox-ra7f0191d12b-7b895dd899-6c9m7:45652:48077 [2] NCCL INFO Ring 18 : 0 -> 0 -> 0
aibox-ra7f0191d12b-7b895dd899-6c9m7:45652:48077 [2] NCCL INFO Ring 19 : 0 -> 0 -> 0
aibox-ra7f0191d12b-7b895dd899-6c9m7:45652:48077 [2] NCCL INFO Ring 20 : 0 -> 0 -> 0
aibox-ra7f0191d12b-7b895dd899-6c9m7:45652:48077 [2] NCCL INFO Ring 21 : 0 -> 0 -> 0
aibox-ra7f0191d12b-7b895dd899-6c9m7:45652:48077 [2] NCCL INFO Ring 22 : 0 -> 0 -> 0
aibox-ra7f0191d12b-7b895dd899-6c9m7:45652:48077 [2] NCCL INFO Ring 23 : 0 -> 0 -> 0
aibox-ra7f0191d12b-7b895dd899-6c9m7:45652:48077 [2] NCCL INFO Ring 24 : 0 -> 0 -> 0
aibox-ra7f0191d12b-7b895dd899-6c9m7:45652:48077 [2] NCCL INFO Ring 25 : 0 -> 0 -> 0
aibox-ra7f0191d12b-7b895dd899-6c9m7:45652:48077 [2] NCCL INFO Ring 26 : 0 -> 0 -> 0
aibox-ra7f0191d12b-7b895dd899-6c9m7:45652:48077 [2] NCCL INFO Ring 27 : 0 -> 0 -> 0
aibox-ra7f0191d12b-7b895dd899-6c9m7:45652:48077 [2] NCCL INFO Ring 28 : 0 -> 0 -> 0
aibox-ra7f0191d12b-7b895dd899-6c9m7:45652:48077 [2] NCCL INFO Ring 29 : 0 -> 0 -> 0
aibox-ra7f0191d12b-7b895dd899-6c9m7:45652:48077 [2] NCCL INFO Ring 30 : 0 -> 0 -> 0
aibox-ra7f0191d12b-7b895dd899-6c9m7:45652:48077 [2] NCCL INFO Ring 31 : 0 -> 0 -> 0
aibox-ra7f0191d12b-7b895dd899-6c9m7:45652:48077 [2] NCCL INFO Trees [0] -1/-1/-1->0->-1 [1] -1/-1/-1->0->-1 [2] -1/-1/-1->0->-1 [3] -1/-1/-1->0->-1 [4] -1/-1/-1->0->-1 [5] -1/-1/-1->0->-1 [6] -1/-1/-1->0->-1 [7] -1/-1/-1->0->-1 [8] -1/-1/-1->0->-1 [9] -1/-1/-1->0->-1 [10] -1/-1/-1->0->-1 [11] -1/-1/-1->0->-1 [12] -1/-1/-1->0->-1 [13] -1/-1/-1->0->-1 [14] -1/-1/-1->0->-1 [15] -1/-1/-1->0->-1 [16] -1/-1/-1->0->-1 [17] -1/-1/-1->0->-1 [18] -1/-1/-1->0->-1 [19] -1/-1/-1->0->-1 [20] -1/-1/-1->0->-1 [21] -1/-1/-1->0->-1 [22] -1/-1/-1->0->-1 [23] -1/-1/-1->0->-1 [24] -1/-1/-1->0->-1 [25] -1/-1/-1->0->-1 [26] -1/-1/-1->0->-1 [27] -1/-1/-1->0->-1 [28] -1/-1/-1->0->-1 [29] -1/-1/-1->0->-1 [30] -1/-1/-1->0->-1 [31] -1/-1/-1->0->-1
aibox-ra7f0191d12b-7b895dd899-6c9m7:45652:48077 [2] NCCL INFO P2P Chunksize set to 131072
aibox-ra7f0191d12b-7b895dd899-6c9m7:45651:48073 [1] NCCL INFO Connected all rings
aibox-ra7f0191d12b-7b895dd899-6c9m7:45651:48073 [1] NCCL INFO Connected all trees
aibox-ra7f0191d12b-7b895dd899-6c9m7:45651:48073 [1] NCCL INFO 32 coll channels, 0 nvls channels, 32 p2p channels, 32 p2p channels per peer
aibox-ra7f0191d12b-7b895dd899-6c9m7:45650:48071 [0] NCCL INFO Connected all rings
aibox-ra7f0191d12b-7b895dd899-6c9m7:45650:48071 [0] NCCL INFO Connected all trees
aibox-ra7f0191d12b-7b895dd899-6c9m7:45650:48071 [0] NCCL INFO 32 coll channels, 0 nvls channels, 32 p2p channels, 32 p2p channels per peer
aibox-ra7f0191d12b-7b895dd899-6c9m7:45653:48075 [3] NCCL INFO Connected all rings
aibox-ra7f0191d12b-7b895dd899-6c9m7:45653:48075 [3] NCCL INFO Connected all trees
aibox-ra7f0191d12b-7b895dd899-6c9m7:45653:48075 [3] NCCL INFO 32 coll channels, 0 nvls channels, 32 p2p channels, 32 p2p channels per peer
aibox-ra7f0191d12b-7b895dd899-6c9m7:45652:48077 [2] NCCL INFO Connected all rings
aibox-ra7f0191d12b-7b895dd899-6c9m7:45652:48077 [2] NCCL INFO Connected all trees
aibox-ra7f0191d12b-7b895dd899-6c9m7:45652:48077 [2] NCCL INFO 32 coll channels, 0 nvls channels, 32 p2p channels, 32 p2p channels per peer
aibox-ra7f0191d12b-7b895dd899-6c9m7:45651:48073 [1] NCCL INFO comm 0x7fcdb46be770 rank 0 nranks 1 cudaDev 1 nvmlDev 1 busId b1000 commId 0x3697a800140d3ef8 - Init COMPLETE
aibox-ra7f0191d12b-7b895dd899-6c9m7:45653:48075 [3] NCCL INFO comm 0x7f06bc6ccb60 rank 0 nranks 1 cudaDev 3 nvmlDev 3 busId d3000 commId 0xe483397a5c73d55c - Init COMPLETE
aibox-ra7f0191d12b-7b895dd899-6c9m7:45650:48071 [0] NCCL INFO comm 0x7ef1bc936200 rank 0 nranks 1 cudaDev 0 nvmlDev 0 busId ad000 commId 0x916ed807077156a6 - Init COMPLETE
aibox-ra7f0191d12b-7b895dd899-6c9m7:45652:48077 [2] NCCL INFO comm 0x7f23d86bd860 rank 0 nranks 1 cudaDev 2 nvmlDev 2 busId d0000 commId 0xd321f6f01b36f660 - Init COMPLETE
=>> [Epoch 000] Global Step 000000 =>> LR :: 0.000000:   0%|          | 1/5000 [02:31<210:19:08, 151.46s/it]=>> [Epoch 000] Global Step 000000 =>> LR :: 0.000000:   0%|          | 1/5000 [02:31<210:19:08, 151.46s/it]=>> [Epoch 000] Global Step 000000 =>> LR :: 0.000000:   0%|          | 2/5000 [02:33<88:01:54, 63.41s/it]  =>> [Epoch 000] Global Step 000000 =>> LR :: 0.000000:   0%|          | 2/5000 [02:33<88:01:54, 63.41s/it]=>> [Epoch 000] Global Step 000000 =>> LR :: 0.000000:   0%|          | 3/5000 [02:34<48:56:37, 35.26s/it]=>> [Epoch 000] Global Step 000000 =>> LR :: 0.000000:   0%|          | 3/5000 [02:34<48:56:37, 35.26s/it]=>> [Epoch 000] Global Step 000000 =>> LR :: 0.000000:   0%|          | 4/5000 [02:36<30:34:50, 22.04s/it]=>> [Epoch 000] Global Step 000000 =>> LR :: 0.000000:   0%|          | 4/5000 [02:36<30:34:50, 22.04s/it]=>> [Epoch 000] Global Step 000000 =>> LR :: 0.000000:   0%|          | 5/5000 [02:38<20:25:48, 14.72s/it]=>> [Epoch 000] Global Step 000000 =>> LR :: 0.000000:   0%|          | 5/5000 [02:38<20:25:48, 14.72s/it]=>> [Epoch 000] Global Step 000000 =>> LR :: 0.000000:   0%|          | 6/5000 [02:40<14:18:57, 10.32s/it]=>> [Epoch 000] Global Step 000000 =>> LR :: 0.000000:   0%|          | 6/5000 [02:40<14:18:57, 10.32s/it]=>> [Epoch 000] Global Step 000000 =>> LR :: 0.000000:   0%|          | 7/5000 [02:42<10:39:06,  7.68s/it]=>> [Epoch 000] Global Step 000000 =>> LR :: 0.000000:   0%|          | 7/5000 [02:42<10:39:06,  7.68s/it]=>> [Epoch 000] Global Step 000000 =>> LR :: 0.000000:   0%|          | 8/5000 [02:44<8:08:36,  5.87s/it] =>> [Epoch 000] Global Step 000001 =>> LR :: 0.000020 - Loss :: 0.5680:   0%|          | 8/5000 [02:44<8:08:36,  5.87s/it]=>> [Epoch 000] Global Step 000001 =>> LR :: 0.000020 - Loss :: 0.5680:   0%|          | 9/5000 [02:46<6:20:47,  4.58s/it]=>> [Epoch 000] Global Step 000001 =>> LR :: 0.000020 - Loss :: 0.5680:   0%|          | 9/5000 [02:46<6:20:47,  4.58s/it]=>> [Epoch 000] Global Step 000001 =>> LR :: 0.000020 - Loss :: 0.5680:   0%|          | 10/5000 [02:48<5:08:27,  3.71s/it]=>> [Epoch 000] Global Step 000001 =>> LR :: 0.000020 - Loss :: 0.5680:   0%|          | 10/5000 [02:48<5:08:27,  3.71s/it]=>> [Epoch 000] Global Step 000001 =>> LR :: 0.000020 - Loss :: 0.5680:   0%|          | 11/5000 [02:49<4:19:04,  3.12s/it]=>> [Epoch 000] Global Step 000001 =>> LR :: 0.000020 - Loss :: 0.5680:   0%|          | 11/5000 [02:49<4:19:04,  3.12s/it]=>> [Epoch 000] Global Step 000001 =>> LR :: 0.000020 - Loss :: 0.5680:   0%|          | 12/5000 [02:51<3:44:54,  2.71s/it]=>> [Epoch 000] Global Step 000001 =>> LR :: 0.000020 - Loss :: 0.5680:   0%|          | 12/5000 [02:51<3:44:54,  2.71s/it]=>> [Epoch 000] Global Step 000001 =>> LR :: 0.000020 - Loss :: 0.5680:   0%|          | 13/5000 [02:53<3:21:24,  2.42s/it]=>> [Epoch 000] Global Step 000001 =>> LR :: 0.000020 - Loss :: 0.5680:   0%|          | 13/5000 [02:53<3:21:24,  2.42s/it]=>> [Epoch 000] Global Step 000001 =>> LR :: 0.000020 - Loss :: 0.5680:   0%|          | 14/5000 [02:55<3:05:00,  2.23s/it]=>> [Epoch 000] Global Step 000001 =>> LR :: 0.000020 - Loss :: 0.5680:   0%|          | 14/5000 [02:55<3:05:00,  2.23s/it]=>> [Epoch 000] Global Step 000001 =>> LR :: 0.000020 - Loss :: 0.5680:   0%|          | 15/5000 [02:56<2:53:25,  2.09s/it]=>> [Epoch 000] Global Step 000001 =>> LR :: 0.000020 - Loss :: 0.5680:   0%|          | 15/5000 [02:56<2:53:25,  2.09s/it]=>> [Epoch 000] Global Step 000001 =>> LR :: 0.000020 - Loss :: 0.5680:   0%|          | 16/5000 [02:58<2:49:32,  2.04s/it]=>> [Epoch 000] Global Step 000002 =>> LR :: 0.000020 - Loss :: 0.4914:   0%|          | 16/5000 [02:58<2:49:32,  2.04s/it]=>> [Epoch 000] Global Step 000002 =>> LR :: 0.000020 - Loss :: 0.4914:   0%|          | 17/5000 [03:00<2:42:03,  1.95s/it]=>> [Epoch 000] Global Step 000002 =>> LR :: 0.000020 - Loss :: 0.4914:   0%|          | 17/5000 [03:00<2:42:03,  1.95s/it]=>> [Epoch 000] Global Step 000002 =>> LR :: 0.000020 - Loss :: 0.4914:   0%|          | 18/5000 [03:02<2:37:02,  1.89s/it]=>> [Epoch 000] Global Step 000002 =>> LR :: 0.000020 - Loss :: 0.4914:   0%|          | 18/5000 [03:02<2:37:02,  1.89s/it]=>> [Epoch 000] Global Step 000002 =>> LR :: 0.000020 - Loss :: 0.4914:   0%|          | 19/5000 [03:04<2:33:47,  1.85s/it]=>> [Epoch 000] Global Step 000002 =>> LR :: 0.000020 - Loss :: 0.4914:   0%|          | 19/5000 [03:04<2:33:47,  1.85s/it]=>> [Epoch 000] Global Step 000002 =>> LR :: 0.000020 - Loss :: 0.4914:   0%|          | 20/5000 [03:05<2:31:45,  1.83s/it]=>> [Epoch 000] Global Step 000002 =>> LR :: 0.000020 - Loss :: 0.4914:   0%|          | 20/5000 [03:05<2:31:45,  1.83s/it]=>> [Epoch 000] Global Step 000002 =>> LR :: 0.000020 - Loss :: 0.4914:   0%|          | 21/5000 [03:07<2:30:07,  1.81s/it]=>> [Epoch 000] Global Step 000002 =>> LR :: 0.000020 - Loss :: 0.4914:   0%|          | 21/5000 [03:07<2:30:07,  1.81s/it]=>> [Epoch 000] Global Step 000002 =>> LR :: 0.000020 - Loss :: 0.4914:   0%|          | 22/5000 [03:09<2:29:53,  1.81s/it]=>> [Epoch 000] Global Step 000002 =>> LR :: 0.000020 - Loss :: 0.4914:   0%|          | 22/5000 [03:09<2:29:53,  1.81s/it]=>> [Epoch 000] Global Step 000002 =>> LR :: 0.000020 - Loss :: 0.4914:   0%|          | 23/5000 [03:11<2:33:22,  1.85s/it]=>> [Epoch 000] Global Step 000002 =>> LR :: 0.000020 - Loss :: 0.4914:   0%|          | 23/5000 [03:11<2:33:22,  1.85s/it]=>> [Epoch 000] Global Step 000002 =>> LR :: 0.000020 - Loss :: 0.4914:   0%|          | 24/5000 [03:13<2:34:50,  1.87s/it]=>> [Epoch 000] Global Step 000003 =>> LR :: 0.000020 - Loss :: 0.4483:   0%|          | 24/5000 [03:13<2:34:50,  1.87s/it]=>> [Epoch 000] Global Step 000003 =>> LR :: 0.000020 - Loss :: 0.4483:   0%|          | 25/5000 [03:15<2:37:14,  1.90s/it]=>> [Epoch 000] Global Step 000003 =>> LR :: 0.000020 - Loss :: 0.4483:   0%|          | 25/5000 [03:15<2:37:14,  1.90s/it]=>> [Epoch 000] Global Step 000003 =>> LR :: 0.000020 - Loss :: 0.4483:   1%|          | 26/5000 [03:16<2:33:44,  1.85s/it]=>> [Epoch 000] Global Step 000003 =>> LR :: 0.000020 - Loss :: 0.4483:   1%|          | 26/5000 [03:16<2:33:44,  1.85s/it]=>> [Epoch 000] Global Step 000003 =>> LR :: 0.000020 - Loss :: 0.4483:   1%|          | 27/5000 [03:18<2:31:22,  1.83s/it]=>> [Epoch 000] Global Step 000003 =>> LR :: 0.000020 - Loss :: 0.4483:   1%|          | 27/5000 [03:18<2:31:22,  1.83s/it]=>> [Epoch 000] Global Step 000003 =>> LR :: 0.000020 - Loss :: 0.4483:   1%|          | 28/5000 [03:20<2:29:56,  1.81s/it]=>> [Epoch 000] Global Step 000003 =>> LR :: 0.000020 - Loss :: 0.4483:   1%|          | 28/5000 [03:20<2:29:56,  1.81s/it]=>> [Epoch 000] Global Step 000003 =>> LR :: 0.000020 - Loss :: 0.4483:   1%|          | 29/5000 [03:22<2:28:57,  1.80s/it]=>> [Epoch 000] Global Step 000003 =>> LR :: 0.000020 - Loss :: 0.4483:   1%|          | 29/5000 [03:22<2:28:57,  1.80s/it]=>> [Epoch 000] Global Step 000003 =>> LR :: 0.000020 - Loss :: 0.4483:   1%|          | 30/5000 [03:24<2:28:12,  1.79s/it]=>> [Epoch 000] Global Step 000003 =>> LR :: 0.000020 - Loss :: 0.4483:   1%|          | 30/5000 [03:24<2:28:12,  1.79s/it]=>> [Epoch 000] Global Step 000003 =>> LR :: 0.000020 - Loss :: 0.4483:   1%|          | 31/5000 [03:25<2:27:36,  1.78s/it]=>> [Epoch 000] Global Step 000003 =>> LR :: 0.000020 - Loss :: 0.4483:   1%|          | 31/5000 [03:25<2:27:36,  1.78s/it]=>> [Epoch 000] Global Step 000003 =>> LR :: 0.000020 - Loss :: 0.4483:   1%|          | 32/5000 [03:27<2:30:58,  1.82s/it]=>> [Epoch 000] Global Step 000004 =>> LR :: 0.000020 - Loss :: 0.3895:   1%|          | 32/5000 [03:27<2:30:58,  1.82s/it]=>> [Epoch 000] Global Step 000004 =>> LR :: 0.000020 - Loss :: 0.3895:   1%|          | 33/5000 [03:29<2:29:01,  1.80s/it]=>> [Epoch 000] Global Step 000004 =>> LR :: 0.000020 - Loss :: 0.3895:   1%|          | 33/5000 [03:29<2:29:01,  1.80s/it]=>> [Epoch 000] Global Step 000004 =>> LR :: 0.000020 - Loss :: 0.3895:   1%|          | 34/5000 [03:31<2:28:56,  1.80s/it]=>> [Epoch 000] Global Step 000004 =>> LR :: 0.000020 - Loss :: 0.3895:   1%|          | 34/5000 [03:31<2:28:56,  1.80s/it]=>> [Epoch 000] Global Step 000004 =>> LR :: 0.000020 - Loss :: 0.3895:   1%|          | 35/5000 [03:33<2:28:01,  1.79s/it]=>> [Epoch 000] Global Step 000004 =>> LR :: 0.000020 - Loss :: 0.3895:   1%|          | 35/5000 [03:33<2:28:01,  1.79s/it]=>> [Epoch 000] Global Step 000004 =>> LR :: 0.000020 - Loss :: 0.3895:   1%|          | 36/5000 [03:34<2:27:15,  1.78s/it]=>> [Epoch 000] Global Step 000004 =>> LR :: 0.000020 - Loss :: 0.3895:   1%|          | 36/5000 [03:34<2:27:15,  1.78s/it]=>> [Epoch 000] Global Step 000004 =>> LR :: 0.000020 - Loss :: 0.3895:   1%|          | 37/5000 [03:36<2:26:40,  1.77s/it]=>> [Epoch 000] Global Step 000004 =>> LR :: 0.000020 - Loss :: 0.3895:   1%|          | 37/5000 [03:36<2:26:40,  1.77s/it]=>> [Epoch 000] Global Step 000004 =>> LR :: 0.000020 - Loss :: 0.3895:   1%|          | 38/5000 [03:38<2:26:28,  1.77s/it]=>> [Epoch 000] Global Step 000004 =>> LR :: 0.000020 - Loss :: 0.3895:   1%|          | 38/5000 [03:38<2:26:28,  1.77s/it]=>> [Epoch 000] Global Step 000004 =>> LR :: 0.000020 - Loss :: 0.3895:   1%|          | 39/5000 [03:40<2:26:12,  1.77s/it]=>> [Epoch 000] Global Step 000004 =>> LR :: 0.000020 - Loss :: 0.3895:   1%|          | 39/5000 [03:40<2:26:12,  1.77s/it]=>> [Epoch 000] Global Step 000004 =>> LR :: 0.000020 - Loss :: 0.3895:   1%|          | 40/5000 [03:41<2:29:34,  1.81s/it]=>> [Epoch 000] Global Step 000005 =>> LR :: 0.000020 - Loss :: 0.3375:   1%|          | 40/5000 [03:42<2:29:34,  1.81s/it]=>> [Epoch 000] Global Step 000005 =>> LR :: 0.000020 - Loss :: 0.3375:   1%|          | 41/5000 [03:43<2:32:47,  1.85s/it]=>> [Epoch 000] Global Step 000005 =>> LR :: 0.000020 - Loss :: 0.3375:   1%|          | 41/5000 [03:43<2:32:47,  1.85s/it]=>> [Epoch 000] Global Step 000005 =>> LR :: 0.000020 - Loss :: 0.3375:   1%|          | 42/5000 [03:45<2:36:26,  1.89s/it]=>> [Epoch 000] Global Step 000005 =>> LR :: 0.000020 - Loss :: 0.3375:   1%|          | 42/5000 [03:45<2:36:26,  1.89s/it]=>> [Epoch 000] Global Step 000005 =>> LR :: 0.000020 - Loss :: 0.3375:   1%|          | 43/5000 [03:47<2:38:30,  1.92s/it]=>> [Epoch 000] Global Step 000005 =>> LR :: 0.000020 - Loss :: 0.3375:   1%|          | 43/5000 [03:47<2:38:30,  1.92s/it]=>> [Epoch 000] Global Step 000005 =>> LR :: 0.000020 - Loss :: 0.3375:   1%|          | 44/5000 [03:49<2:34:41,  1.87s/it]=>> [Epoch 000] Global Step 000005 =>> LR :: 0.000020 - Loss :: 0.3375:   1%|          | 44/5000 [03:49<2:34:41,  1.87s/it]=>> [Epoch 000] Global Step 000005 =>> LR :: 0.000020 - Loss :: 0.3375:   1%|          | 45/5000 [03:51<2:31:56,  1.84s/it]=>> [Epoch 000] Global Step 000005 =>> LR :: 0.000020 - Loss :: 0.3375:   1%|          | 45/5000 [03:51<2:31:56,  1.84s/it]=>> [Epoch 000] Global Step 000005 =>> LR :: 0.000020 - Loss :: 0.3375:   1%|          | 46/5000 [03:53<2:30:31,  1.82s/it]=>> [Epoch 000] Global Step 000005 =>> LR :: 0.000020 - Loss :: 0.3375:   1%|          | 46/5000 [03:53<2:30:31,  1.82s/it]=>> [Epoch 000] Global Step 000005 =>> LR :: 0.000020 - Loss :: 0.3375:   1%|          | 47/5000 [03:54<2:29:05,  1.81s/it]=>> [Epoch 000] Global Step 000005 =>> LR :: 0.000020 - Loss :: 0.3375:   1%|          | 47/5000 [03:54<2:29:05,  1.81s/it]=>> [Epoch 000] Global Step 000005 =>> LR :: 0.000020 - Loss :: 0.3375:   1%|          | 48/5000 [03:56<2:31:31,  1.84s/it]=>> [Epoch 000] Global Step 000006 =>> LR :: 0.000020 - Loss :: 0.2870:   1%|          | 48/5000 [03:56<2:31:31,  1.84s/it]=>> [Epoch 000] Global Step 000006 =>> LR :: 0.000020 - Loss :: 0.2870:   1%|          | 49/5000 [03:58<2:29:15,  1.81s/it]=>> [Epoch 000] Global Step 000006 =>> LR :: 0.000020 - Loss :: 0.2870:   1%|          | 49/5000 [03:58<2:29:15,  1.81s/it]=>> [Epoch 000] Global Step 000006 =>> LR :: 0.000020 - Loss :: 0.2870:   1%|          | 50/5000 [04:00<2:28:52,  1.80s/it]=>> [Epoch 000] Global Step 000006 =>> LR :: 0.000020 - Loss :: 0.2870:   1%|          | 50/5000 [04:00<2:28:52,  1.80s/it]=>> [Epoch 000] Global Step 000006 =>> LR :: 0.000020 - Loss :: 0.2870:   1%|          | 51/5000 [04:02<2:28:33,  1.80s/it]=>> [Epoch 000] Global Step 000006 =>> LR :: 0.000020 - Loss :: 0.2870:   1%|          | 51/5000 [04:02<2:28:33,  1.80s/it]=>> [Epoch 000] Global Step 000006 =>> LR :: 0.000020 - Loss :: 0.2870:   1%|          | 52/5000 [04:04<2:27:50,  1.79s/it]=>> [Epoch 000] Global Step 000006 =>> LR :: 0.000020 - Loss :: 0.2870:   1%|          | 52/5000 [04:04<2:27:50,  1.79s/it]=>> [Epoch 000] Global Step 000006 =>> LR :: 0.000020 - Loss :: 0.2870:   1%|          | 53/5000 [04:05<2:27:09,  1.78s/it]=>> [Epoch 000] Global Step 000006 =>> LR :: 0.000020 - Loss :: 0.2870:   1%|          | 53/5000 [04:05<2:27:09,  1.78s/it]=>> [Epoch 000] Global Step 000006 =>> LR :: 0.000020 - Loss :: 0.2870:   1%|          | 54/5000 [04:07<2:27:10,  1.79s/it]=>> [Epoch 000] Global Step 000006 =>> LR :: 0.000020 - Loss :: 0.2870:   1%|          | 54/5000 [04:07<2:27:10,  1.79s/it]=>> [Epoch 000] Global Step 000006 =>> LR :: 0.000020 - Loss :: 0.2870:   1%|          | 55/5000 [04:09<2:27:00,  1.78s/it]=>> [Epoch 000] Global Step 000006 =>> LR :: 0.000020 - Loss :: 0.2870:   1%|          | 55/5000 [04:09<2:27:00,  1.78s/it]=>> [Epoch 000] Global Step 000006 =>> LR :: 0.000020 - Loss :: 0.2870:   1%|          | 56/5000 [04:11<2:30:28,  1.83s/it]=>> [Epoch 000] Global Step 000007 =>> LR :: 0.000020 - Loss :: 0.2745:   1%|          | 56/5000 [04:11<2:30:28,  1.83s/it]=>> [Epoch 000] Global Step 000007 =>> LR :: 0.000020 - Loss :: 0.2745:   1%|          | 57/5000 [04:12<2:28:03,  1.80s/it]=>> [Epoch 000] Global Step 000007 =>> LR :: 0.000020 - Loss :: 0.2745:   1%|          | 57/5000 [04:12<2:28:03,  1.80s/it]=>> [Epoch 000] Global Step 000007 =>> LR :: 0.000020 - Loss :: 0.2745:   1%|          | 58/5000 [04:14<2:31:34,  1.84s/it]=>> [Epoch 000] Global Step 000007 =>> LR :: 0.000020 - Loss :: 0.2745:   1%|          | 58/5000 [04:14<2:31:34,  1.84s/it]=>> [Epoch 000] Global Step 000007 =>> LR :: 0.000020 - Loss :: 0.2745:   1%|          | 59/5000 [04:16<2:29:50,  1.82s/it]=>> [Epoch 000] Global Step 000007 =>> LR :: 0.000020 - Loss :: 0.2745:   1%|          | 59/5000 [04:16<2:29:50,  1.82s/it]=>> [Epoch 000] Global Step 000007 =>> LR :: 0.000020 - Loss :: 0.2745:   1%|          | 60/5000 [04:18<2:38:25,  1.92s/it]=>> [Epoch 000] Global Step 000007 =>> LR :: 0.000020 - Loss :: 0.2745:   1%|          | 60/5000 [04:18<2:38:25,  1.92s/it]=>> [Epoch 000] Global Step 000007 =>> LR :: 0.000020 - Loss :: 0.2745:   1%|          | 61/5000 [04:20<2:39:02,  1.93s/it]=>> [Epoch 000] Global Step 000007 =>> LR :: 0.000020 - Loss :: 0.2745:   1%|          | 61/5000 [04:20<2:39:02,  1.93s/it]=>> [Epoch 000] Global Step 000007 =>> LR :: 0.000020 - Loss :: 0.2745:   1%|          | 62/5000 [04:22<2:35:12,  1.89s/it]=>> [Epoch 000] Global Step 000007 =>> LR :: 0.000020 - Loss :: 0.2745:   1%|          | 62/5000 [04:22<2:35:12,  1.89s/it]=>> [Epoch 000] Global Step 000007 =>> LR :: 0.000020 - Loss :: 0.2745:   1%|▏         | 63/5000 [04:24<2:32:20,  1.85s/it]=>> [Epoch 000] Global Step 000007 =>> LR :: 0.000020 - Loss :: 0.2745:   1%|▏         | 63/5000 [04:24<2:32:20,  1.85s/it]=>> [Epoch 000] Global Step 000007 =>> LR :: 0.000020 - Loss :: 0.2745:   1%|▏         | 64/5000 [04:26<2:34:00,  1.87s/it]=>> [Epoch 000] Global Step 000008 =>> LR :: 0.000020 - Loss :: 0.2413:   1%|▏         | 64/5000 [04:26<2:34:00,  1.87s/it]=>> [Epoch 000] Global Step 000008 =>> LR :: 0.000020 - Loss :: 0.2413:   1%|▏         | 65/5000 [04:28<2:30:43,  1.83s/it]=>> [Epoch 000] Global Step 000008 =>> LR :: 0.000020 - Loss :: 0.2413:   1%|▏         | 65/5000 [04:28<2:30:43,  1.83s/it]=>> [Epoch 000] Global Step 000008 =>> LR :: 0.000020 - Loss :: 0.2413:   1%|▏         | 66/5000 [04:29<2:29:27,  1.82s/it]=>> [Epoch 000] Global Step 000008 =>> LR :: 0.000020 - Loss :: 0.2413:   1%|▏         | 66/5000 [04:29<2:29:27,  1.82s/it]=>> [Epoch 000] Global Step 000008 =>> LR :: 0.000020 - Loss :: 0.2413:   1%|▏         | 67/5000 [04:31<2:28:25,  1.81s/it]=>> [Epoch 000] Global Step 000008 =>> LR :: 0.000020 - Loss :: 0.2413:   1%|▏         | 67/5000 [04:31<2:28:25,  1.81s/it]=>> [Epoch 000] Global Step 000008 =>> LR :: 0.000020 - Loss :: 0.2413:   1%|▏         | 68/5000 [04:33<2:27:31,  1.79s/it]=>> [Epoch 000] Global Step 000008 =>> LR :: 0.000020 - Loss :: 0.2413:   1%|▏         | 68/5000 [04:33<2:27:31,  1.79s/it]=>> [Epoch 000] Global Step 000008 =>> LR :: 0.000020 - Loss :: 0.2413:   1%|▏         | 69/5000 [04:35<2:27:07,  1.79s/it]=>> [Epoch 000] Global Step 000008 =>> LR :: 0.000020 - Loss :: 0.2413:   1%|▏         | 69/5000 [04:35<2:27:07,  1.79s/it]=>> [Epoch 000] Global Step 000008 =>> LR :: 0.000020 - Loss :: 0.2413:   1%|▏         | 70/5000 [04:36<2:26:48,  1.79s/it]=>> [Epoch 000] Global Step 000008 =>> LR :: 0.000020 - Loss :: 0.2413:   1%|▏         | 70/5000 [04:36<2:26:48,  1.79s/it]=>> [Epoch 000] Global Step 000008 =>> LR :: 0.000020 - Loss :: 0.2413:   1%|▏         | 71/5000 [04:38<2:26:19,  1.78s/it]=>> [Epoch 000] Global Step 000008 =>> LR :: 0.000020 - Loss :: 0.2413:   1%|▏         | 71/5000 [04:38<2:26:19,  1.78s/it]=>> [Epoch 000] Global Step 000008 =>> LR :: 0.000020 - Loss :: 0.2413:   1%|▏         | 72/5000 [04:40<2:29:35,  1.82s/it]=>> [Epoch 000] Global Step 000009 =>> LR :: 0.000020 - Loss :: 0.2318:   1%|▏         | 72/5000 [04:40<2:29:35,  1.82s/it]=>> [Epoch 000] Global Step 000009 =>> LR :: 0.000020 - Loss :: 0.2318:   1%|▏         | 73/5000 [04:42<2:27:24,  1.80s/it]=>> [Epoch 000] Global Step 000009 =>> LR :: 0.000020 - Loss :: 0.2318:   1%|▏         | 73/5000 [04:42<2:27:24,  1.80s/it]=>> [Epoch 000] Global Step 000009 =>> LR :: 0.000020 - Loss :: 0.2318:   1%|▏         | 74/5000 [04:44<2:26:51,  1.79s/it]=>> [Epoch 000] Global Step 000009 =>> LR :: 0.000020 - Loss :: 0.2318:   1%|▏         | 74/5000 [04:44<2:26:51,  1.79s/it]=>> [Epoch 000] Global Step 000009 =>> LR :: 0.000020 - Loss :: 0.2318:   2%|▏         | 75/5000 [04:45<2:26:31,  1.79s/it]=>> [Epoch 000] Global Step 000009 =>> LR :: 0.000020 - Loss :: 0.2318:   2%|▏         | 75/5000 [04:45<2:26:31,  1.79s/it]=>> [Epoch 000] Global Step 000009 =>> LR :: 0.000020 - Loss :: 0.2318:   2%|▏         | 76/5000 [04:47<2:31:46,  1.85s/it]=>> [Epoch 000] Global Step 000009 =>> LR :: 0.000020 - Loss :: 0.2318:   2%|▏         | 76/5000 [04:47<2:31:46,  1.85s/it]=>> [Epoch 000] Global Step 000009 =>> LR :: 0.000020 - Loss :: 0.2318:   2%|▏         | 77/5000 [04:49<2:37:03,  1.91s/it]=>> [Epoch 000] Global Step 000009 =>> LR :: 0.000020 - Loss :: 0.2318:   2%|▏         | 77/5000 [04:49<2:37:03,  1.91s/it]=>> [Epoch 000] Global Step 000009 =>> LR :: 0.000020 - Loss :: 0.2318:   2%|▏         | 78/5000 [04:51<2:33:29,  1.87s/it]=>> [Epoch 000] Global Step 000009 =>> LR :: 0.000020 - Loss :: 0.2318:   2%|▏         | 78/5000 [04:51<2:33:29,  1.87s/it]=>> [Epoch 000] Global Step 000009 =>> LR :: 0.000020 - Loss :: 0.2318:   2%|▏         | 79/5000 [04:53<2:36:24,  1.91s/it]=>> [Epoch 000] Global Step 000009 =>> LR :: 0.000020 - Loss :: 0.2318:   2%|▏         | 79/5000 [04:53<2:36:24,  1.91s/it]=>> [Epoch 000] Global Step 000009 =>> LR :: 0.000020 - Loss :: 0.2318:   2%|▏         | 80/5000 [04:55<2:36:33,  1.91s/it]=>> [Epoch 000] Global Step 000010 =>> LR :: 0.000020 - Loss :: 0.2122:   2%|▏         | 80/5000 [04:55<2:36:33,  1.91s/it]=>> [Epoch 000] Global Step 000010 =>> LR :: 0.000020 - Loss :: 0.2122:   2%|▏         | 81/5000 [04:57<2:32:18,  1.86s/it]=>> [Epoch 000] Global Step 000010 =>> LR :: 0.000020 - Loss :: 0.2122:   2%|▏         | 81/5000 [04:57<2:32:18,  1.86s/it]=>> [Epoch 000] Global Step 000010 =>> LR :: 0.000020 - Loss :: 0.2122:   2%|▏         | 82/5000 [04:59<2:30:22,  1.83s/it]=>> [Epoch 000] Global Step 000010 =>> LR :: 0.000020 - Loss :: 0.2122:   2%|▏         | 82/5000 [04:59<2:30:22,  1.83s/it]=>> [Epoch 000] Global Step 000010 =>> LR :: 0.000020 - Loss :: 0.2122:   2%|▏         | 83/5000 [05:00<2:29:16,  1.82s/it]=>> [Epoch 000] Global Step 000010 =>> LR :: 0.000020 - Loss :: 0.2122:   2%|▏         | 83/5000 [05:00<2:29:16,  1.82s/it]=>> [Epoch 000] Global Step 000010 =>> LR :: 0.000020 - Loss :: 0.2122:   2%|▏         | 84/5000 [05:02<2:27:55,  1.81s/it]=>> [Epoch 000] Global Step 000010 =>> LR :: 0.000020 - Loss :: 0.2122:   2%|▏         | 84/5000 [05:02<2:27:55,  1.81s/it]=>> [Epoch 000] Global Step 000010 =>> LR :: 0.000020 - Loss :: 0.2122:   2%|▏         | 85/5000 [05:04<2:27:01,  1.79s/it]=>> [Epoch 000] Global Step 000010 =>> LR :: 0.000020 - Loss :: 0.2122:   2%|▏         | 85/5000 [05:04<2:27:01,  1.79s/it]=>> [Epoch 000] Global Step 000010 =>> LR :: 0.000020 - Loss :: 0.2122:   2%|▏         | 86/5000 [05:06<2:26:38,  1.79s/it]=>> [Epoch 000] Global Step 000010 =>> LR :: 0.000020 - Loss :: 0.2122:   2%|▏         | 86/5000 [05:06<2:26:38,  1.79s/it]=>> [Epoch 000] Global Step 000010 =>> LR :: 0.000020 - Loss :: 0.2122:   2%|▏         | 87/5000 [05:08<2:26:17,  1.79s/it]=>> [Epoch 000] Global Step 000010 =>> LR :: 0.000020 - Loss :: 0.2122:   2%|▏         | 87/5000 [05:08<2:26:17,  1.79s/it]=>> [Epoch 000] Global Step 000010 =>> LR :: 0.000020 - Loss :: 0.2122:   2%|▏         | 88/5000 [05:09<2:30:19,  1.84s/it]=>> [Epoch 000] Global Step 000011 =>> LR :: 0.000020 - Loss :: 0.1967:   2%|▏         | 88/5000 [05:09<2:30:19,  1.84s/it]=>> [Epoch 000] Global Step 000011 =>> LR :: 0.000020 - Loss :: 0.1967:   2%|▏         | 89/5000 [05:11<2:27:56,  1.81s/it]=>> [Epoch 000] Global Step 000011 =>> LR :: 0.000020 - Loss :: 0.1967:   2%|▏         | 89/5000 [05:11<2:27:56,  1.81s/it]=>> [Epoch 000] Global Step 000011 =>> LR :: 0.000020 - Loss :: 0.1967:   2%|▏         | 90/5000 [05:13<2:27:02,  1.80s/it]=>> [Epoch 000] Global Step 000011 =>> LR :: 0.000020 - Loss :: 0.1967:   2%|▏         | 90/5000 [05:13<2:27:02,  1.80s/it]=>> [Epoch 000] Global Step 000011 =>> LR :: 0.000020 - Loss :: 0.1967:   2%|▏         | 91/5000 [05:15<2:26:27,  1.79s/it]=>> [Epoch 000] Global Step 000011 =>> LR :: 0.000020 - Loss :: 0.1967:   2%|▏         | 91/5000 [05:15<2:26:27,  1.79s/it]=>> [Epoch 000] Global Step 000011 =>> LR :: 0.000020 - Loss :: 0.1967:   2%|▏         | 92/5000 [05:17<2:26:19,  1.79s/it]=>> [Epoch 000] Global Step 000011 =>> LR :: 0.000020 - Loss :: 0.1967:   2%|▏         | 92/5000 [05:17<2:26:19,  1.79s/it]=>> [Epoch 000] Global Step 000011 =>> LR :: 0.000020 - Loss :: 0.1967:   2%|▏         | 93/5000 [05:19<2:31:27,  1.85s/it]=>> [Epoch 000] Global Step 000011 =>> LR :: 0.000020 - Loss :: 0.1967:   2%|▏         | 93/5000 [05:19<2:31:27,  1.85s/it]=>> [Epoch 000] Global Step 000011 =>> LR :: 0.000020 - Loss :: 0.1967:   2%|▏         | 94/5000 [05:20<2:29:35,  1.83s/it]=>> [Epoch 000] Global Step 000011 =>> LR :: 0.000020 - Loss :: 0.1967:   2%|▏         | 94/5000 [05:20<2:29:35,  1.83s/it]=>> [Epoch 000] Global Step 000011 =>> LR :: 0.000020 - Loss :: 0.1967:   2%|▏         | 95/5000 [05:22<2:34:20,  1.89s/it]=>> [Epoch 000] Global Step 000011 =>> LR :: 0.000020 - Loss :: 0.1967:   2%|▏         | 95/5000 [05:22<2:34:20,  1.89s/it]=>> [Epoch 000] Global Step 000011 =>> LR :: 0.000020 - Loss :: 0.1967:   2%|▏         | 96/5000 [05:24<2:34:43,  1.89s/it]=>> [Epoch 000] Global Step 000012 =>> LR :: 0.000020 - Loss :: 0.1833:   2%|▏         | 96/5000 [05:24<2:34:43,  1.89s/it]=>> [Epoch 000] Global Step 000012 =>> LR :: 0.000020 - Loss :: 0.1833:   2%|▏         | 97/5000 [05:26<2:35:54,  1.91s/it]=>> [Epoch 000] Global Step 000012 =>> LR :: 0.000020 - Loss :: 0.1833:   2%|▏         | 97/5000 [05:26<2:35:54,  1.91s/it]=>> [Epoch 000] Global Step 000012 =>> LR :: 0.000020 - Loss :: 0.1833:   2%|▏         | 98/5000 [05:28<2:32:34,  1.87s/it]=>> [Epoch 000] Global Step 000012 =>> LR :: 0.000020 - Loss :: 0.1833:   2%|▏         | 98/5000 [05:28<2:32:34,  1.87s/it]=>> [Epoch 000] Global Step 000012 =>> LR :: 0.000020 - Loss :: 0.1833:   2%|▏         | 99/5000 [05:30<2:31:01,  1.85s/it]=>> [Epoch 000] Global Step 000012 =>> LR :: 0.000020 - Loss :: 0.1833:   2%|▏         | 99/5000 [05:30<2:31:01,  1.85s/it]=>> [Epoch 000] Global Step 000012 =>> LR :: 0.000020 - Loss :: 0.1833:   2%|▏         | 100/5000 [05:32<2:29:29,  1.83s/it]=>> [Epoch 000] Global Step 000012 =>> LR :: 0.000020 - Loss :: 0.1833:   2%|▏         | 100/5000 [05:32<2:29:29,  1.83s/it]=>> [Epoch 000] Global Step 000012 =>> LR :: 0.000020 - Loss :: 0.1833:   2%|▏         | 101/5000 [05:33<2:28:26,  1.82s/it]=>> [Epoch 000] Global Step 000012 =>> LR :: 0.000020 - Loss :: 0.1833:   2%|▏         | 101/5000 [05:33<2:28:26,  1.82s/it]=>> [Epoch 000] Global Step 000012 =>> LR :: 0.000020 - Loss :: 0.1833:   2%|▏         | 102/5000 [05:35<2:28:16,  1.82s/it]=>> [Epoch 000] Global Step 000012 =>> LR :: 0.000020 - Loss :: 0.1833:   2%|▏         | 102/5000 [05:35<2:28:16,  1.82s/it]=>> [Epoch 000] Global Step 000012 =>> LR :: 0.000020 - Loss :: 0.1833:   2%|▏         | 103/5000 [05:37<2:27:11,  1.80s/it]=>> [Epoch 000] Global Step 000012 =>> LR :: 0.000020 - Loss :: 0.1833:   2%|▏         | 103/5000 [05:37<2:27:11,  1.80s/it]=>> [Epoch 000] Global Step 000012 =>> LR :: 0.000020 - Loss :: 0.1833:   2%|▏         | 104/5000 [05:39<2:30:01,  1.84s/it]=>> [Epoch 000] Global Step 000013 =>> LR :: 0.000020 - Loss :: 0.1728:   2%|▏         | 104/5000 [05:39<2:30:01,  1.84s/it]=>> [Epoch 000] Global Step 000013 =>> LR :: 0.000020 - Loss :: 0.1728:   2%|▏         | 105/5000 [05:41<2:27:20,  1.81s/it]=>> [Epoch 000] Global Step 000013 =>> LR :: 0.000020 - Loss :: 0.1728:   2%|▏         | 105/5000 [05:41<2:27:20,  1.81s/it]=>> [Epoch 000] Global Step 000013 =>> LR :: 0.000020 - Loss :: 0.1728:   2%|▏         | 106/5000 [05:42<2:26:15,  1.79s/it]=>> [Epoch 000] Global Step 000013 =>> LR :: 0.000020 - Loss :: 0.1728:   2%|▏         | 106/5000 [05:42<2:26:15,  1.79s/it]=>> [Epoch 000] Global Step 000013 =>> LR :: 0.000020 - Loss :: 0.1728:   2%|▏         | 107/5000 [05:44<2:25:42,  1.79s/it]=>> [Epoch 000] Global Step 000013 =>> LR :: 0.000020 - Loss :: 0.1728:   2%|▏         | 107/5000 [05:44<2:25:42,  1.79s/it]=>> [Epoch 000] Global Step 000013 =>> LR :: 0.000020 - Loss :: 0.1728:   2%|▏         | 108/5000 [05:46<2:25:33,  1.79s/it]=>> [Epoch 000] Global Step 000013 =>> LR :: 0.000020 - Loss :: 0.1728:   2%|▏         | 108/5000 [05:46<2:25:33,  1.79s/it]=>> [Epoch 000] Global Step 000013 =>> LR :: 0.000020 - Loss :: 0.1728:   2%|▏         | 109/5000 [05:48<2:25:13,  1.78s/it]=>> [Epoch 000] Global Step 000013 =>> LR :: 0.000020 - Loss :: 0.1728:   2%|▏         | 109/5000 [05:48<2:25:13,  1.78s/it]=>> [Epoch 000] Global Step 000013 =>> LR :: 0.000020 - Loss :: 0.1728:   2%|▏         | 110/5000 [05:49<2:25:23,  1.78s/it]=>> [Epoch 000] Global Step 000013 =>> LR :: 0.000020 - Loss :: 0.1728:   2%|▏         | 110/5000 [05:49<2:25:23,  1.78s/it]=>> [Epoch 000] Global Step 000013 =>> LR :: 0.000020 - Loss :: 0.1728:   2%|▏         | 111/5000 [05:51<2:29:23,  1.83s/it]=>> [Epoch 000] Global Step 000013 =>> LR :: 0.000020 - Loss :: 0.1728:   2%|▏         | 111/5000 [05:51<2:29:23,  1.83s/it]=>> [Epoch 000] Global Step 000013 =>> LR :: 0.000020 - Loss :: 0.1728:   2%|▏         | 112/5000 [05:54<2:37:10,  1.93s/it]=>> [Epoch 000] Global Step 000014 =>> LR :: 0.000020 - Loss :: 0.1686:   2%|▏         | 112/5000 [05:54<2:37:10,  1.93s/it]=>> [Epoch 000] Global Step 000014 =>> LR :: 0.000020 - Loss :: 0.1686:   2%|▏         | 113/5000 [05:56<2:37:50,  1.94s/it]=>> [Epoch 000] Global Step 000014 =>> LR :: 0.000020 - Loss :: 0.1686:   2%|▏         | 113/5000 [05:56<2:37:50,  1.94s/it]=>> [Epoch 000] Global Step 000014 =>> LR :: 0.000020 - Loss :: 0.1686:   2%|▏         | 114/5000 [05:57<2:34:11,  1.89s/it]=>> [Epoch 000] Global Step 000014 =>> LR :: 0.000020 - Loss :: 0.1686:   2%|▏         | 114/5000 [05:57<2:34:11,  1.89s/it]=>> [Epoch 000] Global Step 000014 =>> LR :: 0.000020 - Loss :: 0.1686:   2%|▏         | 115/5000 [05:59<2:35:38,  1.91s/it]=>> [Epoch 000] Global Step 000014 =>> LR :: 0.000020 - Loss :: 0.1686:   2%|▏         | 115/5000 [05:59<2:35:38,  1.91s/it]=>> [Epoch 000] Global Step 000014 =>> LR :: 0.000020 - Loss :: 0.1686:   2%|▏         | 116/5000 [06:01<2:32:19,  1.87s/it]=>> [Epoch 000] Global Step 000014 =>> LR :: 0.000020 - Loss :: 0.1686:   2%|▏         | 116/5000 [06:01<2:32:19,  1.87s/it]=>> [Epoch 000] Global Step 000014 =>> LR :: 0.000020 - Loss :: 0.1686:   2%|▏         | 117/5000 [06:03<2:30:08,  1.84s/it]=>> [Epoch 000] Global Step 000014 =>> LR :: 0.000020 - Loss :: 0.1686:   2%|▏         | 117/5000 [06:03<2:30:08,  1.84s/it]=>> [Epoch 000] Global Step 000014 =>> LR :: 0.000020 - Loss :: 0.1686:   2%|▏         | 118/5000 [06:05<2:28:17,  1.82s/it]=>> [Epoch 000] Global Step 000014 =>> LR :: 0.000020 - Loss :: 0.1686:   2%|▏         | 118/5000 [06:05<2:28:17,  1.82s/it]=>> [Epoch 000] Global Step 000014 =>> LR :: 0.000020 - Loss :: 0.1686:   2%|▏         | 119/5000 [06:06<2:27:09,  1.81s/it]=>> [Epoch 000] Global Step 000014 =>> LR :: 0.000020 - Loss :: 0.1686:   2%|▏         | 119/5000 [06:06<2:27:09,  1.81s/it]=>> [Epoch 000] Global Step 000014 =>> LR :: 0.000020 - Loss :: 0.1686:   2%|▏         | 120/5000 [06:08<2:30:01,  1.84s/it]=>> [Epoch 000] Global Step 000015 =>> LR :: 0.000020 - Loss :: 0.1656:   2%|▏         | 120/5000 [06:08<2:30:01,  1.84s/it]=>> [Epoch 000] Global Step 000015 =>> LR :: 0.000020 - Loss :: 0.1656:   2%|▏         | 121/5000 [06:10<2:27:20,  1.81s/it]=>> [Epoch 000] Global Step 000015 =>> LR :: 0.000020 - Loss :: 0.1656:   2%|▏         | 121/5000 [06:10<2:27:20,  1.81s/it]=>> [Epoch 000] Global Step 000015 =>> LR :: 0.000020 - Loss :: 0.1656:   2%|▏         | 122/5000 [06:12<2:26:19,  1.80s/it]=>> [Epoch 000] Global Step 000015 =>> LR :: 0.000020 - Loss :: 0.1656:   2%|▏         | 122/5000 [06:12<2:26:19,  1.80s/it]=>> [Epoch 000] Global Step 000015 =>> LR :: 0.000020 - Loss :: 0.1656:   2%|▏         | 123/5000 [06:14<2:25:40,  1.79s/it]=>> [Epoch 000] Global Step 000015 =>> LR :: 0.000020 - Loss :: 0.1656:   2%|▏         | 123/5000 [06:14<2:25:40,  1.79s/it]=>> [Epoch 000] Global Step 000015 =>> LR :: 0.000020 - Loss :: 0.1656:   2%|▏         | 124/5000 [06:15<2:25:27,  1.79s/it]=>> [Epoch 000] Global Step 000015 =>> LR :: 0.000020 - Loss :: 0.1656:   2%|▏         | 124/5000 [06:15<2:25:27,  1.79s/it]=>> [Epoch 000] Global Step 000015 =>> LR :: 0.000020 - Loss :: 0.1656:   2%|▎         | 125/5000 [06:17<2:25:21,  1.79s/it]=>> [Epoch 000] Global Step 000015 =>> LR :: 0.000020 - Loss :: 0.1656:   2%|▎         | 125/5000 [06:17<2:25:21,  1.79s/it]=>> [Epoch 000] Global Step 000015 =>> LR :: 0.000020 - Loss :: 0.1656:   3%|▎         | 126/5000 [06:19<2:25:07,  1.79s/it]=>> [Epoch 000] Global Step 000015 =>> LR :: 0.000020 - Loss :: 0.1656:   3%|▎         | 126/5000 [06:19<2:25:07,  1.79s/it]=>> [Epoch 000] Global Step 000015 =>> LR :: 0.000020 - Loss :: 0.1656:   3%|▎         | 127/5000 [06:21<2:24:45,  1.78s/it]=>> [Epoch 000] Global Step 000015 =>> LR :: 0.000020 - Loss :: 0.1656:   3%|▎         | 127/5000 [06:21<2:24:45,  1.78s/it]=>> [Epoch 000] Global Step 000015 =>> LR :: 0.000020 - Loss :: 0.1656:   3%|▎         | 128/5000 [06:23<2:33:19,  1.89s/it]=>> [Epoch 000] Global Step 000016 =>> LR :: 0.000020 - Loss :: 0.1543:   3%|▎         | 128/5000 [06:23<2:33:19,  1.89s/it]=>> [Epoch 000] Global Step 000016 =>> LR :: 0.000020 - Loss :: 0.1543:   3%|▎         | 129/5000 [06:25<2:29:33,  1.84s/it]=>> [Epoch 000] Global Step 000016 =>> LR :: 0.000020 - Loss :: 0.1543:   3%|▎         | 129/5000 [06:25<2:29:33,  1.84s/it]=>> [Epoch 000] Global Step 000016 =>> LR :: 0.000020 - Loss :: 0.1543:   3%|▎         | 130/5000 [06:27<2:33:14,  1.89s/it]=>> [Epoch 000] Global Step 000016 =>> LR :: 0.000020 - Loss :: 0.1543:   3%|▎         | 130/5000 [06:27<2:33:14,  1.89s/it]=>> [Epoch 000] Global Step 000016 =>> LR :: 0.000020 - Loss :: 0.1543:   3%|▎         | 131/5000 [06:29<2:36:14,  1.93s/it]=>> [Epoch 000] Global Step 000016 =>> LR :: 0.000020 - Loss :: 0.1543:   3%|▎         | 131/5000 [06:29<2:36:14,  1.93s/it]=>> [Epoch 000] Global Step 000016 =>> LR :: 0.000020 - Loss :: 0.1543:   3%|▎         | 132/5000 [06:30<2:32:44,  1.88s/it]=>> [Epoch 000] Global Step 000016 =>> LR :: 0.000020 - Loss :: 0.1543:   3%|▎         | 132/5000 [06:30<2:32:44,  1.88s/it]=>> [Epoch 000] Global Step 000016 =>> LR :: 0.000020 - Loss :: 0.1543:   3%|▎         | 133/5000 [06:32<2:30:01,  1.85s/it]=>> [Epoch 000] Global Step 000016 =>> LR :: 0.000020 - Loss :: 0.1543:   3%|▎         | 133/5000 [06:32<2:30:01,  1.85s/it]=>> [Epoch 000] Global Step 000016 =>> LR :: 0.000020 - Loss :: 0.1543:   3%|▎         | 134/5000 [06:34<2:33:41,  1.90s/it]=>> [Epoch 000] Global Step 000016 =>> LR :: 0.000020 - Loss :: 0.1543:   3%|▎         | 134/5000 [06:34<2:33:41,  1.90s/it]=>> [Epoch 000] Global Step 000016 =>> LR :: 0.000020 - Loss :: 0.1543:   3%|▎         | 135/5000 [06:36<2:33:18,  1.89s/it]=>> [Epoch 000] Global Step 000016 =>> LR :: 0.000020 - Loss :: 0.1543:   3%|▎         | 135/5000 [06:36<2:33:18,  1.89s/it]=>> [Epoch 000] Global Step 000016 =>> LR :: 0.000020 - Loss :: 0.1543:   3%|▎         | 136/5000 [06:38<2:34:00,  1.90s/it]=>> [Epoch 000] Global Step 000017 =>> LR :: 0.000020 - Loss :: 0.1439:   3%|▎         | 136/5000 [06:38<2:34:00,  1.90s/it]=>> [Epoch 000] Global Step 000017 =>> LR :: 0.000020 - Loss :: 0.1439:   3%|▎         | 137/5000 [06:40<2:29:33,  1.85s/it]=>> [Epoch 000] Global Step 000017 =>> LR :: 0.000020 - Loss :: 0.1439:   3%|▎         | 137/5000 [06:40<2:29:33,  1.85s/it]=>> [Epoch 000] Global Step 000017 =>> LR :: 0.000020 - Loss :: 0.1439:   3%|▎         | 138/5000 [06:41<2:27:38,  1.82s/it]=>> [Epoch 000] Global Step 000017 =>> LR :: 0.000020 - Loss :: 0.1439:   3%|▎         | 138/5000 [06:41<2:27:38,  1.82s/it]=>> [Epoch 000] Global Step 000017 =>> LR :: 0.000020 - Loss :: 0.1439:   3%|▎         | 139/5000 [06:43<2:26:16,  1.81s/it]=>> [Epoch 000] Global Step 000017 =>> LR :: 0.000020 - Loss :: 0.1439:   3%|▎         | 139/5000 [06:43<2:26:16,  1.81s/it]=>> [Epoch 000] Global Step 000017 =>> LR :: 0.000020 - Loss :: 0.1439:   3%|▎         | 140/5000 [06:45<2:25:40,  1.80s/it]=>> [Epoch 000] Global Step 000017 =>> LR :: 0.000020 - Loss :: 0.1439:   3%|▎         | 140/5000 [06:45<2:25:40,  1.80s/it]=>> [Epoch 000] Global Step 000017 =>> LR :: 0.000020 - Loss :: 0.1439:   3%|▎         | 141/5000 [06:47<2:24:54,  1.79s/it]=>> [Epoch 000] Global Step 000017 =>> LR :: 0.000020 - Loss :: 0.1439:   3%|▎         | 141/5000 [06:47<2:24:54,  1.79s/it]=>> [Epoch 000] Global Step 000017 =>> LR :: 0.000020 - Loss :: 0.1439:   3%|▎         | 142/5000 [06:49<2:25:50,  1.80s/it]=>> [Epoch 000] Global Step 000017 =>> LR :: 0.000020 - Loss :: 0.1439:   3%|▎         | 142/5000 [06:49<2:25:50,  1.80s/it]=>> [Epoch 000] Global Step 000017 =>> LR :: 0.000020 - Loss :: 0.1439:   3%|▎         | 143/5000 [06:50<2:25:11,  1.79s/it]=>> [Epoch 000] Global Step 000017 =>> LR :: 0.000020 - Loss :: 0.1439:   3%|▎         | 143/5000 [06:50<2:25:11,  1.79s/it]=>> [Epoch 000] Global Step 000017 =>> LR :: 0.000020 - Loss :: 0.1439:   3%|▎         | 144/5000 [06:52<2:27:47,  1.83s/it]=>> [Epoch 000] Global Step 000018 =>> LR :: 0.000020 - Loss :: 0.1387:   3%|▎         | 144/5000 [06:52<2:27:47,  1.83s/it]=>> [Epoch 000] Global Step 000018 =>> LR :: 0.000020 - Loss :: 0.1387:   3%|▎         | 145/5000 [06:54<2:25:24,  1.80s/it]=>> [Epoch 000] Global Step 000018 =>> LR :: 0.000020 - Loss :: 0.1387:   3%|▎         | 145/5000 [06:54<2:25:24,  1.80s/it]=>> [Epoch 000] Global Step 000018 =>> LR :: 0.000020 - Loss :: 0.1387:   3%|▎         | 146/5000 [06:56<2:29:57,  1.85s/it]=>> [Epoch 000] Global Step 000018 =>> LR :: 0.000020 - Loss :: 0.1387:   3%|▎         | 146/5000 [06:56<2:29:57,  1.85s/it]=>> [Epoch 000] Global Step 000018 =>> LR :: 0.000020 - Loss :: 0.1387:   3%|▎         | 147/5000 [06:58<2:32:12,  1.88s/it]=>> [Epoch 000] Global Step 000018 =>> LR :: 0.000020 - Loss :: 0.1387:   3%|▎         | 147/5000 [06:58<2:32:12,  1.88s/it]=>> [Epoch 000] Global Step 000018 =>> LR :: 0.000020 - Loss :: 0.1387:   3%|▎         | 148/5000 [07:00<2:34:30,  1.91s/it]=>> [Epoch 000] Global Step 000018 =>> LR :: 0.000020 - Loss :: 0.1387:   3%|▎         | 148/5000 [07:00<2:34:30,  1.91s/it]=>> [Epoch 000] Global Step 000018 =>> LR :: 0.000020 - Loss :: 0.1387:   3%|▎         | 149/5000 [07:02<2:31:10,  1.87s/it]=>> [Epoch 000] Global Step 000018 =>> LR :: 0.000020 - Loss :: 0.1387:   3%|▎         | 149/5000 [07:02<2:31:10,  1.87s/it]=>> [Epoch 000] Global Step 000018 =>> LR :: 0.000020 - Loss :: 0.1387:   3%|▎         | 150/5000 [07:03<2:28:57,  1.84s/it]=>> [Epoch 000] Global Step 000018 =>> LR :: 0.000020 - Loss :: 0.1387:   3%|▎         | 150/5000 [07:03<2:28:57,  1.84s/it]=>> [Epoch 000] Global Step 000018 =>> LR :: 0.000020 - Loss :: 0.1387:   3%|▎         | 151/5000 [07:05<2:27:18,  1.82s/it]=>> [Epoch 000] Global Step 000018 =>> LR :: 0.000020 - Loss :: 0.1387:   3%|▎         | 151/5000 [07:05<2:27:18,  1.82s/it]=>> [Epoch 000] Global Step 000018 =>> LR :: 0.000020 - Loss :: 0.1387:   3%|▎         | 152/5000 [07:07<2:35:07,  1.92s/it]=>> [Epoch 000] Global Step 000019 =>> LR :: 0.000020 - Loss :: 0.1327:   3%|▎         | 152/5000 [07:07<2:35:07,  1.92s/it]=>> [Epoch 000] Global Step 000019 =>> LR :: 0.000020 - Loss :: 0.1327:   3%|▎         | 153/5000 [07:09<2:31:25,  1.87s/it]=>> [Epoch 000] Global Step 000019 =>> LR :: 0.000020 - Loss :: 0.1327:   3%|▎         | 153/5000 [07:09<2:31:25,  1.87s/it]=>> [Epoch 000] Global Step 000019 =>> LR :: 0.000020 - Loss :: 0.1327:   3%|▎         | 154/5000 [07:11<2:28:50,  1.84s/it]=>> [Epoch 000] Global Step 000019 =>> LR :: 0.000020 - Loss :: 0.1327:   3%|▎         | 154/5000 [07:11<2:28:50,  1.84s/it]=>> [Epoch 000] Global Step 000019 =>> LR :: 0.000020 - Loss :: 0.1327:   3%|▎         | 155/5000 [07:13<2:27:37,  1.83s/it]=>> [Epoch 000] Global Step 000019 =>> LR :: 0.000020 - Loss :: 0.1327:   3%|▎         | 155/5000 [07:13<2:27:37,  1.83s/it]=>> [Epoch 000] Global Step 000019 =>> LR :: 0.000020 - Loss :: 0.1327:   3%|▎         | 156/5000 [07:14<2:26:25,  1.81s/it]=>> [Epoch 000] Global Step 000019 =>> LR :: 0.000020 - Loss :: 0.1327:   3%|▎         | 156/5000 [07:14<2:26:25,  1.81s/it]=>> [Epoch 000] Global Step 000019 =>> LR :: 0.000020 - Loss :: 0.1327:   3%|▎         | 157/5000 [07:16<2:25:33,  1.80s/it]=>> [Epoch 000] Global Step 000019 =>> LR :: 0.000020 - Loss :: 0.1327:   3%|▎         | 157/5000 [07:16<2:25:33,  1.80s/it]=>> [Epoch 000] Global Step 000019 =>> LR :: 0.000020 - Loss :: 0.1327:   3%|▎         | 158/5000 [07:18<2:25:35,  1.80s/it]=>> [Epoch 000] Global Step 000019 =>> LR :: 0.000020 - Loss :: 0.1327:   3%|▎         | 158/5000 [07:18<2:25:35,  1.80s/it]=>> [Epoch 000] Global Step 000019 =>> LR :: 0.000020 - Loss :: 0.1327:   3%|▎         | 159/5000 [07:20<2:28:43,  1.84s/it]=>> [Epoch 000] Global Step 000019 =>> LR :: 0.000020 - Loss :: 0.1327:   3%|▎         | 159/5000 [07:20<2:28:43,  1.84s/it]=>> [Epoch 000] Global Step 000019 =>> LR :: 0.000020 - Loss :: 0.1327:   3%|▎         | 160/5000 [07:22<2:30:43,  1.87s/it]=>> [Epoch 000] Global Step 000020 =>> LR :: 0.000020 - Loss :: 0.1206:   3%|▎         | 160/5000 [07:22<2:30:43,  1.87s/it]=>> [Epoch 000] Global Step 000020 =>> LR :: 0.000020 - Loss :: 0.1206:   3%|▎         | 161/5000 [07:24<2:27:15,  1.83s/it]=>> [Epoch 000] Global Step 000020 =>> LR :: 0.000020 - Loss :: 0.1206:   3%|▎         | 161/5000 [07:24<2:27:15,  1.83s/it]=>> [Epoch 000] Global Step 000020 =>> LR :: 0.000020 - Loss :: 0.1206:   3%|▎         | 162/5000 [07:25<2:25:52,  1.81s/it]=>> [Epoch 000] Global Step 000020 =>> LR :: 0.000020 - Loss :: 0.1206:   3%|▎         | 162/5000 [07:25<2:25:52,  1.81s/it]=>> [Epoch 000] Global Step 000020 =>> LR :: 0.000020 - Loss :: 0.1206:   3%|▎         | 163/5000 [07:27<2:28:50,  1.85s/it]=>> [Epoch 000] Global Step 000020 =>> LR :: 0.000020 - Loss :: 0.1206:   3%|▎         | 163/5000 [07:27<2:28:50,  1.85s/it]=>> [Epoch 000] Global Step 000020 =>> LR :: 0.000020 - Loss :: 0.1206:   3%|▎         | 164/5000 [07:29<2:27:24,  1.83s/it]=>> [Epoch 000] Global Step 000020 =>> LR :: 0.000020 - Loss :: 0.1206:   3%|▎         | 164/5000 [07:29<2:27:24,  1.83s/it]=>> [Epoch 000] Global Step 000020 =>> LR :: 0.000020 - Loss :: 0.1206:   3%|▎         | 165/5000 [07:31<2:31:03,  1.87s/it]=>> [Epoch 000] Global Step 000020 =>> LR :: 0.000020 - Loss :: 0.1206:   3%|▎         | 165/5000 [07:31<2:31:03,  1.87s/it]=>> [Epoch 000] Global Step 000020 =>> LR :: 0.000020 - Loss :: 0.1206:   3%|▎         | 166/5000 [07:33<2:32:35,  1.89s/it]=>> [Epoch 000] Global Step 000020 =>> LR :: 0.000020 - Loss :: 0.1206:   3%|▎         | 166/5000 [07:33<2:32:35,  1.89s/it]=>> [Epoch 000] Global Step 000020 =>> LR :: 0.000020 - Loss :: 0.1206:   3%|▎         | 167/5000 [07:35<2:29:43,  1.86s/it]=>> [Epoch 000] Global Step 000020 =>> LR :: 0.000020 - Loss :: 0.1206:   3%|▎         | 167/5000 [07:35<2:29:43,  1.86s/it]=>> [Epoch 000] Global Step 000020 =>> LR :: 0.000020 - Loss :: 0.1206:   3%|▎         | 168/5000 [07:37<2:30:58,  1.87s/it]=>> [Epoch 000] Global Step 000021 =>> LR :: 0.000020 - Loss :: 0.1199:   3%|▎         | 168/5000 [07:37<2:30:58,  1.87s/it]=>> [Epoch 000] Global Step 000021 =>> LR :: 0.000020 - Loss :: 0.1199:   3%|▎         | 169/5000 [07:39<2:27:45,  1.84s/it]=>> [Epoch 000] Global Step 000021 =>> LR :: 0.000020 - Loss :: 0.1199:   3%|▎         | 169/5000 [07:39<2:27:45,  1.84s/it]=>> [Epoch 000] Global Step 000021 =>> LR :: 0.000020 - Loss :: 0.1199:   3%|▎         | 170/5000 [07:40<2:30:28,  1.87s/it]=>> [Epoch 000] Global Step 000021 =>> LR :: 0.000020 - Loss :: 0.1199:   3%|▎         | 170/5000 [07:40<2:30:28,  1.87s/it]=>> [Epoch 000] Global Step 000021 =>> LR :: 0.000020 - Loss :: 0.1199:   3%|▎         | 171/5000 [07:42<2:27:58,  1.84s/it]=>> [Epoch 000] Global Step 000021 =>> LR :: 0.000020 - Loss :: 0.1199:   3%|▎         | 171/5000 [07:42<2:27:58,  1.84s/it]=>> [Epoch 000] Global Step 000021 =>> LR :: 0.000020 - Loss :: 0.1199:   3%|▎         | 172/5000 [07:44<2:26:09,  1.82s/it]=>> [Epoch 000] Global Step 000021 =>> LR :: 0.000020 - Loss :: 0.1199:   3%|▎         | 172/5000 [07:44<2:26:09,  1.82s/it]=>> [Epoch 000] Global Step 000021 =>> LR :: 0.000020 - Loss :: 0.1199:   3%|▎         | 173/5000 [07:46<2:25:02,  1.80s/it]=>> [Epoch 000] Global Step 000021 =>> LR :: 0.000020 - Loss :: 0.1199:   3%|▎         | 173/5000 [07:46<2:25:02,  1.80s/it]=>> [Epoch 000] Global Step 000021 =>> LR :: 0.000020 - Loss :: 0.1199:   3%|▎         | 174/5000 [07:48<2:24:13,  1.79s/it]=>> [Epoch 000] Global Step 000021 =>> LR :: 0.000020 - Loss :: 0.1199:   3%|▎         | 174/5000 [07:48<2:24:13,  1.79s/it]=>> [Epoch 000] Global Step 000021 =>> LR :: 0.000020 - Loss :: 0.1199:   4%|▎         | 175/5000 [07:49<2:23:38,  1.79s/it]=>> [Epoch 000] Global Step 000021 =>> LR :: 0.000020 - Loss :: 0.1199:   4%|▎         | 175/5000 [07:49<2:23:38,  1.79s/it]=>> [Epoch 000] Global Step 000021 =>> LR :: 0.000020 - Loss :: 0.1199:   4%|▎         | 176/5000 [07:51<2:26:45,  1.83s/it]=>> [Epoch 000] Global Step 000022 =>> LR :: 0.000020 - Loss :: 0.1139:   4%|▎         | 176/5000 [07:51<2:26:45,  1.83s/it]=>> [Epoch 000] Global Step 000022 =>> LR :: 0.000020 - Loss :: 0.1139:   4%|▎         | 177/5000 [07:53<2:24:14,  1.79s/it]=>> [Epoch 000] Global Step 000022 =>> LR :: 0.000020 - Loss :: 0.1139:   4%|▎         | 177/5000 [07:53<2:24:14,  1.79s/it]=>> [Epoch 000] Global Step 000022 =>> LR :: 0.000020 - Loss :: 0.1139:   4%|▎         | 178/5000 [07:55<2:23:42,  1.79s/it]=>> [Epoch 000] Global Step 000022 =>> LR :: 0.000020 - Loss :: 0.1139:   4%|▎         | 178/5000 [07:55<2:23:42,  1.79s/it]=>> [Epoch 000] Global Step 000022 =>> LR :: 0.000020 - Loss :: 0.1139:   4%|▎         | 179/5000 [07:56<2:23:26,  1.79s/it]=>> [Epoch 000] Global Step 000022 =>> LR :: 0.000020 - Loss :: 0.1139:   4%|▎         | 179/5000 [07:56<2:23:26,  1.79s/it]=>> [Epoch 000] Global Step 000022 =>> LR :: 0.000020 - Loss :: 0.1139:   4%|▎         | 180/5000 [07:58<2:23:07,  1.78s/it]=>> [Epoch 000] Global Step 000022 =>> LR :: 0.000020 - Loss :: 0.1139:   4%|▎         | 180/5000 [07:58<2:23:07,  1.78s/it]=>> [Epoch 000] Global Step 000022 =>> LR :: 0.000020 - Loss :: 0.1139:   4%|▎         | 181/5000 [08:00<2:28:18,  1.85s/it]=>> [Epoch 000] Global Step 000022 =>> LR :: 0.000020 - Loss :: 0.1139:   4%|▎         | 181/5000 [08:00<2:28:18,  1.85s/it]=>> [Epoch 000] Global Step 000022 =>> LR :: 0.000020 - Loss :: 0.1139:   4%|▎         | 182/5000 [08:02<2:30:49,  1.88s/it]=>> [Epoch 000] Global Step 000022 =>> LR :: 0.000020 - Loss :: 0.1139:   4%|▎         | 182/5000 [08:02<2:30:49,  1.88s/it]=>> [Epoch 000] Global Step 000022 =>> LR :: 0.000020 - Loss :: 0.1139:   4%|▎         | 183/5000 [08:04<2:33:39,  1.91s/it]=>> [Epoch 000] Global Step 000022 =>> LR :: 0.000020 - Loss :: 0.1139:   4%|▎         | 183/5000 [08:04<2:33:39,  1.91s/it]=>> [Epoch 000] Global Step 000022 =>> LR :: 0.000020 - Loss :: 0.1139:   4%|▎         | 184/5000 [08:06<2:33:41,  1.91s/it]=>> [Epoch 000] Global Step 000023 =>> LR :: 0.000020 - Loss :: 0.1132:   4%|▎         | 184/5000 [08:06<2:33:41,  1.91s/it]=>> [Epoch 000] Global Step 000023 =>> LR :: 0.000020 - Loss :: 0.1132:   4%|▎         | 185/5000 [08:08<2:29:02,  1.86s/it]=>> [Epoch 000] Global Step 000023 =>> LR :: 0.000020 - Loss :: 0.1132:   4%|▎         | 185/5000 [08:08<2:29:02,  1.86s/it]=>> [Epoch 000] Global Step 000023 =>> LR :: 0.000020 - Loss :: 0.1132:   4%|▎         | 186/5000 [08:10<2:26:50,  1.83s/it]=>> [Epoch 000] Global Step 000023 =>> LR :: 0.000020 - Loss :: 0.1132:   4%|▎         | 186/5000 [08:10<2:26:50,  1.83s/it]=>> [Epoch 000] Global Step 000023 =>> LR :: 0.000020 - Loss :: 0.1132:   4%|▎         | 187/5000 [08:11<2:25:09,  1.81s/it]=>> [Epoch 000] Global Step 000023 =>> LR :: 0.000020 - Loss :: 0.1132:   4%|▎         | 187/5000 [08:11<2:25:09,  1.81s/it]=>> [Epoch 000] Global Step 000023 =>> LR :: 0.000020 - Loss :: 0.1132:   4%|▍         | 188/5000 [08:13<2:29:12,  1.86s/it]=>> [Epoch 000] Global Step 000023 =>> LR :: 0.000020 - Loss :: 0.1132:   4%|▍         | 188/5000 [08:13<2:29:12,  1.86s/it]=>> [Epoch 000] Global Step 000023 =>> LR :: 0.000020 - Loss :: 0.1132:   4%|▍         | 189/5000 [08:15<2:27:01,  1.83s/it]=>> [Epoch 000] Global Step 000023 =>> LR :: 0.000020 - Loss :: 0.1132:   4%|▍         | 189/5000 [08:15<2:27:01,  1.83s/it]=>> [Epoch 000] Global Step 000023 =>> LR :: 0.000020 - Loss :: 0.1132:   4%|▍         | 190/5000 [08:17<2:25:34,  1.82s/it]=>> [Epoch 000] Global Step 000023 =>> LR :: 0.000020 - Loss :: 0.1132:   4%|▍         | 190/5000 [08:17<2:25:34,  1.82s/it]=>> [Epoch 000] Global Step 000023 =>> LR :: 0.000020 - Loss :: 0.1132:   4%|▍         | 191/5000 [08:19<2:24:45,  1.81s/it]=>> [Epoch 000] Global Step 000023 =>> LR :: 0.000020 - Loss :: 0.1132:   4%|▍         | 191/5000 [08:19<2:24:45,  1.81s/it]=>> [Epoch 000] Global Step 000023 =>> LR :: 0.000020 - Loss :: 0.1132:   4%|▍         | 192/5000 [08:21<2:27:27,  1.84s/it]=>> [Epoch 000] Global Step 000024 =>> LR :: 0.000020 - Loss :: 0.1190:   4%|▍         | 192/5000 [08:21<2:27:27,  1.84s/it]=>> [Epoch 000] Global Step 000024 =>> LR :: 0.000020 - Loss :: 0.1190:   4%|▍         | 193/5000 [08:22<2:24:49,  1.81s/it]=>> [Epoch 000] Global Step 000024 =>> LR :: 0.000020 - Loss :: 0.1190:   4%|▍         | 193/5000 [08:22<2:24:49,  1.81s/it]=>> [Epoch 000] Global Step 000024 =>> LR :: 0.000020 - Loss :: 0.1190:   4%|▍         | 194/5000 [08:24<2:23:48,  1.80s/it]=>> [Epoch 000] Global Step 000024 =>> LR :: 0.000020 - Loss :: 0.1190:   4%|▍         | 194/5000 [08:24<2:23:48,  1.80s/it]=>> [Epoch 000] Global Step 000024 =>> LR :: 0.000020 - Loss :: 0.1190:   4%|▍         | 195/5000 [08:26<2:23:12,  1.79s/it]=>> [Epoch 000] Global Step 000024 =>> LR :: 0.000020 - Loss :: 0.1190:   4%|▍         | 195/5000 [08:26<2:23:12,  1.79s/it]=>> [Epoch 000] Global Step 000024 =>> LR :: 0.000020 - Loss :: 0.1190:   4%|▍         | 196/5000 [08:28<2:23:44,  1.80s/it]=>> [Epoch 000] Global Step 000024 =>> LR :: 0.000020 - Loss :: 0.1190:   4%|▍         | 196/5000 [08:28<2:23:44,  1.80s/it]=>> [Epoch 000] Global Step 000024 =>> LR :: 0.000020 - Loss :: 0.1190:   4%|▍         | 197/5000 [08:29<2:23:19,  1.79s/it]=>> [Epoch 000] Global Step 000024 =>> LR :: 0.000020 - Loss :: 0.1190:   4%|▍         | 197/5000 [08:29<2:23:19,  1.79s/it]=>> [Epoch 000] Global Step 000024 =>> LR :: 0.000020 - Loss :: 0.1190:   4%|▍         | 198/5000 [08:31<2:27:05,  1.84s/it]=>> [Epoch 000] Global Step 000024 =>> LR :: 0.000020 - Loss :: 0.1190:   4%|▍         | 198/5000 [08:31<2:27:05,  1.84s/it]=>> [Epoch 000] Global Step 000024 =>> LR :: 0.000020 - Loss :: 0.1190:   4%|▍         | 199/5000 [08:33<2:25:33,  1.82s/it]=>> [Epoch 000] Global Step 000024 =>> LR :: 0.000020 - Loss :: 0.1190:   4%|▍         | 199/5000 [08:33<2:25:33,  1.82s/it]=>> [Epoch 000] Global Step 000024 =>> LR :: 0.000020 - Loss :: 0.1190:   4%|▍         | 200/5000 [08:35<2:33:04,  1.91s/it]=>> [Epoch 000] Global Step 000025 =>> LR :: 0.000020 - Loss :: 0.1057:   4%|▍         | 200/5000 [08:35<2:33:04,  1.91s/it]=>> [Epoch 000] Global Step 000025 =>> LR :: 0.000020 - Loss :: 0.1057:   4%|▍         | 201/5000 [08:37<2:32:54,  1.91s/it]=>> [Epoch 000] Global Step 000025 =>> LR :: 0.000020 - Loss :: 0.1057:   4%|▍         | 201/5000 [08:37<2:32:54,  1.91s/it]=>> [Epoch 000] Global Step 000025 =>> LR :: 0.000020 - Loss :: 0.1057:   4%|▍         | 202/5000 [08:39<2:29:49,  1.87s/it]=>> [Epoch 000] Global Step 000025 =>> LR :: 0.000020 - Loss :: 0.1057:   4%|▍         | 202/5000 [08:39<2:29:49,  1.87s/it]=>> [Epoch 000] Global Step 000025 =>> LR :: 0.000020 - Loss :: 0.1057:   4%|▍         | 203/5000 [08:41<2:27:11,  1.84s/it]=>> [Epoch 000] Global Step 000025 =>> LR :: 0.000020 - Loss :: 0.1057:   4%|▍         | 203/5000 [08:41<2:27:11,  1.84s/it]=>> [Epoch 000] Global Step 000025 =>> LR :: 0.000020 - Loss :: 0.1057:   4%|▍         | 204/5000 [08:43<2:25:23,  1.82s/it]=>> [Epoch 000] Global Step 000025 =>> LR :: 0.000020 - Loss :: 0.1057:   4%|▍         | 204/5000 [08:43<2:25:23,  1.82s/it]=>> [Epoch 000] Global Step 000025 =>> LR :: 0.000020 - Loss :: 0.1057:   4%|▍         | 205/5000 [08:44<2:24:07,  1.80s/it]=>> [Epoch 000] Global Step 000025 =>> LR :: 0.000020 - Loss :: 0.1057:   4%|▍         | 205/5000 [08:44<2:24:07,  1.80s/it]=>> [Epoch 000] Global Step 000025 =>> LR :: 0.000020 - Loss :: 0.1057:   4%|▍         | 206/5000 [08:46<2:27:42,  1.85s/it]=>> [Epoch 000] Global Step 000025 =>> LR :: 0.000020 - Loss :: 0.1057:   4%|▍         | 206/5000 [08:46<2:27:42,  1.85s/it]=>> [Epoch 000] Global Step 000025 =>> LR :: 0.000020 - Loss :: 0.1057:   4%|▍         | 207/5000 [08:48<2:25:38,  1.82s/it]=>> [Epoch 000] Global Step 000025 =>> LR :: 0.000020 - Loss :: 0.1057:   4%|▍         | 207/5000 [08:48<2:25:38,  1.82s/it]=>> [Epoch 000] Global Step 000025 =>> LR :: 0.000020 - Loss :: 0.1057:   4%|▍         | 208/5000 [08:50<2:27:45,  1.85s/it]=>> [Epoch 000] Global Step 000026 =>> LR :: 0.000020 - Loss :: 0.0994:   4%|▍         | 208/5000 [08:50<2:27:45,  1.85s/it]=>> [Epoch 000] Global Step 000026 =>> LR :: 0.000020 - Loss :: 0.0994:   4%|▍         | 209/5000 [08:52<2:24:55,  1.81s/it]=>> [Epoch 000] Global Step 000026 =>> LR :: 0.000020 - Loss :: 0.0994:   4%|▍         | 209/5000 [08:52<2:24:55,  1.81s/it]=>> [Epoch 000] Global Step 000026 =>> LR :: 0.000020 - Loss :: 0.0994:   4%|▍         | 210/5000 [08:53<2:24:03,  1.80s/it]=>> [Epoch 000] Global Step 000026 =>> LR :: 0.000020 - Loss :: 0.0994:   4%|▍         | 210/5000 [08:53<2:24:03,  1.80s/it]=>> [Epoch 000] Global Step 000026 =>> LR :: 0.000020 - Loss :: 0.0994:   4%|▍         | 211/5000 [08:55<2:23:09,  1.79s/it]=>> [Epoch 000] Global Step 000026 =>> LR :: 0.000020 - Loss :: 0.0994:   4%|▍         | 211/5000 [08:55<2:23:09,  1.79s/it]=>> [Epoch 000] Global Step 000026 =>> LR :: 0.000020 - Loss :: 0.0994:   4%|▍         | 212/5000 [08:57<2:22:58,  1.79s/it]=>> [Epoch 000] Global Step 000026 =>> LR :: 0.000020 - Loss :: 0.0994:   4%|▍         | 212/5000 [08:57<2:22:58,  1.79s/it]=>> [Epoch 000] Global Step 000026 =>> LR :: 0.000020 - Loss :: 0.0994:   4%|▍         | 213/5000 [08:59<2:22:41,  1.79s/it]=>> [Epoch 000] Global Step 000026 =>> LR :: 0.000020 - Loss :: 0.0994:   4%|▍         | 213/5000 [08:59<2:22:41,  1.79s/it]=>> [Epoch 000] Global Step 000026 =>> LR :: 0.000020 - Loss :: 0.0994:   4%|▍         | 214/5000 [09:01<2:22:21,  1.78s/it]=>> [Epoch 000] Global Step 000026 =>> LR :: 0.000020 - Loss :: 0.0994:   4%|▍         | 214/5000 [09:01<2:22:21,  1.78s/it]=>> [Epoch 000] Global Step 000026 =>> LR :: 0.000020 - Loss :: 0.0994:   4%|▍         | 215/5000 [09:02<2:21:44,  1.78s/it]=>> [Epoch 000] Global Step 000026 =>> LR :: 0.000020 - Loss :: 0.0994:   4%|▍         | 215/5000 [09:02<2:21:44,  1.78s/it]=>> [Epoch 000] Global Step 000026 =>> LR :: 0.000020 - Loss :: 0.0994:   4%|▍         | 216/5000 [09:04<2:30:39,  1.89s/it]=>> [Epoch 000] Global Step 000027 =>> LR :: 0.000020 - Loss :: 0.0898:   4%|▍         | 216/5000 [09:04<2:30:39,  1.89s/it]=>> [Epoch 000] Global Step 000027 =>> LR :: 0.000020 - Loss :: 0.0898:   4%|▍         | 217/5000 [09:06<2:26:42,  1.84s/it]=>> [Epoch 000] Global Step 000027 =>> LR :: 0.000020 - Loss :: 0.0898:   4%|▍         | 217/5000 [09:06<2:26:42,  1.84s/it]=>> [Epoch 000] Global Step 000027 =>> LR :: 0.000020 - Loss :: 0.0898:   4%|▍         | 218/5000 [09:08<2:29:37,  1.88s/it]=>> [Epoch 000] Global Step 000027 =>> LR :: 0.000020 - Loss :: 0.0898:   4%|▍         | 218/5000 [09:08<2:29:37,  1.88s/it]=>> [Epoch 000] Global Step 000027 =>> LR :: 0.000020 - Loss :: 0.0898:   4%|▍         | 219/5000 [09:10<2:27:21,  1.85s/it]=>> [Epoch 000] Global Step 000027 =>> LR :: 0.000020 - Loss :: 0.0898:   4%|▍         | 219/5000 [09:10<2:27:21,  1.85s/it]=>> [Epoch 000] Global Step 000027 =>> LR :: 0.000020 - Loss :: 0.0898:   4%|▍         | 220/5000 [09:12<2:25:39,  1.83s/it]=>> [Epoch 000] Global Step 000027 =>> LR :: 0.000020 - Loss :: 0.0898:   4%|▍         | 220/5000 [09:12<2:25:39,  1.83s/it]=>> [Epoch 000] Global Step 000027 =>> LR :: 0.000020 - Loss :: 0.0898:   4%|▍         | 221/5000 [09:14<2:24:28,  1.81s/it]=>> [Epoch 000] Global Step 000027 =>> LR :: 0.000020 - Loss :: 0.0898:   4%|▍         | 221/5000 [09:14<2:24:28,  1.81s/it]=>> [Epoch 000] Global Step 000027 =>> LR :: 0.000020 - Loss :: 0.0898:   4%|▍         | 222/5000 [09:15<2:23:48,  1.81s/it]=>> [Epoch 000] Global Step 000027 =>> LR :: 0.000020 - Loss :: 0.0898:   4%|▍         | 222/5000 [09:15<2:23:48,  1.81s/it]=>> [Epoch 000] Global Step 000027 =>> LR :: 0.000020 - Loss :: 0.0898:   4%|▍         | 223/5000 [09:17<2:22:57,  1.80s/it]=>> [Epoch 000] Global Step 000027 =>> LR :: 0.000020 - Loss :: 0.0898:   4%|▍         | 223/5000 [09:17<2:22:57,  1.80s/it]=>> [Epoch 000] Global Step 000027 =>> LR :: 0.000020 - Loss :: 0.0898:   4%|▍         | 224/5000 [09:19<2:31:05,  1.90s/it]=>> [Epoch 000] Global Step 000028 =>> LR :: 0.000020 - Loss :: 0.0827:   4%|▍         | 224/5000 [09:19<2:31:05,  1.90s/it]=>> [Epoch 000] Global Step 000028 =>> LR :: 0.000020 - Loss :: 0.0827:   4%|▍         | 225/5000 [09:21<2:27:05,  1.85s/it]=>> [Epoch 000] Global Step 000028 =>> LR :: 0.000020 - Loss :: 0.0827:   4%|▍         | 225/5000 [09:21<2:27:05,  1.85s/it]=>> [Epoch 000] Global Step 000028 =>> LR :: 0.000020 - Loss :: 0.0827:   5%|▍         | 226/5000 [09:23<2:25:54,  1.83s/it]=>> [Epoch 000] Global Step 000028 =>> LR :: 0.000020 - Loss :: 0.0827:   5%|▍         | 226/5000 [09:23<2:25:54,  1.83s/it]=>> [Epoch 000] Global Step 000028 =>> LR :: 0.000020 - Loss :: 0.0827:   5%|▍         | 227/5000 [09:25<2:24:14,  1.81s/it]=>> [Epoch 000] Global Step 000028 =>> LR :: 0.000020 - Loss :: 0.0827:   5%|▍         | 227/5000 [09:25<2:24:14,  1.81s/it]=>> [Epoch 000] Global Step 000028 =>> LR :: 0.000020 - Loss :: 0.0827:   5%|▍         | 228/5000 [09:26<2:23:11,  1.80s/it]=>> [Epoch 000] Global Step 000028 =>> LR :: 0.000020 - Loss :: 0.0827:   5%|▍         | 228/5000 [09:26<2:23:11,  1.80s/it]=>> [Epoch 000] Global Step 000028 =>> LR :: 0.000020 - Loss :: 0.0827:   5%|▍         | 229/5000 [09:28<2:22:32,  1.79s/it]=>> [Epoch 000] Global Step 000028 =>> LR :: 0.000020 - Loss :: 0.0827:   5%|▍         | 229/5000 [09:28<2:22:32,  1.79s/it]=>> [Epoch 000] Global Step 000028 =>> LR :: 0.000020 - Loss :: 0.0827:   5%|▍         | 230/5000 [09:30<2:22:40,  1.79s/it]=>> [Epoch 000] Global Step 000028 =>> LR :: 0.000020 - Loss :: 0.0827:   5%|▍         | 230/5000 [09:30<2:22:40,  1.79s/it]=>> [Epoch 000] Global Step 000028 =>> LR :: 0.000020 - Loss :: 0.0827:   5%|▍         | 231/5000 [09:32<2:22:16,  1.79s/it]=>> [Epoch 000] Global Step 000028 =>> LR :: 0.000020 - Loss :: 0.0827:   5%|▍         | 231/5000 [09:32<2:22:16,  1.79s/it]=>> [Epoch 000] Global Step 000028 =>> LR :: 0.000020 - Loss :: 0.0827:   5%|▍         | 232/5000 [09:34<2:25:17,  1.83s/it]=>> [Epoch 000] Global Step 000029 =>> LR :: 0.000020 - Loss :: 0.0735:   5%|▍         | 232/5000 [09:34<2:25:17,  1.83s/it]=>> [Epoch 000] Global Step 000029 =>> LR :: 0.000020 - Loss :: 0.0735:   5%|▍         | 233/5000 [09:36<2:30:39,  1.90s/it]=>> [Epoch 000] Global Step 000029 =>> LR :: 0.000020 - Loss :: 0.0735:   5%|▍         | 233/5000 [09:36<2:30:39,  1.90s/it]=>> [Epoch 000] Global Step 000029 =>> LR :: 0.000020 - Loss :: 0.0735:   5%|▍         | 234/5000 [09:37<2:27:40,  1.86s/it]=>> [Epoch 000] Global Step 000029 =>> LR :: 0.000020 - Loss :: 0.0735:   5%|▍         | 234/5000 [09:37<2:27:40,  1.86s/it]=>> [Epoch 000] Global Step 000029 =>> LR :: 0.000020 - Loss :: 0.0735:   5%|▍         | 235/5000 [09:39<2:25:43,  1.84s/it]=>> [Epoch 000] Global Step 000029 =>> LR :: 0.000020 - Loss :: 0.0735:   5%|▍         | 235/5000 [09:39<2:25:43,  1.84s/it]=>> [Epoch 000] Global Step 000029 =>> LR :: 0.000020 - Loss :: 0.0735:   5%|▍         | 236/5000 [09:41<2:33:34,  1.93s/it]=>> [Epoch 000] Global Step 000029 =>> LR :: 0.000020 - Loss :: 0.0735:   5%|▍         | 236/5000 [09:41<2:33:34,  1.93s/it]=>> [Epoch 000] Global Step 000029 =>> LR :: 0.000020 - Loss :: 0.0735:   5%|▍         | 237/5000 [09:43<2:29:37,  1.88s/it]=>> [Epoch 000] Global Step 000029 =>> LR :: 0.000020 - Loss :: 0.0735:   5%|▍         | 237/5000 [09:43<2:29:37,  1.88s/it]=>> [Epoch 000] Global Step 000029 =>> LR :: 0.000020 - Loss :: 0.0735:   5%|▍         | 238/5000 [09:45<2:26:45,  1.85s/it]=>> [Epoch 000] Global Step 000029 =>> LR :: 0.000020 - Loss :: 0.0735:   5%|▍         | 238/5000 [09:45<2:26:45,  1.85s/it]=>> [Epoch 000] Global Step 000029 =>> LR :: 0.000020 - Loss :: 0.0735:   5%|▍         | 239/5000 [09:47<2:24:54,  1.83s/it]=>> [Epoch 000] Global Step 000029 =>> LR :: 0.000020 - Loss :: 0.0735:   5%|▍         | 239/5000 [09:47<2:24:54,  1.83s/it]=>> [Epoch 000] Global Step 000029 =>> LR :: 0.000020 - Loss :: 0.0735:   5%|▍         | 240/5000 [09:49<2:26:52,  1.85s/it]=>> [Epoch 000] Global Step 000030 =>> LR :: 0.000020 - Loss :: 0.0844:   5%|▍         | 240/5000 [09:49<2:26:52,  1.85s/it]=>> [Epoch 000] Global Step 000030 =>> LR :: 0.000020 - Loss :: 0.0844:   5%|▍         | 241/5000 [09:50<2:23:41,  1.81s/it]=>> [Epoch 000] Global Step 000030 =>> LR :: 0.000020 - Loss :: 0.0844:   5%|▍         | 241/5000 [09:50<2:23:41,  1.81s/it]=>> [Epoch 000] Global Step 000030 =>> LR :: 0.000020 - Loss :: 0.0844:   5%|▍         | 242/5000 [09:52<2:26:14,  1.84s/it]=>> [Epoch 000] Global Step 000030 =>> LR :: 0.000020 - Loss :: 0.0844:   5%|▍         | 242/5000 [09:52<2:26:14,  1.84s/it]=>> [Epoch 000] Global Step 000030 =>> LR :: 0.000020 - Loss :: 0.0844:   5%|▍         | 243/5000 [09:54<2:24:21,  1.82s/it]=>> [Epoch 000] Global Step 000030 =>> LR :: 0.000020 - Loss :: 0.0844:   5%|▍         | 243/5000 [09:54<2:24:21,  1.82s/it]=>> [Epoch 000] Global Step 000030 =>> LR :: 0.000020 - Loss :: 0.0844:   5%|▍         | 244/5000 [09:56<2:23:24,  1.81s/it]=>> [Epoch 000] Global Step 000030 =>> LR :: 0.000020 - Loss :: 0.0844:   5%|▍         | 244/5000 [09:56<2:23:24,  1.81s/it]=>> [Epoch 000] Global Step 000030 =>> LR :: 0.000020 - Loss :: 0.0844:   5%|▍         | 245/5000 [09:58<2:22:18,  1.80s/it]=>> [Epoch 000] Global Step 000030 =>> LR :: 0.000020 - Loss :: 0.0844:   5%|▍         | 245/5000 [09:58<2:22:18,  1.80s/it]=>> [Epoch 000] Global Step 000030 =>> LR :: 0.000020 - Loss :: 0.0844:   5%|▍         | 246/5000 [09:59<2:21:39,  1.79s/it]=>> [Epoch 000] Global Step 000030 =>> LR :: 0.000020 - Loss :: 0.0844:   5%|▍         | 246/5000 [09:59<2:21:39,  1.79s/it]=>> [Epoch 000] Global Step 000030 =>> LR :: 0.000020 - Loss :: 0.0844:   5%|▍         | 247/5000 [10:01<2:21:00,  1.78s/it]=>> [Epoch 000] Global Step 000030 =>> LR :: 0.000020 - Loss :: 0.0844:   5%|▍         | 247/5000 [10:01<2:21:00,  1.78s/it]=>> [Epoch 000] Global Step 000030 =>> LR :: 0.000020 - Loss :: 0.0844:   5%|▍         | 248/5000 [10:03<2:23:56,  1.82s/it]=>> [Epoch 000] Global Step 000031 =>> LR :: 0.000020 - Loss :: 0.0777:   5%|▍         | 248/5000 [10:03<2:23:56,  1.82s/it]=>> [Epoch 000] Global Step 000031 =>> LR :: 0.000020 - Loss :: 0.0777:   5%|▍         | 249/5000 [10:05<2:21:40,  1.79s/it]=>> [Epoch 000] Global Step 000031 =>> LR :: 0.000020 - Loss :: 0.0777:   5%|▍         | 249/5000 [10:05<2:21:40,  1.79s/it]=>> [Epoch 000] Global Step 000031 =>> LR :: 0.000020 - Loss :: 0.0777:   5%|▌         | 250/5000 [10:06<2:21:39,  1.79s/it]=>> [Epoch 000] Global Step 000031 =>> LR :: 0.000020 - Loss :: 0.0777:   5%|▌         | 250/5000 [10:06<2:21:39,  1.79s/it]=>> [Epoch 000] Global Step 000031 =>> LR :: 0.000020 - Loss :: 0.0777:   5%|▌         | 251/5000 [10:08<2:25:26,  1.84s/it]=>> [Epoch 000] Global Step 000031 =>> LR :: 0.000020 - Loss :: 0.0777:   5%|▌         | 251/5000 [10:08<2:25:26,  1.84s/it]=>> [Epoch 000] Global Step 000031 =>> LR :: 0.000020 - Loss :: 0.0777:   5%|▌         | 252/5000 [10:10<2:23:38,  1.82s/it]=>> [Epoch 000] Global Step 000031 =>> LR :: 0.000020 - Loss :: 0.0777:   5%|▌         | 252/5000 [10:10<2:23:38,  1.82s/it]=>> [Epoch 000] Global Step 000031 =>> LR :: 0.000020 - Loss :: 0.0777:   5%|▌         | 253/5000 [10:12<2:32:14,  1.92s/it]=>> [Epoch 000] Global Step 000031 =>> LR :: 0.000020 - Loss :: 0.0777:   5%|▌         | 253/5000 [10:12<2:32:14,  1.92s/it]=>> [Epoch 000] Global Step 000031 =>> LR :: 0.000020 - Loss :: 0.0777:   5%|▌         | 254/5000 [10:14<2:28:43,  1.88s/it]=>> [Epoch 000] Global Step 000031 =>> LR :: 0.000020 - Loss :: 0.0777:   5%|▌         | 254/5000 [10:14<2:28:43,  1.88s/it]=>> [Epoch 000] Global Step 000031 =>> LR :: 0.000020 - Loss :: 0.0777:   5%|▌         | 255/5000 [10:16<2:25:55,  1.85s/it]=>> [Epoch 000] Global Step 000031 =>> LR :: 0.000020 - Loss :: 0.0777:   5%|▌         | 255/5000 [10:16<2:25:55,  1.85s/it]=>> [Epoch 000] Global Step 000031 =>> LR :: 0.000020 - Loss :: 0.0777:   5%|▌         | 256/5000 [10:18<2:27:36,  1.87s/it]=>> [Epoch 000] Global Step 000032 =>> LR :: 0.000020 - Loss :: 0.0838:   5%|▌         | 256/5000 [10:18<2:27:36,  1.87s/it]=>> [Epoch 000] Global Step 000032 =>> LR :: 0.000020 - Loss :: 0.0838:   5%|▌         | 257/5000 [10:20<2:24:25,  1.83s/it]=>> [Epoch 000] Global Step 000032 =>> LR :: 0.000020 - Loss :: 0.0838:   5%|▌         | 257/5000 [10:20<2:24:25,  1.83s/it]=>> [Epoch 000] Global Step 000032 =>> LR :: 0.000020 - Loss :: 0.0838:   5%|▌         | 258/5000 [10:21<2:22:52,  1.81s/it]=>> [Epoch 000] Global Step 000032 =>> LR :: 0.000020 - Loss :: 0.0838:   5%|▌         | 258/5000 [10:21<2:22:52,  1.81s/it]=>> [Epoch 000] Global Step 000032 =>> LR :: 0.000020 - Loss :: 0.0838:   5%|▌         | 259/5000 [10:23<2:22:10,  1.80s/it]=>> [Epoch 000] Global Step 000032 =>> LR :: 0.000020 - Loss :: 0.0838:   5%|▌         | 259/5000 [10:23<2:22:10,  1.80s/it]=>> [Epoch 000] Global Step 000032 =>> LR :: 0.000020 - Loss :: 0.0838:   5%|▌         | 260/5000 [10:25<2:26:39,  1.86s/it]=>> [Epoch 000] Global Step 000032 =>> LR :: 0.000020 - Loss :: 0.0838:   5%|▌         | 260/5000 [10:25<2:26:39,  1.86s/it]=>> [Epoch 000] Global Step 000032 =>> LR :: 0.000020 - Loss :: 0.0838:   5%|▌         | 261/5000 [10:27<2:24:21,  1.83s/it]=>> [Epoch 000] Global Step 000032 =>> LR :: 0.000020 - Loss :: 0.0838:   5%|▌         | 261/5000 [10:27<2:24:21,  1.83s/it]=>> [Epoch 000] Global Step 000032 =>> LR :: 0.000020 - Loss :: 0.0838:   5%|▌         | 262/5000 [10:29<2:23:10,  1.81s/it]=>> [Epoch 000] Global Step 000032 =>> LR :: 0.000020 - Loss :: 0.0838:   5%|▌         | 262/5000 [10:29<2:23:10,  1.81s/it]=>> [Epoch 000] Global Step 000032 =>> LR :: 0.000020 - Loss :: 0.0838:   5%|▌         | 263/5000 [10:30<2:22:21,  1.80s/it]=>> [Epoch 000] Global Step 000032 =>> LR :: 0.000020 - Loss :: 0.0838:   5%|▌         | 263/5000 [10:30<2:22:21,  1.80s/it]=>> [Epoch 000] Global Step 000032 =>> LR :: 0.000020 - Loss :: 0.0838:   5%|▌         | 264/5000 [10:32<2:24:49,  1.83s/it]=>> [Epoch 000] Global Step 000033 =>> LR :: 0.000020 - Loss :: 0.0818:   5%|▌         | 264/5000 [10:32<2:24:49,  1.83s/it]=>> [Epoch 000] Global Step 000033 =>> LR :: 0.000020 - Loss :: 0.0818:   5%|▌         | 265/5000 [10:34<2:22:25,  1.80s/it]=>> [Epoch 000] Global Step 000033 =>> LR :: 0.000020 - Loss :: 0.0818:   5%|▌         | 265/5000 [10:34<2:22:25,  1.80s/it]=>> [Epoch 000] Global Step 000033 =>> LR :: 0.000020 - Loss :: 0.0818:   5%|▌         | 266/5000 [10:36<2:21:18,  1.79s/it]=>> [Epoch 000] Global Step 000033 =>> LR :: 0.000020 - Loss :: 0.0818:   5%|▌         | 266/5000 [10:36<2:21:18,  1.79s/it]=>> [Epoch 000] Global Step 000033 =>> LR :: 0.000020 - Loss :: 0.0818:   5%|▌         | 267/5000 [10:38<2:21:08,  1.79s/it]=>> [Epoch 000] Global Step 000033 =>> LR :: 0.000020 - Loss :: 0.0818:   5%|▌         | 267/5000 [10:38<2:21:08,  1.79s/it]=>> [Epoch 000] Global Step 000033 =>> LR :: 0.000020 - Loss :: 0.0818:   5%|▌         | 268/5000 [10:40<2:26:10,  1.85s/it]=>> [Epoch 000] Global Step 000033 =>> LR :: 0.000020 - Loss :: 0.0818:   5%|▌         | 268/5000 [10:40<2:26:10,  1.85s/it]=>> [Epoch 000] Global Step 000033 =>> LR :: 0.000020 - Loss :: 0.0818:   5%|▌         | 269/5000 [10:41<2:24:11,  1.83s/it]=>> [Epoch 000] Global Step 000033 =>> LR :: 0.000020 - Loss :: 0.0818:   5%|▌         | 269/5000 [10:41<2:24:11,  1.83s/it]=>> [Epoch 000] Global Step 000033 =>> LR :: 0.000020 - Loss :: 0.0818:   5%|▌         | 270/5000 [10:43<2:22:38,  1.81s/it]=>> [Epoch 000] Global Step 000033 =>> LR :: 0.000020 - Loss :: 0.0818:   5%|▌         | 270/5000 [10:43<2:22:38,  1.81s/it]=>> [Epoch 000] Global Step 000033 =>> LR :: 0.000020 - Loss :: 0.0818:   5%|▌         | 271/5000 [10:45<2:28:05,  1.88s/it]=>> [Epoch 000] Global Step 000033 =>> LR :: 0.000020 - Loss :: 0.0818:   5%|▌         | 271/5000 [10:45<2:28:05,  1.88s/it]=>> [Epoch 000] Global Step 000033 =>> LR :: 0.000020 - Loss :: 0.0818:   5%|▌         | 272/5000 [10:47<2:33:28,  1.95s/it]=>> [Epoch 000] Global Step 000034 =>> LR :: 0.000020 - Loss :: 0.0531:   5%|▌         | 272/5000 [10:47<2:33:28,  1.95s/it]=>> [Epoch 000] Global Step 000034 =>> LR :: 0.000020 - Loss :: 0.0531:   5%|▌         | 273/5000 [10:49<2:28:42,  1.89s/it]=>> [Epoch 000] Global Step 000034 =>> LR :: 0.000020 - Loss :: 0.0531:   5%|▌         | 273/5000 [10:49<2:28:42,  1.89s/it]=>> [Epoch 000] Global Step 000034 =>> LR :: 0.000020 - Loss :: 0.0531:   5%|▌         | 274/5000 [10:51<2:26:11,  1.86s/it]=>> [Epoch 000] Global Step 000034 =>> LR :: 0.000020 - Loss :: 0.0531:   5%|▌         | 274/5000 [10:51<2:26:11,  1.86s/it]=>> [Epoch 000] Global Step 000034 =>> LR :: 0.000020 - Loss :: 0.0531:   6%|▌         | 275/5000 [10:53<2:24:26,  1.83s/it]=>> [Epoch 000] Global Step 000034 =>> LR :: 0.000020 - Loss :: 0.0531:   6%|▌         | 275/5000 [10:53<2:24:26,  1.83s/it]=>> [Epoch 000] Global Step 000034 =>> LR :: 0.000020 - Loss :: 0.0531:   6%|▌         | 276/5000 [10:54<2:23:27,  1.82s/it]=>> [Epoch 000] Global Step 000034 =>> LR :: 0.000020 - Loss :: 0.0531:   6%|▌         | 276/5000 [10:54<2:23:27,  1.82s/it]=>> [Epoch 000] Global Step 000034 =>> LR :: 0.000020 - Loss :: 0.0531:   6%|▌         | 277/5000 [10:56<2:21:59,  1.80s/it]=>> [Epoch 000] Global Step 000034 =>> LR :: 0.000020 - Loss :: 0.0531:   6%|▌         | 277/5000 [10:56<2:21:59,  1.80s/it]=>> [Epoch 000] Global Step 000034 =>> LR :: 0.000020 - Loss :: 0.0531:   6%|▌         | 278/5000 [10:58<2:25:26,  1.85s/it]=>> [Epoch 000] Global Step 000034 =>> LR :: 0.000020 - Loss :: 0.0531:   6%|▌         | 278/5000 [10:58<2:25:26,  1.85s/it]=>> [Epoch 000] Global Step 000034 =>> LR :: 0.000020 - Loss :: 0.0531:   6%|▌         | 279/5000 [11:00<2:23:49,  1.83s/it]=>> [Epoch 000] Global Step 000034 =>> LR :: 0.000020 - Loss :: 0.0531:   6%|▌         | 279/5000 [11:00<2:23:49,  1.83s/it]=>> [Epoch 000] Global Step 000034 =>> LR :: 0.000020 - Loss :: 0.0531:   6%|▌         | 280/5000 [11:02<2:26:09,  1.86s/it]=>> [Epoch 000] Global Step 000035 =>> LR :: 0.000020 - Loss :: 0.0920:   6%|▌         | 280/5000 [11:02<2:26:09,  1.86s/it]=>> [Epoch 000] Global Step 000035 =>> LR :: 0.000020 - Loss :: 0.0920:   6%|▌         | 281/5000 [11:04<2:23:19,  1.82s/it]=>> [Epoch 000] Global Step 000035 =>> LR :: 0.000020 - Loss :: 0.0920:   6%|▌         | 281/5000 [11:04<2:23:19,  1.82s/it]=>> [Epoch 000] Global Step 000035 =>> LR :: 0.000020 - Loss :: 0.0920:   6%|▌         | 282/5000 [11:05<2:22:21,  1.81s/it]=>> [Epoch 000] Global Step 000035 =>> LR :: 0.000020 - Loss :: 0.0920:   6%|▌         | 282/5000 [11:05<2:22:21,  1.81s/it]=>> [Epoch 000] Global Step 000035 =>> LR :: 0.000020 - Loss :: 0.0920:   6%|▌         | 283/5000 [11:07<2:21:28,  1.80s/it]=>> [Epoch 000] Global Step 000035 =>> LR :: 0.000020 - Loss :: 0.0920:   6%|▌         | 283/5000 [11:07<2:21:28,  1.80s/it]=>> [Epoch 000] Global Step 000035 =>> LR :: 0.000020 - Loss :: 0.0920:   6%|▌         | 284/5000 [11:09<2:21:14,  1.80s/it]=>> [Epoch 000] Global Step 000035 =>> LR :: 0.000020 - Loss :: 0.0920:   6%|▌         | 284/5000 [11:09<2:21:14,  1.80s/it]=>> [Epoch 000] Global Step 000035 =>> LR :: 0.000020 - Loss :: 0.0920:   6%|▌         | 285/5000 [11:11<2:20:44,  1.79s/it]=>> [Epoch 000] Global Step 000035 =>> LR :: 0.000020 - Loss :: 0.0920:   6%|▌         | 285/5000 [11:11<2:20:44,  1.79s/it]=>> [Epoch 000] Global Step 000035 =>> LR :: 0.000020 - Loss :: 0.0920:   6%|▌         | 286/5000 [11:13<2:25:43,  1.85s/it]=>> [Epoch 000] Global Step 000035 =>> LR :: 0.000020 - Loss :: 0.0920:   6%|▌         | 286/5000 [11:13<2:25:43,  1.85s/it]=>> [Epoch 000] Global Step 000035 =>> LR :: 0.000020 - Loss :: 0.0920:   6%|▌         | 287/5000 [11:14<2:23:52,  1.83s/it]=>> [Epoch 000] Global Step 000035 =>> LR :: 0.000020 - Loss :: 0.0920:   6%|▌         | 287/5000 [11:14<2:23:52,  1.83s/it]=>> [Epoch 000] Global Step 000035 =>> LR :: 0.000020 - Loss :: 0.0920:   6%|▌         | 288/5000 [11:17<2:30:16,  1.91s/it]=>> [Epoch 000] Global Step 000036 =>> LR :: 0.000020 - Loss :: 0.0553:   6%|▌         | 288/5000 [11:17<2:30:16,  1.91s/it]=>> [Epoch 000] Global Step 000036 =>> LR :: 0.000020 - Loss :: 0.0553:   6%|▌         | 289/5000 [11:18<2:25:51,  1.86s/it]=>> [Epoch 000] Global Step 000036 =>> LR :: 0.000020 - Loss :: 0.0553:   6%|▌         | 289/5000 [11:18<2:25:51,  1.86s/it]=>> [Epoch 000] Global Step 000036 =>> LR :: 0.000020 - Loss :: 0.0553:   6%|▌         | 290/5000 [11:20<2:29:03,  1.90s/it]=>> [Epoch 000] Global Step 000036 =>> LR :: 0.000020 - Loss :: 0.0553:   6%|▌         | 290/5000 [11:20<2:29:03,  1.90s/it]=>> [Epoch 000] Global Step 000036 =>> LR :: 0.000020 - Loss :: 0.0553:   6%|▌         | 291/5000 [11:22<2:26:09,  1.86s/it]=>> [Epoch 000] Global Step 000036 =>> LR :: 0.000020 - Loss :: 0.0553:   6%|▌         | 291/5000 [11:22<2:26:09,  1.86s/it]=>> [Epoch 000] Global Step 000036 =>> LR :: 0.000020 - Loss :: 0.0553:   6%|▌         | 292/5000 [11:24<2:23:54,  1.83s/it]=>> [Epoch 000] Global Step 000036 =>> LR :: 0.000020 - Loss :: 0.0553:   6%|▌         | 292/5000 [11:24<2:23:54,  1.83s/it]=>> [Epoch 000] Global Step 000036 =>> LR :: 0.000020 - Loss :: 0.0553:   6%|▌         | 293/5000 [11:26<2:22:24,  1.82s/it]=>> [Epoch 000] Global Step 000036 =>> LR :: 0.000020 - Loss :: 0.0553:   6%|▌         | 293/5000 [11:26<2:22:24,  1.82s/it]=>> [Epoch 000] Global Step 000036 =>> LR :: 0.000020 - Loss :: 0.0553:   6%|▌         | 294/5000 [11:27<2:21:22,  1.80s/it]=>> [Epoch 000] Global Step 000036 =>> LR :: 0.000020 - Loss :: 0.0553:   6%|▌         | 294/5000 [11:27<2:21:22,  1.80s/it]=>> [Epoch 000] Global Step 000036 =>> LR :: 0.000020 - Loss :: 0.0553:   6%|▌         | 295/5000 [11:29<2:20:29,  1.79s/it]=>> [Epoch 000] Global Step 000036 =>> LR :: 0.000020 - Loss :: 0.0553:   6%|▌         | 295/5000 [11:29<2:20:29,  1.79s/it]=>> [Epoch 000] Global Step 000036 =>> LR :: 0.000020 - Loss :: 0.0553:   6%|▌         | 296/5000 [11:31<2:28:13,  1.89s/it]=>> [Epoch 000] Global Step 000037 =>> LR :: 0.000020 - Loss :: 0.0442:   6%|▌         | 296/5000 [11:31<2:28:13,  1.89s/it]=>> [Epoch 000] Global Step 000037 =>> LR :: 0.000020 - Loss :: 0.0442:   6%|▌         | 297/5000 [11:33<2:24:10,  1.84s/it]=>> [Epoch 000] Global Step 000037 =>> LR :: 0.000020 - Loss :: 0.0442:   6%|▌         | 297/5000 [11:33<2:24:10,  1.84s/it]=>> [Epoch 000] Global Step 000037 =>> LR :: 0.000020 - Loss :: 0.0442:   6%|▌         | 298/5000 [11:35<2:22:18,  1.82s/it]=>> [Epoch 000] Global Step 000037 =>> LR :: 0.000020 - Loss :: 0.0442:   6%|▌         | 298/5000 [11:35<2:22:18,  1.82s/it]=>> [Epoch 000] Global Step 000037 =>> LR :: 0.000020 - Loss :: 0.0442:   6%|▌         | 299/5000 [11:36<2:21:05,  1.80s/it]=>> [Epoch 000] Global Step 000037 =>> LR :: 0.000020 - Loss :: 0.0442:   6%|▌         | 299/5000 [11:36<2:21:05,  1.80s/it]=>> [Epoch 000] Global Step 000037 =>> LR :: 0.000020 - Loss :: 0.0442:   6%|▌         | 300/5000 [11:38<2:20:16,  1.79s/it]=>> [Epoch 000] Global Step 000037 =>> LR :: 0.000020 - Loss :: 0.0442:   6%|▌         | 300/5000 [11:38<2:20:16,  1.79s/it]=>> [Epoch 000] Global Step 000037 =>> LR :: 0.000020 - Loss :: 0.0442:   6%|▌         | 301/5000 [11:40<2:21:41,  1.81s/it]=>> [Epoch 000] Global Step 000037 =>> LR :: 0.000020 - Loss :: 0.0442:   6%|▌         | 301/5000 [11:40<2:21:41,  1.81s/it]=>> [Epoch 000] Global Step 000037 =>> LR :: 0.000020 - Loss :: 0.0442:   6%|▌         | 302/5000 [11:42<2:20:36,  1.80s/it]=>> [Epoch 000] Global Step 000037 =>> LR :: 0.000020 - Loss :: 0.0442:   6%|▌         | 302/5000 [11:42<2:20:36,  1.80s/it]=>> [Epoch 000] Global Step 000037 =>> LR :: 0.000020 - Loss :: 0.0442:   6%|▌         | 303/5000 [11:44<2:24:10,  1.84s/it]=>> [Epoch 000] Global Step 000037 =>> LR :: 0.000020 - Loss :: 0.0442:   6%|▌         | 303/5000 [11:44<2:24:10,  1.84s/it]=>> [Epoch 000] Global Step 000037 =>> LR :: 0.000020 - Loss :: 0.0442:   6%|▌         | 304/5000 [11:46<2:26:23,  1.87s/it]=>> [Epoch 000] Global Step 000038 =>> LR :: 0.000020 - Loss :: 0.0383:   6%|▌         | 304/5000 [11:46<2:26:23,  1.87s/it]=>> [Epoch 000] Global Step 000038 =>> LR :: 0.000020 - Loss :: 0.0383:   6%|▌         | 305/5000 [11:47<2:23:04,  1.83s/it]=>> [Epoch 000] Global Step 000038 =>> LR :: 0.000020 - Loss :: 0.0383:   6%|▌         | 305/5000 [11:47<2:23:04,  1.83s/it]=>> [Epoch 000] Global Step 000038 =>> LR :: 0.000020 - Loss :: 0.0383:   6%|▌         | 306/5000 [11:49<2:26:07,  1.87s/it]=>> [Epoch 000] Global Step 000038 =>> LR :: 0.000020 - Loss :: 0.0383:   6%|▌         | 306/5000 [11:49<2:26:07,  1.87s/it]=>> [Epoch 000] Global Step 000038 =>> LR :: 0.000020 - Loss :: 0.0383:   6%|▌         | 307/5000 [11:51<2:28:39,  1.90s/it]=>> [Epoch 000] Global Step 000038 =>> LR :: 0.000020 - Loss :: 0.0383:   6%|▌         | 307/5000 [11:51<2:28:39,  1.90s/it]=>> [Epoch 000] Global Step 000038 =>> LR :: 0.000020 - Loss :: 0.0383:   6%|▌         | 308/5000 [11:53<2:25:42,  1.86s/it]=>> [Epoch 000] Global Step 000038 =>> LR :: 0.000020 - Loss :: 0.0383:   6%|▌         | 308/5000 [11:53<2:25:42,  1.86s/it]=>> [Epoch 000] Global Step 000038 =>> LR :: 0.000020 - Loss :: 0.0383:   6%|▌         | 309/5000 [11:55<2:23:33,  1.84s/it]=>> [Epoch 000] Global Step 000038 =>> LR :: 0.000020 - Loss :: 0.0383:   6%|▌         | 309/5000 [11:55<2:23:33,  1.84s/it]=>> [Epoch 000] Global Step 000038 =>> LR :: 0.000020 - Loss :: 0.0383:   6%|▌         | 310/5000 [11:57<2:22:19,  1.82s/it]=>> [Epoch 000] Global Step 000038 =>> LR :: 0.000020 - Loss :: 0.0383:   6%|▌         | 310/5000 [11:57<2:22:19,  1.82s/it]=>> [Epoch 000] Global Step 000038 =>> LR :: 0.000020 - Loss :: 0.0383:   6%|▌         | 311/5000 [11:59<2:21:35,  1.81s/it]=>> [Epoch 000] Global Step 000038 =>> LR :: 0.000020 - Loss :: 0.0383:   6%|▌         | 311/5000 [11:59<2:21:35,  1.81s/it]=>> [Epoch 000] Global Step 000038 =>> LR :: 0.000020 - Loss :: 0.0383:   6%|▌         | 312/5000 [12:00<2:24:17,  1.85s/it]=>> [Epoch 000] Global Step 000039 =>> LR :: 0.000020 - Loss :: 0.0478:   6%|▌         | 312/5000 [12:00<2:24:17,  1.85s/it]=>> [Epoch 000] Global Step 000039 =>> LR :: 0.000020 - Loss :: 0.0478:   6%|▋         | 313/5000 [12:02<2:21:24,  1.81s/it]=>> [Epoch 000] Global Step 000039 =>> LR :: 0.000020 - Loss :: 0.0478:   6%|▋         | 313/5000 [12:02<2:21:24,  1.81s/it]=>> [Epoch 000] Global Step 000039 =>> LR :: 0.000020 - Loss :: 0.0478:   6%|▋         | 314/5000 [12:04<2:24:29,  1.85s/it]=>> [Epoch 000] Global Step 000039 =>> LR :: 0.000020 - Loss :: 0.0478:   6%|▋         | 314/5000 [12:04<2:24:29,  1.85s/it]=>> [Epoch 000] Global Step 000039 =>> LR :: 0.000020 - Loss :: 0.0478:   6%|▋         | 315/5000 [12:06<2:22:32,  1.83s/it]=>> [Epoch 000] Global Step 000039 =>> LR :: 0.000020 - Loss :: 0.0478:   6%|▋         | 315/5000 [12:06<2:22:32,  1.83s/it]=>> [Epoch 000] Global Step 000039 =>> LR :: 0.000020 - Loss :: 0.0478:   6%|▋         | 316/5000 [12:08<2:21:19,  1.81s/it]=>> [Epoch 000] Global Step 000039 =>> LR :: 0.000020 - Loss :: 0.0478:   6%|▋         | 316/5000 [12:08<2:21:19,  1.81s/it]=>> [Epoch 000] Global Step 000039 =>> LR :: 0.000020 - Loss :: 0.0478:   6%|▋         | 317/5000 [12:09<2:20:39,  1.80s/it]=>> [Epoch 000] Global Step 000039 =>> LR :: 0.000020 - Loss :: 0.0478:   6%|▋         | 317/5000 [12:09<2:20:39,  1.80s/it]=>> [Epoch 000] Global Step 000039 =>> LR :: 0.000020 - Loss :: 0.0478:   6%|▋         | 318/5000 [12:11<2:19:47,  1.79s/it]=>> [Epoch 000] Global Step 000039 =>> LR :: 0.000020 - Loss :: 0.0478:   6%|▋         | 318/5000 [12:11<2:19:47,  1.79s/it]=>> [Epoch 000] Global Step 000039 =>> LR :: 0.000020 - Loss :: 0.0478:   6%|▋         | 319/5000 [12:13<2:19:18,  1.79s/it]=>> [Epoch 000] Global Step 000039 =>> LR :: 0.000020 - Loss :: 0.0478:   6%|▋         | 319/5000 [12:13<2:19:18,  1.79s/it]=>> [Epoch 000] Global Step 000039 =>> LR :: 0.000020 - Loss :: 0.0478:   6%|▋         | 320/5000 [12:15<2:24:51,  1.86s/it]=>> [Epoch 000] Global Step 000040 =>> LR :: 0.000020 - Loss :: 0.0724:   6%|▋         | 320/5000 [12:15<2:24:51,  1.86s/it]=>> [Epoch 000] Global Step 000040 =>> LR :: 0.000020 - Loss :: 0.0724:   6%|▋         | 321/5000 [12:17<2:26:00,  1.87s/it]=>> [Epoch 000] Global Step 000040 =>> LR :: 0.000020 - Loss :: 0.0724:   6%|▋         | 321/5000 [12:17<2:26:00,  1.87s/it]=>> [Epoch 000] Global Step 000040 =>> LR :: 0.000020 - Loss :: 0.0724:   6%|▋         | 322/5000 [12:19<2:23:56,  1.85s/it]=>> [Epoch 000] Global Step 000040 =>> LR :: 0.000020 - Loss :: 0.0724:   6%|▋         | 322/5000 [12:19<2:23:56,  1.85s/it]=>> [Epoch 000] Global Step 000040 =>> LR :: 0.000020 - Loss :: 0.0724:   6%|▋         | 323/5000 [12:21<2:27:18,  1.89s/it]=>> [Epoch 000] Global Step 000040 =>> LR :: 0.000020 - Loss :: 0.0724:   6%|▋         | 323/5000 [12:21<2:27:18,  1.89s/it]=>> [Epoch 000] Global Step 000040 =>> LR :: 0.000020 - Loss :: 0.0724:   6%|▋         | 324/5000 [12:23<2:24:45,  1.86s/it]=>> [Epoch 000] Global Step 000040 =>> LR :: 0.000020 - Loss :: 0.0724:   6%|▋         | 324/5000 [12:23<2:24:45,  1.86s/it]=>> [Epoch 000] Global Step 000040 =>> LR :: 0.000020 - Loss :: 0.0724:   6%|▋         | 325/5000 [12:24<2:26:40,  1.88s/it]=>> [Epoch 000] Global Step 000040 =>> LR :: 0.000020 - Loss :: 0.0724:   6%|▋         | 325/5000 [12:24<2:26:40,  1.88s/it]=>> [Epoch 000] Global Step 000040 =>> LR :: 0.000020 - Loss :: 0.0724:   7%|▋         | 326/5000 [12:26<2:24:23,  1.85s/it]=>> [Epoch 000] Global Step 000040 =>> LR :: 0.000020 - Loss :: 0.0724:   7%|▋         | 326/5000 [12:26<2:24:23,  1.85s/it]=>> [Epoch 000] Global Step 000040 =>> LR :: 0.000020 - Loss :: 0.0724:   7%|▋         | 327/5000 [12:28<2:22:17,  1.83s/it]=>> [Epoch 000] Global Step 000040 =>> LR :: 0.000020 - Loss :: 0.0724:   7%|▋         | 327/5000 [12:28<2:22:17,  1.83s/it]=>> [Epoch 000] Global Step 000040 =>> LR :: 0.000020 - Loss :: 0.0724:   7%|▋         | 328/5000 [12:30<2:24:27,  1.86s/it]=>> [Epoch 000] Global Step 000041 =>> LR :: 0.000020 - Loss :: 0.0526:   7%|▋         | 328/5000 [12:30<2:24:27,  1.86s/it]=>> [Epoch 000] Global Step 000041 =>> LR :: 0.000020 - Loss :: 0.0526:   7%|▋         | 329/5000 [12:32<2:21:48,  1.82s/it]=>> [Epoch 000] Global Step 000041 =>> LR :: 0.000020 - Loss :: 0.0526:   7%|▋         | 329/5000 [12:32<2:21:48,  1.82s/it]=>> [Epoch 000] Global Step 000041 =>> LR :: 0.000020 - Loss :: 0.0526:   7%|▋         | 330/5000 [12:33<2:20:50,  1.81s/it]=>> [Epoch 000] Global Step 000041 =>> LR :: 0.000020 - Loss :: 0.0526:   7%|▋         | 330/5000 [12:33<2:20:50,  1.81s/it]=>> [Epoch 000] Global Step 000041 =>> LR :: 0.000020 - Loss :: 0.0526:   7%|▋         | 331/5000 [12:35<2:19:54,  1.80s/it]=>> [Epoch 000] Global Step 000041 =>> LR :: 0.000020 - Loss :: 0.0526:   7%|▋         | 331/5000 [12:35<2:19:54,  1.80s/it]=>> [Epoch 000] Global Step 000041 =>> LR :: 0.000020 - Loss :: 0.0526:   7%|▋         | 332/5000 [12:37<2:24:10,  1.85s/it]=>> [Epoch 000] Global Step 000041 =>> LR :: 0.000020 - Loss :: 0.0526:   7%|▋         | 332/5000 [12:37<2:24:10,  1.85s/it]=>> [Epoch 000] Global Step 000041 =>> LR :: 0.000020 - Loss :: 0.0526:   7%|▋         | 333/5000 [12:39<2:22:31,  1.83s/it]=>> [Epoch 000] Global Step 000041 =>> LR :: 0.000020 - Loss :: 0.0526:   7%|▋         | 333/5000 [12:39<2:22:31,  1.83s/it]=>> [Epoch 000] Global Step 000041 =>> LR :: 0.000020 - Loss :: 0.0526:   7%|▋         | 334/5000 [12:41<2:21:21,  1.82s/it]=>> [Epoch 000] Global Step 000041 =>> LR :: 0.000020 - Loss :: 0.0526:   7%|▋         | 334/5000 [12:41<2:21:21,  1.82s/it]=>> [Epoch 000] Global Step 000041 =>> LR :: 0.000020 - Loss :: 0.0526:   7%|▋         | 335/5000 [12:43<2:20:57,  1.81s/it]=>> [Epoch 000] Global Step 000041 =>> LR :: 0.000020 - Loss :: 0.0526:   7%|▋         | 335/5000 [12:43<2:20:57,  1.81s/it]=>> [Epoch 000] Global Step 000041 =>> LR :: 0.000020 - Loss :: 0.0526:   7%|▋         | 336/5000 [12:44<2:23:08,  1.84s/it]=>> [Epoch 000] Global Step 000042 =>> LR :: 0.000020 - Loss :: 0.0336:   7%|▋         | 336/5000 [12:44<2:23:08,  1.84s/it]=>> [Epoch 000] Global Step 000042 =>> LR :: 0.000020 - Loss :: 0.0336:   7%|▋         | 337/5000 [12:46<2:20:44,  1.81s/it]=>> [Epoch 000] Global Step 000042 =>> LR :: 0.000020 - Loss :: 0.0336:   7%|▋         | 337/5000 [12:46<2:20:44,  1.81s/it]=>> [Epoch 000] Global Step 000042 =>> LR :: 0.000020 - Loss :: 0.0336:   7%|▋         | 338/5000 [12:48<2:25:06,  1.87s/it]=>> [Epoch 000] Global Step 000042 =>> LR :: 0.000020 - Loss :: 0.0336:   7%|▋         | 338/5000 [12:48<2:25:06,  1.87s/it]=>> [Epoch 000] Global Step 000042 =>> LR :: 0.000020 - Loss :: 0.0336:   7%|▋         | 339/5000 [12:50<2:22:57,  1.84s/it]=>> [Epoch 000] Global Step 000042 =>> LR :: 0.000020 - Loss :: 0.0336:   7%|▋         | 339/5000 [12:50<2:22:57,  1.84s/it]=>> [Epoch 000] Global Step 000042 =>> LR :: 0.000020 - Loss :: 0.0336:   7%|▋         | 340/5000 [12:52<2:21:33,  1.82s/it]=>> [Epoch 000] Global Step 000042 =>> LR :: 0.000020 - Loss :: 0.0336:   7%|▋         | 340/5000 [12:52<2:21:33,  1.82s/it]=>> [Epoch 000] Global Step 000042 =>> LR :: 0.000020 - Loss :: 0.0336:   7%|▋         | 341/5000 [12:54<2:24:37,  1.86s/it]=>> [Epoch 000] Global Step 000042 =>> LR :: 0.000020 - Loss :: 0.0336:   7%|▋         | 341/5000 [12:54<2:24:37,  1.86s/it]=>> [Epoch 000] Global Step 000042 =>> LR :: 0.000020 - Loss :: 0.0336:   7%|▋         | 342/5000 [12:55<2:22:28,  1.84s/it]=>> [Epoch 000] Global Step 000042 =>> LR :: 0.000020 - Loss :: 0.0336:   7%|▋         | 342/5000 [12:55<2:22:28,  1.84s/it]=>> [Epoch 000] Global Step 000042 =>> LR :: 0.000020 - Loss :: 0.0336:   7%|▋         | 343/5000 [12:57<2:26:25,  1.89s/it]=>> [Epoch 000] Global Step 000042 =>> LR :: 0.000020 - Loss :: 0.0336:   7%|▋         | 343/5000 [12:57<2:26:25,  1.89s/it]=>> [Epoch 000] Global Step 000042 =>> LR :: 0.000020 - Loss :: 0.0336:   7%|▋         | 344/5000 [12:59<2:27:07,  1.90s/it]=>> [Epoch 000] Global Step 000043 =>> LR :: 0.000020 - Loss :: 0.0339:   7%|▋         | 344/5000 [12:59<2:27:07,  1.90s/it]=>> [Epoch 000] Global Step 000043 =>> LR :: 0.000020 - Loss :: 0.0339:   7%|▋         | 345/5000 [13:01<2:23:17,  1.85s/it]=>> [Epoch 000] Global Step 000043 =>> LR :: 0.000020 - Loss :: 0.0339:   7%|▋         | 345/5000 [13:01<2:23:17,  1.85s/it]=>> [Epoch 000] Global Step 000043 =>> LR :: 0.000020 - Loss :: 0.0339:   7%|▋         | 346/5000 [13:03<2:21:23,  1.82s/it]=>> [Epoch 000] Global Step 000043 =>> LR :: 0.000020 - Loss :: 0.0339:   7%|▋         | 346/5000 [13:03<2:21:23,  1.82s/it]=>> [Epoch 000] Global Step 000043 =>> LR :: 0.000020 - Loss :: 0.0339:   7%|▋         | 347/5000 [13:05<2:20:01,  1.81s/it]=>> [Epoch 000] Global Step 000043 =>> LR :: 0.000020 - Loss :: 0.0339:   7%|▋         | 347/5000 [13:05<2:20:01,  1.81s/it]=>> [Epoch 000] Global Step 000043 =>> LR :: 0.000020 - Loss :: 0.0339:   7%|▋         | 348/5000 [13:06<2:18:56,  1.79s/it]=>> [Epoch 000] Global Step 000043 =>> LR :: 0.000020 - Loss :: 0.0339:   7%|▋         | 348/5000 [13:06<2:18:56,  1.79s/it]=>> [Epoch 000] Global Step 000043 =>> LR :: 0.000020 - Loss :: 0.0339:   7%|▋         | 349/5000 [13:08<2:18:29,  1.79s/it]=>> [Epoch 000] Global Step 000043 =>> LR :: 0.000020 - Loss :: 0.0339:   7%|▋         | 349/5000 [13:08<2:18:29,  1.79s/it]=>> [Epoch 000] Global Step 000043 =>> LR :: 0.000020 - Loss :: 0.0339:   7%|▋         | 350/5000 [13:10<2:22:17,  1.84s/it]=>> [Epoch 000] Global Step 000043 =>> LR :: 0.000020 - Loss :: 0.0339:   7%|▋         | 350/5000 [13:10<2:22:17,  1.84s/it]=>> [Epoch 000] Global Step 000043 =>> LR :: 0.000020 - Loss :: 0.0339:   7%|▋         | 351/5000 [13:12<2:20:41,  1.82s/it]=>> [Epoch 000] Global Step 000043 =>> LR :: 0.000020 - Loss :: 0.0339:   7%|▋         | 351/5000 [13:12<2:20:41,  1.82s/it]=>> [Epoch 000] Global Step 000043 =>> LR :: 0.000020 - Loss :: 0.0339:   7%|▋         | 352/5000 [13:14<2:22:45,  1.84s/it]=>> [Epoch 000] Global Step 000044 =>> LR :: 0.000020 - Loss :: 0.0403:   7%|▋         | 352/5000 [13:14<2:22:45,  1.84s/it]=>> [Epoch 000] Global Step 000044 =>> LR :: 0.000020 - Loss :: 0.0403:   7%|▋         | 353/5000 [13:16<2:20:06,  1.81s/it]=>> [Epoch 000] Global Step 000044 =>> LR :: 0.000020 - Loss :: 0.0403:   7%|▋         | 353/5000 [13:16<2:20:06,  1.81s/it]=>> [Epoch 000] Global Step 000044 =>> LR :: 0.000020 - Loss :: 0.0403:   7%|▋         | 354/5000 [13:17<2:19:02,  1.80s/it]=>> [Epoch 000] Global Step 000044 =>> LR :: 0.000020 - Loss :: 0.0403:   7%|▋         | 354/5000 [13:17<2:19:02,  1.80s/it]=>> [Epoch 000] Global Step 000044 =>> LR :: 0.000020 - Loss :: 0.0403:   7%|▋         | 355/5000 [13:19<2:18:22,  1.79s/it]=>> [Epoch 000] Global Step 000044 =>> LR :: 0.000020 - Loss :: 0.0403:   7%|▋         | 355/5000 [13:19<2:18:22,  1.79s/it]=>> [Epoch 000] Global Step 000044 =>> LR :: 0.000020 - Loss :: 0.0403:   7%|▋         | 356/5000 [13:21<2:21:42,  1.83s/it]=>> [Epoch 000] Global Step 000044 =>> LR :: 0.000020 - Loss :: 0.0403:   7%|▋         | 356/5000 [13:21<2:21:42,  1.83s/it]=>> [Epoch 000] Global Step 000044 =>> LR :: 0.000020 - Loss :: 0.0403:   7%|▋         | 357/5000 [13:23<2:20:04,  1.81s/it]=>> [Epoch 000] Global Step 000044 =>> LR :: 0.000020 - Loss :: 0.0403:   7%|▋         | 357/5000 [13:23<2:20:04,  1.81s/it]=>> [Epoch 000] Global Step 000044 =>> LR :: 0.000020 - Loss :: 0.0403:   7%|▋         | 358/5000 [13:25<2:23:45,  1.86s/it]=>> [Epoch 000] Global Step 000044 =>> LR :: 0.000020 - Loss :: 0.0403:   7%|▋         | 358/5000 [13:25<2:23:45,  1.86s/it]=>> [Epoch 000] Global Step 000044 =>> LR :: 0.000020 - Loss :: 0.0403:   7%|▋         | 359/5000 [13:27<2:21:41,  1.83s/it]=>> [Epoch 000] Global Step 000044 =>> LR :: 0.000020 - Loss :: 0.0403:   7%|▋         | 359/5000 [13:27<2:21:41,  1.83s/it]=>> [Epoch 000] Global Step 000044 =>> LR :: 0.000020 - Loss :: 0.0403:   7%|▋         | 360/5000 [13:29<2:27:34,  1.91s/it]=>> [Epoch 000] Global Step 000045 =>> LR :: 0.000020 - Loss :: 0.0408:   7%|▋         | 360/5000 [13:29<2:27:34,  1.91s/it]=>> [Epoch 000] Global Step 000045 =>> LR :: 0.000020 - Loss :: 0.0408:   7%|▋         | 361/5000 [13:30<2:23:39,  1.86s/it]=>> [Epoch 000] Global Step 000045 =>> LR :: 0.000020 - Loss :: 0.0408:   7%|▋         | 361/5000 [13:30<2:23:39,  1.86s/it]=>> [Epoch 000] Global Step 000045 =>> LR :: 0.000020 - Loss :: 0.0408:   7%|▋         | 362/5000 [13:32<2:21:29,  1.83s/it]=>> [Epoch 000] Global Step 000045 =>> LR :: 0.000020 - Loss :: 0.0408:   7%|▋         | 362/5000 [13:32<2:21:29,  1.83s/it]=>> [Epoch 000] Global Step 000045 =>> LR :: 0.000020 - Loss :: 0.0408:   7%|▋         | 363/5000 [13:34<2:20:20,  1.82s/it]=>> [Epoch 000] Global Step 000045 =>> LR :: 0.000020 - Loss :: 0.0408:   7%|▋         | 363/5000 [13:34<2:20:20,  1.82s/it]=>> [Epoch 000] Global Step 000045 =>> LR :: 0.000020 - Loss :: 0.0408:   7%|▋         | 364/5000 [13:36<2:19:29,  1.81s/it]=>> [Epoch 000] Global Step 000045 =>> LR :: 0.000020 - Loss :: 0.0408:   7%|▋         | 364/5000 [13:36<2:19:29,  1.81s/it]=>> [Epoch 000] Global Step 000045 =>> LR :: 0.000020 - Loss :: 0.0408:   7%|▋         | 365/5000 [13:37<2:18:47,  1.80s/it]=>> [Epoch 000] Global Step 000045 =>> LR :: 0.000020 - Loss :: 0.0408:   7%|▋         | 365/5000 [13:37<2:18:47,  1.80s/it]=>> [Epoch 000] Global Step 000045 =>> LR :: 0.000020 - Loss :: 0.0408:   7%|▋         | 366/5000 [13:39<2:18:17,  1.79s/it]=>> [Epoch 000] Global Step 000045 =>> LR :: 0.000020 - Loss :: 0.0408:   7%|▋         | 366/5000 [13:39<2:18:17,  1.79s/it]=>> [Epoch 000] Global Step 000045 =>> LR :: 0.000020 - Loss :: 0.0408:   7%|▋         | 367/5000 [13:41<2:19:32,  1.81s/it]=>> [Epoch 000] Global Step 000045 =>> LR :: 0.000020 - Loss :: 0.0408:   7%|▋         | 367/5000 [13:41<2:19:32,  1.81s/it]=>> [Epoch 000] Global Step 000045 =>> LR :: 0.000020 - Loss :: 0.0408:   7%|▋         | 368/5000 [13:43<2:26:49,  1.90s/it]=>> [Epoch 000] Global Step 000046 =>> LR :: 0.000020 - Loss :: 0.0356:   7%|▋         | 368/5000 [13:43<2:26:49,  1.90s/it]=>> [Epoch 000] Global Step 000046 =>> LR :: 0.000020 - Loss :: 0.0356:   7%|▋         | 369/5000 [13:45<2:23:05,  1.85s/it]=>> [Epoch 000] Global Step 000046 =>> LR :: 0.000020 - Loss :: 0.0356:   7%|▋         | 369/5000 [13:45<2:23:05,  1.85s/it]=>> [Epoch 000] Global Step 000046 =>> LR :: 0.000020 - Loss :: 0.0356:   7%|▋         | 370/5000 [13:47<2:21:04,  1.83s/it]=>> [Epoch 000] Global Step 000046 =>> LR :: 0.000020 - Loss :: 0.0356:   7%|▋         | 370/5000 [13:47<2:21:04,  1.83s/it]=>> [Epoch 000] Global Step 000046 =>> LR :: 0.000020 - Loss :: 0.0356:   7%|▋         | 371/5000 [13:49<2:20:02,  1.82s/it]=>> [Epoch 000] Global Step 000046 =>> LR :: 0.000020 - Loss :: 0.0356:   7%|▋         | 371/5000 [13:49<2:20:02,  1.82s/it]=>> [Epoch 000] Global Step 000046 =>> LR :: 0.000020 - Loss :: 0.0356:   7%|▋         | 372/5000 [13:50<2:18:56,  1.80s/it]=>> [Epoch 000] Global Step 000046 =>> LR :: 0.000020 - Loss :: 0.0356:   7%|▋         | 372/5000 [13:50<2:18:56,  1.80s/it]=>> [Epoch 000] Global Step 000046 =>> LR :: 0.000020 - Loss :: 0.0356:   7%|▋         | 373/5000 [13:52<2:23:18,  1.86s/it]=>> [Epoch 000] Global Step 000046 =>> LR :: 0.000020 - Loss :: 0.0356:   7%|▋         | 373/5000 [13:52<2:23:18,  1.86s/it]=>> [Epoch 000] Global Step 000046 =>> LR :: 0.000020 - Loss :: 0.0356:   7%|▋         | 374/5000 [13:54<2:21:06,  1.83s/it]=>> [Epoch 000] Global Step 000046 =>> LR :: 0.000020 - Loss :: 0.0356:   7%|▋         | 374/5000 [13:54<2:21:06,  1.83s/it]=>> [Epoch 000] Global Step 000046 =>> LR :: 0.000020 - Loss :: 0.0356:   8%|▊         | 375/5000 [13:56<2:19:40,  1.81s/it]=>> [Epoch 000] Global Step 000046 =>> LR :: 0.000020 - Loss :: 0.0356:   8%|▊         | 375/5000 [13:56<2:19:40,  1.81s/it]=>> [Epoch 000] Global Step 000046 =>> LR :: 0.000020 - Loss :: 0.0356:   8%|▊         | 376/5000 [13:58<2:26:10,  1.90s/it]=>> [Epoch 000] Global Step 000047 =>> LR :: 0.000020 - Loss :: 0.0261:   8%|▊         | 376/5000 [13:58<2:26:10,  1.90s/it]=>> [Epoch 000] Global Step 000047 =>> LR :: 0.000020 - Loss :: 0.0261:   8%|▊         | 377/5000 [14:00<2:22:36,  1.85s/it]=>> [Epoch 000] Global Step 000047 =>> LR :: 0.000020 - Loss :: 0.0261:   8%|▊         | 377/5000 [14:00<2:22:36,  1.85s/it]=>> [Epoch 000] Global Step 000047 =>> LR :: 0.000020 - Loss :: 0.0261:   8%|▊         | 378/5000 [14:02<2:24:55,  1.88s/it]=>> [Epoch 000] Global Step 000047 =>> LR :: 0.000020 - Loss :: 0.0261:   8%|▊         | 378/5000 [14:02<2:24:55,  1.88s/it]=>> [Epoch 000] Global Step 000047 =>> LR :: 0.000020 - Loss :: 0.0261:   8%|▊         | 379/5000 [14:03<2:22:33,  1.85s/it]=>> [Epoch 000] Global Step 000047 =>> LR :: 0.000020 - Loss :: 0.0261:   8%|▊         | 379/5000 [14:03<2:22:33,  1.85s/it]=>> [Epoch 000] Global Step 000047 =>> LR :: 0.000020 - Loss :: 0.0261:   8%|▊         | 380/5000 [14:05<2:20:45,  1.83s/it]=>> [Epoch 000] Global Step 000047 =>> LR :: 0.000020 - Loss :: 0.0261:   8%|▊         | 380/5000 [14:05<2:20:45,  1.83s/it]=>> [Epoch 000] Global Step 000047 =>> LR :: 0.000020 - Loss :: 0.0261:   8%|▊         | 381/5000 [14:07<2:19:50,  1.82s/it]=>> [Epoch 000] Global Step 000047 =>> LR :: 0.000020 - Loss :: 0.0261:   8%|▊         | 381/5000 [14:07<2:19:50,  1.82s/it]=>> [Epoch 000] Global Step 000047 =>> LR :: 0.000020 - Loss :: 0.0261:   8%|▊         | 382/5000 [14:09<2:19:14,  1.81s/it]=>> [Epoch 000] Global Step 000047 =>> LR :: 0.000020 - Loss :: 0.0261:   8%|▊         | 382/5000 [14:09<2:19:14,  1.81s/it]=>> [Epoch 000] Global Step 000047 =>> LR :: 0.000020 - Loss :: 0.0261:   8%|▊         | 383/5000 [14:11<2:18:22,  1.80s/it]=>> [Epoch 000] Global Step 000047 =>> LR :: 0.000020 - Loss :: 0.0261:   8%|▊         | 383/5000 [14:11<2:18:22,  1.80s/it]=>> [Epoch 000] Global Step 000047 =>> LR :: 0.000020 - Loss :: 0.0261:   8%|▊         | 384/5000 [14:12<2:21:10,  1.83s/it]=>> [Epoch 000] Global Step 000048 =>> LR :: 0.000020 - Loss :: 0.0335:   8%|▊         | 384/5000 [14:12<2:21:10,  1.83s/it]=>> [Epoch 000] Global Step 000048 =>> LR :: 0.000020 - Loss :: 0.0335:   8%|▊         | 385/5000 [14:14<2:18:42,  1.80s/it]=>> [Epoch 000] Global Step 000048 =>> LR :: 0.000020 - Loss :: 0.0335:   8%|▊         | 385/5000 [14:14<2:18:42,  1.80s/it]=>> [Epoch 000] Global Step 000048 =>> LR :: 0.000020 - Loss :: 0.0335:   8%|▊         | 386/5000 [14:16<2:22:18,  1.85s/it]=>> [Epoch 000] Global Step 000048 =>> LR :: 0.000020 - Loss :: 0.0335:   8%|▊         | 386/5000 [14:16<2:22:18,  1.85s/it]=>> [Epoch 000] Global Step 000048 =>> LR :: 0.000020 - Loss :: 0.0335:   8%|▊         | 387/5000 [14:18<2:20:09,  1.82s/it]=>> [Epoch 000] Global Step 000048 =>> LR :: 0.000020 - Loss :: 0.0335:   8%|▊         | 387/5000 [14:18<2:20:09,  1.82s/it]=>> [Epoch 000] Global Step 000048 =>> LR :: 0.000020 - Loss :: 0.0335:   8%|▊         | 388/5000 [14:20<2:19:04,  1.81s/it]=>> [Epoch 000] Global Step 000048 =>> LR :: 0.000020 - Loss :: 0.0335:   8%|▊         | 388/5000 [14:20<2:19:04,  1.81s/it]=>> [Epoch 000] Global Step 000048 =>> LR :: 0.000020 - Loss :: 0.0335:   8%|▊         | 389/5000 [14:21<2:18:05,  1.80s/it]=>> [Epoch 000] Global Step 000048 =>> LR :: 0.000020 - Loss :: 0.0335:   8%|▊         | 389/5000 [14:21<2:18:05,  1.80s/it]=>> [Epoch 000] Global Step 000048 =>> LR :: 0.000020 - Loss :: 0.0335:   8%|▊         | 390/5000 [14:23<2:17:57,  1.80s/it]=>> [Epoch 000] Global Step 000048 =>> LR :: 0.000020 - Loss :: 0.0335:   8%|▊         | 390/5000 [14:23<2:17:57,  1.80s/it]=>> [Epoch 000] Global Step 000048 =>> LR :: 0.000020 - Loss :: 0.0335:   8%|▊         | 391/5000 [14:25<2:21:29,  1.84s/it]=>> [Epoch 000] Global Step 000048 =>> LR :: 0.000020 - Loss :: 0.0335:   8%|▊         | 391/5000 [14:25<2:21:29,  1.84s/it]=>> [Epoch 000] Global Step 000048 =>> LR :: 0.000020 - Loss :: 0.0335:   8%|▊         | 392/5000 [14:27<2:23:03,  1.86s/it]=>> [Epoch 000] Global Step 000049 =>> LR :: 0.000020 - Loss :: 0.0285:   8%|▊         | 392/5000 [14:27<2:23:03,  1.86s/it]=>> [Epoch 000] Global Step 000049 =>> LR :: 0.000020 - Loss :: 0.0285:   8%|▊         | 393/5000 [14:29<2:24:11,  1.88s/it]=>> [Epoch 000] Global Step 000049 =>> LR :: 0.000020 - Loss :: 0.0285:   8%|▊         | 393/5000 [14:29<2:24:11,  1.88s/it]=>> [Epoch 000] Global Step 000049 =>> LR :: 0.000020 - Loss :: 0.0285:   8%|▊         | 394/5000 [14:31<2:21:54,  1.85s/it]=>> [Epoch 000] Global Step 000049 =>> LR :: 0.000020 - Loss :: 0.0285:   8%|▊         | 394/5000 [14:31<2:21:54,  1.85s/it]=>> [Epoch 000] Global Step 000049 =>> LR :: 0.000020 - Loss :: 0.0285:   8%|▊         | 395/5000 [14:33<2:20:13,  1.83s/it]=>> [Epoch 000] Global Step 000049 =>> LR :: 0.000020 - Loss :: 0.0285:   8%|▊         | 395/5000 [14:33<2:20:13,  1.83s/it]=>> [Epoch 000] Global Step 000049 =>> LR :: 0.000020 - Loss :: 0.0285:   8%|▊         | 396/5000 [14:35<2:23:56,  1.88s/it]=>> [Epoch 000] Global Step 000049 =>> LR :: 0.000020 - Loss :: 0.0285:   8%|▊         | 396/5000 [14:35<2:23:56,  1.88s/it]=>> [Epoch 000] Global Step 000049 =>> LR :: 0.000020 - Loss :: 0.0285:   8%|▊         | 397/5000 [14:36<2:21:12,  1.84s/it]=>> [Epoch 000] Global Step 000049 =>> LR :: 0.000020 - Loss :: 0.0285:   8%|▊         | 397/5000 [14:36<2:21:12,  1.84s/it]=>> [Epoch 000] Global Step 000049 =>> LR :: 0.000020 - Loss :: 0.0285:   8%|▊         | 398/5000 [14:38<2:19:25,  1.82s/it]=>> [Epoch 000] Global Step 000049 =>> LR :: 0.000020 - Loss :: 0.0285:   8%|▊         | 398/5000 [14:38<2:19:25,  1.82s/it]=>> [Epoch 000] Global Step 000049 =>> LR :: 0.000020 - Loss :: 0.0285:   8%|▊         | 399/5000 [14:40<2:18:14,  1.80s/it]=>> [Epoch 000] Global Step 000049 =>> LR :: 0.000020 - Loss :: 0.0285:   8%|▊         | 399/5000 [14:40<2:18:14,  1.80s/it]=>> [Epoch 000] Global Step 000049 =>> LR :: 0.000020 - Loss :: 0.0285:   8%|▊         | 400/5000 [14:42<2:20:34,  1.83s/it]=>> [Epoch 000] Global Step 000050 =>> LR :: 0.000020 - Loss :: 0.0287:   8%|▊         | 400/5000 [14:42<2:20:34,  1.83s/it]=>> [Epoch 000] Global Step 000050 =>> LR :: 0.000020 - Loss :: 0.0287:   8%|▊         | 401/5000 [14:43<2:18:21,  1.81s/it]=>> [Epoch 000] Global Step 000050 =>> LR :: 0.000020 - Loss :: 0.0287:   8%|▊         | 401/5000 [14:43<2:18:21,  1.81s/it]=>> [Epoch 000] Global Step 000050 =>> LR :: 0.000020 - Loss :: 0.0287:   8%|▊         | 402/5000 [14:45<2:17:25,  1.79s/it]=>> [Epoch 000] Global Step 000050 =>> LR :: 0.000020 - Loss :: 0.0287:   8%|▊         | 402/5000 [14:45<2:17:25,  1.79s/it]=>> [Epoch 000] Global Step 000050 =>> LR :: 0.000020 - Loss :: 0.0287:   8%|▊         | 403/5000 [14:47<2:16:34,  1.78s/it]=>> [Epoch 000] Global Step 000050 =>> LR :: 0.000020 - Loss :: 0.0287:   8%|▊         | 403/5000 [14:47<2:16:34,  1.78s/it]=>> [Epoch 000] Global Step 000050 =>> LR :: 0.000020 - Loss :: 0.0287:   8%|▊         | 404/5000 [14:49<2:20:21,  1.83s/it]=>> [Epoch 000] Global Step 000050 =>> LR :: 0.000020 - Loss :: 0.0287:   8%|▊         | 404/5000 [14:49<2:20:21,  1.83s/it]=>> [Epoch 000] Global Step 000050 =>> LR :: 0.000020 - Loss :: 0.0287:   8%|▊         | 405/5000 [14:51<2:18:39,  1.81s/it]=>> [Epoch 000] Global Step 000050 =>> LR :: 0.000020 - Loss :: 0.0287:   8%|▊         | 405/5000 [14:51<2:18:39,  1.81s/it]=>> [Epoch 000] Global Step 000050 =>> LR :: 0.000020 - Loss :: 0.0287:   8%|▊         | 406/5000 [14:52<2:17:39,  1.80s/it]=>> [Epoch 000] Global Step 000050 =>> LR :: 0.000020 - Loss :: 0.0287:   8%|▊         | 406/5000 [14:52<2:17:39,  1.80s/it]=>> [Epoch 000] Global Step 000050 =>> LR :: 0.000020 - Loss :: 0.0287:   8%|▊         | 407/5000 [14:54<2:16:45,  1.79s/it]=>> [Epoch 000] Global Step 000050 =>> LR :: 0.000020 - Loss :: 0.0287:   8%|▊         | 407/5000 [14:54<2:16:45,  1.79s/it]=>> [Epoch 000] Global Step 000050 =>> LR :: 0.000020 - Loss :: 0.0287:   8%|▊         | 408/5000 [14:56<2:24:30,  1.89s/it]=>> [Epoch 000] Global Step 000051 =>> LR :: 0.000020 - Loss :: 0.0513:   8%|▊         | 408/5000 [14:56<2:24:30,  1.89s/it]=>> [Epoch 000] Global Step 000051 =>> LR :: 0.000020 - Loss :: 0.0513:   8%|▊         | 409/5000 [14:58<2:21:36,  1.85s/it]=>> [Epoch 000] Global Step 000051 =>> LR :: 0.000020 - Loss :: 0.0513:   8%|▊         | 409/5000 [14:58<2:21:36,  1.85s/it]=>> [Epoch 000] Global Step 000051 =>> LR :: 0.000020 - Loss :: 0.0513:   8%|▊         | 410/5000 [15:00<2:19:36,  1.82s/it]=>> [Epoch 000] Global Step 000051 =>> LR :: 0.000020 - Loss :: 0.0513:   8%|▊         | 410/5000 [15:00<2:19:36,  1.82s/it]=>> [Epoch 000] Global Step 000051 =>> LR :: 0.000020 - Loss :: 0.0513:   8%|▊         | 411/5000 [15:02<2:22:49,  1.87s/it]=>> [Epoch 000] Global Step 000051 =>> LR :: 0.000020 - Loss :: 0.0513:   8%|▊         | 411/5000 [15:02<2:22:49,  1.87s/it]=>> [Epoch 000] Global Step 000051 =>> LR :: 0.000020 - Loss :: 0.0513:   8%|▊         | 412/5000 [15:04<2:21:30,  1.85s/it]=>> [Epoch 000] Global Step 000051 =>> LR :: 0.000020 - Loss :: 0.0513:   8%|▊         | 412/5000 [15:04<2:21:30,  1.85s/it]=>> [Epoch 000] Global Step 000051 =>> LR :: 0.000020 - Loss :: 0.0513:   8%|▊         | 413/5000 [15:06<2:23:44,  1.88s/it]=>> [Epoch 000] Global Step 000051 =>> LR :: 0.000020 - Loss :: 0.0513:   8%|▊         | 413/5000 [15:06<2:23:44,  1.88s/it]=>> [Epoch 000] Global Step 000051 =>> LR :: 0.000020 - Loss :: 0.0513:   8%|▊         | 414/5000 [15:07<2:21:16,  1.85s/it]=>> [Epoch 000] Global Step 000051 =>> LR :: 0.000020 - Loss :: 0.0513:   8%|▊         | 414/5000 [15:07<2:21:16,  1.85s/it]=>> [Epoch 000] Global Step 000051 =>> LR :: 0.000020 - Loss :: 0.0513:   8%|▊         | 415/5000 [15:09<2:19:36,  1.83s/it]=>> [Epoch 000] Global Step 000051 =>> LR :: 0.000020 - Loss :: 0.0513:   8%|▊         | 415/5000 [15:09<2:19:36,  1.83s/it]=>> [Epoch 000] Global Step 000051 =>> LR :: 0.000020 - Loss :: 0.0513:   8%|▊         | 416/5000 [15:11<2:21:21,  1.85s/it]=>> [Epoch 000] Global Step 000052 =>> LR :: 0.000020 - Loss :: 0.0201:   8%|▊         | 416/5000 [15:11<2:21:21,  1.85s/it]=>> [Epoch 000] Global Step 000052 =>> LR :: 0.000020 - Loss :: 0.0201:   8%|▊         | 417/5000 [15:13<2:18:30,  1.81s/it]=>> [Epoch 000] Global Step 000052 =>> LR :: 0.000020 - Loss :: 0.0201:   8%|▊         | 417/5000 [15:13<2:18:30,  1.81s/it]=>> [Epoch 000] Global Step 000052 =>> LR :: 0.000020 - Loss :: 0.0201:   8%|▊         | 418/5000 [15:15<2:17:34,  1.80s/it]=>> [Epoch 000] Global Step 000052 =>> LR :: 0.000020 - Loss :: 0.0201:   8%|▊         | 418/5000 [15:15<2:17:34,  1.80s/it]=>> [Epoch 000] Global Step 000052 =>> LR :: 0.000020 - Loss :: 0.0201:   8%|▊         | 419/5000 [15:16<2:16:33,  1.79s/it]=>> [Epoch 000] Global Step 000052 =>> LR :: 0.000020 - Loss :: 0.0201:   8%|▊         | 419/5000 [15:16<2:16:33,  1.79s/it]=>> [Epoch 000] Global Step 000052 =>> LR :: 0.000020 - Loss :: 0.0201:   8%|▊         | 420/5000 [15:18<2:16:10,  1.78s/it]=>> [Epoch 000] Global Step 000052 =>> LR :: 0.000020 - Loss :: 0.0201:   8%|▊         | 420/5000 [15:18<2:16:10,  1.78s/it]=>> [Epoch 000] Global Step 000052 =>> LR :: 0.000020 - Loss :: 0.0201:   8%|▊         | 421/5000 [15:20<2:16:02,  1.78s/it]=>> [Epoch 000] Global Step 000052 =>> LR :: 0.000020 - Loss :: 0.0201:   8%|▊         | 421/5000 [15:20<2:16:02,  1.78s/it]=>> [Epoch 000] Global Step 000052 =>> LR :: 0.000020 - Loss :: 0.0201:   8%|▊         | 422/5000 [15:22<2:21:16,  1.85s/it]=>> [Epoch 000] Global Step 000052 =>> LR :: 0.000020 - Loss :: 0.0201:   8%|▊         | 422/5000 [15:22<2:21:16,  1.85s/it]=>> [Epoch 000] Global Step 000052 =>> LR :: 0.000020 - Loss :: 0.0201:   8%|▊         | 423/5000 [15:24<2:19:17,  1.83s/it]=>> [Epoch 000] Global Step 000052 =>> LR :: 0.000020 - Loss :: 0.0201:   8%|▊         | 423/5000 [15:24<2:19:17,  1.83s/it]=>> [Epoch 000] Global Step 000052 =>> LR :: 0.000020 - Loss :: 0.0201:   8%|▊         | 424/5000 [15:26<2:21:30,  1.86s/it]=>> [Epoch 000] Global Step 000053 =>> LR :: 0.000020 - Loss :: 0.0373:   8%|▊         | 424/5000 [15:26<2:21:30,  1.86s/it]=>> [Epoch 000] Global Step 000053 =>> LR :: 0.000020 - Loss :: 0.0373:   8%|▊         | 425/5000 [15:27<2:19:11,  1.83s/it]=>> [Epoch 000] Global Step 000053 =>> LR :: 0.000020 - Loss :: 0.0373:   8%|▊         | 425/5000 [15:27<2:19:11,  1.83s/it]=>> [Epoch 000] Global Step 000053 =>> LR :: 0.000020 - Loss :: 0.0373:   9%|▊         | 426/5000 [15:29<2:21:35,  1.86s/it]=>> [Epoch 000] Global Step 000053 =>> LR :: 0.000020 - Loss :: 0.0373:   9%|▊         | 426/5000 [15:29<2:21:35,  1.86s/it]=>> [Epoch 000] Global Step 000053 =>> LR :: 0.000020 - Loss :: 0.0373:   9%|▊         | 427/5000 [15:31<2:19:32,  1.83s/it]=>> [Epoch 000] Global Step 000053 =>> LR :: 0.000020 - Loss :: 0.0373:   9%|▊         | 427/5000 [15:31<2:19:32,  1.83s/it]=>> [Epoch 000] Global Step 000053 =>> LR :: 0.000020 - Loss :: 0.0373:   9%|▊         | 428/5000 [15:33<2:17:50,  1.81s/it]=>> [Epoch 000] Global Step 000053 =>> LR :: 0.000020 - Loss :: 0.0373:   9%|▊         | 428/5000 [15:33<2:17:50,  1.81s/it]=>> [Epoch 000] Global Step 000053 =>> LR :: 0.000020 - Loss :: 0.0373:   9%|▊         | 429/5000 [15:35<2:22:06,  1.87s/it]=>> [Epoch 000] Global Step 000053 =>> LR :: 0.000020 - Loss :: 0.0373:   9%|▊         | 429/5000 [15:35<2:22:06,  1.87s/it]=>> [Epoch 000] Global Step 000053 =>> LR :: 0.000020 - Loss :: 0.0373:   9%|▊         | 430/5000 [15:37<2:19:56,  1.84s/it]=>> [Epoch 000] Global Step 000053 =>> LR :: 0.000020 - Loss :: 0.0373:   9%|▊         | 430/5000 [15:37<2:19:56,  1.84s/it]=>> [Epoch 000] Global Step 000053 =>> LR :: 0.000020 - Loss :: 0.0373:   9%|▊         | 431/5000 [15:39<2:22:23,  1.87s/it]=>> [Epoch 000] Global Step 000053 =>> LR :: 0.000020 - Loss :: 0.0373:   9%|▊         | 431/5000 [15:39<2:22:23,  1.87s/it]=>> [Epoch 000] Global Step 000053 =>> LR :: 0.000020 - Loss :: 0.0373:   9%|▊         | 432/5000 [15:40<2:23:08,  1.88s/it]=>> [Epoch 000] Global Step 000054 =>> LR :: 0.000020 - Loss :: 0.0391:   9%|▊         | 432/5000 [15:40<2:23:08,  1.88s/it]=>> [Epoch 000] Global Step 000054 =>> LR :: 0.000020 - Loss :: 0.0391:   9%|▊         | 433/5000 [15:42<2:19:38,  1.83s/it]=>> [Epoch 000] Global Step 000054 =>> LR :: 0.000020 - Loss :: 0.0391:   9%|▊         | 433/5000 [15:42<2:19:38,  1.83s/it]=>> [Epoch 000] Global Step 000054 =>> LR :: 0.000020 - Loss :: 0.0391:   9%|▊         | 434/5000 [15:44<2:18:03,  1.81s/it]=>> [Epoch 000] Global Step 000054 =>> LR :: 0.000020 - Loss :: 0.0391:   9%|▊         | 434/5000 [15:44<2:18:03,  1.81s/it]=>> [Epoch 000] Global Step 000054 =>> LR :: 0.000020 - Loss :: 0.0391:   9%|▊         | 435/5000 [15:46<2:16:41,  1.80s/it]=>> [Epoch 000] Global Step 000054 =>> LR :: 0.000020 - Loss :: 0.0391:   9%|▊         | 435/5000 [15:46<2:16:41,  1.80s/it]=>> [Epoch 000] Global Step 000054 =>> LR :: 0.000020 - Loss :: 0.0391:   9%|▊         | 436/5000 [15:47<2:15:47,  1.79s/it]=>> [Epoch 000] Global Step 000054 =>> LR :: 0.000020 - Loss :: 0.0391:   9%|▊         | 436/5000 [15:47<2:15:47,  1.79s/it]=>> [Epoch 000] Global Step 000054 =>> LR :: 0.000020 - Loss :: 0.0391:   9%|▊         | 437/5000 [15:49<2:15:29,  1.78s/it]=>> [Epoch 000] Global Step 000054 =>> LR :: 0.000020 - Loss :: 0.0391:   9%|▊         | 437/5000 [15:49<2:15:29,  1.78s/it]=>> [Epoch 000] Global Step 000054 =>> LR :: 0.000020 - Loss :: 0.0391:   9%|▉         | 438/5000 [15:51<2:16:14,  1.79s/it]=>> [Epoch 000] Global Step 000054 =>> LR :: 0.000020 - Loss :: 0.0391:   9%|▉         | 438/5000 [15:51<2:16:14,  1.79s/it]=>> [Epoch 000] Global Step 000054 =>> LR :: 0.000020 - Loss :: 0.0391:   9%|▉         | 439/5000 [15:53<2:15:25,  1.78s/it]=>> [Epoch 000] Global Step 000054 =>> LR :: 0.000020 - Loss :: 0.0391:   9%|▉         | 439/5000 [15:53<2:15:25,  1.78s/it]=>> [Epoch 000] Global Step 000054 =>> LR :: 0.000020 - Loss :: 0.0391:   9%|▉         | 440/5000 [15:55<2:22:21,  1.87s/it]=>> [Epoch 000] Global Step 000055 =>> LR :: 0.000020 - Loss :: 0.0280:   9%|▉         | 440/5000 [15:55<2:22:21,  1.87s/it]=>> [Epoch 000] Global Step 000055 =>> LR :: 0.000020 - Loss :: 0.0280:   9%|▉         | 441/5000 [15:57<2:19:06,  1.83s/it]=>> [Epoch 000] Global Step 000055 =>> LR :: 0.000020 - Loss :: 0.0280:   9%|▉         | 441/5000 [15:57<2:19:06,  1.83s/it]=>> [Epoch 000] Global Step 000055 =>> LR :: 0.000020 - Loss :: 0.0280:   9%|▉         | 442/5000 [15:58<2:17:45,  1.81s/it]=>> [Epoch 000] Global Step 000055 =>> LR :: 0.000020 - Loss :: 0.0280:   9%|▉         | 442/5000 [15:58<2:17:45,  1.81s/it]=>> [Epoch 000] Global Step 000055 =>> LR :: 0.000020 - Loss :: 0.0280:   9%|▉         | 443/5000 [16:00<2:22:08,  1.87s/it]=>> [Epoch 000] Global Step 000055 =>> LR :: 0.000020 - Loss :: 0.0280:   9%|▉         | 443/5000 [16:00<2:22:08,  1.87s/it]=>> [Epoch 000] Global Step 000055 =>> LR :: 0.000020 - Loss :: 0.0280:   9%|▉         | 444/5000 [16:02<2:19:49,  1.84s/it]=>> [Epoch 000] Global Step 000055 =>> LR :: 0.000020 - Loss :: 0.0280:   9%|▉         | 444/5000 [16:02<2:19:49,  1.84s/it]=>> [Epoch 000] Global Step 000055 =>> LR :: 0.000020 - Loss :: 0.0280:   9%|▉         | 445/5000 [16:04<2:18:17,  1.82s/it]=>> [Epoch 000] Global Step 000055 =>> LR :: 0.000020 - Loss :: 0.0280:   9%|▉         | 445/5000 [16:04<2:18:17,  1.82s/it]=>> [Epoch 000] Global Step 000055 =>> LR :: 0.000020 - Loss :: 0.0280:   9%|▉         | 446/5000 [16:06<2:16:53,  1.80s/it]=>> [Epoch 000] Global Step 000055 =>> LR :: 0.000020 - Loss :: 0.0280:   9%|▉         | 446/5000 [16:06<2:16:53,  1.80s/it]=>> [Epoch 000] Global Step 000055 =>> LR :: 0.000020 - Loss :: 0.0280:   9%|▉         | 447/5000 [16:08<2:19:51,  1.84s/it]=>> [Epoch 000] Global Step 000055 =>> LR :: 0.000020 - Loss :: 0.0280:   9%|▉         | 447/5000 [16:08<2:19:51,  1.84s/it]=>> [Epoch 000] Global Step 000055 =>> LR :: 0.000020 - Loss :: 0.0280:   9%|▉         | 448/5000 [16:10<2:21:16,  1.86s/it]=>> [Epoch 000] Global Step 000056 =>> LR :: 0.000020 - Loss :: 0.0227:   9%|▉         | 448/5000 [16:10<2:21:16,  1.86s/it]=>> [Epoch 000] Global Step 000056 =>> LR :: 0.000020 - Loss :: 0.0227:   9%|▉         | 449/5000 [16:11<2:20:33,  1.85s/it]=>> [Epoch 000] Global Step 000056 =>> LR :: 0.000020 - Loss :: 0.0227:   9%|▉         | 449/5000 [16:11<2:20:33,  1.85s/it]=>> [Epoch 000] Global Step 000056 =>> LR :: 0.000020 - Loss :: 0.0227:   9%|▉         | 450/5000 [16:13<2:18:23,  1.82s/it]=>> [Epoch 000] Global Step 000056 =>> LR :: 0.000020 - Loss :: 0.0227:   9%|▉         | 450/5000 [16:13<2:18:23,  1.82s/it]=>> [Epoch 000] Global Step 000056 =>> LR :: 0.000020 - Loss :: 0.0227:   9%|▉         | 451/5000 [16:15<2:16:55,  1.81s/it]=>> [Epoch 000] Global Step 000056 =>> LR :: 0.000020 - Loss :: 0.0227:   9%|▉         | 451/5000 [16:15<2:16:55,  1.81s/it]=>> [Epoch 000] Global Step 000056 =>> LR :: 0.000020 - Loss :: 0.0227:   9%|▉         | 452/5000 [16:17<2:15:56,  1.79s/it]=>> [Epoch 000] Global Step 000056 =>> LR :: 0.000020 - Loss :: 0.0227:   9%|▉         | 452/5000 [16:17<2:15:56,  1.79s/it]=>> [Epoch 000] Global Step 000056 =>> LR :: 0.000020 - Loss :: 0.0227:   9%|▉         | 453/5000 [16:18<2:15:13,  1.78s/it]=>> [Epoch 000] Global Step 000056 =>> LR :: 0.000020 - Loss :: 0.0227:   9%|▉         | 453/5000 [16:18<2:15:13,  1.78s/it]=>> [Epoch 000] Global Step 000056 =>> LR :: 0.000020 - Loss :: 0.0227:   9%|▉         | 454/5000 [16:20<2:16:14,  1.80s/it]=>> [Epoch 000] Global Step 000056 =>> LR :: 0.000020 - Loss :: 0.0227:   9%|▉         | 454/5000 [16:20<2:16:14,  1.80s/it]=>> [Epoch 000] Global Step 000056 =>> LR :: 0.000020 - Loss :: 0.0227:   9%|▉         | 455/5000 [16:22<2:15:32,  1.79s/it]=>> [Epoch 000] Global Step 000056 =>> LR :: 0.000020 - Loss :: 0.0227:   9%|▉         | 455/5000 [16:22<2:15:32,  1.79s/it]=>> [Epoch 000] Global Step 000056 =>> LR :: 0.000020 - Loss :: 0.0227:   9%|▉         | 456/5000 [16:24<2:18:08,  1.82s/it]=>> [Epoch 000] Global Step 000057 =>> LR :: 0.000020 - Loss :: 0.0192:   9%|▉         | 456/5000 [16:24<2:18:08,  1.82s/it]=>> [Epoch 000] Global Step 000057 =>> LR :: 0.000020 - Loss :: 0.0192:   9%|▉         | 457/5000 [16:26<2:15:56,  1.80s/it]=>> [Epoch 000] Global Step 000057 =>> LR :: 0.000020 - Loss :: 0.0192:   9%|▉         | 457/5000 [16:26<2:15:56,  1.80s/it]=>> [Epoch 000] Global Step 000057 =>> LR :: 0.000020 - Loss :: 0.0192:   9%|▉         | 458/5000 [16:28<2:19:39,  1.84s/it]=>> [Epoch 000] Global Step 000057 =>> LR :: 0.000020 - Loss :: 0.0192:   9%|▉         | 458/5000 [16:28<2:19:39,  1.84s/it]=>> [Epoch 000] Global Step 000057 =>> LR :: 0.000020 - Loss :: 0.0192:   9%|▉         | 459/5000 [16:29<2:17:47,  1.82s/it]=>> [Epoch 000] Global Step 000057 =>> LR :: 0.000020 - Loss :: 0.0192:   9%|▉         | 459/5000 [16:29<2:17:47,  1.82s/it]=>> [Epoch 000] Global Step 000057 =>> LR :: 0.000020 - Loss :: 0.0192:   9%|▉         | 460/5000 [16:31<2:16:30,  1.80s/it]=>> [Epoch 000] Global Step 000057 =>> LR :: 0.000020 - Loss :: 0.0192:   9%|▉         | 460/5000 [16:31<2:16:30,  1.80s/it]=>> [Epoch 000] Global Step 000057 =>> LR :: 0.000020 - Loss :: 0.0192:   9%|▉         | 461/5000 [16:33<2:19:54,  1.85s/it]=>> [Epoch 000] Global Step 000057 =>> LR :: 0.000020 - Loss :: 0.0192:   9%|▉         | 461/5000 [16:33<2:19:54,  1.85s/it]=>> [Epoch 000] Global Step 000057 =>> LR :: 0.000020 - Loss :: 0.0192:   9%|▉         | 462/5000 [16:35<2:18:06,  1.83s/it]=>> [Epoch 000] Global Step 000057 =>> LR :: 0.000020 - Loss :: 0.0192:   9%|▉         | 462/5000 [16:35<2:18:06,  1.83s/it]=>> [Epoch 000] Global Step 000057 =>> LR :: 0.000020 - Loss :: 0.0192:   9%|▉         | 463/5000 [16:37<2:16:35,  1.81s/it]=>> [Epoch 000] Global Step 000057 =>> LR :: 0.000020 - Loss :: 0.0192:   9%|▉         | 463/5000 [16:37<2:16:35,  1.81s/it]=>> [Epoch 000] Global Step 000057 =>> LR :: 0.000020 - Loss :: 0.0192:   9%|▉         | 464/5000 [16:39<2:22:42,  1.89s/it]=>> [Epoch 000] Global Step 000058 =>> LR :: 0.000020 - Loss :: 0.0328:   9%|▉         | 464/5000 [16:39<2:22:42,  1.89s/it]=>> [Epoch 000] Global Step 000058 =>> LR :: 0.000020 - Loss :: 0.0328:   9%|▉         | 465/5000 [16:40<2:19:07,  1.84s/it]=>> [Epoch 000] Global Step 000058 =>> LR :: 0.000020 - Loss :: 0.0328:   9%|▉         | 465/5000 [16:40<2:19:07,  1.84s/it]=>> [Epoch 000] Global Step 000058 =>> LR :: 0.000020 - Loss :: 0.0328:   9%|▉         | 466/5000 [16:42<2:23:52,  1.90s/it]=>> [Epoch 000] Global Step 000058 =>> LR :: 0.000020 - Loss :: 0.0328:   9%|▉         | 466/5000 [16:42<2:23:52,  1.90s/it]=>> [Epoch 000] Global Step 000058 =>> LR :: 0.000020 - Loss :: 0.0328:   9%|▉         | 467/5000 [16:44<2:20:46,  1.86s/it]=>> [Epoch 000] Global Step 000058 =>> LR :: 0.000020 - Loss :: 0.0328:   9%|▉         | 467/5000 [16:44<2:20:46,  1.86s/it]=>> [Epoch 000] Global Step 000058 =>> LR :: 0.000020 - Loss :: 0.0328:   9%|▉         | 468/5000 [16:46<2:18:36,  1.84s/it]=>> [Epoch 000] Global Step 000058 =>> LR :: 0.000020 - Loss :: 0.0328:   9%|▉         | 468/5000 [16:46<2:18:36,  1.84s/it]=>> [Epoch 000] Global Step 000058 =>> LR :: 0.000020 - Loss :: 0.0328:   9%|▉         | 469/5000 [16:48<2:17:23,  1.82s/it]=>> [Epoch 000] Global Step 000058 =>> LR :: 0.000020 - Loss :: 0.0328:   9%|▉         | 469/5000 [16:48<2:17:23,  1.82s/it]=>> [Epoch 000] Global Step 000058 =>> LR :: 0.000020 - Loss :: 0.0328:   9%|▉         | 470/5000 [16:50<2:16:20,  1.81s/it]=>> [Epoch 000] Global Step 000058 =>> LR :: 0.000020 - Loss :: 0.0328:   9%|▉         | 470/5000 [16:50<2:16:20,  1.81s/it]=>> [Epoch 000] Global Step 000058 =>> LR :: 0.000020 - Loss :: 0.0328:   9%|▉         | 471/5000 [16:51<2:15:39,  1.80s/it]=>> [Epoch 000] Global Step 000058 =>> LR :: 0.000020 - Loss :: 0.0328:   9%|▉         | 471/5000 [16:51<2:15:39,  1.80s/it]=>> [Epoch 000] Global Step 000058 =>> LR :: 0.000020 - Loss :: 0.0328:   9%|▉         | 472/5000 [16:53<2:18:42,  1.84s/it]=>> [Epoch 000] Global Step 000059 =>> LR :: 0.000020 - Loss :: 0.0270:   9%|▉         | 472/5000 [16:53<2:18:42,  1.84s/it]=>> [Epoch 000] Global Step 000059 =>> LR :: 0.000020 - Loss :: 0.0270:   9%|▉         | 473/5000 [16:55<2:16:08,  1.80s/it]=>> [Epoch 000] Global Step 000059 =>> LR :: 0.000020 - Loss :: 0.0270:   9%|▉         | 473/5000 [16:55<2:16:08,  1.80s/it]=>> [Epoch 000] Global Step 000059 =>> LR :: 0.000020 - Loss :: 0.0270:   9%|▉         | 474/5000 [16:57<2:15:21,  1.79s/it]=>> [Epoch 000] Global Step 000059 =>> LR :: 0.000020 - Loss :: 0.0270:   9%|▉         | 474/5000 [16:57<2:15:21,  1.79s/it]=>> [Epoch 000] Global Step 000059 =>> LR :: 0.000020 - Loss :: 0.0270:  10%|▉         | 475/5000 [16:59<2:14:50,  1.79s/it]=>> [Epoch 000] Global Step 000059 =>> LR :: 0.000020 - Loss :: 0.0270:  10%|▉         | 475/5000 [16:59<2:14:50,  1.79s/it]=>> [Epoch 000] Global Step 000059 =>> LR :: 0.000020 - Loss :: 0.0270:  10%|▉         | 476/5000 [17:00<2:18:34,  1.84s/it]=>> [Epoch 000] Global Step 000059 =>> LR :: 0.000020 - Loss :: 0.0270:  10%|▉         | 476/5000 [17:00<2:18:34,  1.84s/it]=>> [Epoch 000] Global Step 000059 =>> LR :: 0.000020 - Loss :: 0.0270:  10%|▉         | 477/5000 [17:02<2:16:51,  1.82s/it]=>> [Epoch 000] Global Step 000059 =>> LR :: 0.000020 - Loss :: 0.0270:  10%|▉         | 477/5000 [17:02<2:16:51,  1.82s/it]=>> [Epoch 000] Global Step 000059 =>> LR :: 0.000020 - Loss :: 0.0270:  10%|▉         | 478/5000 [17:04<2:20:34,  1.87s/it]=>> [Epoch 000] Global Step 000059 =>> LR :: 0.000020 - Loss :: 0.0270:  10%|▉         | 478/5000 [17:04<2:20:34,  1.87s/it]=>> [Epoch 000] Global Step 000059 =>> LR :: 0.000020 - Loss :: 0.0270:  10%|▉         | 479/5000 [17:06<2:18:18,  1.84s/it]=>> [Epoch 000] Global Step 000059 =>> LR :: 0.000020 - Loss :: 0.0270:  10%|▉         | 479/5000 [17:06<2:18:18,  1.84s/it]=>> [Epoch 000] Global Step 000059 =>> LR :: 0.000020 - Loss :: 0.0270:  10%|▉         | 480/5000 [17:08<2:19:56,  1.86s/it]=>> [Epoch 000] Global Step 000060 =>> LR :: 0.000020 - Loss :: 0.0402:  10%|▉         | 480/5000 [17:08<2:19:56,  1.86s/it]=>> [Epoch 000] Global Step 000060 =>> LR :: 0.000020 - Loss :: 0.0402:  10%|▉         | 481/5000 [17:10<2:17:04,  1.82s/it]=>> [Epoch 000] Global Step 000060 =>> LR :: 0.000020 - Loss :: 0.0402:  10%|▉         | 481/5000 [17:10<2:17:04,  1.82s/it]=>> [Epoch 000] Global Step 000060 =>> LR :: 0.000020 - Loss :: 0.0402:  10%|▉         | 482/5000 [17:11<2:15:52,  1.80s/it]=>> [Epoch 000] Global Step 000060 =>> LR :: 0.000020 - Loss :: 0.0402:  10%|▉         | 482/5000 [17:11<2:15:52,  1.80s/it]=>> [Epoch 000] Global Step 000060 =>> LR :: 0.000020 - Loss :: 0.0402:  10%|▉         | 483/5000 [17:13<2:18:55,  1.85s/it]=>> [Epoch 000] Global Step 000060 =>> LR :: 0.000020 - Loss :: 0.0402:  10%|▉         | 483/5000 [17:13<2:18:55,  1.85s/it]=>> [Epoch 000] Global Step 000060 =>> LR :: 0.000020 - Loss :: 0.0402:  10%|▉         | 484/5000 [17:15<2:21:16,  1.88s/it]=>> [Epoch 000] Global Step 000060 =>> LR :: 0.000020 - Loss :: 0.0402:  10%|▉         | 484/5000 [17:15<2:21:16,  1.88s/it]=>> [Epoch 000] Global Step 000060 =>> LR :: 0.000020 - Loss :: 0.0402:  10%|▉         | 485/5000 [17:17<2:18:51,  1.85s/it]=>> [Epoch 000] Global Step 000060 =>> LR :: 0.000020 - Loss :: 0.0402:  10%|▉         | 485/5000 [17:17<2:18:51,  1.85s/it]=>> [Epoch 000] Global Step 000060 =>> LR :: 0.000020 - Loss :: 0.0402:  10%|▉         | 486/5000 [17:19<2:17:13,  1.82s/it]=>> [Epoch 000] Global Step 000060 =>> LR :: 0.000020 - Loss :: 0.0402:  10%|▉         | 486/5000 [17:19<2:17:13,  1.82s/it]=>> [Epoch 000] Global Step 000060 =>> LR :: 0.000020 - Loss :: 0.0402:  10%|▉         | 487/5000 [17:21<2:16:06,  1.81s/it]=>> [Epoch 000] Global Step 000060 =>> LR :: 0.000020 - Loss :: 0.0402:  10%|▉         | 487/5000 [17:21<2:16:06,  1.81s/it]=>> [Epoch 000] Global Step 000060 =>> LR :: 0.000020 - Loss :: 0.0402:  10%|▉         | 488/5000 [17:23<2:18:56,  1.85s/it]=>> [Epoch 000] Global Step 000061 =>> LR :: 0.000020 - Loss :: 0.0223:  10%|▉         | 488/5000 [17:23<2:18:56,  1.85s/it]=>> [Epoch 000] Global Step 000061 =>> LR :: 0.000020 - Loss :: 0.0223:  10%|▉         | 489/5000 [17:24<2:16:20,  1.81s/it]=>> [Epoch 000] Global Step 000061 =>> LR :: 0.000020 - Loss :: 0.0223:  10%|▉         | 489/5000 [17:24<2:16:20,  1.81s/it]=>> [Epoch 000] Global Step 000061 =>> LR :: 0.000020 - Loss :: 0.0223:  10%|▉         | 490/5000 [17:26<2:15:10,  1.80s/it]=>> [Epoch 000] Global Step 000061 =>> LR :: 0.000020 - Loss :: 0.0223:  10%|▉         | 490/5000 [17:26<2:15:10,  1.80s/it]=>> [Epoch 000] Global Step 000061 =>> LR :: 0.000020 - Loss :: 0.0223:  10%|▉         | 491/5000 [17:28<2:14:25,  1.79s/it]=>> [Epoch 000] Global Step 000061 =>> LR :: 0.000020 - Loss :: 0.0223:  10%|▉         | 491/5000 [17:28<2:14:25,  1.79s/it]=>> [Epoch 000] Global Step 000061 =>> LR :: 0.000020 - Loss :: 0.0223:  10%|▉         | 492/5000 [17:30<2:14:21,  1.79s/it]=>> [Epoch 000] Global Step 000061 =>> LR :: 0.000020 - Loss :: 0.0223:  10%|▉         | 492/5000 [17:30<2:14:21,  1.79s/it]=>> [Epoch 000] Global Step 000061 =>> LR :: 0.000020 - Loss :: 0.0223:  10%|▉         | 493/5000 [17:31<2:13:47,  1.78s/it]=>> [Epoch 000] Global Step 000061 =>> LR :: 0.000020 - Loss :: 0.0223:  10%|▉         | 493/5000 [17:31<2:13:47,  1.78s/it]=>> [Epoch 000] Global Step 000061 =>> LR :: 0.000020 - Loss :: 0.0223:  10%|▉         | 494/5000 [17:33<2:18:14,  1.84s/it]=>> [Epoch 000] Global Step 000061 =>> LR :: 0.000020 - Loss :: 0.0223:  10%|▉         | 494/5000 [17:33<2:18:14,  1.84s/it]=>> [Epoch 000] Global Step 000061 =>> LR :: 0.000020 - Loss :: 0.0223:  10%|▉         | 495/5000 [17:35<2:16:36,  1.82s/it]=>> [Epoch 000] Global Step 000061 =>> LR :: 0.000020 - Loss :: 0.0223:  10%|▉         | 495/5000 [17:35<2:16:36,  1.82s/it]=>> [Epoch 000] Global Step 000061 =>> LR :: 0.000020 - Loss :: 0.0223:  10%|▉         | 496/5000 [17:37<2:22:40,  1.90s/it]=>> [Epoch 000] Global Step 000062 =>> LR :: 0.000020 - Loss :: 0.0173:  10%|▉         | 496/5000 [17:37<2:22:40,  1.90s/it]=>> [Epoch 000] Global Step 000062 =>> LR :: 0.000020 - Loss :: 0.0173:  10%|▉         | 497/5000 [17:39<2:19:17,  1.86s/it]=>> [Epoch 000] Global Step 000062 =>> LR :: 0.000020 - Loss :: 0.0173:  10%|▉         | 497/5000 [17:39<2:19:17,  1.86s/it]=>> [Epoch 000] Global Step 000062 =>> LR :: 0.000020 - Loss :: 0.0173:  10%|▉         | 498/5000 [17:41<2:17:21,  1.83s/it]=>> [Epoch 000] Global Step 000062 =>> LR :: 0.000020 - Loss :: 0.0173:  10%|▉         | 498/5000 [17:41<2:17:21,  1.83s/it]=>> [Epoch 000] Global Step 000062 =>> LR :: 0.000020 - Loss :: 0.0173:  10%|▉         | 499/5000 [17:43<2:16:21,  1.82s/it]=>> [Epoch 000] Global Step 000062 =>> LR :: 0.000020 - Loss :: 0.0173:  10%|▉         | 499/5000 [17:43<2:16:21,  1.82s/it]=>> [Epoch 000] Global Step 000062 =>> LR :: 0.000020 - Loss :: 0.0173:  10%|█         | 500/5000 [17:44<2:15:26,  1.81s/it]=>> [Epoch 000] Global Step 000062 =>> LR :: 0.000020 - Loss :: 0.0173:  10%|█         | 500/5000 [17:44<2:15:26,  1.81s/it]=>> [Epoch 000] Global Step 000062 =>> LR :: 0.000020 - Loss :: 0.0173:  10%|█         | 501/5000 [17:46<2:18:26,  1.85s/it]=>> [Epoch 000] Global Step 000062 =>> LR :: 0.000020 - Loss :: 0.0173:  10%|█         | 501/5000 [17:46<2:18:26,  1.85s/it]=>> [Epoch 000] Global Step 000062 =>> LR :: 0.000020 - Loss :: 0.0173:  10%|█         | 502/5000 [17:48<2:20:46,  1.88s/it]=>> [Epoch 000] Global Step 000062 =>> LR :: 0.000020 - Loss :: 0.0173:  10%|█         | 502/5000 [17:48<2:20:46,  1.88s/it]=>> [Epoch 000] Global Step 000062 =>> LR :: 0.000020 - Loss :: 0.0173:  10%|█         | 503/5000 [17:50<2:18:28,  1.85s/it]=>> [Epoch 000] Global Step 000062 =>> LR :: 0.000020 - Loss :: 0.0173:  10%|█         | 503/5000 [17:50<2:18:28,  1.85s/it]=>> [Epoch 000] Global Step 000062 =>> LR :: 0.000020 - Loss :: 0.0173:  10%|█         | 504/5000 [17:52<2:20:10,  1.87s/it]=>> [Epoch 000] Global Step 000063 =>> LR :: 0.000020 - Loss :: 0.0305:  10%|█         | 504/5000 [17:52<2:20:10,  1.87s/it]=>> [Epoch 000] Global Step 000063 =>> LR :: 0.000020 - Loss :: 0.0305:  10%|█         | 505/5000 [17:54<2:17:11,  1.83s/it]=>> [Epoch 000] Global Step 000063 =>> LR :: 0.000020 - Loss :: 0.0305:  10%|█         | 505/5000 [17:54<2:17:11,  1.83s/it]=>> [Epoch 000] Global Step 000063 =>> LR :: 0.000020 - Loss :: 0.0305:  10%|█         | 506/5000 [17:55<2:15:43,  1.81s/it]=>> [Epoch 000] Global Step 000063 =>> LR :: 0.000020 - Loss :: 0.0305:  10%|█         | 506/5000 [17:55<2:15:43,  1.81s/it]=>> [Epoch 000] Global Step 000063 =>> LR :: 0.000020 - Loss :: 0.0305:  10%|█         | 507/5000 [17:57<2:14:44,  1.80s/it]=>> [Epoch 000] Global Step 000063 =>> LR :: 0.000020 - Loss :: 0.0305:  10%|█         | 507/5000 [17:57<2:14:44,  1.80s/it]=>> [Epoch 000] Global Step 000063 =>> LR :: 0.000020 - Loss :: 0.0305:  10%|█         | 508/5000 [17:59<2:14:07,  1.79s/it]=>> [Epoch 000] Global Step 000063 =>> LR :: 0.000020 - Loss :: 0.0305:  10%|█         | 508/5000 [17:59<2:14:07,  1.79s/it]=>> [Epoch 000] Global Step 000063 =>> LR :: 0.000020 - Loss :: 0.0305:  10%|█         | 509/5000 [18:01<2:13:43,  1.79s/it]=>> [Epoch 000] Global Step 000063 =>> LR :: 0.000020 - Loss :: 0.0305:  10%|█         | 509/5000 [18:01<2:13:43,  1.79s/it]=>> [Epoch 000] Global Step 000063 =>> LR :: 0.000020 - Loss :: 0.0305:  10%|█         | 510/5000 [18:02<2:13:15,  1.78s/it]=>> [Epoch 000] Global Step 000063 =>> LR :: 0.000020 - Loss :: 0.0305:  10%|█         | 510/5000 [18:02<2:13:15,  1.78s/it]=>> [Epoch 000] Global Step 000063 =>> LR :: 0.000020 - Loss :: 0.0305:  10%|█         | 511/5000 [18:04<2:12:46,  1.77s/it]=>> [Epoch 000] Global Step 000063 =>> LR :: 0.000020 - Loss :: 0.0305:  10%|█         | 511/5000 [18:04<2:12:46,  1.77s/it]=>> [Epoch 000] Global Step 000063 =>> LR :: 0.000020 - Loss :: 0.0305:  10%|█         | 512/5000 [18:06<2:19:44,  1.87s/it]=>> [Epoch 000] Global Step 000064 =>> LR :: 0.000020 - Loss :: 0.0362:  10%|█         | 512/5000 [18:06<2:19:44,  1.87s/it]=>> [Epoch 000] Global Step 000064 =>> LR :: 0.000020 - Loss :: 0.0362:  10%|█         | 513/5000 [18:08<2:21:28,  1.89s/it]=>> [Epoch 000] Global Step 000064 =>> LR :: 0.000020 - Loss :: 0.0362:  10%|█         | 513/5000 [18:08<2:21:28,  1.89s/it]=>> [Epoch 000] Global Step 000064 =>> LR :: 0.000020 - Loss :: 0.0362:  10%|█         | 514/5000 [18:10<2:18:33,  1.85s/it]=>> [Epoch 000] Global Step 000064 =>> LR :: 0.000020 - Loss :: 0.0362:  10%|█         | 514/5000 [18:10<2:18:33,  1.85s/it]=>> [Epoch 000] Global Step 000064 =>> LR :: 0.000020 - Loss :: 0.0362:  10%|█         | 515/5000 [18:12<2:16:40,  1.83s/it]=>> [Epoch 000] Global Step 000064 =>> LR :: 0.000020 - Loss :: 0.0362:  10%|█         | 515/5000 [18:12<2:16:40,  1.83s/it]=>> [Epoch 000] Global Step 000064 =>> LR :: 0.000020 - Loss :: 0.0362:  10%|█         | 516/5000 [18:14<2:15:32,  1.81s/it]=>> [Epoch 000] Global Step 000064 =>> LR :: 0.000020 - Loss :: 0.0362:  10%|█         | 516/5000 [18:14<2:15:32,  1.81s/it]=>> [Epoch 000] Global Step 000064 =>> LR :: 0.000020 - Loss :: 0.0362:  10%|█         | 517/5000 [18:15<2:14:21,  1.80s/it]=>> [Epoch 000] Global Step 000064 =>> LR :: 0.000020 - Loss :: 0.0362:  10%|█         | 517/5000 [18:15<2:14:21,  1.80s/it]=>> [Epoch 000] Global Step 000064 =>> LR :: 0.000020 - Loss :: 0.0362:  10%|█         | 518/5000 [18:17<2:17:21,  1.84s/it]=>> [Epoch 000] Global Step 000064 =>> LR :: 0.000020 - Loss :: 0.0362:  10%|█         | 518/5000 [18:17<2:17:21,  1.84s/it]=>> [Epoch 000] Global Step 000064 =>> LR :: 0.000020 - Loss :: 0.0362:  10%|█         | 519/5000 [18:19<2:20:47,  1.89s/it]=>> [Epoch 000] Global Step 000064 =>> LR :: 0.000020 - Loss :: 0.0362:  10%|█         | 519/5000 [18:19<2:20:47,  1.89s/it]=>> [Epoch 000] Global Step 000064 =>> LR :: 0.000020 - Loss :: 0.0362:  10%|█         | 520/5000 [18:21<2:22:06,  1.90s/it]=>> [Epoch 000] Global Step 000065 =>> LR :: 0.000020 - Loss :: 0.0255:  10%|█         | 520/5000 [18:21<2:22:06,  1.90s/it]=>> [Epoch 000] Global Step 000065 =>> LR :: 0.000020 - Loss :: 0.0255:  10%|█         | 521/5000 [18:23<2:19:05,  1.86s/it]=>> [Epoch 000] Global Step 000065 =>> LR :: 0.000020 - Loss :: 0.0255:  10%|█         | 521/5000 [18:23<2:19:05,  1.86s/it]=>> [Epoch 000] Global Step 000065 =>> LR :: 0.000020 - Loss :: 0.0255:  10%|█         | 522/5000 [18:25<2:16:52,  1.83s/it]=>> [Epoch 000] Global Step 000065 =>> LR :: 0.000020 - Loss :: 0.0255:  10%|█         | 522/5000 [18:25<2:16:52,  1.83s/it]=>> [Epoch 000] Global Step 000065 =>> LR :: 0.000020 - Loss :: 0.0255:  10%|█         | 523/5000 [18:27<2:15:31,  1.82s/it]=>> [Epoch 000] Global Step 000065 =>> LR :: 0.000020 - Loss :: 0.0255:  10%|█         | 523/5000 [18:27<2:15:31,  1.82s/it]=>> [Epoch 000] Global Step 000065 =>> LR :: 0.000020 - Loss :: 0.0255:  10%|█         | 524/5000 [18:28<2:14:26,  1.80s/it]=>> [Epoch 000] Global Step 000065 =>> LR :: 0.000020 - Loss :: 0.0255:  10%|█         | 524/5000 [18:28<2:14:26,  1.80s/it]=>> [Epoch 000] Global Step 000065 =>> LR :: 0.000020 - Loss :: 0.0255:  10%|█         | 525/5000 [18:30<2:13:58,  1.80s/it]=>> [Epoch 000] Global Step 000065 =>> LR :: 0.000020 - Loss :: 0.0255:  10%|█         | 525/5000 [18:30<2:13:58,  1.80s/it]=>> [Epoch 000] Global Step 000065 =>> LR :: 0.000020 - Loss :: 0.0255:  11%|█         | 526/5000 [18:32<2:13:21,  1.79s/it]=>> [Epoch 000] Global Step 000065 =>> LR :: 0.000020 - Loss :: 0.0255:  11%|█         | 526/5000 [18:32<2:13:21,  1.79s/it]=>> [Epoch 000] Global Step 000065 =>> LR :: 0.000020 - Loss :: 0.0255:  11%|█         | 527/5000 [18:34<2:12:58,  1.78s/it]=>> [Epoch 000] Global Step 000065 =>> LR :: 0.000020 - Loss :: 0.0255:  11%|█         | 527/5000 [18:34<2:12:58,  1.78s/it]=>> [Epoch 000] Global Step 000065 =>> LR :: 0.000020 - Loss :: 0.0255:  11%|█         | 528/5000 [18:36<2:15:57,  1.82s/it]=>> [Epoch 000] Global Step 000066 =>> LR :: 0.000020 - Loss :: 0.0332:  11%|█         | 528/5000 [18:36<2:15:57,  1.82s/it]=>> [Epoch 000] Global Step 000066 =>> LR :: 0.000020 - Loss :: 0.0332:  11%|█         | 529/5000 [18:37<2:13:46,  1.80s/it]=>> [Epoch 000] Global Step 000066 =>> LR :: 0.000020 - Loss :: 0.0332:  11%|█         | 529/5000 [18:37<2:13:46,  1.80s/it]=>> [Epoch 000] Global Step 000066 =>> LR :: 0.000020 - Loss :: 0.0332:  11%|█         | 530/5000 [18:39<2:17:57,  1.85s/it]=>> [Epoch 000] Global Step 000066 =>> LR :: 0.000020 - Loss :: 0.0332:  11%|█         | 530/5000 [18:39<2:17:57,  1.85s/it]=>> [Epoch 000] Global Step 000066 =>> LR :: 0.000020 - Loss :: 0.0332:  11%|█         | 531/5000 [18:41<2:20:18,  1.88s/it]=>> [Epoch 000] Global Step 000066 =>> LR :: 0.000020 - Loss :: 0.0332:  11%|█         | 531/5000 [18:41<2:20:18,  1.88s/it]=>> [Epoch 000] Global Step 000066 =>> LR :: 0.000020 - Loss :: 0.0332:  11%|█         | 532/5000 [18:43<2:18:43,  1.86s/it]=>> [Epoch 000] Global Step 000066 =>> LR :: 0.000020 - Loss :: 0.0332:  11%|█         | 532/5000 [18:43<2:18:43,  1.86s/it]=>> [Epoch 000] Global Step 000066 =>> LR :: 0.000020 - Loss :: 0.0332:  11%|█         | 533/5000 [18:45<2:16:50,  1.84s/it]=>> [Epoch 000] Global Step 000066 =>> LR :: 0.000020 - Loss :: 0.0332:  11%|█         | 533/5000 [18:45<2:16:50,  1.84s/it]=>> [Epoch 000] Global Step 000066 =>> LR :: 0.000020 - Loss :: 0.0332:  11%|█         | 534/5000 [18:47<2:15:29,  1.82s/it]=>> [Epoch 000] Global Step 000066 =>> LR :: 0.000020 - Loss :: 0.0332:  11%|█         | 534/5000 [18:47<2:15:29,  1.82s/it]=>> [Epoch 000] Global Step 000066 =>> LR :: 0.000020 - Loss :: 0.0332:  11%|█         | 535/5000 [18:48<2:14:33,  1.81s/it]=>> [Epoch 000] Global Step 000066 =>> LR :: 0.000020 - Loss :: 0.0332:  11%|█         | 535/5000 [18:48<2:14:33,  1.81s/it]=>> [Epoch 000] Global Step 000066 =>> LR :: 0.000020 - Loss :: 0.0332:  11%|█         | 536/5000 [18:51<2:21:45,  1.91s/it]=>> [Epoch 000] Global Step 000067 =>> LR :: 0.000020 - Loss :: 0.0339:  11%|█         | 536/5000 [18:51<2:21:45,  1.91s/it]=>> [Epoch 000] Global Step 000067 =>> LR :: 0.000020 - Loss :: 0.0339:  11%|█         | 537/5000 [18:52<2:21:35,  1.90s/it]=>> [Epoch 000] Global Step 000067 =>> LR :: 0.000020 - Loss :: 0.0339:  11%|█         | 537/5000 [18:52<2:21:35,  1.90s/it]=>> [Epoch 000] Global Step 000067 =>> LR :: 0.000020 - Loss :: 0.0339:  11%|█         | 538/5000 [18:54<2:18:37,  1.86s/it]=>> [Epoch 000] Global Step 000067 =>> LR :: 0.000020 - Loss :: 0.0339:  11%|█         | 538/5000 [18:54<2:18:37,  1.86s/it]=>> [Epoch 000] Global Step 000067 =>> LR :: 0.000020 - Loss :: 0.0339:  11%|█         | 539/5000 [18:56<2:16:17,  1.83s/it]=>> [Epoch 000] Global Step 000067 =>> LR :: 0.000020 - Loss :: 0.0339:  11%|█         | 539/5000 [18:56<2:16:17,  1.83s/it]=>> [Epoch 000] Global Step 000067 =>> LR :: 0.000020 - Loss :: 0.0339:  11%|█         | 540/5000 [18:58<2:14:55,  1.82s/it]=>> [Epoch 000] Global Step 000067 =>> LR :: 0.000020 - Loss :: 0.0339:  11%|█         | 540/5000 [18:58<2:14:55,  1.82s/it]=>> [Epoch 000] Global Step 000067 =>> LR :: 0.000020 - Loss :: 0.0339:  11%|█         | 541/5000 [18:59<2:13:59,  1.80s/it]=>> [Epoch 000] Global Step 000067 =>> LR :: 0.000020 - Loss :: 0.0339:  11%|█         | 541/5000 [18:59<2:13:59,  1.80s/it]=>> [Epoch 000] Global Step 000067 =>> LR :: 0.000020 - Loss :: 0.0339:  11%|█         | 542/5000 [19:01<2:13:27,  1.80s/it]=>> [Epoch 000] Global Step 000067 =>> LR :: 0.000020 - Loss :: 0.0339:  11%|█         | 542/5000 [19:01<2:13:27,  1.80s/it]=>> [Epoch 000] Global Step 000067 =>> LR :: 0.000020 - Loss :: 0.0339:  11%|█         | 543/5000 [19:03<2:12:57,  1.79s/it]=>> [Epoch 000] Global Step 000067 =>> LR :: 0.000020 - Loss :: 0.0339:  11%|█         | 543/5000 [19:03<2:12:57,  1.79s/it]=>> [Epoch 000] Global Step 000067 =>> LR :: 0.000020 - Loss :: 0.0339:  11%|█         | 544/5000 [19:05<2:15:35,  1.83s/it]=>> [Epoch 000] Global Step 000068 =>> LR :: 0.000020 - Loss :: 0.0340:  11%|█         | 544/5000 [19:05<2:15:35,  1.83s/it]=>> [Epoch 000] Global Step 000068 =>> LR :: 0.000020 - Loss :: 0.0340:  11%|█         | 545/5000 [19:07<2:13:55,  1.80s/it]=>> [Epoch 000] Global Step 000068 =>> LR :: 0.000020 - Loss :: 0.0340:  11%|█         | 545/5000 [19:07<2:13:55,  1.80s/it]=>> [Epoch 000] Global Step 000068 =>> LR :: 0.000020 - Loss :: 0.0340:  11%|█         | 546/5000 [19:09<2:14:00,  1.81s/it]=>> [Epoch 000] Global Step 000068 =>> LR :: 0.000020 - Loss :: 0.0340:  11%|█         | 546/5000 [19:09<2:14:00,  1.81s/it]=>> [Epoch 000] Global Step 000068 =>> LR :: 0.000020 - Loss :: 0.0340:  11%|█         | 547/5000 [19:10<2:13:17,  1.80s/it]=>> [Epoch 000] Global Step 000068 =>> LR :: 0.000020 - Loss :: 0.0340:  11%|█         | 547/5000 [19:10<2:13:17,  1.80s/it]=>> [Epoch 000] Global Step 000068 =>> LR :: 0.000020 - Loss :: 0.0340:  11%|█         | 548/5000 [19:12<2:21:37,  1.91s/it]=>> [Epoch 000] Global Step 000068 =>> LR :: 0.000020 - Loss :: 0.0340:  11%|█         | 548/5000 [19:12<2:21:37,  1.91s/it]=>> [Epoch 000] Global Step 000068 =>> LR :: 0.000020 - Loss :: 0.0340:  11%|█         | 549/5000 [19:14<2:18:32,  1.87s/it]=>> [Epoch 000] Global Step 000068 =>> LR :: 0.000020 - Loss :: 0.0340:  11%|█         | 549/5000 [19:14<2:18:32,  1.87s/it]=>> [Epoch 000] Global Step 000068 =>> LR :: 0.000020 - Loss :: 0.0340:  11%|█         | 550/5000 [19:16<2:16:27,  1.84s/it]=>> [Epoch 000] Global Step 000068 =>> LR :: 0.000020 - Loss :: 0.0340:  11%|█         | 550/5000 [19:16<2:16:27,  1.84s/it]=>> [Epoch 000] Global Step 000068 =>> LR :: 0.000020 - Loss :: 0.0340:  11%|█         | 551/5000 [19:18<2:14:53,  1.82s/it]=>> [Epoch 000] Global Step 000068 =>> LR :: 0.000020 - Loss :: 0.0340:  11%|█         | 551/5000 [19:18<2:14:53,  1.82s/it]=>> [Epoch 000] Global Step 000068 =>> LR :: 0.000020 - Loss :: 0.0340:  11%|█         | 552/5000 [19:20<2:17:21,  1.85s/it]=>> [Epoch 000] Global Step 000069 =>> LR :: 0.000020 - Loss :: 0.0286:  11%|█         | 552/5000 [19:20<2:17:21,  1.85s/it]=>> [Epoch 000] Global Step 000069 =>> LR :: 0.000020 - Loss :: 0.0286:  11%|█         | 553/5000 [19:21<2:14:43,  1.82s/it]=>> [Epoch 000] Global Step 000069 =>> LR :: 0.000020 - Loss :: 0.0286:  11%|█         | 553/5000 [19:21<2:14:43,  1.82s/it]=>> [Epoch 000] Global Step 000069 =>> LR :: 0.000020 - Loss :: 0.0286:  11%|█         | 554/5000 [19:23<2:17:08,  1.85s/it]=>> [Epoch 000] Global Step 000069 =>> LR :: 0.000020 - Loss :: 0.0286:  11%|█         | 554/5000 [19:23<2:17:08,  1.85s/it]=>> [Epoch 000] Global Step 000069 =>> LR :: 0.000020 - Loss :: 0.0286:  11%|█         | 555/5000 [19:25<2:19:19,  1.88s/it]=>> [Epoch 000] Global Step 000069 =>> LR :: 0.000020 - Loss :: 0.0286:  11%|█         | 555/5000 [19:25<2:19:19,  1.88s/it]=>> [Epoch 000] Global Step 000069 =>> LR :: 0.000020 - Loss :: 0.0286:  11%|█         | 556/5000 [19:27<2:16:59,  1.85s/it]=>> [Epoch 000] Global Step 000069 =>> LR :: 0.000020 - Loss :: 0.0286:  11%|█         | 556/5000 [19:27<2:16:59,  1.85s/it]=>> [Epoch 000] Global Step 000069 =>> LR :: 0.000020 - Loss :: 0.0286:  11%|█         | 557/5000 [19:29<2:15:39,  1.83s/it]=>> [Epoch 000] Global Step 000069 =>> LR :: 0.000020 - Loss :: 0.0286:  11%|█         | 557/5000 [19:29<2:15:39,  1.83s/it]=>> [Epoch 000] Global Step 000069 =>> LR :: 0.000020 - Loss :: 0.0286:  11%|█         | 558/5000 [19:31<2:14:28,  1.82s/it]=>> [Epoch 000] Global Step 000069 =>> LR :: 0.000020 - Loss :: 0.0286:  11%|█         | 558/5000 [19:31<2:14:28,  1.82s/it]=>> [Epoch 000] Global Step 000069 =>> LR :: 0.000020 - Loss :: 0.0286:  11%|█         | 559/5000 [19:32<2:13:17,  1.80s/it]=>> [Epoch 000] Global Step 000069 =>> LR :: 0.000020 - Loss :: 0.0286:  11%|█         | 559/5000 [19:32<2:13:17,  1.80s/it]=>> [Epoch 000] Global Step 000069 =>> LR :: 0.000020 - Loss :: 0.0286:  11%|█         | 560/5000 [19:34<2:15:43,  1.83s/it]=>> [Epoch 000] Global Step 000070 =>> LR :: 0.000020 - Loss :: 0.0245:  11%|█         | 560/5000 [19:34<2:15:43,  1.83s/it]=>> [Epoch 000] Global Step 000070 =>> LR :: 0.000020 - Loss :: 0.0245:  11%|█         | 561/5000 [19:36<2:13:15,  1.80s/it]=>> [Epoch 000] Global Step 000070 =>> LR :: 0.000020 - Loss :: 0.0245:  11%|█         | 561/5000 [19:36<2:13:15,  1.80s/it]=>> [Epoch 000] Global Step 000070 =>> LR :: 0.000020 - Loss :: 0.0245:  11%|█         | 562/5000 [19:38<2:12:28,  1.79s/it]=>> [Epoch 000] Global Step 000070 =>> LR :: 0.000020 - Loss :: 0.0245:  11%|█         | 562/5000 [19:38<2:12:28,  1.79s/it]=>> [Epoch 000] Global Step 000070 =>> LR :: 0.000020 - Loss :: 0.0245:  11%|█▏        | 563/5000 [19:40<2:12:00,  1.79s/it]=>> [Epoch 000] Global Step 000070 =>> LR :: 0.000020 - Loss :: 0.0245:  11%|█▏        | 563/5000 [19:40<2:12:00,  1.79s/it]=>> [Epoch 000] Global Step 000070 =>> LR :: 0.000020 - Loss :: 0.0245:  11%|█▏        | 564/5000 [19:41<2:11:33,  1.78s/it]=>> [Epoch 000] Global Step 000070 =>> LR :: 0.000020 - Loss :: 0.0245:  11%|█▏        | 564/5000 [19:41<2:11:33,  1.78s/it]=>> [Epoch 000] Global Step 000070 =>> LR :: 0.000020 - Loss :: 0.0245:  11%|█▏        | 565/5000 [19:43<2:16:18,  1.84s/it]=>> [Epoch 000] Global Step 000070 =>> LR :: 0.000020 - Loss :: 0.0245:  11%|█▏        | 565/5000 [19:43<2:16:18,  1.84s/it]=>> [Epoch 000] Global Step 000070 =>> LR :: 0.000020 - Loss :: 0.0245:  11%|█▏        | 566/5000 [19:45<2:18:21,  1.87s/it]=>> [Epoch 000] Global Step 000070 =>> LR :: 0.000020 - Loss :: 0.0245:  11%|█▏        | 566/5000 [19:45<2:18:21,  1.87s/it]=>> [Epoch 000] Global Step 000070 =>> LR :: 0.000020 - Loss :: 0.0245:  11%|█▏        | 567/5000 [19:47<2:16:08,  1.84s/it]=>> [Epoch 000] Global Step 000070 =>> LR :: 0.000020 - Loss :: 0.0245:  11%|█▏        | 567/5000 [19:47<2:16:08,  1.84s/it]=>> [Epoch 000] Global Step 000070 =>> LR :: 0.000020 - Loss :: 0.0245:  11%|█▏        | 568/5000 [19:49<2:17:45,  1.87s/it]=>> [Epoch 000] Global Step 000071 =>> LR :: 0.000020 - Loss :: 0.0210:  11%|█▏        | 568/5000 [19:49<2:17:45,  1.87s/it]=>> [Epoch 000] Global Step 000071 =>> LR :: 0.000020 - Loss :: 0.0210:  11%|█▏        | 569/5000 [19:51<2:14:30,  1.82s/it]=>> [Epoch 000] Global Step 000071 =>> LR :: 0.000020 - Loss :: 0.0210:  11%|█▏        | 569/5000 [19:51<2:14:30,  1.82s/it]=>> [Epoch 000] Global Step 000071 =>> LR :: 0.000020 - Loss :: 0.0210:  11%|█▏        | 570/5000 [19:52<2:13:13,  1.80s/it]=>> [Epoch 000] Global Step 000071 =>> LR :: 0.000020 - Loss :: 0.0210:  11%|█▏        | 570/5000 [19:52<2:13:13,  1.80s/it]=>> [Epoch 000] Global Step 000071 =>> LR :: 0.000020 - Loss :: 0.0210:  11%|█▏        | 571/5000 [19:54<2:16:26,  1.85s/it]=>> [Epoch 000] Global Step 000071 =>> LR :: 0.000020 - Loss :: 0.0210:  11%|█▏        | 571/5000 [19:54<2:16:26,  1.85s/it]=>> [Epoch 000] Global Step 000071 =>> LR :: 0.000020 - Loss :: 0.0210:  11%|█▏        | 572/5000 [19:56<2:18:39,  1.88s/it]=>> [Epoch 000] Global Step 000071 =>> LR :: 0.000020 - Loss :: 0.0210:  11%|█▏        | 572/5000 [19:56<2:18:39,  1.88s/it]=>> [Epoch 000] Global Step 000071 =>> LR :: 0.000020 - Loss :: 0.0210:  11%|█▏        | 573/5000 [19:58<2:16:18,  1.85s/it]=>> [Epoch 000] Global Step 000071 =>> LR :: 0.000020 - Loss :: 0.0210:  11%|█▏        | 573/5000 [19:58<2:16:18,  1.85s/it]=>> [Epoch 000] Global Step 000071 =>> LR :: 0.000020 - Loss :: 0.0210:  11%|█▏        | 574/5000 [20:00<2:15:26,  1.84s/it]=>> [Epoch 000] Global Step 000071 =>> LR :: 0.000020 - Loss :: 0.0210:  11%|█▏        | 574/5000 [20:00<2:15:26,  1.84s/it]=>> [Epoch 000] Global Step 000071 =>> LR :: 0.000020 - Loss :: 0.0210:  12%|█▏        | 575/5000 [20:02<2:14:13,  1.82s/it]=>> [Epoch 000] Global Step 000071 =>> LR :: 0.000020 - Loss :: 0.0210:  12%|█▏        | 575/5000 [20:02<2:14:13,  1.82s/it]=>> [Epoch 000] Global Step 000071 =>> LR :: 0.000020 - Loss :: 0.0210:  12%|█▏        | 576/5000 [20:04<2:16:20,  1.85s/it]=>> [Epoch 000] Global Step 000072 =>> LR :: 0.000020 - Loss :: 0.0191:  12%|█▏        | 576/5000 [20:04<2:16:20,  1.85s/it]=>> [Epoch 000] Global Step 000072 =>> LR :: 0.000020 - Loss :: 0.0191:  12%|█▏        | 577/5000 [20:05<2:13:37,  1.81s/it]=>> [Epoch 000] Global Step 000072 =>> LR :: 0.000020 - Loss :: 0.0191:  12%|█▏        | 577/5000 [20:05<2:13:37,  1.81s/it]=>> [Epoch 000] Global Step 000072 =>> LR :: 0.000020 - Loss :: 0.0191:  12%|█▏        | 578/5000 [20:07<2:12:35,  1.80s/it]=>> [Epoch 000] Global Step 000072 =>> LR :: 0.000020 - Loss :: 0.0191:  12%|█▏        | 578/5000 [20:07<2:12:35,  1.80s/it]=>> [Epoch 000] Global Step 000072 =>> LR :: 0.000020 - Loss :: 0.0191:  12%|█▏        | 579/5000 [20:09<2:12:13,  1.79s/it]=>> [Epoch 000] Global Step 000072 =>> LR :: 0.000020 - Loss :: 0.0191:  12%|█▏        | 579/5000 [20:09<2:12:13,  1.79s/it]=>> [Epoch 000] Global Step 000072 =>> LR :: 0.000020 - Loss :: 0.0191:  12%|█▏        | 580/5000 [20:11<2:12:21,  1.80s/it]=>> [Epoch 000] Global Step 000072 =>> LR :: 0.000020 - Loss :: 0.0191:  12%|█▏        | 580/5000 [20:11<2:12:21,  1.80s/it]=>> [Epoch 000] Global Step 000072 =>> LR :: 0.000020 - Loss :: 0.0191:  12%|█▏        | 581/5000 [20:13<2:11:33,  1.79s/it]=>> [Epoch 000] Global Step 000072 =>> LR :: 0.000020 - Loss :: 0.0191:  12%|█▏        | 581/5000 [20:13<2:11:33,  1.79s/it]=>> [Epoch 000] Global Step 000072 =>> LR :: 0.000020 - Loss :: 0.0191:  12%|█▏        | 582/5000 [20:14<2:11:05,  1.78s/it]=>> [Epoch 000] Global Step 000072 =>> LR :: 0.000020 - Loss :: 0.0191:  12%|█▏        | 582/5000 [20:14<2:11:05,  1.78s/it]=>> [Epoch 000] Global Step 000072 =>> LR :: 0.000020 - Loss :: 0.0191:  12%|█▏        | 583/5000 [20:16<2:19:16,  1.89s/it]=>> [Epoch 000] Global Step 000072 =>> LR :: 0.000020 - Loss :: 0.0191:  12%|█▏        | 583/5000 [20:16<2:19:16,  1.89s/it]=>> [Epoch 000] Global Step 000072 =>> LR :: 0.000020 - Loss :: 0.0191:  12%|█▏        | 584/5000 [20:18<2:19:37,  1.90s/it]=>> [Epoch 000] Global Step 000073 =>> LR :: 0.000020 - Loss :: 0.0262:  12%|█▏        | 584/5000 [20:18<2:19:37,  1.90s/it]=>> [Epoch 000] Global Step 000073 =>> LR :: 0.000020 - Loss :: 0.0262:  12%|█▏        | 585/5000 [20:20<2:16:16,  1.85s/it]=>> [Epoch 000] Global Step 000073 =>> LR :: 0.000020 - Loss :: 0.0262:  12%|█▏        | 585/5000 [20:20<2:16:16,  1.85s/it]=>> [Epoch 000] Global Step 000073 =>> LR :: 0.000020 - Loss :: 0.0262:  12%|█▏        | 586/5000 [20:22<2:15:10,  1.84s/it]=>> [Epoch 000] Global Step 000073 =>> LR :: 0.000020 - Loss :: 0.0262:  12%|█▏        | 586/5000 [20:22<2:15:10,  1.84s/it]=>> [Epoch 000] Global Step 000073 =>> LR :: 0.000020 - Loss :: 0.0262:  12%|█▏        | 587/5000 [20:24<2:13:53,  1.82s/it]=>> [Epoch 000] Global Step 000073 =>> LR :: 0.000020 - Loss :: 0.0262:  12%|█▏        | 587/5000 [20:24<2:13:53,  1.82s/it]=>> [Epoch 000] Global Step 000073 =>> LR :: 0.000020 - Loss :: 0.0262:  12%|█▏        | 588/5000 [20:25<2:12:54,  1.81s/it]=>> [Epoch 000] Global Step 000073 =>> LR :: 0.000020 - Loss :: 0.0262:  12%|█▏        | 588/5000 [20:25<2:12:54,  1.81s/it]=>> [Epoch 000] Global Step 000073 =>> LR :: 0.000020 - Loss :: 0.0262:  12%|█▏        | 589/5000 [20:27<2:16:14,  1.85s/it]=>> [Epoch 000] Global Step 000073 =>> LR :: 0.000020 - Loss :: 0.0262:  12%|█▏        | 589/5000 [20:27<2:16:14,  1.85s/it]=>> [Epoch 000] Global Step 000073 =>> LR :: 0.000020 - Loss :: 0.0262:  12%|█▏        | 590/5000 [20:29<2:19:34,  1.90s/it]=>> [Epoch 000] Global Step 000073 =>> LR :: 0.000020 - Loss :: 0.0262:  12%|█▏        | 590/5000 [20:29<2:19:34,  1.90s/it]=>> [Epoch 000] Global Step 000073 =>> LR :: 0.000020 - Loss :: 0.0262:  12%|█▏        | 591/5000 [20:31<2:16:39,  1.86s/it]=>> [Epoch 000] Global Step 000073 =>> LR :: 0.000020 - Loss :: 0.0262:  12%|█▏        | 591/5000 [20:31<2:16:39,  1.86s/it]=>> [Epoch 000] Global Step 000073 =>> LR :: 0.000020 - Loss :: 0.0262:  12%|█▏        | 592/5000 [20:33<2:18:06,  1.88s/it]=>> [Epoch 000] Global Step 000074 =>> LR :: 0.000020 - Loss :: 0.0243:  12%|█▏        | 592/5000 [20:33<2:18:06,  1.88s/it]=>> [Epoch 000] Global Step 000074 =>> LR :: 0.000020 - Loss :: 0.0243:  12%|█▏        | 593/5000 [20:35<2:14:47,  1.84s/it]=>> [Epoch 000] Global Step 000074 =>> LR :: 0.000020 - Loss :: 0.0243:  12%|█▏        | 593/5000 [20:35<2:14:47,  1.84s/it]=>> [Epoch 000] Global Step 000074 =>> LR :: 0.000020 - Loss :: 0.0243:  12%|█▏        | 594/5000 [20:37<2:13:18,  1.82s/it]=>> [Epoch 000] Global Step 000074 =>> LR :: 0.000020 - Loss :: 0.0243:  12%|█▏        | 594/5000 [20:37<2:13:18,  1.82s/it]=>> [Epoch 000] Global Step 000074 =>> LR :: 0.000020 - Loss :: 0.0243:  12%|█▏        | 595/5000 [20:38<2:12:36,  1.81s/it]=>> [Epoch 000] Global Step 000074 =>> LR :: 0.000020 - Loss :: 0.0243:  12%|█▏        | 595/5000 [20:38<2:12:36,  1.81s/it]=>> [Epoch 000] Global Step 000074 =>> LR :: 0.000020 - Loss :: 0.0243:  12%|█▏        | 596/5000 [20:40<2:12:15,  1.80s/it]=>> [Epoch 000] Global Step 000074 =>> LR :: 0.000020 - Loss :: 0.0243:  12%|█▏        | 596/5000 [20:40<2:12:15,  1.80s/it]=>> [Epoch 000] Global Step 000074 =>> LR :: 0.000020 - Loss :: 0.0243:  12%|█▏        | 597/5000 [20:42<2:11:46,  1.80s/it]=>> [Epoch 000] Global Step 000074 =>> LR :: 0.000020 - Loss :: 0.0243:  12%|█▏        | 597/5000 [20:42<2:11:46,  1.80s/it]=>> [Epoch 000] Global Step 000074 =>> LR :: 0.000020 - Loss :: 0.0243:  12%|█▏        | 598/5000 [20:44<2:11:14,  1.79s/it]=>> [Epoch 000] Global Step 000074 =>> LR :: 0.000020 - Loss :: 0.0243:  12%|█▏        | 598/5000 [20:44<2:11:14,  1.79s/it]=>> [Epoch 000] Global Step 000074 =>> LR :: 0.000020 - Loss :: 0.0243:  12%|█▏        | 599/5000 [20:46<2:10:55,  1.78s/it]=>> [Epoch 000] Global Step 000074 =>> LR :: 0.000020 - Loss :: 0.0243:  12%|█▏        | 599/5000 [20:46<2:10:55,  1.78s/it]=>> [Epoch 000] Global Step 000074 =>> LR :: 0.000020 - Loss :: 0.0243:  12%|█▏        | 600/5000 [20:48<2:18:28,  1.89s/it]=>> [Epoch 000] Global Step 000075 =>> LR :: 0.000020 - Loss :: 0.0402:  12%|█▏        | 600/5000 [20:48<2:18:28,  1.89s/it]=>> [Epoch 000] Global Step 000075 =>> LR :: 0.000020 - Loss :: 0.0402:  12%|█▏        | 601/5000 [20:50<2:19:10,  1.90s/it]=>> [Epoch 000] Global Step 000075 =>> LR :: 0.000020 - Loss :: 0.0402:  12%|█▏        | 601/5000 [20:50<2:19:10,  1.90s/it]=>> [Epoch 000] Global Step 000075 =>> LR :: 0.000020 - Loss :: 0.0402:  12%|█▏        | 602/5000 [20:51<2:16:14,  1.86s/it]=>> [Epoch 000] Global Step 000075 =>> LR :: 0.000020 - Loss :: 0.0402:  12%|█▏        | 602/5000 [20:51<2:16:14,  1.86s/it]=>> [Epoch 000] Global Step 000075 =>> LR :: 0.000020 - Loss :: 0.0402:  12%|█▏        | 603/5000 [20:53<2:14:50,  1.84s/it]=>> [Epoch 000] Global Step 000075 =>> LR :: 0.000020 - Loss :: 0.0402:  12%|█▏        | 603/5000 [20:53<2:14:50,  1.84s/it]=>> [Epoch 000] Global Step 000075 =>> LR :: 0.000020 - Loss :: 0.0402:  12%|█▏        | 604/5000 [20:55<2:13:33,  1.82s/it]=>> [Epoch 000] Global Step 000075 =>> LR :: 0.000020 - Loss :: 0.0402:  12%|█▏        | 604/5000 [20:55<2:13:33,  1.82s/it]=>> [Epoch 000] Global Step 000075 =>> LR :: 0.000020 - Loss :: 0.0402:  12%|█▏        | 605/5000 [20:57<2:12:37,  1.81s/it]=>> [Epoch 000] Global Step 000075 =>> LR :: 0.000020 - Loss :: 0.0402:  12%|█▏        | 605/5000 [20:57<2:12:37,  1.81s/it]=>> [Epoch 000] Global Step 000075 =>> LR :: 0.000020 - Loss :: 0.0402:  12%|█▏        | 606/5000 [20:58<2:12:12,  1.81s/it]=>> [Epoch 000] Global Step 000075 =>> LR :: 0.000020 - Loss :: 0.0402:  12%|█▏        | 606/5000 [20:58<2:12:12,  1.81s/it]=>> [Epoch 000] Global Step 000075 =>> LR :: 0.000020 - Loss :: 0.0402:  12%|█▏        | 607/5000 [21:00<2:15:27,  1.85s/it]=>> [Epoch 000] Global Step 000075 =>> LR :: 0.000020 - Loss :: 0.0402:  12%|█▏        | 607/5000 [21:00<2:15:27,  1.85s/it]=>> [Epoch 000] Global Step 000075 =>> LR :: 0.000020 - Loss :: 0.0402:  12%|█▏        | 608/5000 [21:03<2:20:45,  1.92s/it]=>> [Epoch 000] Global Step 000076 =>> LR :: 0.000020 - Loss :: 0.0352:  12%|█▏        | 608/5000 [21:03<2:20:45,  1.92s/it]=>> [Epoch 000] Global Step 000076 =>> LR :: 0.000020 - Loss :: 0.0352:  12%|█▏        | 609/5000 [21:04<2:16:07,  1.86s/it]=>> [Epoch 000] Global Step 000076 =>> LR :: 0.000020 - Loss :: 0.0352:  12%|█▏        | 609/5000 [21:04<2:16:07,  1.86s/it]=>> [Epoch 000] Global Step 000076 =>> LR :: 0.000020 - Loss :: 0.0352:  12%|█▏        | 610/5000 [21:06<2:14:00,  1.83s/it]=>> [Epoch 000] Global Step 000076 =>> LR :: 0.000020 - Loss :: 0.0352:  12%|█▏        | 610/5000 [21:06<2:14:00,  1.83s/it]=>> [Epoch 000] Global Step 000076 =>> LR :: 0.000020 - Loss :: 0.0352:  12%|█▏        | 611/5000 [21:08<2:12:34,  1.81s/it]=>> [Epoch 000] Global Step 000076 =>> LR :: 0.000020 - Loss :: 0.0352:  12%|█▏        | 611/5000 [21:08<2:12:34,  1.81s/it]=>> [Epoch 000] Global Step 000076 =>> LR :: 0.000020 - Loss :: 0.0352:  12%|█▏        | 612/5000 [21:10<2:12:27,  1.81s/it]=>> [Epoch 000] Global Step 000076 =>> LR :: 0.000020 - Loss :: 0.0352:  12%|█▏        | 612/5000 [21:10<2:12:27,  1.81s/it]=>> [Epoch 000] Global Step 000076 =>> LR :: 0.000020 - Loss :: 0.0352:  12%|█▏        | 613/5000 [21:11<2:11:14,  1.79s/it]=>> [Epoch 000] Global Step 000076 =>> LR :: 0.000020 - Loss :: 0.0352:  12%|█▏        | 613/5000 [21:11<2:11:14,  1.79s/it]=>> [Epoch 000] Global Step 000076 =>> LR :: 0.000020 - Loss :: 0.0352:  12%|█▏        | 614/5000 [21:13<2:10:35,  1.79s/it]=>> [Epoch 000] Global Step 000076 =>> LR :: 0.000020 - Loss :: 0.0352:  12%|█▏        | 614/5000 [21:13<2:10:35,  1.79s/it]=>> [Epoch 000] Global Step 000076 =>> LR :: 0.000020 - Loss :: 0.0352:  12%|█▏        | 615/5000 [21:15<2:10:02,  1.78s/it]=>> [Epoch 000] Global Step 000076 =>> LR :: 0.000020 - Loss :: 0.0352:  12%|█▏        | 615/5000 [21:15<2:10:02,  1.78s/it]=>> [Epoch 000] Global Step 000076 =>> LR :: 0.000020 - Loss :: 0.0352:  12%|█▏        | 616/5000 [21:17<2:12:53,  1.82s/it]=>> [Epoch 000] Global Step 000077 =>> LR :: 0.000020 - Loss :: 0.0256:  12%|█▏        | 616/5000 [21:17<2:12:53,  1.82s/it]=>> [Epoch 000] Global Step 000077 =>> LR :: 0.000020 - Loss :: 0.0256:  12%|█▏        | 617/5000 [21:19<2:11:21,  1.80s/it]=>> [Epoch 000] Global Step 000077 =>> LR :: 0.000020 - Loss :: 0.0256:  12%|█▏        | 617/5000 [21:19<2:11:21,  1.80s/it]=>> [Epoch 000] Global Step 000077 =>> LR :: 0.000020 - Loss :: 0.0256:  12%|█▏        | 618/5000 [21:20<2:10:58,  1.79s/it]=>> [Epoch 000] Global Step 000077 =>> LR :: 0.000020 - Loss :: 0.0256:  12%|█▏        | 618/5000 [21:20<2:10:58,  1.79s/it]=>> [Epoch 000] Global Step 000077 =>> LR :: 0.000020 - Loss :: 0.0256:  12%|█▏        | 619/5000 [21:22<2:18:17,  1.89s/it]=>> [Epoch 000] Global Step 000077 =>> LR :: 0.000020 - Loss :: 0.0256:  12%|█▏        | 619/5000 [21:22<2:18:17,  1.89s/it]=>> [Epoch 000] Global Step 000077 =>> LR :: 0.000020 - Loss :: 0.0256:  12%|█▏        | 620/5000 [21:24<2:15:47,  1.86s/it]=>> [Epoch 000] Global Step 000077 =>> LR :: 0.000020 - Loss :: 0.0256:  12%|█▏        | 620/5000 [21:24<2:15:47,  1.86s/it]=>> [Epoch 000] Global Step 000077 =>> LR :: 0.000020 - Loss :: 0.0256:  12%|█▏        | 621/5000 [21:26<2:14:05,  1.84s/it]=>> [Epoch 000] Global Step 000077 =>> LR :: 0.000020 - Loss :: 0.0256:  12%|█▏        | 621/5000 [21:26<2:14:05,  1.84s/it]=>> [Epoch 000] Global Step 000077 =>> LR :: 0.000020 - Loss :: 0.0256:  12%|█▏        | 622/5000 [21:28<2:12:47,  1.82s/it]=>> [Epoch 000] Global Step 000077 =>> LR :: 0.000020 - Loss :: 0.0256:  12%|█▏        | 622/5000 [21:28<2:12:47,  1.82s/it]=>> [Epoch 000] Global Step 000077 =>> LR :: 0.000020 - Loss :: 0.0256:  12%|█▏        | 623/5000 [21:30<2:11:47,  1.81s/it]=>> [Epoch 000] Global Step 000077 =>> LR :: 0.000020 - Loss :: 0.0256:  12%|█▏        | 623/5000 [21:30<2:11:47,  1.81s/it]=>> [Epoch 000] Global Step 000077 =>> LR :: 0.000020 - Loss :: 0.0256:  12%|█▏        | 624/5000 [21:32<2:17:42,  1.89s/it]=>> [Epoch 000] Global Step 000078 =>> LR :: 0.000020 - Loss :: 0.0283:  12%|█▏        | 624/5000 [21:32<2:17:42,  1.89s/it]=>> [Epoch 000] Global Step 000078 =>> LR :: 0.000020 - Loss :: 0.0283:  12%|█▎        | 625/5000 [21:34<2:17:57,  1.89s/it]=>> [Epoch 000] Global Step 000078 =>> LR :: 0.000020 - Loss :: 0.0283:  12%|█▎        | 625/5000 [21:34<2:17:57,  1.89s/it]=>> [Epoch 000] Global Step 000078 =>> LR :: 0.000020 - Loss :: 0.0283:  13%|█▎        | 626/5000 [21:35<2:15:05,  1.85s/it]=>> [Epoch 000] Global Step 000078 =>> LR :: 0.000020 - Loss :: 0.0283:  13%|█▎        | 626/5000 [21:35<2:15:05,  1.85s/it]=>> [Epoch 000] Global Step 000078 =>> LR :: 0.000020 - Loss :: 0.0283:  13%|█▎        | 627/5000 [21:37<2:14:30,  1.85s/it]=>> [Epoch 000] Global Step 000078 =>> LR :: 0.000020 - Loss :: 0.0283:  13%|█▎        | 627/5000 [21:37<2:14:30,  1.85s/it]=>> [Epoch 000] Global Step 000078 =>> LR :: 0.000020 - Loss :: 0.0283:  13%|█▎        | 628/5000 [21:39<2:13:42,  1.83s/it]=>> [Epoch 000] Global Step 000078 =>> LR :: 0.000020 - Loss :: 0.0283:  13%|█▎        | 628/5000 [21:39<2:13:42,  1.83s/it]=>> [Epoch 000] Global Step 000078 =>> LR :: 0.000020 - Loss :: 0.0283:  13%|█▎        | 629/5000 [21:41<2:12:05,  1.81s/it]=>> [Epoch 000] Global Step 000078 =>> LR :: 0.000020 - Loss :: 0.0283:  13%|█▎        | 629/5000 [21:41<2:12:05,  1.81s/it]=>> [Epoch 000] Global Step 000078 =>> LR :: 0.000020 - Loss :: 0.0283:  13%|█▎        | 630/5000 [21:42<2:11:16,  1.80s/it]=>> [Epoch 000] Global Step 000078 =>> LR :: 0.000020 - Loss :: 0.0283:  13%|█▎        | 630/5000 [21:42<2:11:16,  1.80s/it]=>> [Epoch 000] Global Step 000078 =>> LR :: 0.000020 - Loss :: 0.0283:  13%|█▎        | 631/5000 [21:44<2:11:04,  1.80s/it]=>> [Epoch 000] Global Step 000078 =>> LR :: 0.000020 - Loss :: 0.0283:  13%|█▎        | 631/5000 [21:44<2:11:04,  1.80s/it]=>> [Epoch 000] Global Step 000078 =>> LR :: 0.000020 - Loss :: 0.0283:  13%|█▎        | 632/5000 [21:46<2:13:35,  1.84s/it]=>> [Epoch 000] Global Step 000079 =>> LR :: 0.000020 - Loss :: 0.0274:  13%|█▎        | 632/5000 [21:46<2:13:35,  1.84s/it]=>> [Epoch 000] Global Step 000079 =>> LR :: 0.000020 - Loss :: 0.0274:  13%|█▎        | 633/5000 [21:48<2:11:35,  1.81s/it]=>> [Epoch 000] Global Step 000079 =>> LR :: 0.000020 - Loss :: 0.0274:  13%|█▎        | 633/5000 [21:48<2:11:35,  1.81s/it]=>> [Epoch 000] Global Step 000079 =>> LR :: 0.000020 - Loss :: 0.0274:  13%|█▎        | 634/5000 [21:50<2:11:26,  1.81s/it]=>> [Epoch 000] Global Step 000079 =>> LR :: 0.000020 - Loss :: 0.0274:  13%|█▎        | 634/5000 [21:50<2:11:26,  1.81s/it]=>> [Epoch 000] Global Step 000079 =>> LR :: 0.000020 - Loss :: 0.0274:  13%|█▎        | 635/5000 [21:52<2:10:31,  1.79s/it]=>> [Epoch 000] Global Step 000079 =>> LR :: 0.000020 - Loss :: 0.0274:  13%|█▎        | 635/5000 [21:52<2:10:31,  1.79s/it]=>> [Epoch 000] Global Step 000079 =>> LR :: 0.000020 - Loss :: 0.0274:  13%|█▎        | 636/5000 [21:54<2:19:34,  1.92s/it]=>> [Epoch 000] Global Step 000079 =>> LR :: 0.000020 - Loss :: 0.0274:  13%|█▎        | 636/5000 [21:54<2:19:34,  1.92s/it]=>> [Epoch 000] Global Step 000079 =>> LR :: 0.000020 - Loss :: 0.0274:  13%|█▎        | 637/5000 [21:55<2:16:17,  1.87s/it]=>> [Epoch 000] Global Step 000079 =>> LR :: 0.000020 - Loss :: 0.0274:  13%|█▎        | 637/5000 [21:55<2:16:17,  1.87s/it]=>> [Epoch 000] Global Step 000079 =>> LR :: 0.000020 - Loss :: 0.0274:  13%|█▎        | 638/5000 [21:57<2:14:14,  1.85s/it]=>> [Epoch 000] Global Step 000079 =>> LR :: 0.000020 - Loss :: 0.0274:  13%|█▎        | 638/5000 [21:57<2:14:14,  1.85s/it]=>> [Epoch 000] Global Step 000079 =>> LR :: 0.000020 - Loss :: 0.0274:  13%|█▎        | 639/5000 [21:59<2:12:37,  1.82s/it]=>> [Epoch 000] Global Step 000079 =>> LR :: 0.000020 - Loss :: 0.0274:  13%|█▎        | 639/5000 [21:59<2:12:37,  1.82s/it]=>> [Epoch 000] Global Step 000079 =>> LR :: 0.000020 - Loss :: 0.0274:  13%|█▎        | 640/5000 [22:01<2:14:36,  1.85s/it]=>> [Epoch 000] Global Step 000080 =>> LR :: 0.000020 - Loss :: 0.0195:  13%|█▎        | 640/5000 [22:01<2:14:36,  1.85s/it]=>> [Epoch 000] Global Step 000080 =>> LR :: 0.000020 - Loss :: 0.0195:  13%|█▎        | 641/5000 [22:03<2:12:06,  1.82s/it]=>> [Epoch 000] Global Step 000080 =>> LR :: 0.000020 - Loss :: 0.0195:  13%|█▎        | 641/5000 [22:03<2:12:06,  1.82s/it]=>> [Epoch 000] Global Step 000080 =>> LR :: 0.000020 - Loss :: 0.0195:  13%|█▎        | 642/5000 [22:04<2:10:50,  1.80s/it]=>> [Epoch 000] Global Step 000080 =>> LR :: 0.000020 - Loss :: 0.0195:  13%|█▎        | 642/5000 [22:04<2:10:50,  1.80s/it]=>> [Epoch 000] Global Step 000080 =>> LR :: 0.000020 - Loss :: 0.0195:  13%|█▎        | 643/5000 [22:07<2:18:43,  1.91s/it]=>> [Epoch 000] Global Step 000080 =>> LR :: 0.000020 - Loss :: 0.0195:  13%|█▎        | 643/5000 [22:07<2:18:43,  1.91s/it]=>> [Epoch 000] Global Step 000080 =>> LR :: 0.000020 - Loss :: 0.0195:  13%|█▎        | 644/5000 [22:08<2:15:45,  1.87s/it]=>> [Epoch 000] Global Step 000080 =>> LR :: 0.000020 - Loss :: 0.0195:  13%|█▎        | 644/5000 [22:08<2:15:45,  1.87s/it]=>> [Epoch 000] Global Step 000080 =>> LR :: 0.000020 - Loss :: 0.0195:  13%|█▎        | 645/5000 [22:10<2:13:33,  1.84s/it]=>> [Epoch 000] Global Step 000080 =>> LR :: 0.000020 - Loss :: 0.0195:  13%|█▎        | 645/5000 [22:10<2:13:33,  1.84s/it]=>> [Epoch 000] Global Step 000080 =>> LR :: 0.000020 - Loss :: 0.0195:  13%|█▎        | 646/5000 [22:12<2:11:56,  1.82s/it]=>> [Epoch 000] Global Step 000080 =>> LR :: 0.000020 - Loss :: 0.0195:  13%|█▎        | 646/5000 [22:12<2:11:56,  1.82s/it]=>> [Epoch 000] Global Step 000080 =>> LR :: 0.000020 - Loss :: 0.0195:  13%|█▎        | 647/5000 [22:14<2:10:52,  1.80s/it]=>> [Epoch 000] Global Step 000080 =>> LR :: 0.000020 - Loss :: 0.0195:  13%|█▎        | 647/5000 [22:14<2:10:52,  1.80s/it]=>> [Epoch 000] Global Step 000080 =>> LR :: 0.000020 - Loss :: 0.0195:  13%|█▎        | 648/5000 [22:16<2:13:28,  1.84s/it]=>> [Epoch 000] Global Step 000081 =>> LR :: 0.000020 - Loss :: 0.0323:  13%|█▎        | 648/5000 [22:16<2:13:28,  1.84s/it]=>> [Epoch 000] Global Step 000081 =>> LR :: 0.000020 - Loss :: 0.0323:  13%|█▎        | 649/5000 [22:17<2:11:11,  1.81s/it]=>> [Epoch 000] Global Step 000081 =>> LR :: 0.000020 - Loss :: 0.0323:  13%|█▎        | 649/5000 [22:17<2:11:11,  1.81s/it]=>> [Epoch 000] Global Step 000081 =>> LR :: 0.000020 - Loss :: 0.0323:  13%|█▎        | 650/5000 [22:19<2:10:36,  1.80s/it]=>> [Epoch 000] Global Step 000081 =>> LR :: 0.000020 - Loss :: 0.0323:  13%|█▎        | 650/5000 [22:19<2:10:36,  1.80s/it]=>> [Epoch 000] Global Step 000081 =>> LR :: 0.000020 - Loss :: 0.0323:  13%|█▎        | 651/5000 [22:21<2:10:07,  1.80s/it]=>> [Epoch 000] Global Step 000081 =>> LR :: 0.000020 - Loss :: 0.0323:  13%|█▎        | 651/5000 [22:21<2:10:07,  1.80s/it]=>> [Epoch 000] Global Step 000081 =>> LR :: 0.000020 - Loss :: 0.0323:  13%|█▎        | 652/5000 [22:23<2:09:56,  1.79s/it]=>> [Epoch 000] Global Step 000081 =>> LR :: 0.000020 - Loss :: 0.0323:  13%|█▎        | 652/5000 [22:23<2:09:56,  1.79s/it]=>> [Epoch 000] Global Step 000081 =>> LR :: 0.000020 - Loss :: 0.0323:  13%|█▎        | 653/5000 [22:25<2:13:18,  1.84s/it]=>> [Epoch 000] Global Step 000081 =>> LR :: 0.000020 - Loss :: 0.0323:  13%|█▎        | 653/5000 [22:25<2:13:18,  1.84s/it]=>> [Epoch 000] Global Step 000081 =>> LR :: 0.000020 - Loss :: 0.0323:  13%|█▎        | 654/5000 [22:26<2:11:55,  1.82s/it]=>> [Epoch 000] Global Step 000081 =>> LR :: 0.000020 - Loss :: 0.0323:  13%|█▎        | 654/5000 [22:26<2:11:55,  1.82s/it]=>> [Epoch 000] Global Step 000081 =>> LR :: 0.000020 - Loss :: 0.0323:  13%|█▎        | 655/5000 [22:28<2:14:39,  1.86s/it]=>> [Epoch 000] Global Step 000081 =>> LR :: 0.000020 - Loss :: 0.0323:  13%|█▎        | 655/5000 [22:28<2:14:39,  1.86s/it]=>> [Epoch 000] Global Step 000081 =>> LR :: 0.000020 - Loss :: 0.0323:  13%|█▎        | 656/5000 [22:30<2:15:58,  1.88s/it]=>> [Epoch 000] Global Step 000082 =>> LR :: 0.000020 - Loss :: 0.0222:  13%|█▎        | 656/5000 [22:30<2:15:58,  1.88s/it]=>> [Epoch 000] Global Step 000082 =>> LR :: 0.000020 - Loss :: 0.0222:  13%|█▎        | 657/5000 [22:32<2:12:29,  1.83s/it]=>> [Epoch 000] Global Step 000082 =>> LR :: 0.000020 - Loss :: 0.0222:  13%|█▎        | 657/5000 [22:32<2:12:29,  1.83s/it]=>> [Epoch 000] Global Step 000082 =>> LR :: 0.000020 - Loss :: 0.0222:  13%|█▎        | 658/5000 [22:34<2:11:08,  1.81s/it]=>> [Epoch 000] Global Step 000082 =>> LR :: 0.000020 - Loss :: 0.0222:  13%|█▎        | 658/5000 [22:34<2:11:08,  1.81s/it]=>> [Epoch 000] Global Step 000082 =>> LR :: 0.000020 - Loss :: 0.0222:  13%|█▎        | 659/5000 [22:36<2:10:05,  1.80s/it]=>> [Epoch 000] Global Step 000082 =>> LR :: 0.000020 - Loss :: 0.0222:  13%|█▎        | 659/5000 [22:36<2:10:05,  1.80s/it]=>> [Epoch 000] Global Step 000082 =>> LR :: 0.000020 - Loss :: 0.0222:  13%|█▎        | 660/5000 [22:38<2:13:12,  1.84s/it]=>> [Epoch 000] Global Step 000082 =>> LR :: 0.000020 - Loss :: 0.0222:  13%|█▎        | 660/5000 [22:38<2:13:12,  1.84s/it]=>> [Epoch 000] Global Step 000082 =>> LR :: 0.000020 - Loss :: 0.0222:  13%|█▎        | 661/5000 [22:40<2:16:29,  1.89s/it]=>> [Epoch 000] Global Step 000082 =>> LR :: 0.000020 - Loss :: 0.0222:  13%|█▎        | 661/5000 [22:40<2:16:29,  1.89s/it]=>> [Epoch 000] Global Step 000082 =>> LR :: 0.000020 - Loss :: 0.0222:  13%|█▎        | 662/5000 [22:41<2:13:59,  1.85s/it]=>> [Epoch 000] Global Step 000082 =>> LR :: 0.000020 - Loss :: 0.0222:  13%|█▎        | 662/5000 [22:41<2:13:59,  1.85s/it]=>> [Epoch 000] Global Step 000082 =>> LR :: 0.000020 - Loss :: 0.0222:  13%|█▎        | 663/5000 [22:43<2:12:12,  1.83s/it]=>> [Epoch 000] Global Step 000082 =>> LR :: 0.000020 - Loss :: 0.0222:  13%|█▎        | 663/5000 [22:43<2:12:12,  1.83s/it]=>> [Epoch 000] Global Step 000082 =>> LR :: 0.000020 - Loss :: 0.0222:  13%|█▎        | 664/5000 [22:45<2:14:04,  1.86s/it]=>> [Epoch 000] Global Step 000083 =>> LR :: 0.000020 - Loss :: 0.0260:  13%|█▎        | 664/5000 [22:45<2:14:04,  1.86s/it]=>> [Epoch 000] Global Step 000083 =>> LR :: 0.000020 - Loss :: 0.0260:  13%|█▎        | 665/5000 [22:47<2:11:21,  1.82s/it]=>> [Epoch 000] Global Step 000083 =>> LR :: 0.000020 - Loss :: 0.0260:  13%|█▎        | 665/5000 [22:47<2:11:21,  1.82s/it]=>> [Epoch 000] Global Step 000083 =>> LR :: 0.000020 - Loss :: 0.0260:  13%|█▎        | 666/5000 [22:48<2:10:16,  1.80s/it]=>> [Epoch 000] Global Step 000083 =>> LR :: 0.000020 - Loss :: 0.0260:  13%|█▎        | 666/5000 [22:48<2:10:16,  1.80s/it]=>> [Epoch 000] Global Step 000083 =>> LR :: 0.000020 - Loss :: 0.0260:  13%|█▎        | 667/5000 [22:50<2:09:30,  1.79s/it]=>> [Epoch 000] Global Step 000083 =>> LR :: 0.000020 - Loss :: 0.0260:  13%|█▎        | 667/5000 [22:50<2:09:30,  1.79s/it]=>> [Epoch 000] Global Step 000083 =>> LR :: 0.000020 - Loss :: 0.0260:  13%|█▎        | 668/5000 [22:52<2:08:46,  1.78s/it]=>> [Epoch 000] Global Step 000083 =>> LR :: 0.000020 - Loss :: 0.0260:  13%|█▎        | 668/5000 [22:52<2:08:46,  1.78s/it]=>> [Epoch 000] Global Step 000083 =>> LR :: 0.000020 - Loss :: 0.0260:  13%|█▎        | 669/5000 [22:54<2:08:19,  1.78s/it]=>> [Epoch 000] Global Step 000083 =>> LR :: 0.000020 - Loss :: 0.0260:  13%|█▎        | 669/5000 [22:54<2:08:19,  1.78s/it]=>> [Epoch 000] Global Step 000083 =>> LR :: 0.000020 - Loss :: 0.0260:  13%|█▎        | 670/5000 [22:56<2:08:01,  1.77s/it]=>> [Epoch 000] Global Step 000083 =>> LR :: 0.000020 - Loss :: 0.0260:  13%|█▎        | 670/5000 [22:56<2:08:01,  1.77s/it]=>> [Epoch 000] Global Step 000083 =>> LR :: 0.000020 - Loss :: 0.0260:  13%|█▎        | 671/5000 [22:57<2:11:32,  1.82s/it]=>> [Epoch 000] Global Step 000083 =>> LR :: 0.000020 - Loss :: 0.0260:  13%|█▎        | 671/5000 [22:57<2:11:32,  1.82s/it]=>> [Epoch 000] Global Step 000083 =>> LR :: 0.000020 - Loss :: 0.0260:  13%|█▎        | 672/5000 [23:00<2:18:42,  1.92s/it]=>> [Epoch 000] Global Step 000084 =>> LR :: 0.000020 - Loss :: 0.0206:  13%|█▎        | 672/5000 [23:00<2:18:42,  1.92s/it]=>> [Epoch 000] Global Step 000084 =>> LR :: 0.000020 - Loss :: 0.0206:  13%|█▎        | 673/5000 [23:01<2:14:24,  1.86s/it]=>> [Epoch 000] Global Step 000084 =>> LR :: 0.000020 - Loss :: 0.0206:  13%|█▎        | 673/5000 [23:01<2:14:24,  1.86s/it]=>> [Epoch 000] Global Step 000084 =>> LR :: 0.000020 - Loss :: 0.0206:  13%|█▎        | 674/5000 [23:03<2:12:12,  1.83s/it]=>> [Epoch 000] Global Step 000084 =>> LR :: 0.000020 - Loss :: 0.0206:  13%|█▎        | 674/5000 [23:03<2:12:12,  1.83s/it]=>> [Epoch 000] Global Step 000084 =>> LR :: 0.000020 - Loss :: 0.0206:  14%|█▎        | 675/5000 [23:05<2:10:59,  1.82s/it]=>> [Epoch 000] Global Step 000084 =>> LR :: 0.000020 - Loss :: 0.0206:  14%|█▎        | 675/5000 [23:05<2:10:59,  1.82s/it]=>> [Epoch 000] Global Step 000084 =>> LR :: 0.000020 - Loss :: 0.0206:  14%|█▎        | 676/5000 [23:07<2:09:50,  1.80s/it]=>> [Epoch 000] Global Step 000084 =>> LR :: 0.000020 - Loss :: 0.0206:  14%|█▎        | 676/5000 [23:07<2:09:50,  1.80s/it]=>> [Epoch 000] Global Step 000084 =>> LR :: 0.000020 - Loss :: 0.0206:  14%|█▎        | 677/5000 [23:08<2:09:17,  1.79s/it]=>> [Epoch 000] Global Step 000084 =>> LR :: 0.000020 - Loss :: 0.0206:  14%|█▎        | 677/5000 [23:08<2:09:17,  1.79s/it]=>> [Epoch 000] Global Step 000084 =>> LR :: 0.000020 - Loss :: 0.0206:  14%|█▎        | 678/5000 [23:11<2:16:14,  1.89s/it]=>> [Epoch 000] Global Step 000084 =>> LR :: 0.000020 - Loss :: 0.0206:  14%|█▎        | 678/5000 [23:11<2:16:14,  1.89s/it]=>> [Epoch 000] Global Step 000084 =>> LR :: 0.000020 - Loss :: 0.0206:  14%|█▎        | 679/5000 [23:12<2:13:32,  1.85s/it]=>> [Epoch 000] Global Step 000084 =>> LR :: 0.000020 - Loss :: 0.0206:  14%|█▎        | 679/5000 [23:12<2:13:32,  1.85s/it]=>> [Epoch 000] Global Step 000084 =>> LR :: 0.000020 - Loss :: 0.0206:  14%|█▎        | 680/5000 [23:14<2:14:50,  1.87s/it]=>> [Epoch 000] Global Step 000085 =>> LR :: 0.000020 - Loss :: 0.0463:  14%|█▎        | 680/5000 [23:14<2:14:50,  1.87s/it]=>> [Epoch 000] Global Step 000085 =>> LR :: 0.000020 - Loss :: 0.0463:  14%|█▎        | 681/5000 [23:16<2:11:36,  1.83s/it]=>> [Epoch 000] Global Step 000085 =>> LR :: 0.000020 - Loss :: 0.0463:  14%|█▎        | 681/5000 [23:16<2:11:36,  1.83s/it]=>> [Epoch 000] Global Step 000085 =>> LR :: 0.000020 - Loss :: 0.0463:  14%|█▎        | 682/5000 [23:18<2:11:02,  1.82s/it]=>> [Epoch 000] Global Step 000085 =>> LR :: 0.000020 - Loss :: 0.0463:  14%|█▎        | 682/5000 [23:18<2:11:02,  1.82s/it]=>> [Epoch 000] Global Step 000085 =>> LR :: 0.000020 - Loss :: 0.0463:  14%|█▎        | 683/5000 [23:20<2:09:49,  1.80s/it]=>> [Epoch 000] Global Step 000085 =>> LR :: 0.000020 - Loss :: 0.0463:  14%|█▎        | 683/5000 [23:20<2:09:49,  1.80s/it]=>> [Epoch 000] Global Step 000085 =>> LR :: 0.000020 - Loss :: 0.0463:  14%|█▎        | 684/5000 [23:21<2:09:00,  1.79s/it]=>> [Epoch 000] Global Step 000085 =>> LR :: 0.000020 - Loss :: 0.0463:  14%|█▎        | 684/5000 [23:21<2:09:00,  1.79s/it]=>> [Epoch 000] Global Step 000085 =>> LR :: 0.000020 - Loss :: 0.0463:  14%|█▎        | 685/5000 [23:23<2:09:02,  1.79s/it]=>> [Epoch 000] Global Step 000085 =>> LR :: 0.000020 - Loss :: 0.0463:  14%|█▎        | 685/5000 [23:23<2:09:02,  1.79s/it]=>> [Epoch 000] Global Step 000085 =>> LR :: 0.000020 - Loss :: 0.0463:  14%|█▎        | 686/5000 [23:25<2:08:36,  1.79s/it]=>> [Epoch 000] Global Step 000085 =>> LR :: 0.000020 - Loss :: 0.0463:  14%|█▎        | 686/5000 [23:25<2:08:36,  1.79s/it]=>> [Epoch 000] Global Step 000085 =>> LR :: 0.000020 - Loss :: 0.0463:  14%|█▎        | 687/5000 [23:27<2:08:23,  1.79s/it]=>> [Epoch 000] Global Step 000085 =>> LR :: 0.000020 - Loss :: 0.0463:  14%|█▎        | 687/5000 [23:27<2:08:23,  1.79s/it]=>> [Epoch 000] Global Step 000085 =>> LR :: 0.000020 - Loss :: 0.0463:  14%|█▍        | 688/5000 [23:29<2:15:56,  1.89s/it]=>> [Epoch 000] Global Step 000086 =>> LR :: 0.000020 - Loss :: 0.0235:  14%|█▍        | 688/5000 [23:29<2:15:56,  1.89s/it]=>> [Epoch 000] Global Step 000086 =>> LR :: 0.000020 - Loss :: 0.0235:  14%|█▍        | 689/5000 [23:31<2:12:35,  1.85s/it]=>> [Epoch 000] Global Step 000086 =>> LR :: 0.000020 - Loss :: 0.0235:  14%|█▍        | 689/5000 [23:31<2:12:35,  1.85s/it]=>> [Epoch 000] Global Step 000086 =>> LR :: 0.000020 - Loss :: 0.0235:  14%|█▍        | 690/5000 [23:32<2:11:14,  1.83s/it]=>> [Epoch 000] Global Step 000086 =>> LR :: 0.000020 - Loss :: 0.0235:  14%|█▍        | 690/5000 [23:32<2:11:14,  1.83s/it]=>> [Epoch 000] Global Step 000086 =>> LR :: 0.000020 - Loss :: 0.0235:  14%|█▍        | 691/5000 [23:34<2:13:58,  1.87s/it]=>> [Epoch 000] Global Step 000086 =>> LR :: 0.000020 - Loss :: 0.0235:  14%|█▍        | 691/5000 [23:34<2:13:58,  1.87s/it]=>> [Epoch 000] Global Step 000086 =>> LR :: 0.000020 - Loss :: 0.0235:  14%|█▍        | 692/5000 [23:36<2:11:44,  1.83s/it]=>> [Epoch 000] Global Step 000086 =>> LR :: 0.000020 - Loss :: 0.0235:  14%|█▍        | 692/5000 [23:36<2:11:44,  1.83s/it]=>> [Epoch 000] Global Step 000086 =>> LR :: 0.000020 - Loss :: 0.0235:  14%|█▍        | 693/5000 [23:38<2:10:36,  1.82s/it]=>> [Epoch 000] Global Step 000086 =>> LR :: 0.000020 - Loss :: 0.0235:  14%|█▍        | 693/5000 [23:38<2:10:36,  1.82s/it]=>> [Epoch 000] Global Step 000086 =>> LR :: 0.000020 - Loss :: 0.0235:  14%|█▍        | 694/5000 [23:40<2:09:31,  1.80s/it]=>> [Epoch 000] Global Step 000086 =>> LR :: 0.000020 - Loss :: 0.0235:  14%|█▍        | 694/5000 [23:40<2:09:31,  1.80s/it]=>> [Epoch 000] Global Step 000086 =>> LR :: 0.000020 - Loss :: 0.0235:  14%|█▍        | 695/5000 [23:42<2:14:32,  1.88s/it]=>> [Epoch 000] Global Step 000086 =>> LR :: 0.000020 - Loss :: 0.0235:  14%|█▍        | 695/5000 [23:42<2:14:32,  1.88s/it]=>> [Epoch 000] Global Step 000086 =>> LR :: 0.000020 - Loss :: 0.0235:  14%|█▍        | 696/5000 [23:44<2:18:59,  1.94s/it]=>> [Epoch 000] Global Step 000087 =>> LR :: 0.000020 - Loss :: 0.0415:  14%|█▍        | 696/5000 [23:44<2:18:59,  1.94s/it]=>> [Epoch 000] Global Step 000087 =>> LR :: 0.000020 - Loss :: 0.0415:  14%|█▍        | 697/5000 [23:45<2:14:30,  1.88s/it]=>> [Epoch 000] Global Step 000087 =>> LR :: 0.000020 - Loss :: 0.0415:  14%|█▍        | 697/5000 [23:45<2:14:30,  1.88s/it]=>> [Epoch 000] Global Step 000087 =>> LR :: 0.000020 - Loss :: 0.0415:  14%|█▍        | 698/5000 [23:47<2:12:06,  1.84s/it]=>> [Epoch 000] Global Step 000087 =>> LR :: 0.000020 - Loss :: 0.0415:  14%|█▍        | 698/5000 [23:47<2:12:06,  1.84s/it]=>> [Epoch 000] Global Step 000087 =>> LR :: 0.000020 - Loss :: 0.0415:  14%|█▍        | 699/5000 [23:49<2:10:29,  1.82s/it]=>> [Epoch 000] Global Step 000087 =>> LR :: 0.000020 - Loss :: 0.0415:  14%|█▍        | 699/5000 [23:49<2:10:29,  1.82s/it]=>> [Epoch 000] Global Step 000087 =>> LR :: 0.000020 - Loss :: 0.0415:  14%|█▍        | 700/5000 [23:51<2:09:47,  1.81s/it]=>> [Epoch 000] Global Step 000087 =>> LR :: 0.000020 - Loss :: 0.0415:  14%|█▍        | 700/5000 [23:51<2:09:47,  1.81s/it]=>> [Epoch 000] Global Step 000087 =>> LR :: 0.000020 - Loss :: 0.0415:  14%|█▍        | 701/5000 [23:53<2:09:04,  1.80s/it]=>> [Epoch 000] Global Step 000087 =>> LR :: 0.000020 - Loss :: 0.0415:  14%|█▍        | 701/5000 [23:53<2:09:04,  1.80s/it]=>> [Epoch 000] Global Step 000087 =>> LR :: 0.000020 - Loss :: 0.0415:  14%|█▍        | 702/5000 [23:54<2:08:29,  1.79s/it]=>> [Epoch 000] Global Step 000087 =>> LR :: 0.000020 - Loss :: 0.0415:  14%|█▍        | 702/5000 [23:54<2:08:29,  1.79s/it]=>> [Epoch 000] Global Step 000087 =>> LR :: 0.000020 - Loss :: 0.0415:  14%|█▍        | 703/5000 [23:56<2:08:09,  1.79s/it]=>> [Epoch 000] Global Step 000087 =>> LR :: 0.000020 - Loss :: 0.0415:  14%|█▍        | 703/5000 [23:56<2:08:09,  1.79s/it]=>> [Epoch 000] Global Step 000087 =>> LR :: 0.000020 - Loss :: 0.0415:  14%|█▍        | 704/5000 [23:58<2:11:00,  1.83s/it]=>> [Epoch 000] Global Step 000088 =>> LR :: 0.000020 - Loss :: 0.0226:  14%|█▍        | 704/5000 [23:58<2:11:00,  1.83s/it]=>> [Epoch 000] Global Step 000088 =>> LR :: 0.000020 - Loss :: 0.0226:  14%|█▍        | 705/5000 [24:00<2:09:16,  1.81s/it]=>> [Epoch 000] Global Step 000088 =>> LR :: 0.000020 - Loss :: 0.0226:  14%|█▍        | 705/5000 [24:00<2:09:16,  1.81s/it]=>> [Epoch 000] Global Step 000088 =>> LR :: 0.000020 - Loss :: 0.0226:  14%|█▍        | 706/5000 [24:02<2:12:54,  1.86s/it]=>> [Epoch 000] Global Step 000088 =>> LR :: 0.000020 - Loss :: 0.0226:  14%|█▍        | 706/5000 [24:02<2:12:54,  1.86s/it]=>> [Epoch 000] Global Step 000088 =>> LR :: 0.000020 - Loss :: 0.0226:  14%|█▍        | 707/5000 [24:04<2:11:05,  1.83s/it]=>> [Epoch 000] Global Step 000088 =>> LR :: 0.000020 - Loss :: 0.0226:  14%|█▍        | 707/5000 [24:04<2:11:05,  1.83s/it]=>> [Epoch 000] Global Step 000088 =>> LR :: 0.000020 - Loss :: 0.0226:  14%|█▍        | 708/5000 [24:05<2:09:42,  1.81s/it]=>> [Epoch 000] Global Step 000088 =>> LR :: 0.000020 - Loss :: 0.0226:  14%|█▍        | 708/5000 [24:05<2:09:42,  1.81s/it]=>> [Epoch 000] Global Step 000088 =>> LR :: 0.000020 - Loss :: 0.0226:  14%|█▍        | 709/5000 [24:07<2:13:26,  1.87s/it]=>> [Epoch 000] Global Step 000088 =>> LR :: 0.000020 - Loss :: 0.0226:  14%|█▍        | 709/5000 [24:07<2:13:26,  1.87s/it]=>> [Epoch 000] Global Step 000088 =>> LR :: 0.000020 - Loss :: 0.0226:  14%|█▍        | 710/5000 [24:09<2:11:14,  1.84s/it]=>> [Epoch 000] Global Step 000088 =>> LR :: 0.000020 - Loss :: 0.0226:  14%|█▍        | 710/5000 [24:09<2:11:14,  1.84s/it]=>> [Epoch 000] Global Step 000088 =>> LR :: 0.000020 - Loss :: 0.0226:  14%|█▍        | 711/5000 [24:11<2:09:50,  1.82s/it]=>> [Epoch 000] Global Step 000088 =>> LR :: 0.000020 - Loss :: 0.0226:  14%|█▍        | 711/5000 [24:11<2:09:50,  1.82s/it]=>> [Epoch 000] Global Step 000088 =>> LR :: 0.000020 - Loss :: 0.0226:  14%|█▍        | 712/5000 [24:13<2:11:50,  1.84s/it]=>> [Epoch 000] Global Step 000089 =>> LR :: 0.000020 - Loss :: 0.0164:  14%|█▍        | 712/5000 [24:13<2:11:50,  1.84s/it]=>> [Epoch 000] Global Step 000089 =>> LR :: 0.000020 - Loss :: 0.0164:  14%|█▍        | 713/5000 [24:15<2:13:01,  1.86s/it]=>> [Epoch 000] Global Step 000089 =>> LR :: 0.000020 - Loss :: 0.0164:  14%|█▍        | 713/5000 [24:15<2:13:01,  1.86s/it]=>> [Epoch 000] Global Step 000089 =>> LR :: 0.000020 - Loss :: 0.0164:  14%|█▍        | 714/5000 [24:17<2:15:55,  1.90s/it]=>> [Epoch 000] Global Step 000089 =>> LR :: 0.000020 - Loss :: 0.0164:  14%|█▍        | 714/5000 [24:17<2:15:55,  1.90s/it]=>> [Epoch 000] Global Step 000089 =>> LR :: 0.000020 - Loss :: 0.0164:  14%|█▍        | 715/5000 [24:18<2:13:10,  1.86s/it]=>> [Epoch 000] Global Step 000089 =>> LR :: 0.000020 - Loss :: 0.0164:  14%|█▍        | 715/5000 [24:18<2:13:10,  1.86s/it]=>> [Epoch 000] Global Step 000089 =>> LR :: 0.000020 - Loss :: 0.0164:  14%|█▍        | 716/5000 [24:20<2:11:41,  1.84s/it]=>> [Epoch 000] Global Step 000089 =>> LR :: 0.000020 - Loss :: 0.0164:  14%|█▍        | 716/5000 [24:20<2:11:41,  1.84s/it]=>> [Epoch 000] Global Step 000089 =>> LR :: 0.000020 - Loss :: 0.0164:  14%|█▍        | 717/5000 [24:22<2:09:59,  1.82s/it]=>> [Epoch 000] Global Step 000089 =>> LR :: 0.000020 - Loss :: 0.0164:  14%|█▍        | 717/5000 [24:22<2:09:59,  1.82s/it]=>> [Epoch 000] Global Step 000089 =>> LR :: 0.000020 - Loss :: 0.0164:  14%|█▍        | 718/5000 [24:24<2:08:51,  1.81s/it]=>> [Epoch 000] Global Step 000089 =>> LR :: 0.000020 - Loss :: 0.0164:  14%|█▍        | 718/5000 [24:24<2:08:51,  1.81s/it]=>> [Epoch 000] Global Step 000089 =>> LR :: 0.000020 - Loss :: 0.0164:  14%|█▍        | 719/5000 [24:26<2:08:01,  1.79s/it]=>> [Epoch 000] Global Step 000089 =>> LR :: 0.000020 - Loss :: 0.0164:  14%|█▍        | 719/5000 [24:26<2:08:01,  1.79s/it]=>> [Epoch 000] Global Step 000089 =>> LR :: 0.000020 - Loss :: 0.0164:  14%|█▍        | 720/5000 [24:27<2:10:32,  1.83s/it]=>> [Epoch 000] Global Step 000090 =>> LR :: 0.000020 - Loss :: 0.0429:  14%|█▍        | 720/5000 [24:27<2:10:32,  1.83s/it]=>> [Epoch 000] Global Step 000090 =>> LR :: 0.000020 - Loss :: 0.0429:  14%|█▍        | 721/5000 [24:29<2:08:18,  1.80s/it]=>> [Epoch 000] Global Step 000090 =>> LR :: 0.000020 - Loss :: 0.0429:  14%|█▍        | 721/5000 [24:29<2:08:18,  1.80s/it]=>> [Epoch 000] Global Step 000090 =>> LR :: 0.000020 - Loss :: 0.0429:  14%|█▍        | 722/5000 [24:31<2:07:36,  1.79s/it]=>> [Epoch 000] Global Step 000090 =>> LR :: 0.000020 - Loss :: 0.0429:  14%|█▍        | 722/5000 [24:31<2:07:36,  1.79s/it]=>> [Epoch 000] Global Step 000090 =>> LR :: 0.000020 - Loss :: 0.0429:  14%|█▍        | 723/5000 [24:33<2:10:48,  1.84s/it]=>> [Epoch 000] Global Step 000090 =>> LR :: 0.000020 - Loss :: 0.0429:  14%|█▍        | 723/5000 [24:33<2:10:48,  1.84s/it]=>> [Epoch 000] Global Step 000090 =>> LR :: 0.000020 - Loss :: 0.0429:  14%|█▍        | 724/5000 [24:35<2:09:25,  1.82s/it]=>> [Epoch 000] Global Step 000090 =>> LR :: 0.000020 - Loss :: 0.0429:  14%|█▍        | 724/5000 [24:35<2:09:25,  1.82s/it]=>> [Epoch 000] Global Step 000090 =>> LR :: 0.000020 - Loss :: 0.0429:  14%|█▍        | 725/5000 [24:36<2:08:15,  1.80s/it]=>> [Epoch 000] Global Step 000090 =>> LR :: 0.000020 - Loss :: 0.0429:  14%|█▍        | 725/5000 [24:36<2:08:15,  1.80s/it]=>> [Epoch 000] Global Step 000090 =>> LR :: 0.000020 - Loss :: 0.0429:  15%|█▍        | 726/5000 [24:38<2:11:14,  1.84s/it]=>> [Epoch 000] Global Step 000090 =>> LR :: 0.000020 - Loss :: 0.0429:  15%|█▍        | 726/5000 [24:38<2:11:14,  1.84s/it]=>> [Epoch 000] Global Step 000090 =>> LR :: 0.000020 - Loss :: 0.0429:  15%|█▍        | 727/5000 [24:40<2:09:24,  1.82s/it]=>> [Epoch 000] Global Step 000090 =>> LR :: 0.000020 - Loss :: 0.0429:  15%|█▍        | 727/5000 [24:40<2:09:24,  1.82s/it]=>> [Epoch 000] Global Step 000090 =>> LR :: 0.000020 - Loss :: 0.0429:  15%|█▍        | 728/5000 [24:42<2:11:26,  1.85s/it]=>> [Epoch 000] Global Step 000091 =>> LR :: 0.000020 - Loss :: 0.0271:  15%|█▍        | 728/5000 [24:42<2:11:26,  1.85s/it]=>> [Epoch 000] Global Step 000091 =>> LR :: 0.000020 - Loss :: 0.0271:  15%|█▍        | 729/5000 [24:44<2:09:32,  1.82s/it]=>> [Epoch 000] Global Step 000091 =>> LR :: 0.000020 - Loss :: 0.0271:  15%|█▍        | 729/5000 [24:44<2:09:32,  1.82s/it]=>> [Epoch 000] Global Step 000091 =>> LR :: 0.000020 - Loss :: 0.0271:  15%|█▍        | 730/5000 [24:46<2:11:55,  1.85s/it]=>> [Epoch 000] Global Step 000091 =>> LR :: 0.000020 - Loss :: 0.0271:  15%|█▍        | 730/5000 [24:46<2:11:55,  1.85s/it]=>> [Epoch 000] Global Step 000091 =>> LR :: 0.000020 - Loss :: 0.0271:  15%|█▍        | 731/5000 [24:48<2:14:00,  1.88s/it]=>> [Epoch 000] Global Step 000091 =>> LR :: 0.000020 - Loss :: 0.0271:  15%|█▍        | 731/5000 [24:48<2:14:00,  1.88s/it]=>> [Epoch 000] Global Step 000091 =>> LR :: 0.000020 - Loss :: 0.0271:  15%|█▍        | 732/5000 [24:49<2:11:33,  1.85s/it]=>> [Epoch 000] Global Step 000091 =>> LR :: 0.000020 - Loss :: 0.0271:  15%|█▍        | 732/5000 [24:49<2:11:33,  1.85s/it]=>> [Epoch 000] Global Step 000091 =>> LR :: 0.000020 - Loss :: 0.0271:  15%|█▍        | 733/5000 [24:51<2:09:42,  1.82s/it]=>> [Epoch 000] Global Step 000091 =>> LR :: 0.000020 - Loss :: 0.0271:  15%|█▍        | 733/5000 [24:51<2:09:42,  1.82s/it]=>> [Epoch 000] Global Step 000091 =>> LR :: 0.000020 - Loss :: 0.0271:  15%|█▍        | 734/5000 [24:53<2:08:23,  1.81s/it]=>> [Epoch 000] Global Step 000091 =>> LR :: 0.000020 - Loss :: 0.0271:  15%|█▍        | 734/5000 [24:53<2:08:23,  1.81s/it]=>> [Epoch 000] Global Step 000091 =>> LR :: 0.000020 - Loss :: 0.0271:  15%|█▍        | 735/5000 [24:55<2:07:20,  1.79s/it]=>> [Epoch 000] Global Step 000091 =>> LR :: 0.000020 - Loss :: 0.0271:  15%|█▍        | 735/5000 [24:55<2:07:20,  1.79s/it]=>> [Epoch 000] Global Step 000091 =>> LR :: 0.000020 - Loss :: 0.0271:  15%|█▍        | 736/5000 [24:57<2:10:51,  1.84s/it]=>> [Epoch 000] Global Step 000092 =>> LR :: 0.000020 - Loss :: 0.0209:  15%|█▍        | 736/5000 [24:57<2:10:51,  1.84s/it]=>> [Epoch 000] Global Step 000092 =>> LR :: 0.000020 - Loss :: 0.0209:  15%|█▍        | 737/5000 [24:58<2:08:25,  1.81s/it]=>> [Epoch 000] Global Step 000092 =>> LR :: 0.000020 - Loss :: 0.0209:  15%|█▍        | 737/5000 [24:58<2:08:25,  1.81s/it]=>> [Epoch 000] Global Step 000092 =>> LR :: 0.000020 - Loss :: 0.0209:  15%|█▍        | 738/5000 [25:00<2:07:49,  1.80s/it]=>> [Epoch 000] Global Step 000092 =>> LR :: 0.000020 - Loss :: 0.0209:  15%|█▍        | 738/5000 [25:00<2:07:49,  1.80s/it]=>> [Epoch 000] Global Step 000092 =>> LR :: 0.000020 - Loss :: 0.0209:  15%|█▍        | 739/5000 [25:02<2:07:25,  1.79s/it]=>> [Epoch 000] Global Step 000092 =>> LR :: 0.000020 - Loss :: 0.0209:  15%|█▍        | 739/5000 [25:02<2:07:25,  1.79s/it]=>> [Epoch 000] Global Step 000092 =>> LR :: 0.000020 - Loss :: 0.0209:  15%|█▍        | 740/5000 [25:04<2:07:02,  1.79s/it]=>> [Epoch 000] Global Step 000092 =>> LR :: 0.000020 - Loss :: 0.0209:  15%|█▍        | 740/5000 [25:04<2:07:02,  1.79s/it]=>> [Epoch 000] Global Step 000092 =>> LR :: 0.000020 - Loss :: 0.0209:  15%|█▍        | 741/5000 [25:06<2:10:21,  1.84s/it]=>> [Epoch 000] Global Step 000092 =>> LR :: 0.000020 - Loss :: 0.0209:  15%|█▍        | 741/5000 [25:06<2:10:21,  1.84s/it]=>> [Epoch 000] Global Step 000092 =>> LR :: 0.000020 - Loss :: 0.0209:  15%|█▍        | 742/5000 [25:07<2:08:49,  1.82s/it]=>> [Epoch 000] Global Step 000092 =>> LR :: 0.000020 - Loss :: 0.0209:  15%|█▍        | 742/5000 [25:07<2:08:49,  1.82s/it]=>> [Epoch 000] Global Step 000092 =>> LR :: 0.000020 - Loss :: 0.0209:  15%|█▍        | 743/5000 [25:09<2:07:48,  1.80s/it]=>> [Epoch 000] Global Step 000092 =>> LR :: 0.000020 - Loss :: 0.0209:  15%|█▍        | 743/5000 [25:09<2:07:48,  1.80s/it]=>> [Epoch 000] Global Step 000092 =>> LR :: 0.000020 - Loss :: 0.0209:  15%|█▍        | 744/5000 [25:11<2:10:06,  1.83s/it]=>> [Epoch 000] Global Step 000093 =>> LR :: 0.000020 - Loss :: 0.0202:  15%|█▍        | 744/5000 [25:11<2:10:06,  1.83s/it]=>> [Epoch 000] Global Step 000093 =>> LR :: 0.000020 - Loss :: 0.0202:  15%|█▍        | 745/5000 [25:13<2:12:13,  1.86s/it]=>> [Epoch 000] Global Step 000093 =>> LR :: 0.000020 - Loss :: 0.0202:  15%|█▍        | 745/5000 [25:13<2:12:13,  1.86s/it]=>> [Epoch 000] Global Step 000093 =>> LR :: 0.000020 - Loss :: 0.0202:  15%|█▍        | 746/5000 [25:15<2:10:15,  1.84s/it]=>> [Epoch 000] Global Step 000093 =>> LR :: 0.000020 - Loss :: 0.0202:  15%|█▍        | 746/5000 [25:15<2:10:15,  1.84s/it]=>> [Epoch 000] Global Step 000093 =>> LR :: 0.000020 - Loss :: 0.0202:  15%|█▍        | 747/5000 [25:17<2:08:46,  1.82s/it]=>> [Epoch 000] Global Step 000093 =>> LR :: 0.000020 - Loss :: 0.0202:  15%|█▍        | 747/5000 [25:17<2:08:46,  1.82s/it]=>> [Epoch 000] Global Step 000093 =>> LR :: 0.000020 - Loss :: 0.0202:  15%|█▍        | 748/5000 [25:19<2:12:38,  1.87s/it]=>> [Epoch 000] Global Step 000093 =>> LR :: 0.000020 - Loss :: 0.0202:  15%|█▍        | 748/5000 [25:19<2:12:38,  1.87s/it]=>> [Epoch 000] Global Step 000093 =>> LR :: 0.000020 - Loss :: 0.0202:  15%|█▍        | 749/5000 [25:21<2:14:01,  1.89s/it]=>> [Epoch 000] Global Step 000093 =>> LR :: 0.000020 - Loss :: 0.0202:  15%|█▍        | 749/5000 [25:21<2:14:01,  1.89s/it]=>> [Epoch 000] Global Step 000093 =>> LR :: 0.000020 - Loss :: 0.0202:  15%|█▌        | 750/5000 [25:22<2:11:19,  1.85s/it]=>> [Epoch 000] Global Step 000093 =>> LR :: 0.000020 - Loss :: 0.0202:  15%|█▌        | 750/5000 [25:22<2:11:19,  1.85s/it]=>> [Epoch 000] Global Step 000093 =>> LR :: 0.000020 - Loss :: 0.0202:  15%|█▌        | 751/5000 [25:24<2:09:22,  1.83s/it]=>> [Epoch 000] Global Step 000093 =>> LR :: 0.000020 - Loss :: 0.0202:  15%|█▌        | 751/5000 [25:24<2:09:22,  1.83s/it]=>> [Epoch 000] Global Step 000093 =>> LR :: 0.000020 - Loss :: 0.0202:  15%|█▌        | 752/5000 [25:26<2:10:57,  1.85s/it]=>> [Epoch 000] Global Step 000094 =>> LR :: 0.000020 - Loss :: 0.0201:  15%|█▌        | 752/5000 [25:26<2:10:57,  1.85s/it]=>> [Epoch 000] Global Step 000094 =>> LR :: 0.000020 - Loss :: 0.0201:  15%|█▌        | 753/5000 [25:28<2:08:17,  1.81s/it]=>> [Epoch 000] Global Step 000094 =>> LR :: 0.000020 - Loss :: 0.0201:  15%|█▌        | 753/5000 [25:28<2:08:17,  1.81s/it]=>> [Epoch 000] Global Step 000094 =>> LR :: 0.000020 - Loss :: 0.0201:  15%|█▌        | 754/5000 [25:29<2:07:41,  1.80s/it]=>> [Epoch 000] Global Step 000094 =>> LR :: 0.000020 - Loss :: 0.0201:  15%|█▌        | 754/5000 [25:29<2:07:41,  1.80s/it]=>> [Epoch 000] Global Step 000094 =>> LR :: 0.000020 - Loss :: 0.0201:  15%|█▌        | 755/5000 [25:31<2:06:48,  1.79s/it]=>> [Epoch 000] Global Step 000094 =>> LR :: 0.000020 - Loss :: 0.0201:  15%|█▌        | 755/5000 [25:31<2:06:48,  1.79s/it]=>> [Epoch 000] Global Step 000094 =>> LR :: 0.000020 - Loss :: 0.0201:  15%|█▌        | 756/5000 [25:33<2:06:06,  1.78s/it]=>> [Epoch 000] Global Step 000094 =>> LR :: 0.000020 - Loss :: 0.0201:  15%|█▌        | 756/5000 [25:33<2:06:06,  1.78s/it]=>> [Epoch 000] Global Step 000094 =>> LR :: 0.000020 - Loss :: 0.0201:  15%|█▌        | 757/5000 [25:35<2:05:39,  1.78s/it]=>> [Epoch 000] Global Step 000094 =>> LR :: 0.000020 - Loss :: 0.0201:  15%|█▌        | 757/5000 [25:35<2:05:39,  1.78s/it]=>> [Epoch 000] Global Step 000094 =>> LR :: 0.000020 - Loss :: 0.0201:  15%|█▌        | 758/5000 [25:37<2:10:13,  1.84s/it]=>> [Epoch 000] Global Step 000094 =>> LR :: 0.000020 - Loss :: 0.0201:  15%|█▌        | 758/5000 [25:37<2:10:13,  1.84s/it]=>> [Epoch 000] Global Step 000094 =>> LR :: 0.000020 - Loss :: 0.0201:  15%|█▌        | 759/5000 [25:39<2:08:31,  1.82s/it]=>> [Epoch 000] Global Step 000094 =>> LR :: 0.000020 - Loss :: 0.0201:  15%|█▌        | 759/5000 [25:39<2:08:31,  1.82s/it]=>> [Epoch 000] Global Step 000094 =>> LR :: 0.000020 - Loss :: 0.0201:  15%|█▌        | 760/5000 [25:40<2:10:26,  1.85s/it]=>> [Epoch 000] Global Step 000095 =>> LR :: 0.000020 - Loss :: 0.0386:  15%|█▌        | 760/5000 [25:40<2:10:26,  1.85s/it]=>> [Epoch 000] Global Step 000095 =>> LR :: 0.000020 - Loss :: 0.0386:  15%|█▌        | 761/5000 [25:42<2:08:09,  1.81s/it]=>> [Epoch 000] Global Step 000095 =>> LR :: 0.000020 - Loss :: 0.0386:  15%|█▌        | 761/5000 [25:42<2:08:09,  1.81s/it]=>> [Epoch 000] Global Step 000095 =>> LR :: 0.000020 - Loss :: 0.0386:  15%|█▌        | 762/5000 [25:44<2:07:01,  1.80s/it]=>> [Epoch 000] Global Step 000095 =>> LR :: 0.000020 - Loss :: 0.0386:  15%|█▌        | 762/5000 [25:44<2:07:01,  1.80s/it]=>> [Epoch 000] Global Step 000095 =>> LR :: 0.000020 - Loss :: 0.0386:  15%|█▌        | 763/5000 [25:46<2:09:46,  1.84s/it]=>> [Epoch 000] Global Step 000095 =>> LR :: 0.000020 - Loss :: 0.0386:  15%|█▌        | 763/5000 [25:46<2:09:46,  1.84s/it]=>> [Epoch 000] Global Step 000095 =>> LR :: 0.000020 - Loss :: 0.0386:  15%|█▌        | 764/5000 [25:48<2:08:25,  1.82s/it]=>> [Epoch 000] Global Step 000095 =>> LR :: 0.000020 - Loss :: 0.0386:  15%|█▌        | 764/5000 [25:48<2:08:25,  1.82s/it]=>> [Epoch 000] Global Step 000095 =>> LR :: 0.000020 - Loss :: 0.0386:  15%|█▌        | 765/5000 [25:50<2:11:16,  1.86s/it]=>> [Epoch 000] Global Step 000095 =>> LR :: 0.000020 - Loss :: 0.0386:  15%|█▌        | 765/5000 [25:50<2:11:16,  1.86s/it]=>> [Epoch 000] Global Step 000095 =>> LR :: 0.000020 - Loss :: 0.0386:  15%|█▌        | 766/5000 [25:51<2:09:03,  1.83s/it]=>> [Epoch 000] Global Step 000095 =>> LR :: 0.000020 - Loss :: 0.0386:  15%|█▌        | 766/5000 [25:51<2:09:03,  1.83s/it]=>> [Epoch 000] Global Step 000095 =>> LR :: 0.000020 - Loss :: 0.0386:  15%|█▌        | 767/5000 [25:53<2:11:17,  1.86s/it]=>> [Epoch 000] Global Step 000095 =>> LR :: 0.000020 - Loss :: 0.0386:  15%|█▌        | 767/5000 [25:53<2:11:17,  1.86s/it]=>> [Epoch 000] Global Step 000095 =>> LR :: 0.000020 - Loss :: 0.0386:  15%|█▌        | 768/5000 [25:55<2:12:11,  1.87s/it]=>> [Epoch 000] Global Step 000096 =>> LR :: 0.000020 - Loss :: 0.0308:  15%|█▌        | 768/5000 [25:55<2:12:11,  1.87s/it]=>> [Epoch 000] Global Step 000096 =>> LR :: 0.000020 - Loss :: 0.0308:  15%|█▌        | 769/5000 [25:57<2:09:19,  1.83s/it]=>> [Epoch 000] Global Step 000096 =>> LR :: 0.000020 - Loss :: 0.0308:  15%|█▌        | 769/5000 [25:57<2:09:19,  1.83s/it]=>> [Epoch 000] Global Step 000096 =>> LR :: 0.000020 - Loss :: 0.0308:  15%|█▌        | 770/5000 [25:59<2:07:52,  1.81s/it]=>> [Epoch 000] Global Step 000096 =>> LR :: 0.000020 - Loss :: 0.0308:  15%|█▌        | 770/5000 [25:59<2:07:52,  1.81s/it]=>> [Epoch 000] Global Step 000096 =>> LR :: 0.000020 - Loss :: 0.0308:  15%|█▌        | 771/5000 [26:00<2:07:04,  1.80s/it]=>> [Epoch 000] Global Step 000096 =>> LR :: 0.000020 - Loss :: 0.0308:  15%|█▌        | 771/5000 [26:00<2:07:04,  1.80s/it]=>> [Epoch 000] Global Step 000096 =>> LR :: 0.000020 - Loss :: 0.0308:  15%|█▌        | 772/5000 [26:02<2:06:15,  1.79s/it]=>> [Epoch 000] Global Step 000096 =>> LR :: 0.000020 - Loss :: 0.0308:  15%|█▌        | 772/5000 [26:02<2:06:15,  1.79s/it]=>> [Epoch 000] Global Step 000096 =>> LR :: 0.000020 - Loss :: 0.0308:  15%|█▌        | 773/5000 [26:04<2:05:44,  1.78s/it]=>> [Epoch 000] Global Step 000096 =>> LR :: 0.000020 - Loss :: 0.0308:  15%|█▌        | 773/5000 [26:04<2:05:44,  1.78s/it]=>> [Epoch 000] Global Step 000096 =>> LR :: 0.000020 - Loss :: 0.0308:  15%|█▌        | 774/5000 [26:06<2:05:31,  1.78s/it]=>> [Epoch 000] Global Step 000096 =>> LR :: 0.000020 - Loss :: 0.0308:  15%|█▌        | 774/5000 [26:06<2:05:31,  1.78s/it]=>> [Epoch 000] Global Step 000096 =>> LR :: 0.000020 - Loss :: 0.0308:  16%|█▌        | 775/5000 [26:08<2:05:17,  1.78s/it]=>> [Epoch 000] Global Step 000096 =>> LR :: 0.000020 - Loss :: 0.0308:  16%|█▌        | 775/5000 [26:08<2:05:17,  1.78s/it]=>> [Epoch 000] Global Step 000096 =>> LR :: 0.000020 - Loss :: 0.0308:  16%|█▌        | 776/5000 [26:10<2:11:47,  1.87s/it]=>> [Epoch 000] Global Step 000097 =>> LR :: 0.000020 - Loss :: 0.0252:  16%|█▌        | 776/5000 [26:10<2:11:47,  1.87s/it]=>> [Epoch 000] Global Step 000097 =>> LR :: 0.000020 - Loss :: 0.0252:  16%|█▌        | 777/5000 [26:11<2:09:02,  1.83s/it]=>> [Epoch 000] Global Step 000097 =>> LR :: 0.000020 - Loss :: 0.0252:  16%|█▌        | 777/5000 [26:11<2:09:02,  1.83s/it]=>> [Epoch 000] Global Step 000097 =>> LR :: 0.000020 - Loss :: 0.0252:  16%|█▌        | 778/5000 [26:13<2:07:44,  1.82s/it]=>> [Epoch 000] Global Step 000097 =>> LR :: 0.000020 - Loss :: 0.0252:  16%|█▌        | 778/5000 [26:13<2:07:44,  1.82s/it]=>> [Epoch 000] Global Step 000097 =>> LR :: 0.000020 - Loss :: 0.0252:  16%|█▌        | 779/5000 [26:15<2:06:45,  1.80s/it]=>> [Epoch 000] Global Step 000097 =>> LR :: 0.000020 - Loss :: 0.0252:  16%|█▌        | 779/5000 [26:15<2:06:45,  1.80s/it]=>> [Epoch 000] Global Step 000097 =>> LR :: 0.000020 - Loss :: 0.0252:  16%|█▌        | 780/5000 [26:17<2:06:30,  1.80s/it]=>> [Epoch 000] Global Step 000097 =>> LR :: 0.000020 - Loss :: 0.0252:  16%|█▌        | 780/5000 [26:17<2:06:30,  1.80s/it]=>> [Epoch 000] Global Step 000097 =>> LR :: 0.000020 - Loss :: 0.0252:  16%|█▌        | 781/5000 [26:19<2:11:01,  1.86s/it]=>> [Epoch 000] Global Step 000097 =>> LR :: 0.000020 - Loss :: 0.0252:  16%|█▌        | 781/5000 [26:19<2:11:01,  1.86s/it]=>> [Epoch 000] Global Step 000097 =>> LR :: 0.000020 - Loss :: 0.0252:  16%|█▌        | 782/5000 [26:21<2:09:15,  1.84s/it]=>> [Epoch 000] Global Step 000097 =>> LR :: 0.000020 - Loss :: 0.0252:  16%|█▌        | 782/5000 [26:21<2:09:15,  1.84s/it]=>> [Epoch 000] Global Step 000097 =>> LR :: 0.000020 - Loss :: 0.0252:  16%|█▌        | 783/5000 [26:22<2:11:43,  1.87s/it]=>> [Epoch 000] Global Step 000097 =>> LR :: 0.000020 - Loss :: 0.0252:  16%|█▌        | 783/5000 [26:22<2:11:43,  1.87s/it]=>> [Epoch 000] Global Step 000097 =>> LR :: 0.000020 - Loss :: 0.0252:  16%|█▌        | 784/5000 [26:25<2:17:16,  1.95s/it]=>> [Epoch 000] Global Step 000098 =>> LR :: 0.000020 - Loss :: 0.0306:  16%|█▌        | 784/5000 [26:25<2:17:16,  1.95s/it]=>> [Epoch 000] Global Step 000098 =>> LR :: 0.000020 - Loss :: 0.0306:  16%|█▌        | 785/5000 [26:26<2:12:50,  1.89s/it]=>> [Epoch 000] Global Step 000098 =>> LR :: 0.000020 - Loss :: 0.0306:  16%|█▌        | 785/5000 [26:26<2:12:50,  1.89s/it]=>> [Epoch 000] Global Step 000098 =>> LR :: 0.000020 - Loss :: 0.0306:  16%|█▌        | 786/5000 [26:28<2:10:19,  1.86s/it]=>> [Epoch 000] Global Step 000098 =>> LR :: 0.000020 - Loss :: 0.0306:  16%|█▌        | 786/5000 [26:28<2:10:19,  1.86s/it]=>> [Epoch 000] Global Step 000098 =>> LR :: 0.000020 - Loss :: 0.0306:  16%|█▌        | 787/5000 [26:30<2:09:01,  1.84s/it]=>> [Epoch 000] Global Step 000098 =>> LR :: 0.000020 - Loss :: 0.0306:  16%|█▌        | 787/5000 [26:30<2:09:01,  1.84s/it]=>> [Epoch 000] Global Step 000098 =>> LR :: 0.000020 - Loss :: 0.0306:  16%|█▌        | 788/5000 [26:32<2:07:58,  1.82s/it]=>> [Epoch 000] Global Step 000098 =>> LR :: 0.000020 - Loss :: 0.0306:  16%|█▌        | 788/5000 [26:32<2:07:58,  1.82s/it]=>> [Epoch 000] Global Step 000098 =>> LR :: 0.000020 - Loss :: 0.0306:  16%|█▌        | 789/5000 [26:33<2:06:42,  1.81s/it]=>> [Epoch 000] Global Step 000098 =>> LR :: 0.000020 - Loss :: 0.0306:  16%|█▌        | 789/5000 [26:33<2:06:42,  1.81s/it]=>> [Epoch 000] Global Step 000098 =>> LR :: 0.000020 - Loss :: 0.0306:  16%|█▌        | 790/5000 [26:35<2:06:35,  1.80s/it]=>> [Epoch 000] Global Step 000098 =>> LR :: 0.000020 - Loss :: 0.0306:  16%|█▌        | 790/5000 [26:35<2:06:35,  1.80s/it]=>> [Epoch 000] Global Step 000098 =>> LR :: 0.000020 - Loss :: 0.0306:  16%|█▌        | 791/5000 [26:37<2:06:08,  1.80s/it]=>> [Epoch 000] Global Step 000098 =>> LR :: 0.000020 - Loss :: 0.0306:  16%|█▌        | 791/5000 [26:37<2:06:08,  1.80s/it]=>> [Epoch 000] Global Step 000098 =>> LR :: 0.000020 - Loss :: 0.0306:  16%|█▌        | 792/5000 [26:39<2:08:41,  1.83s/it]=>> [Epoch 000] Global Step 000099 =>> LR :: 0.000020 - Loss :: 0.0243:  16%|█▌        | 792/5000 [26:39<2:08:41,  1.83s/it]=>> [Epoch 000] Global Step 000099 =>> LR :: 0.000020 - Loss :: 0.0243:  16%|█▌        | 793/5000 [26:41<2:11:13,  1.87s/it]=>> [Epoch 000] Global Step 000099 =>> LR :: 0.000020 - Loss :: 0.0243:  16%|█▌        | 793/5000 [26:41<2:11:13,  1.87s/it]=>> [Epoch 000] Global Step 000099 =>> LR :: 0.000020 - Loss :: 0.0243:  16%|█▌        | 794/5000 [26:43<2:10:04,  1.86s/it]=>> [Epoch 000] Global Step 000099 =>> LR :: 0.000020 - Loss :: 0.0243:  16%|█▌        | 794/5000 [26:43<2:10:04,  1.86s/it]=>> [Epoch 000] Global Step 000099 =>> LR :: 0.000020 - Loss :: 0.0243:  16%|█▌        | 795/5000 [26:45<2:08:14,  1.83s/it]=>> [Epoch 000] Global Step 000099 =>> LR :: 0.000020 - Loss :: 0.0243:  16%|█▌        | 795/5000 [26:45<2:08:14,  1.83s/it]=>> [Epoch 000] Global Step 000099 =>> LR :: 0.000020 - Loss :: 0.0243:  16%|█▌        | 796/5000 [26:46<2:07:08,  1.81s/it]=>> [Epoch 000] Global Step 000099 =>> LR :: 0.000020 - Loss :: 0.0243:  16%|█▌        | 796/5000 [26:46<2:07:08,  1.81s/it]=>> [Epoch 000] Global Step 000099 =>> LR :: 0.000020 - Loss :: 0.0243:  16%|█▌        | 797/5000 [26:48<2:06:12,  1.80s/it]=>> [Epoch 000] Global Step 000099 =>> LR :: 0.000020 - Loss :: 0.0243:  16%|█▌        | 797/5000 [26:48<2:06:12,  1.80s/it]=>> [Epoch 000] Global Step 000099 =>> LR :: 0.000020 - Loss :: 0.0243:  16%|█▌        | 798/5000 [26:50<2:05:27,  1.79s/it]=>> [Epoch 000] Global Step 000099 =>> LR :: 0.000020 - Loss :: 0.0243:  16%|█▌        | 798/5000 [26:50<2:05:27,  1.79s/it]=>> [Epoch 000] Global Step 000099 =>> LR :: 0.000020 - Loss :: 0.0243:  16%|█▌        | 799/5000 [26:52<2:08:16,  1.83s/it]=>> [Epoch 000] Global Step 000099 =>> LR :: 0.000020 - Loss :: 0.0243:  16%|█▌        | 799/5000 [26:52<2:08:16,  1.83s/it]=>> [Epoch 000] Global Step 000099 =>> LR :: 0.000020 - Loss :: 0.0243:  16%|█▌        | 800/5000 [26:54<2:14:00,  1.91s/it]=>> [Epoch 000] Global Step 000100 =>> LR :: 0.000020 - Loss :: 0.0294:  16%|█▌        | 800/5000 [26:54<2:14:00,  1.91s/it]=>> [Epoch 000] Global Step 000100 =>> LR :: 0.000020 - Loss :: 0.0294:  16%|█▌        | 801/5000 [26:56<2:09:52,  1.86s/it]=>> [Epoch 000] Global Step 000100 =>> LR :: 0.000020 - Loss :: 0.0294:  16%|█▌        | 801/5000 [26:56<2:09:52,  1.86s/it]=>> [Epoch 000] Global Step 000100 =>> LR :: 0.000020 - Loss :: 0.0294:  16%|█▌        | 802/5000 [26:58<2:11:55,  1.89s/it]=>> [Epoch 000] Global Step 000100 =>> LR :: 0.000020 - Loss :: 0.0294:  16%|█▌        | 802/5000 [26:58<2:11:55,  1.89s/it]=>> [Epoch 000] Global Step 000100 =>> LR :: 0.000020 - Loss :: 0.0294:  16%|█▌        | 803/5000 [26:59<2:09:42,  1.85s/it]=>> [Epoch 000] Global Step 000100 =>> LR :: 0.000020 - Loss :: 0.0294:  16%|█▌        | 803/5000 [26:59<2:09:42,  1.85s/it]=>> [Epoch 000] Global Step 000100 =>> LR :: 0.000020 - Loss :: 0.0294:  16%|█▌        | 804/5000 [27:01<2:08:06,  1.83s/it]=>> [Epoch 000] Global Step 000100 =>> LR :: 0.000020 - Loss :: 0.0294:  16%|█▌        | 804/5000 [27:01<2:08:06,  1.83s/it]=>> [Epoch 000] Global Step 000100 =>> LR :: 0.000020 - Loss :: 0.0294:  16%|█▌        | 805/5000 [27:03<2:06:40,  1.81s/it]=>> [Epoch 000] Global Step 000100 =>> LR :: 0.000020 - Loss :: 0.0294:  16%|█▌        | 805/5000 [27:03<2:06:40,  1.81s/it]=>> [Epoch 000] Global Step 000100 =>> LR :: 0.000020 - Loss :: 0.0294:  16%|█▌        | 806/5000 [27:05<2:05:46,  1.80s/it]=>> [Epoch 000] Global Step 000100 =>> LR :: 0.000020 - Loss :: 0.0294:  16%|█▌        | 806/5000 [27:05<2:05:46,  1.80s/it]=>> [Epoch 000] Global Step 000100 =>> LR :: 0.000020 - Loss :: 0.0294:  16%|█▌        | 807/5000 [27:06<2:05:03,  1.79s/it]=>> [Epoch 000] Global Step 000100 =>> LR :: 0.000020 - Loss :: 0.0294:  16%|█▌        | 807/5000 [27:06<2:05:03,  1.79s/it]=>> [Epoch 000] Global Step 000100 =>> LR :: 0.000020 - Loss :: 0.0294:  16%|█▌        | 808/5000 [27:08<2:08:06,  1.83s/it]=>> [Epoch 000] Global Step 000101 =>> LR :: 0.000020 - Loss :: 0.0151:  16%|█▌        | 808/5000 [27:08<2:08:06,  1.83s/it]=>> [Epoch 000] Global Step 000101 =>> LR :: 0.000020 - Loss :: 0.0151:  16%|█▌        | 809/5000 [27:10<2:06:02,  1.80s/it]=>> [Epoch 000] Global Step 000101 =>> LR :: 0.000020 - Loss :: 0.0151:  16%|█▌        | 809/5000 [27:10<2:06:02,  1.80s/it]=>> [Epoch 000] Global Step 000101 =>> LR :: 0.000020 - Loss :: 0.0151:  16%|█▌        | 810/5000 [27:12<2:05:09,  1.79s/it]=>> [Epoch 000] Global Step 000101 =>> LR :: 0.000020 - Loss :: 0.0151:  16%|█▌        | 810/5000 [27:12<2:05:09,  1.79s/it]=>> [Epoch 000] Global Step 000101 =>> LR :: 0.000020 - Loss :: 0.0151:  16%|█▌        | 811/5000 [27:14<2:08:17,  1.84s/it]=>> [Epoch 000] Global Step 000101 =>> LR :: 0.000020 - Loss :: 0.0151:  16%|█▌        | 811/5000 [27:14<2:08:17,  1.84s/it]=>> [Epoch 000] Global Step 000101 =>> LR :: 0.000020 - Loss :: 0.0151:  16%|█▌        | 812/5000 [27:16<2:06:37,  1.81s/it]=>> [Epoch 000] Global Step 000101 =>> LR :: 0.000020 - Loss :: 0.0151:  16%|█▌        | 812/5000 [27:16<2:06:37,  1.81s/it]=>> [Epoch 000] Global Step 000101 =>> LR :: 0.000020 - Loss :: 0.0151:  16%|█▋        | 813/5000 [27:17<2:05:47,  1.80s/it]=>> [Epoch 000] Global Step 000101 =>> LR :: 0.000020 - Loss :: 0.0151:  16%|█▋        | 813/5000 [27:17<2:05:47,  1.80s/it]=>> [Epoch 000] Global Step 000101 =>> LR :: 0.000020 - Loss :: 0.0151:  16%|█▋        | 814/5000 [27:19<2:05:18,  1.80s/it]=>> [Epoch 000] Global Step 000101 =>> LR :: 0.000020 - Loss :: 0.0151:  16%|█▋        | 814/5000 [27:19<2:05:18,  1.80s/it]=>> [Epoch 000] Global Step 000101 =>> LR :: 0.000020 - Loss :: 0.0151:  16%|█▋        | 815/5000 [27:21<2:05:00,  1.79s/it]=>> [Epoch 000] Global Step 000101 =>> LR :: 0.000020 - Loss :: 0.0151:  16%|█▋        | 815/5000 [27:21<2:05:00,  1.79s/it]=>> [Epoch 000] Global Step 000101 =>> LR :: 0.000020 - Loss :: 0.0151:  16%|█▋        | 816/5000 [27:23<2:08:11,  1.84s/it]=>> [Epoch 000] Global Step 000102 =>> LR :: 0.000020 - Loss :: 0.0256:  16%|█▋        | 816/5000 [27:23<2:08:11,  1.84s/it]=>> [Epoch 000] Global Step 000102 =>> LR :: 0.000020 - Loss :: 0.0256:  16%|█▋        | 817/5000 [27:25<2:10:16,  1.87s/it]=>> [Epoch 000] Global Step 000102 =>> LR :: 0.000020 - Loss :: 0.0256:  16%|█▋        | 817/5000 [27:25<2:10:16,  1.87s/it]=>> [Epoch 000] Global Step 000102 =>> LR :: 0.000020 - Loss :: 0.0256:  16%|█▋        | 818/5000 [27:27<2:11:42,  1.89s/it]=>> [Epoch 000] Global Step 000102 =>> LR :: 0.000020 - Loss :: 0.0256:  16%|█▋        | 818/5000 [27:27<2:11:42,  1.89s/it]=>> [Epoch 000] Global Step 000102 =>> LR :: 0.000020 - Loss :: 0.0256:  16%|█▋        | 819/5000 [27:29<2:09:09,  1.85s/it]=>> [Epoch 000] Global Step 000102 =>> LR :: 0.000020 - Loss :: 0.0256:  16%|█▋        | 819/5000 [27:29<2:09:09,  1.85s/it]=>> [Epoch 000] Global Step 000102 =>> LR :: 0.000020 - Loss :: 0.0256:  16%|█▋        | 820/5000 [27:30<2:11:16,  1.88s/it]=>> [Epoch 000] Global Step 000102 =>> LR :: 0.000020 - Loss :: 0.0256:  16%|█▋        | 820/5000 [27:30<2:11:16,  1.88s/it]=>> [Epoch 000] Global Step 000102 =>> LR :: 0.000020 - Loss :: 0.0256:  16%|█▋        | 821/5000 [27:32<2:08:51,  1.85s/it]=>> [Epoch 000] Global Step 000102 =>> LR :: 0.000020 - Loss :: 0.0256:  16%|█▋        | 821/5000 [27:32<2:08:51,  1.85s/it]=>> [Epoch 000] Global Step 000102 =>> LR :: 0.000020 - Loss :: 0.0256:  16%|█▋        | 822/5000 [27:34<2:07:02,  1.82s/it]=>> [Epoch 000] Global Step 000102 =>> LR :: 0.000020 - Loss :: 0.0256:  16%|█▋        | 822/5000 [27:34<2:07:02,  1.82s/it]=>> [Epoch 000] Global Step 000102 =>> LR :: 0.000020 - Loss :: 0.0256:  16%|█▋        | 823/5000 [27:36<2:05:36,  1.80s/it]=>> [Epoch 000] Global Step 000102 =>> LR :: 0.000020 - Loss :: 0.0256:  16%|█▋        | 823/5000 [27:36<2:05:36,  1.80s/it]=>> [Epoch 000] Global Step 000102 =>> LR :: 0.000020 - Loss :: 0.0256:  16%|█▋        | 824/5000 [27:38<2:07:41,  1.83s/it]=>> [Epoch 000] Global Step 000103 =>> LR :: 0.000020 - Loss :: 0.0261:  16%|█▋        | 824/5000 [27:38<2:07:41,  1.83s/it]=>> [Epoch 000] Global Step 000103 =>> LR :: 0.000020 - Loss :: 0.0261:  16%|█▋        | 825/5000 [27:39<2:05:29,  1.80s/it]=>> [Epoch 000] Global Step 000103 =>> LR :: 0.000020 - Loss :: 0.0261:  16%|█▋        | 825/5000 [27:39<2:05:29,  1.80s/it]=>> [Epoch 000] Global Step 000103 =>> LR :: 0.000020 - Loss :: 0.0261:  17%|█▋        | 826/5000 [27:41<2:04:40,  1.79s/it]=>> [Epoch 000] Global Step 000103 =>> LR :: 0.000020 - Loss :: 0.0261:  17%|█▋        | 826/5000 [27:41<2:04:40,  1.79s/it]=>> [Epoch 000] Global Step 000103 =>> LR :: 0.000020 - Loss :: 0.0261:  17%|█▋        | 827/5000 [27:43<2:03:55,  1.78s/it]=>> [Epoch 000] Global Step 000103 =>> LR :: 0.000020 - Loss :: 0.0261:  17%|█▋        | 827/5000 [27:43<2:03:55,  1.78s/it]=>> [Epoch 000] Global Step 000103 =>> LR :: 0.000020 - Loss :: 0.0261:  17%|█▋        | 828/5000 [27:45<2:07:16,  1.83s/it]=>> [Epoch 000] Global Step 000103 =>> LR :: 0.000020 - Loss :: 0.0261:  17%|█▋        | 828/5000 [27:45<2:07:16,  1.83s/it]=>> [Epoch 000] Global Step 000103 =>> LR :: 0.000020 - Loss :: 0.0261:  17%|█▋        | 829/5000 [27:47<2:05:58,  1.81s/it]=>> [Epoch 000] Global Step 000103 =>> LR :: 0.000020 - Loss :: 0.0261:  17%|█▋        | 829/5000 [27:47<2:05:58,  1.81s/it]=>> [Epoch 000] Global Step 000103 =>> LR :: 0.000020 - Loss :: 0.0261:  17%|█▋        | 830/5000 [27:48<2:04:59,  1.80s/it]=>> [Epoch 000] Global Step 000103 =>> LR :: 0.000020 - Loss :: 0.0261:  17%|█▋        | 830/5000 [27:48<2:04:59,  1.80s/it]=>> [Epoch 000] Global Step 000103 =>> LR :: 0.000020 - Loss :: 0.0261:  17%|█▋        | 831/5000 [27:50<2:04:24,  1.79s/it]=>> [Epoch 000] Global Step 000103 =>> LR :: 0.000020 - Loss :: 0.0261:  17%|█▋        | 831/5000 [27:50<2:04:24,  1.79s/it]=>> [Epoch 000] Global Step 000103 =>> LR :: 0.000020 - Loss :: 0.0261:  17%|█▋        | 832/5000 [27:52<2:06:54,  1.83s/it]=>> [Epoch 000] Global Step 000104 =>> LR :: 0.000020 - Loss :: 0.0362:  17%|█▋        | 832/5000 [27:52<2:06:54,  1.83s/it]=>> [Epoch 000] Global Step 000104 =>> LR :: 0.000020 - Loss :: 0.0362:  17%|█▋        | 833/5000 [27:54<2:05:00,  1.80s/it]=>> [Epoch 000] Global Step 000104 =>> LR :: 0.000020 - Loss :: 0.0362:  17%|█▋        | 833/5000 [27:54<2:05:00,  1.80s/it]=>> [Epoch 000] Global Step 000104 =>> LR :: 0.000020 - Loss :: 0.0362:  17%|█▋        | 834/5000 [27:56<2:04:11,  1.79s/it]=>> [Epoch 000] Global Step 000104 =>> LR :: 0.000020 - Loss :: 0.0362:  17%|█▋        | 834/5000 [27:56<2:04:11,  1.79s/it]=>> [Epoch 000] Global Step 000104 =>> LR :: 0.000020 - Loss :: 0.0362:  17%|█▋        | 835/5000 [27:58<2:10:54,  1.89s/it]=>> [Epoch 000] Global Step 000104 =>> LR :: 0.000020 - Loss :: 0.0362:  17%|█▋        | 835/5000 [27:58<2:10:54,  1.89s/it]=>> [Epoch 000] Global Step 000104 =>> LR :: 0.000020 - Loss :: 0.0362:  17%|█▋        | 836/5000 [27:59<2:08:37,  1.85s/it]=>> [Epoch 000] Global Step 000104 =>> LR :: 0.000020 - Loss :: 0.0362:  17%|█▋        | 836/5000 [27:59<2:08:37,  1.85s/it]=>> [Epoch 000] Global Step 000104 =>> LR :: 0.000020 - Loss :: 0.0362:  17%|█▋        | 837/5000 [28:01<2:10:30,  1.88s/it]=>> [Epoch 000] Global Step 000104 =>> LR :: 0.000020 - Loss :: 0.0362:  17%|█▋        | 837/5000 [28:01<2:10:30,  1.88s/it]=>> [Epoch 000] Global Step 000104 =>> LR :: 0.000020 - Loss :: 0.0362:  17%|█▋        | 838/5000 [28:03<2:08:15,  1.85s/it]=>> [Epoch 000] Global Step 000104 =>> LR :: 0.000020 - Loss :: 0.0362:  17%|█▋        | 838/5000 [28:03<2:08:15,  1.85s/it]=>> [Epoch 000] Global Step 000104 =>> LR :: 0.000020 - Loss :: 0.0362:  17%|█▋        | 839/5000 [28:05<2:06:26,  1.82s/it]=>> [Epoch 000] Global Step 000104 =>> LR :: 0.000020 - Loss :: 0.0362:  17%|█▋        | 839/5000 [28:05<2:06:26,  1.82s/it]=>> [Epoch 000] Global Step 000104 =>> LR :: 0.000020 - Loss :: 0.0362:  17%|█▋        | 840/5000 [28:07<2:08:09,  1.85s/it]=>> [Epoch 000] Global Step 000105 =>> LR :: 0.000020 - Loss :: 0.0198:  17%|█▋        | 840/5000 [28:07<2:08:09,  1.85s/it]=>> [Epoch 000] Global Step 000105 =>> LR :: 0.000020 - Loss :: 0.0198:  17%|█▋        | 841/5000 [28:09<2:05:42,  1.81s/it]=>> [Epoch 000] Global Step 000105 =>> LR :: 0.000020 - Loss :: 0.0198:  17%|█▋        | 841/5000 [28:09<2:05:42,  1.81s/it]=>> [Epoch 000] Global Step 000105 =>> LR :: 0.000020 - Loss :: 0.0198:  17%|█▋        | 842/5000 [28:10<2:04:41,  1.80s/it]=>> [Epoch 000] Global Step 000105 =>> LR :: 0.000020 - Loss :: 0.0198:  17%|█▋        | 842/5000 [28:10<2:04:41,  1.80s/it]=>> [Epoch 000] Global Step 000105 =>> LR :: 0.000020 - Loss :: 0.0198:  17%|█▋        | 843/5000 [28:12<2:03:56,  1.79s/it]=>> [Epoch 000] Global Step 000105 =>> LR :: 0.000020 - Loss :: 0.0198:  17%|█▋        | 843/5000 [28:12<2:03:56,  1.79s/it]=>> [Epoch 000] Global Step 000105 =>> LR :: 0.000020 - Loss :: 0.0198:  17%|█▋        | 844/5000 [28:14<2:04:11,  1.79s/it]=>> [Epoch 000] Global Step 000105 =>> LR :: 0.000020 - Loss :: 0.0198:  17%|█▋        | 844/5000 [28:14<2:04:11,  1.79s/it]=>> [Epoch 000] Global Step 000105 =>> LR :: 0.000020 - Loss :: 0.0198:  17%|█▋        | 845/5000 [28:16<2:03:48,  1.79s/it]=>> [Epoch 000] Global Step 000105 =>> LR :: 0.000020 - Loss :: 0.0198:  17%|█▋        | 845/5000 [28:16<2:03:48,  1.79s/it]=>> [Epoch 000] Global Step 000105 =>> LR :: 0.000020 - Loss :: 0.0198:  17%|█▋        | 846/5000 [28:18<2:08:28,  1.86s/it]=>> [Epoch 000] Global Step 000105 =>> LR :: 0.000020 - Loss :: 0.0198:  17%|█▋        | 846/5000 [28:18<2:08:28,  1.86s/it]=>> [Epoch 000] Global Step 000105 =>> LR :: 0.000020 - Loss :: 0.0198:  17%|█▋        | 847/5000 [28:20<2:07:19,  1.84s/it]=>> [Epoch 000] Global Step 000105 =>> LR :: 0.000020 - Loss :: 0.0198:  17%|█▋        | 847/5000 [28:20<2:07:19,  1.84s/it]=>> [Epoch 000] Global Step 000105 =>> LR :: 0.000020 - Loss :: 0.0198:  17%|█▋        | 848/5000 [28:21<2:08:57,  1.86s/it]=>> [Epoch 000] Global Step 000106 =>> LR :: 0.000020 - Loss :: 0.0350:  17%|█▋        | 848/5000 [28:21<2:08:57,  1.86s/it]=>> [Epoch 000] Global Step 000106 =>> LR :: 0.000020 - Loss :: 0.0350:  17%|█▋        | 849/5000 [28:23<2:06:29,  1.83s/it]=>> [Epoch 000] Global Step 000106 =>> LR :: 0.000020 - Loss :: 0.0350:  17%|█▋        | 849/5000 [28:23<2:06:29,  1.83s/it]=>> [Epoch 000] Global Step 000106 =>> LR :: 0.000020 - Loss :: 0.0350:  17%|█▋        | 850/5000 [28:25<2:05:18,  1.81s/it]=>> [Epoch 000] Global Step 000106 =>> LR :: 0.000020 - Loss :: 0.0350:  17%|█▋        | 850/5000 [28:25<2:05:18,  1.81s/it]=>> [Epoch 000] Global Step 000106 =>> LR :: 0.000020 - Loss :: 0.0350:  17%|█▋        | 851/5000 [28:27<2:04:19,  1.80s/it]=>> [Epoch 000] Global Step 000106 =>> LR :: 0.000020 - Loss :: 0.0350:  17%|█▋        | 851/5000 [28:27<2:04:19,  1.80s/it]=>> [Epoch 000] Global Step 000106 =>> LR :: 0.000020 - Loss :: 0.0350:  17%|█▋        | 852/5000 [28:28<2:03:40,  1.79s/it]=>> [Epoch 000] Global Step 000106 =>> LR :: 0.000020 - Loss :: 0.0350:  17%|█▋        | 852/5000 [28:28<2:03:40,  1.79s/it]=>> [Epoch 000] Global Step 000106 =>> LR :: 0.000020 - Loss :: 0.0350:  17%|█▋        | 853/5000 [28:31<2:11:06,  1.90s/it]=>> [Epoch 000] Global Step 000106 =>> LR :: 0.000020 - Loss :: 0.0350:  17%|█▋        | 853/5000 [28:31<2:11:06,  1.90s/it]=>> [Epoch 000] Global Step 000106 =>> LR :: 0.000020 - Loss :: 0.0350:  17%|█▋        | 854/5000 [28:32<2:08:17,  1.86s/it]=>> [Epoch 000] Global Step 000106 =>> LR :: 0.000020 - Loss :: 0.0350:  17%|█▋        | 854/5000 [28:32<2:08:17,  1.86s/it]=>> [Epoch 000] Global Step 000106 =>> LR :: 0.000020 - Loss :: 0.0350:  17%|█▋        | 855/5000 [28:34<2:10:42,  1.89s/it]=>> [Epoch 000] Global Step 000106 =>> LR :: 0.000020 - Loss :: 0.0350:  17%|█▋        | 855/5000 [28:34<2:10:42,  1.89s/it]=>> [Epoch 000] Global Step 000106 =>> LR :: 0.000020 - Loss :: 0.0350:  17%|█▋        | 856/5000 [28:36<2:11:06,  1.90s/it]=>> [Epoch 000] Global Step 000107 =>> LR :: 0.000020 - Loss :: 0.0178:  17%|█▋        | 856/5000 [28:36<2:11:06,  1.90s/it]=>> [Epoch 000] Global Step 000107 =>> LR :: 0.000020 - Loss :: 0.0178:  17%|█▋        | 857/5000 [28:38<2:08:11,  1.86s/it]=>> [Epoch 000] Global Step 000107 =>> LR :: 0.000020 - Loss :: 0.0178:  17%|█▋        | 857/5000 [28:38<2:08:11,  1.86s/it]=>> [Epoch 000] Global Step 000107 =>> LR :: 0.000020 - Loss :: 0.0178:  17%|█▋        | 858/5000 [28:40<2:06:10,  1.83s/it]=>> [Epoch 000] Global Step 000107 =>> LR :: 0.000020 - Loss :: 0.0178:  17%|█▋        | 858/5000 [28:40<2:06:10,  1.83s/it]=>> [Epoch 000] Global Step 000107 =>> LR :: 0.000020 - Loss :: 0.0178:  17%|█▋        | 859/5000 [28:42<2:05:08,  1.81s/it]=>> [Epoch 000] Global Step 000107 =>> LR :: 0.000020 - Loss :: 0.0178:  17%|█▋        | 859/5000 [28:42<2:05:08,  1.81s/it]=>> [Epoch 000] Global Step 000107 =>> LR :: 0.000020 - Loss :: 0.0178:  17%|█▋        | 860/5000 [28:43<2:04:23,  1.80s/it]=>> [Epoch 000] Global Step 000107 =>> LR :: 0.000020 - Loss :: 0.0178:  17%|█▋        | 860/5000 [28:43<2:04:23,  1.80s/it]=>> [Epoch 000] Global Step 000107 =>> LR :: 0.000020 - Loss :: 0.0178:  17%|█▋        | 861/5000 [28:45<2:03:58,  1.80s/it]=>> [Epoch 000] Global Step 000107 =>> LR :: 0.000020 - Loss :: 0.0178:  17%|█▋        | 861/5000 [28:45<2:03:58,  1.80s/it]=>> [Epoch 000] Global Step 000107 =>> LR :: 0.000020 - Loss :: 0.0178:  17%|█▋        | 862/5000 [28:47<2:03:41,  1.79s/it]=>> [Epoch 000] Global Step 000107 =>> LR :: 0.000020 - Loss :: 0.0178:  17%|█▋        | 862/5000 [28:47<2:03:41,  1.79s/it]=>> [Epoch 000] Global Step 000107 =>> LR :: 0.000020 - Loss :: 0.0178:  17%|█▋        | 863/5000 [28:49<2:07:29,  1.85s/it]=>> [Epoch 000] Global Step 000107 =>> LR :: 0.000020 - Loss :: 0.0178:  17%|█▋        | 863/5000 [28:49<2:07:29,  1.85s/it]=>> [Epoch 000] Global Step 000107 =>> LR :: 0.000020 - Loss :: 0.0178:  17%|█▋        | 864/5000 [28:51<2:08:48,  1.87s/it]=>> [Epoch 000] Global Step 000108 =>> LR :: 0.000020 - Loss :: 0.0252:  17%|█▋        | 864/5000 [28:51<2:08:48,  1.87s/it]=>> [Epoch 000] Global Step 000108 =>> LR :: 0.000020 - Loss :: 0.0252:  17%|█▋        | 865/5000 [28:53<2:05:53,  1.83s/it]=>> [Epoch 000] Global Step 000108 =>> LR :: 0.000020 - Loss :: 0.0252:  17%|█▋        | 865/5000 [28:53<2:05:53,  1.83s/it]=>> [Epoch 000] Global Step 000108 =>> LR :: 0.000020 - Loss :: 0.0252:  17%|█▋        | 866/5000 [28:54<2:04:46,  1.81s/it]=>> [Epoch 000] Global Step 000108 =>> LR :: 0.000020 - Loss :: 0.0252:  17%|█▋        | 866/5000 [28:54<2:04:46,  1.81s/it]=>> [Epoch 000] Global Step 000108 =>> LR :: 0.000020 - Loss :: 0.0252:  17%|█▋        | 867/5000 [28:56<2:05:11,  1.82s/it]=>> [Epoch 000] Global Step 000108 =>> LR :: 0.000020 - Loss :: 0.0252:  17%|█▋        | 867/5000 [28:56<2:05:11,  1.82s/it]=>> [Epoch 000] Global Step 000108 =>> LR :: 0.000020 - Loss :: 0.0252:  17%|█▋        | 868/5000 [28:58<2:04:08,  1.80s/it]=>> [Epoch 000] Global Step 000108 =>> LR :: 0.000020 - Loss :: 0.0252:  17%|█▋        | 868/5000 [28:58<2:04:08,  1.80s/it]=>> [Epoch 000] Global Step 000108 =>> LR :: 0.000020 - Loss :: 0.0252:  17%|█▋        | 869/5000 [29:00<2:03:48,  1.80s/it]=>> [Epoch 000] Global Step 000108 =>> LR :: 0.000020 - Loss :: 0.0252:  17%|█▋        | 869/5000 [29:00<2:03:48,  1.80s/it]=>> [Epoch 000] Global Step 000108 =>> LR :: 0.000020 - Loss :: 0.0252:  17%|█▋        | 870/5000 [29:02<2:08:04,  1.86s/it]=>> [Epoch 000] Global Step 000108 =>> LR :: 0.000020 - Loss :: 0.0252:  17%|█▋        | 870/5000 [29:02<2:08:04,  1.86s/it]=>> [Epoch 000] Global Step 000108 =>> LR :: 0.000020 - Loss :: 0.0252:  17%|█▋        | 871/5000 [29:04<2:09:36,  1.88s/it]=>> [Epoch 000] Global Step 000108 =>> LR :: 0.000020 - Loss :: 0.0252:  17%|█▋        | 871/5000 [29:04<2:09:36,  1.88s/it]=>> [Epoch 000] Global Step 000108 =>> LR :: 0.000020 - Loss :: 0.0252:  17%|█▋        | 872/5000 [29:06<2:10:14,  1.89s/it]=>> [Epoch 000] Global Step 000109 =>> LR :: 0.000020 - Loss :: 0.0249:  17%|█▋        | 872/5000 [29:06<2:10:14,  1.89s/it]=>> [Epoch 000] Global Step 000109 =>> LR :: 0.000020 - Loss :: 0.0249:  17%|█▋        | 873/5000 [29:07<2:09:19,  1.88s/it]=>> [Epoch 000] Global Step 000109 =>> LR :: 0.000020 - Loss :: 0.0249:  17%|█▋        | 873/5000 [29:07<2:09:19,  1.88s/it]=>> [Epoch 000] Global Step 000109 =>> LR :: 0.000020 - Loss :: 0.0249:  17%|█▋        | 874/5000 [29:09<2:07:11,  1.85s/it]=>> [Epoch 000] Global Step 000109 =>> LR :: 0.000020 - Loss :: 0.0249:  17%|█▋        | 874/5000 [29:09<2:07:11,  1.85s/it]=>> [Epoch 000] Global Step 000109 =>> LR :: 0.000020 - Loss :: 0.0249:  18%|█▊        | 875/5000 [29:11<2:05:27,  1.82s/it]=>> [Epoch 000] Global Step 000109 =>> LR :: 0.000020 - Loss :: 0.0249:  18%|█▊        | 875/5000 [29:11<2:05:27,  1.82s/it]=>> [Epoch 000] Global Step 000109 =>> LR :: 0.000020 - Loss :: 0.0249:  18%|█▊        | 876/5000 [29:13<2:04:15,  1.81s/it]=>> [Epoch 000] Global Step 000109 =>> LR :: 0.000020 - Loss :: 0.0249:  18%|█▊        | 876/5000 [29:13<2:04:15,  1.81s/it]=>> [Epoch 000] Global Step 000109 =>> LR :: 0.000020 - Loss :: 0.0249:  18%|█▊        | 877/5000 [29:15<2:03:14,  1.79s/it]=>> [Epoch 000] Global Step 000109 =>> LR :: 0.000020 - Loss :: 0.0249:  18%|█▊        | 877/5000 [29:15<2:03:14,  1.79s/it]=>> [Epoch 000] Global Step 000109 =>> LR :: 0.000020 - Loss :: 0.0249:  18%|█▊        | 878/5000 [29:16<2:02:31,  1.78s/it]=>> [Epoch 000] Global Step 000109 =>> LR :: 0.000020 - Loss :: 0.0249:  18%|█▊        | 878/5000 [29:16<2:02:31,  1.78s/it]=>> [Epoch 000] Global Step 000109 =>> LR :: 0.000020 - Loss :: 0.0249:  18%|█▊        | 879/5000 [29:18<2:02:04,  1.78s/it]=>> [Epoch 000] Global Step 000109 =>> LR :: 0.000020 - Loss :: 0.0249:  18%|█▊        | 879/5000 [29:18<2:02:04,  1.78s/it]=>> [Epoch 000] Global Step 000109 =>> LR :: 0.000020 - Loss :: 0.0249:  18%|█▊        | 880/5000 [29:20<2:04:55,  1.82s/it]=>> [Epoch 000] Global Step 000110 =>> LR :: 0.000020 - Loss :: 0.0319:  18%|█▊        | 880/5000 [29:20<2:04:55,  1.82s/it]=>> [Epoch 000] Global Step 000110 =>> LR :: 0.000020 - Loss :: 0.0319:  18%|█▊        | 881/5000 [29:22<2:06:33,  1.84s/it]=>> [Epoch 000] Global Step 000110 =>> LR :: 0.000020 - Loss :: 0.0319:  18%|█▊        | 881/5000 [29:22<2:06:33,  1.84s/it]=>> [Epoch 000] Global Step 000110 =>> LR :: 0.000020 - Loss :: 0.0319:  18%|█▊        | 882/5000 [29:24<2:04:52,  1.82s/it]=>> [Epoch 000] Global Step 000110 =>> LR :: 0.000020 - Loss :: 0.0319:  18%|█▊        | 882/5000 [29:24<2:04:52,  1.82s/it]=>> [Epoch 000] Global Step 000110 =>> LR :: 0.000020 - Loss :: 0.0319:  18%|█▊        | 883/5000 [29:25<2:03:44,  1.80s/it]=>> [Epoch 000] Global Step 000110 =>> LR :: 0.000020 - Loss :: 0.0319:  18%|█▊        | 883/5000 [29:25<2:03:44,  1.80s/it]=>> [Epoch 000] Global Step 000110 =>> LR :: 0.000020 - Loss :: 0.0319:  18%|█▊        | 884/5000 [29:27<2:02:56,  1.79s/it]=>> [Epoch 000] Global Step 000110 =>> LR :: 0.000020 - Loss :: 0.0319:  18%|█▊        | 884/5000 [29:27<2:02:56,  1.79s/it]=>> [Epoch 000] Global Step 000110 =>> LR :: 0.000020 - Loss :: 0.0319:  18%|█▊        | 885/5000 [29:29<2:02:44,  1.79s/it]=>> [Epoch 000] Global Step 000110 =>> LR :: 0.000020 - Loss :: 0.0319:  18%|█▊        | 885/5000 [29:29<2:02:44,  1.79s/it]=>> [Epoch 000] Global Step 000110 =>> LR :: 0.000020 - Loss :: 0.0319:  18%|█▊        | 886/5000 [29:31<2:02:15,  1.78s/it]=>> [Epoch 000] Global Step 000110 =>> LR :: 0.000020 - Loss :: 0.0319:  18%|█▊        | 886/5000 [29:31<2:02:15,  1.78s/it]=>> [Epoch 000] Global Step 000110 =>> LR :: 0.000020 - Loss :: 0.0319:  18%|█▊        | 887/5000 [29:32<2:01:57,  1.78s/it]=>> [Epoch 000] Global Step 000110 =>> LR :: 0.000020 - Loss :: 0.0319:  18%|█▊        | 887/5000 [29:32<2:01:57,  1.78s/it]=>> [Epoch 000] Global Step 000110 =>> LR :: 0.000020 - Loss :: 0.0319:  18%|█▊        | 888/5000 [29:35<2:08:12,  1.87s/it]=>> [Epoch 000] Global Step 000111 =>> LR :: 0.000020 - Loss :: 0.0364:  18%|█▊        | 888/5000 [29:35<2:08:12,  1.87s/it]=>> [Epoch 000] Global Step 000111 =>> LR :: 0.000020 - Loss :: 0.0364:  18%|█▊        | 889/5000 [29:36<2:09:28,  1.89s/it]=>> [Epoch 000] Global Step 000111 =>> LR :: 0.000020 - Loss :: 0.0364:  18%|█▊        | 889/5000 [29:36<2:09:28,  1.89s/it]=>> [Epoch 000] Global Step 000111 =>> LR :: 0.000020 - Loss :: 0.0364:  18%|█▊        | 890/5000 [29:38<2:10:40,  1.91s/it]=>> [Epoch 000] Global Step 000111 =>> LR :: 0.000020 - Loss :: 0.0364:  18%|█▊        | 890/5000 [29:38<2:10:40,  1.91s/it]=>> [Epoch 000] Global Step 000111 =>> LR :: 0.000020 - Loss :: 0.0364:  18%|█▊        | 891/5000 [29:40<2:07:57,  1.87s/it]=>> [Epoch 000] Global Step 000111 =>> LR :: 0.000020 - Loss :: 0.0364:  18%|█▊        | 891/5000 [29:40<2:07:57,  1.87s/it]=>> [Epoch 000] Global Step 000111 =>> LR :: 0.000020 - Loss :: 0.0364:  18%|█▊        | 892/5000 [29:42<2:05:49,  1.84s/it]=>> [Epoch 000] Global Step 000111 =>> LR :: 0.000020 - Loss :: 0.0364:  18%|█▊        | 892/5000 [29:42<2:05:49,  1.84s/it]=>> [Epoch 000] Global Step 000111 =>> LR :: 0.000020 - Loss :: 0.0364:  18%|█▊        | 893/5000 [29:44<2:04:13,  1.81s/it]=>> [Epoch 000] Global Step 000111 =>> LR :: 0.000020 - Loss :: 0.0364:  18%|█▊        | 893/5000 [29:44<2:04:13,  1.81s/it]=>> [Epoch 000] Global Step 000111 =>> LR :: 0.000020 - Loss :: 0.0364:  18%|█▊        | 894/5000 [29:46<2:03:16,  1.80s/it]=>> [Epoch 000] Global Step 000111 =>> LR :: 0.000020 - Loss :: 0.0364:  18%|█▊        | 894/5000 [29:46<2:03:16,  1.80s/it]=>> [Epoch 000] Global Step 000111 =>> LR :: 0.000020 - Loss :: 0.0364:  18%|█▊        | 895/5000 [29:47<2:02:26,  1.79s/it]=>> [Epoch 000] Global Step 000111 =>> LR :: 0.000020 - Loss :: 0.0364:  18%|█▊        | 895/5000 [29:47<2:02:26,  1.79s/it]=>> [Epoch 000] Global Step 000111 =>> LR :: 0.000020 - Loss :: 0.0364:  18%|█▊        | 896/5000 [29:49<2:04:55,  1.83s/it]=>> [Epoch 000] Global Step 000112 =>> LR :: 0.000020 - Loss :: 0.0163:  18%|█▊        | 896/5000 [29:49<2:04:55,  1.83s/it]=>> [Epoch 000] Global Step 000112 =>> LR :: 0.000020 - Loss :: 0.0163:  18%|█▊        | 897/5000 [29:51<2:03:04,  1.80s/it]=>> [Epoch 000] Global Step 000112 =>> LR :: 0.000020 - Loss :: 0.0163:  18%|█▊        | 897/5000 [29:51<2:03:04,  1.80s/it]=>> [Epoch 000] Global Step 000112 =>> LR :: 0.000020 - Loss :: 0.0163:  18%|█▊        | 898/5000 [29:53<2:07:34,  1.87s/it]=>> [Epoch 000] Global Step 000112 =>> LR :: 0.000020 - Loss :: 0.0163:  18%|█▊        | 898/5000 [29:53<2:07:34,  1.87s/it]=>> [Epoch 000] Global Step 000112 =>> LR :: 0.000020 - Loss :: 0.0163:  18%|█▊        | 899/5000 [29:55<2:05:27,  1.84s/it]=>> [Epoch 000] Global Step 000112 =>> LR :: 0.000020 - Loss :: 0.0163:  18%|█▊        | 899/5000 [29:55<2:05:27,  1.84s/it]=>> [Epoch 000] Global Step 000112 =>> LR :: 0.000020 - Loss :: 0.0163:  18%|█▊        | 900/5000 [29:56<2:04:03,  1.82s/it]=>> [Epoch 000] Global Step 000112 =>> LR :: 0.000020 - Loss :: 0.0163:  18%|█▊        | 900/5000 [29:56<2:04:03,  1.82s/it]=>> [Epoch 000] Global Step 000112 =>> LR :: 0.000020 - Loss :: 0.0163:  18%|█▊        | 901/5000 [29:58<2:03:13,  1.80s/it]=>> [Epoch 000] Global Step 000112 =>> LR :: 0.000020 - Loss :: 0.0163:  18%|█▊        | 901/5000 [29:58<2:03:13,  1.80s/it]=>> [Epoch 000] Global Step 000112 =>> LR :: 0.000020 - Loss :: 0.0163:  18%|█▊        | 902/5000 [30:00<2:02:48,  1.80s/it]=>> [Epoch 000] Global Step 000112 =>> LR :: 0.000020 - Loss :: 0.0163:  18%|█▊        | 902/5000 [30:00<2:02:48,  1.80s/it]=>> [Epoch 000] Global Step 000112 =>> LR :: 0.000020 - Loss :: 0.0163:  18%|█▊        | 903/5000 [30:02<2:02:26,  1.79s/it]=>> [Epoch 000] Global Step 000112 =>> LR :: 0.000020 - Loss :: 0.0163:  18%|█▊        | 903/5000 [30:02<2:02:26,  1.79s/it]=>> [Epoch 000] Global Step 000112 =>> LR :: 0.000020 - Loss :: 0.0163:  18%|█▊        | 904/5000 [30:04<2:05:08,  1.83s/it]=>> [Epoch 000] Global Step 000113 =>> LR :: 0.000020 - Loss :: 0.0280:  18%|█▊        | 904/5000 [30:04<2:05:08,  1.83s/it]=>> [Epoch 000] Global Step 000113 =>> LR :: 0.000020 - Loss :: 0.0280:  18%|█▊        | 905/5000 [30:06<2:06:28,  1.85s/it]=>> [Epoch 000] Global Step 000113 =>> LR :: 0.000020 - Loss :: 0.0280:  18%|█▊        | 905/5000 [30:06<2:06:28,  1.85s/it]=>> [Epoch 000] Global Step 000113 =>> LR :: 0.000020 - Loss :: 0.0280:  18%|█▊        | 906/5000 [30:07<2:04:48,  1.83s/it]=>> [Epoch 000] Global Step 000113 =>> LR :: 0.000020 - Loss :: 0.0280:  18%|█▊        | 906/5000 [30:07<2:04:48,  1.83s/it]=>> [Epoch 000] Global Step 000113 =>> LR :: 0.000020 - Loss :: 0.0280:  18%|█▊        | 907/5000 [30:09<2:07:35,  1.87s/it]=>> [Epoch 000] Global Step 000113 =>> LR :: 0.000020 - Loss :: 0.0280:  18%|█▊        | 907/5000 [30:09<2:07:35,  1.87s/it]=>> [Epoch 000] Global Step 000113 =>> LR :: 0.000020 - Loss :: 0.0280:  18%|█▊        | 908/5000 [30:11<2:10:12,  1.91s/it]=>> [Epoch 000] Global Step 000113 =>> LR :: 0.000020 - Loss :: 0.0280:  18%|█▊        | 908/5000 [30:11<2:10:12,  1.91s/it]=>> [Epoch 000] Global Step 000113 =>> LR :: 0.000020 - Loss :: 0.0280:  18%|█▊        | 909/5000 [30:13<2:07:23,  1.87s/it]=>> [Epoch 000] Global Step 000113 =>> LR :: 0.000020 - Loss :: 0.0280:  18%|█▊        | 909/5000 [30:13<2:07:23,  1.87s/it]=>> [Epoch 000] Global Step 000113 =>> LR :: 0.000020 - Loss :: 0.0280:  18%|█▊        | 910/5000 [30:15<2:05:45,  1.84s/it]=>> [Epoch 000] Global Step 000113 =>> LR :: 0.000020 - Loss :: 0.0280:  18%|█▊        | 910/5000 [30:15<2:05:45,  1.84s/it]=>> [Epoch 000] Global Step 000113 =>> LR :: 0.000020 - Loss :: 0.0280:  18%|█▊        | 911/5000 [30:17<2:04:30,  1.83s/it]=>> [Epoch 000] Global Step 000113 =>> LR :: 0.000020 - Loss :: 0.0280:  18%|█▊        | 911/5000 [30:17<2:04:30,  1.83s/it]=>> [Epoch 000] Global Step 000113 =>> LR :: 0.000020 - Loss :: 0.0280:  18%|█▊        | 912/5000 [30:19<2:06:12,  1.85s/it]=>> [Epoch 000] Global Step 000114 =>> LR :: 0.000020 - Loss :: 0.0189:  18%|█▊        | 912/5000 [30:19<2:06:12,  1.85s/it]=>> [Epoch 000] Global Step 000114 =>> LR :: 0.000020 - Loss :: 0.0189:  18%|█▊        | 913/5000 [30:20<2:03:36,  1.81s/it]=>> [Epoch 000] Global Step 000114 =>> LR :: 0.000020 - Loss :: 0.0189:  18%|█▊        | 913/5000 [30:20<2:03:36,  1.81s/it]=>> [Epoch 000] Global Step 000114 =>> LR :: 0.000020 - Loss :: 0.0189:  18%|█▊        | 914/5000 [30:22<2:02:48,  1.80s/it]=>> [Epoch 000] Global Step 000114 =>> LR :: 0.000020 - Loss :: 0.0189:  18%|█▊        | 914/5000 [30:22<2:02:48,  1.80s/it]=>> [Epoch 000] Global Step 000114 =>> LR :: 0.000020 - Loss :: 0.0189:  18%|█▊        | 915/5000 [30:24<2:01:59,  1.79s/it]=>> [Epoch 000] Global Step 000114 =>> LR :: 0.000020 - Loss :: 0.0189:  18%|█▊        | 915/5000 [30:24<2:01:59,  1.79s/it]=>> [Epoch 000] Global Step 000114 =>> LR :: 0.000020 - Loss :: 0.0189:  18%|█▊        | 916/5000 [30:26<2:05:04,  1.84s/it]=>> [Epoch 000] Global Step 000114 =>> LR :: 0.000020 - Loss :: 0.0189:  18%|█▊        | 916/5000 [30:26<2:05:04,  1.84s/it]=>> [Epoch 000] Global Step 000114 =>> LR :: 0.000020 - Loss :: 0.0189:  18%|█▊        | 917/5000 [30:28<2:03:32,  1.82s/it]=>> [Epoch 000] Global Step 000114 =>> LR :: 0.000020 - Loss :: 0.0189:  18%|█▊        | 917/5000 [30:28<2:03:32,  1.82s/it]=>> [Epoch 000] Global Step 000114 =>> LR :: 0.000020 - Loss :: 0.0189:  18%|█▊        | 918/5000 [30:29<2:02:36,  1.80s/it]=>> [Epoch 000] Global Step 000114 =>> LR :: 0.000020 - Loss :: 0.0189:  18%|█▊        | 918/5000 [30:29<2:02:36,  1.80s/it]=>> [Epoch 000] Global Step 000114 =>> LR :: 0.000020 - Loss :: 0.0189:  18%|█▊        | 919/5000 [30:31<2:02:11,  1.80s/it]=>> [Epoch 000] Global Step 000114 =>> LR :: 0.000020 - Loss :: 0.0189:  18%|█▊        | 919/5000 [30:31<2:02:11,  1.80s/it]=>> [Epoch 000] Global Step 000114 =>> LR :: 0.000020 - Loss :: 0.0189:  18%|█▊        | 920/5000 [30:33<2:04:28,  1.83s/it]=>> [Epoch 000] Global Step 000115 =>> LR :: 0.000020 - Loss :: 0.0197:  18%|█▊        | 920/5000 [30:33<2:04:28,  1.83s/it]=>> [Epoch 000] Global Step 000115 =>> LR :: 0.000020 - Loss :: 0.0197:  18%|█▊        | 921/5000 [30:35<2:02:13,  1.80s/it]=>> [Epoch 000] Global Step 000115 =>> LR :: 0.000020 - Loss :: 0.0197:  18%|█▊        | 921/5000 [30:35<2:02:13,  1.80s/it]=>> [Epoch 000] Global Step 000115 =>> LR :: 0.000020 - Loss :: 0.0197:  18%|█▊        | 922/5000 [30:37<2:01:30,  1.79s/it]=>> [Epoch 000] Global Step 000115 =>> LR :: 0.000020 - Loss :: 0.0197:  18%|█▊        | 922/5000 [30:37<2:01:30,  1.79s/it]=>> [Epoch 000] Global Step 000115 =>> LR :: 0.000020 - Loss :: 0.0197:  18%|█▊        | 923/5000 [30:39<2:04:43,  1.84s/it]=>> [Epoch 000] Global Step 000115 =>> LR :: 0.000020 - Loss :: 0.0197:  18%|█▊        | 923/5000 [30:39<2:04:43,  1.84s/it]=>> [Epoch 000] Global Step 000115 =>> LR :: 0.000020 - Loss :: 0.0197:  18%|█▊        | 924/5000 [30:40<2:03:22,  1.82s/it]=>> [Epoch 000] Global Step 000115 =>> LR :: 0.000020 - Loss :: 0.0197:  18%|█▊        | 924/5000 [30:40<2:03:22,  1.82s/it]=>> [Epoch 000] Global Step 000115 =>> LR :: 0.000020 - Loss :: 0.0197:  18%|█▊        | 925/5000 [30:42<2:06:31,  1.86s/it]=>> [Epoch 000] Global Step 000115 =>> LR :: 0.000020 - Loss :: 0.0197:  18%|█▊        | 925/5000 [30:42<2:06:31,  1.86s/it]=>> [Epoch 000] Global Step 000115 =>> LR :: 0.000020 - Loss :: 0.0197:  19%|█▊        | 926/5000 [30:44<2:08:09,  1.89s/it]=>> [Epoch 000] Global Step 000115 =>> LR :: 0.000020 - Loss :: 0.0197:  19%|█▊        | 926/5000 [30:44<2:08:09,  1.89s/it]=>> [Epoch 000] Global Step 000115 =>> LR :: 0.000020 - Loss :: 0.0197:  19%|█▊        | 927/5000 [30:46<2:05:41,  1.85s/it]=>> [Epoch 000] Global Step 000115 =>> LR :: 0.000020 - Loss :: 0.0197:  19%|█▊        | 927/5000 [30:46<2:05:41,  1.85s/it]=>> [Epoch 000] Global Step 000115 =>> LR :: 0.000020 - Loss :: 0.0197:  19%|█▊        | 928/5000 [30:48<2:07:00,  1.87s/it]=>> [Epoch 000] Global Step 000116 =>> LR :: 0.000020 - Loss :: 0.0164:  19%|█▊        | 928/5000 [30:48<2:07:00,  1.87s/it]=>> [Epoch 000] Global Step 000116 =>> LR :: 0.000020 - Loss :: 0.0164:  19%|█▊        | 929/5000 [30:50<2:04:29,  1.83s/it]=>> [Epoch 000] Global Step 000116 =>> LR :: 0.000020 - Loss :: 0.0164:  19%|█▊        | 929/5000 [30:50<2:04:29,  1.83s/it]=>> [Epoch 000] Global Step 000116 =>> LR :: 0.000020 - Loss :: 0.0164:  19%|█▊        | 930/5000 [30:51<2:03:05,  1.81s/it]=>> [Epoch 000] Global Step 000116 =>> LR :: 0.000020 - Loss :: 0.0164:  19%|█▊        | 930/5000 [30:51<2:03:05,  1.81s/it]=>> [Epoch 000] Global Step 000116 =>> LR :: 0.000020 - Loss :: 0.0164:  19%|█▊        | 931/5000 [30:53<2:02:07,  1.80s/it]=>> [Epoch 000] Global Step 000116 =>> LR :: 0.000020 - Loss :: 0.0164:  19%|█▊        | 931/5000 [30:53<2:02:07,  1.80s/it]=>> [Epoch 000] Global Step 000116 =>> LR :: 0.000020 - Loss :: 0.0164:  19%|█▊        | 932/5000 [30:55<2:01:39,  1.79s/it]=>> [Epoch 000] Global Step 000116 =>> LR :: 0.000020 - Loss :: 0.0164:  19%|█▊        | 932/5000 [30:55<2:01:39,  1.79s/it]=>> [Epoch 000] Global Step 000116 =>> LR :: 0.000020 - Loss :: 0.0164:  19%|█▊        | 933/5000 [30:57<2:04:35,  1.84s/it]=>> [Epoch 000] Global Step 000116 =>> LR :: 0.000020 - Loss :: 0.0164:  19%|█▊        | 933/5000 [30:57<2:04:35,  1.84s/it]=>> [Epoch 000] Global Step 000116 =>> LR :: 0.000020 - Loss :: 0.0164:  19%|█▊        | 934/5000 [30:59<2:03:19,  1.82s/it]=>> [Epoch 000] Global Step 000116 =>> LR :: 0.000020 - Loss :: 0.0164:  19%|█▊        | 934/5000 [30:59<2:03:19,  1.82s/it]=>> [Epoch 000] Global Step 000116 =>> LR :: 0.000020 - Loss :: 0.0164:  19%|█▊        | 935/5000 [31:00<2:02:22,  1.81s/it]=>> [Epoch 000] Global Step 000116 =>> LR :: 0.000020 - Loss :: 0.0164:  19%|█▊        | 935/5000 [31:00<2:02:22,  1.81s/it]=>> [Epoch 000] Global Step 000116 =>> LR :: 0.000020 - Loss :: 0.0164:  19%|█▊        | 936/5000 [31:02<2:04:29,  1.84s/it]=>> [Epoch 000] Global Step 000117 =>> LR :: 0.000020 - Loss :: 0.0328:  19%|█▊        | 936/5000 [31:02<2:04:29,  1.84s/it]=>> [Epoch 000] Global Step 000117 =>> LR :: 0.000020 - Loss :: 0.0328:  19%|█▊        | 937/5000 [31:04<2:02:09,  1.80s/it]=>> [Epoch 000] Global Step 000117 =>> LR :: 0.000020 - Loss :: 0.0328:  19%|█▊        | 937/5000 [31:04<2:02:09,  1.80s/it]=>> [Epoch 000] Global Step 000117 =>> LR :: 0.000020 - Loss :: 0.0328:  19%|█▉        | 938/5000 [31:06<2:01:21,  1.79s/it]=>> [Epoch 000] Global Step 000117 =>> LR :: 0.000020 - Loss :: 0.0328:  19%|█▉        | 938/5000 [31:06<2:01:21,  1.79s/it]=>> [Epoch 000] Global Step 000117 =>> LR :: 0.000020 - Loss :: 0.0328:  19%|█▉        | 939/5000 [31:08<2:00:40,  1.78s/it]=>> [Epoch 000] Global Step 000117 =>> LR :: 0.000020 - Loss :: 0.0328:  19%|█▉        | 939/5000 [31:08<2:00:40,  1.78s/it]=>> [Epoch 000] Global Step 000117 =>> LR :: 0.000020 - Loss :: 0.0328:  19%|█▉        | 940/5000 [31:10<2:04:03,  1.83s/it]=>> [Epoch 000] Global Step 000117 =>> LR :: 0.000020 - Loss :: 0.0328:  19%|█▉        | 940/5000 [31:10<2:04:03,  1.83s/it]=>> [Epoch 000] Global Step 000117 =>> LR :: 0.000020 - Loss :: 0.0328:  19%|█▉        | 941/5000 [31:11<2:02:42,  1.81s/it]=>> [Epoch 000] Global Step 000117 =>> LR :: 0.000020 - Loss :: 0.0328:  19%|█▉        | 941/5000 [31:11<2:02:42,  1.81s/it]=>> [Epoch 000] Global Step 000117 =>> LR :: 0.000020 - Loss :: 0.0328:  19%|█▉        | 942/5000 [31:13<2:01:49,  1.80s/it]=>> [Epoch 000] Global Step 000117 =>> LR :: 0.000020 - Loss :: 0.0328:  19%|█▉        | 942/5000 [31:13<2:01:49,  1.80s/it]=>> [Epoch 000] Global Step 000117 =>> LR :: 0.000020 - Loss :: 0.0328:  19%|█▉        | 943/5000 [31:15<2:08:07,  1.89s/it]=>> [Epoch 000] Global Step 000117 =>> LR :: 0.000020 - Loss :: 0.0328:  19%|█▉        | 943/5000 [31:15<2:08:07,  1.89s/it]=>> [Epoch 000] Global Step 000117 =>> LR :: 0.000020 - Loss :: 0.0328:  19%|█▉        | 944/5000 [31:17<2:08:22,  1.90s/it]=>> [Epoch 000] Global Step 000118 =>> LR :: 0.000020 - Loss :: 0.0146:  19%|█▉        | 944/5000 [31:17<2:08:22,  1.90s/it]=>> [Epoch 000] Global Step 000118 =>> LR :: 0.000020 - Loss :: 0.0146:  19%|█▉        | 945/5000 [31:19<2:05:01,  1.85s/it]=>> [Epoch 000] Global Step 000118 =>> LR :: 0.000020 - Loss :: 0.0146:  19%|█▉        | 945/5000 [31:19<2:05:01,  1.85s/it]=>> [Epoch 000] Global Step 000118 =>> LR :: 0.000020 - Loss :: 0.0146:  19%|█▉        | 946/5000 [31:21<2:03:22,  1.83s/it]=>> [Epoch 000] Global Step 000118 =>> LR :: 0.000020 - Loss :: 0.0146:  19%|█▉        | 946/5000 [31:21<2:03:22,  1.83s/it]=>> [Epoch 000] Global Step 000118 =>> LR :: 0.000020 - Loss :: 0.0146:  19%|█▉        | 947/5000 [31:22<2:02:24,  1.81s/it]=>> [Epoch 000] Global Step 000118 =>> LR :: 0.000020 - Loss :: 0.0146:  19%|█▉        | 947/5000 [31:22<2:02:24,  1.81s/it]=>> [Epoch 000] Global Step 000118 =>> LR :: 0.000020 - Loss :: 0.0146:  19%|█▉        | 948/5000 [31:24<2:01:21,  1.80s/it]=>> [Epoch 000] Global Step 000118 =>> LR :: 0.000020 - Loss :: 0.0146:  19%|█▉        | 948/5000 [31:24<2:01:21,  1.80s/it]=>> [Epoch 000] Global Step 000118 =>> LR :: 0.000020 - Loss :: 0.0146:  19%|█▉        | 949/5000 [31:26<2:00:55,  1.79s/it]=>> [Epoch 000] Global Step 000118 =>> LR :: 0.000020 - Loss :: 0.0146:  19%|█▉        | 949/5000 [31:26<2:00:55,  1.79s/it]=>> [Epoch 000] Global Step 000118 =>> LR :: 0.000020 - Loss :: 0.0146:  19%|█▉        | 950/5000 [31:28<2:00:25,  1.78s/it]=>> [Epoch 000] Global Step 000118 =>> LR :: 0.000020 - Loss :: 0.0146:  19%|█▉        | 950/5000 [31:28<2:00:25,  1.78s/it]=>> [Epoch 000] Global Step 000118 =>> LR :: 0.000020 - Loss :: 0.0146:  19%|█▉        | 951/5000 [31:30<2:04:53,  1.85s/it]=>> [Epoch 000] Global Step 000118 =>> LR :: 0.000020 - Loss :: 0.0146:  19%|█▉        | 951/5000 [31:30<2:04:53,  1.85s/it]=>> [Epoch 000] Global Step 000118 =>> LR :: 0.000020 - Loss :: 0.0146:  19%|█▉        | 952/5000 [31:32<2:06:44,  1.88s/it]=>> [Epoch 000] Global Step 000119 =>> LR :: 0.000020 - Loss :: 0.0170:  19%|█▉        | 952/5000 [31:32<2:06:44,  1.88s/it]=>> [Epoch 000] Global Step 000119 =>> LR :: 0.000020 - Loss :: 0.0170:  19%|█▉        | 953/5000 [31:33<2:03:40,  1.83s/it]=>> [Epoch 000] Global Step 000119 =>> LR :: 0.000020 - Loss :: 0.0170:  19%|█▉        | 953/5000 [31:33<2:03:40,  1.83s/it]=>> [Epoch 000] Global Step 000119 =>> LR :: 0.000020 - Loss :: 0.0170:  19%|█▉        | 954/5000 [31:35<2:02:20,  1.81s/it]=>> [Epoch 000] Global Step 000119 =>> LR :: 0.000020 - Loss :: 0.0170:  19%|█▉        | 954/5000 [31:35<2:02:20,  1.81s/it]=>> [Epoch 000] Global Step 000119 =>> LR :: 0.000020 - Loss :: 0.0170:  19%|█▉        | 955/5000 [31:37<2:01:30,  1.80s/it]=>> [Epoch 000] Global Step 000119 =>> LR :: 0.000020 - Loss :: 0.0170:  19%|█▉        | 955/5000 [31:37<2:01:30,  1.80s/it]=>> [Epoch 000] Global Step 000119 =>> LR :: 0.000020 - Loss :: 0.0170:  19%|█▉        | 956/5000 [31:39<2:00:56,  1.79s/it]=>> [Epoch 000] Global Step 000119 =>> LR :: 0.000020 - Loss :: 0.0170:  19%|█▉        | 956/5000 [31:39<2:00:56,  1.79s/it]=>> [Epoch 000] Global Step 000119 =>> LR :: 0.000020 - Loss :: 0.0170:  19%|█▉        | 957/5000 [31:40<2:00:38,  1.79s/it]=>> [Epoch 000] Global Step 000119 =>> LR :: 0.000020 - Loss :: 0.0170:  19%|█▉        | 957/5000 [31:40<2:00:38,  1.79s/it]=>> [Epoch 000] Global Step 000119 =>> LR :: 0.000020 - Loss :: 0.0170:  19%|█▉        | 958/5000 [31:42<2:04:03,  1.84s/it]=>> [Epoch 000] Global Step 000119 =>> LR :: 0.000020 - Loss :: 0.0170:  19%|█▉        | 958/5000 [31:42<2:04:03,  1.84s/it]=>> [Epoch 000] Global Step 000119 =>> LR :: 0.000020 - Loss :: 0.0170:  19%|█▉        | 959/5000 [31:44<2:02:28,  1.82s/it]=>> [Epoch 000] Global Step 000119 =>> LR :: 0.000020 - Loss :: 0.0170:  19%|█▉        | 959/5000 [31:44<2:02:28,  1.82s/it]=>> [Epoch 000] Global Step 000119 =>> LR :: 0.000020 - Loss :: 0.0170:  19%|█▉        | 960/5000 [31:46<2:04:12,  1.84s/it]=>> [Epoch 000] Global Step 000120 =>> LR :: 0.000020 - Loss :: 0.0151:  19%|█▉        | 960/5000 [31:46<2:04:12,  1.84s/it]=>> [Epoch 000] Global Step 000120 =>> LR :: 0.000020 - Loss :: 0.0151:  19%|█▉        | 961/5000 [31:48<2:10:47,  1.94s/it]=>> [Epoch 000] Global Step 000120 =>> LR :: 0.000020 - Loss :: 0.0151:  19%|█▉        | 961/5000 [31:48<2:10:47,  1.94s/it]=>> [Epoch 000] Global Step 000120 =>> LR :: 0.000020 - Loss :: 0.0151:  19%|█▉        | 962/5000 [31:50<2:07:42,  1.90s/it]=>> [Epoch 000] Global Step 000120 =>> LR :: 0.000020 - Loss :: 0.0151:  19%|█▉        | 962/5000 [31:50<2:07:42,  1.90s/it]=>> [Epoch 000] Global Step 000120 =>> LR :: 0.000020 - Loss :: 0.0151:  19%|█▉        | 963/5000 [31:52<2:04:57,  1.86s/it]=>> [Epoch 000] Global Step 000120 =>> LR :: 0.000020 - Loss :: 0.0151:  19%|█▉        | 963/5000 [31:52<2:04:57,  1.86s/it]=>> [Epoch 000] Global Step 000120 =>> LR :: 0.000020 - Loss :: 0.0151:  19%|█▉        | 964/5000 [31:54<2:03:15,  1.83s/it]=>> [Epoch 000] Global Step 000120 =>> LR :: 0.000020 - Loss :: 0.0151:  19%|█▉        | 964/5000 [31:54<2:03:15,  1.83s/it]=>> [Epoch 000] Global Step 000120 =>> LR :: 0.000020 - Loss :: 0.0151:  19%|█▉        | 965/5000 [31:55<2:02:11,  1.82s/it]=>> [Epoch 000] Global Step 000120 =>> LR :: 0.000020 - Loss :: 0.0151:  19%|█▉        | 965/5000 [31:55<2:02:11,  1.82s/it]=>> [Epoch 000] Global Step 000120 =>> LR :: 0.000020 - Loss :: 0.0151:  19%|█▉        | 966/5000 [31:57<2:01:15,  1.80s/it]=>> [Epoch 000] Global Step 000120 =>> LR :: 0.000020 - Loss :: 0.0151:  19%|█▉        | 966/5000 [31:57<2:01:15,  1.80s/it]=>> [Epoch 000] Global Step 000120 =>> LR :: 0.000020 - Loss :: 0.0151:  19%|█▉        | 967/5000 [31:59<2:00:50,  1.80s/it]=>> [Epoch 000] Global Step 000120 =>> LR :: 0.000020 - Loss :: 0.0151:  19%|█▉        | 967/5000 [31:59<2:00:50,  1.80s/it]=>> [Epoch 000] Global Step 000120 =>> LR :: 0.000020 - Loss :: 0.0151:  19%|█▉        | 968/5000 [32:01<2:06:54,  1.89s/it]=>> [Epoch 000] Global Step 000121 =>> LR :: 0.000020 - Loss :: 0.0198:  19%|█▉        | 968/5000 [32:01<2:06:54,  1.89s/it]=>> [Epoch 000] Global Step 000121 =>> LR :: 0.000020 - Loss :: 0.0198:  19%|█▉        | 969/5000 [32:03<2:03:29,  1.84s/it]=>> [Epoch 000] Global Step 000121 =>> LR :: 0.000020 - Loss :: 0.0198:  19%|█▉        | 969/5000 [32:03<2:03:29,  1.84s/it]=>> [Epoch 000] Global Step 000121 =>> LR :: 0.000020 - Loss :: 0.0198:  19%|█▉        | 970/5000 [32:05<2:02:07,  1.82s/it]=>> [Epoch 000] Global Step 000121 =>> LR :: 0.000020 - Loss :: 0.0198:  19%|█▉        | 970/5000 [32:05<2:02:07,  1.82s/it]=>> [Epoch 000] Global Step 000121 =>> LR :: 0.000020 - Loss :: 0.0198:  19%|█▉        | 971/5000 [32:06<2:01:07,  1.80s/it]=>> [Epoch 000] Global Step 000121 =>> LR :: 0.000020 - Loss :: 0.0198:  19%|█▉        | 971/5000 [32:06<2:01:07,  1.80s/it]=>> [Epoch 000] Global Step 000121 =>> LR :: 0.000020 - Loss :: 0.0198:  19%|█▉        | 972/5000 [32:08<2:00:31,  1.80s/it]=>> [Epoch 000] Global Step 000121 =>> LR :: 0.000020 - Loss :: 0.0198:  19%|█▉        | 972/5000 [32:08<2:00:31,  1.80s/it]=>> [Epoch 000] Global Step 000121 =>> LR :: 0.000020 - Loss :: 0.0198:  19%|█▉        | 973/5000 [32:10<1:59:51,  1.79s/it]=>> [Epoch 000] Global Step 000121 =>> LR :: 0.000020 - Loss :: 0.0198:  19%|█▉        | 973/5000 [32:10<1:59:51,  1.79s/it]=>> [Epoch 000] Global Step 000121 =>> LR :: 0.000020 - Loss :: 0.0198:  19%|█▉        | 974/5000 [32:12<1:59:39,  1.78s/it]=>> [Epoch 000] Global Step 000121 =>> LR :: 0.000020 - Loss :: 0.0198:  19%|█▉        | 974/5000 [32:12<1:59:39,  1.78s/it]=>> [Epoch 000] Global Step 000121 =>> LR :: 0.000020 - Loss :: 0.0198:  20%|█▉        | 975/5000 [32:14<2:03:37,  1.84s/it]=>> [Epoch 000] Global Step 000121 =>> LR :: 0.000020 - Loss :: 0.0198:  20%|█▉        | 975/5000 [32:14<2:03:37,  1.84s/it]=>> [Epoch 000] Global Step 000121 =>> LR :: 0.000020 - Loss :: 0.0198:  20%|█▉        | 976/5000 [32:16<2:05:06,  1.87s/it]=>> [Epoch 000] Global Step 000122 =>> LR :: 0.000020 - Loss :: 0.0256:  20%|█▉        | 976/5000 [32:16<2:05:06,  1.87s/it]=>> [Epoch 000] Global Step 000122 =>> LR :: 0.000020 - Loss :: 0.0256:  20%|█▉        | 977/5000 [32:17<2:02:19,  1.82s/it]=>> [Epoch 000] Global Step 000122 =>> LR :: 0.000020 - Loss :: 0.0256:  20%|█▉        | 977/5000 [32:17<2:02:19,  1.82s/it]=>> [Epoch 000] Global Step 000122 =>> LR :: 0.000020 - Loss :: 0.0256:  20%|█▉        | 978/5000 [32:19<2:01:31,  1.81s/it]=>> [Epoch 000] Global Step 000122 =>> LR :: 0.000020 - Loss :: 0.0256:  20%|█▉        | 978/5000 [32:19<2:01:31,  1.81s/it]=>> [Epoch 000] Global Step 000122 =>> LR :: 0.000020 - Loss :: 0.0256:  20%|█▉        | 979/5000 [32:21<2:07:28,  1.90s/it]=>> [Epoch 000] Global Step 000122 =>> LR :: 0.000020 - Loss :: 0.0256:  20%|█▉        | 979/5000 [32:21<2:07:28,  1.90s/it]=>> [Epoch 000] Global Step 000122 =>> LR :: 0.000020 - Loss :: 0.0256:  20%|█▉        | 980/5000 [32:23<2:05:31,  1.87s/it]=>> [Epoch 000] Global Step 000122 =>> LR :: 0.000020 - Loss :: 0.0256:  20%|█▉        | 980/5000 [32:23<2:05:31,  1.87s/it]=>> [Epoch 000] Global Step 000122 =>> LR :: 0.000020 - Loss :: 0.0256:  20%|█▉        | 981/5000 [32:25<2:03:16,  1.84s/it]=>> [Epoch 000] Global Step 000122 =>> LR :: 0.000020 - Loss :: 0.0256:  20%|█▉        | 981/5000 [32:25<2:03:16,  1.84s/it]=>> [Epoch 000] Global Step 000122 =>> LR :: 0.000020 - Loss :: 0.0256:  20%|█▉        | 982/5000 [32:27<2:01:54,  1.82s/it]=>> [Epoch 000] Global Step 000122 =>> LR :: 0.000020 - Loss :: 0.0256:  20%|█▉        | 982/5000 [32:27<2:01:54,  1.82s/it]=>> [Epoch 000] Global Step 000122 =>> LR :: 0.000020 - Loss :: 0.0256:  20%|█▉        | 983/5000 [32:28<2:00:51,  1.81s/it]=>> [Epoch 000] Global Step 000122 =>> LR :: 0.000020 - Loss :: 0.0256:  20%|█▉        | 983/5000 [32:28<2:00:51,  1.81s/it]=>> [Epoch 000] Global Step 000122 =>> LR :: 0.000020 - Loss :: 0.0256:  20%|█▉        | 984/5000 [32:30<2:03:11,  1.84s/it]=>> [Epoch 000] Global Step 000123 =>> LR :: 0.000020 - Loss :: 0.0208:  20%|█▉        | 984/5000 [32:30<2:03:11,  1.84s/it]=>> [Epoch 000] Global Step 000123 =>> LR :: 0.000020 - Loss :: 0.0208:  20%|█▉        | 985/5000 [32:32<2:00:56,  1.81s/it]=>> [Epoch 000] Global Step 000123 =>> LR :: 0.000020 - Loss :: 0.0208:  20%|█▉        | 985/5000 [32:32<2:00:56,  1.81s/it]=>> [Epoch 000] Global Step 000123 =>> LR :: 0.000020 - Loss :: 0.0208:  20%|█▉        | 986/5000 [32:34<2:03:39,  1.85s/it]=>> [Epoch 000] Global Step 000123 =>> LR :: 0.000020 - Loss :: 0.0208:  20%|█▉        | 986/5000 [32:34<2:03:39,  1.85s/it]=>> [Epoch 000] Global Step 000123 =>> LR :: 0.000020 - Loss :: 0.0208:  20%|█▉        | 987/5000 [32:36<2:02:07,  1.83s/it]=>> [Epoch 000] Global Step 000123 =>> LR :: 0.000020 - Loss :: 0.0208:  20%|█▉        | 987/5000 [32:36<2:02:07,  1.83s/it]=>> [Epoch 000] Global Step 000123 =>> LR :: 0.000020 - Loss :: 0.0208:  20%|█▉        | 988/5000 [32:37<2:01:10,  1.81s/it]=>> [Epoch 000] Global Step 000123 =>> LR :: 0.000020 - Loss :: 0.0208:  20%|█▉        | 988/5000 [32:37<2:01:10,  1.81s/it]=>> [Epoch 000] Global Step 000123 =>> LR :: 0.000020 - Loss :: 0.0208:  20%|█▉        | 989/5000 [32:39<2:00:33,  1.80s/it]=>> [Epoch 000] Global Step 000123 =>> LR :: 0.000020 - Loss :: 0.0208:  20%|█▉        | 989/5000 [32:39<2:00:33,  1.80s/it]=>> [Epoch 000] Global Step 000123 =>> LR :: 0.000020 - Loss :: 0.0208:  20%|█▉        | 990/5000 [32:41<1:59:45,  1.79s/it]=>> [Epoch 000] Global Step 000123 =>> LR :: 0.000020 - Loss :: 0.0208:  20%|█▉        | 990/5000 [32:41<1:59:45,  1.79s/it]=>> [Epoch 000] Global Step 000123 =>> LR :: 0.000020 - Loss :: 0.0208:  20%|█▉        | 991/5000 [32:43<1:59:15,  1.78s/it]=>> [Epoch 000] Global Step 000123 =>> LR :: 0.000020 - Loss :: 0.0208:  20%|█▉        | 991/5000 [32:43<1:59:15,  1.78s/it]=>> [Epoch 000] Global Step 000123 =>> LR :: 0.000020 - Loss :: 0.0208:  20%|█▉        | 992/5000 [32:45<2:01:57,  1.83s/it]=>> [Epoch 000] Global Step 000124 =>> LR :: 0.000020 - Loss :: 0.0269:  20%|█▉        | 992/5000 [32:45<2:01:57,  1.83s/it]=>> [Epoch 000] Global Step 000124 =>> LR :: 0.000020 - Loss :: 0.0269:  20%|█▉        | 993/5000 [32:47<2:03:30,  1.85s/it]=>> [Epoch 000] Global Step 000124 =>> LR :: 0.000020 - Loss :: 0.0269:  20%|█▉        | 993/5000 [32:47<2:03:30,  1.85s/it]=>> [Epoch 000] Global Step 000124 =>> LR :: 0.000020 - Loss :: 0.0269:  20%|█▉        | 994/5000 [32:48<2:01:54,  1.83s/it]=>> [Epoch 000] Global Step 000124 =>> LR :: 0.000020 - Loss :: 0.0269:  20%|█▉        | 994/5000 [32:48<2:01:54,  1.83s/it]=>> [Epoch 000] Global Step 000124 =>> LR :: 0.000020 - Loss :: 0.0269:  20%|█▉        | 995/5000 [32:50<2:00:37,  1.81s/it]=>> [Epoch 000] Global Step 000124 =>> LR :: 0.000020 - Loss :: 0.0269:  20%|█▉        | 995/5000 [32:50<2:00:37,  1.81s/it]=>> [Epoch 000] Global Step 000124 =>> LR :: 0.000020 - Loss :: 0.0269:  20%|█▉        | 996/5000 [32:52<2:03:11,  1.85s/it]=>> [Epoch 000] Global Step 000124 =>> LR :: 0.000020 - Loss :: 0.0269:  20%|█▉        | 996/5000 [32:52<2:03:11,  1.85s/it]=>> [Epoch 000] Global Step 000124 =>> LR :: 0.000020 - Loss :: 0.0269:  20%|█▉        | 997/5000 [32:54<2:05:42,  1.88s/it]=>> [Epoch 000] Global Step 000124 =>> LR :: 0.000020 - Loss :: 0.0269:  20%|█▉        | 997/5000 [32:54<2:05:42,  1.88s/it]=>> [Epoch 000] Global Step 000124 =>> LR :: 0.000020 - Loss :: 0.0269:  20%|█▉        | 998/5000 [32:56<2:03:31,  1.85s/it]=>> [Epoch 000] Global Step 000124 =>> LR :: 0.000020 - Loss :: 0.0269:  20%|█▉        | 998/5000 [32:56<2:03:31,  1.85s/it]=>> [Epoch 000] Global Step 000124 =>> LR :: 0.000020 - Loss :: 0.0269:  20%|█▉        | 999/5000 [32:58<2:01:35,  1.82s/it]=>> [Epoch 000] Global Step 000124 =>> LR :: 0.000020 - Loss :: 0.0269:  20%|█▉        | 999/5000 [32:58<2:01:35,  1.82s/it]=>> [Epoch 000] Global Step 000124 =>> LR :: 0.000020 - Loss :: 0.0269:  20%|██        | 1000/5000 [32:59<2:03:19,  1.85s/it]=>> [Epoch 000] Global Step 000125 =>> LR :: 0.000020 - Loss :: 0.0214:  20%|██        | 1000/5000 [32:59<2:03:19,  1.85s/it]=>> [Epoch 000] Global Step 000125 =>> LR :: 0.000020 - Loss :: 0.0214:  20%|██        | 1001/5000 [33:01<2:00:58,  1.82s/it]=>> [Epoch 000] Global Step 000125 =>> LR :: 0.000020 - Loss :: 0.0214:  20%|██        | 1001/5000 [33:01<2:00:58,  1.82s/it]=>> [Epoch 000] Global Step 000125 =>> LR :: 0.000020 - Loss :: 0.0214:  20%|██        | 1002/5000 [33:03<2:00:10,  1.80s/it]=>> [Epoch 000] Global Step 000125 =>> LR :: 0.000020 - Loss :: 0.0214:  20%|██        | 1002/5000 [33:03<2:00:10,  1.80s/it]=>> [Epoch 000] Global Step 000125 =>> LR :: 0.000020 - Loss :: 0.0214:  20%|██        | 1003/5000 [33:05<2:02:50,  1.84s/it]=>> [Epoch 000] Global Step 000125 =>> LR :: 0.000020 - Loss :: 0.0214:  20%|██        | 1003/5000 [33:05<2:02:50,  1.84s/it]=>> [Epoch 000] Global Step 000125 =>> LR :: 0.000020 - Loss :: 0.0214:  20%|██        | 1004/5000 [33:07<2:01:14,  1.82s/it]=>> [Epoch 000] Global Step 000125 =>> LR :: 0.000020 - Loss :: 0.0214:  20%|██        | 1004/5000 [33:07<2:01:14,  1.82s/it]=>> [Epoch 000] Global Step 000125 =>> LR :: 0.000020 - Loss :: 0.0214:  20%|██        | 1005/5000 [33:08<2:00:08,  1.80s/it]=>> [Epoch 000] Global Step 000125 =>> LR :: 0.000020 - Loss :: 0.0214:  20%|██        | 1005/5000 [33:08<2:00:08,  1.80s/it]=>> [Epoch 000] Global Step 000125 =>> LR :: 0.000020 - Loss :: 0.0214:  20%|██        | 1006/5000 [33:10<2:00:07,  1.80s/it]=>> [Epoch 000] Global Step 000125 =>> LR :: 0.000020 - Loss :: 0.0214:  20%|██        | 1006/5000 [33:10<2:00:07,  1.80s/it]=>> [Epoch 000] Global Step 000125 =>> LR :: 0.000020 - Loss :: 0.0214:  20%|██        | 1007/5000 [33:12<1:59:17,  1.79s/it]=>> [Epoch 000] Global Step 000125 =>> LR :: 0.000020 - Loss :: 0.0214:  20%|██        | 1007/5000 [33:12<1:59:17,  1.79s/it]=>> [Epoch 000] Global Step 000125 =>> LR :: 0.000020 - Loss :: 0.0214:  20%|██        | 1008/5000 [33:14<2:01:33,  1.83s/it]=>> [Epoch 000] Global Step 000126 =>> LR :: 0.000020 - Loss :: 0.0185:  20%|██        | 1008/5000 [33:14<2:01:33,  1.83s/it]=>> [Epoch 000] Global Step 000126 =>> LR :: 0.000020 - Loss :: 0.0185:  20%|██        | 1009/5000 [33:16<1:59:40,  1.80s/it]=>> [Epoch 000] Global Step 000126 =>> LR :: 0.000020 - Loss :: 0.0185:  20%|██        | 1009/5000 [33:16<1:59:40,  1.80s/it]=>> [Epoch 000] Global Step 000126 =>> LR :: 0.000020 - Loss :: 0.0185:  20%|██        | 1010/5000 [33:18<2:02:25,  1.84s/it]=>> [Epoch 000] Global Step 000126 =>> LR :: 0.000020 - Loss :: 0.0185:  20%|██        | 1010/5000 [33:18<2:02:25,  1.84s/it]=>> [Epoch 000] Global Step 000126 =>> LR :: 0.000020 - Loss :: 0.0185:  20%|██        | 1011/5000 [33:19<2:01:02,  1.82s/it]=>> [Epoch 000] Global Step 000126 =>> LR :: 0.000020 - Loss :: 0.0185:  20%|██        | 1011/5000 [33:19<2:01:02,  1.82s/it]=>> [Epoch 000] Global Step 000126 =>> LR :: 0.000020 - Loss :: 0.0185:  20%|██        | 1012/5000 [33:21<2:00:07,  1.81s/it]=>> [Epoch 000] Global Step 000126 =>> LR :: 0.000020 - Loss :: 0.0185:  20%|██        | 1012/5000 [33:21<2:00:07,  1.81s/it]=>> [Epoch 000] Global Step 000126 =>> LR :: 0.000020 - Loss :: 0.0185:  20%|██        | 1013/5000 [33:23<2:00:01,  1.81s/it]=>> [Epoch 000] Global Step 000126 =>> LR :: 0.000020 - Loss :: 0.0185:  20%|██        | 1013/5000 [33:23<2:00:01,  1.81s/it]=>> [Epoch 000] Global Step 000126 =>> LR :: 0.000020 - Loss :: 0.0185:  20%|██        | 1014/5000 [33:25<2:03:03,  1.85s/it]=>> [Epoch 000] Global Step 000126 =>> LR :: 0.000020 - Loss :: 0.0185:  20%|██        | 1014/5000 [33:25<2:03:03,  1.85s/it]=>> [Epoch 000] Global Step 000126 =>> LR :: 0.000020 - Loss :: 0.0185:  20%|██        | 1015/5000 [33:27<2:04:44,  1.88s/it]=>> [Epoch 000] Global Step 000126 =>> LR :: 0.000020 - Loss :: 0.0185:  20%|██        | 1015/5000 [33:27<2:04:44,  1.88s/it]=>> [Epoch 000] Global Step 000126 =>> LR :: 0.000020 - Loss :: 0.0185:  20%|██        | 1016/5000 [33:29<2:05:28,  1.89s/it]=>> [Epoch 000] Global Step 000127 =>> LR :: 0.000020 - Loss :: 0.0240:  20%|██        | 1016/5000 [33:29<2:05:28,  1.89s/it]=>> [Epoch 000] Global Step 000127 =>> LR :: 0.000020 - Loss :: 0.0240:  20%|██        | 1017/5000 [33:30<2:02:16,  1.84s/it]=>> [Epoch 000] Global Step 000127 =>> LR :: 0.000020 - Loss :: 0.0240:  20%|██        | 1017/5000 [33:30<2:02:16,  1.84s/it]=>> [Epoch 000] Global Step 000127 =>> LR :: 0.000020 - Loss :: 0.0240:  20%|██        | 1018/5000 [33:32<2:01:03,  1.82s/it]=>> [Epoch 000] Global Step 000127 =>> LR :: 0.000020 - Loss :: 0.0240:  20%|██        | 1018/5000 [33:32<2:01:03,  1.82s/it]=>> [Epoch 000] Global Step 000127 =>> LR :: 0.000020 - Loss :: 0.0240:  20%|██        | 1019/5000 [33:34<1:59:53,  1.81s/it]=>> [Epoch 000] Global Step 000127 =>> LR :: 0.000020 - Loss :: 0.0240:  20%|██        | 1019/5000 [33:34<1:59:53,  1.81s/it]=>> [Epoch 000] Global Step 000127 =>> LR :: 0.000020 - Loss :: 0.0240:  20%|██        | 1020/5000 [33:36<1:58:57,  1.79s/it]=>> [Epoch 000] Global Step 000127 =>> LR :: 0.000020 - Loss :: 0.0240:  20%|██        | 1020/5000 [33:36<1:58:57,  1.79s/it]=>> [Epoch 000] Global Step 000127 =>> LR :: 0.000020 - Loss :: 0.0240:  20%|██        | 1021/5000 [33:38<2:03:08,  1.86s/it]=>> [Epoch 000] Global Step 000127 =>> LR :: 0.000020 - Loss :: 0.0240:  20%|██        | 1021/5000 [33:38<2:03:08,  1.86s/it]=>> [Epoch 000] Global Step 000127 =>> LR :: 0.000020 - Loss :: 0.0240:  20%|██        | 1022/5000 [33:40<2:01:27,  1.83s/it]=>> [Epoch 000] Global Step 000127 =>> LR :: 0.000020 - Loss :: 0.0240:  20%|██        | 1022/5000 [33:40<2:01:27,  1.83s/it]=>> [Epoch 000] Global Step 000127 =>> LR :: 0.000020 - Loss :: 0.0240:  20%|██        | 1023/5000 [33:41<2:00:04,  1.81s/it]=>> [Epoch 000] Global Step 000127 =>> LR :: 0.000020 - Loss :: 0.0240:  20%|██        | 1023/5000 [33:41<2:00:04,  1.81s/it]=>> [Epoch 000] Global Step 000127 =>> LR :: 0.000020 - Loss :: 0.0240:  20%|██        | 1024/5000 [33:43<2:01:53,  1.84s/it]=>> [Epoch 000] Global Step 000128 =>> LR :: 0.000020 - Loss :: 0.0127:  20%|██        | 1024/5000 [33:43<2:01:53,  1.84s/it]=>> [Epoch 000] Global Step 000128 =>> LR :: 0.000020 - Loss :: 0.0127:  20%|██        | 1025/5000 [33:45<1:59:49,  1.81s/it]=>> [Epoch 000] Global Step 000128 =>> LR :: 0.000020 - Loss :: 0.0127:  20%|██        | 1025/5000 [33:45<1:59:49,  1.81s/it]=>> [Epoch 000] Global Step 000128 =>> LR :: 0.000020 - Loss :: 0.0127:  21%|██        | 1026/5000 [33:47<1:59:05,  1.80s/it]=>> [Epoch 000] Global Step 000128 =>> LR :: 0.000020 - Loss :: 0.0127:  21%|██        | 1026/5000 [33:47<1:59:05,  1.80s/it]=>> [Epoch 000] Global Step 000128 =>> LR :: 0.000020 - Loss :: 0.0127:  21%|██        | 1027/5000 [33:49<1:58:34,  1.79s/it]=>> [Epoch 000] Global Step 000128 =>> LR :: 0.000020 - Loss :: 0.0127:  21%|██        | 1027/5000 [33:49<1:58:34,  1.79s/it]=>> [Epoch 000] Global Step 000128 =>> LR :: 0.000020 - Loss :: 0.0127:  21%|██        | 1028/5000 [33:51<2:03:58,  1.87s/it]=>> [Epoch 000] Global Step 000128 =>> LR :: 0.000020 - Loss :: 0.0127:  21%|██        | 1028/5000 [33:51<2:03:58,  1.87s/it]=>> [Epoch 000] Global Step 000128 =>> LR :: 0.000020 - Loss :: 0.0127:  21%|██        | 1029/5000 [33:52<2:01:44,  1.84s/it]=>> [Epoch 000] Global Step 000128 =>> LR :: 0.000020 - Loss :: 0.0127:  21%|██        | 1029/5000 [33:52<2:01:44,  1.84s/it]=>> [Epoch 000] Global Step 000128 =>> LR :: 0.000020 - Loss :: 0.0127:  21%|██        | 1030/5000 [33:54<2:00:19,  1.82s/it]=>> [Epoch 000] Global Step 000128 =>> LR :: 0.000020 - Loss :: 0.0127:  21%|██        | 1030/5000 [33:54<2:00:19,  1.82s/it]=>> [Epoch 000] Global Step 000128 =>> LR :: 0.000020 - Loss :: 0.0127:  21%|██        | 1031/5000 [33:56<1:59:51,  1.81s/it]=>> [Epoch 000] Global Step 000128 =>> LR :: 0.000020 - Loss :: 0.0127:  21%|██        | 1031/5000 [33:56<1:59:51,  1.81s/it]=>> [Epoch 000] Global Step 000128 =>> LR :: 0.000020 - Loss :: 0.0127:  21%|██        | 1032/5000 [33:58<2:06:35,  1.91s/it]=>> [Epoch 000] Global Step 000129 =>> LR :: 0.000020 - Loss :: 0.0204:  21%|██        | 1032/5000 [33:58<2:06:35,  1.91s/it]=>> [Epoch 000] Global Step 000129 =>> LR :: 0.000020 - Loss :: 0.0204:  21%|██        | 1033/5000 [34:00<2:07:27,  1.93s/it]=>> [Epoch 000] Global Step 000129 =>> LR :: 0.000020 - Loss :: 0.0204:  21%|██        | 1033/5000 [34:00<2:07:27,  1.93s/it]=>> [Epoch 000] Global Step 000129 =>> LR :: 0.000020 - Loss :: 0.0204:  21%|██        | 1034/5000 [34:02<2:04:13,  1.88s/it]=>> [Epoch 000] Global Step 000129 =>> LR :: 0.000020 - Loss :: 0.0204:  21%|██        | 1034/5000 [34:02<2:04:13,  1.88s/it]=>> [Epoch 000] Global Step 000129 =>> LR :: 0.000020 - Loss :: 0.0204:  21%|██        | 1035/5000 [34:04<2:02:07,  1.85s/it]=>> [Epoch 000] Global Step 000129 =>> LR :: 0.000020 - Loss :: 0.0204:  21%|██        | 1035/5000 [34:04<2:02:07,  1.85s/it]=>> [Epoch 000] Global Step 000129 =>> LR :: 0.000020 - Loss :: 0.0204:  21%|██        | 1036/5000 [34:05<2:00:43,  1.83s/it]=>> [Epoch 000] Global Step 000129 =>> LR :: 0.000020 - Loss :: 0.0204:  21%|██        | 1036/5000 [34:05<2:00:43,  1.83s/it]=>> [Epoch 000] Global Step 000129 =>> LR :: 0.000020 - Loss :: 0.0204:  21%|██        | 1037/5000 [34:07<1:59:25,  1.81s/it]=>> [Epoch 000] Global Step 000129 =>> LR :: 0.000020 - Loss :: 0.0204:  21%|██        | 1037/5000 [34:07<1:59:25,  1.81s/it]=>> [Epoch 000] Global Step 000129 =>> LR :: 0.000020 - Loss :: 0.0204:  21%|██        | 1038/5000 [34:09<2:02:11,  1.85s/it]=>> [Epoch 000] Global Step 000129 =>> LR :: 0.000020 - Loss :: 0.0204:  21%|██        | 1038/5000 [34:09<2:02:11,  1.85s/it]=>> [Epoch 000] Global Step 000129 =>> LR :: 0.000020 - Loss :: 0.0204:  21%|██        | 1039/5000 [34:11<2:00:13,  1.82s/it]=>> [Epoch 000] Global Step 000129 =>> LR :: 0.000020 - Loss :: 0.0204:  21%|██        | 1039/5000 [34:11<2:00:13,  1.82s/it]=>> [Epoch 000] Global Step 000129 =>> LR :: 0.000020 - Loss :: 0.0204:  21%|██        | 1040/5000 [34:13<2:02:06,  1.85s/it]=>> [Epoch 000] Global Step 000130 =>> LR :: 0.000020 - Loss :: 0.0140:  21%|██        | 1040/5000 [34:13<2:02:06,  1.85s/it]=>> [Epoch 000] Global Step 000130 =>> LR :: 0.000020 - Loss :: 0.0140:  21%|██        | 1041/5000 [34:14<1:59:36,  1.81s/it]=>> [Epoch 000] Global Step 000130 =>> LR :: 0.000020 - Loss :: 0.0140:  21%|██        | 1041/5000 [34:14<1:59:36,  1.81s/it]=>> [Epoch 000] Global Step 000130 =>> LR :: 0.000020 - Loss :: 0.0140:  21%|██        | 1042/5000 [34:16<1:58:40,  1.80s/it]=>> [Epoch 000] Global Step 000130 =>> LR :: 0.000020 - Loss :: 0.0140:  21%|██        | 1042/5000 [34:16<1:58:40,  1.80s/it]=>> [Epoch 000] Global Step 000130 =>> LR :: 0.000020 - Loss :: 0.0140:  21%|██        | 1043/5000 [34:18<1:57:56,  1.79s/it]=>> [Epoch 000] Global Step 000130 =>> LR :: 0.000020 - Loss :: 0.0140:  21%|██        | 1043/5000 [34:18<1:57:56,  1.79s/it]=>> [Epoch 000] Global Step 000130 =>> LR :: 0.000020 - Loss :: 0.0140:  21%|██        | 1044/5000 [34:20<1:57:40,  1.78s/it]=>> [Epoch 000] Global Step 000130 =>> LR :: 0.000020 - Loss :: 0.0140:  21%|██        | 1044/5000 [34:20<1:57:40,  1.78s/it]=>> [Epoch 000] Global Step 000130 =>> LR :: 0.000020 - Loss :: 0.0140:  21%|██        | 1045/5000 [34:22<2:00:53,  1.83s/it]=>> [Epoch 000] Global Step 000130 =>> LR :: 0.000020 - Loss :: 0.0140:  21%|██        | 1045/5000 [34:22<2:00:53,  1.83s/it]=>> [Epoch 000] Global Step 000130 =>> LR :: 0.000020 - Loss :: 0.0140:  21%|██        | 1046/5000 [34:23<1:59:29,  1.81s/it]=>> [Epoch 000] Global Step 000130 =>> LR :: 0.000020 - Loss :: 0.0140:  21%|██        | 1046/5000 [34:23<1:59:29,  1.81s/it]=>> [Epoch 000] Global Step 000130 =>> LR :: 0.000020 - Loss :: 0.0140:  21%|██        | 1047/5000 [34:25<1:58:31,  1.80s/it]=>> [Epoch 000] Global Step 000130 =>> LR :: 0.000020 - Loss :: 0.0140:  21%|██        | 1047/5000 [34:25<1:58:31,  1.80s/it]=>> [Epoch 000] Global Step 000130 =>> LR :: 0.000020 - Loss :: 0.0140:  21%|██        | 1048/5000 [34:27<2:00:43,  1.83s/it]=>> [Epoch 000] Global Step 000131 =>> LR :: 0.000020 - Loss :: 0.0329:  21%|██        | 1048/5000 [34:27<2:00:43,  1.83s/it]=>> [Epoch 000] Global Step 000131 =>> LR :: 0.000020 - Loss :: 0.0329:  21%|██        | 1049/5000 [34:29<2:02:25,  1.86s/it]=>> [Epoch 000] Global Step 000131 =>> LR :: 0.000020 - Loss :: 0.0329:  21%|██        | 1049/5000 [34:29<2:02:25,  1.86s/it]=>> [Epoch 000] Global Step 000131 =>> LR :: 0.000020 - Loss :: 0.0329:  21%|██        | 1050/5000 [34:31<2:00:32,  1.83s/it]=>> [Epoch 000] Global Step 000131 =>> LR :: 0.000020 - Loss :: 0.0329:  21%|██        | 1050/5000 [34:31<2:00:32,  1.83s/it]=>> [Epoch 000] Global Step 000131 =>> LR :: 0.000020 - Loss :: 0.0329:  21%|██        | 1051/5000 [34:33<2:03:36,  1.88s/it]=>> [Epoch 000] Global Step 000131 =>> LR :: 0.000020 - Loss :: 0.0329:  21%|██        | 1051/5000 [34:33<2:03:36,  1.88s/it]=>> [Epoch 000] Global Step 000131 =>> LR :: 0.000020 - Loss :: 0.0329:  21%|██        | 1052/5000 [34:35<2:01:23,  1.84s/it]=>> [Epoch 000] Global Step 000131 =>> LR :: 0.000020 - Loss :: 0.0329:  21%|██        | 1052/5000 [34:35<2:01:23,  1.84s/it]=>> [Epoch 000] Global Step 000131 =>> LR :: 0.000020 - Loss :: 0.0329:  21%|██        | 1053/5000 [34:36<1:59:45,  1.82s/it]=>> [Epoch 000] Global Step 000131 =>> LR :: 0.000020 - Loss :: 0.0329:  21%|██        | 1053/5000 [34:36<1:59:45,  1.82s/it]=>> [Epoch 000] Global Step 000131 =>> LR :: 0.000020 - Loss :: 0.0329:  21%|██        | 1054/5000 [34:38<1:59:20,  1.81s/it]=>> [Epoch 000] Global Step 000131 =>> LR :: 0.000020 - Loss :: 0.0329:  21%|██        | 1054/5000 [34:38<1:59:20,  1.81s/it]=>> [Epoch 000] Global Step 000131 =>> LR :: 0.000020 - Loss :: 0.0329:  21%|██        | 1055/5000 [34:40<1:58:38,  1.80s/it]=>> [Epoch 000] Global Step 000131 =>> LR :: 0.000020 - Loss :: 0.0329:  21%|██        | 1055/5000 [34:40<1:58:38,  1.80s/it]=>> [Epoch 000] Global Step 000131 =>> LR :: 0.000020 - Loss :: 0.0329:  21%|██        | 1056/5000 [34:42<2:04:24,  1.89s/it]=>> [Epoch 000] Global Step 000132 =>> LR :: 0.000020 - Loss :: 0.0220:  21%|██        | 1056/5000 [34:42<2:04:24,  1.89s/it]=>> [Epoch 000] Global Step 000132 =>> LR :: 0.000020 - Loss :: 0.0220:  21%|██        | 1057/5000 [34:44<2:01:14,  1.85s/it]=>> [Epoch 000] Global Step 000132 =>> LR :: 0.000020 - Loss :: 0.0220:  21%|██        | 1057/5000 [34:44<2:01:14,  1.85s/it]=>> [Epoch 000] Global Step 000132 =>> LR :: 0.000020 - Loss :: 0.0220:  21%|██        | 1058/5000 [34:46<1:59:29,  1.82s/it]=>> [Epoch 000] Global Step 000132 =>> LR :: 0.000020 - Loss :: 0.0220:  21%|██        | 1058/5000 [34:46<1:59:29,  1.82s/it]=>> [Epoch 000] Global Step 000132 =>> LR :: 0.000020 - Loss :: 0.0220:  21%|██        | 1059/5000 [34:47<1:58:27,  1.80s/it]=>> [Epoch 000] Global Step 000132 =>> LR :: 0.000020 - Loss :: 0.0220:  21%|██        | 1059/5000 [34:47<1:58:27,  1.80s/it]=>> [Epoch 000] Global Step 000132 =>> LR :: 0.000020 - Loss :: 0.0220:  21%|██        | 1060/5000 [34:49<1:58:39,  1.81s/it]=>> [Epoch 000] Global Step 000132 =>> LR :: 0.000020 - Loss :: 0.0220:  21%|██        | 1060/5000 [34:49<1:58:39,  1.81s/it]=>> [Epoch 000] Global Step 000132 =>> LR :: 0.000020 - Loss :: 0.0220:  21%|██        | 1061/5000 [34:51<1:57:42,  1.79s/it]=>> [Epoch 000] Global Step 000132 =>> LR :: 0.000020 - Loss :: 0.0220:  21%|██        | 1061/5000 [34:51<1:57:42,  1.79s/it]=>> [Epoch 000] Global Step 000132 =>> LR :: 0.000020 - Loss :: 0.0220:  21%|██        | 1062/5000 [34:53<1:57:11,  1.79s/it]=>> [Epoch 000] Global Step 000132 =>> LR :: 0.000020 - Loss :: 0.0220:  21%|██        | 1062/5000 [34:53<1:57:11,  1.79s/it]=>> [Epoch 000] Global Step 000132 =>> LR :: 0.000020 - Loss :: 0.0220:  21%|██▏       | 1063/5000 [34:55<2:00:22,  1.83s/it]=>> [Epoch 000] Global Step 000132 =>> LR :: 0.000020 - Loss :: 0.0220:  21%|██▏       | 1063/5000 [34:55<2:00:22,  1.83s/it]=>> [Epoch 000] Global Step 000132 =>> LR :: 0.000020 - Loss :: 0.0220:  21%|██▏       | 1064/5000 [34:57<2:01:52,  1.86s/it]=>> [Epoch 000] Global Step 000133 =>> LR :: 0.000020 - Loss :: 0.0247:  21%|██▏       | 1064/5000 [34:57<2:01:52,  1.86s/it]=>> [Epoch 000] Global Step 000133 =>> LR :: 0.000020 - Loss :: 0.0247:  21%|██▏       | 1065/5000 [34:58<1:59:19,  1.82s/it]=>> [Epoch 000] Global Step 000133 =>> LR :: 0.000020 - Loss :: 0.0247:  21%|██▏       | 1065/5000 [34:58<1:59:19,  1.82s/it]=>> [Epoch 000] Global Step 000133 =>> LR :: 0.000020 - Loss :: 0.0247:  21%|██▏       | 1066/5000 [35:00<1:58:41,  1.81s/it]=>> [Epoch 000] Global Step 000133 =>> LR :: 0.000020 - Loss :: 0.0247:  21%|██▏       | 1066/5000 [35:00<1:58:41,  1.81s/it]=>> [Epoch 000] Global Step 000133 =>> LR :: 0.000020 - Loss :: 0.0247:  21%|██▏       | 1067/5000 [35:02<2:01:41,  1.86s/it]=>> [Epoch 000] Global Step 000133 =>> LR :: 0.000020 - Loss :: 0.0247:  21%|██▏       | 1067/5000 [35:02<2:01:41,  1.86s/it]=>> [Epoch 000] Global Step 000133 =>> LR :: 0.000020 - Loss :: 0.0247:  21%|██▏       | 1068/5000 [35:04<2:03:21,  1.88s/it]=>> [Epoch 000] Global Step 000133 =>> LR :: 0.000020 - Loss :: 0.0247:  21%|██▏       | 1068/5000 [35:04<2:03:21,  1.88s/it]=>> [Epoch 000] Global Step 000133 =>> LR :: 0.000020 - Loss :: 0.0247:  21%|██▏       | 1069/5000 [35:06<2:01:01,  1.85s/it]=>> [Epoch 000] Global Step 000133 =>> LR :: 0.000020 - Loss :: 0.0247:  21%|██▏       | 1069/5000 [35:06<2:01:01,  1.85s/it]=>> [Epoch 000] Global Step 000133 =>> LR :: 0.000020 - Loss :: 0.0247:  21%|██▏       | 1070/5000 [35:07<1:59:33,  1.83s/it]=>> [Epoch 000] Global Step 000133 =>> LR :: 0.000020 - Loss :: 0.0247:  21%|██▏       | 1070/5000 [35:07<1:59:33,  1.83s/it]=>> [Epoch 000] Global Step 000133 =>> LR :: 0.000020 - Loss :: 0.0247:  21%|██▏       | 1071/5000 [35:09<1:58:26,  1.81s/it]=>> [Epoch 000] Global Step 000133 =>> LR :: 0.000020 - Loss :: 0.0247:  21%|██▏       | 1071/5000 [35:09<1:58:26,  1.81s/it]=>> [Epoch 000] Global Step 000133 =>> LR :: 0.000020 - Loss :: 0.0247:  21%|██▏       | 1072/5000 [35:11<2:00:35,  1.84s/it]=>> [Epoch 000] Global Step 000134 =>> LR :: 0.000020 - Loss :: 0.0161:  21%|██▏       | 1072/5000 [35:11<2:00:35,  1.84s/it]=>> [Epoch 000] Global Step 000134 =>> LR :: 0.000020 - Loss :: 0.0161:  21%|██▏       | 1073/5000 [35:13<2:01:36,  1.86s/it]=>> [Epoch 000] Global Step 000134 =>> LR :: 0.000020 - Loss :: 0.0161:  21%|██▏       | 1073/5000 [35:13<2:01:36,  1.86s/it]=>> [Epoch 000] Global Step 000134 =>> LR :: 0.000020 - Loss :: 0.0161:  21%|██▏       | 1074/5000 [35:15<1:59:55,  1.83s/it]=>> [Epoch 000] Global Step 000134 =>> LR :: 0.000020 - Loss :: 0.0161:  21%|██▏       | 1074/5000 [35:15<1:59:55,  1.83s/it]=>> [Epoch 000] Global Step 000134 =>> LR :: 0.000020 - Loss :: 0.0161:  22%|██▏       | 1075/5000 [35:17<1:58:52,  1.82s/it]=>> [Epoch 000] Global Step 000134 =>> LR :: 0.000020 - Loss :: 0.0161:  22%|██▏       | 1075/5000 [35:17<1:58:52,  1.82s/it]=>> [Epoch 000] Global Step 000134 =>> LR :: 0.000020 - Loss :: 0.0161:  22%|██▏       | 1076/5000 [35:18<1:58:09,  1.81s/it]=>> [Epoch 000] Global Step 000134 =>> LR :: 0.000020 - Loss :: 0.0161:  22%|██▏       | 1076/5000 [35:18<1:58:09,  1.81s/it]=>> [Epoch 000] Global Step 000134 =>> LR :: 0.000020 - Loss :: 0.0161:  22%|██▏       | 1077/5000 [35:20<1:57:42,  1.80s/it]=>> [Epoch 000] Global Step 000134 =>> LR :: 0.000020 - Loss :: 0.0161:  22%|██▏       | 1077/5000 [35:20<1:57:42,  1.80s/it]=>> [Epoch 000] Global Step 000134 =>> LR :: 0.000020 - Loss :: 0.0161:  22%|██▏       | 1078/5000 [35:22<1:58:21,  1.81s/it]=>> [Epoch 000] Global Step 000134 =>> LR :: 0.000020 - Loss :: 0.0161:  22%|██▏       | 1078/5000 [35:22<1:58:21,  1.81s/it]=>> [Epoch 000] Global Step 000134 =>> LR :: 0.000020 - Loss :: 0.0161:  22%|██▏       | 1079/5000 [35:24<1:57:36,  1.80s/it]=>> [Epoch 000] Global Step 000134 =>> LR :: 0.000020 - Loss :: 0.0161:  22%|██▏       | 1079/5000 [35:24<1:57:36,  1.80s/it]=>> [Epoch 000] Global Step 000134 =>> LR :: 0.000020 - Loss :: 0.0161:  22%|██▏       | 1080/5000 [35:26<2:03:55,  1.90s/it]=>> [Epoch 000] Global Step 000135 =>> LR :: 0.000020 - Loss :: 0.0193:  22%|██▏       | 1080/5000 [35:26<2:03:55,  1.90s/it]=>> [Epoch 000] Global Step 000135 =>> LR :: 0.000020 - Loss :: 0.0193:  22%|██▏       | 1081/5000 [35:28<2:00:45,  1.85s/it]=>> [Epoch 000] Global Step 000135 =>> LR :: 0.000020 - Loss :: 0.0193:  22%|██▏       | 1081/5000 [35:28<2:00:45,  1.85s/it]=>> [Epoch 000] Global Step 000135 =>> LR :: 0.000020 - Loss :: 0.0193:  22%|██▏       | 1082/5000 [35:29<1:59:10,  1.83s/it]=>> [Epoch 000] Global Step 000135 =>> LR :: 0.000020 - Loss :: 0.0193:  22%|██▏       | 1082/5000 [35:29<1:59:10,  1.83s/it]=>> [Epoch 000] Global Step 000135 =>> LR :: 0.000020 - Loss :: 0.0193:  22%|██▏       | 1083/5000 [35:31<1:58:08,  1.81s/it]=>> [Epoch 000] Global Step 000135 =>> LR :: 0.000020 - Loss :: 0.0193:  22%|██▏       | 1083/5000 [35:31<1:58:08,  1.81s/it]=>> [Epoch 000] Global Step 000135 =>> LR :: 0.000020 - Loss :: 0.0193:  22%|██▏       | 1084/5000 [35:33<1:57:24,  1.80s/it]=>> [Epoch 000] Global Step 000135 =>> LR :: 0.000020 - Loss :: 0.0193:  22%|██▏       | 1084/5000 [35:33<1:57:24,  1.80s/it]=>> [Epoch 000] Global Step 000135 =>> LR :: 0.000020 - Loss :: 0.0193:  22%|██▏       | 1085/5000 [35:35<2:00:11,  1.84s/it]=>> [Epoch 000] Global Step 000135 =>> LR :: 0.000020 - Loss :: 0.0193:  22%|██▏       | 1085/5000 [35:35<2:00:11,  1.84s/it]=>> [Epoch 000] Global Step 000135 =>> LR :: 0.000020 - Loss :: 0.0193:  22%|██▏       | 1086/5000 [35:37<1:58:55,  1.82s/it]=>> [Epoch 000] Global Step 000135 =>> LR :: 0.000020 - Loss :: 0.0193:  22%|██▏       | 1086/5000 [35:37<1:58:55,  1.82s/it]=>> [Epoch 000] Global Step 000135 =>> LR :: 0.000020 - Loss :: 0.0193:  22%|██▏       | 1087/5000 [35:39<2:02:31,  1.88s/it]=>> [Epoch 000] Global Step 000135 =>> LR :: 0.000020 - Loss :: 0.0193:  22%|██▏       | 1087/5000 [35:39<2:02:31,  1.88s/it]=>> [Epoch 000] Global Step 000135 =>> LR :: 0.000020 - Loss :: 0.0193:  22%|██▏       | 1088/5000 [35:41<2:03:11,  1.89s/it]=>> [Epoch 000] Global Step 000136 =>> LR :: 0.000020 - Loss :: 0.0203:  22%|██▏       | 1088/5000 [35:41<2:03:11,  1.89s/it]=>> [Epoch 000] Global Step 000136 =>> LR :: 0.000020 - Loss :: 0.0203:  22%|██▏       | 1089/5000 [35:42<1:59:52,  1.84s/it]=>> [Epoch 000] Global Step 000136 =>> LR :: 0.000020 - Loss :: 0.0203:  22%|██▏       | 1089/5000 [35:42<1:59:52,  1.84s/it]=>> [Epoch 000] Global Step 000136 =>> LR :: 0.000020 - Loss :: 0.0203:  22%|██▏       | 1090/5000 [35:44<1:58:34,  1.82s/it]=>> [Epoch 000] Global Step 000136 =>> LR :: 0.000020 - Loss :: 0.0203:  22%|██▏       | 1090/5000 [35:44<1:58:34,  1.82s/it]=>> [Epoch 000] Global Step 000136 =>> LR :: 0.000020 - Loss :: 0.0203:  22%|██▏       | 1091/5000 [35:46<2:02:01,  1.87s/it]=>> [Epoch 000] Global Step 000136 =>> LR :: 0.000020 - Loss :: 0.0203:  22%|██▏       | 1091/5000 [35:46<2:02:01,  1.87s/it]=>> [Epoch 000] Global Step 000136 =>> LR :: 0.000020 - Loss :: 0.0203:  22%|██▏       | 1092/5000 [35:48<2:00:02,  1.84s/it]=>> [Epoch 000] Global Step 000136 =>> LR :: 0.000020 - Loss :: 0.0203:  22%|██▏       | 1092/5000 [35:48<2:00:02,  1.84s/it]=>> [Epoch 000] Global Step 000136 =>> LR :: 0.000020 - Loss :: 0.0203:  22%|██▏       | 1093/5000 [35:50<1:58:38,  1.82s/it]=>> [Epoch 000] Global Step 000136 =>> LR :: 0.000020 - Loss :: 0.0203:  22%|██▏       | 1093/5000 [35:50<1:58:38,  1.82s/it]=>> [Epoch 000] Global Step 000136 =>> LR :: 0.000020 - Loss :: 0.0203:  22%|██▏       | 1094/5000 [35:51<1:57:43,  1.81s/it]=>> [Epoch 000] Global Step 000136 =>> LR :: 0.000020 - Loss :: 0.0203:  22%|██▏       | 1094/5000 [35:51<1:57:43,  1.81s/it]=>> [Epoch 000] Global Step 000136 =>> LR :: 0.000020 - Loss :: 0.0203:  22%|██▏       | 1095/5000 [35:53<1:56:59,  1.80s/it]=>> [Epoch 000] Global Step 000136 =>> LR :: 0.000020 - Loss :: 0.0203:  22%|██▏       | 1095/5000 [35:53<1:56:59,  1.80s/it]=>> [Epoch 000] Global Step 000136 =>> LR :: 0.000020 - Loss :: 0.0203:  22%|██▏       | 1096/5000 [35:55<1:59:18,  1.83s/it]=>> [Epoch 000] Global Step 000137 =>> LR :: 0.000020 - Loss :: 0.0199:  22%|██▏       | 1096/5000 [35:55<1:59:18,  1.83s/it]=>> [Epoch 000] Global Step 000137 =>> LR :: 0.000020 - Loss :: 0.0199:  22%|██▏       | 1097/5000 [35:57<1:57:10,  1.80s/it]=>> [Epoch 000] Global Step 000137 =>> LR :: 0.000020 - Loss :: 0.0199:  22%|██▏       | 1097/5000 [35:57<1:57:10,  1.80s/it]=>> [Epoch 000] Global Step 000137 =>> LR :: 0.000020 - Loss :: 0.0199:  22%|██▏       | 1098/5000 [35:59<2:01:06,  1.86s/it]=>> [Epoch 000] Global Step 000137 =>> LR :: 0.000020 - Loss :: 0.0199:  22%|██▏       | 1098/5000 [35:59<2:01:06,  1.86s/it]=>> [Epoch 000] Global Step 000137 =>> LR :: 0.000020 - Loss :: 0.0199:  22%|██▏       | 1099/5000 [36:01<1:59:23,  1.84s/it]=>> [Epoch 000] Global Step 000137 =>> LR :: 0.000020 - Loss :: 0.0199:  22%|██▏       | 1099/5000 [36:01<1:59:23,  1.84s/it]=>> [Epoch 000] Global Step 000137 =>> LR :: 0.000020 - Loss :: 0.0199:  22%|██▏       | 1100/5000 [36:02<1:57:57,  1.81s/it]=>> [Epoch 000] Global Step 000137 =>> LR :: 0.000020 - Loss :: 0.0199:  22%|██▏       | 1100/5000 [36:02<1:57:57,  1.81s/it]=>> [Epoch 000] Global Step 000137 =>> LR :: 0.000020 - Loss :: 0.0199:  22%|██▏       | 1101/5000 [36:04<1:56:57,  1.80s/it]=>> [Epoch 000] Global Step 000137 =>> LR :: 0.000020 - Loss :: 0.0199:  22%|██▏       | 1101/5000 [36:04<1:56:57,  1.80s/it]=>> [Epoch 000] Global Step 000137 =>> LR :: 0.000020 - Loss :: 0.0199:  22%|██▏       | 1102/5000 [36:06<2:00:01,  1.85s/it]=>> [Epoch 000] Global Step 000137 =>> LR :: 0.000020 - Loss :: 0.0199:  22%|██▏       | 1102/5000 [36:06<2:00:01,  1.85s/it]=>> [Epoch 000] Global Step 000137 =>> LR :: 0.000020 - Loss :: 0.0199:  22%|██▏       | 1103/5000 [36:08<1:58:35,  1.83s/it]=>> [Epoch 000] Global Step 000137 =>> LR :: 0.000020 - Loss :: 0.0199:  22%|██▏       | 1103/5000 [36:08<1:58:35,  1.83s/it]=>> [Epoch 000] Global Step 000137 =>> LR :: 0.000020 - Loss :: 0.0199:  22%|██▏       | 1104/5000 [36:10<2:04:45,  1.92s/it]=>> [Epoch 000] Global Step 000138 =>> LR :: 0.000020 - Loss :: 0.0235:  22%|██▏       | 1104/5000 [36:10<2:04:45,  1.92s/it]=>> [Epoch 000] Global Step 000138 =>> LR :: 0.000020 - Loss :: 0.0235:  22%|██▏       | 1105/5000 [36:12<2:01:01,  1.86s/it]=>> [Epoch 000] Global Step 000138 =>> LR :: 0.000020 - Loss :: 0.0235:  22%|██▏       | 1105/5000 [36:12<2:01:01,  1.86s/it]=>> [Epoch 000] Global Step 000138 =>> LR :: 0.000020 - Loss :: 0.0235:  22%|██▏       | 1106/5000 [36:14<1:59:14,  1.84s/it]=>> [Epoch 000] Global Step 000138 =>> LR :: 0.000020 - Loss :: 0.0235:  22%|██▏       | 1106/5000 [36:14<1:59:14,  1.84s/it]=>> [Epoch 000] Global Step 000138 =>> LR :: 0.000020 - Loss :: 0.0235:  22%|██▏       | 1107/5000 [36:15<1:57:44,  1.81s/it]=>> [Epoch 000] Global Step 000138 =>> LR :: 0.000020 - Loss :: 0.0235:  22%|██▏       | 1107/5000 [36:15<1:57:44,  1.81s/it]=>> [Epoch 000] Global Step 000138 =>> LR :: 0.000020 - Loss :: 0.0235:  22%|██▏       | 1108/5000 [36:17<2:00:08,  1.85s/it]=>> [Epoch 000] Global Step 000138 =>> LR :: 0.000020 - Loss :: 0.0235:  22%|██▏       | 1108/5000 [36:17<2:00:08,  1.85s/it]=>> [Epoch 000] Global Step 000138 =>> LR :: 0.000020 - Loss :: 0.0235:  22%|██▏       | 1109/5000 [36:19<1:58:28,  1.83s/it]=>> [Epoch 000] Global Step 000138 =>> LR :: 0.000020 - Loss :: 0.0235:  22%|██▏       | 1109/5000 [36:19<1:58:28,  1.83s/it]=>> [Epoch 000] Global Step 000138 =>> LR :: 0.000020 - Loss :: 0.0235:  22%|██▏       | 1110/5000 [36:21<1:57:31,  1.81s/it]=>> [Epoch 000] Global Step 000138 =>> LR :: 0.000020 - Loss :: 0.0235:  22%|██▏       | 1110/5000 [36:21<1:57:31,  1.81s/it]=>> [Epoch 000] Global Step 000138 =>> LR :: 0.000020 - Loss :: 0.0235:  22%|██▏       | 1111/5000 [36:23<1:56:50,  1.80s/it]=>> [Epoch 000] Global Step 000138 =>> LR :: 0.000020 - Loss :: 0.0235:  22%|██▏       | 1111/5000 [36:23<1:56:50,  1.80s/it]=>> [Epoch 000] Global Step 000138 =>> LR :: 0.000020 - Loss :: 0.0235:  22%|██▏       | 1112/5000 [36:24<1:59:05,  1.84s/it]=>> [Epoch 000] Global Step 000139 =>> LR :: 0.000020 - Loss :: 0.0194:  22%|██▏       | 1112/5000 [36:24<1:59:05,  1.84s/it]=>> [Epoch 000] Global Step 000139 =>> LR :: 0.000020 - Loss :: 0.0194:  22%|██▏       | 1113/5000 [36:26<1:57:02,  1.81s/it]=>> [Epoch 000] Global Step 000139 =>> LR :: 0.000020 - Loss :: 0.0194:  22%|██▏       | 1113/5000 [36:26<1:57:02,  1.81s/it]=>> [Epoch 000] Global Step 000139 =>> LR :: 0.000020 - Loss :: 0.0194:  22%|██▏       | 1114/5000 [36:28<1:56:57,  1.81s/it]=>> [Epoch 000] Global Step 000139 =>> LR :: 0.000020 - Loss :: 0.0194:  22%|██▏       | 1114/5000 [36:28<1:56:57,  1.81s/it]=>> [Epoch 000] Global Step 000139 =>> LR :: 0.000020 - Loss :: 0.0194:  22%|██▏       | 1115/5000 [36:30<2:00:10,  1.86s/it]=>> [Epoch 000] Global Step 000139 =>> LR :: 0.000020 - Loss :: 0.0194:  22%|██▏       | 1115/5000 [36:30<2:00:10,  1.86s/it]=>> [Epoch 000] Global Step 000139 =>> LR :: 0.000020 - Loss :: 0.0194:  22%|██▏       | 1116/5000 [36:32<1:58:26,  1.83s/it]=>> [Epoch 000] Global Step 000139 =>> LR :: 0.000020 - Loss :: 0.0194:  22%|██▏       | 1116/5000 [36:32<1:58:26,  1.83s/it]=>> [Epoch 000] Global Step 000139 =>> LR :: 0.000020 - Loss :: 0.0194:  22%|██▏       | 1117/5000 [36:34<1:57:18,  1.81s/it]=>> [Epoch 000] Global Step 000139 =>> LR :: 0.000020 - Loss :: 0.0194:  22%|██▏       | 1117/5000 [36:34<1:57:18,  1.81s/it]=>> [Epoch 000] Global Step 000139 =>> LR :: 0.000020 - Loss :: 0.0194:  22%|██▏       | 1118/5000 [36:35<1:56:20,  1.80s/it]=>> [Epoch 000] Global Step 000139 =>> LR :: 0.000020 - Loss :: 0.0194:  22%|██▏       | 1118/5000 [36:35<1:56:20,  1.80s/it]=>> [Epoch 000] Global Step 000139 =>> LR :: 0.000020 - Loss :: 0.0194:  22%|██▏       | 1119/5000 [36:37<1:55:51,  1.79s/it]=>> [Epoch 000] Global Step 000139 =>> LR :: 0.000020 - Loss :: 0.0194:  22%|██▏       | 1119/5000 [36:37<1:55:51,  1.79s/it]=>> [Epoch 000] Global Step 000139 =>> LR :: 0.000020 - Loss :: 0.0194:  22%|██▏       | 1120/5000 [36:39<2:02:27,  1.89s/it]=>> [Epoch 000] Global Step 000140 =>> LR :: 0.000020 - Loss :: 0.0393:  22%|██▏       | 1120/5000 [36:39<2:02:27,  1.89s/it]=>> [Epoch 000] Global Step 000140 =>> LR :: 0.000020 - Loss :: 0.0393:  22%|██▏       | 1121/5000 [36:41<1:59:19,  1.85s/it]=>> [Epoch 000] Global Step 000140 =>> LR :: 0.000020 - Loss :: 0.0393:  22%|██▏       | 1121/5000 [36:41<1:59:19,  1.85s/it]=>> [Epoch 000] Global Step 000140 =>> LR :: 0.000020 - Loss :: 0.0393:  22%|██▏       | 1122/5000 [36:43<1:57:53,  1.82s/it]=>> [Epoch 000] Global Step 000140 =>> LR :: 0.000020 - Loss :: 0.0393:  22%|██▏       | 1122/5000 [36:43<1:57:53,  1.82s/it]=>> [Epoch 000] Global Step 000140 =>> LR :: 0.000020 - Loss :: 0.0393:  22%|██▏       | 1123/5000 [36:45<2:00:08,  1.86s/it]=>> [Epoch 000] Global Step 000140 =>> LR :: 0.000020 - Loss :: 0.0393:  22%|██▏       | 1123/5000 [36:45<2:00:08,  1.86s/it]=>> [Epoch 000] Global Step 000140 =>> LR :: 0.000020 - Loss :: 0.0393:  22%|██▏       | 1124/5000 [36:46<1:58:30,  1.83s/it]=>> [Epoch 000] Global Step 000140 =>> LR :: 0.000020 - Loss :: 0.0393:  22%|██▏       | 1124/5000 [36:46<1:58:30,  1.83s/it]=>> [Epoch 000] Global Step 000140 =>> LR :: 0.000020 - Loss :: 0.0393:  22%|██▎       | 1125/5000 [36:48<1:57:16,  1.82s/it]=>> [Epoch 000] Global Step 000140 =>> LR :: 0.000020 - Loss :: 0.0393:  22%|██▎       | 1125/5000 [36:48<1:57:16,  1.82s/it]=>> [Epoch 000] Global Step 000140 =>> LR :: 0.000020 - Loss :: 0.0393:  23%|██▎       | 1126/5000 [36:50<1:59:49,  1.86s/it]=>> [Epoch 000] Global Step 000140 =>> LR :: 0.000020 - Loss :: 0.0393:  23%|██▎       | 1126/5000 [36:50<1:59:49,  1.86s/it]=>> [Epoch 000] Global Step 000140 =>> LR :: 0.000020 - Loss :: 0.0393:  23%|██▎       | 1127/5000 [36:52<1:58:27,  1.84s/it]=>> [Epoch 000] Global Step 000140 =>> LR :: 0.000020 - Loss :: 0.0393:  23%|██▎       | 1127/5000 [36:52<1:58:27,  1.84s/it]=>> [Epoch 000] Global Step 000140 =>> LR :: 0.000020 - Loss :: 0.0393:  23%|██▎       | 1128/5000 [36:54<1:59:47,  1.86s/it]=>> [Epoch 000] Global Step 000141 =>> LR :: 0.000020 - Loss :: 0.0200:  23%|██▎       | 1128/5000 [36:54<1:59:47,  1.86s/it]=>> [Epoch 000] Global Step 000141 =>> LR :: 0.000020 - Loss :: 0.0200:  23%|██▎       | 1129/5000 [36:56<1:57:19,  1.82s/it]=>> [Epoch 000] Global Step 000141 =>> LR :: 0.000020 - Loss :: 0.0200:  23%|██▎       | 1129/5000 [36:56<1:57:19,  1.82s/it]=>> [Epoch 000] Global Step 000141 =>> LR :: 0.000020 - Loss :: 0.0200:  23%|██▎       | 1130/5000 [36:57<1:56:27,  1.81s/it]=>> [Epoch 000] Global Step 000141 =>> LR :: 0.000020 - Loss :: 0.0200:  23%|██▎       | 1130/5000 [36:57<1:56:27,  1.81s/it]=>> [Epoch 000] Global Step 000141 =>> LR :: 0.000020 - Loss :: 0.0200:  23%|██▎       | 1131/5000 [36:59<1:55:48,  1.80s/it]=>> [Epoch 000] Global Step 000141 =>> LR :: 0.000020 - Loss :: 0.0200:  23%|██▎       | 1131/5000 [36:59<1:55:48,  1.80s/it]=>> [Epoch 000] Global Step 000141 =>> LR :: 0.000020 - Loss :: 0.0200:  23%|██▎       | 1132/5000 [37:01<1:55:18,  1.79s/it]=>> [Epoch 000] Global Step 000141 =>> LR :: 0.000020 - Loss :: 0.0200:  23%|██▎       | 1132/5000 [37:01<1:55:18,  1.79s/it]=>> [Epoch 000] Global Step 000141 =>> LR :: 0.000020 - Loss :: 0.0200:  23%|██▎       | 1133/5000 [37:03<1:58:35,  1.84s/it]=>> [Epoch 000] Global Step 000141 =>> LR :: 0.000020 - Loss :: 0.0200:  23%|██▎       | 1133/5000 [37:03<1:58:35,  1.84s/it]=>> [Epoch 000] Global Step 000141 =>> LR :: 0.000020 - Loss :: 0.0200:  23%|██▎       | 1134/5000 [37:05<1:57:17,  1.82s/it]=>> [Epoch 000] Global Step 000141 =>> LR :: 0.000020 - Loss :: 0.0200:  23%|██▎       | 1134/5000 [37:05<1:57:17,  1.82s/it]=>> [Epoch 000] Global Step 000141 =>> LR :: 0.000020 - Loss :: 0.0200:  23%|██▎       | 1135/5000 [37:06<1:56:05,  1.80s/it]=>> [Epoch 000] Global Step 000141 =>> LR :: 0.000020 - Loss :: 0.0200:  23%|██▎       | 1135/5000 [37:06<1:56:05,  1.80s/it]=>> [Epoch 000] Global Step 000141 =>> LR :: 0.000020 - Loss :: 0.0200:  23%|██▎       | 1136/5000 [37:08<1:58:04,  1.83s/it]=>> [Epoch 000] Global Step 000142 =>> LR :: 0.000020 - Loss :: 0.0302:  23%|██▎       | 1136/5000 [37:08<1:58:04,  1.83s/it]=>> [Epoch 000] Global Step 000142 =>> LR :: 0.000020 - Loss :: 0.0302:  23%|██▎       | 1137/5000 [37:10<1:56:01,  1.80s/it]=>> [Epoch 000] Global Step 000142 =>> LR :: 0.000020 - Loss :: 0.0302:  23%|██▎       | 1137/5000 [37:10<1:56:01,  1.80s/it]=>> [Epoch 000] Global Step 000142 =>> LR :: 0.000020 - Loss :: 0.0302:  23%|██▎       | 1138/5000 [37:12<1:58:41,  1.84s/it]=>> [Epoch 000] Global Step 000142 =>> LR :: 0.000020 - Loss :: 0.0302:  23%|██▎       | 1138/5000 [37:12<1:58:41,  1.84s/it]=>> [Epoch 000] Global Step 000142 =>> LR :: 0.000020 - Loss :: 0.0302:  23%|██▎       | 1139/5000 [37:14<1:57:03,  1.82s/it]=>> [Epoch 000] Global Step 000142 =>> LR :: 0.000020 - Loss :: 0.0302:  23%|██▎       | 1139/5000 [37:14<1:57:03,  1.82s/it]=>> [Epoch 000] Global Step 000142 =>> LR :: 0.000020 - Loss :: 0.0302:  23%|██▎       | 1140/5000 [37:16<2:00:16,  1.87s/it]=>> [Epoch 000] Global Step 000142 =>> LR :: 0.000020 - Loss :: 0.0302:  23%|██▎       | 1140/5000 [37:16<2:00:16,  1.87s/it]=>> [Epoch 000] Global Step 000142 =>> LR :: 0.000020 - Loss :: 0.0302:  23%|██▎       | 1141/5000 [37:17<1:58:25,  1.84s/it]=>> [Epoch 000] Global Step 000142 =>> LR :: 0.000020 - Loss :: 0.0302:  23%|██▎       | 1141/5000 [37:17<1:58:25,  1.84s/it]=>> [Epoch 000] Global Step 000142 =>> LR :: 0.000020 - Loss :: 0.0302:  23%|██▎       | 1142/5000 [37:19<1:56:53,  1.82s/it]=>> [Epoch 000] Global Step 000142 =>> LR :: 0.000020 - Loss :: 0.0302:  23%|██▎       | 1142/5000 [37:19<1:56:53,  1.82s/it]=>> [Epoch 000] Global Step 000142 =>> LR :: 0.000020 - Loss :: 0.0302:  23%|██▎       | 1143/5000 [37:21<1:59:17,  1.86s/it]=>> [Epoch 000] Global Step 000142 =>> LR :: 0.000020 - Loss :: 0.0302:  23%|██▎       | 1143/5000 [37:21<1:59:17,  1.86s/it]=>> [Epoch 000] Global Step 000142 =>> LR :: 0.000020 - Loss :: 0.0302:  23%|██▎       | 1144/5000 [37:23<2:01:10,  1.89s/it]=>> [Epoch 000] Global Step 000143 =>> LR :: 0.000020 - Loss :: 0.0381:  23%|██▎       | 1144/5000 [37:23<2:01:10,  1.89s/it]=>> [Epoch 000] Global Step 000143 =>> LR :: 0.000020 - Loss :: 0.0381:  23%|██▎       | 1145/5000 [37:25<1:58:04,  1.84s/it]=>> [Epoch 000] Global Step 000143 =>> LR :: 0.000020 - Loss :: 0.0381:  23%|██▎       | 1145/5000 [37:25<1:58:04,  1.84s/it]=>> [Epoch 000] Global Step 000143 =>> LR :: 0.000020 - Loss :: 0.0381:  23%|██▎       | 1146/5000 [37:27<1:56:32,  1.81s/it]=>> [Epoch 000] Global Step 000143 =>> LR :: 0.000020 - Loss :: 0.0381:  23%|██▎       | 1146/5000 [37:27<1:56:32,  1.81s/it]=>> [Epoch 000] Global Step 000143 =>> LR :: 0.000020 - Loss :: 0.0381:  23%|██▎       | 1147/5000 [37:28<1:55:44,  1.80s/it]=>> [Epoch 000] Global Step 000143 =>> LR :: 0.000020 - Loss :: 0.0381:  23%|██▎       | 1147/5000 [37:28<1:55:44,  1.80s/it]=>> [Epoch 000] Global Step 000143 =>> LR :: 0.000020 - Loss :: 0.0381:  23%|██▎       | 1148/5000 [37:30<1:55:15,  1.80s/it]=>> [Epoch 000] Global Step 000143 =>> LR :: 0.000020 - Loss :: 0.0381:  23%|██▎       | 1148/5000 [37:30<1:55:15,  1.80s/it]=>> [Epoch 000] Global Step 000143 =>> LR :: 0.000020 - Loss :: 0.0381:  23%|██▎       | 1149/5000 [37:32<1:54:36,  1.79s/it]=>> [Epoch 000] Global Step 000143 =>> LR :: 0.000020 - Loss :: 0.0381:  23%|██▎       | 1149/5000 [37:32<1:54:36,  1.79s/it]=>> [Epoch 000] Global Step 000143 =>> LR :: 0.000020 - Loss :: 0.0381:  23%|██▎       | 1150/5000 [37:34<1:57:33,  1.83s/it]=>> [Epoch 000] Global Step 000143 =>> LR :: 0.000020 - Loss :: 0.0381:  23%|██▎       | 1150/5000 [37:34<1:57:33,  1.83s/it]=>> [Epoch 000] Global Step 000143 =>> LR :: 0.000020 - Loss :: 0.0381:  23%|██▎       | 1151/5000 [37:36<1:56:22,  1.81s/it]=>> [Epoch 000] Global Step 000143 =>> LR :: 0.000020 - Loss :: 0.0381:  23%|██▎       | 1151/5000 [37:36<1:56:22,  1.81s/it]=>> [Epoch 000] Global Step 000143 =>> LR :: 0.000020 - Loss :: 0.0381:  23%|██▎       | 1152/5000 [37:38<1:58:16,  1.84s/it]=>> [Epoch 000] Global Step 000144 =>> LR :: 0.000020 - Loss :: 0.0178:  23%|██▎       | 1152/5000 [37:38<1:58:16,  1.84s/it]=>> [Epoch 000] Global Step 000144 =>> LR :: 0.000020 - Loss :: 0.0178:  23%|██▎       | 1153/5000 [37:39<1:56:04,  1.81s/it]=>> [Epoch 000] Global Step 000144 =>> LR :: 0.000020 - Loss :: 0.0178:  23%|██▎       | 1153/5000 [37:39<1:56:04,  1.81s/it]=>> [Epoch 000] Global Step 000144 =>> LR :: 0.000020 - Loss :: 0.0178:  23%|██▎       | 1154/5000 [37:41<1:55:13,  1.80s/it]=>> [Epoch 000] Global Step 000144 =>> LR :: 0.000020 - Loss :: 0.0178:  23%|██▎       | 1154/5000 [37:41<1:55:13,  1.80s/it]=>> [Epoch 000] Global Step 000144 =>> LR :: 0.000020 - Loss :: 0.0178:  23%|██▎       | 1155/5000 [37:43<1:58:11,  1.84s/it]=>> [Epoch 000] Global Step 000144 =>> LR :: 0.000020 - Loss :: 0.0178:  23%|██▎       | 1155/5000 [37:43<1:58:11,  1.84s/it]=>> [Epoch 000] Global Step 000144 =>> LR :: 0.000020 - Loss :: 0.0178:  23%|██▎       | 1156/5000 [37:45<1:56:41,  1.82s/it]=>> [Epoch 000] Global Step 000144 =>> LR :: 0.000020 - Loss :: 0.0178:  23%|██▎       | 1156/5000 [37:45<1:56:41,  1.82s/it]=>> [Epoch 000] Global Step 000144 =>> LR :: 0.000020 - Loss :: 0.0178:  23%|██▎       | 1157/5000 [37:47<1:55:39,  1.81s/it]=>> [Epoch 000] Global Step 000144 =>> LR :: 0.000020 - Loss :: 0.0178:  23%|██▎       | 1157/5000 [37:47<1:55:39,  1.81s/it]=>> [Epoch 000] Global Step 000144 =>> LR :: 0.000020 - Loss :: 0.0178:  23%|██▎       | 1158/5000 [37:48<1:55:00,  1.80s/it]=>> [Epoch 000] Global Step 000144 =>> LR :: 0.000020 - Loss :: 0.0178:  23%|██▎       | 1158/5000 [37:48<1:55:00,  1.80s/it]=>> [Epoch 000] Global Step 000144 =>> LR :: 0.000020 - Loss :: 0.0178:  23%|██▎       | 1159/5000 [37:50<1:57:54,  1.84s/it]=>> [Epoch 000] Global Step 000144 =>> LR :: 0.000020 - Loss :: 0.0178:  23%|██▎       | 1159/5000 [37:50<1:57:54,  1.84s/it]=>> [Epoch 000] Global Step 000144 =>> LR :: 0.000020 - Loss :: 0.0178:  23%|██▎       | 1160/5000 [37:52<1:59:09,  1.86s/it]=>> [Epoch 000] Global Step 000145 =>> LR :: 0.000020 - Loss :: 0.0186:  23%|██▎       | 1160/5000 [37:52<1:59:09,  1.86s/it]=>> [Epoch 000] Global Step 000145 =>> LR :: 0.000020 - Loss :: 0.0186:  23%|██▎       | 1161/5000 [37:54<2:00:58,  1.89s/it]=>> [Epoch 000] Global Step 000145 =>> LR :: 0.000020 - Loss :: 0.0186:  23%|██▎       | 1161/5000 [37:54<2:00:58,  1.89s/it]=>> [Epoch 000] Global Step 000145 =>> LR :: 0.000020 - Loss :: 0.0186:  23%|██▎       | 1162/5000 [37:56<1:58:42,  1.86s/it]=>> [Epoch 000] Global Step 000145 =>> LR :: 0.000020 - Loss :: 0.0186:  23%|██▎       | 1162/5000 [37:56<1:58:42,  1.86s/it]=>> [Epoch 000] Global Step 000145 =>> LR :: 0.000020 - Loss :: 0.0186:  23%|██▎       | 1163/5000 [37:58<1:57:11,  1.83s/it]=>> [Epoch 000] Global Step 000145 =>> LR :: 0.000020 - Loss :: 0.0186:  23%|██▎       | 1163/5000 [37:58<1:57:11,  1.83s/it]=>> [Epoch 000] Global Step 000145 =>> LR :: 0.000020 - Loss :: 0.0186:  23%|██▎       | 1164/5000 [37:59<1:56:01,  1.81s/it]=>> [Epoch 000] Global Step 000145 =>> LR :: 0.000020 - Loss :: 0.0186:  23%|██▎       | 1164/5000 [37:59<1:56:01,  1.81s/it]=>> [Epoch 000] Global Step 000145 =>> LR :: 0.000020 - Loss :: 0.0186:  23%|██▎       | 1165/5000 [38:01<1:55:15,  1.80s/it]=>> [Epoch 000] Global Step 000145 =>> LR :: 0.000020 - Loss :: 0.0186:  23%|██▎       | 1165/5000 [38:01<1:55:15,  1.80s/it]=>> [Epoch 000] Global Step 000145 =>> LR :: 0.000020 - Loss :: 0.0186:  23%|██▎       | 1166/5000 [38:03<1:54:31,  1.79s/it]=>> [Epoch 000] Global Step 000145 =>> LR :: 0.000020 - Loss :: 0.0186:  23%|██▎       | 1166/5000 [38:03<1:54:31,  1.79s/it]=>> [Epoch 000] Global Step 000145 =>> LR :: 0.000020 - Loss :: 0.0186:  23%|██▎       | 1167/5000 [38:05<1:54:05,  1.79s/it]=>> [Epoch 000] Global Step 000145 =>> LR :: 0.000020 - Loss :: 0.0186:  23%|██▎       | 1167/5000 [38:05<1:54:05,  1.79s/it]=>> [Epoch 000] Global Step 000145 =>> LR :: 0.000020 - Loss :: 0.0186:  23%|██▎       | 1168/5000 [38:07<2:00:47,  1.89s/it]=>> [Epoch 000] Global Step 000146 =>> LR :: 0.000020 - Loss :: 0.0197:  23%|██▎       | 1168/5000 [38:07<2:00:47,  1.89s/it]=>> [Epoch 000] Global Step 000146 =>> LR :: 0.000020 - Loss :: 0.0197:  23%|██▎       | 1169/5000 [38:09<1:58:13,  1.85s/it]=>> [Epoch 000] Global Step 000146 =>> LR :: 0.000020 - Loss :: 0.0197:  23%|██▎       | 1169/5000 [38:09<1:58:13,  1.85s/it]=>> [Epoch 000] Global Step 000146 =>> LR :: 0.000020 - Loss :: 0.0197:  23%|██▎       | 1170/5000 [38:10<1:56:45,  1.83s/it]=>> [Epoch 000] Global Step 000146 =>> LR :: 0.000020 - Loss :: 0.0197:  23%|██▎       | 1170/5000 [38:10<1:56:45,  1.83s/it]=>> [Epoch 000] Global Step 000146 =>> LR :: 0.000020 - Loss :: 0.0197:  23%|██▎       | 1171/5000 [38:12<1:55:34,  1.81s/it]=>> [Epoch 000] Global Step 000146 =>> LR :: 0.000020 - Loss :: 0.0197:  23%|██▎       | 1171/5000 [38:12<1:55:34,  1.81s/it]=>> [Epoch 000] Global Step 000146 =>> LR :: 0.000020 - Loss :: 0.0197:  23%|██▎       | 1172/5000 [38:14<1:54:37,  1.80s/it]=>> [Epoch 000] Global Step 000146 =>> LR :: 0.000020 - Loss :: 0.0197:  23%|██▎       | 1172/5000 [38:14<1:54:37,  1.80s/it]=>> [Epoch 000] Global Step 000146 =>> LR :: 0.000020 - Loss :: 0.0197:  23%|██▎       | 1173/5000 [38:16<1:57:33,  1.84s/it]=>> [Epoch 000] Global Step 000146 =>> LR :: 0.000020 - Loss :: 0.0197:  23%|██▎       | 1173/5000 [38:16<1:57:33,  1.84s/it]=>> [Epoch 000] Global Step 000146 =>> LR :: 0.000020 - Loss :: 0.0197:  23%|██▎       | 1174/5000 [38:18<1:56:18,  1.82s/it]=>> [Epoch 000] Global Step 000146 =>> LR :: 0.000020 - Loss :: 0.0197:  23%|██▎       | 1174/5000 [38:18<1:56:18,  1.82s/it]=>> [Epoch 000] Global Step 000146 =>> LR :: 0.000020 - Loss :: 0.0197:  24%|██▎       | 1175/5000 [38:20<1:55:20,  1.81s/it]=>> [Epoch 000] Global Step 000146 =>> LR :: 0.000020 - Loss :: 0.0197:  24%|██▎       | 1175/5000 [38:20<1:55:20,  1.81s/it]=>> [Epoch 000] Global Step 000146 =>> LR :: 0.000020 - Loss :: 0.0197:  24%|██▎       | 1176/5000 [38:21<1:57:17,  1.84s/it]=>> [Epoch 000] Global Step 000147 =>> LR :: 0.000020 - Loss :: 0.0209:  24%|██▎       | 1176/5000 [38:21<1:57:17,  1.84s/it]=>> [Epoch 000] Global Step 000147 =>> LR :: 0.000020 - Loss :: 0.0209:  24%|██▎       | 1177/5000 [38:23<1:57:59,  1.85s/it]=>> [Epoch 000] Global Step 000147 =>> LR :: 0.000020 - Loss :: 0.0209:  24%|██▎       | 1177/5000 [38:23<1:57:59,  1.85s/it]=>> [Epoch 000] Global Step 000147 =>> LR :: 0.000020 - Loss :: 0.0209:  24%|██▎       | 1178/5000 [38:25<1:59:27,  1.88s/it]=>> [Epoch 000] Global Step 000147 =>> LR :: 0.000020 - Loss :: 0.0209:  24%|██▎       | 1178/5000 [38:25<1:59:27,  1.88s/it]=>> [Epoch 000] Global Step 000147 =>> LR :: 0.000020 - Loss :: 0.0209:  24%|██▎       | 1179/5000 [38:27<1:57:32,  1.85s/it]=>> [Epoch 000] Global Step 000147 =>> LR :: 0.000020 - Loss :: 0.0209:  24%|██▎       | 1179/5000 [38:27<1:57:32,  1.85s/it]=>> [Epoch 000] Global Step 000147 =>> LR :: 0.000020 - Loss :: 0.0209:  24%|██▎       | 1180/5000 [38:29<1:56:16,  1.83s/it]=>> [Epoch 000] Global Step 000147 =>> LR :: 0.000020 - Loss :: 0.0209:  24%|██▎       | 1180/5000 [38:29<1:56:16,  1.83s/it]=>> [Epoch 000] Global Step 000147 =>> LR :: 0.000020 - Loss :: 0.0209:  24%|██▎       | 1181/5000 [38:31<1:55:27,  1.81s/it]=>> [Epoch 000] Global Step 000147 =>> LR :: 0.000020 - Loss :: 0.0209:  24%|██▎       | 1181/5000 [38:31<1:55:27,  1.81s/it]=>> [Epoch 000] Global Step 000147 =>> LR :: 0.000020 - Loss :: 0.0209:  24%|██▎       | 1182/5000 [38:32<1:54:27,  1.80s/it]=>> [Epoch 000] Global Step 000147 =>> LR :: 0.000020 - Loss :: 0.0209:  24%|██▎       | 1182/5000 [38:32<1:54:27,  1.80s/it]=>> [Epoch 000] Global Step 000147 =>> LR :: 0.000020 - Loss :: 0.0209:  24%|██▎       | 1183/5000 [38:34<1:54:01,  1.79s/it]=>> [Epoch 000] Global Step 000147 =>> LR :: 0.000020 - Loss :: 0.0209:  24%|██▎       | 1183/5000 [38:34<1:54:01,  1.79s/it]=>> [Epoch 000] Global Step 000147 =>> LR :: 0.000020 - Loss :: 0.0209:  24%|██▎       | 1184/5000 [38:36<1:56:09,  1.83s/it]=>> [Epoch 000] Global Step 000148 =>> LR :: 0.000020 - Loss :: 0.0388:  24%|██▎       | 1184/5000 [38:36<1:56:09,  1.83s/it]=>> [Epoch 000] Global Step 000148 =>> LR :: 0.000020 - Loss :: 0.0388:  24%|██▎       | 1185/5000 [38:38<1:57:40,  1.85s/it]=>> [Epoch 000] Global Step 000148 =>> LR :: 0.000020 - Loss :: 0.0388:  24%|██▎       | 1185/5000 [38:38<1:57:40,  1.85s/it]=>> [Epoch 000] Global Step 000148 =>> LR :: 0.000020 - Loss :: 0.0388:  24%|██▎       | 1186/5000 [38:40<1:56:34,  1.83s/it]=>> [Epoch 000] Global Step 000148 =>> LR :: 0.000020 - Loss :: 0.0388:  24%|██▎       | 1186/5000 [38:40<1:56:34,  1.83s/it]=>> [Epoch 000] Global Step 000148 =>> LR :: 0.000020 - Loss :: 0.0388:  24%|██▎       | 1187/5000 [38:41<1:55:15,  1.81s/it]=>> [Epoch 000] Global Step 000148 =>> LR :: 0.000020 - Loss :: 0.0388:  24%|██▎       | 1187/5000 [38:41<1:55:15,  1.81s/it]=>> [Epoch 000] Global Step 000148 =>> LR :: 0.000020 - Loss :: 0.0388:  24%|██▍       | 1188/5000 [38:43<1:54:18,  1.80s/it]=>> [Epoch 000] Global Step 000148 =>> LR :: 0.000020 - Loss :: 0.0388:  24%|██▍       | 1188/5000 [38:43<1:54:18,  1.80s/it]=>> [Epoch 000] Global Step 000148 =>> LR :: 0.000020 - Loss :: 0.0388:  24%|██▍       | 1189/5000 [38:45<1:53:50,  1.79s/it]=>> [Epoch 000] Global Step 000148 =>> LR :: 0.000020 - Loss :: 0.0388:  24%|██▍       | 1189/5000 [38:45<1:53:50,  1.79s/it]=>> [Epoch 000] Global Step 000148 =>> LR :: 0.000020 - Loss :: 0.0388:  24%|██▍       | 1190/5000 [38:47<1:53:35,  1.79s/it]=>> [Epoch 000] Global Step 000148 =>> LR :: 0.000020 - Loss :: 0.0388:  24%|██▍       | 1190/5000 [38:47<1:53:35,  1.79s/it]=>> [Epoch 000] Global Step 000148 =>> LR :: 0.000020 - Loss :: 0.0388:  24%|██▍       | 1191/5000 [38:49<1:57:21,  1.85s/it]=>> [Epoch 000] Global Step 000148 =>> LR :: 0.000020 - Loss :: 0.0388:  24%|██▍       | 1191/5000 [38:49<1:57:21,  1.85s/it]=>> [Epoch 000] Global Step 000148 =>> LR :: 0.000020 - Loss :: 0.0388:  24%|██▍       | 1192/5000 [38:51<1:58:38,  1.87s/it]=>> [Epoch 000] Global Step 000149 =>> LR :: 0.000020 - Loss :: 0.0173:  24%|██▍       | 1192/5000 [38:51<1:58:38,  1.87s/it]=>> [Epoch 000] Global Step 000149 =>> LR :: 0.000020 - Loss :: 0.0173:  24%|██▍       | 1193/5000 [38:52<1:55:53,  1.83s/it]=>> [Epoch 000] Global Step 000149 =>> LR :: 0.000020 - Loss :: 0.0173:  24%|██▍       | 1193/5000 [38:52<1:55:53,  1.83s/it]=>> [Epoch 000] Global Step 000149 =>> LR :: 0.000020 - Loss :: 0.0173:  24%|██▍       | 1194/5000 [38:54<1:58:59,  1.88s/it]=>> [Epoch 000] Global Step 000149 =>> LR :: 0.000020 - Loss :: 0.0173:  24%|██▍       | 1194/5000 [38:54<1:58:59,  1.88s/it]=>> [Epoch 000] Global Step 000149 =>> LR :: 0.000020 - Loss :: 0.0173:  24%|██▍       | 1195/5000 [38:56<1:57:12,  1.85s/it]=>> [Epoch 000] Global Step 000149 =>> LR :: 0.000020 - Loss :: 0.0173:  24%|██▍       | 1195/5000 [38:56<1:57:12,  1.85s/it]=>> [Epoch 000] Global Step 000149 =>> LR :: 0.000020 - Loss :: 0.0173:  24%|██▍       | 1196/5000 [38:58<1:59:24,  1.88s/it]=>> [Epoch 000] Global Step 000149 =>> LR :: 0.000020 - Loss :: 0.0173:  24%|██▍       | 1196/5000 [38:58<1:59:24,  1.88s/it]=>> [Epoch 000] Global Step 000149 =>> LR :: 0.000020 - Loss :: 0.0173:  24%|██▍       | 1197/5000 [39:00<1:57:37,  1.86s/it]=>> [Epoch 000] Global Step 000149 =>> LR :: 0.000020 - Loss :: 0.0173:  24%|██▍       | 1197/5000 [39:00<1:57:37,  1.86s/it]=>> [Epoch 000] Global Step 000149 =>> LR :: 0.000020 - Loss :: 0.0173:  24%|██▍       | 1198/5000 [39:02<1:56:00,  1.83s/it]=>> [Epoch 000] Global Step 000149 =>> LR :: 0.000020 - Loss :: 0.0173:  24%|██▍       | 1198/5000 [39:02<1:56:00,  1.83s/it]=>> [Epoch 000] Global Step 000149 =>> LR :: 0.000020 - Loss :: 0.0173:  24%|██▍       | 1199/5000 [39:04<1:54:51,  1.81s/it]=>> [Epoch 000] Global Step 000149 =>> LR :: 0.000020 - Loss :: 0.0173:  24%|██▍       | 1199/5000 [39:04<1:54:51,  1.81s/it]=>> [Epoch 000] Global Step 000149 =>> LR :: 0.000020 - Loss :: 0.0173:  24%|██▍       | 1200/5000 [39:05<1:56:50,  1.84s/it]=>> [Epoch 000] Global Step 000150 =>> LR :: 0.000020 - Loss :: 0.0153:  24%|██▍       | 1200/5000 [39:05<1:56:50,  1.84s/it]=>> [Epoch 000] Global Step 000150 =>> LR :: 0.000020 - Loss :: 0.0153:  24%|██▍       | 1201/5000 [39:07<1:54:45,  1.81s/it]=>> [Epoch 000] Global Step 000150 =>> LR :: 0.000020 - Loss :: 0.0153:  24%|██▍       | 1201/5000 [39:07<1:54:45,  1.81s/it]=>> [Epoch 000] Global Step 000150 =>> LR :: 0.000020 - Loss :: 0.0153:  24%|██▍       | 1202/5000 [39:09<1:54:06,  1.80s/it]=>> [Epoch 000] Global Step 000150 =>> LR :: 0.000020 - Loss :: 0.0153:  24%|██▍       | 1202/5000 [39:09<1:54:06,  1.80s/it]=>> [Epoch 000] Global Step 000150 =>> LR :: 0.000020 - Loss :: 0.0153:  24%|██▍       | 1203/5000 [39:11<1:57:04,  1.85s/it]=>> [Epoch 000] Global Step 000150 =>> LR :: 0.000020 - Loss :: 0.0153:  24%|██▍       | 1203/5000 [39:11<1:57:04,  1.85s/it]=>> [Epoch 000] Global Step 000150 =>> LR :: 0.000020 - Loss :: 0.0153:  24%|██▍       | 1204/5000 [39:13<1:55:41,  1.83s/it]=>> [Epoch 000] Global Step 000150 =>> LR :: 0.000020 - Loss :: 0.0153:  24%|██▍       | 1204/5000 [39:13<1:55:41,  1.83s/it]=>> [Epoch 000] Global Step 000150 =>> LR :: 0.000020 - Loss :: 0.0153:  24%|██▍       | 1205/5000 [39:14<1:54:44,  1.81s/it]=>> [Epoch 000] Global Step 000150 =>> LR :: 0.000020 - Loss :: 0.0153:  24%|██▍       | 1205/5000 [39:14<1:54:44,  1.81s/it]=>> [Epoch 000] Global Step 000150 =>> LR :: 0.000020 - Loss :: 0.0153:  24%|██▍       | 1206/5000 [39:16<1:54:03,  1.80s/it]=>> [Epoch 000] Global Step 000150 =>> LR :: 0.000020 - Loss :: 0.0153:  24%|██▍       | 1206/5000 [39:16<1:54:03,  1.80s/it]=>> [Epoch 000] Global Step 000150 =>> LR :: 0.000020 - Loss :: 0.0153:  24%|██▍       | 1207/5000 [39:18<1:53:30,  1.80s/it]=>> [Epoch 000] Global Step 000150 =>> LR :: 0.000020 - Loss :: 0.0153:  24%|██▍       | 1207/5000 [39:18<1:53:30,  1.80s/it]=>> [Epoch 000] Global Step 000150 =>> LR :: 0.000020 - Loss :: 0.0153:  24%|██▍       | 1208/5000 [39:20<1:59:12,  1.89s/it]=>> [Epoch 000] Global Step 000151 =>> LR :: 0.000020 - Loss :: 0.0131:  24%|██▍       | 1208/5000 [39:20<1:59:12,  1.89s/it]=>> [Epoch 000] Global Step 000151 =>> LR :: 0.000020 - Loss :: 0.0131:  24%|██▍       | 1209/5000 [39:22<1:56:23,  1.84s/it]=>> [Epoch 000] Global Step 000151 =>> LR :: 0.000020 - Loss :: 0.0131:  24%|██▍       | 1209/5000 [39:22<1:56:23,  1.84s/it]=>> [Epoch 000] Global Step 000151 =>> LR :: 0.000020 - Loss :: 0.0131:  24%|██▍       | 1210/5000 [39:24<1:54:57,  1.82s/it]=>> [Epoch 000] Global Step 000151 =>> LR :: 0.000020 - Loss :: 0.0131:  24%|██▍       | 1210/5000 [39:24<1:54:57,  1.82s/it]=>> [Epoch 000] Global Step 000151 =>> LR :: 0.000020 - Loss :: 0.0131:  24%|██▍       | 1211/5000 [39:25<1:54:07,  1.81s/it]=>> [Epoch 000] Global Step 000151 =>> LR :: 0.000020 - Loss :: 0.0131:  24%|██▍       | 1211/5000 [39:25<1:54:07,  1.81s/it]=>> [Epoch 000] Global Step 000151 =>> LR :: 0.000020 - Loss :: 0.0131:  24%|██▍       | 1212/5000 [39:27<1:53:27,  1.80s/it]=>> [Epoch 000] Global Step 000151 =>> LR :: 0.000020 - Loss :: 0.0131:  24%|██▍       | 1212/5000 [39:27<1:53:27,  1.80s/it]=>> [Epoch 000] Global Step 000151 =>> LR :: 0.000020 - Loss :: 0.0131:  24%|██▍       | 1213/5000 [39:29<2:00:14,  1.91s/it]=>> [Epoch 000] Global Step 000151 =>> LR :: 0.000020 - Loss :: 0.0131:  24%|██▍       | 1213/5000 [39:29<2:00:14,  1.91s/it]=>> [Epoch 000] Global Step 000151 =>> LR :: 0.000020 - Loss :: 0.0131:  24%|██▍       | 1214/5000 [39:31<1:57:45,  1.87s/it]=>> [Epoch 000] Global Step 000151 =>> LR :: 0.000020 - Loss :: 0.0131:  24%|██▍       | 1214/5000 [39:31<1:57:45,  1.87s/it]=>> [Epoch 000] Global Step 000151 =>> LR :: 0.000020 - Loss :: 0.0131:  24%|██▍       | 1215/5000 [39:33<1:55:44,  1.83s/it]=>> [Epoch 000] Global Step 000151 =>> LR :: 0.000020 - Loss :: 0.0131:  24%|██▍       | 1215/5000 [39:33<1:55:44,  1.83s/it]=>> [Epoch 000] Global Step 000151 =>> LR :: 0.000020 - Loss :: 0.0131:  24%|██▍       | 1216/5000 [39:35<1:57:07,  1.86s/it]=>> [Epoch 000] Global Step 000152 =>> LR :: 0.000020 - Loss :: 0.0277:  24%|██▍       | 1216/5000 [39:35<1:57:07,  1.86s/it]=>> [Epoch 000] Global Step 000152 =>> LR :: 0.000020 - Loss :: 0.0277:  24%|██▍       | 1217/5000 [39:37<1:54:33,  1.82s/it]=>> [Epoch 000] Global Step 000152 =>> LR :: 0.000020 - Loss :: 0.0277:  24%|██▍       | 1217/5000 [39:37<1:54:33,  1.82s/it]=>> [Epoch 000] Global Step 000152 =>> LR :: 0.000020 - Loss :: 0.0277:  24%|██▍       | 1218/5000 [39:38<1:53:46,  1.81s/it]=>> [Epoch 000] Global Step 000152 =>> LR :: 0.000020 - Loss :: 0.0277:  24%|██▍       | 1218/5000 [39:38<1:53:46,  1.81s/it]=>> [Epoch 000] Global Step 000152 =>> LR :: 0.000020 - Loss :: 0.0277:  24%|██▍       | 1219/5000 [39:40<1:52:52,  1.79s/it]=>> [Epoch 000] Global Step 000152 =>> LR :: 0.000020 - Loss :: 0.0277:  24%|██▍       | 1219/5000 [39:40<1:52:52,  1.79s/it]=>> [Epoch 000] Global Step 000152 =>> LR :: 0.000020 - Loss :: 0.0277:  24%|██▍       | 1220/5000 [39:42<1:56:40,  1.85s/it]=>> [Epoch 000] Global Step 000152 =>> LR :: 0.000020 - Loss :: 0.0277:  24%|██▍       | 1220/5000 [39:42<1:56:40,  1.85s/it]=>> [Epoch 000] Global Step 000152 =>> LR :: 0.000020 - Loss :: 0.0277:  24%|██▍       | 1221/5000 [39:44<1:55:00,  1.83s/it]=>> [Epoch 000] Global Step 000152 =>> LR :: 0.000020 - Loss :: 0.0277:  24%|██▍       | 1221/5000 [39:44<1:55:00,  1.83s/it]=>> [Epoch 000] Global Step 000152 =>> LR :: 0.000020 - Loss :: 0.0277:  24%|██▍       | 1222/5000 [39:46<1:54:43,  1.82s/it]=>> [Epoch 000] Global Step 000152 =>> LR :: 0.000020 - Loss :: 0.0277:  24%|██▍       | 1222/5000 [39:46<1:54:43,  1.82s/it]=>> [Epoch 000] Global Step 000152 =>> LR :: 0.000020 - Loss :: 0.0277:  24%|██▍       | 1223/5000 [39:47<1:53:43,  1.81s/it]=>> [Epoch 000] Global Step 000152 =>> LR :: 0.000020 - Loss :: 0.0277:  24%|██▍       | 1223/5000 [39:47<1:53:43,  1.81s/it]=>> [Epoch 000] Global Step 000152 =>> LR :: 0.000020 - Loss :: 0.0277:  24%|██▍       | 1224/5000 [39:49<1:56:06,  1.85s/it]=>> [Epoch 000] Global Step 000153 =>> LR :: 0.000020 - Loss :: 0.0104:  24%|██▍       | 1224/5000 [39:49<1:56:06,  1.85s/it]=>> [Epoch 000] Global Step 000153 =>> LR :: 0.000020 - Loss :: 0.0104:  24%|██▍       | 1225/5000 [39:51<1:53:56,  1.81s/it]=>> [Epoch 000] Global Step 000153 =>> LR :: 0.000020 - Loss :: 0.0104:  24%|██▍       | 1225/5000 [39:51<1:53:56,  1.81s/it]=>> [Epoch 000] Global Step 000153 =>> LR :: 0.000020 - Loss :: 0.0104:  25%|██▍       | 1226/5000 [39:53<1:56:37,  1.85s/it]=>> [Epoch 000] Global Step 000153 =>> LR :: 0.000020 - Loss :: 0.0104:  25%|██▍       | 1226/5000 [39:53<1:56:37,  1.85s/it]=>> [Epoch 000] Global Step 000153 =>> LR :: 0.000020 - Loss :: 0.0104:  25%|██▍       | 1227/5000 [39:55<1:55:15,  1.83s/it]=>> [Epoch 000] Global Step 000153 =>> LR :: 0.000020 - Loss :: 0.0104:  25%|██▍       | 1227/5000 [39:55<1:55:15,  1.83s/it]=>> [Epoch 000] Global Step 000153 =>> LR :: 0.000020 - Loss :: 0.0104:  25%|██▍       | 1228/5000 [39:57<1:54:22,  1.82s/it]=>> [Epoch 000] Global Step 000153 =>> LR :: 0.000020 - Loss :: 0.0104:  25%|██▍       | 1228/5000 [39:57<1:54:22,  1.82s/it]=>> [Epoch 000] Global Step 000153 =>> LR :: 0.000020 - Loss :: 0.0104:  25%|██▍       | 1229/5000 [39:58<1:53:40,  1.81s/it]=>> [Epoch 000] Global Step 000153 =>> LR :: 0.000020 - Loss :: 0.0104:  25%|██▍       | 1229/5000 [39:58<1:53:40,  1.81s/it]=>> [Epoch 000] Global Step 000153 =>> LR :: 0.000020 - Loss :: 0.0104:  25%|██▍       | 1230/5000 [40:00<1:53:11,  1.80s/it]=>> [Epoch 000] Global Step 000153 =>> LR :: 0.000020 - Loss :: 0.0104:  25%|██▍       | 1230/5000 [40:00<1:53:11,  1.80s/it]=>> [Epoch 000] Global Step 000153 =>> LR :: 0.000020 - Loss :: 0.0104:  25%|██▍       | 1231/5000 [40:02<1:59:33,  1.90s/it]=>> [Epoch 000] Global Step 000153 =>> LR :: 0.000020 - Loss :: 0.0104:  25%|██▍       | 1231/5000 [40:02<1:59:33,  1.90s/it]=>> [Epoch 000] Global Step 000153 =>> LR :: 0.000020 - Loss :: 0.0104:  25%|██▍       | 1232/5000 [40:04<1:59:49,  1.91s/it]=>> [Epoch 000] Global Step 000154 =>> LR :: 0.000020 - Loss :: 0.0242:  25%|██▍       | 1232/5000 [40:04<1:59:49,  1.91s/it]=>> [Epoch 000] Global Step 000154 =>> LR :: 0.000020 - Loss :: 0.0242:  25%|██▍       | 1233/5000 [40:06<1:56:32,  1.86s/it]=>> [Epoch 000] Global Step 000154 =>> LR :: 0.000020 - Loss :: 0.0242:  25%|██▍       | 1233/5000 [40:06<1:56:32,  1.86s/it]=>> [Epoch 000] Global Step 000154 =>> LR :: 0.000020 - Loss :: 0.0242:  25%|██▍       | 1234/5000 [40:08<1:54:55,  1.83s/it]=>> [Epoch 000] Global Step 000154 =>> LR :: 0.000020 - Loss :: 0.0242:  25%|██▍       | 1234/5000 [40:08<1:54:55,  1.83s/it]=>> [Epoch 000] Global Step 000154 =>> LR :: 0.000020 - Loss :: 0.0242:  25%|██▍       | 1235/5000 [40:10<1:54:01,  1.82s/it]=>> [Epoch 000] Global Step 000154 =>> LR :: 0.000020 - Loss :: 0.0242:  25%|██▍       | 1235/5000 [40:10<1:54:01,  1.82s/it]=>> [Epoch 000] Global Step 000154 =>> LR :: 0.000020 - Loss :: 0.0242:  25%|██▍       | 1236/5000 [40:11<1:53:18,  1.81s/it]=>> [Epoch 000] Global Step 000154 =>> LR :: 0.000020 - Loss :: 0.0242:  25%|██▍       | 1236/5000 [40:11<1:53:18,  1.81s/it]=>> [Epoch 000] Global Step 000154 =>> LR :: 0.000020 - Loss :: 0.0242:  25%|██▍       | 1237/5000 [40:13<1:52:46,  1.80s/it]=>> [Epoch 000] Global Step 000154 =>> LR :: 0.000020 - Loss :: 0.0242:  25%|██▍       | 1237/5000 [40:13<1:52:46,  1.80s/it]=>> [Epoch 000] Global Step 000154 =>> LR :: 0.000020 - Loss :: 0.0242:  25%|██▍       | 1238/5000 [40:15<1:55:56,  1.85s/it]=>> [Epoch 000] Global Step 000154 =>> LR :: 0.000020 - Loss :: 0.0242:  25%|██▍       | 1238/5000 [40:15<1:55:56,  1.85s/it]=>> [Epoch 000] Global Step 000154 =>> LR :: 0.000020 - Loss :: 0.0242:  25%|██▍       | 1239/5000 [40:17<1:54:42,  1.83s/it]=>> [Epoch 000] Global Step 000154 =>> LR :: 0.000020 - Loss :: 0.0242:  25%|██▍       | 1239/5000 [40:17<1:54:42,  1.83s/it]=>> [Epoch 000] Global Step 000154 =>> LR :: 0.000020 - Loss :: 0.0242:  25%|██▍       | 1240/5000 [40:19<1:56:34,  1.86s/it]=>> [Epoch 000] Global Step 000155 =>> LR :: 0.000020 - Loss :: 0.0112:  25%|██▍       | 1240/5000 [40:19<1:56:34,  1.86s/it]=>> [Epoch 000] Global Step 000155 =>> LR :: 0.000020 - Loss :: 0.0112:  25%|██▍       | 1241/5000 [40:20<1:54:03,  1.82s/it]=>> [Epoch 000] Global Step 000155 =>> LR :: 0.000020 - Loss :: 0.0112:  25%|██▍       | 1241/5000 [40:20<1:54:03,  1.82s/it]=>> [Epoch 000] Global Step 000155 =>> LR :: 0.000020 - Loss :: 0.0112:  25%|██▍       | 1242/5000 [40:22<1:53:27,  1.81s/it]=>> [Epoch 000] Global Step 000155 =>> LR :: 0.000020 - Loss :: 0.0112:  25%|██▍       | 1242/5000 [40:22<1:53:27,  1.81s/it]=>> [Epoch 000] Global Step 000155 =>> LR :: 0.000020 - Loss :: 0.0112:  25%|██▍       | 1243/5000 [40:24<1:52:46,  1.80s/it]=>> [Epoch 000] Global Step 000155 =>> LR :: 0.000020 - Loss :: 0.0112:  25%|██▍       | 1243/5000 [40:24<1:52:46,  1.80s/it]=>> [Epoch 000] Global Step 000155 =>> LR :: 0.000020 - Loss :: 0.0112:  25%|██▍       | 1244/5000 [40:26<1:56:21,  1.86s/it]=>> [Epoch 000] Global Step 000155 =>> LR :: 0.000020 - Loss :: 0.0112:  25%|██▍       | 1244/5000 [40:26<1:56:21,  1.86s/it]=>> [Epoch 000] Global Step 000155 =>> LR :: 0.000020 - Loss :: 0.0112:  25%|██▍       | 1245/5000 [40:28<1:54:37,  1.83s/it]=>> [Epoch 000] Global Step 000155 =>> LR :: 0.000020 - Loss :: 0.0112:  25%|██▍       | 1245/5000 [40:28<1:54:37,  1.83s/it]=>> [Epoch 000] Global Step 000155 =>> LR :: 0.000020 - Loss :: 0.0112:  25%|██▍       | 1246/5000 [40:30<1:53:30,  1.81s/it]=>> [Epoch 000] Global Step 000155 =>> LR :: 0.000020 - Loss :: 0.0112:  25%|██▍       | 1246/5000 [40:30<1:53:30,  1.81s/it]=>> [Epoch 000] Global Step 000155 =>> LR :: 0.000020 - Loss :: 0.0112:  25%|██▍       | 1247/5000 [40:31<1:52:57,  1.81s/it]=>> [Epoch 000] Global Step 000155 =>> LR :: 0.000020 - Loss :: 0.0112:  25%|██▍       | 1247/5000 [40:31<1:52:57,  1.81s/it]=>> [Epoch 000] Global Step 000155 =>> LR :: 0.000020 - Loss :: 0.0112:  25%|██▍       | 1248/5000 [40:34<1:59:14,  1.91s/it]=>> [Epoch 000] Global Step 000156 =>> LR :: 0.000020 - Loss :: 0.0332:  25%|██▍       | 1248/5000 [40:34<1:59:14,  1.91s/it]=>> [Epoch 000] Global Step 000156 =>> LR :: 0.000020 - Loss :: 0.0332:  25%|██▍       | 1249/5000 [40:35<1:59:29,  1.91s/it]=>> [Epoch 000] Global Step 000156 =>> LR :: 0.000020 - Loss :: 0.0332:  25%|██▍       | 1249/5000 [40:35<1:59:29,  1.91s/it]=>> [Epoch 000] Global Step 000156 =>> LR :: 0.000020 - Loss :: 0.0332:  25%|██▌       | 1250/5000 [40:37<1:56:55,  1.87s/it]=>> [Epoch 000] Global Step 000156 =>> LR :: 0.000020 - Loss :: 0.0332:  25%|██▌       | 1250/5000 [40:37<1:56:55,  1.87s/it]=>> [Epoch 000] Global Step 000156 =>> LR :: 0.000020 - Loss :: 0.0332:  25%|██▌       | 1251/5000 [40:39<1:55:18,  1.85s/it]=>> [Epoch 000] Global Step 000156 =>> LR :: 0.000020 - Loss :: 0.0332:  25%|██▌       | 1251/5000 [40:39<1:55:18,  1.85s/it]=>> [Epoch 000] Global Step 000156 =>> LR :: 0.000020 - Loss :: 0.0332:  25%|██▌       | 1252/5000 [40:41<1:53:54,  1.82s/it]=>> [Epoch 000] Global Step 000156 =>> LR :: 0.000020 - Loss :: 0.0332:  25%|██▌       | 1252/5000 [40:41<1:53:54,  1.82s/it]=>> [Epoch 000] Global Step 000156 =>> LR :: 0.000020 - Loss :: 0.0332:  25%|██▌       | 1253/5000 [40:43<1:53:00,  1.81s/it]=>> [Epoch 000] Global Step 000156 =>> LR :: 0.000020 - Loss :: 0.0332:  25%|██▌       | 1253/5000 [40:43<1:53:00,  1.81s/it]=>> [Epoch 000] Global Step 000156 =>> LR :: 0.000020 - Loss :: 0.0332:  25%|██▌       | 1254/5000 [40:44<1:52:12,  1.80s/it]=>> [Epoch 000] Global Step 000156 =>> LR :: 0.000020 - Loss :: 0.0332:  25%|██▌       | 1254/5000 [40:44<1:52:12,  1.80s/it]=>> [Epoch 000] Global Step 000156 =>> LR :: 0.000020 - Loss :: 0.0332:  25%|██▌       | 1255/5000 [40:46<1:55:19,  1.85s/it]=>> [Epoch 000] Global Step 000156 =>> LR :: 0.000020 - Loss :: 0.0332:  25%|██▌       | 1255/5000 [40:46<1:55:19,  1.85s/it]=>> [Epoch 000] Global Step 000156 =>> LR :: 0.000020 - Loss :: 0.0332:  25%|██▌       | 1256/5000 [40:48<1:56:48,  1.87s/it]=>> [Epoch 000] Global Step 000157 =>> LR :: 0.000020 - Loss :: 0.0214:  25%|██▌       | 1256/5000 [40:48<1:56:48,  1.87s/it]=>> [Epoch 000] Global Step 000157 =>> LR :: 0.000020 - Loss :: 0.0214:  25%|██▌       | 1257/5000 [40:50<1:54:17,  1.83s/it]=>> [Epoch 000] Global Step 000157 =>> LR :: 0.000020 - Loss :: 0.0214:  25%|██▌       | 1257/5000 [40:50<1:54:17,  1.83s/it]=>> [Epoch 000] Global Step 000157 =>> LR :: 0.000020 - Loss :: 0.0214:  25%|██▌       | 1258/5000 [40:52<1:53:03,  1.81s/it]=>> [Epoch 000] Global Step 000157 =>> LR :: 0.000020 - Loss :: 0.0214:  25%|██▌       | 1258/5000 [40:52<1:53:03,  1.81s/it]=>> [Epoch 000] Global Step 000157 =>> LR :: 0.000020 - Loss :: 0.0214:  25%|██▌       | 1259/5000 [40:53<1:52:10,  1.80s/it]=>> [Epoch 000] Global Step 000157 =>> LR :: 0.000020 - Loss :: 0.0214:  25%|██▌       | 1259/5000 [40:53<1:52:10,  1.80s/it]=>> [Epoch 000] Global Step 000157 =>> LR :: 0.000020 - Loss :: 0.0214:  25%|██▌       | 1260/5000 [40:55<1:51:26,  1.79s/it]=>> [Epoch 000] Global Step 000157 =>> LR :: 0.000020 - Loss :: 0.0214:  25%|██▌       | 1260/5000 [40:55<1:51:26,  1.79s/it]=>> [Epoch 000] Global Step 000157 =>> LR :: 0.000020 - Loss :: 0.0214:  25%|██▌       | 1261/5000 [40:57<1:54:37,  1.84s/it]=>> [Epoch 000] Global Step 000157 =>> LR :: 0.000020 - Loss :: 0.0214:  25%|██▌       | 1261/5000 [40:57<1:54:37,  1.84s/it]=>> [Epoch 000] Global Step 000157 =>> LR :: 0.000020 - Loss :: 0.0214:  25%|██▌       | 1262/5000 [40:59<1:53:29,  1.82s/it]=>> [Epoch 000] Global Step 000157 =>> LR :: 0.000020 - Loss :: 0.0214:  25%|██▌       | 1262/5000 [40:59<1:53:29,  1.82s/it]=>> [Epoch 000] Global Step 000157 =>> LR :: 0.000020 - Loss :: 0.0214:  25%|██▌       | 1263/5000 [41:01<1:52:38,  1.81s/it]=>> [Epoch 000] Global Step 000157 =>> LR :: 0.000020 - Loss :: 0.0214:  25%|██▌       | 1263/5000 [41:01<1:52:38,  1.81s/it]=>> [Epoch 000] Global Step 000157 =>> LR :: 0.000020 - Loss :: 0.0214:  25%|██▌       | 1264/5000 [41:03<1:54:43,  1.84s/it]=>> [Epoch 000] Global Step 000158 =>> LR :: 0.000020 - Loss :: 0.0158:  25%|██▌       | 1264/5000 [41:03<1:54:43,  1.84s/it]=>> [Epoch 000] Global Step 000158 =>> LR :: 0.000020 - Loss :: 0.0158:  25%|██▌       | 1265/5000 [41:04<1:52:31,  1.81s/it]=>> [Epoch 000] Global Step 000158 =>> LR :: 0.000020 - Loss :: 0.0158:  25%|██▌       | 1265/5000 [41:04<1:52:31,  1.81s/it]=>> [Epoch 000] Global Step 000158 =>> LR :: 0.000020 - Loss :: 0.0158:  25%|██▌       | 1266/5000 [41:06<1:54:45,  1.84s/it]=>> [Epoch 000] Global Step 000158 =>> LR :: 0.000020 - Loss :: 0.0158:  25%|██▌       | 1266/5000 [41:06<1:54:45,  1.84s/it]=>> [Epoch 000] Global Step 000158 =>> LR :: 0.000020 - Loss :: 0.0158:  25%|██▌       | 1267/5000 [41:08<1:56:16,  1.87s/it]=>> [Epoch 000] Global Step 000158 =>> LR :: 0.000020 - Loss :: 0.0158:  25%|██▌       | 1267/5000 [41:08<1:56:16,  1.87s/it]=>> [Epoch 000] Global Step 000158 =>> LR :: 0.000020 - Loss :: 0.0158:  25%|██▌       | 1268/5000 [41:10<1:54:17,  1.84s/it]=>> [Epoch 000] Global Step 000158 =>> LR :: 0.000020 - Loss :: 0.0158:  25%|██▌       | 1268/5000 [41:10<1:54:17,  1.84s/it]=>> [Epoch 000] Global Step 000158 =>> LR :: 0.000020 - Loss :: 0.0158:  25%|██▌       | 1269/5000 [41:12<1:52:49,  1.81s/it]=>> [Epoch 000] Global Step 000158 =>> LR :: 0.000020 - Loss :: 0.0158:  25%|██▌       | 1269/5000 [41:12<1:52:49,  1.81s/it]=>> [Epoch 000] Global Step 000158 =>> LR :: 0.000020 - Loss :: 0.0158:  25%|██▌       | 1270/5000 [41:14<1:51:47,  1.80s/it]=>> [Epoch 000] Global Step 000158 =>> LR :: 0.000020 - Loss :: 0.0158:  25%|██▌       | 1270/5000 [41:14<1:51:47,  1.80s/it]=>> [Epoch 000] Global Step 000158 =>> LR :: 0.000020 - Loss :: 0.0158:  25%|██▌       | 1271/5000 [41:15<1:51:18,  1.79s/it]=>> [Epoch 000] Global Step 000158 =>> LR :: 0.000020 - Loss :: 0.0158:  25%|██▌       | 1271/5000 [41:15<1:51:18,  1.79s/it]=>> [Epoch 000] Global Step 000158 =>> LR :: 0.000020 - Loss :: 0.0158:  25%|██▌       | 1272/5000 [41:17<1:53:20,  1.82s/it]=>> [Epoch 000] Global Step 000159 =>> LR :: 0.000020 - Loss :: 0.0245:  25%|██▌       | 1272/5000 [41:17<1:53:20,  1.82s/it]=>> [Epoch 000] Global Step 000159 =>> LR :: 0.000020 - Loss :: 0.0245:  25%|██▌       | 1273/5000 [41:19<1:54:36,  1.85s/it]=>> [Epoch 000] Global Step 000159 =>> LR :: 0.000020 - Loss :: 0.0245:  25%|██▌       | 1273/5000 [41:19<1:54:36,  1.85s/it]=>> [Epoch 000] Global Step 000159 =>> LR :: 0.000020 - Loss :: 0.0245:  25%|██▌       | 1274/5000 [41:21<1:53:13,  1.82s/it]=>> [Epoch 000] Global Step 000159 =>> LR :: 0.000020 - Loss :: 0.0245:  25%|██▌       | 1274/5000 [41:21<1:53:13,  1.82s/it]=>> [Epoch 000] Global Step 000159 =>> LR :: 0.000020 - Loss :: 0.0245:  26%|██▌       | 1275/5000 [41:23<1:52:08,  1.81s/it]=>> [Epoch 000] Global Step 000159 =>> LR :: 0.000020 - Loss :: 0.0245:  26%|██▌       | 1275/5000 [41:23<1:52:08,  1.81s/it]=>> [Epoch 000] Global Step 000159 =>> LR :: 0.000020 - Loss :: 0.0245:  26%|██▌       | 1276/5000 [41:24<1:52:00,  1.80s/it]=>> [Epoch 000] Global Step 000159 =>> LR :: 0.000020 - Loss :: 0.0245:  26%|██▌       | 1276/5000 [41:24<1:52:00,  1.80s/it]=>> [Epoch 000] Global Step 000159 =>> LR :: 0.000020 - Loss :: 0.0245:  26%|██▌       | 1277/5000 [41:26<1:51:13,  1.79s/it]=>> [Epoch 000] Global Step 000159 =>> LR :: 0.000020 - Loss :: 0.0245:  26%|██▌       | 1277/5000 [41:26<1:51:13,  1.79s/it]=>> [Epoch 000] Global Step 000159 =>> LR :: 0.000020 - Loss :: 0.0245:  26%|██▌       | 1278/5000 [41:28<1:50:35,  1.78s/it]=>> [Epoch 000] Global Step 000159 =>> LR :: 0.000020 - Loss :: 0.0245:  26%|██▌       | 1278/5000 [41:28<1:50:35,  1.78s/it]=>> [Epoch 000] Global Step 000159 =>> LR :: 0.000020 - Loss :: 0.0245:  26%|██▌       | 1279/5000 [41:30<1:54:01,  1.84s/it]=>> [Epoch 000] Global Step 000159 =>> LR :: 0.000020 - Loss :: 0.0245:  26%|██▌       | 1279/5000 [41:30<1:54:01,  1.84s/it]=>> [Epoch 000] Global Step 000159 =>> LR :: 0.000020 - Loss :: 0.0245:  26%|██▌       | 1280/5000 [41:32<1:55:18,  1.86s/it]=>> [Epoch 000] Global Step 000160 =>> LR :: 0.000020 - Loss :: 0.0194:  26%|██▌       | 1280/5000 [41:32<1:55:18,  1.86s/it]=>> [Epoch 000] Global Step 000160 =>> LR :: 0.000020 - Loss :: 0.0194:  26%|██▌       | 1281/5000 [41:34<1:52:47,  1.82s/it]=>> [Epoch 000] Global Step 000160 =>> LR :: 0.000020 - Loss :: 0.0194:  26%|██▌       | 1281/5000 [41:34<1:52:47,  1.82s/it]=>> [Epoch 000] Global Step 000160 =>> LR :: 0.000020 - Loss :: 0.0194:  26%|██▌       | 1282/5000 [41:35<1:51:47,  1.80s/it]=>> [Epoch 000] Global Step 000160 =>> LR :: 0.000020 - Loss :: 0.0194:  26%|██▌       | 1282/5000 [41:35<1:51:47,  1.80s/it]=>> [Epoch 000] Global Step 000160 =>> LR :: 0.000020 - Loss :: 0.0194:  26%|██▌       | 1283/5000 [41:37<1:54:04,  1.84s/it]=>> [Epoch 000] Global Step 000160 =>> LR :: 0.000020 - Loss :: 0.0194:  26%|██▌       | 1283/5000 [41:37<1:54:04,  1.84s/it]=>> [Epoch 000] Global Step 000160 =>> LR :: 0.000020 - Loss :: 0.0194:  26%|██▌       | 1284/5000 [41:39<1:52:38,  1.82s/it]=>> [Epoch 000] Global Step 000160 =>> LR :: 0.000020 - Loss :: 0.0194:  26%|██▌       | 1284/5000 [41:39<1:52:38,  1.82s/it]=>> [Epoch 000] Global Step 000160 =>> LR :: 0.000020 - Loss :: 0.0194:  26%|██▌       | 1285/5000 [41:41<1:55:46,  1.87s/it]=>> [Epoch 000] Global Step 000160 =>> LR :: 0.000020 - Loss :: 0.0194:  26%|██▌       | 1285/5000 [41:41<1:55:46,  1.87s/it]=>> [Epoch 000] Global Step 000160 =>> LR :: 0.000020 - Loss :: 0.0194:  26%|██▌       | 1286/5000 [41:43<1:54:00,  1.84s/it]=>> [Epoch 000] Global Step 000160 =>> LR :: 0.000020 - Loss :: 0.0194:  26%|██▌       | 1286/5000 [41:43<1:54:00,  1.84s/it]=>> [Epoch 000] Global Step 000160 =>> LR :: 0.000020 - Loss :: 0.0194:  26%|██▌       | 1287/5000 [41:45<1:52:22,  1.82s/it]=>> [Epoch 000] Global Step 000160 =>> LR :: 0.000020 - Loss :: 0.0194:  26%|██▌       | 1287/5000 [41:45<1:52:22,  1.82s/it]=>> [Epoch 000] Global Step 000160 =>> LR :: 0.000020 - Loss :: 0.0194:  26%|██▌       | 1288/5000 [41:46<1:54:02,  1.84s/it]=>> [Epoch 000] Global Step 000161 =>> LR :: 0.000020 - Loss :: 0.0148:  26%|██▌       | 1288/5000 [41:46<1:54:02,  1.84s/it]=>> [Epoch 000] Global Step 000161 =>> LR :: 0.000020 - Loss :: 0.0148:  26%|██▌       | 1289/5000 [41:48<1:51:56,  1.81s/it]=>> [Epoch 000] Global Step 000161 =>> LR :: 0.000020 - Loss :: 0.0148:  26%|██▌       | 1289/5000 [41:48<1:51:56,  1.81s/it]=>> [Epoch 000] Global Step 000161 =>> LR :: 0.000020 - Loss :: 0.0148:  26%|██▌       | 1290/5000 [41:50<1:54:31,  1.85s/it]=>> [Epoch 000] Global Step 000161 =>> LR :: 0.000020 - Loss :: 0.0148:  26%|██▌       | 1290/5000 [41:50<1:54:31,  1.85s/it]=>> [Epoch 000] Global Step 000161 =>> LR :: 0.000020 - Loss :: 0.0148:  26%|██▌       | 1291/5000 [41:52<1:52:53,  1.83s/it]=>> [Epoch 000] Global Step 000161 =>> LR :: 0.000020 - Loss :: 0.0148:  26%|██▌       | 1291/5000 [41:52<1:52:53,  1.83s/it]=>> [Epoch 000] Global Step 000161 =>> LR :: 0.000020 - Loss :: 0.0148:  26%|██▌       | 1292/5000 [41:54<1:52:02,  1.81s/it]=>> [Epoch 000] Global Step 000161 =>> LR :: 0.000020 - Loss :: 0.0148:  26%|██▌       | 1292/5000 [41:54<1:52:02,  1.81s/it]=>> [Epoch 000] Global Step 000161 =>> LR :: 0.000020 - Loss :: 0.0148:  26%|██▌       | 1293/5000 [41:55<1:51:13,  1.80s/it]=>> [Epoch 000] Global Step 000161 =>> LR :: 0.000020 - Loss :: 0.0148:  26%|██▌       | 1293/5000 [41:55<1:51:13,  1.80s/it]=>> [Epoch 000] Global Step 000161 =>> LR :: 0.000020 - Loss :: 0.0148:  26%|██▌       | 1294/5000 [41:57<1:50:36,  1.79s/it]=>> [Epoch 000] Global Step 000161 =>> LR :: 0.000020 - Loss :: 0.0148:  26%|██▌       | 1294/5000 [41:57<1:50:36,  1.79s/it]=>> [Epoch 000] Global Step 000161 =>> LR :: 0.000020 - Loss :: 0.0148:  26%|██▌       | 1295/5000 [41:59<1:50:58,  1.80s/it]=>> [Epoch 000] Global Step 000161 =>> LR :: 0.000020 - Loss :: 0.0148:  26%|██▌       | 1295/5000 [41:59<1:50:58,  1.80s/it]=>> [Epoch 000] Global Step 000161 =>> LR :: 0.000020 - Loss :: 0.0148:  26%|██▌       | 1296/5000 [42:01<1:53:21,  1.84s/it]=>> [Epoch 000] Global Step 000162 =>> LR :: 0.000020 - Loss :: 0.0240:  26%|██▌       | 1296/5000 [42:01<1:53:21,  1.84s/it]=>> [Epoch 000] Global Step 000162 =>> LR :: 0.000020 - Loss :: 0.0240:  26%|██▌       | 1297/5000 [42:03<1:54:46,  1.86s/it]=>> [Epoch 000] Global Step 000162 =>> LR :: 0.000020 - Loss :: 0.0240:  26%|██▌       | 1297/5000 [42:03<1:54:46,  1.86s/it]=>> [Epoch 000] Global Step 000162 =>> LR :: 0.000020 - Loss :: 0.0240:  26%|██▌       | 1298/5000 [42:05<1:52:54,  1.83s/it]=>> [Epoch 000] Global Step 000162 =>> LR :: 0.000020 - Loss :: 0.0240:  26%|██▌       | 1298/5000 [42:05<1:52:54,  1.83s/it]=>> [Epoch 000] Global Step 000162 =>> LR :: 0.000020 - Loss :: 0.0240:  26%|██▌       | 1299/5000 [42:06<1:52:18,  1.82s/it]=>> [Epoch 000] Global Step 000162 =>> LR :: 0.000020 - Loss :: 0.0240:  26%|██▌       | 1299/5000 [42:06<1:52:18,  1.82s/it]=>> [Epoch 000] Global Step 000162 =>> LR :: 0.000020 - Loss :: 0.0240:  26%|██▌       | 1300/5000 [42:08<1:51:12,  1.80s/it]=>> [Epoch 000] Global Step 000162 =>> LR :: 0.000020 - Loss :: 0.0240:  26%|██▌       | 1300/5000 [42:08<1:51:12,  1.80s/it]=>> [Epoch 000] Global Step 000162 =>> LR :: 0.000020 - Loss :: 0.0240:  26%|██▌       | 1301/5000 [42:10<1:53:45,  1.85s/it]=>> [Epoch 000] Global Step 000162 =>> LR :: 0.000020 - Loss :: 0.0240:  26%|██▌       | 1301/5000 [42:10<1:53:45,  1.85s/it]=>> [Epoch 000] Global Step 000162 =>> LR :: 0.000020 - Loss :: 0.0240:  26%|██▌       | 1302/5000 [42:12<1:52:35,  1.83s/it]=>> [Epoch 000] Global Step 000162 =>> LR :: 0.000020 - Loss :: 0.0240:  26%|██▌       | 1302/5000 [42:12<1:52:35,  1.83s/it]=>> [Epoch 000] Global Step 000162 =>> LR :: 0.000020 - Loss :: 0.0240:  26%|██▌       | 1303/5000 [42:14<1:54:36,  1.86s/it]=>> [Epoch 000] Global Step 000162 =>> LR :: 0.000020 - Loss :: 0.0240:  26%|██▌       | 1303/5000 [42:14<1:54:36,  1.86s/it]=>> [Epoch 000] Global Step 000162 =>> LR :: 0.000020 - Loss :: 0.0240:  26%|██▌       | 1304/5000 [42:16<1:55:36,  1.88s/it]=>> [Epoch 000] Global Step 000163 =>> LR :: 0.000020 - Loss :: 0.0116:  26%|██▌       | 1304/5000 [42:16<1:55:36,  1.88s/it]=>> [Epoch 000] Global Step 000163 =>> LR :: 0.000020 - Loss :: 0.0116:  26%|██▌       | 1305/5000 [42:18<1:52:33,  1.83s/it]=>> [Epoch 000] Global Step 000163 =>> LR :: 0.000020 - Loss :: 0.0116:  26%|██▌       | 1305/5000 [42:18<1:52:33,  1.83s/it]=>> [Epoch 000] Global Step 000163 =>> LR :: 0.000020 - Loss :: 0.0116:  26%|██▌       | 1306/5000 [42:19<1:51:39,  1.81s/it]=>> [Epoch 000] Global Step 000163 =>> LR :: 0.000020 - Loss :: 0.0116:  26%|██▌       | 1306/5000 [42:19<1:51:39,  1.81s/it]=>> [Epoch 000] Global Step 000163 =>> LR :: 0.000020 - Loss :: 0.0116:  26%|██▌       | 1307/5000 [42:21<1:50:36,  1.80s/it]=>> [Epoch 000] Global Step 000163 =>> LR :: 0.000020 - Loss :: 0.0116:  26%|██▌       | 1307/5000 [42:21<1:50:36,  1.80s/it]=>> [Epoch 000] Global Step 000163 =>> LR :: 0.000020 - Loss :: 0.0116:  26%|██▌       | 1308/5000 [42:23<1:53:44,  1.85s/it]=>> [Epoch 000] Global Step 000163 =>> LR :: 0.000020 - Loss :: 0.0116:  26%|██▌       | 1308/5000 [42:23<1:53:44,  1.85s/it]=>> [Epoch 000] Global Step 000163 =>> LR :: 0.000020 - Loss :: 0.0116:  26%|██▌       | 1309/5000 [42:25<1:52:08,  1.82s/it]=>> [Epoch 000] Global Step 000163 =>> LR :: 0.000020 - Loss :: 0.0116:  26%|██▌       | 1309/5000 [42:25<1:52:08,  1.82s/it]=>> [Epoch 000] Global Step 000163 =>> LR :: 0.000020 - Loss :: 0.0116:  26%|██▌       | 1310/5000 [42:27<1:51:11,  1.81s/it]=>> [Epoch 000] Global Step 000163 =>> LR :: 0.000020 - Loss :: 0.0116:  26%|██▌       | 1310/5000 [42:27<1:51:11,  1.81s/it]=>> [Epoch 000] Global Step 000163 =>> LR :: 0.000020 - Loss :: 0.0116:  26%|██▌       | 1311/5000 [42:28<1:50:31,  1.80s/it]=>> [Epoch 000] Global Step 000163 =>> LR :: 0.000020 - Loss :: 0.0116:  26%|██▌       | 1311/5000 [42:28<1:50:31,  1.80s/it]=>> [Epoch 000] Global Step 000163 =>> LR :: 0.000020 - Loss :: 0.0116:  26%|██▌       | 1312/5000 [42:30<1:52:38,  1.83s/it]=>> [Epoch 000] Global Step 000164 =>> LR :: 0.000020 - Loss :: 0.0199:  26%|██▌       | 1312/5000 [42:30<1:52:38,  1.83s/it]=>> [Epoch 000] Global Step 000164 =>> LR :: 0.000020 - Loss :: 0.0199:  26%|██▋       | 1313/5000 [42:32<1:50:42,  1.80s/it]=>> [Epoch 000] Global Step 000164 =>> LR :: 0.000020 - Loss :: 0.0199:  26%|██▋       | 1313/5000 [42:32<1:50:42,  1.80s/it]=>> [Epoch 000] Global Step 000164 =>> LR :: 0.000020 - Loss :: 0.0199:  26%|██▋       | 1314/5000 [42:34<1:54:57,  1.87s/it]=>> [Epoch 000] Global Step 000164 =>> LR :: 0.000020 - Loss :: 0.0199:  26%|██▋       | 1314/5000 [42:34<1:54:57,  1.87s/it]=>> [Epoch 000] Global Step 000164 =>> LR :: 0.000020 - Loss :: 0.0199:  26%|██▋       | 1315/5000 [42:36<1:53:03,  1.84s/it]=>> [Epoch 000] Global Step 000164 =>> LR :: 0.000020 - Loss :: 0.0199:  26%|██▋       | 1315/5000 [42:36<1:53:03,  1.84s/it]=>> [Epoch 000] Global Step 000164 =>> LR :: 0.000020 - Loss :: 0.0199:  26%|██▋       | 1316/5000 [42:38<1:51:49,  1.82s/it]=>> [Epoch 000] Global Step 000164 =>> LR :: 0.000020 - Loss :: 0.0199:  26%|██▋       | 1316/5000 [42:38<1:51:49,  1.82s/it]=>> [Epoch 000] Global Step 000164 =>> LR :: 0.000020 - Loss :: 0.0199:  26%|██▋       | 1317/5000 [42:39<1:51:02,  1.81s/it]=>> [Epoch 000] Global Step 000164 =>> LR :: 0.000020 - Loss :: 0.0199:  26%|██▋       | 1317/5000 [42:39<1:51:02,  1.81s/it]=>> [Epoch 000] Global Step 000164 =>> LR :: 0.000020 - Loss :: 0.0199:  26%|██▋       | 1318/5000 [42:41<1:53:37,  1.85s/it]=>> [Epoch 000] Global Step 000164 =>> LR :: 0.000020 - Loss :: 0.0199:  26%|██▋       | 1318/5000 [42:41<1:53:37,  1.85s/it]=>> [Epoch 000] Global Step 000164 =>> LR :: 0.000020 - Loss :: 0.0199:  26%|██▋       | 1319/5000 [42:43<1:52:00,  1.83s/it]=>> [Epoch 000] Global Step 000164 =>> LR :: 0.000020 - Loss :: 0.0199:  26%|██▋       | 1319/5000 [42:43<1:52:00,  1.83s/it]=>> [Epoch 000] Global Step 000164 =>> LR :: 0.000020 - Loss :: 0.0199:  26%|██▋       | 1320/5000 [42:45<1:53:34,  1.85s/it]=>> [Epoch 000] Global Step 000165 =>> LR :: 0.000020 - Loss :: 0.0119:  26%|██▋       | 1320/5000 [42:45<1:53:34,  1.85s/it]=>> [Epoch 000] Global Step 000165 =>> LR :: 0.000020 - Loss :: 0.0119:  26%|██▋       | 1321/5000 [42:47<1:55:09,  1.88s/it]=>> [Epoch 000] Global Step 000165 =>> LR :: 0.000020 - Loss :: 0.0119:  26%|██▋       | 1321/5000 [42:47<1:55:09,  1.88s/it]=>> [Epoch 000] Global Step 000165 =>> LR :: 0.000020 - Loss :: 0.0119:  26%|██▋       | 1322/5000 [42:49<1:53:10,  1.85s/it]=>> [Epoch 000] Global Step 000165 =>> LR :: 0.000020 - Loss :: 0.0119:  26%|██▋       | 1322/5000 [42:49<1:53:10,  1.85s/it]=>> [Epoch 000] Global Step 000165 =>> LR :: 0.000020 - Loss :: 0.0119:  26%|██▋       | 1323/5000 [42:50<1:51:43,  1.82s/it]=>> [Epoch 000] Global Step 000165 =>> LR :: 0.000020 - Loss :: 0.0119:  26%|██▋       | 1323/5000 [42:50<1:51:43,  1.82s/it]=>> [Epoch 000] Global Step 000165 =>> LR :: 0.000020 - Loss :: 0.0119:  26%|██▋       | 1324/5000 [42:52<1:50:43,  1.81s/it]=>> [Epoch 000] Global Step 000165 =>> LR :: 0.000020 - Loss :: 0.0119:  26%|██▋       | 1324/5000 [42:52<1:50:43,  1.81s/it]=>> [Epoch 000] Global Step 000165 =>> LR :: 0.000020 - Loss :: 0.0119:  26%|██▋       | 1325/5000 [42:54<1:53:08,  1.85s/it]=>> [Epoch 000] Global Step 000165 =>> LR :: 0.000020 - Loss :: 0.0119:  26%|██▋       | 1325/5000 [42:54<1:53:08,  1.85s/it]=>> [Epoch 000] Global Step 000165 =>> LR :: 0.000020 - Loss :: 0.0119:  27%|██▋       | 1326/5000 [42:56<1:51:41,  1.82s/it]=>> [Epoch 000] Global Step 000165 =>> LR :: 0.000020 - Loss :: 0.0119:  27%|██▋       | 1326/5000 [42:56<1:51:41,  1.82s/it]=>> [Epoch 000] Global Step 000165 =>> LR :: 0.000020 - Loss :: 0.0119:  27%|██▋       | 1327/5000 [42:58<1:50:37,  1.81s/it]=>> [Epoch 000] Global Step 000165 =>> LR :: 0.000020 - Loss :: 0.0119:  27%|██▋       | 1327/5000 [42:58<1:50:37,  1.81s/it]=>> [Epoch 000] Global Step 000165 =>> LR :: 0.000020 - Loss :: 0.0119:  27%|██▋       | 1328/5000 [43:00<1:52:21,  1.84s/it]=>> [Epoch 000] Global Step 000166 =>> LR :: 0.000020 - Loss :: 0.0231:  27%|██▋       | 1328/5000 [43:00<1:52:21,  1.84s/it]=>> [Epoch 000] Global Step 000166 =>> LR :: 0.000020 - Loss :: 0.0231:  27%|██▋       | 1329/5000 [43:01<1:50:23,  1.80s/it]=>> [Epoch 000] Global Step 000166 =>> LR :: 0.000020 - Loss :: 0.0231:  27%|██▋       | 1329/5000 [43:01<1:50:23,  1.80s/it]=>> [Epoch 000] Global Step 000166 =>> LR :: 0.000020 - Loss :: 0.0231:  27%|██▋       | 1330/5000 [43:03<1:50:20,  1.80s/it]=>> [Epoch 000] Global Step 000166 =>> LR :: 0.000020 - Loss :: 0.0231:  27%|██▋       | 1330/5000 [43:03<1:50:20,  1.80s/it]=>> [Epoch 000] Global Step 000166 =>> LR :: 0.000020 - Loss :: 0.0231:  27%|██▋       | 1331/5000 [43:05<1:49:44,  1.79s/it]=>> [Epoch 000] Global Step 000166 =>> LR :: 0.000020 - Loss :: 0.0231:  27%|██▋       | 1331/5000 [43:05<1:49:44,  1.79s/it]=>> [Epoch 000] Global Step 000166 =>> LR :: 0.000020 - Loss :: 0.0231:  27%|██▋       | 1332/5000 [43:07<1:52:57,  1.85s/it]=>> [Epoch 000] Global Step 000166 =>> LR :: 0.000020 - Loss :: 0.0231:  27%|██▋       | 1332/5000 [43:07<1:52:57,  1.85s/it]=>> [Epoch 000] Global Step 000166 =>> LR :: 0.000020 - Loss :: 0.0231:  27%|██▋       | 1333/5000 [43:09<1:51:33,  1.83s/it]=>> [Epoch 000] Global Step 000166 =>> LR :: 0.000020 - Loss :: 0.0231:  27%|██▋       | 1333/5000 [43:09<1:51:33,  1.83s/it]=>> [Epoch 000] Global Step 000166 =>> LR :: 0.000020 - Loss :: 0.0231:  27%|██▋       | 1334/5000 [43:10<1:50:33,  1.81s/it]=>> [Epoch 000] Global Step 000166 =>> LR :: 0.000020 - Loss :: 0.0231:  27%|██▋       | 1334/5000 [43:10<1:50:33,  1.81s/it]=>> [Epoch 000] Global Step 000166 =>> LR :: 0.000020 - Loss :: 0.0231:  27%|██▋       | 1335/5000 [43:12<1:49:45,  1.80s/it]=>> [Epoch 000] Global Step 000166 =>> LR :: 0.000020 - Loss :: 0.0231:  27%|██▋       | 1335/5000 [43:12<1:49:45,  1.80s/it]=>> [Epoch 000] Global Step 000166 =>> LR :: 0.000020 - Loss :: 0.0231:  27%|██▋       | 1336/5000 [43:14<1:55:11,  1.89s/it]=>> [Epoch 000] Global Step 000167 =>> LR :: 0.000020 - Loss :: 0.0169:  27%|██▋       | 1336/5000 [43:14<1:55:11,  1.89s/it]=>> [Epoch 000] Global Step 000167 =>> LR :: 0.000020 - Loss :: 0.0169:  27%|██▋       | 1337/5000 [43:16<1:52:09,  1.84s/it]=>> [Epoch 000] Global Step 000167 =>> LR :: 0.000020 - Loss :: 0.0169:  27%|██▋       | 1337/5000 [43:16<1:52:09,  1.84s/it]=>> [Epoch 000] Global Step 000167 =>> LR :: 0.000020 - Loss :: 0.0169:  27%|██▋       | 1338/5000 [43:18<1:51:06,  1.82s/it]=>> [Epoch 000] Global Step 000167 =>> LR :: 0.000020 - Loss :: 0.0169:  27%|██▋       | 1338/5000 [43:18<1:51:06,  1.82s/it]=>> [Epoch 000] Global Step 000167 =>> LR :: 0.000020 - Loss :: 0.0169:  27%|██▋       | 1339/5000 [43:20<1:53:36,  1.86s/it]=>> [Epoch 000] Global Step 000167 =>> LR :: 0.000020 - Loss :: 0.0169:  27%|██▋       | 1339/5000 [43:20<1:53:36,  1.86s/it]=>> [Epoch 000] Global Step 000167 =>> LR :: 0.000020 - Loss :: 0.0169:  27%|██▋       | 1340/5000 [43:22<1:51:55,  1.83s/it]=>> [Epoch 000] Global Step 000167 =>> LR :: 0.000020 - Loss :: 0.0169:  27%|██▋       | 1340/5000 [43:22<1:51:55,  1.83s/it]=>> [Epoch 000] Global Step 000167 =>> LR :: 0.000020 - Loss :: 0.0169:  27%|██▋       | 1341/5000 [43:23<1:50:48,  1.82s/it]=>> [Epoch 000] Global Step 000167 =>> LR :: 0.000020 - Loss :: 0.0169:  27%|██▋       | 1341/5000 [43:23<1:50:48,  1.82s/it]=>> [Epoch 000] Global Step 000167 =>> LR :: 0.000020 - Loss :: 0.0169:  27%|██▋       | 1342/5000 [43:25<1:49:48,  1.80s/it]=>> [Epoch 000] Global Step 000167 =>> LR :: 0.000020 - Loss :: 0.0169:  27%|██▋       | 1342/5000 [43:25<1:49:48,  1.80s/it]=>> [Epoch 000] Global Step 000167 =>> LR :: 0.000020 - Loss :: 0.0169:  27%|██▋       | 1343/5000 [43:27<1:53:14,  1.86s/it]=>> [Epoch 000] Global Step 000167 =>> LR :: 0.000020 - Loss :: 0.0169:  27%|██▋       | 1343/5000 [43:27<1:53:14,  1.86s/it]=>> [Epoch 000] Global Step 000167 =>> LR :: 0.000020 - Loss :: 0.0169:  27%|██▋       | 1344/5000 [43:29<1:54:15,  1.88s/it]=>> [Epoch 000] Global Step 000168 =>> LR :: 0.000020 - Loss :: 0.0121:  27%|██▋       | 1344/5000 [43:29<1:54:15,  1.88s/it]=>> [Epoch 000] Global Step 000168 =>> LR :: 0.000020 - Loss :: 0.0121:  27%|██▋       | 1345/5000 [43:31<1:51:28,  1.83s/it]=>> [Epoch 000] Global Step 000168 =>> LR :: 0.000020 - Loss :: 0.0121:  27%|██▋       | 1345/5000 [43:31<1:51:28,  1.83s/it]=>> [Epoch 000] Global Step 000168 =>> LR :: 0.000020 - Loss :: 0.0121:  27%|██▋       | 1346/5000 [43:32<1:50:18,  1.81s/it]=>> [Epoch 000] Global Step 000168 =>> LR :: 0.000020 - Loss :: 0.0121:  27%|██▋       | 1346/5000 [43:32<1:50:18,  1.81s/it]=>> [Epoch 000] Global Step 000168 =>> LR :: 0.000020 - Loss :: 0.0121:  27%|██▋       | 1347/5000 [43:34<1:49:30,  1.80s/it]=>> [Epoch 000] Global Step 000168 =>> LR :: 0.000020 - Loss :: 0.0121:  27%|██▋       | 1347/5000 [43:34<1:49:30,  1.80s/it]=>> [Epoch 000] Global Step 000168 =>> LR :: 0.000020 - Loss :: 0.0121:  27%|██▋       | 1348/5000 [43:36<1:49:47,  1.80s/it]=>> [Epoch 000] Global Step 000168 =>> LR :: 0.000020 - Loss :: 0.0121:  27%|██▋       | 1348/5000 [43:36<1:49:47,  1.80s/it]=>> [Epoch 000] Global Step 000168 =>> LR :: 0.000020 - Loss :: 0.0121:  27%|██▋       | 1349/5000 [43:38<1:49:11,  1.79s/it]=>> [Epoch 000] Global Step 000168 =>> LR :: 0.000020 - Loss :: 0.0121:  27%|██▋       | 1349/5000 [43:38<1:49:11,  1.79s/it]=>> [Epoch 000] Global Step 000168 =>> LR :: 0.000020 - Loss :: 0.0121:  27%|██▋       | 1350/5000 [43:40<1:52:00,  1.84s/it]=>> [Epoch 000] Global Step 000168 =>> LR :: 0.000020 - Loss :: 0.0121:  27%|██▋       | 1350/5000 [43:40<1:52:00,  1.84s/it]=>> [Epoch 000] Global Step 000168 =>> LR :: 0.000020 - Loss :: 0.0121:  27%|██▋       | 1351/5000 [43:42<1:50:29,  1.82s/it]=>> [Epoch 000] Global Step 000168 =>> LR :: 0.000020 - Loss :: 0.0121:  27%|██▋       | 1351/5000 [43:42<1:50:29,  1.82s/it]=>> [Epoch 000] Global Step 000168 =>> LR :: 0.000020 - Loss :: 0.0121:  27%|██▋       | 1352/5000 [43:43<1:52:18,  1.85s/it]=>> [Epoch 000] Global Step 000169 =>> LR :: 0.000020 - Loss :: 0.0201:  27%|██▋       | 1352/5000 [43:43<1:52:18,  1.85s/it]=>> [Epoch 000] Global Step 000169 =>> LR :: 0.000020 - Loss :: 0.0201:  27%|██▋       | 1353/5000 [43:45<1:54:09,  1.88s/it]=>> [Epoch 000] Global Step 000169 =>> LR :: 0.000020 - Loss :: 0.0201:  27%|██▋       | 1353/5000 [43:45<1:54:09,  1.88s/it]=>> [Epoch 000] Global Step 000169 =>> LR :: 0.000020 - Loss :: 0.0201:  27%|██▋       | 1354/5000 [43:47<1:52:01,  1.84s/it]=>> [Epoch 000] Global Step 000169 =>> LR :: 0.000020 - Loss :: 0.0201:  27%|██▋       | 1354/5000 [43:47<1:52:01,  1.84s/it]=>> [Epoch 000] Global Step 000169 =>> LR :: 0.000020 - Loss :: 0.0201:  27%|██▋       | 1355/5000 [43:49<1:50:54,  1.83s/it]=>> [Epoch 000] Global Step 000169 =>> LR :: 0.000020 - Loss :: 0.0201:  27%|██▋       | 1355/5000 [43:49<1:50:54,  1.83s/it]=>> [Epoch 000] Global Step 000169 =>> LR :: 0.000020 - Loss :: 0.0201:  27%|██▋       | 1356/5000 [43:51<1:50:02,  1.81s/it]=>> [Epoch 000] Global Step 000169 =>> LR :: 0.000020 - Loss :: 0.0201:  27%|██▋       | 1356/5000 [43:51<1:50:02,  1.81s/it]=>> [Epoch 000] Global Step 000169 =>> LR :: 0.000020 - Loss :: 0.0201:  27%|██▋       | 1357/5000 [43:53<1:53:02,  1.86s/it]=>> [Epoch 000] Global Step 000169 =>> LR :: 0.000020 - Loss :: 0.0201:  27%|██▋       | 1357/5000 [43:53<1:53:02,  1.86s/it]=>> [Epoch 000] Global Step 000169 =>> LR :: 0.000020 - Loss :: 0.0201:  27%|██▋       | 1358/5000 [43:54<1:51:25,  1.84s/it]=>> [Epoch 000] Global Step 000169 =>> LR :: 0.000020 - Loss :: 0.0201:  27%|██▋       | 1358/5000 [43:54<1:51:25,  1.84s/it]=>> [Epoch 000] Global Step 000169 =>> LR :: 0.000020 - Loss :: 0.0201:  27%|██▋       | 1359/5000 [43:56<1:50:27,  1.82s/it]=>> [Epoch 000] Global Step 000169 =>> LR :: 0.000020 - Loss :: 0.0201:  27%|██▋       | 1359/5000 [43:56<1:50:27,  1.82s/it]=>> [Epoch 000] Global Step 000169 =>> LR :: 0.000020 - Loss :: 0.0201:  27%|██▋       | 1360/5000 [43:58<1:56:03,  1.91s/it]=>> [Epoch 000] Global Step 000170 =>> LR :: 0.000020 - Loss :: 0.0229:  27%|██▋       | 1360/5000 [43:58<1:56:03,  1.91s/it]=>> [Epoch 000] Global Step 000170 =>> LR :: 0.000020 - Loss :: 0.0229:  27%|██▋       | 1361/5000 [44:00<1:52:47,  1.86s/it]=>> [Epoch 000] Global Step 000170 =>> LR :: 0.000020 - Loss :: 0.0229:  27%|██▋       | 1361/5000 [44:00<1:52:47,  1.86s/it]=>> [Epoch 000] Global Step 000170 =>> LR :: 0.000020 - Loss :: 0.0229:  27%|██▋       | 1362/5000 [44:02<1:51:01,  1.83s/it]=>> [Epoch 000] Global Step 000170 =>> LR :: 0.000020 - Loss :: 0.0229:  27%|██▋       | 1362/5000 [44:02<1:51:01,  1.83s/it]=>> [Epoch 000] Global Step 000170 =>> LR :: 0.000020 - Loss :: 0.0229:  27%|██▋       | 1363/5000 [44:04<1:49:48,  1.81s/it]=>> [Epoch 000] Global Step 000170 =>> LR :: 0.000020 - Loss :: 0.0229:  27%|██▋       | 1363/5000 [44:04<1:49:48,  1.81s/it]=>> [Epoch 000] Global Step 000170 =>> LR :: 0.000020 - Loss :: 0.0229:  27%|██▋       | 1364/5000 [44:05<1:49:06,  1.80s/it]=>> [Epoch 000] Global Step 000170 =>> LR :: 0.000020 - Loss :: 0.0229:  27%|██▋       | 1364/5000 [44:05<1:49:06,  1.80s/it]=>> [Epoch 000] Global Step 000170 =>> LR :: 0.000020 - Loss :: 0.0229:  27%|██▋       | 1365/5000 [44:07<1:48:50,  1.80s/it]=>> [Epoch 000] Global Step 000170 =>> LR :: 0.000020 - Loss :: 0.0229:  27%|██▋       | 1365/5000 [44:07<1:48:50,  1.80s/it]=>> [Epoch 000] Global Step 000170 =>> LR :: 0.000020 - Loss :: 0.0229:  27%|██▋       | 1366/5000 [44:09<1:48:27,  1.79s/it]=>> [Epoch 000] Global Step 000170 =>> LR :: 0.000020 - Loss :: 0.0229:  27%|██▋       | 1366/5000 [44:09<1:48:27,  1.79s/it]=>> [Epoch 000] Global Step 000170 =>> LR :: 0.000020 - Loss :: 0.0229:  27%|██▋       | 1367/5000 [44:11<1:51:24,  1.84s/it]=>> [Epoch 000] Global Step 000170 =>> LR :: 0.000020 - Loss :: 0.0229:  27%|██▋       | 1367/5000 [44:11<1:51:24,  1.84s/it]=>> [Epoch 000] Global Step 000170 =>> LR :: 0.000020 - Loss :: 0.0229:  27%|██▋       | 1368/5000 [44:13<1:52:34,  1.86s/it]=>> [Epoch 000] Global Step 000171 =>> LR :: 0.000020 - Loss :: 0.0183:  27%|██▋       | 1368/5000 [44:13<1:52:34,  1.86s/it]=>> [Epoch 000] Global Step 000171 =>> LR :: 0.000020 - Loss :: 0.0183:  27%|██▋       | 1369/5000 [44:15<1:50:19,  1.82s/it]=>> [Epoch 000] Global Step 000171 =>> LR :: 0.000020 - Loss :: 0.0183:  27%|██▋       | 1369/5000 [44:15<1:50:19,  1.82s/it]=>> [Epoch 000] Global Step 000171 =>> LR :: 0.000020 - Loss :: 0.0183:  27%|██▋       | 1370/5000 [44:16<1:49:23,  1.81s/it]=>> [Epoch 000] Global Step 000171 =>> LR :: 0.000020 - Loss :: 0.0183:  27%|██▋       | 1370/5000 [44:16<1:49:23,  1.81s/it]=>> [Epoch 000] Global Step 000171 =>> LR :: 0.000020 - Loss :: 0.0183:  27%|██▋       | 1371/5000 [44:18<1:52:12,  1.86s/it]=>> [Epoch 000] Global Step 000171 =>> LR :: 0.000020 - Loss :: 0.0183:  27%|██▋       | 1371/5000 [44:18<1:52:12,  1.86s/it]=>> [Epoch 000] Global Step 000171 =>> LR :: 0.000020 - Loss :: 0.0183:  27%|██▋       | 1372/5000 [44:20<1:50:42,  1.83s/it]=>> [Epoch 000] Global Step 000171 =>> LR :: 0.000020 - Loss :: 0.0183:  27%|██▋       | 1372/5000 [44:20<1:50:42,  1.83s/it]=>> [Epoch 000] Global Step 000171 =>> LR :: 0.000020 - Loss :: 0.0183:  27%|██▋       | 1373/5000 [44:22<1:49:33,  1.81s/it]=>> [Epoch 000] Global Step 000171 =>> LR :: 0.000020 - Loss :: 0.0183:  27%|██▋       | 1373/5000 [44:22<1:49:33,  1.81s/it]=>> [Epoch 000] Global Step 000171 =>> LR :: 0.000020 - Loss :: 0.0183:  27%|██▋       | 1374/5000 [44:24<1:48:45,  1.80s/it]=>> [Epoch 000] Global Step 000171 =>> LR :: 0.000020 - Loss :: 0.0183:  27%|██▋       | 1374/5000 [44:24<1:48:45,  1.80s/it]=>> [Epoch 000] Global Step 000171 =>> LR :: 0.000020 - Loss :: 0.0183:  28%|██▊       | 1375/5000 [44:26<1:51:09,  1.84s/it]=>> [Epoch 000] Global Step 000171 =>> LR :: 0.000020 - Loss :: 0.0183:  28%|██▊       | 1375/5000 [44:26<1:51:09,  1.84s/it]=>> [Epoch 000] Global Step 000171 =>> LR :: 0.000020 - Loss :: 0.0183:  28%|██▊       | 1376/5000 [44:27<1:52:21,  1.86s/it]=>> [Epoch 000] Global Step 000172 =>> LR :: 0.000020 - Loss :: 0.0088:  28%|██▊       | 1376/5000 [44:27<1:52:21,  1.86s/it]=>> [Epoch 000] Global Step 000172 =>> LR :: 0.000020 - Loss :: 0.0088:  28%|██▊       | 1377/5000 [44:29<1:50:02,  1.82s/it]=>> [Epoch 000] Global Step 000172 =>> LR :: 0.000020 - Loss :: 0.0088:  28%|██▊       | 1377/5000 [44:29<1:50:02,  1.82s/it]=>> [Epoch 000] Global Step 000172 =>> LR :: 0.000020 - Loss :: 0.0088:  28%|██▊       | 1378/5000 [44:31<1:53:04,  1.87s/it]=>> [Epoch 000] Global Step 000172 =>> LR :: 0.000020 - Loss :: 0.0088:  28%|██▊       | 1378/5000 [44:31<1:53:04,  1.87s/it]=>> [Epoch 000] Global Step 000172 =>> LR :: 0.000020 - Loss :: 0.0088:  28%|██▊       | 1379/5000 [44:33<1:51:08,  1.84s/it]=>> [Epoch 000] Global Step 000172 =>> LR :: 0.000020 - Loss :: 0.0088:  28%|██▊       | 1379/5000 [44:33<1:51:08,  1.84s/it]=>> [Epoch 000] Global Step 000172 =>> LR :: 0.000020 - Loss :: 0.0088:  28%|██▊       | 1380/5000 [44:35<1:49:44,  1.82s/it]=>> [Epoch 000] Global Step 000172 =>> LR :: 0.000020 - Loss :: 0.0088:  28%|██▊       | 1380/5000 [44:35<1:49:44,  1.82s/it]=>> [Epoch 000] Global Step 000172 =>> LR :: 0.000020 - Loss :: 0.0088:  28%|██▊       | 1381/5000 [44:37<1:48:51,  1.80s/it]=>> [Epoch 000] Global Step 000172 =>> LR :: 0.000020 - Loss :: 0.0088:  28%|██▊       | 1381/5000 [44:37<1:48:51,  1.80s/it]=>> [Epoch 000] Global Step 000172 =>> LR :: 0.000020 - Loss :: 0.0088:  28%|██▊       | 1382/5000 [44:38<1:48:31,  1.80s/it]=>> [Epoch 000] Global Step 000172 =>> LR :: 0.000020 - Loss :: 0.0088:  28%|██▊       | 1382/5000 [44:38<1:48:31,  1.80s/it]=>> [Epoch 000] Global Step 000172 =>> LR :: 0.000020 - Loss :: 0.0088:  28%|██▊       | 1383/5000 [44:40<1:48:06,  1.79s/it]=>> [Epoch 000] Global Step 000172 =>> LR :: 0.000020 - Loss :: 0.0088:  28%|██▊       | 1383/5000 [44:40<1:48:06,  1.79s/it]=>> [Epoch 000] Global Step 000172 =>> LR :: 0.000020 - Loss :: 0.0088:  28%|██▊       | 1384/5000 [44:42<1:51:00,  1.84s/it]=>> [Epoch 000] Global Step 000173 =>> LR :: 0.000020 - Loss :: 0.0224:  28%|██▊       | 1384/5000 [44:42<1:51:00,  1.84s/it]=>> [Epoch 000] Global Step 000173 =>> LR :: 0.000020 - Loss :: 0.0224:  28%|██▊       | 1385/5000 [44:44<1:53:23,  1.88s/it]=>> [Epoch 000] Global Step 000173 =>> LR :: 0.000020 - Loss :: 0.0224:  28%|██▊       | 1385/5000 [44:44<1:53:23,  1.88s/it]=>> [Epoch 000] Global Step 000173 =>> LR :: 0.000020 - Loss :: 0.0224:  28%|██▊       | 1386/5000 [44:46<1:51:27,  1.85s/it]=>> [Epoch 000] Global Step 000173 =>> LR :: 0.000020 - Loss :: 0.0224:  28%|██▊       | 1386/5000 [44:46<1:51:27,  1.85s/it]=>> [Epoch 000] Global Step 000173 =>> LR :: 0.000020 - Loss :: 0.0224:  28%|██▊       | 1387/5000 [44:48<1:50:11,  1.83s/it]=>> [Epoch 000] Global Step 000173 =>> LR :: 0.000020 - Loss :: 0.0224:  28%|██▊       | 1387/5000 [44:48<1:50:11,  1.83s/it]=>> [Epoch 000] Global Step 000173 =>> LR :: 0.000020 - Loss :: 0.0224:  28%|██▊       | 1388/5000 [44:50<1:52:09,  1.86s/it]=>> [Epoch 000] Global Step 000173 =>> LR :: 0.000020 - Loss :: 0.0224:  28%|██▊       | 1388/5000 [44:50<1:52:09,  1.86s/it]=>> [Epoch 000] Global Step 000173 =>> LR :: 0.000020 - Loss :: 0.0224:  28%|██▊       | 1389/5000 [44:51<1:50:15,  1.83s/it]=>> [Epoch 000] Global Step 000173 =>> LR :: 0.000020 - Loss :: 0.0224:  28%|██▊       | 1389/5000 [44:51<1:50:15,  1.83s/it]=>> [Epoch 000] Global Step 000173 =>> LR :: 0.000020 - Loss :: 0.0224:  28%|██▊       | 1390/5000 [44:53<1:49:00,  1.81s/it]=>> [Epoch 000] Global Step 000173 =>> LR :: 0.000020 - Loss :: 0.0224:  28%|██▊       | 1390/5000 [44:53<1:49:00,  1.81s/it]=>> [Epoch 000] Global Step 000173 =>> LR :: 0.000020 - Loss :: 0.0224:  28%|██▊       | 1391/5000 [44:55<1:48:10,  1.80s/it]=>> [Epoch 000] Global Step 000173 =>> LR :: 0.000020 - Loss :: 0.0224:  28%|██▊       | 1391/5000 [44:55<1:48:10,  1.80s/it]=>> [Epoch 000] Global Step 000173 =>> LR :: 0.000020 - Loss :: 0.0224:  28%|██▊       | 1392/5000 [44:57<1:50:07,  1.83s/it]=>> [Epoch 000] Global Step 000174 =>> LR :: 0.000020 - Loss :: 0.0173:  28%|██▊       | 1392/5000 [44:57<1:50:07,  1.83s/it]=>> [Epoch 000] Global Step 000174 =>> LR :: 0.000020 - Loss :: 0.0173:  28%|██▊       | 1393/5000 [44:59<1:52:16,  1.87s/it]=>> [Epoch 000] Global Step 000174 =>> LR :: 0.000020 - Loss :: 0.0173:  28%|██▊       | 1393/5000 [44:59<1:52:16,  1.87s/it]=>> [Epoch 000] Global Step 000174 =>> LR :: 0.000020 - Loss :: 0.0173:  28%|██▊       | 1394/5000 [45:00<1:50:41,  1.84s/it]=>> [Epoch 000] Global Step 000174 =>> LR :: 0.000020 - Loss :: 0.0173:  28%|██▊       | 1394/5000 [45:00<1:50:41,  1.84s/it]=>> [Epoch 000] Global Step 000174 =>> LR :: 0.000020 - Loss :: 0.0173:  28%|██▊       | 1395/5000 [45:02<1:52:41,  1.88s/it]=>> [Epoch 000] Global Step 000174 =>> LR :: 0.000020 - Loss :: 0.0173:  28%|██▊       | 1395/5000 [45:02<1:52:41,  1.88s/it]=>> [Epoch 000] Global Step 000174 =>> LR :: 0.000020 - Loss :: 0.0173:  28%|██▊       | 1396/5000 [45:04<1:50:43,  1.84s/it]=>> [Epoch 000] Global Step 000174 =>> LR :: 0.000020 - Loss :: 0.0173:  28%|██▊       | 1396/5000 [45:04<1:50:43,  1.84s/it]=>> [Epoch 000] Global Step 000174 =>> LR :: 0.000020 - Loss :: 0.0173:  28%|██▊       | 1397/5000 [45:06<1:49:36,  1.83s/it]=>> [Epoch 000] Global Step 000174 =>> LR :: 0.000020 - Loss :: 0.0173:  28%|██▊       | 1397/5000 [45:06<1:49:36,  1.83s/it]=>> [Epoch 000] Global Step 000174 =>> LR :: 0.000020 - Loss :: 0.0173:  28%|██▊       | 1398/5000 [45:08<1:48:32,  1.81s/it]=>> [Epoch 000] Global Step 000174 =>> LR :: 0.000020 - Loss :: 0.0173:  28%|██▊       | 1398/5000 [45:08<1:48:32,  1.81s/it]=>> [Epoch 000] Global Step 000174 =>> LR :: 0.000020 - Loss :: 0.0173:  28%|██▊       | 1399/5000 [45:09<1:47:44,  1.80s/it]=>> [Epoch 000] Global Step 000174 =>> LR :: 0.000020 - Loss :: 0.0173:  28%|██▊       | 1399/5000 [45:09<1:47:44,  1.80s/it]=>> [Epoch 000] Global Step 000174 =>> LR :: 0.000020 - Loss :: 0.0173:  28%|██▊       | 1400/5000 [45:11<1:50:18,  1.84s/it]=>> [Epoch 000] Global Step 000175 =>> LR :: 0.000020 - Loss :: 0.0143:  28%|██▊       | 1400/5000 [45:11<1:50:18,  1.84s/it]=>> [Epoch 000] Global Step 000175 =>> LR :: 0.000020 - Loss :: 0.0143:  28%|██▊       | 1401/5000 [45:13<1:48:06,  1.80s/it]=>> [Epoch 000] Global Step 000175 =>> LR :: 0.000020 - Loss :: 0.0143:  28%|██▊       | 1401/5000 [45:13<1:48:06,  1.80s/it]=>> [Epoch 000] Global Step 000175 =>> LR :: 0.000020 - Loss :: 0.0143:  28%|██▊       | 1402/5000 [45:15<1:47:30,  1.79s/it]=>> [Epoch 000] Global Step 000175 =>> LR :: 0.000020 - Loss :: 0.0143:  28%|██▊       | 1402/5000 [45:15<1:47:30,  1.79s/it]=>> [Epoch 000] Global Step 000175 =>> LR :: 0.000020 - Loss :: 0.0143:  28%|██▊       | 1403/5000 [45:17<1:50:15,  1.84s/it]=>> [Epoch 000] Global Step 000175 =>> LR :: 0.000020 - Loss :: 0.0143:  28%|██▊       | 1403/5000 [45:17<1:50:15,  1.84s/it]=>> [Epoch 000] Global Step 000175 =>> LR :: 0.000020 - Loss :: 0.0143:  28%|██▊       | 1404/5000 [45:19<1:49:03,  1.82s/it]=>> [Epoch 000] Global Step 000175 =>> LR :: 0.000020 - Loss :: 0.0143:  28%|██▊       | 1404/5000 [45:19<1:49:03,  1.82s/it]=>> [Epoch 000] Global Step 000175 =>> LR :: 0.000020 - Loss :: 0.0143:  28%|██▊       | 1405/5000 [45:20<1:48:06,  1.80s/it]=>> [Epoch 000] Global Step 000175 =>> LR :: 0.000020 - Loss :: 0.0143:  28%|██▊       | 1405/5000 [45:20<1:48:06,  1.80s/it]=>> [Epoch 000] Global Step 000175 =>> LR :: 0.000020 - Loss :: 0.0143:  28%|██▊       | 1406/5000 [45:22<1:50:30,  1.85s/it]=>> [Epoch 000] Global Step 000175 =>> LR :: 0.000020 - Loss :: 0.0143:  28%|██▊       | 1406/5000 [45:22<1:50:30,  1.85s/it]=>> [Epoch 000] Global Step 000175 =>> LR :: 0.000020 - Loss :: 0.0143:  28%|██▊       | 1407/5000 [45:24<1:49:11,  1.82s/it]=>> [Epoch 000] Global Step 000175 =>> LR :: 0.000020 - Loss :: 0.0143:  28%|██▊       | 1407/5000 [45:24<1:49:11,  1.82s/it]=>> [Epoch 000] Global Step 000175 =>> LR :: 0.000020 - Loss :: 0.0143:  28%|██▊       | 1408/5000 [45:26<1:50:32,  1.85s/it]=>> [Epoch 000] Global Step 000176 =>> LR :: 0.000020 - Loss :: 0.0163:  28%|██▊       | 1408/5000 [45:26<1:50:32,  1.85s/it]=>> [Epoch 000] Global Step 000176 =>> LR :: 0.000020 - Loss :: 0.0163:  28%|██▊       | 1409/5000 [45:28<1:48:33,  1.81s/it]=>> [Epoch 000] Global Step 000176 =>> LR :: 0.000020 - Loss :: 0.0163:  28%|██▊       | 1409/5000 [45:28<1:48:33,  1.81s/it]=>> [Epoch 000] Global Step 000176 =>> LR :: 0.000020 - Loss :: 0.0163:  28%|██▊       | 1410/5000 [45:30<1:47:47,  1.80s/it]=>> [Epoch 000] Global Step 000176 =>> LR :: 0.000020 - Loss :: 0.0163:  28%|██▊       | 1410/5000 [45:30<1:47:47,  1.80s/it]=>> [Epoch 000] Global Step 000176 =>> LR :: 0.000020 - Loss :: 0.0163:  28%|██▊       | 1411/5000 [45:31<1:50:13,  1.84s/it]=>> [Epoch 000] Global Step 000176 =>> LR :: 0.000020 - Loss :: 0.0163:  28%|██▊       | 1411/5000 [45:31<1:50:13,  1.84s/it]=>> [Epoch 000] Global Step 000176 =>> LR :: 0.000020 - Loss :: 0.0163:  28%|██▊       | 1412/5000 [45:33<1:48:47,  1.82s/it]=>> [Epoch 000] Global Step 000176 =>> LR :: 0.000020 - Loss :: 0.0163:  28%|██▊       | 1412/5000 [45:33<1:48:47,  1.82s/it]=>> [Epoch 000] Global Step 000176 =>> LR :: 0.000020 - Loss :: 0.0163:  28%|██▊       | 1413/5000 [45:35<1:52:48,  1.89s/it]=>> [Epoch 000] Global Step 000176 =>> LR :: 0.000020 - Loss :: 0.0163:  28%|██▊       | 1413/5000 [45:35<1:52:48,  1.89s/it]=>> [Epoch 000] Global Step 000176 =>> LR :: 0.000020 - Loss :: 0.0163:  28%|██▊       | 1414/5000 [45:37<1:50:43,  1.85s/it]=>> [Epoch 000] Global Step 000176 =>> LR :: 0.000020 - Loss :: 0.0163:  28%|██▊       | 1414/5000 [45:37<1:50:43,  1.85s/it]=>> [Epoch 000] Global Step 000176 =>> LR :: 0.000020 - Loss :: 0.0163:  28%|██▊       | 1415/5000 [45:39<1:49:30,  1.83s/it]=>> [Epoch 000] Global Step 000176 =>> LR :: 0.000020 - Loss :: 0.0163:  28%|██▊       | 1415/5000 [45:39<1:49:30,  1.83s/it]=>> [Epoch 000] Global Step 000176 =>> LR :: 0.000020 - Loss :: 0.0163:  28%|██▊       | 1416/5000 [45:41<1:50:47,  1.85s/it]=>> [Epoch 000] Global Step 000177 =>> LR :: 0.000020 - Loss :: 0.0187:  28%|██▊       | 1416/5000 [45:41<1:50:47,  1.85s/it]=>> [Epoch 000] Global Step 000177 =>> LR :: 0.000020 - Loss :: 0.0187:  28%|██▊       | 1417/5000 [45:42<1:48:32,  1.82s/it]=>> [Epoch 000] Global Step 000177 =>> LR :: 0.000020 - Loss :: 0.0187:  28%|██▊       | 1417/5000 [45:42<1:48:32,  1.82s/it]=>> [Epoch 000] Global Step 000177 =>> LR :: 0.000020 - Loss :: 0.0187:  28%|██▊       | 1418/5000 [45:44<1:47:26,  1.80s/it]=>> [Epoch 000] Global Step 000177 =>> LR :: 0.000020 - Loss :: 0.0187:  28%|██▊       | 1418/5000 [45:44<1:47:26,  1.80s/it]=>> [Epoch 000] Global Step 000177 =>> LR :: 0.000020 - Loss :: 0.0187:  28%|██▊       | 1419/5000 [45:46<1:46:53,  1.79s/it]=>> [Epoch 000] Global Step 000177 =>> LR :: 0.000020 - Loss :: 0.0187:  28%|██▊       | 1419/5000 [45:46<1:46:53,  1.79s/it]=>> [Epoch 000] Global Step 000177 =>> LR :: 0.000020 - Loss :: 0.0187:  28%|██▊       | 1420/5000 [45:48<1:49:46,  1.84s/it]=>> [Epoch 000] Global Step 000177 =>> LR :: 0.000020 - Loss :: 0.0187:  28%|██▊       | 1420/5000 [45:48<1:49:46,  1.84s/it]=>> [Epoch 000] Global Step 000177 =>> LR :: 0.000020 - Loss :: 0.0187:  28%|██▊       | 1421/5000 [45:50<1:48:38,  1.82s/it]=>> [Epoch 000] Global Step 000177 =>> LR :: 0.000020 - Loss :: 0.0187:  28%|██▊       | 1421/5000 [45:50<1:48:38,  1.82s/it]=>> [Epoch 000] Global Step 000177 =>> LR :: 0.000020 - Loss :: 0.0187:  28%|██▊       | 1422/5000 [45:52<1:47:45,  1.81s/it]=>> [Epoch 000] Global Step 000177 =>> LR :: 0.000020 - Loss :: 0.0187:  28%|██▊       | 1422/5000 [45:52<1:47:45,  1.81s/it]=>> [Epoch 000] Global Step 000177 =>> LR :: 0.000020 - Loss :: 0.0187:  28%|██▊       | 1423/5000 [45:53<1:50:07,  1.85s/it]=>> [Epoch 000] Global Step 000177 =>> LR :: 0.000020 - Loss :: 0.0187:  28%|██▊       | 1423/5000 [45:53<1:50:07,  1.85s/it]=>> [Epoch 000] Global Step 000177 =>> LR :: 0.000020 - Loss :: 0.0187:  28%|██▊       | 1424/5000 [45:55<1:51:15,  1.87s/it]=>> [Epoch 000] Global Step 000178 =>> LR :: 0.000020 - Loss :: 0.0171:  28%|██▊       | 1424/5000 [45:55<1:51:15,  1.87s/it]=>> [Epoch 000] Global Step 000178 =>> LR :: 0.000020 - Loss :: 0.0171:  28%|██▊       | 1425/5000 [45:57<1:48:42,  1.82s/it]=>> [Epoch 000] Global Step 000178 =>> LR :: 0.000020 - Loss :: 0.0171:  28%|██▊       | 1425/5000 [45:57<1:48:42,  1.82s/it]=>> [Epoch 000] Global Step 000178 =>> LR :: 0.000020 - Loss :: 0.0171:  29%|██▊       | 1426/5000 [45:59<1:47:38,  1.81s/it]=>> [Epoch 000] Global Step 000178 =>> LR :: 0.000020 - Loss :: 0.0171:  29%|██▊       | 1426/5000 [45:59<1:47:38,  1.81s/it]=>> [Epoch 000] Global Step 000178 =>> LR :: 0.000020 - Loss :: 0.0171:  29%|██▊       | 1427/5000 [46:01<1:46:55,  1.80s/it]=>> [Epoch 000] Global Step 000178 =>> LR :: 0.000020 - Loss :: 0.0171:  29%|██▊       | 1427/5000 [46:01<1:46:55,  1.80s/it]=>> [Epoch 000] Global Step 000178 =>> LR :: 0.000020 - Loss :: 0.0171:  29%|██▊       | 1428/5000 [46:02<1:46:20,  1.79s/it]=>> [Epoch 000] Global Step 000178 =>> LR :: 0.000020 - Loss :: 0.0171:  29%|██▊       | 1428/5000 [46:02<1:46:20,  1.79s/it]=>> [Epoch 000] Global Step 000178 =>> LR :: 0.000020 - Loss :: 0.0171:  29%|██▊       | 1429/5000 [46:04<1:48:48,  1.83s/it]=>> [Epoch 000] Global Step 000178 =>> LR :: 0.000020 - Loss :: 0.0171:  29%|██▊       | 1429/5000 [46:04<1:48:48,  1.83s/it]=>> [Epoch 000] Global Step 000178 =>> LR :: 0.000020 - Loss :: 0.0171:  29%|██▊       | 1430/5000 [46:06<1:50:49,  1.86s/it]=>> [Epoch 000] Global Step 000178 =>> LR :: 0.000020 - Loss :: 0.0171:  29%|██▊       | 1430/5000 [46:06<1:50:49,  1.86s/it]=>> [Epoch 000] Global Step 000178 =>> LR :: 0.000020 - Loss :: 0.0171:  29%|██▊       | 1431/5000 [46:08<1:49:13,  1.84s/it]=>> [Epoch 000] Global Step 000178 =>> LR :: 0.000020 - Loss :: 0.0171:  29%|██▊       | 1431/5000 [46:08<1:49:13,  1.84s/it]=>> [Epoch 000] Global Step 000178 =>> LR :: 0.000020 - Loss :: 0.0171:  29%|██▊       | 1432/5000 [46:10<1:50:33,  1.86s/it]=>> [Epoch 000] Global Step 000179 =>> LR :: 0.000020 - Loss :: 0.0213:  29%|██▊       | 1432/5000 [46:10<1:50:33,  1.86s/it]=>> [Epoch 000] Global Step 000179 =>> LR :: 0.000020 - Loss :: 0.0213:  29%|██▊       | 1433/5000 [46:12<1:47:59,  1.82s/it]=>> [Epoch 000] Global Step 000179 =>> LR :: 0.000020 - Loss :: 0.0213:  29%|██▊       | 1433/5000 [46:12<1:47:59,  1.82s/it]=>> [Epoch 000] Global Step 000179 =>> LR :: 0.000020 - Loss :: 0.0213:  29%|██▊       | 1434/5000 [46:13<1:46:58,  1.80s/it]=>> [Epoch 000] Global Step 000179 =>> LR :: 0.000020 - Loss :: 0.0213:  29%|██▊       | 1434/5000 [46:13<1:46:58,  1.80s/it]=>> [Epoch 000] Global Step 000179 =>> LR :: 0.000020 - Loss :: 0.0213:  29%|██▊       | 1435/5000 [46:15<1:46:19,  1.79s/it]=>> [Epoch 000] Global Step 000179 =>> LR :: 0.000020 - Loss :: 0.0213:  29%|██▊       | 1435/5000 [46:15<1:46:19,  1.79s/it]=>> [Epoch 000] Global Step 000179 =>> LR :: 0.000020 - Loss :: 0.0213:  29%|██▊       | 1436/5000 [46:17<1:46:05,  1.79s/it]=>> [Epoch 000] Global Step 000179 =>> LR :: 0.000020 - Loss :: 0.0213:  29%|██▊       | 1436/5000 [46:17<1:46:05,  1.79s/it]=>> [Epoch 000] Global Step 000179 =>> LR :: 0.000020 - Loss :: 0.0213:  29%|██▊       | 1437/5000 [46:19<1:45:56,  1.78s/it]=>> [Epoch 000] Global Step 000179 =>> LR :: 0.000020 - Loss :: 0.0213:  29%|██▊       | 1437/5000 [46:19<1:45:56,  1.78s/it]=>> [Epoch 000] Global Step 000179 =>> LR :: 0.000020 - Loss :: 0.0213:  29%|██▉       | 1438/5000 [46:21<1:49:23,  1.84s/it]=>> [Epoch 000] Global Step 000179 =>> LR :: 0.000020 - Loss :: 0.0213:  29%|██▉       | 1438/5000 [46:21<1:49:23,  1.84s/it]=>> [Epoch 000] Global Step 000179 =>> LR :: 0.000020 - Loss :: 0.0213:  29%|██▉       | 1439/5000 [46:22<1:48:01,  1.82s/it]=>> [Epoch 000] Global Step 000179 =>> LR :: 0.000020 - Loss :: 0.0213:  29%|██▉       | 1439/5000 [46:22<1:48:01,  1.82s/it]=>> [Epoch 000] Global Step 000179 =>> LR :: 0.000020 - Loss :: 0.0213:  29%|██▉       | 1440/5000 [46:24<1:49:40,  1.85s/it]=>> [Epoch 000] Global Step 000180 =>> LR :: 0.000020 - Loss :: 0.0133:  29%|██▉       | 1440/5000 [46:24<1:49:40,  1.85s/it]=>> [Epoch 000] Global Step 000180 =>> LR :: 0.000020 - Loss :: 0.0133:  29%|██▉       | 1441/5000 [46:26<1:50:48,  1.87s/it]=>> [Epoch 000] Global Step 000180 =>> LR :: 0.000020 - Loss :: 0.0133:  29%|██▉       | 1441/5000 [46:26<1:50:48,  1.87s/it]=>> [Epoch 000] Global Step 000180 =>> LR :: 0.000020 - Loss :: 0.0133:  29%|██▉       | 1442/5000 [46:28<1:48:54,  1.84s/it]=>> [Epoch 000] Global Step 000180 =>> LR :: 0.000020 - Loss :: 0.0133:  29%|██▉       | 1442/5000 [46:28<1:48:54,  1.84s/it]=>> [Epoch 000] Global Step 000180 =>> LR :: 0.000020 - Loss :: 0.0133:  29%|██▉       | 1443/5000 [46:30<1:47:52,  1.82s/it]=>> [Epoch 000] Global Step 000180 =>> LR :: 0.000020 - Loss :: 0.0133:  29%|██▉       | 1443/5000 [46:30<1:47:52,  1.82s/it]=>> [Epoch 000] Global Step 000180 =>> LR :: 0.000020 - Loss :: 0.0133:  29%|██▉       | 1444/5000 [46:32<1:46:56,  1.80s/it]=>> [Epoch 000] Global Step 000180 =>> LR :: 0.000020 - Loss :: 0.0133:  29%|██▉       | 1444/5000 [46:32<1:46:56,  1.80s/it]=>> [Epoch 000] Global Step 000180 =>> LR :: 0.000020 - Loss :: 0.0133:  29%|██▉       | 1445/5000 [46:33<1:46:08,  1.79s/it]=>> [Epoch 000] Global Step 000180 =>> LR :: 0.000020 - Loss :: 0.0133:  29%|██▉       | 1445/5000 [46:33<1:46:08,  1.79s/it]=>> [Epoch 000] Global Step 000180 =>> LR :: 0.000020 - Loss :: 0.0133:  29%|██▉       | 1446/5000 [46:35<1:45:50,  1.79s/it]=>> [Epoch 000] Global Step 000180 =>> LR :: 0.000020 - Loss :: 0.0133:  29%|██▉       | 1446/5000 [46:35<1:45:50,  1.79s/it]=>> [Epoch 000] Global Step 000180 =>> LR :: 0.000020 - Loss :: 0.0133:  29%|██▉       | 1447/5000 [46:37<1:49:05,  1.84s/it]=>> [Epoch 000] Global Step 000180 =>> LR :: 0.000020 - Loss :: 0.0133:  29%|██▉       | 1447/5000 [46:37<1:49:05,  1.84s/it]=>> [Epoch 000] Global Step 000180 =>> LR :: 0.000020 - Loss :: 0.0133:  29%|██▉       | 1448/5000 [46:39<1:53:36,  1.92s/it]=>> [Epoch 000] Global Step 000181 =>> LR :: 0.000020 - Loss :: 0.0286:  29%|██▉       | 1448/5000 [46:39<1:53:36,  1.92s/it]=>> [Epoch 000] Global Step 000181 =>> LR :: 0.000020 - Loss :: 0.0286:  29%|██▉       | 1449/5000 [46:41<1:50:05,  1.86s/it]=>> [Epoch 000] Global Step 000181 =>> LR :: 0.000020 - Loss :: 0.0286:  29%|██▉       | 1449/5000 [46:41<1:50:05,  1.86s/it]=>> [Epoch 000] Global Step 000181 =>> LR :: 0.000020 - Loss :: 0.0286:  29%|██▉       | 1450/5000 [46:43<1:48:34,  1.84s/it]=>> [Epoch 000] Global Step 000181 =>> LR :: 0.000020 - Loss :: 0.0286:  29%|██▉       | 1450/5000 [46:43<1:48:34,  1.84s/it]=>> [Epoch 000] Global Step 000181 =>> LR :: 0.000020 - Loss :: 0.0286:  29%|██▉       | 1451/5000 [46:45<1:47:29,  1.82s/it]=>> [Epoch 000] Global Step 000181 =>> LR :: 0.000020 - Loss :: 0.0286:  29%|██▉       | 1451/5000 [46:45<1:47:29,  1.82s/it]=>> [Epoch 000] Global Step 000181 =>> LR :: 0.000020 - Loss :: 0.0286:  29%|██▉       | 1452/5000 [46:46<1:46:34,  1.80s/it]=>> [Epoch 000] Global Step 000181 =>> LR :: 0.000020 - Loss :: 0.0286:  29%|██▉       | 1452/5000 [46:46<1:46:34,  1.80s/it]=>> [Epoch 000] Global Step 000181 =>> LR :: 0.000020 - Loss :: 0.0286:  29%|██▉       | 1453/5000 [46:48<1:46:09,  1.80s/it]=>> [Epoch 000] Global Step 000181 =>> LR :: 0.000020 - Loss :: 0.0286:  29%|██▉       | 1453/5000 [46:48<1:46:09,  1.80s/it]=>> [Epoch 000] Global Step 000181 =>> LR :: 0.000020 - Loss :: 0.0286:  29%|██▉       | 1454/5000 [46:50<1:46:04,  1.79s/it]=>> [Epoch 000] Global Step 000181 =>> LR :: 0.000020 - Loss :: 0.0286:  29%|██▉       | 1454/5000 [46:50<1:46:04,  1.79s/it]=>> [Epoch 000] Global Step 000181 =>> LR :: 0.000020 - Loss :: 0.0286:  29%|██▉       | 1455/5000 [46:52<1:45:28,  1.79s/it]=>> [Epoch 000] Global Step 000181 =>> LR :: 0.000020 - Loss :: 0.0286:  29%|██▉       | 1455/5000 [46:52<1:45:28,  1.79s/it]=>> [Epoch 000] Global Step 000181 =>> LR :: 0.000020 - Loss :: 0.0286:  29%|██▉       | 1456/5000 [46:54<1:51:28,  1.89s/it]=>> [Epoch 000] Global Step 000182 =>> LR :: 0.000020 - Loss :: 0.0185:  29%|██▉       | 1456/5000 [46:54<1:51:28,  1.89s/it]=>> [Epoch 000] Global Step 000182 =>> LR :: 0.000020 - Loss :: 0.0185:  29%|██▉       | 1457/5000 [46:55<1:48:20,  1.83s/it]=>> [Epoch 000] Global Step 000182 =>> LR :: 0.000020 - Loss :: 0.0185:  29%|██▉       | 1457/5000 [46:55<1:48:20,  1.83s/it]=>> [Epoch 000] Global Step 000182 =>> LR :: 0.000020 - Loss :: 0.0185:  29%|██▉       | 1458/5000 [46:57<1:49:57,  1.86s/it]=>> [Epoch 000] Global Step 000182 =>> LR :: 0.000020 - Loss :: 0.0185:  29%|██▉       | 1458/5000 [46:57<1:49:57,  1.86s/it]=>> [Epoch 000] Global Step 000182 =>> LR :: 0.000020 - Loss :: 0.0185:  29%|██▉       | 1459/5000 [46:59<1:48:12,  1.83s/it]=>> [Epoch 000] Global Step 000182 =>> LR :: 0.000020 - Loss :: 0.0185:  29%|██▉       | 1459/5000 [46:59<1:48:12,  1.83s/it]=>> [Epoch 000] Global Step 000182 =>> LR :: 0.000020 - Loss :: 0.0185:  29%|██▉       | 1460/5000 [47:01<1:47:11,  1.82s/it]=>> [Epoch 000] Global Step 000182 =>> LR :: 0.000020 - Loss :: 0.0185:  29%|██▉       | 1460/5000 [47:01<1:47:11,  1.82s/it]=>> [Epoch 000] Global Step 000182 =>> LR :: 0.000020 - Loss :: 0.0185:  29%|██▉       | 1461/5000 [47:03<1:46:11,  1.80s/it]=>> [Epoch 000] Global Step 000182 =>> LR :: 0.000020 - Loss :: 0.0185:  29%|██▉       | 1461/5000 [47:03<1:46:11,  1.80s/it]=>> [Epoch 000] Global Step 000182 =>> LR :: 0.000020 - Loss :: 0.0185:  29%|██▉       | 1462/5000 [47:04<1:45:44,  1.79s/it]=>> [Epoch 000] Global Step 000182 =>> LR :: 0.000020 - Loss :: 0.0185:  29%|██▉       | 1462/5000 [47:04<1:45:44,  1.79s/it]=>> [Epoch 000] Global Step 000182 =>> LR :: 0.000020 - Loss :: 0.0185:  29%|██▉       | 1463/5000 [47:06<1:45:13,  1.78s/it]=>> [Epoch 000] Global Step 000182 =>> LR :: 0.000020 - Loss :: 0.0185:  29%|██▉       | 1463/5000 [47:06<1:45:13,  1.78s/it]=>> [Epoch 000] Global Step 000182 =>> LR :: 0.000020 - Loss :: 0.0185:  29%|██▉       | 1464/5000 [47:08<1:47:25,  1.82s/it]=>> [Epoch 000] Global Step 000183 =>> LR :: 0.000020 - Loss :: 0.0443:  29%|██▉       | 1464/5000 [47:08<1:47:25,  1.82s/it]=>> [Epoch 000] Global Step 000183 =>> LR :: 0.000020 - Loss :: 0.0443:  29%|██▉       | 1465/5000 [47:10<1:52:46,  1.91s/it]=>> [Epoch 000] Global Step 000183 =>> LR :: 0.000020 - Loss :: 0.0443:  29%|██▉       | 1465/5000 [47:10<1:52:46,  1.91s/it]=>> [Epoch 000] Global Step 000183 =>> LR :: 0.000020 - Loss :: 0.0443:  29%|██▉       | 1466/5000 [47:12<1:50:02,  1.87s/it]=>> [Epoch 000] Global Step 000183 =>> LR :: 0.000020 - Loss :: 0.0443:  29%|██▉       | 1466/5000 [47:12<1:50:02,  1.87s/it]=>> [Epoch 000] Global Step 000183 =>> LR :: 0.000020 - Loss :: 0.0443:  29%|██▉       | 1467/5000 [47:14<1:48:08,  1.84s/it]=>> [Epoch 000] Global Step 000183 =>> LR :: 0.000020 - Loss :: 0.0443:  29%|██▉       | 1467/5000 [47:14<1:48:08,  1.84s/it]=>> [Epoch 000] Global Step 000183 =>> LR :: 0.000020 - Loss :: 0.0443:  29%|██▉       | 1468/5000 [47:16<1:46:48,  1.81s/it]=>> [Epoch 000] Global Step 000183 =>> LR :: 0.000020 - Loss :: 0.0443:  29%|██▉       | 1468/5000 [47:16<1:46:48,  1.81s/it]=>> [Epoch 000] Global Step 000183 =>> LR :: 0.000020 - Loss :: 0.0443:  29%|██▉       | 1469/5000 [47:17<1:46:01,  1.80s/it]=>> [Epoch 000] Global Step 000183 =>> LR :: 0.000020 - Loss :: 0.0443:  29%|██▉       | 1469/5000 [47:17<1:46:01,  1.80s/it]=>> [Epoch 000] Global Step 000183 =>> LR :: 0.000020 - Loss :: 0.0443:  29%|██▉       | 1470/5000 [47:19<1:45:25,  1.79s/it]=>> [Epoch 000] Global Step 000183 =>> LR :: 0.000020 - Loss :: 0.0443:  29%|██▉       | 1470/5000 [47:19<1:45:25,  1.79s/it]